occ_year,dow,hour,how_cleared,n
2014,Fri,,Charged,517
2014,Fri,,Data Quality,2
2014,Fri,,Final,196
2014,Fri,,Warning (T-Stop),496
2014,Fri,0,Charged,49
2014,Fri,0,Data Quality,5
2014,Fri,0,Final,85
2014,Fri,0,Warning (T-Stop),128
2014,Fri,100,Charged,33
2014,Fri,100,Data Quality,3
2014,Fri,100,Final,67
2014,Fri,100,Warning (T-Stop),81
2014,Fri,200,Charged,41
2014,Fri,200,Data Quality,3
2014,Fri,200,Final,61
2014,Fri,200,Warning (T-Stop),38
2014,Fri,300,Charged,13
2014,Fri,300,Data Quality,4
2014,Fri,300,Final,31
2014,Fri,300,Warning (T-Stop),30
2014,Fri,400,Charged,15
2014,Fri,400,Final,24
2014,Fri,400,Warning (T-Stop),16
2014,Fri,500,Charged,19
2014,Fri,500,Final,13
2014,Fri,500,Warning (T-Stop),24
2014,Fri,600,Charged,23
2014,Fri,600,Data Quality,1
2014,Fri,600,Final,13
2014,Fri,600,Warning (T-Stop),29
2014,Fri,700,Charged,100
2014,Fri,700,Final,28
2014,Fri,700,Warning (T-Stop),112
2014,Fri,800,Charged,216
2014,Fri,800,Data Quality,2
2014,Fri,800,Final,59
2014,Fri,800,Warning (T-Stop),207
2014,Fri,900,Charged,158
2014,Fri,900,Data Quality,3
2014,Fri,900,Final,52
2014,Fri,900,Warning (T-Stop),138
2014,Fri,1000,Charged,159
2014,Fri,1000,Data Quality,4
2014,Fri,1000,Final,38
2014,Fri,1000,Warning (T-Stop),124
2014,Fri,1100,Charged,166
2014,Fri,1100,Data Quality,2
2014,Fri,1100,Final,56
2014,Fri,1100,Warning (T-Stop),117
2014,Fri,1200,Charged,223
2014,Fri,1200,Data Quality,5
2014,Fri,1200,Final,84
2014,Fri,1200,Warning (T-Stop),153
2014,Fri,1300,Charged,252
2014,Fri,1300,Data Quality,2
2014,Fri,1300,Final,79
2014,Fri,1300,Warning (T-Stop),130
2014,Fri,1400,Charged,183
2014,Fri,1400,Data Quality,2
2014,Fri,1400,Final,86
2014,Fri,1400,Warning (T-Stop),153
2014,Fri,1500,Charged,207
2014,Fri,1500,Final,62
2014,Fri,1500,Warning (T-Stop),129
2014,Fri,1600,Charged,123
2014,Fri,1600,Final,49
2014,Fri,1600,Warning (T-Stop),100
2014,Fri,1700,Charged,96
2014,Fri,1700,Final,43
2014,Fri,1700,Warning (T-Stop),64
2014,Fri,1800,Charged,86
2014,Fri,1800,Final,40
2014,Fri,1800,Warning (T-Stop),78
2014,Fri,1900,Charged,69
2014,Fri,1900,Data Quality,3
2014,Fri,1900,Final,48
2014,Fri,1900,Warning (T-Stop),82
2014,Fri,2000,Charged,45
2014,Fri,2000,Data Quality,1
2014,Fri,2000,Final,37
2014,Fri,2000,Warning (T-Stop),70
2014,Fri,2100,Charged,66
2014,Fri,2100,Data Quality,1
2014,Fri,2100,Final,93
2014,Fri,2100,Warning (T-Stop),156
2014,Fri,2200,Charged,93
2014,Fri,2200,Data Quality,4
2014,Fri,2200,Final,108
2014,Fri,2200,Warning (T-Stop),213
2014,Fri,2300,Charged,88
2014,Fri,2300,Data Quality,7
2014,Fri,2300,Final,133
2014,Fri,2300,Warning (T-Stop),166
2014,Mon,,Charged,411
2014,Mon,,Data Quality,8
2014,Mon,,Final,192
2014,Mon,,Warning (T-Stop),400
2014,Mon,0,Charged,43
2014,Mon,0,Data Quality,1
2014,Mon,0,Final,70
2014,Mon,0,Warning (T-Stop),105
2014,Mon,100,Charged,35
2014,Mon,100,Data Quality,5
2014,Mon,100,Final,78
2014,Mon,100,Warning (T-Stop),88
2014,Mon,200,Charged,25
2014,Mon,200,Data Quality,2
2014,Mon,200,Final,53
2014,Mon,200,Warning (T-Stop),44
2014,Mon,300,Charged,11
2014,Mon,300,Data Quality,1
2014,Mon,300,Final,43
2014,Mon,300,Warning (T-Stop),25
2014,Mon,400,Charged,7
2014,Mon,400,Data Quality,1
2014,Mon,400,Final,23
2014,Mon,400,Warning (T-Stop),17
2014,Mon,500,Charged,12
2014,Mon,500,Data Quality,1
2014,Mon,500,Final,12
2014,Mon,500,Warning (T-Stop),25
2014,Mon,600,Charged,19
2014,Mon,600,Final,15
2014,Mon,600,Warning (T-Stop),16
2014,Mon,700,Charged,95
2014,Mon,700,Final,40
2014,Mon,700,Warning (T-Stop),87
2014,Mon,800,Charged,185
2014,Mon,800,Final,51
2014,Mon,800,Warning (T-Stop),159
2014,Mon,900,Charged,152
2014,Mon,900,Final,41
2014,Mon,900,Warning (T-Stop),154
2014,Mon,1000,Charged,187
2014,Mon,1000,Final,42
2014,Mon,1000,Warning (T-Stop),120
2014,Mon,1100,Charged,203
2014,Mon,1100,Data Quality,1
2014,Mon,1100,Final,59
2014,Mon,1100,Warning (T-Stop),121
2014,Mon,1200,Charged,206
2014,Mon,1200,Data Quality,1
2014,Mon,1200,Final,71
2014,Mon,1200,Warning (T-Stop),141
2014,Mon,1300,Charged,244
2014,Mon,1300,Data Quality,1
2014,Mon,1300,Final,58
2014,Mon,1300,Warning (T-Stop),149
2014,Mon,1400,Charged,167
2014,Mon,1400,Data Quality,2
2014,Mon,1400,Final,65
2014,Mon,1400,Warning (T-Stop),142
2014,Mon,1500,Charged,161
2014,Mon,1500,Data Quality,2
2014,Mon,1500,Final,66
2014,Mon,1500,Warning (T-Stop),145
2014,Mon,1600,Charged,124
2014,Mon,1600,Data Quality,3
2014,Mon,1600,Final,34
2014,Mon,1600,Warning (T-Stop),122
2014,Mon,1700,Charged,107
2014,Mon,1700,Data Quality,1
2014,Mon,1700,Final,42
2014,Mon,1700,Warning (T-Stop),95
2014,Mon,1800,Charged,66
2014,Mon,1800,Data Quality,1
2014,Mon,1800,Final,31
2014,Mon,1800,Warning (T-Stop),72
2014,Mon,1900,Charged,45
2014,Mon,1900,Final,34
2014,Mon,1900,Warning (T-Stop),83
2014,Mon,2000,Charged,45
2014,Mon,2000,Data Quality,1
2014,Mon,2000,Final,31
2014,Mon,2000,Warning (T-Stop),78
2014,Mon,2100,Charged,58
2014,Mon,2100,Data Quality,2
2014,Mon,2100,Final,50
2014,Mon,2100,Warning (T-Stop),154
2014,Mon,2200,Charged,82
2014,Mon,2200,Data Quality,3
2014,Mon,2200,Final,105
2014,Mon,2200,Warning (T-Stop),189
2014,Mon,2300,Charged,83
2014,Mon,2300,Data Quality,1
2014,Mon,2300,Final,103
2014,Mon,2300,Warning (T-Stop),164
2014,Sat,,Charged,383
2014,Sat,,Data Quality,6
2014,Sat,,Final,275
2014,Sat,,Warning (T-Stop),605
2014,Sat,0,Charged,72
2014,Sat,0,Data Quality,5
2014,Sat,0,Final,136
2014,Sat,0,Warning (T-Stop),139
2014,Sat,100,Charged,73
2014,Sat,100,Data Quality,6
2014,Sat,100,Final,97
2014,Sat,100,Warning (T-Stop),92
2014,Sat,200,Charged,38
2014,Sat,200,Data Quality,1
2014,Sat,200,Final,79
2014,Sat,200,Warning (T-Stop),74
2014,Sat,300,Charged,21
2014,Sat,300,Data Quality,3
2014,Sat,300,Final,44
2014,Sat,300,Warning (T-Stop),29
2014,Sat,400,Charged,10
2014,Sat,400,Data Quality,1
2014,Sat,400,Final,29
2014,Sat,400,Warning (T-Stop),25
2014,Sat,500,Charged,8
2014,Sat,500,Final,16
2014,Sat,500,Warning (T-Stop),10
2014,Sat,600,Charged,8
2014,Sat,600,Final,11
2014,Sat,600,Warning (T-Stop),11
2014,Sat,700,Charged,38
2014,Sat,700,Data Quality,1
2014,Sat,700,Final,15
2014,Sat,700,Warning (T-Stop),64
2014,Sat,800,Charged,89
2014,Sat,800,Data Quality,1
2014,Sat,800,Final,29
2014,Sat,800,Warning (T-Stop),126
2014,Sat,900,Charged,139
2014,Sat,900,Data Quality,1
2014,Sat,900,Final,47
2014,Sat,900,Warning (T-Stop),161
2014,Sat,1000,Charged,160
2014,Sat,1000,Data Quality,1
2014,Sat,1000,Final,48
2014,Sat,1000,Warning (T-Stop),139
2014,Sat,1100,Charged,177
2014,Sat,1100,Data Quality,2
2014,Sat,1100,Final,64
2014,Sat,1100,Warning (T-Stop),140
2014,Sat,1200,Charged,144
2014,Sat,1200,Data Quality,1
2014,Sat,1200,Final,64
2014,Sat,1200,Warning (T-Stop),167
2014,Sat,1300,Charged,143
2014,Sat,1300,Data Quality,2
2014,Sat,1300,Final,58
2014,Sat,1300,Warning (T-Stop),156
2014,Sat,1400,Charged,142
2014,Sat,1400,Data Quality,4
2014,Sat,1400,Final,50
2014,Sat,1400,Warning (T-Stop),132
2014,Sat,1500,Charged,108
2014,Sat,1500,Data Quality,2
2014,Sat,1500,Final,50
2014,Sat,1500,Warning (T-Stop),144
2014,Sat,1600,Charged,55
2014,Sat,1600,Data Quality,5
2014,Sat,1600,Final,37
2014,Sat,1600,Warning (T-Stop),88
2014,Sat,1700,Charged,67
2014,Sat,1700,Data Quality,1
2014,Sat,1700,Final,53
2014,Sat,1700,Warning (T-Stop),85
2014,Sat,1800,Charged,61
2014,Sat,1800,Data Quality,2
2014,Sat,1800,Final,49
2014,Sat,1800,Warning (T-Stop),89
2014,Sat,1900,Charged,50
2014,Sat,1900,Final,53
2014,Sat,1900,Warning (T-Stop),83
2014,Sat,2000,Charged,41
2014,Sat,2000,Data Quality,1
2014,Sat,2000,Final,34
2014,Sat,2000,Warning (T-Stop),79
2014,Sat,2100,Charged,94
2014,Sat,2100,Data Quality,3
2014,Sat,2100,Final,90
2014,Sat,2100,Warning (T-Stop),193
2014,Sat,2200,Charged,99
2014,Sat,2200,Data Quality,5
2014,Sat,2200,Final,139
2014,Sat,2200,Warning (T-Stop),226
2014,Sat,2300,Charged,74
2014,Sat,2300,Data Quality,2
2014,Sat,2300,Final,107
2014,Sat,2300,Warning (T-Stop),178
2014,Sun,,Charged,230
2014,Sun,,Data Quality,9
2014,Sun,,Final,188
2014,Sun,,Warning (T-Stop),360
2014,Sun,0,Charged,51
2014,Sun,0,Data Quality,5
2014,Sun,0,Final,102
2014,Sun,0,Warning (T-Stop),116
2014,Sun,100,Charged,45
2014,Sun,100,Data Quality,8
2014,Sun,100,Final,86
2014,Sun,100,Warning (T-Stop),113
2014,Sun,200,Charged,34
2014,Sun,200,Data Quality,7
2014,Sun,200,Final,85
2014,Sun,200,Warning (T-Stop),54
2014,Sun,300,Charged,28
2014,Sun,300,Data Quality,1
2014,Sun,300,Final,48
2014,Sun,300,Warning (T-Stop),34
2014,Sun,400,Charged,15
2014,Sun,400,Data Quality,2
2014,Sun,400,Final,23
2014,Sun,400,Warning (T-Stop),7
2014,Sun,500,Charged,7
2014,Sun,500,Final,11
2014,Sun,500,Warning (T-Stop),12
2014,Sun,600,Charged,10
2014,Sun,600,Final,10
2014,Sun,600,Warning (T-Stop),19
2014,Sun,700,Charged,27
2014,Sun,700,Final,14
2014,Sun,700,Warning (T-Stop),34
2014,Sun,800,Charged,57
2014,Sun,800,Final,17
2014,Sun,800,Warning (T-Stop),71
2014,Sun,900,Charged,99
2014,Sun,900,Final,42
2014,Sun,900,Warning (T-Stop),131
2014,Sun,1000,Charged,141
2014,Sun,1000,Final,54
2014,Sun,1000,Warning (T-Stop),166
2014,Sun,1100,Charged,148
2014,Sun,1100,Data Quality,1
2014,Sun,1100,Final,55
2014,Sun,1100,Warning (T-Stop),158
2014,Sun,1200,Charged,166
2014,Sun,1200,Data Quality,2
2014,Sun,1200,Final,75
2014,Sun,1200,Warning (T-Stop),156
2014,Sun,1300,Charged,142
2014,Sun,1300,Data Quality,1
2014,Sun,1300,Final,73
2014,Sun,1300,Warning (T-Stop),172
2014,Sun,1400,Charged,116
2014,Sun,1400,Data Quality,1
2014,Sun,1400,Final,59
2014,Sun,1400,Warning (T-Stop),142
2014,Sun,1500,Charged,94
2014,Sun,1500,Final,45
2014,Sun,1500,Warning (T-Stop),107
2014,Sun,1600,Charged,51
2014,Sun,1600,Data Quality,1
2014,Sun,1600,Final,42
2014,Sun,1600,Warning (T-Stop),50
2014,Sun,1700,Charged,55
2014,Sun,1700,Data Quality,3
2014,Sun,1700,Final,39
2014,Sun,1700,Warning (T-Stop),81
2014,Sun,1800,Charged,47
2014,Sun,1800,Final,39
2014,Sun,1800,Warning (T-Stop),79
2014,Sun,1900,Charged,43
2014,Sun,1900,Final,30
2014,Sun,1900,Warning (T-Stop),73
2014,Sun,2000,Charged,30
2014,Sun,2000,Data Quality,2
2014,Sun,2000,Final,36
2014,Sun,2000,Warning (T-Stop),64
2014,Sun,2100,Charged,58
2014,Sun,2100,Data Quality,2
2014,Sun,2100,Final,62
2014,Sun,2100,Warning (T-Stop),181
2014,Sun,2200,Charged,72
2014,Sun,2200,Data Quality,4
2014,Sun,2200,Final,88
2014,Sun,2200,Warning (T-Stop),178
2014,Sun,2300,Charged,67
2014,Sun,2300,Data Quality,1
2014,Sun,2300,Final,104
2014,Sun,2300,Warning (T-Stop),149
2014,Thu,,Charged,776
2014,Thu,,Data Quality,8
2014,Thu,,Final,216
2014,Thu,,Warning (T-Stop),539
2014,Thu,0,Charged,53
2014,Thu,0,Data Quality,6
2014,Thu,0,Final,83
2014,Thu,0,Warning (T-Stop),113
2014,Thu,100,Charged,32
2014,Thu,100,Data Quality,6
2014,Thu,100,Final,74
2014,Thu,100,Warning (T-Stop),86
2014,Thu,200,Charged,21
2014,Thu,200,Data Quality,7
2014,Thu,200,Final,52
2014,Thu,200,Warning (T-Stop),46
2014,Thu,300,Charged,11
2014,Thu,300,Data Quality,1
2014,Thu,300,Final,25
2014,Thu,300,Warning (T-Stop),29
2014,Thu,400,Charged,14
2014,Thu,400,Final,20
2014,Thu,400,Warning (T-Stop),22
2014,Thu,500,Charged,13
2014,Thu,500,Final,12
2014,Thu,500,Warning (T-Stop),17
2014,Thu,600,Charged,21
2014,Thu,600,Final,11
2014,Thu,600,Warning (T-Stop),25
2014,Thu,700,Charged,128
2014,Thu,700,Data Quality,1
2014,Thu,700,Final,26
2014,Thu,700,Warning (T-Stop),99
2014,Thu,800,Charged,255
2014,Thu,800,Data Quality,2
2014,Thu,800,Final,59
2014,Thu,800,Warning (T-Stop),188
2014,Thu,900,Charged,156
2014,Thu,900,Final,50
2014,Thu,900,Warning (T-Stop),128
2014,Thu,1000,Charged,202
2014,Thu,1000,Data Quality,1
2014,Thu,1000,Final,54
2014,Thu,1000,Warning (T-Stop),102
2014,Thu,1100,Charged,172
2014,Thu,1100,Final,46
2014,Thu,1100,Warning (T-Stop),95
2014,Thu,1200,Charged,201
2014,Thu,1200,Final,65
2014,Thu,1200,Warning (T-Stop),113
2014,Thu,1300,Charged,233
2014,Thu,1300,Final,63
2014,Thu,1300,Warning (T-Stop),114
2014,Thu,1400,Charged,175
2014,Thu,1400,Data Quality,1
2014,Thu,1400,Final,74
2014,Thu,1400,Warning (T-Stop),132
2014,Thu,1500,Charged,185
2014,Thu,1500,Data Quality,1
2014,Thu,1500,Final,59
2014,Thu,1500,Warning (T-Stop),134
2014,Thu,1600,Charged,186
2014,Thu,1600,Data Quality,2
2014,Thu,1600,Final,55
2014,Thu,1600,Warning (T-Stop),92
2014,Thu,1700,Charged,100
2014,Thu,1700,Final,38
2014,Thu,1700,Warning (T-Stop),91
2014,Thu,1800,Charged,75
2014,Thu,1800,Data Quality,1
2014,Thu,1800,Final,37
2014,Thu,1800,Warning (T-Stop),64
2014,Thu,1900,Charged,45
2014,Thu,1900,Data Quality,1
2014,Thu,1900,Final,39
2014,Thu,1900,Warning (T-Stop),64
2014,Thu,2000,Charged,31
2014,Thu,2000,Data Quality,3
2014,Thu,2000,Final,30
2014,Thu,2000,Warning (T-Stop),56
2014,Thu,2100,Charged,51
2014,Thu,2100,Data Quality,2
2014,Thu,2100,Final,54
2014,Thu,2100,Warning (T-Stop),140
2014,Thu,2200,Charged,70
2014,Thu,2200,Data Quality,3
2014,Thu,2200,Final,75
2014,Thu,2200,Warning (T-Stop),154
2014,Thu,2300,Charged,69
2014,Thu,2300,Data Quality,4
2014,Thu,2300,Final,98
2014,Thu,2300,Warning (T-Stop),166
2014,Tue,,Charged,549
2014,Tue,,Data Quality,9
2014,Tue,,Final,210
2014,Tue,,Warning (T-Stop),437
2014,Tue,0,Charged,64
2014,Tue,0,Data Quality,6
2014,Tue,0,Final,96
2014,Tue,0,Warning (T-Stop),112
2014,Tue,100,Charged,40
2014,Tue,100,Data Quality,3
2014,Tue,100,Final,78
2014,Tue,100,Warning (T-Stop),77
2014,Tue,200,Charged,30
2014,Tue,200,Final,36
2014,Tue,200,Warning (T-Stop),55
2014,Tue,300,Charged,12
2014,Tue,300,Final,25
2014,Tue,300,Warning (T-Stop),28
2014,Tue,400,Charged,11
2014,Tue,400,Data Quality,1
2014,Tue,400,Final,20
2014,Tue,400,Warning (T-Stop),17
2014,Tue,500,Charged,16
2014,Tue,500,Final,20
2014,Tue,500,Warning (T-Stop),24
2014,Tue,600,Charged,37
2014,Tue,600,Final,15
2014,Tue,600,Warning (T-Stop),29
2014,Tue,700,Charged,203
2014,Tue,700,Final,46
2014,Tue,700,Warning (T-Stop),121
2014,Tue,800,Charged,311
2014,Tue,800,Data Quality,1
2014,Tue,800,Final,60
2014,Tue,800,Warning (T-Stop),199
2014,Tue,900,Charged,205
2014,Tue,900,Final,62
2014,Tue,900,Warning (T-Stop),149
2014,Tue,1000,Charged,236
2014,Tue,1000,Data Quality,1
2014,Tue,1000,Final,56
2014,Tue,1000,Warning (T-Stop),121
2014,Tue,1100,Charged,243
2014,Tue,1100,Data Quality,3
2014,Tue,1100,Final,87
2014,Tue,1100,Warning (T-Stop),121
2014,Tue,1200,Charged,302
2014,Tue,1200,Final,91
2014,Tue,1200,Warning (T-Stop),155
2014,Tue,1300,Charged,318
2014,Tue,1300,Final,90
2014,Tue,1300,Warning (T-Stop),161
2014,Tue,1400,Charged,220
2014,Tue,1400,Data Quality,2
2014,Tue,1400,Final,77
2014,Tue,1400,Warning (T-Stop),136
2014,Tue,1500,Charged,212
2014,Tue,1500,Data Quality,1
2014,Tue,1500,Final,72
2014,Tue,1500,Warning (T-Stop),146
2014,Tue,1600,Charged,204
2014,Tue,1600,Final,75
2014,Tue,1600,Warning (T-Stop),111
2014,Tue,1700,Charged,114
2014,Tue,1700,Final,55
2014,Tue,1700,Warning (T-Stop),82
2014,Tue,1800,Charged,82
2014,Tue,1800,Final,25
2014,Tue,1800,Warning (T-Stop),95
2014,Tue,1900,Charged,38
2014,Tue,1900,Data Quality,1
2014,Tue,1900,Final,37
2014,Tue,1900,Warning (T-Stop),68
2014,Tue,2000,Charged,31
2014,Tue,2000,Data Quality,4
2014,Tue,2000,Final,24
2014,Tue,2000,Warning (T-Stop),58
2014,Tue,2100,Charged,47
2014,Tue,2100,Data Quality,2
2014,Tue,2100,Final,63
2014,Tue,2100,Warning (T-Stop),161
2014,Tue,2200,Charged,90
2014,Tue,2200,Data Quality,1
2014,Tue,2200,Final,72
2014,Tue,2200,Warning (T-Stop),186
2014,Tue,2300,Charged,83
2014,Tue,2300,Data Quality,2
2014,Tue,2300,Final,77
2014,Tue,2300,Warning (T-Stop),190
2014,Wed,,Charged,760
2014,Wed,,Data Quality,5
2014,Wed,,Final,212
2014,Wed,,Warning (T-Stop),582
2014,Wed,0,Charged,69
2014,Wed,0,Data Quality,6
2014,Wed,0,Final,77
2014,Wed,0,Warning (T-Stop),121
2014,Wed,100,Charged,42
2014,Wed,100,Data Quality,8
2014,Wed,100,Final,78
2014,Wed,100,Warning (T-Stop),85
2014,Wed,200,Charged,19
2014,Wed,200,Data Quality,3
2014,Wed,200,Final,41
2014,Wed,200,Warning (T-Stop),62
2014,Wed,300,Charged,9
2014,Wed,300,Data Quality,1
2014,Wed,300,Final,30
2014,Wed,300,Warning (T-Stop),25
2014,Wed,400,Charged,10
2014,Wed,400,Final,12
2014,Wed,400,Warning (T-Stop),19
2014,Wed,500,Charged,19
2014,Wed,500,Final,11
2014,Wed,500,Warning (T-Stop),22
2014,Wed,600,Charged,28
2014,Wed,600,Final,10
2014,Wed,600,Warning (T-Stop),35
2014,Wed,700,Charged,161
2014,Wed,700,Final,30
2014,Wed,700,Warning (T-Stop),107
2014,Wed,800,Charged,316
2014,Wed,800,Data Quality,3
2014,Wed,800,Final,65
2014,Wed,800,Warning (T-Stop),221
2014,Wed,900,Charged,278
2014,Wed,900,Data Quality,2
2014,Wed,900,Final,63
2014,Wed,900,Warning (T-Stop),160
2014,Wed,1000,Charged,292
2014,Wed,1000,Data Quality,1
2014,Wed,1000,Final,53
2014,Wed,1000,Warning (T-Stop),142
2014,Wed,1100,Charged,201
2014,Wed,1100,Final,60
2014,Wed,1100,Warning (T-Stop),131
2014,Wed,1200,Charged,289
2014,Wed,1200,Data Quality,1
2014,Wed,1200,Final,69
2014,Wed,1200,Warning (T-Stop),140
2014,Wed,1300,Charged,254
2014,Wed,1300,Data Quality,2
2014,Wed,1300,Final,89
2014,Wed,1300,Warning (T-Stop),147
2014,Wed,1400,Charged,170
2014,Wed,1400,Data Quality,1
2014,Wed,1400,Final,64
2014,Wed,1400,Warning (T-Stop),147
2014,Wed,1500,Charged,180
2014,Wed,1500,Final,67
2014,Wed,1500,Warning (T-Stop),135
2014,Wed,1600,Charged,132
2014,Wed,1600,Data Quality,2
2014,Wed,1600,Final,56
2014,Wed,1600,Warning (T-Stop),95
2014,Wed,1700,Charged,124
2014,Wed,1700,Data Quality,1
2014,Wed,1700,Final,46
2014,Wed,1700,Warning (T-Stop),68
2014,Wed,1800,Charged,92
2014,Wed,1800,Data Quality,1
2014,Wed,1800,Final,34
2014,Wed,1800,Warning (T-Stop),70
2014,Wed,1900,Charged,40
2014,Wed,1900,Data Quality,2
2014,Wed,1900,Final,39
2014,Wed,1900,Warning (T-Stop),78
2014,Wed,2000,Charged,30
2014,Wed,2000,Final,37
2014,Wed,2000,Warning (T-Stop),48
2014,Wed,2100,Charged,56
2014,Wed,2100,Data Quality,2
2014,Wed,2100,Final,58
2014,Wed,2100,Warning (T-Stop),136
2014,Wed,2200,Charged,76
2014,Wed,2200,Data Quality,3
2014,Wed,2200,Final,87
2014,Wed,2200,Warning (T-Stop),141
2014,Wed,2300,Charged,60
2014,Wed,2300,Data Quality,6
2014,Wed,2300,Final,106
2014,Wed,2300,Warning (T-Stop),117
2015,Fri,0,Charged,58
2015,Fri,0,Data Quality,2
2015,Fri,0,Final,107
2015,Fri,0,Warning (T-Stop),105
2015,Fri,100,Charged,48
2015,Fri,100,Data Quality,5
2015,Fri,100,Final,83
2015,Fri,100,Warning (T-Stop),61
2015,Fri,200,Charged,30
2015,Fri,200,Data Quality,3
2015,Fri,200,Final,73
2015,Fri,200,Warning (T-Stop),44
2015,Fri,300,Charged,14
2015,Fri,300,Data Quality,1
2015,Fri,300,Final,46
2015,Fri,300,Warning (T-Stop),33
2015,Fri,400,Charged,11
2015,Fri,400,Data Quality,4
2015,Fri,400,Final,18
2015,Fri,400,Warning (T-Stop),17
2015,Fri,500,Charged,12
2015,Fri,500,Data Quality,1
2015,Fri,500,Final,12
2015,Fri,500,Warning (T-Stop),16
2015,Fri,600,Charged,21
2015,Fri,600,Final,7
2015,Fri,600,Warning (T-Stop),23
2015,Fri,700,Charged,168
2015,Fri,700,Final,47
2015,Fri,700,Warning (T-Stop),90
2015,Fri,800,Charged,364
2015,Fri,800,Data Quality,2
2015,Fri,800,Final,74
2015,Fri,800,Warning (T-Stop),193
2015,Fri,900,Charged,228
2015,Fri,900,Final,66
2015,Fri,900,Warning (T-Stop),130
2015,Fri,1000,Charged,235
2015,Fri,1000,Data Quality,2
2015,Fri,1000,Final,65
2015,Fri,1000,Warning (T-Stop),141
2015,Fri,1100,Charged,200
2015,Fri,1100,Data Quality,1
2015,Fri,1100,Final,81
2015,Fri,1100,Warning (T-Stop),117
2015,Fri,1200,Charged,254
2015,Fri,1200,Data Quality,1
2015,Fri,1200,Final,109
2015,Fri,1200,Warning (T-Stop),142
2015,Fri,1300,Charged,280
2015,Fri,1300,Data Quality,1
2015,Fri,1300,Final,119
2015,Fri,1300,Warning (T-Stop),122
2015,Fri,1400,Charged,216
2015,Fri,1400,Data Quality,1
2015,Fri,1400,Final,108
2015,Fri,1400,Warning (T-Stop),163
2015,Fri,1500,Charged,197
2015,Fri,1500,Data Quality,4
2015,Fri,1500,Final,82
2015,Fri,1500,Warning (T-Stop),149
2015,Fri,1600,Charged,174
2015,Fri,1600,Data Quality,4
2015,Fri,1600,Final,67
2015,Fri,1600,Warning (T-Stop),90
2015,Fri,1700,Charged,139
2015,Fri,1700,Data Quality,1
2015,Fri,1700,Final,50
2015,Fri,1700,Warning (T-Stop),90
2015,Fri,1800,Charged,113
2015,Fri,1800,Data Quality,1
2015,Fri,1800,Final,60
2015,Fri,1800,Warning (T-Stop),88
2015,Fri,1900,Charged,81
2015,Fri,1900,Final,61
2015,Fri,1900,Warning (T-Stop),88
2015,Fri,2000,Charged,50
2015,Fri,2000,Data Quality,1
2015,Fri,2000,Final,63
2015,Fri,2000,Warning (T-Stop),67
2015,Fri,2100,Charged,75
2015,Fri,2100,Data Quality,4
2015,Fri,2100,Final,102
2015,Fri,2100,Warning (T-Stop),156
2015,Fri,2200,Charged,94
2015,Fri,2200,Data Quality,4
2015,Fri,2200,Final,140
2015,Fri,2200,Warning (T-Stop),197
2015,Fri,2300,Charged,85
2015,Fri,2300,Data Quality,3
2015,Fri,2300,Final,141
2015,Fri,2300,Warning (T-Stop),209
2015,Mon,0,Charged,58
2015,Mon,0,Data Quality,3
2015,Mon,0,Final,92
2015,Mon,0,Warning (T-Stop),86
2015,Mon,100,Charged,36
2015,Mon,100,Data Quality,4
2015,Mon,100,Final,86
2015,Mon,100,Warning (T-Stop),66
2015,Mon,200,Charged,24
2015,Mon,200,Data Quality,3
2015,Mon,200,Final,54
2015,Mon,200,Warning (T-Stop),37
2015,Mon,300,Charged,16
2015,Mon,300,Data Quality,2
2015,Mon,300,Final,44
2015,Mon,300,Warning (T-Stop),28
2015,Mon,400,Charged,10
2015,Mon,400,Data Quality,1
2015,Mon,400,Final,17
2015,Mon,400,Warning (T-Stop),20
2015,Mon,500,Charged,14
2015,Mon,500,Final,15
2015,Mon,500,Warning (T-Stop),16
2015,Mon,600,Charged,20
2015,Mon,600,Final,7
2015,Mon,600,Warning (T-Stop),23
2015,Mon,700,Charged,169
2015,Mon,700,Final,45
2015,Mon,700,Warning (T-Stop),75
2015,Mon,800,Charged,272
2015,Mon,800,Data Quality,1
2015,Mon,800,Final,71
2015,Mon,800,Warning (T-Stop),180
2015,Mon,900,Charged,171
2015,Mon,900,Final,68
2015,Mon,900,Warning (T-Stop),115
2015,Mon,1000,Charged,177
2015,Mon,1000,Final,72
2015,Mon,1000,Warning (T-Stop),126
2015,Mon,1100,Charged,235
2015,Mon,1100,Data Quality,2
2015,Mon,1100,Final,61
2015,Mon,1100,Warning (T-Stop),139
2015,Mon,1200,Charged,307
2015,Mon,1200,Data Quality,2
2015,Mon,1200,Final,83
2015,Mon,1200,Warning (T-Stop),161
2015,Mon,1300,Charged,281
2015,Mon,1300,Final,82
2015,Mon,1300,Warning (T-Stop),147
2015,Mon,1400,Charged,204
2015,Mon,1400,Data Quality,3
2015,Mon,1400,Final,86
2015,Mon,1400,Warning (T-Stop),156
2015,Mon,1500,Charged,202
2015,Mon,1500,Final,75
2015,Mon,1500,Warning (T-Stop),153
2015,Mon,1600,Charged,145
2015,Mon,1600,Final,40
2015,Mon,1600,Warning (T-Stop),79
2015,Mon,1700,Charged,135
2015,Mon,1700,Final,29
2015,Mon,1700,Warning (T-Stop),83
2015,Mon,1800,Charged,71
2015,Mon,1800,Final,42
2015,Mon,1800,Warning (T-Stop),90
2015,Mon,1900,Charged,52
2015,Mon,1900,Data Quality,3
2015,Mon,1900,Final,39
2015,Mon,1900,Warning (T-Stop),71
2015,Mon,2000,Charged,27
2015,Mon,2000,Data Quality,2
2015,Mon,2000,Final,41
2015,Mon,2000,Warning (T-Stop),68
2015,Mon,2100,Charged,66
2015,Mon,2100,Data Quality,4
2015,Mon,2100,Final,80
2015,Mon,2100,Warning (T-Stop),162
2015,Mon,2200,Charged,96
2015,Mon,2200,Data Quality,4
2015,Mon,2200,Final,97
2015,Mon,2200,Warning (T-Stop),185
2015,Mon,2300,Charged,71
2015,Mon,2300,Data Quality,5
2015,Mon,2300,Final,105
2015,Mon,2300,Warning (T-Stop),178
2015,Sat,0,Charged,72
2015,Sat,0,Data Quality,6
2015,Sat,0,Final,156
2015,Sat,0,Warning (T-Stop),138
2015,Sat,100,Charged,62
2015,Sat,100,Data Quality,5
2015,Sat,100,Final,121
2015,Sat,100,Warning (T-Stop),106
2015,Sat,200,Charged,42
2015,Sat,200,Data Quality,3
2015,Sat,200,Final,92
2015,Sat,200,Warning (T-Stop),70
2015,Sat,300,Charged,25
2015,Sat,300,Data Quality,3
2015,Sat,300,Final,60
2015,Sat,300,Warning (T-Stop),34
2015,Sat,400,Charged,9
2015,Sat,400,Data Quality,1
2015,Sat,400,Final,27
2015,Sat,400,Warning (T-Stop),14
2015,Sat,500,Charged,5
2015,Sat,500,Data Quality,3
2015,Sat,500,Final,14
2015,Sat,500,Warning (T-Stop),11
2015,Sat,600,Charged,11
2015,Sat,600,Final,13
2015,Sat,600,Warning (T-Stop),14
2015,Sat,700,Charged,53
2015,Sat,700,Data Quality,1
2015,Sat,700,Final,34
2015,Sat,700,Warning (T-Stop),57
2015,Sat,800,Charged,159
2015,Sat,800,Final,60
2015,Sat,800,Warning (T-Stop),132
2015,Sat,900,Charged,195
2015,Sat,900,Data Quality,1
2015,Sat,900,Final,56
2015,Sat,900,Warning (T-Stop),140
2015,Sat,1000,Charged,166
2015,Sat,1000,Final,81
2015,Sat,1000,Warning (T-Stop),168
2015,Sat,1100,Charged,202
2015,Sat,1100,Data Quality,1
2015,Sat,1100,Final,100
2015,Sat,1100,Warning (T-Stop),140
2015,Sat,1200,Charged,197
2015,Sat,1200,Data Quality,6
2015,Sat,1200,Final,88
2015,Sat,1200,Warning (T-Stop),159
2015,Sat,1300,Charged,189
2015,Sat,1300,Data Quality,2
2015,Sat,1300,Final,97
2015,Sat,1300,Warning (T-Stop),156
2015,Sat,1400,Charged,140
2015,Sat,1400,Data Quality,1
2015,Sat,1400,Final,69
2015,Sat,1400,Warning (T-Stop),126
2015,Sat,1500,Charged,103
2015,Sat,1500,Data Quality,3
2015,Sat,1500,Final,60
2015,Sat,1500,Warning (T-Stop),140
2015,Sat,1600,Charged,69
2015,Sat,1600,Data Quality,1
2015,Sat,1600,Final,47
2015,Sat,1600,Warning (T-Stop),82
2015,Sat,1700,Charged,60
2015,Sat,1700,Final,59
2015,Sat,1700,Warning (T-Stop),77
2015,Sat,1800,Charged,52
2015,Sat,1800,Final,54
2015,Sat,1800,Warning (T-Stop),94
2015,Sat,1900,Charged,62
2015,Sat,1900,Final,61
2015,Sat,1900,Warning (T-Stop),81
2015,Sat,2000,Charged,48
2015,Sat,2000,Data Quality,4
2015,Sat,2000,Final,52
2015,Sat,2000,Warning (T-Stop),74
2015,Sat,2100,Charged,79
2015,Sat,2100,Data Quality,2
2015,Sat,2100,Final,105
2015,Sat,2100,Warning (T-Stop),156
2015,Sat,2200,Charged,68
2015,Sat,2200,Data Quality,5
2015,Sat,2200,Final,114
2015,Sat,2200,Warning (T-Stop),205
2015,Sat,2300,Charged,72
2015,Sat,2300,Data Quality,4
2015,Sat,2300,Final,139
2015,Sat,2300,Warning (T-Stop),166
2015,Sun,0,Charged,60
2015,Sun,0,Data Quality,4
2015,Sun,0,Final,144
2015,Sun,0,Warning (T-Stop),138
2015,Sun,100,Charged,61
2015,Sun,100,Data Quality,4
2015,Sun,100,Final,91
2015,Sun,100,Warning (T-Stop),87
2015,Sun,200,Charged,43
2015,Sun,200,Data Quality,3
2015,Sun,200,Final,94
2015,Sun,200,Warning (T-Stop),60
2015,Sun,300,Charged,31
2015,Sun,300,Data Quality,1
2015,Sun,300,Final,38
2015,Sun,300,Warning (T-Stop),40
2015,Sun,400,Charged,11
2015,Sun,400,Data Quality,1
2015,Sun,400,Final,25
2015,Sun,400,Warning (T-Stop),10
2015,Sun,500,Charged,5
2015,Sun,500,Final,14
2015,Sun,500,Warning (T-Stop),11
2015,Sun,600,Charged,8
2015,Sun,600,Final,8
2015,Sun,600,Warning (T-Stop),8
2015,Sun,700,Charged,51
2015,Sun,700,Final,18
2015,Sun,700,Warning (T-Stop),28
2015,Sun,800,Charged,123
2015,Sun,800,Final,36
2015,Sun,800,Warning (T-Stop),74
2015,Sun,900,Charged,145
2015,Sun,900,Data Quality,1
2015,Sun,900,Final,78
2015,Sun,900,Warning (T-Stop),135
2015,Sun,1000,Charged,162
2015,Sun,1000,Data Quality,2
2015,Sun,1000,Final,75
2015,Sun,1000,Warning (T-Stop),159
2015,Sun,1100,Charged,173
2015,Sun,1100,Data Quality,2
2015,Sun,1100,Final,71
2015,Sun,1100,Warning (T-Stop),150
2015,Sun,1200,Charged,210
2015,Sun,1200,Data Quality,1
2015,Sun,1200,Final,95
2015,Sun,1200,Warning (T-Stop),178
2015,Sun,1300,Charged,177
2015,Sun,1300,Final,89
2015,Sun,1300,Warning (T-Stop),166
2015,Sun,1400,Charged,142
2015,Sun,1400,Data Quality,3
2015,Sun,1400,Final,62
2015,Sun,1400,Warning (T-Stop),129
2015,Sun,1500,Charged,110
2015,Sun,1500,Data Quality,3
2015,Sun,1500,Final,67
2015,Sun,1500,Warning (T-Stop),125
2015,Sun,1600,Charged,49
2015,Sun,1600,Final,33
2015,Sun,1600,Warning (T-Stop),67
2015,Sun,1700,Charged,71
2015,Sun,1700,Final,47
2015,Sun,1700,Warning (T-Stop),66
2015,Sun,1800,Charged,56
2015,Sun,1800,Final,31
2015,Sun,1800,Warning (T-Stop),82
2015,Sun,1900,Charged,48
2015,Sun,1900,Data Quality,1
2015,Sun,1900,Final,45
2015,Sun,1900,Warning (T-Stop),62
2015,Sun,2000,Charged,36
2015,Sun,2000,Final,41
2015,Sun,2000,Warning (T-Stop),58
2015,Sun,2100,Charged,71
2015,Sun,2100,Data Quality,1
2015,Sun,2100,Final,83
2015,Sun,2100,Warning (T-Stop),132
2015,Sun,2200,Charged,79
2015,Sun,2200,Data Quality,6
2015,Sun,2200,Final,125
2015,Sun,2200,Warning (T-Stop),174
2015,Sun,2300,Charged,75
2015,Sun,2300,Data Quality,6
2015,Sun,2300,Final,124
2015,Sun,2300,Warning (T-Stop),166
2015,Thu,0,Charged,53
2015,Thu,0,Data Quality,3
2015,Thu,0,Final,84
2015,Thu,0,Warning (T-Stop),122
2015,Thu,100,Charged,34
2015,Thu,100,Data Quality,5
2015,Thu,100,Final,80
2015,Thu,100,Warning (T-Stop),82
2015,Thu,200,Charged,22
2015,Thu,200,Data Quality,1
2015,Thu,200,Final,61
2015,Thu,200,Warning (T-Stop),45
2015,Thu,300,Charged,11
2015,Thu,300,Data Quality,1
2015,Thu,300,Final,41
2015,Thu,300,Warning (T-Stop),25
2015,Thu,400,Charged,10
2015,Thu,400,Final,18
2015,Thu,400,Warning (T-Stop),20
2015,Thu,500,Charged,27
2015,Thu,500,Final,10
2015,Thu,500,Warning (T-Stop),17
2015,Thu,600,Charged,22
2015,Thu,600,Data Quality,1
2015,Thu,600,Final,12
2015,Thu,600,Warning (T-Stop),32
2015,Thu,700,Charged,277
2015,Thu,700,Final,64
2015,Thu,700,Warning (T-Stop),116
2015,Thu,800,Charged,377
2015,Thu,800,Data Quality,1
2015,Thu,800,Final,83
2015,Thu,800,Warning (T-Stop),192
2015,Thu,900,Charged,262
2015,Thu,900,Data Quality,1
2015,Thu,900,Final,86
2015,Thu,900,Warning (T-Stop),130
2015,Thu,1000,Charged,259
2015,Thu,1000,Final,68
2015,Thu,1000,Warning (T-Stop),108
2015,Thu,1100,Charged,294
2015,Thu,1100,Data Quality,3
2015,Thu,1100,Final,92
2015,Thu,1100,Warning (T-Stop),134
2015,Thu,1200,Charged,306
2015,Thu,1200,Data Quality,1
2015,Thu,1200,Final,102
2015,Thu,1200,Warning (T-Stop),159
2015,Thu,1300,Charged,350
2015,Thu,1300,Data Quality,3
2015,Thu,1300,Final,130
2015,Thu,1300,Warning (T-Stop),139
2015,Thu,1400,Charged,253
2015,Thu,1400,Data Quality,1
2015,Thu,1400,Final,102
2015,Thu,1400,Warning (T-Stop),150
2015,Thu,1500,Charged,238
2015,Thu,1500,Data Quality,2
2015,Thu,1500,Final,79
2015,Thu,1500,Warning (T-Stop),125
2015,Thu,1600,Charged,200
2015,Thu,1600,Data Quality,2
2015,Thu,1600,Final,57
2015,Thu,1600,Warning (T-Stop),104
2015,Thu,1700,Charged,165
2015,Thu,1700,Data Quality,1
2015,Thu,1700,Final,58
2015,Thu,1700,Warning (T-Stop),94
2015,Thu,1800,Charged,123
2015,Thu,1800,Data Quality,2
2015,Thu,1800,Final,50
2015,Thu,1800,Warning (T-Stop),75
2015,Thu,1900,Charged,57
2015,Thu,1900,Final,38
2015,Thu,1900,Warning (T-Stop),54
2015,Thu,2000,Charged,33
2015,Thu,2000,Data Quality,1
2015,Thu,2000,Final,43
2015,Thu,2000,Warning (T-Stop),50
2015,Thu,2100,Charged,62
2015,Thu,2100,Data Quality,3
2015,Thu,2100,Final,67
2015,Thu,2100,Warning (T-Stop),130
2015,Thu,2200,Charged,77
2015,Thu,2200,Data Quality,3
2015,Thu,2200,Final,121
2015,Thu,2200,Warning (T-Stop),146
2015,Thu,2300,Charged,68
2015,Thu,2300,Data Quality,5
2015,Thu,2300,Final,111
2015,Thu,2300,Warning (T-Stop),138
2015,Tue,0,Charged,53
2015,Tue,0,Data Quality,3
2015,Tue,0,Final,97
2015,Tue,0,Warning (T-Stop),130
2015,Tue,100,Charged,36
2015,Tue,100,Data Quality,2
2015,Tue,100,Final,72
2015,Tue,100,Warning (T-Stop),74
2015,Tue,200,Charged,27
2015,Tue,200,Data Quality,1
2015,Tue,200,Final,43
2015,Tue,200,Warning (T-Stop),57
2015,Tue,300,Charged,17
2015,Tue,300,Data Quality,1
2015,Tue,300,Final,39
2015,Tue,300,Warning (T-Stop),31
2015,Tue,400,Charged,5
2015,Tue,400,Final,22
2015,Tue,400,Warning (T-Stop),23
2015,Tue,500,Charged,33
2015,Tue,500,Final,11
2015,Tue,500,Warning (T-Stop),25
2015,Tue,600,Charged,34
2015,Tue,600,Final,13
2015,Tue,600,Warning (T-Stop),31
2015,Tue,700,Charged,261
2015,Tue,700,Data Quality,1
2015,Tue,700,Final,62
2015,Tue,700,Warning (T-Stop),145
2015,Tue,800,Charged,456
2015,Tue,800,Data Quality,2
2015,Tue,800,Final,109
2015,Tue,800,Warning (T-Stop),282
2015,Tue,900,Charged,335
2015,Tue,900,Data Quality,1
2015,Tue,900,Final,78
2015,Tue,900,Warning (T-Stop),163
2015,Tue,1000,Charged,281
2015,Tue,1000,Final,89
2015,Tue,1000,Warning (T-Stop),128
2015,Tue,1100,Charged,303
2015,Tue,1100,Data Quality,1
2015,Tue,1100,Final,88
2015,Tue,1100,Warning (T-Stop),129
2015,Tue,1200,Charged,349
2015,Tue,1200,Final,88
2015,Tue,1200,Warning (T-Stop),173
2015,Tue,1300,Charged,332
2015,Tue,1300,Data Quality,3
2015,Tue,1300,Final,125
2015,Tue,1300,Warning (T-Stop),151
2015,Tue,1400,Charged,272
2015,Tue,1400,Data Quality,9
2015,Tue,1400,Final,111
2015,Tue,1400,Warning (T-Stop),137
2015,Tue,1500,Charged,226
2015,Tue,1500,Data Quality,4
2015,Tue,1500,Final,85
2015,Tue,1500,Warning (T-Stop),141
2015,Tue,1600,Charged,189
2015,Tue,1600,Data Quality,6
2015,Tue,1600,Final,63
2015,Tue,1600,Warning (T-Stop),98
2015,Tue,1700,Charged,176
2015,Tue,1700,Data Quality,1
2015,Tue,1700,Final,46
2015,Tue,1700,Warning (T-Stop),90
2015,Tue,1800,Charged,118
2015,Tue,1800,Data Quality,3
2015,Tue,1800,Final,50
2015,Tue,1800,Warning (T-Stop),105
2015,Tue,1900,Charged,46
2015,Tue,1900,Final,58
2015,Tue,1900,Warning (T-Stop),63
2015,Tue,2000,Charged,29
2015,Tue,2000,Data Quality,1
2015,Tue,2000,Final,42
2015,Tue,2000,Warning (T-Stop),56
2015,Tue,2100,Charged,67
2015,Tue,2100,Data Quality,2
2015,Tue,2100,Final,82
2015,Tue,2100,Warning (T-Stop),179
2015,Tue,2200,Charged,81
2015,Tue,2200,Data Quality,6
2015,Tue,2200,Final,96
2015,Tue,2200,Warning (T-Stop),224
2015,Tue,2300,Charged,86
2015,Tue,2300,Data Quality,7
2015,Tue,2300,Final,140
2015,Tue,2300,Warning (T-Stop),171
2015,Wed,0,Charged,78
2015,Wed,0,Data Quality,6
2015,Wed,0,Final,106
2015,Wed,0,Warning (T-Stop),159
2015,Wed,100,Charged,41
2015,Wed,100,Data Quality,8
2015,Wed,100,Final,79
2015,Wed,100,Warning (T-Stop),81
2015,Wed,200,Charged,34
2015,Wed,200,Data Quality,3
2015,Wed,200,Final,42
2015,Wed,200,Warning (T-Stop),43
2015,Wed,300,Charged,14
2015,Wed,300,Data Quality,4
2015,Wed,300,Final,29
2015,Wed,300,Warning (T-Stop),19
2015,Wed,400,Charged,7
2015,Wed,400,Data Quality,1
2015,Wed,400,Final,14
2015,Wed,400,Warning (T-Stop),18
2015,Wed,500,Charged,21
2015,Wed,500,Final,10
2015,Wed,500,Warning (T-Stop),17
2015,Wed,600,Charged,34
2015,Wed,600,Final,8
2015,Wed,600,Warning (T-Stop),20
2015,Wed,700,Charged,251
2015,Wed,700,Data Quality,1
2015,Wed,700,Final,54
2015,Wed,700,Warning (T-Stop),131
2015,Wed,800,Charged,399
2015,Wed,800,Data Quality,1
2015,Wed,800,Final,94
2015,Wed,800,Warning (T-Stop),222
2015,Wed,900,Charged,301
2015,Wed,900,Data Quality,3
2015,Wed,900,Final,92
2015,Wed,900,Warning (T-Stop),148
2015,Wed,1000,Charged,286
2015,Wed,1000,Data Quality,1
2015,Wed,1000,Final,70
2015,Wed,1000,Warning (T-Stop),153
2015,Wed,1100,Charged,269
2015,Wed,1100,Data Quality,1
2015,Wed,1100,Final,68
2015,Wed,1100,Warning (T-Stop),144
2015,Wed,1200,Charged,360
2015,Wed,1200,Data Quality,3
2015,Wed,1200,Final,104
2015,Wed,1200,Warning (T-Stop),177
2015,Wed,1300,Charged,358
2015,Wed,1300,Data Quality,2
2015,Wed,1300,Final,112
2015,Wed,1300,Warning (T-Stop),160
2015,Wed,1400,Charged,263
2015,Wed,1400,Data Quality,3
2015,Wed,1400,Final,97
2015,Wed,1400,Warning (T-Stop),150
2015,Wed,1500,Charged,265
2015,Wed,1500,Data Quality,1
2015,Wed,1500,Final,89
2015,Wed,1500,Warning (T-Stop),124
2015,Wed,1600,Charged,225
2015,Wed,1600,Final,61
2015,Wed,1600,Warning (T-Stop),86
2015,Wed,1700,Charged,163
2015,Wed,1700,Data Quality,1
2015,Wed,1700,Final,64
2015,Wed,1700,Warning (T-Stop),61
2015,Wed,1800,Charged,127
2015,Wed,1800,Data Quality,1
2015,Wed,1800,Final,44
2015,Wed,1800,Warning (T-Stop),96
2015,Wed,1900,Charged,62
2015,Wed,1900,Final,54
2015,Wed,1900,Warning (T-Stop),75
2015,Wed,2000,Charged,26
2015,Wed,2000,Data Quality,1
2015,Wed,2000,Final,46
2015,Wed,2000,Warning (T-Stop),64
2015,Wed,2100,Charged,56
2015,Wed,2100,Data Quality,2
2015,Wed,2100,Final,64
2015,Wed,2100,Warning (T-Stop),106
2015,Wed,2200,Charged,73
2015,Wed,2200,Data Quality,3
2015,Wed,2200,Final,94
2015,Wed,2200,Warning (T-Stop),164
2015,Wed,2300,Charged,68
2015,Wed,2300,Data Quality,4
2015,Wed,2300,Final,104
2015,Wed,2300,Warning (T-Stop),185
2016,Fri,0,Charged,52
2016,Fri,0,Data Quality,2
2016,Fri,0,Final,94
2016,Fri,0,Warning (T-Stop),86
2016,Fri,100,Charged,42
2016,Fri,100,Data Quality,1
2016,Fri,100,Final,56
2016,Fri,100,Warning (T-Stop),50
2016,Fri,200,Charged,25
2016,Fri,200,Data Quality,4
2016,Fri,200,Final,55
2016,Fri,200,Warning (T-Stop),34
2016,Fri,300,Charged,23
2016,Fri,300,Data Quality,1
2016,Fri,300,Final,24
2016,Fri,300,Warning (T-Stop),13
2016,Fri,400,Charged,10
2016,Fri,400,Data Quality,2
2016,Fri,400,Final,21
2016,Fri,400,Warning (T-Stop),16
2016,Fri,500,Charged,14
2016,Fri,500,Final,13
2016,Fri,500,Warning (T-Stop),17
2016,Fri,600,Charged,21
2016,Fri,600,Final,15
2016,Fri,600,Warning (T-Stop),18
2016,Fri,700,Charged,231
2016,Fri,700,Final,55
2016,Fri,700,Warning (T-Stop),62
2016,Fri,800,Charged,332
2016,Fri,800,Final,94
2016,Fri,800,Warning (T-Stop),100
2016,Fri,900,Charged,263
2016,Fri,900,Data Quality,1
2016,Fri,900,Final,87
2016,Fri,900,Warning (T-Stop),111
2016,Fri,1000,Charged,241
2016,Fri,1000,Final,97
2016,Fri,1000,Warning (T-Stop),76
2016,Fri,1100,Charged,251
2016,Fri,1100,Final,92
2016,Fri,1100,Warning (T-Stop),91
2016,Fri,1200,Charged,335
2016,Fri,1200,Data Quality,1
2016,Fri,1200,Final,94
2016,Fri,1200,Warning (T-Stop),100
2016,Fri,1300,Charged,345
2016,Fri,1300,Data Quality,1
2016,Fri,1300,Final,91
2016,Fri,1300,Warning (T-Stop),85
2016,Fri,1400,Charged,238
2016,Fri,1400,Data Quality,1
2016,Fri,1400,Final,75
2016,Fri,1400,Warning (T-Stop),115
2016,Fri,1500,Charged,198
2016,Fri,1500,Final,80
2016,Fri,1500,Warning (T-Stop),70
2016,Fri,1600,Charged,179
2016,Fri,1600,Final,48
2016,Fri,1600,Warning (T-Stop),59
2016,Fri,1700,Charged,154
2016,Fri,1700,Data Quality,1
2016,Fri,1700,Final,50
2016,Fri,1700,Warning (T-Stop),57
2016,Fri,1800,Charged,99
2016,Fri,1800,Data Quality,1
2016,Fri,1800,Final,31
2016,Fri,1800,Warning (T-Stop),52
2016,Fri,1900,Charged,73
2016,Fri,1900,Final,38
2016,Fri,1900,Warning (T-Stop),67
2016,Fri,2000,Charged,45
2016,Fri,2000,Final,37
2016,Fri,2000,Warning (T-Stop),43
2016,Fri,2100,Charged,61
2016,Fri,2100,Final,78
2016,Fri,2100,Warning (T-Stop),114
2016,Fri,2200,Charged,79
2016,Fri,2200,Data Quality,3
2016,Fri,2200,Final,97
2016,Fri,2200,Warning (T-Stop),163
2016,Fri,2300,Charged,86
2016,Fri,2300,Data Quality,5
2016,Fri,2300,Final,123
2016,Fri,2300,Warning (T-Stop),143
2016,Mon,0,Charged,52
2016,Mon,0,Data Quality,2
2016,Mon,0,Final,80
2016,Mon,0,Warning (T-Stop),91
2016,Mon,100,Charged,41
2016,Mon,100,Data Quality,4
2016,Mon,100,Final,68
2016,Mon,100,Warning (T-Stop),64
2016,Mon,200,Charged,28
2016,Mon,200,Data Quality,1
2016,Mon,200,Final,39
2016,Mon,200,Warning (T-Stop),28
2016,Mon,300,Charged,18
2016,Mon,300,Data Quality,2
2016,Mon,300,Final,34
2016,Mon,300,Warning (T-Stop),21
2016,Mon,400,Charged,14
2016,Mon,400,Final,16
2016,Mon,400,Warning (T-Stop),11
2016,Mon,500,Charged,14
2016,Mon,500,Final,11
2016,Mon,500,Warning (T-Stop),18
2016,Mon,600,Charged,21
2016,Mon,600,Final,10
2016,Mon,600,Warning (T-Stop),20
2016,Mon,700,Charged,190
2016,Mon,700,Final,34
2016,Mon,700,Warning (T-Stop),52
2016,Mon,800,Charged,260
2016,Mon,800,Final,72
2016,Mon,800,Warning (T-Stop),104
2016,Mon,900,Charged,191
2016,Mon,900,Final,59
2016,Mon,900,Warning (T-Stop),98
2016,Mon,1000,Charged,224
2016,Mon,1000,Data Quality,1
2016,Mon,1000,Final,60
2016,Mon,1000,Warning (T-Stop),98
2016,Mon,1100,Charged,212
2016,Mon,1100,Data Quality,1
2016,Mon,1100,Final,72
2016,Mon,1100,Warning (T-Stop),91
2016,Mon,1200,Charged,312
2016,Mon,1200,Data Quality,2
2016,Mon,1200,Final,93
2016,Mon,1200,Warning (T-Stop),100
2016,Mon,1300,Charged,342
2016,Mon,1300,Final,111
2016,Mon,1300,Warning (T-Stop),92
2016,Mon,1400,Charged,209
2016,Mon,1400,Data Quality,2
2016,Mon,1400,Final,75
2016,Mon,1400,Warning (T-Stop),99
2016,Mon,1500,Charged,215
2016,Mon,1500,Data Quality,2
2016,Mon,1500,Final,66
2016,Mon,1500,Warning (T-Stop),105
2016,Mon,1600,Charged,216
2016,Mon,1600,Final,63
2016,Mon,1600,Warning (T-Stop),49
2016,Mon,1700,Charged,136
2016,Mon,1700,Data Quality,1
2016,Mon,1700,Final,26
2016,Mon,1700,Warning (T-Stop),66
2016,Mon,1800,Charged,99
2016,Mon,1800,Final,27
2016,Mon,1800,Warning (T-Stop),74
2016,Mon,1900,Charged,57
2016,Mon,1900,Final,41
2016,Mon,1900,Warning (T-Stop),55
2016,Mon,2000,Charged,25
2016,Mon,2000,Final,44
2016,Mon,2000,Warning (T-Stop),51
2016,Mon,2100,Charged,44
2016,Mon,2100,Data Quality,3
2016,Mon,2100,Final,89
2016,Mon,2100,Warning (T-Stop),107
2016,Mon,2200,Charged,63
2016,Mon,2200,Data Quality,4
2016,Mon,2200,Final,111
2016,Mon,2200,Warning (T-Stop),152
2016,Mon,2300,Charged,64
2016,Mon,2300,Data Quality,2
2016,Mon,2300,Final,108
2016,Mon,2300,Warning (T-Stop),106
2016,Sat,0,Charged,69
2016,Sat,0,Final,111
2016,Sat,0,Warning (T-Stop),115
2016,Sat,100,Charged,52
2016,Sat,100,Final,110
2016,Sat,100,Warning (T-Stop),93
2016,Sat,200,Charged,38
2016,Sat,200,Data Quality,1
2016,Sat,200,Final,93
2016,Sat,200,Warning (T-Stop),64
2016,Sat,300,Charged,26
2016,Sat,300,Final,43
2016,Sat,300,Warning (T-Stop),39
2016,Sat,400,Charged,15
2016,Sat,400,Data Quality,1
2016,Sat,400,Final,29
2016,Sat,400,Warning (T-Stop),10
2016,Sat,500,Charged,9
2016,Sat,500,Final,14
2016,Sat,500,Warning (T-Stop),8
2016,Sat,600,Charged,11
2016,Sat,600,Final,5
2016,Sat,600,Warning (T-Stop),10
2016,Sat,700,Charged,49
2016,Sat,700,Final,21
2016,Sat,700,Warning (T-Stop),40
2016,Sat,800,Charged,154
2016,Sat,800,Data Quality,1
2016,Sat,800,Final,59
2016,Sat,800,Warning (T-Stop),105
2016,Sat,900,Charged,180
2016,Sat,900,Data Quality,1
2016,Sat,900,Final,59
2016,Sat,900,Warning (T-Stop),132
2016,Sat,1000,Charged,151
2016,Sat,1000,Data Quality,2
2016,Sat,1000,Final,47
2016,Sat,1000,Warning (T-Stop),83
2016,Sat,1100,Charged,147
2016,Sat,1100,Data Quality,4
2016,Sat,1100,Final,68
2016,Sat,1100,Warning (T-Stop),90
2016,Sat,1200,Charged,154
2016,Sat,1200,Final,86
2016,Sat,1200,Warning (T-Stop),118
2016,Sat,1300,Charged,141
2016,Sat,1300,Data Quality,1
2016,Sat,1300,Final,68
2016,Sat,1300,Warning (T-Stop),139
2016,Sat,1400,Charged,119
2016,Sat,1400,Data Quality,2
2016,Sat,1400,Final,58
2016,Sat,1400,Warning (T-Stop),84
2016,Sat,1500,Charged,99
2016,Sat,1500,Data Quality,3
2016,Sat,1500,Final,51
2016,Sat,1500,Warning (T-Stop),87
2016,Sat,1600,Charged,70
2016,Sat,1600,Data Quality,1
2016,Sat,1600,Final,27
2016,Sat,1600,Warning (T-Stop),55
2016,Sat,1700,Charged,59
2016,Sat,1700,Data Quality,1
2016,Sat,1700,Final,34
2016,Sat,1700,Warning (T-Stop),73
2016,Sat,1800,Charged,59
2016,Sat,1800,Data Quality,2
2016,Sat,1800,Final,30
2016,Sat,1800,Warning (T-Stop),52
2016,Sat,1900,Charged,48
2016,Sat,1900,Data Quality,2
2016,Sat,1900,Final,40
2016,Sat,1900,Warning (T-Stop),44
2016,Sat,2000,Charged,25
2016,Sat,2000,Data Quality,1
2016,Sat,2000,Final,53
2016,Sat,2000,Warning (T-Stop),44
2016,Sat,2100,Charged,62
2016,Sat,2100,Data Quality,1
2016,Sat,2100,Final,87
2016,Sat,2100,Warning (T-Stop),147
2016,Sat,2200,Charged,99
2016,Sat,2200,Final,103
2016,Sat,2200,Warning (T-Stop),165
2016,Sat,2300,Charged,75
2016,Sat,2300,Data Quality,4
2016,Sat,2300,Final,147
2016,Sat,2300,Warning (T-Stop),148
2016,Sun,0,Charged,72
2016,Sun,0,Data Quality,1
2016,Sun,0,Final,117
2016,Sun,0,Warning (T-Stop),109
2016,Sun,100,Charged,57
2016,Sun,100,Data Quality,2
2016,Sun,100,Final,109
2016,Sun,100,Warning (T-Stop),80
2016,Sun,200,Charged,41
2016,Sun,200,Data Quality,2
2016,Sun,200,Final,85
2016,Sun,200,Warning (T-Stop),57
2016,Sun,300,Charged,16
2016,Sun,300,Data Quality,1
2016,Sun,300,Final,55
2016,Sun,300,Warning (T-Stop),35
2016,Sun,400,Charged,13
2016,Sun,400,Data Quality,2
2016,Sun,400,Final,29
2016,Sun,400,Warning (T-Stop),18
2016,Sun,500,Charged,11
2016,Sun,500,Final,12
2016,Sun,500,Warning (T-Stop),5
2016,Sun,600,Charged,11
2016,Sun,600,Final,9
2016,Sun,600,Warning (T-Stop),9
2016,Sun,700,Charged,46
2016,Sun,700,Data Quality,1
2016,Sun,700,Final,10
2016,Sun,700,Warning (T-Stop),41
2016,Sun,800,Charged,109
2016,Sun,800,Final,35
2016,Sun,800,Warning (T-Stop),57
2016,Sun,900,Charged,146
2016,Sun,900,Data Quality,1
2016,Sun,900,Final,47
2016,Sun,900,Warning (T-Stop),132
2016,Sun,1000,Charged,148
2016,Sun,1000,Final,71
2016,Sun,1000,Warning (T-Stop),113
2016,Sun,1100,Charged,151
2016,Sun,1100,Data Quality,2
2016,Sun,1100,Final,72
2016,Sun,1100,Warning (T-Stop),87
2016,Sun,1200,Charged,157
2016,Sun,1200,Data Quality,2
2016,Sun,1200,Final,85
2016,Sun,1200,Warning (T-Stop),117
2016,Sun,1300,Charged,154
2016,Sun,1300,Data Quality,1
2016,Sun,1300,Final,78
2016,Sun,1300,Warning (T-Stop),105
2016,Sun,1400,Charged,106
2016,Sun,1400,Final,52
2016,Sun,1400,Warning (T-Stop),85
2016,Sun,1500,Charged,92
2016,Sun,1500,Data Quality,2
2016,Sun,1500,Final,39
2016,Sun,1500,Warning (T-Stop),73
2016,Sun,1600,Charged,43
2016,Sun,1600,Final,28
2016,Sun,1600,Warning (T-Stop),47
2016,Sun,1700,Charged,49
2016,Sun,1700,Data Quality,1
2016,Sun,1700,Final,33
2016,Sun,1700,Warning (T-Stop),60
2016,Sun,1800,Charged,44
2016,Sun,1800,Final,34
2016,Sun,1800,Warning (T-Stop),50
2016,Sun,1900,Charged,26
2016,Sun,1900,Final,46
2016,Sun,1900,Warning (T-Stop),61
2016,Sun,2000,Charged,21
2016,Sun,2000,Final,32
2016,Sun,2000,Warning (T-Stop),33
2016,Sun,2100,Charged,58
2016,Sun,2100,Data Quality,1
2016,Sun,2100,Final,67
2016,Sun,2100,Warning (T-Stop),108
2016,Sun,2200,Charged,67
2016,Sun,2200,Data Quality,1
2016,Sun,2200,Final,89
2016,Sun,2200,Warning (T-Stop),128
2016,Sun,2300,Charged,53
2016,Sun,2300,Data Quality,4
2016,Sun,2300,Final,105
2016,Sun,2300,Warning (T-Stop),94
2016,Thu,0,Charged,52
2016,Thu,0,Data Quality,5
2016,Thu,0,Final,79
2016,Thu,0,Warning (T-Stop),90
2016,Thu,100,Charged,33
2016,Thu,100,Data Quality,4
2016,Thu,100,Final,83
2016,Thu,100,Warning (T-Stop),57
2016,Thu,200,Charged,38
2016,Thu,200,Data Quality,1
2016,Thu,200,Final,47
2016,Thu,200,Warning (T-Stop),42
2016,Thu,300,Charged,12
2016,Thu,300,Final,27
2016,Thu,300,Warning (T-Stop),20
2016,Thu,400,Charged,17
2016,Thu,400,Final,14
2016,Thu,400,Warning (T-Stop),21
2016,Thu,500,Charged,24
2016,Thu,500,Data Quality,1
2016,Thu,500,Final,9
2016,Thu,500,Warning (T-Stop),21
2016,Thu,600,Charged,37
2016,Thu,600,Final,15
2016,Thu,600,Warning (T-Stop),20
2016,Thu,700,Charged,264
2016,Thu,700,Final,56
2016,Thu,700,Warning (T-Stop),60
2016,Thu,800,Charged,375
2016,Thu,800,Final,68
2016,Thu,800,Warning (T-Stop),119
2016,Thu,900,Charged,233
2016,Thu,900,Final,52
2016,Thu,900,Warning (T-Stop),83
2016,Thu,1000,Charged,253
2016,Thu,1000,Data Quality,2
2016,Thu,1000,Final,64
2016,Thu,1000,Warning (T-Stop),65
2016,Thu,1100,Charged,276
2016,Thu,1100,Data Quality,2
2016,Thu,1100,Final,87
2016,Thu,1100,Warning (T-Stop),78
2016,Thu,1200,Charged,367
2016,Thu,1200,Final,92
2016,Thu,1200,Warning (T-Stop),86
2016,Thu,1300,Charged,358
2016,Thu,1300,Final,110
2016,Thu,1300,Warning (T-Stop),93
2016,Thu,1400,Charged,242
2016,Thu,1400,Data Quality,1
2016,Thu,1400,Final,74
2016,Thu,1400,Warning (T-Stop),102
2016,Thu,1500,Charged,244
2016,Thu,1500,Final,62
2016,Thu,1500,Warning (T-Stop),73
2016,Thu,1600,Charged,253
2016,Thu,1600,Data Quality,2
2016,Thu,1600,Final,62
2016,Thu,1600,Warning (T-Stop),52
2016,Thu,1700,Charged,148
2016,Thu,1700,Final,41
2016,Thu,1700,Warning (T-Stop),64
2016,Thu,1800,Charged,141
2016,Thu,1800,Final,41
2016,Thu,1800,Warning (T-Stop),52
2016,Thu,1900,Charged,49
2016,Thu,1900,Data Quality,1
2016,Thu,1900,Final,38
2016,Thu,1900,Warning (T-Stop),39
2016,Thu,2000,Charged,26
2016,Thu,2000,Final,36
2016,Thu,2000,Warning (T-Stop),35
2016,Thu,2100,Charged,56
2016,Thu,2100,Final,45
2016,Thu,2100,Warning (T-Stop),96
2016,Thu,2200,Charged,42
2016,Thu,2200,Final,66
2016,Thu,2200,Warning (T-Stop),111
2016,Thu,2300,Charged,56
2016,Thu,2300,Data Quality,2
2016,Thu,2300,Final,84
2016,Thu,2300,Warning (T-Stop),122
2016,Tue,0,Charged,53
2016,Tue,0,Final,87
2016,Tue,0,Warning (T-Stop),96
2016,Tue,100,Charged,37
2016,Tue,100,Data Quality,5
2016,Tue,100,Final,65
2016,Tue,100,Warning (T-Stop),52
2016,Tue,200,Charged,28
2016,Tue,200,Final,44
2016,Tue,200,Warning (T-Stop),37
2016,Tue,300,Charged,16
2016,Tue,300,Final,28
2016,Tue,300,Warning (T-Stop),13
2016,Tue,400,Charged,9
2016,Tue,400,Data Quality,1
2016,Tue,400,Final,28
2016,Tue,400,Warning (T-Stop),16
2016,Tue,500,Charged,18
2016,Tue,500,Data Quality,1
2016,Tue,500,Final,10
2016,Tue,500,Warning (T-Stop),25
2016,Tue,600,Charged,31
2016,Tue,600,Data Quality,2
2016,Tue,600,Final,9
2016,Tue,600,Warning (T-Stop),23
2016,Tue,700,Charged,307
2016,Tue,700,Final,66
2016,Tue,700,Warning (T-Stop),88
2016,Tue,800,Charged,466
2016,Tue,800,Final,95
2016,Tue,800,Warning (T-Stop),158
2016,Tue,900,Charged,290
2016,Tue,900,Data Quality,1
2016,Tue,900,Final,96
2016,Tue,900,Warning (T-Stop),135
2016,Tue,1000,Charged,270
2016,Tue,1000,Data Quality,1
2016,Tue,1000,Final,105
2016,Tue,1000,Warning (T-Stop),110
2016,Tue,1100,Charged,314
2016,Tue,1100,Final,132
2016,Tue,1100,Warning (T-Stop),75
2016,Tue,1200,Charged,361
2016,Tue,1200,Final,134
2016,Tue,1200,Warning (T-Stop),98
2016,Tue,1300,Charged,336
2016,Tue,1300,Final,100
2016,Tue,1300,Warning (T-Stop),98
2016,Tue,1400,Charged,228
2016,Tue,1400,Data Quality,3
2016,Tue,1400,Final,77
2016,Tue,1400,Warning (T-Stop),86
2016,Tue,1500,Charged,263
2016,Tue,1500,Final,89
2016,Tue,1500,Warning (T-Stop),83
2016,Tue,1600,Charged,318
2016,Tue,1600,Data Quality,1
2016,Tue,1600,Final,65
2016,Tue,1600,Warning (T-Stop),48
2016,Tue,1700,Charged,225
2016,Tue,1700,Final,53
2016,Tue,1700,Warning (T-Stop),64
2016,Tue,1800,Charged,119
2016,Tue,1800,Final,36
2016,Tue,1800,Warning (T-Stop),56
2016,Tue,1900,Charged,61
2016,Tue,1900,Final,30
2016,Tue,1900,Warning (T-Stop),33
2016,Tue,2000,Charged,20
2016,Tue,2000,Final,27
2016,Tue,2000,Warning (T-Stop),37
2016,Tue,2100,Charged,63
2016,Tue,2100,Final,66
2016,Tue,2100,Warning (T-Stop),111
2016,Tue,2200,Charged,74
2016,Tue,2200,Data Quality,1
2016,Tue,2200,Final,82
2016,Tue,2200,Warning (T-Stop),132
2016,Tue,2300,Charged,69
2016,Tue,2300,Data Quality,3
2016,Tue,2300,Final,89
2016,Tue,2300,Warning (T-Stop),104
2016,Wed,0,Charged,55
2016,Wed,0,Data Quality,3
2016,Wed,0,Final,78
2016,Wed,0,Warning (T-Stop),87
2016,Wed,100,Charged,41
2016,Wed,100,Data Quality,2
2016,Wed,100,Final,85
2016,Wed,100,Warning (T-Stop),55
2016,Wed,200,Charged,28
2016,Wed,200,Data Quality,2
2016,Wed,200,Final,51
2016,Wed,200,Warning (T-Stop),34
2016,Wed,300,Charged,16
2016,Wed,300,Data Quality,1
2016,Wed,300,Final,31
2016,Wed,300,Warning (T-Stop),30
2016,Wed,400,Charged,14
2016,Wed,400,Final,17
2016,Wed,400,Warning (T-Stop),15
2016,Wed,500,Charged,25
2016,Wed,500,Data Quality,1
2016,Wed,500,Final,10
2016,Wed,500,Warning (T-Stop),16
2016,Wed,600,Charged,24
2016,Wed,600,Final,19
2016,Wed,600,Warning (T-Stop),22
2016,Wed,700,Charged,302
2016,Wed,700,Final,97
2016,Wed,700,Warning (T-Stop),54
2016,Wed,800,Charged,444
2016,Wed,800,Final,113
2016,Wed,800,Warning (T-Stop),130
2016,Wed,900,Charged,328
2016,Wed,900,Data Quality,1
2016,Wed,900,Final,99
2016,Wed,900,Warning (T-Stop),79
2016,Wed,1000,Charged,273
2016,Wed,1000,Final,99
2016,Wed,1000,Warning (T-Stop),81
2016,Wed,1100,Charged,295
2016,Wed,1100,Data Quality,1
2016,Wed,1100,Final,81
2016,Wed,1100,Warning (T-Stop),98
2016,Wed,1200,Charged,402
2016,Wed,1200,Final,87
2016,Wed,1200,Warning (T-Stop),93
2016,Wed,1300,Charged,382
2016,Wed,1300,Data Quality,2
2016,Wed,1300,Final,83
2016,Wed,1300,Warning (T-Stop),100
2016,Wed,1400,Charged,251
2016,Wed,1400,Data Quality,3
2016,Wed,1400,Final,87
2016,Wed,1400,Warning (T-Stop),80
2016,Wed,1500,Charged,260
2016,Wed,1500,Final,96
2016,Wed,1500,Warning (T-Stop),92
2016,Wed,1600,Charged,286
2016,Wed,1600,Data Quality,1
2016,Wed,1600,Final,96
2016,Wed,1600,Warning (T-Stop),54
2016,Wed,1700,Charged,199
2016,Wed,1700,Final,67
2016,Wed,1700,Warning (T-Stop),47
2016,Wed,1800,Charged,131
2016,Wed,1800,Final,45
2016,Wed,1800,Warning (T-Stop),59
2016,Wed,1900,Charged,33
2016,Wed,1900,Final,29
2016,Wed,1900,Warning (T-Stop),36
2016,Wed,2000,Charged,18
2016,Wed,2000,Data Quality,1
2016,Wed,2000,Final,24
2016,Wed,2000,Warning (T-Stop),42
2016,Wed,2100,Charged,48
2016,Wed,2100,Final,54
2016,Wed,2100,Warning (T-Stop),83
2016,Wed,2200,Charged,63
2016,Wed,2200,Data Quality,2
2016,Wed,2200,Final,74
2016,Wed,2200,Warning (T-Stop),102
2016,Wed,2300,Charged,73
2016,Wed,2300,Final,86
2016,Wed,2300,Warning (T-Stop),116
2017,Fri,0,Charged,66
2017,Fri,0,Final,92
2017,Fri,0,Warning (T-Stop),102
2017,Fri,100,Charged,62
2017,Fri,100,Final,90
2017,Fri,100,Warning (T-Stop),52
2017,Fri,200,Charged,34
2017,Fri,200,Final,48
2017,Fri,200,Warning (T-Stop),40
2017,Fri,300,Charged,12
2017,Fri,300,Final,36
2017,Fri,300,Warning (T-Stop),26
2017,Fri,400,Charged,15
2017,Fri,400,Final,19
2017,Fri,400,Warning (T-Stop),12
2017,Fri,500,Charged,28
2017,Fri,500,Final,10
2017,Fri,500,Warning (T-Stop),22
2017,Fri,600,Charged,29
2017,Fri,600,Final,16
2017,Fri,600,Warning (T-Stop),13
2017,Fri,700,Charged,143
2017,Fri,700,Final,41
2017,Fri,700,Warning (T-Stop),77
2017,Fri,800,Charged,319
2017,Fri,800,Final,59
2017,Fri,800,Warning (T-Stop),112
2017,Fri,900,Charged,248
2017,Fri,900,Data Quality,1
2017,Fri,900,Final,58
2017,Fri,900,Warning (T-Stop),103
2017,Fri,1000,Charged,200
2017,Fri,1000,Data Quality,1
2017,Fri,1000,Final,59
2017,Fri,1000,Warning (T-Stop),88
2017,Fri,1100,Charged,253
2017,Fri,1100,Final,61
2017,Fri,1100,Warning (T-Stop),109
2017,Fri,1200,Charged,286
2017,Fri,1200,Final,78
2017,Fri,1200,Warning (T-Stop),106
2017,Fri,1300,Charged,336
2017,Fri,1300,Data Quality,1
2017,Fri,1300,Final,82
2017,Fri,1300,Warning (T-Stop),93
2017,Fri,1400,Charged,218
2017,Fri,1400,Data Quality,1
2017,Fri,1400,Final,57
2017,Fri,1400,Warning (T-Stop),116
2017,Fri,1500,Charged,204
2017,Fri,1500,Final,69
2017,Fri,1500,Warning (T-Stop),93
2017,Fri,1600,Charged,242
2017,Fri,1600,Final,44
2017,Fri,1600,Warning (T-Stop),67
2017,Fri,1700,Charged,176
2017,Fri,1700,Final,43
2017,Fri,1700,Warning (T-Stop),52
2017,Fri,1800,Charged,103
2017,Fri,1800,Final,38
2017,Fri,1800,Warning (T-Stop),56
2017,Fri,1900,Charged,62
2017,Fri,1900,Final,38
2017,Fri,1900,Warning (T-Stop),52
2017,Fri,2000,Charged,60
2017,Fri,2000,Final,37
2017,Fri,2000,Warning (T-Stop),40
2017,Fri,2100,Charged,108
2017,Fri,2100,Final,79
2017,Fri,2100,Warning (T-Stop),149
2017,Fri,2200,Charged,105
2017,Fri,2200,Final,96
2017,Fri,2200,Warning (T-Stop),175
2017,Fri,2300,Charged,100
2017,Fri,2300,Data Quality,2
2017,Fri,2300,Final,117
2017,Fri,2300,Warning (T-Stop),143
2017,Mon,0,Charged,55
2017,Mon,0,Final,115
2017,Mon,0,Warning (T-Stop),95
2017,Mon,100,Charged,49
2017,Mon,100,Data Quality,1
2017,Mon,100,Final,107
2017,Mon,100,Warning (T-Stop),55
2017,Mon,200,Charged,23
2017,Mon,200,Data Quality,2
2017,Mon,200,Final,63
2017,Mon,200,Warning (T-Stop),39
2017,Mon,300,Charged,20
2017,Mon,300,Final,43
2017,Mon,300,Warning (T-Stop),16
2017,Mon,400,Charged,14
2017,Mon,400,Final,28
2017,Mon,400,Warning (T-Stop),15
2017,Mon,500,Charged,12
2017,Mon,500,Final,5
2017,Mon,500,Warning (T-Stop),15
2017,Mon,600,Charged,24
2017,Mon,600,Final,11
2017,Mon,600,Warning (T-Stop),16
2017,Mon,700,Charged,267
2017,Mon,700,Final,37
2017,Mon,700,Warning (T-Stop),60
2017,Mon,800,Charged,388
2017,Mon,800,Data Quality,2
2017,Mon,800,Final,77
2017,Mon,800,Warning (T-Stop),101
2017,Mon,900,Charged,288
2017,Mon,900,Final,72
2017,Mon,900,Warning (T-Stop),95
2017,Mon,1000,Charged,333
2017,Mon,1000,Final,74
2017,Mon,1000,Warning (T-Stop),87
2017,Mon,1100,Charged,430
2017,Mon,1100,Data Quality,2
2017,Mon,1100,Final,49
2017,Mon,1100,Warning (T-Stop),96
2017,Mon,1200,Charged,440
2017,Mon,1200,Data Quality,1
2017,Mon,1200,Final,75
2017,Mon,1200,Warning (T-Stop),108
2017,Mon,1300,Charged,360
2017,Mon,1300,Data Quality,3
2017,Mon,1300,Final,69
2017,Mon,1300,Warning (T-Stop),92
2017,Mon,1400,Charged,275
2017,Mon,1400,Final,86
2017,Mon,1400,Warning (T-Stop),83
2017,Mon,1500,Charged,217
2017,Mon,1500,Final,77
2017,Mon,1500,Warning (T-Stop),104
2017,Mon,1600,Charged,223
2017,Mon,1600,Final,45
2017,Mon,1600,Warning (T-Stop),71
2017,Mon,1700,Charged,153
2017,Mon,1700,Data Quality,2
2017,Mon,1700,Final,36
2017,Mon,1700,Warning (T-Stop),78
2017,Mon,1800,Charged,121
2017,Mon,1800,Final,43
2017,Mon,1800,Warning (T-Stop),67
2017,Mon,1900,Charged,62
2017,Mon,1900,Final,38
2017,Mon,1900,Warning (T-Stop),61
2017,Mon,2000,Charged,37
2017,Mon,2000,Final,36
2017,Mon,2000,Warning (T-Stop),48
2017,Mon,2100,Charged,59
2017,Mon,2100,Data Quality,1
2017,Mon,2100,Final,77
2017,Mon,2100,Warning (T-Stop),133
2017,Mon,2200,Charged,95
2017,Mon,2200,Final,100
2017,Mon,2200,Warning (T-Stop),131
2017,Mon,2300,Charged,67
2017,Mon,2300,Final,115
2017,Mon,2300,Warning (T-Stop),140
2017,Sat,0,Charged,96
2017,Sat,0,Final,132
2017,Sat,0,Warning (T-Stop),125
2017,Sat,100,Charged,55
2017,Sat,100,Data Quality,1
2017,Sat,100,Final,93
2017,Sat,100,Warning (T-Stop),85
2017,Sat,200,Charged,51
2017,Sat,200,Data Quality,2
2017,Sat,200,Final,74
2017,Sat,200,Warning (T-Stop),68
2017,Sat,300,Charged,24
2017,Sat,300,Final,42
2017,Sat,300,Warning (T-Stop),32
2017,Sat,400,Charged,24
2017,Sat,400,Data Quality,1
2017,Sat,400,Final,37
2017,Sat,400,Warning (T-Stop),21
2017,Sat,500,Charged,8
2017,Sat,500,Final,12
2017,Sat,500,Warning (T-Stop),15
2017,Sat,600,Charged,16
2017,Sat,600,Final,11
2017,Sat,600,Warning (T-Stop),11
2017,Sat,700,Charged,77
2017,Sat,700,Final,19
2017,Sat,700,Warning (T-Stop),53
2017,Sat,800,Charged,177
2017,Sat,800,Final,58
2017,Sat,800,Warning (T-Stop),124
2017,Sat,900,Charged,230
2017,Sat,900,Data Quality,1
2017,Sat,900,Final,78
2017,Sat,900,Warning (T-Stop),120
2017,Sat,1000,Charged,218
2017,Sat,1000,Final,56
2017,Sat,1000,Warning (T-Stop),141
2017,Sat,1100,Charged,153
2017,Sat,1100,Data Quality,1
2017,Sat,1100,Final,44
2017,Sat,1100,Warning (T-Stop),95
2017,Sat,1200,Charged,192
2017,Sat,1200,Final,90
2017,Sat,1200,Warning (T-Stop),121
2017,Sat,1300,Charged,188
2017,Sat,1300,Final,71
2017,Sat,1300,Warning (T-Stop),126
2017,Sat,1400,Charged,116
2017,Sat,1400,Data Quality,1
2017,Sat,1400,Final,67
2017,Sat,1400,Warning (T-Stop),102
2017,Sat,1500,Charged,98
2017,Sat,1500,Final,62
2017,Sat,1500,Warning (T-Stop),93
2017,Sat,1600,Charged,67
2017,Sat,1600,Final,32
2017,Sat,1600,Warning (T-Stop),70
2017,Sat,1700,Charged,59
2017,Sat,1700,Data Quality,1
2017,Sat,1700,Final,46
2017,Sat,1700,Warning (T-Stop),67
2017,Sat,1800,Charged,64
2017,Sat,1800,Final,46
2017,Sat,1800,Warning (T-Stop),66
2017,Sat,1900,Charged,52
2017,Sat,1900,Final,38
2017,Sat,1900,Warning (T-Stop),66
2017,Sat,2000,Charged,47
2017,Sat,2000,Final,47
2017,Sat,2000,Warning (T-Stop),47
2017,Sat,2100,Charged,90
2017,Sat,2100,Data Quality,1
2017,Sat,2100,Final,85
2017,Sat,2100,Warning (T-Stop),149
2017,Sat,2200,Charged,89
2017,Sat,2200,Data Quality,2
2017,Sat,2200,Final,124
2017,Sat,2200,Warning (T-Stop),172
2017,Sat,2300,Charged,74
2017,Sat,2300,Data Quality,3
2017,Sat,2300,Final,127
2017,Sat,2300,Warning (T-Stop),154
2017,Sun,0,Charged,63
2017,Sun,0,Final,128
2017,Sun,0,Warning (T-Stop),112
2017,Sun,100,Charged,59
2017,Sun,100,Final,110
2017,Sun,100,Warning (T-Stop),80
2017,Sun,200,Charged,35
2017,Sun,200,Data Quality,1
2017,Sun,200,Final,86
2017,Sun,200,Warning (T-Stop),67
2017,Sun,300,Charged,21
2017,Sun,300,Final,50
2017,Sun,300,Warning (T-Stop),29
2017,Sun,400,Charged,13
2017,Sun,400,Final,29
2017,Sun,400,Warning (T-Stop),17
2017,Sun,500,Charged,14
2017,Sun,500,Final,15
2017,Sun,500,Warning (T-Stop),13
2017,Sun,600,Charged,9
2017,Sun,600,Final,4
2017,Sun,600,Warning (T-Stop),9
2017,Sun,700,Charged,58
2017,Sun,700,Data Quality,1
2017,Sun,700,Final,12
2017,Sun,700,Warning (T-Stop),22
2017,Sun,800,Charged,183
2017,Sun,800,Final,45
2017,Sun,800,Warning (T-Stop),55
2017,Sun,900,Charged,191
2017,Sun,900,Data Quality,1
2017,Sun,900,Final,47
2017,Sun,900,Warning (T-Stop),87
2017,Sun,1000,Charged,196
2017,Sun,1000,Final,63
2017,Sun,1000,Warning (T-Stop),79
2017,Sun,1100,Charged,219
2017,Sun,1100,Final,84
2017,Sun,1100,Warning (T-Stop),92
2017,Sun,1200,Charged,216
2017,Sun,1200,Data Quality,1
2017,Sun,1200,Final,85
2017,Sun,1200,Warning (T-Stop),130
2017,Sun,1300,Charged,173
2017,Sun,1300,Data Quality,2
2017,Sun,1300,Final,68
2017,Sun,1300,Warning (T-Stop),120
2017,Sun,1400,Charged,121
2017,Sun,1400,Final,51
2017,Sun,1400,Warning (T-Stop),85
2017,Sun,1500,Charged,94
2017,Sun,1500,Final,36
2017,Sun,1500,Warning (T-Stop),63
2017,Sun,1600,Charged,53
2017,Sun,1600,Final,35
2017,Sun,1600,Warning (T-Stop),56
2017,Sun,1700,Charged,55
2017,Sun,1700,Final,38
2017,Sun,1700,Warning (T-Stop),68
2017,Sun,1800,Charged,51
2017,Sun,1800,Final,37
2017,Sun,1800,Warning (T-Stop),76
2017,Sun,1900,Charged,53
2017,Sun,1900,Data Quality,1
2017,Sun,1900,Final,49
2017,Sun,1900,Warning (T-Stop),55
2017,Sun,2000,Charged,39
2017,Sun,2000,Final,39
2017,Sun,2000,Warning (T-Stop),60
2017,Sun,2100,Charged,74
2017,Sun,2100,Final,88
2017,Sun,2100,Warning (T-Stop),136
2017,Sun,2200,Charged,99
2017,Sun,2200,Data Quality,3
2017,Sun,2200,Final,98
2017,Sun,2200,Warning (T-Stop),137
2017,Sun,2300,Charged,65
2017,Sun,2300,Data Quality,1
2017,Sun,2300,Final,111
2017,Sun,2300,Warning (T-Stop),117
2017,Thu,0,Charged,69
2017,Thu,0,Data Quality,1
2017,Thu,0,Final,102
2017,Thu,0,Warning (T-Stop),98
2017,Thu,100,Charged,52
2017,Thu,100,Final,91
2017,Thu,100,Warning (T-Stop),56
2017,Thu,200,Charged,36
2017,Thu,200,Final,51
2017,Thu,200,Warning (T-Stop),47
2017,Thu,300,Charged,17
2017,Thu,300,Final,45
2017,Thu,300,Warning (T-Stop),29
2017,Thu,400,Charged,14
2017,Thu,400,Final,29
2017,Thu,400,Warning (T-Stop),23
2017,Thu,500,Charged,23
2017,Thu,500,Final,8
2017,Thu,500,Warning (T-Stop),18
2017,Thu,600,Charged,37
2017,Thu,600,Final,5
2017,Thu,600,Warning (T-Stop),17
2017,Thu,700,Charged,300
2017,Thu,700,Final,35
2017,Thu,700,Warning (T-Stop),71
2017,Thu,800,Charged,451
2017,Thu,800,Data Quality,1
2017,Thu,800,Final,60
2017,Thu,800,Warning (T-Stop),108
2017,Thu,900,Charged,269
2017,Thu,900,Final,71
2017,Thu,900,Warning (T-Stop),81
2017,Thu,1000,Charged,243
2017,Thu,1000,Final,73
2017,Thu,1000,Warning (T-Stop),75
2017,Thu,1100,Charged,301
2017,Thu,1100,Final,54
2017,Thu,1100,Warning (T-Stop),110
2017,Thu,1200,Charged,468
2017,Thu,1200,Data Quality,1
2017,Thu,1200,Final,101
2017,Thu,1200,Warning (T-Stop),105
2017,Thu,1300,Charged,464
2017,Thu,1300,Data Quality,1
2017,Thu,1300,Final,84
2017,Thu,1300,Warning (T-Stop),99
2017,Thu,1400,Charged,293
2017,Thu,1400,Final,77
2017,Thu,1400,Warning (T-Stop),70
2017,Thu,1500,Charged,220
2017,Thu,1500,Data Quality,1
2017,Thu,1500,Final,68
2017,Thu,1500,Warning (T-Stop),73
2017,Thu,1600,Charged,248
2017,Thu,1600,Final,57
2017,Thu,1600,Warning (T-Stop),56
2017,Thu,1700,Charged,196
2017,Thu,1700,Final,41
2017,Thu,1700,Warning (T-Stop),59
2017,Thu,1800,Charged,107
2017,Thu,1800,Final,53
2017,Thu,1800,Warning (T-Stop),46
2017,Thu,1900,Charged,53
2017,Thu,1900,Final,22
2017,Thu,1900,Warning (T-Stop),41
2017,Thu,2000,Charged,37
2017,Thu,2000,Final,27
2017,Thu,2000,Warning (T-Stop),34
2017,Thu,2100,Charged,67
2017,Thu,2100,Final,68
2017,Thu,2100,Warning (T-Stop),120
2017,Thu,2200,Charged,84
2017,Thu,2200,Final,90
2017,Thu,2200,Warning (T-Stop),130
2017,Thu,2300,Charged,95
2017,Thu,2300,Final,106
2017,Thu,2300,Warning (T-Stop),123
2017,Tue,0,Charged,71
2017,Tue,0,Data Quality,1
2017,Tue,0,Final,89
2017,Tue,0,Warning (T-Stop),94
2017,Tue,100,Charged,51
2017,Tue,100,Data Quality,1
2017,Tue,100,Final,73
2017,Tue,100,Warning (T-Stop),78
2017,Tue,200,Charged,30
2017,Tue,200,Final,55
2017,Tue,200,Warning (T-Stop),39
2017,Tue,300,Charged,17
2017,Tue,300,Data Quality,1
2017,Tue,300,Final,34
2017,Tue,300,Warning (T-Stop),28
2017,Tue,400,Charged,6
2017,Tue,400,Final,8
2017,Tue,400,Warning (T-Stop),19
2017,Tue,500,Charged,16
2017,Tue,500,Final,14
2017,Tue,500,Warning (T-Stop),22
2017,Tue,600,Charged,29
2017,Tue,600,Final,9
2017,Tue,600,Warning (T-Stop),20
2017,Tue,700,Charged,325
2017,Tue,700,Data Quality,1
2017,Tue,700,Final,44
2017,Tue,700,Warning (T-Stop),74
2017,Tue,800,Charged,454
2017,Tue,800,Final,69
2017,Tue,800,Warning (T-Stop),119
2017,Tue,900,Charged,320
2017,Tue,900,Data Quality,3
2017,Tue,900,Final,65
2017,Tue,900,Warning (T-Stop),102
2017,Tue,1000,Charged,341
2017,Tue,1000,Final,58
2017,Tue,1000,Warning (T-Stop),93
2017,Tue,1100,Charged,412
2017,Tue,1100,Final,67
2017,Tue,1100,Warning (T-Stop),71
2017,Tue,1200,Charged,454
2017,Tue,1200,Final,116
2017,Tue,1200,Warning (T-Stop),113
2017,Tue,1300,Charged,374
2017,Tue,1300,Final,108
2017,Tue,1300,Warning (T-Stop),114
2017,Tue,1400,Charged,237
2017,Tue,1400,Data Quality,1
2017,Tue,1400,Final,95
2017,Tue,1400,Warning (T-Stop),78
2017,Tue,1500,Charged,231
2017,Tue,1500,Final,72
2017,Tue,1500,Warning (T-Stop),87
2017,Tue,1600,Charged,275
2017,Tue,1600,Data Quality,2
2017,Tue,1600,Final,47
2017,Tue,1600,Warning (T-Stop),56
2017,Tue,1700,Charged,210
2017,Tue,1700,Data Quality,1
2017,Tue,1700,Final,47
2017,Tue,1700,Warning (T-Stop),49
2017,Tue,1800,Charged,98
2017,Tue,1800,Data Quality,1
2017,Tue,1800,Final,45
2017,Tue,1800,Warning (T-Stop),46
2017,Tue,1900,Charged,43
2017,Tue,1900,Final,44
2017,Tue,1900,Warning (T-Stop),55
2017,Tue,2000,Charged,23
2017,Tue,2000,Data Quality,1
2017,Tue,2000,Final,35
2017,Tue,2000,Warning (T-Stop),37
2017,Tue,2100,Charged,62
2017,Tue,2100,Data Quality,2
2017,Tue,2100,Final,79
2017,Tue,2100,Warning (T-Stop),109
2017,Tue,2200,Charged,72
2017,Tue,2200,Final,115
2017,Tue,2200,Warning (T-Stop),127
2017,Tue,2300,Charged,82
2017,Tue,2300,Data Quality,1
2017,Tue,2300,Final,85
2017,Tue,2300,Warning (T-Stop),108
2017,Wed,0,Charged,68
2017,Wed,0,Data Quality,2
2017,Wed,0,Final,93
2017,Wed,0,Warning (T-Stop),91
2017,Wed,100,Charged,45
2017,Wed,100,Data Quality,2
2017,Wed,100,Final,76
2017,Wed,100,Warning (T-Stop),71
2017,Wed,200,Charged,29
2017,Wed,200,Final,57
2017,Wed,200,Warning (T-Stop),35
2017,Wed,300,Charged,14
2017,Wed,300,Final,25
2017,Wed,300,Warning (T-Stop),27
2017,Wed,400,Charged,9
2017,Wed,400,Final,17
2017,Wed,400,Warning (T-Stop),20
2017,Wed,500,Charged,19
2017,Wed,500,Final,9
2017,Wed,500,Warning (T-Stop),13
2017,Wed,600,Charged,23
2017,Wed,600,Final,12
2017,Wed,600,Warning (T-Stop),14
2017,Wed,700,Charged,323
2017,Wed,700,Data Quality,1
2017,Wed,700,Final,44
2017,Wed,700,Warning (T-Stop),71
2017,Wed,800,Charged,445
2017,Wed,800,Data Quality,1
2017,Wed,800,Final,68
2017,Wed,800,Warning (T-Stop),103
2017,Wed,900,Charged,336
2017,Wed,900,Data Quality,1
2017,Wed,900,Final,56
2017,Wed,900,Warning (T-Stop),79
2017,Wed,1000,Charged,245
2017,Wed,1000,Data Quality,1
2017,Wed,1000,Final,71
2017,Wed,1000,Warning (T-Stop),84
2017,Wed,1100,Charged,320
2017,Wed,1100,Final,81
2017,Wed,1100,Warning (T-Stop),85
2017,Wed,1200,Charged,463
2017,Wed,1200,Final,81
2017,Wed,1200,Warning (T-Stop),96
2017,Wed,1300,Charged,533
2017,Wed,1300,Data Quality,1
2017,Wed,1300,Final,110
2017,Wed,1300,Warning (T-Stop),88
2017,Wed,1400,Charged,340
2017,Wed,1400,Data Quality,2
2017,Wed,1400,Final,90
2017,Wed,1400,Warning (T-Stop),108
2017,Wed,1500,Charged,285
2017,Wed,1500,Final,86
2017,Wed,1500,Warning (T-Stop),92
2017,Wed,1600,Charged,243
2017,Wed,1600,Final,69
2017,Wed,1600,Warning (T-Stop),61
2017,Wed,1700,Charged,210
2017,Wed,1700,Final,68
2017,Wed,1700,Warning (T-Stop),64
2017,Wed,1800,Charged,119
2017,Wed,1800,Final,44
2017,Wed,1800,Warning (T-Stop),48
2017,Wed,1900,Charged,50
2017,Wed,1900,Final,41
2017,Wed,1900,Warning (T-Stop),63
2017,Wed,2000,Charged,34
2017,Wed,2000,Data Quality,1
2017,Wed,2000,Final,34
2017,Wed,2000,Warning (T-Stop),43
2017,Wed,2100,Charged,48
2017,Wed,2100,Final,79
2017,Wed,2100,Warning (T-Stop),121
2017,Wed,2200,Charged,80
2017,Wed,2200,Final,95
2017,Wed,2200,Warning (T-Stop),156
2017,Wed,2300,Charged,86
2017,Wed,2300,Final,124
2017,Wed,2300,Warning (T-Stop),131
2018,Fri,0,Charged,39
2018,Fri,0,Final,87
2018,Fri,0,Warning (T-Stop),86
2018,Fri,100,Charged,29
2018,Fri,100,Data Quality,4
2018,Fri,100,Final,77
2018,Fri,100,Warning (T-Stop),52
2018,Fri,200,Charged,28
2018,Fri,200,Data Quality,1
2018,Fri,200,Final,61
2018,Fri,200,Warning (T-Stop),37
2018,Fri,300,Charged,14
2018,Fri,300,Final,41
2018,Fri,300,Warning (T-Stop),16
2018,Fri,400,Charged,11
2018,Fri,400,Final,18
2018,Fri,400,Warning (T-Stop),13
2018,Fri,500,Charged,11
2018,Fri,500,Final,7
2018,Fri,500,Warning (T-Stop),14
2018,Fri,600,Charged,21
2018,Fri,600,Final,6
2018,Fri,600,Warning (T-Stop),6
2018,Fri,700,Charged,132
2018,Fri,700,Data Quality,1
2018,Fri,700,Final,33
2018,Fri,700,Warning (T-Stop),57
2018,Fri,800,Charged,264
2018,Fri,800,Data Quality,1
2018,Fri,800,Final,54
2018,Fri,800,Warning (T-Stop),86
2018,Fri,900,Charged,194
2018,Fri,900,Data Quality,1
2018,Fri,900,Final,62
2018,Fri,900,Warning (T-Stop),119
2018,Fri,1000,Charged,195
2018,Fri,1000,Final,64
2018,Fri,1000,Warning (T-Stop),97
2018,Fri,1100,Charged,226
2018,Fri,1100,Final,53
2018,Fri,1100,Warning (T-Stop),62
2018,Fri,1200,Charged,298
2018,Fri,1200,Data Quality,1
2018,Fri,1200,Final,73
2018,Fri,1200,Warning (T-Stop),74
2018,Fri,1300,Charged,268
2018,Fri,1300,Data Quality,1
2018,Fri,1300,Final,79
2018,Fri,1300,Warning (T-Stop),77
2018,Fri,1400,Charged,242
2018,Fri,1400,Data Quality,3
2018,Fri,1400,Final,74
2018,Fri,1400,Warning (T-Stop),78
2018,Fri,1500,Charged,214
2018,Fri,1500,Data Quality,1
2018,Fri,1500,Final,68
2018,Fri,1500,Warning (T-Stop),64
2018,Fri,1600,Charged,227
2018,Fri,1600,Final,64
2018,Fri,1600,Warning (T-Stop),42
2018,Fri,1700,Charged,167
2018,Fri,1700,Final,43
2018,Fri,1700,Warning (T-Stop),51
2018,Fri,1800,Charged,121
2018,Fri,1800,Data Quality,2
2018,Fri,1800,Final,50
2018,Fri,1800,Warning (T-Stop),53
2018,Fri,1900,Charged,62
2018,Fri,1900,Final,51
2018,Fri,1900,Warning (T-Stop),35
2018,Fri,2000,Charged,45
2018,Fri,2000,Data Quality,1
2018,Fri,2000,Final,54
2018,Fri,2000,Warning (T-Stop),40
2018,Fri,2100,Charged,72
2018,Fri,2100,Final,108
2018,Fri,2100,Warning (T-Stop),118
2018,Fri,2200,Charged,81
2018,Fri,2200,Data Quality,1
2018,Fri,2200,Final,139
2018,Fri,2200,Warning (T-Stop),161
2018,Fri,2300,Charged,93
2018,Fri,2300,Final,130
2018,Fri,2300,Warning (T-Stop),139
2018,Mon,0,Charged,65
2018,Mon,0,Final,116
2018,Mon,0,Warning (T-Stop),81
2018,Mon,100,Charged,34
2018,Mon,100,Final,77
2018,Mon,100,Warning (T-Stop),62
2018,Mon,200,Charged,30
2018,Mon,200,Data Quality,2
2018,Mon,200,Final,67
2018,Mon,200,Warning (T-Stop),49
2018,Mon,300,Charged,17
2018,Mon,300,Data Quality,1
2018,Mon,300,Final,37
2018,Mon,300,Warning (T-Stop),23
2018,Mon,400,Charged,6
2018,Mon,400,Final,21
2018,Mon,400,Warning (T-Stop),14
2018,Mon,500,Charged,22
2018,Mon,500,Final,13
2018,Mon,500,Warning (T-Stop),9
2018,Mon,600,Charged,22
2018,Mon,600,Final,7
2018,Mon,600,Warning (T-Stop),12
2018,Mon,700,Charged,202
2018,Mon,700,Data Quality,1
2018,Mon,700,Final,32
2018,Mon,700,Warning (T-Stop),44
2018,Mon,800,Charged,359
2018,Mon,800,Final,72
2018,Mon,800,Warning (T-Stop),91
2018,Mon,900,Charged,318
2018,Mon,900,Data Quality,2
2018,Mon,900,Final,63
2018,Mon,900,Warning (T-Stop),85
2018,Mon,1000,Charged,323
2018,Mon,1000,Final,75
2018,Mon,1000,Warning (T-Stop),80
2018,Mon,1100,Charged,350
2018,Mon,1100,Data Quality,1
2018,Mon,1100,Final,72
2018,Mon,1100,Warning (T-Stop),102
2018,Mon,1200,Charged,404
2018,Mon,1200,Data Quality,3
2018,Mon,1200,Final,102
2018,Mon,1200,Warning (T-Stop),102
2018,Mon,1300,Charged,431
2018,Mon,1300,Data Quality,2
2018,Mon,1300,Final,85
2018,Mon,1300,Warning (T-Stop),84
2018,Mon,1400,Charged,254
2018,Mon,1400,Final,76
2018,Mon,1400,Warning (T-Stop),75
2018,Mon,1500,Charged,205
2018,Mon,1500,Final,66
2018,Mon,1500,Warning (T-Stop),69
2018,Mon,1600,Charged,278
2018,Mon,1600,Final,65
2018,Mon,1600,Warning (T-Stop),53
2018,Mon,1700,Charged,208
2018,Mon,1700,Final,45
2018,Mon,1700,Warning (T-Stop),67
2018,Mon,1800,Charged,138
2018,Mon,1800,Data Quality,1
2018,Mon,1800,Final,42
2018,Mon,1800,Warning (T-Stop),51
2018,Mon,1900,Charged,50
2018,Mon,1900,Final,49
2018,Mon,1900,Warning (T-Stop),44
2018,Mon,2000,Charged,28
2018,Mon,2000,Data Quality,1
2018,Mon,2000,Final,36
2018,Mon,2000,Warning (T-Stop),51
2018,Mon,2100,Charged,54
2018,Mon,2100,Final,89
2018,Mon,2100,Warning (T-Stop),121
2018,Mon,2200,Charged,76
2018,Mon,2200,Data Quality,1
2018,Mon,2200,Final,104
2018,Mon,2200,Warning (T-Stop),145
2018,Mon,2300,Charged,62
2018,Mon,2300,Final,118
2018,Mon,2300,Warning (T-Stop),134
2018,Sat,0,Charged,75
2018,Sat,0,Data Quality,2
2018,Sat,0,Final,144
2018,Sat,0,Warning (T-Stop),109
2018,Sat,100,Charged,55
2018,Sat,100,Final,144
2018,Sat,100,Warning (T-Stop),87
2018,Sat,200,Charged,43
2018,Sat,200,Final,84
2018,Sat,200,Warning (T-Stop),49
2018,Sat,300,Charged,26
2018,Sat,300,Final,45
2018,Sat,300,Warning (T-Stop),33
2018,Sat,400,Charged,7
2018,Sat,400,Final,41
2018,Sat,400,Warning (T-Stop),13
2018,Sat,500,Charged,5
2018,Sat,500,Final,14
2018,Sat,500,Warning (T-Stop),11
2018,Sat,600,Charged,12
2018,Sat,600,Final,11
2018,Sat,600,Warning (T-Stop),5
2018,Sat,700,Charged,67
2018,Sat,700,Final,21
2018,Sat,700,Warning (T-Stop),26
2018,Sat,800,Charged,159
2018,Sat,800,Data Quality,2
2018,Sat,800,Final,45
2018,Sat,800,Warning (T-Stop),84
2018,Sat,900,Charged,230
2018,Sat,900,Data Quality,1
2018,Sat,900,Final,89
2018,Sat,900,Warning (T-Stop),106
2018,Sat,1000,Charged,191
2018,Sat,1000,Data Quality,1
2018,Sat,1000,Final,89
2018,Sat,1000,Warning (T-Stop),119
2018,Sat,1100,Charged,193
2018,Sat,1100,Final,72
2018,Sat,1100,Warning (T-Stop),96
2018,Sat,1200,Charged,242
2018,Sat,1200,Final,107
2018,Sat,1200,Warning (T-Stop),99
2018,Sat,1300,Charged,220
2018,Sat,1300,Final,92
2018,Sat,1300,Warning (T-Stop),94
2018,Sat,1400,Charged,117
2018,Sat,1400,Final,81
2018,Sat,1400,Warning (T-Stop),65
2018,Sat,1500,Charged,75
2018,Sat,1500,Final,54
2018,Sat,1500,Warning (T-Stop),65
2018,Sat,1600,Charged,57
2018,Sat,1600,Final,42
2018,Sat,1600,Warning (T-Stop),35
2018,Sat,1700,Charged,51
2018,Sat,1700,Final,57
2018,Sat,1700,Warning (T-Stop),70
2018,Sat,1800,Charged,44
2018,Sat,1800,Final,53
2018,Sat,1800,Warning (T-Stop),58
2018,Sat,1900,Charged,47
2018,Sat,1900,Data Quality,1
2018,Sat,1900,Final,57
2018,Sat,1900,Warning (T-Stop),73
2018,Sat,2000,Charged,34
2018,Sat,2000,Final,35
2018,Sat,2000,Warning (T-Stop),58
2018,Sat,2100,Charged,81
2018,Sat,2100,Final,126
2018,Sat,2100,Warning (T-Stop),152
2018,Sat,2200,Charged,97
2018,Sat,2200,Final,149
2018,Sat,2200,Warning (T-Stop),128
2018,Sat,2300,Charged,83
2018,Sat,2300,Final,144
2018,Sat,2300,Warning (T-Stop),151
2018,Sun,0,Charged,64
2018,Sun,0,Final,145
2018,Sun,0,Warning (T-Stop),121
2018,Sun,100,Charged,56
2018,Sun,100,Data Quality,1
2018,Sun,100,Final,130
2018,Sun,100,Warning (T-Stop),101
2018,Sun,200,Charged,48
2018,Sun,200,Final,97
2018,Sun,200,Warning (T-Stop),59
2018,Sun,300,Charged,15
2018,Sun,300,Data Quality,1
2018,Sun,300,Final,64
2018,Sun,300,Warning (T-Stop),32
2018,Sun,400,Charged,11
2018,Sun,400,Final,31
2018,Sun,400,Warning (T-Stop),21
2018,Sun,500,Charged,3
2018,Sun,500,Data Quality,1
2018,Sun,500,Final,11
2018,Sun,500,Warning (T-Stop),12
2018,Sun,600,Charged,15
2018,Sun,600,Final,7
2018,Sun,600,Warning (T-Stop),8
2018,Sun,700,Charged,52
2018,Sun,700,Final,18
2018,Sun,700,Warning (T-Stop),24
2018,Sun,800,Charged,121
2018,Sun,800,Data Quality,2
2018,Sun,800,Final,42
2018,Sun,800,Warning (T-Stop),43
2018,Sun,900,Charged,164
2018,Sun,900,Final,60
2018,Sun,900,Warning (T-Stop),74
2018,Sun,1000,Charged,183
2018,Sun,1000,Final,69
2018,Sun,1000,Warning (T-Stop),67
2018,Sun,1100,Charged,195
2018,Sun,1100,Final,83
2018,Sun,1100,Warning (T-Stop),78
2018,Sun,1200,Charged,201
2018,Sun,1200,Final,81
2018,Sun,1200,Warning (T-Stop),88
2018,Sun,1300,Charged,179
2018,Sun,1300,Data Quality,1
2018,Sun,1300,Final,82
2018,Sun,1300,Warning (T-Stop),66
2018,Sun,1400,Charged,96
2018,Sun,1400,Final,60
2018,Sun,1400,Warning (T-Stop),72
2018,Sun,1500,Charged,60
2018,Sun,1500,Final,55
2018,Sun,1500,Warning (T-Stop),78
2018,Sun,1600,Charged,42
2018,Sun,1600,Final,41
2018,Sun,1600,Warning (T-Stop),39
2018,Sun,1700,Charged,47
2018,Sun,1700,Data Quality,1
2018,Sun,1700,Final,43
2018,Sun,1700,Warning (T-Stop),56
2018,Sun,1800,Charged,45
2018,Sun,1800,Data Quality,1
2018,Sun,1800,Final,60
2018,Sun,1800,Warning (T-Stop),75
2018,Sun,1900,Charged,35
2018,Sun,1900,Final,58
2018,Sun,1900,Warning (T-Stop),48
2018,Sun,2000,Charged,34
2018,Sun,2000,Data Quality,1
2018,Sun,2000,Final,44
2018,Sun,2000,Warning (T-Stop),42
2018,Sun,2100,Charged,76
2018,Sun,2100,Data Quality,1
2018,Sun,2100,Final,72
2018,Sun,2100,Warning (T-Stop),115
2018,Sun,2200,Charged,85
2018,Sun,2200,Final,85
2018,Sun,2200,Warning (T-Stop),138
2018,Sun,2300,Charged,66
2018,Sun,2300,Final,104
2018,Sun,2300,Warning (T-Stop),97
2018,Thu,0,Charged,69
2018,Thu,0,Data Quality,1
2018,Thu,0,Final,102
2018,Thu,0,Warning (T-Stop),102
2018,Thu,100,Charged,47
2018,Thu,100,Final,61
2018,Thu,100,Warning (T-Stop),66
2018,Thu,200,Charged,21
2018,Thu,200,Data Quality,4
2018,Thu,200,Final,55
2018,Thu,200,Warning (T-Stop),62
2018,Thu,300,Charged,15
2018,Thu,300,Final,47
2018,Thu,300,Warning (T-Stop),35
2018,Thu,400,Charged,8
2018,Thu,400,Final,30
2018,Thu,400,Warning (T-Stop),26
2018,Thu,500,Charged,32
2018,Thu,500,Final,6
2018,Thu,500,Warning (T-Stop),19
2018,Thu,600,Charged,24
2018,Thu,600,Final,10
2018,Thu,600,Warning (T-Stop),8
2018,Thu,700,Charged,217
2018,Thu,700,Final,32
2018,Thu,700,Warning (T-Stop),51
2018,Thu,800,Charged,304
2018,Thu,800,Data Quality,2
2018,Thu,800,Final,50
2018,Thu,800,Warning (T-Stop),87
2018,Thu,900,Charged,222
2018,Thu,900,Final,54
2018,Thu,900,Warning (T-Stop),81
2018,Thu,1000,Charged,223
2018,Thu,1000,Data Quality,1
2018,Thu,1000,Final,80
2018,Thu,1000,Warning (T-Stop),58
2018,Thu,1100,Charged,301
2018,Thu,1100,Data Quality,1
2018,Thu,1100,Final,77
2018,Thu,1100,Warning (T-Stop),64
2018,Thu,1200,Charged,355
2018,Thu,1200,Final,99
2018,Thu,1200,Warning (T-Stop),86
2018,Thu,1300,Charged,382
2018,Thu,1300,Data Quality,1
2018,Thu,1300,Final,87
2018,Thu,1300,Warning (T-Stop),65
2018,Thu,1400,Charged,224
2018,Thu,1400,Final,72
2018,Thu,1400,Warning (T-Stop),77
2018,Thu,1500,Charged,200
2018,Thu,1500,Data Quality,1
2018,Thu,1500,Final,67
2018,Thu,1500,Warning (T-Stop),58
2018,Thu,1600,Charged,242
2018,Thu,1600,Data Quality,2
2018,Thu,1600,Final,53
2018,Thu,1600,Warning (T-Stop),35
2018,Thu,1700,Charged,178
2018,Thu,1700,Data Quality,1
2018,Thu,1700,Final,47
2018,Thu,1700,Warning (T-Stop),49
2018,Thu,1800,Charged,116
2018,Thu,1800,Data Quality,1
2018,Thu,1800,Final,60
2018,Thu,1800,Warning (T-Stop),38
2018,Thu,1900,Charged,64
2018,Thu,1900,Data Quality,1
2018,Thu,1900,Final,41
2018,Thu,1900,Warning (T-Stop),44
2018,Thu,2000,Charged,50
2018,Thu,2000,Final,41
2018,Thu,2000,Warning (T-Stop),38
2018,Thu,2100,Charged,74
2018,Thu,2100,Final,92
2018,Thu,2100,Warning (T-Stop),102
2018,Thu,2200,Charged,109
2018,Thu,2200,Data Quality,2
2018,Thu,2200,Final,119
2018,Thu,2200,Warning (T-Stop),136
2018,Thu,2300,Charged,70
2018,Thu,2300,Data Quality,1
2018,Thu,2300,Final,99
2018,Thu,2300,Warning (T-Stop),104
2018,Tue,0,Charged,55
2018,Tue,0,Final,93
2018,Tue,0,Warning (T-Stop),117
2018,Tue,100,Charged,48
2018,Tue,100,Final,76
2018,Tue,100,Warning (T-Stop),56
2018,Tue,200,Charged,29
2018,Tue,200,Final,44
2018,Tue,200,Warning (T-Stop),38
2018,Tue,300,Charged,13
2018,Tue,300,Final,42
2018,Tue,300,Warning (T-Stop),19
2018,Tue,400,Charged,12
2018,Tue,400,Data Quality,1
2018,Tue,400,Final,20
2018,Tue,400,Warning (T-Stop),17
2018,Tue,500,Charged,17
2018,Tue,500,Data Quality,1
2018,Tue,500,Final,11
2018,Tue,500,Warning (T-Stop),16
2018,Tue,600,Charged,38
2018,Tue,600,Final,15
2018,Tue,600,Warning (T-Stop),15
2018,Tue,700,Charged,296
2018,Tue,700,Final,52
2018,Tue,700,Warning (T-Stop),51
2018,Tue,800,Charged,408
2018,Tue,800,Data Quality,1
2018,Tue,800,Final,88
2018,Tue,800,Warning (T-Stop),106
2018,Tue,900,Charged,258
2018,Tue,900,Data Quality,1
2018,Tue,900,Final,49
2018,Tue,900,Warning (T-Stop),96
2018,Tue,1000,Charged,276
2018,Tue,1000,Data Quality,1
2018,Tue,1000,Final,68
2018,Tue,1000,Warning (T-Stop),75
2018,Tue,1100,Charged,380
2018,Tue,1100,Final,78
2018,Tue,1100,Warning (T-Stop),89
2018,Tue,1200,Charged,450
2018,Tue,1200,Final,100
2018,Tue,1200,Warning (T-Stop),79
2018,Tue,1300,Charged,363
2018,Tue,1300,Final,92
2018,Tue,1300,Warning (T-Stop),84
2018,Tue,1400,Charged,233
2018,Tue,1400,Data Quality,2
2018,Tue,1400,Final,85
2018,Tue,1400,Warning (T-Stop),65
2018,Tue,1500,Charged,224
2018,Tue,1500,Final,72
2018,Tue,1500,Warning (T-Stop),68
2018,Tue,1600,Charged,317
2018,Tue,1600,Final,63
2018,Tue,1600,Warning (T-Stop),44
2018,Tue,1700,Charged,194
2018,Tue,1700,Data Quality,1
2018,Tue,1700,Final,51
2018,Tue,1700,Warning (T-Stop),67
2018,Tue,1800,Charged,107
2018,Tue,1800,Final,54
2018,Tue,1800,Warning (T-Stop),55
2018,Tue,1900,Charged,48
2018,Tue,1900,Final,31
2018,Tue,1900,Warning (T-Stop),42
2018,Tue,2000,Charged,16
2018,Tue,2000,Final,42
2018,Tue,2000,Warning (T-Stop),38
2018,Tue,2100,Charged,60
2018,Tue,2100,Final,73
2018,Tue,2100,Warning (T-Stop),108
2018,Tue,2200,Charged,73
2018,Tue,2200,Data Quality,1
2018,Tue,2200,Final,118
2018,Tue,2200,Warning (T-Stop),134
2018,Tue,2300,Charged,92
2018,Tue,2300,Final,129
2018,Tue,2300,Warning (T-Stop),125
2018,Wed,0,Charged,67
2018,Wed,0,Final,79
2018,Wed,0,Warning (T-Stop),89
2018,Wed,100,Charged,44
2018,Wed,100,Data Quality,1
2018,Wed,100,Final,99
2018,Wed,100,Warning (T-Stop),67
2018,Wed,200,Charged,28
2018,Wed,200,Data Quality,1
2018,Wed,200,Final,60
2018,Wed,200,Warning (T-Stop),47
2018,Wed,300,Charged,20
2018,Wed,300,Final,42
2018,Wed,300,Warning (T-Stop),23
2018,Wed,400,Charged,9
2018,Wed,400,Final,26
2018,Wed,400,Warning (T-Stop),13
2018,Wed,500,Charged,20
2018,Wed,500,Data Quality,1
2018,Wed,500,Final,14
2018,Wed,500,Warning (T-Stop),19
2018,Wed,600,Charged,16
2018,Wed,600,Final,9
2018,Wed,600,Warning (T-Stop),12
2018,Wed,700,Charged,231
2018,Wed,700,Final,39
2018,Wed,700,Warning (T-Stop),50
2018,Wed,800,Charged,449
2018,Wed,800,Final,75
2018,Wed,800,Warning (T-Stop),87
2018,Wed,900,Charged,281
2018,Wed,900,Final,91
2018,Wed,900,Warning (T-Stop),72
2018,Wed,1000,Charged,260
2018,Wed,1000,Data Quality,2
2018,Wed,1000,Final,63
2018,Wed,1000,Warning (T-Stop),68
2018,Wed,1100,Charged,322
2018,Wed,1100,Data Quality,2
2018,Wed,1100,Final,74
2018,Wed,1100,Warning (T-Stop),68
2018,Wed,1200,Charged,430
2018,Wed,1200,Data Quality,1
2018,Wed,1200,Final,97
2018,Wed,1200,Warning (T-Stop),71
2018,Wed,1300,Charged,398
2018,Wed,1300,Final,68
2018,Wed,1300,Warning (T-Stop),69
2018,Wed,1400,Charged,229
2018,Wed,1400,Final,66
2018,Wed,1400,Warning (T-Stop),77
2018,Wed,1500,Charged,271
2018,Wed,1500,Final,83
2018,Wed,1500,Warning (T-Stop),69
2018,Wed,1600,Charged,282
2018,Wed,1600,Data Quality,1
2018,Wed,1600,Final,41
2018,Wed,1600,Warning (T-Stop),38
2018,Wed,1700,Charged,203
2018,Wed,1700,Data Quality,1
2018,Wed,1700,Final,67
2018,Wed,1700,Warning (T-Stop),52
2018,Wed,1800,Charged,96
2018,Wed,1800,Final,45
2018,Wed,1800,Warning (T-Stop),48
2018,Wed,1900,Charged,59
2018,Wed,1900,Final,49
2018,Wed,1900,Warning (T-Stop),36
2018,Wed,2000,Charged,31
2018,Wed,2000,Final,34
2018,Wed,2000,Warning (T-Stop),30
2018,Wed,2100,Charged,64
2018,Wed,2100,Data Quality,1
2018,Wed,2100,Final,80
2018,Wed,2100,Warning (T-Stop),101
2018,Wed,2200,Charged,64
2018,Wed,2200,Data Quality,3
2018,Wed,2200,Final,105
2018,Wed,2200,Warning (T-Stop),124
2018,Wed,2300,Charged,63
2018,Wed,2300,Final,104
2018,Wed,2300,Warning (T-Stop),107
2019,Fri,0,Charged,68
2019,Fri,0,Data Quality,1
2019,Fri,0,Final,118
2019,Fri,0,Warning (T-Stop),121
2019,Fri,100,Charged,40
2019,Fri,100,Data Quality,2
2019,Fri,100,Final,90
2019,Fri,100,Warning (T-Stop),77
2019,Fri,200,Charged,26
2019,Fri,200,Data Quality,1
2019,Fri,200,Final,66
2019,Fri,200,Warning (T-Stop),37
2019,Fri,300,Charged,16
2019,Fri,300,Final,46
2019,Fri,300,Warning (T-Stop),30
2019,Fri,400,Charged,11
2019,Fri,400,Final,25
2019,Fri,400,Warning (T-Stop),30
2019,Fri,500,Charged,12
2019,Fri,500,Final,18
2019,Fri,500,Warning (T-Stop),26
2019,Fri,600,Charged,50
2019,Fri,600,Final,8
2019,Fri,600,Warning (T-Stop),31
2019,Fri,700,Charged,186
2019,Fri,700,Final,44
2019,Fri,700,Warning (T-Stop),71
2019,Fri,800,Charged,311
2019,Fri,800,Data Quality,2
2019,Fri,800,Final,78
2019,Fri,800,Warning (T-Stop),168
2019,Fri,900,Charged,285
2019,Fri,900,Final,77
2019,Fri,900,Warning (T-Stop),123
2019,Fri,1000,Charged,259
2019,Fri,1000,Final,92
2019,Fri,1000,Warning (T-Stop),119
2019,Fri,1100,Charged,295
2019,Fri,1100,Final,71
2019,Fri,1100,Warning (T-Stop),113
2019,Fri,1200,Charged,382
2019,Fri,1200,Data Quality,2
2019,Fri,1200,Final,107
2019,Fri,1200,Warning (T-Stop),145
2019,Fri,1300,Charged,356
2019,Fri,1300,Final,112
2019,Fri,1300,Warning (T-Stop),120
2019,Fri,1400,Charged,239
2019,Fri,1400,Data Quality,2
2019,Fri,1400,Final,93
2019,Fri,1400,Warning (T-Stop),94
2019,Fri,1500,Charged,208
2019,Fri,1500,Final,82
2019,Fri,1500,Warning (T-Stop),83
2019,Fri,1600,Charged,187
2019,Fri,1600,Final,61
2019,Fri,1600,Warning (T-Stop),69
2019,Fri,1700,Charged,164
2019,Fri,1700,Data Quality,1
2019,Fri,1700,Final,40
2019,Fri,1700,Warning (T-Stop),63
2019,Fri,1800,Charged,106
2019,Fri,1800,Final,36
2019,Fri,1800,Warning (T-Stop),56
2019,Fri,1900,Charged,68
2019,Fri,1900,Final,48
2019,Fri,1900,Warning (T-Stop),46
2019,Fri,2000,Charged,47
2019,Fri,2000,Data Quality,1
2019,Fri,2000,Final,57
2019,Fri,2000,Warning (T-Stop),58
2019,Fri,2100,Charged,87
2019,Fri,2100,Data Quality,1
2019,Fri,2100,Final,87
2019,Fri,2100,Warning (T-Stop),144
2019,Fri,2200,Charged,91
2019,Fri,2200,Final,113
2019,Fri,2200,Warning (T-Stop),146
2019,Fri,2300,Charged,87
2019,Fri,2300,Final,148
2019,Fri,2300,Warning (T-Stop),160
2019,Mon,0,Charged,65
2019,Mon,0,Final,91
2019,Mon,0,Warning (T-Stop),110
2019,Mon,100,Charged,34
2019,Mon,100,Final,96
2019,Mon,100,Warning (T-Stop),73
2019,Mon,200,Charged,24
2019,Mon,200,Final,62
2019,Mon,200,Warning (T-Stop),46
2019,Mon,300,Charged,23
2019,Mon,300,Final,34
2019,Mon,300,Warning (T-Stop),38
2019,Mon,400,Charged,13
2019,Mon,400,Final,33
2019,Mon,400,Warning (T-Stop),17
2019,Mon,500,Charged,19
2019,Mon,500,Data Quality,1
2019,Mon,500,Final,13
2019,Mon,500,Warning (T-Stop),25
2019,Mon,600,Charged,39
2019,Mon,600,Final,10
2019,Mon,600,Warning (T-Stop),21
2019,Mon,700,Charged,167
2019,Mon,700,Final,28
2019,Mon,700,Warning (T-Stop),76
2019,Mon,800,Charged,193
2019,Mon,800,Final,64
2019,Mon,800,Warning (T-Stop),127
2019,Mon,900,Charged,151
2019,Mon,900,Data Quality,2
2019,Mon,900,Final,81
2019,Mon,900,Warning (T-Stop),109
2019,Mon,1000,Charged,179
2019,Mon,1000,Final,73
2019,Mon,1000,Warning (T-Stop),115
2019,Mon,1100,Charged,228
2019,Mon,1100,Final,85
2019,Mon,1100,Warning (T-Stop),103
2019,Mon,1200,Charged,355
2019,Mon,1200,Final,91
2019,Mon,1200,Warning (T-Stop),136
2019,Mon,1300,Charged,308
2019,Mon,1300,Final,89
2019,Mon,1300,Warning (T-Stop),140
2019,Mon,1400,Charged,232
2019,Mon,1400,Final,84
2019,Mon,1400,Warning (T-Stop),123
2019,Mon,1500,Charged,274
2019,Mon,1500,Final,82
2019,Mon,1500,Warning (T-Stop),121
2019,Mon,1600,Charged,243
2019,Mon,1600,Final,54
2019,Mon,1600,Warning (T-Stop),85
2019,Mon,1700,Charged,190
2019,Mon,1700,Data Quality,1
2019,Mon,1700,Final,51
2019,Mon,1700,Warning (T-Stop),90
2019,Mon,1800,Charged,158
2019,Mon,1800,Data Quality,4
2019,Mon,1800,Final,58
2019,Mon,1800,Warning (T-Stop),76
2019,Mon,1900,Charged,59
2019,Mon,1900,Final,41
2019,Mon,1900,Warning (T-Stop),69
2019,Mon,2000,Charged,37
2019,Mon,2000,Final,50
2019,Mon,2000,Warning (T-Stop),58
2019,Mon,2100,Charged,70
2019,Mon,2100,Final,86
2019,Mon,2100,Warning (T-Stop),139
2019,Mon,2200,Charged,77
2019,Mon,2200,Final,114
2019,Mon,2200,Warning (T-Stop),179
2019,Mon,2300,Charged,73
2019,Mon,2300,Final,146
2019,Mon,2300,Warning (T-Stop),160
2019,Sat,0,Charged,91
2019,Sat,0,Data Quality,1
2019,Sat,0,Final,129
2019,Sat,0,Warning (T-Stop),151
2019,Sat,100,Charged,59
2019,Sat,100,Data Quality,1
2019,Sat,100,Final,143
2019,Sat,100,Warning (T-Stop),136
2019,Sat,200,Charged,63
2019,Sat,200,Final,96
2019,Sat,200,Warning (T-Stop),89
2019,Sat,300,Charged,28
2019,Sat,300,Final,57
2019,Sat,300,Warning (T-Stop),56
2019,Sat,400,Charged,18
2019,Sat,400,Data Quality,1
2019,Sat,400,Final,30
2019,Sat,400,Warning (T-Stop),37
2019,Sat,500,Charged,16
2019,Sat,500,Final,25
2019,Sat,500,Warning (T-Stop),28
2019,Sat,600,Charged,19
2019,Sat,600,Data Quality,1
2019,Sat,600,Final,22
2019,Sat,600,Warning (T-Stop),10
2019,Sat,700,Charged,78
2019,Sat,700,Final,27
2019,Sat,700,Warning (T-Stop),50
2019,Sat,800,Charged,155
2019,Sat,800,Final,85
2019,Sat,800,Warning (T-Stop),156
2019,Sat,900,Charged,219
2019,Sat,900,Data Quality,1
2019,Sat,900,Final,93
2019,Sat,900,Warning (T-Stop),165
2019,Sat,1000,Charged,169
2019,Sat,1000,Data Quality,2
2019,Sat,1000,Final,100
2019,Sat,1000,Warning (T-Stop),132
2019,Sat,1100,Charged,185
2019,Sat,1100,Final,105
2019,Sat,1100,Warning (T-Stop),119
2019,Sat,1200,Charged,185
2019,Sat,1200,Final,105
2019,Sat,1200,Warning (T-Stop),139
2019,Sat,1300,Charged,200
2019,Sat,1300,Data Quality,1
2019,Sat,1300,Final,84
2019,Sat,1300,Warning (T-Stop),125
2019,Sat,1400,Charged,123
2019,Sat,1400,Final,86
2019,Sat,1400,Warning (T-Stop),119
2019,Sat,1500,Charged,80
2019,Sat,1500,Data Quality,1
2019,Sat,1500,Final,74
2019,Sat,1500,Warning (T-Stop),110
2019,Sat,1600,Charged,72
2019,Sat,1600,Final,47
2019,Sat,1600,Warning (T-Stop),82
2019,Sat,1700,Charged,62
2019,Sat,1700,Data Quality,1
2019,Sat,1700,Final,58
2019,Sat,1700,Warning (T-Stop),95
2019,Sat,1800,Charged,54
2019,Sat,1800,Data Quality,1
2019,Sat,1800,Final,50
2019,Sat,1800,Warning (T-Stop),77
2019,Sat,1900,Charged,44
2019,Sat,1900,Final,55
2019,Sat,1900,Warning (T-Stop),65
2019,Sat,2000,Charged,37
2019,Sat,2000,Final,74
2019,Sat,2000,Warning (T-Stop),74
2019,Sat,2100,Charged,69
2019,Sat,2100,Data Quality,2
2019,Sat,2100,Final,131
2019,Sat,2100,Warning (T-Stop),203
2019,Sat,2200,Charged,86
2019,Sat,2200,Data Quality,1
2019,Sat,2200,Final,165
2019,Sat,2200,Warning (T-Stop),210
2019,Sat,2300,Charged,84
2019,Sat,2300,Final,148
2019,Sat,2300,Warning (T-Stop),194
2019,Sun,0,Charged,73
2019,Sun,0,Data Quality,1
2019,Sun,0,Final,144
2019,Sun,0,Warning (T-Stop),193
2019,Sun,100,Charged,64
2019,Sun,100,Data Quality,2
2019,Sun,100,Final,124
2019,Sun,100,Warning (T-Stop),120
2019,Sun,200,Charged,50
2019,Sun,200,Final,103
2019,Sun,200,Warning (T-Stop),104
2019,Sun,300,Charged,25
2019,Sun,300,Data Quality,2
2019,Sun,300,Final,75
2019,Sun,300,Warning (T-Stop),54
2019,Sun,400,Charged,16
2019,Sun,400,Final,46
2019,Sun,400,Warning (T-Stop),23
2019,Sun,500,Charged,18
2019,Sun,500,Final,19
2019,Sun,500,Warning (T-Stop),18
2019,Sun,600,Charged,27
2019,Sun,600,Final,11
2019,Sun,600,Warning (T-Stop),10
2019,Sun,700,Charged,50
2019,Sun,700,Final,13
2019,Sun,700,Warning (T-Stop),30
2019,Sun,800,Charged,129
2019,Sun,800,Final,46
2019,Sun,800,Warning (T-Stop),96
2019,Sun,900,Charged,160
2019,Sun,900,Final,70
2019,Sun,900,Warning (T-Stop),108
2019,Sun,1000,Charged,198
2019,Sun,1000,Data Quality,1
2019,Sun,1000,Final,65
2019,Sun,1000,Warning (T-Stop),118
2019,Sun,1100,Charged,179
2019,Sun,1100,Data Quality,2
2019,Sun,1100,Final,69
2019,Sun,1100,Warning (T-Stop),113
2019,Sun,1200,Charged,191
2019,Sun,1200,Final,69
2019,Sun,1200,Warning (T-Stop),120
2019,Sun,1300,Charged,193
2019,Sun,1300,Final,71
2019,Sun,1300,Warning (T-Stop),114
2019,Sun,1400,Charged,148
2019,Sun,1400,Data Quality,1
2019,Sun,1400,Final,69
2019,Sun,1400,Warning (T-Stop),86
2019,Sun,1500,Charged,65
2019,Sun,1500,Data Quality,1
2019,Sun,1500,Final,51
2019,Sun,1500,Warning (T-Stop),74
2019,Sun,1600,Charged,70
2019,Sun,1600,Final,35
2019,Sun,1600,Warning (T-Stop),56
2019,Sun,1700,Charged,52
2019,Sun,1700,Data Quality,1
2019,Sun,1700,Final,45
2019,Sun,1700,Warning (T-Stop),64
2019,Sun,1800,Charged,56
2019,Sun,1800,Final,53
2019,Sun,1800,Warning (T-Stop),54
2019,Sun,1900,Charged,56
2019,Sun,1900,Data Quality,1
2019,Sun,1900,Final,39
2019,Sun,1900,Warning (T-Stop),52
2019,Sun,2000,Charged,31
2019,Sun,2000,Final,31
2019,Sun,2000,Warning (T-Stop),48
2019,Sun,2100,Charged,71
2019,Sun,2100,Data Quality,1
2019,Sun,2100,Final,72
2019,Sun,2100,Warning (T-Stop),113
2019,Sun,2200,Charged,63
2019,Sun,2200,Data Quality,2
2019,Sun,2200,Final,93
2019,Sun,2200,Warning (T-Stop),128
2019,Sun,2300,Charged,63
2019,Sun,2300,Data Quality,1
2019,Sun,2300,Final,101
2019,Sun,2300,Warning (T-Stop),106
2019,Thu,0,Charged,70
2019,Thu,0,Data Quality,3
2019,Thu,0,Final,114
2019,Thu,0,Warning (T-Stop),125
2019,Thu,100,Charged,47
2019,Thu,100,Data Quality,2
2019,Thu,100,Final,101
2019,Thu,100,Warning (T-Stop),77
2019,Thu,200,Charged,37
2019,Thu,200,Data Quality,1
2019,Thu,200,Final,66
2019,Thu,200,Warning (T-Stop),62
2019,Thu,300,Charged,13
2019,Thu,300,Data Quality,1
2019,Thu,300,Final,53
2019,Thu,300,Warning (T-Stop),28
2019,Thu,400,Charged,18
2019,Thu,400,Final,28
2019,Thu,400,Warning (T-Stop),25
2019,Thu,500,Charged,18
2019,Thu,500,Final,17
2019,Thu,500,Warning (T-Stop),27
2019,Thu,600,Charged,58
2019,Thu,600,Final,16
2019,Thu,600,Warning (T-Stop),31
2019,Thu,700,Charged,219
2019,Thu,700,Final,30
2019,Thu,700,Warning (T-Stop),87
2019,Thu,800,Charged,321
2019,Thu,800,Final,49
2019,Thu,800,Warning (T-Stop),133
2019,Thu,900,Charged,243
2019,Thu,900,Final,63
2019,Thu,900,Warning (T-Stop),108
2019,Thu,1000,Charged,264
2019,Thu,1000,Final,54
2019,Thu,1000,Warning (T-Stop),97
2019,Thu,1100,Charged,324
2019,Thu,1100,Data Quality,1
2019,Thu,1100,Final,89
2019,Thu,1100,Warning (T-Stop),92
2019,Thu,1200,Charged,423
2019,Thu,1200,Data Quality,3
2019,Thu,1200,Final,86
2019,Thu,1200,Warning (T-Stop),105
2019,Thu,1300,Charged,386
2019,Thu,1300,Data Quality,1
2019,Thu,1300,Final,96
2019,Thu,1300,Warning (T-Stop),124
2019,Thu,1400,Charged,225
2019,Thu,1400,Final,66
2019,Thu,1400,Warning (T-Stop),114
2019,Thu,1500,Charged,166
2019,Thu,1500,Final,57
2019,Thu,1500,Warning (T-Stop),73
2019,Thu,1600,Charged,173
2019,Thu,1600,Final,47
2019,Thu,1600,Warning (T-Stop),62
2019,Thu,1700,Charged,170
2019,Thu,1700,Data Quality,1
2019,Thu,1700,Final,57
2019,Thu,1700,Warning (T-Stop),64
2019,Thu,1800,Charged,103
2019,Thu,1800,Final,49
2019,Thu,1800,Warning (T-Stop),64
2019,Thu,1900,Charged,87
2019,Thu,1900,Data Quality,1
2019,Thu,1900,Final,64
2019,Thu,1900,Warning (T-Stop),65
2019,Thu,2000,Charged,48
2019,Thu,2000,Final,62
2019,Thu,2000,Warning (T-Stop),40
2019,Thu,2100,Charged,96
2019,Thu,2100,Data Quality,1
2019,Thu,2100,Final,90
2019,Thu,2100,Warning (T-Stop),131
2019,Thu,2200,Charged,68
2019,Thu,2200,Final,120
2019,Thu,2200,Warning (T-Stop),166
2019,Thu,2300,Charged,73
2019,Thu,2300,Data Quality,3
2019,Thu,2300,Final,89
2019,Thu,2300,Warning (T-Stop),139
2019,Tue,0,Charged,65
2019,Tue,0,Final,124
2019,Tue,0,Warning (T-Stop),126
2019,Tue,100,Charged,55
2019,Tue,100,Final,86
2019,Tue,100,Warning (T-Stop),95
2019,Tue,200,Charged,25
2019,Tue,200,Final,53
2019,Tue,200,Warning (T-Stop),66
2019,Tue,300,Charged,19
2019,Tue,300,Data Quality,1
2019,Tue,300,Final,34
2019,Tue,300,Warning (T-Stop),38
2019,Tue,400,Charged,15
2019,Tue,400,Final,29
2019,Tue,400,Warning (T-Stop),33
2019,Tue,500,Charged,27
2019,Tue,500,Data Quality,1
2019,Tue,500,Final,19
2019,Tue,500,Warning (T-Stop),28
2019,Tue,600,Charged,89
2019,Tue,600,Data Quality,1
2019,Tue,600,Final,15
2019,Tue,600,Warning (T-Stop),24
2019,Tue,700,Charged,275
2019,Tue,700,Final,47
2019,Tue,700,Warning (T-Stop),102
2019,Tue,800,Charged,356
2019,Tue,800,Data Quality,1
2019,Tue,800,Final,75
2019,Tue,800,Warning (T-Stop),179
2019,Tue,900,Charged,240
2019,Tue,900,Data Quality,1
2019,Tue,900,Final,80
2019,Tue,900,Warning (T-Stop),135
2019,Tue,1000,Charged,268
2019,Tue,1000,Data Quality,1
2019,Tue,1000,Final,80
2019,Tue,1000,Warning (T-Stop),123
2019,Tue,1100,Charged,330
2019,Tue,1100,Data Quality,1
2019,Tue,1100,Final,78
2019,Tue,1100,Warning (T-Stop),115
2019,Tue,1200,Charged,429
2019,Tue,1200,Final,92
2019,Tue,1200,Warning (T-Stop),118
2019,Tue,1300,Charged,352
2019,Tue,1300,Data Quality,1
2019,Tue,1300,Final,112
2019,Tue,1300,Warning (T-Stop),117
2019,Tue,1400,Charged,239
2019,Tue,1400,Final,91
2019,Tue,1400,Warning (T-Stop),114
2019,Tue,1500,Charged,217
2019,Tue,1500,Data Quality,3
2019,Tue,1500,Final,85
2019,Tue,1500,Warning (T-Stop),109
2019,Tue,1600,Charged,262
2019,Tue,1600,Data Quality,1
2019,Tue,1600,Final,51
2019,Tue,1600,Warning (T-Stop),78
2019,Tue,1700,Charged,225
2019,Tue,1700,Final,59
2019,Tue,1700,Warning (T-Stop),86
2019,Tue,1800,Charged,135
2019,Tue,1800,Final,54
2019,Tue,1800,Warning (T-Stop),59
2019,Tue,1900,Charged,60
2019,Tue,1900,Final,46
2019,Tue,1900,Warning (T-Stop),56
2019,Tue,2000,Charged,24
2019,Tue,2000,Final,38
2019,Tue,2000,Warning (T-Stop),43
2019,Tue,2100,Charged,61
2019,Tue,2100,Final,74
2019,Tue,2100,Warning (T-Stop),155
2019,Tue,2200,Charged,102
2019,Tue,2200,Data Quality,1
2019,Tue,2200,Final,129
2019,Tue,2200,Warning (T-Stop),183
2019,Tue,2300,Charged,85
2019,Tue,2300,Data Quality,1
2019,Tue,2300,Final,136
2019,Tue,2300,Warning (T-Stop),149
2019,Wed,0,Charged,78
2019,Wed,0,Final,116
2019,Wed,0,Warning (T-Stop),144
2019,Wed,100,Charged,44
2019,Wed,100,Final,97
2019,Wed,100,Warning (T-Stop),98
2019,Wed,200,Charged,34
2019,Wed,200,Final,66
2019,Wed,200,Warning (T-Stop),54
2019,Wed,300,Charged,23
2019,Wed,300,Final,42
2019,Wed,300,Warning (T-Stop),38
2019,Wed,400,Charged,19
2019,Wed,400,Data Quality,1
2019,Wed,400,Final,37
2019,Wed,400,Warning (T-Stop),31
2019,Wed,500,Charged,33
2019,Wed,500,Final,19
2019,Wed,500,Warning (T-Stop),30
2019,Wed,600,Charged,111
2019,Wed,600,Data Quality,1
2019,Wed,600,Final,13
2019,Wed,600,Warning (T-Stop),26
2019,Wed,700,Charged,348
2019,Wed,700,Data Quality,2
2019,Wed,700,Final,43
2019,Wed,700,Warning (T-Stop),87
2019,Wed,800,Charged,445
2019,Wed,800,Final,65
2019,Wed,800,Warning (T-Stop),128
2019,Wed,900,Charged,265
2019,Wed,900,Data Quality,1
2019,Wed,900,Final,79
2019,Wed,900,Warning (T-Stop),128
2019,Wed,1000,Charged,310
2019,Wed,1000,Data Quality,2
2019,Wed,1000,Final,72
2019,Wed,1000,Warning (T-Stop),100
2019,Wed,1100,Charged,380
2019,Wed,1100,Final,65
2019,Wed,1100,Warning (T-Stop),130
2019,Wed,1200,Charged,453
2019,Wed,1200,Data Quality,1
2019,Wed,1200,Final,88
2019,Wed,1200,Warning (T-Stop),136
2019,Wed,1300,Charged,446
2019,Wed,1300,Data Quality,1
2019,Wed,1300,Final,111
2019,Wed,1300,Warning (T-Stop),118
2019,Wed,1400,Charged,264
2019,Wed,1400,Data Quality,1
2019,Wed,1400,Final,82
2019,Wed,1400,Warning (T-Stop),100
2019,Wed,1500,Charged,192
2019,Wed,1500,Data Quality,1
2019,Wed,1500,Final,84
2019,Wed,1500,Warning (T-Stop),90
2019,Wed,1600,Charged,228
2019,Wed,1600,Final,45
2019,Wed,1600,Warning (T-Stop),74
2019,Wed,1700,Charged,157
2019,Wed,1700,Final,42
2019,Wed,1700,Warning (T-Stop),54
2019,Wed,1800,Charged,117
2019,Wed,1800,Final,44
2019,Wed,1800,Warning (T-Stop),48
2019,Wed,1900,Charged,57
2019,Wed,1900,Final,50
2019,Wed,1900,Warning (T-Stop),57
2019,Wed,2000,Charged,58
2019,Wed,2000,Final,49
2019,Wed,2000,Warning (T-Stop),52
2019,Wed,2100,Charged,55
2019,Wed,2100,Final,95
2019,Wed,2100,Warning (T-Stop),130
2019,Wed,2200,Charged,87
2019,Wed,2200,Data Quality,2
2019,Wed,2200,Final,112
2019,Wed,2200,Warning (T-Stop),166
2019,Wed,2300,Charged,79
2019,Wed,2300,Data Quality,1
2019,Wed,2300,Final,110
2019,Wed,2300,Warning (T-Stop),169
2020,Fri,0,Charged,56
2020,Fri,0,Final,112
2020,Fri,0,Warning (T-Stop),108
2020,Fri,100,Charged,54
2020,Fri,100,Final,104
2020,Fri,100,Warning (T-Stop),69
2020,Fri,200,Charged,19
2020,Fri,200,Data Quality,1
2020,Fri,200,Final,69
2020,Fri,200,Warning (T-Stop),39
2020,Fri,300,Charged,12
2020,Fri,300,Final,48
2020,Fri,300,Warning (T-Stop),23
2020,Fri,400,Charged,9
2020,Fri,400,Final,39
2020,Fri,400,Warning (T-Stop),20
2020,Fri,500,Charged,20
2020,Fri,500,Data Quality,1
2020,Fri,500,Final,8
2020,Fri,500,Warning (T-Stop),16
2020,Fri,600,Charged,59
2020,Fri,600,Final,4
2020,Fri,600,Warning (T-Stop),23
2020,Fri,700,Charged,169
2020,Fri,700,Data Quality,2
2020,Fri,700,Final,40
2020,Fri,700,Warning (T-Stop),89
2020,Fri,800,Charged,270
2020,Fri,800,Final,61
2020,Fri,800,Warning (T-Stop),112
2020,Fri,900,Charged,203
2020,Fri,900,Final,73
2020,Fri,900,Warning (T-Stop),97
2020,Fri,1000,Charged,165
2020,Fri,1000,Final,51
2020,Fri,1000,Warning (T-Stop),96
2020,Fri,1100,Charged,216
2020,Fri,1100,Final,68
2020,Fri,1100,Warning (T-Stop),87
2020,Fri,1200,Charged,212
2020,Fri,1200,Data Quality,1
2020,Fri,1200,Final,94
2020,Fri,1200,Warning (T-Stop),103
2020,Fri,1300,Charged,195
2020,Fri,1300,Data Quality,1
2020,Fri,1300,Final,97
2020,Fri,1300,Warning (T-Stop),97
2020,Fri,1400,Charged,131
2020,Fri,1400,Data Quality,3
2020,Fri,1400,Final,81
2020,Fri,1400,Warning (T-Stop),87
2020,Fri,1500,Charged,163
2020,Fri,1500,Final,58
2020,Fri,1500,Warning (T-Stop),89
2020,Fri,1600,Charged,187
2020,Fri,1600,Final,50
2020,Fri,1600,Warning (T-Stop),71
2020,Fri,1700,Charged,183
2020,Fri,1700,Data Quality,1
2020,Fri,1700,Final,47
2020,Fri,1700,Warning (T-Stop),51
2020,Fri,1800,Charged,172
2020,Fri,1800,Final,61
2020,Fri,1800,Warning (T-Stop),63
2020,Fri,1900,Charged,122
2020,Fri,1900,Final,62
2020,Fri,1900,Warning (T-Stop),66
2020,Fri,2000,Charged,135
2020,Fri,2000,Final,71
2020,Fri,2000,Warning (T-Stop),62
2020,Fri,2100,Charged,160
2020,Fri,2100,Data Quality,1
2020,Fri,2100,Final,120
2020,Fri,2100,Warning (T-Stop),152
2020,Fri,2200,Charged,129
2020,Fri,2200,Data Quality,1
2020,Fri,2200,Final,183
2020,Fri,2200,Warning (T-Stop),143
2020,Fri,2300,Charged,118
2020,Fri,2300,Data Quality,1
2020,Fri,2300,Final,143
2020,Fri,2300,Warning (T-Stop),141
2020,Mon,0,Charged,59
2020,Mon,0,Data Quality,3
2020,Mon,0,Final,121
2020,Mon,0,Warning (T-Stop),105
2020,Mon,100,Charged,32
2020,Mon,100,Data Quality,1
2020,Mon,100,Final,90
2020,Mon,100,Warning (T-Stop),67
2020,Mon,200,Charged,34
2020,Mon,200,Final,65
2020,Mon,200,Warning (T-Stop),37
2020,Mon,300,Charged,16
2020,Mon,300,Final,69
2020,Mon,300,Warning (T-Stop),21
2020,Mon,400,Charged,18
2020,Mon,400,Data Quality,1
2020,Mon,400,Final,34
2020,Mon,400,Warning (T-Stop),27
2020,Mon,500,Charged,32
2020,Mon,500,Final,19
2020,Mon,500,Warning (T-Stop),29
2020,Mon,600,Charged,71
2020,Mon,600,Final,7
2020,Mon,600,Warning (T-Stop),23
2020,Mon,700,Charged,155
2020,Mon,700,Final,50
2020,Mon,700,Warning (T-Stop),83
2020,Mon,800,Charged,180
2020,Mon,800,Final,51
2020,Mon,800,Warning (T-Stop),122
2020,Mon,900,Charged,182
2020,Mon,900,Final,59
2020,Mon,900,Warning (T-Stop),122
2020,Mon,1000,Charged,179
2020,Mon,1000,Final,69
2020,Mon,1000,Warning (T-Stop),104
2020,Mon,1100,Charged,199
2020,Mon,1100,Data Quality,2
2020,Mon,1100,Final,82
2020,Mon,1100,Warning (T-Stop),113
2020,Mon,1200,Charged,291
2020,Mon,1200,Data Quality,1
2020,Mon,1200,Final,90
2020,Mon,1200,Warning (T-Stop),102
2020,Mon,1300,Charged,253
2020,Mon,1300,Final,75
2020,Mon,1300,Warning (T-Stop),115
2020,Mon,1400,Charged,182
2020,Mon,1400,Final,87
2020,Mon,1400,Warning (T-Stop),114
2020,Mon,1500,Charged,184
2020,Mon,1500,Data Quality,1
2020,Mon,1500,Final,63
2020,Mon,1500,Warning (T-Stop),102
2020,Mon,1600,Charged,162
2020,Mon,1600,Final,61
2020,Mon,1600,Warning (T-Stop),61
2020,Mon,1700,Charged,121
2020,Mon,1700,Final,50
2020,Mon,1700,Warning (T-Stop),65
2020,Mon,1800,Charged,116
2020,Mon,1800,Final,51
2020,Mon,1800,Warning (T-Stop),60
2020,Mon,1900,Charged,62
2020,Mon,1900,Final,50
2020,Mon,1900,Warning (T-Stop),64
2020,Mon,2000,Charged,39
2020,Mon,2000,Final,36
2020,Mon,2000,Warning (T-Stop),44
2020,Mon,2100,Charged,57
2020,Mon,2100,Data Quality,3
2020,Mon,2100,Final,80
2020,Mon,2100,Warning (T-Stop),112
2020,Mon,2200,Charged,64
2020,Mon,2200,Data Quality,1
2020,Mon,2200,Final,109
2020,Mon,2200,Warning (T-Stop),133
2020,Mon,2300,Charged,81
2020,Mon,2300,Final,137
2020,Mon,2300,Warning (T-Stop),173
2020,Sat,0,Charged,87
2020,Sat,0,Data Quality,2
2020,Sat,0,Final,130
2020,Sat,0,Warning (T-Stop),134
2020,Sat,100,Charged,53
2020,Sat,100,Data Quality,3
2020,Sat,100,Final,119
2020,Sat,100,Warning (T-Stop),109
2020,Sat,200,Charged,40
2020,Sat,200,Data Quality,1
2020,Sat,200,Final,104
2020,Sat,200,Warning (T-Stop),66
2020,Sat,300,Charged,19
2020,Sat,300,Final,54
2020,Sat,300,Warning (T-Stop),44
2020,Sat,400,Charged,21
2020,Sat,400,Final,38
2020,Sat,400,Warning (T-Stop),19
2020,Sat,500,Charged,12
2020,Sat,500,Data Quality,1
2020,Sat,500,Final,17
2020,Sat,500,Warning (T-Stop),20
2020,Sat,600,Charged,25
2020,Sat,600,Final,8
2020,Sat,600,Warning (T-Stop),16
2020,Sat,700,Charged,90
2020,Sat,700,Final,31
2020,Sat,700,Warning (T-Stop),59
2020,Sat,800,Charged,129
2020,Sat,800,Data Quality,1
2020,Sat,800,Final,64
2020,Sat,800,Warning (T-Stop),101
2020,Sat,900,Charged,183
2020,Sat,900,Final,78
2020,Sat,900,Warning (T-Stop),100
2020,Sat,1000,Charged,148
2020,Sat,1000,Data Quality,1
2020,Sat,1000,Final,72
2020,Sat,1000,Warning (T-Stop),79
2020,Sat,1100,Charged,143
2020,Sat,1100,Final,58
2020,Sat,1100,Warning (T-Stop),83
2020,Sat,1200,Charged,171
2020,Sat,1200,Final,86
2020,Sat,1200,Warning (T-Stop),110
2020,Sat,1300,Charged,140
2020,Sat,1300,Final,94
2020,Sat,1300,Warning (T-Stop),111
2020,Sat,1400,Charged,89
2020,Sat,1400,Data Quality,2
2020,Sat,1400,Final,77
2020,Sat,1400,Warning (T-Stop),87
2020,Sat,1500,Charged,71
2020,Sat,1500,Final,77
2020,Sat,1500,Warning (T-Stop),62
2020,Sat,1600,Charged,76
2020,Sat,1600,Data Quality,1
2020,Sat,1600,Final,46
2020,Sat,1600,Warning (T-Stop),50
2020,Sat,1700,Charged,116
2020,Sat,1700,Final,47
2020,Sat,1700,Warning (T-Stop),78
2020,Sat,1800,Charged,98
2020,Sat,1800,Data Quality,1
2020,Sat,1800,Final,45
2020,Sat,1800,Warning (T-Stop),67
2020,Sat,1900,Charged,83
2020,Sat,1900,Data Quality,2
2020,Sat,1900,Final,74
2020,Sat,1900,Warning (T-Stop),79
2020,Sat,2000,Charged,70
2020,Sat,2000,Final,42
2020,Sat,2000,Warning (T-Stop),70
2020,Sat,2100,Charged,103
2020,Sat,2100,Data Quality,1
2020,Sat,2100,Final,109
2020,Sat,2100,Warning (T-Stop),165
2020,Sat,2200,Charged,93
2020,Sat,2200,Data Quality,2
2020,Sat,2200,Final,179
2020,Sat,2200,Warning (T-Stop),151
2020,Sat,2300,Charged,103
2020,Sat,2300,Data Quality,3
2020,Sat,2300,Final,177
2020,Sat,2300,Warning (T-Stop),173
2020,Sun,0,Charged,65
2020,Sun,0,Data Quality,1
2020,Sun,0,Final,157
2020,Sun,0,Warning (T-Stop),134
2020,Sun,100,Charged,63
2020,Sun,100,Final,137
2020,Sun,100,Warning (T-Stop),126
2020,Sun,200,Charged,29
2020,Sun,200,Data Quality,3
2020,Sun,200,Final,89
2020,Sun,200,Warning (T-Stop),68
2020,Sun,300,Charged,26
2020,Sun,300,Final,70
2020,Sun,300,Warning (T-Stop),38
2020,Sun,400,Charged,19
2020,Sun,400,Final,46
2020,Sun,400,Warning (T-Stop),22
2020,Sun,500,Charged,15
2020,Sun,500,Final,32
2020,Sun,500,Warning (T-Stop),24
2020,Sun,600,Charged,9
2020,Sun,600,Final,9
2020,Sun,600,Warning (T-Stop),12
2020,Sun,700,Charged,41
2020,Sun,700,Data Quality,1
2020,Sun,700,Final,29
2020,Sun,700,Warning (T-Stop),37
2020,Sun,800,Charged,92
2020,Sun,800,Final,35
2020,Sun,800,Warning (T-Stop),82
2020,Sun,900,Charged,137
2020,Sun,900,Final,49
2020,Sun,900,Warning (T-Stop),84
2020,Sun,1000,Charged,134
2020,Sun,1000,Data Quality,2
2020,Sun,1000,Final,54
2020,Sun,1000,Warning (T-Stop),87
2020,Sun,1100,Charged,128
2020,Sun,1100,Final,63
2020,Sun,1100,Warning (T-Stop),94
2020,Sun,1200,Charged,137
2020,Sun,1200,Data Quality,2
2020,Sun,1200,Final,75
2020,Sun,1200,Warning (T-Stop),103
2020,Sun,1300,Charged,123
2020,Sun,1300,Data Quality,1
2020,Sun,1300,Final,82
2020,Sun,1300,Warning (T-Stop),96
2020,Sun,1400,Charged,99
2020,Sun,1400,Data Quality,1
2020,Sun,1400,Final,71
2020,Sun,1400,Warning (T-Stop),84
2020,Sun,1500,Charged,64
2020,Sun,1500,Final,54
2020,Sun,1500,Warning (T-Stop),53
2020,Sun,1600,Charged,54
2020,Sun,1600,Final,40
2020,Sun,1600,Warning (T-Stop),38
2020,Sun,1700,Charged,60
2020,Sun,1700,Final,50
2020,Sun,1700,Warning (T-Stop),61
2020,Sun,1800,Charged,52
2020,Sun,1800,Final,42
2020,Sun,1800,Warning (T-Stop),52
2020,Sun,1900,Charged,50
2020,Sun,1900,Final,38
2020,Sun,1900,Warning (T-Stop),41
2020,Sun,2000,Charged,31
2020,Sun,2000,Final,48
2020,Sun,2000,Warning (T-Stop),39
2020,Sun,2100,Charged,56
2020,Sun,2100,Data Quality,1
2020,Sun,2100,Final,96
2020,Sun,2100,Warning (T-Stop),97
2020,Sun,2200,Charged,59
2020,Sun,2200,Data Quality,3
2020,Sun,2200,Final,114
2020,Sun,2200,Warning (T-Stop),125
2020,Sun,2300,Charged,82
2020,Sun,2300,Data Quality,2
2020,Sun,2300,Final,140
2020,Sun,2300,Warning (T-Stop),151
2020,Thu,0,Charged,67
2020,Thu,0,Data Quality,1
2020,Thu,0,Final,113
2020,Thu,0,Warning (T-Stop),109
2020,Thu,100,Charged,54
2020,Thu,100,Data Quality,2
2020,Thu,100,Final,103
2020,Thu,100,Warning (T-Stop),57
2020,Thu,200,Charged,26
2020,Thu,200,Data Quality,1
2020,Thu,200,Final,74
2020,Thu,200,Warning (T-Stop),45
2020,Thu,300,Charged,10
2020,Thu,300,Final,71
2020,Thu,300,Warning (T-Stop),26
2020,Thu,400,Charged,19
2020,Thu,400,Data Quality,2
2020,Thu,400,Final,31
2020,Thu,400,Warning (T-Stop),29
2020,Thu,500,Charged,24
2020,Thu,500,Final,22
2020,Thu,500,Warning (T-Stop),21
2020,Thu,600,Charged,61
2020,Thu,600,Final,10
2020,Thu,600,Warning (T-Stop),31
2020,Thu,700,Charged,208
2020,Thu,700,Final,43
2020,Thu,700,Warning (T-Stop),82
2020,Thu,800,Charged,279
2020,Thu,800,Final,60
2020,Thu,800,Warning (T-Stop),114
2020,Thu,900,Charged,280
2020,Thu,900,Final,65
2020,Thu,900,Warning (T-Stop),121
2020,Thu,1000,Charged,213
2020,Thu,1000,Final,63
2020,Thu,1000,Warning (T-Stop),92
2020,Thu,1100,Charged,275
2020,Thu,1100,Final,76
2020,Thu,1100,Warning (T-Stop),78
2020,Thu,1200,Charged,302
2020,Thu,1200,Data Quality,1
2020,Thu,1200,Final,95
2020,Thu,1200,Warning (T-Stop),89
2020,Thu,1300,Charged,278
2020,Thu,1300,Data Quality,1
2020,Thu,1300,Final,92
2020,Thu,1300,Warning (T-Stop),84
2020,Thu,1400,Charged,175
2020,Thu,1400,Data Quality,1
2020,Thu,1400,Final,80
2020,Thu,1400,Warning (T-Stop),79
2020,Thu,1500,Charged,153
2020,Thu,1500,Final,75
2020,Thu,1500,Warning (T-Stop),66
2020,Thu,1600,Charged,204
2020,Thu,1600,Final,41
2020,Thu,1600,Warning (T-Stop),50
2020,Thu,1700,Charged,199
2020,Thu,1700,Data Quality,1
2020,Thu,1700,Final,54
2020,Thu,1700,Warning (T-Stop),67
2020,Thu,1800,Charged,185
2020,Thu,1800,Final,40
2020,Thu,1800,Warning (T-Stop),54
2020,Thu,1900,Charged,127
2020,Thu,1900,Final,49
2020,Thu,1900,Warning (T-Stop),47
2020,Thu,2000,Charged,113
2020,Thu,2000,Final,44
2020,Thu,2000,Warning (T-Stop),52
2020,Thu,2100,Charged,107
2020,Thu,2100,Data Quality,1
2020,Thu,2100,Final,97
2020,Thu,2100,Warning (T-Stop),138
2020,Thu,2200,Charged,117
2020,Thu,2200,Data Quality,2
2020,Thu,2200,Final,143
2020,Thu,2200,Warning (T-Stop),128
2020,Thu,2300,Charged,103
2020,Thu,2300,Data Quality,1
2020,Thu,2300,Final,162
2020,Thu,2300,Warning (T-Stop),128
2020,Tue,0,Charged,62
2020,Tue,0,Data Quality,2
2020,Tue,0,Final,126
2020,Tue,0,Warning (T-Stop),123
2020,Tue,100,Charged,38
2020,Tue,100,Final,94
2020,Tue,100,Warning (T-Stop),80
2020,Tue,200,Charged,23
2020,Tue,200,Data Quality,1
2020,Tue,200,Final,63
2020,Tue,200,Warning (T-Stop),54
2020,Tue,300,Charged,9
2020,Tue,300,Final,38
2020,Tue,300,Warning (T-Stop),27
2020,Tue,400,Charged,7
2020,Tue,400,Final,27
2020,Tue,400,Warning (T-Stop),16
2020,Tue,500,Charged,13
2020,Tue,500,Final,15
2020,Tue,500,Warning (T-Stop),24
2020,Tue,600,Charged,76
2020,Tue,600,Final,17
2020,Tue,600,Warning (T-Stop),20
2020,Tue,700,Charged,232
2020,Tue,700,Data Quality,1
2020,Tue,700,Final,42
2020,Tue,700,Warning (T-Stop),93
2020,Tue,800,Charged,294
2020,Tue,800,Final,71
2020,Tue,800,Warning (T-Stop),139
2020,Tue,900,Charged,275
2020,Tue,900,Data Quality,1
2020,Tue,900,Final,71
2020,Tue,900,Warning (T-Stop),116
2020,Tue,1000,Charged,260
2020,Tue,1000,Final,69
2020,Tue,1000,Warning (T-Stop),95
2020,Tue,1100,Charged,308
2020,Tue,1100,Data Quality,1
2020,Tue,1100,Final,91
2020,Tue,1100,Warning (T-Stop),120
2020,Tue,1200,Charged,366
2020,Tue,1200,Data Quality,1
2020,Tue,1200,Final,81
2020,Tue,1200,Warning (T-Stop),97
2020,Tue,1300,Charged,392
2020,Tue,1300,Data Quality,2
2020,Tue,1300,Final,89
2020,Tue,1300,Warning (T-Stop),113
2020,Tue,1400,Charged,199
2020,Tue,1400,Final,88
2020,Tue,1400,Warning (T-Stop),104
2020,Tue,1500,Charged,182
2020,Tue,1500,Final,65
2020,Tue,1500,Warning (T-Stop),81
2020,Tue,1600,Charged,147
2020,Tue,1600,Data Quality,1
2020,Tue,1600,Final,49
2020,Tue,1600,Warning (T-Stop),59
2020,Tue,1700,Charged,128
2020,Tue,1700,Final,57
2020,Tue,1700,Warning (T-Stop),75
2020,Tue,1800,Charged,89
2020,Tue,1800,Final,43
2020,Tue,1800,Warning (T-Stop),46
2020,Tue,1900,Charged,50
2020,Tue,1900,Data Quality,2
2020,Tue,1900,Final,47
2020,Tue,1900,Warning (T-Stop),51
2020,Tue,2000,Charged,22
2020,Tue,2000,Final,45
2020,Tue,2000,Warning (T-Stop),37
2020,Tue,2100,Charged,72
2020,Tue,2100,Final,100
2020,Tue,2100,Warning (T-Stop),122
2020,Tue,2200,Charged,69
2020,Tue,2200,Data Quality,1
2020,Tue,2200,Final,108
2020,Tue,2200,Warning (T-Stop),127
2020,Tue,2300,Charged,63
2020,Tue,2300,Data Quality,1
2020,Tue,2300,Final,125
2020,Tue,2300,Warning (T-Stop),120
2020,Wed,0,Charged,50
2020,Wed,0,Data Quality,3
2020,Wed,0,Final,111
2020,Wed,0,Warning (T-Stop),116
2020,Wed,100,Charged,57
2020,Wed,100,Data Quality,1
2020,Wed,100,Final,91
2020,Wed,100,Warning (T-Stop),85
2020,Wed,200,Charged,18
2020,Wed,200,Final,61
2020,Wed,200,Warning (T-Stop),40
2020,Wed,300,Charged,13
2020,Wed,300,Data Quality,1
2020,Wed,300,Final,41
2020,Wed,300,Warning (T-Stop),30
2020,Wed,400,Charged,20
2020,Wed,400,Final,25
2020,Wed,400,Warning (T-Stop),31
2020,Wed,500,Charged,24
2020,Wed,500,Final,7
2020,Wed,500,Warning (T-Stop),32
2020,Wed,600,Charged,56
2020,Wed,600,Final,7
2020,Wed,600,Warning (T-Stop),13
2020,Wed,700,Charged,240
2020,Wed,700,Data Quality,1
2020,Wed,700,Final,39
2020,Wed,700,Warning (T-Stop),79
2020,Wed,800,Charged,303
2020,Wed,800,Data Quality,1
2020,Wed,800,Final,60
2020,Wed,800,Warning (T-Stop),119
2020,Wed,900,Charged,248
2020,Wed,900,Final,71
2020,Wed,900,Warning (T-Stop),97
2020,Wed,1000,Charged,264
2020,Wed,1000,Final,68
2020,Wed,1000,Warning (T-Stop),78
2020,Wed,1100,Charged,276
2020,Wed,1100,Final,85
2020,Wed,1100,Warning (T-Stop),92
2020,Wed,1200,Charged,321
2020,Wed,1200,Final,87
2020,Wed,1200,Warning (T-Stop),92
2020,Wed,1300,Charged,288
2020,Wed,1300,Data Quality,1
2020,Wed,1300,Final,112
2020,Wed,1300,Warning (T-Stop),102
2020,Wed,1400,Charged,201
2020,Wed,1400,Final,89
2020,Wed,1400,Warning (T-Stop),90
2020,Wed,1500,Charged,175
2020,Wed,1500,Data Quality,1
2020,Wed,1500,Final,57
2020,Wed,1500,Warning (T-Stop),89
2020,Wed,1600,Charged,157
2020,Wed,1600,Final,53
2020,Wed,1600,Warning (T-Stop),72
2020,Wed,1700,Charged,145
2020,Wed,1700,Data Quality,1
2020,Wed,1700,Final,30
2020,Wed,1700,Warning (T-Stop),57
2020,Wed,1800,Charged,92
2020,Wed,1800,Final,53
2020,Wed,1800,Warning (T-Stop),72
2020,Wed,1900,Charged,41
2020,Wed,1900,Final,52
2020,Wed,1900,Warning (T-Stop),61
2020,Wed,2000,Charged,35
2020,Wed,2000,Final,41
2020,Wed,2000,Warning (T-Stop),50
2020,Wed,2100,Charged,56
2020,Wed,2100,Data Quality,2
2020,Wed,2100,Final,108
2020,Wed,2100,Warning (T-Stop),134
2020,Wed,2200,Charged,76
2020,Wed,2200,Final,117
2020,Wed,2200,Warning (T-Stop),149
2020,Wed,2300,Charged,72
2020,Wed,2300,Data Quality,2
2020,Wed,2300,Final,148
2020,Wed,2300,Warning (T-Stop),142
2021,Fri,0,Charged,39
2021,Fri,0,Data Quality,2
2021,Fri,0,Final,91
2021,Fri,0,Warning (T-Stop),115
2021,Fri,100,Charged,39
2021,Fri,100,Data Quality,1
2021,Fri,100,Final,103
2021,Fri,100,Warning (T-Stop),70
2021,Fri,200,Charged,22
2021,Fri,200,Data Quality,3
2021,Fri,200,Final,51
2021,Fri,200,Warning (T-Stop),53
2021,Fri,300,Charged,8
2021,Fri,300,Final,47
2021,Fri,300,Warning (T-Stop),26
2021,Fri,400,Charged,15
2021,Fri,400,Data Quality,2
2021,Fri,400,Final,43
2021,Fri,400,Warning (T-Stop),22
2021,Fri,500,Charged,20
2021,Fri,500,Final,20
2021,Fri,500,Warning (T-Stop),22
2021,Fri,600,Charged,37
2021,Fri,600,Final,16
2021,Fri,600,Warning (T-Stop),23
2021,Fri,700,Charged,147
2021,Fri,700,Data Quality,1
2021,Fri,700,Final,33
2021,Fri,700,Warning (T-Stop),106
2021,Fri,800,Charged,211
2021,Fri,800,Data Quality,2
2021,Fri,800,Final,50
2021,Fri,800,Warning (T-Stop),126
2021,Fri,900,Charged,190
2021,Fri,900,Final,42
2021,Fri,900,Warning (T-Stop),133
2021,Fri,1000,Charged,182
2021,Fri,1000,Data Quality,1
2021,Fri,1000,Final,48
2021,Fri,1000,Warning (T-Stop),109
2021,Fri,1100,Charged,214
2021,Fri,1100,Final,61
2021,Fri,1100,Warning (T-Stop),93
2021,Fri,1200,Charged,221
2021,Fri,1200,Data Quality,1
2021,Fri,1200,Final,78
2021,Fri,1200,Warning (T-Stop),106
2021,Fri,1300,Charged,218
2021,Fri,1300,Data Quality,1
2021,Fri,1300,Final,64
2021,Fri,1300,Warning (T-Stop),127
2021,Fri,1400,Charged,161
2021,Fri,1400,Final,53
2021,Fri,1400,Warning (T-Stop),92
2021,Fri,1500,Charged,204
2021,Fri,1500,Data Quality,1
2021,Fri,1500,Final,56
2021,Fri,1500,Warning (T-Stop),85
2021,Fri,1600,Charged,215
2021,Fri,1600,Final,40
2021,Fri,1600,Warning (T-Stop),51
2021,Fri,1700,Charged,187
2021,Fri,1700,Final,66
2021,Fri,1700,Warning (T-Stop),74
2021,Fri,1800,Charged,214
2021,Fri,1800,Data Quality,1
2021,Fri,1800,Final,57
2021,Fri,1800,Warning (T-Stop),69
2021,Fri,1900,Charged,165
2021,Fri,1900,Final,54
2021,Fri,1900,Warning (T-Stop),81
2021,Fri,2000,Charged,146
2021,Fri,2000,Data Quality,1
2021,Fri,2000,Final,50
2021,Fri,2000,Warning (T-Stop),60
2021,Fri,2100,Charged,133
2021,Fri,2100,Data Quality,1
2021,Fri,2100,Final,122
2021,Fri,2100,Warning (T-Stop),202
2021,Fri,2200,Charged,119
2021,Fri,2200,Final,146
2021,Fri,2200,Warning (T-Stop),172
2021,Fri,2300,Charged,82
2021,Fri,2300,Data Quality,1
2021,Fri,2300,Final,139
2021,Fri,2300,Warning (T-Stop),184
2021,Mon,0,Charged,42
2021,Mon,0,Final,81
2021,Mon,0,Warning (T-Stop),76
2021,Mon,100,Charged,37
2021,Mon,100,Final,56
2021,Mon,100,Warning (T-Stop),56
2021,Mon,200,Charged,21
2021,Mon,200,Final,45
2021,Mon,200,Warning (T-Stop),48
2021,Mon,300,Charged,17
2021,Mon,300,Final,37
2021,Mon,300,Warning (T-Stop),29
2021,Mon,400,Charged,14
2021,Mon,400,Final,39
2021,Mon,400,Warning (T-Stop),22
2021,Mon,500,Charged,21
2021,Mon,500,Final,31
2021,Mon,500,Warning (T-Stop),26
2021,Mon,600,Charged,36
2021,Mon,600,Final,19
2021,Mon,600,Warning (T-Stop),28
2021,Mon,700,Charged,147
2021,Mon,700,Data Quality,1
2021,Mon,700,Final,32
2021,Mon,700,Warning (T-Stop),97
2021,Mon,800,Charged,197
2021,Mon,800,Data Quality,2
2021,Mon,800,Final,48
2021,Mon,800,Warning (T-Stop),156
2021,Mon,900,Charged,184
2021,Mon,900,Final,64
2021,Mon,900,Warning (T-Stop),133
2021,Mon,1000,Charged,159
2021,Mon,1000,Final,57
2021,Mon,1000,Warning (T-Stop),92
2021,Mon,1100,Charged,188
2021,Mon,1100,Data Quality,1
2021,Mon,1100,Final,60
2021,Mon,1100,Warning (T-Stop),97
2021,Mon,1200,Charged,224
2021,Mon,1200,Final,64
2021,Mon,1200,Warning (T-Stop),110
2021,Mon,1300,Charged,245
2021,Mon,1300,Final,61
2021,Mon,1300,Warning (T-Stop),114
2021,Mon,1400,Charged,180
2021,Mon,1400,Final,70
2021,Mon,1400,Warning (T-Stop),89
2021,Mon,1500,Charged,148
2021,Mon,1500,Data Quality,1
2021,Mon,1500,Final,57
2021,Mon,1500,Warning (T-Stop),91
2021,Mon,1600,Charged,109
2021,Mon,1600,Final,32
2021,Mon,1600,Warning (T-Stop),62
2021,Mon,1700,Charged,113
2021,Mon,1700,Data Quality,1
2021,Mon,1700,Final,51
2021,Mon,1700,Warning (T-Stop),69
2021,Mon,1800,Charged,92
2021,Mon,1800,Final,36
2021,Mon,1800,Warning (T-Stop),50
2021,Mon,1900,Charged,44
2021,Mon,1900,Final,34
2021,Mon,1900,Warning (T-Stop),45
2021,Mon,2000,Charged,19
2021,Mon,2000,Final,30
2021,Mon,2000,Warning (T-Stop),47
2021,Mon,2100,Charged,59
2021,Mon,2100,Final,78
2021,Mon,2100,Warning (T-Stop),120
2021,Mon,2200,Charged,48
2021,Mon,2200,Final,86
2021,Mon,2200,Warning (T-Stop),141
2021,Mon,2300,Charged,63
2021,Mon,2300,Data Quality,2
2021,Mon,2300,Final,91
2021,Mon,2300,Warning (T-Stop),150
2021,Sat,0,Charged,58
2021,Sat,0,Data Quality,3
2021,Sat,0,Final,117
2021,Sat,0,Warning (T-Stop),157
2021,Sat,100,Charged,45
2021,Sat,100,Data Quality,5
2021,Sat,100,Final,103
2021,Sat,100,Warning (T-Stop),118
2021,Sat,200,Charged,32
2021,Sat,200,Data Quality,2
2021,Sat,200,Final,88
2021,Sat,200,Warning (T-Stop),58
2021,Sat,300,Charged,29
2021,Sat,300,Final,60
2021,Sat,300,Warning (T-Stop),38
2021,Sat,400,Charged,19
2021,Sat,400,Data Quality,1
2021,Sat,400,Final,54
2021,Sat,400,Warning (T-Stop),35
2021,Sat,500,Charged,25
2021,Sat,500,Final,34
2021,Sat,500,Warning (T-Stop),20
2021,Sat,600,Charged,27
2021,Sat,600,Final,14
2021,Sat,600,Warning (T-Stop),22
2021,Sat,700,Charged,59
2021,Sat,700,Final,26
2021,Sat,700,Warning (T-Stop),65
2021,Sat,800,Charged,101
2021,Sat,800,Final,37
2021,Sat,800,Warning (T-Stop),108
2021,Sat,900,Charged,117
2021,Sat,900,Final,49
2021,Sat,900,Warning (T-Stop),110
2021,Sat,1000,Charged,109
2021,Sat,1000,Final,61
2021,Sat,1000,Warning (T-Stop),115
2021,Sat,1100,Charged,113
2021,Sat,1100,Final,56
2021,Sat,1100,Warning (T-Stop),93
2021,Sat,1200,Charged,142
2021,Sat,1200,Data Quality,1
2021,Sat,1200,Final,48
2021,Sat,1200,Warning (T-Stop),109
2021,Sat,1300,Charged,123
2021,Sat,1300,Final,56
2021,Sat,1300,Warning (T-Stop),130
2021,Sat,1400,Charged,114
2021,Sat,1400,Data Quality,1
2021,Sat,1400,Final,50
2021,Sat,1400,Warning (T-Stop),95
2021,Sat,1500,Charged,122
2021,Sat,1500,Final,53
2021,Sat,1500,Warning (T-Stop),70
2021,Sat,1600,Charged,102
2021,Sat,1600,Data Quality,1
2021,Sat,1600,Final,34
2021,Sat,1600,Warning (T-Stop),43
2021,Sat,1700,Charged,120
2021,Sat,1700,Final,38
2021,Sat,1700,Warning (T-Stop),68
2021,Sat,1800,Charged,137
2021,Sat,1800,Data Quality,3
2021,Sat,1800,Final,50
2021,Sat,1800,Warning (T-Stop),80
2021,Sat,1900,Charged,118
2021,Sat,1900,Final,63
2021,Sat,1900,Warning (T-Stop),70
2021,Sat,2000,Charged,90
2021,Sat,2000,Data Quality,1
2021,Sat,2000,Final,53
2021,Sat,2000,Warning (T-Stop),65
2021,Sat,2100,Charged,100
2021,Sat,2100,Data Quality,2
2021,Sat,2100,Final,114
2021,Sat,2100,Warning (T-Stop),182
2021,Sat,2200,Charged,99
2021,Sat,2200,Final,119
2021,Sat,2200,Warning (T-Stop),175
2021,Sat,2300,Charged,76
2021,Sat,2300,Data Quality,1
2021,Sat,2300,Final,138
2021,Sat,2300,Warning (T-Stop),177
2021,Sun,0,Charged,78
2021,Sun,0,Data Quality,1
2021,Sun,0,Final,127
2021,Sun,0,Warning (T-Stop),136
2021,Sun,100,Charged,46
2021,Sun,100,Data Quality,2
2021,Sun,100,Final,112
2021,Sun,100,Warning (T-Stop),88
2021,Sun,200,Charged,25
2021,Sun,200,Final,78
2021,Sun,200,Warning (T-Stop),45
2021,Sun,300,Charged,24
2021,Sun,300,Final,76
2021,Sun,300,Warning (T-Stop),36
2021,Sun,400,Charged,11
2021,Sun,400,Data Quality,1
2021,Sun,400,Final,37
2021,Sun,400,Warning (T-Stop),20
2021,Sun,500,Charged,13
2021,Sun,500,Final,26
2021,Sun,500,Warning (T-Stop),13
2021,Sun,600,Charged,17
2021,Sun,600,Final,8
2021,Sun,600,Warning (T-Stop),11
2021,Sun,700,Charged,49
2021,Sun,700,Final,16
2021,Sun,700,Warning (T-Stop),41
2021,Sun,800,Charged,102
2021,Sun,800,Data Quality,1
2021,Sun,800,Final,36
2021,Sun,800,Warning (T-Stop),76
2021,Sun,900,Charged,121
2021,Sun,900,Final,50
2021,Sun,900,Warning (T-Stop),114
2021,Sun,1000,Charged,106
2021,Sun,1000,Final,35
2021,Sun,1000,Warning (T-Stop),93
2021,Sun,1100,Charged,129
2021,Sun,1100,Final,47
2021,Sun,1100,Warning (T-Stop),108
2021,Sun,1200,Charged,155
2021,Sun,1200,Final,50
2021,Sun,1200,Warning (T-Stop),86
2021,Sun,1300,Charged,112
2021,Sun,1300,Final,40
2021,Sun,1300,Warning (T-Stop),94
2021,Sun,1400,Charged,80
2021,Sun,1400,Final,52
2021,Sun,1400,Warning (T-Stop),90
2021,Sun,1500,Charged,73
2021,Sun,1500,Data Quality,1
2021,Sun,1500,Final,44
2021,Sun,1500,Warning (T-Stop),62
2021,Sun,1600,Charged,45
2021,Sun,1600,Data Quality,1
2021,Sun,1600,Final,35
2021,Sun,1600,Warning (T-Stop),51
2021,Sun,1700,Charged,40
2021,Sun,1700,Final,52
2021,Sun,1700,Warning (T-Stop),57
2021,Sun,1800,Charged,34
2021,Sun,1800,Final,40
2021,Sun,1800,Warning (T-Stop),60
2021,Sun,1900,Charged,28
2021,Sun,1900,Data Quality,2
2021,Sun,1900,Final,41
2021,Sun,1900,Warning (T-Stop),59
2021,Sun,2000,Charged,19
2021,Sun,2000,Data Quality,1
2021,Sun,2000,Final,36
2021,Sun,2000,Warning (T-Stop),40
2021,Sun,2100,Charged,68
2021,Sun,2100,Final,71
2021,Sun,2100,Warning (T-Stop),117
2021,Sun,2200,Charged,60
2021,Sun,2200,Final,93
2021,Sun,2200,Warning (T-Stop),122
2021,Sun,2300,Charged,50
2021,Sun,2300,Data Quality,1
2021,Sun,2300,Final,94
2021,Sun,2300,Warning (T-Stop),101
2021,Thu,0,Charged,46
2021,Thu,0,Data Quality,1
2021,Thu,0,Final,111
2021,Thu,0,Warning (T-Stop),116
2021,Thu,100,Charged,42
2021,Thu,100,Final,95
2021,Thu,100,Warning (T-Stop),80
2021,Thu,200,Charged,23
2021,Thu,200,Data Quality,1
2021,Thu,200,Final,63
2021,Thu,200,Warning (T-Stop),55
2021,Thu,300,Charged,19
2021,Thu,300,Data Quality,2
2021,Thu,300,Final,62
2021,Thu,300,Warning (T-Stop),36
2021,Thu,400,Charged,15
2021,Thu,400,Data Quality,1
2021,Thu,400,Final,55
2021,Thu,400,Warning (T-Stop),23
2021,Thu,500,Charged,23
2021,Thu,500,Final,24
2021,Thu,500,Warning (T-Stop),35
2021,Thu,600,Charged,48
2021,Thu,600,Final,9
2021,Thu,600,Warning (T-Stop),26
2021,Thu,700,Charged,163
2021,Thu,700,Final,45
2021,Thu,700,Warning (T-Stop),104
2021,Thu,800,Charged,283
2021,Thu,800,Final,56
2021,Thu,800,Warning (T-Stop),116
2021,Thu,900,Charged,234
2021,Thu,900,Data Quality,1
2021,Thu,900,Final,54
2021,Thu,900,Warning (T-Stop),101
2021,Thu,1000,Charged,219
2021,Thu,1000,Data Quality,1
2021,Thu,1000,Final,52
2021,Thu,1000,Warning (T-Stop),101
2021,Thu,1100,Charged,211
2021,Thu,1100,Final,58
2021,Thu,1100,Warning (T-Stop),89
2021,Thu,1200,Charged,274
2021,Thu,1200,Final,77
2021,Thu,1200,Warning (T-Stop),99
2021,Thu,1300,Charged,228
2021,Thu,1300,Data Quality,1
2021,Thu,1300,Final,88
2021,Thu,1300,Warning (T-Stop),94
2021,Thu,1400,Charged,189
2021,Thu,1400,Final,48
2021,Thu,1400,Warning (T-Stop),84
2021,Thu,1500,Charged,132
2021,Thu,1500,Final,36
2021,Thu,1500,Warning (T-Stop),59
2021,Thu,1600,Charged,118
2021,Thu,1600,Data Quality,1
2021,Thu,1600,Final,27
2021,Thu,1600,Warning (T-Stop),39
2021,Thu,1700,Charged,99
2021,Thu,1700,Data Quality,1
2021,Thu,1700,Final,37
2021,Thu,1700,Warning (T-Stop),56
2021,Thu,1800,Charged,91
2021,Thu,1800,Final,36
2021,Thu,1800,Warning (T-Stop),54
2021,Thu,1900,Charged,36
2021,Thu,1900,Final,29
2021,Thu,1900,Warning (T-Stop),43
2021,Thu,2000,Charged,26
2021,Thu,2000,Final,23
2021,Thu,2000,Warning (T-Stop),53
2021,Thu,2100,Charged,42
2021,Thu,2100,Data Quality,3
2021,Thu,2100,Final,70
2021,Thu,2100,Warning (T-Stop),94
2021,Thu,2200,Charged,57
2021,Thu,2200,Final,87
2021,Thu,2200,Warning (T-Stop),139
2021,Thu,2300,Charged,51
2021,Thu,2300,Data Quality,1
2021,Thu,2300,Final,111
2021,Thu,2300,Warning (T-Stop),111
2021,Tue,0,Charged,39
2021,Tue,0,Data Quality,3
2021,Tue,0,Final,95
2021,Tue,0,Warning (T-Stop),108
2021,Tue,100,Charged,29
2021,Tue,100,Data Quality,3
2021,Tue,100,Final,81
2021,Tue,100,Warning (T-Stop),69
2021,Tue,200,Charged,23
2021,Tue,200,Data Quality,1
2021,Tue,200,Final,57
2021,Tue,200,Warning (T-Stop),39
2021,Tue,300,Charged,12
2021,Tue,300,Data Quality,2
2021,Tue,300,Final,48
2021,Tue,300,Warning (T-Stop),25
2021,Tue,400,Charged,8
2021,Tue,400,Data Quality,2
2021,Tue,400,Final,32
2021,Tue,400,Warning (T-Stop),18
2021,Tue,500,Charged,19
2021,Tue,500,Final,33
2021,Tue,500,Warning (T-Stop),31
2021,Tue,600,Charged,41
2021,Tue,600,Final,18
2021,Tue,600,Warning (T-Stop),24
2021,Tue,700,Charged,201
2021,Tue,700,Final,44
2021,Tue,700,Warning (T-Stop),130
2021,Tue,800,Charged,298
2021,Tue,800,Data Quality,1
2021,Tue,800,Final,78
2021,Tue,800,Warning (T-Stop),166
2021,Tue,900,Charged,260
2021,Tue,900,Data Quality,2
2021,Tue,900,Final,66
2021,Tue,900,Warning (T-Stop),133
2021,Tue,1000,Charged,210
2021,Tue,1000,Final,61
2021,Tue,1000,Warning (T-Stop),97
2021,Tue,1100,Charged,205
2021,Tue,1100,Data Quality,2
2021,Tue,1100,Final,66
2021,Tue,1100,Warning (T-Stop),91
2021,Tue,1200,Charged,308
2021,Tue,1200,Data Quality,2
2021,Tue,1200,Final,60
2021,Tue,1200,Warning (T-Stop),106
2021,Tue,1300,Charged,279
2021,Tue,1300,Final,64
2021,Tue,1300,Warning (T-Stop),124
2021,Tue,1400,Charged,194
2021,Tue,1400,Data Quality,2
2021,Tue,1400,Final,56
2021,Tue,1400,Warning (T-Stop),93
2021,Tue,1500,Charged,146
2021,Tue,1500,Final,52
2021,Tue,1500,Warning (T-Stop),71
2021,Tue,1600,Charged,122
2021,Tue,1600,Final,22
2021,Tue,1600,Warning (T-Stop),38
2021,Tue,1700,Charged,101
2021,Tue,1700,Final,44
2021,Tue,1700,Warning (T-Stop),59
2021,Tue,1800,Charged,80
2021,Tue,1800,Data Quality,1
2021,Tue,1800,Final,43
2021,Tue,1800,Warning (T-Stop),55
2021,Tue,1900,Charged,29
2021,Tue,1900,Final,42
2021,Tue,1900,Warning (T-Stop),53
2021,Tue,2000,Charged,18
2021,Tue,2000,Final,33
2021,Tue,2000,Warning (T-Stop),42
2021,Tue,2100,Charged,43
2021,Tue,2100,Data Quality,1
2021,Tue,2100,Final,75
2021,Tue,2100,Warning (T-Stop),120
2021,Tue,2200,Charged,41
2021,Tue,2200,Data Quality,3
2021,Tue,2200,Final,116
2021,Tue,2200,Warning (T-Stop),129
2021,Tue,2300,Charged,44
2021,Tue,2300,Final,127
2021,Tue,2300,Warning (T-Stop),134
2021,Wed,0,Charged,51
2021,Wed,0,Data Quality,4
2021,Wed,0,Final,100
2021,Wed,0,Warning (T-Stop),86
2021,Wed,100,Charged,40
2021,Wed,100,Final,70
2021,Wed,100,Warning (T-Stop),76
2021,Wed,200,Charged,13
2021,Wed,200,Final,47
2021,Wed,200,Warning (T-Stop),38
2021,Wed,300,Charged,13
2021,Wed,300,Data Quality,1
2021,Wed,300,Final,44
2021,Wed,300,Warning (T-Stop),25
2021,Wed,400,Charged,23
2021,Wed,400,Data Quality,1
2021,Wed,400,Final,45
2021,Wed,400,Warning (T-Stop),26
2021,Wed,500,Charged,25
2021,Wed,500,Data Quality,2
2021,Wed,500,Final,22
2021,Wed,500,Warning (T-Stop),27
2021,Wed,600,Charged,44
2021,Wed,600,Final,16
2021,Wed,600,Warning (T-Stop),27
2021,Wed,700,Charged,200
2021,Wed,700,Final,43
2021,Wed,700,Warning (T-Stop),66
2021,Wed,800,Charged,276
2021,Wed,800,Data Quality,1
2021,Wed,800,Final,44
2021,Wed,800,Warning (T-Stop),95
2021,Wed,900,Charged,210
2021,Wed,900,Final,53
2021,Wed,900,Warning (T-Stop),117
2021,Wed,1000,Charged,214
2021,Wed,1000,Data Quality,1
2021,Wed,1000,Final,59
2021,Wed,1000,Warning (T-Stop),87
2021,Wed,1100,Charged,195
2021,Wed,1100,Final,50
2021,Wed,1100,Warning (T-Stop),100
2021,Wed,1200,Charged,194
2021,Wed,1200,Data Quality,2
2021,Wed,1200,Final,52
2021,Wed,1200,Warning (T-Stop),87
2021,Wed,1300,Charged,243
2021,Wed,1300,Final,56
2021,Wed,1300,Warning (T-Stop),90
2021,Wed,1400,Charged,181
2021,Wed,1400,Final,53
2021,Wed,1400,Warning (T-Stop),79
2021,Wed,1500,Charged,122
2021,Wed,1500,Final,58
2021,Wed,1500,Warning (T-Stop),72
2021,Wed,1600,Charged,116
2021,Wed,1600,Final,20
2021,Wed,1600,Warning (T-Stop),44
2021,Wed,1700,Charged,107
2021,Wed,1700,Final,42
2021,Wed,1700,Warning (T-Stop),40
2021,Wed,1800,Charged,54
2021,Wed,1800,Final,45
2021,Wed,1800,Warning (T-Stop),54
2021,Wed,1900,Charged,38
2021,Wed,1900,Final,29
2021,Wed,1900,Warning (T-Stop),59
2021,Wed,2000,Charged,16
2021,Wed,2000,Final,29
2021,Wed,2000,Warning (T-Stop),46
2021,Wed,2100,Charged,34
2021,Wed,2100,Data Quality,1
2021,Wed,2100,Final,63
2021,Wed,2100,Warning (T-Stop),130
2021,Wed,2200,Charged,46
2021,Wed,2200,Data Quality,1
2021,Wed,2200,Final,108
2021,Wed,2200,Warning (T-Stop),135
2021,Wed,2300,Charged,54
2021,Wed,2300,Final,119
2021,Wed,2300,Warning (T-Stop),137
2022,Fri,0,Charged,36
2022,Fri,0,Final,72
2022,Fri,0,Warning (T-Stop),94
2022,Fri,100,Charged,28
2022,Fri,100,Final,62
2022,Fri,100,Warning (T-Stop),55
2022,Fri,200,Charged,19
2022,Fri,200,Final,70
2022,Fri,200,Warning (T-Stop),34
2022,Fri,300,Charged,12
2022,Fri,300,Data Quality,4
2022,Fri,300,Final,66
2022,Fri,300,Warning (T-Stop),12
2022,Fri,400,Charged,15
2022,Fri,400,Data Quality,1
2022,Fri,400,Final,48
2022,Fri,400,Warning (T-Stop),16
2022,Fri,500,Charged,12
2022,Fri,500,Data Quality,1
2022,Fri,500,Final,14
2022,Fri,500,Warning (T-Stop),10
2022,Fri,600,Charged,13
2022,Fri,600,Final,7
2022,Fri,600,Warning (T-Stop),6
2022,Fri,700,Charged,53
2022,Fri,700,Final,24
2022,Fri,700,Warning (T-Stop),52
2022,Fri,800,Charged,76
2022,Fri,800,Final,25
2022,Fri,800,Warning (T-Stop),66
2022,Fri,900,Charged,94
2022,Fri,900,Final,29
2022,Fri,900,Warning (T-Stop),76
2022,Fri,1000,Charged,89
2022,Fri,1000,Final,29
2022,Fri,1000,Warning (T-Stop),63
2022,Fri,1100,Charged,118
2022,Fri,1100,Final,31
2022,Fri,1100,Warning (T-Stop),60
2022,Fri,1200,Charged,123
2022,Fri,1200,Final,33
2022,Fri,1200,Warning (T-Stop),66
2022,Fri,1300,Charged,131
2022,Fri,1300,Final,38
2022,Fri,1300,Warning (T-Stop),63
2022,Fri,1400,Charged,70
2022,Fri,1400,Data Quality,1
2022,Fri,1400,Final,36
2022,Fri,1400,Warning (T-Stop),70
2022,Fri,1500,Charged,69
2022,Fri,1500,Final,31
2022,Fri,1500,Warning (T-Stop),43
2022,Fri,1600,Charged,51
2022,Fri,1600,Final,28
2022,Fri,1600,Warning (T-Stop),30
2022,Fri,1700,Charged,72
2022,Fri,1700,Data Quality,3
2022,Fri,1700,Final,29
2022,Fri,1700,Warning (T-Stop),35
2022,Fri,1800,Charged,87
2022,Fri,1800,Data Quality,1
2022,Fri,1800,Final,22
2022,Fri,1800,Warning (T-Stop),31
2022,Fri,1900,Charged,74
2022,Fri,1900,Final,34
2022,Fri,1900,Warning (T-Stop),33
2022,Fri,2000,Charged,67
2022,Fri,2000,Final,34
2022,Fri,2000,Warning (T-Stop),42
2022,Fri,2100,Charged,73
2022,Fri,2100,Final,76
2022,Fri,2100,Warning (T-Stop),94
2022,Fri,2200,Charged,105
2022,Fri,2200,Data Quality,1
2022,Fri,2200,Final,90
2022,Fri,2200,Warning (T-Stop),107
2022,Fri,2300,Charged,91
2022,Fri,2300,Data Quality,1
2022,Fri,2300,Final,97
2022,Fri,2300,Warning (T-Stop),109
2022,Mon,0,Charged,32
2022,Mon,0,Data Quality,1
2022,Mon,0,Final,70
2022,Mon,0,Warning (T-Stop),69
2022,Mon,100,Charged,24
2022,Mon,100,Final,50
2022,Mon,100,Warning (T-Stop),64
2022,Mon,200,Charged,15
2022,Mon,200,Final,38
2022,Mon,200,Warning (T-Stop),22
2022,Mon,300,Charged,9
2022,Mon,300,Data Quality,1
2022,Mon,300,Final,38
2022,Mon,300,Warning (T-Stop),17
2022,Mon,400,Charged,6
2022,Mon,400,Data Quality,2
2022,Mon,400,Final,45
2022,Mon,400,Warning (T-Stop),15
2022,Mon,500,Charged,8
2022,Mon,500,Final,22
2022,Mon,500,Warning (T-Stop),15
2022,Mon,600,Charged,11
2022,Mon,600,Final,14
2022,Mon,600,Warning (T-Stop),15
2022,Mon,700,Charged,49
2022,Mon,700,Final,12
2022,Mon,700,Warning (T-Stop),48
2022,Mon,800,Charged,107
2022,Mon,800,Final,21
2022,Mon,800,Warning (T-Stop),71
2022,Mon,900,Charged,79
2022,Mon,900,Data Quality,1
2022,Mon,900,Final,30
2022,Mon,900,Warning (T-Stop),60
2022,Mon,1000,Charged,98
2022,Mon,1000,Final,31
2022,Mon,1000,Warning (T-Stop),63
2022,Mon,1100,Charged,116
2022,Mon,1100,Final,42
2022,Mon,1100,Warning (T-Stop),60
2022,Mon,1200,Charged,136
2022,Mon,1200,Final,37
2022,Mon,1200,Warning (T-Stop),66
2022,Mon,1300,Charged,111
2022,Mon,1300,Final,42
2022,Mon,1300,Warning (T-Stop),72
2022,Mon,1400,Charged,103
2022,Mon,1400,Final,22
2022,Mon,1400,Warning (T-Stop),79
2022,Mon,1500,Charged,77
2022,Mon,1500,Final,31
2022,Mon,1500,Warning (T-Stop),58
2022,Mon,1600,Charged,80
2022,Mon,1600,Data Quality,2
2022,Mon,1600,Final,21
2022,Mon,1600,Warning (T-Stop),23
2022,Mon,1700,Charged,51
2022,Mon,1700,Data Quality,1
2022,Mon,1700,Final,23
2022,Mon,1700,Warning (T-Stop),42
2022,Mon,1800,Charged,50
2022,Mon,1800,Final,25
2022,Mon,1800,Warning (T-Stop),37
2022,Mon,1900,Charged,24
2022,Mon,1900,Final,18
2022,Mon,1900,Warning (T-Stop),42
2022,Mon,2000,Charged,11
2022,Mon,2000,Data Quality,1
2022,Mon,2000,Final,23
2022,Mon,2000,Warning (T-Stop),26
2022,Mon,2100,Charged,26
2022,Mon,2100,Data Quality,1
2022,Mon,2100,Final,59
2022,Mon,2100,Warning (T-Stop),86
2022,Mon,2200,Charged,49
2022,Mon,2200,Data Quality,2
2022,Mon,2200,Final,72
2022,Mon,2200,Warning (T-Stop),86
2022,Mon,2300,Charged,34
2022,Mon,2300,Final,80
2022,Mon,2300,Warning (T-Stop),94
2022,Sat,0,Charged,52
2022,Sat,0,Final,109
2022,Sat,0,Warning (T-Stop),98
2022,Sat,100,Charged,55
2022,Sat,100,Data Quality,3
2022,Sat,100,Final,100
2022,Sat,100,Warning (T-Stop),66
2022,Sat,200,Charged,31
2022,Sat,200,Data Quality,3
2022,Sat,200,Final,80
2022,Sat,200,Warning (T-Stop),54
2022,Sat,300,Charged,19
2022,Sat,300,Data Quality,1
2022,Sat,300,Final,57
2022,Sat,300,Warning (T-Stop),29
2022,Sat,400,Charged,14
2022,Sat,400,Final,47
2022,Sat,400,Warning (T-Stop),19
2022,Sat,500,Charged,5
2022,Sat,500,Final,24
2022,Sat,500,Warning (T-Stop),14
2022,Sat,600,Charged,10
2022,Sat,600,Final,4
2022,Sat,600,Warning (T-Stop),9
2022,Sat,700,Charged,37
2022,Sat,700,Final,25
2022,Sat,700,Warning (T-Stop),43
2022,Sat,800,Charged,69
2022,Sat,800,Final,33
2022,Sat,800,Warning (T-Stop),60
2022,Sat,900,Charged,109
2022,Sat,900,Final,35
2022,Sat,900,Warning (T-Stop),87
2022,Sat,1000,Charged,78
2022,Sat,1000,Data Quality,1
2022,Sat,1000,Final,39
2022,Sat,1000,Warning (T-Stop),74
2022,Sat,1100,Charged,76
2022,Sat,1100,Final,32
2022,Sat,1100,Warning (T-Stop),72
2022,Sat,1200,Charged,86
2022,Sat,1200,Data Quality,1
2022,Sat,1200,Final,42
2022,Sat,1200,Warning (T-Stop),71
2022,Sat,1300,Charged,78
2022,Sat,1300,Data Quality,1
2022,Sat,1300,Final,45
2022,Sat,1300,Warning (T-Stop),97
2022,Sat,1400,Charged,60
2022,Sat,1400,Final,29
2022,Sat,1400,Warning (T-Stop),71
2022,Sat,1500,Charged,52
2022,Sat,1500,Final,29
2022,Sat,1500,Warning (T-Stop),43
2022,Sat,1600,Charged,39
2022,Sat,1600,Data Quality,1
2022,Sat,1600,Final,22
2022,Sat,1600,Warning (T-Stop),22
2022,Sat,1700,Charged,51
2022,Sat,1700,Data Quality,2
2022,Sat,1700,Final,35
2022,Sat,1700,Warning (T-Stop),45
2022,Sat,1800,Charged,52
2022,Sat,1800,Final,25
2022,Sat,1800,Warning (T-Stop),43
2022,Sat,1900,Charged,43
2022,Sat,1900,Final,22
2022,Sat,1900,Warning (T-Stop),43
2022,Sat,2000,Charged,38
2022,Sat,2000,Final,23
2022,Sat,2000,Warning (T-Stop),43
2022,Sat,2100,Charged,76
2022,Sat,2100,Final,66
2022,Sat,2100,Warning (T-Stop),122
2022,Sat,2200,Charged,59
2022,Sat,2200,Data Quality,1
2022,Sat,2200,Final,90
2022,Sat,2200,Warning (T-Stop),125
2022,Sat,2300,Charged,45
2022,Sat,2300,Final,76
2022,Sat,2300,Warning (T-Stop),110
2022,Sun,0,Charged,39
2022,Sun,0,Data Quality,2
2022,Sun,0,Final,98
2022,Sun,0,Warning (T-Stop),84
2022,Sun,100,Charged,37
2022,Sun,100,Data Quality,1
2022,Sun,100,Final,97
2022,Sun,100,Warning (T-Stop),61
2022,Sun,200,Charged,29
2022,Sun,200,Data Quality,1
2022,Sun,200,Final,65
2022,Sun,200,Warning (T-Stop),54
2022,Sun,300,Charged,9
2022,Sun,300,Data Quality,1
2022,Sun,300,Final,56
2022,Sun,300,Warning (T-Stop),30
2022,Sun,400,Charged,7
2022,Sun,400,Data Quality,1
2022,Sun,400,Final,30
2022,Sun,400,Warning (T-Stop),11
2022,Sun,500,Charged,9
2022,Sun,500,Final,12
2022,Sun,500,Warning (T-Stop),22
2022,Sun,600,Charged,6
2022,Sun,600,Final,10
2022,Sun,600,Warning (T-Stop),6
2022,Sun,700,Charged,24
2022,Sun,700,Final,18
2022,Sun,700,Warning (T-Stop),25
2022,Sun,800,Charged,65
2022,Sun,800,Final,21
2022,Sun,800,Warning (T-Stop),51
2022,Sun,900,Charged,91
2022,Sun,900,Final,29
2022,Sun,900,Warning (T-Stop),77
2022,Sun,1000,Charged,80
2022,Sun,1000,Data Quality,3
2022,Sun,1000,Final,30
2022,Sun,1000,Warning (T-Stop),77
2022,Sun,1100,Charged,76
2022,Sun,1100,Data Quality,1
2022,Sun,1100,Final,39
2022,Sun,1100,Warning (T-Stop),83
2022,Sun,1200,Charged,100
2022,Sun,1200,Data Quality,2
2022,Sun,1200,Final,35
2022,Sun,1200,Warning (T-Stop),77
2022,Sun,1300,Charged,92
2022,Sun,1300,Data Quality,1
2022,Sun,1300,Final,40
2022,Sun,1300,Warning (T-Stop),71
2022,Sun,1400,Charged,72
2022,Sun,1400,Final,47
2022,Sun,1400,Warning (T-Stop),75
2022,Sun,1500,Charged,39
2022,Sun,1500,Final,19
2022,Sun,1500,Warning (T-Stop),55
2022,Sun,1600,Charged,40
2022,Sun,1600,Final,29
2022,Sun,1600,Warning (T-Stop),33
2022,Sun,1700,Charged,29
2022,Sun,1700,Final,22
2022,Sun,1700,Warning (T-Stop),54
2022,Sun,1800,Charged,33
2022,Sun,1800,Data Quality,1
2022,Sun,1800,Final,32
2022,Sun,1800,Warning (T-Stop),50
2022,Sun,1900,Charged,18
2022,Sun,1900,Final,31
2022,Sun,1900,Warning (T-Stop),37
2022,Sun,2000,Charged,17
2022,Sun,2000,Final,23
2022,Sun,2000,Warning (T-Stop),25
2022,Sun,2100,Charged,39
2022,Sun,2100,Final,51
2022,Sun,2100,Warning (T-Stop),100
2022,Sun,2200,Charged,50
2022,Sun,2200,Final,79
2022,Sun,2200,Warning (T-Stop),83
2022,Sun,2300,Charged,41
2022,Sun,2300,Data Quality,2
2022,Sun,2300,Final,75
2022,Sun,2300,Warning (T-Stop),100
2022,Thu,0,Charged,37
2022,Thu,0,Final,90
2022,Thu,0,Warning (T-Stop),106
2022,Thu,100,Charged,30
2022,Thu,100,Data Quality,3
2022,Thu,100,Final,65
2022,Thu,100,Warning (T-Stop),51
2022,Thu,200,Charged,14
2022,Thu,200,Final,55
2022,Thu,200,Warning (T-Stop),38
2022,Thu,300,Charged,14
2022,Thu,300,Data Quality,1
2022,Thu,300,Final,56
2022,Thu,300,Warning (T-Stop),19
2022,Thu,400,Charged,4
2022,Thu,400,Data Quality,1
2022,Thu,400,Final,55
2022,Thu,400,Warning (T-Stop),19
2022,Thu,500,Charged,7
2022,Thu,500,Data Quality,1
2022,Thu,500,Final,33
2022,Thu,500,Warning (T-Stop),13
2022,Thu,600,Charged,18
2022,Thu,600,Final,11
2022,Thu,600,Warning (T-Stop),21
2022,Thu,700,Charged,77
2022,Thu,700,Final,25
2022,Thu,700,Warning (T-Stop),46
2022,Thu,800,Charged,122
2022,Thu,800,Final,44
2022,Thu,800,Warning (T-Stop),68
2022,Thu,900,Charged,140
2022,Thu,900,Final,27
2022,Thu,900,Warning (T-Stop),66
2022,Thu,1000,Charged,149
2022,Thu,1000,Data Quality,2
2022,Thu,1000,Final,31
2022,Thu,1000,Warning (T-Stop),65
2022,Thu,1100,Charged,138
2022,Thu,1100,Final,35
2022,Thu,1100,Warning (T-Stop),64
2022,Thu,1200,Charged,186
2022,Thu,1200,Final,41
2022,Thu,1200,Warning (T-Stop),97
2022,Thu,1300,Charged,140
2022,Thu,1300,Data Quality,1
2022,Thu,1300,Final,44
2022,Thu,1300,Warning (T-Stop),63
2022,Thu,1400,Charged,79
2022,Thu,1400,Data Quality,1
2022,Thu,1400,Final,28
2022,Thu,1400,Warning (T-Stop),58
2022,Thu,1500,Charged,70
2022,Thu,1500,Data Quality,1
2022,Thu,1500,Final,34
2022,Thu,1500,Warning (T-Stop),48
2022,Thu,1600,Charged,89
2022,Thu,1600,Data Quality,1
2022,Thu,1600,Final,23
2022,Thu,1600,Warning (T-Stop),33
2022,Thu,1700,Charged,50
2022,Thu,1700,Data Quality,1
2022,Thu,1700,Final,25
2022,Thu,1700,Warning (T-Stop),42
2022,Thu,1800,Charged,55
2022,Thu,1800,Final,16
2022,Thu,1800,Warning (T-Stop),23
2022,Thu,1900,Charged,24
2022,Thu,1900,Final,20
2022,Thu,1900,Warning (T-Stop),26
2022,Thu,2000,Charged,15
2022,Thu,2000,Final,19
2022,Thu,2000,Warning (T-Stop),26
2022,Thu,2100,Charged,47
2022,Thu,2100,Data Quality,1
2022,Thu,2100,Final,59
2022,Thu,2100,Warning (T-Stop),95
2022,Thu,2200,Charged,46
2022,Thu,2200,Final,71
2022,Thu,2200,Warning (T-Stop),110
2022,Thu,2300,Charged,40
2022,Thu,2300,Data Quality,3
2022,Thu,2300,Final,90
2022,Thu,2300,Warning (T-Stop),93
2022,Tue,0,Charged,41
2022,Tue,0,Final,73
2022,Tue,0,Warning (T-Stop),56
2022,Tue,100,Charged,24
2022,Tue,100,Data Quality,1
2022,Tue,100,Final,57
2022,Tue,100,Warning (T-Stop),49
2022,Tue,200,Charged,15
2022,Tue,200,Data Quality,1
2022,Tue,200,Final,40
2022,Tue,200,Warning (T-Stop),34
2022,Tue,300,Charged,11
2022,Tue,300,Data Quality,2
2022,Tue,300,Final,59
2022,Tue,300,Warning (T-Stop),20
2022,Tue,400,Charged,5
2022,Tue,400,Final,38
2022,Tue,400,Warning (T-Stop),23
2022,Tue,500,Charged,6
2022,Tue,500,Data Quality,1
2022,Tue,500,Final,14
2022,Tue,500,Warning (T-Stop),15
2022,Tue,600,Charged,16
2022,Tue,600,Final,11
2022,Tue,600,Warning (T-Stop),7
2022,Tue,700,Charged,80
2022,Tue,700,Final,25
2022,Tue,700,Warning (T-Stop),54
2022,Tue,800,Charged,117
2022,Tue,800,Final,35
2022,Tue,800,Warning (T-Stop),77
2022,Tue,900,Charged,146
2022,Tue,900,Final,27
2022,Tue,900,Warning (T-Stop),70
2022,Tue,1000,Charged,134
2022,Tue,1000,Final,27
2022,Tue,1000,Warning (T-Stop),61
2022,Tue,1100,Charged,136
2022,Tue,1100,Data Quality,2
2022,Tue,1100,Final,38
2022,Tue,1100,Warning (T-Stop),77
2022,Tue,1200,Charged,180
2022,Tue,1200,Data Quality,1
2022,Tue,1200,Final,41
2022,Tue,1200,Warning (T-Stop),54
2022,Tue,1300,Charged,144
2022,Tue,1300,Final,37
2022,Tue,1300,Warning (T-Stop),65
2022,Tue,1400,Charged,74
2022,Tue,1400,Data Quality,1
2022,Tue,1400,Final,40
2022,Tue,1400,Warning (T-Stop),53
2022,Tue,1500,Charged,68
2022,Tue,1500,Final,34
2022,Tue,1500,Warning (T-Stop),45
2022,Tue,1600,Charged,60
2022,Tue,1600,Final,22
2022,Tue,1600,Warning (T-Stop),26
2022,Tue,1700,Charged,61
2022,Tue,1700,Final,29
2022,Tue,1700,Warning (T-Stop),38
2022,Tue,1800,Charged,46
2022,Tue,1800,Data Quality,1
2022,Tue,1800,Final,26
2022,Tue,1800,Warning (T-Stop),33
2022,Tue,1900,Charged,18
2022,Tue,1900,Final,19
2022,Tue,1900,Warning (T-Stop),29
2022,Tue,2000,Charged,13
2022,Tue,2000,Final,14
2022,Tue,2000,Warning (T-Stop),34
2022,Tue,2100,Charged,35
2022,Tue,2100,Final,61
2022,Tue,2100,Warning (T-Stop),86
2022,Tue,2200,Charged,52
2022,Tue,2200,Data Quality,1
2022,Tue,2200,Final,91
2022,Tue,2200,Warning (T-Stop),115
2022,Tue,2300,Charged,47
2022,Tue,2300,Final,90
2022,Tue,2300,Warning (T-Stop),100
2022,Wed,0,Charged,48
2022,Wed,0,Data Quality,1
2022,Wed,0,Final,99
2022,Wed,0,Warning (T-Stop),78
2022,Wed,100,Charged,35
2022,Wed,100,Data Quality,2
2022,Wed,100,Final,61
2022,Wed,100,Warning (T-Stop),55
2022,Wed,200,Charged,24
2022,Wed,200,Final,54
2022,Wed,200,Warning (T-Stop),33
2022,Wed,300,Charged,14
2022,Wed,300,Final,50
2022,Wed,300,Warning (T-Stop),17
2022,Wed,400,Charged,4
2022,Wed,400,Data Quality,3
2022,Wed,400,Final,35
2022,Wed,400,Warning (T-Stop),17
2022,Wed,500,Charged,6
2022,Wed,500,Final,23
2022,Wed,500,Warning (T-Stop),22
2022,Wed,600,Charged,20
2022,Wed,600,Final,6
2022,Wed,600,Warning (T-Stop),18
2022,Wed,700,Charged,74
2022,Wed,700,Final,20
2022,Wed,700,Warning (T-Stop),64
2022,Wed,800,Charged,149
2022,Wed,800,Final,32
2022,Wed,800,Warning (T-Stop),69
2022,Wed,900,Charged,131
2022,Wed,900,Data Quality,1
2022,Wed,900,Final,37
2022,Wed,900,Warning (T-Stop),53
2022,Wed,1000,Charged,122
2022,Wed,1000,Data Quality,1
2022,Wed,1000,Final,43
2022,Wed,1000,Warning (T-Stop),57
2022,Wed,1100,Charged,133
2022,Wed,1100,Final,48
2022,Wed,1100,Warning (T-Stop),75
2022,Wed,1200,Charged,124
2022,Wed,1200,Final,47
2022,Wed,1200,Warning (T-Stop),69
2022,Wed,1300,Charged,142
2022,Wed,1300,Data Quality,1
2022,Wed,1300,Final,49
2022,Wed,1300,Warning (T-Stop),64
2022,Wed,1400,Charged,87
2022,Wed,1400,Data Quality,1
2022,Wed,1400,Final,38
2022,Wed,1400,Warning (T-Stop),57
2022,Wed,1500,Charged,74
2022,Wed,1500,Final,33
2022,Wed,1500,Warning (T-Stop),50
2022,Wed,1600,Charged,75
2022,Wed,1600,Final,22
2022,Wed,1600,Warning (T-Stop),35
2022,Wed,1700,Charged,43
2022,Wed,1700,Data Quality,1
2022,Wed,1700,Final,23
2022,Wed,1700,Warning (T-Stop),32
2022,Wed,1800,Charged,38
2022,Wed,1800,Final,28
2022,Wed,1800,Warning (T-Stop),38
2022,Wed,1900,Charged,14
2022,Wed,1900,Data Quality,1
2022,Wed,1900,Final,28
2022,Wed,1900,Warning (T-Stop),24
2022,Wed,2000,Charged,9
2022,Wed,2000,Data Quality,1
2022,Wed,2000,Final,16
2022,Wed,2000,Warning (T-Stop),26
2022,Wed,2100,Charged,34
2022,Wed,2100,Data Quality,1
2022,Wed,2100,Final,56
2022,Wed,2100,Warning (T-Stop),92
2022,Wed,2200,Charged,49
2022,Wed,2200,Data Quality,1
2022,Wed,2200,Final,68
2022,Wed,2200,Warning (T-Stop),94
2022,Wed,2300,Charged,39
2022,Wed,2300,Data Quality,1
2022,Wed,2300,Final,84
2022,Wed,2300,Warning (T-Stop),95
2023,Fri,0,Charged,55
2023,Fri,0,Data Quality,1
2023,Fri,0,Final,101
2023,Fri,0,Warning (T-Stop),91
2023,Fri,100,Charged,44
2023,Fri,100,Data Quality,3
2023,Fri,100,Final,73
2023,Fri,100,Warning (T-Stop),62
2023,Fri,200,Charged,28
2023,Fri,200,Data Quality,3
2023,Fri,200,Final,86
2023,Fri,200,Warning (T-Stop),37
2023,Fri,300,Charged,16
2023,Fri,300,Data Quality,2
2023,Fri,300,Final,52
2023,Fri,300,Warning (T-Stop),31
2023,Fri,400,Charged,14
2023,Fri,400,Data Quality,1
2023,Fri,400,Final,44
2023,Fri,400,Warning (T-Stop),21
2023,Fri,500,Charged,13
2023,Fri,500,Data Quality,2
2023,Fri,500,Final,20
2023,Fri,500,Warning (T-Stop),25
2023,Fri,600,Charged,4
2023,Fri,600,Final,4
2023,Fri,600,Warning (T-Stop),17
2023,Fri,700,Charged,52
2023,Fri,700,Final,25
2023,Fri,700,Warning (T-Stop),52
2023,Fri,800,Charged,85
2023,Fri,800,Data Quality,1
2023,Fri,800,Final,34
2023,Fri,800,Warning (T-Stop),68
2023,Fri,900,Charged,100
2023,Fri,900,Data Quality,1
2023,Fri,900,Final,32
2023,Fri,900,Warning (T-Stop),71
2023,Fri,1000,Charged,122
2023,Fri,1000,Final,41
2023,Fri,1000,Warning (T-Stop),50
2023,Fri,1100,Charged,97
2023,Fri,1100,Final,44
2023,Fri,1100,Warning (T-Stop),72
2023,Fri,1200,Charged,105
2023,Fri,1200,Final,50
2023,Fri,1200,Warning (T-Stop),80
2023,Fri,1300,Charged,112
2023,Fri,1300,Data Quality,1
2023,Fri,1300,Final,45
2023,Fri,1300,Warning (T-Stop),51
2023,Fri,1400,Charged,99
2023,Fri,1400,Data Quality,1
2023,Fri,1400,Final,67
2023,Fri,1400,Warning (T-Stop),66
2023,Fri,1500,Charged,57
2023,Fri,1500,Final,43
2023,Fri,1500,Warning (T-Stop),65
2023,Fri,1600,Charged,23
2023,Fri,1600,Final,16
2023,Fri,1600,Warning (T-Stop),35
2023,Fri,1700,Charged,36
2023,Fri,1700,Final,28
2023,Fri,1700,Warning (T-Stop),40
2023,Fri,1800,Charged,27
2023,Fri,1800,Data Quality,1
2023,Fri,1800,Final,24
2023,Fri,1800,Warning (T-Stop),33
2023,Fri,1900,Charged,32
2023,Fri,1900,Data Quality,3
2023,Fri,1900,Final,29
2023,Fri,1900,Warning (T-Stop),38
2023,Fri,2000,Charged,37
2023,Fri,2000,Final,30
2023,Fri,2000,Warning (T-Stop),37
2023,Fri,2100,Charged,59
2023,Fri,2100,Data Quality,2
2023,Fri,2100,Final,85
2023,Fri,2100,Warning (T-Stop),96
2023,Fri,2200,Charged,69
2023,Fri,2200,Data Quality,3
2023,Fri,2200,Final,95
2023,Fri,2200,Warning (T-Stop),119
2023,Fri,2300,Charged,65
2023,Fri,2300,Data Quality,1
2023,Fri,2300,Final,89
2023,Fri,2300,Warning (T-Stop),114
2023,Mon,0,Charged,33
2023,Mon,0,Final,74
2023,Mon,0,Warning (T-Stop),63
2023,Mon,100,Charged,20
2023,Mon,100,Data Quality,1
2023,Mon,100,Final,65
2023,Mon,100,Warning (T-Stop),58
2023,Mon,200,Charged,22
2023,Mon,200,Data Quality,2
2023,Mon,200,Final,69
2023,Mon,200,Warning (T-Stop),32
2023,Mon,300,Charged,15
2023,Mon,300,Data Quality,1
2023,Mon,300,Final,62
2023,Mon,300,Warning (T-Stop),30
2023,Mon,400,Charged,9
2023,Mon,400,Data Quality,2
2023,Mon,400,Final,32
2023,Mon,400,Warning (T-Stop),22
2023,Mon,500,Charged,10
2023,Mon,500,Data Quality,1
2023,Mon,500,Final,10
2023,Mon,500,Warning (T-Stop),23
2023,Mon,600,Charged,3
2023,Mon,600,Final,5
2023,Mon,600,Warning (T-Stop),14
2023,Mon,700,Charged,39
2023,Mon,700,Final,16
2023,Mon,700,Warning (T-Stop),48
2023,Mon,800,Charged,85
2023,Mon,800,Data Quality,1
2023,Mon,800,Final,40
2023,Mon,800,Warning (T-Stop),70
2023,Mon,900,Charged,77
2023,Mon,900,Final,32
2023,Mon,900,Warning (T-Stop),65
2023,Mon,1000,Charged,79
2023,Mon,1000,Final,39
2023,Mon,1000,Warning (T-Stop),64
2023,Mon,1100,Charged,99
2023,Mon,1100,Data Quality,1
2023,Mon,1100,Final,42
2023,Mon,1100,Warning (T-Stop),61
2023,Mon,1200,Charged,106
2023,Mon,1200,Final,45
2023,Mon,1200,Warning (T-Stop),71
2023,Mon,1300,Charged,110
2023,Mon,1300,Data Quality,1
2023,Mon,1300,Final,60
2023,Mon,1300,Warning (T-Stop),83
2023,Mon,1400,Charged,99
2023,Mon,1400,Data Quality,1
2023,Mon,1400,Final,57
2023,Mon,1400,Warning (T-Stop),71
2023,Mon,1500,Charged,63
2023,Mon,1500,Final,34
2023,Mon,1500,Warning (T-Stop),60
2023,Mon,1600,Charged,35
2023,Mon,1600,Final,27
2023,Mon,1600,Warning (T-Stop),43
2023,Mon,1700,Charged,36
2023,Mon,1700,Final,32
2023,Mon,1700,Warning (T-Stop),34
2023,Mon,1800,Charged,18
2023,Mon,1800,Data Quality,1
2023,Mon,1800,Final,27
2023,Mon,1800,Warning (T-Stop),37
2023,Mon,1900,Charged,20
2023,Mon,1900,Final,31
2023,Mon,1900,Warning (T-Stop),42
2023,Mon,2000,Charged,19
2023,Mon,2000,Final,26
2023,Mon,2000,Warning (T-Stop),23
2023,Mon,2100,Charged,31
2023,Mon,2100,Final,58
2023,Mon,2100,Warning (T-Stop),58
2023,Mon,2200,Charged,35
2023,Mon,2200,Data Quality,1
2023,Mon,2200,Final,70
2023,Mon,2200,Warning (T-Stop),79
2023,Mon,2300,Charged,46
2023,Mon,2300,Data Quality,2
2023,Mon,2300,Final,91
2023,Mon,2300,Warning (T-Stop),79
2023,Sat,0,Charged,72
2023,Sat,0,Final,102
2023,Sat,0,Warning (T-Stop),103
2023,Sat,100,Charged,50
2023,Sat,100,Data Quality,4
2023,Sat,100,Final,106
2023,Sat,100,Warning (T-Stop),78
2023,Sat,200,Charged,30
2023,Sat,200,Data Quality,1
2023,Sat,200,Final,104
2023,Sat,200,Warning (T-Stop),58
2023,Sat,300,Charged,19
2023,Sat,300,Data Quality,1
2023,Sat,300,Final,69
2023,Sat,300,Warning (T-Stop),41
2023,Sat,400,Charged,9
2023,Sat,400,Final,45
2023,Sat,400,Warning (T-Stop),25
2023,Sat,500,Charged,10
2023,Sat,500,Final,20
2023,Sat,500,Warning (T-Stop),6
2023,Sat,600,Charged,12
2023,Sat,600,Final,8
2023,Sat,600,Warning (T-Stop),13
2023,Sat,700,Charged,44
2023,Sat,700,Final,16
2023,Sat,700,Warning (T-Stop),36
2023,Sat,800,Charged,66
2023,Sat,800,Data Quality,2
2023,Sat,800,Final,39
2023,Sat,800,Warning (T-Stop),68
2023,Sat,900,Charged,91
2023,Sat,900,Final,60
2023,Sat,900,Warning (T-Stop),76
2023,Sat,1000,Charged,122
2023,Sat,1000,Final,68
2023,Sat,1000,Warning (T-Stop),67
2023,Sat,1100,Charged,92
2023,Sat,1100,Data Quality,1
2023,Sat,1100,Final,61
2023,Sat,1100,Warning (T-Stop),73
2023,Sat,1200,Charged,106
2023,Sat,1200,Final,60
2023,Sat,1200,Warning (T-Stop),98
2023,Sat,1300,Charged,102
2023,Sat,1300,Final,74
2023,Sat,1300,Warning (T-Stop),92
2023,Sat,1400,Charged,82
2023,Sat,1400,Data Quality,1
2023,Sat,1400,Final,53
2023,Sat,1400,Warning (T-Stop),70
2023,Sat,1500,Charged,67
2023,Sat,1500,Data Quality,1
2023,Sat,1500,Final,43
2023,Sat,1500,Warning (T-Stop),67
2023,Sat,1600,Charged,47
2023,Sat,1600,Final,29
2023,Sat,1600,Warning (T-Stop),43
2023,Sat,1700,Charged,30
2023,Sat,1700,Final,29
2023,Sat,1700,Warning (T-Stop),58
2023,Sat,1800,Charged,27
2023,Sat,1800,Final,40
2023,Sat,1800,Warning (T-Stop),60
2023,Sat,1900,Charged,28
2023,Sat,1900,Final,43
2023,Sat,1900,Warning (T-Stop),42
2023,Sat,2000,Charged,38
2023,Sat,2000,Final,29
2023,Sat,2000,Warning (T-Stop),34
2023,Sat,2100,Charged,64
2023,Sat,2100,Data Quality,3
2023,Sat,2100,Final,109
2023,Sat,2100,Warning (T-Stop),100
2023,Sat,2200,Charged,70
2023,Sat,2200,Data Quality,1
2023,Sat,2200,Final,103
2023,Sat,2200,Warning (T-Stop),132
2023,Sat,2300,Charged,83
2023,Sat,2300,Data Quality,1
2023,Sat,2300,Final,144
2023,Sat,2300,Warning (T-Stop),156
2023,Sun,0,Charged,79
2023,Sun,0,Data Quality,1
2023,Sun,0,Final,137
2023,Sun,0,Warning (T-Stop),121
2023,Sun,100,Charged,57
2023,Sun,100,Data Quality,3
2023,Sun,100,Final,99
2023,Sun,100,Warning (T-Stop),90
2023,Sun,200,Charged,28
2023,Sun,200,Data Quality,2
2023,Sun,200,Final,88
2023,Sun,200,Warning (T-Stop),58
2023,Sun,300,Charged,18
2023,Sun,300,Data Quality,1
2023,Sun,300,Final,71
2023,Sun,300,Warning (T-Stop),33
2023,Sun,400,Charged,20
2023,Sun,400,Data Quality,1
2023,Sun,400,Final,63
2023,Sun,400,Warning (T-Stop),33
2023,Sun,500,Charged,7
2023,Sun,500,Data Quality,1
2023,Sun,500,Final,28
2023,Sun,500,Warning (T-Stop),12
2023,Sun,600,Charged,8
2023,Sun,600,Final,5
2023,Sun,600,Warning (T-Stop),7
2023,Sun,700,Charged,31
2023,Sun,700,Data Quality,1
2023,Sun,700,Final,26
2023,Sun,700,Warning (T-Stop),38
2023,Sun,800,Charged,56
2023,Sun,800,Final,29
2023,Sun,800,Warning (T-Stop),62
2023,Sun,900,Charged,89
2023,Sun,900,Final,44
2023,Sun,900,Warning (T-Stop),78
2023,Sun,1000,Charged,101
2023,Sun,1000,Final,33
2023,Sun,1000,Warning (T-Stop),71
2023,Sun,1100,Charged,99
2023,Sun,1100,Final,37
2023,Sun,1100,Warning (T-Stop),72
2023,Sun,1200,Charged,78
2023,Sun,1200,Data Quality,1
2023,Sun,1200,Final,41
2023,Sun,1200,Warning (T-Stop),67
2023,Sun,1300,Charged,62
2023,Sun,1300,Final,40
2023,Sun,1300,Warning (T-Stop),82
2023,Sun,1400,Charged,65
2023,Sun,1400,Data Quality,2
2023,Sun,1400,Final,55
2023,Sun,1400,Warning (T-Stop),65
2023,Sun,1500,Charged,56
2023,Sun,1500,Final,42
2023,Sun,1500,Warning (T-Stop),70
2023,Sun,1600,Charged,25
2023,Sun,1600,Final,35
2023,Sun,1600,Warning (T-Stop),38
2023,Sun,1700,Charged,25
2023,Sun,1700,Data Quality,1
2023,Sun,1700,Final,28
2023,Sun,1700,Warning (T-Stop),49
2023,Sun,1800,Charged,16
2023,Sun,1800,Data Quality,1
2023,Sun,1800,Final,30
2023,Sun,1800,Warning (T-Stop),37
2023,Sun,1900,Charged,14
2023,Sun,1900,Final,33
2023,Sun,1900,Warning (T-Stop),32
2023,Sun,2000,Charged,10
2023,Sun,2000,Final,20
2023,Sun,2000,Warning (T-Stop),30
2023,Sun,2100,Charged,32
2023,Sun,2100,Final,63
2023,Sun,2100,Warning (T-Stop),71
2023,Sun,2200,Charged,45
2023,Sun,2200,Data Quality,2
2023,Sun,2200,Final,70
2023,Sun,2200,Warning (T-Stop),79
2023,Sun,2300,Charged,29
2023,Sun,2300,Data Quality,1
2023,Sun,2300,Final,69
2023,Sun,2300,Warning (T-Stop),88
2023,Thu,0,Charged,30
2023,Thu,0,Final,85
2023,Thu,0,Warning (T-Stop),97
2023,Thu,100,Charged,29
2023,Thu,100,Data Quality,2
2023,Thu,100,Final,72
2023,Thu,100,Warning (T-Stop),68
2023,Thu,200,Charged,28
2023,Thu,200,Data Quality,3
2023,Thu,200,Final,87
2023,Thu,200,Warning (T-Stop),54
2023,Thu,300,Charged,16
2023,Thu,300,Data Quality,1
2023,Thu,300,Final,53
2023,Thu,300,Warning (T-Stop),27
2023,Thu,400,Charged,17
2023,Thu,400,Final,40
2023,Thu,400,Warning (T-Stop),21
2023,Thu,500,Charged,8
2023,Thu,500,Final,30
2023,Thu,500,Warning (T-Stop),23
2023,Thu,600,Charged,6
2023,Thu,600,Final,6
2023,Thu,600,Warning (T-Stop),10
2023,Thu,700,Charged,49
2023,Thu,700,Final,28
2023,Thu,700,Warning (T-Stop),50
2023,Thu,800,Charged,78
2023,Thu,800,Data Quality,1
2023,Thu,800,Final,32
2023,Thu,800,Warning (T-Stop),85
2023,Thu,900,Charged,80
2023,Thu,900,Data Quality,1
2023,Thu,900,Final,29
2023,Thu,900,Warning (T-Stop),47
2023,Thu,1000,Charged,84
2023,Thu,1000,Data Quality,1
2023,Thu,1000,Final,45
2023,Thu,1000,Warning (T-Stop),55
2023,Thu,1100,Charged,91
2023,Thu,1100,Final,33
2023,Thu,1100,Warning (T-Stop),58
2023,Thu,1200,Charged,100
2023,Thu,1200,Final,50
2023,Thu,1200,Warning (T-Stop),77
2023,Thu,1300,Charged,85
2023,Thu,1300,Final,45
2023,Thu,1300,Warning (T-Stop),59
2023,Thu,1400,Charged,77
2023,Thu,1400,Final,51
2023,Thu,1400,Warning (T-Stop),47
2023,Thu,1500,Charged,34
2023,Thu,1500,Data Quality,1
2023,Thu,1500,Final,37
2023,Thu,1500,Warning (T-Stop),44
2023,Thu,1600,Charged,25
2023,Thu,1600,Final,18
2023,Thu,1600,Warning (T-Stop),35
2023,Thu,1700,Charged,17
2023,Thu,1700,Final,27
2023,Thu,1700,Warning (T-Stop),44
2023,Thu,1800,Charged,11
2023,Thu,1800,Data Quality,1
2023,Thu,1800,Final,47
2023,Thu,1800,Warning (T-Stop),30
2023,Thu,1900,Charged,10
2023,Thu,1900,Final,32
2023,Thu,1900,Warning (T-Stop),29
2023,Thu,2000,Charged,17
2023,Thu,2000,Final,25
2023,Thu,2000,Warning (T-Stop),32
2023,Thu,2100,Charged,37
2023,Thu,2100,Final,62
2023,Thu,2100,Warning (T-Stop),78
2023,Thu,2200,Charged,67
2023,Thu,2200,Data Quality,1
2023,Thu,2200,Final,68
2023,Thu,2200,Warning (T-Stop),101
2023,Thu,2300,Charged,43
2023,Thu,2300,Data Quality,1
2023,Thu,2300,Final,63
2023,Thu,2300,Warning (T-Stop),98
2023,Tue,0,Charged,35
2023,Tue,0,Data Quality,2
2023,Tue,0,Final,97
2023,Tue,0,Warning (T-Stop),99
2023,Tue,100,Charged,29
2023,Tue,100,Data Quality,1
2023,Tue,100,Final,92
2023,Tue,100,Warning (T-Stop),58
2023,Tue,200,Charged,24
2023,Tue,200,Data Quality,1
2023,Tue,200,Final,68
2023,Tue,200,Warning (T-Stop),40
2023,Tue,300,Charged,15
2023,Tue,300,Data Quality,1
2023,Tue,300,Final,60
2023,Tue,300,Warning (T-Stop),28
2023,Tue,400,Charged,7
2023,Tue,400,Final,41
2023,Tue,400,Warning (T-Stop),22
2023,Tue,500,Charged,7
2023,Tue,500,Final,12
2023,Tue,500,Warning (T-Stop),17
2023,Tue,600,Charged,8
2023,Tue,600,Final,13
2023,Tue,600,Warning (T-Stop),19
2023,Tue,700,Charged,46
2023,Tue,700,Final,36
2023,Tue,700,Warning (T-Stop),56
2023,Tue,800,Charged,99
2023,Tue,800,Final,39
2023,Tue,800,Warning (T-Stop),87
2023,Tue,900,Charged,99
2023,Tue,900,Data Quality,1
2023,Tue,900,Final,28
2023,Tue,900,Warning (T-Stop),59
2023,Tue,1000,Charged,87
2023,Tue,1000,Final,36
2023,Tue,1000,Warning (T-Stop),42
2023,Tue,1100,Charged,102
2023,Tue,1100,Final,47
2023,Tue,1100,Warning (T-Stop),60
2023,Tue,1200,Charged,112
2023,Tue,1200,Final,45
2023,Tue,1200,Warning (T-Stop),53
2023,Tue,1300,Charged,118
2023,Tue,1300,Final,50
2023,Tue,1300,Warning (T-Stop),61
2023,Tue,1400,Charged,68
2023,Tue,1400,Data Quality,1
2023,Tue,1400,Final,51
2023,Tue,1400,Warning (T-Stop),62
2023,Tue,1500,Charged,56
2023,Tue,1500,Data Quality,2
2023,Tue,1500,Final,44
2023,Tue,1500,Warning (T-Stop),54
2023,Tue,1600,Charged,41
2023,Tue,1600,Final,22
2023,Tue,1600,Warning (T-Stop),31
2023,Tue,1700,Charged,27
2023,Tue,1700,Data Quality,1
2023,Tue,1700,Final,23
2023,Tue,1700,Warning (T-Stop),27
2023,Tue,1800,Charged,17
2023,Tue,1800,Final,25
2023,Tue,1800,Warning (T-Stop),33
2023,Tue,1900,Charged,9
2023,Tue,1900,Data Quality,2
2023,Tue,1900,Final,25
2023,Tue,1900,Warning (T-Stop),31
2023,Tue,2000,Charged,13
2023,Tue,2000,Final,23
2023,Tue,2000,Warning (T-Stop),24
2023,Tue,2100,Charged,28
2023,Tue,2100,Final,69
2023,Tue,2100,Warning (T-Stop),84
2023,Tue,2200,Charged,39
2023,Tue,2200,Final,75
2023,Tue,2200,Warning (T-Stop),95
2023,Tue,2300,Charged,44
2023,Tue,2300,Data Quality,2
2023,Tue,2300,Final,76
2023,Tue,2300,Warning (T-Stop),110
2023,Wed,0,Charged,31
2023,Wed,0,Data Quality,1
2023,Wed,0,Final,85
2023,Wed,0,Warning (T-Stop),90
2023,Wed,100,Charged,30
2023,Wed,100,Data Quality,1
2023,Wed,100,Final,87
2023,Wed,100,Warning (T-Stop),63
2023,Wed,200,Charged,21
2023,Wed,200,Data Quality,2
2023,Wed,200,Final,75
2023,Wed,200,Warning (T-Stop),28
2023,Wed,300,Charged,14
2023,Wed,300,Data Quality,1
2023,Wed,300,Final,76
2023,Wed,300,Warning (T-Stop),29
2023,Wed,400,Charged,12
2023,Wed,400,Data Quality,1
2023,Wed,400,Final,55
2023,Wed,400,Warning (T-Stop),19
2023,Wed,500,Charged,21
2023,Wed,500,Final,17
2023,Wed,500,Warning (T-Stop),15
2023,Wed,600,Charged,10
2023,Wed,600,Final,10
2023,Wed,600,Warning (T-Stop),15
2023,Wed,700,Charged,64
2023,Wed,700,Data Quality,1
2023,Wed,700,Final,20
2023,Wed,700,Warning (T-Stop),49
2023,Wed,800,Charged,115
2023,Wed,800,Final,42
2023,Wed,800,Warning (T-Stop),83
2023,Wed,900,Charged,93
2023,Wed,900,Final,32
2023,Wed,900,Warning (T-Stop),59
2023,Wed,1000,Charged,101
2023,Wed,1000,Data Quality,1
2023,Wed,1000,Final,32
2023,Wed,1000,Warning (T-Stop),53
2023,Wed,1100,Charged,96
2023,Wed,1100,Data Quality,2
2023,Wed,1100,Final,40
2023,Wed,1100,Warning (T-Stop),52
2023,Wed,1200,Charged,150
2023,Wed,1200,Data Quality,1
2023,Wed,1200,Final,51
2023,Wed,1200,Warning (T-Stop),66
2023,Wed,1300,Charged,151
2023,Wed,1300,Final,55
2023,Wed,1300,Warning (T-Stop),56
2023,Wed,1400,Charged,96
2023,Wed,1400,Final,47
2023,Wed,1400,Warning (T-Stop),56
2023,Wed,1500,Charged,75
2023,Wed,1500,Final,52
2023,Wed,1500,Warning (T-Stop),62
2023,Wed,1600,Charged,39
2023,Wed,1600,Data Quality,1
2023,Wed,1600,Final,27
2023,Wed,1600,Warning (T-Stop),36
2023,Wed,1700,Charged,22
2023,Wed,1700,Final,36
2023,Wed,1700,Warning (T-Stop),38
2023,Wed,1800,Charged,25
2023,Wed,1800,Data Quality,1
2023,Wed,1800,Final,21
2023,Wed,1800,Warning (T-Stop),36
2023,Wed,1900,Charged,25
2023,Wed,1900,Final,29
2023,Wed,1900,Warning (T-Stop),39
2023,Wed,2000,Charged,15
2023,Wed,2000,Final,33
2023,Wed,2000,Warning (T-Stop),31
2023,Wed,2100,Charged,20
2023,Wed,2100,Data Quality,1
2023,Wed,2100,Final,65
2023,Wed,2100,Warning (T-Stop),90
2023,Wed,2200,Charged,34
2023,Wed,2200,Final,87
2023,Wed,2200,Warning (T-Stop),74
2023,Wed,2300,Charged,45
2023,Wed,2300,Data Quality,1
2023,Wed,2300,Final,62
2023,Wed,2300,Warning (T-Stop),116
2024,Fri,0,Charged,48
2024,Fri,0,Data Quality,2
2024,Fri,0,Final,90
2024,Fri,0,Warning (T-Stop),83
2024,Fri,100,Charged,30
2024,Fri,100,Data Quality,1
2024,Fri,100,Final,92
2024,Fri,100,Warning (T-Stop),83
2024,Fri,200,Charged,33
2024,Fri,200,Final,65
2024,Fri,200,Warning (T-Stop),45
2024,Fri,300,Charged,28
2024,Fri,300,Data Quality,1
2024,Fri,300,Final,52
2024,Fri,300,Warning (T-Stop),40
2024,Fri,400,Charged,17
2024,Fri,400,Final,33
2024,Fri,400,Warning (T-Stop),28
2024,Fri,500,Charged,24
2024,Fri,500,Final,17
2024,Fri,500,Warning (T-Stop),34
2024,Fri,600,Charged,9
2024,Fri,600,Final,16
2024,Fri,600,Warning (T-Stop),14
2024,Fri,700,Charged,46
2024,Fri,700,Final,33
2024,Fri,700,Warning (T-Stop),60
2024,Fri,800,Charged,109
2024,Fri,800,Final,48
2024,Fri,800,Warning (T-Stop),103
2024,Fri,900,Charged,96
2024,Fri,900,Data Quality,1
2024,Fri,900,Final,56
2024,Fri,900,Warning (T-Stop),74
2024,Fri,1000,Charged,116
2024,Fri,1000,Data Quality,1
2024,Fri,1000,Final,51
2024,Fri,1000,Warning (T-Stop),72
2024,Fri,1100,Charged,96
2024,Fri,1100,Final,50
2024,Fri,1100,Warning (T-Stop),81
2024,Fri,1200,Charged,116
2024,Fri,1200,Final,66
2024,Fri,1200,Warning (T-Stop),76
2024,Fri,1300,Charged,131
2024,Fri,1300,Final,82
2024,Fri,1300,Warning (T-Stop),69
2024,Fri,1400,Charged,103
2024,Fri,1400,Final,62
2024,Fri,1400,Warning (T-Stop),81
2024,Fri,1500,Charged,62
2024,Fri,1500,Final,41
2024,Fri,1500,Warning (T-Stop),73
2024,Fri,1600,Charged,50
2024,Fri,1600,Final,25
2024,Fri,1600,Warning (T-Stop),33
2024,Fri,1700,Charged,36
2024,Fri,1700,Data Quality,1
2024,Fri,1700,Final,40
2024,Fri,1700,Warning (T-Stop),40
2024,Fri,1800,Charged,40
2024,Fri,1800,Final,37
2024,Fri,1800,Warning (T-Stop),53
2024,Fri,1900,Charged,63
2024,Fri,1900,Data Quality,2
2024,Fri,1900,Final,36
2024,Fri,1900,Warning (T-Stop),46
2024,Fri,2000,Charged,63
2024,Fri,2000,Final,36
2024,Fri,2000,Warning (T-Stop),51
2024,Fri,2100,Charged,72
2024,Fri,2100,Data Quality,1
2024,Fri,2100,Final,101
2024,Fri,2100,Warning (T-Stop),102
2024,Fri,2200,Charged,95
2024,Fri,2200,Data Quality,4
2024,Fri,2200,Final,95
2024,Fri,2200,Warning (T-Stop),135
2024,Fri,2300,Charged,89
2024,Fri,2300,Data Quality,3
2024,Fri,2300,Final,118
2024,Fri,2300,Warning (T-Stop),129
2024,Mon,0,Charged,48
2024,Mon,0,Data Quality,2
2024,Mon,0,Final,102
2024,Mon,0,Warning (T-Stop),109
2024,Mon,100,Charged,40
2024,Mon,100,Final,81
2024,Mon,100,Warning (T-Stop),86
2024,Mon,200,Charged,39
2024,Mon,200,Data Quality,1
2024,Mon,200,Final,72
2024,Mon,200,Warning (T-Stop),39
2024,Mon,300,Charged,23
2024,Mon,300,Data Quality,2
2024,Mon,300,Final,54
2024,Mon,300,Warning (T-Stop),29
2024,Mon,400,Charged,10
2024,Mon,400,Final,34
2024,Mon,400,Warning (T-Stop),31
2024,Mon,500,Charged,16
2024,Mon,500,Final,15
2024,Mon,500,Warning (T-Stop),23
2024,Mon,600,Charged,10
2024,Mon,600,Final,8
2024,Mon,600,Warning (T-Stop),14
2024,Mon,700,Charged,35
2024,Mon,700,Data Quality,1
2024,Mon,700,Final,37
2024,Mon,700,Warning (T-Stop),64
2024,Mon,800,Charged,81
2024,Mon,800,Data Quality,2
2024,Mon,800,Final,37
2024,Mon,800,Warning (T-Stop),61
2024,Mon,900,Charged,80
2024,Mon,900,Data Quality,1
2024,Mon,900,Final,40
2024,Mon,900,Warning (T-Stop),66
2024,Mon,1000,Charged,77
2024,Mon,1000,Final,47
2024,Mon,1000,Warning (T-Stop),64
2024,Mon,1100,Charged,99
2024,Mon,1100,Final,55
2024,Mon,1100,Warning (T-Stop),88
2024,Mon,1200,Charged,96
2024,Mon,1200,Final,50
2024,Mon,1200,Warning (T-Stop),101
2024,Mon,1300,Charged,117
2024,Mon,1300,Data Quality,2
2024,Mon,1300,Final,73
2024,Mon,1300,Warning (T-Stop),90
2024,Mon,1400,Charged,89
2024,Mon,1400,Data Quality,1
2024,Mon,1400,Final,64
2024,Mon,1400,Warning (T-Stop),75
2024,Mon,1500,Charged,68
2024,Mon,1500,Data Quality,2
2024,Mon,1500,Final,49
2024,Mon,1500,Warning (T-Stop),74
2024,Mon,1600,Charged,29
2024,Mon,1600,Final,29
2024,Mon,1600,Warning (T-Stop),52
2024,Mon,1700,Charged,21
2024,Mon,1700,Final,37
2024,Mon,1700,Warning (T-Stop),57
2024,Mon,1800,Charged,20
2024,Mon,1800,Final,25
2024,Mon,1800,Warning (T-Stop),53
2024,Mon,1900,Charged,22
2024,Mon,1900,Final,22
2024,Mon,1900,Warning (T-Stop),50
2024,Mon,2000,Charged,20
2024,Mon,2000,Final,26
2024,Mon,2000,Warning (T-Stop),41
2024,Mon,2100,Charged,21
2024,Mon,2100,Data Quality,1
2024,Mon,2100,Final,74
2024,Mon,2100,Warning (T-Stop),97
2024,Mon,2200,Charged,56
2024,Mon,2200,Data Quality,1
2024,Mon,2200,Final,72
2024,Mon,2200,Warning (T-Stop),119
2024,Mon,2300,Charged,54
2024,Mon,2300,Final,96
2024,Mon,2300,Warning (T-Stop),122
2024,Sat,0,Charged,79
2024,Sat,0,Data Quality,3
2024,Sat,0,Final,123
2024,Sat,0,Warning (T-Stop),124
2024,Sat,100,Charged,66
2024,Sat,100,Final,128
2024,Sat,100,Warning (T-Stop),73
2024,Sat,200,Charged,41
2024,Sat,200,Data Quality,1
2024,Sat,200,Final,111
2024,Sat,200,Warning (T-Stop),79
2024,Sat,300,Charged,18
2024,Sat,300,Data Quality,3
2024,Sat,300,Final,62
2024,Sat,300,Warning (T-Stop),38
2024,Sat,400,Charged,10
2024,Sat,400,Data Quality,2
2024,Sat,400,Final,51
2024,Sat,400,Warning (T-Stop),32
2024,Sat,500,Charged,16
2024,Sat,500,Final,20
2024,Sat,500,Warning (T-Stop),17
2024,Sat,600,Charged,7
2024,Sat,600,Final,11
2024,Sat,600,Warning (T-Stop),11
2024,Sat,700,Charged,29
2024,Sat,700,Data Quality,2
2024,Sat,700,Final,23
2024,Sat,700,Warning (T-Stop),49
2024,Sat,800,Charged,57
2024,Sat,800,Final,35
2024,Sat,800,Warning (T-Stop),74
2024,Sat,900,Charged,72
2024,Sat,900,Final,55
2024,Sat,900,Warning (T-Stop),88
2024,Sat,1000,Charged,78
2024,Sat,1000,Data Quality,1
2024,Sat,1000,Final,51
2024,Sat,1000,Warning (T-Stop),87
2024,Sat,1100,Charged,75
2024,Sat,1100,Data Quality,1
2024,Sat,1100,Final,54
2024,Sat,1100,Warning (T-Stop),71
2024,Sat,1200,Charged,72
2024,Sat,1200,Data Quality,1
2024,Sat,1200,Final,61
2024,Sat,1200,Warning (T-Stop),94
2024,Sat,1300,Charged,80
2024,Sat,1300,Final,55
2024,Sat,1300,Warning (T-Stop),105
2024,Sat,1400,Charged,66
2024,Sat,1400,Data Quality,1
2024,Sat,1400,Final,47
2024,Sat,1400,Warning (T-Stop),88
2024,Sat,1500,Charged,40
2024,Sat,1500,Data Quality,2
2024,Sat,1500,Final,45
2024,Sat,1500,Warning (T-Stop),71
2024,Sat,1600,Charged,13
2024,Sat,1600,Data Quality,1
2024,Sat,1600,Final,31
2024,Sat,1600,Warning (T-Stop),48
2024,Sat,1700,Charged,28
2024,Sat,1700,Final,41
2024,Sat,1700,Warning (T-Stop),50
2024,Sat,1800,Charged,28
2024,Sat,1800,Final,48
2024,Sat,1800,Warning (T-Stop),54
2024,Sat,1900,Charged,37
2024,Sat,1900,Final,46
2024,Sat,1900,Warning (T-Stop),38
2024,Sat,2000,Charged,26
2024,Sat,2000,Final,34
2024,Sat,2000,Warning (T-Stop),38
2024,Sat,2100,Charged,46
2024,Sat,2100,Data Quality,3
2024,Sat,2100,Final,101
2024,Sat,2100,Warning (T-Stop),126
2024,Sat,2200,Charged,71
2024,Sat,2200,Final,118
2024,Sat,2200,Warning (T-Stop),148
2024,Sat,2300,Charged,57
2024,Sat,2300,Final,141
2024,Sat,2300,Warning (T-Stop),147
2024,Sun,0,Charged,64
2024,Sun,0,Final,138
2024,Sun,0,Warning (T-Stop),134
2024,Sun,100,Charged,70
2024,Sun,100,Final,136
2024,Sun,100,Warning (T-Stop),100
2024,Sun,200,Charged,43
2024,Sun,200,Data Quality,2
2024,Sun,200,Final,99
2024,Sun,200,Warning (T-Stop),64
2024,Sun,300,Charged,30
2024,Sun,300,Data Quality,1
2024,Sun,300,Final,74
2024,Sun,300,Warning (T-Stop),49
2024,Sun,400,Charged,14
2024,Sun,400,Data Quality,1
2024,Sun,400,Final,50
2024,Sun,400,Warning (T-Stop),28
2024,Sun,500,Charged,21
2024,Sun,500,Final,24
2024,Sun,500,Warning (T-Stop),28
2024,Sun,600,Charged,8
2024,Sun,600,Data Quality,2
2024,Sun,600,Final,10
2024,Sun,600,Warning (T-Stop),12
2024,Sun,700,Charged,24
2024,Sun,700,Final,24
2024,Sun,700,Warning (T-Stop),36
2024,Sun,800,Charged,42
2024,Sun,800,Final,45
2024,Sun,800,Warning (T-Stop),74
2024,Sun,900,Charged,71
2024,Sun,900,Final,51
2024,Sun,900,Warning (T-Stop),87
2024,Sun,1000,Charged,89
2024,Sun,1000,Final,51
2024,Sun,1000,Warning (T-Stop),68
2024,Sun,1100,Charged,69
2024,Sun,1100,Final,57
2024,Sun,1100,Warning (T-Stop),78
2024,Sun,1200,Charged,92
2024,Sun,1200,Data Quality,2
2024,Sun,1200,Final,67
2024,Sun,1200,Warning (T-Stop),93
2024,Sun,1300,Charged,70
2024,Sun,1300,Final,63
2024,Sun,1300,Warning (T-Stop),84
2024,Sun,1400,Charged,72
2024,Sun,1400,Data Quality,1
2024,Sun,1400,Final,63
2024,Sun,1400,Warning (T-Stop),73
2024,Sun,1500,Charged,42
2024,Sun,1500,Data Quality,1
2024,Sun,1500,Final,35
2024,Sun,1500,Warning (T-Stop),49
2024,Sun,1600,Charged,22
2024,Sun,1600,Final,43
2024,Sun,1600,Warning (T-Stop),35
2024,Sun,1700,Charged,24
2024,Sun,1700,Final,35
2024,Sun,1700,Warning (T-Stop),55
2024,Sun,1800,Charged,27
2024,Sun,1800,Data Quality,2
2024,Sun,1800,Final,31
2024,Sun,1800,Warning (T-Stop),39
2024,Sun,1900,Charged,15
2024,Sun,1900,Final,34
2024,Sun,1900,Warning (T-Stop),35
2024,Sun,2000,Charged,12
2024,Sun,2000,Final,39
2024,Sun,2000,Warning (T-Stop),35
2024,Sun,2100,Charged,44
2024,Sun,2100,Data Quality,3
2024,Sun,2100,Final,58
2024,Sun,2100,Warning (T-Stop),72
2024,Sun,2200,Charged,43
2024,Sun,2200,Data Quality,2
2024,Sun,2200,Final,80
2024,Sun,2200,Warning (T-Stop),114
2024,Sun,2300,Charged,39
2024,Sun,2300,Data Quality,4
2024,Sun,2300,Final,95
2024,Sun,2300,Warning (T-Stop),109
2024,Thu,0,Charged,45
2024,Thu,0,Data Quality,2
2024,Thu,0,Final,106
2024,Thu,0,Warning (T-Stop),106
2024,Thu,100,Charged,40
2024,Thu,100,Data Quality,1
2024,Thu,100,Final,117
2024,Thu,100,Warning (T-Stop),74
2024,Thu,200,Charged,36
2024,Thu,200,Data Quality,1
2024,Thu,200,Final,70
2024,Thu,200,Warning (T-Stop),44
2024,Thu,300,Charged,18
2024,Thu,300,Final,58
2024,Thu,300,Warning (T-Stop),37
2024,Thu,400,Charged,20
2024,Thu,400,Data Quality,1
2024,Thu,400,Final,43
2024,Thu,400,Warning (T-Stop),35
2024,Thu,500,Charged,25
2024,Thu,500,Final,26
2024,Thu,500,Warning (T-Stop),33
2024,Thu,600,Charged,9
2024,Thu,600,Final,6
2024,Thu,600,Warning (T-Stop),23
2024,Thu,700,Charged,44
2024,Thu,700,Final,35
2024,Thu,700,Warning (T-Stop),64
2024,Thu,800,Charged,93
2024,Thu,800,Data Quality,1
2024,Thu,800,Final,53
2024,Thu,800,Warning (T-Stop),86
2024,Thu,900,Charged,81
2024,Thu,900,Final,45
2024,Thu,900,Warning (T-Stop),72
2024,Thu,1000,Charged,91
2024,Thu,1000,Data Quality,1
2024,Thu,1000,Final,50
2024,Thu,1000,Warning (T-Stop),50
2024,Thu,1100,Charged,83
2024,Thu,1100,Final,61
2024,Thu,1100,Warning (T-Stop),77
2024,Thu,1200,Charged,100
2024,Thu,1200,Data Quality,2
2024,Thu,1200,Final,56
2024,Thu,1200,Warning (T-Stop),92
2024,Thu,1300,Charged,83
2024,Thu,1300,Final,54
2024,Thu,1300,Warning (T-Stop),70
2024,Thu,1400,Charged,69
2024,Thu,1400,Data Quality,1
2024,Thu,1400,Final,69
2024,Thu,1400,Warning (T-Stop),60
2024,Thu,1500,Charged,39
2024,Thu,1500,Final,42
2024,Thu,1500,Warning (T-Stop),60
2024,Thu,1600,Charged,25
2024,Thu,1600,Data Quality,1
2024,Thu,1600,Final,22
2024,Thu,1600,Warning (T-Stop),40
2024,Thu,1700,Charged,16
2024,Thu,1700,Final,31
2024,Thu,1700,Warning (T-Stop),41
2024,Thu,1800,Charged,19
2024,Thu,1800,Data Quality,1
2024,Thu,1800,Final,22
2024,Thu,1800,Warning (T-Stop),43
2024,Thu,1900,Charged,20
2024,Thu,1900,Data Quality,1
2024,Thu,1900,Final,30
2024,Thu,1900,Warning (T-Stop),40
2024,Thu,2000,Charged,19
2024,Thu,2000,Final,26
2024,Thu,2000,Warning (T-Stop),24
2024,Thu,2100,Charged,35
2024,Thu,2100,Data Quality,1
2024,Thu,2100,Final,56
2024,Thu,2100,Warning (T-Stop),86
2024,Thu,2200,Charged,43
2024,Thu,2200,Data Quality,2
2024,Thu,2200,Final,77
2024,Thu,2200,Warning (T-Stop),103
2024,Thu,2300,Charged,51
2024,Thu,2300,Final,85
2024,Thu,2300,Warning (T-Stop),101
2024,Tue,0,Charged,50
2024,Tue,0,Data Quality,4
2024,Tue,0,Final,97
2024,Tue,0,Warning (T-Stop),97
2024,Tue,100,Charged,24
2024,Tue,100,Data Quality,1
2024,Tue,100,Final,103
2024,Tue,100,Warning (T-Stop),74
2024,Tue,200,Charged,29
2024,Tue,200,Final,75
2024,Tue,200,Warning (T-Stop),38
2024,Tue,300,Charged,21
2024,Tue,300,Final,46
2024,Tue,300,Warning (T-Stop),43
2024,Tue,400,Charged,14
2024,Tue,400,Data Quality,1
2024,Tue,400,Final,33
2024,Tue,400,Warning (T-Stop),40
2024,Tue,500,Charged,17
2024,Tue,500,Final,11
2024,Tue,500,Warning (T-Stop),34
2024,Tue,600,Charged,7
2024,Tue,600,Data Quality,2
2024,Tue,600,Final,20
2024,Tue,600,Warning (T-Stop),26
2024,Tue,700,Charged,37
2024,Tue,700,Final,40
2024,Tue,700,Warning (T-Stop),59
2024,Tue,800,Charged,92
2024,Tue,800,Final,50
2024,Tue,800,Warning (T-Stop),83
2024,Tue,900,Charged,89
2024,Tue,900,Final,53
2024,Tue,900,Warning (T-Stop),80
2024,Tue,1000,Charged,100
2024,Tue,1000,Data Quality,1
2024,Tue,1000,Final,57
2024,Tue,1000,Warning (T-Stop),61
2024,Tue,1100,Charged,102
2024,Tue,1100,Final,56
2024,Tue,1100,Warning (T-Stop),70
2024,Tue,1200,Charged,97
2024,Tue,1200,Data Quality,1
2024,Tue,1200,Final,73
2024,Tue,1200,Warning (T-Stop),82
2024,Tue,1300,Charged,104
2024,Tue,1300,Data Quality,2
2024,Tue,1300,Final,69
2024,Tue,1300,Warning (T-Stop),71
2024,Tue,1400,Charged,87
2024,Tue,1400,Data Quality,1
2024,Tue,1400,Final,42
2024,Tue,1400,Warning (T-Stop),66
2024,Tue,1500,Charged,42
2024,Tue,1500,Final,49
2024,Tue,1500,Warning (T-Stop),72
2024,Tue,1600,Charged,25
2024,Tue,1600,Final,21
2024,Tue,1600,Warning (T-Stop),38
2024,Tue,1700,Charged,28
2024,Tue,1700,Data Quality,1
2024,Tue,1700,Final,28
2024,Tue,1700,Warning (T-Stop),61
2024,Tue,1800,Charged,26
2024,Tue,1800,Final,22
2024,Tue,1800,Warning (T-Stop),36
2024,Tue,1900,Charged,20
2024,Tue,1900,Final,33
2024,Tue,1900,Warning (T-Stop),50
2024,Tue,2000,Charged,18
2024,Tue,2000,Final,34
2024,Tue,2000,Warning (T-Stop),34
2024,Tue,2100,Charged,42
2024,Tue,2100,Data Quality,1
2024,Tue,2100,Final,69
2024,Tue,2100,Warning (T-Stop),98
2024,Tue,2200,Charged,63
2024,Tue,2200,Data Quality,1
2024,Tue,2200,Final,96
2024,Tue,2200,Warning (T-Stop),122
2024,Tue,2300,Charged,58
2024,Tue,2300,Data Quality,3
2024,Tue,2300,Final,102
2024,Tue,2300,Warning (T-Stop),105
2024,Wed,0,Charged,48
2024,Wed,0,Final,91
2024,Wed,0,Warning (T-Stop),104
2024,Wed,100,Charged,44
2024,Wed,100,Final,86
2024,Wed,100,Warning (T-Stop),76
2024,Wed,200,Charged,26
2024,Wed,200,Data Quality,1
2024,Wed,200,Final,67
2024,Wed,200,Warning (T-Stop),43
2024,Wed,300,Charged,22
2024,Wed,300,Data Quality,1
2024,Wed,300,Final,52
2024,Wed,300,Warning (T-Stop),31
2024,Wed,400,Charged,16
2024,Wed,400,Final,48
2024,Wed,400,Warning (T-Stop),34
2024,Wed,500,Charged,22
2024,Wed,500,Data Quality,1
2024,Wed,500,Final,18
2024,Wed,500,Warning (T-Stop),26
2024,Wed,600,Charged,17
2024,Wed,600,Final,8
2024,Wed,600,Warning (T-Stop),29
2024,Wed,700,Charged,32
2024,Wed,700,Final,39
2024,Wed,700,Warning (T-Stop),62
2024,Wed,800,Charged,85
2024,Wed,800,Final,55
2024,Wed,800,Warning (T-Stop),71
2024,Wed,900,Charged,90
2024,Wed,900,Final,58
2024,Wed,900,Warning (T-Stop),77
2024,Wed,1000,Charged,100
2024,Wed,1000,Final,59
2024,Wed,1000,Warning (T-Stop),65
2024,Wed,1100,Charged,89
2024,Wed,1100,Final,72
2024,Wed,1100,Warning (T-Stop),59
2024,Wed,1200,Charged,100
2024,Wed,1200,Final,81
2024,Wed,1200,Warning (T-Stop),71
2024,Wed,1300,Charged,95
2024,Wed,1300,Data Quality,1
2024,Wed,1300,Final,63
2024,Wed,1300,Warning (T-Stop),73
2024,Wed,1400,Charged,89
2024,Wed,1400,Final,53
2024,Wed,1400,Warning (T-Stop),96
2024,Wed,1500,Charged,51
2024,Wed,1500,Data Quality,1
2024,Wed,1500,Final,41
2024,Wed,1500,Warning (T-Stop),72
2024,Wed,1600,Charged,24
2024,Wed,1600,Final,27
2024,Wed,1600,Warning (T-Stop),50
2024,Wed,1700,Charged,19
2024,Wed,1700,Data Quality,2
2024,Wed,1700,Final,34
2024,Wed,1700,Warning (T-Stop),53
2024,Wed,1800,Charged,22
2024,Wed,1800,Data Quality,1
2024,Wed,1800,Final,26
2024,Wed,1800,Warning (T-Stop),30
2024,Wed,1900,Charged,18
2024,Wed,1900,Data Quality,1
2024,Wed,1900,Final,25
2024,Wed,1900,Warning (T-Stop),27
2024,Wed,2000,Charged,16
2024,Wed,2000,Final,32
2024,Wed,2000,Warning (T-Stop),31
2024,Wed,2100,Charged,26
2024,Wed,2100,Data Quality,3
2024,Wed,2100,Final,79
2024,Wed,2100,Warning (T-Stop),78
2024,Wed,2200,Charged,42
2024,Wed,2200,Data Quality,4
2024,Wed,2200,Final,87
2024,Wed,2200,Warning (T-Stop),97
2024,Wed,2300,Charged,50
2024,Wed,2300,Data Quality,1
2024,Wed,2300,Final,92
2024,Wed,2300,Warning (T-Stop),103
