{"type":"FeatureCollection","features":[{"type":"Feature","id":1,"geometry":null,"properties":{"Data_Type":"ASE Active ","Location":"E007 - Smyth Rd. between Haig Dr. and Edgecomb St. ","Camera_Install_Year":"2020","Date_of_Data_Collection":"July-2021","AvgSpeed":"49","Pct85th":56,"PctCompliance":64,"PctHighEndSpeeders":2.3,"ObjectId":1}},{"type":"Feature","id":2,"geometry":null,"properties":{"Data_Type":"ASE Active ","Location":"E008 - Meadowlands Dr. W. between Winthrow Ave. and Thatcher St.","Camera_Install_Year":"2020","Date_of_Data_Collection":"July-2021","AvgSpeed":"39","Pct85th":45,"PctCompliance":65,"PctHighEndSpeeders":2.2,"ObjectId":2}},{"type":"Feature","id":3,"geometry":null,"properties":{"Data_Type":"ASE Active ","Location":"E001 - Longfields Dr. between Highbury Park Dr. and Via Verona Ave.","Camera_Install_Year":"2020","Date_of_Data_Collection":"August-2021","AvgSpeed":"40","Pct85th":45,"PctCompliance":63,"PctHighEndSpeeders":1.2,"ObjectId":3}},{"type":"Feature","id":4,"geometry":null,"properties":{"Data_Type":"ASE Active ","Location":"E002 - Innes Rd. between Provence Ave. and Trim Rd.","Camera_Install_Year":"2020","Date_of_Data_Collection":"August-2021","AvgSpeed":"59","Pct85th":66,"PctCompliance":64,"PctHighEndSpeeders":1.8,"ObjectId":4}},{"type":"Feature","id":5,"geometry":null,"properties":{"Data_Type":"ASE Active ","Location":"E003 - Bayshore Dr. between Woodridge N Cres. And Woodridge S Cres. ","Camera_Install_Year":"2020","Date_of_Data_Collection":"August-2021","AvgSpeed":"38","Pct85th":46,"PctCompliance":66,"PctHighEndSpeeders":1.8,"ObjectId":5}},{"type":"Feature","id":6,"geometry":null,"properties":{"Data_Type":"ASE Active ","Location":"E004 - Katimavik Rd. between Castlefrank Rd. and McGibbon Dr./Sewall Way","Camera_Install_Year":"2020","Date_of_Data_Collection":"August-2021","AvgSpeed":"41","Pct85th":50,"PctCompliance":59,"PctHighEndSpeeders":6,"ObjectId":6}},{"type":"Feature","id":7,"geometry":null,"properties":{"Data_Type":"ASE Active ","Location":"E005 - Watters Dr. between Charlemagne Blvd. and Roberval Ave. ","Camera_Install_Year":"2020","Date_of_Data_Collection":"August-2021","AvgSpeed":"40","Pct85th":46,"PctCompliance":61,"PctHighEndSpeeders":2.2,"ObjectId":7}},{"type":"Feature","id":8,"geometry":null,"properties":{"Data_Type":"ASE Active ","Location":"E006 - Ogilvie Rd. between Appleford St. and Elmlea Gate","Camera_Install_Year":"2020","Date_of_Data_Collection":"August-2021","AvgSpeed":"50","Pct85th":57,"PctCompliance":60,"PctHighEndSpeeders":2.6,"ObjectId":8}},{"type":"Feature","id":9,"geometry":null,"properties":{"Data_Type":"ASE Active ","Location":"E007 - Smyth Rd. between Haig Dr. and Edgecomb St. ","Camera_Install_Year":"2020","Date_of_Data_Collection":"August-2021","AvgSpeed":"49","Pct85th":56,"PctCompliance":65,"PctHighEndSpeeders":2.3,"ObjectId":9}},{"type":"Feature","id":10,"geometry":null,"properties":{"Data_Type":"ASE Active ","Location":"E008 - Meadowlands Dr. W. between Winthrow Ave. and Thatcher St.","Camera_Install_Year":"2020","Date_of_Data_Collection":"August-2021","AvgSpeed":"39","Pct85th":45,"PctCompliance":67,"PctHighEndSpeeders":2,"ObjectId":10}},{"type":"Feature","id":11,"geometry":null,"properties":{"Data_Type":"ASE Active ","Location":"E001 - Longfields Dr. between Highbury Park Dr. and Via Verona Ave.","Camera_Install_Year":"2020","Date_of_Data_Collection":"September-2021","AvgSpeed":"39","Pct85th":44,"PctCompliance":68,"PctHighEndSpeeders":0.9,"ObjectId":11}},{"type":"Feature","id":12,"geometry":null,"properties":{"Data_Type":"ASE Active ","Location":"E002 - Innes Rd. between Provence Ave. and Trim Rd.","Camera_Install_Year":"2020","Date_of_Data_Collection":"September-2021","AvgSpeed":"58","Pct85th":65,"PctCompliance":67,"PctHighEndSpeeders":1.5,"ObjectId":12}},{"type":"Feature","id":13,"geometry":null,"properties":{"Data_Type":"ASE Active ","Location":"E003 - Bayshore Dr. between Woodridge N Cres. And Woodridge S Cres. ","Camera_Install_Year":"2020","Date_of_Data_Collection":"September-2021","AvgSpeed":"37","Pct85th":46,"PctCompliance":69,"PctHighEndSpeeders":1.7,"ObjectId":13}},{"type":"Feature","id":14,"geometry":null,"properties":{"Data_Type":"ASE Active ","Location":"E004 - Katimavik Rd. between Castlefrank Rd. and McGibbon Dr./Sewall Way","Camera_Install_Year":"2020","Date_of_Data_Collection":"September-2021","AvgSpeed":"40","Pct85th":49,"PctCompliance":63,"PctHighEndSpeeders":4.8,"ObjectId":14}},{"type":"Feature","id":15,"geometry":null,"properties":{"Data_Type":"ASE Active ","Location":"E005 - Watters Dr. between Charlemagne Blvd. and Roberval Ave. ","Camera_Install_Year":"2020","Date_of_Data_Collection":"September-2021","AvgSpeed":"39","Pct85th":44,"PctCompliance":68,"PctHighEndSpeeders":1.3,"ObjectId":15}},{"type":"Feature","id":16,"geometry":null,"properties":{"Data_Type":"ASE Active ","Location":"E006 - Ogilvie Rd. between Appleford St. and Elmlea Gate","Camera_Install_Year":"2020","Date_of_Data_Collection":"September-2021","AvgSpeed":"48","Pct85th":56,"PctCompliance":66,"PctHighEndSpeeders":2.1,"ObjectId":16}},{"type":"Feature","id":17,"geometry":null,"properties":{"Data_Type":"ASE Active ","Location":"E007 - Smyth Rd. between Haig Dr. and Edgecomb St. ","Camera_Install_Year":"2020","Date_of_Data_Collection":"September-2021","AvgSpeed":"47","Pct85th":55,"PctCompliance":70,"PctHighEndSpeeders":1.8,"ObjectId":17}},{"type":"Feature","id":18,"geometry":null,"properties":{"Data_Type":"ASE Active ","Location":"E008 - Meadowlands Dr. W. between Winthrow Ave. and Thatcher St.","Camera_Install_Year":"2020","Date_of_Data_Collection":"September-2021","AvgSpeed":"38","Pct85th":44,"PctCompliance":71,"PctHighEndSpeeders":1.8,"ObjectId":18}},{"type":"Feature","id":19,"geometry":null,"properties":{"Data_Type":"ASE Active ","Location":"E001 - Longfields Dr. between Highbury Park Dr. and Via Verona Ave.","Camera_Install_Year":"2020","Date_of_Data_Collection":"October-2021","AvgSpeed":"39","Pct85th":44,"PctCompliance":70,"PctHighEndSpeeders":0.8,"ObjectId":19}},{"type":"Feature","id":20,"geometry":null,"properties":{"Data_Type":"ASE Active ","Location":"E002 - Innes Rd. between Provence Ave. and Trim Rd.","Camera_Install_Year":"2020","Date_of_Data_Collection":"October-2021","AvgSpeed":"58","Pct85th":65,"PctCompliance":68,"PctHighEndSpeeders":1.5,"ObjectId":20}},{"type":"Feature","id":21,"geometry":null,"properties":{"Data_Type":"ASE Active ","Location":"E003 - Bayshore Dr. between Woodridge N Cres. And Woodridge S Cres. ","Camera_Install_Year":"2020","Date_of_Data_Collection":"October-2021","AvgSpeed":"37","Pct85th":46,"PctCompliance":69,"PctHighEndSpeeders":1.8,"ObjectId":21}},{"type":"Feature","id":22,"geometry":null,"properties":{"Data_Type":"ASE Active ","Location":"E004 - Katimavik Rd. between Castlefrank Rd. and McGibbon Dr./Sewall Way","Camera_Install_Year":"2020","Date_of_Data_Collection":"October-2021","AvgSpeed":"40","Pct85th":49,"PctCompliance":63,"PctHighEndSpeeders":5.1,"ObjectId":22}},{"type":"Feature","id":23,"geometry":null,"properties":{"Data_Type":"ASE Active ","Location":"E005 - Watters Dr. between Charlemagne Blvd. and Roberval Ave. ","Camera_Install_Year":"2020","Date_of_Data_Collection":"October-2021","AvgSpeed":"39","Pct85th":44,"PctCompliance":69,"PctHighEndSpeeders":1.5,"ObjectId":23}},{"type":"Feature","id":24,"geometry":null,"properties":{"Data_Type":"ASE Active ","Location":"E006 - Ogilvie Rd. between Appleford St. and Elmlea Gate","Camera_Install_Year":"2020","Date_of_Data_Collection":"October-2021","AvgSpeed":"49","Pct85th":56,"PctCompliance":66,"PctHighEndSpeeders":2.1,"ObjectId":24}},{"type":"Feature","id":25,"geometry":null,"properties":{"Data_Type":"ASE Active ","Location":"E007 - Smyth Rd. between Haig Dr. and Edgecomb St. ","Camera_Install_Year":"2020","Date_of_Data_Collection":"October-2021","AvgSpeed":"47","Pct85th":55,"PctCompliance":71,"PctHighEndSpeeders":1.7,"ObjectId":25}},{"type":"Feature","id":26,"geometry":null,"properties":{"Data_Type":"ASE Active ","Location":"E008 - Meadowlands Dr. W. between Winthrow Ave. and Thatcher St.","Camera_Install_Year":"2020","Date_of_Data_Collection":"October-2021","AvgSpeed":"38","Pct85th":44,"PctCompliance":72,"PctHighEndSpeeders":1.7,"ObjectId":26}},{"type":"Feature","id":27,"geometry":null,"properties":{"Data_Type":"ASE Active ","Location":"E001 - Longfields Dr. between Highbury Park Dr. and Via Verona Ave.","Camera_Install_Year":"2020","Date_of_Data_Collection":"November-2021","AvgSpeed":"38","Pct85th":43,"PctCompliance":72,"PctHighEndSpeeders":0.8,"ObjectId":27}},{"type":"Feature","id":28,"geometry":null,"properties":{"Data_Type":"ASE Active ","Location":"E002 - Innes Rd. between Provence Ave. and Trim Rd.","Camera_Install_Year":"2020","Date_of_Data_Collection":"November-2021","AvgSpeed":"58","Pct85th":65,"PctCompliance":69,"PctHighEndSpeeders":1.5,"ObjectId":28}},{"type":"Feature","id":29,"geometry":null,"properties":{"Data_Type":"ASE Active ","Location":"E003 - Bayshore Dr. between Woodridge N Cres. And Woodridge S Cres. ","Camera_Install_Year":"2020","Date_of_Data_Collection":"November-2021","AvgSpeed":"37","Pct85th":45,"PctCompliance":70,"PctHighEndSpeeders":1.7,"ObjectId":29}},{"type":"Feature","id":30,"geometry":null,"properties":{"Data_Type":"ASE Active ","Location":"E004 - Katimavik Rd. between Castlefrank Rd. and McGibbon Dr./Sewall Way","Camera_Install_Year":"2020","Date_of_Data_Collection":"November-2021","AvgSpeed":"39","Pct85th":48,"PctCompliance":66,"PctHighEndSpeeders":4.3,"ObjectId":30}},{"type":"Feature","id":31,"geometry":null,"properties":{"Data_Type":"ASE Active ","Location":"E005 - Watters Dr. between Charlemagne Blvd. and Roberval Ave. ","Camera_Install_Year":"2020","Date_of_Data_Collection":"November-2021","AvgSpeed":"39","Pct85th":44,"PctCompliance":69,"PctHighEndSpeeders":1.5,"ObjectId":31}},{"type":"Feature","id":32,"geometry":null,"properties":{"Data_Type":"ASE Active ","Location":"E006 - Ogilvie Rd. between Appleford St. and Elmlea Gate","Camera_Install_Year":"2020","Date_of_Data_Collection":"November-2021","AvgSpeed":"49","Pct85th":56,"PctCompliance":66,"PctHighEndSpeeders":2.3,"ObjectId":32}},{"type":"Feature","id":33,"geometry":null,"properties":{"Data_Type":"ASE Active ","Location":"E007 - Smyth Rd. between Haig Dr. and Edgecomb St. ","Camera_Install_Year":"2020","Date_of_Data_Collection":"November-2021","AvgSpeed":"47","Pct85th":54,"PctCompliance":72,"PctHighEndSpeeders":1.7,"ObjectId":33}},{"type":"Feature","id":34,"geometry":null,"properties":{"Data_Type":"ASE Active ","Location":"E008 - Meadowlands Dr. W. between Winthrow Ave. and Thatcher St.","Camera_Install_Year":"2020","Date_of_Data_Collection":"November-2021","AvgSpeed":"38","Pct85th":43,"PctCompliance":74,"PctHighEndSpeeders":1.6,"ObjectId":34}},{"type":"Feature","id":35,"geometry":null,"properties":{"Data_Type":"ASE Active ","Location":"E001 - Longfields Dr. between Highbury Park Dr. and Via Verona Ave.","Camera_Install_Year":"2020","Date_of_Data_Collection":"December-2021","AvgSpeed":"38","Pct85th":43,"PctCompliance":74,"PctHighEndSpeeders":0.6,"ObjectId":35}},{"type":"Feature","id":36,"geometry":null,"properties":{"Data_Type":"Pre ASE Installation","Location":"E001 - Longfields Dr. between Highbury Park Dr. and Via Verona Ave.","Camera_Install_Year":"2020","Date_of_Data_Collection":"June-2019","AvgSpeed":"48","Pct85th":55,"PctCompliance":14,"PctHighEndSpeeders":12,"ObjectId":36}},{"type":"Feature","id":37,"geometry":null,"properties":{"Data_Type":"ASE Active ","Location":"E002 - Innes Rd. between Provence Ave. and Trim Rd.","Camera_Install_Year":"2020","Date_of_Data_Collection":"December-2021","AvgSpeed":"57","Pct85th":64,"PctCompliance":74,"PctHighEndSpeeders":1.2,"ObjectId":37}},{"type":"Feature","id":38,"geometry":null,"properties":{"Data_Type":"ASE Active ","Location":"E003 - Bayshore Dr. between Woodridge N Cres. And Woodridge S Cres. ","Camera_Install_Year":"2020","Date_of_Data_Collection":"December-2021","AvgSpeed":"37","Pct85th":45,"PctCompliance":71,"PctHighEndSpeeders":1.4,"ObjectId":38}},{"type":"Feature","id":39,"geometry":null,"properties":{"Data_Type":"ASE Active ","Location":"E004 - Katimavik Rd. between Castlefrank Rd. and McGibbon Dr./Sewall Way","Camera_Install_Year":"2020","Date_of_Data_Collection":"December-2021","AvgSpeed":"39","Pct85th":47,"PctCompliance":67,"PctHighEndSpeeders":3.7,"ObjectId":39}},{"type":"Feature","id":40,"geometry":null,"properties":{"Data_Type":"ASE Active ","Location":"E005 - Watters Dr. between Charlemagne Blvd. and Roberval Ave. ","Camera_Install_Year":"2020","Date_of_Data_Collection":"December-2021","AvgSpeed":"38","Pct85th":44,"PctCompliance":72,"PctHighEndSpeeders":1.3,"ObjectId":40}},{"type":"Feature","id":41,"geometry":null,"properties":{"Data_Type":"ASE Active ","Location":"E006 - Ogilvie Rd. between Appleford St. and Elmlea Gate","Camera_Install_Year":"2020","Date_of_Data_Collection":"December-2021","AvgSpeed":"48","Pct85th":55,"PctCompliance":70,"PctHighEndSpeeders":1.6,"ObjectId":41}},{"type":"Feature","id":42,"geometry":null,"properties":{"Data_Type":"ASE Active ","Location":"E007 - Smyth Rd. between Haig Dr. and Edgecomb St. ","Camera_Install_Year":"2020","Date_of_Data_Collection":"December-2021","AvgSpeed":"46","Pct85th":54,"PctCompliance":74,"PctHighEndSpeeders":1.6,"ObjectId":42}},{"type":"Feature","id":43,"geometry":null,"properties":{"Data_Type":"ASE Active ","Location":"E008 - Meadowlands Dr. W. between Winthrow Ave. and Thatcher St.","Camera_Install_Year":"2020","Date_of_Data_Collection":"December-2021","AvgSpeed":"38","Pct85th":43,"PctCompliance":75,"PctHighEndSpeeders":1.6,"ObjectId":43}},{"type":"Feature","id":44,"geometry":null,"properties":{"Data_Type":"ASE Active ","Location":"E001 - Longfields Dr. between Highbury Park Dr. and Via Verona Ave.","Camera_Install_Year":"2020","Date_of_Data_Collection":"January-2022","AvgSpeed":"37","Pct85th":42,"PctCompliance":77,"PctHighEndSpeeders":0.6,"ObjectId":44}},{"type":"Feature","id":45,"geometry":null,"properties":{"Data_Type":"ASE Active ","Location":"E002 - Innes Rd. between Provence Ave. and Trim Rd.","Camera_Install_Year":"2020","Date_of_Data_Collection":"January-2022","AvgSpeed":"57","Pct85th":64,"PctCompliance":73,"PctHighEndSpeeders":1.3,"ObjectId":45}},{"type":"Feature","id":46,"geometry":null,"properties":{"Data_Type":"ASE Active ","Location":"E003 - Bayshore Dr. between Woodridge N Cres. And Woodridge S Cres. ","Camera_Install_Year":"2020","Date_of_Data_Collection":"January-2022","AvgSpeed":"37","Pct85th":45,"PctCompliance":72,"PctHighEndSpeeders":1.4,"ObjectId":46}},{"type":"Feature","id":47,"geometry":null,"properties":{"Data_Type":"ASE Active ","Location":"E004 - Katimavik Rd. between Castlefrank Rd. and McGibbon Dr./Sewall Way","Camera_Install_Year":"2020","Date_of_Data_Collection":"January-2022","AvgSpeed":"38","Pct85th":47,"PctCompliance":70,"PctHighEndSpeeders":3.5,"ObjectId":47}},{"type":"Feature","id":48,"geometry":null,"properties":{"Data_Type":"ASE Active ","Location":"E005 - Watters Dr. between Charlemagne Blvd. and Roberval Ave. ","Camera_Install_Year":"2020","Date_of_Data_Collection":"January-2022","AvgSpeed":"38","Pct85th":44,"PctCompliance":73,"PctHighEndSpeeders":1.5,"ObjectId":48}},{"type":"Feature","id":49,"geometry":null,"properties":{"Data_Type":"ASE Active ","Location":"E006 - Ogilvie Rd. between Appleford St. and Elmlea Gate","Camera_Install_Year":"2020","Date_of_Data_Collection":"January-2022","AvgSpeed":"47","Pct85th":54,"PctCompliance":71,"PctHighEndSpeeders":1.5,"ObjectId":49}},{"type":"Feature","id":50,"geometry":null,"properties":{"Data_Type":"ASE Active ","Location":"E007 - Smyth Rd. between Haig Dr. and Edgecomb St. ","Camera_Install_Year":"2020","Date_of_Data_Collection":"January-2022","AvgSpeed":"46","Pct85th":54,"PctCompliance":75,"PctHighEndSpeeders":1.5,"ObjectId":50}},{"type":"Feature","id":51,"geometry":null,"properties":{"Data_Type":"ASE Active ","Location":"E008 - Meadowlands Dr. W. between Winthrow Ave. and Thatcher St.","Camera_Install_Year":"2020","Date_of_Data_Collection":"January-2022","AvgSpeed":"38","Pct85th":43,"PctCompliance":74,"PctHighEndSpeeders":1.7,"ObjectId":51}},{"type":"Feature","id":52,"geometry":null,"properties":{"Data_Type":"ASE Active ","Location":"E007 - Smyth Rd. between Haig Dr. and Edgecomb St. ","Camera_Install_Year":"2020","Date_of_Data_Collection":"August-2023","AvgSpeed":"46","Pct85th":52,"PctCompliance":79,"PctHighEndSpeeders":0.6,"ObjectId":52}},{"type":"Feature","id":53,"geometry":null,"properties":{"Data_Type":"ASE Active ","Location":"E008 - Meadowlands Dr. W. between Winthrow Ave. and Thatcher St.","Camera_Install_Year":"2020","Date_of_Data_Collection":"August-2023","AvgSpeed":"38","Pct85th":42,"PctCompliance":78,"PctHighEndSpeeders":1,"ObjectId":53}},{"type":"Feature","id":54,"geometry":null,"properties":{"Data_Type":"ASE Active ","Location":"E001 - Longfields Dr. between Highbury Park Dr. and Via Verona Ave.","Camera_Install_Year":"2020","Date_of_Data_Collection":"September-2023","AvgSpeed":"37","Pct85th":41,"PctCompliance":84,"PctHighEndSpeeders":0.3,"ObjectId":54}},{"type":"Feature","id":55,"geometry":null,"properties":{"Data_Type":"ASE Active ","Location":"E002 - Innes Rd. between Provence Ave. and Trim Rd.","Camera_Install_Year":"2020","Date_of_Data_Collection":"September-2023","AvgSpeed":"56","Pct85th":62,"PctCompliance":78,"PctHighEndSpeeders":0.6,"ObjectId":55}},{"type":"Feature","id":56,"geometry":null,"properties":{"Data_Type":"ASE Active ","Location":"E003 - Bayshore Dr. between Woodridge N Cres. And Woodridge S Cres. ","Camera_Install_Year":"2020","Date_of_Data_Collection":"September-2023","AvgSpeed":"36","Pct85th":43,"PctCompliance":78,"PctHighEndSpeeders":0.8,"ObjectId":56}},{"type":"Feature","id":57,"geometry":null,"properties":{"Data_Type":"ASE Active ","Location":"E004 - Katimavik Rd. between Castlefrank Rd. and McGibbon Dr./Sewall Way","Camera_Install_Year":"2020","Date_of_Data_Collection":"September-2023","AvgSpeed":"37","Pct85th":43,"PctCompliance":77,"PctHighEndSpeeders":1.7,"ObjectId":57}},{"type":"Feature","id":58,"geometry":null,"properties":{"Data_Type":"ASE Active ","Location":"E005 - Watters Dr. between Charlemagne Blvd. and Roberval Ave. ","Camera_Install_Year":"2020","Date_of_Data_Collection":"September-2023","AvgSpeed":"37","Pct85th":41,"PctCompliance":83,"PctHighEndSpeeders":0.4,"ObjectId":58}},{"type":"Feature","id":59,"geometry":null,"properties":{"Data_Type":"ASE Active ","Location":"E006 - Ogilvie Rd. between Appleford St. and Elmlea Gate","Camera_Install_Year":"2020","Date_of_Data_Collection":"September-2023","AvgSpeed":"46","Pct85th":52,"PctCompliance":78,"PctHighEndSpeeders":0.8,"ObjectId":59}},{"type":"Feature","id":60,"geometry":null,"properties":{"Data_Type":"ASE Active ","Location":"E007 - Smyth Rd. between Haig Dr. and Edgecomb St. ","Camera_Install_Year":"2020","Date_of_Data_Collection":"September-2023","AvgSpeed":"44","Pct85th":51,"PctCompliance":84,"PctHighEndSpeeders":0.4,"ObjectId":60}},{"type":"Feature","id":61,"geometry":null,"properties":{"Data_Type":"ASE Active ","Location":"E008 - Meadowlands Dr. W. between Winthrow Ave. and Thatcher St.","Camera_Install_Year":"2020","Date_of_Data_Collection":"September-2023","AvgSpeed":"37","Pct85th":41,"PctCompliance":82,"PctHighEndSpeeders":0.7,"ObjectId":61}},{"type":"Feature","id":62,"geometry":null,"properties":{"Data_Type":"ASE Active ","Location":"E001 - Longfields Dr. between Highbury Park Dr. and Via Verona Ave.","Camera_Install_Year":"2020","Date_of_Data_Collection":"October-2023","AvgSpeed":"36","Pct85th":41,"PctCompliance":84,"PctHighEndSpeeders":0.3,"ObjectId":62}},{"type":"Feature","id":63,"geometry":null,"properties":{"Data_Type":"ASE Active ","Location":"E002 - Innes Rd. between Provence Ave. and Trim Rd.","Camera_Install_Year":"2020","Date_of_Data_Collection":"October-2023","AvgSpeed":"56","Pct85th":62,"PctCompliance":79,"PctHighEndSpeeders":0.6,"ObjectId":63}},{"type":"Feature","id":64,"geometry":null,"properties":{"Data_Type":"ASE Active ","Location":"E003 - Bayshore Dr. between Woodridge N Cres. And Woodridge S Cres. ","Camera_Install_Year":"2020","Date_of_Data_Collection":"October-2023","AvgSpeed":"36","Pct85th":42,"PctCompliance":78,"PctHighEndSpeeders":0.8,"ObjectId":64}},{"type":"Feature","id":65,"geometry":null,"properties":{"Data_Type":"ASE Active ","Location":"E004 - Katimavik Rd. between Castlefrank Rd. and McGibbon Dr./Sewall Way","Camera_Install_Year":"2020","Date_of_Data_Collection":"October-2023","AvgSpeed":"37","Pct85th":43,"PctCompliance":76,"PctHighEndSpeeders":1.8,"ObjectId":65}},{"type":"Feature","id":66,"geometry":null,"properties":{"Data_Type":"ASE Active ","Location":"E005 - Watters Dr. between Charlemagne Blvd. and Roberval Ave. ","Camera_Install_Year":"2020","Date_of_Data_Collection":"October-2023","AvgSpeed":"37","Pct85th":41,"PctCompliance":82,"PctHighEndSpeeders":0.4,"ObjectId":66}},{"type":"Feature","id":67,"geometry":null,"properties":{"Data_Type":"ASE Active ","Location":"E006 - Ogilvie Rd. between Appleford St. and Elmlea Gate","Camera_Install_Year":"2020","Date_of_Data_Collection":"October-2023","AvgSpeed":"46","Pct85th":52,"PctCompliance":78,"PctHighEndSpeeders":0.7,"ObjectId":67}},{"type":"Feature","id":68,"geometry":null,"properties":{"Data_Type":"ASE Active ","Location":"E007 - Smyth Rd. between Haig Dr. and Edgecomb St. ","Camera_Install_Year":"2020","Date_of_Data_Collection":"October-2023","AvgSpeed":"44","Pct85th":51,"PctCompliance":84,"PctHighEndSpeeders":0.4,"ObjectId":68}},{"type":"Feature","id":69,"geometry":null,"properties":{"Data_Type":"ASE Active ","Location":"E008 - Meadowlands Dr. W. between Winthrow Ave. and Thatcher St.","Camera_Install_Year":"2020","Date_of_Data_Collection":"October-2023","AvgSpeed":"36","Pct85th":41,"PctCompliance":83,"PctHighEndSpeeders":0.6,"ObjectId":69}},{"type":"Feature","id":70,"geometry":null,"properties":{"Data_Type":"ASE Active ","Location":"E001 - Longfields Dr. between Highbury Park Dr. and Via Verona Ave.","Camera_Install_Year":"2020","Date_of_Data_Collection":"November-2023","AvgSpeed":"36","Pct85th":40,"PctCompliance":86,"PctHighEndSpeeders":0.2,"ObjectId":70}},{"type":"Feature","id":71,"geometry":null,"properties":{"Data_Type":"ASE Active ","Location":"E002 - Innes Rd. between Provence Ave. and Trim Rd.","Camera_Install_Year":"2020","Date_of_Data_Collection":"November-2023","AvgSpeed":"55","Pct85th":61,"PctCompliance":82,"PctHighEndSpeeders":0.5,"ObjectId":71}},{"type":"Feature","id":72,"geometry":null,"properties":{"Data_Type":"ASE Active ","Location":"E003 - Bayshore Dr. between Woodridge N Cres. And Woodridge S Cres. ","Camera_Install_Year":"2020","Date_of_Data_Collection":"November-2023","AvgSpeed":"35","Pct85th":42,"PctCompliance":81,"PctHighEndSpeeders":0.6,"ObjectId":72}},{"type":"Feature","id":73,"geometry":null,"properties":{"Data_Type":"ASE Active ","Location":"E004 - Katimavik Rd. between Castlefrank Rd. and McGibbon Dr./Sewall Way","Camera_Install_Year":"2020","Date_of_Data_Collection":"November-2023","AvgSpeed":"37","Pct85th":43,"PctCompliance":77,"PctHighEndSpeeders":1.8,"ObjectId":73}},{"type":"Feature","id":74,"geometry":null,"properties":{"Data_Type":"ASE Active ","Location":"E005 - Watters Dr. between Charlemagne Blvd. and Roberval Ave. ","Camera_Install_Year":"2020","Date_of_Data_Collection":"November-2023","AvgSpeed":"37","Pct85th":41,"PctCompliance":82,"PctHighEndSpeeders":0.5,"ObjectId":74}},{"type":"Feature","id":75,"geometry":null,"properties":{"Data_Type":"ASE Active ","Location":"E006 - Ogilvie Rd. between Appleford St. and Elmlea Gate","Camera_Install_Year":"2020","Date_of_Data_Collection":"November-2023","AvgSpeed":"46","Pct85th":52,"PctCompliance":79,"PctHighEndSpeeders":0.6,"ObjectId":75}},{"type":"Feature","id":76,"geometry":null,"properties":{"Data_Type":"ASE Active ","Location":"E007 - Smyth Rd. between Haig Dr. and Edgecomb St. ","Camera_Install_Year":"2020","Date_of_Data_Collection":"November-2023","AvgSpeed":"44","Pct85th":50,"PctCompliance":85,"PctHighEndSpeeders":0.4,"ObjectId":76}},{"type":"Feature","id":77,"geometry":null,"properties":{"Data_Type":"ASE Active ","Location":"E008 - Meadowlands Dr. W. between Winthrow Ave. and Thatcher St.","Camera_Install_Year":"2020","Date_of_Data_Collection":"November-2023","AvgSpeed":"36","Pct85th":41,"PctCompliance":85,"PctHighEndSpeeders":0.5,"ObjectId":77}},{"type":"Feature","id":78,"geometry":null,"properties":{"Data_Type":"ASE Active ","Location":"E001 - Longfields Dr. between Highbury Park Dr. and Via Verona Ave.","Camera_Install_Year":"2020","Date_of_Data_Collection":"December-2023","AvgSpeed":"36","Pct85th":40,"PctCompliance":86,"PctHighEndSpeeders":0.2,"ObjectId":78}},{"type":"Feature","id":79,"geometry":null,"properties":{"Data_Type":"ASE Active ","Location":"E002 - Innes Rd. between Provence Ave. and Trim Rd.","Camera_Install_Year":"2020","Date_of_Data_Collection":"December-2023","AvgSpeed":"55","Pct85th":61,"PctCompliance":82,"PctHighEndSpeeders":0.5,"ObjectId":79}},{"type":"Feature","id":80,"geometry":null,"properties":{"Data_Type":"ASE Active ","Location":"E003 - Bayshore Dr. between Woodridge N Cres. And Woodridge S Cres. ","Camera_Install_Year":"2020","Date_of_Data_Collection":"December-2023","AvgSpeed":"35","Pct85th":42,"PctCompliance":80,"PctHighEndSpeeders":0.6,"ObjectId":80}},{"type":"Feature","id":81,"geometry":null,"properties":{"Data_Type":"ASE Active ","Location":"E004 - Katimavik Rd. between Castlefrank Rd. and McGibbon Dr./Sewall Way","Camera_Install_Year":"2020","Date_of_Data_Collection":"December-2023","AvgSpeed":"37","Pct85th":43,"PctCompliance":78,"PctHighEndSpeeders":2,"ObjectId":81}},{"type":"Feature","id":82,"geometry":null,"properties":{"Data_Type":"ASE Active ","Location":"E005 - Watters Dr. between Charlemagne Blvd. and Roberval Ave. ","Camera_Install_Year":"2020","Date_of_Data_Collection":"December-2023","AvgSpeed":"37","Pct85th":41,"PctCompliance":82,"PctHighEndSpeeders":0.5,"ObjectId":82}},{"type":"Feature","id":83,"geometry":null,"properties":{"Data_Type":"ASE Active ","Location":"E006 - Ogilvie Rd. between Appleford St. and Elmlea Gate","Camera_Install_Year":"2020","Date_of_Data_Collection":"December-2023","AvgSpeed":"46","Pct85th":52,"PctCompliance":80,"PctHighEndSpeeders":0.5,"ObjectId":83}},{"type":"Feature","id":84,"geometry":null,"properties":{"Data_Type":"ASE Active ","Location":"E007 - Smyth Rd. between Haig Dr. and Edgecomb St. ","Camera_Install_Year":"2020","Date_of_Data_Collection":"December-2023","AvgSpeed":"44","Pct85th":51,"PctCompliance":85,"PctHighEndSpeeders":0.5,"ObjectId":84}},{"type":"Feature","id":85,"geometry":null,"properties":{"Data_Type":"ASE Active ","Location":"E008 - Meadowlands Dr. W. between Winthrow Ave. and Thatcher St.","Camera_Install_Year":"2020","Date_of_Data_Collection":"December-2023","AvgSpeed":"36","Pct85th":41,"PctCompliance":85,"PctHighEndSpeeders":0.6,"ObjectId":85}},{"type":"Feature","id":86,"geometry":null,"properties":{"Data_Type":"ASE Active ","Location":"E001 - Longfields Dr. between Highbury Park Dr. and Via Verona Ave.","Camera_Install_Year":"2020","Date_of_Data_Collection":"January-2024","AvgSpeed":"35","Pct85th":40,"PctCompliance":89,"PctHighEndSpeeders":0.1,"ObjectId":86}},{"type":"Feature","id":87,"geometry":null,"properties":{"Data_Type":"ASE Active ","Location":"E002 - Innes Rd. between Provence Ave. and Trim Rd.","Camera_Install_Year":"2020","Date_of_Data_Collection":"January-2024","AvgSpeed":"54","Pct85th":60,"PctCompliance":85,"PctHighEndSpeeders":0.4,"ObjectId":87}},{"type":"Feature","id":88,"geometry":null,"properties":{"Data_Type":"ASE Active ","Location":"E003 - Bayshore Dr. between Woodridge N Cres. And Woodridge S Cres. ","Camera_Install_Year":"2020","Date_of_Data_Collection":"January-2024","AvgSpeed":"35","Pct85th":41,"PctCompliance":83,"PctHighEndSpeeders":0.4,"ObjectId":88}},{"type":"Feature","id":89,"geometry":null,"properties":{"Data_Type":"ASE Active ","Location":"E004 - Katimavik Rd. between Castlefrank Rd. and McGibbon Dr./Sewall Way","Camera_Install_Year":"2020","Date_of_Data_Collection":"January-2024","AvgSpeed":"36","Pct85th":42,"PctCompliance":80,"PctHighEndSpeeders":1.4,"ObjectId":89}},{"type":"Feature","id":90,"geometry":null,"properties":{"Data_Type":"ASE Active ","Location":"E005 - Watters Dr. between Charlemagne Blvd. and Roberval Ave. ","Camera_Install_Year":"2020","Date_of_Data_Collection":"January-2024","AvgSpeed":"36","Pct85th":40,"PctCompliance":85,"PctHighEndSpeeders":0.3,"ObjectId":90}},{"type":"Feature","id":91,"geometry":null,"properties":{"Data_Type":"ASE Active ","Location":"E006 - Ogilvie Rd. between Appleford St. and Elmlea Gate","Camera_Install_Year":"2020","Date_of_Data_Collection":"January-2024","AvgSpeed":"45","Pct85th":51,"PctCompliance":83,"PctHighEndSpeeders":0.4,"ObjectId":91}},{"type":"Feature","id":92,"geometry":null,"properties":{"Data_Type":"ASE Active ","Location":"E007 - Smyth Rd. between Haig Dr. and Edgecomb St. ","Camera_Install_Year":"2020","Date_of_Data_Collection":"January-2024","AvgSpeed":"43","Pct85th":50,"PctCompliance":88,"PctHighEndSpeeders":0.3,"ObjectId":92}},{"type":"Feature","id":93,"geometry":null,"properties":{"Data_Type":"ASE Active ","Location":"E008 - Meadowlands Dr. W. between Winthrow Ave. and Thatcher St.","Camera_Install_Year":"2020","Date_of_Data_Collection":"January-2024","AvgSpeed":"36","Pct85th":40,"PctCompliance":86,"PctHighEndSpeeders":0.4,"ObjectId":93}},{"type":"Feature","id":94,"geometry":null,"properties":{"Data_Type":"ASE Active ","Location":"E001 - Longfields Dr. between Highbury Park Dr. and Via Verona Ave.","Camera_Install_Year":"2020","Date_of_Data_Collection":"February-2024","AvgSpeed":"36","Pct85th":40,"PctCompliance":88,"PctHighEndSpeeders":0.2,"ObjectId":94}},{"type":"Feature","id":95,"geometry":null,"properties":{"Data_Type":"ASE Active ","Location":"E002 - Innes Rd. between Provence Ave. and Trim Rd.","Camera_Install_Year":"2020","Date_of_Data_Collection":"February-2024","AvgSpeed":"55","Pct85th":61,"PctCompliance":83,"PctHighEndSpeeders":0.5,"ObjectId":95}},{"type":"Feature","id":96,"geometry":null,"properties":{"Data_Type":"ASE Active ","Location":"E003 - Bayshore Dr. between Woodridge N Cres. And Woodridge S Cres. ","Camera_Install_Year":"2020","Date_of_Data_Collection":"February-2024","AvgSpeed":"35","Pct85th":42,"PctCompliance":81,"PctHighEndSpeeders":0.6,"ObjectId":96}},{"type":"Feature","id":97,"geometry":null,"properties":{"Data_Type":"ASE Active ","Location":"E004 - Katimavik Rd. between Castlefrank Rd. and McGibbon Dr./Sewall Way","Camera_Install_Year":"2020","Date_of_Data_Collection":"February-2024","AvgSpeed":"37","Pct85th":42,"PctCompliance":79,"PctHighEndSpeeders":1.8,"ObjectId":97}},{"type":"Feature","id":98,"geometry":null,"properties":{"Data_Type":"ASE Active ","Location":"E005 - Watters Dr. between Charlemagne Blvd. and Roberval Ave. ","Camera_Install_Year":"2020","Date_of_Data_Collection":"February-2024","AvgSpeed":"36","Pct85th":41,"PctCompliance":84,"PctHighEndSpeeders":0.4,"ObjectId":98}},{"type":"Feature","id":99,"geometry":null,"properties":{"Data_Type":"ASE Active ","Location":"E006 - Ogilvie Rd. between Appleford St. and Elmlea Gate","Camera_Install_Year":"2020","Date_of_Data_Collection":"February-2024","AvgSpeed":"46","Pct85th":51,"PctCompliance":81,"PctHighEndSpeeders":0.5,"ObjectId":99}},{"type":"Feature","id":100,"geometry":null,"properties":{"Data_Type":"ASE Active ","Location":"E007 - Smyth Rd. between Haig Dr. and Edgecomb St. ","Camera_Install_Year":"2020","Date_of_Data_Collection":"February-2024","AvgSpeed":"43","Pct85th":50,"PctCompliance":88,"PctHighEndSpeeders":0.3,"ObjectId":100}},{"type":"Feature","id":101,"geometry":null,"properties":{"Data_Type":"ASE Active ","Location":"E008 - Meadowlands Dr. W. between Winthrow Ave. and Thatcher St.","Camera_Install_Year":"2020","Date_of_Data_Collection":"February-2024","AvgSpeed":"36","Pct85th":40,"PctCompliance":85,"PctHighEndSpeeders":0.5,"ObjectId":101}},{"type":"Feature","id":102,"geometry":null,"properties":{"Data_Type":"Pre ASE Installation","Location":"E002 - Innes Rd. between Provence Ave. and Trim Rd.","Camera_Install_Year":"2020","Date_of_Data_Collection":"May-2019","AvgSpeed":"66","Pct85th":74,"PctCompliance":23,"PctHighEndSpeeders":11,"ObjectId":102}},{"type":"Feature","id":103,"geometry":null,"properties":{"Data_Type":"Pre ASE Installation","Location":"E003 - Bayshore Dr. between Woodridge N Cres. And Woodridge S Cres. ","Camera_Install_Year":"2020","Date_of_Data_Collection":"June-2018","AvgSpeed":"48","Pct85th":54,"PctCompliance":14,"PctHighEndSpeeders":12,"ObjectId":103}},{"type":"Feature","id":104,"geometry":null,"properties":{"Data_Type":"Pre ASE Installation","Location":"E004 - Katimavik Rd. between Castlefrank Rd. and McGibbon Dr./Sewall Way","Camera_Install_Year":"2020","Date_of_Data_Collection":"September-2018","AvgSpeed":"49","Pct85th":56,"PctCompliance":12,"PctHighEndSpeeders":17,"ObjectId":104}},{"type":"Feature","id":105,"geometry":null,"properties":{"Data_Type":"Pre ASE Installation","Location":"E005 - Watters Dr. between Charlemagne Blvd. and Roberval Ave. ","Camera_Install_Year":"2020","Date_of_Data_Collection":"May-2019","AvgSpeed":"50","Pct85th":58,"PctCompliance":10,"PctHighEndSpeeders":22,"ObjectId":105}},{"type":"Feature","id":106,"geometry":null,"properties":{"Data_Type":"Pre ASE Installation","Location":"E006 - Ogilvie Rd. between Appleford St. and Elmlea Gate","Camera_Install_Year":"2020","Date_of_Data_Collection":"May-2019","AvgSpeed":"58","Pct85th":66,"PctCompliance":17,"PctHighEndSpeeders":16,"ObjectId":106}},{"type":"Feature","id":107,"geometry":null,"properties":{"Data_Type":"Pre ASE Installation","Location":"E007 - Smyth Rd. between Haig Dr. and Edgecomb St. ","Camera_Install_Year":"2020","Date_of_Data_Collection":"N/A","AvgSpeed":"N/A","Pct85th":63,"PctCompliance":28,"PctHighEndSpeeders":9,"ObjectId":107}},{"type":"Feature","id":108,"geometry":null,"properties":{"Data_Type":"Pre ASE Installation","Location":"E008 - Meadowlands Dr. W. between Winthrow Ave. and Thatcher St.","Camera_Install_Year":"2020","Date_of_Data_Collection":"June-2018","AvgSpeed":"46","Pct85th":52,"PctCompliance":16,"PctHighEndSpeeders":8,"ObjectId":108}},{"type":"Feature","id":109,"geometry":null,"properties":{"Data_Type":"ASE Active ","Location":"E002 - Innes Rd. between Provence Ave. and Trim Rd.","Camera_Install_Year":"2020","Date_of_Data_Collection":"July-2020","AvgSpeed":"62","Pct85th":71,"PctCompliance":44,"PctHighEndSpeeders":6.1,"ObjectId":109}},{"type":"Feature","id":110,"geometry":null,"properties":{"Data_Type":"ASE Active ","Location":"E003 - Bayshore Dr. between Woodridge N Cres. And Woodridge S Cres. ","Camera_Install_Year":"2020","Date_of_Data_Collection":"July-2020","AvgSpeed":"44","Pct85th":53,"PctCompliance":32,"PctHighEndSpeeders":8.7,"ObjectId":110}},{"type":"Feature","id":111,"geometry":null,"properties":{"Data_Type":"ASE Active ","Location":"E007 - Smyth Rd. between Haig Dr. and Edgecomb St. ","Camera_Install_Year":"2020","Date_of_Data_Collection":"July-2020","AvgSpeed":"53","Pct85th":61,"PctCompliance":43,"PctHighEndSpeeders":7.2,"ObjectId":111}},{"type":"Feature","id":112,"geometry":null,"properties":{"Data_Type":"ASE Active ","Location":"E008 - Meadowlands Dr. W. between Winthrow Ave. and Thatcher St.","Camera_Install_Year":"2020","Date_of_Data_Collection":"July-2020","AvgSpeed":"42","Pct85th":50,"PctCompliance":45,"PctHighEndSpeeders":5.5,"ObjectId":112}},{"type":"Feature","id":113,"geometry":null,"properties":{"Data_Type":"ASE Active ","Location":"E002 - Innes Rd. between Provence Ave. and Trim Rd.","Camera_Install_Year":"2020","Date_of_Data_Collection":"August-2020","AvgSpeed":"62","Pct85th":70,"PctCompliance":46,"PctHighEndSpeeders":5.3,"ObjectId":113}},{"type":"Feature","id":114,"geometry":null,"properties":{"Data_Type":"ASE Active ","Location":"E003 - Bayshore Dr. between Woodridge N Cres. And Woodridge S Cres. ","Camera_Install_Year":"2020","Date_of_Data_Collection":"August-2020","AvgSpeed":"42","Pct85th":51,"PctCompliance":41,"PctHighEndSpeeders":5.5,"ObjectId":114}},{"type":"Feature","id":115,"geometry":null,"properties":{"Data_Type":"ASE Active ","Location":"E004 - Katimavik Rd. between Castlefrank Rd. and McGibbon Dr./Sewall Way","Camera_Install_Year":"2020","Date_of_Data_Collection":"August-2020","AvgSpeed":"45","Pct85th":54,"PctCompliance":31,"PctHighEndSpeeders":12.2,"ObjectId":115}},{"type":"Feature","id":116,"geometry":null,"properties":{"Data_Type":"ASE Active ","Location":"E006 - Ogilvie Rd. between Appleford St. and Elmlea Gate","Camera_Install_Year":"2020","Date_of_Data_Collection":"August-2020","AvgSpeed":"55","Pct85th":64,"PctCompliance":30,"PctHighEndSpeeders":10.9,"ObjectId":116}},{"type":"Feature","id":117,"geometry":null,"properties":{"Data_Type":"ASE Active ","Location":"E007 - Smyth Rd. between Haig Dr. and Edgecomb St. ","Camera_Install_Year":"2020","Date_of_Data_Collection":"August-2020","AvgSpeed":"53","Pct85th":61,"PctCompliance":43,"PctHighEndSpeeders":6.8,"ObjectId":117}},{"type":"Feature","id":118,"geometry":null,"properties":{"Data_Type":"ASE Active ","Location":"E008 - Meadowlands Dr. W. between Winthrow Ave. and Thatcher St.","Camera_Install_Year":"2020","Date_of_Data_Collection":"August-2020","AvgSpeed":"42","Pct85th":50,"PctCompliance":47,"PctHighEndSpeeders":5.2,"ObjectId":118}},{"type":"Feature","id":119,"geometry":null,"properties":{"Data_Type":"ASE Active ","Location":"E002 - Innes Rd. between Provence Ave. and Trim Rd.","Camera_Install_Year":"2020","Date_of_Data_Collection":"September-2020","AvgSpeed":"60","Pct85th":68,"PctCompliance":56,"PctHighEndSpeeders":3.3,"ObjectId":119}},{"type":"Feature","id":120,"geometry":null,"properties":{"Data_Type":"ASE Active ","Location":"E003 - Bayshore Dr. between Woodridge N Cres. And Woodridge S Cres. ","Camera_Install_Year":"2020","Date_of_Data_Collection":"September-2020","AvgSpeed":"40","Pct85th":49,"PctCompliance":54,"PctHighEndSpeeders":3.9,"ObjectId":120}},{"type":"Feature","id":121,"geometry":null,"properties":{"Data_Type":"ASE Active ","Location":"E004 - Katimavik Rd. between Castlefrank Rd. and McGibbon Dr./Sewall Way","Camera_Install_Year":"2020","Date_of_Data_Collection":"September-2020","AvgSpeed":"44","Pct85th":54,"PctCompliance":41,"PctHighEndSpeeders":10.2,"ObjectId":121}},{"type":"Feature","id":122,"geometry":null,"properties":{"Data_Type":"ASE Active ","Location":"E006 - Ogilvie Rd. between Appleford St. and Elmlea Gate","Camera_Install_Year":"2020","Date_of_Data_Collection":"September-2020","AvgSpeed":"53","Pct85th":63,"PctCompliance":38,"PctHighEndSpeeders":8.8,"ObjectId":122}},{"type":"Feature","id":123,"geometry":null,"properties":{"Data_Type":"ASE Active ","Location":"E007 - Smyth Rd. between Haig Dr. and Edgecomb St. ","Camera_Install_Year":"2020","Date_of_Data_Collection":"September-2020","AvgSpeed":"N/A","Pct85th":0,"PctCompliance":0,"PctHighEndSpeeders":0,"ObjectId":123}},{"type":"Feature","id":124,"geometry":null,"properties":{"Data_Type":"ASE Active ","Location":"E008 - Meadowlands Dr. W. between Winthrow Ave. and Thatcher St.","Camera_Install_Year":"2020","Date_of_Data_Collection":"September-2020","AvgSpeed":"N/A","Pct85th":0,"PctCompliance":0,"PctHighEndSpeeders":0,"ObjectId":124}},{"type":"Feature","id":125,"geometry":null,"properties":{"Data_Type":"ASE Active ","Location":"E002 - Innes Rd. between Provence Ave. and Trim Rd.","Camera_Install_Year":"2020","Date_of_Data_Collection":"October-2020","AvgSpeed":"59","Pct85th":67,"PctCompliance":60,"PctHighEndSpeeders":2.7,"ObjectId":125}},{"type":"Feature","id":126,"geometry":null,"properties":{"Data_Type":"ASE Active ","Location":"E003 - Bayshore Dr. between Woodridge N Cres. And Woodridge S Cres. ","Camera_Install_Year":"2020","Date_of_Data_Collection":"October-2020","AvgSpeed":"39","Pct85th":48,"PctCompliance":59,"PctHighEndSpeeders":3.4,"ObjectId":126}},{"type":"Feature","id":127,"geometry":null,"properties":{"Data_Type":"ASE Active ","Location":"E004 - Katimavik Rd. between Castlefrank Rd. and McGibbon Dr./Sewall Way","Camera_Install_Year":"2020","Date_of_Data_Collection":"October-2020","AvgSpeed":"43","Pct85th":53,"PctCompliance":47,"PctHighEndSpeeders":8.8,"ObjectId":127}},{"type":"Feature","id":128,"geometry":null,"properties":{"Data_Type":"ASE Active ","Location":"E006 - Ogilvie Rd. between Appleford St. and Elmlea Gate","Camera_Install_Year":"2020","Date_of_Data_Collection":"October-2020","AvgSpeed":"52","Pct85th":62,"PctCompliance":42,"PctHighEndSpeeders":7.8,"ObjectId":128}},{"type":"Feature","id":129,"geometry":null,"properties":{"Data_Type":"ASE Active ","Location":"E007 - Smyth Rd. between Haig Dr. and Edgecomb St. ","Camera_Install_Year":"2020","Date_of_Data_Collection":"October-2020","AvgSpeed":"N/A","Pct85th":0,"PctCompliance":0,"PctHighEndSpeeders":0,"ObjectId":129}},{"type":"Feature","id":130,"geometry":null,"properties":{"Data_Type":"ASE Active ","Location":"E008 - Meadowlands Dr. W. between Winthrow Ave. and Thatcher St.","Camera_Install_Year":"2020","Date_of_Data_Collection":"October-2020","AvgSpeed":"N/A","Pct85th":0,"PctCompliance":0,"PctHighEndSpeeders":0,"ObjectId":130}},{"type":"Feature","id":131,"geometry":null,"properties":{"Data_Type":"ASE Active ","Location":"E001 - Longfields Dr. between Highbury Park Dr. and Via Verona Ave.","Camera_Install_Year":"2020","Date_of_Data_Collection":"November-2020","AvgSpeed":"41","Pct85th":48,"PctCompliance":50,"PctHighEndSpeeders":2.9,"ObjectId":131}},{"type":"Feature","id":132,"geometry":null,"properties":{"Data_Type":"ASE Active ","Location":"E002 - Innes Rd. between Provence Ave. and Trim Rd.","Camera_Install_Year":"2020","Date_of_Data_Collection":"November-2020","AvgSpeed":"58","Pct85th":66,"PctCompliance":64,"PctHighEndSpeeders":2.1,"ObjectId":132}},{"type":"Feature","id":133,"geometry":null,"properties":{"Data_Type":"ASE Active ","Location":"E003 - Bayshore Dr. between Woodridge N Cres. And Woodridge S Cres. ","Camera_Install_Year":"2020","Date_of_Data_Collection":"November-2020","AvgSpeed":"38","Pct85th":47,"PctCompliance":64,"PctHighEndSpeeders":2.5,"ObjectId":133}},{"type":"Feature","id":134,"geometry":null,"properties":{"Data_Type":"ASE Active ","Location":"E004 - Katimavik Rd. between Castlefrank Rd. and McGibbon Dr./Sewall Way","Camera_Install_Year":"2020","Date_of_Data_Collection":"November-2020","AvgSpeed":"N/A","Pct85th":0,"PctCompliance":0,"PctHighEndSpeeders":0,"ObjectId":134}},{"type":"Feature","id":135,"geometry":null,"properties":{"Data_Type":"ASE Active ","Location":"E005 - Watters Dr. between Charlemagne Blvd. and Roberval Ave. ","Camera_Install_Year":"2020","Date_of_Data_Collection":"November-2020","AvgSpeed":"41","Pct85th":48,"PctCompliance":55,"PctHighEndSpeeders":3.5,"ObjectId":135}},{"type":"Feature","id":136,"geometry":null,"properties":{"Data_Type":"ASE Active ","Location":"E006 - Ogilvie Rd. between Appleford St. and Elmlea Gate","Camera_Install_Year":"2020","Date_of_Data_Collection":"November-2020","AvgSpeed":"N/A","Pct85th":0,"PctCompliance":0,"PctHighEndSpeeders":0,"ObjectId":136}},{"type":"Feature","id":137,"geometry":null,"properties":{"Data_Type":"ASE Active ","Location":"E007 - Smyth Rd. between Haig Dr. and Edgecomb St. ","Camera_Install_Year":"2020","Date_of_Data_Collection":"November-2020","AvgSpeed":"N/A","Pct85th":0,"PctCompliance":0,"PctHighEndSpeeders":0,"ObjectId":137}},{"type":"Feature","id":138,"geometry":null,"properties":{"Data_Type":"ASE Active ","Location":"E008 - Meadowlands Dr. W. between Winthrow Ave. and Thatcher St.","Camera_Install_Year":"2020","Date_of_Data_Collection":"November-2020","AvgSpeed":"N/A","Pct85th":0,"PctCompliance":0,"PctHighEndSpeeders":0,"ObjectId":138}},{"type":"Feature","id":139,"geometry":null,"properties":{"Data_Type":"ASE Active ","Location":"E001 - Longfields Dr. between Highbury Park Dr. and Via Verona Ave.","Camera_Install_Year":"2020","Date_of_Data_Collection":"December-2020","AvgSpeed":"41","Pct85th":48,"PctCompliance":53,"PctHighEndSpeeders":2.5,"ObjectId":139}},{"type":"Feature","id":140,"geometry":null,"properties":{"Data_Type":"ASE Active ","Location":"E002 - Innes Rd. between Provence Ave. and Trim Rd.","Camera_Install_Year":"2020","Date_of_Data_Collection":"December-2020","AvgSpeed":"59","Pct85th":66,"PctCompliance":63,"PctHighEndSpeeders":2.3,"ObjectId":140}},{"type":"Feature","id":141,"geometry":null,"properties":{"Data_Type":"ASE Active ","Location":"E003 - Bayshore Dr. between Woodridge N Cres. And Woodridge S Cres. ","Camera_Install_Year":"2020","Date_of_Data_Collection":"December-2020","AvgSpeed":"38","Pct85th":47,"PctCompliance":62,"PctHighEndSpeeders":2.7,"ObjectId":141}},{"type":"Feature","id":142,"geometry":null,"properties":{"Data_Type":"ASE Active ","Location":"E004 - Katimavik Rd. between Castlefrank Rd. and McGibbon Dr./Sewall Way","Camera_Install_Year":"2020","Date_of_Data_Collection":"December-2020","AvgSpeed":"N/A","Pct85th":0,"PctCompliance":0,"PctHighEndSpeeders":0,"ObjectId":142}},{"type":"Feature","id":143,"geometry":null,"properties":{"Data_Type":"ASE Active ","Location":"E005 - Watters Dr. between Charlemagne Blvd. and Roberval Ave. ","Camera_Install_Year":"2020","Date_of_Data_Collection":"December-2020","AvgSpeed":"41","Pct85th":48,"PctCompliance":55,"PctHighEndSpeeders":3.5,"ObjectId":143}},{"type":"Feature","id":144,"geometry":null,"properties":{"Data_Type":"ASE Active ","Location":"E006 - Ogilvie Rd. between Appleford St. and Elmlea Gate","Camera_Install_Year":"2020","Date_of_Data_Collection":"December-2020","AvgSpeed":"N/A","Pct85th":0,"PctCompliance":0,"PctHighEndSpeeders":0,"ObjectId":144}},{"type":"Feature","id":145,"geometry":null,"properties":{"Data_Type":"ASE Active ","Location":"E007 - Smyth Rd. between Haig Dr. and Edgecomb St. ","Camera_Install_Year":"2020","Date_of_Data_Collection":"December-2020","AvgSpeed":"50","Pct85th":58,"PctCompliance":58,"PctHighEndSpeeders":4.2,"ObjectId":145}},{"type":"Feature","id":146,"geometry":null,"properties":{"Data_Type":"ASE Active ","Location":"E008 - Meadowlands Dr. W. between Winthrow Ave. and Thatcher St.","Camera_Install_Year":"2020","Date_of_Data_Collection":"December-2020","AvgSpeed":"40","Pct85th":46,"PctCompliance":62,"PctHighEndSpeeders":3,"ObjectId":146}},{"type":"Feature","id":147,"geometry":null,"properties":{"Data_Type":"ASE Active ","Location":"E001 - Longfields Dr. between Highbury Park Dr. and Via Verona Ave.","Camera_Install_Year":"2020","Date_of_Data_Collection":"January-2021","AvgSpeed":"40","Pct85th":47,"PctCompliance":59,"PctHighEndSpeeders":1.9,"ObjectId":147}},{"type":"Feature","id":148,"geometry":null,"properties":{"Data_Type":"ASE Active ","Location":"E002 - Innes Rd. between Provence Ave. and Trim Rd.","Camera_Install_Year":"2020","Date_of_Data_Collection":"January-2021","AvgSpeed":"59","Pct85th":66,"PctCompliance":63,"PctHighEndSpeeders":2.4,"ObjectId":148}},{"type":"Feature","id":149,"geometry":null,"properties":{"Data_Type":"ASE Active ","Location":"E003 - Bayshore Dr. between Woodridge N Cres. And Woodridge S Cres. ","Camera_Install_Year":"2020","Date_of_Data_Collection":"January-2021","AvgSpeed":"38","Pct85th":47,"PctCompliance":66,"PctHighEndSpeeders":2.5,"ObjectId":149}},{"type":"Feature","id":150,"geometry":null,"properties":{"Data_Type":"ASE Active ","Location":"E004 - Katimavik Rd. between Castlefrank Rd. and McGibbon Dr./Sewall Way","Camera_Install_Year":"2020","Date_of_Data_Collection":"January-2021","AvgSpeed":"N/A","Pct85th":0,"PctCompliance":0,"PctHighEndSpeeders":0,"ObjectId":150}},{"type":"Feature","id":151,"geometry":null,"properties":{"Data_Type":"ASE Active ","Location":"E003 - Bayshore Dr. between Woodridge N Cres. And Woodridge S Cres. ","Camera_Install_Year":"2020","Date_of_Data_Collection":"August-2022","AvgSpeed":"37","Pct85th":45,"PctCompliance":70,"PctHighEndSpeeders":1.4,"ObjectId":151}},{"type":"Feature","id":152,"geometry":null,"properties":{"Data_Type":"ASE Active ","Location":"E004 - Katimavik Rd. between Castlefrank Rd. and McGibbon Dr./Sewall Way","Camera_Install_Year":"2020","Date_of_Data_Collection":"August-2022","AvgSpeed":"39","Pct85th":47,"PctCompliance":68,"PctHighEndSpeeders":3.1,"ObjectId":152}},{"type":"Feature","id":153,"geometry":null,"properties":{"Data_Type":"ASE Active ","Location":"E005 - Watters Dr. between Charlemagne Blvd. and Roberval Ave. ","Camera_Install_Year":"2020","Date_of_Data_Collection":"August-2022","AvgSpeed":"38","Pct85th":43,"PctCompliance":74,"PctHighEndSpeeders":1,"ObjectId":153}},{"type":"Feature","id":154,"geometry":null,"properties":{"Data_Type":"ASE Active ","Location":"E006 - Ogilvie Rd. between Appleford St. and Elmlea Gate","Camera_Install_Year":"2020","Date_of_Data_Collection":"August-2022","AvgSpeed":"49","Pct85th":55,"PctCompliance":66,"PctHighEndSpeeders":1.6,"ObjectId":154}},{"type":"Feature","id":155,"geometry":null,"properties":{"Data_Type":"ASE Active ","Location":"E007 - Smyth Rd. between Haig Dr. and Edgecomb St. ","Camera_Install_Year":"2020","Date_of_Data_Collection":"August-2022","AvgSpeed":"48","Pct85th":54,"PctCompliance":71,"PctHighEndSpeeders":1.5,"ObjectId":155}},{"type":"Feature","id":156,"geometry":null,"properties":{"Data_Type":"ASE Active ","Location":"E008 - Meadowlands Dr. W. between Winthrow Ave. and Thatcher St.","Camera_Install_Year":"2020","Date_of_Data_Collection":"August-2022","AvgSpeed":"38","Pct85th":43,"PctCompliance":72,"PctHighEndSpeeders":1.6,"ObjectId":156}},{"type":"Feature","id":157,"geometry":null,"properties":{"Data_Type":"ASE Active ","Location":"E001 - Longfields Dr. between Highbury Park Dr. and Via Verona Ave.","Camera_Install_Year":"2020","Date_of_Data_Collection":"September-2022","AvgSpeed":"38","Pct85th":42,"PctCompliance":77,"PctHighEndSpeeders":0.4,"ObjectId":157}},{"type":"Feature","id":158,"geometry":null,"properties":{"Data_Type":"ASE Active ","Location":"E002 - Innes Rd. between Provence Ave. and Trim Rd.","Camera_Install_Year":"2020","Date_of_Data_Collection":"September-2022","AvgSpeed":"57","Pct85th":63,"PctCompliance":74,"PctHighEndSpeeders":0.9,"ObjectId":158}},{"type":"Feature","id":159,"geometry":null,"properties":{"Data_Type":"ASE Active ","Location":"E003 - Bayshore Dr. between Woodridge N Cres. And Woodridge S Cres. ","Camera_Install_Year":"2020","Date_of_Data_Collection":"September-2022","AvgSpeed":"37","Pct85th":44,"PctCompliance":72,"PctHighEndSpeeders":1.3,"ObjectId":159}},{"type":"Feature","id":160,"geometry":null,"properties":{"Data_Type":"ASE Active ","Location":"E004 - Katimavik Rd. between Castlefrank Rd. and McGibbon Dr./Sewall Way","Camera_Install_Year":"2020","Date_of_Data_Collection":"September-2022","AvgSpeed":"38","Pct85th":45,"PctCompliance":72,"PctHighEndSpeeders":2.4,"ObjectId":160}},{"type":"Feature","id":161,"geometry":null,"properties":{"Data_Type":"ASE Active ","Location":"E005 - Watters Dr. between Charlemagne Blvd. and Roberval Ave. ","Camera_Install_Year":"2020","Date_of_Data_Collection":"September-2022","AvgSpeed":"37","Pct85th":42,"PctCompliance":79,"PctHighEndSpeeders":0.7,"ObjectId":161}},{"type":"Feature","id":162,"geometry":null,"properties":{"Data_Type":"ASE Active ","Location":"E006 - Ogilvie Rd. between Appleford St. and Elmlea Gate","Camera_Install_Year":"2020","Date_of_Data_Collection":"September-2022","AvgSpeed":"38","Pct85th":54,"PctCompliance":71,"PctHighEndSpeeders":1.6,"ObjectId":162}},{"type":"Feature","id":163,"geometry":null,"properties":{"Data_Type":"ASE Active ","Location":"E007 - Smyth Rd. between Haig Dr. and Edgecomb St. ","Camera_Install_Year":"2020","Date_of_Data_Collection":"September-2022","AvgSpeed":"46","Pct85th":53,"PctCompliance":77,"PctHighEndSpeeders":1.1,"ObjectId":163}},{"type":"Feature","id":164,"geometry":null,"properties":{"Data_Type":"ASE Active ","Location":"E008 - Meadowlands Dr. W. between Winthrow Ave. and Thatcher St.","Camera_Install_Year":"2020","Date_of_Data_Collection":"September-2022","AvgSpeed":"37","Pct85th":42,"PctCompliance":77,"PctHighEndSpeeders":1.1,"ObjectId":164}},{"type":"Feature","id":165,"geometry":null,"properties":{"Data_Type":"ASE Active ","Location":"E001 - Longfields Dr. between Highbury Park Dr. and Via Verona Ave.","Camera_Install_Year":"2020","Date_of_Data_Collection":"October-2022","AvgSpeed":"37","Pct85th":42,"PctCompliance":79,"PctHighEndSpeeders":0.3,"ObjectId":165}},{"type":"Feature","id":166,"geometry":null,"properties":{"Data_Type":"ASE Active ","Location":"E002 - Innes Rd. between Provence Ave. and Trim Rd.","Camera_Install_Year":"2020","Date_of_Data_Collection":"October-2022","AvgSpeed":"57","Pct85th":63,"PctCompliance":74,"PctHighEndSpeeders":1,"ObjectId":166}},{"type":"Feature","id":167,"geometry":null,"properties":{"Data_Type":"ASE Active ","Location":"E003 - Bayshore Dr. between Woodridge N Cres. And Woodridge S Cres. ","Camera_Install_Year":"2020","Date_of_Data_Collection":"October-2022","AvgSpeed":"37","Pct85th":44,"PctCompliance":73,"PctHighEndSpeeders":1.4,"ObjectId":167}},{"type":"Feature","id":168,"geometry":null,"properties":{"Data_Type":"ASE Active ","Location":"E004 - Katimavik Rd. between Castlefrank Rd. and McGibbon Dr./Sewall Way","Camera_Install_Year":"2020","Date_of_Data_Collection":"October-2022","AvgSpeed":"38","Pct85th":45,"PctCompliance":72,"PctHighEndSpeeders":2.5,"ObjectId":168}},{"type":"Feature","id":169,"geometry":null,"properties":{"Data_Type":"ASE Active ","Location":"E005 - Watters Dr. between Charlemagne Blvd. and Roberval Ave. ","Camera_Install_Year":"2020","Date_of_Data_Collection":"October-2022","AvgSpeed":"37","Pct85th":42,"PctCompliance":79,"PctHighEndSpeeders":0.7,"ObjectId":169}},{"type":"Feature","id":170,"geometry":null,"properties":{"Data_Type":"ASE Active ","Location":"E006 - Ogilvie Rd. between Appleford St. and Elmlea Gate","Camera_Install_Year":"2020","Date_of_Data_Collection":"October-2022","AvgSpeed":"47","Pct85th":54,"PctCompliance":72,"PctHighEndSpeeders":1.3,"ObjectId":170}},{"type":"Feature","id":171,"geometry":null,"properties":{"Data_Type":"ASE Active ","Location":"E007 - Smyth Rd. between Haig Dr. and Edgecomb St. ","Camera_Install_Year":"2020","Date_of_Data_Collection":"October-2022","AvgSpeed":"46","Pct85th":53,"PctCompliance":77,"PctHighEndSpeeders":1.2,"ObjectId":171}},{"type":"Feature","id":172,"geometry":null,"properties":{"Data_Type":"ASE Active ","Location":"E008 - Meadowlands Dr. W. between Winthrow Ave. and Thatcher St.","Camera_Install_Year":"2020","Date_of_Data_Collection":"October-2022","AvgSpeed":"38","Pct85th":42,"PctCompliance":77,"PctHighEndSpeeders":1.2,"ObjectId":172}},{"type":"Feature","id":173,"geometry":null,"properties":{"Data_Type":"ASE Active ","Location":"E001 - Longfields Dr. between Highbury Park Dr. and Via Verona Ave.","Camera_Install_Year":"2020","Date_of_Data_Collection":"November-2022","AvgSpeed":"36","Pct85th":41,"PctCompliance":82,"PctHighEndSpeeders":0.3,"ObjectId":173}},{"type":"Feature","id":174,"geometry":null,"properties":{"Data_Type":"ASE Active ","Location":"E002 - Innes Rd. between Provence Ave. and Trim Rd.","Camera_Install_Year":"2020","Date_of_Data_Collection":"November-2022","AvgSpeed":"57","Pct85th":63,"PctCompliance":75,"PctHighEndSpeeders":0.9,"ObjectId":174}},{"type":"Feature","id":175,"geometry":null,"properties":{"Data_Type":"ASE Active ","Location":"E003 - Bayshore Dr. between Woodridge N Cres. And Woodridge S Cres. ","Camera_Install_Year":"2020","Date_of_Data_Collection":"November-2022","AvgSpeed":"36","Pct85th":44,"PctCompliance":74,"PctHighEndSpeeders":1.2,"ObjectId":175}},{"type":"Feature","id":176,"geometry":null,"properties":{"Data_Type":"ASE Active ","Location":"E004 - Katimavik Rd. between Castlefrank Rd. and McGibbon Dr./Sewall Way","Camera_Install_Year":"2020","Date_of_Data_Collection":"November-2022","AvgSpeed":"38","Pct85th":45,"PctCompliance":72,"PctHighEndSpeeders":2.7,"ObjectId":176}},{"type":"Feature","id":177,"geometry":null,"properties":{"Data_Type":"ASE Active ","Location":"E005 - Watters Dr. between Charlemagne Blvd. and Roberval Ave. ","Camera_Install_Year":"2020","Date_of_Data_Collection":"November-2022","AvgSpeed":"37","Pct85th":41,"PctCompliance":82,"PctHighEndSpeeders":0.6,"ObjectId":177}},{"type":"Feature","id":178,"geometry":null,"properties":{"Data_Type":"ASE Active ","Location":"E006 - Ogilvie Rd. between Appleford St. and Elmlea Gate","Camera_Install_Year":"2020","Date_of_Data_Collection":"November-2022","AvgSpeed":"47","Pct85th":54,"PctCompliance":74,"PctHighEndSpeeders":1.2,"ObjectId":178}},{"type":"Feature","id":179,"geometry":null,"properties":{"Data_Type":"ASE Active ","Location":"E007 - Smyth Rd. between Haig Dr. and Edgecomb St. ","Camera_Install_Year":"2020","Date_of_Data_Collection":"November-2022","AvgSpeed":"47","Pct85th":53,"PctCompliance":78,"PctHighEndSpeeders":1,"ObjectId":179}},{"type":"Feature","id":180,"geometry":null,"properties":{"Data_Type":"ASE Active ","Location":"E008 - Meadowlands Dr. W. between Winthrow Ave. and Thatcher St.","Camera_Install_Year":"2020","Date_of_Data_Collection":"November-2022","AvgSpeed":"37","Pct85th":42,"PctCompliance":78,"PctHighEndSpeeders":1.1,"ObjectId":180}},{"type":"Feature","id":181,"geometry":null,"properties":{"Data_Type":"ASE Active ","Location":"E001 - Longfields Dr. between Highbury Park Dr. and Via Verona Ave.","Camera_Install_Year":"2020","Date_of_Data_Collection":"December-2022","AvgSpeed":"37","Pct85th":42,"PctCompliance":80,"PctHighEndSpeeders":0.4,"ObjectId":181}},{"type":"Feature","id":182,"geometry":null,"properties":{"Data_Type":"ASE Active ","Location":"E002 - Innes Rd. between Provence Ave. and Trim Rd.","Camera_Install_Year":"2020","Date_of_Data_Collection":"December-2022","AvgSpeed":"55","Pct85th":62,"PctCompliance":79,"PctHighEndSpeeders":0.7,"ObjectId":182}},{"type":"Feature","id":183,"geometry":null,"properties":{"Data_Type":"ASE Active ","Location":"E003 - Bayshore Dr. between Woodridge N Cres. And Woodridge S Cres. ","Camera_Install_Year":"2020","Date_of_Data_Collection":"December-2022","AvgSpeed":"36","Pct85th":43,"PctCompliance":76,"PctHighEndSpeeders":1,"ObjectId":183}},{"type":"Feature","id":184,"geometry":null,"properties":{"Data_Type":"ASE Active ","Location":"E004 - Katimavik Rd. between Castlefrank Rd. and McGibbon Dr./Sewall Way","Camera_Install_Year":"2020","Date_of_Data_Collection":"December-2022","AvgSpeed":"38","Pct85th":45,"PctCompliance":74,"PctHighEndSpeeders":2.4,"ObjectId":184}},{"type":"Feature","id":185,"geometry":null,"properties":{"Data_Type":"ASE Active ","Location":"E005 - Watters Dr. between Charlemagne Blvd. and Roberval Ave. ","Camera_Install_Year":"2020","Date_of_Data_Collection":"December-2022","AvgSpeed":"37","Pct85th":41,"PctCompliance":81,"PctHighEndSpeeders":0.6,"ObjectId":185}},{"type":"Feature","id":186,"geometry":null,"properties":{"Data_Type":"ASE Active ","Location":"E006 - Ogilvie Rd. between Appleford St. and Elmlea Gate","Camera_Install_Year":"2020","Date_of_Data_Collection":"December-2022","AvgSpeed":"47","Pct85th":53,"PctCompliance":76,"PctHighEndSpeeders":1,"ObjectId":186}},{"type":"Feature","id":187,"geometry":null,"properties":{"Data_Type":"ASE Active ","Location":"E007 - Smyth Rd. between Haig Dr. and Edgecomb St. ","Camera_Install_Year":"2020","Date_of_Data_Collection":"December-2022","AvgSpeed":"46","Pct85th":53,"PctCompliance":78,"PctHighEndSpeeders":1.1,"ObjectId":187}},{"type":"Feature","id":188,"geometry":null,"properties":{"Data_Type":"ASE Active ","Location":"E008 - Meadowlands Dr. W. between Winthrow Ave. and Thatcher St.","Camera_Install_Year":"2020","Date_of_Data_Collection":"December-2022","AvgSpeed":"37","Pct85th":42,"PctCompliance":80,"PctHighEndSpeeders":0.9,"ObjectId":188}},{"type":"Feature","id":189,"geometry":null,"properties":{"Data_Type":"ASE Active ","Location":"E001 - Longfields Dr. between Highbury Park Dr. and Via Verona Ave.","Camera_Install_Year":"2020","Date_of_Data_Collection":"January-2023","AvgSpeed":"37","Pct85th":41,"PctCompliance":82,"PctHighEndSpeeders":0.3,"ObjectId":189}},{"type":"Feature","id":190,"geometry":null,"properties":{"Data_Type":"ASE Active ","Location":"E002 - Innes Rd. between Provence Ave. and Trim Rd.","Camera_Install_Year":"2020","Date_of_Data_Collection":"January-2023","AvgSpeed":"55","Pct85th":62,"PctCompliance":80,"PctHighEndSpeeders":0.6,"ObjectId":190}},{"type":"Feature","id":191,"geometry":null,"properties":{"Data_Type":"ASE Active ","Location":"E003 - Bayshore Dr. between Woodridge N Cres. And Woodridge S Cres. ","Camera_Install_Year":"2020","Date_of_Data_Collection":"January-2023","AvgSpeed":"36","Pct85th":43,"PctCompliance":77,"PctHighEndSpeeders":0.8,"ObjectId":191}},{"type":"Feature","id":192,"geometry":null,"properties":{"Data_Type":"ASE Active ","Location":"E004 - Katimavik Rd. between Castlefrank Rd. and McGibbon Dr./Sewall Way","Camera_Install_Year":"2020","Date_of_Data_Collection":"January-2023","AvgSpeed":"37","Pct85th":44,"PctCompliance":77,"PctHighEndSpeeders":2,"ObjectId":192}},{"type":"Feature","id":193,"geometry":null,"properties":{"Data_Type":"ASE Active ","Location":"E005 - Watters Dr. between Charlemagne Blvd. and Roberval Ave. ","Camera_Install_Year":"2020","Date_of_Data_Collection":"January-2023","AvgSpeed":"36","Pct85th":41,"PctCompliance":83,"PctHighEndSpeeders":0.6,"ObjectId":193}},{"type":"Feature","id":194,"geometry":null,"properties":{"Data_Type":"ASE Active ","Location":"E006 - Ogilvie Rd. between Appleford St. and Elmlea Gate","Camera_Install_Year":"2020","Date_of_Data_Collection":"January-2023","AvgSpeed":"46","Pct85th":52,"PctCompliance":78,"PctHighEndSpeeders":0.8,"ObjectId":194}},{"type":"Feature","id":195,"geometry":null,"properties":{"Data_Type":"ASE Active ","Location":"E007 - Smyth Rd. between Haig Dr. and Edgecomb St. ","Camera_Install_Year":"2020","Date_of_Data_Collection":"January-2023","AvgSpeed":"45","Pct85th":52,"PctCompliance":80,"PctHighEndSpeeders":0.8,"ObjectId":195}},{"type":"Feature","id":196,"geometry":null,"properties":{"Data_Type":"ASE Active ","Location":"E008 - Meadowlands Dr. W. between Winthrow Ave. and Thatcher St.","Camera_Install_Year":"2020","Date_of_Data_Collection":"January-2023","AvgSpeed":"37","Pct85th":41,"PctCompliance":81,"PctHighEndSpeeders":0.8,"ObjectId":196}},{"type":"Feature","id":197,"geometry":null,"properties":{"Data_Type":"ASE Active ","Location":"E001 - Longfields Dr. between Highbury Park Dr. and Via Verona Ave.","Camera_Install_Year":"2020","Date_of_Data_Collection":"February-2023","AvgSpeed":"37","Pct85th":41,"PctCompliance":82,"PctHighEndSpeeders":0.2,"ObjectId":197}},{"type":"Feature","id":198,"geometry":null,"properties":{"Data_Type":"ASE Active ","Location":"E002 - Innes Rd. between Provence Ave. and Trim Rd.","Camera_Install_Year":"2020","Date_of_Data_Collection":"February-2023","AvgSpeed":"56","Pct85th":62,"PctCompliance":79,"PctHighEndSpeeders":0.7,"ObjectId":198}},{"type":"Feature","id":199,"geometry":null,"properties":{"Data_Type":"ASE Active ","Location":"E003 - Bayshore Dr. between Woodridge N Cres. And Woodridge S Cres. ","Camera_Install_Year":"2020","Date_of_Data_Collection":"February-2023","AvgSpeed":"36","Pct85th":43,"PctCompliance":77,"PctHighEndSpeeders":0.8,"ObjectId":199}},{"type":"Feature","id":200,"geometry":null,"properties":{"Data_Type":"ASE Active ","Location":"E004 - Katimavik Rd. between Castlefrank Rd. and McGibbon Dr./Sewall Way","Camera_Install_Year":"2020","Date_of_Data_Collection":"February-2023","AvgSpeed":"37","Pct85th":44,"PctCompliance":76,"PctHighEndSpeeders":2,"ObjectId":200}},{"type":"Feature","id":201,"geometry":null,"properties":{"Data_Type":"ASE Active ","Location":"E001 - Longfields Dr. between Highbury Park Dr. and Via Verona Ave.","Camera_Install_Year":"2020","Date_of_Data_Collection":"February-2022","AvgSpeed":"37","Pct85th":42,"PctCompliance":79,"PctHighEndSpeeders":0.4,"ObjectId":201}},{"type":"Feature","id":202,"geometry":null,"properties":{"Data_Type":"ASE Active ","Location":"E002 - Innes Rd. between Provence Ave. and Trim Rd.","Camera_Install_Year":"2020","Date_of_Data_Collection":"February-2022","AvgSpeed":"56","Pct85th":63,"PctCompliance":75,"PctHighEndSpeeders":1.1,"ObjectId":202}},{"type":"Feature","id":203,"geometry":null,"properties":{"Data_Type":"ASE Active ","Location":"E003 - Bayshore Dr. between Woodridge N Cres. And Woodridge S Cres. ","Camera_Install_Year":"2020","Date_of_Data_Collection":"February-2022","AvgSpeed":"36","Pct85th":44,"PctCompliance":74,"PctHighEndSpeeders":1.1,"ObjectId":203}},{"type":"Feature","id":204,"geometry":null,"properties":{"Data_Type":"ASE Active ","Location":"E001 - Longfields Dr. between Highbury Park Dr. and Via Verona Ave.","Camera_Install_Year":"2020","Date_of_Data_Collection":"March-2024","AvgSpeed":"36","Pct85th":40,"PctCompliance":88,"PctHighEndSpeeders":0.1,"ObjectId":204}},{"type":"Feature","id":205,"geometry":null,"properties":{"Data_Type":"ASE Active ","Location":"E005 - Watters Dr. between Charlemagne Blvd. and Roberval Ave. ","Camera_Install_Year":"2020","Date_of_Data_Collection":"February-2023","AvgSpeed":"37","Pct85th":41,"PctCompliance":82,"PctHighEndSpeeders":0.6,"ObjectId":205}},{"type":"Feature","id":206,"geometry":null,"properties":{"Data_Type":"ASE Active ","Location":"E004 - Katimavik Rd. between Castlefrank Rd. and McGibbon Dr./Sewall Way","Camera_Install_Year":"2020","Date_of_Data_Collection":"February-2022","AvgSpeed":"38","Pct85th":46,"PctCompliance":71,"PctHighEndSpeeders":2.9,"ObjectId":206}},{"type":"Feature","id":207,"geometry":null,"properties":{"Data_Type":"ASE Active ","Location":"E005 - Watters Dr. between Charlemagne Blvd. and Roberval Ave. ","Camera_Install_Year":"2020","Date_of_Data_Collection":"February-2022","AvgSpeed":"37","Pct85th":43,"PctCompliance":76,"PctHighEndSpeeders":1,"ObjectId":207}},{"type":"Feature","id":208,"geometry":null,"properties":{"Data_Type":"ASE Active ","Location":"E006 - Ogilvie Rd. between Appleford St. and Elmlea Gate","Camera_Install_Year":"2020","Date_of_Data_Collection":"February-2022","AvgSpeed":"47","Pct85th":54,"PctCompliance":72,"PctHighEndSpeeders":1.4,"ObjectId":208}},{"type":"Feature","id":209,"geometry":null,"properties":{"Data_Type":"ASE Active ","Location":"E007 - Smyth Rd. between Haig Dr. and Edgecomb St. ","Camera_Install_Year":"2020","Date_of_Data_Collection":"February-2022","AvgSpeed":"46","Pct85th":53,"PctCompliance":76,"PctHighEndSpeeders":1.3,"ObjectId":209}},{"type":"Feature","id":210,"geometry":null,"properties":{"Data_Type":"ASE Active ","Location":"E008 - Meadowlands Dr. W. between Winthrow Ave. and Thatcher St.","Camera_Install_Year":"2020","Date_of_Data_Collection":"February-2022","AvgSpeed":"38","Pct85th":43,"PctCompliance":76,"PctHighEndSpeeders":1.4,"ObjectId":210}},{"type":"Feature","id":211,"geometry":null,"properties":{"Data_Type":"ASE Active ","Location":"E001 - Longfields Dr. between Highbury Park Dr. and Via Verona Ave.","Camera_Install_Year":"2020","Date_of_Data_Collection":"March-2022","AvgSpeed":"38","Pct85th":43,"PctCompliance":73,"PctHighEndSpeeders":0.7,"ObjectId":211}},{"type":"Feature","id":212,"geometry":null,"properties":{"Data_Type":"ASE Active ","Location":"E002 - Innes Rd. between Provence Ave. and Trim Rd.","Camera_Install_Year":"2020","Date_of_Data_Collection":"March-2022","AvgSpeed":"58","Pct85th":64,"PctCompliance":70,"PctHighEndSpeeders":1.4,"ObjectId":212}},{"type":"Feature","id":213,"geometry":null,"properties":{"Data_Type":"ASE Active ","Location":"E003 - Bayshore Dr. between Woodridge N Cres. And Woodridge S Cres. ","Camera_Install_Year":"2020","Date_of_Data_Collection":"March-2022","AvgSpeed":"37","Pct85th":45,"PctCompliance":70,"PctHighEndSpeeders":1.6,"ObjectId":213}},{"type":"Feature","id":214,"geometry":null,"properties":{"Data_Type":"ASE Active ","Location":"E004 - Katimavik Rd. between Castlefrank Rd. and McGibbon Dr./Sewall Way","Camera_Install_Year":"2020","Date_of_Data_Collection":"March-2022","AvgSpeed":"39","Pct85th":48,"PctCompliance":68,"PctHighEndSpeeders":3.7,"ObjectId":214}},{"type":"Feature","id":215,"geometry":null,"properties":{"Data_Type":"ASE Active ","Location":"E005 - Watters Dr. between Charlemagne Blvd. and Roberval Ave. ","Camera_Install_Year":"2020","Date_of_Data_Collection":"March-2022","AvgSpeed":"38","Pct85th":44,"PctCompliance":70,"PctHighEndSpeeders":1.4,"ObjectId":215}},{"type":"Feature","id":216,"geometry":null,"properties":{"Data_Type":"ASE Active ","Location":"E006 - Ogilvie Rd. between Appleford St. and Elmlea Gate","Camera_Install_Year":"2020","Date_of_Data_Collection":"March-2022","AvgSpeed":"48","Pct85th":55,"PctCompliance":69,"PctHighEndSpeeders":1.6,"ObjectId":216}},{"type":"Feature","id":217,"geometry":null,"properties":{"Data_Type":"ASE Active ","Location":"E007 - Smyth Rd. between Haig Dr. and Edgecomb St. ","Camera_Install_Year":"2020","Date_of_Data_Collection":"March-2022","AvgSpeed":"46","Pct85th":53,"PctCompliance":76,"PctHighEndSpeeders":1.2,"ObjectId":217}},{"type":"Feature","id":218,"geometry":null,"properties":{"Data_Type":"ASE Active ","Location":"E008 - Meadowlands Dr. W. between Winthrow Ave. and Thatcher St.","Camera_Install_Year":"2020","Date_of_Data_Collection":"March-2022","AvgSpeed":"38","Pct85th":43,"PctCompliance":75,"PctHighEndSpeeders":1.5,"ObjectId":218}},{"type":"Feature","id":219,"geometry":null,"properties":{"Data_Type":"ASE Active ","Location":"E001 - Longfields Dr. between Highbury Park Dr. and Via Verona Ave.","Camera_Install_Year":"2020","Date_of_Data_Collection":"April-2022","AvgSpeed":"38","Pct85th":43,"PctCompliance":73,"PctHighEndSpeeders":0.7,"ObjectId":219}},{"type":"Feature","id":220,"geometry":null,"properties":{"Data_Type":"ASE Active ","Location":"E002 - Innes Rd. between Provence Ave. and Trim Rd.","Camera_Install_Year":"2020","Date_of_Data_Collection":"April-2022","AvgSpeed":"57","Pct85th":64,"PctCompliance":72,"PctHighEndSpeeders":1.2,"ObjectId":220}},{"type":"Feature","id":221,"geometry":null,"properties":{"Data_Type":"ASE Active ","Location":"E003 - Bayshore Dr. between Woodridge N Cres. And Woodridge S Cres. ","Camera_Install_Year":"2020","Date_of_Data_Collection":"April-2022","AvgSpeed":"37","Pct85th":45,"PctCompliance":71,"PctHighEndSpeeders":1.5,"ObjectId":221}},{"type":"Feature","id":222,"geometry":null,"properties":{"Data_Type":"ASE Active ","Location":"E004 - Katimavik Rd. between Castlefrank Rd. and McGibbon Dr./Sewall Way","Camera_Install_Year":"2020","Date_of_Data_Collection":"April-2022","AvgSpeed":"39","Pct85th":47,"PctCompliance":69,"PctHighEndSpeeders":3.5,"ObjectId":222}},{"type":"Feature","id":223,"geometry":null,"properties":{"Data_Type":"ASE Active ","Location":"E005 - Watters Dr. between Charlemagne Blvd. and Roberval Ave. ","Camera_Install_Year":"2020","Date_of_Data_Collection":"April-2022","AvgSpeed":"38","Pct85th":43,"PctCompliance":73,"PctHighEndSpeeders":1.2,"ObjectId":223}},{"type":"Feature","id":224,"geometry":null,"properties":{"Data_Type":"ASE Active ","Location":"E006 - Ogilvie Rd. between Appleford St. and Elmlea Gate","Camera_Install_Year":"2020","Date_of_Data_Collection":"April-2022","AvgSpeed":"48","Pct85th":55,"PctCompliance":69,"PctHighEndSpeeders":1.7,"ObjectId":224}},{"type":"Feature","id":225,"geometry":null,"properties":{"Data_Type":"ASE Active ","Location":"E007 - Smyth Rd. between Haig Dr. and Edgecomb St. ","Camera_Install_Year":"2020","Date_of_Data_Collection":"April-2022","AvgSpeed":"46","Pct85th":53,"PctCompliance":75,"PctHighEndSpeeders":1.3,"ObjectId":225}},{"type":"Feature","id":226,"geometry":null,"properties":{"Data_Type":"ASE Active ","Location":"E008 - Meadowlands Dr. W. between Winthrow Ave. and Thatcher St.","Camera_Install_Year":"2020","Date_of_Data_Collection":"April-2022","AvgSpeed":"38","Pct85th":43,"PctCompliance":75,"PctHighEndSpeeders":1.4,"ObjectId":226}},{"type":"Feature","id":227,"geometry":null,"properties":{"Data_Type":"ASE Active ","Location":"E001 - Longfields Dr. between Highbury Park Dr. and Via Verona Ave.","Camera_Install_Year":"2020","Date_of_Data_Collection":"May-2022","AvgSpeed":"38","Pct85th":43,"PctCompliance":74,"PctHighEndSpeeders":0.5,"ObjectId":227}},{"type":"Feature","id":228,"geometry":null,"properties":{"Data_Type":"ASE Active ","Location":"E002 - Innes Rd. between Provence Ave. and Trim Rd.","Camera_Install_Year":"2020","Date_of_Data_Collection":"May-2022","AvgSpeed":"57","Pct85th":64,"PctCompliance":73,"PctHighEndSpeeders":1,"ObjectId":228}},{"type":"Feature","id":229,"geometry":null,"properties":{"Data_Type":"ASE Active ","Location":"E003 - Bayshore Dr. between Woodridge N Cres. And Woodridge S Cres. ","Camera_Install_Year":"2020","Date_of_Data_Collection":"May-2022","AvgSpeed":"37","Pct85th":45,"PctCompliance":70,"PctHighEndSpeeders":1.3,"ObjectId":229}},{"type":"Feature","id":230,"geometry":null,"properties":{"Data_Type":"ASE Active ","Location":"E004 - Katimavik Rd. between Castlefrank Rd. and McGibbon Dr./Sewall Way","Camera_Install_Year":"2020","Date_of_Data_Collection":"May-2022","AvgSpeed":"39","Pct85th":46,"PctCompliance":69,"PctHighEndSpeeders":3.2,"ObjectId":230}},{"type":"Feature","id":231,"geometry":null,"properties":{"Data_Type":"ASE Active ","Location":"E005 - Watters Dr. between Charlemagne Blvd. and Roberval Ave. ","Camera_Install_Year":"2020","Date_of_Data_Collection":"May-2022","AvgSpeed":"38","Pct85th":43,"PctCompliance":76,"PctHighEndSpeeders":0.9,"ObjectId":231}},{"type":"Feature","id":232,"geometry":null,"properties":{"Data_Type":"ASE Active ","Location":"E006 - Ogilvie Rd. between Appleford St. and Elmlea Gate","Camera_Install_Year":"2020","Date_of_Data_Collection":"May-2022","AvgSpeed":"47","Pct85th":54,"PctCompliance":72,"PctHighEndSpeeders":1.5,"ObjectId":232}},{"type":"Feature","id":233,"geometry":null,"properties":{"Data_Type":"ASE Active ","Location":"E007 - Smyth Rd. between Haig Dr. and Edgecomb St. ","Camera_Install_Year":"2020","Date_of_Data_Collection":"May-2022","AvgSpeed":"46","Pct85th":53,"PctCompliance":76,"PctHighEndSpeeders":1,"ObjectId":233}},{"type":"Feature","id":234,"geometry":null,"properties":{"Data_Type":"ASE Active ","Location":"E008 - Meadowlands Dr. W. between Winthrow Ave. and Thatcher St.","Camera_Install_Year":"2020","Date_of_Data_Collection":"May-2022","AvgSpeed":"38","Pct85th":43,"PctCompliance":75,"PctHighEndSpeeders":1.3,"ObjectId":234}},{"type":"Feature","id":235,"geometry":null,"properties":{"Data_Type":"ASE Active ","Location":"E001 - Longfields Dr. between Highbury Park Dr. and Via Verona Ave.","Camera_Install_Year":"2020","Date_of_Data_Collection":"June-2022","AvgSpeed":"38","Pct85th":42,"PctCompliance":75,"PctHighEndSpeeders":0.4,"ObjectId":235}},{"type":"Feature","id":236,"geometry":null,"properties":{"Data_Type":"ASE Active ","Location":"E002 - Innes Rd. between Provence Ave. and Trim Rd.","Camera_Install_Year":"2020","Date_of_Data_Collection":"June-2022","AvgSpeed":"57","Pct85th":64,"PctCompliance":71,"PctHighEndSpeeders":1.1,"ObjectId":236}},{"type":"Feature","id":237,"geometry":null,"properties":{"Data_Type":"ASE Active ","Location":"E003 - Bayshore Dr. between Woodridge N Cres. And Woodridge S Cres. ","Camera_Install_Year":"2020","Date_of_Data_Collection":"June-2022","AvgSpeed":"37","Pct85th":45,"PctCompliance":70,"PctHighEndSpeeders":1.3,"ObjectId":237}},{"type":"Feature","id":238,"geometry":null,"properties":{"Data_Type":"ASE Active ","Location":"E004 - Katimavik Rd. between Castlefrank Rd. and McGibbon Dr./Sewall Way","Camera_Install_Year":"2020","Date_of_Data_Collection":"June-2022","AvgSpeed":"39","Pct85th":46,"PctCompliance":69,"PctHighEndSpeeders":2.9,"ObjectId":238}},{"type":"Feature","id":239,"geometry":null,"properties":{"Data_Type":"ASE Active ","Location":"E005 - Watters Dr. between Charlemagne Blvd. and Roberval Ave. ","Camera_Install_Year":"2020","Date_of_Data_Collection":"June-2022","AvgSpeed":"37","Pct85th":42,"PctCompliance":77,"PctHighEndSpeeders":0.8,"ObjectId":239}},{"type":"Feature","id":240,"geometry":null,"properties":{"Data_Type":"ASE Active ","Location":"E006 - Ogilvie Rd. between Appleford St. and Elmlea Gate","Camera_Install_Year":"2020","Date_of_Data_Collection":"June-2022","AvgSpeed":"48","Pct85th":54,"PctCompliance":71,"PctHighEndSpeeders":1.2,"ObjectId":240}},{"type":"Feature","id":241,"geometry":null,"properties":{"Data_Type":"ASE Active ","Location":"E007 - Smyth Rd. between Haig Dr. and Edgecomb St. ","Camera_Install_Year":"2020","Date_of_Data_Collection":"June-2022","AvgSpeed":"46","Pct85th":53,"PctCompliance":75,"PctHighEndSpeeders":1.2,"ObjectId":241}},{"type":"Feature","id":242,"geometry":null,"properties":{"Data_Type":"ASE Active ","Location":"E008 - Meadowlands Dr. W. between Winthrow Ave. and Thatcher St.","Camera_Install_Year":"2020","Date_of_Data_Collection":"June-2022","AvgSpeed":"38","Pct85th":43,"PctCompliance":74,"PctHighEndSpeeders":1.4,"ObjectId":242}},{"type":"Feature","id":243,"geometry":null,"properties":{"Data_Type":"ASE Active ","Location":"E001 - Longfields Dr. between Highbury Park Dr. and Via Verona Ave.","Camera_Install_Year":"2020","Date_of_Data_Collection":"July-2022","AvgSpeed":"39","Pct85th":43,"PctCompliance":71,"PctHighEndSpeeders":0.6,"ObjectId":243}},{"type":"Feature","id":244,"geometry":null,"properties":{"Data_Type":"ASE Active ","Location":"E002 - Innes Rd. between Provence Ave. and Trim Rd.","Camera_Install_Year":"2020","Date_of_Data_Collection":"July-2022","AvgSpeed":"58","Pct85th":65,"PctCompliance":68,"PctHighEndSpeeders":1.4,"ObjectId":244}},{"type":"Feature","id":245,"geometry":null,"properties":{"Data_Type":"ASE Active ","Location":"E003 - Bayshore Dr. between Woodridge N Cres. And Woodridge S Cres. ","Camera_Install_Year":"2020","Date_of_Data_Collection":"July-2022","AvgSpeed":"37","Pct85th":45,"PctCompliance":69,"PctHighEndSpeeders":1.3,"ObjectId":245}},{"type":"Feature","id":246,"geometry":null,"properties":{"Data_Type":"ASE Active ","Location":"E004 - Katimavik Rd. between Castlefrank Rd. and McGibbon Dr./Sewall Way","Camera_Install_Year":"2020","Date_of_Data_Collection":"July-2022","AvgSpeed":"39","Pct85th":47,"PctCompliance":66,"PctHighEndSpeeders":3.6,"ObjectId":246}},{"type":"Feature","id":247,"geometry":null,"properties":{"Data_Type":"ASE Active ","Location":"E005 - Watters Dr. between Charlemagne Blvd. and Roberval Ave. ","Camera_Install_Year":"2020","Date_of_Data_Collection":"July-2022","AvgSpeed":"38","Pct85th":43,"PctCompliance":73,"PctHighEndSpeeders":1.2,"ObjectId":247}},{"type":"Feature","id":248,"geometry":null,"properties":{"Data_Type":"ASE Active ","Location":"E006 - Ogilvie Rd. between Appleford St. and Elmlea Gate","Camera_Install_Year":"2020","Date_of_Data_Collection":"July-2022","AvgSpeed":"48","Pct85th":55,"PctCompliance":67,"PctHighEndSpeeders":1.6,"ObjectId":248}},{"type":"Feature","id":249,"geometry":null,"properties":{"Data_Type":"ASE Active ","Location":"E007 - Smyth Rd. between Haig Dr. and Edgecomb St. ","Camera_Install_Year":"2020","Date_of_Data_Collection":"July-2022","AvgSpeed":"48","Pct85th":54,"PctCompliance":69,"PctHighEndSpeeders":1.4,"ObjectId":249}},{"type":"Feature","id":250,"geometry":null,"properties":{"Data_Type":"ASE Active ","Location":"E008 - Meadowlands Dr. W. between Winthrow Ave. and Thatcher St.","Camera_Install_Year":"2020","Date_of_Data_Collection":"July-2022","AvgSpeed":"39","Pct85th":44,"PctCompliance":71,"PctHighEndSpeeders":1.7,"ObjectId":250}},{"type":"Feature","id":251,"geometry":null,"properties":{"Data_Type":"ASE Active ","Location":"E001 - Longfields Dr. between Highbury Park Dr. and Via Verona Ave.","Camera_Install_Year":"2020","Date_of_Data_Collection":"August-2022","AvgSpeed":"39","Pct85th":43,"PctCompliance":73,"PctHighEndSpeeders":0.6,"ObjectId":251}},{"type":"Feature","id":252,"geometry":null,"properties":{"Data_Type":"ASE Active ","Location":"E002 - Innes Rd. between Provence Ave. and Trim Rd.","Camera_Install_Year":"2020","Date_of_Data_Collection":"August-2022","AvgSpeed":"58","Pct85th":64,"PctCompliance":70,"PctHighEndSpeeders":1.1,"ObjectId":252}},{"type":"Feature","id":253,"geometry":null,"properties":{"Data_Type":"ASE Active ","Location":"E002 - Innes Rd. between Provence Ave. and Trim Rd.","Camera_Install_Year":"2020","Date_of_Data_Collection":"March-2024","AvgSpeed":"55","Pct85th":61,"PctCompliance":83,"PctHighEndSpeeders":0.5,"ObjectId":253}},{"type":"Feature","id":254,"geometry":null,"properties":{"Data_Type":"ASE Active ","Location":"E003 - Bayshore Dr. between Woodridge N Cres. And Woodridge S Cres. ","Camera_Install_Year":"2020","Date_of_Data_Collection":"March-2024","AvgSpeed":"35","Pct85th":42,"PctCompliance":81,"PctHighEndSpeeders":0.5,"ObjectId":254}},{"type":"Feature","id":255,"geometry":null,"properties":{"Data_Type":"ASE Active ","Location":"E004 - Katimavik Rd. between Castlefrank Rd. and McGibbon Dr./Sewall Way","Camera_Install_Year":"2020","Date_of_Data_Collection":"March-2024","AvgSpeed":"37","Pct85th":42,"PctCompliance":79,"PctHighEndSpeeders":1.7,"ObjectId":255}},{"type":"Feature","id":256,"geometry":null,"properties":{"Data_Type":"ASE Active ","Location":"E006 - Ogilvie Rd. between Appleford St. and Elmlea Gate","Camera_Install_Year":"2020","Date_of_Data_Collection":"February-2023","AvgSpeed":"46","Pct85th":53,"PctCompliance":77,"PctHighEndSpeeders":0.8,"ObjectId":256}},{"type":"Feature","id":257,"geometry":null,"properties":{"Data_Type":"ASE Active ","Location":"E005 - Watters Dr. between Charlemagne Blvd. and Roberval Ave. ","Camera_Install_Year":"2020","Date_of_Data_Collection":"March-2024","AvgSpeed":"37","Pct85th":41,"PctCompliance":83,"PctHighEndSpeeders":0.4,"ObjectId":257}},{"type":"Feature","id":258,"geometry":null,"properties":{"Data_Type":"ASE Active ","Location":"E007 - Smyth Rd. between Haig Dr. and Edgecomb St. ","Camera_Install_Year":"2020","Date_of_Data_Collection":"February-2023","AvgSpeed":"45","Pct85th":52,"PctCompliance":80,"PctHighEndSpeeders":0.9,"ObjectId":258}},{"type":"Feature","id":259,"geometry":null,"properties":{"Data_Type":"ASE Active ","Location":"E006 - Ogilvie Rd. between Appleford St. and Elmlea Gate","Camera_Install_Year":"2020","Date_of_Data_Collection":"March-2024","AvgSpeed":"46","Pct85th":51,"PctCompliance":81,"PctHighEndSpeeders":0.5,"ObjectId":259}},{"type":"Feature","id":260,"geometry":null,"properties":{"Data_Type":"ASE Active ","Location":"E008 - Meadowlands Dr. W. between Winthrow Ave. and Thatcher St.","Camera_Install_Year":"2020","Date_of_Data_Collection":"February-2023","AvgSpeed":"37","Pct85th":41,"PctCompliance":81,"PctHighEndSpeeders":1,"ObjectId":260}},{"type":"Feature","id":261,"geometry":null,"properties":{"Data_Type":"ASE Active ","Location":"E007 - Smyth Rd. between Haig Dr. and Edgecomb St. ","Camera_Install_Year":"2020","Date_of_Data_Collection":"March-2024","AvgSpeed":"44","Pct85th":50,"PctCompliance":88,"PctHighEndSpeeders":0.3,"ObjectId":261}},{"type":"Feature","id":262,"geometry":null,"properties":{"Data_Type":"ASE Active ","Location":"E001 - Longfields Dr. between Highbury Park Dr. and Via Verona Ave.","Camera_Install_Year":"2020","Date_of_Data_Collection":"March-2023","AvgSpeed":"37","Pct85th":41,"PctCompliance":82,"PctHighEndSpeeders":0.3,"ObjectId":262}},{"type":"Feature","id":263,"geometry":null,"properties":{"Data_Type":"ASE Active ","Location":"E008 - Meadowlands Dr. W. between Winthrow Ave. and Thatcher St.","Camera_Install_Year":"2020","Date_of_Data_Collection":"March-2024","AvgSpeed":"36","Pct85th":40,"PctCompliance":86,"PctHighEndSpeeders":0.5,"ObjectId":263}},{"type":"Feature","id":264,"geometry":null,"properties":{"Data_Type":"ASE Active ","Location":"E002 - Innes Rd. between Provence Ave. and Trim Rd.","Camera_Install_Year":"2020","Date_of_Data_Collection":"March-2023","AvgSpeed":"57","Pct85th":63,"PctCompliance":76,"PctHighEndSpeeders":0.8,"ObjectId":264}},{"type":"Feature","id":265,"geometry":null,"properties":{"Data_Type":"ASE Active ","Location":"E001 - Longfields Dr. between Highbury Park Dr. and Via Verona Ave.","Camera_Install_Year":"2020","Date_of_Data_Collection":"April-2024","AvgSpeed":"36","Pct85th":40,"PctCompliance":89,"PctHighEndSpeeders":0.1,"ObjectId":265}},{"type":"Feature","id":266,"geometry":null,"properties":{"Data_Type":"ASE Active ","Location":"E003 - Bayshore Dr. between Woodridge N Cres. And Woodridge S Cres. ","Camera_Install_Year":"2020","Date_of_Data_Collection":"March-2023","AvgSpeed":"37","Pct85th":44,"PctCompliance":73,"PctHighEndSpeeders":1.2,"ObjectId":266}},{"type":"Feature","id":267,"geometry":null,"properties":{"Data_Type":"ASE Active ","Location":"E002 - Innes Rd. between Provence Ave. and Trim Rd.","Camera_Install_Year":"2020","Date_of_Data_Collection":"April-2024","AvgSpeed":"55","Pct85th":60,"PctCompliance":85,"PctHighEndSpeeders":0.3,"ObjectId":267}},{"type":"Feature","id":268,"geometry":null,"properties":{"Data_Type":"ASE Active ","Location":"E004 - Katimavik Rd. between Castlefrank Rd. and McGibbon Dr./Sewall Way","Camera_Install_Year":"2020","Date_of_Data_Collection":"March-2023","AvgSpeed":"38","Pct85th":44,"PctCompliance":74,"PctHighEndSpeeders":2.4,"ObjectId":268}},{"type":"Feature","id":269,"geometry":null,"properties":{"Data_Type":"ASE Active ","Location":"E003 - Bayshore Dr. between Woodridge N Cres. And Woodridge S Cres. ","Camera_Install_Year":"2020","Date_of_Data_Collection":"April-2024","AvgSpeed":"35","Pct85th":41,"PctCompliance":83,"PctHighEndSpeeders":0.4,"ObjectId":269}},{"type":"Feature","id":270,"geometry":null,"properties":{"Data_Type":"ASE Active ","Location":"E005 - Watters Dr. between Charlemagne Blvd. and Roberval Ave. ","Camera_Install_Year":"2020","Date_of_Data_Collection":"March-2023","AvgSpeed":"37","Pct85th":42,"PctCompliance":79,"PctHighEndSpeeders":0.7,"ObjectId":270}},{"type":"Feature","id":271,"geometry":null,"properties":{"Data_Type":"ASE Active ","Location":"E004 - Katimavik Rd. between Castlefrank Rd. and McGibbon Dr./Sewall Way","Camera_Install_Year":"2020","Date_of_Data_Collection":"April-2024","AvgSpeed":"36","Pct85th":42,"PctCompliance":81,"PctHighEndSpeeders":1.3,"ObjectId":271}},{"type":"Feature","id":272,"geometry":null,"properties":{"Data_Type":"ASE Active ","Location":"E006 - Ogilvie Rd. between Appleford St. and Elmlea Gate","Camera_Install_Year":"2020","Date_of_Data_Collection":"March-2023","AvgSpeed":"47","Pct85th":53,"PctCompliance":74,"PctHighEndSpeeders":1.1,"ObjectId":272}},{"type":"Feature","id":273,"geometry":null,"properties":{"Data_Type":"ASE Active ","Location":"E005 - Watters Dr. between Charlemagne Blvd. and Roberval Ave. ","Camera_Install_Year":"2020","Date_of_Data_Collection":"April-2024","AvgSpeed":"37","Pct85th":41,"PctCompliance":84,"PctHighEndSpeeders":0.3,"ObjectId":273}},{"type":"Feature","id":274,"geometry":null,"properties":{"Data_Type":"ASE Active ","Location":"E007 - Smyth Rd. between Haig Dr. and Edgecomb St. ","Camera_Install_Year":"2020","Date_of_Data_Collection":"March-2023","AvgSpeed":"46","Pct85th":52,"PctCompliance":80,"PctHighEndSpeeders":0.8,"ObjectId":274}},{"type":"Feature","id":275,"geometry":null,"properties":{"Data_Type":"ASE Active ","Location":"E006 - Ogilvie Rd. between Appleford St. and Elmlea Gate","Camera_Install_Year":"2020","Date_of_Data_Collection":"April-2024","AvgSpeed":"46","Pct85th":51,"PctCompliance":83,"PctHighEndSpeeders":0.4,"ObjectId":275}},{"type":"Feature","id":276,"geometry":null,"properties":{"Data_Type":"ASE Active ","Location":"E007 - Smyth Rd. between Haig Dr. and Edgecomb St. ","Camera_Install_Year":"2020","Date_of_Data_Collection":"April-2024","AvgSpeed":"43","Pct85th":49,"PctCompliance":89,"PctHighEndSpeeders":0.2,"ObjectId":276}},{"type":"Feature","id":277,"geometry":null,"properties":{"Data_Type":"ASE Active ","Location":"E008 - Meadowlands Dr. W. between Winthrow Ave. and Thatcher St.","Camera_Install_Year":"2020","Date_of_Data_Collection":"April-2024","AvgSpeed":"36","Pct85th":40,"PctCompliance":87,"PctHighEndSpeeders":0.4,"ObjectId":277}},{"type":"Feature","id":278,"geometry":null,"properties":{"Data_Type":"ASE Active ","Location":"E001 - Longfields Dr. between Highbury Park Dr. and Via Verona Ave.","Camera_Install_Year":"2020","Date_of_Data_Collection":"May-2024","AvgSpeed":"36","Pct85th":40,"PctCompliance":89,"PctHighEndSpeeders":0.1,"ObjectId":278}},{"type":"Feature","id":279,"geometry":null,"properties":{"Data_Type":"ASE Active ","Location":"E008 - Meadowlands Dr. W. between Winthrow Ave. and Thatcher St.","Camera_Install_Year":"2020","Date_of_Data_Collection":"March-2023","AvgSpeed":"37","Pct85th":42,"PctCompliance":80,"PctHighEndSpeeders":0.9,"ObjectId":279}},{"type":"Feature","id":280,"geometry":null,"properties":{"Data_Type":"ASE Active ","Location":"E002 - Innes Rd. between Provence Ave. and Trim Rd.","Camera_Install_Year":"2020","Date_of_Data_Collection":"May-2024","AvgSpeed":"55","Pct85th":60,"PctCompliance":85,"PctHighEndSpeeders":0.3,"ObjectId":280}},{"type":"Feature","id":281,"geometry":null,"properties":{"Data_Type":"ASE Active ","Location":"E001 - Longfields Dr. between Highbury Park Dr. and Via Verona Ave.","Camera_Install_Year":"2020","Date_of_Data_Collection":"April-2023","AvgSpeed":"37","Pct85th":41,"PctCompliance":81,"PctHighEndSpeeders":0.3,"ObjectId":281}},{"type":"Feature","id":282,"geometry":null,"properties":{"Data_Type":"ASE Active ","Location":"E003 - Bayshore Dr. between Woodridge N Cres. And Woodridge S Cres. ","Camera_Install_Year":"2020","Date_of_Data_Collection":"May-2024","AvgSpeed":"35","Pct85th":41,"PctCompliance":84,"PctHighEndSpeeders":0.4,"ObjectId":282}},{"type":"Feature","id":283,"geometry":null,"properties":{"Data_Type":"ASE Active ","Location":"E002 - Innes Rd. between Provence Ave. and Trim Rd.","Camera_Install_Year":"2020","Date_of_Data_Collection":"April-2023","AvgSpeed":"56","Pct85th":62,"PctCompliance":78,"PctHighEndSpeeders":0.8,"ObjectId":283}},{"type":"Feature","id":284,"geometry":null,"properties":{"Data_Type":"ASE Active ","Location":"E004 - Katimavik Rd. between Castlefrank Rd. and McGibbon Dr./Sewall Way","Camera_Install_Year":"2020","Date_of_Data_Collection":"May-2024","AvgSpeed":"36","Pct85th":41,"PctCompliance":82,"PctHighEndSpeeders":1,"ObjectId":284}},{"type":"Feature","id":285,"geometry":null,"properties":{"Data_Type":"ASE Active ","Location":"E003 - Bayshore Dr. between Woodridge N Cres. And Woodridge S Cres. ","Camera_Install_Year":"2020","Date_of_Data_Collection":"April-2023","AvgSpeed":"36","Pct85th":44,"PctCompliance":75,"PctHighEndSpeeders":1,"ObjectId":285}},{"type":"Feature","id":286,"geometry":null,"properties":{"Data_Type":"ASE Active ","Location":"E005 - Watters Dr. between Charlemagne Blvd. and Roberval Ave. ","Camera_Install_Year":"2020","Date_of_Data_Collection":"May-2024","AvgSpeed":"36","Pct85th":40,"PctCompliance":86,"PctHighEndSpeeders":0.3,"ObjectId":286}},{"type":"Feature","id":287,"geometry":null,"properties":{"Data_Type":"ASE Active ","Location":"E004 - Katimavik Rd. between Castlefrank Rd. and McGibbon Dr./Sewall Way","Camera_Install_Year":"2020","Date_of_Data_Collection":"April-2023","AvgSpeed":"38","Pct85th":44,"PctCompliance":75,"PctHighEndSpeeders":2.2,"ObjectId":287}},{"type":"Feature","id":288,"geometry":null,"properties":{"Data_Type":"ASE Active ","Location":"E006 - Ogilvie Rd. between Appleford St. and Elmlea Gate","Camera_Install_Year":"2020","Date_of_Data_Collection":"May-2024","AvgSpeed":"45","Pct85th":51,"PctCompliance":84,"PctHighEndSpeeders":0.3,"ObjectId":288}},{"type":"Feature","id":289,"geometry":null,"properties":{"Data_Type":"ASE Active ","Location":"E005 - Watters Dr. between Charlemagne Blvd. and Roberval Ave. ","Camera_Install_Year":"2020","Date_of_Data_Collection":"April-2023","AvgSpeed":"37","Pct85th":42,"PctCompliance":79,"PctHighEndSpeeders":0.7,"ObjectId":289}},{"type":"Feature","id":290,"geometry":null,"properties":{"Data_Type":"ASE Active ","Location":"E007 - Smyth Rd. between Haig Dr. and Edgecomb St. ","Camera_Install_Year":"2020","Date_of_Data_Collection":"May-2024","AvgSpeed":"43","Pct85th":49,"PctCompliance":90,"PctHighEndSpeeders":0.2,"ObjectId":290}},{"type":"Feature","id":291,"geometry":null,"properties":{"Data_Type":"ASE Active ","Location":"E006 - Ogilvie Rd. between Appleford St. and Elmlea Gate","Camera_Install_Year":"2020","Date_of_Data_Collection":"April-2023","AvgSpeed":"47","Pct85th":53,"PctCompliance":76,"PctHighEndSpeeders":1,"ObjectId":291}},{"type":"Feature","id":292,"geometry":null,"properties":{"Data_Type":"ASE Active ","Location":"E008 - Meadowlands Dr. W. between Winthrow Ave. and Thatcher St.","Camera_Install_Year":"2020","Date_of_Data_Collection":"May-2024","AvgSpeed":"36","Pct85th":40,"PctCompliance":87,"PctHighEndSpeeders":0.3,"ObjectId":292}},{"type":"Feature","id":293,"geometry":null,"properties":{"Data_Type":"ASE Active ","Location":"E007 - Smyth Rd. between Haig Dr. and Edgecomb St. ","Camera_Install_Year":"2020","Date_of_Data_Collection":"April-2023","AvgSpeed":"45","Pct85th":52,"PctCompliance":81,"PctHighEndSpeeders":0.7,"ObjectId":293}},{"type":"Feature","id":294,"geometry":null,"properties":{"Data_Type":"ASE Active ","Location":"E001 - Longfields Dr. between Highbury Park Dr. and Via Verona Ave.","Camera_Install_Year":"2020","Date_of_Data_Collection":"June-2024","AvgSpeed":"36","Pct85th":40,"PctCompliance":89,"PctHighEndSpeeders":0.1,"ObjectId":294}},{"type":"Feature","id":295,"geometry":null,"properties":{"Data_Type":"ASE Active ","Location":"E008 - Meadowlands Dr. W. between Winthrow Ave. and Thatcher St.","Camera_Install_Year":"2020","Date_of_Data_Collection":"April-2023","AvgSpeed":"37","Pct85th":42,"PctCompliance":80,"PctHighEndSpeeders":1,"ObjectId":295}},{"type":"Feature","id":296,"geometry":null,"properties":{"Data_Type":"ASE Active ","Location":"E002 - Innes Rd. between Provence Ave. and Trim Rd.","Camera_Install_Year":"2020","Date_of_Data_Collection":"June-2024","AvgSpeed":"55","Pct85th":60,"PctCompliance":85,"PctHighEndSpeeders":0.3,"ObjectId":296}},{"type":"Feature","id":297,"geometry":null,"properties":{"Data_Type":"ASE Active ","Location":"E001 - Longfields Dr. between Highbury Park Dr. and Via Verona Ave.","Camera_Install_Year":"2020","Date_of_Data_Collection":"May-2023","AvgSpeed":"35","Pct85th":40,"PctCompliance":86,"PctHighEndSpeeders":0.2,"ObjectId":297}},{"type":"Feature","id":298,"geometry":null,"properties":{"Data_Type":"ASE Active ","Location":"E003 - Bayshore Dr. between Woodridge N Cres. And Woodridge S Cres. ","Camera_Install_Year":"2020","Date_of_Data_Collection":"June-2024","AvgSpeed":"35","Pct85th":41,"PctCompliance":84,"PctHighEndSpeeders":0.4,"ObjectId":298}},{"type":"Feature","id":299,"geometry":null,"properties":{"Data_Type":"ASE Active ","Location":"E002 - Innes Rd. between Provence Ave. and Trim Rd.","Camera_Install_Year":"2020","Date_of_Data_Collection":"May-2023","AvgSpeed":"56","Pct85th":62,"PctCompliance":78,"PctHighEndSpeeders":0.7,"ObjectId":299}},{"type":"Feature","id":300,"geometry":null,"properties":{"Data_Type":"ASE Active ","Location":"E004 - Katimavik Rd. between Castlefrank Rd. and McGibbon Dr./Sewall Way","Camera_Install_Year":"2020","Date_of_Data_Collection":"June-2024","AvgSpeed":"36","Pct85th":42,"PctCompliance":82,"PctHighEndSpeeders":1.1,"ObjectId":300}},{"type":"Feature","id":301,"geometry":null,"properties":{"Data_Type":"ASE Active ","Location":"E003 - Bayshore Dr. between Woodridge N Cres. And Woodridge S Cres. ","Camera_Install_Year":"2020","Date_of_Data_Collection":"May-2023","AvgSpeed":"36","Pct85th":43,"PctCompliance":75,"PctHighEndSpeeders":1,"ObjectId":301}},{"type":"Feature","id":302,"geometry":null,"properties":{"Data_Type":"ASE Active ","Location":"E005 - Watters Dr. between Charlemagne Blvd. and Roberval Ave. ","Camera_Install_Year":"2020","Date_of_Data_Collection":"June-2024","AvgSpeed":"36","Pct85th":40,"PctCompliance":87,"PctHighEndSpeeders":0.2,"ObjectId":302}},{"type":"Feature","id":303,"geometry":null,"properties":{"Data_Type":"ASE Active ","Location":"E004 - Katimavik Rd. between Castlefrank Rd. and McGibbon Dr./Sewall Way","Camera_Install_Year":"2020","Date_of_Data_Collection":"May-2023","AvgSpeed":"38","Pct85th":44,"PctCompliance":74,"PctHighEndSpeeders":2.1,"ObjectId":303}},{"type":"Feature","id":304,"geometry":null,"properties":{"Data_Type":"ASE Active ","Location":"E006 - Ogilvie Rd. between Appleford St. and Elmlea Gate","Camera_Install_Year":"2020","Date_of_Data_Collection":"June-2024","AvgSpeed":"45","Pct85th":51,"PctCompliance":83,"PctHighEndSpeeders":0.3,"ObjectId":304}},{"type":"Feature","id":305,"geometry":null,"properties":{"Data_Type":"ASE Active ","Location":"E005 - Watters Dr. between Charlemagne Blvd. and Roberval Ave. ","Camera_Install_Year":"2020","Date_of_Data_Collection":"May-2023","AvgSpeed":"37","Pct85th":41,"PctCompliance":80,"PctHighEndSpeeders":0.6,"ObjectId":305}},{"type":"Feature","id":306,"geometry":null,"properties":{"Data_Type":"ASE Active ","Location":"E007 - Smyth Rd. between Haig Dr. and Edgecomb St. ","Camera_Install_Year":"2020","Date_of_Data_Collection":"June-2024","AvgSpeed":"43","Pct85th":49,"PctCompliance":90,"PctHighEndSpeeders":0.2,"ObjectId":306}},{"type":"Feature","id":307,"geometry":null,"properties":{"Data_Type":"ASE Active ","Location":"E006 - Ogilvie Rd. between Appleford St. and Elmlea Gate","Camera_Install_Year":"2020","Date_of_Data_Collection":"May-2023","AvgSpeed":"46","Pct85th":52,"PctCompliance":78,"PctHighEndSpeeders":0.9,"ObjectId":307}},{"type":"Feature","id":308,"geometry":null,"properties":{"Data_Type":"ASE Active ","Location":"E008 - Meadowlands Dr. W. between Winthrow Ave. and Thatcher St.","Camera_Install_Year":"2020","Date_of_Data_Collection":"June-2024","AvgSpeed":"36","Pct85th":40,"PctCompliance":87,"PctHighEndSpeeders":0.4,"ObjectId":308}},{"type":"Feature","id":309,"geometry":null,"properties":{"Data_Type":"ASE Active ","Location":"E007 - Smyth Rd. between Haig Dr. and Edgecomb St. ","Camera_Install_Year":"2020","Date_of_Data_Collection":"May-2023","AvgSpeed":"45","Pct85th":51,"PctCompliance":82,"PctHighEndSpeeders":0.6,"ObjectId":309}},{"type":"Feature","id":310,"geometry":null,"properties":{"Data_Type":"ASE Active ","Location":"E001 - Longfields Dr. between Highbury Park Dr. and Via Verona Ave.","Camera_Install_Year":"2020","Date_of_Data_Collection":"July-2024","AvgSpeed":"36","Pct85th":40,"PctCompliance":86,"PctHighEndSpeeders":0.2,"ObjectId":310}},{"type":"Feature","id":311,"geometry":null,"properties":{"Data_Type":"ASE Active ","Location":"E002 - Innes Rd. between Provence Ave. and Trim Rd.","Camera_Install_Year":"2020","Date_of_Data_Collection":"July-2024","AvgSpeed":"53","Pct85th":59,"PctCompliance":89,"PctHighEndSpeeders":0.2,"ObjectId":311}},{"type":"Feature","id":312,"geometry":null,"properties":{"Data_Type":"ASE Active ","Location":"E008 - Meadowlands Dr. W. between Winthrow Ave. and Thatcher St.","Camera_Install_Year":"2020","Date_of_Data_Collection":"May-2023","AvgSpeed":"37","Pct85th":41,"PctCompliance":81,"PctHighEndSpeeders":0.8,"ObjectId":312}},{"type":"Feature","id":313,"geometry":null,"properties":{"Data_Type":"ASE Active ","Location":"E001 - Longfields Dr. between Highbury Park Dr. and Via Verona Ave.","Camera_Install_Year":"2020","Date_of_Data_Collection":"June-2023","AvgSpeed":"37","Pct85th":42,"PctCompliance":80,"PctHighEndSpeeders":0.4,"ObjectId":313}},{"type":"Feature","id":314,"geometry":null,"properties":{"Data_Type":"ASE Active ","Location":"E002 - Innes Rd. between Provence Ave. and Trim Rd.","Camera_Install_Year":"2020","Date_of_Data_Collection":"June-2023","AvgSpeed":"57","Pct85th":63,"PctCompliance":76,"PctHighEndSpeeders":0.8,"ObjectId":314}},{"type":"Feature","id":315,"geometry":null,"properties":{"Data_Type":"ASE Active ","Location":"E003 - Bayshore Dr. between Woodridge N Cres. And Woodridge S Cres. ","Camera_Install_Year":"2020","Date_of_Data_Collection":"June-2023","AvgSpeed":"36","Pct85th":43,"PctCompliance":76,"PctHighEndSpeeders":0.9,"ObjectId":315}},{"type":"Feature","id":316,"geometry":null,"properties":{"Data_Type":"ASE Active ","Location":"E004 - Katimavik Rd. between Castlefrank Rd. and McGibbon Dr./Sewall Way","Camera_Install_Year":"2020","Date_of_Data_Collection":"June-2023","AvgSpeed":"38","Pct85th":44,"PctCompliance":73,"PctHighEndSpeeders":2.3,"ObjectId":316}},{"type":"Feature","id":317,"geometry":null,"properties":{"Data_Type":"ASE Active ","Location":"E005 - Watters Dr. between Charlemagne Blvd. and Roberval Ave. ","Camera_Install_Year":"2020","Date_of_Data_Collection":"June-2023","AvgSpeed":"37","Pct85th":41,"PctCompliance":81,"PctHighEndSpeeders":0.6,"ObjectId":317}},{"type":"Feature","id":318,"geometry":null,"properties":{"Data_Type":"ASE Active ","Location":"E006 - Ogilvie Rd. between Appleford St. and Elmlea Gate","Camera_Install_Year":"2020","Date_of_Data_Collection":"June-2023","AvgSpeed":"47","Pct85th":53,"PctCompliance":76,"PctHighEndSpeeders":0.9,"ObjectId":318}},{"type":"Feature","id":319,"geometry":null,"properties":{"Data_Type":"ASE Active ","Location":"E007 - Smyth Rd. between Haig Dr. and Edgecomb St. ","Camera_Install_Year":"2020","Date_of_Data_Collection":"June-2023","AvgSpeed":"45","Pct85th":51,"PctCompliance":82,"PctHighEndSpeeders":0.6,"ObjectId":319}},{"type":"Feature","id":320,"geometry":null,"properties":{"Data_Type":"ASE Active ","Location":"E008 - Meadowlands Dr. W. between Winthrow Ave. and Thatcher St.","Camera_Install_Year":"2020","Date_of_Data_Collection":"June-2023","AvgSpeed":"37","Pct85th":42,"PctCompliance":79,"PctHighEndSpeeders":0.9,"ObjectId":320}},{"type":"Feature","id":321,"geometry":null,"properties":{"Data_Type":"ASE Active ","Location":"E003 - Bayshore Dr. between Woodridge N Cres. And Woodridge S Cres. ","Camera_Install_Year":"2020","Date_of_Data_Collection":"July-2024","AvgSpeed":"35","Pct85th":41,"PctCompliance":82,"PctHighEndSpeeders":0.5,"ObjectId":321}},{"type":"Feature","id":322,"geometry":null,"properties":{"Data_Type":"ASE Active ","Location":"E001 - Longfields Dr. between Highbury Park Dr. and Via Verona Ave.","Camera_Install_Year":"2020","Date_of_Data_Collection":"July-2023","AvgSpeed":"37","Pct85th":42,"PctCompliance":79,"PctHighEndSpeeders":0.4,"ObjectId":322}},{"type":"Feature","id":323,"geometry":null,"properties":{"Data_Type":"ASE Active ","Location":"E004 - Katimavik Rd. between Castlefrank Rd. and McGibbon Dr./Sewall Way","Camera_Install_Year":"2020","Date_of_Data_Collection":"July-2024","AvgSpeed":"37","Pct85th":42,"PctCompliance":79,"PctHighEndSpeeders":1.4,"ObjectId":323}},{"type":"Feature","id":324,"geometry":null,"properties":{"Data_Type":"ASE Active ","Location":"E002 - Innes Rd. between Provence Ave. and Trim Rd.","Camera_Install_Year":"2020","Date_of_Data_Collection":"July-2023","AvgSpeed":"57","Pct85th":63,"PctCompliance":74,"PctHighEndSpeeders":0.9,"ObjectId":324}},{"type":"Feature","id":325,"geometry":null,"properties":{"Data_Type":"ASE Active ","Location":"E005 - Watters Dr. between Charlemagne Blvd. and Roberval Ave. ","Camera_Install_Year":"2020","Date_of_Data_Collection":"July-2024","AvgSpeed":"37","Pct85th":41,"PctCompliance":85,"PctHighEndSpeeders":0.3,"ObjectId":325}},{"type":"Feature","id":326,"geometry":null,"properties":{"Data_Type":"ASE Active ","Location":"E003 - Bayshore Dr. between Woodridge N Cres. And Woodridge S Cres. ","Camera_Install_Year":"2020","Date_of_Data_Collection":"July-2023","AvgSpeed":"37","Pct85th":44,"PctCompliance":74,"PctHighEndSpeeders":1.1,"ObjectId":326}},{"type":"Feature","id":327,"geometry":null,"properties":{"Data_Type":"ASE Active ","Location":"E006 - Ogilvie Rd. between Appleford St. and Elmlea Gate","Camera_Install_Year":"2020","Date_of_Data_Collection":"July-2024","AvgSpeed":"46","Pct85th":51,"PctCompliance":82,"PctHighEndSpeeders":0.4,"ObjectId":327}},{"type":"Feature","id":328,"geometry":null,"properties":{"Data_Type":"ASE Active ","Location":"E004 - Katimavik Rd. between Castlefrank Rd. and McGibbon Dr./Sewall Way","Camera_Install_Year":"2020","Date_of_Data_Collection":"July-2023","AvgSpeed":"39","Pct85th":45,"PctCompliance":70,"PctHighEndSpeeders":2.7,"ObjectId":328}},{"type":"Feature","id":329,"geometry":null,"properties":{"Data_Type":"ASE Active ","Location":"E007 - Smyth Rd. between Haig Dr. and Edgecomb St. ","Camera_Install_Year":"2020","Date_of_Data_Collection":"July-2024","AvgSpeed":"44","Pct85th":50,"PctCompliance":88,"PctHighEndSpeeders":0.3,"ObjectId":329}},{"type":"Feature","id":330,"geometry":null,"properties":{"Data_Type":"ASE Active ","Location":"E005 - Watters Dr. between Charlemagne Blvd. and Roberval Ave. ","Camera_Install_Year":"2020","Date_of_Data_Collection":"July-2023","AvgSpeed":"38","Pct85th":43,"PctCompliance":75,"PctHighEndSpeeders":0.8,"ObjectId":330}},{"type":"Feature","id":331,"geometry":null,"properties":{"Data_Type":"ASE Active ","Location":"E008 - Meadowlands Dr. W. between Winthrow Ave. and Thatcher St.","Camera_Install_Year":"2020","Date_of_Data_Collection":"July-2024","AvgSpeed":"36","Pct85th":40,"PctCompliance":86,"PctHighEndSpeeders":0.4,"ObjectId":331}},{"type":"Feature","id":332,"geometry":null,"properties":{"Data_Type":"ASE Active ","Location":"E006 - Ogilvie Rd. between Appleford St. and Elmlea Gate","Camera_Install_Year":"2020","Date_of_Data_Collection":"July-2023","AvgSpeed":"48","Pct85th":53,"PctCompliance":73,"PctHighEndSpeeders":1,"ObjectId":332}},{"type":"Feature","id":333,"geometry":null,"properties":{"Data_Type":"ASE Active ","Location":"E001 - Longfields Dr. between Highbury Park Dr. and Via Verona Ave.","Camera_Install_Year":"2020","Date_of_Data_Collection":"August-2024","AvgSpeed":"36","Pct85th":40,"PctCompliance":87,"PctHighEndSpeeders":0.1,"ObjectId":333}},{"type":"Feature","id":334,"geometry":null,"properties":{"Data_Type":"ASE Active ","Location":"E007 - Smyth Rd. between Haig Dr. and Edgecomb St. ","Camera_Install_Year":"2020","Date_of_Data_Collection":"July-2023","AvgSpeed":"46","Pct85th":52,"PctCompliance":79,"PctHighEndSpeeders":0.7,"ObjectId":334}},{"type":"Feature","id":335,"geometry":null,"properties":{"Data_Type":"ASE Active ","Location":"E002 - Innes Rd. between Provence Ave. and Trim Rd.","Camera_Install_Year":"2020","Date_of_Data_Collection":"August-2024","AvgSpeed":"54","Pct85th":60,"PctCompliance":86,"PctHighEndSpeeders":0.3,"ObjectId":335}},{"type":"Feature","id":336,"geometry":null,"properties":{"Data_Type":"ASE Active ","Location":"E008 - Meadowlands Dr. W. between Winthrow Ave. and Thatcher St.","Camera_Install_Year":"2020","Date_of_Data_Collection":"July-2023","AvgSpeed":"38","Pct85th":42,"PctCompliance":77,"PctHighEndSpeeders":1,"ObjectId":336}},{"type":"Feature","id":337,"geometry":null,"properties":{"Data_Type":"ASE Active ","Location":"E003 - Bayshore Dr. between Woodridge N Cres. And Woodridge S Cres. ","Camera_Install_Year":"2020","Date_of_Data_Collection":"August-2024","AvgSpeed":"35","Pct85th":41,"PctCompliance":82,"PctHighEndSpeeders":0.5,"ObjectId":337}},{"type":"Feature","id":338,"geometry":null,"properties":{"Data_Type":"ASE Active ","Location":"E001 - Longfields Dr. between Highbury Park Dr. and Via Verona Ave.","Camera_Install_Year":"2020","Date_of_Data_Collection":"August-2023","AvgSpeed":"37","Pct85th":42,"PctCompliance":80,"PctHighEndSpeeders":0.3,"ObjectId":338}},{"type":"Feature","id":339,"geometry":null,"properties":{"Data_Type":"ASE Active ","Location":"E004 - Katimavik Rd. between Castlefrank Rd. and McGibbon Dr./Sewall Way","Camera_Install_Year":"2020","Date_of_Data_Collection":"August-2024","AvgSpeed":"37","Pct85th":42,"PctCompliance":80,"PctHighEndSpeeders":1.3,"ObjectId":339}},{"type":"Feature","id":340,"geometry":null,"properties":{"Data_Type":"ASE Active ","Location":"E002 - Innes Rd. between Provence Ave. and Trim Rd.","Camera_Install_Year":"2020","Date_of_Data_Collection":"August-2023","AvgSpeed":"57","Pct85th":63,"PctCompliance":76,"PctHighEndSpeeders":0.8,"ObjectId":340}},{"type":"Feature","id":341,"geometry":null,"properties":{"Data_Type":"ASE Active ","Location":"E005 - Watters Dr. between Charlemagne Blvd. and Roberval Ave. ","Camera_Install_Year":"2020","Date_of_Data_Collection":"August-2024","AvgSpeed":"37","Pct85th":41,"PctCompliance":85,"PctHighEndSpeeders":0.2,"ObjectId":341}},{"type":"Feature","id":342,"geometry":null,"properties":{"Data_Type":"ASE Active ","Location":"E003 - Bayshore Dr. between Woodridge N Cres. And Woodridge S Cres. ","Camera_Install_Year":"2020","Date_of_Data_Collection":"August-2023","AvgSpeed":"36","Pct85th":44,"PctCompliance":74,"PctHighEndSpeeders":0.9,"ObjectId":342}},{"type":"Feature","id":343,"geometry":null,"properties":{"Data_Type":"ASE Active ","Location":"E006 - Ogilvie Rd. between Appleford St. and Elmlea Gate","Camera_Install_Year":"2020","Date_of_Data_Collection":"August-2024","AvgSpeed":"46","Pct85th":51,"PctCompliance":82,"PctHighEndSpeeders":0.4,"ObjectId":343}},{"type":"Feature","id":344,"geometry":null,"properties":{"Data_Type":"ASE Active ","Location":"E004 - Katimavik Rd. between Castlefrank Rd. and McGibbon Dr./Sewall Way","Camera_Install_Year":"2020","Date_of_Data_Collection":"August-2023","AvgSpeed":"38","Pct85th":44,"PctCompliance":73,"PctHighEndSpeeders":2.3,"ObjectId":344}},{"type":"Feature","id":345,"geometry":null,"properties":{"Data_Type":"ASE Active ","Location":"E005 - Watters Dr. between Charlemagne Blvd. and Roberval Ave. ","Camera_Install_Year":"2020","Date_of_Data_Collection":"August-2023","AvgSpeed":"38","Pct85th":42,"PctCompliance":77,"PctHighEndSpeeders":0.7,"ObjectId":345}},{"type":"Feature","id":346,"geometry":null,"properties":{"Data_Type":"ASE Active ","Location":"E006 - Ogilvie Rd. between Appleford St. and Elmlea Gate","Camera_Install_Year":"2020","Date_of_Data_Collection":"August-2023","AvgSpeed":"47","Pct85th":53,"PctCompliance":74,"PctHighEndSpeeders":1,"ObjectId":346}},{"type":"Feature","id":347,"geometry":null,"properties":{"Data_Type":"ASE Active ","Location":"E007 - Smyth Rd. between Haig Dr. and Edgecomb St. ","Camera_Install_Year":"2020","Date_of_Data_Collection":"August-2024","AvgSpeed":"44","Pct85th":50,"PctCompliance":88,"PctHighEndSpeeders":0.3,"ObjectId":347}},{"type":"Feature","id":348,"geometry":null,"properties":{"Data_Type":"ASE Active ","Location":"E008 - Meadowlands Dr. W. between Winthrow Ave. and Thatcher St.","Camera_Install_Year":"2020","Date_of_Data_Collection":"August-2024","AvgSpeed":"36","Pct85th":40,"PctCompliance":85,"PctHighEndSpeeders":0.4,"ObjectId":348}},{"type":"Feature","id":349,"geometry":null,"properties":{"Data_Type":"ASE Active ","Location":"E001 - Longfields Dr. between Highbury Park Dr. and Via Verona Ave.","Camera_Install_Year":"2020","Date_of_Data_Collection":"September-2024","AvgSpeed":"36","Pct85th":40,"PctCompliance":89,"PctHighEndSpeeders":0.1,"ObjectId":349}},{"type":"Feature","id":350,"geometry":null,"properties":{"Data_Type":"ASE Active ","Location":"E002 - Innes Rd. between Provence Ave. and Trim Rd.","Camera_Install_Year":"2020","Date_of_Data_Collection":"September-2024","AvgSpeed":"55","Pct85th":61,"PctCompliance":85,"PctHighEndSpeeders":0.3,"ObjectId":350}},{"type":"Feature","id":351,"geometry":null,"properties":{"Data_Type":"ASE Active ","Location":"E005 - Watters Dr. between Charlemagne Blvd. and Roberval Ave. ","Camera_Install_Year":"2020","Date_of_Data_Collection":"January-2021","AvgSpeed":"40","Pct85th":47,"PctCompliance":58,"PctHighEndSpeeders":3.2,"ObjectId":351}},{"type":"Feature","id":352,"geometry":null,"properties":{"Data_Type":"ASE Active ","Location":"E006 - Ogilvie Rd. between Appleford St. and Elmlea Gate","Camera_Install_Year":"2020","Date_of_Data_Collection":"January-2021","AvgSpeed":"N/A","Pct85th":0,"PctCompliance":0,"PctHighEndSpeeders":0,"ObjectId":352}},{"type":"Feature","id":353,"geometry":null,"properties":{"Data_Type":"ASE Active ","Location":"E007 - Smyth Rd. between Haig Dr. and Edgecomb St. ","Camera_Install_Year":"2020","Date_of_Data_Collection":"January-2021","AvgSpeed":"49","Pct85th":57,"PctCompliance":61,"PctHighEndSpeeders":3.4,"ObjectId":353}},{"type":"Feature","id":354,"geometry":null,"properties":{"Data_Type":"ASE Active ","Location":"E008 - Meadowlands Dr. W. between Winthrow Ave. and Thatcher St.","Camera_Install_Year":"2020","Date_of_Data_Collection":"January-2021","AvgSpeed":"39","Pct85th":45,"PctCompliance":65,"PctHighEndSpeeders":2.7,"ObjectId":354}},{"type":"Feature","id":355,"geometry":null,"properties":{"Data_Type":"ASE Active ","Location":"E001 - Longfields Dr. between Highbury Park Dr. and Via Verona Ave.","Camera_Install_Year":"2020","Date_of_Data_Collection":"February-2021","AvgSpeed":"39","Pct85th":45,"PctCompliance":66,"PctHighEndSpeeders":1.1,"ObjectId":355}},{"type":"Feature","id":356,"geometry":null,"properties":{"Data_Type":"ASE Active ","Location":"E002 - Innes Rd. between Provence Ave. and Trim Rd.","Camera_Install_Year":"2020","Date_of_Data_Collection":"February-2021","AvgSpeed":"57","Pct85th":65,"PctCompliance":68,"PctHighEndSpeeders":1.7,"ObjectId":356}},{"type":"Feature","id":357,"geometry":null,"properties":{"Data_Type":"ASE Active ","Location":"E003 - Bayshore Dr. between Woodridge N Cres. And Woodridge S Cres. ","Camera_Install_Year":"2020","Date_of_Data_Collection":"February-2021","AvgSpeed":"37","Pct85th":46,"PctCompliance":68,"PctHighEndSpeeders":0.2,"ObjectId":357}},{"type":"Feature","id":358,"geometry":null,"properties":{"Data_Type":"ASE Active ","Location":"E004 - Katimavik Rd. between Castlefrank Rd. and McGibbon Dr./Sewall Way","Camera_Install_Year":"2020","Date_of_Data_Collection":"February-2021","AvgSpeed":"41","Pct85th":51,"PctCompliance":55,"PctHighEndSpeeders":6.3,"ObjectId":358}},{"type":"Feature","id":359,"geometry":null,"properties":{"Data_Type":"ASE Active ","Location":"E005 - Watters Dr. between Charlemagne Blvd. and Roberval Ave. ","Camera_Install_Year":"2020","Date_of_Data_Collection":"February-2021","AvgSpeed":"38","Pct85th":45,"PctCompliance":69,"PctHighEndSpeeders":1.7,"ObjectId":359}},{"type":"Feature","id":360,"geometry":null,"properties":{"Data_Type":"ASE Active ","Location":"E006 - Ogilvie Rd. between Appleford St. and Elmlea Gate","Camera_Install_Year":"2020","Date_of_Data_Collection":"February-2021","AvgSpeed":"49","Pct85th":57,"PctCompliance":60,"PctHighEndSpeeders":2.9,"ObjectId":360}},{"type":"Feature","id":361,"geometry":null,"properties":{"Data_Type":"ASE Active ","Location":"E007 - Smyth Rd. between Haig Dr. and Edgecomb St. ","Camera_Install_Year":"2020","Date_of_Data_Collection":"February-2021","AvgSpeed":"47","Pct85th":55,"PctCompliance":70,"PctHighEndSpeeders":2.1,"ObjectId":361}},{"type":"Feature","id":362,"geometry":null,"properties":{"Data_Type":"ASE Active ","Location":"E008 - Meadowlands Dr. W. between Winthrow Ave. and Thatcher St.","Camera_Install_Year":"2020","Date_of_Data_Collection":"February-2021","AvgSpeed":"39","Pct85th":44,"PctCompliance":70,"PctHighEndSpeeders":1.9,"ObjectId":362}},{"type":"Feature","id":363,"geometry":null,"properties":{"Data_Type":"ASE Active ","Location":"E001 - Longfields Dr. between Highbury Park Dr. and Via Verona Ave.","Camera_Install_Year":"2020","Date_of_Data_Collection":"March-2021","AvgSpeed":"40","Pct85th":45,"PctCompliance":63,"PctHighEndSpeeders":1.2,"ObjectId":363}},{"type":"Feature","id":364,"geometry":null,"properties":{"Data_Type":"ASE Active ","Location":"E002 - Innes Rd. between Provence Ave. and Trim Rd.","Camera_Install_Year":"2020","Date_of_Data_Collection":"March-2021","AvgSpeed":"59","Pct85th":66,"PctCompliance":63,"PctHighEndSpeeders":2.1,"ObjectId":364}},{"type":"Feature","id":365,"geometry":null,"properties":{"Data_Type":"ASE Active ","Location":"E003 - Bayshore Dr. between Woodridge N Cres. And Woodridge S Cres. ","Camera_Install_Year":"2020","Date_of_Data_Collection":"March-2021","AvgSpeed":"38","Pct85th":47,"PctCompliance":65,"PctHighEndSpeeders":2.4,"ObjectId":365}},{"type":"Feature","id":366,"geometry":null,"properties":{"Data_Type":"ASE Active ","Location":"E004 - Katimavik Rd. between Castlefrank Rd. and McGibbon Dr./Sewall Way","Camera_Install_Year":"2020","Date_of_Data_Collection":"March-2021","AvgSpeed":"41","Pct85th":51,"PctCompliance":56,"PctHighEndSpeeders":6.4,"ObjectId":366}},{"type":"Feature","id":367,"geometry":null,"properties":{"Data_Type":"ASE Active ","Location":"E005 - Watters Dr. between Charlemagne Blvd. and Roberval Ave. ","Camera_Install_Year":"2020","Date_of_Data_Collection":"March-2021","AvgSpeed":"40","Pct85th":46,"PctCompliance":63,"PctHighEndSpeeders":2.1,"ObjectId":367}},{"type":"Feature","id":368,"geometry":null,"properties":{"Data_Type":"ASE Active ","Location":"E006 - Ogilvie Rd. between Appleford St. and Elmlea Gate","Camera_Install_Year":"2020","Date_of_Data_Collection":"March-2021","AvgSpeed":"50","Pct85th":58,"PctCompliance":55,"PctHighEndSpeeders":3.7,"ObjectId":368}},{"type":"Feature","id":369,"geometry":null,"properties":{"Data_Type":"ASE Active ","Location":"E007 - Smyth Rd. between Haig Dr. and Edgecomb St. ","Camera_Install_Year":"2020","Date_of_Data_Collection":"March-2021","AvgSpeed":"48","Pct85th":56,"PctCompliance":67,"PctHighEndSpeeders":2.4,"ObjectId":369}},{"type":"Feature","id":370,"geometry":null,"properties":{"Data_Type":"ASE Active ","Location":"E008 - Meadowlands Dr. W. between Winthrow Ave. and Thatcher St.","Camera_Install_Year":"2020","Date_of_Data_Collection":"March-2021","AvgSpeed":"39","Pct85th":44,"PctCompliance":69,"PctHighEndSpeeders":2.1,"ObjectId":370}},{"type":"Feature","id":371,"geometry":null,"properties":{"Data_Type":"ASE Active ","Location":"E001 - Longfields Dr. between Highbury Park Dr. and Via Verona Ave.","Camera_Install_Year":"2020","Date_of_Data_Collection":"April-2021","AvgSpeed":"40","Pct85th":45,"PctCompliance":62,"PctHighEndSpeeders":1.3,"ObjectId":371}},{"type":"Feature","id":372,"geometry":null,"properties":{"Data_Type":"ASE Active ","Location":"E002 - Innes Rd. between Provence Ave. and Trim Rd.","Camera_Install_Year":"2020","Date_of_Data_Collection":"April-2021","AvgSpeed":"59","Pct85th":66,"PctCompliance":62,"PctHighEndSpeeders":2.1,"ObjectId":372}},{"type":"Feature","id":373,"geometry":null,"properties":{"Data_Type":"ASE Active ","Location":"E003 - Bayshore Dr. between Woodridge N Cres. And Woodridge S Cres. ","Camera_Install_Year":"2020","Date_of_Data_Collection":"April-2021","AvgSpeed":"38","Pct85th":46,"PctCompliance":67,"PctHighEndSpeeders":2.3,"ObjectId":373}},{"type":"Feature","id":374,"geometry":null,"properties":{"Data_Type":"ASE Active ","Location":"E004 - Katimavik Rd. between Castlefrank Rd. and McGibbon Dr./Sewall Way","Camera_Install_Year":"2020","Date_of_Data_Collection":"April-2021","AvgSpeed":"41","Pct85th":50,"PctCompliance":59,"PctHighEndSpeeders":5.4,"ObjectId":374}},{"type":"Feature","id":375,"geometry":null,"properties":{"Data_Type":"ASE Active ","Location":"E005 - Watters Dr. between Charlemagne Blvd. and Roberval Ave. ","Camera_Install_Year":"2020","Date_of_Data_Collection":"April-2021","AvgSpeed":"40","Pct85th":46,"PctCompliance":61,"PctHighEndSpeeders":2.4,"ObjectId":375}},{"type":"Feature","id":376,"geometry":null,"properties":{"Data_Type":"ASE Active ","Location":"E006 - Ogilvie Rd. between Appleford St. and Elmlea Gate","Camera_Install_Year":"2020","Date_of_Data_Collection":"April-2021","AvgSpeed":"50","Pct85th":58,"PctCompliance":55,"PctHighEndSpeeders":3.7,"ObjectId":376}},{"type":"Feature","id":377,"geometry":null,"properties":{"Data_Type":"ASE Active ","Location":"E007 - Smyth Rd. between Haig Dr. and Edgecomb St. ","Camera_Install_Year":"2020","Date_of_Data_Collection":"April-2021","AvgSpeed":"49","Pct85th":56,"PctCompliance":65,"PctHighEndSpeeders":2.6,"ObjectId":377}},{"type":"Feature","id":378,"geometry":null,"properties":{"Data_Type":"ASE Active ","Location":"E008 - Meadowlands Dr. W. between Winthrow Ave. and Thatcher St.","Camera_Install_Year":"2020","Date_of_Data_Collection":"April-2021","AvgSpeed":"39","Pct85th":44,"PctCompliance":68,"PctHighEndSpeeders":2,"ObjectId":378}},{"type":"Feature","id":379,"geometry":null,"properties":{"Data_Type":"ASE Active ","Location":"E001 - Longfields Dr. between Highbury Park Dr. and Via Verona Ave.","Camera_Install_Year":"2020","Date_of_Data_Collection":"May-2021","AvgSpeed":"40","Pct85th":45,"PctCompliance":63,"PctHighEndSpeeders":1.2,"ObjectId":379}},{"type":"Feature","id":380,"geometry":null,"properties":{"Data_Type":"ASE Active ","Location":"E002 - Innes Rd. between Provence Ave. and Trim Rd.","Camera_Install_Year":"2020","Date_of_Data_Collection":"May-2021","AvgSpeed":"59","Pct85th":66,"PctCompliance":63,"PctHighEndSpeeders":2.1,"ObjectId":380}},{"type":"Feature","id":381,"geometry":null,"properties":{"Data_Type":"ASE Active ","Location":"E003 - Bayshore Dr. between Woodridge N Cres. And Woodridge S Cres. ","Camera_Install_Year":"2020","Date_of_Data_Collection":"May-2021","AvgSpeed":"38","Pct85th":46,"PctCompliance":67,"PctHighEndSpeeders":2.2,"ObjectId":381}},{"type":"Feature","id":382,"geometry":null,"properties":{"Data_Type":"ASE Active ","Location":"E004 - Katimavik Rd. between Castlefrank Rd. and McGibbon Dr./Sewall Way","Camera_Install_Year":"2020","Date_of_Data_Collection":"May-2021","AvgSpeed":"41","Pct85th":50,"PctCompliance":59,"PctHighEndSpeeders":5.6,"ObjectId":382}},{"type":"Feature","id":383,"geometry":null,"properties":{"Data_Type":"ASE Active ","Location":"E005 - Watters Dr. between Charlemagne Blvd. and Roberval Ave. ","Camera_Install_Year":"2020","Date_of_Data_Collection":"May-2021","AvgSpeed":"40","Pct85th":46,"PctCompliance":60,"PctHighEndSpeeders":2.2,"ObjectId":383}},{"type":"Feature","id":384,"geometry":null,"properties":{"Data_Type":"ASE Active ","Location":"E006 - Ogilvie Rd. between Appleford St. and Elmlea Gate","Camera_Install_Year":"2020","Date_of_Data_Collection":"May-2021","AvgSpeed":"50","Pct85th":58,"PctCompliance":57,"PctHighEndSpeeders":3.1,"ObjectId":384}},{"type":"Feature","id":385,"geometry":null,"properties":{"Data_Type":"ASE Active ","Location":"E007 - Smyth Rd. between Haig Dr. and Edgecomb St. ","Camera_Install_Year":"2020","Date_of_Data_Collection":"May-2021","AvgSpeed":"49","Pct85th":56,"PctCompliance":64,"PctHighEndSpeeders":2.6,"ObjectId":385}},{"type":"Feature","id":386,"geometry":null,"properties":{"Data_Type":"ASE Active ","Location":"E008 - Meadowlands Dr. W. between Winthrow Ave. and Thatcher St.","Camera_Install_Year":"2020","Date_of_Data_Collection":"May-2021","AvgSpeed":"39","Pct85th":45,"PctCompliance":66,"PctHighEndSpeeders":2.2,"ObjectId":386}},{"type":"Feature","id":387,"geometry":null,"properties":{"Data_Type":"ASE Active ","Location":"E001 - Longfields Dr. between Highbury Park Dr. and Via Verona Ave.","Camera_Install_Year":"2020","Date_of_Data_Collection":"June-2021","AvgSpeed":"40","Pct85th":45,"PctCompliance":62,"PctHighEndSpeeders":1.2,"ObjectId":387}},{"type":"Feature","id":388,"geometry":null,"properties":{"Data_Type":"ASE Active ","Location":"E002 - Innes Rd. between Provence Ave. and Trim Rd.","Camera_Install_Year":"2020","Date_of_Data_Collection":"June-2021","AvgSpeed":"59","Pct85th":66,"PctCompliance":62,"PctHighEndSpeeders":2,"ObjectId":388}},{"type":"Feature","id":389,"geometry":null,"properties":{"Data_Type":"ASE Active ","Location":"E003 - Bayshore Dr. between Woodridge N Cres. And Woodridge S Cres. ","Camera_Install_Year":"2020","Date_of_Data_Collection":"June-2021","AvgSpeed":"37","Pct85th":46,"PctCompliance":67,"PctHighEndSpeeders":2,"ObjectId":389}},{"type":"Feature","id":390,"geometry":null,"properties":{"Data_Type":"ASE Active ","Location":"E004 - Katimavik Rd. between Castlefrank Rd. and McGibbon Dr./Sewall Way","Camera_Install_Year":"2020","Date_of_Data_Collection":"June-2021","AvgSpeed":"41","Pct85th":50,"PctCompliance":58,"PctHighEndSpeeders":5.7,"ObjectId":390}},{"type":"Feature","id":391,"geometry":null,"properties":{"Data_Type":"ASE Active ","Location":"E005 - Watters Dr. between Charlemagne Blvd. and Roberval Ave. ","Camera_Install_Year":"2020","Date_of_Data_Collection":"June-2021","AvgSpeed":"40","Pct85th":46,"PctCompliance":62,"PctHighEndSpeeders":1.9,"ObjectId":391}},{"type":"Feature","id":392,"geometry":null,"properties":{"Data_Type":"ASE Active ","Location":"E006 - Ogilvie Rd. between Appleford St. and Elmlea Gate","Camera_Install_Year":"2020","Date_of_Data_Collection":"June-2021","AvgSpeed":"49","Pct85th":56,"PctCompliance":61,"PctHighEndSpeeders":2.4,"ObjectId":392}},{"type":"Feature","id":393,"geometry":null,"properties":{"Data_Type":"ASE Active ","Location":"E007 - Smyth Rd. between Haig Dr. and Edgecomb St. ","Camera_Install_Year":"2020","Date_of_Data_Collection":"June-2021","AvgSpeed":"49","Pct85th":56,"PctCompliance":65,"PctHighEndSpeeders":2.2,"ObjectId":393}},{"type":"Feature","id":394,"geometry":null,"properties":{"Data_Type":"ASE Active ","Location":"E008 - Meadowlands Dr. W. between Winthrow Ave. and Thatcher St.","Camera_Install_Year":"2020","Date_of_Data_Collection":"June-2021","AvgSpeed":"39","Pct85th":45,"PctCompliance":66,"PctHighEndSpeeders":2.1,"ObjectId":394}},{"type":"Feature","id":395,"geometry":null,"properties":{"Data_Type":"ASE Active ","Location":"E001 - Longfields Dr. between Highbury Park Dr. and Via Verona Ave.","Camera_Install_Year":"2020","Date_of_Data_Collection":"July-2021","AvgSpeed":"40","Pct85th":45,"PctCompliance":63,"PctHighEndSpeeders":1.1,"ObjectId":395}},{"type":"Feature","id":396,"geometry":null,"properties":{"Data_Type":"ASE Active ","Location":"E002 - Innes Rd. between Provence Ave. and Trim Rd.","Camera_Install_Year":"2020","Date_of_Data_Collection":"July-2021","AvgSpeed":"59","Pct85th":66,"PctCompliance":62,"PctHighEndSpeeders":1.9,"ObjectId":396}},{"type":"Feature","id":397,"geometry":null,"properties":{"Data_Type":"ASE Active ","Location":"E003 - Bayshore Dr. between Woodridge N Cres. And Woodridge S Cres. ","Camera_Install_Year":"2020","Date_of_Data_Collection":"July-2021","AvgSpeed":"38","Pct85th":46,"PctCompliance":66,"PctHighEndSpeeders":1.9,"ObjectId":397}},{"type":"Feature","id":398,"geometry":null,"properties":{"Data_Type":"ASE Active ","Location":"E004 - Katimavik Rd. between Castlefrank Rd. and McGibbon Dr./Sewall Way","Camera_Install_Year":"2020","Date_of_Data_Collection":"July-2021","AvgSpeed":"41","Pct85th":50,"PctCompliance":57,"PctHighEndSpeeders":5.9,"ObjectId":398}},{"type":"Feature","id":399,"geometry":null,"properties":{"Data_Type":"ASE Active ","Location":"E005 - Watters Dr. between Charlemagne Blvd. and Roberval Ave. ","Camera_Install_Year":"2020","Date_of_Data_Collection":"July-2021","AvgSpeed":"40","Pct85th":46,"PctCompliance":59,"PctHighEndSpeeders":2.2,"ObjectId":399}},{"type":"Feature","id":400,"geometry":null,"properties":{"Data_Type":"ASE Active ","Location":"E006 - Ogilvie Rd. between Appleford St. and Elmlea Gate","Camera_Install_Year":"2020","Date_of_Data_Collection":"July-2021","AvgSpeed":"49","Pct85th":57,"PctCompliance":60,"PctHighEndSpeeders":2.9,"ObjectId":400}},{"type":"Feature","id":401,"geometry":null,"properties":{"Data_Type":"ASE Active ","Location":"E003 - Bayshore Dr. between Woodridge N Cres. And Woodridge S Cres. ","Camera_Install_Year":"2020","Date_of_Data_Collection":"May-2025","AvgSpeed":"33","Pct85th":39,"PctCompliance":89,"PctHighEndSpeeders":0.2,"ObjectId":401}},{"type":"Feature","id":402,"geometry":null,"properties":{"Data_Type":"ASE Active ","Location":"E004 - Katimavik Rd. between Castlefrank Rd. and McGibbon Dr./Sewall Way","Camera_Install_Year":"2020","Date_of_Data_Collection":"May-2025","AvgSpeed":"36","Pct85th":40,"PctCompliance":86,"PctHighEndSpeeders":0.7,"ObjectId":402}},{"type":"Feature","id":403,"geometry":null,"properties":{"Data_Type":"ASE Active ","Location":"E005 - Watters Dr. between Charlemagne Blvd. and Roberval Ave. ","Camera_Install_Year":"2020","Date_of_Data_Collection":"May-2025","AvgSpeed":"36","Pct85th":40,"PctCompliance":88,"PctHighEndSpeeders":0.2,"ObjectId":403}},{"type":"Feature","id":404,"geometry":null,"properties":{"Data_Type":"ASE Active ","Location":"E006 - Ogilvie Rd. between Appleford St. and Elmlea Gate","Camera_Install_Year":"2020","Date_of_Data_Collection":"May-2025","AvgSpeed":"45","Pct85th":50,"PctCompliance":86,"PctHighEndSpeeders":0.2,"ObjectId":404}},{"type":"Feature","id":405,"geometry":null,"properties":{"Data_Type":"ASE Active ","Location":"E007 - Smyth Rd. between Haig Dr. and Edgecomb St. ","Camera_Install_Year":"2020","Date_of_Data_Collection":"May-2025","AvgSpeed":"41","Pct85th":47,"PctCompliance":94,"PctHighEndSpeeders":0.1,"ObjectId":405}},{"type":"Feature","id":406,"geometry":null,"properties":{"Data_Type":"ASE Active ","Location":"E008 - Meadowlands Dr. W. between Winthrow Ave. and Thatcher St.","Camera_Install_Year":"2020","Date_of_Data_Collection":"May-2025","AvgSpeed":"35","Pct85th":39,"PctCompliance":90,"PctHighEndSpeeders":0.2,"ObjectId":406}},{"type":"Feature","id":407,"geometry":null,"properties":{"Data_Type":"ASE Active ","Location":"E001 - Longfields Dr. between Highbury Park Dr. and Via Verona Ave.","Camera_Install_Year":"2020","Date_of_Data_Collection":"June-2025","AvgSpeed":"35","Pct85th":39,"PctCompliance":91,"PctHighEndSpeeders":0.1,"ObjectId":407}},{"type":"Feature","id":408,"geometry":null,"properties":{"Data_Type":"ASE Active ","Location":"E002 - Innes Rd. between Provence Ave. and Trim Rd.","Camera_Install_Year":"2020","Date_of_Data_Collection":"June-2025","AvgSpeed":"54","Pct85th":60,"PctCompliance":87,"PctHighEndSpeeders":0.2,"ObjectId":408}},{"type":"Feature","id":409,"geometry":null,"properties":{"Data_Type":"ASE Active ","Location":"E003 - Bayshore Dr. between Woodridge N Cres. And Woodridge S Cres. ","Camera_Install_Year":"2020","Date_of_Data_Collection":"June-2025","AvgSpeed":"34","Pct85th":40,"PctCompliance":88,"PctHighEndSpeeders":0.2,"ObjectId":409}},{"type":"Feature","id":410,"geometry":null,"properties":{"Data_Type":"ASE Active ","Location":"E004 - Katimavik Rd. between Castlefrank Rd. and McGibbon Dr./Sewall Way","Camera_Install_Year":"2020","Date_of_Data_Collection":"June-2025","AvgSpeed":"36","Pct85th":40,"PctCompliance":86,"PctHighEndSpeeders":0.7,"ObjectId":410}},{"type":"Feature","id":411,"geometry":null,"properties":{"Data_Type":"ASE Active ","Location":"E005 - Watters Dr. between Charlemagne Blvd. and Roberval Ave. ","Camera_Install_Year":"2020","Date_of_Data_Collection":"June-2025","AvgSpeed":"36","Pct85th":40,"PctCompliance":89,"PctHighEndSpeeders":0.1,"ObjectId":411}},{"type":"Feature","id":412,"geometry":null,"properties":{"Data_Type":"ASE Removed","Location":"E003 - Bayshore Dr. between Woodridge N Cres. And Woodridge S Cres. ","Camera_Install_Year":"2020","Date_of_Data_Collection":"December-2025","AvgSpeed":"44","Pct85th":51,"PctCompliance":32,"PctHighEndSpeeders":6.8,"ObjectId":412}},{"type":"Feature","id":413,"geometry":null,"properties":{"Data_Type":"ASE Active ","Location":"E006 - Ogilvie Rd. between Appleford St. and Elmlea Gate","Camera_Install_Year":"2020","Date_of_Data_Collection":"June-2025","AvgSpeed":"45","Pct85th":50,"PctCompliance":86,"PctHighEndSpeeders":0.2,"ObjectId":413}},{"type":"Feature","id":414,"geometry":null,"properties":{"Data_Type":"ASE Active ","Location":"E007 - Smyth Rd. between Haig Dr. and Edgecomb St. ","Camera_Install_Year":"2020","Date_of_Data_Collection":"June-2025","AvgSpeed":"41","Pct85th":47,"PctCompliance":94,"PctHighEndSpeeders":0.1,"ObjectId":414}},{"type":"Feature","id":415,"geometry":null,"properties":{"Data_Type":"ASE Active ","Location":"E008 - Meadowlands Dr. W. between Winthrow Ave. and Thatcher St.","Camera_Install_Year":"2020","Date_of_Data_Collection":"June-2025","AvgSpeed":"35","Pct85th":40,"PctCompliance":89,"PctHighEndSpeeders":0.2,"ObjectId":415}},{"type":"Feature","id":416,"geometry":null,"properties":{"Data_Type":"ASE Active ","Location":"E001 - Longfields Dr. between Highbury Park Dr. and Via Verona Ave.","Camera_Install_Year":"2020","Date_of_Data_Collection":"July-2025","AvgSpeed":"36","Pct85th":40,"PctCompliance":89,"PctHighEndSpeeders":0.1,"ObjectId":416}},{"type":"Feature","id":417,"geometry":null,"properties":{"Data_Type":"ASE Active ","Location":"E002 - Innes Rd. between Provence Ave. and Trim Rd.","Camera_Install_Year":"2020","Date_of_Data_Collection":"July-2025","AvgSpeed":"55","Pct85th":60,"PctCompliance":86,"PctHighEndSpeeders":0.3,"ObjectId":417}},{"type":"Feature","id":418,"geometry":null,"properties":{"Data_Type":"ASE Active ","Location":"E003 - Bayshore Dr. between Woodridge N Cres. And Woodridge S Cres. ","Camera_Install_Year":"2020","Date_of_Data_Collection":"July-2025","AvgSpeed":"34","Pct85th":40,"PctCompliance":87,"PctHighEndSpeeders":0.3,"ObjectId":418}},{"type":"Feature","id":419,"geometry":null,"properties":{"Data_Type":"ASE Active ","Location":"E004 - Katimavik Rd. between Castlefrank Rd. and McGibbon Dr./Sewall Way","Camera_Install_Year":"2020","Date_of_Data_Collection":"July-2025","AvgSpeed":"36","Pct85th":41,"PctCompliance":83,"PctHighEndSpeeders":0.9,"ObjectId":419}},{"type":"Feature","id":420,"geometry":null,"properties":{"Data_Type":"ASE Active ","Location":"E005 - Watters Dr. between Charlemagne Blvd. and Roberval Ave. ","Camera_Install_Year":"2020","Date_of_Data_Collection":"July-2025","AvgSpeed":"36","Pct85th":40,"PctCompliance":86,"PctHighEndSpeeders":0.2,"ObjectId":420}},{"type":"Feature","id":421,"geometry":null,"properties":{"Data_Type":"ASE Active ","Location":"E006 - Ogilvie Rd. between Appleford St. and Elmlea Gate","Camera_Install_Year":"2020","Date_of_Data_Collection":"July-2025","AvgSpeed":"46","Pct85th":51,"PctCompliance":84,"PctHighEndSpeeders":0.2,"ObjectId":421}},{"type":"Feature","id":422,"geometry":null,"properties":{"Data_Type":"ASE Active ","Location":"E007 - Smyth Rd. between Haig Dr. and Edgecomb St. ","Camera_Install_Year":"2020","Date_of_Data_Collection":"July-2025","AvgSpeed":"43","Pct85th":48,"PctCompliance":93,"PctHighEndSpeeders":0.1,"ObjectId":422}},{"type":"Feature","id":423,"geometry":null,"properties":{"Data_Type":"ASE Active ","Location":"E008 - Meadowlands Dr. W. between Winthrow Ave. and Thatcher St.","Camera_Install_Year":"2020","Date_of_Data_Collection":"July-2025","AvgSpeed":"36","Pct85th":40,"PctCompliance":88,"PctHighEndSpeeders":0.3,"ObjectId":423}},{"type":"Feature","id":424,"geometry":null,"properties":{"Data_Type":"ASE Active ","Location":"E001 - Longfields Dr. between Highbury Park Dr. and Via Verona Ave.","Camera_Install_Year":"2020","Date_of_Data_Collection":"August-2025","AvgSpeed":"36","Pct85th":40,"PctCompliance":89,"PctHighEndSpeeders":0.1,"ObjectId":424}},{"type":"Feature","id":425,"geometry":null,"properties":{"Data_Type":"ASE Active ","Location":"E002 - Innes Rd. between Provence Ave. and Trim Rd.","Camera_Install_Year":"2020","Date_of_Data_Collection":"August-2025","AvgSpeed":"55","Pct85th":60,"PctCompliance":86,"PctHighEndSpeeders":0.3,"ObjectId":425}},{"type":"Feature","id":426,"geometry":null,"properties":{"Data_Type":"ASE Active ","Location":"E003 - Bayshore Dr. between Woodridge N Cres. And Woodridge S Cres. ","Camera_Install_Year":"2020","Date_of_Data_Collection":"August-2025","AvgSpeed":"34","Pct85th":40,"PctCompliance":87,"PctHighEndSpeeders":0.2,"ObjectId":426}},{"type":"Feature","id":427,"geometry":null,"properties":{"Data_Type":"ASE Active ","Location":"E004 - Katimavik Rd. between Castlefrank Rd. and McGibbon Dr./Sewall Way","Camera_Install_Year":"2020","Date_of_Data_Collection":"August-2025","AvgSpeed":"36","Pct85th":41,"PctCompliance":83,"PctHighEndSpeeders":0.9,"ObjectId":427}},{"type":"Feature","id":428,"geometry":null,"properties":{"Data_Type":"ASE Active ","Location":"E005 - Watters Dr. between Charlemagne Blvd. and Roberval Ave. ","Camera_Install_Year":"2020","Date_of_Data_Collection":"August-2025","AvgSpeed":"36","Pct85th":40,"PctCompliance":86,"PctHighEndSpeeders":0.1,"ObjectId":428}},{"type":"Feature","id":429,"geometry":null,"properties":{"Data_Type":"ASE Active ","Location":"E006 - Ogilvie Rd. between Appleford St. and Elmlea Gate","Camera_Install_Year":"2020","Date_of_Data_Collection":"August-2025","AvgSpeed":"46","Pct85th":51,"PctCompliance":84,"PctHighEndSpeeders":0.2,"ObjectId":429}},{"type":"Feature","id":430,"geometry":null,"properties":{"Data_Type":"ASE Active ","Location":"E007 - Smyth Rd. between Haig Dr. and Edgecomb St. ","Camera_Install_Year":"2020","Date_of_Data_Collection":"August-2025","AvgSpeed":"42","Pct85th":48,"PctCompliance":93,"PctHighEndSpeeders":0.1,"ObjectId":430}},{"type":"Feature","id":431,"geometry":null,"properties":{"Data_Type":"ASE Active ","Location":"E008 - Meadowlands Dr. W. between Winthrow Ave. and Thatcher St.","Camera_Install_Year":"2020","Date_of_Data_Collection":"August-2025","AvgSpeed":"36","Pct85th":40,"PctCompliance":88,"PctHighEndSpeeders":0.3,"ObjectId":431}},{"type":"Feature","id":432,"geometry":null,"properties":{"Data_Type":"ASE Active ","Location":"E001 - Longfields Dr. between Highbury Park Dr. and Via Verona Ave.","Camera_Install_Year":"2020","Date_of_Data_Collection":"September-2025","AvgSpeed":"35","Pct85th":39,"PctCompliance":91,"PctHighEndSpeeders":0.1,"ObjectId":432}},{"type":"Feature","id":433,"geometry":null,"properties":{"Data_Type":"ASE Active ","Location":"E002 - Innes Rd. between Provence Ave. and Trim Rd.","Camera_Install_Year":"2020","Date_of_Data_Collection":"September-2025","AvgSpeed":"54","Pct85th":60,"PctCompliance":88,"PctHighEndSpeeders":0.2,"ObjectId":433}},{"type":"Feature","id":434,"geometry":null,"properties":{"Data_Type":"ASE Active ","Location":"E003 - Bayshore Dr. between Woodridge N Cres. And Woodridge S Cres. ","Camera_Install_Year":"2020","Date_of_Data_Collection":"September-2025","AvgSpeed":"34","Pct85th":40,"PctCompliance":88,"PctHighEndSpeeders":0.3,"ObjectId":434}},{"type":"Feature","id":435,"geometry":null,"properties":{"Data_Type":"ASE Active ","Location":"E004 - Katimavik Rd. between Castlefrank Rd. and McGibbon Dr./Sewall Way","Camera_Install_Year":"2020","Date_of_Data_Collection":"September-2025","AvgSpeed":"35","Pct85th":40,"PctCompliance":87,"PctHighEndSpeeders":0.5,"ObjectId":435}},{"type":"Feature","id":436,"geometry":null,"properties":{"Data_Type":"ASE Active ","Location":"E005 - Watters Dr. between Charlemagne Blvd. and Roberval Ave. ","Camera_Install_Year":"2020","Date_of_Data_Collection":"September-2025","AvgSpeed":"36","Pct85th":40,"PctCompliance":89,"PctHighEndSpeeders":0.1,"ObjectId":436}},{"type":"Feature","id":437,"geometry":null,"properties":{"Data_Type":"ASE Active ","Location":"E006 - Ogilvie Rd. between Appleford St. and Elmlea Gate","Camera_Install_Year":"2020","Date_of_Data_Collection":"September-2025","AvgSpeed":"45","Pct85th":51,"PctCompliance":85,"PctHighEndSpeeders":0.2,"ObjectId":437}},{"type":"Feature","id":438,"geometry":null,"properties":{"Data_Type":"ASE Active ","Location":"E007 - Smyth Rd. between Haig Dr. and Edgecomb St. ","Camera_Install_Year":"2020","Date_of_Data_Collection":"September-2025","AvgSpeed":"40","Pct85th":47,"PctCompliance":95,"PctHighEndSpeeders":0.1,"ObjectId":438}},{"type":"Feature","id":439,"geometry":null,"properties":{"Data_Type":"ASE Active ","Location":"E008 - Meadowlands Dr. W. between Winthrow Ave. and Thatcher St.","Camera_Install_Year":"2020","Date_of_Data_Collection":"September-2025","AvgSpeed":"35","Pct85th":39,"PctCompliance":90,"PctHighEndSpeeders":0.2,"ObjectId":439}},{"type":"Feature","id":440,"geometry":null,"properties":{"Data_Type":"ASE Active ","Location":"E001 - Longfields Dr. between Highbury Park Dr. and Via Verona Ave.","Camera_Install_Year":"2020","Date_of_Data_Collection":"October-2025","AvgSpeed":"35","Pct85th":39,"PctCompliance":91,"PctHighEndSpeeders":0.1,"ObjectId":440}},{"type":"Feature","id":441,"geometry":null,"properties":{"Data_Type":"ASE Active ","Location":"E002 - Innes Rd. between Provence Ave. and Trim Rd.","Camera_Install_Year":"2020","Date_of_Data_Collection":"October-2025","AvgSpeed":"54","Pct85th":60,"PctCompliance":88,"PctHighEndSpeeders":0.2,"ObjectId":441}},{"type":"Feature","id":442,"geometry":null,"properties":{"Data_Type":"ASE Active ","Location":"E003 - Bayshore Dr. between Woodridge N Cres. And Woodridge S Cres. ","Camera_Install_Year":"2020","Date_of_Data_Collection":"October-2025","AvgSpeed":"34","Pct85th":40,"PctCompliance":88,"PctHighEndSpeeders":0.3,"ObjectId":442}},{"type":"Feature","id":443,"geometry":null,"properties":{"Data_Type":"ASE Active ","Location":"E004 - Katimavik Rd. between Castlefrank Rd. and McGibbon Dr./Sewall Way","Camera_Install_Year":"2020","Date_of_Data_Collection":"October-2025","AvgSpeed":"35","Pct85th":40,"PctCompliance":86,"PctHighEndSpeeders":0.6,"ObjectId":443}},{"type":"Feature","id":444,"geometry":null,"properties":{"Data_Type":"ASE Active ","Location":"E005 - Watters Dr. between Charlemagne Blvd. and Roberval Ave. ","Camera_Install_Year":"2020","Date_of_Data_Collection":"October-2025","AvgSpeed":"36","Pct85th":40,"PctCompliance":88,"PctHighEndSpeeders":0.1,"ObjectId":444}},{"type":"Feature","id":445,"geometry":null,"properties":{"Data_Type":"ASE Active ","Location":"E006 - Ogilvie Rd. between Appleford St. and Elmlea Gate","Camera_Install_Year":"2020","Date_of_Data_Collection":"October-2025","AvgSpeed":"45","Pct85th":50,"PctCompliance":86,"PctHighEndSpeeders":0.2,"ObjectId":445}},{"type":"Feature","id":446,"geometry":null,"properties":{"Data_Type":"ASE Active ","Location":"E007 - Smyth Rd. between Haig Dr. and Edgecomb St. ","Camera_Install_Year":"2020","Date_of_Data_Collection":"October-2025","AvgSpeed":"41","Pct85th":48,"PctCompliance":94,"PctHighEndSpeeders":0.1,"ObjectId":446}},{"type":"Feature","id":447,"geometry":null,"properties":{"Data_Type":"ASE Active ","Location":"E008 - Meadowlands Dr. W. between Winthrow Ave. and Thatcher St.","Camera_Install_Year":"2020","Date_of_Data_Collection":"October-2025","AvgSpeed":"35","Pct85th":39,"PctCompliance":90,"PctHighEndSpeeders":0.2,"ObjectId":447}},{"type":"Feature","id":448,"geometry":null,"properties":{"Data_Type":"ASE Active ","Location":"E001 - Longfields Dr. between Highbury Park Dr. and Via Verona Ave.","Camera_Install_Year":"2020","Date_of_Data_Collection":"November-2025","AvgSpeed":"35","Pct85th":40,"PctCompliance":90,"PctHighEndSpeeders":0.1,"ObjectId":448}},{"type":"Feature","id":449,"geometry":null,"properties":{"Data_Type":"ASE Active ","Location":"E002 - Innes Rd. between Provence Ave. and Trim Rd.","Camera_Install_Year":"2020","Date_of_Data_Collection":"November-2025","AvgSpeed":"55","Pct85th":60,"PctCompliance":87,"PctHighEndSpeeders":0.3,"ObjectId":449}},{"type":"Feature","id":450,"geometry":null,"properties":{"Data_Type":"ASE Active ","Location":"E003 - Bayshore Dr. between Woodridge N Cres. And Woodridge S Cres. ","Camera_Install_Year":"2020","Date_of_Data_Collection":"November-2025","AvgSpeed":"34","Pct85th":40,"PctCompliance":87,"PctHighEndSpeeders":0.3,"ObjectId":450}},{"type":"Feature","id":451,"geometry":null,"properties":{"Data_Type":"ASE Active ","Location":"E004 - Katimavik Rd. between Castlefrank Rd. and McGibbon Dr./Sewall Way","Camera_Install_Year":"2020","Date_of_Data_Collection":"November-2025","AvgSpeed":"36","Pct85th":41,"PctCompliance":85,"PctHighEndSpeeders":0.8,"ObjectId":451}},{"type":"Feature","id":452,"geometry":null,"properties":{"Data_Type":"ASE Active ","Location":"E005 - Watters Dr. between Charlemagne Blvd. and Roberval Ave. ","Camera_Install_Year":"2020","Date_of_Data_Collection":"November-2025","AvgSpeed":"36","Pct85th":40,"PctCompliance":88,"PctHighEndSpeeders":0.1,"ObjectId":452}},{"type":"Feature","id":453,"geometry":null,"properties":{"Data_Type":"ASE Active ","Location":"E006 - Ogilvie Rd. between Appleford St. and Elmlea Gate","Camera_Install_Year":"2020","Date_of_Data_Collection":"November-2025","AvgSpeed":"45","Pct85th":50,"PctCompliance":85,"PctHighEndSpeeders":0.2,"ObjectId":453}},{"type":"Feature","id":454,"geometry":null,"properties":{"Data_Type":"ASE Active ","Location":"E007 - Smyth Rd. between Haig Dr. and Edgecomb St. ","Camera_Install_Year":"2020","Date_of_Data_Collection":"November-2025","AvgSpeed":"42","Pct85th":48,"PctCompliance":93,"PctHighEndSpeeders":0.1,"ObjectId":454}},{"type":"Feature","id":455,"geometry":null,"properties":{"Data_Type":"ASE Active ","Location":"E008 - Meadowlands Dr. W. between Winthrow Ave. and Thatcher St.","Camera_Install_Year":"2020","Date_of_Data_Collection":"November-2025","AvgSpeed":"35","Pct85th":40,"PctCompliance":89,"PctHighEndSpeeders":0.3,"ObjectId":455}},{"type":"Feature","id":456,"geometry":null,"properties":{"Data_Type":"ASE Removed","Location":"E001 - Longfields Dr. between Highbury Park Dr. and Via Verona Ave.","Camera_Install_Year":"2020","Date_of_Data_Collection":"November-2025","AvgSpeed":"40","Pct85th":46,"PctCompliance":60,"PctHighEndSpeeders":3,"ObjectId":456}},{"type":"Feature","id":457,"geometry":null,"properties":{"Data_Type":"ASE Removed","Location":"E002 - Innes Rd. between Provence Ave. and Trim Rd.","Camera_Install_Year":"2020","Date_of_Data_Collection":"November-2025","AvgSpeed":"59","Pct85th":66,"PctCompliance":62,"PctHighEndSpeeders":1.7,"ObjectId":457}},{"type":"Feature","id":458,"geometry":null,"properties":{"Data_Type":"ASE Removed","Location":"E003 - Bayshore Dr. between Woodridge N Cres. And Woodridge S Cres. ","Camera_Install_Year":"2020","Date_of_Data_Collection":"November-2025","AvgSpeed":"N/A","Pct85th":0,"PctCompliance":0,"PctHighEndSpeeders":0,"ObjectId":458}},{"type":"Feature","id":459,"geometry":null,"properties":{"Data_Type":"ASE Removed","Location":"E004 - Katimavik Rd. between Castlefrank Rd. and McGibbon Dr./Sewall Way","Camera_Install_Year":"2020","Date_of_Data_Collection":"November-2025","AvgSpeed":"40","Pct85th":47,"PctCompliance":63,"PctHighEndSpeeders":3.7,"ObjectId":459}},{"type":"Feature","id":460,"geometry":null,"properties":{"Data_Type":"ASE Removed","Location":"E005 - Watters Dr. between Charlemagne Blvd. and Roberval Ave. ","Camera_Install_Year":"2020","Date_of_Data_Collection":"November-2025","AvgSpeed":"40","Pct85th":46,"PctCompliance":56,"PctHighEndSpeeders":2.4,"ObjectId":460}},{"type":"Feature","id":461,"geometry":null,"properties":{"Data_Type":"ASE Removed","Location":"E006 - Ogilvie Rd. between Appleford St. and Elmlea Gate","Camera_Install_Year":"2020","Date_of_Data_Collection":"November-2025","AvgSpeed":"49","Pct85th":55,"PctCompliance":64,"PctHighEndSpeeders":1.4,"ObjectId":461}},{"type":"Feature","id":462,"geometry":null,"properties":{"Data_Type":"ASE Removed","Location":"E007 - Smyth Rd. between Haig Dr. and Edgecomb St. ","Camera_Install_Year":"2020","Date_of_Data_Collection":"November-2025","AvgSpeed":"47","Pct85th":54,"PctCompliance":70,"PctHighEndSpeeders":1.1,"ObjectId":462}},{"type":"Feature","id":463,"geometry":null,"properties":{"Data_Type":"ASE Removed","Location":"E008 - Meadowlands Dr. W. between Winthrow Ave. and Thatcher St.","Camera_Install_Year":"2020","Date_of_Data_Collection":"November-2025","AvgSpeed":"40","Pct85th":45,"PctCompliance":59,"PctHighEndSpeeders":1.6,"ObjectId":463}},{"type":"Feature","id":464,"geometry":null,"properties":{"Data_Type":"ASE Removed","Location":"E001 - Longfields Dr. between Highbury Park Dr. and Via Verona Ave.","Camera_Install_Year":"2020","Date_of_Data_Collection":"December-2025","AvgSpeed":"38","Pct85th":45,"PctCompliance":62,"PctHighEndSpeeders":1.4,"ObjectId":464}},{"type":"Feature","id":465,"geometry":null,"properties":{"Data_Type":"ASE Removed","Location":"E002 - Innes Rd. between Provence Ave. and Trim Rd.","Camera_Install_Year":"2020","Date_of_Data_Collection":"December-2025","AvgSpeed":"61","Pct85th":68,"PctCompliance":50,"PctHighEndSpeeders":2.8,"ObjectId":465}},{"type":"Feature","id":466,"geometry":null,"properties":{"Data_Type":"ASE Active ","Location":"E003 - Bayshore Dr. between Woodridge N Cres. And Woodridge S Cres. ","Camera_Install_Year":"2020","Date_of_Data_Collection":"September-2024","AvgSpeed":"35","Pct85th":41,"PctCompliance":84,"PctHighEndSpeeders":0.5,"ObjectId":466}},{"type":"Feature","id":467,"geometry":null,"properties":{"Data_Type":"ASE Removed","Location":"E004 - Katimavik Rd. between Castlefrank Rd. and McGibbon Dr./Sewall Way","Camera_Install_Year":"2020","Date_of_Data_Collection":"December-2025","AvgSpeed":"40","Pct85th":47,"PctCompliance":58,"PctHighEndSpeeders":3.3,"ObjectId":467}},{"type":"Feature","id":468,"geometry":null,"properties":{"Data_Type":"ASE Active ","Location":"E004 - Katimavik Rd. between Castlefrank Rd. and McGibbon Dr./Sewall Way","Camera_Install_Year":"2020","Date_of_Data_Collection":"September-2024","AvgSpeed":"36","Pct85th":41,"PctCompliance":83,"PctHighEndSpeeders":1,"ObjectId":468}},{"type":"Feature","id":469,"geometry":null,"properties":{"Data_Type":"ASE Removed","Location":"E005 - Watters Dr. between Charlemagne Blvd. and Roberval Ave. ","Camera_Install_Year":"2020","Date_of_Data_Collection":"December-2025","AvgSpeed":"43","Pct85th":50,"PctCompliance":38,"PctHighEndSpeeders":5.2,"ObjectId":469}},{"type":"Feature","id":470,"geometry":null,"properties":{"Data_Type":"ASE Active ","Location":"E005 - Watters Dr. between Charlemagne Blvd. and Roberval Ave. ","Camera_Install_Year":"2020","Date_of_Data_Collection":"September-2024","AvgSpeed":"36","Pct85th":40,"PctCompliance":88,"PctHighEndSpeeders":0.1,"ObjectId":470}},{"type":"Feature","id":471,"geometry":null,"properties":{"Data_Type":"ASE Removed","Location":"E006 - Ogilvie Rd. between Appleford St. and Elmlea Gate","Camera_Install_Year":"2020","Date_of_Data_Collection":"December-2025","AvgSpeed":"49","Pct85th":56,"PctCompliance":55,"PctHighEndSpeeders":2.1,"ObjectId":471}},{"type":"Feature","id":472,"geometry":null,"properties":{"Data_Type":"ASE Active ","Location":"E006 - Ogilvie Rd. between Appleford St. and Elmlea Gate","Camera_Install_Year":"2020","Date_of_Data_Collection":"September-2024","AvgSpeed":"45","Pct85th":51,"PctCompliance":84,"PctHighEndSpeeders":0.3,"ObjectId":472}},{"type":"Feature","id":473,"geometry":null,"properties":{"Data_Type":"ASE Removed","Location":"E007 - Smyth Rd. between Haig Dr. and Edgecomb St. ","Camera_Install_Year":"2020","Date_of_Data_Collection":"December-2025","AvgSpeed":"50","Pct85th":57,"PctCompliance":52,"PctHighEndSpeeders":2.3,"ObjectId":473}},{"type":"Feature","id":474,"geometry":null,"properties":{"Data_Type":"ASE Active ","Location":"E007 - Smyth Rd. between Haig Dr. and Edgecomb St. ","Camera_Install_Year":"2020","Date_of_Data_Collection":"September-2024","AvgSpeed":"43","Pct85th":49,"PctCompliance":91,"PctHighEndSpeeders":0.2,"ObjectId":474}},{"type":"Feature","id":475,"geometry":null,"properties":{"Data_Type":"ASE Removed","Location":"E008 - Meadowlands Dr. W. between Winthrow Ave. and Thatcher St.","Camera_Install_Year":"2020","Date_of_Data_Collection":"December-2025","AvgSpeed":"41","Pct85th":47,"PctCompliance":51,"PctHighEndSpeeders":2.8,"ObjectId":475}},{"type":"Feature","id":476,"geometry":null,"properties":{"Data_Type":"ASE Active ","Location":"E008 - Meadowlands Dr. W. between Winthrow Ave. and Thatcher St.","Camera_Install_Year":"2020","Date_of_Data_Collection":"September-2024","AvgSpeed":"36","Pct85th":40,"PctCompliance":88,"PctHighEndSpeeders":0.3,"ObjectId":476}},{"type":"Feature","id":477,"geometry":null,"properties":{"Data_Type":"ASE Removed","Location":"E001 - Longfields Dr. between Highbury Park Dr. and Via Verona Ave.","Camera_Install_Year":"2020","Date_of_Data_Collection":"January-2026","AvgSpeed":"43","Pct85th":50,"PctCompliance":32,"PctHighEndSpeeders":3.6,"ObjectId":477}},{"type":"Feature","id":478,"geometry":null,"properties":{"Data_Type":"ASE Active ","Location":"E001 - Longfields Dr. between Highbury Park Dr. and Via Verona Ave.","Camera_Install_Year":"2020","Date_of_Data_Collection":"October-2024","AvgSpeed":"36","Pct85th":39,"PctCompliance":90,"PctHighEndSpeeders":0.1,"ObjectId":478}},{"type":"Feature","id":479,"geometry":null,"properties":{"Data_Type":"ASE Removed","Location":"E002 - Innes Rd. between Provence Ave. and Trim Rd.","Camera_Install_Year":"2020","Date_of_Data_Collection":"January-2026","AvgSpeed":"61","Pct85th":68,"PctCompliance":45,"PctHighEndSpeeders":3.2,"ObjectId":479}},{"type":"Feature","id":480,"geometry":null,"properties":{"Data_Type":"ASE Active ","Location":"E002 - Innes Rd. between Provence Ave. and Trim Rd.","Camera_Install_Year":"2020","Date_of_Data_Collection":"October-2024","AvgSpeed":"55","Pct85th":61,"PctCompliance":84,"PctHighEndSpeeders":0.3,"ObjectId":480}},{"type":"Feature","id":481,"geometry":null,"properties":{"Data_Type":"ASE Removed","Location":"E003 - Bayshore Dr. between Woodridge N Cres. And Woodridge S Cres. ","Camera_Install_Year":"2020","Date_of_Data_Collection":"January-2026","AvgSpeed":"44","Pct85th":51,"PctCompliance":30,"PctHighEndSpeeders":5.7,"ObjectId":481}},{"type":"Feature","id":482,"geometry":null,"properties":{"Data_Type":"ASE Active ","Location":"E003 - Bayshore Dr. between Woodridge N Cres. And Woodridge S Cres. ","Camera_Install_Year":"2020","Date_of_Data_Collection":"October-2024","AvgSpeed":"34","Pct85th":41,"PctCompliance":85,"PctHighEndSpeeders":0.4,"ObjectId":482}},{"type":"Feature","id":483,"geometry":null,"properties":{"Data_Type":"ASE Removed","Location":"E004 - Katimavik Rd. between Castlefrank Rd. and McGibbon Dr./Sewall Way","Camera_Install_Year":"2020","Date_of_Data_Collection":"January-2026","AvgSpeed":"43","Pct85th":50,"PctCompliance":39,"PctHighEndSpeeders":5.4,"ObjectId":483}},{"type":"Feature","id":484,"geometry":null,"properties":{"Data_Type":"ASE Removed","Location":"E005 - Watters Dr. between Charlemagne Blvd. and Roberval Ave. ","Camera_Install_Year":"2020","Date_of_Data_Collection":"January-2026","AvgSpeed":"43","Pct85th":51,"PctCompliance":38,"PctHighEndSpeeders":6.7,"ObjectId":484}},{"type":"Feature","id":485,"geometry":null,"properties":{"Data_Type":"ASE Active ","Location":"E004 - Katimavik Rd. between Castlefrank Rd. and McGibbon Dr./Sewall Way","Camera_Install_Year":"2020","Date_of_Data_Collection":"October-2024","AvgSpeed":"36","Pct85th":41,"PctCompliance":83,"PctHighEndSpeeders":0.9,"ObjectId":485}},{"type":"Feature","id":486,"geometry":null,"properties":{"Data_Type":"ASE Removed","Location":"E006 - Ogilvie Rd. between Appleford St. and Elmlea Gate","Camera_Install_Year":"2020","Date_of_Data_Collection":"January-2026","AvgSpeed":"46","Pct85th":55,"PctCompliance":70,"PctHighEndSpeeders":1.6,"ObjectId":486}},{"type":"Feature","id":487,"geometry":null,"properties":{"Data_Type":"ASE Active ","Location":"E005 - Watters Dr. between Charlemagne Blvd. and Roberval Ave. ","Camera_Install_Year":"2020","Date_of_Data_Collection":"October-2024","AvgSpeed":"36","Pct85th":40,"PctCompliance":87,"PctHighEndSpeeders":0.2,"ObjectId":487}},{"type":"Feature","id":488,"geometry":null,"properties":{"Data_Type":"ASE Removed","Location":"E007 - Smyth Rd. between Haig Dr. and Edgecomb St. ","Camera_Install_Year":"2020","Date_of_Data_Collection":"January-2026","AvgSpeed":"50","Pct85th":57,"PctCompliance":53,"PctHighEndSpeeders":2.2,"ObjectId":488}},{"type":"Feature","id":489,"geometry":null,"properties":{"Data_Type":"ASE Active ","Location":"E006 - Ogilvie Rd. between Appleford St. and Elmlea Gate","Camera_Install_Year":"2020","Date_of_Data_Collection":"October-2024","AvgSpeed":"45","Pct85th":51,"PctCompliance":84,"PctHighEndSpeeders":0.3,"ObjectId":489}},{"type":"Feature","id":490,"geometry":null,"properties":{"Data_Type":"ASE Removed","Location":"E008 - Meadowlands Dr. W. between Winthrow Ave. and Thatcher St.","Camera_Install_Year":"2020","Date_of_Data_Collection":"January-2026","AvgSpeed":"42","Pct85th":49,"PctCompliance":40,"PctHighEndSpeeders":3.8,"ObjectId":490}},{"type":"Feature","id":491,"geometry":null,"properties":{"Data_Type":"ASE Active ","Location":"E007 - Smyth Rd. between Haig Dr. and Edgecomb St. ","Camera_Install_Year":"2020","Date_of_Data_Collection":"October-2024","AvgSpeed":"42","Pct85th":48,"PctCompliance":91,"PctHighEndSpeeders":0.2,"ObjectId":491}},{"type":"Feature","id":492,"geometry":null,"properties":{"Data_Type":"ASE Removed","Location":"E001 - Longfields Dr. between Highbury Park Dr. and Via Verona Ave.","Camera_Install_Year":"2020","Date_of_Data_Collection":"February-2026","AvgSpeed":"44","Pct85th":51,"PctCompliance":28,"PctHighEndSpeeders":4.9,"ObjectId":492}},{"type":"Feature","id":493,"geometry":null,"properties":{"Data_Type":"ASE Active ","Location":"E008 - Meadowlands Dr. W. between Winthrow Ave. and Thatcher St.","Camera_Install_Year":"2020","Date_of_Data_Collection":"October-2024","AvgSpeed":"36","Pct85th":40,"PctCompliance":89,"PctHighEndSpeeders":0.3,"ObjectId":493}},{"type":"Feature","id":494,"geometry":null,"properties":{"Data_Type":"ASE Removed","Location":"E002 - Innes Rd. between Provence Ave. and Trim Rd.","Camera_Install_Year":"2020","Date_of_Data_Collection":"February-2026","AvgSpeed":"61","Pct85th":70,"PctCompliance":44,"PctHighEndSpeeders":4.2,"ObjectId":494}},{"type":"Feature","id":495,"geometry":null,"properties":{"Data_Type":"ASE Active ","Location":"E001 - Longfields Dr. between Highbury Park Dr. and Via Verona Ave.","Camera_Install_Year":"2020","Date_of_Data_Collection":"November-2024","AvgSpeed":"36","Pct85th":39,"PctCompliance":90,"PctHighEndSpeeders":0.1,"ObjectId":495}},{"type":"Feature","id":496,"geometry":null,"properties":{"Data_Type":"ASE Removed","Location":"E003 - Bayshore Dr. between Woodridge N Cres. And Woodridge S Cres. ","Camera_Install_Year":"2020","Date_of_Data_Collection":"February-2026","AvgSpeed":"43","Pct85th":50,"PctCompliance":37,"PctHighEndSpeeders":3.9,"ObjectId":496}},{"type":"Feature","id":497,"geometry":null,"properties":{"Data_Type":"ASE Active ","Location":"E002 - Innes Rd. between Provence Ave. and Trim Rd.","Camera_Install_Year":"2020","Date_of_Data_Collection":"November-2024","AvgSpeed":"55","Pct85th":60,"PctCompliance":85,"PctHighEndSpeeders":0.3,"ObjectId":497}},{"type":"Feature","id":498,"geometry":null,"properties":{"Data_Type":"ASE Removed","Location":"E004 - Katimavik Rd. between Castlefrank Rd. and McGibbon Dr./Sewall Way","Camera_Install_Year":"2020","Date_of_Data_Collection":"February-2026","AvgSpeed":"43","Pct85th":50,"PctCompliance":37,"PctHighEndSpeeders":5.4,"ObjectId":498}},{"type":"Feature","id":499,"geometry":null,"properties":{"Data_Type":"ASE Active ","Location":"E003 - Bayshore Dr. between Woodridge N Cres. And Woodridge S Cres. ","Camera_Install_Year":"2020","Date_of_Data_Collection":"November-2024","AvgSpeed":"34","Pct85th":40,"PctCompliance":86,"PctHighEndSpeeders":0.4,"ObjectId":499}},{"type":"Feature","id":500,"geometry":null,"properties":{"Data_Type":"ASE Removed","Location":"E005 - Watters Dr. between Charlemagne Blvd. and Roberval Ave. ","Camera_Install_Year":"2020","Date_of_Data_Collection":"February-2026","AvgSpeed":"45","Pct85th":52,"PctCompliance":27,"PctHighEndSpeeders":6.5,"ObjectId":500}},{"type":"Feature","id":501,"geometry":null,"properties":{"Data_Type":"ASE Active ","Location":"E004 - Katimavik Rd. between Castlefrank Rd. and McGibbon Dr./Sewall Way","Camera_Install_Year":"2020","Date_of_Data_Collection":"November-2024","AvgSpeed":"36","Pct85th":41,"PctCompliance":83,"PctHighEndSpeeders":1.1,"ObjectId":501}},{"type":"Feature","id":502,"geometry":null,"properties":{"Data_Type":"ASE Removed","Location":"E006 - Ogilvie Rd. between Appleford St. and Elmlea Gate","Camera_Install_Year":"2020","Date_of_Data_Collection":"February-2026","AvgSpeed":"46","Pct85th":55,"PctCompliance":68,"PctHighEndSpeeders":1.7,"ObjectId":502}},{"type":"Feature","id":503,"geometry":null,"properties":{"Data_Type":"ASE Active ","Location":"E005 - Watters Dr. between Charlemagne Blvd. and Roberval Ave. ","Camera_Install_Year":"2020","Date_of_Data_Collection":"November-2024","AvgSpeed":"36","Pct85th":40,"PctCompliance":86,"PctHighEndSpeeders":0.2,"ObjectId":503}},{"type":"Feature","id":504,"geometry":null,"properties":{"Data_Type":"ASE Removed","Location":"E007 - Smyth Rd. between Haig Dr. and Edgecomb St. ","Camera_Install_Year":"2020","Date_of_Data_Collection":"February-2026","AvgSpeed":"51","Pct85th":58,"PctCompliance":50,"PctHighEndSpeeders":2.5,"ObjectId":504}},{"type":"Feature","id":505,"geometry":null,"properties":{"Data_Type":"ASE Active ","Location":"E006 - Ogilvie Rd. between Appleford St. and Elmlea Gate","Camera_Install_Year":"2020","Date_of_Data_Collection":"November-2024","AvgSpeed":"45","Pct85th":51,"PctCompliance":84,"PctHighEndSpeeders":0.3,"ObjectId":505}},{"type":"Feature","id":506,"geometry":null,"properties":{"Data_Type":"ASE Removed","Location":"E008 - Meadowlands Dr. W. between Winthrow Ave. and Thatcher St.","Camera_Install_Year":"2020","Date_of_Data_Collection":"February-2026","AvgSpeed":"43","Pct85th":51,"PctCompliance":35,"PctHighEndSpeeders":6.5,"ObjectId":506}},{"type":"Feature","id":507,"geometry":null,"properties":{"Data_Type":"ASE Active ","Location":"E007 - Smyth Rd. between Haig Dr. and Edgecomb St. ","Camera_Install_Year":"2020","Date_of_Data_Collection":"November-2024","AvgSpeed":"43","Pct85th":49,"PctCompliance":91,"PctHighEndSpeeders":0.2,"ObjectId":507}},{"type":"Feature","id":508,"geometry":null,"properties":{"Data_Type":"ASE Removed","Location":"E001 - Longfields Dr. between Highbury Park Dr. and Via Verona Ave.","Camera_Install_Year":"2020","Date_of_Data_Collection":"March-2026","AvgSpeed":"43","Pct85th":50,"PctCompliance":38,"PctHighEndSpeeders":5.4,"ObjectId":508}},{"type":"Feature","id":509,"geometry":null,"properties":{"Data_Type":"ASE Active ","Location":"E008 - Meadowlands Dr. W. between Winthrow Ave. and Thatcher St.","Camera_Install_Year":"2020","Date_of_Data_Collection":"November-2024","AvgSpeed":"35","Pct85th":39,"PctCompliance":90,"PctHighEndSpeeders":0.3,"ObjectId":509}},{"type":"Feature","id":510,"geometry":null,"properties":{"Data_Type":"ASE Removed","Location":"E002 - Innes Rd. between Provence Ave. and Trim Rd.","Camera_Install_Year":"2020","Date_of_Data_Collection":"March-2026","AvgSpeed":"63","Pct85th":70,"PctCompliance":38,"PctHighEndSpeeders":5.5,"ObjectId":510}},{"type":"Feature","id":511,"geometry":null,"properties":{"Data_Type":"ASE Active ","Location":"E001 - Longfields Dr. between Highbury Park Dr. and Via Verona Ave.","Camera_Install_Year":"2020","Date_of_Data_Collection":"December-2024","AvgSpeed":"35","Pct85th":39,"PctCompliance":91,"PctHighEndSpeeders":0.1,"ObjectId":511}},{"type":"Feature","id":512,"geometry":null,"properties":{"Data_Type":"ASE Removed","Location":"E003 - Bayshore Dr. between Woodridge N Cres. And Woodridge S Cres. ","Camera_Install_Year":"2020","Date_of_Data_Collection":"March-2026","AvgSpeed":"43","Pct85th":51,"PctCompliance":34,"PctHighEndSpeeders":5.5,"ObjectId":512}},{"type":"Feature","id":513,"geometry":null,"properties":{"Data_Type":"ASE Active ","Location":"E002 - Innes Rd. between Provence Ave. and Trim Rd.","Camera_Install_Year":"2020","Date_of_Data_Collection":"December-2024","AvgSpeed":"54","Pct85th":60,"PctCompliance":88,"PctHighEndSpeeders":0.3,"ObjectId":513}},{"type":"Feature","id":514,"geometry":null,"properties":{"Data_Type":"ASE Removed","Location":"E004 - Katimavik Rd. between Castlefrank Rd. and McGibbon Dr./Sewall Way","Camera_Install_Year":"2020","Date_of_Data_Collection":"March-2026","AvgSpeed":"45","Pct85th":52,"PctCompliance":29,"PctHighEndSpeeders":7.9,"ObjectId":514}},{"type":"Feature","id":515,"geometry":null,"properties":{"Data_Type":"ASE Active ","Location":"E003 - Bayshore Dr. between Woodridge N Cres. And Woodridge S Cres. ","Camera_Install_Year":"2020","Date_of_Data_Collection":"December-2024","AvgSpeed":"34","Pct85th":40,"PctCompliance":87,"PctHighEndSpeeders":0.3,"ObjectId":515}},{"type":"Feature","id":516,"geometry":null,"properties":{"Data_Type":"ASE Active ","Location":"E004 - Katimavik Rd. between Castlefrank Rd. and McGibbon Dr./Sewall Way","Camera_Install_Year":"2020","Date_of_Data_Collection":"December-2024","AvgSpeed":"36","Pct85th":41,"PctCompliance":84,"PctHighEndSpeeders":1.1,"ObjectId":516}},{"type":"Feature","id":517,"geometry":null,"properties":{"Data_Type":"ASE Active ","Location":"E005 - Watters Dr. between Charlemagne Blvd. and Roberval Ave. ","Camera_Install_Year":"2020","Date_of_Data_Collection":"December-2024","AvgSpeed":"36","Pct85th":40,"PctCompliance":87,"PctHighEndSpeeders":0.3,"ObjectId":517}},{"type":"Feature","id":518,"geometry":null,"properties":{"Data_Type":"ASE Active ","Location":"E006 - Ogilvie Rd. between Appleford St. and Elmlea Gate","Camera_Install_Year":"2020","Date_of_Data_Collection":"December-2024","AvgSpeed":"45","Pct85th":50,"PctCompliance":85,"PctHighEndSpeeders":0.3,"ObjectId":518}},{"type":"Feature","id":519,"geometry":null,"properties":{"Data_Type":"ASE Active ","Location":"E007 - Smyth Rd. between Haig Dr. and Edgecomb St. ","Camera_Install_Year":"2020","Date_of_Data_Collection":"December-2024","AvgSpeed":"42","Pct85th":49,"PctCompliance":91,"PctHighEndSpeeders":0.2,"ObjectId":519}},{"type":"Feature","id":520,"geometry":null,"properties":{"Data_Type":"ASE Active ","Location":"E008 - Meadowlands Dr. W. between Winthrow Ave. and Thatcher St.","Camera_Install_Year":"2020","Date_of_Data_Collection":"December-2024","AvgSpeed":"35","Pct85th":39,"PctCompliance":90,"PctHighEndSpeeders":0.3,"ObjectId":520}},{"type":"Feature","id":521,"geometry":null,"properties":{"Data_Type":"ASE Active ","Location":"E001 - Longfields Dr. between Highbury Park Dr. and Via Verona Ave.","Camera_Install_Year":"2020","Date_of_Data_Collection":"January-2025","AvgSpeed":"35","Pct85th":39,"PctCompliance":91,"PctHighEndSpeeders":0.1,"ObjectId":521}},{"type":"Feature","id":522,"geometry":null,"properties":{"Data_Type":"ASE Active ","Location":"E002 - Innes Rd. between Provence Ave. and Trim Rd.","Camera_Install_Year":"2020","Date_of_Data_Collection":"January-2025","AvgSpeed":"54","Pct85th":60,"PctCompliance":88,"PctHighEndSpeeders":0.3,"ObjectId":522}},{"type":"Feature","id":523,"geometry":null,"properties":{"Data_Type":"ASE Active ","Location":"E003 - Bayshore Dr. between Woodridge N Cres. And Woodridge S Cres. ","Camera_Install_Year":"2020","Date_of_Data_Collection":"January-2025","AvgSpeed":"34","Pct85th":40,"PctCompliance":87,"PctHighEndSpeeders":0.3,"ObjectId":523}},{"type":"Feature","id":524,"geometry":null,"properties":{"Data_Type":"ASE Active ","Location":"E004 - Katimavik Rd. between Castlefrank Rd. and McGibbon Dr./Sewall Way","Camera_Install_Year":"2020","Date_of_Data_Collection":"January-2025","AvgSpeed":"36","Pct85th":41,"PctCompliance":85,"PctHighEndSpeeders":1.1,"ObjectId":524}},{"type":"Feature","id":525,"geometry":null,"properties":{"Data_Type":"ASE Active ","Location":"E005 - Watters Dr. between Charlemagne Blvd. and Roberval Ave. ","Camera_Install_Year":"2020","Date_of_Data_Collection":"January-2025","AvgSpeed":"36","Pct85th":40,"PctCompliance":86,"PctHighEndSpeeders":0.2,"ObjectId":525}},{"type":"Feature","id":526,"geometry":null,"properties":{"Data_Type":"ASE Active ","Location":"E006 - Ogilvie Rd. between Appleford St. and Elmlea Gate","Camera_Install_Year":"2020","Date_of_Data_Collection":"January-2025","AvgSpeed":"45","Pct85th":50,"PctCompliance":87,"PctHighEndSpeeders":0.2,"ObjectId":526}},{"type":"Feature","id":527,"geometry":null,"properties":{"Data_Type":"ASE Active ","Location":"E007 - Smyth Rd. between Haig Dr. and Edgecomb St. ","Camera_Install_Year":"2020","Date_of_Data_Collection":"January-2025","AvgSpeed":"42","Pct85th":48,"PctCompliance":92,"PctHighEndSpeeders":0.1,"ObjectId":527}},{"type":"Feature","id":528,"geometry":null,"properties":{"Data_Type":"ASE Active ","Location":"E008 - Meadowlands Dr. W. between Winthrow Ave. and Thatcher St.","Camera_Install_Year":"2020","Date_of_Data_Collection":"January-2025","AvgSpeed":"35","Pct85th":39,"PctCompliance":90,"PctHighEndSpeeders":0.3,"ObjectId":528}},{"type":"Feature","id":529,"geometry":null,"properties":{"Data_Type":"ASE Active ","Location":"E001 - Longfields Dr. between Highbury Park Dr. and Via Verona Ave.","Camera_Install_Year":"2020","Date_of_Data_Collection":"February-2025","AvgSpeed":"35","Pct85th":39,"PctCompliance":93,"PctHighEndSpeeders":0.1,"ObjectId":529}},{"type":"Feature","id":530,"geometry":null,"properties":{"Data_Type":"ASE Active ","Location":"E002 - Innes Rd. between Provence Ave. and Trim Rd.","Camera_Install_Year":"2020","Date_of_Data_Collection":"February-2025","AvgSpeed":"53","Pct85th":59,"PctCompliance":89,"PctHighEndSpeeders":0.2,"ObjectId":530}},{"type":"Feature","id":531,"geometry":null,"properties":{"Data_Type":"ASE Active ","Location":"E003 - Bayshore Dr. between Woodridge N Cres. And Woodridge S Cres. ","Camera_Install_Year":"2020","Date_of_Data_Collection":"February-2025","AvgSpeed":"33","Pct85th":39,"PctCompliance":90,"PctHighEndSpeeders":0.2,"ObjectId":531}},{"type":"Feature","id":532,"geometry":null,"properties":{"Data_Type":"ASE Active ","Location":"E004 - Katimavik Rd. between Castlefrank Rd. and McGibbon Dr./Sewall Way","Camera_Install_Year":"2020","Date_of_Data_Collection":"February-2025","AvgSpeed":"35","Pct85th":40,"PctCompliance":87,"PctHighEndSpeeders":0.8,"ObjectId":532}},{"type":"Feature","id":533,"geometry":null,"properties":{"Data_Type":"ASE Active ","Location":"E005 - Watters Dr. between Charlemagne Blvd. and Roberval Ave. ","Camera_Install_Year":"2020","Date_of_Data_Collection":"February-2025","AvgSpeed":"35","Pct85th":40,"PctCompliance":89,"PctHighEndSpeeders":0.2,"ObjectId":533}},{"type":"Feature","id":534,"geometry":null,"properties":{"Data_Type":"ASE Active ","Location":"E006 - Ogilvie Rd. between Appleford St. and Elmlea Gate","Camera_Install_Year":"2020","Date_of_Data_Collection":"February-2025","AvgSpeed":"44","Pct85th":50,"PctCompliance":87,"PctHighEndSpeeders":0.2,"ObjectId":534}},{"type":"Feature","id":535,"geometry":null,"properties":{"Data_Type":"ASE Active ","Location":"E007 - Smyth Rd. between Haig Dr. and Edgecomb St. ","Camera_Install_Year":"2020","Date_of_Data_Collection":"February-2025","AvgSpeed":"41","Pct85th":47,"PctCompliance":94,"PctHighEndSpeeders":0.1,"ObjectId":535}},{"type":"Feature","id":536,"geometry":null,"properties":{"Data_Type":"ASE Active ","Location":"E008 - Meadowlands Dr. W. between Winthrow Ave. and Thatcher St.","Camera_Install_Year":"2020","Date_of_Data_Collection":"February-2025","AvgSpeed":"35","Pct85th":39,"PctCompliance":90,"PctHighEndSpeeders":0.2,"ObjectId":536}},{"type":"Feature","id":537,"geometry":null,"properties":{"Data_Type":"ASE Active ","Location":"E001 - Longfields Dr. between Highbury Park Dr. and Via Verona Ave.","Camera_Install_Year":"2020","Date_of_Data_Collection":"March-2025","AvgSpeed":"35","Pct85th":39,"PctCompliance":91,"PctHighEndSpeeders":0.1,"ObjectId":537}},{"type":"Feature","id":538,"geometry":null,"properties":{"Data_Type":"ASE Active ","Location":"E002 - Innes Rd. between Provence Ave. and Trim Rd.","Camera_Install_Year":"2020","Date_of_Data_Collection":"March-2025","AvgSpeed":"54","Pct85th":60,"PctCompliance":87,"PctHighEndSpeeders":0.3,"ObjectId":538}},{"type":"Feature","id":539,"geometry":null,"properties":{"Data_Type":"ASE Active ","Location":"E003 - Bayshore Dr. between Woodridge N Cres. And Woodridge S Cres. ","Camera_Install_Year":"2020","Date_of_Data_Collection":"March-2025","AvgSpeed":"34","Pct85th":40,"PctCompliance":87,"PctHighEndSpeeders":0.2,"ObjectId":539}},{"type":"Feature","id":540,"geometry":null,"properties":{"Data_Type":"ASE Active ","Location":"E004 - Katimavik Rd. between Castlefrank Rd. and McGibbon Dr./Sewall Way","Camera_Install_Year":"2020","Date_of_Data_Collection":"March-2025","AvgSpeed":"36","Pct85th":41,"PctCompliance":84,"PctHighEndSpeeders":0.9,"ObjectId":540}},{"type":"Feature","id":541,"geometry":null,"properties":{"Data_Type":"ASE Active ","Location":"E005 - Watters Dr. between Charlemagne Blvd. and Roberval Ave. ","Camera_Install_Year":"2020","Date_of_Data_Collection":"March-2025","AvgSpeed":"36","Pct85th":40,"PctCompliance":86,"PctHighEndSpeeders":0.2,"ObjectId":541}},{"type":"Feature","id":542,"geometry":null,"properties":{"Data_Type":"ASE Active ","Location":"E006 - Ogilvie Rd. between Appleford St. and Elmlea Gate","Camera_Install_Year":"2020","Date_of_Data_Collection":"March-2025","AvgSpeed":"45","Pct85th":51,"PctCompliance":85,"PctHighEndSpeeders":0.3,"ObjectId":542}},{"type":"Feature","id":543,"geometry":null,"properties":{"Data_Type":"ASE Active ","Location":"E007 - Smyth Rd. between Haig Dr. and Edgecomb St. ","Camera_Install_Year":"2020","Date_of_Data_Collection":"March-2025","AvgSpeed":"41","Pct85th":47,"PctCompliance":94,"PctHighEndSpeeders":0.1,"ObjectId":543}},{"type":"Feature","id":544,"geometry":null,"properties":{"Data_Type":"ASE Active ","Location":"E008 - Meadowlands Dr. W. between Winthrow Ave. and Thatcher St.","Camera_Install_Year":"2020","Date_of_Data_Collection":"March-2025","AvgSpeed":"36","Pct85th":40,"PctCompliance":89,"PctHighEndSpeeders":0.3,"ObjectId":544}},{"type":"Feature","id":545,"geometry":null,"properties":{"Data_Type":"ASE Active ","Location":"E001 - Longfields Dr. between Highbury Park Dr. and Via Verona Ave.","Camera_Install_Year":"2020","Date_of_Data_Collection":"April-2025","AvgSpeed":"35","Pct85th":39,"PctCompliance":91,"PctHighEndSpeeders":0.1,"ObjectId":545}},{"type":"Feature","id":546,"geometry":null,"properties":{"Data_Type":"ASE Active ","Location":"E002 - Innes Rd. between Provence Ave. and Trim Rd.","Camera_Install_Year":"2020","Date_of_Data_Collection":"April-2025","AvgSpeed":"54","Pct85th":60,"PctCompliance":87,"PctHighEndSpeeders":0.2,"ObjectId":546}},{"type":"Feature","id":547,"geometry":null,"properties":{"Data_Type":"ASE Active ","Location":"E003 - Bayshore Dr. between Woodridge N Cres. And Woodridge S Cres. ","Camera_Install_Year":"2020","Date_of_Data_Collection":"April-2025","AvgSpeed":"34","Pct85th":40,"PctCompliance":87,"PctHighEndSpeeders":0.3,"ObjectId":547}},{"type":"Feature","id":548,"geometry":null,"properties":{"Data_Type":"ASE Active ","Location":"E004 - Katimavik Rd. between Castlefrank Rd. and McGibbon Dr./Sewall Way","Camera_Install_Year":"2020","Date_of_Data_Collection":"April-2025","AvgSpeed":"36","Pct85th":40,"PctCompliance":86,"PctHighEndSpeeders":0.8,"ObjectId":548}},{"type":"Feature","id":549,"geometry":null,"properties":{"Data_Type":"ASE Active ","Location":"E005 - Watters Dr. between Charlemagne Blvd. and Roberval Ave. ","Camera_Install_Year":"2020","Date_of_Data_Collection":"April-2025","AvgSpeed":"36","Pct85th":40,"PctCompliance":86,"PctHighEndSpeeders":0.2,"ObjectId":549}},{"type":"Feature","id":550,"geometry":null,"properties":{"Data_Type":"ASE Active ","Location":"E006 - Ogilvie Rd. between Appleford St. and Elmlea Gate","Camera_Install_Year":"2020","Date_of_Data_Collection":"April-2025","AvgSpeed":"45","Pct85th":50,"PctCompliance":86,"PctHighEndSpeeders":0.2,"ObjectId":550}},{"type":"Feature","id":551,"geometry":null,"properties":{"Data_Type":"ASE Active ","Location":"E007 - Smyth Rd. between Haig Dr. and Edgecomb St. ","Camera_Install_Year":"2020","Date_of_Data_Collection":"April-2025","AvgSpeed":"41","Pct85th":47,"PctCompliance":94,"PctHighEndSpeeders":0.1,"ObjectId":551}},{"type":"Feature","id":552,"geometry":null,"properties":{"Data_Type":"ASE Active ","Location":"E008 - Meadowlands Dr. W. between Winthrow Ave. and Thatcher St.","Camera_Install_Year":"2020","Date_of_Data_Collection":"April-2025","AvgSpeed":"35","Pct85th":40,"PctCompliance":89,"PctHighEndSpeeders":0.3,"ObjectId":552}},{"type":"Feature","id":553,"geometry":null,"properties":{"Data_Type":"ASE Active ","Location":"E001 - Longfields Dr. between Highbury Park Dr. and Via Verona Ave.","Camera_Install_Year":"2020","Date_of_Data_Collection":"May-2025","AvgSpeed":"35","Pct85th":39,"PctCompliance":91,"PctHighEndSpeeders":0.1,"ObjectId":553}},{"type":"Feature","id":554,"geometry":null,"properties":{"Data_Type":"ASE Active ","Location":"E002 - Innes Rd. between Provence Ave. and Trim Rd.","Camera_Install_Year":"2020","Date_of_Data_Collection":"May-2025","AvgSpeed":"54","Pct85th":60,"PctCompliance":88,"PctHighEndSpeeders":0.2,"ObjectId":554}},{"type":"Feature","id":555,"geometry":null,"properties":{"Data_Type":"ASE Removed","Location":"E005 - Watters Dr. between Charlemagne Blvd. and Roberval Ave. ","Camera_Install_Year":"2020","Date_of_Data_Collection":"March-2026","AvgSpeed":"46","Pct85th":52,"PctCompliance":23,"PctHighEndSpeeders":8.6,"ObjectId":555}},{"type":"Feature","id":556,"geometry":null,"properties":{"Data_Type":"ASE Removed","Location":"E006 - Ogilvie Rd. between Appleford St. and Elmlea Gate","Camera_Install_Year":"2020","Date_of_Data_Collection":"March-2026","AvgSpeed":"49","Pct85th":57,"PctCompliance":58,"PctHighEndSpeeders":3.2,"ObjectId":556}},{"type":"Feature","id":557,"geometry":null,"properties":{"Data_Type":"ASE Removed","Location":"E007 - Smyth Rd. between Haig Dr. and Edgecomb St. ","Camera_Install_Year":"2020","Date_of_Data_Collection":"March-2026","AvgSpeed":"52","Pct85th":59,"PctCompliance":44,"PctHighEndSpeeders":3.7,"ObjectId":557}},{"type":"Feature","id":558,"geometry":null,"properties":{"Data_Type":"ASE Removed","Location":"E008 - Meadowlands Dr. W. between Winthrow Ave. and Thatcher St.","Camera_Install_Year":"2020","Date_of_Data_Collection":"March-2026","AvgSpeed":"45","Pct85th":53,"PctCompliance":26,"PctHighEndSpeeders":9.1,"ObjectId":558}},{"type":"Feature","id":559,"geometry":null,"properties":{"Data_Type":"ASE Removed","Location":"E001 - Longfields Dr. between Highbury Park Dr. and Via Verona Ave.","Camera_Install_Year":"2020","Date_of_Data_Collection":"April-2026","AvgSpeed":"45","Pct85th":52,"PctCompliance":25,"PctHighEndSpeeders":6,"ObjectId":559}},{"type":"Feature","id":560,"geometry":null,"properties":{"Data_Type":"ASE Removed","Location":"E002 - Innes Rd. between Provence Ave. and Trim Rd.","Camera_Install_Year":"2020","Date_of_Data_Collection":"April-2026","AvgSpeed":"63","Pct85th":70,"PctCompliance":35,"PctHighEndSpeeders":4.8,"ObjectId":560}},{"type":"Feature","id":561,"geometry":null,"properties":{"Data_Type":"ASE Removed","Location":"E003 - Bayshore Dr. between Woodridge N Cres. And Woodridge S Cres. ","Camera_Install_Year":"2020","Date_of_Data_Collection":"April-2026","AvgSpeed":"44","Pct85th":51,"PctCompliance":31,"PctHighEndSpeeders":5.1,"ObjectId":561}},{"type":"Feature","id":562,"geometry":null,"properties":{"Data_Type":"ASE Removed","Location":"E004 - Katimavik Rd. between Castlefrank Rd. and McGibbon Dr./Sewall Way","Camera_Install_Year":"2020","Date_of_Data_Collection":"April-2026","AvgSpeed":"43","Pct85th":50,"PctCompliance":37,"PctHighEndSpeeders":4.3,"ObjectId":562}},{"type":"Feature","id":563,"geometry":null,"properties":{"Data_Type":"ASE Removed","Location":"E005 - Watters Dr. between Charlemagne Blvd. and Roberval Ave. ","Camera_Install_Year":"2020","Date_of_Data_Collection":"April-2026","AvgSpeed":"45","Pct85th":53,"PctCompliance":24,"PctHighEndSpeeders":8.2,"ObjectId":563}},{"type":"Feature","id":564,"geometry":null,"properties":{"Data_Type":"ASE Removed","Location":"E006 - Ogilvie Rd. between Appleford St. and Elmlea Gate","Camera_Install_Year":"2020","Date_of_Data_Collection":"April-2026","AvgSpeed":"47","Pct85th":56,"PctCompliance":64,"PctHighEndSpeeders":2.5,"ObjectId":564}},{"type":"Feature","id":565,"geometry":null,"properties":{"Data_Type":"ASE Removed","Location":"E007 - Smyth Rd. between Haig Dr. and Edgecomb St. ","Camera_Install_Year":"2020","Date_of_Data_Collection":"April-2026","AvgSpeed":"51","Pct85th":58,"PctCompliance":47,"PctHighEndSpeeders":2.8,"ObjectId":565}},{"type":"Feature","id":566,"geometry":null,"properties":{"Data_Type":"ASE Removed","Location":"E008 - Meadowlands Dr. W. between Winthrow Ave. and Thatcher St.","Camera_Install_Year":"2020","Date_of_Data_Collection":"April-2026","AvgSpeed":"43","Pct85th":49,"PctCompliance":35,"PctHighEndSpeeders":4.4,"ObjectId":566}},{"type":"Feature","id":567,"geometry":null,"properties":{"Data_Type":"ASE Removed","Location":"E001 - Longfields Dr. between Highbury Park Dr. and Via Verona Ave.","Camera_Install_Year":"2020","Date_of_Data_Collection":"May-2026","AvgSpeed":"39","Pct85th":48,"PctCompliance":50,"PctHighEndSpeeders":2.5,"ObjectId":567}},{"type":"Feature","id":568,"geometry":null,"properties":{"Data_Type":"ASE Removed","Location":"E002 - Innes Rd. between Provence Ave. and Trim Rd.","Camera_Install_Year":"2020","Date_of_Data_Collection":"May-2026","AvgSpeed":"64","Pct85th":71,"PctCompliance":33,"PctHighEndSpeeders":5.8,"ObjectId":568}},{"type":"Feature","id":569,"geometry":null,"properties":{"Data_Type":"ASE Removed","Location":"E003 - Bayshore Dr. between Woodridge N Cres. And Woodridge S Cres. ","Camera_Install_Year":"2020","Date_of_Data_Collection":"May-2026","AvgSpeed":"43","Pct85th":51,"PctCompliance":38,"PctHighEndSpeeders":5.7,"ObjectId":569}},{"type":"Feature","id":570,"geometry":null,"properties":{"Data_Type":"ASE Removed","Location":"E004 - Katimavik Rd. between Castlefrank Rd. and McGibbon Dr./Sewall Way","Camera_Install_Year":"2020","Date_of_Data_Collection":"May-2026","AvgSpeed":"47","Pct85th":54,"PctCompliance":20,"PctHighEndSpeeders":11.3,"ObjectId":570}},{"type":"Feature","id":571,"geometry":null,"properties":{"Data_Type":"ASE Removed","Location":"E005 - Watters Dr. between Charlemagne Blvd. and Roberval Ave. ","Camera_Install_Year":"2020","Date_of_Data_Collection":"May-2026","AvgSpeed":"44","Pct85th":51,"PctCompliance":26,"PctHighEndSpeeders":5.1,"ObjectId":571}},{"type":"Feature","id":572,"geometry":null,"properties":{"Data_Type":"ASE Removed","Location":"E006 - Ogilvie Rd. between Appleford St. and Elmlea Gate","Camera_Install_Year":"2020","Date_of_Data_Collection":"May-2026","AvgSpeed":"50","Pct85th":58,"PctCompliance":48,"PctHighEndSpeeders":2.7,"ObjectId":572}},{"type":"Feature","id":573,"geometry":null,"properties":{"Data_Type":"ASE Removed","Location":"E007 - Smyth Rd. between Haig Dr. and Edgecomb St. ","Camera_Install_Year":"2020","Date_of_Data_Collection":"May-2026","AvgSpeed":"51","Pct85th":58,"PctCompliance":48,"PctHighEndSpeeders":2.9,"ObjectId":573}},{"type":"Feature","id":574,"geometry":null,"properties":{"Data_Type":"ASE Removed","Location":"E008 - Meadowlands Dr. W. between Winthrow Ave. and Thatcher St.","Camera_Install_Year":"2020","Date_of_Data_Collection":"May-2026","AvgSpeed":"42","Pct85th":49,"PctCompliance":40,"PctHighEndSpeeders":3.5,"ObjectId":574}},{"type":"Feature","id":575,"geometry":null,"properties":{"Data_Type":"ASE Removed","Location":"E001 - Longfields Dr. between Highbury Park Dr. and Via Verona Ave.","Camera_Install_Year":"2020","Date_of_Data_Collection":"June-2026","AvgSpeed":"41","Pct85th":49,"PctCompliance":44,"PctHighEndSpeeders":3.3,"ObjectId":575}},{"type":"Feature","id":576,"geometry":null,"properties":{"Data_Type":"ASE Removed","Location":"E002 - Innes Rd. between Provence Ave. and Trim Rd.","Camera_Install_Year":"2020","Date_of_Data_Collection":"June-2026","AvgSpeed":"63","Pct85th":70,"PctCompliance":37,"PctHighEndSpeeders":4.3,"ObjectId":576}},{"type":"Feature","id":577,"geometry":null,"properties":{"Data_Type":"ASE Removed","Location":"E003 - Bayshore Dr. between Woodridge N Cres. And Woodridge S Cres. ","Camera_Install_Year":"2020","Date_of_Data_Collection":"June-2026","AvgSpeed":"46","Pct85th":53,"PctCompliance":20,"PctHighEndSpeeders":9.7,"ObjectId":577}},{"type":"Feature","id":578,"geometry":null,"properties":{"Data_Type":"ASE Removed","Location":"E004 - Katimavik Rd. between Castlefrank Rd. and McGibbon Dr./Sewall Way","Camera_Install_Year":"2020","Date_of_Data_Collection":"June-2026","AvgSpeed":"42","Pct85th":49,"PctCompliance":42,"PctHighEndSpeeders":3.4,"ObjectId":578}},{"type":"Feature","id":579,"geometry":null,"properties":{"Data_Type":"ASE Removed","Location":"E005 - Watters Dr. between Charlemagne Blvd. and Roberval Ave. ","Camera_Install_Year":"2020","Date_of_Data_Collection":"June-2026","AvgSpeed":"44","Pct85th":50,"PctCompliance":30,"PctHighEndSpeeders":4.3,"ObjectId":579}},{"type":"Feature","id":580,"geometry":null,"properties":{"Data_Type":"ASE Removed","Location":"E006 - Ogilvie Rd. between Appleford St. and Elmlea Gate","Camera_Install_Year":"2020","Date_of_Data_Collection":"June-2026","AvgSpeed":"52","Pct85th":59,"PctCompliance":43,"PctHighEndSpeeders":3.2,"ObjectId":580}},{"type":"Feature","id":581,"geometry":null,"properties":{"Data_Type":"ASE Removed","Location":"E007 - Smyth Rd. between Haig Dr. and Edgecomb St. ","Camera_Install_Year":"2020","Date_of_Data_Collection":"June-2026","AvgSpeed":"50","Pct85th":57,"PctCompliance":52,"PctHighEndSpeeders":2.6,"ObjectId":581}},{"type":"Feature","id":582,"geometry":null,"properties":{"Data_Type":"ASE Removed","Location":"E008 - Meadowlands Dr. W. between Winthrow Ave. and Thatcher St.","Camera_Install_Year":"2020","Date_of_Data_Collection":"June-2026","AvgSpeed":"42","Pct85th":49,"PctCompliance":38,"PctHighEndSpeeders":4,"ObjectId":582}},{"type":"Feature","id":583,"geometry":null,"properties":{"Data_Type":"ASE Removed","Location":"E001 - Longfields Dr. between Highbury Park Dr. and Via Verona Ave.","Camera_Install_Year":"2020","Date_of_Data_Collection":"July-2026","AvgSpeed":"45","Pct85th":52,"PctCompliance":22,"PctHighEndSpeeders":6.7,"ObjectId":583}},{"type":"Feature","id":584,"geometry":null,"properties":{"Data_Type":"ASE Removed","Location":"E002 - Innes Rd. between Provence Ave. and Trim Rd.","Camera_Install_Year":"2020","Date_of_Data_Collection":"July-2026","AvgSpeed":"63","Pct85th":70,"PctCompliance":33,"PctHighEndSpeeders":5.6,"ObjectId":584}},{"type":"Feature","id":585,"geometry":null,"properties":{"Data_Type":"ASE Removed","Location":"E003 - Bayshore Dr. between Woodridge N Cres. And Woodridge S Cres. ","Camera_Install_Year":"2020","Date_of_Data_Collection":"July-2026","AvgSpeed":"46","Pct85th":53,"PctCompliance":20,"PctHighEndSpeeders":8.3,"ObjectId":585}},{"type":"Feature","id":586,"geometry":null,"properties":{"Data_Type":"ASE Removed","Location":"E004 - Katimavik Rd. between Castlefrank Rd. and McGibbon Dr./Sewall Way","Camera_Install_Year":"2020","Date_of_Data_Collection":"July-2026","AvgSpeed":"45","Pct85th":52,"PctCompliance":24,"PctHighEndSpeeders":5.9,"ObjectId":586}},{"type":"Feature","id":587,"geometry":null,"properties":{"Data_Type":"ASE Removed","Location":"E005 - Watters Dr. between Charlemagne Blvd. and Roberval Ave. ","Camera_Install_Year":"2020","Date_of_Data_Collection":"July-2026","AvgSpeed":"46","Pct85th":52,"PctCompliance":18,"PctHighEndSpeeders":6.8,"ObjectId":587}},{"type":"Feature","id":588,"geometry":null,"properties":{"Data_Type":"ASE Removed","Location":"E006 - Ogilvie Rd. between Appleford St. and Elmlea Gate","Camera_Install_Year":"2020","Date_of_Data_Collection":"July-2026","AvgSpeed":"53","Pct85th":60,"PctCompliance":34,"PctHighEndSpeeders":4.6,"ObjectId":588}},{"type":"Feature","id":589,"geometry":null,"properties":{"Data_Type":"ASE Removed","Location":"E007 - Smyth Rd. between Haig Dr. and Edgecomb St. ","Camera_Install_Year":"2020","Date_of_Data_Collection":"July-2026","AvgSpeed":"51","Pct85th":58,"PctCompliance":48,"PctHighEndSpeeders":2.9,"ObjectId":589}},{"type":"Feature","id":590,"geometry":null,"properties":{"Data_Type":"ASE Removed","Location":"E008 - Meadowlands Dr. W. between Winthrow Ave. and Thatcher St.","Camera_Install_Year":"2020","Date_of_Data_Collection":"July-2026","AvgSpeed":"43","Pct85th":50,"PctCompliance":33,"PctHighEndSpeeders":4.7,"ObjectId":590}}]}