{"type":"FeatureCollection","features":[{"type":"Feature","properties":{"name":"South Keys - Greenboro West","population_2016":4221},"geometry":{"type":"Polygon","coordinates":[[[-75.62712,45.3723],[-75.63887,45.36778],[-75.63724,45.3658],[-75.63743,45.36529],[-75.64294,45.36306],[-75.64267,45.36243],[-75.64335,45.36208],[-75.64384,45.36271],[-75.6451,45.36229],[-75.64492,45.36149],[-75.64595,45.36101],[-75.64692,45.36237],[-75.6461,45.36277],[-75.64762,45.36413],[-75.64853,45.36381],[-75.64332,45.35445],[-75.65093,45.35093],[-75.65365,45.35027],[-75.66079,45.36248],[-75.63806,45.37148],[-75.63786,45.37519],[-75.63859,45.38031],[-75.63034,45.38381],[-75.62868,45.38182],[-75.62421,45.37337],[-75.62712,45.3723]]]}},{"type":"Feature","properties":{"name":"Tanglewood","population_2016":4928},"geometry":{"type":"Polygon","coordinates":[[[-75.72771,45.34108],[-75.72407,45.33471],[-75.7286,45.33289],[-75.73573,45.33254],[-75.74113,45.33073],[-75.74678,45.32979],[-75.74897,45.32871],[-75.75494,45.33915],[-75.75013,45.34093],[-75.74933,45.33983],[-75.74851,45.33956],[-75.74524,45.3399],[-75.74428,45.3409],[-75.74288,45.34083],[-75.74253,45.34014],[-75.73833,45.34055],[-75.73825,45.34129],[-75.73728,45.34138],[-75.73694,45.34069],[-75.73154,45.34123],[-75.72967,45.34196],[-75.73044,45.34347],[-75.72934,45.34389],[-75.72771,45.34108]]]}},{"type":"Feature","properties":{"name":"Vanier South","population_2016":6759},"geometry":{"type":"Polygon","coordinates":[[[-75.64222,45.43284],[-75.67065,45.43055],[-75.67022,45.43294],[-75.64684,45.44111],[-75.64222,45.43284]]]}},{"type":"Feature","properties":{"name":"West Centretown","population_2016":9856},"geometry":{"type":"Polygon","coordinates":[[[-75.70746,45.41438],[-75.70201,45.40501],[-75.70581,45.40404],[-75.70304,45.39957],[-75.71359,45.39487],[-75.71735,45.40115],[-75.71286,45.40269],[-75.72194,45.40901],[-75.70936,45.41442],[-75.70779,45.41495],[-75.70746,45.41438]]]}},{"type":"Feature","properties":{"name":"Hunt Club Park","population_2016":8566},"geometry":{"type":"Polygon","coordinates":[[[-75.59833,45.37599],[-75.59692,45.37346],[-75.61901,45.36419],[-75.62421,45.37337],[-75.62319,45.37369],[-75.62361,45.37441],[-75.62318,45.37533],[-75.61965,45.37669],[-75.61875,45.37514],[-75.61561,45.37608],[-75.59945,45.37798],[-75.59833,45.37599]]]}},{"type":"Feature","properties":{"name":"East Industrial","population_2016":2084},"geometry":{"type":"Polygon","coordinates":[[[-75.66947,45.39923],[-75.67037,45.39947],[-75.668,45.40263],[-75.66826,45.40523],[-75.67114,45.40796],[-75.67245,45.40976],[-75.67259,45.41072],[-75.67177,45.41205],[-75.66955,45.41346],[-75.66307,45.41519],[-75.66184,45.41637],[-75.66204,45.41714],[-75.65653,45.41773],[-75.65175,45.4192],[-75.64712,45.41953],[-75.64663,45.41684],[-75.64562,45.41574],[-75.63581,45.41226],[-75.63178,45.4115],[-75.63048,45.41184],[-75.63504,45.42021],[-75.62807,45.42101],[-75.62137,45.42326],[-75.61788,45.42318],[-75.61467,45.42157],[-75.61377,45.42033],[-75.61335,45.4186],[-75.60493,45.41693],[-75.60326,45.41707],[-75.60245,45.41649],[-75.60022,45.41747],[-75.59747,45.41234],[-75.59622,45.41253],[-75.59944,45.39711],[-75.59699,45.39275],[-75.59454,45.39108],[-75.59021,45.38981],[-75.58982,45.38926],[-75.59796,45.38658],[-75.59529,45.38492],[-75.58709,45.38175],[-75.58758,45.38102],[-75.59059,45.37932],[-75.59207,45.37642],[-75.5967,45.37429],[-75.59637,45.37371],[-75.59693,45.37348],[-75.59945,45.37798],[-75.61561,45.37608],[-75.61875,45.37514],[-75.61965,45.37669],[-75.62318,45.37533],[-75.62361,45.37441],[-75.62319,45.37369],[-75.62421,45.37337],[-75.62868,45.38182],[-75.63034,45.38381],[-75.60758,45.39296],[-75.60562,45.3941],[-75.60596,45.3949],[-75.61297,45.39925],[-75.61238,45.3997],[-75.61609,45.40212],[-75.61911,45.40178],[-75.621,45.40239],[-75.62589,45.40095],[-75.626,45.4015],[-75.62788,45.4024],[-75.62856,45.40427],[-75.63268,45.40403],[-75.63592,45.40845],[-75.64319,45.41017],[-75.6484,45.41067],[-75.65254,45.4102],[-75.65305,45.41155],[-75.65826,45.41218],[-75.65995,45.4107],[-75.66371,45.41002],[-75.66497,45.40874],[-75.66494,45.40554],[-75.66562,45.40331],[-75.66947,45.39923]],[[-75.66947,45.39923],[-75.66945,45.39923],[-75.66945,45.39923],[-75.66947,45.39923]]]}},{"type":"Feature","properties":{"name":"Elmvale - Canterbury","population_2016":11540},"geometry":{"type":"Polygon","coordinates":[[[-75.63336,45.40475],[-75.63268,45.40403],[-75.62856,45.40427],[-75.62746,45.40189],[-75.62607,45.40155],[-75.62589,45.40095],[-75.62418,45.40141],[-75.62332,45.40082],[-75.62377,45.40025],[-75.62315,45.39914],[-75.62251,45.39892],[-75.6224,45.39773],[-75.61751,45.38896],[-75.63309,45.38269],[-75.64015,45.39136],[-75.6405,45.394],[-75.64255,45.39976],[-75.64484,45.39961],[-75.6455,45.40283],[-75.64661,45.4036],[-75.64947,45.40425],[-75.64936,45.40484],[-75.65279,45.40962],[-75.65169,45.41047],[-75.64729,45.41066],[-75.64319,45.41017],[-75.63592,45.40845],[-75.63336,45.40475]]]}},{"type":"Feature","properties":{"name":"Merivale Gardens - Grenfell Glen - Pineglen - Country Place","population_2016":2930},"geometry":{"type":"Polygon","coordinates":[[[-75.72316,45.33313],[-75.71792,45.3239],[-75.7037,45.33006],[-75.70333,45.33123],[-75.69987,45.3308],[-75.70058,45.32938],[-75.6999,45.32583],[-75.69984,45.32236],[-75.69906,45.32173],[-75.69817,45.32194],[-75.69668,45.32111],[-75.6983,45.3211],[-75.69999,45.31998],[-75.70315,45.31923],[-75.70429,45.3199],[-75.70497,45.31972],[-75.70503,45.32013],[-75.70581,45.32004],[-75.7083,45.3192],[-75.70823,45.31884],[-75.70963,45.31794],[-75.7116,45.31784],[-75.71421,45.31691],[-75.71469,45.31588],[-75.71575,45.31624],[-75.7168,45.31583],[-75.71728,45.31651],[-75.71808,45.31642],[-75.71824,45.31588],[-75.71983,45.31573],[-75.72035,45.31473],[-75.71954,45.31305],[-75.72133,45.31124],[-75.72296,45.31076],[-75.72264,45.3103],[-75.72319,45.31],[-75.72307,45.30949],[-75.72454,45.30962],[-75.7245,45.30911],[-75.72593,45.30866],[-75.72719,45.30889],[-75.72878,45.30762],[-75.72997,45.30772],[-75.73118,45.30634],[-75.73296,45.30597],[-75.73348,45.30504],[-75.73482,45.3048],[-75.74166,45.31694],[-75.74897,45.32871],[-75.74678,45.32979],[-75.74113,45.33073],[-75.73573,45.33254],[-75.7286,45.33289],[-75.72407,45.33471],[-75.72316,45.33313]]]}},{"type":"Feature","properties":{"name":"Braemar Park - Bel Air Heights - Copeland Park","population_2016":6727},"geometry":{"type":"Polygon","coordinates":[[[-75.74345,45.36772],[-75.74132,45.36391],[-75.74624,45.36384],[-75.74648,45.36303],[-75.74428,45.35948],[-75.76298,45.35151],[-75.76824,45.36109],[-75.75953,45.36574],[-75.75454,45.37031],[-75.7529,45.36777],[-75.7451,45.3707],[-75.74345,45.36772]]]}},{"type":"Feature","properties":{"name":"Briar Green - Leslie Park","population_2016":5315},"geometry":{"type":"Polygon","coordinates":[[[-75.77788,45.34518],[-75.77569,45.34149],[-75.77539,45.34065],[-75.77586,45.34045],[-75.77484,45.33896],[-75.77424,45.33896],[-75.7732,45.33714],[-75.77461,45.33489],[-75.81534,45.33098],[-75.81314,45.33429],[-75.80862,45.33288],[-75.80652,45.3331],[-75.80016,45.33583],[-75.79769,45.33764],[-75.79194,45.33934],[-75.77788,45.34518]]]}},{"type":"Feature","properties":{"name":"Carleton Heights - Rideauview","population_2016":6852},"geometry":{"type":"Polygon","coordinates":[[[-75.70246,45.3751],[-75.70236,45.37449],[-75.70593,45.37429],[-75.70413,45.37381],[-75.70452,45.37331],[-75.70558,45.37319],[-75.7043,45.3732],[-75.70319,45.3741],[-75.70205,45.37406],[-75.70006,45.37093],[-75.69871,45.36978],[-75.6986,45.36889],[-75.69792,45.3685],[-75.6982,45.36802],[-75.69756,45.36742],[-75.69987,45.36719],[-75.69709,45.36718],[-75.69623,45.36626],[-75.69743,45.36375],[-75.69456,45.36262],[-75.69205,45.36097],[-75.69123,45.3599],[-75.69176,45.35851],[-75.69286,45.35788],[-75.69771,45.35759],[-75.70246,45.35585],[-75.70328,45.35437],[-75.70397,45.35407],[-75.7041,45.35266],[-75.70567,45.35308],[-75.70662,45.35413],[-75.71354,45.36634],[-75.70445,45.37049],[-75.70838,45.37236],[-75.70845,45.37336],[-75.70747,45.37515],[-75.70243,45.37545],[-75.70246,45.3751]],[[-75.69817,45.36973],[-75.69684,45.37053],[-75.69715,45.36979],[-75.69817,45.36973]]]}},{"type":"Feature","properties":{"name":"Centrepointe","population_2016":7270},"geometry":{"type":"Polygon","coordinates":[[[-75.77458,45.33489],[-75.7732,45.33714],[-75.77424,45.33896],[-75.77484,45.33896],[-75.77586,45.34045],[-75.77539,45.34065],[-75.77569,45.34149],[-75.77788,45.34518],[-75.76298,45.35151],[-75.76033,45.34826],[-75.75372,45.33695],[-75.77458,45.33489]]]}},{"type":"Feature","properties":{"name":"Centretown","population_2016":24994},"geometry":{"type":"Polygon","coordinates":[[[-75.69853,45.42661],[-75.69488,45.42453],[-75.68121,45.41901],[-75.68072,45.41831],[-75.68353,45.4137],[-75.68371,45.41232],[-75.69624,45.40693],[-75.70201,45.40501],[-75.70824,45.41574],[-75.71002,45.4164],[-75.70999,45.41764],[-75.70919,45.4187],[-75.71139,45.41903],[-75.71218,45.42018],[-75.71011,45.42121],[-75.71111,45.42005],[-75.7106,45.41996],[-75.70868,45.4218],[-75.70711,45.42201],[-75.7065,45.42274],[-75.70231,45.424],[-75.70181,45.42582],[-75.70032,45.42651],[-75.69853,45.42661]],[[-75.70993,45.42249],[-75.71016,45.4218],[-75.71241,45.42049],[-75.71324,45.4218],[-75.70993,45.42249]]]}},{"type":"Feature","properties":{"name":"Chapel Hill North","population_2016":10798},"geometry":{"type":"Polygon","coordinates":[[[-75.5395,45.44174],[-75.54174,45.44085],[-75.54432,45.44655],[-75.5522,45.46076],[-75.54423,45.46236],[-75.53312,45.46735],[-75.52202,45.44878],[-75.5395,45.44174]]]}},{"type":"Feature","properties":{"name":"Skyline - Fisher Heights","population_2016":4373},"geometry":{"type":"Polygon","coordinates":[[[-75.72721,45.3575],[-75.72895,45.35656],[-75.72959,45.35678],[-75.73196,45.35603],[-75.73089,45.35262],[-75.73352,45.35091],[-75.73976,45.36144],[-75.71654,45.37152],[-75.71353,45.36633],[-75.71451,45.36607],[-75.71313,45.36358],[-75.71978,45.36182],[-75.71912,45.36102],[-75.72721,45.3575]]]}},{"type":"Feature","properties":{"name":"Civic Hospital-Central Park","population_2016":10980},"geometry":{"type":"Polygon","coordinates":[[[-75.71663,45.39995],[-75.71359,45.39487],[-75.70918,45.39681],[-75.70651,45.39391],[-75.7014,45.39162],[-75.70163,45.39069],[-75.70125,45.38995],[-75.70218,45.38961],[-75.70121,45.38964],[-75.69995,45.38473],[-75.70066,45.3832],[-75.70231,45.38344],[-75.70088,45.38297],[-75.70204,45.38123],[-75.70194,45.37765],[-75.70298,45.37752],[-75.70191,45.37726],[-75.70192,45.37648],[-75.70234,45.37546],[-75.70747,45.37515],[-75.70849,45.37317],[-75.70778,45.37178],[-75.70445,45.37049],[-75.71354,45.36634],[-75.71654,45.37152],[-75.74428,45.35948],[-75.74644,45.36275],[-75.74624,45.36384],[-75.74129,45.36403],[-75.7451,45.3707],[-75.73255,45.3732],[-75.73265,45.37384],[-75.72303,45.378],[-75.72312,45.37892],[-75.72133,45.37966],[-75.72701,45.38921],[-75.73593,45.38538],[-75.73811,45.38535],[-75.73478,45.38869],[-75.7297,45.39549],[-75.72825,45.39665],[-75.72301,45.39923],[-75.71735,45.40115],[-75.71663,45.39995]]]}},{"type":"Feature","properties":{"name":"Cityview - Crestview - Meadowlands","population_2016":8545},"geometry":{"type":"Polygon","coordinates":[[[-75.73352,45.35091],[-75.72934,45.34389],[-75.73044,45.34347],[-75.72975,45.34192],[-75.73154,45.34123],[-75.73694,45.34069],[-75.73728,45.34138],[-75.73825,45.34129],[-75.73833,45.34055],[-75.74253,45.34014],[-75.74288,45.34083],[-75.74428,45.3409],[-75.74524,45.3399],[-75.74851,45.33956],[-75.74933,45.33983],[-75.75013,45.34093],[-75.75482,45.33913],[-75.76033,45.34826],[-75.76298,45.35151],[-75.73976,45.36144],[-75.73352,45.35091]]]}},{"type":"Feature","properties":{"name":"Emerald Woods - Sawmill Creek","population_2016":5309},"geometry":{"type":"Polygon","coordinates":[[[-75.64162,45.35141],[-75.63372,45.33766],[-75.63773,45.33575],[-75.64393,45.3339],[-75.65365,45.35027],[-75.64938,45.35145],[-75.64332,45.35445],[-75.64162,45.35141]]]}},{"type":"Feature","properties":{"name":"Glebe - Dows Lake","population_2016":12193},"geometry":{"type":"Polygon","coordinates":[[[-75.68262,45.41005],[-75.68178,45.40859],[-75.68166,45.404],[-75.67955,45.40081],[-75.68111,45.39746],[-75.68285,45.39676],[-75.68796,45.3961],[-75.69147,45.39423],[-75.69746,45.39399],[-75.6987,45.39442],[-75.70142,45.39653],[-75.70522,45.39769],[-75.70645,45.39637],[-75.7025,45.39382],[-75.70377,45.39395],[-75.70388,45.39309],[-75.7014,45.39162],[-75.70651,45.39391],[-75.70918,45.39681],[-75.70304,45.39957],[-75.70581,45.40404],[-75.69624,45.40693],[-75.68371,45.41232],[-75.68368,45.41152],[-75.68262,45.41005]]]}},{"type":"Feature","properties":{"name":"Greenboro East","population_2016":10722},"geometry":{"type":"Polygon","coordinates":[[[-75.62357,45.3722],[-75.619,45.36418],[-75.64334,45.35447],[-75.64853,45.36381],[-75.64762,45.36413],[-75.6461,45.36277],[-75.64692,45.36237],[-75.64595,45.36101],[-75.64492,45.36149],[-75.6451,45.36229],[-75.64384,45.36271],[-75.64335,45.36208],[-75.64267,45.36243],[-75.64294,45.36306],[-75.63743,45.36529],[-75.63724,45.3658],[-75.63887,45.36778],[-75.62421,45.37337],[-75.62357,45.3722]]]}},{"type":"Feature","properties":{"name":"Hawthorne Meadows - Sheffield Glen","population_2016":6674},"geometry":{"type":"Polygon","coordinates":[[[-75.61897,45.40178],[-75.61592,45.40205],[-75.61238,45.3997],[-75.61297,45.39925],[-75.60596,45.3949],[-75.60562,45.3941],[-75.61751,45.38896],[-75.6224,45.39773],[-75.62251,45.39892],[-75.62315,45.39914],[-75.62377,45.40025],[-75.62332,45.40082],[-75.62418,45.40141],[-75.6208,45.40241],[-75.61897,45.40178]]]}},{"type":"Feature","properties":{"name":"Hintonburg - Mechanicsville","population_2016":9368},"geometry":{"type":"Polygon","coordinates":[[[-75.73087,45.41071],[-75.72992,45.41079],[-75.73112,45.4119],[-75.73074,45.41274],[-75.72787,45.41135],[-75.72539,45.41173],[-75.72381,45.40992],[-75.71995,45.40795],[-75.71281,45.4026],[-75.72301,45.39923],[-75.7295,45.39567],[-75.73435,45.40374],[-75.73163,45.4049],[-75.73624,45.4124],[-75.73497,45.41329],[-75.73261,45.4112],[-75.73087,45.41071]],[[-75.72913,45.41641],[-75.72852,45.41656],[-75.72679,45.41392],[-75.7276,45.41422],[-75.72914,45.41374],[-75.7316,45.41462],[-75.73199,45.41575],[-75.7314,45.41596],[-75.73144,45.41651],[-75.72979,45.41681],[-75.72913,45.41641]],[[-75.7342,45.41564],[-75.73316,45.41533],[-75.73399,45.41533],[-75.7323,45.41401],[-75.73456,45.41513],[-75.73493,45.41561],[-75.7342,45.41564]],[[-75.73266,45.41362],[-75.73353,45.41371],[-75.73434,45.41475],[-75.73266,45.41362]],[[-75.73091,45.41356],[-75.73132,45.4139],[-75.73065,45.41371],[-75.73091,45.41356]],[[-75.73399,45.41379],[-75.73446,45.41399],[-75.7346,45.4144],[-75.73399,45.41379]],[[-75.73285,45.41216],[-75.7333,45.41261],[-75.73271,45.41236],[-75.73285,45.41216]],[[-75.73231,45.41521],[-75.73264,45.41534],[-75.73263,45.41552],[-75.73231,45.41521]]]}},{"type":"Feature","properties":{"name":"Hunt Club - Ottawa Airport","population_2016":2459},"geometry":{"type":"Polygon","coordinates":[[[-75.64873,45.34204],[-75.63961,45.32672],[-75.64324,45.3248],[-75.65272,45.31482],[-75.64714,45.31036],[-75.6769,45.29789],[-75.68951,45.32126],[-75.68972,45.32462],[-75.69275,45.32725],[-75.69387,45.32913],[-75.69407,45.33007],[-75.69299,45.33433],[-75.69308,45.33617],[-75.69109,45.34214],[-75.68788,45.34292],[-75.68604,45.34528],[-75.68383,45.34704],[-75.67899,45.349],[-75.67528,45.34761],[-75.67613,45.34662],[-75.67297,45.34219],[-75.66599,45.345],[-75.6643,45.34214],[-75.65428,45.34551],[-75.65427,45.34736],[-75.65505,45.34978],[-75.65385,45.35059],[-75.64873,45.34204]]]}},{"type":"Feature","properties":{"name":"Hunt Club East - Western Community","population_2016":10784},"geometry":{"type":"Polygon","coordinates":[[[-75.65467,45.34883],[-75.65428,45.34551],[-75.65875,45.34386],[-75.6643,45.34214],[-75.66599,45.345],[-75.67297,45.34219],[-75.67613,45.34662],[-75.67528,45.34761],[-75.68945,45.35287],[-75.66079,45.36248],[-75.65383,45.3506],[-75.655,45.34998],[-75.65467,45.34883]]]}},{"type":"Feature","properties":{"name":"Iris - Queensway Terrance South","population_2016":5824},"geometry":{"type":"Polygon","coordinates":[[[-75.77689,45.34559],[-75.78802,45.341],[-75.78861,45.34278],[-75.78845,45.34664],[-75.78979,45.34943],[-75.76824,45.36109],[-75.76298,45.35151],[-75.77689,45.34559]]]}},{"type":"Feature","properties":{"name":"Island Park - Wellington Village","population_2016":5339},"geometry":{"type":"Polygon","coordinates":[[[-75.73501,45.41067],[-75.73163,45.4049],[-75.73435,45.40374],[-75.7295,45.39567],[-75.73364,45.39017],[-75.73628,45.38968],[-75.7375,45.39013],[-75.73841,45.39115],[-75.74219,45.39724],[-75.74447,45.39623],[-75.74575,45.3987],[-75.74747,45.3997],[-75.74842,45.40132],[-75.75386,45.40293],[-75.75463,45.40357],[-75.75496,45.4047],[-75.75174,45.40486],[-75.75032,45.40699],[-75.7498,45.40647],[-75.74811,45.40732],[-75.74786,45.40688],[-75.74631,45.40725],[-75.74595,45.40821],[-75.7453,45.40834],[-75.74514,45.40967],[-75.74431,45.41092],[-75.74091,45.41074],[-75.73624,45.4124],[-75.73501,45.41067]],[[-75.75534,45.40852],[-75.75673,45.40787],[-75.75784,45.40875],[-75.75634,45.40992],[-75.75433,45.40941],[-75.75534,45.40852]],[[-75.75358,45.40696],[-75.75558,45.40672],[-75.75605,45.40722],[-75.7539,45.4074],[-75.75358,45.40696]],[[-75.7551,45.40581],[-75.75546,45.40657],[-75.75402,45.40671],[-75.7551,45.40581]],[[-75.75304,45.40769],[-75.75356,45.40788],[-75.75354,45.4081],[-75.75304,45.40769]]]}},{"type":"Feature","properties":{"name":"Katimavik - Hazeldean","population_2016":11800},"geometry":{"type":"Polygon","coordinates":[[[-75.89624,45.29313],[-75.89993,45.29077],[-75.90063,45.29096],[-75.91244,45.29656],[-75.91784,45.29799],[-75.91851,45.29898],[-75.92077,45.29964],[-75.92251,45.30142],[-75.91099,45.30601],[-75.89273,45.317],[-75.88597,45.32045],[-75.87678,45.30408],[-75.88406,45.30085],[-75.89624,45.29313]]]}},{"type":"Feature","properties":{"name":"Ledbury - Heron Gate - Ridgemont","population_2016":13903},"geometry":{"type":"Polygon","coordinates":[[[-75.63857,45.38018],[-75.63786,45.37519],[-75.63806,45.37148],[-75.65877,45.36318],[-75.66276,45.36907],[-75.66442,45.3727],[-75.66101,45.37508],[-75.6612,45.37899],[-75.63757,45.38086],[-75.63857,45.38018]]]}},{"type":"Feature","properties":{"name":"Lindenlea - New Edinburgh","population_2016":4779},"geometry":{"type":"Polygon","coordinates":[[[-75.68517,45.44919],[-75.68315,45.44741],[-75.68327,45.44646],[-75.68209,45.44516],[-75.67974,45.44618],[-75.67266,45.44679],[-75.67215,45.44305],[-75.67123,45.44242],[-75.67637,45.43992],[-75.6782,45.43798],[-75.68425,45.43878],[-75.68717,45.43741],[-75.6903,45.43766],[-75.69087,45.43852],[-75.69012,45.43972],[-75.69214,45.44107],[-75.69595,45.44189],[-75.69602,45.44316],[-75.69428,45.4447],[-75.69104,45.44538],[-75.692,45.44712],[-75.69337,45.44812],[-75.69322,45.44893],[-75.6925,45.44936],[-75.69025,45.44932],[-75.68974,45.44982],[-75.68962,45.45068],[-75.68809,45.45174],[-75.68886,45.45377],[-75.68759,45.45464],[-75.68713,45.45426],[-75.68759,45.45319],[-75.68517,45.44919]],[[-75.69153,45.4402],[-75.69077,45.43968],[-75.69124,45.43882],[-75.6922,45.44047],[-75.69153,45.4402]]]}},{"type":"Feature","properties":{"name":"Lowertown","population_2016":5917},"geometry":{"type":"Polygon","coordinates":[[[-75.68886,45.43624],[-75.68542,45.43699],[-75.68287,45.43655],[-75.67809,45.43675],[-75.67207,45.43353],[-75.67495,45.43335],[-75.68568,45.42878],[-75.69322,45.43777],[-75.69283,45.43796],[-75.69167,45.437],[-75.68886,45.43624]],[[-75.6805,45.43722],[-75.6822,45.43714],[-75.68458,45.43814],[-75.68129,45.43805],[-75.68029,45.43763],[-75.6805,45.43722]]]}},{"type":"Feature","properties":{"name":"Orl\u00e9ans Village - Chateauneuf","population_2016":10651},"geometry":{"type":"Polygon","coordinates":[[[-75.51968,45.47234],[-75.51798,45.47205],[-75.51796,45.47126],[-75.51642,45.47001],[-75.51224,45.46755],[-75.50964,45.46129],[-75.50925,45.46098],[-75.50826,45.46127],[-75.50478,45.45571],[-75.52202,45.44878],[-75.53309,45.46732],[-75.52061,45.47337],[-75.51968,45.47234]]]}},{"type":"Feature","properties":{"name":"Playfair Park - Lynda Park - Guildwood Estates","population_2016":5945},"geometry":{"type":"Polygon","coordinates":[[[-75.64107,45.39557],[-75.64015,45.39136],[-75.63309,45.38269],[-75.63817,45.3807],[-75.65643,45.37938],[-75.6523,45.38509],[-75.6525,45.38736],[-75.64832,45.39561],[-75.64262,45.39976],[-75.64107,45.39557]]]}},{"type":"Feature","properties":{"name":"Qualicum - Redwood Park","population_2016":4176},"geometry":{"type":"Polygon","coordinates":[[[-75.78849,45.34677],[-75.78858,45.34236],[-75.78802,45.341],[-75.79769,45.33764],[-75.80016,45.33583],[-75.80703,45.33295],[-75.80907,45.33296],[-75.81314,45.33429],[-75.80576,45.34541],[-75.79611,45.34644],[-75.78979,45.34943],[-75.78849,45.34677]]]}},{"type":"Feature","properties":{"name":"Queenswood Heights","population_2016":12828},"geometry":{"type":"Polygon","coordinates":[[[-75.50229,45.48547],[-75.50105,45.48356],[-75.49811,45.48461],[-75.49788,45.48427],[-75.49775,45.48298],[-75.49916,45.48078],[-75.48781,45.46086],[-75.50478,45.45571],[-75.50826,45.46127],[-75.50925,45.46098],[-75.50964,45.46129],[-75.51224,45.46755],[-75.51642,45.47001],[-75.51796,45.47126],[-75.51798,45.47205],[-75.51968,45.47234],[-75.52061,45.47337],[-75.5125,45.47768],[-75.51403,45.48126],[-75.50246,45.48573],[-75.50229,45.48547]]]}},{"type":"Feature","properties":{"name":"Riverside Park","population_2016":4371},"geometry":{"type":"Polygon","coordinates":[[[-75.66636,45.36916],[-75.68151,45.36278],[-75.6877,45.36068],[-75.68827,45.3601],[-75.6886,45.3602],[-75.68815,45.36169],[-75.6887,45.36302],[-75.69098,45.36398],[-75.69115,45.36493],[-75.69297,45.36692],[-75.69563,45.36838],[-75.69498,45.36945],[-75.69584,45.36988],[-75.69616,45.37098],[-75.69961,45.37253],[-75.69978,45.37846],[-75.69693,45.38097],[-75.69878,45.37931],[-75.69903,45.37853],[-75.69587,45.38142],[-75.69255,45.38233],[-75.68969,45.38269],[-75.68957,45.38224],[-75.68831,45.38263],[-75.68504,45.37907],[-75.68362,45.37629],[-75.66636,45.36916]]]}},{"type":"Feature","properties":{"name":"Sandy Hill","population_2016":11365},"geometry":{"type":"Polygon","coordinates":[[[-75.67202,45.43331],[-75.67264,45.43118],[-75.67178,45.4275],[-75.66942,45.42477],[-75.66742,45.4203],[-75.66453,45.4188],[-75.66374,45.41698],[-75.67026,45.41736],[-75.67377,45.41653],[-75.67565,45.41778],[-75.67986,45.41915],[-75.68028,45.41872],[-75.68897,45.42268],[-75.69502,45.42481],[-75.67495,45.43335],[-75.67344,45.4337],[-75.67202,45.43331]]]}},{"type":"Feature","properties":{"name":"Trend-Arlington","population_2016":4738},"geometry":{"type":"Polygon","coordinates":[[[-75.77763,45.32322],[-75.77701,45.32219],[-75.78761,45.31806],[-75.78897,45.31818],[-75.79104,45.32158],[-75.79171,45.3213],[-75.79511,45.32633],[-75.79463,45.32652],[-75.79656,45.33003],[-75.79581,45.33034],[-75.79697,45.33199],[-75.79651,45.33219],[-75.79673,45.33257],[-75.79792,45.33262],[-75.78397,45.33398],[-75.77763,45.32322]]]}},{"type":"Feature","properties":{"name":"Stonebridge - Half Moon Bay - Heart's Desire","population_2016":9464},"geometry":{"type":"Polygon","coordinates":[[[-75.79608,45.27108],[-75.78691,45.27247],[-75.78348,45.2717],[-75.78094,45.27004],[-75.77576,45.2621],[-75.77364,45.26071],[-75.76984,45.25961],[-75.76679,45.25943],[-75.76359,45.26009],[-75.75197,45.26496],[-75.75384,45.26736],[-75.74642,45.27056],[-75.74407,45.26645],[-75.73448,45.26266],[-75.73011,45.26546],[-75.72806,45.26424],[-75.72648,45.26417],[-75.72198,45.26586],[-75.71666,45.26266],[-75.71213,45.26444],[-75.70995,45.26365],[-75.71028,45.26179],[-75.70974,45.26002],[-75.70682,45.26025],[-75.70585,45.25855],[-75.70568,45.25679],[-75.70658,45.25544],[-75.70607,45.25483],[-75.70678,45.25189],[-75.7063,45.25115],[-75.71347,45.24819],[-75.71504,45.24928],[-75.71916,45.25056],[-75.72042,45.24815],[-75.71923,45.24721],[-75.71908,45.24613],[-75.72077,45.24488],[-75.72073,45.24412],[-75.71953,45.24249],[-75.72194,45.24154],[-75.72313,45.23984],[-75.72665,45.23728],[-75.7298,45.24272],[-75.74164,45.23785],[-75.74403,45.24347],[-75.74649,45.2437],[-75.75668,45.23949],[-75.75927,45.24223],[-75.7624,45.24397],[-75.77568,45.24624],[-75.78087,45.24891],[-75.78244,45.25062],[-75.79047,45.26442],[-75.79608,45.27108]]]}},{"type":"Feature","properties":{"name":"Woodvale - Craig Henry - Manordale - Estates of Arlington Woods","population_2016":8484},"geometry":{"type":"Polygon","coordinates":[[[-75.77498,45.31887],[-75.78397,45.33398],[-75.75372,45.33695],[-75.74897,45.32871],[-75.7528,45.32695],[-75.75742,45.32587],[-75.77498,45.31887]]]}},{"type":"Feature","properties":{"name":"Overbrook - McArthur","population_2016":19599},"geometry":{"type":"Polygon","coordinates":[[[-75.63261,45.43266],[-75.62866,45.43045],[-75.62604,45.42647],[-75.62216,45.4231],[-75.62807,45.42101],[-75.63504,45.42021],[-75.63048,45.41184],[-75.63205,45.41147],[-75.63581,45.41226],[-75.64562,45.41574],[-75.64663,45.41684],[-75.64712,45.41953],[-75.65175,45.4192],[-75.65653,45.41773],[-75.66206,45.41714],[-75.66331,45.41932],[-75.66708,45.42191],[-75.6682,45.42554],[-75.67012,45.42709],[-75.67013,45.42906],[-75.67071,45.42988],[-75.67065,45.43055],[-75.64216,45.4327],[-75.64684,45.44111],[-75.63912,45.44367],[-75.63717,45.44048],[-75.63497,45.43533],[-75.63261,45.43266]]]}},{"type":"Feature","properties":{"name":"Westboro","population_2016":10558},"geometry":{"type":"Polygon","coordinates":[[[-75.75495,45.40469],[-75.75463,45.40357],[-75.75386,45.40293],[-75.74842,45.40132],[-75.74747,45.3997],[-75.74575,45.3987],[-75.74447,45.39623],[-75.74219,45.39724],[-75.7375,45.39013],[-75.73591,45.38967],[-75.73364,45.39017],[-75.73611,45.38722],[-75.74245,45.38141],[-75.7446,45.38143],[-75.75012,45.37904],[-75.75074,45.3798],[-75.7491,45.38073],[-75.75047,45.3829],[-75.74861,45.38347],[-75.75001,45.38579],[-75.75182,45.38518],[-75.7524,45.38611],[-75.75369,45.3883],[-75.75276,45.38859],[-75.75363,45.39004],[-75.75274,45.39036],[-75.75379,45.39214],[-75.76329,45.3868],[-75.76389,45.38787],[-75.76491,45.3898],[-75.76193,45.39182],[-75.76103,45.39522],[-75.76254,45.39654],[-75.76176,45.39898],[-75.76087,45.40041],[-75.75902,45.40163],[-75.75731,45.40428],[-75.75495,45.40469]],[[-75.74314,45.38201],[-75.74313,45.382],[-75.74314,45.382],[-75.74314,45.38201]],[[-75.75745,45.4085],[-75.75676,45.40791],[-75.75816,45.40781],[-75.75787,45.40863],[-75.75745,45.4085]],[[-75.75644,45.40627],[-75.75672,45.40678],[-75.75608,45.40725],[-75.75559,45.40674],[-75.75644,45.40627]],[[-75.75517,45.40581],[-75.75622,45.40616],[-75.75547,45.40658],[-75.75517,45.40581]]]}},{"type":"Feature","properties":{"name":"Whitehaven - Queensway Terrace North","population_2016":11614},"geometry":{"type":"Polygon","coordinates":[[[-75.80236,45.35727],[-75.80112,45.35777],[-75.8007,45.35711],[-75.77273,45.36917],[-75.76824,45.36109],[-75.7944,45.34701],[-75.79821,45.34602],[-75.79915,45.34593],[-75.80416,45.3554],[-75.80184,45.35645],[-75.80236,45.35727]],[[-75.80239,45.35734],[-75.80236,45.35728],[-75.80239,45.35733],[-75.80239,45.35734]],[[-75.80236,45.35728],[-75.80236,45.35727],[-75.80236,45.35727],[-75.80236,45.35728]]]}},{"type":"Feature","properties":{"name":"Carlington","population_2016":10099},"geometry":{"type":"Polygon","coordinates":[[[-75.7246,45.38518],[-75.72133,45.37966],[-75.72312,45.37892],[-75.72303,45.378],[-75.73265,45.37384],[-75.73255,45.3732],[-75.7451,45.3707],[-75.7529,45.36777],[-75.75455,45.37033],[-75.73811,45.38535],[-75.73593,45.38538],[-75.72701,45.38921],[-75.7246,45.38518]]]}},{"type":"Feature","properties":{"name":"Laurentian","population_2016":9654},"geometry":{"type":"Polygon","coordinates":[[[-75.75276,45.38677],[-75.75182,45.38518],[-75.75001,45.38579],[-75.74861,45.38347],[-75.75047,45.3829],[-75.7491,45.38073],[-75.75074,45.3798],[-75.75012,45.37904],[-75.77059,45.3701],[-75.77496,45.37754],[-75.77116,45.38125],[-75.77484,45.3835],[-75.77177,45.38371],[-75.76969,45.3847],[-75.76601,45.38813],[-75.76491,45.3898],[-75.76329,45.3868],[-75.75379,45.39214],[-75.75274,45.39036],[-75.75363,45.39004],[-75.75276,45.38859],[-75.75369,45.3883],[-75.75276,45.38677]]]}},{"type":"Feature","properties":{"name":"Carlingwood West - Glabar Park - McKellar Heights","population_2016":8773},"geometry":{"type":"Polygon","coordinates":[[[-75.77116,45.38125],[-75.77496,45.37754],[-75.77059,45.3701],[-75.74486,45.38133],[-75.74245,45.38141],[-75.75882,45.36623],[-75.76824,45.36109],[-75.77273,45.36917],[-75.78288,45.36473],[-75.78368,45.36623],[-75.78297,45.36916],[-75.78516,45.37129],[-75.78574,45.37251],[-75.78492,45.37471],[-75.78072,45.37654],[-75.77974,45.37809],[-75.78008,45.37955],[-75.77942,45.37975],[-75.77867,45.37931],[-75.77851,45.37965],[-75.77949,45.38017],[-75.77792,45.38018],[-75.77739,45.38176],[-75.77607,45.38315],[-75.77484,45.3835],[-75.77116,45.38125]],[[-75.74314,45.382],[-75.74313,45.382],[-75.74314,45.38201],[-75.74314,45.382]]]}},{"type":"Feature","properties":{"name":"Carson Grove - Carson Meadows","population_2016":10694},"geometry":{"type":"Polygon","coordinates":[[[-75.62858,45.45008],[-75.62612,45.45003],[-75.62518,45.4473],[-75.61511,45.44647],[-75.60869,45.43462],[-75.60572,45.43187],[-75.6225,45.42328],[-75.62379,45.42427],[-75.62631,45.42679],[-75.62829,45.43011],[-75.63193,45.43213],[-75.63431,45.43427],[-75.63912,45.44367],[-75.63599,45.44463],[-75.6379,45.44764],[-75.63031,45.44994],[-75.62858,45.45008]]]}},{"type":"Feature","properties":{"name":"Carleton University","population_2016":19},"geometry":{"type":"Polygon","coordinates":[[[-75.6898,45.38471],[-75.68906,45.38369],[-75.69331,45.38307],[-75.69404,45.38239],[-75.69736,45.38128],[-75.70035,45.37884],[-75.70055,45.37726],[-75.69998,45.37593],[-75.70038,45.37343],[-75.69928,45.37183],[-75.69684,45.37111],[-75.69682,45.37067],[-75.6985,45.36988],[-75.69986,45.37117],[-75.70211,45.37529],[-75.70156,45.37647],[-75.70168,45.38091],[-75.69977,45.3838],[-75.69956,45.38534],[-75.70049,45.38911],[-75.70046,45.39111],[-75.69608,45.3939],[-75.69543,45.39198],[-75.6898,45.38471]]]}},{"type":"Feature","properties":{"name":"Beechwood Cemetery","population_2016":139},"geometry":{"type":"Polygon","coordinates":[[[-75.64974,45.44622],[-75.65257,45.44548],[-75.66715,45.44431],[-75.66726,45.44509],[-75.66975,45.44544],[-75.66841,45.44752],[-75.66594,45.4487],[-75.6518,45.44982],[-75.64974,45.44622]]]}},{"type":"Feature","properties":{"name":"Vanier North","population_2016":9634},"geometry":{"type":"Polygon","coordinates":[[[-75.64929,45.44546],[-75.64797,45.44302],[-75.64978,45.44465],[-75.65138,45.44416],[-75.65134,45.44364],[-75.6521,45.44341],[-75.65309,45.44402],[-75.65504,45.44346],[-75.65542,45.44414],[-75.65619,45.44389],[-75.65623,45.44257],[-75.65611,45.44145],[-75.65406,45.44198],[-75.65411,45.44094],[-75.65146,45.4418],[-75.65045,45.44027],[-75.64938,45.44028],[-75.66983,45.43293],[-75.6703,45.43295],[-75.67139,45.43497],[-75.6737,45.43575],[-75.67635,45.43751],[-75.6782,45.43798],[-75.67637,45.43992],[-75.67123,45.44242],[-75.66975,45.44544],[-75.66726,45.44509],[-75.66715,45.44431],[-75.65257,45.44548],[-75.64974,45.44622],[-75.64929,45.44546]]]}},{"type":"Feature","properties":{"name":"Convent Glen - Orl\u00e9ans Woods","population_2016":14543},"geometry":{"type":"Polygon","coordinates":[[[-75.52517,45.492],[-75.52828,45.49158],[-75.52618,45.49107],[-75.5283,45.49108],[-75.53208,45.48973],[-75.53152,45.48916],[-75.52844,45.48844],[-75.52726,45.48753],[-75.52337,45.48974],[-75.51791,45.47977],[-75.51403,45.48126],[-75.5125,45.47768],[-75.5234,45.47169],[-75.54013,45.46415],[-75.5415,45.46563],[-75.54472,45.46752],[-75.54609,45.46927],[-75.55319,45.46641],[-75.55983,45.47853],[-75.54344,45.48513],[-75.53271,45.4905],[-75.52892,45.49178],[-75.52524,45.49246],[-75.52517,45.492]]]}},{"type":"Feature","properties":{"name":"Old Barrhaven West","population_2016":16880},"geometry":{"type":"Polygon","coordinates":[[[-75.771,45.26216],[-75.77364,45.26071],[-75.77576,45.2621],[-75.78094,45.27004],[-75.78348,45.2717],[-75.78691,45.27247],[-75.7869,45.27388],[-75.78599,45.27563],[-75.78331,45.27728],[-75.73983,45.29515],[-75.76033,45.26866],[-75.771,45.26216]]]}},{"type":"Feature","properties":{"name":"Beacon Hill South - Cardinal Heights","population_2016":7195},"geometry":{"type":"Polygon","coordinates":[[[-75.58543,45.44887],[-75.59017,45.44175],[-75.59316,45.43876],[-75.60572,45.43187],[-75.60869,45.43462],[-75.61511,45.44647],[-75.60038,45.44515],[-75.59778,45.44577],[-75.58839,45.44988],[-75.58383,45.45134],[-75.58543,45.44887]]]}},{"type":"Feature","properties":{"name":"Beaverbrook","population_2016":6715},"geometry":{"type":"Polygon","coordinates":[[[-75.90837,45.33448],[-75.90535,45.33379],[-75.90525,45.33448],[-75.89337,45.33198],[-75.89193,45.33033],[-75.88597,45.32045],[-75.89643,45.31466],[-75.89684,45.31491],[-75.91446,45.33029],[-75.91517,45.33187],[-75.91529,45.33379],[-75.91413,45.33563],[-75.90837,45.33448]]]}},{"type":"Feature","properties":{"name":"Bells Corners East","population_2016":4729},"geometry":{"type":"Polygon","coordinates":[[[-75.80921,45.33091],[-75.80656,45.32611],[-75.80758,45.32583],[-75.80582,45.32291],[-75.80584,45.32201],[-75.81544,45.32031],[-75.8126,45.31604],[-75.8179,45.3129],[-75.82699,45.31139],[-75.82872,45.31371],[-75.83592,45.32682],[-75.83224,45.32887],[-75.82861,45.32965],[-75.80958,45.33151],[-75.80921,45.33091]]]}},{"type":"Feature","properties":{"name":"Bells Corners West","population_2016":4158},"geometry":{"type":"Polygon","coordinates":[[[-75.82832,45.31327],[-75.82699,45.31139],[-75.83224,45.30929],[-75.84127,45.31436],[-75.84683,45.31575],[-75.83587,45.32674],[-75.82832,45.31327]]]}},{"type":"Feature","properties":{"name":"Billings Bridge - Alta Vista","population_2016":12653},"geometry":{"type":"Polygon","coordinates":[[[-75.64443,45.39838],[-75.64832,45.39561],[-75.6525,45.38736],[-75.6523,45.38509],[-75.65434,45.38197],[-75.65643,45.37938],[-75.6612,45.37899],[-75.66101,45.37508],[-75.66442,45.3727],[-75.66333,45.37042],[-75.66636,45.36916],[-75.68362,45.37629],[-75.68504,45.37907],[-75.68827,45.38258],[-75.68477,45.38429],[-75.68441,45.38511],[-75.68469,45.38645],[-75.68275,45.38733],[-75.68084,45.38685],[-75.67696,45.38936],[-75.67671,45.3905],[-75.67565,45.39115],[-75.67312,45.39507],[-75.672,45.39778],[-75.67043,45.39948],[-75.66039,45.3985],[-75.64269,45.39975],[-75.64443,45.39838]],[[-75.68007,45.38751],[-75.68135,45.38699],[-75.68261,45.38753],[-75.6842,45.38677],[-75.68469,45.38704],[-75.68399,45.38773],[-75.68267,45.38792],[-75.68007,45.38751]],[[-75.68074,45.38862],[-75.68137,45.3886],[-75.6814,45.38816],[-75.68214,45.38847],[-75.68157,45.38906],[-75.68074,45.38862]],[[-75.68,45.38801],[-75.68094,45.38813],[-75.68025,45.38858],[-75.68,45.38801]]]}},{"type":"Feature","properties":{"name":"Hunt Club Upper -Blossom Park - Timbermill","population_2016":8614},"geometry":{"type":"Polygon","coordinates":[[[-75.61829,45.36296],[-75.60933,45.34769],[-75.63372,45.33766],[-75.64334,45.35447],[-75.61913,45.36414],[-75.61829,45.36296]]]}},{"type":"Feature","properties":{"name":"Borden Farm - Fisher Glen","population_2016":6960},"geometry":{"type":"Polygon","coordinates":[[[-75.71274,45.36086],[-75.71112,45.35963],[-75.71008,45.36025],[-75.70587,45.35322],[-75.7041,45.35266],[-75.70397,45.35407],[-75.70328,45.35437],[-75.70199,45.3515],[-75.70406,45.35172],[-75.70736,45.35054],[-75.70831,45.35091],[-75.71018,45.35021],[-75.71248,45.34876],[-75.71215,45.34839],[-75.72805,45.34167],[-75.73352,45.35091],[-75.73089,45.35262],[-75.72883,45.34947],[-75.72515,45.35102],[-75.72582,45.35208],[-75.72806,45.35202],[-75.72933,45.35314],[-75.72745,45.35395],[-75.72793,45.35457],[-75.72665,45.35515],[-75.72721,45.3558],[-75.72886,45.35636],[-75.72857,45.35667],[-75.72188,45.35962],[-75.72109,45.35874],[-75.71932,45.3595],[-75.71857,45.35873],[-75.71783,45.35865],[-75.71274,45.36086]]]}},{"type":"Feature","properties":{"name":"Rideau Crest - Davidson Heights","population_2016":14566},"geometry":{"type":"Polygon","coordinates":[[[-75.699,45.30252],[-75.69992,45.30236],[-75.69898,45.30204],[-75.69919,45.29802],[-75.70057,45.29315],[-75.69985,45.29077],[-75.69905,45.28991],[-75.69939,45.28947],[-75.6977,45.28786],[-75.69763,45.28664],[-75.69903,45.2824],[-75.70053,45.28145],[-75.7013,45.2802],[-75.70237,45.27978],[-75.70148,45.27984],[-75.70352,45.27579],[-75.70374,45.27345],[-75.70307,45.27352],[-75.70314,45.2753],[-75.70188,45.27414],[-75.70279,45.27277],[-75.70233,45.27186],[-75.70273,45.27058],[-75.70511,45.27063],[-75.70845,45.2716],[-75.71165,45.27506],[-75.71415,45.27628],[-75.71613,45.27648],[-75.71863,45.27585],[-75.72561,45.28841],[-75.71415,45.29279],[-75.71717,45.29814],[-75.69863,45.30552],[-75.699,45.30252]]]}},{"type":"Feature","properties":{"name":"Riverside South - Leitrim","population_2016":10942},"geometry":{"type":"Polygon","coordinates":[[[-75.69302,45.29197],[-75.67732,45.29864],[-75.6769,45.29789],[-75.64714,45.31036],[-75.64431,45.308],[-75.62619,45.2767],[-75.63123,45.27467],[-75.63454,45.27261],[-75.65794,45.26304],[-75.6609,45.26267],[-75.69221,45.24933],[-75.6927,45.25003],[-75.69393,45.24995],[-75.69879,45.24835],[-75.69937,45.24918],[-75.6999,45.24891],[-75.70181,45.25036],[-75.70324,45.25014],[-75.70357,45.24916],[-75.7052,45.24894],[-75.70576,45.2509],[-75.70527,45.2544],[-75.70566,45.25571],[-75.70492,45.25603],[-75.70472,45.25551],[-75.70477,45.25359],[-75.704,45.25112],[-75.70249,45.25049],[-75.7027,45.25215],[-75.70234,45.25156],[-75.7022,45.25215],[-75.70334,45.25397],[-75.70359,45.25577],[-75.70447,45.25676],[-75.7043,45.25733],[-75.70551,45.25896],[-75.70446,45.25962],[-75.7052,45.26237],[-75.70428,45.2661],[-75.70523,45.26821],[-75.70463,45.26874],[-75.70405,45.26817],[-75.70427,45.26905],[-75.70228,45.26956],[-75.70122,45.27132],[-75.70028,45.27165],[-75.70047,45.2728],[-75.69978,45.27382],[-75.70053,45.27657],[-75.70047,45.27832],[-75.69636,45.28384],[-75.69645,45.28928],[-75.69538,45.29007],[-75.69577,45.29076],[-75.69506,45.29128],[-75.69644,45.29039],[-75.69639,45.28966],[-75.69732,45.29017],[-75.69779,45.2912],[-75.69871,45.29516],[-75.69794,45.29627],[-75.69783,45.29934],[-75.69457,45.30079],[-75.69515,45.29547],[-75.69402,45.29172],[-75.69302,45.29197]]]}},{"type":"Feature","properties":{"name":"Crystal Bay - Lakeview Park","population_2016":3815},"geometry":{"type":"Polygon","coordinates":[[[-75.87372,45.36138],[-75.87243,45.36142],[-75.87249,45.36101],[-75.87286,45.36126],[-75.8724,45.3609],[-75.87028,45.36185],[-75.87034,45.36232],[-75.86867,45.36173],[-75.86656,45.36215],[-75.86666,45.36336],[-75.86599,45.36382],[-75.86629,45.36421],[-75.86573,45.36482],[-75.86294,45.36477],[-75.8614,45.36423],[-75.8606,45.36337],[-75.8571,45.36355],[-75.85653,45.36194],[-75.85459,45.36175],[-75.84866,45.35712],[-75.84429,45.3547],[-75.84048,45.35343],[-75.83745,45.35396],[-75.83458,45.35573],[-75.83287,45.35447],[-75.83237,45.35314],[-75.83099,45.35215],[-75.82824,45.35389],[-75.82612,45.35435],[-75.82419,45.35347],[-75.82652,45.35401],[-75.82831,45.3532],[-75.82836,45.35238],[-75.82616,45.35131],[-75.82503,45.35269],[-75.82403,45.35222],[-75.82485,45.35113],[-75.82444,45.34979],[-75.82421,45.35021],[-75.81635,45.35253],[-75.81629,45.35212],[-75.81584,45.35232],[-75.81608,45.3504],[-75.81816,45.34951],[-75.81593,45.34564],[-75.81363,45.34434],[-75.82653,45.34266],[-75.83659,45.34051],[-75.84138,45.33868],[-75.84255,45.34404],[-75.84717,45.35192],[-75.84653,45.35352],[-75.84894,45.35426],[-75.85328,45.35534],[-75.85635,45.35517],[-75.87353,45.34807],[-75.88354,45.36533],[-75.88337,45.36579],[-75.88147,45.36637],[-75.8803,45.36605],[-75.87372,45.36138]]]}},{"type":"Feature","properties":{"name":"Britannia","population_2016":6543},"geometry":{"type":"Polygon","coordinates":[[[-75.78918,45.37403],[-75.78694,45.37466],[-75.7866,45.37398],[-75.78492,45.37471],[-75.78569,45.37224],[-75.78306,45.36939],[-75.78292,45.36821],[-75.78368,45.36623],[-75.78296,45.36486],[-75.79832,45.35815],[-75.79943,45.36021],[-75.80092,45.36074],[-75.8002,45.36147],[-75.80124,45.36304],[-75.80389,45.36354],[-75.80403,45.36419],[-75.80751,45.36487],[-75.80632,45.3647],[-75.80623,45.36533],[-75.80561,45.36509],[-75.80531,45.36588],[-75.80463,45.365],[-75.80175,45.36453],[-75.80042,45.36592],[-75.8011,45.36644],[-75.80061,45.36858],[-75.80242,45.36964],[-75.80203,45.36998],[-75.80279,45.36976],[-75.80361,45.3721],[-75.79943,45.37374],[-75.80017,45.37408],[-75.80126,45.37346],[-75.80133,45.37389],[-75.80308,45.37369],[-75.80313,45.37338],[-75.80149,45.37335],[-75.80301,45.37295],[-75.80366,45.37218],[-75.80387,45.37289],[-75.80325,45.37422],[-75.79945,45.37432],[-75.79874,45.3736],[-75.79474,45.37541],[-75.79213,45.37578],[-75.79057,45.37439],[-75.78918,45.37403]]]}},{"type":"Feature","properties":{"name":"Byward Market","population_2016":5382},"geometry":{"type":"Polygon","coordinates":[[[-75.6918,45.43633],[-75.68568,45.42878],[-75.69502,45.42481],[-75.69849,45.42672],[-75.70025,45.42861],[-75.70207,45.42908],[-75.70204,45.42987],[-75.69974,45.43096],[-75.70008,45.43538],[-75.69924,45.43637],[-75.69906,45.43939],[-75.69789,45.44029],[-75.6951,45.43854],[-75.69321,45.43801],[-75.6918,45.43633]],[[-75.69513,45.4409],[-75.69287,45.43992],[-75.69242,45.43951],[-75.69264,45.43872],[-75.69463,45.43889],[-75.69666,45.4403],[-75.6966,45.44103],[-75.69513,45.4409]]]}},{"type":"Feature","properties":{"name":"Old Ottawa South","population_2016":6635},"geometry":{"type":"Polygon","coordinates":[[[-75.67308,45.39823],[-75.67462,45.39481],[-75.67785,45.3908],[-75.67782,45.38944],[-75.67955,45.38878],[-75.6818,45.3892],[-75.68511,45.38823],[-75.68658,45.38721],[-75.68653,45.38667],[-75.68553,45.38616],[-75.68551,45.38542],[-75.68872,45.38369],[-75.69598,45.39314],[-75.69609,45.39393],[-75.69138,45.394],[-75.68785,45.39593],[-75.68168,45.39646],[-75.67929,45.39844],[-75.67783,45.39826],[-75.67512,45.39934],[-75.67278,45.39854],[-75.67308,45.39823]]]}},{"type":"Feature","properties":{"name":"Old Ottawa East","population_2016":6645},"geometry":{"type":"Polygon","coordinates":[[[-75.67383,45.41658],[-75.66907,45.41732],[-75.66378,45.41698],[-75.66389,45.41625],[-75.66476,45.41538],[-75.67035,45.41408],[-75.67209,45.41277],[-75.67361,45.41052],[-75.67192,45.40681],[-75.67012,45.40546],[-75.66939,45.40379],[-75.6696,45.40223],[-75.67105,45.40024],[-75.67278,45.39854],[-75.67512,45.39934],[-75.67783,45.39826],[-75.67929,45.39844],[-75.6784,45.40115],[-75.68037,45.40448],[-75.68131,45.40709],[-75.68133,45.40927],[-75.68311,45.41187],[-75.68318,45.41289],[-75.6801,45.41787],[-75.68028,45.41872],[-75.67986,45.41915],[-75.67535,45.41766],[-75.67383,45.41658]]]}},{"type":"Feature","properties":{"name":"Lebreton Development","population_2016":369},"geometry":{"type":"Polygon","coordinates":[[[-75.71178,45.41968],[-75.71139,45.41903],[-75.70919,45.4187],[-75.70999,45.41764],[-75.71002,45.4164],[-75.70824,45.41574],[-75.70779,45.41495],[-75.72198,45.40899],[-75.72503,45.41108],[-75.72539,45.41173],[-75.72148,45.41255],[-75.71991,45.41369],[-75.71746,45.4132],[-75.71897,45.41416],[-75.72003,45.41393],[-75.72034,45.41631],[-75.71985,45.4172],[-75.71629,45.41862],[-75.71349,45.41873],[-75.71218,45.42018],[-75.71178,45.41968]],[[-75.71506,45.42108],[-75.7167,45.41972],[-75.72034,45.41852],[-75.72035,45.42005],[-75.72148,45.4194],[-75.72117,45.42021],[-75.72024,45.42065],[-75.71506,45.42108]],[[-75.71253,45.42041],[-75.71341,45.41978],[-75.71881,45.41833],[-75.71639,45.41897],[-75.7165,45.41959],[-75.71531,45.42042],[-75.71449,45.42042],[-75.7146,45.42114],[-75.71348,45.42175],[-75.71253,45.42041]],[[-75.72707,45.41486],[-75.72679,45.41392],[-75.72852,45.41656],[-75.72707,45.41486]],[[-75.71889,45.4185],[-75.71715,45.41948],[-75.71683,45.41915],[-75.71889,45.4185]],[[-75.71438,45.41897],[-75.71528,45.41912],[-75.7134,45.41971],[-75.71337,45.41924],[-75.71438,45.41897]]]}},{"type":"Feature","properties":{"name":"Notre-Dame Cemetery","population_2016":17},"geometry":{"type":"Polygon","coordinates":[[[-75.64889,45.44364],[-75.64797,45.44302],[-75.64682,45.44111],[-75.64938,45.44028],[-75.65045,45.44027],[-75.65146,45.4418],[-75.65411,45.44094],[-75.65406,45.44198],[-75.65611,45.44145],[-75.65619,45.44389],[-75.65542,45.44414],[-75.65504,45.44346],[-75.65309,45.44402],[-75.6521,45.44341],[-75.65134,45.44364],[-75.65138,45.44416],[-75.64978,45.44465],[-75.64889,45.44364]]]}},{"type":"Feature","properties":{"name":"Orl\u00e9ans Industrial","population_2016":74},"geometry":{"type":"Polygon","coordinates":[[[-75.545,45.46788],[-75.5415,45.46563],[-75.54013,45.46415],[-75.5446,45.46224],[-75.55046,45.46104],[-75.55316,45.46642],[-75.54609,45.46927],[-75.545,45.46788]]]}},{"type":"Feature","properties":{"name":"Hunt Club South Industrial","population_2016":733},"geometry":{"type":"Polygon","coordinates":[[[-75.70401,45.35156],[-75.70199,45.3515],[-75.7034,45.35126],[-75.7019,45.35113],[-75.70142,45.349],[-75.69688,45.34368],[-75.69697,45.343],[-75.69983,45.34014],[-75.69928,45.33839],[-75.69958,45.33693],[-75.69676,45.33499],[-75.69678,45.33408],[-75.69987,45.3308],[-75.70333,45.33123],[-75.7037,45.33006],[-75.71792,45.3239],[-75.72805,45.34167],[-75.71215,45.34839],[-75.71248,45.34876],[-75.71018,45.35021],[-75.70401,45.35156]]]}},{"type":"Feature","properties":{"name":"Stittsville","population_2016":26674},"geometry":{"type":"Polygon","coordinates":[[[-75.94725,45.28727],[-75.92961,45.29851],[-75.92251,45.30142],[-75.92077,45.29964],[-75.91851,45.29898],[-75.91784,45.29799],[-75.91244,45.29656],[-75.90063,45.29096],[-75.89993,45.29077],[-75.89564,45.29351],[-75.87663,45.27753],[-75.87138,45.27592],[-75.86909,45.27441],[-75.90269,45.25365],[-75.90203,45.25318],[-75.90247,45.25291],[-75.89845,45.24961],[-75.91015,45.24246],[-75.91285,45.24467],[-75.91271,45.24066],[-75.91437,45.24067],[-75.91887,45.24191],[-75.92136,45.24308],[-75.92195,45.24271],[-75.9454,45.26193],[-75.96472,45.24991],[-75.96676,45.24932],[-75.97004,45.24945],[-75.96998,45.25245],[-75.97391,45.26975],[-75.97364,45.27208],[-75.96901,45.27364],[-75.94725,45.28727]],[[-75.95153,45.29519],[-75.94723,45.29788],[-75.9397,45.30254],[-75.95153,45.29519]],[[-75.95153,45.29519],[-75.94411,45.28927],[-75.94897,45.29314],[-75.95153,45.29519]],[[-75.94029,45.30301],[-75.94005,45.30317],[-75.94002,45.30314],[-75.94029,45.30301]],[[-75.93985,45.303],[-75.93901,45.30352],[-75.93892,45.30358],[-75.93985,45.303]]]}},{"type":"Feature","properties":{"name":"Richmond","population_2016":7669},"geometry":{"type":"Polygon","coordinates":[[[-75.90269,45.25365],[-75.86909,45.27441],[-75.86391,45.27036],[-75.86217,45.26964],[-75.85971,45.26943],[-75.85401,45.27031],[-75.85191,45.27077],[-75.83528,45.2774],[-75.83575,45.27821],[-75.82447,45.28281],[-75.82348,45.28088],[-75.80433,45.28851],[-75.80577,45.28508],[-75.805,45.28149],[-75.79124,45.26547],[-75.78178,45.24976],[-75.77733,45.24678],[-75.76251,45.24402],[-75.75821,45.24132],[-75.75668,45.23949],[-75.74328,45.2172],[-75.72446,45.19419],[-75.72506,45.19217],[-75.72628,45.19211],[-75.76948,45.17416],[-75.77053,45.17417],[-75.79017,45.16629],[-75.79361,45.16542],[-75.81879,45.15017],[-75.82001,45.15119],[-75.81892,45.15212],[-75.82197,45.15506],[-75.82154,45.15542],[-75.83141,45.16305],[-75.83459,45.16293],[-75.83574,45.16435],[-75.83815,45.16461],[-75.83809,45.16511],[-75.83884,45.16524],[-75.83985,45.16521],[-75.84055,45.16362],[-75.83876,45.16165],[-75.83892,45.16063],[-75.8393,45.16089],[-75.83956,45.16054],[-75.83959,45.15822],[-75.8412,45.15742],[-75.8441,45.1569],[-75.84373,45.15739],[-75.84564,45.15711],[-75.84556,45.1552],[-75.84616,45.15471],[-75.85011,45.15457],[-75.85212,45.15543],[-75.85405,45.15467],[-75.85476,45.15532],[-75.85605,45.15501],[-75.85805,45.15579],[-75.86028,45.15576],[-75.86072,45.15549],[-75.86089,45.15426],[-75.86253,45.15378],[-75.86272,45.15414],[-75.86445,45.1541],[-75.86747,45.15329],[-75.86861,45.15186],[-75.87072,45.15196],[-75.87256,45.15272],[-75.88654,45.16353],[-75.90882,45.18167],[-75.90901,45.18225],[-75.931,45.20081],[-75.97996,45.23958],[-75.97274,45.24464],[-75.97098,45.24694],[-75.97004,45.24945],[-75.96676,45.24932],[-75.96472,45.24991],[-75.9454,45.26193],[-75.92195,45.24271],[-75.92136,45.24308],[-75.91437,45.24067],[-75.91271,45.24066],[-75.91285,45.24467],[-75.91015,45.24246],[-75.89845,45.24961],[-75.90247,45.25291],[-75.90203,45.25318],[-75.90269,45.25365]]]}},{"type":"Feature","properties":{"name":"Fitzroy","population_2016":3299},"geometry":{"type":"Polygon","coordinates":[[[-76.18801,45.51579],[-76.18536,45.51463],[-76.18246,45.5146],[-76.17981,45.51364],[-76.17918,45.51318],[-76.17955,45.51295],[-76.18267,45.51335],[-76.17951,45.51243],[-76.17515,45.51365],[-76.17376,45.51241],[-76.16988,45.51358],[-76.16485,45.51268],[-76.15367,45.51227],[-76.14888,45.51332],[-76.14727,45.51326],[-76.14456,45.51477],[-76.1388,45.51544],[-76.12766,45.51126],[-76.12043,45.50745],[-76.11875,45.50584],[-76.10628,45.4977],[-76.09689,45.49049],[-76.09567,45.4899],[-76.09407,45.48987],[-76.0938,45.48882],[-76.09258,45.48853],[-76.08783,45.49176],[-76.07701,45.48382],[-76.08499,45.47869],[-76.075,45.47161],[-76.08095,45.46703],[-76.07508,45.46251],[-76.08893,45.45411],[-76.10368,45.44404],[-76.11514,45.45355],[-76.12818,45.46579],[-76.14011,45.45742],[-76.16231,45.44492],[-76.17564,45.43674],[-76.19417,45.43276],[-76.21504,45.44924],[-76.24759,45.42915],[-76.2532,45.42718],[-76.25586,45.42799],[-76.25656,45.42856],[-76.25665,45.43001],[-76.25721,45.4302],[-76.25952,45.42955],[-76.26385,45.43069],[-76.26532,45.43224],[-76.26534,45.4331],[-76.26492,45.43355],[-76.26431,45.43321],[-76.26489,45.43398],[-76.26465,45.43456],[-76.26206,45.4361],[-76.26289,45.43612],[-76.26478,45.43494],[-76.26685,45.43477],[-76.26762,45.43365],[-76.26911,45.43292],[-76.27291,45.43362],[-76.2721,45.4345],[-76.26571,45.43646],[-76.26328,45.43634],[-76.26179,45.43704],[-76.25915,45.43689],[-76.25936,45.43719],[-76.26548,45.4368],[-76.27442,45.43403],[-76.27936,45.43721],[-76.28055,45.43883],[-76.28011,45.43924],[-76.28108,45.43967],[-76.28092,45.44049],[-76.28286,45.44171],[-76.28504,45.44184],[-76.28682,45.44264],[-76.28744,45.443],[-76.28596,45.443],[-76.28591,45.44369],[-76.28731,45.4445],[-76.28819,45.44449],[-76.28767,45.44515],[-76.28835,45.44575],[-76.2875,45.44552],[-76.28742,45.44604],[-76.28773,45.4465],[-76.28851,45.4465],[-76.28666,45.44698],[-76.2869,45.44819],[-76.28618,45.44879],[-76.2872,45.44929],[-76.28615,45.45042],[-76.28647,45.45086],[-76.2882,45.45039],[-76.28874,45.45067],[-76.28776,45.4512],[-76.28775,45.45183],[-76.28521,45.45259],[-76.28482,45.45186],[-76.28661,45.4512],[-76.28505,45.45041],[-76.2859,45.44945],[-76.28553,45.44918],[-76.28415,45.45004],[-76.2847,45.45156],[-76.27905,45.45134],[-76.27694,45.4517],[-76.27635,45.45221],[-76.27711,45.45273],[-76.27734,45.4536],[-76.27859,45.45424],[-76.27834,45.45455],[-76.279,45.45517],[-76.27866,45.45564],[-76.27644,45.45506],[-76.27884,45.45703],[-76.28401,45.45864],[-76.28791,45.46119],[-76.28892,45.46114],[-76.28852,45.46199],[-76.28902,45.46261],[-76.28787,45.4638],[-76.28458,45.46458],[-76.28261,45.4637],[-76.27957,45.46347],[-76.27571,45.4614],[-76.27555,45.46089],[-76.27434,45.46065],[-76.27391,45.45977],[-76.27201,45.45932],[-76.26919,45.46032],[-76.26843,45.46163],[-76.2691,45.46206],[-76.2679,45.46203],[-76.26857,45.46284],[-76.26546,45.4625],[-76.26577,45.46307],[-76.26502,45.46373],[-76.26584,45.46392],[-76.26555,45.46454],[-76.26245,45.46419],[-76.26105,45.46304],[-76.26015,45.46291],[-76.26053,45.4622],[-76.26398,45.46171],[-76.26493,45.46084],[-76.26608,45.46084],[-76.26651,45.45991],[-76.2677,45.45987],[-76.2675,45.45901],[-76.26835,45.45839],[-76.26859,45.4586],[-76.268,45.45918],[-76.2702,45.45882],[-76.27023,45.45844],[-76.26861,45.4581],[-76.26875,45.45764],[-76.26792,45.45738],[-76.26494,45.45835],[-76.26509,45.45913],[-76.26268,45.45939],[-76.26236,45.45978],[-76.26281,45.46001],[-76.2615,45.45963],[-76.2618,45.46007],[-76.26068,45.46002],[-76.26152,45.46041],[-76.26035,45.46109],[-76.25977,45.46053],[-76.25781,45.46128],[-76.25701,45.46067],[-76.25649,45.46097],[-76.2573,45.46136],[-76.25668,45.46136],[-76.25504,45.46008],[-76.25609,45.46124],[-76.25566,45.46184],[-76.25709,45.46216],[-76.25686,45.4626],[-76.2583,45.46262],[-76.25626,45.46386],[-76.25448,45.46317],[-76.25461,45.46254],[-76.25371,45.46258],[-76.25519,45.46221],[-76.25484,45.46176],[-76.25354,45.46181],[-76.25337,45.46242],[-76.25183,45.46204],[-76.25146,45.46153],[-76.25185,45.46102],[-76.25014,45.46053],[-76.25034,45.45997],[-76.24999,45.4599],[-76.25055,45.4597],[-76.24964,45.45935],[-76.24862,45.4602],[-76.24766,45.46004],[-76.24707,45.46053],[-76.24371,45.46014],[-76.24357,45.45975],[-76.23575,45.46056],[-76.23136,45.46306],[-76.23036,45.46761],[-76.23281,45.4696],[-76.2371,45.4749],[-76.23861,45.47504],[-76.2385,45.47538],[-76.23663,45.47525],[-76.23688,45.47571],[-76.23638,45.47588],[-76.23608,45.47507],[-76.23503,45.4746],[-76.23533,45.47388],[-76.23336,45.47377],[-76.23223,45.47274],[-76.22981,45.47235],[-76.22844,45.47122],[-76.22587,45.47033],[-76.22611,45.46992],[-76.22136,45.46801],[-76.21746,45.4674],[-76.21716,45.46663],[-76.21759,45.46626],[-76.21993,45.46632],[-76.21814,45.46584],[-76.21694,45.46622],[-76.21671,45.46714],[-76.2182,45.4683],[-76.21658,45.46876],[-76.21632,45.47043],[-76.2181,45.47203],[-76.21908,45.47227],[-76.21926,45.47313],[-76.22067,45.47452],[-76.22327,45.47591],[-76.22302,45.47639],[-76.2238,45.47749],[-76.22612,45.47857],[-76.22576,45.47899],[-76.22645,45.48085],[-76.22751,45.48245],[-76.22823,45.48252],[-76.22704,45.48292],[-76.22511,45.48217],[-76.22258,45.48227],[-76.22133,45.48106],[-76.22093,45.47969],[-76.21784,45.4791],[-76.21621,45.47818],[-76.21746,45.47927],[-76.22069,45.4799],[-76.22144,45.48172],[-76.22261,45.4825],[-76.22572,45.48262],[-76.22906,45.4853],[-76.22915,45.48602],[-76.22861,45.48606],[-76.228,45.48728],[-76.2278,45.48888],[-76.22865,45.4923],[-76.22928,45.49323],[-76.22995,45.49325],[-76.22896,45.49491],[-76.22902,45.49632],[-76.23053,45.49771],[-76.22997,45.49892],[-76.23308,45.50291],[-76.23317,45.50389],[-76.23073,45.50577],[-76.23066,45.50776],[-76.22512,45.51089],[-76.22295,45.5118],[-76.21518,45.51236],[-76.21179,45.51535],[-76.203,45.51585],[-76.20001,45.51662],[-76.19537,45.51581],[-76.19,45.5166],[-76.18801,45.51579]],[[-76.28427,45.43947],[-76.28501,45.43946],[-76.28475,45.43883],[-76.28235,45.43904],[-76.28173,45.43869],[-76.28052,45.4365],[-76.27707,45.43368],[-76.27208,45.43208],[-76.26651,45.43192],[-76.26482,45.42955],[-76.26293,45.42845],[-76.26145,45.4289],[-76.25901,45.42841],[-76.25874,45.42891],[-76.25938,45.42918],[-76.2582,45.42985],[-76.25664,45.42752],[-76.25465,45.42746],[-76.25312,45.42678],[-76.25337,45.42573],[-76.25412,45.42541],[-76.2537,45.42608],[-76.2548,45.42536],[-76.25291,45.42297],[-76.25508,45.42317],[-76.25662,45.41973],[-76.25619,45.4191],[-76.25471,45.41863],[-76.25384,45.41349],[-76.25128,45.40824],[-76.25227,45.40632],[-76.25253,45.40429],[-76.2511,45.40273],[-76.25074,45.40131],[-76.25123,45.39993],[-76.251,45.39796],[-76.25167,45.39702],[-76.25521,45.3948],[-76.2563,45.39326],[-76.25642,45.3914],[-76.25582,45.38948],[-76.25605,45.38806],[-76.25706,45.38647],[-76.26556,45.3791],[-76.26857,45.37514],[-76.26998,45.37181],[-76.27491,45.37007],[-76.27732,45.36846],[-76.2775,45.36726],[-76.27694,45.36655],[-76.27107,45.36335],[-76.27188,45.35904],[-76.27111,45.35735],[-76.2721,45.35429],[-76.27389,45.35315],[-76.2805,45.35168],[-76.29619,45.36382],[-76.29693,45.36389],[-76.29776,45.36503],[-76.33283,45.39195],[-76.33331,45.39354],[-76.3345,45.39416],[-76.33377,45.39469],[-76.32708,45.39157],[-76.32721,45.39064],[-76.32672,45.3916],[-76.32603,45.39156],[-76.33236,45.39514],[-76.33059,45.39562],[-76.32956,45.39653],[-76.32825,45.39523],[-76.32609,45.39517],[-76.32579,45.39451],[-76.3256,45.39511],[-76.32612,45.39543],[-76.32415,45.39618],[-76.32735,45.3955],[-76.32843,45.39649],[-76.3279,45.39651],[-76.32737,45.39728],[-76.32798,45.39692],[-76.32923,45.39925],[-76.32572,45.39997],[-76.32532,45.40045],[-76.33001,45.4056],[-76.33378,45.40713],[-76.33342,45.40784],[-76.33435,45.40936],[-76.33477,45.4093],[-76.33443,45.40813],[-76.33537,45.4083],[-76.33572,45.40955],[-76.33726,45.40981],[-76.33891,45.41095],[-76.34081,45.41324],[-76.34139,45.41478],[-76.3422,45.41498],[-76.34395,45.41716],[-76.31534,45.43555],[-76.31313,45.43637],[-76.31266,45.43547],[-76.31061,45.43575],[-76.31134,45.4367],[-76.31173,45.4361],[-76.31416,45.43708],[-76.31282,45.43722],[-76.31282,45.43771],[-76.31353,45.43814],[-76.31264,45.43833],[-76.31064,45.43773],[-76.31065,45.43812],[-76.30989,45.4382],[-76.30811,45.43749],[-76.30813,45.43809],[-76.30914,45.43854],[-76.30699,45.43885],[-76.30547,45.43837],[-76.30648,45.43826],[-76.30692,45.43799],[-76.30672,45.43733],[-76.30804,45.43691],[-76.30348,45.43747],[-76.30397,45.43775],[-76.30343,45.43799],[-76.29883,45.43661],[-76.29798,45.4356],[-76.29501,45.43597],[-76.29375,45.43533],[-76.29221,45.43666],[-76.29226,45.43717],[-76.29051,45.43716],[-76.28786,45.43902],[-76.28684,45.43873],[-76.28519,45.44035],[-76.28427,45.43947]],[[-76.34109,45.39956],[-76.33786,45.39962],[-76.33521,45.39903],[-76.33461,45.39793],[-76.33316,45.39684],[-76.33385,45.39591],[-76.33517,45.39541],[-76.33753,45.39645],[-76.33584,45.39503],[-76.33641,45.39451],[-76.34335,45.39996],[-76.34109,45.39956]],[[-76.22574,45.47583],[-76.22535,45.47437],[-76.22429,45.47451],[-76.22207,45.47304],[-76.22153,45.47207],[-76.22041,45.47244],[-76.22028,45.47172],[-76.22085,45.47142],[-76.2196,45.47127],[-76.22057,45.47032],[-76.21974,45.47033],[-76.22109,45.46961],[-76.22132,45.4702],[-76.22083,45.47042],[-76.22277,45.4707],[-76.22338,45.47177],[-76.2257,45.47285],[-76.22595,45.47404],[-76.22741,45.47449],[-76.22873,45.47608],[-76.22716,45.47583],[-76.22533,45.47649],[-76.22574,45.47583]],[[-76.23098,45.48091],[-76.23047,45.48077],[-76.23055,45.4802],[-76.23199,45.48091],[-76.23334,45.47991],[-76.23399,45.48008],[-76.23356,45.48159],[-76.2342,45.48328],[-76.233,45.48345],[-76.23079,45.48144],[-76.23098,45.48091]],[[-76.26076,45.46479],[-76.25682,45.46428],[-76.25968,45.46305],[-76.26115,45.46361],[-76.2615,45.46423],[-76.26101,45.46449],[-76.26176,45.46451],[-76.26144,45.4651],[-76.26076,45.46479]],[[-76.3511,45.41041],[-76.34914,45.40806],[-76.35159,45.41024],[-76.35392,45.41063],[-76.35229,45.41182],[-76.3511,45.41041]],[[-76.26558,45.43311],[-76.26556,45.43257],[-76.26619,45.43251],[-76.26759,45.43306],[-76.26703,45.43318],[-76.26653,45.43455],[-76.26545,45.43483],[-76.26582,45.4343],[-76.26513,45.43374],[-76.26558,45.43311]],[[-76.22893,45.48251],[-76.22959,45.48392],[-76.22947,45.48444],[-76.22876,45.48468],[-76.22699,45.48319],[-76.22893,45.48251]],[[-76.26855,45.46459],[-76.26811,45.46399],[-76.26955,45.46345],[-76.26935,45.46372],[-76.27046,45.46456],[-76.26855,45.46459]],[[-76.22778,45.47643],[-76.22899,45.47633],[-76.22945,45.477],[-76.22792,45.47778],[-76.22778,45.47643]],[[-76.29286,45.46411],[-76.2926,45.46384],[-76.29327,45.46305],[-76.29399,45.46352],[-76.29348,45.46411],[-76.29417,45.46438],[-76.29381,45.46462],[-76.29286,45.46411]],[[-76.22819,45.47955],[-76.22894,45.47994],[-76.22818,45.48082],[-76.22735,45.48082],[-76.22819,45.47955]],[[-76.33482,45.39333],[-76.3338,45.39323],[-76.33327,45.39243],[-76.33482,45.39333]],[[-76.32879,45.39799],[-76.32939,45.39822],[-76.32994,45.39929],[-76.32879,45.39799]],[[-76.26086,45.46142],[-76.26158,45.4615],[-76.26018,45.46184],[-76.26086,45.46142]],[[-76.2187,45.46883],[-76.21891,45.46933],[-76.21798,45.46934],[-76.2187,45.46883]],[[-76.27099,45.45993],[-76.27181,45.45986],[-76.27218,45.46025],[-76.27099,45.45993]],[[-76.24868,45.46074],[-76.24908,45.46028],[-76.24975,45.46045],[-76.24868,45.46074]],[[-76.24437,45.46213],[-76.24521,45.46186],[-76.24458,45.46256],[-76.24437,45.46213]],[[-76.25114,45.46211],[-76.25195,45.46259],[-76.25165,45.46271],[-76.25114,45.46211]],[[-76.22842,45.47812],[-76.22859,45.47861],[-76.22801,45.47845],[-76.22842,45.47812]],[[-76.27938,45.45623],[-76.27882,45.45599],[-76.27952,45.45583],[-76.27938,45.45623]],[[-76.33291,45.39712],[-76.33397,45.3977],[-76.3333,45.3975],[-76.33291,45.39712]],[[-76.26034,45.46533],[-76.261,45.46543],[-76.2612,45.46573],[-76.26034,45.46533]],[[-76.21934,45.47034],[-76.21946,45.47048],[-76.21851,45.47088],[-76.21934,45.47034]],[[-76.24842,45.46059],[-76.24845,45.46087],[-76.24764,45.46061],[-76.24842,45.46059]],[[-76.22959,45.47381],[-76.23012,45.47421],[-76.22927,45.47403],[-76.22959,45.47381]],[[-76.22359,45.47619],[-76.22407,45.47655],[-76.22384,45.4768],[-76.22359,45.47619]],[[-76.26217,45.4648],[-76.26288,45.46518],[-76.26234,45.46518],[-76.26217,45.4648]],[[-76.28523,45.45314],[-76.28485,45.45384],[-76.28473,45.4537],[-76.28523,45.45314]],[[-76.27353,45.46077],[-76.274,45.46092],[-76.27326,45.46103],[-76.27353,45.46077]],[[-76.24866,45.46456],[-76.24922,45.46466],[-76.24926,45.46493],[-76.24866,45.46456]],[[-76.25806,45.46194],[-76.2586,45.46205],[-76.2579,45.46216],[-76.25806,45.46194]],[[-76.24839,45.46111],[-76.24888,45.4612],[-76.24859,45.46144],[-76.24839,45.46111]],[[-76.25098,45.46098],[-76.25126,45.46126],[-76.25062,45.46108],[-76.25098,45.46098]],[[-76.26532,45.46039],[-76.26542,45.46058],[-76.26486,45.46058],[-76.26532,45.46039]],[[-76.29697,45.46348],[-76.29761,45.4637],[-76.29746,45.4638],[-76.29697,45.46348]],[[-76.24818,45.46244],[-76.24839,45.46259],[-76.24828,45.46298],[-76.24818,45.46244]],[[-76.2487,45.46026],[-76.24875,45.46055],[-76.24842,45.46049],[-76.2487,45.46026]],[[-76.24804,45.46378],[-76.2486,45.464],[-76.24821,45.46408],[-76.24804,45.46378]],[[-76.24777,45.46208],[-76.24803,45.46233],[-76.24747,45.46224],[-76.24777,45.46208]],[[-76.33326,45.39781],[-76.33382,45.39799],[-76.33391,45.39824],[-76.33326,45.39781]],[[-76.25973,45.42887],[-76.25998,45.42919],[-76.25967,45.42907],[-76.25973,45.42887]],[[-76.26356,45.46071],[-76.26402,45.46083],[-76.26348,45.46085],[-76.26356,45.46071]],[[-76.26442,45.4607],[-76.26475,45.46091],[-76.26448,45.46093],[-76.26442,45.4607]]]}},{"type":"Feature","properties":{"name":"Constance Bay","population_2016":2371},"geometry":{"type":"Polygon","coordinates":[[[-76.07564,45.49354],[-76.07416,45.49041],[-76.07173,45.48744],[-76.07131,45.48421],[-76.0689,45.47845],[-76.06675,45.47732],[-76.075,45.47161],[-76.08499,45.47869],[-76.07701,45.48382],[-76.08783,45.49176],[-76.09173,45.48903],[-76.09208,45.49053],[-76.0936,45.49109],[-76.0955,45.49358],[-76.09677,45.49324],[-76.09694,45.49406],[-76.10043,45.49612],[-76.10125,45.49728],[-76.10508,45.49946],[-76.11377,45.5061],[-76.11228,45.50755],[-76.11087,45.50811],[-76.10486,45.50964],[-76.09347,45.51139],[-76.09263,45.51034],[-76.09026,45.50946],[-76.08825,45.50763],[-76.085,45.50689],[-76.08384,45.50469],[-76.08238,45.50327],[-76.07766,45.5018],[-76.07431,45.50132],[-76.07588,45.49864],[-76.07564,45.49354]]]}},{"type":"Feature","properties":{"name":"Cumberland","population_2016":4172},"geometry":{"type":"Polygon","coordinates":[[[-75.34522,45.52822],[-75.34396,45.52734],[-75.33961,45.52642],[-75.3387,45.52688],[-75.33797,45.52639],[-75.33661,45.52667],[-75.32755,45.51066],[-75.32508,45.50888],[-75.30938,45.4813],[-75.32569,45.47662],[-75.33094,45.48604],[-75.3318,45.48684],[-75.38008,45.47325],[-75.40363,45.46762],[-75.40548,45.4665],[-75.41999,45.46258],[-75.42168,45.46107],[-75.42877,45.45919],[-75.43571,45.4712],[-75.43727,45.472],[-75.44053,45.47212],[-75.44183,45.47362],[-75.43749,45.4746],[-75.44957,45.49571],[-75.45189,45.49695],[-75.46087,45.51026],[-75.4622,45.51291],[-75.45812,45.51513],[-75.4567,45.51491],[-75.4523,45.51588],[-75.44699,45.51765],[-75.43002,45.5171],[-75.42323,45.51747],[-75.41741,45.51846],[-75.41272,45.52093],[-75.41083,45.52042],[-75.40967,45.52072],[-75.40052,45.52014],[-75.39039,45.52045],[-75.37789,45.52636],[-75.37521,45.52614],[-75.37656,45.52598],[-75.37762,45.52497],[-75.37646,45.52426],[-75.37681,45.52401],[-75.37653,45.52344],[-75.37307,45.52299],[-75.37332,45.52159],[-75.3729,45.52139],[-75.37294,45.52032],[-75.37104,45.51985],[-75.37005,45.52068],[-75.3697,45.52171],[-75.37011,45.52284],[-75.37114,45.52317],[-75.37087,45.52338],[-75.36333,45.52528],[-75.36268,45.52485],[-75.36161,45.52515],[-75.36165,45.52452],[-75.36046,45.52438],[-75.35966,45.52343],[-75.36081,45.52193],[-75.3594,45.52154],[-75.36035,45.52217],[-75.35979,45.52286],[-75.35892,45.5229],[-75.35985,45.52421],[-75.36132,45.52446],[-75.3614,45.52525],[-75.36251,45.52513],[-75.36253,45.52547],[-75.35215,45.52648],[-75.35937,45.52531],[-75.35654,45.524],[-75.3545,45.52412],[-75.35229,45.52514],[-75.35126,45.52657],[-75.3494,45.52783],[-75.34579,45.52855],[-75.34522,45.52822]],[[-75.33271,45.53202],[-75.33996,45.53171],[-75.34102,45.53104],[-75.33803,45.53077],[-75.3373,45.53014],[-75.34022,45.52954],[-75.34045,45.52906],[-75.34194,45.52921],[-75.34161,45.52875],[-75.33962,45.52852],[-75.33416,45.52933],[-75.33222,45.52914],[-75.33202,45.52875],[-75.33363,45.52797],[-75.33514,45.52799],[-75.33375,45.52871],[-75.33991,45.52815],[-75.34389,45.52949],[-75.34253,45.53013],[-75.34187,45.53135],[-75.34003,45.53198],[-75.33271,45.53202]],[[-75.35222,45.52777],[-75.34978,45.5286],[-75.35275,45.52729],[-75.3559,45.52718],[-75.35656,45.52779],[-75.34556,45.53151],[-75.35179,45.52843],[-75.35157,45.52811],[-75.35222,45.52777]],[[-75.36754,45.52606],[-75.36224,45.52692],[-75.36064,45.52673],[-75.36698,45.52546],[-75.36885,45.5257],[-75.3694,45.52669],[-75.35946,45.52858],[-75.36814,45.52625],[-75.36754,45.52606]],[[-75.33593,45.53381],[-75.33587,45.53351],[-75.33771,45.53368],[-75.34338,45.53222],[-75.33665,45.53442],[-75.33633,45.53429],[-75.33659,45.53393],[-75.33593,45.53381]],[[-75.33968,45.52761],[-75.33729,45.52778],[-75.33818,45.52735],[-75.34072,45.5274],[-75.34412,45.52878],[-75.33968,45.52761]],[[-75.34278,45.53103],[-75.34313,45.53011],[-75.34499,45.53016],[-75.34317,45.53087],[-75.3443,45.53105],[-75.34278,45.53103]],[[-75.37101,45.52531],[-75.36912,45.52475],[-75.37054,45.52474],[-75.37426,45.52605],[-75.37184,45.52589],[-75.37101,45.52531]],[[-75.35778,45.52874],[-75.35846,45.52884],[-75.35724,45.52922],[-75.3542,45.52962],[-75.35778,45.52874]],[[-75.34687,45.53187],[-75.34616,45.5324],[-75.34255,45.5334],[-75.34687,45.53187]],[[-75.37644,45.52519],[-75.37584,45.52524],[-75.37577,45.52479],[-75.37653,45.52466],[-75.3772,45.52542],[-75.37644,45.52519]],[[-75.34795,45.52823],[-75.34781,45.52852],[-75.34516,45.52903],[-75.34795,45.52823]],[[-75.34924,45.52875],[-75.34919,45.52899],[-75.34762,45.5294],[-75.34924,45.52875]],[[-75.37456,45.52507],[-75.37495,45.52538],[-75.37401,45.52539],[-75.37456,45.52507]],[[-75.34492,45.53165],[-75.34471,45.53189],[-75.34421,45.5319],[-75.34492,45.53165]],[[-75.34914,45.53113],[-75.3491,45.53133],[-75.34872,45.53133],[-75.34914,45.53113]],[[-75.37515,45.52473],[-75.37537,45.5249],[-75.37511,45.5249],[-75.37515,45.52473]]]}},{"type":"Feature","properties":{"name":"Munster - Ashton","population_2016":3705},"geometry":{"type":"Polygon","coordinates":[[[-75.95601,45.22068],[-75.931,45.20081],[-75.89836,45.17306],[-75.87256,45.15272],[-75.88695,45.10857],[-75.94106,45.08002],[-75.96422,45.10032],[-75.96539,45.10088],[-76.0523,45.17293],[-76.04866,45.17444],[-76.0474,45.17639],[-76.04486,45.19609],[-76.0434,45.19961],[-76.04122,45.20224],[-76.03938,45.20385],[-76.01468,45.21928],[-75.99044,45.23267],[-75.97996,45.23958],[-75.95601,45.22068]]]}},{"type":"Feature","properties":{"name":"Marlborough","population_2016":1812},"geometry":{"type":"Polygon","coordinates":[[[-75.83647,45.16443],[-75.83574,45.16435],[-75.83459,45.16293],[-75.83141,45.16305],[-75.82154,45.15542],[-75.82197,45.15506],[-75.81892,45.15212],[-75.81988,45.15145],[-75.81986,45.15084],[-75.81879,45.15017],[-75.81054,45.13606],[-75.79723,45.12485],[-75.8026,45.12166],[-75.7888,45.11073],[-75.80754,45.0992],[-75.79359,45.0886],[-75.73884,45.12223],[-75.66281,45.06048],[-75.67209,45.05726],[-75.67714,45.0546],[-75.67984,45.05217],[-75.68011,45.05157],[-75.67958,45.05123],[-75.68086,45.05006],[-75.6818,45.04994],[-75.68019,45.04855],[-75.68049,45.04782],[-75.68231,45.04954],[-75.68419,45.04915],[-75.68588,45.04788],[-75.68793,45.04864],[-75.68879,45.04858],[-75.68917,45.04783],[-75.69028,45.04803],[-75.69279,45.04312],[-75.69964,45.03751],[-75.70111,45.03549],[-75.70154,45.03404],[-75.70282,45.03309],[-75.70354,45.03173],[-75.70439,45.03194],[-75.70423,45.03136],[-75.70469,45.03086],[-75.70423,45.0299],[-75.70268,45.03056],[-75.70239,45.03123],[-75.7015,45.03089],[-75.7009,45.03373],[-75.69958,45.03494],[-75.6986,45.03358],[-75.69947,45.03187],[-75.70101,45.03105],[-75.70341,45.02832],[-75.70797,45.02535],[-75.70977,45.02457],[-75.71374,45.02418],[-75.71881,45.02105],[-75.72426,45.02084],[-75.72456,45.02141],[-75.72245,45.02191],[-75.71905,45.026],[-75.71712,45.02702],[-75.71785,45.02691],[-75.71894,45.02637],[-75.7202,45.02471],[-75.72096,45.02476],[-75.72482,45.02186],[-75.72945,45.01959],[-75.73305,45.01717],[-75.73564,45.01619],[-75.73485,45.01598],[-75.73204,45.01695],[-75.73523,45.01402],[-75.73808,45.0139],[-75.73708,45.01479],[-75.73744,45.01483],[-75.74071,45.01296],[-75.746,45.0111],[-75.74672,45.01056],[-75.74386,45.01081],[-75.74474,45.01027],[-75.74759,45.0094],[-75.7495,45.0097],[-75.75454,45.00593],[-75.7546,45.00546],[-75.75554,45.00542],[-75.76104,45.00261],[-75.76119,45.00223],[-75.75887,45.00333],[-75.75892,45.00298],[-75.76147,45.00151],[-75.76132,45.00082],[-75.76251,45.00001],[-75.76023,45.00079],[-75.76004,45.0013],[-75.75879,45.00128],[-75.75883,45.00086],[-75.76452,44.99872],[-75.76606,44.99649],[-75.76599,44.99476],[-75.76781,44.99206],[-75.76643,44.99327],[-75.76527,44.99594],[-75.76498,44.99514],[-75.76537,44.99434],[-75.76708,44.99207],[-75.76973,44.99045],[-75.77541,44.98864],[-75.78674,44.98331],[-75.78923,44.98288],[-75.79698,44.98289],[-75.79938,44.98221],[-75.80029,44.98156],[-75.80036,44.98097],[-75.80138,44.98054],[-75.80416,44.98074],[-75.80618,44.98013],[-75.80822,44.97842],[-75.80974,44.97872],[-75.80867,44.97836],[-75.81006,44.97842],[-75.80971,44.97814],[-75.81125,44.97706],[-75.81156,44.97614],[-75.81521,44.97411],[-75.81538,44.97352],[-75.8148,44.9735],[-75.81519,44.97273],[-75.81777,44.97202],[-75.81814,44.9711],[-75.81568,44.97139],[-75.81373,44.97299],[-75.81296,44.97188],[-75.81422,44.96967],[-75.82131,44.96787],[-75.82272,44.96842],[-75.82167,44.96771],[-75.82209,44.96718],[-75.8236,44.96878],[-75.82369,44.96834],[-75.82409,44.96844],[-75.82352,44.96811],[-75.82457,44.96773],[-75.8245,44.96695],[-75.82578,44.96716],[-75.87643,45.00789],[-75.89014,45.01925],[-75.89685,45.02568],[-75.89796,45.02609],[-75.95313,45.07241],[-75.94106,45.08002],[-75.88695,45.10857],[-75.87256,45.15272],[-75.87072,45.15196],[-75.86861,45.15186],[-75.86692,45.15347],[-75.86445,45.1541],[-75.86272,45.15414],[-75.86253,45.15378],[-75.86069,45.15434],[-75.86072,45.15549],[-75.86028,45.15576],[-75.85805,45.15579],[-75.85605,45.15501],[-75.85476,45.15532],[-75.85405,45.15467],[-75.8518,45.15543],[-75.85011,45.15457],[-75.84652,45.15457],[-75.84556,45.1552],[-75.84564,45.15711],[-75.84373,45.15739],[-75.8441,45.1569],[-75.8412,45.15742],[-75.83959,45.15822],[-75.83956,45.16054],[-75.83872,45.16113],[-75.83876,45.16165],[-75.84046,45.16318],[-75.83985,45.16521],[-75.83829,45.16519],[-75.83815,45.16461],[-75.83647,45.16443]]]}},{"type":"Feature","properties":{"name":"Corkery","population_2016":3473},"geometry":{"type":"Polygon","coordinates":[[[-76.00406,45.28416],[-75.993,45.27541],[-75.99019,45.27396],[-75.98579,45.27277],[-75.97895,45.27192],[-75.97364,45.27208],[-75.97391,45.26975],[-75.96998,45.25245],[-75.97038,45.24819],[-75.97205,45.24536],[-75.97383,45.24364],[-75.98981,45.23306],[-76.01468,45.21928],[-76.03938,45.20385],[-76.04122,45.20224],[-76.0434,45.19961],[-76.04486,45.19609],[-76.0474,45.17639],[-76.04866,45.17444],[-76.0523,45.17293],[-76.09163,45.20523],[-76.14453,45.24764],[-76.1765,45.2749],[-76.16038,45.28512],[-76.15879,45.28479],[-76.14905,45.29082],[-76.147,45.29217],[-76.14633,45.29386],[-76.1172,45.31257],[-76.10096,45.32131],[-76.04412,45.31057],[-76.04106,45.30961],[-76.03917,45.30864],[-76.02621,45.29862],[-76.01297,45.29131],[-76.00406,45.28416]]]}},{"type":"Feature","properties":{"name":"Kinburn","population_2016":1987},"geometry":{"type":"Polygon","coordinates":[[[-76.11931,45.45736],[-76.10368,45.44404],[-76.11135,45.43854],[-76.11528,45.43699],[-76.10374,45.42811],[-76.10064,45.42662],[-76.08499,45.41429],[-76.06035,45.39612],[-76.09596,45.37318],[-76.09849,45.37375],[-76.11111,45.38404],[-76.13606,45.3689],[-76.14929,45.37921],[-76.20043,45.34768],[-76.20166,45.34616],[-76.19248,45.33965],[-76.234,45.3162],[-76.27995,45.35126],[-76.27385,45.35239],[-76.27237,45.35316],[-76.27108,45.35435],[-76.27104,45.35542],[-76.26981,45.35698],[-76.27109,45.35972],[-76.27023,45.36242],[-76.27047,45.36371],[-76.27495,45.36618],[-76.27656,45.36745],[-76.27677,45.36812],[-76.27477,45.36949],[-76.26965,45.37125],[-76.26813,45.37431],[-76.26476,45.37876],[-76.25688,45.38543],[-76.25501,45.38805],[-76.2557,45.39189],[-76.25515,45.39388],[-76.25197,45.3958],[-76.24999,45.39793],[-76.25039,45.39989],[-76.25006,45.40202],[-76.25139,45.4052],[-76.25053,45.40843],[-76.25315,45.41434],[-76.25355,45.41822],[-76.25203,45.41967],[-76.24982,45.42037],[-76.24961,45.42117],[-76.25221,45.42387],[-76.2536,45.42464],[-76.25286,45.42588],[-76.25134,45.42652],[-76.25188,45.42717],[-76.25298,45.42733],[-76.24759,45.42915],[-76.21504,45.44924],[-76.19417,45.43276],[-76.17564,45.43674],[-76.16231,45.44492],[-76.14011,45.45742],[-76.12818,45.46579],[-76.11931,45.45736]],[[-76.25192,45.42256],[-76.25033,45.42112],[-76.25056,45.42049],[-76.25228,45.42004],[-76.25404,45.41872],[-76.25609,45.41972],[-76.25479,45.42236],[-76.25192,45.42256]],[[-76.25473,45.42259],[-76.2549,45.42275],[-76.25467,45.4229],[-76.25473,45.42259]]]}},{"type":"Feature","properties":{"name":"North Gower - Kars","population_2016":5213},"geometry":{"type":"Polygon","coordinates":[[[-75.64135,45.19428],[-75.63908,45.19013],[-75.63796,45.18424],[-75.63991,45.17547],[-75.64073,45.16781],[-75.6428,45.16272],[-75.64251,45.16219],[-75.64051,45.16257],[-75.63481,45.16202],[-75.63483,45.16114],[-75.63584,45.15972],[-75.64272,45.15449],[-75.64411,45.15431],[-75.64439,45.15482],[-75.64428,45.15381],[-75.64277,45.15408],[-75.64436,45.15212],[-75.64449,45.15051],[-75.64397,45.15011],[-75.64441,45.1501],[-75.64449,45.14932],[-75.64576,45.14935],[-75.64571,45.14861],[-75.64648,45.14789],[-75.64797,45.14793],[-75.64831,45.1471],[-75.64797,45.14689],[-75.64837,45.14678],[-75.65097,45.14787],[-75.6526,45.14954],[-75.65604,45.15164],[-75.65716,45.15342],[-75.65955,45.15442],[-75.66255,45.15422],[-75.66485,45.1548],[-75.66574,45.15593],[-75.66652,45.15617],[-75.66762,45.15575],[-75.67167,45.15725],[-75.6734,45.15667],[-75.6733,45.15736],[-75.67405,45.15779],[-75.67416,45.15742],[-75.67499,45.15793],[-75.67906,45.15816],[-75.6797,45.15774],[-75.67959,45.15688],[-75.68202,45.15661],[-75.68303,45.15711],[-75.68549,45.1572],[-75.6875,45.15606],[-75.68797,45.15527],[-75.69045,45.15501],[-75.6908,45.15373],[-75.69244,45.15259],[-75.69211,45.15139],[-75.693,45.15139],[-75.69391,45.15212],[-75.69546,45.15175],[-75.69776,45.15239],[-75.69774,45.15187],[-75.70086,45.14907],[-75.70359,45.14456],[-75.70286,45.14504],[-75.70037,45.14927],[-75.69752,45.15167],[-75.69764,45.1522],[-75.69538,45.15159],[-75.69416,45.152],[-75.69338,45.15126],[-75.69206,45.15126],[-75.69168,45.1516],[-75.69198,45.15293],[-75.69051,45.15362],[-75.69004,45.15497],[-75.68816,45.15493],[-75.68578,45.15695],[-75.68025,45.15645],[-75.67897,45.15675],[-75.67919,45.15797],[-75.67826,45.1576],[-75.67527,45.15769],[-75.67349,45.15729],[-75.67399,45.15696],[-75.67343,45.15651],[-75.67165,45.15703],[-75.66782,45.15555],[-75.66614,45.1558],[-75.66516,45.15467],[-75.662,45.15395],[-75.66189,45.15352],[-75.66156,45.15411],[-75.65983,45.15427],[-75.65724,45.15319],[-75.65683,45.15195],[-75.65548,45.15072],[-75.65333,45.14955],[-75.65173,45.14778],[-75.64937,45.14687],[-75.64959,45.14656],[-75.64786,45.14644],[-75.64752,45.14769],[-75.64515,45.1483],[-75.64516,45.1436],[-75.64202,45.13854],[-75.64417,45.13737],[-75.6441,45.1367],[-75.64483,45.13618],[-75.64993,45.13563],[-75.65668,45.13362],[-75.65627,45.13174],[-75.65706,45.13102],[-75.65917,45.13055],[-75.65943,45.12955],[-75.66049,45.12953],[-75.65911,45.12931],[-75.65834,45.13051],[-75.65783,45.13016],[-75.65628,45.13078],[-75.65461,45.13368],[-75.65002,45.13512],[-75.6466,45.13511],[-75.64672,45.13221],[-75.64635,45.13341],[-75.64477,45.13435],[-75.6447,45.13543],[-75.64213,45.13803],[-75.64133,45.13817],[-75.63656,45.1342],[-75.63669,45.13247],[-75.6378,45.13057],[-75.63562,45.12743],[-75.63081,45.12515],[-75.62968,45.12616],[-75.62921,45.12032],[-75.62621,45.1165],[-75.62496,45.11255],[-75.62083,45.1061],[-75.62061,45.10482],[-75.62184,45.10011],[-75.62264,45.09861],[-75.62546,45.09607],[-75.62666,45.09576],[-75.63257,45.09204],[-75.63348,45.09202],[-75.63404,45.09297],[-75.63375,45.0954],[-75.63493,45.09787],[-75.63503,45.09664],[-75.63461,45.09607],[-75.63588,45.09488],[-75.63601,45.092],[-75.63723,45.09064],[-75.63961,45.08916],[-75.63988,45.08545],[-75.63941,45.0835],[-75.64167,45.08096],[-75.64209,45.07797],[-75.6427,45.07765],[-75.64296,45.0734],[-75.64445,45.07241],[-75.64519,45.07291],[-75.64642,45.07271],[-75.6454,45.07273],[-75.64407,45.072],[-75.64411,45.0716],[-75.64602,45.06924],[-75.64814,45.0684],[-75.64968,45.06678],[-75.65749,45.06255],[-75.66281,45.06048],[-75.73884,45.12223],[-75.79359,45.0886],[-75.80754,45.0992],[-75.7888,45.11073],[-75.8026,45.12166],[-75.79723,45.12485],[-75.81054,45.13606],[-75.81879,45.15017],[-75.80062,45.1615],[-75.79361,45.16542],[-75.79017,45.16629],[-75.77053,45.17417],[-75.76948,45.17416],[-75.72628,45.19211],[-75.72506,45.19217],[-75.72305,45.19669],[-75.72188,45.19615],[-75.7213,45.19485],[-75.72013,45.19508],[-75.70058,45.20287],[-75.69681,45.20493],[-75.67024,45.21538],[-75.66933,45.21617],[-75.66586,45.21464],[-75.66168,45.21001],[-75.6586,45.20777],[-75.65496,45.20637],[-75.65179,45.20444],[-75.64347,45.19694],[-75.64135,45.19428]],[[-75.64529,45.149],[-75.6444,45.1484],[-75.64546,45.14878],[-75.64529,45.149]]]}},{"type":"Feature","properties":{"name":"Manotick","population_2016":9040},"geometry":{"type":"Polygon","coordinates":[[[-75.63576,45.25116],[-75.62459,45.25603],[-75.61394,45.23922],[-75.60263,45.21989],[-75.62498,45.21018],[-75.62193,45.19313],[-75.63073,45.18918],[-75.62823,45.18586],[-75.62281,45.1713],[-75.62278,45.16954],[-75.6237,45.1678],[-75.63034,45.16155],[-75.63306,45.16196],[-75.63194,45.16214],[-75.63081,45.16323],[-75.63131,45.16349],[-75.63097,45.16378],[-75.62455,45.16824],[-75.6239,45.16782],[-75.62426,45.17078],[-75.62561,45.17491],[-75.62604,45.17474],[-75.6304,45.17743],[-75.63334,45.18004],[-75.63381,45.18098],[-75.63412,45.18269],[-75.63324,45.18463],[-75.63321,45.18587],[-75.63459,45.18957],[-75.63584,45.19124],[-75.63412,45.19113],[-75.63681,45.19191],[-75.63784,45.19336],[-75.63698,45.19718],[-75.63955,45.20152],[-75.63962,45.20238],[-75.64088,45.20318],[-75.64218,45.20261],[-75.64387,45.20455],[-75.6477,45.2076],[-75.64919,45.20815],[-75.64813,45.20941],[-75.64966,45.20847],[-75.65316,45.21044],[-75.65571,45.21],[-75.65692,45.21049],[-75.65925,45.2105],[-75.65851,45.21132],[-75.6617,45.21527],[-75.66054,45.2154],[-75.66196,45.21581],[-75.66469,45.21879],[-75.66755,45.22037],[-75.66881,45.22352],[-75.6703,45.22427],[-75.67025,45.22808],[-75.67155,45.23035],[-75.67351,45.23179],[-75.67365,45.23311],[-75.67374,45.2321],[-75.67943,45.23215],[-75.68409,45.23589],[-75.68739,45.23651],[-75.68992,45.23955],[-75.69176,45.24039],[-75.69376,45.24343],[-75.69389,45.24398],[-75.69297,45.24497],[-75.69243,45.24484],[-75.69322,45.24603],[-75.69415,45.24646],[-75.69346,45.24704],[-75.69458,45.24669],[-75.69514,45.24734],[-75.6946,45.24655],[-75.69557,45.24641],[-75.69879,45.24835],[-75.69393,45.24995],[-75.6927,45.25003],[-75.69221,45.24933],[-75.6609,45.26267],[-75.65794,45.26304],[-75.64553,45.2681],[-75.63576,45.25116]],[[-75.7064,45.24922],[-75.70627,45.24981],[-75.70565,45.24849],[-75.70329,45.24826],[-75.703,45.24721],[-75.70357,45.24524],[-75.7031,45.2444],[-75.70334,45.24183],[-75.70143,45.2376],[-75.69958,45.23533],[-75.69332,45.23124],[-75.68966,45.22944],[-75.68833,45.22795],[-75.6862,45.22774],[-75.68554,45.22807],[-75.68538,45.22875],[-75.68412,45.22861],[-75.6824,45.22673],[-75.6809,45.22595],[-75.68063,45.2247],[-75.67864,45.22148],[-75.67729,45.22091],[-75.67574,45.22146],[-75.67392,45.22058],[-75.67145,45.22074],[-75.66954,45.22029],[-75.66422,45.21629],[-75.66123,45.21247],[-75.66076,45.21],[-75.65808,45.20791],[-75.65824,45.20843],[-75.65529,45.20934],[-75.65314,45.2094],[-75.64771,45.20572],[-75.64581,45.202],[-75.64544,45.20249],[-75.64422,45.2018],[-75.64481,45.20151],[-75.64523,45.20203],[-75.64565,45.20186],[-75.64505,45.20123],[-75.64554,45.201],[-75.64261,45.20184],[-75.64024,45.20086],[-75.63821,45.19683],[-75.63848,45.19479],[-75.63945,45.19392],[-75.63938,45.19317],[-75.6383,45.19126],[-75.63627,45.18928],[-75.63512,45.18553],[-75.63548,45.18492],[-75.63521,45.18391],[-75.636,45.18251],[-75.63682,45.182],[-75.63693,45.18054],[-75.63854,45.17812],[-75.63707,45.17952],[-75.6372,45.17814],[-75.63685,45.17807],[-75.63562,45.18138],[-75.63505,45.18017],[-75.6326,45.17758],[-75.62685,45.17366],[-75.62538,45.17022],[-75.62536,45.16941],[-75.6263,45.16829],[-75.63343,45.16386],[-75.63613,45.16817],[-75.63779,45.16922],[-75.63687,45.16839],[-75.63411,45.16352],[-75.63484,45.16202],[-75.64051,45.16257],[-75.64251,45.16219],[-75.64278,45.16315],[-75.64073,45.16781],[-75.63991,45.17547],[-75.63801,45.18339],[-75.63925,45.19054],[-75.6429,45.19636],[-75.65143,45.20414],[-75.65496,45.20637],[-75.6586,45.20777],[-75.66168,45.21001],[-75.66586,45.21464],[-75.66933,45.21617],[-75.67024,45.21538],[-75.69681,45.20493],[-75.70058,45.20287],[-75.72013,45.19508],[-75.7213,45.19485],[-75.72188,45.19615],[-75.72305,45.19669],[-75.72447,45.19412],[-75.74328,45.2172],[-75.7569,45.23943],[-75.74649,45.2437],[-75.74403,45.24347],[-75.74164,45.23785],[-75.7298,45.24272],[-75.72665,45.23728],[-75.72313,45.23984],[-75.72194,45.24154],[-75.71953,45.24249],[-75.72073,45.24412],[-75.72077,45.24488],[-75.71908,45.24613],[-75.71923,45.24721],[-75.72042,45.24815],[-75.71916,45.25056],[-75.71504,45.24928],[-75.71347,45.24819],[-75.70663,45.25086],[-75.70681,45.24964],[-75.7064,45.24922]],[[-75.70134,45.24706],[-75.69847,45.24514],[-75.69724,45.24518],[-75.69554,45.24296],[-75.69427,45.24233],[-75.69289,45.23967],[-75.68803,45.23576],[-75.68599,45.2355],[-75.68462,45.23444],[-75.68358,45.23427],[-75.68047,45.23163],[-75.68,45.23184],[-75.67987,45.23143],[-75.67842,45.23102],[-75.67578,45.23127],[-75.67305,45.23017],[-75.6716,45.22821],[-75.6714,45.22403],[-75.67005,45.22288],[-75.66997,45.22133],[-75.67372,45.22102],[-75.67672,45.22217],[-75.67853,45.22327],[-75.68035,45.22646],[-75.68188,45.22703],[-75.68433,45.22909],[-75.68534,45.2291],[-75.68643,45.22814],[-75.68813,45.22823],[-75.6899,45.23033],[-75.69316,45.2318],[-75.69964,45.23596],[-75.70166,45.23899],[-75.70196,45.24089],[-75.70291,45.24218],[-75.7025,45.24401],[-75.70291,45.24539],[-75.70233,45.24783],[-75.70318,45.24895],[-75.70248,45.24885],[-75.70134,45.24706]]]}},{"type":"Feature","properties":{"name":"Osgoode - Vernon","population_2016":5112},"geometry":{"type":"Polygon","coordinates":[[[-75.58377,45.18765],[-75.58247,45.18898],[-75.57918,45.1906],[-75.56103,45.19808],[-75.55808,45.19976],[-75.51753,45.21726],[-75.49063,45.16541],[-75.46909,45.17464],[-75.44556,45.18376],[-75.43643,45.16736],[-75.42647,45.15129],[-75.45195,45.14154],[-75.49708,45.12635],[-75.51204,45.11979],[-75.55546,45.10207],[-75.58864,45.08731],[-75.59055,45.08682],[-75.59506,45.0844],[-75.61235,45.10497],[-75.61303,45.10523],[-75.61346,45.10638],[-75.61927,45.11424],[-75.62013,45.11461],[-75.61997,45.11971],[-75.62011,45.12108],[-75.62089,45.12238],[-75.62465,45.12495],[-75.62727,45.1257],[-75.62844,45.12732],[-75.63247,45.12881],[-75.63525,45.13088],[-75.63441,45.13333],[-75.63484,45.13537],[-75.64034,45.13994],[-75.64283,45.14372],[-75.64203,45.14604],[-75.64026,45.14369],[-75.6396,45.14358],[-75.63933,45.14257],[-75.63823,45.14243],[-75.63952,45.14462],[-75.64113,45.14618],[-75.64207,45.14635],[-75.64258,45.15051],[-75.64241,45.15138],[-75.64122,45.15267],[-75.64084,45.15184],[-75.63984,45.1526],[-75.64133,45.15276],[-75.64101,45.15325],[-75.6401,45.15322],[-75.63862,45.15408],[-75.63513,45.15714],[-75.63451,45.15742],[-75.63439,45.15647],[-75.63393,45.15666],[-75.63302,45.16184],[-75.63034,45.16155],[-75.6237,45.1678],[-75.62285,45.16922],[-75.62281,45.1713],[-75.62823,45.18586],[-75.63073,45.18918],[-75.62193,45.19313],[-75.62498,45.21018],[-75.60263,45.21989],[-75.5845,45.18802],[-75.58377,45.18765]]]}},{"type":"Feature","properties":{"name":"Metcalfe","population_2016":5240},"geometry":{"type":"Polygon","coordinates":[[[-75.483,45.30436],[-75.46627,45.27478],[-75.4512,45.24507],[-75.40285,45.266],[-75.36886,45.20686],[-75.35319,45.18208],[-75.42647,45.15129],[-75.43643,45.16736],[-75.44556,45.18376],[-75.46909,45.17464],[-75.49063,45.16541],[-75.51785,45.21802],[-75.53568,45.24956],[-75.53597,45.25111],[-75.54029,45.25681],[-75.54009,45.25721],[-75.55675,45.28554],[-75.48852,45.31387],[-75.483,45.30436]]]}},{"type":"Feature","properties":{"name":"Edwards - Carlsbad Springs","population_2016":3461},"geometry":{"type":"Polygon","coordinates":[[[-75.51189,45.39515],[-75.46788,45.39097],[-75.42875,45.38856],[-75.42471,45.38054],[-75.38377,45.3792],[-75.36129,45.3368],[-75.35221,45.33634],[-75.33587,45.33666],[-75.42598,45.31253],[-75.40285,45.266],[-75.4512,45.24507],[-75.46627,45.27478],[-75.48852,45.31387],[-75.57005,45.27971],[-75.59526,45.32309],[-75.58584,45.32709],[-75.5863,45.32767],[-75.57668,45.33155],[-75.57807,45.33335],[-75.5764,45.33401],[-75.57877,45.33711],[-75.57668,45.33794],[-75.57824,45.34062],[-75.5558,45.34962],[-75.55653,45.35092],[-75.53407,45.36005],[-75.54234,45.375],[-75.54274,45.3772],[-75.54509,45.38031],[-75.55193,45.39256],[-75.54047,45.39278],[-75.53107,45.39363],[-75.52768,45.39342],[-75.52069,45.39596],[-75.51811,45.39625],[-75.51189,45.39515]]]}},{"type":"Feature","properties":{"name":"Greely","population_2016":8829},"geometry":{"type":"Polygon","coordinates":[[[-75.58204,45.30032],[-75.57005,45.27971],[-75.55675,45.28554],[-75.54009,45.25721],[-75.54029,45.25681],[-75.53597,45.25111],[-75.53568,45.24956],[-75.51753,45.21726],[-75.55808,45.19976],[-75.56103,45.19808],[-75.57918,45.1906],[-75.58247,45.18898],[-75.58368,45.18763],[-75.5845,45.18802],[-75.60978,45.23231],[-75.62459,45.25603],[-75.63576,45.25116],[-75.64553,45.2681],[-75.63454,45.27261],[-75.63123,45.27467],[-75.62619,45.2767],[-75.63618,45.29382],[-75.62066,45.30015],[-75.60971,45.29621],[-75.61223,45.30053],[-75.60592,45.3005],[-75.59655,45.30432],[-75.59748,45.30604],[-75.58768,45.31003],[-75.58204,45.30032]]]}},{"type":"Feature","properties":{"name":"Vars","population_2016":2573},"geometry":{"type":"Polygon","coordinates":[[[-75.27571,45.41746],[-75.27152,45.40886],[-75.24659,45.36446],[-75.2665,45.35871],[-75.26788,45.35781],[-75.26817,45.35618],[-75.33548,45.33676],[-75.35221,45.33634],[-75.36129,45.3368],[-75.38093,45.37425],[-75.40023,45.40761],[-75.39148,45.40971],[-75.38274,45.41005],[-75.38174,45.4083],[-75.37381,45.41047],[-75.37145,45.4103],[-75.3638,45.41246],[-75.36174,45.40887],[-75.35781,45.40822],[-75.32307,45.41864],[-75.32062,45.41793],[-75.30577,45.42212],[-75.30386,45.42332],[-75.28217,45.42991],[-75.27571,45.41746]]]}},{"type":"Feature","properties":{"name":"Navan - Sarsfield","population_2016":4253},"geometry":{"type":"Polygon","coordinates":[[[-75.32569,45.47662],[-75.30938,45.4813],[-75.30003,45.46425],[-75.29589,45.45573],[-75.29175,45.44874],[-75.28217,45.42991],[-75.30386,45.42332],[-75.30577,45.42212],[-75.32062,45.41793],[-75.32307,45.41864],[-75.35781,45.40822],[-75.36174,45.40887],[-75.3638,45.41246],[-75.37145,45.4103],[-75.37381,45.41047],[-75.38174,45.4083],[-75.38274,45.41005],[-75.39148,45.40971],[-75.40023,45.40761],[-75.38377,45.3792],[-75.42471,45.38054],[-75.42875,45.38856],[-75.46788,45.39097],[-75.46864,45.39235],[-75.46518,45.3967],[-75.46429,45.39914],[-75.46402,45.40171],[-75.45588,45.40411],[-75.45722,45.40665],[-75.45837,45.40631],[-75.46236,45.40725],[-75.46276,45.408],[-75.46564,45.40715],[-75.46284,45.40817],[-75.46449,45.41167],[-75.46883,45.41081],[-75.47049,45.41329],[-75.47183,45.41286],[-75.47846,45.41532],[-75.48472,45.41598],[-75.48976,45.41551],[-75.49065,45.41709],[-75.49825,45.41403],[-75.49947,45.41598],[-75.49621,45.41726],[-75.49846,45.42126],[-75.48373,45.41983],[-75.49517,45.43994],[-75.48686,45.44232],[-75.48731,45.44309],[-75.47897,45.44543],[-75.47746,45.4428],[-75.4611,45.4479],[-75.4583,45.45147],[-75.46003,45.45494],[-75.44751,45.45856],[-75.45427,45.47061],[-75.44183,45.47362],[-75.44023,45.47201],[-75.43647,45.47175],[-75.43512,45.47034],[-75.42877,45.45919],[-75.42168,45.46107],[-75.41999,45.46258],[-75.40548,45.4665],[-75.40363,45.46762],[-75.38008,45.47325],[-75.3318,45.48684],[-75.33094,45.48604],[-75.32569,45.47662]]]}},{"type":"Feature","properties":{"name":"Dunrobin","population_2016":5569},"geometry":{"type":"Polygon","coordinates":[[[-76.04958,45.48957],[-76.0484,45.49038],[-76.04629,45.4902],[-76.04176,45.48751],[-76.04037,45.48785],[-76.03976,45.48875],[-76.03597,45.48845],[-76.03143,45.48672],[-76.02509,45.48315],[-76.02149,45.48327],[-76.01935,45.48126],[-76.01651,45.4797],[-76.013,45.47943],[-76.01058,45.47859],[-76.00752,45.47978],[-76.00334,45.48038],[-76.00056,45.47952],[-75.99873,45.47851],[-75.99883,45.4782],[-75.99665,45.47805],[-75.99533,45.47681],[-75.99347,45.47787],[-75.9942,45.4772],[-75.99283,45.47744],[-75.99383,45.47695],[-75.99343,45.47667],[-75.99249,45.47723],[-75.99369,45.47642],[-75.98739,45.4739],[-75.97296,45.46445],[-75.96908,45.4611],[-75.96759,45.46075],[-75.96404,45.45755],[-75.96248,45.45538],[-75.96121,45.45492],[-75.95844,45.45233],[-75.95774,45.45011],[-75.95595,45.44705],[-75.9539,45.44479],[-75.95247,45.4442],[-75.95246,45.44279],[-75.95096,45.44206],[-75.95168,45.442],[-75.95263,45.44272],[-75.95346,45.4425],[-75.95274,45.44084],[-75.94515,45.43412],[-75.94445,45.43162],[-75.94399,45.43155],[-75.94221,45.42886],[-75.9368,45.42401],[-75.92861,45.41384],[-75.92465,45.40995],[-75.91884,45.40302],[-75.91448,45.40071],[-75.91526,45.4001],[-75.91871,45.39925],[-75.92066,45.40035],[-75.94578,45.384],[-75.92236,45.36568],[-75.92688,45.36277],[-75.92932,45.36464],[-75.93782,45.35924],[-75.93668,45.35836],[-75.94278,45.35605],[-75.95651,45.34744],[-75.96039,45.35],[-75.96732,45.34632],[-75.97389,45.35102],[-75.96695,45.35699],[-75.97255,45.36118],[-75.97425,45.36014],[-75.97912,45.36267],[-75.98518,45.35886],[-76.04752,45.40485],[-76.06018,45.39612],[-76.08499,45.41429],[-76.10064,45.42662],[-76.10374,45.42811],[-76.11528,45.43699],[-76.11135,45.43854],[-76.08893,45.45411],[-76.07508,45.46251],[-76.08095,45.46703],[-76.06875,45.47591],[-76.06864,45.47502],[-76.06765,45.47471],[-76.06688,45.47343],[-76.06477,45.47177],[-76.06681,45.47481],[-76.06831,45.47573],[-76.06598,45.47701],[-76.065,45.47656],[-76.06382,45.47705],[-76.06127,45.47599],[-76.05491,45.4782],[-76.05211,45.47965],[-76.05159,45.48028],[-76.0529,45.48369],[-76.05157,45.48509],[-76.05284,45.48618],[-76.05184,45.48671],[-76.05112,45.48577],[-76.05048,45.48568],[-76.04924,45.48639],[-76.04898,45.48717],[-76.05093,45.48817],[-76.05145,45.48901],[-76.05061,45.48946],[-76.0512,45.49026],[-76.05082,45.49111],[-76.05102,45.49032],[-76.04958,45.48957]]]}},{"type":"Feature","properties":{"name":"Carp","population_2016":6230},"geometry":{"type":"Polygon","coordinates":[[[-76.03938,45.39881],[-75.98518,45.35886],[-75.97912,45.36267],[-75.97425,45.36014],[-75.97255,45.36118],[-75.96695,45.35699],[-75.97389,45.35102],[-75.96732,45.34632],[-75.96039,45.35],[-75.95656,45.34743],[-75.95166,45.35048],[-75.93846,45.34011],[-75.94942,45.33298],[-75.9506,45.32904],[-75.95054,45.32551],[-75.94983,45.32278],[-75.94604,45.31875],[-75.93837,45.31389],[-75.92823,45.30987],[-75.92223,45.30969],[-75.92612,45.30729],[-75.93333,45.3101],[-75.94112,45.30531],[-75.93891,45.30358],[-75.94029,45.30301],[-75.9397,45.30254],[-75.95153,45.29519],[-75.94411,45.28927],[-75.9704,45.27297],[-75.97364,45.27208],[-75.97774,45.27182],[-75.98579,45.27277],[-75.99127,45.27445],[-76.00041,45.28116],[-76.01297,45.29131],[-76.02621,45.29862],[-76.03917,45.30864],[-76.04106,45.30961],[-76.04412,45.31057],[-76.10096,45.32131],[-76.1172,45.31257],[-76.14633,45.29386],[-76.147,45.29217],[-76.14905,45.29082],[-76.15879,45.28479],[-76.16038,45.28512],[-76.1765,45.2749],[-76.19182,45.28771],[-76.21111,45.30278],[-76.21445,45.30079],[-76.234,45.3162],[-76.19248,45.33965],[-76.20166,45.34616],[-76.20043,45.34768],[-76.14929,45.37921],[-76.13606,45.3689],[-76.11111,45.38404],[-76.09849,45.37375],[-76.09596,45.37318],[-76.06018,45.39612],[-76.04752,45.40485],[-76.03938,45.39881]]]}},{"type":"Feature","properties":{"name":"Bayshore - Belltown","population_2016":9313},"geometry":{"type":"Polygon","coordinates":[[[-75.80239,45.35733],[-75.80184,45.35645],[-75.80416,45.3554],[-75.79915,45.34593],[-75.80894,45.34527],[-75.81363,45.34434],[-75.81593,45.34564],[-75.81816,45.34951],[-75.81608,45.3504],[-75.81584,45.35232],[-75.81365,45.35271],[-75.8091,45.35539],[-75.80572,45.35934],[-75.80389,45.36354],[-75.80092,45.36275],[-75.8002,45.36147],[-75.80092,45.36074],[-75.79943,45.36021],[-75.79832,45.35815],[-75.8007,45.35711],[-75.80112,45.35777],[-75.80239,45.35733]]]}},{"type":"Feature","properties":{"name":"Greenbelt","population_2016":2073},"geometry":{"type":"Polygon","coordinates":[[[-75.55955,45.47802],[-75.5505,45.46114],[-75.55217,45.46066],[-75.54432,45.44655],[-75.54174,45.44085],[-75.55129,45.437],[-75.55607,45.43808],[-75.557,45.43963],[-75.56296,45.44035],[-75.56405,45.43927],[-75.56614,45.4402],[-75.56753,45.44027],[-75.56865,45.44089],[-75.56961,45.44283],[-75.5713,45.443],[-75.5743,45.44156],[-75.57643,45.43484],[-75.57288,45.42837],[-75.57713,45.42665],[-75.57766,45.42603],[-75.57069,45.42535],[-75.56771,45.42557],[-75.54484,45.43472],[-75.5426,45.43632],[-75.5414,45.43953],[-75.54009,45.44139],[-75.53798,45.4424],[-75.52885,45.42269],[-75.51749,45.42313],[-75.49837,45.42128],[-75.49621,45.41726],[-75.49947,45.41598],[-75.49825,45.41403],[-75.49065,45.41709],[-75.48976,45.41551],[-75.48472,45.41598],[-75.47846,45.41532],[-75.47183,45.41286],[-75.47049,45.41329],[-75.46883,45.41081],[-75.46449,45.41167],[-75.46284,45.40817],[-75.46564,45.40715],[-75.46276,45.408],[-75.46236,45.40725],[-75.45837,45.40631],[-75.45722,45.40665],[-75.45588,45.40411],[-75.46402,45.40171],[-75.46429,45.39914],[-75.46518,45.3967],[-75.46864,45.39235],[-75.46788,45.39097],[-75.51189,45.39515],[-75.51811,45.39625],[-75.52069,45.39596],[-75.52768,45.39342],[-75.53107,45.39363],[-75.54047,45.39278],[-75.55193,45.39256],[-75.54509,45.38031],[-75.54274,45.3772],[-75.54234,45.375],[-75.53407,45.36005],[-75.55653,45.35092],[-75.5558,45.34962],[-75.57824,45.34062],[-75.57668,45.33794],[-75.57877,45.33711],[-75.5764,45.33401],[-75.57807,45.33335],[-75.57668,45.33155],[-75.5863,45.32767],[-75.5877,45.32948],[-75.58906,45.32893],[-75.59147,45.33205],[-75.5936,45.3312],[-75.59491,45.33289],[-75.63318,45.31627],[-75.63125,45.31305],[-75.63242,45.30968],[-75.63653,45.30742],[-75.63849,45.30412],[-75.64132,45.30275],[-75.64467,45.30857],[-75.65276,45.31469],[-75.64324,45.3248],[-75.63961,45.32672],[-75.64393,45.3339],[-75.63721,45.33594],[-75.60933,45.34769],[-75.61901,45.36419],[-75.59637,45.37371],[-75.5967,45.37429],[-75.59207,45.37642],[-75.59059,45.37932],[-75.58758,45.38102],[-75.58709,45.38175],[-75.59529,45.38492],[-75.59796,45.38658],[-75.58982,45.38926],[-75.59021,45.38981],[-75.59454,45.39108],[-75.59699,45.39275],[-75.59944,45.39711],[-75.59622,45.41253],[-75.59747,45.41234],[-75.60021,45.41746],[-75.59562,45.41932],[-75.59966,45.42643],[-75.60572,45.43187],[-75.59601,45.43691],[-75.59217,45.4396],[-75.58966,45.44244],[-75.58219,45.45376],[-75.57961,45.45593],[-75.5822,45.46072],[-75.58005,45.46195],[-75.58347,45.46823],[-75.58065,45.4699],[-75.57328,45.47244],[-75.57133,45.4736],[-75.57169,45.47303],[-75.56724,45.47589],[-75.55983,45.47852],[-75.55955,45.47802]],[[-75.80576,45.34541],[-75.8154,45.33088],[-75.82861,45.32965],[-75.83406,45.32811],[-75.83592,45.32682],[-75.84683,45.31575],[-75.84127,45.31436],[-75.83224,45.30929],[-75.82699,45.31139],[-75.8179,45.3129],[-75.8126,45.31604],[-75.81544,45.32031],[-75.80584,45.32201],[-75.80582,45.32291],[-75.80758,45.32583],[-75.80656,45.32611],[-75.80955,45.33146],[-75.79792,45.33262],[-75.79673,45.33257],[-75.79651,45.33219],[-75.79697,45.33199],[-75.79581,45.33034],[-75.79656,45.33003],[-75.79463,45.32652],[-75.79511,45.32633],[-75.79171,45.3213],[-75.79104,45.32158],[-75.78897,45.31818],[-75.78761,45.31806],[-75.77701,45.32219],[-75.77763,45.32322],[-75.77499,45.31887],[-75.75742,45.32587],[-75.7528,45.32695],[-75.74897,45.32871],[-75.74166,45.31694],[-75.73482,45.3048],[-75.73348,45.30504],[-75.73296,45.30597],[-75.73118,45.30634],[-75.72997,45.30772],[-75.72878,45.30762],[-75.72719,45.30889],[-75.72593,45.30866],[-75.7245,45.30911],[-75.72454,45.30962],[-75.72307,45.30949],[-75.72319,45.31],[-75.72264,45.3103],[-75.72296,45.31076],[-75.72133,45.31124],[-75.71954,45.31305],[-75.72035,45.31473],[-75.71983,45.31573],[-75.71824,45.31588],[-75.71808,45.31642],[-75.71728,45.31651],[-75.7168,45.31583],[-75.71575,45.31624],[-75.71469,45.31588],[-75.71421,45.31691],[-75.7116,45.31784],[-75.70963,45.31794],[-75.70754,45.3196],[-75.70535,45.32014],[-75.70315,45.31923],[-75.69792,45.32057],[-75.69692,45.31996],[-75.69682,45.31927],[-75.69944,45.31717],[-75.69841,45.31354],[-75.69891,45.31168],[-75.69843,45.31086],[-75.69728,45.31065],[-75.69704,45.30989],[-75.69785,45.30931],[-75.69719,45.30737],[-75.69851,45.30688],[-75.69856,45.30553],[-75.71717,45.29814],[-75.71415,45.29279],[-75.72561,45.28841],[-75.73382,45.30304],[-75.73983,45.29515],[-75.78449,45.27676],[-75.78656,45.27486],[-75.78691,45.27247],[-75.79608,45.27108],[-75.80526,45.28203],[-75.80573,45.28543],[-75.80433,45.28851],[-75.82348,45.28088],[-75.82447,45.28281],[-75.83575,45.27821],[-75.83813,45.28296],[-75.83853,45.28299],[-75.84169,45.28817],[-75.85133,45.30523],[-75.87299,45.29719],[-75.8842,45.31752],[-75.89226,45.33084],[-75.8937,45.3321],[-75.89345,45.33279],[-75.9053,45.35259],[-75.94578,45.384],[-75.92066,45.40035],[-75.91871,45.39925],[-75.91526,45.4001],[-75.91448,45.40071],[-75.913,45.39867],[-75.91027,45.39691],[-75.91051,45.39559],[-75.90984,45.3945],[-75.90909,45.39391],[-75.90693,45.39353],[-75.90647,45.39243],[-75.90504,45.39191],[-75.90442,45.39043],[-75.90267,45.39005],[-75.90095,45.39057],[-75.89956,45.39114],[-75.89986,45.39201],[-75.89665,45.39119],[-75.8958,45.38999],[-75.89327,45.38934],[-75.89414,45.38921],[-75.89442,45.38828],[-75.89266,45.38745],[-75.8925,45.38697],[-75.89357,45.38641],[-75.89658,45.38623],[-75.89705,45.38567],[-75.8953,45.38514],[-75.89518,45.38446],[-75.89354,45.3835],[-75.8973,45.38328],[-75.89753,45.38226],[-75.8982,45.38178],[-75.90559,45.38389],[-75.90956,45.3836],[-75.91116,45.38246],[-75.91162,45.38144],[-75.9148,45.38119],[-75.91551,45.38195],[-75.91738,45.38225],[-75.91976,45.38067],[-75.92158,45.38119],[-75.92331,45.38095],[-75.92368,45.38146],[-75.9239,45.38088],[-75.9197,45.38013],[-75.91735,45.38159],[-75.91611,45.38154],[-75.91559,45.38052],[-75.91428,45.38052],[-75.9144,45.37894],[-75.91551,45.37761],[-75.9156,45.37655],[-75.9152,45.37771],[-75.91413,45.37876],[-75.91366,45.38053],[-75.90979,45.38107],[-75.91074,45.37988],[-75.91043,45.37908],[-75.90714,45.37893],[-75.90425,45.37721],[-75.90271,45.37735],[-75.90169,45.37693],[-75.90451,45.37651],[-75.90511,45.37604],[-75.90525,45.37425],[-75.9022,45.36896],[-75.89954,45.36721],[-75.89696,45.36624],[-75.89531,45.36618],[-75.89325,45.36767],[-75.89348,45.36912],[-75.89022,45.36522],[-75.89072,45.36621],[-75.89051,45.36695],[-75.8864,45.36542],[-75.88337,45.36578],[-75.88345,45.36506],[-75.87353,45.34807],[-75.85635,45.35517],[-75.85328,45.35534],[-75.84894,45.35426],[-75.84653,45.35352],[-75.84717,45.35192],[-75.84255,45.34404],[-75.84138,45.33868],[-75.83659,45.34051],[-75.82653,45.34266],[-75.80576,45.34541]],[[-75.69266,45.29208],[-75.69402,45.29172],[-75.69503,45.29491],[-75.69457,45.30079],[-75.69775,45.29952],[-75.69754,45.30176],[-75.69665,45.30376],[-75.69372,45.3066],[-75.69392,45.309],[-75.69589,45.31176],[-75.69249,45.31321],[-75.69164,45.3129],[-75.69113,45.31315],[-75.69153,45.31361],[-75.69121,45.31385],[-75.68666,45.31577],[-75.6769,45.29789],[-75.67732,45.29864],[-75.69266,45.29208]],[[-75.89452,45.37852],[-75.8918,45.37731],[-75.89422,45.37654],[-75.89708,45.3786],[-75.89718,45.37935],[-75.89783,45.37976],[-75.89586,45.38041],[-75.89452,45.37852]],[[-75.89338,45.37542],[-75.89064,45.37468],[-75.89251,45.37452],[-75.89446,45.37308],[-75.89563,45.37336],[-75.8958,45.37388],[-75.89352,45.37395],[-75.89314,45.37443],[-75.89338,45.37542]],[[-75.69642,45.32117],[-75.69666,45.32137],[-75.69639,45.32138],[-75.69642,45.32117]],[[-75.65277,45.30797],[-75.65281,45.30795],[-75.65258,45.30809],[-75.65277,45.30797]],[[-75.68861,45.31955],[-75.68831,45.31898],[-75.68858,45.31948],[-75.68861,45.31955]],[[-75.80576,45.34541],[-75.80575,45.34541],[-75.80575,45.34541],[-75.80576,45.34541]],[[-75.68949,45.32192],[-75.68949,45.32196],[-75.68949,45.32197],[-75.68949,45.32192]],[[-75.69266,45.29208],[-75.69266,45.29208],[-75.69266,45.29208],[-75.69266,45.29208]]]}},{"type":"Feature","properties":{"name":"Pineview","population_2016":6169},"geometry":{"type":"Polygon","coordinates":[[[-75.59912,45.42557],[-75.59562,45.41932],[-75.60245,45.41649],[-75.60326,45.41707],[-75.60493,45.41693],[-75.61335,45.4186],[-75.61406,45.42083],[-75.61616,45.4226],[-75.61918,45.42336],[-75.6225,45.42328],[-75.60572,45.43187],[-75.59912,45.42557]]]}},{"type":"Feature","properties":{"name":"Brookside - Briarbrook - Morgan's Grant","population_2016":14940},"geometry":{"type":"Polygon","coordinates":[[[-75.92236,45.36568],[-75.9053,45.35259],[-75.89345,45.33279],[-75.8937,45.3321],[-75.90525,45.33448],[-75.90535,45.33379],[-75.90596,45.33382],[-75.91413,45.33563],[-75.91529,45.33379],[-75.91517,45.33187],[-75.91446,45.33029],[-75.92029,45.33596],[-75.9325,45.33363],[-75.93217,45.33511],[-75.95166,45.35048],[-75.94242,45.35624],[-75.93668,45.35836],[-75.93782,45.35924],[-75.92932,45.36464],[-75.92688,45.36277],[-75.92236,45.36568]]]}},{"type":"Feature","properties":{"name":"Old Barrhaven East","population_2016":22286},"geometry":{"type":"Polygon","coordinates":[[[-75.7191,45.27663],[-75.71863,45.27585],[-75.72251,45.27503],[-75.73073,45.27604],[-75.7349,45.27548],[-75.75298,45.26796],[-75.75384,45.26736],[-75.75197,45.26496],[-75.76359,45.26009],[-75.76834,45.25951],[-75.77121,45.25983],[-75.77364,45.26071],[-75.76033,45.26866],[-75.73382,45.30304],[-75.7191,45.27663]]]}},{"type":"Feature","properties":{"name":"Findlay Creek","population_2016":4419},"geometry":{"type":"Polygon","coordinates":[[[-75.59382,45.33148],[-75.5936,45.3312],[-75.59147,45.33205],[-75.58906,45.32893],[-75.5877,45.32948],[-75.58584,45.32709],[-75.59526,45.32309],[-75.58768,45.31003],[-75.59748,45.30604],[-75.59655,45.30432],[-75.60592,45.3005],[-75.61223,45.30053],[-75.60971,45.29621],[-75.62066,45.30015],[-75.63618,45.29382],[-75.64132,45.30275],[-75.63849,45.30412],[-75.63653,45.30742],[-75.63242,45.30968],[-75.63125,45.31305],[-75.63318,45.31627],[-75.62615,45.31912],[-75.62149,45.32164],[-75.6007,45.33015],[-75.59969,45.33105],[-75.59491,45.33289],[-75.59382,45.33148]],[[-75.69626,45.28999],[-75.6964,45.29017],[-75.69607,45.29022],[-75.69626,45.28999]]]}},{"type":"Feature","properties":{"name":"Parkwood Hills - Stewart Farm","population_2016":5234},"geometry":{"type":"Polygon","coordinates":[[[-75.71065,45.36129],[-75.71008,45.36025],[-75.71112,45.35963],[-75.71274,45.36086],[-75.71783,45.35865],[-75.71857,45.35873],[-75.71932,45.3595],[-75.72109,45.35874],[-75.72188,45.35962],[-75.72857,45.35667],[-75.72886,45.35636],[-75.72721,45.3558],[-75.72665,45.35515],[-75.72793,45.35457],[-75.72745,45.35395],[-75.72933,45.35314],[-75.72806,45.35202],[-75.72582,45.35208],[-75.72515,45.35102],[-75.72883,45.34947],[-75.73089,45.35262],[-75.73196,45.35603],[-75.72959,45.35678],[-75.72895,45.35656],[-75.71912,45.36102],[-75.71978,45.36182],[-75.71313,45.36358],[-75.71451,45.36607],[-75.71353,45.36633],[-75.71065,45.36129]]]}},{"type":"Feature","properties":{"name":"Fallingbrook","population_2016":19415},"geometry":{"type":"Polygon","coordinates":[[[-75.48204,45.49512],[-75.47443,45.48377],[-75.4758,45.48263],[-75.4762,45.4812],[-75.47444,45.48007],[-75.47193,45.47446],[-75.46975,45.47457],[-75.47014,45.47284],[-75.46976,45.47152],[-75.46751,45.46931],[-75.46612,45.46716],[-75.48781,45.46086],[-75.49916,45.48078],[-75.49775,45.48298],[-75.49788,45.48427],[-75.49811,45.48461],[-75.50105,45.48356],[-75.50246,45.48573],[-75.48204,45.49512]]]}},{"type":"Feature","properties":{"name":"Cardinal Creek","population_2016":10535},"geometry":{"type":"Polygon","coordinates":[[[-75.43749,45.4746],[-75.44669,45.47266],[-75.46612,45.46716],[-75.46751,45.46931],[-75.46976,45.47152],[-75.47014,45.47284],[-75.46975,45.47457],[-75.47193,45.47446],[-75.47444,45.48007],[-75.4762,45.4812],[-75.4758,45.48263],[-75.47443,45.48377],[-75.48215,45.49531],[-75.4795,45.49671],[-75.47821,45.49801],[-75.47626,45.50215],[-75.47413,45.50453],[-75.47486,45.50535],[-75.46477,45.51039],[-75.46351,45.51147],[-75.46306,45.51262],[-75.4622,45.51291],[-75.46087,45.51026],[-75.45189,45.49695],[-75.44957,45.49571],[-75.43749,45.4746]]]}},{"type":"Feature","properties":{"name":"Riverview","population_2016":6297},"geometry":{"type":"Polygon","coordinates":[[[-75.65255,45.41021],[-75.65214,45.41033],[-75.65279,45.40962],[-75.64936,45.40484],[-75.64947,45.40425],[-75.64661,45.4036],[-75.6452,45.40243],[-75.64484,45.39961],[-75.66039,45.3985],[-75.66947,45.39923],[-75.66562,45.40331],[-75.66494,45.40554],[-75.66497,45.40874],[-75.66396,45.40988],[-75.65947,45.41089],[-75.65826,45.41218],[-75.65305,45.41155],[-75.65255,45.41021]]]}},{"type":"Feature","properties":{"name":"Manor Park","population_2016":7016},"geometry":{"type":"Polygon","coordinates":[[[-75.65427,45.4564],[-75.65336,45.45563],[-75.65233,45.45604],[-75.64896,45.45557],[-75.64811,45.45371],[-75.65119,45.44985],[-75.64929,45.44976],[-75.64676,45.4507],[-75.64502,45.44788],[-75.64097,45.44562],[-75.63903,45.4437],[-75.64682,45.44111],[-75.6518,45.44982],[-75.66277,45.44911],[-75.66318,45.45232],[-75.66149,45.45578],[-75.65427,45.4564]]]}},{"type":"Feature","properties":{"name":"Chapman Mills","population_2016":8212},"geometry":{"type":"Polygon","coordinates":[[[-75.71165,45.27506],[-75.70845,45.2716],[-75.70511,45.27063],[-75.70273,45.27058],[-75.70332,45.26988],[-75.70521,45.26966],[-75.70574,45.26911],[-75.70619,45.26711],[-75.70596,45.26511],[-75.70781,45.26152],[-75.70698,45.26139],[-75.70682,45.26025],[-75.70974,45.26002],[-75.71028,45.26179],[-75.70995,45.26365],[-75.71213,45.26444],[-75.71666,45.26266],[-75.72198,45.26586],[-75.72648,45.26417],[-75.72806,45.26424],[-75.73011,45.26546],[-75.73448,45.26266],[-75.74407,45.26645],[-75.74642,45.27056],[-75.73863,45.27402],[-75.73268,45.27595],[-75.73015,45.27601],[-75.72337,45.27499],[-75.71555,45.27651],[-75.71165,45.27506]]]}},{"type":"Feature","properties":{"name":"Rothwell Heights - Beacon Hill North","population_2016":10359},"geometry":{"type":"Polygon","coordinates":[[[-75.58303,45.46739],[-75.58005,45.46195],[-75.5822,45.46072],[-75.57961,45.45593],[-75.58159,45.45441],[-75.58383,45.45134],[-75.58839,45.44988],[-75.59778,45.44577],[-75.60038,45.44515],[-75.61511,45.44647],[-75.62328,45.46129],[-75.62387,45.46304],[-75.61786,45.46325],[-75.61032,45.46438],[-75.59211,45.46559],[-75.58982,45.46609],[-75.58846,45.46588],[-75.58347,45.46823],[-75.58303,45.46739]]]}},{"type":"Feature","properties":{"name":"Chatelaine Village","population_2016":4174},"geometry":{"type":"Polygon","coordinates":[[[-75.48066,45.50353],[-75.48029,45.50347],[-75.48133,45.50188],[-75.48292,45.50068],[-75.48961,45.49934],[-75.4903,45.4986],[-75.48824,45.49772],[-75.4856,45.49823],[-75.48428,45.49864],[-75.4847,45.50005],[-75.48348,45.49875],[-75.48169,45.49972],[-75.47951,45.50304],[-75.47486,45.50535],[-75.47413,45.50453],[-75.47626,45.50215],[-75.47821,45.49801],[-75.47986,45.49647],[-75.50103,45.48633],[-75.51791,45.47977],[-75.52337,45.48974],[-75.52068,45.49132],[-75.51675,45.49155],[-75.51917,45.49102],[-75.51645,45.49074],[-75.51336,45.49177],[-75.51639,45.49156],[-75.50956,45.49319],[-75.50938,45.49282],[-75.51088,45.49273],[-75.51201,45.49226],[-75.51178,45.49203],[-75.50702,45.492],[-75.50481,45.49262],[-75.50174,45.49206],[-75.50106,45.49253],[-75.50142,45.49323],[-75.49922,45.49427],[-75.49666,45.49409],[-75.49638,45.49485],[-75.49583,45.49435],[-75.49443,45.49475],[-75.49435,45.49521],[-75.49271,45.49498],[-75.49117,45.49704],[-75.49144,45.49867],[-75.48398,45.50211],[-75.47837,45.50625],[-75.48066,45.50353]],[[-75.48789,45.50669],[-75.48854,45.50583],[-75.49016,45.50526],[-75.49103,45.50543],[-75.49132,45.50495],[-75.4903,45.50471],[-75.48611,45.50575],[-75.48715,45.50503],[-75.48529,45.50402],[-75.48616,45.50303],[-75.48281,45.50436],[-75.47998,45.50616],[-75.48199,45.50446],[-75.48535,45.50262],[-75.49046,45.50238],[-75.49137,45.50289],[-75.49171,45.50407],[-75.49273,45.50197],[-75.49475,45.50181],[-75.49605,45.5011],[-75.49591,45.50073],[-75.4938,45.50137],[-75.49618,45.49973],[-75.50321,45.49729],[-75.50381,45.49682],[-75.50188,45.49736],[-75.50309,45.49681],[-75.51176,45.49424],[-75.51155,45.49466],[-75.515,45.49443],[-75.50831,45.49672],[-75.50809,45.49647],[-75.50796,45.49691],[-75.50698,45.49664],[-75.50766,45.49705],[-75.50543,45.49816],[-75.50618,45.49753],[-75.50581,45.49718],[-75.50508,45.49745],[-75.50449,45.4986],[-75.50089,45.49988],[-75.5,45.50122],[-75.49849,45.50151],[-75.49771,45.5028],[-75.49067,45.50741],[-75.49053,45.50671],[-75.48036,45.51062],[-75.48674,45.50803],[-75.48789,45.50669]],[[-75.49397,45.49992],[-75.49435,45.49988],[-75.49432,45.49932],[-75.492,45.50003],[-75.49163,45.50076],[-75.48997,45.50143],[-75.49036,45.50058],[-75.49288,45.49947],[-75.50027,45.49755],[-75.49952,45.49823],[-75.49902,45.4983],[-75.49963,45.49787],[-75.4973,45.49843],[-75.49748,45.49868],[-75.49453,45.50002],[-75.49474,45.50034],[-75.49325,45.50149],[-75.49209,45.50147],[-75.49397,45.49992]],[[-75.51878,45.49283],[-75.51818,45.49265],[-75.51926,45.49253],[-75.51808,45.49227],[-75.52061,45.49197],[-75.52132,45.49234],[-75.52375,45.49185],[-75.52524,45.49246],[-75.51878,45.49283]],[[-75.50173,45.49523],[-75.5061,45.49424],[-75.50907,45.49275],[-75.50932,45.49329],[-75.50812,45.49377],[-75.49395,45.49785],[-75.49903,45.49581],[-75.50173,45.49523]],[[-75.48247,45.50797],[-75.48112,45.50748],[-75.48158,45.50719],[-75.48335,45.50705],[-75.48391,45.50756],[-75.48338,45.50827],[-75.48247,45.50797]],[[-75.51346,45.49373],[-75.51511,45.49296],[-75.5167,45.49388],[-75.5124,45.49433],[-75.51346,45.49373]],[[-75.48848,45.50165],[-75.48809,45.50197],[-75.48692,45.50202],[-75.48848,45.50165]],[[-75.48949,45.50152],[-75.48956,45.50177],[-75.4892,45.50186],[-75.48949,45.50152]]]}},{"type":"Feature","properties":{"name":"Glen Cairn - Kanata South Business Park","population_2016":9152},"geometry":{"type":"Polygon","coordinates":[[[-75.86498,45.28251],[-75.85785,45.26971],[-75.86051,45.2694],[-75.86282,45.26983],[-75.87079,45.27563],[-75.87663,45.27753],[-75.89564,45.29351],[-75.88406,45.30085],[-75.87678,45.30408],[-75.86498,45.28251]]]}},{"type":"Feature","properties":{"name":"Kanata Lakes - Arcardia","population_2016":12576},"geometry":{"type":"Polygon","coordinates":[[[-75.93217,45.33511],[-75.9325,45.33363],[-75.92029,45.33596],[-75.91089,45.32702],[-75.89643,45.31466],[-75.91243,45.30529],[-75.92961,45.29851],[-75.94411,45.28927],[-75.95153,45.29519],[-75.9397,45.30254],[-75.94029,45.30301],[-75.93891,45.30358],[-75.94112,45.30531],[-75.93333,45.3101],[-75.92612,45.30729],[-75.92221,45.30979],[-75.92868,45.31],[-75.93837,45.31389],[-75.94604,45.31875],[-75.94983,45.32278],[-75.95054,45.32551],[-75.95043,45.33056],[-75.94878,45.3336],[-75.93846,45.34011],[-75.93217,45.33511]]]}},{"type":"Feature","properties":{"name":"Hunt Club Woods - Quintarra - Revelstoke","population_2016":5953},"geometry":{"type":"Polygon","coordinates":[[[-75.66666,45.3605],[-75.68945,45.35287],[-75.67914,45.34895],[-75.68383,45.34704],[-75.68604,45.34528],[-75.68788,45.34292],[-75.69109,45.34214],[-75.69308,45.33617],[-75.69299,45.33433],[-75.69404,45.3297],[-75.69275,45.32725],[-75.68972,45.32462],[-75.68951,45.32126],[-75.68666,45.31577],[-75.69121,45.31385],[-75.69153,45.31361],[-75.69113,45.31315],[-75.69164,45.3129],[-75.69249,45.31321],[-75.69589,45.31176],[-75.69772,45.31661],[-75.69683,45.31798],[-75.69561,45.3181],[-75.69492,45.31872],[-75.69489,45.3207],[-75.69446,45.32128],[-75.69523,45.3225],[-75.69634,45.32304],[-75.69624,45.324],[-75.69835,45.32628],[-75.69936,45.32937],[-75.69555,45.33417],[-75.69571,45.33517],[-75.69838,45.33682],[-75.6984,45.33757],[-75.69691,45.34123],[-75.69561,45.34238],[-75.69554,45.34322],[-75.70032,45.34989],[-75.70057,45.35196],[-75.7015,45.3534],[-75.70159,45.35451],[-75.69819,45.35635],[-75.69363,45.35676],[-75.69163,45.35749],[-75.6877,45.36068],[-75.68151,45.36278],[-75.66333,45.37042],[-75.65877,45.36318],[-75.66666,45.3605]]]}},{"type":"Feature","properties":{"name":"Bridlewood - Emerald Meadows","population_2016":21101},"geometry":{"type":"Polygon","coordinates":[[[-75.83849,45.28295],[-75.83813,45.28296],[-75.83528,45.2774],[-75.85191,45.27077],[-75.85785,45.26971],[-75.87299,45.29719],[-75.85133,45.30523],[-75.83849,45.28295]]]}},{"type":"Feature","properties":{"name":"Portobello South","population_2016":16313},"geometry":{"type":"Polygon","coordinates":[[[-75.46929,45.44537],[-75.47746,45.4428],[-75.47897,45.44543],[-75.48731,45.44309],[-75.48686,45.44232],[-75.49517,45.43994],[-75.50478,45.45571],[-75.45427,45.47061],[-75.44751,45.45856],[-75.46003,45.45494],[-75.4583,45.45147],[-75.4611,45.4479],[-75.46929,45.44537]]]}},{"type":"Feature","properties":{"name":"Chapel Hill South","population_2016":7298},"geometry":{"type":"Polygon","coordinates":[[[-75.48551,45.42287],[-75.48373,45.41983],[-75.51749,45.42313],[-75.52885,45.42269],[-75.53798,45.4424],[-75.50478,45.45571],[-75.49789,45.44468],[-75.48551,45.42287]]]}},{"type":"Feature","properties":{"name":"Blackburn Hamlet","population_2016":8172},"geometry":{"type":"Polygon","coordinates":[[[-75.57052,45.44279],[-75.56961,45.44283],[-75.56865,45.44089],[-75.56753,45.44027],[-75.56614,45.4402],[-75.56405,45.43927],[-75.56296,45.44035],[-75.557,45.43963],[-75.55607,45.43808],[-75.55129,45.437],[-75.53989,45.44129],[-75.54121,45.4399],[-75.54232,45.43675],[-75.54366,45.43521],[-75.56711,45.42575],[-75.57069,45.42535],[-75.57766,45.42603],[-75.57713,45.42665],[-75.57288,45.42837],[-75.57643,45.43484],[-75.5743,45.44156],[-75.5713,45.443],[-75.57052,45.44279]]]}},{"type":"Feature","properties":{"name":"Rockcliffe Park","population_2016":2062},"geometry":{"type":"Polygon","coordinates":[[[-75.66515,45.45922],[-75.66454,45.4581],[-75.66238,45.45723],[-75.66151,45.45588],[-75.66318,45.45232],[-75.66277,45.44911],[-75.66594,45.4487],[-75.66841,45.44752],[-75.67123,45.44242],[-75.67215,45.44305],[-75.67266,45.44679],[-75.67974,45.44618],[-75.68209,45.44516],[-75.68327,45.44646],[-75.68315,45.44741],[-75.68517,45.44919],[-75.68759,45.45319],[-75.68713,45.45426],[-75.68759,45.45464],[-75.68708,45.45509],[-75.68522,45.45642],[-75.68221,45.45741],[-75.67608,45.45708],[-75.66515,45.45922]]]}},{"type":"Feature","properties":{"name":"Wateridge Village","population_2016":613},"geometry":{"type":"Polygon","coordinates":[[[-75.63981,45.46386],[-75.62387,45.46304],[-75.62328,45.46129],[-75.61511,45.44647],[-75.62518,45.4473],[-75.62612,45.45003],[-75.63031,45.44994],[-75.6379,45.44764],[-75.63599,45.44463],[-75.63903,45.4437],[-75.64097,45.44562],[-75.64502,45.44788],[-75.64676,45.4507],[-75.64929,45.44976],[-75.65119,45.44985],[-75.64811,45.45371],[-75.64896,45.45557],[-75.65233,45.45604],[-75.65336,45.45563],[-75.65427,45.4564],[-75.66149,45.45578],[-75.66222,45.45709],[-75.66446,45.45803],[-75.66515,45.45922],[-75.6569,45.46064],[-75.6554,45.46136],[-75.64449,45.46358],[-75.63981,45.46386]]]}}]}