season_id,season_name,shortname,playoff,career,sopt_track_faceoffs,max_start_date,veteran_status,veteran,jersey_number,goals,games_played,assists,points,plus_minus,penalty_minutes,power_play_goals,power_play_assists,shots,shootout_attempts,shootout_goals,shootout_percentage,shooting_percentage,shootout_winning_goals,points_per_game,short_handed_goals,short_handed_assists,game_winning_goals,game_tieing_goals,faceoff_wins,faceoff_attempts,faceoff_pct,hits,team_name,team_code,team_city,team_nickname,team_id,active,first_goals,insurance_goals,overtime_goals,unassisted_goals,empty_net_goals,penalty_minutes_per_game,division,ice_time,ice_time_minutes_seconds,shots_blocked_by_player,stat_type,player_id,goals_against,shootout_goals_against,shootout_saves,goals_against_average,minutes_played,seconds_played,shots_against,wins,losses,ties,ot_losses,total_losses,shootout_losses,ot,sosavepct,shootout_shots,shutouts,saves,savepct,shotspct,gaa
1,2024 Regular Season,2024 Reg,0,1,1,2023-12-12,2,NA,12,0,16,0,0,1,2,0,0,2,0,0,0,0,0,0,0,0,0,0,1,1,100,8,PWHL Boston,BOS,Boston,Boston,1,1,0,0,0,0,0,0.125,PWHL,4924,82:04,1,regular,111,NA,NA,NA,NA,NA,NA,NA,NA,NA,NA,NA,NA,NA,NA,NA,NA,NA,NA,NA,NA,NA
1,Total,Total,0,1,NA,2023,2,NA,12,0,16,0,0,1,2,0,0,2,0,0,0,0,0,0,0,0,0,0,1,1,100,8,NA,NA,NA,NA,NA,NA,0,0,0,0,0,0.12,NA,4924,82:04,1,regular,111,NA,NA,NA,NA,NA,NA,NA,NA,NA,NA,NA,NA,NA,NA,NA,NA,NA,NA,NA,NA,NA
3,2024 Playoffs,2024 Playoffs,1,1,1,2024-05-06,2,NA,12,2,8,0,2,1,2,0,0,4,0,0,0,50,0,0.25,0,0,1,0,0,1,0,12,PWHL Boston,BOS,Boston,Boston,1,1,0,0,1,0,0,0.25,PWHL,3193,53:13,1,playoff,111,NA,NA,NA,NA,NA,NA,NA,NA,NA,NA,NA,NA,NA,NA,NA,NA,NA,NA,NA,NA,NA
3,Total,Total,1,1,NA,2024,2,NA,12,2,8,0,2,1,2,0,0,4,0,0,0,50,0,0.25,0,0,1,0,0,1,0,12,NA,NA,NA,NA,NA,NA,0,0,1,0,0,0.25,NA,3193,53:13,1,playoff,111,NA,NA,NA,NA,NA,NA,NA,NA,NA,NA,NA,NA,NA,NA,NA,NA,NA,NA,NA,NA,NA
2,2024 Preseason,2024 Preseason,0,0,1,2023-12-04,2,NA,12,0,3,0,0,-1,0,0,0,3,1,1,100,0,0,0,0,0,0,0,0,0,0,0,PWHL Boston,BOS,Boston,PWHL Boston,1,1,0,0,0,0,0,0,PWHL,0,0:00,0,exhibition,111,NA,NA,NA,NA,NA,NA,NA,NA,NA,NA,NA,NA,NA,NA,NA,NA,NA,NA,NA,NA,NA
2,Total,Total,0,0,NA,2023,2,NA,12,0,3,0,0,-1,0,0,0,3,1,1,100,0,0,0,0,0,0,0,0,0,0,0,NA,NA,NA,NA,NA,NA,0,0,0,0,0,0,NA,0,0:00,0,exhibition,111,NA,NA,NA,NA,NA,NA,NA,NA,NA,NA,NA,NA,NA,NA,NA,NA,NA,NA,NA,NA,NA
1,2024 Regular Season,2024 Reg,0,1,1,2023-11-01,2,NA,13,2,24,1,3,5,26,0,0,11,0,0,0,18.2,0,0.13,0,0,1,0,0,0,0,44,PWHL Boston,BOS,Boston,Boston,1,1,1,0,0,0,0,1.083333,PWHL,25731,428:51,8,regular,7,NA,NA,NA,NA,NA,NA,NA,NA,NA,NA,NA,NA,NA,NA,NA,NA,NA,NA,NA,NA,NA
1,Total,Total,0,1,NA,2023,2,NA,13,2,24,1,3,5,26,0,0,11,0,0,0,18.2,0,0.12,0,0,1,0,0,0,0,44,NA,NA,NA,NA,NA,NA,1,0,0,0,0,1.08,NA,25731,428:51,8,regular,7,NA,NA,NA,NA,NA,NA,NA,NA,NA,NA,NA,NA,NA,NA,NA,NA,NA,NA,NA,NA,NA
3,2024 Playoffs,2024 Playoffs,1,1,1,2024-05-06,2,NA,13,0,8,0,0,-3,8,0,0,13,0,0,0,0,0,0,0,0,0,0,0,0,0,21,PWHL Boston,BOS,Boston,Boston,1,1,0,0,0,0,0,1,PWHL,11458,190:58,11,playoff,7,NA,NA,NA,NA,NA,NA,NA,NA,NA,NA,NA,NA,NA,NA,NA,NA,NA,NA,NA,NA,NA
3,Total,Total,1,1,NA,2024,2,NA,13,0,8,0,0,-3,8,0,0,13,0,0,0,0,0,0,0,0,0,0,0,0,0,21,NA,NA,NA,NA,NA,NA,0,0,0,0,0,1,NA,11458,190:58,11,playoff,7,NA,NA,NA,NA,NA,NA,NA,NA,NA,NA,NA,NA,NA,NA,NA,NA,NA,NA,NA,NA,NA
2,2024 Preseason,2024 Preseason,0,0,1,2023-11-01,2,NA,13,0,3,0,0,0,0,0,0,6,0,0,0,0,0,0,0,0,0,0,0,0,0,0,PWHL Boston,BOS,Boston,PWHL Boston,1,1,0,0,0,0,0,0,PWHL,0,0:00,0,exhibition,7,NA,NA,NA,NA,NA,NA,NA,NA,NA,NA,NA,NA,NA,NA,NA,NA,NA,NA,NA,NA,NA
2,Total,Total,0,0,NA,2023,2,NA,13,0,3,0,0,0,0,0,0,6,0,0,0,0,0,0,0,0,0,0,0,0,0,0,NA,NA,NA,NA,NA,NA,0,0,0,0,0,0,NA,0,0:00,0,exhibition,7,NA,NA,NA,NA,NA,NA,NA,NA,NA,NA,NA,NA,NA,NA,NA,NA,NA,NA,NA,NA,NA
1,2024 Regular Season,2024 Reg,0,1,1,2023-12-12,2,NA,19,1,24,3,4,-3,6,0,0,21,0,0,0,4.8,0,0.17,0,1,0,0,49,119,41.2,4,PWHL Boston,BOS,Boston,Boston,1,1,0,1,0,1,1,0.25,PWHL,17579,292:59,1,regular,109,NA,NA,NA,NA,NA,NA,NA,NA,NA,NA,NA,NA,NA,NA,NA,NA,NA,NA,NA,NA,NA
1,Total,Total,0,1,NA,2023,2,NA,19,1,24,3,4,-3,6,0,0,21,0,0,0,4.8,0,0.17,0,1,0,0,49,119,41.2,4,NA,NA,NA,NA,NA,NA,0,1,0,1,1,0.25,NA,17579,292:59,1,regular,109,NA,NA,NA,NA,NA,NA,NA,NA,NA,NA,NA,NA,NA,NA,NA,NA,NA,NA,NA,NA,NA
3,2024 Playoffs,2024 Playoffs,1,1,1,2024-05-06,2,NA,19,0,8,3,3,0,0,0,0,8,0,0,0,0,0,0.38,0,0,0,0,16,32,50,3,PWHL Boston,BOS,Boston,Boston,1,1,0,0,0,0,0,0,PWHL,5362,89:22,1,playoff,109,NA,NA,NA,NA,NA,NA,NA,NA,NA,NA,NA,NA,NA,NA,NA,NA,NA,NA,NA,NA,NA
3,Total,Total,1,1,NA,2024,2,NA,19,0,8,3,3,0,0,0,0,8,0,0,0,0,0,0.38,0,0,0,0,16,32,50,3,NA,NA,NA,NA,NA,NA,0,0,0,0,0,0,NA,5362,89:22,1,playoff,109,NA,NA,NA,NA,NA,NA,NA,NA,NA,NA,NA,NA,NA,NA,NA,NA,NA,NA,NA,NA,NA
2,2024 Preseason,2024 Preseason,0,0,1,2023-12-04,2,NA,19,0,2,1,1,-1,0,0,1,3,1,1,100,0,0,0.5,0,0,0,0,0,0,0,0,PWHL Boston,BOS,Boston,PWHL Boston,1,1,0,0,0,0,0,0,PWHL,0,0:00,0,exhibition,109,NA,NA,NA,NA,NA,NA,NA,NA,NA,NA,NA,NA,NA,NA,NA,NA,NA,NA,NA,NA,NA
2,Total,Total,0,0,NA,2023,2,NA,19,0,2,1,1,-1,0,0,1,3,1,1,100,0,0,0.5,0,0,0,0,0,0,0,0,NA,NA,NA,NA,NA,NA,0,0,0,0,0,0,NA,0,0:00,0,exhibition,109,NA,NA,NA,NA,NA,NA,NA,NA,NA,NA,NA,NA,NA,NA,NA,NA,NA,NA,NA,NA,NA
1,2024 Regular Season,2024 Reg,0,1,1,2023-11-01,1,*,97,1,22,2,3,3,8,0,0,14,0,0,0,7.1,0,0.14,0,0,0,0,0,0,0,12,PWHL Boston,BOS,Boston,Boston,1,1,0,0,0,0,0,0.363636,PWHL,12956,215:56,3,regular,10,NA,NA,NA,NA,NA,NA,NA,NA,NA,NA,NA,NA,NA,NA,NA,NA,NA,NA,NA,NA,NA
1,Total,Total,0,1,NA,2023,1,NA,97,1,22,2,3,3,8,0,0,14,0,0,0,7.1,0,0.14,0,0,0,0,0,0,0,12,NA,NA,NA,NA,NA,NA,0,0,0,0,0,0.36,NA,12956,215:56,3,regular,10,NA,NA,NA,NA,NA,NA,NA,NA,NA,NA,NA,NA,NA,NA,NA,NA,NA,NA,NA,NA,NA
3,2024 Playoffs,2024 Playoffs,1,1,1,2024-05-06,1,*,97,1,8,0,1,0,0,0,0,3,0,0,0,33.3,0,0.13,0,0,1,0,0,0,0,6,PWHL Boston,BOS,Boston,Boston,1,1,0,0,0,1,0,0,PWHL,3825,63:45,2,playoff,10,NA,NA,NA,NA,NA,NA,NA,NA,NA,NA,NA,NA,NA,NA,NA,NA,NA,NA,NA,NA,NA
3,Total,Total,1,1,NA,2024,1,NA,97,1,8,0,1,0,0,0,0,3,0,0,0,33.3,0,0.12,0,0,1,0,0,0,0,6,NA,NA,NA,NA,NA,NA,0,0,0,1,0,0,NA,3825,63:45,2,playoff,10,NA,NA,NA,NA,NA,NA,NA,NA,NA,NA,NA,NA,NA,NA,NA,NA,NA,NA,NA,NA,NA
2,2024 Preseason,2024 Preseason,0,0,1,2023-11-01,2,NA,97,0,2,0,0,-2,0,0,0,0,1,0,0,0,0,0,0,0,0,0,0,0,0,0,PWHL Boston,BOS,Boston,PWHL Boston,1,1,0,0,0,0,0,0,PWHL,0,0:00,0,exhibition,10,NA,NA,NA,NA,NA,NA,NA,NA,NA,NA,NA,NA,NA,NA,NA,NA,NA,NA,NA,NA,NA
2,Total,Total,0,0,NA,2023,2,NA,97,0,2,0,0,-2,0,0,0,0,1,0,0,0,0,0,0,0,0,0,0,0,0,0,NA,NA,NA,NA,NA,NA,0,0,0,0,0,0,NA,0,0:00,0,exhibition,10,NA,NA,NA,NA,NA,NA,NA,NA,NA,NA,NA,NA,NA,NA,NA,NA,NA,NA,NA,NA,NA
1,2024 Regular Season,2024 Reg,0,1,1,2023-12-12,2,NA,10,0,17,1,1,1,0,0,0,5,0,0,0,0,0,0.06,0,0,0,0,0,0,0,0,PWHL Montreal,MTL,Montreal,Montreal,3,1,0,0,0,0,0,0,PWHL,8030,133:50,3,regular,164,NA,NA,NA,NA,NA,NA,NA,NA,NA,NA,NA,NA,NA,NA,NA,NA,NA,NA,NA,NA,NA
1,Total,Total,0,1,NA,2023,2,NA,10,0,17,1,1,1,0,0,0,5,0,0,0,0,0,0.06,0,0,0,0,0,0,0,0,NA,NA,NA,NA,NA,NA,0,0,0,0,0,0,NA,8030,133:50,3,regular,164,NA,NA,NA,NA,NA,NA,NA,NA,NA,NA,NA,NA,NA,NA,NA,NA,NA,NA,NA,NA,NA
3,2024 Playoffs,2024 Playoffs,1,1,1,2024-05-06,2,NA,10,0,3,0,0,-1,0,0,0,0,0,0,0,0,0,0,0,0,0,0,0,0,0,0,PWHL Montreal,MTL,Montreal,Montreal,3,1,0,0,0,0,0,0,PWHL,427,7:07,0,playoff,164,NA,NA,NA,NA,NA,NA,NA,NA,NA,NA,NA,NA,NA,NA,NA,NA,NA,NA,NA,NA,NA
3,Total,Total,1,1,NA,2024,2,NA,10,0,3,0,0,-1,0,0,0,0,0,0,0,0,0,0,0,0,0,0,0,0,0,0,NA,NA,NA,NA,NA,NA,0,0,0,0,0,0,NA,427,7:07,0,playoff,164,NA,NA,NA,NA,NA,NA,NA,NA,NA,NA,NA,NA,NA,NA,NA,NA,NA,NA,NA,NA,NA
2,2024 Preseason,2024 Preseason,0,0,1,2023-12-04,2,NA,10,1,3,0,1,1,2,1,0,4,0,0,0,25,0,0.33,0,0,0,0,0,0,0,0,PWHL Montreal,MON,Montreal,PWHL Montreal,3,1,0,0,0,1,0,0.666667,PWHL,0,0:00,0,exhibition,164,NA,NA,NA,NA,NA,NA,NA,NA,NA,NA,NA,NA,NA,NA,NA,NA,NA,NA,NA,NA,NA
2,Total,Total,0,0,NA,2023,2,NA,10,1,3,0,1,1,2,1,0,4,0,0,0,25,0,0.33,0,0,0,0,0,0,0,0,NA,NA,NA,NA,NA,NA,0,0,0,1,0,0.67,NA,0,0:00,0,exhibition,164,NA,NA,NA,NA,NA,NA,NA,NA,NA,NA,NA,NA,NA,NA,NA,NA,NA,NA,NA,NA,NA
1,2024 Regular Season,2024 Reg,0,1,1,2023-12-12,2,NA,12,1,23,3,4,-2,6,0,1,11,0,0,0,9.1,0,0.17,0,0,0,0,0,0,0,8,PWHL Montreal,MTL,Montreal,Montreal,3,1,0,0,0,0,0,0.26087,PWHL,13530,225:30,0,regular,159,NA,NA,NA,NA,NA,NA,NA,NA,NA,NA,NA,NA,NA,NA,NA,NA,NA,NA,NA,NA,NA
1,Total,Total,0,1,NA,2023,2,NA,12,1,23,3,4,-2,6,0,1,11,0,0,0,9.1,0,0.17,0,0,0,0,0,0,0,8,NA,NA,NA,NA,NA,NA,0,0,0,0,0,0.26,NA,13530,225:30,0,regular,159,NA,NA,NA,NA,NA,NA,NA,NA,NA,NA,NA,NA,NA,NA,NA,NA,NA,NA,NA,NA,NA
3,2024 Playoffs,2024 Playoffs,1,1,1,2024-05-06,2,NA,12,0,3,0,0,0,0,0,0,1,0,0,0,0,0,0,0,0,0,0,0,0,0,1,PWHL Montreal,MTL,Montreal,Montreal,3,1,0,0,0,0,0,0,PWHL,563,9:23,0,playoff,159,NA,NA,NA,NA,NA,NA,NA,NA,NA,NA,NA,NA,NA,NA,NA,NA,NA,NA,NA,NA,NA
3,Total,Total,1,1,NA,2024,2,NA,12,0,3,0,0,0,0,0,0,1,0,0,0,0,0,0,0,0,0,0,0,0,0,1,NA,NA,NA,NA,NA,NA,0,0,0,0,0,0,NA,563,9:23,0,playoff,159,NA,NA,NA,NA,NA,NA,NA,NA,NA,NA,NA,NA,NA,NA,NA,NA,NA,NA,NA,NA,NA
2,2024 Preseason,2024 Preseason,0,0,1,2023-12-04,2,NA,12,0,3,0,0,1,0,0,0,4,1,0,0,0,0,0,0,0,0,0,0,0,0,0,PWHL Montreal,MON,Montreal,PWHL Montreal,3,1,0,0,0,0,0,0,PWHL,0,0:00,0,exhibition,159,NA,NA,NA,NA,NA,NA,NA,NA,NA,NA,NA,NA,NA,NA,NA,NA,NA,NA,NA,NA,NA
2,Total,Total,0,0,NA,2023,2,NA,12,0,3,0,0,1,0,0,0,4,1,0,0,0,0,0,0,0,0,0,0,0,0,0,NA,NA,NA,NA,NA,NA,0,0,0,0,0,0,NA,0,0:00,0,exhibition,159,NA,NA,NA,NA,NA,NA,NA,NA,NA,NA,NA,NA,NA,NA,NA,NA,NA,NA,NA,NA,NA
1,2024 Regular Season,2024 Reg,0,1,1,2023-12-12,2,NA,16,1,24,4,5,0,10,0,0,32,0,0,0,3.1,0,0.21,0,0,1,0,1,2,50,20,PWHL Montreal,MTL,Montreal,Montreal,3,1,0,0,0,0,0,0.416667,PWHL,16875,281:15,4,regular,158,NA,NA,NA,NA,NA,NA,NA,NA,NA,NA,NA,NA,NA,NA,NA,NA,NA,NA,NA,NA,NA
1,Total,Total,0,1,NA,2023,2,NA,16,1,24,4,5,0,10,0,0,32,0,0,0,3.1,0,0.21,0,0,1,0,1,2,50,20,NA,NA,NA,NA,NA,NA,0,0,0,0,0,0.42,NA,16875,281:15,4,regular,158,NA,NA,NA,NA,NA,NA,NA,NA,NA,NA,NA,NA,NA,NA,NA,NA,NA,NA,NA,NA,NA
3,2024 Playoffs,2024 Playoffs,1,1,1,2024-05-06,2,NA,16,0,2,0,0,0,0,0,0,7,0,0,0,0,0,0,0,0,0,0,0,0,0,6,PWHL Montreal,MTL,Montreal,Montreal,3,1,0,0,0,0,0,0,PWHL,1480,24:40,0,playoff,158,NA,NA,NA,NA,NA,NA,NA,NA,NA,NA,NA,NA,NA,NA,NA,NA,NA,NA,NA,NA,NA
3,Total,Total,1,1,NA,2024,2,NA,16,0,2,0,0,0,0,0,0,7,0,0,0,0,0,0,0,0,0,0,0,0,0,6,NA,NA,NA,NA,NA,NA,0,0,0,0,0,0,NA,1480,24:40,0,playoff,158,NA,NA,NA,NA,NA,NA,NA,NA,NA,NA,NA,NA,NA,NA,NA,NA,NA,NA,NA,NA,NA
2,2024 Preseason,2024 Preseason,0,0,1,2023-12-04,2,NA,16,0,2,0,0,0,2,0,0,2,1,0,0,0,0,0,0,0,0,0,0,0,0,0,PWHL Montreal,MON,Montreal,PWHL Montreal,3,1,0,0,0,0,0,1,PWHL,0,0:00,0,exhibition,158,NA,NA,NA,NA,NA,NA,NA,NA,NA,NA,NA,NA,NA,NA,NA,NA,NA,NA,NA,NA,NA
2,Total,Total,0,0,NA,2023,2,NA,16,0,2,0,0,0,2,0,0,2,1,0,0,0,0,0,0,0,0,0,0,0,0,0,NA,NA,NA,NA,NA,NA,0,0,0,0,0,1,NA,0,0:00,0,exhibition,158,NA,NA,NA,NA,NA,NA,NA,NA,NA,NA,NA,NA,NA,NA,NA,NA,NA,NA,NA,NA,NA
1,2024 Regular Season,2024 Reg,0,1,1,2023-11-01,2,NA,22,1,9,1,2,0,0,0,0,11,0,0,0,9.1,0,0.22,0,0,1,0,3,4,75,1,PWHL Montreal,MTL,Montreal,Montreal,3,1,0,0,0,0,0,0,PWHL,5863,97:43,0,regular,29,NA,NA,NA,NA,NA,NA,NA,NA,NA,NA,NA,NA,NA,NA,NA,NA,NA,NA,NA,NA,NA
1,Total,Total,0,1,NA,2023,2,NA,22,1,9,1,2,0,0,0,0,11,0,0,0,9.1,0,0.22,0,0,1,0,3,4,75,1,NA,NA,NA,NA,NA,NA,0,0,0,0,0,0,NA,5863,97:43,0,regular,29,NA,NA,NA,NA,NA,NA,NA,NA,NA,NA,NA,NA,NA,NA,NA,NA,NA,NA,NA,NA,NA
2,2024 Preseason,2024 Preseason,0,0,1,2023-11-01,2,NA,22,0,2,0,0,0,0,0,0,4,0,0,0,0,0,0,0,0,0,0,0,0,0,0,PWHL Montreal,MON,Montreal,PWHL Montreal,3,1,0,0,0,0,0,0,PWHL,0,0:00,0,exhibition,29,NA,NA,NA,NA,NA,NA,NA,NA,NA,NA,NA,NA,NA,NA,NA,NA,NA,NA,NA,NA,NA
2,Total,Total,0,0,NA,2023,2,NA,22,0,2,0,0,0,0,0,0,4,0,0,0,0,0,0,0,0,0,0,0,0,0,0,NA,NA,NA,NA,NA,NA,0,0,0,0,0,0,NA,0,0:00,0,exhibition,29,NA,NA,NA,NA,NA,NA,NA,NA,NA,NA,NA,NA,NA,NA,NA,NA,NA,NA,NA,NA,NA
1,2024 Regular Season,2024 Reg,0,1,1,2023-11-21,2,NA,24,2,15,3,5,-2,2,0,0,17,0,0,0,11.8,0,0.33,0,0,1,0,3,3,100,8,PWHL Montreal,MTL,Montreal,Montreal,3,1,0,0,1,0,0,0.133333,PWHL,13052,217:32,2,regular,80,NA,NA,NA,NA,NA,NA,NA,NA,NA,NA,NA,NA,NA,NA,NA,NA,NA,NA,NA,NA,NA
1,Total,Total,0,1,NA,2023,2,NA,24,2,15,3,5,-2,2,0,0,17,0,0,0,11.8,0,0.33,0,0,1,0,3,3,100,8,NA,NA,NA,NA,NA,NA,0,0,1,0,0,0.13,NA,13052,217:32,2,regular,80,NA,NA,NA,NA,NA,NA,NA,NA,NA,NA,NA,NA,NA,NA,NA,NA,NA,NA,NA,NA,NA
2,2024 Preseason,2024 Preseason,0,0,1,2023-11-21,2,NA,24,1,3,1,2,2,2,0,0,4,1,1,100,25,0,0.67,0,0,0,0,0,0,0,0,PWHL Montreal,MON,Montreal,PWHL Montreal,3,1,1,0,0,0,0,0.666667,PWHL,0,0:00,0,exhibition,80,NA,NA,NA,NA,NA,NA,NA,NA,NA,NA,NA,NA,NA,NA,NA,NA,NA,NA,NA,NA,NA
2,Total,Total,0,0,NA,2023,2,NA,24,1,3,1,2,2,2,0,0,4,1,1,100,25,0,0.67,0,0,0,0,0,0,0,0,NA,NA,NA,NA,NA,NA,1,0,0,0,0,0.67,NA,0,0:00,0,exhibition,80,NA,NA,NA,NA,NA,NA,NA,NA,NA,NA,NA,NA,NA,NA,NA,NA,NA,NA,NA,NA,NA
1,2024 Regular Season,2024 Reg,0,1,1,2024-01-31,2,NA,24,0,15,0,0,0,0,0,0,3,0,0,0,0,0,0,0,0,0,0,0,0,0,5,PWHL Ottawa,OTT,Ottawa,Ottawa,5,1,0,0,0,0,0,0,PWHL,3785,63:05,3,regular,3,NA,NA,NA,NA,NA,NA,NA,NA,NA,NA,NA,NA,NA,NA,NA,NA,NA,NA,NA,NA,NA
1,Total,Total,0,1,NA,2024,2,NA,24,0,15,0,0,0,0,0,0,3,0,0,0,0,0,0,0,0,0,0,0,0,0,5,NA,NA,NA,NA,NA,NA,0,0,0,0,0,0,NA,3785,63:05,3,regular,3,NA,NA,NA,NA,NA,NA,NA,NA,NA,NA,NA,NA,NA,NA,NA,NA,NA,NA,NA,NA,NA
2,2024 Preseason,2024 Preseason,0,0,1,2023-11-01,2,NA,25,0,2,0,0,0,4,0,0,1,0,0,0,0,0,0,0,0,0,0,0,0,0,0,PWHL Boston,BOS,Boston,PWHL Boston,1,1,0,0,0,0,0,2,PWHL,0,0:00,0,exhibition,3,NA,NA,NA,NA,NA,NA,NA,NA,NA,NA,NA,NA,NA,NA,NA,NA,NA,NA,NA,NA,NA
2,Total,Total,0,0,NA,2023,2,NA,25,0,2,0,0,0,4,0,0,1,0,0,0,0,0,0,0,0,0,0,0,0,0,0,NA,NA,NA,NA,NA,NA,0,0,0,0,0,2,NA,0,0:00,0,exhibition,3,NA,NA,NA,NA,NA,NA,NA,NA,NA,NA,NA,NA,NA,NA,NA,NA,NA,NA,NA,NA,NA
1,2024 Regular Season,2024 Reg,0,1,1,2023-12-12,2,NA,17,0,8,0,0,0,0,0,0,6,0,0,0,0,0,0,0,0,0,0,0,0,0,4,PWHL Montreal,MTL,Montreal,Montreal,3,1,0,0,0,0,0,0,PWHL,2720,45:20,1,regular,160,NA,NA,NA,NA,NA,NA,NA,NA,NA,NA,NA,NA,NA,NA,NA,NA,NA,NA,NA,NA,NA
1,Total,Total,0,1,NA,2023,2,NA,17,0,8,0,0,0,0,0,0,6,0,0,0,0,0,0,0,0,0,0,0,0,0,4,NA,NA,NA,NA,NA,NA,0,0,0,0,0,0,NA,2720,45:20,1,regular,160,NA,NA,NA,NA,NA,NA,NA,NA,NA,NA,NA,NA,NA,NA,NA,NA,NA,NA,NA,NA,NA
3,2024 Playoffs,2024 Playoffs,1,1,1,2024-05-06,2,NA,17,0,1,0,0,0,0,0,0,0,0,0,0,0,0,0,0,0,0,0,0,0,0,0,PWHL Montreal,MTL,Montreal,Montreal,3,1,0,0,0,0,0,0,PWHL,0,0:00,0,playoff,160,NA,NA,NA,NA,NA,NA,NA,NA,NA,NA,NA,NA,NA,NA,NA,NA,NA,NA,NA,NA,NA
3,Total,Total,1,1,NA,2024,2,NA,17,0,1,0,0,0,0,0,0,0,0,0,0,0,0,0,0,0,0,0,0,0,0,0,NA,NA,NA,NA,NA,NA,0,0,0,0,0,0,NA,0,0:00,0,playoff,160,NA,NA,NA,NA,NA,NA,NA,NA,NA,NA,NA,NA,NA,NA,NA,NA,NA,NA,NA,NA,NA
2,2024 Preseason,2024 Preseason,0,0,1,2023-12-04,2,NA,17,0,3,0,0,0,0,0,0,4,1,0,0,0,0,0,0,0,0,0,0,0,0,0,PWHL Montreal,MON,Montreal,PWHL Montreal,3,1,0,0,0,0,0,0,PWHL,0,0:00,0,exhibition,160,NA,NA,NA,NA,NA,NA,NA,NA,NA,NA,NA,NA,NA,NA,NA,NA,NA,NA,NA,NA,NA
2,Total,Total,0,0,NA,2023,2,NA,17,0,3,0,0,0,0,0,0,4,1,0,0,0,0,0,0,0,0,0,0,0,0,0,NA,NA,NA,NA,NA,NA,0,0,0,0,0,0,NA,0,0:00,0,exhibition,160,NA,NA,NA,NA,NA,NA,NA,NA,NA,NA,NA,NA,NA,NA,NA,NA,NA,NA,NA,NA,NA
1,2024 Regular Season,2024 Reg,0,1,1,2023-12-12,2,NA,25,3,6,2,5,6,4,0,1,13,0,0,0,23.1,0,0.83,0,0,1,0,0,3,0,12,PWHL Montreal,MTL,Montreal,Montreal,3,1,0,0,0,1,1,0.666667,PWHL,6551,109:11,2,regular,168,NA,NA,NA,NA,NA,NA,NA,NA,NA,NA,NA,NA,NA,NA,NA,NA,NA,NA,NA,NA,NA
1,Total,Total,0,1,NA,2023,2,NA,25,3,6,2,5,6,4,0,1,13,0,0,0,23.1,0,0.83,0,0,1,0,0,3,0,12,NA,NA,NA,NA,NA,NA,0,0,0,1,1,0.67,NA,6551,109:11,2,regular,168,NA,NA,NA,NA,NA,NA,NA,NA,NA,NA,NA,NA,NA,NA,NA,NA,NA,NA,NA,NA,NA
3,2024 Playoffs,2024 Playoffs,1,1,1,2024-05-06,2,NA,25,0,3,0,0,-4,2,0,0,12,0,0,0,0,0,0,0,0,0,0,0,7,0,5,PWHL Montreal,MTL,Montreal,Montreal,3,1,0,0,0,0,0,0.666667,PWHL,5535,92:15,4,playoff,168,NA,NA,NA,NA,NA,NA,NA,NA,NA,NA,NA,NA,NA,NA,NA,NA,NA,NA,NA,NA,NA
3,Total,Total,1,1,NA,2024,2,NA,25,0,3,0,0,-4,2,0,0,12,0,0,0,0,0,0,0,0,0,0,0,7,0,5,NA,NA,NA,NA,NA,NA,0,0,0,0,0,0.67,NA,5535,92:15,4,playoff,168,NA,NA,NA,NA,NA,NA,NA,NA,NA,NA,NA,NA,NA,NA,NA,NA,NA,NA,NA,NA,NA
1,2024 Regular Season,2024 Reg,0,1,1,2024-03-05,2,NA,20,0,9,0,0,0,0,0,0,1,0,0,0,0,0,0,0,0,0,0,1,1,100,5,PWHL Ottawa,OTT,Ottawa,Ottawa,5,1,0,0,0,0,0,0,PWHL,2528,42:08,0,regular,107,NA,NA,NA,NA,NA,NA,NA,NA,NA,NA,NA,NA,NA,NA,NA,NA,NA,NA,NA,NA,NA
1,Total,Total,0,1,NA,2024,2,NA,20,0,9,0,0,0,0,0,0,1,0,0,0,0,0,0,0,0,0,0,1,1,100,5,NA,NA,NA,NA,NA,NA,0,0,0,0,0,0,NA,2528,42:08,0,regular,107,NA,NA,NA,NA,NA,NA,NA,NA,NA,NA,NA,NA,NA,NA,NA,NA,NA,NA,NA,NA,NA
2,2024 Preseason,2024 Preseason,0,0,1,2023-12-04,2,NA,26,0,2,0,0,0,0,0,0,3,0,0,0,0,0,0,0,0,0,0,0,0,0,0,PWHL Boston,BOS,Boston,PWHL Boston,1,1,0,0,0,0,0,0,PWHL,0,0:00,0,exhibition,107,NA,NA,NA,NA,NA,NA,NA,NA,NA,NA,NA,NA,NA,NA,NA,NA,NA,NA,NA,NA,NA
2,Total,Total,0,0,NA,2023,2,NA,26,0,2,0,0,0,0,0,0,3,0,0,0,0,0,0,0,0,0,0,0,0,0,0,NA,NA,NA,NA,NA,NA,0,0,0,0,0,0,NA,0,0:00,0,exhibition,107,NA,NA,NA,NA,NA,NA,NA,NA,NA,NA,NA,NA,NA,NA,NA,NA,NA,NA,NA,NA,NA
2,2024 Preseason,2024 Preseason,0,0,1,2023-12-04,2,NA,7,0,2,0,0,-1,4,0,0,2,1,1,100,0,0,0,0,0,0,0,0,0,0,0,PWHL Boston,BOS,Boston,PWHL Boston,1,1,0,0,0,0,0,2,PWHL,0,0:00,0,exhibition,106,NA,NA,NA,NA,NA,NA,NA,NA,NA,NA,NA,NA,NA,NA,NA,NA,NA,NA,NA,NA,NA
2,Total,Total,0,0,NA,2023,2,NA,7,0,2,0,0,-1,4,0,0,2,1,1,100,0,0,0,0,0,0,0,0,0,0,0,NA,NA,NA,NA,NA,NA,0,0,0,0,0,2,NA,0,0:00,0,exhibition,106,NA,NA,NA,NA,NA,NA,NA,NA,NA,NA,NA,NA,NA,NA,NA,NA,NA,NA,NA,NA,NA
2,2024 Preseason,2024 Preseason,0,0,1,2023-12-04,2,NA,24,0,2,0,0,0,0,0,0,3,0,0,0,0,0,0,0,0,0,0,0,0,0,0,PWHL Boston,BOS,Boston,PWHL Boston,1,1,0,0,0,0,0,0,PWHL,0,0:00,0,exhibition,112,NA,NA,NA,NA,NA,NA,NA,NA,NA,NA,NA,NA,NA,NA,NA,NA,NA,NA,NA,NA,NA
2,Total,Total,0,0,NA,2023,2,NA,24,0,2,0,0,0,0,0,0,3,0,0,0,0,0,0,0,0,0,0,0,0,0,0,NA,NA,NA,NA,NA,NA,0,0,0,0,0,0,NA,0,0:00,0,exhibition,112,NA,NA,NA,NA,NA,NA,NA,NA,NA,NA,NA,NA,NA,NA,NA,NA,NA,NA,NA,NA,NA
8,2025-26 Regular Season,2025-26 Reg,0,1,1,2025-11-21,2,NA,3,3,30,5,8,-16,20,1,1,63,0,0,0,4.8,0,0.27,0,0,0,0,0,0,0,16,Seattle Torrent,SEA,Seattle,Torrent,8,1,0,2,0,2,1,0.666667,PWHL,41924,698:44,43,regular,196,NA,NA,NA,NA,NA,NA,NA,NA,NA,NA,NA,NA,NA,NA,NA,NA,NA,NA,NA,NA,NA
5,2024-25 Regular Season,2024-25 Reg,0,1,1,2024-11-25,2,NA,3,2,30,11,13,-1,12,0,7,45,0,0,0,4.4,0,0.43,0,0,1,0,0,0,0,22,Montréal Victoire,MTL,Montréal,Victoire,3,1,0,0,1,0,0,0.4,PWHL,39261,654:21,37,regular,196,NA,NA,NA,NA,NA,NA,NA,NA,NA,NA,NA,NA,NA,NA,NA,NA,NA,NA,NA,NA,NA
13,Total,Total,0,2,NA,4049,4,NA,6,5,60,16,21,-17,32,1,8,108,0,0,0,4.6,0,0.35,0,0,1,0,0,0,0,38,NA,NA,NA,NA,NA,NA,0,2,1,2,1,0.53,NA,81185,1353:05,80,regular,196,NA,NA,NA,NA,NA,NA,NA,NA,NA,NA,NA,NA,NA,NA,NA,NA,NA,NA,NA,NA,NA
6,2025 Playoffs,2025 Playoffs,1,1,1,2025-05-06,2,NA,3,0,4,0,0,-3,0,0,0,5,0,0,0,0,0,0,0,0,0,0,0,0,0,4,Montréal Victoire,MTL,Montréal,Victoire,3,1,0,0,0,0,0,0,PWHL,7435,123:55,11,playoff,196,NA,NA,NA,NA,NA,NA,NA,NA,NA,NA,NA,NA,NA,NA,NA,NA,NA,NA,NA,NA,NA
6,Total,Total,1,1,NA,2025,2,NA,3,0,4,0,0,-3,0,0,0,5,0,0,0,0,0,0,0,0,0,0,0,0,0,4,NA,NA,NA,NA,NA,NA,0,0,0,0,0,0,NA,7435,123:55,11,playoff,196,NA,NA,NA,NA,NA,NA,NA,NA,NA,NA,NA,NA,NA,NA,NA,NA,NA,NA,NA,NA,NA
7,2025-26 Preseason,2025-26 Preseason,0,0,1,2025-06-13,2,NA,3,0,1,0,0,0,0,0,0,0,0,0,0,0,0,0,0,0,0,0,0,0,0,2,Seattle Torrent,SEA,Seattle,Torrent,8,1,0,0,0,0,0,0,PWHL,1172,19:32,0,exhibition,196,NA,NA,NA,NA,NA,NA,NA,NA,NA,NA,NA,NA,NA,NA,NA,NA,NA,NA,NA,NA,NA
7,Total,Total,0,0,NA,2025,2,NA,3,0,1,0,0,0,0,0,0,0,0,0,0,0,0,0,0,0,0,0,0,0,0,2,NA,NA,NA,NA,NA,NA,0,0,0,0,0,0,NA,1172,19:32,0,exhibition,196,NA,NA,NA,NA,NA,NA,NA,NA,NA,NA,NA,NA,NA,NA,NA,NA,NA,NA,NA,NA,NA
8,2025-26 Regular Season,2025-26 Reg,0,1,1,2025-11-21,2,NA,7,0,24,2,2,-5,6,0,0,7,0,0,0,0,0,0.08,0,0,0,0,30,55,54.5,8,Seattle Torrent,SEA,Seattle,Torrent,8,1,0,0,0,0,0,0.25,PWHL,9979,166:19,4,regular,291,NA,NA,NA,NA,NA,NA,NA,NA,NA,NA,NA,NA,NA,NA,NA,NA,NA,NA,NA,NA,NA
8,Total,Total,0,1,NA,2025,2,NA,7,0,24,2,2,-5,6,0,0,7,0,0,0,0,0,0.08,0,0,0,0,30,55,54.5,8,NA,NA,NA,NA,NA,NA,0,0,0,0,0,0.25,NA,9979,166:19,4,regular,291,NA,NA,NA,NA,NA,NA,NA,NA,NA,NA,NA,NA,NA,NA,NA,NA,NA,NA,NA,NA,NA
7,2025-26 Preseason,2025-26 Preseason,0,0,1,2025-06-01,2,NA,7,0,2,0,0,1,0,0,0,3,0,0,0,0,0,0,0,0,0,0,5,16,31.3,2,Seattle Torrent,SEA,Seattle,Torrent,8,1,0,0,0,0,0,0,PWHL,1528,25:28,1,exhibition,291,NA,NA,NA,NA,NA,NA,NA,NA,NA,NA,NA,NA,NA,NA,NA,NA,NA,NA,NA,NA,NA
7,Total,Total,0,0,NA,2025,2,NA,7,0,2,0,0,1,0,0,0,3,0,0,0,0,0,0,0,0,0,0,5,16,31.2,2,NA,NA,NA,NA,NA,NA,0,0,0,0,0,0,NA,1528,25:28,1,exhibition,291,NA,NA,NA,NA,NA,NA,NA,NA,NA,NA,NA,NA,NA,NA,NA,NA,NA,NA,NA,NA,NA
8,2025-26 Regular Season,2025-26 Reg,0,1,1,2025-11-21,2,NA,10,0,18,0,0,-3,2,0,0,4,0,0,0,0,0,0,0,0,0,0,25,61,41,7,Seattle Torrent,SEA,Seattle,Torrent,8,1,0,0,0,0,0,0.111111,PWHL,6577,109:37,6,regular,237,NA,NA,NA,NA,NA,NA,NA,NA,NA,NA,NA,NA,NA,NA,NA,NA,NA,NA,NA,NA,NA
8,Total,Total,0,1,NA,2025,2,NA,10,0,18,0,0,-3,2,0,0,4,0,0,0,0,0,0,0,0,0,0,25,61,41,7,NA,NA,NA,NA,NA,NA,0,0,0,0,0,0.11,NA,6577,109:37,6,regular,237,NA,NA,NA,NA,NA,NA,NA,NA,NA,NA,NA,NA,NA,NA,NA,NA,NA,NA,NA,NA,NA
7,2025-26 Preseason,2025-26 Preseason,0,0,1,2025-07-15,2,NA,10,1,2,0,1,-1,0,0,0,6,0,0,0,16.7,0,0.5,0,0,0,0,6,18,33.3,1,Seattle Torrent,SEA,Seattle,Torrent,8,1,0,0,0,0,0,0,PWHL,2004,33:24,2,exhibition,237,NA,NA,NA,NA,NA,NA,NA,NA,NA,NA,NA,NA,NA,NA,NA,NA,NA,NA,NA,NA,NA
7,Total,Total,0,0,NA,2025,2,NA,10,1,2,0,1,-1,0,0,0,6,0,0,0,16.7,0,0.5,0,0,0,0,6,18,33.3,1,NA,NA,NA,NA,NA,NA,0,0,0,0,0,0,NA,2004,33:24,2,exhibition,237,NA,NA,NA,NA,NA,NA,NA,NA,NA,NA,NA,NA,NA,NA,NA,NA,NA,NA,NA,NA,NA
7,2025-26 Preseason,2025-26 Preseason,0,0,1,2025-06-01,2,NA,16,0,2,1,1,0,0,0,0,2,0,0,0,0,0,0.5,0,0,0,0,0,2,0,2,Seattle Torrent,SEA,Seattle,Torrent,8,1,0,0,0,0,0,0,PWHL,2084,34:44,2,exhibition,297,NA,NA,NA,NA,NA,NA,NA,NA,NA,NA,NA,NA,NA,NA,NA,NA,NA,NA,NA,NA,NA
7,Total,Total,0,0,NA,2025,2,NA,16,0,2,1,1,0,0,0,0,2,0,0,0,0,0,0.5,0,0,0,0,0,2,0,2,NA,NA,NA,NA,NA,NA,0,0,0,0,0,0,NA,2084,34:44,2,exhibition,297,NA,NA,NA,NA,NA,NA,NA,NA,NA,NA,NA,NA,NA,NA,NA,NA,NA,NA,NA,NA,NA
8,2025-26 Regular Season,2025-26 Reg,0,1,1,2025-11-21,2,NA,24,0,25,4,4,-1,8,0,0,15,0,0,0,0,0,0.16,0,0,0,0,1,1,100,9,Seattle Torrent,SEA,Seattle,Torrent,8,1,0,0,0,0,0,0.32,PWHL,15111,251:51,20,regular,294,NA,NA,NA,NA,NA,NA,NA,NA,NA,NA,NA,NA,NA,NA,NA,NA,NA,NA,NA,NA,NA
8,Total,Total,0,1,NA,2025,2,NA,24,0,25,4,4,-1,8,0,0,15,0,0,0,0,0,0.16,0,0,0,0,1,1,100,9,NA,NA,NA,NA,NA,NA,0,0,0,0,0,0.32,NA,15111,251:51,20,regular,294,NA,NA,NA,NA,NA,NA,NA,NA,NA,NA,NA,NA,NA,NA,NA,NA,NA,NA,NA,NA,NA
7,2025-26 Preseason,2025-26 Preseason,0,0,1,2025-06-01,2,NA,24,0,2,0,0,-1,4,0,0,3,0,0,0,0,0,0,0,0,0,0,0,0,0,1,Seattle Torrent,SEA,Seattle,Torrent,8,1,0,0,0,0,0,2,PWHL,3087,51:27,0,exhibition,294,NA,NA,NA,NA,NA,NA,NA,NA,NA,NA,NA,NA,NA,NA,NA,NA,NA,NA,NA,NA,NA
7,Total,Total,0,0,NA,2025,2,NA,24,0,2,0,0,-1,4,0,0,3,0,0,0,0,0,0,0,0,0,0,0,0,0,1,NA,NA,NA,NA,NA,NA,0,0,0,0,0,2,NA,3087,51:27,0,exhibition,294,NA,NA,NA,NA,NA,NA,NA,NA,NA,NA,NA,NA,NA,NA,NA,NA,NA,NA,NA,NA,NA
8,2025-26 Regular Season,2025-26 Reg,0,1,1,2025-11-21,2,NA,52,1,11,0,1,-3,0,0,0,6,0,0,0,16.7,0,0.09,0,0,0,0,0,0,0,1,Seattle Torrent,SEA,Seattle,Torrent,8,1,0,0,0,0,0,0,PWHL,5043,84:03,1,regular,292,NA,NA,NA,NA,NA,NA,NA,NA,NA,NA,NA,NA,NA,NA,NA,NA,NA,NA,NA,NA,NA
8,Total,Total,0,1,NA,2025,2,NA,52,1,11,0,1,-3,0,0,0,6,0,0,0,16.7,0,0.09,0,0,0,0,0,0,0,1,NA,NA,NA,NA,NA,NA,0,0,0,0,0,0,NA,5043,84:03,1,regular,292,NA,NA,NA,NA,NA,NA,NA,NA,NA,NA,NA,NA,NA,NA,NA,NA,NA,NA,NA,NA,NA
7,2025-26 Preseason,2025-26 Preseason,0,0,1,2025-06-01,2,NA,52,0,2,0,0,1,2,0,0,1,0,0,0,0,0,0,0,0,0,0,0,0,0,0,Seattle Torrent,SEA,Seattle,Torrent,8,1,0,0,0,0,0,1,PWHL,1231,20:31,0,exhibition,292,NA,NA,NA,NA,NA,NA,NA,NA,NA,NA,NA,NA,NA,NA,NA,NA,NA,NA,NA,NA,NA
7,Total,Total,0,0,NA,2025,2,NA,52,0,2,0,0,1,2,0,0,1,0,0,0,0,0,0,0,0,0,0,0,0,0,0,NA,NA,NA,NA,NA,NA,0,0,0,0,0,1,NA,1231,20:31,0,exhibition,292,NA,NA,NA,NA,NA,NA,NA,NA,NA,NA,NA,NA,NA,NA,NA,NA,NA,NA,NA,NA,NA
8,2025-26 Regular Season,2025-26 Reg,0,1,1,2025-11-21,2,NA,66,0,20,0,0,-4,2,0,0,12,0,0,0,0,0,0,0,0,0,0,0,0,0,8,Seattle Torrent,SEA,Seattle,Torrent,8,1,0,0,0,0,0,0.1,PWHL,8424,140:24,1,regular,295,NA,NA,NA,NA,NA,NA,NA,NA,NA,NA,NA,NA,NA,NA,NA,NA,NA,NA,NA,NA,NA
8,Total,Total,0,1,NA,2025,2,NA,66,0,20,0,0,-4,2,0,0,12,0,0,0,0,0,0,0,0,0,0,0,0,0,8,NA,NA,NA,NA,NA,NA,0,0,0,0,0,0.1,NA,8424,140:24,1,regular,295,NA,NA,NA,NA,NA,NA,NA,NA,NA,NA,NA,NA,NA,NA,NA,NA,NA,NA,NA,NA,NA
7,2025-26 Preseason,2025-26 Preseason,0,0,1,2025-06-01,2,NA,66,1,2,1,2,2,0,0,0,3,0,0,0,33.3,0,1,0,0,0,0,0,0,0,3,Seattle Torrent,SEA,Seattle,Torrent,8,1,0,1,0,0,0,0,PWHL,1319,21:59,2,exhibition,295,NA,NA,NA,NA,NA,NA,NA,NA,NA,NA,NA,NA,NA,NA,NA,NA,NA,NA,NA,NA,NA
7,Total,Total,0,0,NA,2025,2,NA,66,1,2,1,2,2,0,0,0,3,0,0,0,33.3,0,1,0,0,0,0,0,0,0,3,NA,NA,NA,NA,NA,NA,0,1,0,0,0,0,NA,1319,21:59,2,exhibition,295,NA,NA,NA,NA,NA,NA,NA,NA,NA,NA,NA,NA,NA,NA,NA,NA,NA,NA,NA,NA,NA
8,2025-26 Regular Season,2025-26 Reg,0,1,1,2025-11-21,2,NA,71,0,16,0,0,-4,0,0,0,9,0,0,0,0,0,0,0,0,0,0,30,69,43.5,2,Seattle Torrent,SEA,Seattle,Torrent,8,1,0,0,0,0,0,0,PWHL,7403,123:23,8,regular,293,NA,NA,NA,NA,NA,NA,NA,NA,NA,NA,NA,NA,NA,NA,NA,NA,NA,NA,NA,NA,NA
8,Total,Total,0,1,NA,2025,2,NA,71,0,16,0,0,-4,0,0,0,9,0,0,0,0,0,0,0,0,0,0,30,69,43.5,2,NA,NA,NA,NA,NA,NA,0,0,0,0,0,0,NA,7403,123:23,8,regular,293,NA,NA,NA,NA,NA,NA,NA,NA,NA,NA,NA,NA,NA,NA,NA,NA,NA,NA,NA,NA,NA
7,2025-26 Preseason,2025-26 Preseason,0,0,1,2025-06-01,2,NA,71,0,1,0,0,0,0,0,0,0,0,0,0,0,0,0,0,0,0,0,11,14,78.6,0,Seattle Torrent,SEA,Seattle,Torrent,8,1,0,0,0,0,0,0,PWHL,603,10:03,0,exhibition,293,NA,NA,NA,NA,NA,NA,NA,NA,NA,NA,NA,NA,NA,NA,NA,NA,NA,NA,NA,NA,NA
7,Total,Total,0,0,NA,2025,2,NA,71,0,1,0,0,0,0,0,0,0,0,0,0,0,0,0,0,0,0,0,11,14,78.6,0,NA,NA,NA,NA,NA,NA,0,0,0,0,0,0,NA,603,10:03,0,exhibition,293,NA,NA,NA,NA,NA,NA,NA,NA,NA,NA,NA,NA,NA,NA,NA,NA,NA,NA,NA,NA,NA
8,2025-26 Regular Season,2025-26 Reg,0,1,1,2025-11-21,2,NA,5,1,30,8,9,-5,18,1,4,34,0,0,0,2.9,0,0.3,0,0,0,0,0,0,0,57,Ottawa Charge,OTT,Ottawa,Charge,5,1,0,0,0,0,0,0.6,PWHL,37643,627:23,35,regular,242,NA,NA,NA,NA,NA,NA,NA,NA,NA,NA,NA,NA,NA,NA,NA,NA,NA,NA,NA,NA,NA
8,Total,Total,0,1,NA,2025,2,NA,5,1,30,8,9,-5,18,1,4,34,0,0,0,2.9,0,0.3,0,0,0,0,0,0,0,57,NA,NA,NA,NA,NA,NA,0,0,0,0,0,0.6,NA,37643,627:23,35,regular,242,NA,NA,NA,NA,NA,NA,NA,NA,NA,NA,NA,NA,NA,NA,NA,NA,NA,NA,NA,NA,NA
9,2026 Playoffs,2026 Playoffs,1,1,1,2026-04-28,2,NA,5,0,8,2,2,-2,8,0,1,13,0,0,0,0,0,0.25,0,0,0,0,0,0,0,15,Ottawa Charge,OTT,Ottawa,Charge,5,1,0,0,0,0,0,1,PWHL,10441,174:01,5,playoff,242,NA,NA,NA,NA,NA,NA,NA,NA,NA,NA,NA,NA,NA,NA,NA,NA,NA,NA,NA,NA,NA
9,Total,Total,1,1,NA,2026,2,NA,5,0,8,2,2,-2,8,0,1,13,0,0,0,0,0,0.25,0,0,0,0,0,0,0,15,NA,NA,NA,NA,NA,NA,0,0,0,0,0,1,NA,10441,174:01,5,playoff,242,NA,NA,NA,NA,NA,NA,NA,NA,NA,NA,NA,NA,NA,NA,NA,NA,NA,NA,NA,NA,NA
7,2025-26 Preseason,2025-26 Preseason,0,0,1,2025-07-28,2,NA,5,0,2,0,0,-3,2,0,0,3,0,0,0,0,0,0,0,0,0,0,0,0,0,5,Ottawa Charge,OTT,Ottawa,Charge,5,1,0,0,0,0,0,1,PWHL,2606,43:26,1,exhibition,242,NA,NA,NA,NA,NA,NA,NA,NA,NA,NA,NA,NA,NA,NA,NA,NA,NA,NA,NA,NA,NA
7,Total,Total,0,0,NA,2025,2,NA,5,0,2,0,0,-3,2,0,0,3,0,0,0,0,0,0,0,0,0,0,0,0,0,5,NA,NA,NA,NA,NA,NA,0,0,0,0,0,1,NA,2606,43:26,1,exhibition,242,NA,NA,NA,NA,NA,NA,NA,NA,NA,NA,NA,NA,NA,NA,NA,NA,NA,NA,NA,NA,NA
8,2025-26 Regular Season,2025-26 Reg,0,1,1,2025-11-21,2,NA,8,0,25,4,4,5,16,0,0,13,0,0,0,0,0,0.16,0,0,0,0,0,0,0,11,Ottawa Charge,OTT,Ottawa,Charge,5,1,0,0,0,0,0,0.64,PWHL,23479,391:19,11,regular,289,NA,NA,NA,NA,NA,NA,NA,NA,NA,NA,NA,NA,NA,NA,NA,NA,NA,NA,NA,NA,NA
8,Total,Total,0,1,NA,2025,2,NA,8,0,25,4,4,5,16,0,0,13,0,0,0,0,0,0.16,0,0,0,0,0,0,0,11,NA,NA,NA,NA,NA,NA,0,0,0,0,0,0.64,NA,23479,391:19,11,regular,289,NA,NA,NA,NA,NA,NA,NA,NA,NA,NA,NA,NA,NA,NA,NA,NA,NA,NA,NA,NA,NA
9,2026 Playoffs,2026 Playoffs,1,1,1,2026-04-28,2,NA,8,0,8,0,0,2,2,0,0,4,0,0,0,0,0,0,0,0,0,0,0,0,0,5,Ottawa Charge,OTT,Ottawa,Charge,5,1,0,0,0,0,0,0.25,PWHL,7140,119:00,7,playoff,289,NA,NA,NA,NA,NA,NA,NA,NA,NA,NA,NA,NA,NA,NA,NA,NA,NA,NA,NA,NA,NA
9,Total,Total,1,1,NA,2026,2,NA,8,0,8,0,0,2,2,0,0,4,0,0,0,0,0,0,0,0,0,0,0,0,0,5,NA,NA,NA,NA,NA,NA,0,0,0,0,0,0.25,NA,7140,119:00,7,playoff,289,NA,NA,NA,NA,NA,NA,NA,NA,NA,NA,NA,NA,NA,NA,NA,NA,NA,NA,NA,NA,NA
7,2025-26 Preseason,2025-26 Preseason,0,0,1,2025-06-01,2,NA,8,0,2,0,0,2,0,0,0,0,0,0,0,0,0,0,0,0,0,0,1,1,100,3,Ottawa Charge,OTT,Ottawa,Charge,5,1,0,0,0,0,0,0,PWHL,1705,28:25,0,exhibition,289,NA,NA,NA,NA,NA,NA,NA,NA,NA,NA,NA,NA,NA,NA,NA,NA,NA,NA,NA,NA,NA
7,Total,Total,0,0,NA,2025,2,NA,8,0,2,0,0,2,0,0,0,0,0,0,0,0,0,0,0,0,0,0,1,1,100,3,NA,NA,NA,NA,NA,NA,0,0,0,0,0,0,NA,1705,28:25,0,exhibition,289,NA,NA,NA,NA,NA,NA,NA,NA,NA,NA,NA,NA,NA,NA,NA,NA,NA,NA,NA,NA,NA
8,2025-26 Regular Season,2025-26 Reg,0,1,1,2025-11-23,2,NA,9,0,7,0,0,-1,2,0,0,2,0,0,0,0,0,0,0,0,0,0,0,0,0,1,Ottawa Charge,OTT,Ottawa,Charge,5,1,0,0,0,0,0,0.285714,PWHL,1092,18:12,0,regular,288,NA,NA,NA,NA,NA,NA,NA,NA,NA,NA,NA,NA,NA,NA,NA,NA,NA,NA,NA,NA,NA
8,Total,Total,0,1,NA,2025,2,NA,9,0,7,0,0,-1,2,0,0,2,0,0,0,0,0,0,0,0,0,0,0,0,0,1,NA,NA,NA,NA,NA,NA,0,0,0,0,0,0.29,NA,1092,18:12,0,regular,288,NA,NA,NA,NA,NA,NA,NA,NA,NA,NA,NA,NA,NA,NA,NA,NA,NA,NA,NA,NA,NA
7,2025-26 Preseason,2025-26 Preseason,0,0,1,2025-06-01,2,NA,9,0,2,0,0,-1,0,0,0,0,0,0,0,0,0,0,0,0,0,0,0,0,0,1,Ottawa Charge,OTT,Ottawa,Charge,5,1,0,0,0,0,0,0,PWHL,2092,34:52,1,exhibition,288,NA,NA,NA,NA,NA,NA,NA,NA,NA,NA,NA,NA,NA,NA,NA,NA,NA,NA,NA,NA,NA
7,Total,Total,0,0,NA,2025,2,NA,9,0,2,0,0,-1,0,0,0,0,0,0,0,0,0,0,0,0,0,0,0,0,0,1,NA,NA,NA,NA,NA,NA,0,0,0,0,0,0,NA,2092,34:52,1,exhibition,288,NA,NA,NA,NA,NA,NA,NA,NA,NA,NA,NA,NA,NA,NA,NA,NA,NA,NA,NA,NA,NA
8,2025-26 Regular Season,2025-26 Reg,0,1,1,2025-11-21,2,NA,23,7,30,6,13,7,8,0,1,69,1,0,0,10.1,0,0.43,0,0,4,0,5,8,62.5,30,Ottawa Charge,OTT,Ottawa,Charge,5,1,1,2,2,1,1,0.266667,PWHL,29656,494:16,11,regular,241,NA,NA,NA,NA,NA,NA,NA,NA,NA,NA,NA,NA,NA,NA,NA,NA,NA,NA,NA,NA,NA
8,Total,Total,0,1,NA,2025,2,NA,23,7,30,6,13,7,8,0,1,69,1,0,0,10.1,0,0.43,0,0,4,0,5,8,62.5,30,NA,NA,NA,NA,NA,NA,1,2,2,1,1,0.27,NA,29656,494:16,11,regular,241,NA,NA,NA,NA,NA,NA,NA,NA,NA,NA,NA,NA,NA,NA,NA,NA,NA,NA,NA,NA,NA
9,2026 Playoffs,2026 Playoffs,1,1,1,2026-04-28,2,NA,23,2,8,2,4,2,2,1,0,14,0,0,0,14.3,0,0.5,0,0,0,0,2,4,50,8,Ottawa Charge,OTT,Ottawa,Charge,5,1,2,0,0,1,0,0.25,PWHL,9249,154:09,4,playoff,241,NA,NA,NA,NA,NA,NA,NA,NA,NA,NA,NA,NA,NA,NA,NA,NA,NA,NA,NA,NA,NA
9,Total,Total,1,1,NA,2026,2,NA,23,2,8,2,4,2,2,1,0,14,0,0,0,14.3,0,0.5,0,0,0,0,2,4,50,8,NA,NA,NA,NA,NA,NA,2,0,0,1,0,0.25,NA,9249,154:09,4,playoff,241,NA,NA,NA,NA,NA,NA,NA,NA,NA,NA,NA,NA,NA,NA,NA,NA,NA,NA,NA,NA,NA
7,2025-26 Preseason,2025-26 Preseason,0,0,1,2025-07-16,2,NA,23,0,2,0,0,1,0,0,0,3,0,0,0,0,0,0,0,0,0,0,0,0,0,1,Ottawa Charge,OTT,Ottawa,Charge,5,1,0,0,0,0,0,0,PWHL,1560,26:00,0,exhibition,241,NA,NA,NA,NA,NA,NA,NA,NA,NA,NA,NA,NA,NA,NA,NA,NA,NA,NA,NA,NA,NA
7,Total,Total,0,0,NA,2025,2,NA,23,0,2,0,0,1,0,0,0,3,0,0,0,0,0,0,0,0,0,0,0,0,0,1,NA,NA,NA,NA,NA,NA,0,0,0,0,0,0,NA,1560,26:00,0,exhibition,241,NA,NA,NA,NA,NA,NA,NA,NA,NA,NA,NA,NA,NA,NA,NA,NA,NA,NA,NA,NA,NA
8,2025-26 Regular Season,2025-26 Reg,0,1,1,2025-11-21,2,NA,29,2,30,7,9,3,31,0,0,45,0,0,0,4.4,0,0.3,1,0,0,0,6,19,31.6,33,Ottawa Charge,OTT,Ottawa,Charge,5,1,0,2,0,0,0,1.033333,PWHL,24513,408:33,11,regular,286,NA,NA,NA,NA,NA,NA,NA,NA,NA,NA,NA,NA,NA,NA,NA,NA,NA,NA,NA,NA,NA
8,Total,Total,0,1,NA,2025,2,NA,29,2,30,7,9,3,31,0,0,45,0,0,0,4.4,0,0.3,1,0,0,0,6,19,31.6,33,NA,NA,NA,NA,NA,NA,0,2,0,0,0,1.03,NA,24513,408:33,11,regular,286,NA,NA,NA,NA,NA,NA,NA,NA,NA,NA,NA,NA,NA,NA,NA,NA,NA,NA,NA,NA,NA
9,2026 Playoffs,2026 Playoffs,1,1,1,2026-04-28,2,NA,29,1,8,0,1,-2,2,0,0,14,0,0,0,7.1,0,0.13,0,0,0,0,0,0,0,13,Ottawa Charge,OTT,Ottawa,Charge,5,1,0,0,0,0,0,0.25,PWHL,8345,139:05,4,playoff,286,NA,NA,NA,NA,NA,NA,NA,NA,NA,NA,NA,NA,NA,NA,NA,NA,NA,NA,NA,NA,NA
9,Total,Total,1,1,NA,2026,2,NA,29,1,8,0,1,-2,2,0,0,14,0,0,0,7.1,0,0.12,0,0,0,0,0,0,0,13,NA,NA,NA,NA,NA,NA,0,0,0,0,0,0.25,NA,8345,139:05,4,playoff,286,NA,NA,NA,NA,NA,NA,NA,NA,NA,NA,NA,NA,NA,NA,NA,NA,NA,NA,NA,NA,NA
7,2025-26 Preseason,2025-26 Preseason,0,0,1,2025-06-01,2,NA,29,0,2,0,0,0,0,0,0,4,0,0,0,0,0,0,0,0,0,0,1,3,33.3,3,Ottawa Charge,OTT,Ottawa,Charge,5,1,0,0,0,0,0,0,PWHL,1483,24:43,1,exhibition,286,NA,NA,NA,NA,NA,NA,NA,NA,NA,NA,NA,NA,NA,NA,NA,NA,NA,NA,NA,NA,NA
7,Total,Total,0,0,NA,2025,2,NA,29,0,2,0,0,0,0,0,0,4,0,0,0,0,0,0,0,0,0,0,1,3,33.3,3,NA,NA,NA,NA,NA,NA,0,0,0,0,0,0,NA,1483,24:43,1,exhibition,286,NA,NA,NA,NA,NA,NA,NA,NA,NA,NA,NA,NA,NA,NA,NA,NA,NA,NA,NA,NA,NA
7,2025-26 Preseason,2025-26 Preseason,0,0,1,2025-06-23,2,NA,42,0,1,0,0,0,0,0,0,0,0,0,0,0,0,0,0,0,0,0,0,0,0,0,Ottawa Charge,OTT,Ottawa,Charge,5,1,0,0,0,0,0,0,PWHL,836,13:56,0,exhibition,235,NA,NA,NA,NA,NA,NA,NA,NA,NA,NA,NA,NA,NA,NA,NA,NA,NA,NA,NA,NA,NA
7,Total,Total,0,0,NA,2025,2,NA,42,0,1,0,0,0,0,0,0,0,0,0,0,0,0,0,0,0,0,0,0,0,0,0,NA,NA,NA,NA,NA,NA,0,0,0,0,0,0,NA,836,13:56,0,exhibition,235,NA,NA,NA,NA,NA,NA,NA,NA,NA,NA,NA,NA,NA,NA,NA,NA,NA,NA,NA,NA,NA
8,2025-26 Regular Season,2025-26 Reg,0,1,1,2025-11-21,2,NA,71,10,28,2,12,0,14,2,1,48,3,1,33.3,20.8,0,0.43,0,0,2,0,1,4,25,31,Ottawa Charge,OTT,Ottawa,Charge,5,1,4,0,0,0,0,0.5,PWHL,23422,390:22,10,regular,240,NA,NA,NA,NA,NA,NA,NA,NA,NA,NA,NA,NA,NA,NA,NA,NA,NA,NA,NA,NA,NA
8,Total,Total,0,1,NA,2025,2,NA,71,10,28,2,12,0,14,2,1,48,3,1,33.3,20.8,0,0.43,0,0,2,0,1,4,25,31,NA,NA,NA,NA,NA,NA,4,0,0,0,0,0.5,NA,23422,390:22,10,regular,240,NA,NA,NA,NA,NA,NA,NA,NA,NA,NA,NA,NA,NA,NA,NA,NA,NA,NA,NA,NA,NA
9,2026 Playoffs,2026 Playoffs,1,1,1,2026-04-28,2,NA,71,2,8,3,5,3,2,0,1,15,0,0,0,13.3,0,0.63,0,0,1,0,0,0,0,5,Ottawa Charge,OTT,Ottawa,Charge,5,1,1,0,0,0,0,0.25,PWHL,7414,123:34,2,playoff,240,NA,NA,NA,NA,NA,NA,NA,NA,NA,NA,NA,NA,NA,NA,NA,NA,NA,NA,NA,NA,NA
9,Total,Total,1,1,NA,2026,2,NA,71,2,8,3,5,3,2,0,1,15,0,0,0,13.3,0,0.62,0,0,1,0,0,0,0,5,NA,NA,NA,NA,NA,NA,1,0,0,0,0,0.25,NA,7414,123:34,2,playoff,240,NA,NA,NA,NA,NA,NA,NA,NA,NA,NA,NA,NA,NA,NA,NA,NA,NA,NA,NA,NA,NA
7,2025-26 Preseason,2025-26 Preseason,0,0,1,2025-07-16,2,NA,71,0,2,0,0,-1,0,0,0,2,0,0,0,0,0,0,0,0,0,0,0,0,0,2,Ottawa Charge,OTT,Ottawa,Charge,5,1,0,0,0,0,0,0,PWHL,1865,31:05,0,exhibition,240,NA,NA,NA,NA,NA,NA,NA,NA,NA,NA,NA,NA,NA,NA,NA,NA,NA,NA,NA,NA,NA
7,Total,Total,0,0,NA,2025,2,NA,71,0,2,0,0,-1,0,0,0,2,0,0,0,0,0,0,0,0,0,0,0,0,0,2,NA,NA,NA,NA,NA,NA,0,0,0,0,0,0,NA,1865,31:05,0,exhibition,240,NA,NA,NA,NA,NA,NA,NA,NA,NA,NA,NA,NA,NA,NA,NA,NA,NA,NA,NA,NA,NA
8,2025-26 Regular Season,2025-26 Reg,0,1,1,2025-11-21,1,*,97,1,12,3,4,-3,4,0,1,12,0,0,0,8.3,0,0.33,0,0,0,0,0,7,0,1,Ottawa Charge,OTT,Ottawa,Charge,5,0,0,0,0,0,0,0.333333,PWHL,7692,128:12,1,regular,239,NA,NA,NA,NA,NA,NA,NA,NA,NA,NA,NA,NA,NA,NA,NA,NA,NA,NA,NA,NA,NA
8,2025-26 Regular Season,2025-26 Reg,0,1,1,2026-01-18,1,*,97,1,16,0,1,-1,4,1,0,7,0,0,0,14.3,0,0.06,0,0,0,0,0,4,0,6,Vancouver Goldeneyes,VAN,Vancouver,Goldeneyes,9,1,1,0,0,1,0,0.25,PWHL,5402,90:02,3,regular,239,NA,NA,NA,NA,NA,NA,NA,NA,NA,NA,NA,NA,NA,NA,NA,NA,NA,NA,NA,NA,NA
16,Total,Total,0,2,NA,4051,2,NA,194,2,28,3,5,-4,8,1,1,19,0,0,0,10.5,0,0.18,0,0,0,0,0,11,0,7,NA,NA,NA,NA,NA,NA,1,0,0,1,0,0.29,NA,13094,218:14,4,regular,239,NA,NA,NA,NA,NA,NA,NA,NA,NA,NA,NA,NA,NA,NA,NA,NA,NA,NA,NA,NA,NA
7,2025-26 Preseason,2025-26 Preseason,0,0,1,2025-07-16,2,NA,97,0,2,0,0,-3,0,0,0,4,0,0,0,0,0,0,0,0,0,0,1,3,33.3,1,Ottawa Charge,OTT,Ottawa,Charge,5,1,0,0,0,0,0,0,PWHL,2319,38:39,0,exhibition,239,NA,NA,NA,NA,NA,NA,NA,NA,NA,NA,NA,NA,NA,NA,NA,NA,NA,NA,NA,NA,NA
7,Total,Total,0,0,NA,2025,2,NA,97,0,2,0,0,-3,0,0,0,4,0,0,0,0,0,0,0,0,0,0,1,3,33.3,1,NA,NA,NA,NA,NA,NA,0,0,0,0,0,0,NA,2319,38:39,0,exhibition,239,NA,NA,NA,NA,NA,NA,NA,NA,NA,NA,NA,NA,NA,NA,NA,NA,NA,NA,NA,NA,NA
8,2025-26 Regular Season,2025-26 Reg,0,1,1,2025-11-21,2,NA,28,0,20,3,3,-2,0,0,1,32,0,0,0,0,0,0.15,0,0,0,0,0,0,0,11,Vancouver Goldeneyes,VAN,Vancouver,Goldeneyes,9,1,0,0,0,0,0,0,PWHL,14957,249:17,11,regular,305,NA,NA,NA,NA,NA,NA,NA,NA,NA,NA,NA,NA,NA,NA,NA,NA,NA,NA,NA,NA,NA
8,Total,Total,0,1,NA,2025,2,NA,28,0,20,3,3,-2,0,0,1,32,0,0,0,0,0,0.15,0,0,0,0,0,0,0,11,NA,NA,NA,NA,NA,NA,0,0,0,0,0,0,NA,14957,249:17,11,regular,305,NA,NA,NA,NA,NA,NA,NA,NA,NA,NA,NA,NA,NA,NA,NA,NA,NA,NA,NA,NA,NA
8,2025-26 Regular Season,2025-26 Reg,0,1,1,2025-11-21,2,NA,2,0,16,0,0,-3,0,0,0,11,0,0,0,0,0,0,0,0,0,0,0,0,0,7,New York Sirens,NY,New York,Sirens,4,1,0,0,0,0,0,0,PWHL,4855,80:55,4,regular,251,NA,NA,NA,NA,NA,NA,NA,NA,NA,NA,NA,NA,NA,NA,NA,NA,NA,NA,NA,NA,NA
8,Total,Total,0,1,NA,2025,2,NA,2,0,16,0,0,-3,0,0,0,11,0,0,0,0,0,0,0,0,0,0,0,0,0,7,NA,NA,NA,NA,NA,NA,0,0,0,0,0,0,NA,4855,80:55,4,regular,251,NA,NA,NA,NA,NA,NA,NA,NA,NA,NA,NA,NA,NA,NA,NA,NA,NA,NA,NA,NA,NA
1,2024 Regular Season,2024 Reg,0,1,1,2023-12-12,2,,9,1,9,0,1,3,6,0,0,4,0,0,0.0,25.0,0,0.11,0,0,0,0,0,0,0.0,0,PWHL Minnesota,MIN,Minnesota,Minnesota,2,0,1,0,0,0,0,0.666667,PWHL,6314,105:14,0,regular,117,NA,NA,NA,NA,NA,NA,NA,NA,NA,NA,NA,NA,NA,NA,NA,NA,NA,NA,NA,NA,NA
1,2024 Regular Season,2024 Reg,0,1,1,2024-02-11,1,*,18,1,9,0,1,0,2,0,0,6,0,0,0.0,16.7,0,0.11,0,0,0,0,2,2,100.0,3,PWHL Boston,BOS,Boston,Boston,1,1,0,0,0,0,0,0.222222,PWHL,2968,49:28,1,regular,117,NA,NA,NA,NA,NA,NA,NA,NA,NA,NA,NA,NA,NA,NA,NA,NA,NA,NA,NA,NA,NA
2,Total,Total,0,2,NA,4047,3,NA,27,2,18,0,2,3,8,0,0,10,0,0,0.0,20.0,0,0.11,0,0,0,0,2,2,100.0,3,NA,NA,NA,NA,NA,NA,1,0,0,0,0,0.44,NA,9282,154:42,1,regular,117,NA,NA,NA,NA,NA,NA,NA,NA,NA,NA,NA,NA,NA,NA,NA,NA,NA,NA,NA,NA,NA
3,2024 Playoffs,2024 Playoffs,1,1,1,2024-05-06,1,*,18,0,2,0,0,0,0,0,0,0,0,0,0.0,0.0,0,0.00,0,0,0,0,0,1,0.0,0,PWHL Boston,BOS,Boston,Boston,1,1,0,0,0,0,0,0,PWHL,0,0:00,0,playoff,117,NA,NA,NA,NA,NA,NA,NA,NA,NA,NA,NA,NA,NA,NA,NA,NA,NA,NA,NA,NA,NA
3,Total,Total,1,1,NA,2024,1,NA,18,0,2,0,0,0,0,0,0,0,0,0,0.0,0.0,0,0.00,0,0,0,0,0,1,0.0,0,NA,NA,NA,NA,NA,NA,0,0,0,0,0,0.00,NA,0,0:00,0,playoff,117,NA,NA,NA,NA,NA,NA,NA,NA,NA,NA,NA,NA,NA,NA,NA,NA,NA,NA,NA,NA,NA
2,2024 Preseason,2024 Preseason,0,0,1,2023-12-04,2,,9,0,2,0,0,0,0,0,0,3,0,0,0.0,0.0,0,0.00,0,0,0,0,0,0,0.0,0,PWHL Minnesota,MIN,Minnesota,PWHL Minnesota,2,1,0,0,0,0,0,0,PWHL,0,0:00,0,exhibition,117,NA,NA,NA,NA,NA,NA,NA,NA,NA,NA,NA,NA,NA,NA,NA,NA,NA,NA,NA,NA,NA
2,Total,Total,0,0,NA,2023,2,NA,9,0,2,0,0,0,0,0,0,3,0,0,0.0,0.0,0,0.00,0,0,0,0,0,0,0.0,0,NA,NA,NA,NA,NA,NA,0,0,0,0,0,0.00,NA,0,0:00,0,exhibition,117,NA,NA,NA,NA,NA,NA,NA,NA,NA,NA,NA,NA,NA,NA,NA,NA,NA,NA,NA,NA,NA
8,2025-26 Regular Season,2025-26 Reg,0,1,NA,2025-11-21,2,,NA,0,16,0,0,NA,0,NA,NA,NA,NA,NA,NA,NA,NA,NA,NA,NA,NA,NA,NA,NA,NA,NA,Minnesota Frost,MIN,Minnesota,Frost,2,NA,NA,NA,NA,NA,NA,NA,PWHL,NA,NA,NA,regular,123,33,0,0,2.04,972,58299,419,9,5,0,2,7,0,2,0.000,0,1,386,0.921,23.0,2.04
5,2024-25 Regular Season,2024-25 Reg,0,1,NA,2024-11-25,2,,NA,0,19,0,0,NA,0,NA,NA,NA,NA,NA,NA,NA,NA,NA,NA,NA,NA,NA,NA,NA,NA,NA,Minnesota Frost,MIN,Minnesota,Frost,2,NA,NA,NA,NA,NA,NA,NA,PWHL,NA,NA,NA,regular,123,39,5,10,2.07,1129,67752,418,8,7,0,1,8,2,3,0.667,15,2,379,0.907,20.0,2.07
1,2024 Regular Season,2024 Reg,0,1,NA,2023-12-12,2,,NA,0,10,0,0,NA,0,NA,NA,NA,NA,NA,NA,NA,NA,NA,NA,NA,NA,NA,NA,NA,NA,NA,PWHL Minnesota,MIN,Minnesota,Minnesota,2,NA,NA,NA,NA,NA,NA,NA,PWHL,NA,NA,NA,regular,123,21,1,2,2.08,606,36334,246,5,3,0,2,5,0,2,0.667,3,2,225,0.915,22.0,2.08
14,Total,Total,0,3,NA,6072,6,NA,NA,0,45,0,0,NA,0,NA,NA,NA,NA,NA,NA,NA,NA,NA,NA,NA,NA,NA,NA,NA,NA,NA,NA,NA,NA,NA,NA,NA,NA,NA,NA,NA,NA,NA,NA,NA,NA,NA,regular,123,93,6,12,2.06,2707,162385,1083,22,15,0,5,20,2,7,0.667,18,5,990,0.914,21.9,2.06
9,2026 Playoffs,2026 Playoffs,1,1,NA,2026-04-28,2,,NA,0,5,1,1,NA,0,NA,NA,NA,NA,NA,NA,NA,NA,NA,NA,NA,NA,NA,NA,NA,NA,NA,Minnesota Frost,MIN,Minnesota,Frost,2,NA,NA,NA,NA,NA,NA,NA,PWHL,NA,NA,NA,playoff,123,10,0,0,1.74,344,20654,143,2,2,0,1,3,0,1,0.000,0,0,133,0.930,23.0,1.74
6,2025 Playoffs,2025 Playoffs,1,1,NA,2025-05-06,2,,NA,0,5,0,0,NA,0,NA,NA,NA,NA,NA,NA,NA,NA,NA,NA,NA,NA,NA,NA,NA,NA,NA,Minnesota Frost,MIN,Minnesota,Frost,2,NA,NA,NA,NA,NA,NA,NA,PWHL,NA,NA,NA,playoff,123,11,0,0,1.75,377,22592,161,5,0,0,0,0,0,0,0.000,0,0,150,0.932,23.0,1.75
3,2024 Playoffs,2024 Playoffs,1,1,NA,2024-05-06,2,,NA,0,5,0,0,NA,0,NA,NA,NA,NA,NA,NA,NA,NA,NA,NA,NA,NA,NA,NA,NA,NA,NA,PWHL Minnesota,MIN,Minnesota,Minnesota,2,NA,NA,NA,NA,NA,NA,NA,PWHL,NA,NA,NA,playoff,123,6,0,0,1.12,322,19332,116,3,2,0,0,2,0,0,0.000,0,2,110,0.948,20.0,1.12
18,Total,Total,1,3,NA,6075,6,NA,NA,0,15,1,1,NA,0,NA,NA,NA,NA,NA,NA,NA,NA,NA,NA,NA,NA,NA,NA,NA,NA,NA,NA,NA,NA,NA,NA,NA,NA,NA,NA,NA,NA,NA,NA,NA,NA,NA,playoff,123,27,0,0,1.55,1043,62578,420,10,4,0,1,5,0,1,0.000,0,2,393,0.936,22.6,1.55
7,2025-26 Preseason,2025-26 Preseason,0,0,NA,2025-06-18,2,,NA,0,1,0,0,NA,0,NA,NA,NA,NA,NA,NA,NA,NA,NA,NA,NA,NA,NA,NA,NA,NA,NA,Minnesota Frost,MIN,Minnesota,Frost,2,NA,NA,NA,NA,NA,NA,NA,PWHL,NA,NA,NA,exhibition,123,3,0,0,4.50,40,2400,20,0,1,0,0,1,0,0,0.000,0,0,17,0.850,25.0,4.50
4,2024-25 Preseason,2024-25 Preseason,0,0,NA,2024-11-01,2,,NA,0,1,0,0,NA,0,NA,NA,NA,NA,NA,NA,NA,NA,NA,NA,NA,NA,NA,NA,NA,NA,NA,Minnesota Frost,MIN,Minnesota,Frost,2,NA,NA,NA,NA,NA,NA,NA,PWHL,NA,NA,NA,exhibition,123,1,0,0,1.50,40,2400,16,1,0,0,0,0,0,0,0.000,0,0,15,0.938,22.0,1.50
2,2024 Preseason,2024 Preseason,0,0,NA,2023-12-04,2,,NA,0,1,0,0,NA,0,NA,NA,NA,NA,NA,NA,NA,NA,NA,NA,NA,NA,NA,NA,NA,NA,NA,PWHL Minnesota,MIN,Minnesota,PWHL Minnesota,2,NA,NA,NA,NA,NA,NA,NA,PWHL,NA,NA,NA,exhibition,123,1,2,2,1.59,38,2266,27,1,0,0,0,0,0,0,0.500,4,0,26,0.963,41.0,1.59
13,Total,Total,0,0,NA,6072,6,NA,NA,0,3,0,0,NA,0,NA,NA,NA,NA,NA,NA,NA,NA,NA,NA,NA,NA,NA,NA,NA,NA,NA,NA,NA,NA,NA,NA,NA,NA,NA,NA,NA,NA,NA,NA,NA,NA,NA,exhibition,123,5,2,2,2.55,118,7066,63,2,1,0,0,1,0,0,0.500,4,0,58,0.921,29.6,2.55
8,2025-26 Regular Season,2025-26 Reg,0,1,1,2025-11-21,2,,18,0,3,0,0,0,0,0,0,1,0,0,0.0,0.0,0,0.00,0,0,0,0,0,0,0.0,0,Vancouver Goldeneyes,VAN,Vancouver,Goldeneyes,9,1,0,0,0,0,0,0,PWHL,1029,17:09,1,regular,140,NA,NA,NA,NA,NA,NA,NA,NA,NA,NA,NA,NA,NA,NA,NA,NA,NA,NA,NA,NA,NA
1,2024 Regular Season,2024 Reg,0,1,1,2023-12-13,2,,18,0,2,0,0,0,0,0,0,1,0,0,0.0,0.0,0,0.00,0,0,0,0,1,1,100.0,0,PWHL Ottawa,OTT,Ottawa,Ottawa,5,1,0,0,0,0,0,0,PWHL,138,2:18,0,regular,140,NA,NA,NA,NA,NA,NA,NA,NA,NA,NA,NA,NA,NA,NA,NA,NA,NA,NA,NA,NA,NA
9,Total,Total,0,2,NA,4048,4,NA,36,0,5,0,0,0,0,0,0,2,0,0,0.0,0.0,0,0.00,0,0,0,0,1,1,100.0,0,NA,NA,NA,NA,NA,NA,0,0,0,0,0,0.00,NA,1167,19:27,1,regular,140,NA,NA,NA,NA,NA,NA,NA,NA,NA,NA,NA,NA,NA,NA,NA,NA,NA,NA,NA,NA,NA
7,2025-26 Preseason,2025-26 Preseason,0,0,1,2025-06-01,2,,18,2,2,0,2,1,0,0,0,4,0,0,0.0,50.0,0,1.00,0,0,1,0,0,0,0.0,3,Vancouver Goldeneyes,VAN,Vancouver,Goldeneyes,9,1,1,0,0,0,0,0,PWHL,1568,26:08,2,exhibition,140,NA,NA,NA,NA,NA,NA,NA,NA,NA,NA,NA,NA,NA,NA,NA,NA,NA,NA,NA,NA,NA
2,2024 Preseason,2024 Preseason,0,0,1,2023-12-04,2,,18,0,2,0,0,1,4,0,0,4,1,0,0.0,0.0,0,0.00,0,0,0,0,0,0,0.0,0,PWHL Ottawa,OTT,Ottawa,PWHL Ottawa,5,1,0,0,0,0,0,2.000000,PWHL,0,0:00,0,exhibition,140,NA,NA,NA,NA,NA,NA,NA,NA,NA,NA,NA,NA,NA,NA,NA,NA,NA,NA,NA,NA,NA
9,Total,Total,0,0,NA,4048,4,NA,36,2,4,0,2,2,4,0,0,8,1,0,0.0,25.0,0,0.50,0,0,1,0,0,0,0.0,3,NA,NA,NA,NA,NA,NA,1,0,0,0,0,1.00,NA,1568,26:08,2,exhibition,140,NA,NA,NA,NA,NA,NA,NA,NA,NA,NA,NA,NA,NA,NA,NA,NA,NA,NA,NA,NA,NA
1,2024 Regular Season,2024 Reg,0,1,1,2023-12-13,2,,74,0,1,0,0,0,0,0,0,0,0,0,0.0,0.0,0,0.00,0,0,0,0,0,0,0.0,0,PWHL New York,NY,New York,New York,4,1,0,0,0,0,0,0,PWHL,0,0:00,0,regular,153,NA,NA,NA,NA,NA,NA,NA,NA,NA,NA,NA,NA,NA,NA,NA,NA,NA,NA,NA,NA,NA
1,Total,Total,0,1,NA,2023,2,NA,74,0,1,0,0,0,0,0,0,0,0,0,0.0,0.0,0,0.00,0,0,0,0,0,0,0.0,0,NA,NA,NA,NA,NA,NA,0,0,0,0,0,0.00,NA,0,0:00,0,regular,153,NA,NA,NA,NA,NA,NA,NA,NA,NA,NA,NA,NA,NA,NA,NA,NA,NA,NA,NA,NA,NA
2,2024 Preseason,2024 Preseason,0,0,1,2023-12-04,2,,74,0,2,0,0,1,2,0,0,0,0,0,0.0,0.0,0,0.00,0,0,0,0,0,0,0.0,0,PWHL New York,NY,New York,PWHL New York,4,1,0,0,0,0,0,1.000000,PWHL,0,0:00,0,exhibition,153,NA,NA,NA,NA,NA,NA,NA,NA,NA,NA,NA,NA,NA,NA,NA,NA,NA,NA,NA,NA,NA
2,Total,Total,0,0,NA,2023,2,NA,74,0,2,0,0,1,2,0,0,0,0,0,0.0,0.0,0,0.00,0,0,0,0,0,0,0.0,0,NA,NA,NA,NA,NA,NA,0,0,0,0,0,1.00,NA,0,0:00,0,exhibition,153,NA,NA,NA,NA,NA,NA,NA,NA,NA,NA,NA,NA,NA,NA,NA,NA,NA,NA,NA,NA,NA
1,2024 Regular Season,2024 Reg,0,1,NA,2023-12-13,2,,NA,0,2,0,0,NA,0,NA,NA,NA,NA,NA,NA,NA,NA,NA,NA,NA,NA,NA,NA,NA,NA,NA,PWHL New York,NY,New York,New York,4,NA,NA,NA,NA,NA,NA,NA,PWHL,NA,NA,NA,regular,154,2,0,0,1.61,75,4471,37,1,0,0,0,0,0,0,0.000,0,0,35,0.946,28.0,1.61
1,Total,Total,0,1,NA,2023,2,NA,NA,0,2,0,0,NA,0,NA,NA,NA,NA,NA,NA,NA,NA,NA,NA,NA,NA,NA,NA,NA,NA,NA,NA,NA,NA,NA,NA,NA,NA,NA,NA,NA,NA,NA,NA,NA,NA,NA,regular,154,2,0,0,1.61,75,4471,37,1,0,0,0,0,0,0,0.000,0,0,35,0.946,28.2,1.61
2,2024 Preseason,2024 Preseason,0,0,NA,2023-12-04,2,,NA,0,1,0,0,NA,0,NA,NA,NA,NA,NA,NA,NA,NA,NA,NA,NA,NA,NA,NA,NA,NA,NA,PWHL New York,NY,New York,PWHL New York,4,NA,NA,NA,NA,NA,NA,NA,PWHL,NA,NA,NA,exhibition,154,4,1,4,3.69,65,3900,41,1,0,0,0,0,0,0,0.800,5,0,37,0.902,34.0,3.69
2,Total,Total,0,0,NA,2023,2,NA,NA,0,1,0,0,NA,0,NA,NA,NA,NA,NA,NA,NA,NA,NA,NA,NA,NA,NA,NA,NA,NA,NA,NA,NA,NA,NA,NA,NA,NA,NA,NA,NA,NA,NA,NA,NA,NA,NA,exhibition,154,4,1,4,3.69,65,3900,41,1,0,0,0,0,0,0,0.800,5,0,37,0.902,34.2,3.69
8,2025-26 Regular Season,2025-26 Reg,0,1,NA,2025-11-21,2,,NA,0,17,0,0,NA,0,NA,NA,NA,NA,NA,NA,NA,NA,NA,NA,NA,NA,NA,NA,NA,NA,NA,Seattle Torrent,SEA,Seattle,Torrent,8,NA,NA,NA,NA,NA,NA,NA,PWHL,NA,NA,NA,regular,155,43,5,14,2.56,1009,60536,505,5,8,0,1,9,3,4,0.737,19,0,462,0.915,27.0,2.56
5,2024-25 Regular Season,2024-25 Reg,0,1,NA,2024-11-25,2,,NA,0,20,0,0,NA,0,NA,NA,NA,NA,NA,NA,NA,NA,NA,NA,NA,NA,NA,NA,NA,NA,NA,New York Sirens,NY,New York,Sirens,4,NA,NA,NA,NA,NA,NA,NA,PWHL,NA,NA,NA,regular,155,47,4,7,2.43,1162,69731,577,10,8,0,1,9,1,2,0.636,11,4,530,0.919,27.0,2.43
1,2024 Regular Season,2024 Reg,0,1,NA,2023-12-13,2,,NA,0,15,0,0,NA,0,NA,NA,NA,NA,NA,NA,NA,NA,NA,NA,NA,NA,NA,NA,NA,NA,NA,PWHL New York,NY,New York,New York,4,NA,NA,NA,NA,NA,NA,NA,PWHL,NA,NA,NA,regular,155,36,2,3,2.40,901,54084,511,7,7,0,0,7,1,1,0.600,5,1,475,0.930,31.0,2.40
14,Total,Total,0,3,NA,6072,6,NA,NA,0,52,0,0,NA,0,NA,NA,NA,NA,NA,NA,NA,NA,NA,NA,NA,NA,NA,NA,NA,NA,NA,NA,NA,NA,NA,NA,NA,NA,NA,NA,NA,NA,NA,NA,NA,NA,NA,regular,155,126,11,24,2.46,3072,184351,1593,22,23,0,2,25,5,7,0.686,35,5,1467,0.921,28.6,2.46
7,2025-26 Preseason,2025-26 Preseason,0,0,NA,2025-06-13,2,,NA,0,1,0,0,NA,0,NA,NA,NA,NA,NA,NA,NA,NA,NA,NA,NA,NA,NA,NA,NA,NA,NA,Seattle Torrent,SEA,Seattle,Torrent,8,NA,NA,NA,NA,NA,NA,NA,PWHL,NA,NA,NA,exhibition,155,2,0,0,3.00,40,2400,14,0,1,0,0,1,0,0,0.000,0,0,12,0.857,18.0,3.00
4,2024-25 Preseason,2024-25 Preseason,0,0,NA,2024-11-01,2,,NA,0,1,0,0,NA,0,NA,NA,NA,NA,NA,NA,NA,NA,NA,NA,NA,NA,NA,NA,NA,NA,NA,New York Sirens,NY,New York,Sirens,4,NA,NA,NA,NA,NA,NA,NA,PWHL,NA,NA,NA,exhibition,155,4,0,0,3.89,62,3705,23,0,0,0,1,1,0,1,0.000,0,0,19,0.826,18.0,3.89
2,2024 Preseason,2024 Preseason,0,0,NA,2023-12-04,2,,NA,0,1,0,0,NA,0,NA,NA,NA,NA,NA,NA,NA,NA,NA,NA,NA,NA,NA,NA,NA,NA,NA,PWHL New York,NY,New York,PWHL New York,4,NA,NA,NA,NA,NA,NA,NA,PWHL,NA,NA,NA,exhibition,155,1,1,2,0.92,65,3900,41,1,0,0,0,0,0,0,0.667,3,0,40,0.976,36.0,0.92
13,Total,Total,0,0,NA,6072,6,NA,NA,0,3,0,0,NA,0,NA,NA,NA,NA,NA,NA,NA,NA,NA,NA,NA,NA,NA,NA,NA,NA,NA,NA,NA,NA,NA,NA,NA,NA,NA,NA,NA,NA,NA,NA,NA,NA,NA,exhibition,155,7,1,2,2.52,167,10005,78,1,1,0,1,2,0,1,0.667,3,0,71,0.910,25.5,2.52
5,2024-25 Regular Season,2024-25 Reg,0,1,1,2024-11-25,1,*,8,0,9,0,0,-1,9,0,0,7,0,0,0.0,0.0,0,0.00,0,0,0,0,4,15,26.7,11,Boston Fleet,BOS,Boston,Fleet,1,1,0,0,0,0,0,1.000000,PWHL,4288,71:28,2,regular,175,NA,NA,NA,NA,NA,NA,NA,NA,NA,NA,NA,NA,NA,NA,NA,NA,NA,NA,NA,NA,NA
1,2024 Regular Season,2024 Reg,0,1,1,2024-03-20,2,,55,0,4,1,1,0,2,0,0,1,0,0,0.0,0.0,0,0.25,0,0,0,0,0,0,0.0,0,PWHL Boston,BOS,Boston,Boston,1,0,0,0,0,0,0,0.500000,PWHL,1011,16:51,0,regular,175,NA,NA,NA,NA,NA,NA,NA,NA,NA,NA,NA,NA,NA,NA,NA,NA,NA,NA,NA,NA,NA
6,Total,Total,0,2,NA,4048,3,NA,63,0,13,1,1,-1,11,0,0,8,0,0,0.0,0.0,0,0.08,0,0,0,0,4,15,26.7,11,NA,NA,NA,NA,NA,NA,0,0,0,0,0,0.85,NA,5299,88:19,2,regular,175,NA,NA,NA,NA,NA,NA,NA,NA,NA,NA,NA,NA,NA,NA,NA,NA,NA,NA,NA,NA,NA
3,2024 Playoffs,2024 Playoffs,1,1,1,2024-05-06,2,,55,0,8,0,0,-1,4,0,0,7,0,0,0.0,0.0,0,0.00,0,0,0,0,1,1,100.0,3,PWHL Boston,BOS,Boston,Boston,1,1,0,0,0,0,0,0.500000,PWHL,2770,46:10,3,playoff,175,NA,NA,NA,NA,NA,NA,NA,NA,NA,NA,NA,NA,NA,NA,NA,NA,NA,NA,NA,NA,NA
3,Total,Total,1,1,NA,2024,2,NA,55,0,8,0,0,-1,4,0,0,7,0,0,0.0,0.0,0,0.00,0,0,0,0,1,1,100.0,3,NA,NA,NA,NA,NA,NA,0,0,0,0,0,0.50,NA,2770,46:10,3,playoff,175,NA,NA,NA,NA,NA,NA,NA,NA,NA,NA,NA,NA,NA,NA,NA,NA,NA,NA,NA,NA,NA
7,2025-26 Preseason,2025-26 Preseason,0,0,1,2025-10-16,1,*,88,0,1,0,0,-1,0,0,0,0,0,0,0.0,0.0,0,0.00,0,0,0,0,3,4,75.0,3,Boston Fleet,BOS,Boston,Fleet,1,1,0,0,0,0,0,0,PWHL,491,8:11,1,exhibition,175,NA,NA,NA,NA,NA,NA,NA,NA,NA,NA,NA,NA,NA,NA,NA,NA,NA,NA,NA,NA,NA
4,2024-25 Preseason,2024-25 Preseason,0,0,1,2024-11-01,1,*,8,0,1,0,0,1,0,0,0,1,0,0,0.0,0.0,0,0.00,0,0,0,0,0,0,0.0,0,Boston Fleet,BOS,Boston,Fleet,1,1,0,0,0,0,0,0,PWHL,376,6:16,0,exhibition,175,NA,NA,NA,NA,NA,NA,NA,NA,NA,NA,NA,NA,NA,NA,NA,NA,NA,NA,NA,NA,NA
11,Total,Total,0,0,NA,4049,2,NA,96,0,2,0,0,0,0,0,0,1,0,0,0.0,0.0,0,0.00,0,0,0,0,3,4,75.0,3,NA,NA,NA,NA,NA,NA,0,0,0,0,0,0.00,NA,867,14:27,1,exhibition,175,NA,NA,NA,NA,NA,NA,NA,NA,NA,NA,NA,NA,NA,NA,NA,NA,NA,NA,NA,NA,NA
5,2024-25 Regular Season,2024-25 Reg,0,1,NA,2024-11-25,2,,NA,0,6,0,0,NA,0,NA,NA,NA,NA,NA,NA,NA,NA,NA,NA,NA,NA,NA,NA,NA,NA,NA,Boston Fleet,BOS,Boston,Fleet,1,NA,NA,NA,NA,NA,NA,NA,PWHL,NA,NA,NA,regular,19,15,2,4,3.16,285,17092,129,1,2,0,1,3,0,1,0.667,6,0,114,0.884,24.0,3.16
1,2024 Regular Season,2024 Reg,0,1,NA,2023-11-01,2,,NA,0,8,0,0,NA,0,NA,NA,NA,NA,NA,NA,NA,NA,NA,NA,NA,NA,NA,NA,NA,NA,NA,PWHL Boston,BOS,Boston,Boston,1,NA,NA,NA,NA,NA,NA,NA,PWHL,NA,NA,NA,regular,19,17,0,0,2.54,401,24084,170,4,3,0,0,3,0,0,0.000,0,0,153,0.900,22.0,2.54
6,Total,Total,0,2,NA,4047,4,NA,NA,0,14,0,0,NA,0,NA,NA,NA,NA,NA,NA,NA,NA,NA,NA,NA,NA,NA,NA,NA,NA,NA,NA,NA,NA,NA,NA,NA,NA,NA,NA,NA,NA,NA,NA,NA,NA,NA,regular,19,32,2,4,2.80,686,41176,299,5,5,0,1,6,0,1,0.667,6,0,267,0.893,23.3,2.80
4,2024-25 Preseason,2024-25 Preseason,0,0,NA,2024-10-11,2,,NA,0,1,0,0,NA,0,NA,NA,NA,NA,NA,NA,NA,NA,NA,NA,NA,NA,NA,NA,NA,NA,NA,Boston Fleet,BOS,Boston,Fleet,1,NA,NA,NA,NA,NA,NA,NA,PWHL,NA,NA,NA,exhibition,19,0,0,0,0.00,29,1752,14,1,0,0,0,0,0,0,0.000,0,0,14,1.000,28.0,0.00
2,2024 Preseason,2024 Preseason,0,0,NA,2023-11-01,2,,NA,0,1,0,0,NA,0,NA,NA,NA,NA,NA,NA,NA,NA,NA,NA,NA,NA,NA,NA,NA,NA,NA,PWHL Boston,BOS,Boston,PWHL Boston,1,NA,NA,NA,NA,NA,NA,NA,PWHL,NA,NA,NA,exhibition,19,3,1,2,2.77,65,3900,39,0,0,0,1,1,0,1,0.667,3,0,36,0.923,33.0,2.77
6,Total,Total,0,0,NA,4047,4,NA,NA,0,2,0,0,NA,0,NA,NA,NA,NA,NA,NA,NA,NA,NA,NA,NA,NA,NA,NA,NA,NA,NA,NA,NA,NA,NA,NA,NA,NA,NA,NA,NA,NA,NA,NA,NA,NA,NA,exhibition,19,3,1,2,1.91,94,5652,53,1,0,0,1,1,0,1,0.667,3,0,50,0.943,31.8,1.91
8,2025-26 Regular Season,2025-26 Reg,0,1,NA,2025-11-21,2,,NA,0,13,0,0,NA,0,NA,NA,NA,NA,NA,NA,NA,NA,NA,NA,NA,NA,NA,NA,NA,NA,NA,Minnesota Frost,MIN,Minnesota,Frost,2,NA,NA,NA,NA,NA,NA,NA,PWHL,NA,NA,NA,regular,22,35,0,0,2.69,781,46849,382,7,4,0,2,6,0,2,0.000,0,1,347,0.908,26.0,2.69
5,2024-25 Regular Season,2024-25 Reg,0,1,NA,2024-11-25,2,,NA,0,11,0,0,NA,0,NA,NA,NA,NA,NA,NA,NA,NA,NA,NA,NA,NA,NA,NA,NA,NA,NA,Minnesota Frost,MIN,Minnesota,Frost,2,NA,NA,NA,NA,NA,NA,NA,PWHL,NA,NA,NA,regular,22,27,2,3,2.53,639,38366,270,7,3,0,1,4,0,1,0.600,5,1,243,0.900,22.0,2.53
1,2024 Regular Season,2024 Reg,0,1,NA,2023-11-01,2,,NA,0,14,1,1,NA,2,NA,NA,NA,NA,NA,NA,NA,NA,NA,NA,NA,NA,NA,NA,NA,NA,NA,PWHL Minnesota,MIN,Minnesota,Minnesota,2,NA,NA,NA,NA,NA,NA,NA,PWHL,NA,NA,NA,regular,22,31,1,3,2.19,849,50962,383,7,6,0,1,7,0,1,0.750,4,1,352,0.919,24.0,2.19
14,Total,Total,0,3,NA,6072,6,NA,NA,0,38,1,1,NA,2,NA,NA,NA,NA,NA,NA,NA,NA,NA,NA,NA,NA,NA,NA,NA,NA,NA,NA,NA,NA,NA,NA,NA,NA,NA,NA,NA,NA,NA,NA,NA,NA,NA,regular,22,93,3,6,2.46,2269,136177,1035,21,13,0,4,17,0,4,0.667,9,3,942,0.910,24.9,2.46
6,2025 Playoffs,2025 Playoffs,1,1,NA,2025-05-06,2,,NA,0,3,0,0,NA,0,NA,NA,NA,NA,NA,NA,NA,NA,NA,NA,NA,NA,NA,NA,NA,NA,NA,Minnesota Frost,MIN,Minnesota,Frost,2,NA,NA,NA,NA,NA,NA,NA,PWHL,NA,NA,NA,playoff,22,8,0,0,2.43,197,11832,85,1,1,0,1,2,0,1,0.000,0,0,77,0.906,23.0,2.43
3,2024 Playoffs,2024 Playoffs,1,1,NA,2024-05-06,2,,NA,0,5,0,0,NA,0,NA,NA,NA,NA,NA,NA,NA,NA,NA,NA,NA,NA,NA,NA,NA,NA,NA,PWHL Minnesota,MIN,Minnesota,Minnesota,2,NA,NA,NA,NA,NA,NA,NA,PWHL,NA,NA,NA,playoff,22,6,0,0,1.06,338,20309,109,3,1,0,1,2,0,1,0.000,0,2,103,0.945,18.0,1.06
9,Total,Total,1,2,NA,4049,4,NA,NA,0,8,0,0,NA,0,NA,NA,NA,NA,NA,NA,NA,NA,NA,NA,NA,NA,NA,NA,NA,NA,NA,NA,NA,NA,NA,NA,NA,NA,NA,NA,NA,NA,NA,NA,NA,NA,NA,playoff,22,14,0,0,1.57,535,32141,194,4,2,0,2,4,0,2,0.000,0,2,180,0.928,20.2,1.57
7,2025-26 Preseason,2025-26 Preseason,0,0,NA,2025-06-01,2,,NA,0,1,0,0,NA,0,NA,NA,NA,NA,NA,NA,NA,NA,NA,NA,NA,NA,NA,NA,NA,NA,NA,Minnesota Frost,MIN,Minnesota,Frost,2,NA,NA,NA,NA,NA,NA,NA,PWHL,NA,NA,NA,exhibition,22,0,0,0,0.00,40,2400,18,1,0,0,0,0,0,0,0.000,0,0,18,1.000,27.0,0.00
4,2024-25 Preseason,2024-25 Preseason,0,0,NA,2024-11-01,2,,NA,0,1,0,0,NA,0,NA,NA,NA,NA,NA,NA,NA,NA,NA,NA,NA,NA,NA,NA,NA,NA,NA,Minnesota Frost,MIN,Minnesota,Frost,2,NA,NA,NA,NA,NA,NA,NA,PWHL,NA,NA,NA,exhibition,22,1,0,0,1.86,32,1934,11,0,0,0,0,0,0,0,0.000,0,0,10,0.909,18.0,1.86
2,2024 Preseason,2024 Preseason,0,0,NA,2023-11-01,2,,NA,0,1,0,0,NA,0,NA,NA,NA,NA,NA,NA,NA,NA,NA,NA,NA,NA,NA,NA,NA,NA,NA,PWHL Minnesota,MIN,Minnesota,PWHL Minnesota,2,NA,NA,NA,NA,NA,NA,NA,PWHL,NA,NA,NA,exhibition,22,3,0,0,5.34,34,2024,17,0,0,0,0,0,0,0,0.000,0,0,14,0.824,24.0,5.34
13,Total,Total,0,0,NA,6072,6,NA,NA,0,3,0,0,NA,0,NA,NA,NA,NA,NA,NA,NA,NA,NA,NA,NA,NA,NA,NA,NA,NA,NA,NA,NA,NA,NA,NA,NA,NA,NA,NA,NA,NA,NA,NA,NA,NA,NA,exhibition,22,4,0,0,2.26,106,6358,46,1,0,0,0,0,0,0,0.000,0,0,42,0.913,23.8,2.26
8,2025-26 Regular Season,2025-26 Reg,0,1,NA,2025-11-21,2,,NA,0,25,1,1,NA,0,NA,NA,NA,NA,NA,NA,NA,NA,NA,NA,NA,NA,NA,NA,NA,NA,NA,Montréal Victoire,MTL,Montréal,Victoire,3,NA,NA,NA,NA,NA,NA,NA,PWHL,NA,NA,NA,regular,28,28,1,10,1.11,1509,90566,620,19,4,0,2,6,0,2,0.909,11,7,592,0.955,23.0,1.11
5,2024-25 Regular Season,2024-25 Reg,0,1,NA,2024-11-25,2,,NA,0,21,0,0,NA,6,NA,NA,NA,NA,NA,NA,NA,NA,NA,NA,NA,NA,NA,NA,NA,NA,NA,Montréal Victoire,MTL,Montréal,Victoire,3,NA,NA,NA,NA,NA,NA,NA,PWHL,NA,NA,NA,regular,28,38,3,11,1.86,1228,73697,556,15,2,0,1,3,1,2,0.786,14,0,518,0.932,25.0,1.86
1,2024 Regular Season,2024 Reg,0,1,NA,2023-11-01,2,,NA,0,16,0,0,NA,2,NA,NA,NA,NA,NA,NA,NA,NA,NA,NA,NA,NA,NA,NA,NA,NA,NA,PWHL Montreal,MTL,Montreal,Montreal,3,NA,NA,NA,NA,NA,NA,NA,PWHL,NA,NA,NA,regular,28,37,4,5,2.28,976,58533,478,7,5,0,2,7,2,4,0.556,9,1,441,0.923,27.0,2.28
14,Total,Total,0,3,NA,6072,6,NA,NA,0,62,1,1,NA,8,NA,NA,NA,NA,NA,NA,NA,NA,NA,NA,NA,NA,NA,NA,NA,NA,NA,NA,NA,NA,NA,NA,NA,NA,NA,NA,NA,NA,NA,NA,NA,NA,NA,regular,28,103,8,26,1.66,3713,222796,1654,41,11,0,5,16,3,8,0.765,34,8,1551,0.938,25.1,1.66
9,2026 Playoffs,2026 Playoffs,1,1,NA,2026-04-28,2,,NA,0,9,0,0,NA,0,NA,NA,NA,NA,NA,NA,NA,NA,NA,NA,NA,NA,NA,NA,NA,NA,NA,Montréal Victoire,MTL,Montréal,Victoire,3,NA,NA,NA,NA,NA,NA,NA,PWHL,NA,NA,NA,playoff,28,14,0,0,1.40,601,36053,248,6,2,0,1,3,0,1,0.000,0,2,234,0.944,23.0,1.40
6,2025 Playoffs,2025 Playoffs,1,1,NA,2025-05-06,2,,NA,0,4,0,0,NA,0,NA,NA,NA,NA,NA,NA,NA,NA,NA,NA,NA,NA,NA,NA,NA,NA,NA,Montréal Victoire,MTL,Montréal,Victoire,3,NA,NA,NA,NA,NA,NA,NA,PWHL,NA,NA,NA,playoff,28,8,0,0,1.55,311,18638,140,1,3,0,0,3,0,0,0.000,0,0,132,0.943,25.0,1.55
3,2024 Playoffs,2024 Playoffs,1,1,NA,2024-05-06,2,,NA,0,3,0,0,NA,0,NA,NA,NA,NA,NA,NA,NA,NA,NA,NA,NA,NA,NA,NA,NA,NA,NA,PWHL Montreal,MTL,Montreal,Montreal,3,NA,NA,NA,NA,NA,NA,NA,PWHL,NA,NA,NA,playoff,28,7,0,0,1.70,247,14831,102,0,0,0,3,3,0,3,0.000,0,0,95,0.931,23.0,1.70
18,Total,Total,1,3,NA,6075,6,NA,NA,0,16,0,0,NA,0,NA,NA,NA,NA,NA,NA,NA,NA,NA,NA,NA,NA,NA,NA,NA,NA,NA,NA,NA,NA,NA,NA,NA,NA,NA,NA,NA,NA,NA,NA,NA,NA,NA,playoff,28,29,0,0,1.50,1159,69522,490,7,5,0,4,9,0,4,0.000,0,2,461,0.941,23.9,1.50
7,2025-26 Preseason,2025-26 Preseason,0,0,NA,2025-06-01,2,,NA,0,1,0,0,NA,0,NA,NA,NA,NA,NA,NA,NA,NA,NA,NA,NA,NA,NA,NA,NA,NA,NA,Montréal Victoire,MTL,Montréal,Victoire,3,NA,NA,NA,NA,NA,NA,NA,PWHL,NA,NA,NA,exhibition,28,1,0,0,1.50,40,2398,22,0,0,0,0,0,0,0,0.000,0,0,21,0.955,31.0,1.50
4,2024-25 Preseason,2024-25 Preseason,0,0,NA,2024-11-01,2,,NA,0,1,0,0,NA,0,NA,NA,NA,NA,NA,NA,NA,NA,NA,NA,NA,NA,NA,NA,NA,NA,NA,Montréal Victoire,MTL,Montréal,Victoire,3,NA,NA,NA,NA,NA,NA,NA,PWHL,NA,NA,NA,exhibition,28,2,0,0,3.01,40,2394,24,0,1,0,0,1,0,0,0.000,0,0,22,0.917,33.0,3.01
2,2024 Preseason,2024 Preseason,0,0,NA,2023-11-01,2,,NA,0,1,0,0,NA,0,NA,NA,NA,NA,NA,NA,NA,NA,NA,NA,NA,NA,NA,NA,NA,NA,NA,PWHL Montreal,MON,Montreal,PWHL Montreal,3,NA,NA,NA,NA,NA,NA,NA,PWHL,NA,NA,NA,exhibition,28,1,3,0,0.92,65,3900,26,1,0,0,0,0,0,0,0.000,3,0,25,0.962,23.0,0.92
13,Total,Total,0,0,NA,6072,6,NA,NA,0,3,0,0,NA,0,NA,NA,NA,NA,NA,NA,NA,NA,NA,NA,NA,NA,NA,NA,NA,NA,NA,NA,NA,NA,NA,NA,NA,NA,NA,NA,NA,NA,NA,NA,NA,NA,NA,exhibition,28,4,3,0,1.66,145,8692,72,1,1,0,0,1,0,0,0.000,3,0,68,0.944,28.2,1.66
8,2025-26 Regular Season,2025-26 Reg,0,1,NA,2025-11-21,1,*,NA,0,3,0,0,NA,0,NA,NA,NA,NA,NA,NA,NA,NA,NA,NA,NA,NA,NA,NA,NA,NA,NA,Boston Fleet,BOS,Boston,Fleet,1,NA,NA,NA,NA,NA,NA,NA,PWHL,NA,NA,NA,regular,41,7,0,0,2.33,181,10838,96,1,1,0,1,2,0,1,0.000,0,0,89,0.927,29.0,2.33
5,2024-25 Regular Season,2024-25 Reg,0,1,NA,2024-11-25,2,,NA,0,2,0,0,NA,0,NA,NA,NA,NA,NA,NA,NA,NA,NA,NA,NA,NA,NA,NA,NA,NA,NA,New York Sirens,NY,New York,Sirens,4,NA,NA,NA,NA,NA,NA,NA,PWHL,NA,NA,NA,regular,41,5,0,0,3.90,77,4612,33,0,1,0,0,1,0,0,0.000,0,0,28,0.848,21.0,3.90
1,2024 Regular Season,2024 Reg,0,1,NA,2023-11-01,2,,NA,0,8,0,0,NA,0,NA,NA,NA,NA,NA,NA,NA,NA,NA,NA,NA,NA,NA,NA,NA,NA,NA,PWHL New York,NY,New York,New York,4,NA,NA,NA,NA,NA,NA,NA,PWHL,NA,NA,NA,regular,41,24,0,1,3.07,469,28159,254,1,5,0,2,7,0,2,1.000,1,0,230,0.906,29.0,3.07
14,Total,Total,0,3,NA,6072,5,NA,NA,0,13,0,0,NA,0,NA,NA,NA,NA,NA,NA,NA,NA,NA,NA,NA,NA,NA,NA,NA,NA,NA,NA,NA,NA,NA,NA,NA,NA,NA,NA,NA,NA,NA,NA,NA,NA,NA,regular,41,36,0,1,2.97,727,43609,383,2,7,0,3,10,0,3,1.000,1,0,347,0.906,28.6,2.97
7,2025-26 Preseason,2025-26 Preseason,0,0,NA,2025-06-23,1,*,NA,0,1,0,0,NA,0,NA,NA,NA,NA,NA,NA,NA,NA,NA,NA,NA,NA,NA,NA,NA,NA,NA,Boston Fleet,BOS,Boston,Fleet,1,NA,NA,NA,NA,NA,NA,NA,PWHL,NA,NA,NA,exhibition,41,3,0,0,2.88,63,3751,42,0,0,0,1,1,0,1,0.000,0,0,39,0.929,37.0,2.88
4,2024-25 Preseason,2024-25 Preseason,0,0,NA,2024-11-01,2,,NA,0,1,0,0,NA,0,NA,NA,NA,NA,NA,NA,NA,NA,NA,NA,NA,NA,NA,NA,NA,NA,NA,New York Sirens,NY,New York,Sirens,4,NA,NA,NA,NA,NA,NA,NA,PWHL,NA,NA,NA,exhibition,41,2,0,0,4.10,29,1755,15,0,0,0,0,0,0,0,0.000,0,0,13,0.867,26.0,4.10
2,2024 Preseason,2024 Preseason,0,0,NA,2023-11-01,2,,NA,0,1,0,0,NA,0,NA,NA,NA,NA,NA,NA,NA,NA,NA,NA,NA,NA,NA,NA,NA,NA,NA,PWHL New York,NY,New York,PWHL New York,4,NA,NA,NA,NA,NA,NA,NA,PWHL,NA,NA,NA,exhibition,41,0,3,2,0.00,65,3900,24,1,0,0,0,0,0,0,0.400,5,1,24,1.000,22.0,0.00
13,Total,Total,0,0,NA,6072,5,NA,NA,0,3,0,0,NA,0,NA,NA,NA,NA,NA,NA,NA,NA,NA,NA,NA,NA,NA,NA,NA,NA,NA,NA,NA,NA,NA,NA,NA,NA,NA,NA,NA,NA,NA,NA,NA,NA,NA,exhibition,41,5,3,2,1.91,157,9406,81,1,0,0,1,1,0,1,0.400,5,1,76,0.938,29.1,1.91
8,2025-26 Regular Season,2025-26 Reg,0,1,NA,2025-11-21,2,,NA,0,5,1,1,NA,0,NA,NA,NA,NA,NA,NA,NA,NA,NA,NA,NA,NA,NA,NA,NA,NA,NA,Montréal Victoire,MTL,Montréal,Victoire,3,NA,NA,NA,NA,NA,NA,NA,PWHL,NA,NA,NA,regular,48,13,3,3,2.62,298,17884,137,3,2,0,0,2,0,0,0.500,6,1,124,0.905,24.0,2.62
1,2024 Regular Season,2024 Reg,0,1,NA,2023-11-01,2,,NA,0,3,0,0,NA,0,NA,NA,NA,NA,NA,NA,NA,NA,NA,NA,NA,NA,NA,NA,NA,NA,NA,PWHL Ottawa,OTT,Ottawa,Ottawa,5,NA,NA,NA,NA,NA,NA,NA,PWHL,NA,NA,NA,regular,48,6,3,1,3.08,117,7002,69,0,0,0,0,0,1,1,0.250,4,0,63,0.913,32.0,3.08
9,Total,Total,0,2,NA,4048,4,NA,NA,0,8,1,1,NA,0,NA,NA,NA,NA,NA,NA,NA,NA,NA,NA,NA,NA,NA,NA,NA,NA,NA,NA,NA,NA,NA,NA,NA,NA,NA,NA,NA,NA,NA,NA,NA,NA,NA,regular,48,19,6,4,2.75,415,24886,206,3,2,0,0,2,1,1,0.400,10,1,187,0.908,27.1,2.75
7,2025-26 Preseason,2025-26 Preseason,0,0,NA,2025-06-20,2,,NA,0,1,0,0,NA,0,NA,NA,NA,NA,NA,NA,NA,NA,NA,NA,NA,NA,NA,NA,NA,NA,NA,Montréal Victoire,MTL,Montréal,Victoire,3,NA,NA,NA,NA,NA,NA,NA,PWHL,NA,NA,NA,exhibition,48,1,0,0,3.01,20,1196,9,1,0,0,0,0,0,0,0.000,0,0,8,0.889,24.0,3.01
4,2024-25 Preseason,2024-25 Preseason,0,0,NA,2024-11-01,2,,NA,0,1,0,0,NA,0,NA,NA,NA,NA,NA,NA,NA,NA,NA,NA,NA,NA,NA,NA,NA,NA,NA,Montréal Victoire,MTL,Montréal,Victoire,3,NA,NA,NA,NA,NA,NA,NA,PWHL,NA,NA,NA,exhibition,48,0,0,0,0.00,18,1069,7,0,0,0,0,0,0,0,0.000,0,0,7,1.000,23.0,0.00
2,2024 Preseason,2024 Preseason,0,0,NA,2023-11-01,2,,NA,0,1,0,0,NA,0,NA,NA,NA,NA,NA,NA,NA,NA,NA,NA,NA,NA,NA,NA,NA,NA,NA,PWHL Ottawa,OTT,Ottawa,PWHL Ottawa,5,NA,NA,NA,NA,NA,NA,NA,PWHL,NA,NA,NA,exhibition,48,7,2,2,6.46,65,3900,36,0,0,0,1,1,0,1,0.500,4,0,29,0.806,26.0,6.46
13,Total,Total,0,0,NA,6072,6,NA,NA,0,3,0,0,NA,0,NA,NA,NA,NA,NA,NA,NA,NA,NA,NA,NA,NA,NA,NA,NA,NA,NA,NA,NA,NA,NA,NA,NA,NA,NA,NA,NA,NA,NA,NA,NA,NA,NA,exhibition,48,8,2,2,4.67,103,6165,52,1,0,0,1,1,0,1,0.500,4,0,44,0.846,25.7,4.67
8,2025-26 Regular Season,2025-26 Reg,0,1,NA,2025-11-21,2,,NA,0,19,0,0,NA,0,NA,NA,NA,NA,NA,NA,NA,NA,NA,NA,NA,NA,NA,NA,NA,NA,NA,Vancouver Goldeneyes,VAN,Vancouver,Goldeneyes,9,NA,NA,NA,NA,NA,NA,NA,PWHL,NA,NA,NA,regular,59,46,0,0,2.57,1072,64344,547,7,9,0,2,11,0,2,0.000,0,1,501,0.916,28.0,2.57
5,2024-25 Regular Season,2024-25 Reg,0,1,NA,2024-11-25,2,,NA,0,18,1,1,NA,0,NA,NA,NA,NA,NA,NA,NA,NA,NA,NA,NA,NA,NA,NA,NA,NA,NA,Ottawa Charge,OTT,Ottawa,Charge,5,NA,NA,NA,NA,NA,NA,NA,PWHL,NA,NA,NA,regular,59,43,1,4,2.58,1000,59987,496,6,7,0,2,9,1,3,0.800,5,0,453,0.913,27.0,2.58
1,2024 Regular Season,2024 Reg,0,1,NA,2023-11-01,2,,NA,0,23,1,1,NA,0,NA,NA,NA,NA,NA,NA,NA,NA,NA,NA,NA,NA,NA,NA,NA,NA,NA,PWHL Ottawa,OTT,Ottawa,Ottawa,5,NA,NA,NA,NA,NA,NA,NA,PWHL,NA,NA,NA,regular,59,51,3,5,2.30,1332,79927,599,9,9,0,4,13,1,5,0.625,8,2,548,0.915,24.0,2.30
14,Total,Total,0,3,NA,6072,6,NA,NA,0,60,2,2,NA,0,NA,NA,NA,NA,NA,NA,NA,NA,NA,NA,NA,NA,NA,NA,NA,NA,NA,NA,NA,NA,NA,NA,NA,NA,NA,NA,NA,NA,NA,NA,NA,NA,NA,regular,59,140,4,9,2.47,3404,204258,1642,22,25,0,8,33,2,10,0.692,13,3,1502,0.915,26.5,2.47
7,2025-26 Preseason,2025-26 Preseason,0,0,NA,2025-06-13,2,,NA,0,1,0,0,NA,0,NA,NA,NA,NA,NA,NA,NA,NA,NA,NA,NA,NA,NA,NA,NA,NA,NA,Vancouver Goldeneyes,VAN,Vancouver,Goldeneyes,9,NA,NA,NA,NA,NA,NA,NA,PWHL,NA,NA,NA,exhibition,59,0,0,0,0.00,40,2400,20,1,0,0,0,0,0,0,0.000,0,1,20,1.000,30.0,0.00
4,2024-25 Preseason,2024-25 Preseason,0,0,NA,2024-10-17,2,,NA,0,1,0,0,NA,0,NA,NA,NA,NA,NA,NA,NA,NA,NA,NA,NA,NA,NA,NA,NA,NA,NA,Ottawa Charge,OTT,Ottawa,Charge,5,NA,NA,NA,NA,NA,NA,NA,PWHL,NA,NA,NA,exhibition,59,1,0,0,1.00,60,3600,37,1,0,0,0,0,0,0,0.000,0,0,36,0.973,36.0,1.00
2,2024 Preseason,2024 Preseason,0,0,NA,2023-11-01,2,,NA,0,1,0,0,NA,0,NA,NA,NA,NA,NA,NA,NA,NA,NA,NA,NA,NA,NA,NA,NA,NA,NA,PWHL Ottawa,OTT,Ottawa,PWHL Ottawa,5,NA,NA,NA,NA,NA,NA,NA,PWHL,NA,NA,NA,exhibition,59,1,2,3,0.92,65,3900,24,0,0,0,0,0,1,1,0.600,5,0,23,0.958,21.0,0.92
13,Total,Total,0,0,NA,6072,6,NA,NA,0,3,0,0,NA,0,NA,NA,NA,NA,NA,NA,NA,NA,NA,NA,NA,NA,NA,NA,NA,NA,NA,NA,NA,NA,NA,NA,NA,NA,NA,NA,NA,NA,NA,NA,NA,NA,NA,exhibition,59,2,2,3,0.73,165,9900,81,2,0,0,0,0,1,1,0.600,5,1,79,0.975,28.7,0.73
8,2025-26 Regular Season,2025-26 Reg,0,1,NA,2025-11-21,1,*,NA,0,26,0,0,NA,0,NA,NA,NA,NA,NA,NA,NA,NA,NA,NA,NA,NA,NA,NA,NA,NA,NA,Boston Fleet,BOS,Boston,Fleet,1,NA,NA,NA,NA,NA,NA,NA,PWHL,NA,NA,NA,regular,6,31,9,21,1.17,1583,94992,662,19,4,0,1,5,2,3,0.700,30,8,631,0.953,23.0,1.17
5,2024-25 Regular Season,2024-25 Reg,0,1,NA,2024-11-25,2,,NA,0,23,0,0,NA,0,NA,NA,NA,NA,NA,NA,NA,NA,NA,NA,NA,NA,NA,NA,NA,NA,NA,Boston Fleet,BOS,Boston,Fleet,1,NA,NA,NA,NA,NA,NA,NA,PWHL,NA,NA,NA,regular,6,51,1,12,2.28,1342,80538,642,12,8,0,3,11,0,3,0.923,13,1,591,0.921,26.0,2.28
1,2024 Regular Season,2024 Reg,0,1,NA,2023-11-01,2,,NA,0,18,0,0,NA,0,NA,NA,NA,NA,NA,NA,NA,NA,NA,NA,NA,NA,NA,NA,NA,NA,NA,PWHL Boston,BOS,Boston,Boston,1,NA,NA,NA,NA,NA,NA,NA,PWHL,NA,NA,NA,regular,6,35,3,7,2.00,1051,63052,490,8,6,0,2,8,1,3,0.700,10,1,455,0.929,25.0,2.00
14,Total,Total,0,3,NA,6072,5,NA,NA,0,67,0,0,NA,0,NA,NA,NA,NA,NA,NA,NA,NA,NA,NA,NA,NA,NA,NA,NA,NA,NA,NA,NA,NA,NA,NA,NA,NA,NA,NA,NA,NA,NA,NA,NA,NA,NA,regular,6,117,13,40,1.77,3976,238582,1794,39,18,0,6,24,3,9,0.755,53,10,1677,0.935,25.3,1.77
9,2026 Playoffs,2026 Playoffs,1,1,NA,2026-04-28,1,*,NA,0,4,0,0,NA,0,NA,NA,NA,NA,NA,NA,NA,NA,NA,NA,NA,NA,NA,NA,NA,NA,NA,Boston Fleet,BOS,Boston,Fleet,1,NA,NA,NA,NA,NA,NA,NA,PWHL,NA,NA,NA,playoff,6,9,0,0,2.09,259,15535,93,1,2,0,1,3,0,1,0.000,0,0,84,0.903,19.0,2.09
3,2024 Playoffs,2024 Playoffs,1,1,NA,2024-05-06,2,,NA,0,8,0,0,NA,0,NA,NA,NA,NA,NA,NA,NA,NA,NA,NA,NA,NA,NA,NA,NA,NA,NA,PWHL Boston,BOS,Boston,Boston,1,NA,NA,NA,NA,NA,NA,NA,PWHL,NA,NA,NA,playoff,6,14,0,0,1.45,581,34858,300,5,3,0,0,3,0,0,0.000,0,1,286,0.953,29.0,1.45
12,Total,Total,1,2,NA,4050,3,NA,NA,0,12,0,0,NA,0,NA,NA,NA,NA,NA,NA,NA,NA,NA,NA,NA,NA,NA,NA,NA,NA,NA,NA,NA,NA,NA,NA,NA,NA,NA,NA,NA,NA,NA,NA,NA,NA,NA,playoff,6,23,0,0,1.64,840,50393,393,6,5,0,1,6,0,1,0.000,0,1,370,0.941,26.4,1.64
2,2024 Preseason,2024 Preseason,0,0,NA,2023-11-01,2,,NA,0,1,0,0,NA,0,NA,NA,NA,NA,NA,NA,NA,NA,NA,NA,NA,NA,NA,NA,NA,NA,NA,PWHL Boston,BOS,Boston,PWHL Boston,1,NA,NA,NA,NA,NA,NA,NA,PWHL,NA,NA,NA,exhibition,6,1,2,3,0.92,65,3900,32,1,0,0,0,0,0,0,0.600,5,0,31,0.969,28.0,0.92
2,Total,Total,0,0,NA,2023,2,NA,NA,0,1,0,0,NA,0,NA,NA,NA,NA,NA,NA,NA,NA,NA,NA,NA,NA,NA,NA,NA,NA,NA,NA,NA,NA,NA,NA,NA,NA,NA,NA,NA,NA,NA,NA,NA,NA,NA,exhibition,6,1,2,3,0.92,65,3900,32,1,0,0,0,0,0,0,0.600,5,0,31,0.969,28.6,0.92
8,2025-26 Regular Season,2025-26 Reg,0,1,NA,2025-11-21,2,,NA,0,13,0,0,NA,0,NA,NA,NA,NA,NA,NA,NA,NA,NA,NA,NA,NA,NA,NA,NA,NA,NA,Vancouver Goldeneyes,VAN,Vancouver,Goldeneyes,9,NA,NA,NA,NA,NA,NA,NA,PWHL,NA,NA,NA,regular,64,26,0,0,2.17,720,43184,300,5,5,0,2,7,0,2,0.000,0,1,274,0.913,22.0,2.17
5,2024-25 Regular Season,2024-25 Reg,0,1,NA,2024-11-25,2,,NA,0,21,0,0,NA,0,NA,NA,NA,NA,NA,NA,NA,NA,NA,NA,NA,NA,NA,NA,NA,NA,NA,Toronto Sceptres,TOR,Toronto,Sceptres,6,NA,NA,NA,NA,NA,NA,NA,PWHL,NA,NA,NA,regular,64,46,2,3,2.25,1228,73666,512,9,8,0,3,11,1,4,0.600,5,0,466,0.910,22.0,2.25
1,2024 Regular Season,2024 Reg,0,1,NA,2023-11-01,2,,NA,0,22,1,1,NA,0,NA,NA,NA,NA,NA,NA,NA,NA,NA,NA,NA,NA,NA,NA,NA,NA,NA,PWHL Toronto,TOR,Toronto,Toronto,6,NA,NA,NA,NA,NA,NA,NA,PWHL,NA,NA,NA,regular,64,43,1,9,1.99,1294,77637,587,16,6,0,0,6,0,0,0.900,10,3,544,0.927,25.0,1.99
14,Total,Total,0,3,NA,6072,6,NA,NA,0,56,1,1,NA,0,NA,NA,NA,NA,NA,NA,NA,NA,NA,NA,NA,NA,NA,NA,NA,NA,NA,NA,NA,NA,NA,NA,NA,NA,NA,NA,NA,NA,NA,NA,NA,NA,NA,regular,64,115,3,12,2.13,3242,194487,1399,30,19,0,5,24,1,6,0.800,15,4,1284,0.918,23.8,2.13
6,2025 Playoffs,2025 Playoffs,1,1,NA,2025-05-06,2,,NA,0,3,0,0,NA,0,NA,NA,NA,NA,NA,NA,NA,NA,NA,NA,NA,NA,NA,NA,NA,NA,NA,Toronto Sceptres,TOR,Toronto,Sceptres,6,NA,NA,NA,NA,NA,NA,NA,PWHL,NA,NA,NA,playoff,64,14,0,0,4.75,177,10614,75,1,2,0,0,2,0,0,0.000,0,0,61,0.813,20.0,4.75
3,2024 Playoffs,2024 Playoffs,1,1,NA,2024-05-06,2,,NA,0,5,0,0,NA,0,NA,NA,NA,NA,NA,NA,NA,NA,NA,NA,NA,NA,NA,NA,NA,NA,NA,PWHL Toronto,TOR,Toronto,Toronto,6,NA,NA,NA,NA,NA,NA,NA,PWHL,NA,NA,NA,playoff,64,5,0,0,0.93,321,19263,131,2,2,0,1,3,0,1,0.000,0,2,126,0.962,23.0,0.93
9,Total,Total,1,2,NA,4049,4,NA,NA,0,8,0,0,NA,0,NA,NA,NA,NA,NA,NA,NA,NA,NA,NA,NA,NA,NA,NA,NA,NA,NA,NA,NA,NA,NA,NA,NA,NA,NA,NA,NA,NA,NA,NA,NA,NA,NA,playoff,64,19,0,0,2.29,498,29877,206,3,4,0,1,5,0,1,0.000,0,2,187,0.908,22.5,2.29
7,2025-26 Preseason,2025-26 Preseason,0,0,NA,2025-06-27,2,,NA,0,1,0,0,NA,0,NA,NA,NA,NA,NA,NA,NA,NA,NA,NA,NA,NA,NA,NA,NA,NA,NA,Vancouver Goldeneyes,VAN,Vancouver,Goldeneyes,9,NA,NA,NA,NA,NA,NA,NA,PWHL,NA,NA,NA,exhibition,64,3,0,0,4.50,40,2400,22,0,1,0,0,1,0,0,0.000,0,0,19,0.864,28.0,4.50
4,2024-25 Preseason,2024-25 Preseason,0,0,NA,2024-10-17,2,,NA,0,1,0,0,NA,0,NA,NA,NA,NA,NA,NA,NA,NA,NA,NA,NA,NA,NA,NA,NA,NA,NA,Toronto Sceptres,TOR,Toronto,Sceptres,6,NA,NA,NA,NA,NA,NA,NA,PWHL,NA,NA,NA,exhibition,64,5,0,0,5.12,59,3517,31,0,1,0,0,1,0,0,0.000,0,0,26,0.839,26.0,5.12
2,2024 Preseason,2024 Preseason,0,0,NA,2023-11-01,2,,NA,0,2,0,0,NA,0,NA,NA,NA,NA,NA,NA,NA,NA,NA,NA,NA,NA,NA,NA,NA,NA,NA,PWHL Toronto,TOR,Toronto,PWHL Toronto,6,NA,NA,NA,NA,NA,NA,NA,PWHL,NA,NA,NA,exhibition,64,8,5,5,3.69,130,7800,59,1,0,0,1,1,0,1,0.500,10,0,51,0.864,23.0,3.69
13,Total,Total,0,0,NA,6072,6,NA,NA,0,4,0,0,NA,0,NA,NA,NA,NA,NA,NA,NA,NA,NA,NA,NA,NA,NA,NA,NA,NA,NA,NA,NA,NA,NA,NA,NA,NA,NA,NA,NA,NA,NA,NA,NA,NA,NA,exhibition,64,16,5,5,4.20,229,13717,112,1,2,0,1,3,0,1,0.500,10,0,96,0.857,25.2,4.20
1,2024 Regular Season,2024 Reg,0,1,NA,2023-11-01,2,,NA,0,3,0,0,NA,0,NA,NA,NA,NA,NA,NA,NA,NA,NA,NA,NA,NA,NA,NA,NA,NA,NA,PWHL Toronto,TOR,Toronto,Toronto,6,NA,NA,NA,NA,NA,NA,NA,PWHL,NA,NA,NA,regular,70,5,0,0,1.89,158,9504,63,1,1,0,0,1,0,0,0.000,0,0,58,0.921,21.0,1.89
1,Total,Total,0,1,NA,2023,2,NA,NA,0,3,0,0,NA,0,NA,NA,NA,NA,NA,NA,NA,NA,NA,NA,NA,NA,NA,NA,NA,NA,NA,NA,NA,NA,NA,NA,NA,NA,NA,NA,NA,NA,NA,NA,NA,NA,NA,regular,70,5,0,0,1.89,158,9504,63,1,1,0,0,1,0,0,0.000,0,0,58,0.921,22.0,1.89
2,2024 Preseason,2024 Preseason,0,0,NA,2023-11-01,2,,NA,0,1,0,0,NA,0,NA,NA,NA,NA,NA,NA,NA,NA,NA,NA,NA,NA,NA,NA,NA,NA,NA,PWHL Toronto,TOR,Toronto,PWHL Toronto,6,NA,NA,NA,NA,NA,NA,NA,PWHL,NA,NA,NA,exhibition,70,5,0,4,4.62,65,3900,34,0,0,0,1,1,0,1,1.000,4,0,29,0.853,26.0,4.62
2,Total,Total,0,0,NA,2023,2,NA,NA,0,1,0,0,NA,0,NA,NA,NA,NA,NA,NA,NA,NA,NA,NA,NA,NA,NA,NA,NA,NA,NA,NA,NA,NA,NA,NA,NA,NA,NA,NA,NA,NA,NA,NA,NA,NA,NA,exhibition,70,5,0,4,4.62,65,3900,34,0,0,0,1,1,0,1,1.000,4,0,29,0.853,26.8,4.62
8,2025-26 Regular Season,2025-26 Reg,0,1,NA,2025-11-21,2,,NA,0,8,0,0,NA,0,NA,NA,NA,NA,NA,NA,NA,NA,NA,NA,NA,NA,NA,NA,NA,NA,NA,Toronto Sceptres,TOR,Toronto,Sceptres,6,NA,NA,NA,NA,NA,NA,NA,PWHL,NA,NA,NA,regular,85,22,0,0,2.89,456,27389,206,3,5,0,0,5,0,0,0.000,0,0,184,0.893,24.0,2.89
5,2024-25 Regular Season,2024-25 Reg,0,1,NA,2024-11-25,2,,NA,0,11,0,0,NA,0,NA,NA,NA,NA,NA,NA,NA,NA,NA,NA,NA,NA,NA,NA,NA,NA,NA,Montréal Victoire,MTL,Montréal,Victoire,3,NA,NA,NA,NA,NA,NA,NA,PWHL,NA,NA,NA,regular,85,24,4,7,2.42,595,35707,268,4,6,0,0,6,1,1,0.636,11,0,244,0.910,24.0,2.42
1,2024 Regular Season,2024 Reg,0,1,NA,2023-11-21,2,,NA,0,8,0,0,NA,0,NA,NA,NA,NA,NA,NA,NA,NA,NA,NA,NA,NA,NA,NA,NA,NA,NA,PWHL Montreal,MTL,Montreal,Montreal,3,NA,NA,NA,NA,NA,NA,NA,PWHL,NA,NA,NA,regular,85,13,3,2,1.61,484,29021,253,6,1,0,0,1,1,1,0.400,5,0,240,0.949,29.0,1.61
14,Total,Total,0,3,NA,6072,6,NA,NA,0,27,0,0,NA,0,NA,NA,NA,NA,NA,NA,NA,NA,NA,NA,NA,NA,NA,NA,NA,NA,NA,NA,NA,NA,NA,NA,NA,NA,NA,NA,NA,NA,NA,NA,NA,NA,NA,regular,85,59,7,9,2.31,1535,92117,727,13,12,0,0,12,2,2,0.563,16,0,668,0.919,26.1,2.31
7,2025-26 Preseason,2025-26 Preseason,0,0,NA,2025-06-18,2,,NA,0,1,0,0,NA,0,NA,NA,NA,NA,NA,NA,NA,NA,NA,NA,NA,NA,NA,NA,NA,NA,NA,Toronto Sceptres,TOR,Toronto,Sceptres,6,NA,NA,NA,NA,NA,NA,NA,PWHL,NA,NA,NA,exhibition,85,2,0,0,1.93,62,3736,13,1,0,0,0,0,0,0,0.000,0,0,11,0.846,10.0,1.93
4,2024-25 Preseason,2024-25 Preseason,0,0,NA,2024-11-01,2,,NA,0,1,0,0,NA,0,NA,NA,NA,NA,NA,NA,NA,NA,NA,NA,NA,NA,NA,NA,NA,NA,NA,Montréal Victoire,MTL,Montréal,Victoire,3,NA,NA,NA,NA,NA,NA,NA,PWHL,NA,NA,NA,exhibition,85,2,0,0,3.00,40,2400,19,0,0,0,0,0,0,0,0.000,0,0,17,0.895,25.0,3.00
2,2024 Preseason,2024 Preseason,0,0,NA,2023-11-21,2,,NA,0,1,0,0,NA,0,NA,NA,NA,NA,NA,NA,NA,NA,NA,NA,NA,NA,NA,NA,NA,NA,NA,PWHL Montreal,MON,Montreal,PWHL Montreal,3,NA,NA,NA,NA,NA,NA,NA,PWHL,NA,NA,NA,exhibition,85,4,2,3,3.69,65,3900,33,0,0,0,1,1,0,1,0.600,5,0,29,0.879,26.0,3.69
13,Total,Total,0,0,NA,6072,6,NA,NA,0,3,0,0,NA,0,NA,NA,NA,NA,NA,NA,NA,NA,NA,NA,NA,NA,NA,NA,NA,NA,NA,NA,NA,NA,NA,NA,NA,NA,NA,NA,NA,NA,NA,NA,NA,NA,NA,exhibition,85,8,2,3,2.87,167,10036,65,1,0,0,1,1,0,1,0.600,5,0,57,0.877,20.4,2.87
8,2025-26 Regular Season,2025-26 Reg,0,1,1,2025-11-21,1,*,13,5,29,4,9,2,2,0,0,44,0,0,0.0,11.4,0,0.31,0,2,2,0,152,338,45.0,21,Boston Fleet,BOS,Boston,Fleet,1,1,1,2,0,1,0,0.068966,PWHL,24443,407:23,14,regular,97,NA,NA,NA,NA,NA,NA,NA,NA,NA,NA,NA,NA,NA,NA,NA,NA,NA,NA,NA,NA,NA
5,2024-25 Regular Season,2024-25 Reg,0,1,1,2024-11-25,2,,21,2,27,4,6,-1,0,0,1,29,0,0,0.0,6.9,0,0.22,0,0,1,0,94,215,43.7,10,Minnesota Frost,MIN,Minnesota,Frost,2,1,1,1,0,0,0,0,PWHL,17469,291:09,14,regular,97,NA,NA,NA,NA,NA,NA,NA,NA,NA,NA,NA,NA,NA,NA,NA,NA,NA,NA,NA,NA,NA
1,2024 Regular Season,2024 Reg,0,1,1,2023-11-30,2,,21,0,19,3,3,0,8,0,0,28,0,0,0.0,0.0,0,0.16,0,0,0,0,87,179,48.6,5,PWHL Minnesota,MIN,Minnesota,Minnesota,2,1,0,0,0,0,0,0.421053,PWHL,14082,234:42,2,regular,97,NA,NA,NA,NA,NA,NA,NA,NA,NA,NA,NA,NA,NA,NA,NA,NA,NA,NA,NA,NA,NA
14,Total,Total,0,3,NA,6072,5,NA,55,7,75,11,18,1,10,0,1,101,0,0,0.0,6.9,0,0.24,0,2,3,0,333,732,45.5,36,NA,NA,NA,NA,NA,NA,2,3,0,1,0,0.13,NA,55994,933:14,30,regular,97,NA,NA,NA,NA,NA,NA,NA,NA,NA,NA,NA,NA,NA,NA,NA,NA,NA,NA,NA,NA,NA
9,2026 Playoffs,2026 Playoffs,1,1,1,2026-04-28,1,*,13,1,4,0,1,1,0,0,0,8,0,0,0.0,12.5,0,0.25,0,0,0,0,24,53,45.3,6,Boston Fleet,BOS,Boston,Fleet,1,1,0,0,0,0,0,0,PWHL,5119,85:19,0,playoff,97,NA,NA,NA,NA,NA,NA,NA,NA,NA,NA,NA,NA,NA,NA,NA,NA,NA,NA,NA,NA,NA
6,2025 Playoffs,2025 Playoffs,1,1,1,2025-05-06,2,,21,2,8,1,3,4,2,0,0,5,0,0,0.0,40.0,0,0.38,0,0,1,0,26,56,46.4,4,Minnesota Frost,MIN,Minnesota,Frost,2,1,1,0,1,0,0,0.250000,PWHL,5409,90:09,2,playoff,97,NA,NA,NA,NA,NA,NA,NA,NA,NA,NA,NA,NA,NA,NA,NA,NA,NA,NA,NA,NA,NA
3,2024 Playoffs,2024 Playoffs,1,1,1,2024-05-06,2,,21,1,10,4,5,2,2,0,0,15,0,0,0.0,6.7,0,0.50,0,0,1,0,34,97,35.1,12,PWHL Minnesota,MIN,Minnesota,Minnesota,2,1,1,0,0,0,0,0.200000,PWHL,9770,162:50,4,playoff,97,NA,NA,NA,NA,NA,NA,NA,NA,NA,NA,NA,NA,NA,NA,NA,NA,NA,NA,NA,NA,NA
18,Total,Total,1,3,NA,6075,5,NA,55,4,22,5,9,7,4,0,0,28,0,0,0.0,14.3,0,0.41,0,0,2,0,84,206,40.8,22,NA,NA,NA,NA,NA,NA,2,0,1,0,0,0.18,NA,20298,338:18,6,playoff,97,NA,NA,NA,NA,NA,NA,NA,NA,NA,NA,NA,NA,NA,NA,NA,NA,NA,NA,NA,NA,NA
7,2025-26 Preseason,2025-26 Preseason,0,0,1,2025-06-19,1,*,13,0,2,1,1,1,2,0,0,3,0,0,0.0,0.0,0,0.50,0,0,0,0,9,25,36.0,0,Boston Fleet,BOS,Boston,Fleet,1,1,0,0,0,0,0,1.000000,PWHL,1723,28:43,1,exhibition,97,NA,NA,NA,NA,NA,NA,NA,NA,NA,NA,NA,NA,NA,NA,NA,NA,NA,NA,NA,NA,NA
4,2024-25 Preseason,2024-25 Preseason,0,0,1,2024-11-01,2,,21,0,2,2,2,3,2,0,0,4,0,0,0.0,0.0,0,1.00,0,0,0,0,9,19,47.4,0,Minnesota Frost,MIN,Minnesota,Frost,2,1,0,0,0,0,0,1.000000,PWHL,1643,27:23,1,exhibition,97,NA,NA,NA,NA,NA,NA,NA,NA,NA,NA,NA,NA,NA,NA,NA,NA,NA,NA,NA,NA,NA
2,2024 Preseason,2024 Preseason,0,0,1,2023-11-30,2,,21,1,3,0,1,1,0,0,0,5,0,0,0.0,20.0,0,0.33,0,0,1,0,0,0,0.0,0,PWHL Minnesota,MIN,Minnesota,PWHL Minnesota,2,1,0,0,0,1,0,0,PWHL,0,0:00,0,exhibition,97,NA,NA,NA,NA,NA,NA,NA,NA,NA,NA,NA,NA,NA,NA,NA,NA,NA,NA,NA,NA,NA
13,Total,Total,0,0,NA,6072,5,NA,55,1,7,3,4,5,4,0,0,12,0,0,0.0,8.3,0,0.57,0,0,1,0,18,44,40.9,0,NA,NA,NA,NA,NA,NA,0,0,0,1,0,0.57,NA,3366,56:06,2,exhibition,97,NA,NA,NA,NA,NA,NA,NA,NA,NA,NA,NA,NA,NA,NA,NA,NA,NA,NA,NA,NA,NA
8,2025-26 Regular Season,2025-26 Reg,0,1,1,2025-11-21,2,,24,3,30,5,8,-7,6,0,0,75,3,0,0.0,4.0,0,0.27,0,0,1,0,7,18,38.9,8,Toronto Sceptres,TOR,Toronto,Sceptres,6,1,0,0,0,0,0,0.200000,PWHL,27992,466:32,15,regular,100,NA,NA,NA,NA,NA,NA,NA,NA,NA,NA,NA,NA,NA,NA,NA,NA,NA,NA,NA,NA,NA
5,2024-25 Regular Season,2024-25 Reg,0,1,1,2024-11-25,2,,24,3,14,2,5,-1,2,2,0,31,2,2,100.0,9.7,1,0.36,0,0,1,0,1,1,100.0,5,Toronto Sceptres,TOR,Toronto,Sceptres,6,1,1,0,0,0,0,0.142857,PWHL,14820,247:00,9,regular,100,NA,NA,NA,NA,NA,NA,NA,NA,NA,NA,NA,NA,NA,NA,NA,NA,NA,NA,NA,NA,NA
1,2024 Regular Season,2024 Reg,0,1,1,2023-11-30,2,,24,20,24,7,27,11,4,7,0,101,3,2,66.7,19.8,1,1.13,1,0,5,0,7,12,58.3,10,PWHL Toronto,TOR,Toronto,Toronto,6,1,5,4,0,2,1,0.166667,PWHL,27225,453:45,9,regular,100,NA,NA,NA,NA,NA,NA,NA,NA,NA,NA,NA,NA,NA,NA,NA,NA,NA,NA,NA,NA,NA
14,Total,Total,0,3,NA,6072,6,NA,72,26,68,14,40,3,12,9,0,207,8,4,50.0,12.6,2,0.59,1,0,7,0,15,31,48.4,23,NA,NA,NA,NA,NA,NA,6,4,0,2,1,0.18,NA,70037,1167:17,33,regular,100,NA,NA,NA,NA,NA,NA,NA,NA,NA,NA,NA,NA,NA,NA,NA,NA,NA,NA,NA,NA,NA
6,2025 Playoffs,2025 Playoffs,1,1,1,2025-05-06,2,,24,0,4,1,1,0,2,0,0,6,0,0,0.0,0.0,0,0.25,0,0,0,0,1,2,50.0,0,Toronto Sceptres,TOR,Toronto,Sceptres,6,1,0,0,0,0,0,0.500000,PWHL,4068,67:48,3,playoff,100,NA,NA,NA,NA,NA,NA,NA,NA,NA,NA,NA,NA,NA,NA,NA,NA,NA,NA,NA,NA,NA
3,2024 Playoffs,2024 Playoffs,1,1,1,2024-05-06,2,,24,1,3,1,2,4,0,0,0,10,0,0,0.0,10.0,0,0.67,0,0,1,0,1,1,100.0,2,PWHL Toronto,TOR,Toronto,Toronto,6,1,1,0,0,0,0,0,PWHL,3071,51:11,4,playoff,100,NA,NA,NA,NA,NA,NA,NA,NA,NA,NA,NA,NA,NA,NA,NA,NA,NA,NA,NA,NA,NA
9,Total,Total,1,2,NA,4049,4,NA,48,1,7,2,3,4,2,0,0,16,0,0,0.0,6.2,0,0.43,0,0,1,0,2,3,66.7,2,NA,NA,NA,NA,NA,NA,1,0,0,0,0,0.29,NA,7139,118:59,7,playoff,100,NA,NA,NA,NA,NA,NA,NA,NA,NA,NA,NA,NA,NA,NA,NA,NA,NA,NA,NA,NA,NA
7,2025-26 Preseason,2025-26 Preseason,0,0,1,2025-06-18,2,,24,0,1,1,1,2,0,0,0,2,0,0,0.0,0.0,0,1.00,0,0,0,0,1,2,50.0,1,Toronto Sceptres,TOR,Toronto,Sceptres,6,1,0,0,0,0,0,0,PWHL,1111,18:31,1,exhibition,100,NA,NA,NA,NA,NA,NA,NA,NA,NA,NA,NA,NA,NA,NA,NA,NA,NA,NA,NA,NA,NA
2,2024 Preseason,2024 Preseason,0,0,1,2023-11-30,2,,24,0,1,0,0,0,0,0,0,1,1,0,0.0,0.0,0,0.00,0,0,0,0,0,0,0.0,0,PWHL Toronto,TOR,Toronto,PWHL Toronto,6,1,0,0,0,0,0,0,PWHL,0,0:00,0,exhibition,100,NA,NA,NA,NA,NA,NA,NA,NA,NA,NA,NA,NA,NA,NA,NA,NA,NA,NA,NA,NA,NA
9,Total,Total,0,0,NA,4048,4,NA,48,0,2,1,1,2,0,0,0,3,1,0,0.0,0.0,0,0.50,0,0,0,0,1,2,50.0,1,NA,NA,NA,NA,NA,NA,0,0,0,0,0,0.00,NA,1111,18:31,1,exhibition,100,NA,NA,NA,NA,NA,NA,NA,NA,NA,NA,NA,NA,NA,NA,NA,NA,NA,NA,NA,NA,NA
8,2025-26 Regular Season,2025-26 Reg,0,1,1,2025-11-21,2,,10,2,30,1,3,-3,10,0,0,25,0,0,0.0,8.0,0,0.10,0,1,0,0,120,226,53.1,49,Ottawa Charge,OTT,Ottawa,Charge,5,1,1,0,0,1,1,0.333333,PWHL,17964,299:24,17,regular,101,NA,NA,NA,NA,NA,NA,NA,NA,NA,NA,NA,NA,NA,NA,NA,NA,NA,NA,NA,NA,NA
5,2024-25 Regular Season,2024-25 Reg,0,1,1,2024-11-25,2,,10,2,24,2,4,7,8,0,0,21,0,0,0.0,9.5,0,0.17,1,0,1,0,68,120,56.7,27,Ottawa Charge,OTT,Ottawa,Charge,5,1,0,0,0,0,0,0.333333,PWHL,13055,217:35,14,regular,101,NA,NA,NA,NA,NA,NA,NA,NA,NA,NA,NA,NA,NA,NA,NA,NA,NA,NA,NA,NA,NA
1,2024 Regular Season,2024 Reg,0,1,1,2023-11-30,2,,10,2,24,0,2,-2,4,0,0,14,0,0,0.0,14.3,0,0.08,0,0,1,0,85,162,52.5,28,PWHL Toronto,TOR,Toronto,Toronto,6,1,0,0,0,0,0,0.166667,PWHL,13050,217:30,10,regular,101,NA,NA,NA,NA,NA,NA,NA,NA,NA,NA,NA,NA,NA,NA,NA,NA,NA,NA,NA,NA,NA
14,Total,Total,0,3,NA,6072,6,NA,30,6,78,3,9,2,22,0,0,60,0,0,0.0,10.0,0,0.12,1,1,2,0,273,508,53.7,104,NA,NA,NA,NA,NA,NA,1,0,0,1,1,0.28,NA,44069,734:29,41,regular,101,NA,NA,NA,NA,NA,NA,NA,NA,NA,NA,NA,NA,NA,NA,NA,NA,NA,NA,NA,NA,NA
9,2026 Playoffs,2026 Playoffs,1,1,1,2026-04-28,2,,10,0,8,0,0,1,0,0,0,3,0,0,0.0,0.0,0,0.00,0,0,0,0,26,61,42.6,8,Ottawa Charge,OTT,Ottawa,Charge,5,1,0,0,0,0,0,0,PWHL,4419,73:39,5,playoff,101,NA,NA,NA,NA,NA,NA,NA,NA,NA,NA,NA,NA,NA,NA,NA,NA,NA,NA,NA,NA,NA
6,2025 Playoffs,2025 Playoffs,1,1,1,2025-05-06,2,,10,0,8,0,0,-1,0,0,0,4,0,0,0.0,0.0,0,0.00,0,0,0,0,33,65,50.8,10,Ottawa Charge,OTT,Ottawa,Charge,5,1,0,0,0,0,0,0,PWHL,5311,88:31,7,playoff,101,NA,NA,NA,NA,NA,NA,NA,NA,NA,NA,NA,NA,NA,NA,NA,NA,NA,NA,NA,NA,NA
3,2024 Playoffs,2024 Playoffs,1,1,1,2024-05-06,2,,10,0,5,0,0,0,2,0,0,1,0,0,0.0,0.0,0,0.00,0,0,0,0,11,21,52.4,2,PWHL Toronto,TOR,Toronto,Toronto,6,1,0,0,0,0,0,0.400000,PWHL,2145,35:45,2,playoff,101,NA,NA,NA,NA,NA,NA,NA,NA,NA,NA,NA,NA,NA,NA,NA,NA,NA,NA,NA,NA,NA
18,Total,Total,1,3,NA,6075,6,NA,30,0,21,0,0,0,2,0,0,8,0,0,0.0,0.0,0,0.00,0,0,0,0,70,147,47.6,20,NA,NA,NA,NA,NA,NA,0,0,0,0,0,0.10,NA,11875,197:55,14,playoff,101,NA,NA,NA,NA,NA,NA,NA,NA,NA,NA,NA,NA,NA,NA,NA,NA,NA,NA,NA,NA,NA
7,2025-26 Preseason,2025-26 Preseason,0,0,1,2025-06-01,2,,10,0,2,0,0,0,2,0,0,1,0,0,0.0,0.0,0,0.00,0,0,0,0,13,20,65.0,7,Ottawa Charge,OTT,Ottawa,Charge,5,1,0,0,0,0,0,1.000000,PWHL,1472,24:32,1,exhibition,101,NA,NA,NA,NA,NA,NA,NA,NA,NA,NA,NA,NA,NA,NA,NA,NA,NA,NA,NA,NA,NA
4,2024-25 Preseason,2024-25 Preseason,0,0,1,2024-10-17,2,,10,0,2,0,0,-1,0,0,0,2,0,0,0.0,0.0,0,0.00,0,0,0,0,17,29,58.6,1,Ottawa Charge,OTT,Ottawa,Charge,5,1,0,0,0,0,0,0,PWHL,1495,24:55,0,exhibition,101,NA,NA,NA,NA,NA,NA,NA,NA,NA,NA,NA,NA,NA,NA,NA,NA,NA,NA,NA,NA,NA
2,2024 Preseason,2024 Preseason,0,0,1,2023-11-30,2,,10,0,2,1,1,0,0,0,0,2,0,0,0.0,0.0,0,0.50,0,0,0,0,0,0,0.0,0,PWHL Toronto,TOR,Toronto,PWHL Toronto,6,1,0,0,0,0,0,0,PWHL,0,0:00,0,exhibition,101,NA,NA,NA,NA,NA,NA,NA,NA,NA,NA,NA,NA,NA,NA,NA,NA,NA,NA,NA,NA,NA
13,Total,Total,0,0,NA,6072,6,NA,30,0,6,1,1,-1,2,0,0,5,0,0,0.0,0.0,0,0.17,0,0,0,0,30,49,61.2,8,NA,NA,NA,NA,NA,NA,0,0,0,0,0,0.33,NA,2967,49:27,1,exhibition,101,NA,NA,NA,NA,NA,NA,NA,NA,NA,NA,NA,NA,NA,NA,NA,NA,NA,NA,NA,NA,NA
8,2025-26 Regular Season,2025-26 Reg,0,1,1,2025-11-21,2,,7,0,30,3,3,-4,6,0,0,11,0,0,0.0,0.0,0,0.10,0,0,0,0,22,77,28.6,9,Minnesota Frost,MIN,Minnesota,Frost,2,1,0,0,0,0,0,0.200000,PWHL,17342,289:02,14,regular,102,NA,NA,NA,NA,NA,NA,NA,NA,NA,NA,NA,NA,NA,NA,NA,NA,NA,NA,NA,NA,NA
5,2024-25 Regular Season,2024-25 Reg,0,1,1,2024-11-25,2,,7,2,29,4,6,0,8,0,0,13,0,0,0.0,15.4,0,0.21,0,1,0,0,3,4,75.0,6,Minnesota Frost,MIN,Minnesota,Frost,2,1,2,0,0,0,0,0.275862,PWHL,17241,287:21,6,regular,102,NA,NA,NA,NA,NA,NA,NA,NA,NA,NA,NA,NA,NA,NA,NA,NA,NA,NA,NA,NA,NA
1,2024 Regular Season,2024 Reg,0,1,1,2023-11-30,2,,7,1,21,2,3,-1,2,0,0,12,0,0,0.0,8.3,0,0.14,0,0,0,0,2,8,25.0,7,PWHL Minnesota,MIN,Minnesota,Minnesota,2,1,0,1,0,0,0,0.095238,PWHL,11877,197:57,2,regular,102,NA,NA,NA,NA,NA,NA,NA,NA,NA,NA,NA,NA,NA,NA,NA,NA,NA,NA,NA,NA,NA
14,Total,Total,0,3,NA,6072,6,NA,21,3,80,9,12,-5,16,0,0,36,0,0,0.0,8.3,0,0.15,0,1,0,0,27,89,30.3,22,NA,NA,NA,NA,NA,NA,2,1,0,0,0,0.20,NA,46460,774:20,22,regular,102,NA,NA,NA,NA,NA,NA,NA,NA,NA,NA,NA,NA,NA,NA,NA,NA,NA,NA,NA,NA,NA
9,2026 Playoffs,2026 Playoffs,1,1,1,2026-04-28,2,,7,0,5,0,0,-2,0,0,0,1,0,0,0.0,0.0,0,0.00,0,0,0,0,6,18,33.3,1,Minnesota Frost,MIN,Minnesota,Frost,2,1,0,0,0,0,0,0,PWHL,3400,56:40,1,playoff,102,NA,NA,NA,NA,NA,NA,NA,NA,NA,NA,NA,NA,NA,NA,NA,NA,NA,NA,NA,NA,NA
6,2025 Playoffs,2025 Playoffs,1,1,1,2025-05-06,2,,7,0,6,0,0,0,0,0,0,1,0,0,0.0,0.0,0,0.00,0,0,0,0,0,1,0.0,1,Minnesota Frost,MIN,Minnesota,Frost,2,1,0,0,0,0,0,0,PWHL,2320,38:40,0,playoff,102,NA,NA,NA,NA,NA,NA,NA,NA,NA,NA,NA,NA,NA,NA,NA,NA,NA,NA,NA,NA,NA
3,2024 Playoffs,2024 Playoffs,1,1,1,2024-05-06,2,,7,1,10,2,3,-1,2,0,0,9,0,0,0.0,11.1,0,0.30,0,0,1,0,0,0,0.0,1,PWHL Minnesota,MIN,Minnesota,Minnesota,2,1,1,0,1,0,0,0.200000,PWHL,7222,120:22,2,playoff,102,NA,NA,NA,NA,NA,NA,NA,NA,NA,NA,NA,NA,NA,NA,NA,NA,NA,NA,NA,NA,NA
18,Total,Total,1,3,NA,6075,6,NA,21,1,21,2,3,-3,2,0,0,11,0,0,0.0,9.1,0,0.14,0,0,1,0,6,19,31.6,3,NA,NA,NA,NA,NA,NA,1,0,1,0,0,0.10,NA,12942,215:42,3,playoff,102,NA,NA,NA,NA,NA,NA,NA,NA,NA,NA,NA,NA,NA,NA,NA,NA,NA,NA,NA,NA,NA
7,2025-26 Preseason,2025-26 Preseason,0,0,1,2025-06-27,2,,7,0,2,0,0,0,0,0,0,0,0,0,0.0,0.0,0,0.00,0,0,0,0,0,0,0.0,0,Minnesota Frost,MIN,Minnesota,Frost,2,1,0,0,0,0,0,0,PWHL,1788,29:48,1,exhibition,102,NA,NA,NA,NA,NA,NA,NA,NA,NA,NA,NA,NA,NA,NA,NA,NA,NA,NA,NA,NA,NA
4,2024-25 Preseason,2024-25 Preseason,0,0,1,2024-11-01,2,,7,0,2,0,0,-1,0,0,0,1,0,0,0.0,0.0,0,0.00,0,0,0,0,0,0,0.0,2,Minnesota Frost,MIN,Minnesota,Frost,2,1,0,0,0,0,0,0,PWHL,1459,24:19,0,exhibition,102,NA,NA,NA,NA,NA,NA,NA,NA,NA,NA,NA,NA,NA,NA,NA,NA,NA,NA,NA,NA,NA
2,2024 Preseason,2024 Preseason,0,0,1,2023-11-30,2,,7,0,2,0,0,-1,0,0,0,2,0,0,0.0,0.0,0,0.00,0,0,0,0,0,0,0.0,0,PWHL Minnesota,MIN,Minnesota,PWHL Minnesota,2,1,0,0,0,0,0,0,PWHL,0,0:00,0,exhibition,102,NA,NA,NA,NA,NA,NA,NA,NA,NA,NA,NA,NA,NA,NA,NA,NA,NA,NA,NA,NA,NA
13,Total,Total,0,0,NA,6072,6,NA,21,0,6,0,0,-2,0,0,0,3,0,0,0.0,0.0,0,0.00,0,0,0,0,0,0,0.0,2,NA,NA,NA,NA,NA,NA,0,0,0,0,0,0.00,NA,3247,54:07,1,exhibition,102,NA,NA,NA,NA,NA,NA,NA,NA,NA,NA,NA,NA,NA,NA,NA,NA,NA,NA,NA,NA,NA
1,2024 Regular Season,2024 Reg,0,1,1,2023-12-02,2,,11,2,24,1,3,-1,6,0,0,32,0,0,0.0,6.3,0,0.13,0,0,0,0,3,16,18.8,2,PWHL Minnesota,MIN,Minnesota,Minnesota,2,1,1,0,0,1,0,0.250000,PWHL,18493,308:13,2,regular,103,NA,NA,NA,NA,NA,NA,NA,NA,NA,NA,NA,NA,NA,NA,NA,NA,NA,NA,NA,NA,NA
1,Total,Total,0,1,NA,2023,2,NA,11,2,24,1,3,-1,6,0,0,32,0,0,0.0,6.2,0,0.12,0,0,0,0,3,16,18.8,2,NA,NA,NA,NA,NA,NA,1,0,0,1,0,0.25,NA,18493,308:13,2,regular,103,NA,NA,NA,NA,NA,NA,NA,NA,NA,NA,NA,NA,NA,NA,NA,NA,NA,NA,NA,NA,NA
3,2024 Playoffs,2024 Playoffs,1,1,1,2024-05-06,2,,11,1,10,0,1,1,2,0,0,14,0,0,0.0,7.1,0,0.10,0,0,0,0,4,7,57.1,3,PWHL Minnesota,MIN,Minnesota,Minnesota,2,1,0,1,0,0,1,0.200000,PWHL,6559,109:19,2,playoff,103,NA,NA,NA,NA,NA,NA,NA,NA,NA,NA,NA,NA,NA,NA,NA,NA,NA,NA,NA,NA,NA
3,Total,Total,1,1,NA,2024,2,NA,11,1,10,0,1,1,2,0,0,14,0,0,0.0,7.1,0,0.10,0,0,0,0,4,7,57.1,3,NA,NA,NA,NA,NA,NA,0,1,0,0,1,0.20,NA,6559,109:19,2,playoff,103,NA,NA,NA,NA,NA,NA,NA,NA,NA,NA,NA,NA,NA,NA,NA,NA,NA,NA,NA,NA,NA
2,2024 Preseason,2024 Preseason,0,0,1,2023-12-02,2,,11,1,3,3,4,5,0,0,0,9,0,0,0.0,11.1,0,1.33,0,0,0,0,0,0,0.0,0,PWHL Minnesota,MIN,Minnesota,PWHL Minnesota,2,1,0,0,0,1,1,0,PWHL,0,0:00,0,exhibition,103,NA,NA,NA,NA,NA,NA,NA,NA,NA,NA,NA,NA,NA,NA,NA,NA,NA,NA,NA,NA,NA
2,Total,Total,0,0,NA,2023,2,NA,11,1,3,3,4,5,0,0,0,9,0,0,0.0,11.1,0,1.33,0,0,0,0,0,0,0.0,0,NA,NA,NA,NA,NA,NA,0,0,0,1,1,0.00,NA,0,0:00,0,exhibition,103,NA,NA,NA,NA,NA,NA,NA,NA,NA,NA,NA,NA,NA,NA,NA,NA,NA,NA,NA,NA,NA
8,2025-26 Regular Season,2025-26 Reg,0,1,1,2025-11-21,1,*,41,1,23,4,5,-1,0,0,1,31,0,0,0.0,3.2,0,0.22,0,0,0,0,1,4,25.0,6,Minnesota Frost,MIN,Minnesota,Frost,2,0,1,0,0,0,0,0,PWHL,19456,324:16,6,regular,104,NA,NA,NA,NA,NA,NA,NA,NA,NA,NA,NA,NA,NA,NA,NA,NA,NA,NA,NA,NA,NA
8,2025-26 Regular Season,2025-26 Reg,0,1,1,2026-03-30,2,,44,1,7,1,2,-4,4,0,0,11,0,0,0.0,9.1,0,0.29,0,0,0,0,0,0,0.0,4,New York Sirens,NY,New York,Sirens,4,1,0,0,0,0,0,0.571429,PWHL,6668,111:08,0,regular,104,NA,NA,NA,NA,NA,NA,NA,NA,NA,NA,NA,NA,NA,NA,NA,NA,NA,NA,NA,NA,NA
5,2024-25 Regular Season,2024-25 Reg,0,1,1,2024-11-25,2,,41,4,30,5,9,6,12,0,1,52,1,1,100.0,7.7,0,0.30,0,0,0,0,0,7,0.0,16,Minnesota Frost,MIN,Minnesota,Frost,2,1,0,0,0,0,1,0.400000,PWHL,26027,433:47,13,regular,104,NA,NA,NA,NA,NA,NA,NA,NA,NA,NA,NA,NA,NA,NA,NA,NA,NA,NA,NA,NA,NA
1,2024 Regular Season,2024 Reg,0,1,1,2023-12-02,2,,41,3,24,3,6,0,8,0,0,50,2,1,50.0,6.0,0,0.25,0,0,0,0,3,6,50.0,17,PWHL Minnesota,MIN,Minnesota,Minnesota,2,1,0,0,0,0,0,0.333333,PWHL,22976,382:56,1,regular,104,NA,NA,NA,NA,NA,NA,NA,NA,NA,NA,NA,NA,NA,NA,NA,NA,NA,NA,NA,NA,NA
22,Total,Total,0,4,NA,8098,7,NA,167,9,84,13,22,1,24,0,2,144,3,2,66.7,6.2,0,0.26,0,0,0,0,4,17,23.5,43,NA,NA,NA,NA,NA,NA,1,0,0,0,1,0.29,NA,75127,1252:07,20,regular,104,NA,NA,NA,NA,NA,NA,NA,NA,NA,NA,NA,NA,NA,NA,NA,NA,NA,NA,NA,NA,NA
6,2025 Playoffs,2025 Playoffs,1,1,1,2025-05-06,2,,41,0,8,0,0,0,0,0,0,10,0,0,0.0,0.0,0,0.00,0,0,0,0,0,0,0.0,7,Minnesota Frost,MIN,Minnesota,Frost,2,1,0,0,0,0,0,0,PWHL,8553,142:33,2,playoff,104,NA,NA,NA,NA,NA,NA,NA,NA,NA,NA,NA,NA,NA,NA,NA,NA,NA,NA,NA,NA,NA
3,2024 Playoffs,2024 Playoffs,1,1,1,2024-05-06,2,,41,2,10,0,2,0,6,1,0,18,0,0,0.0,11.1,0,0.20,0,0,0,0,0,1,0.0,14,PWHL Minnesota,MIN,Minnesota,Minnesota,2,1,1,1,0,0,0,0.600000,PWHL,10737,178:57,4,playoff,104,NA,NA,NA,NA,NA,NA,NA,NA,NA,NA,NA,NA,NA,NA,NA,NA,NA,NA,NA,NA,NA
9,Total,Total,1,2,NA,4049,4,NA,82,2,18,0,2,0,6,1,0,28,0,0,0.0,7.1,0,0.11,0,0,0,0,0,1,0.0,21,NA,NA,NA,NA,NA,NA,1,1,0,0,0,0.33,NA,19290,321:30,6,playoff,104,NA,NA,NA,NA,NA,NA,NA,NA,NA,NA,NA,NA,NA,NA,NA,NA,NA,NA,NA,NA,NA
7,2025-26 Preseason,2025-26 Preseason,0,0,1,2025-06-13,2,,41,0,1,0,0,-2,0,0,0,2,0,0,0.0,0.0,0,0.00,0,0,0,0,0,0,0.0,4,Vancouver Goldeneyes,VAN,Vancouver,Goldeneyes,9,1,0,0,0,0,0,0,PWHL,940,15:40,0,exhibition,104,NA,NA,NA,NA,NA,NA,NA,NA,NA,NA,NA,NA,NA,NA,NA,NA,NA,NA,NA,NA,NA
4,2024-25 Preseason,2024-25 Preseason,0,0,1,2024-11-01,2,,41,0,2,2,2,0,0,0,1,1,0,0,0.0,0.0,0,1.00,0,0,0,0,0,0,0.0,3,Minnesota Frost,MIN,Minnesota,Frost,2,1,0,0,0,0,0,0,PWHL,1631,27:11,0,exhibition,104,NA,NA,NA,NA,NA,NA,NA,NA,NA,NA,NA,NA,NA,NA,NA,NA,NA,NA,NA,NA,NA
2,2024 Preseason,2024 Preseason,0,0,1,2023-12-02,2,,41,1,3,1,2,1,2,0,0,6,1,0,0.0,16.7,0,0.67,0,0,1,0,0,0,0.0,0,PWHL Minnesota,MIN,Minnesota,PWHL Minnesota,2,1,0,0,0,0,0,0.666667,PWHL,0,0:00,0,exhibition,104,NA,NA,NA,NA,NA,NA,NA,NA,NA,NA,NA,NA,NA,NA,NA,NA,NA,NA,NA,NA,NA
13,Total,Total,0,0,NA,6072,6,NA,123,1,6,3,4,-1,2,0,1,9,1,0,0.0,11.1,0,0.67,0,0,1,0,0,0,0.0,7,NA,NA,NA,NA,NA,NA,0,0,0,0,0,0.33,NA,2571,42:51,0,exhibition,104,NA,NA,NA,NA,NA,NA,NA,NA,NA,NA,NA,NA,NA,NA,NA,NA,NA,NA,NA,NA,NA
1,2024 Regular Season,2024 Reg,0,1,1,2023-12-02,2,,18,1,23,1,2,4,8,0,0,26,0,0,0.0,3.8,0,0.09,0,0,0,0,26,69,37.7,5,PWHL Minnesota,MIN,Minnesota,Minnesota,2,1,0,0,0,0,0,0.347826,PWHL,16323,272:03,3,regular,105,NA,NA,NA,NA,NA,NA,NA,NA,NA,NA,NA,NA,NA,NA,NA,NA,NA,NA,NA,NA,NA
1,Total,Total,0,1,NA,2023,2,NA,18,1,23,1,2,4,8,0,0,26,0,0,0.0,3.8,0,0.09,0,0,0,0,26,69,37.7,5,NA,NA,NA,NA,NA,NA,0,0,0,0,0,0.35,NA,16323,272:03,3,regular,105,NA,NA,NA,NA,NA,NA,NA,NA,NA,NA,NA,NA,NA,NA,NA,NA,NA,NA,NA,NA,NA
3,2024 Playoffs,2024 Playoffs,1,1,1,2024-05-06,2,,18,0,9,1,1,2,2,0,0,6,0,0,0.0,0.0,0,0.11,0,0,0,0,2,10,20.0,4,PWHL Minnesota,MIN,Minnesota,Minnesota,2,1,0,0,0,0,0,0.222222,PWHL,5139,85:39,5,playoff,105,NA,NA,NA,NA,NA,NA,NA,NA,NA,NA,NA,NA,NA,NA,NA,NA,NA,NA,NA,NA,NA
3,Total,Total,1,1,NA,2024,2,NA,18,0,9,1,1,2,2,0,0,6,0,0,0.0,0.0,0,0.11,0,0,0,0,2,10,20.0,4,NA,NA,NA,NA,NA,NA,0,0,0,0,0,0.22,NA,5139,85:39,5,playoff,105,NA,NA,NA,NA,NA,NA,NA,NA,NA,NA,NA,NA,NA,NA,NA,NA,NA,NA,NA,NA,NA
2,2024 Preseason,2024 Preseason,0,0,1,2023-12-02,2,,18,1,3,3,4,4,0,0,0,4,1,0,0.0,25.0,0,1.33,0,0,0,0,0,0,0.0,0,PWHL Minnesota,MIN,Minnesota,PWHL Minnesota,2,1,0,0,0,0,0,0,PWHL,0,0:00,0,exhibition,105,NA,NA,NA,NA,NA,NA,NA,NA,NA,NA,NA,NA,NA,NA,NA,NA,NA,NA,NA,NA,NA
2,Total,Total,0,0,NA,2023,2,NA,18,1,3,3,4,4,0,0,0,4,1,0,0.0,25.0,0,1.33,0,0,0,0,0,0,0.0,0,NA,NA,NA,NA,NA,NA,0,0,0,0,0,0.00,NA,0,0:00,0,exhibition,105,NA,NA,NA,NA,NA,NA,NA,NA,NA,NA,NA,NA,NA,NA,NA,NA,NA,NA,NA,NA,NA
8,2025-26 Regular Season,2025-26 Reg,0,1,1,2025-11-21,2,,16,9,30,11,20,-1,8,2,2,110,0,0,0.0,8.2,0,0.67,0,0,2,0,0,0,0.0,17,Vancouver Goldeneyes,VAN,Vancouver,Goldeneyes,9,1,0,0,1,2,0,0.266667,PWHL,44465,741:05,39,regular,11,NA,NA,NA,NA,NA,NA,NA,NA,NA,NA,NA,NA,NA,NA,NA,NA,NA,NA,NA,NA,NA
5,2024-25 Regular Season,2024-25 Reg,0,1,1,2024-11-25,1,*,16,7,25,15,22,12,10,1,2,75,1,0,0.0,9.3,0,0.88,1,0,1,0,3,3,100.0,12,Minnesota Frost,MIN,Minnesota,Frost,2,1,1,0,0,0,1,0.400000,PWHL,33664,561:04,27,regular,11,NA,NA,NA,NA,NA,NA,NA,NA,NA,NA,NA,NA,NA,NA,NA,NA,NA,NA,NA,NA,NA
1,2024 Regular Season,2024 Reg,0,1,1,2023-11-01,2,,18,0,7,0,0,-4,0,0,0,9,0,0,0.0,0.0,0,0.00,0,0,0,0,2,2,100.0,0,PWHL Boston,BOS,Boston,Boston,1,0,0,0,0,0,0,0,PWHL,6341,105:41,0,regular,11,NA,NA,NA,NA,NA,NA,NA,NA,NA,NA,NA,NA,NA,NA,NA,NA,NA,NA,NA,NA,NA
1,2024 Regular Season,2024 Reg,0,1,1,2024-02-11,2,,16,2,15,8,10,3,4,0,3,59,0,0,0.0,3.4,0,0.67,0,0,0,0,0,0,0.0,16,PWHL Minnesota,MIN,Minnesota,Minnesota,2,1,0,0,0,0,0,0.266667,PWHL,23254,387:34,10,regular,11,NA,NA,NA,NA,NA,NA,NA,NA,NA,NA,NA,NA,NA,NA,NA,NA,NA,NA,NA,NA,NA
15,Total,Total,0,4,NA,8096,7,NA,66,18,77,34,52,10,22,3,7,253,1,0,0.0,7.1,0,0.68,1,0,3,0,5,5,100.0,45,NA,NA,NA,NA,NA,NA,1,0,1,2,1,0.29,NA,107724,1795:24,76,regular,11,NA,NA,NA,NA,NA,NA,NA,NA,NA,NA,NA,NA,NA,NA,NA,NA,NA,NA,NA,NA,NA
6,2025 Playoffs,2025 Playoffs,1,1,1,2025-05-06,1,*,16,2,8,5,7,1,0,0,2,25,0,0,0.0,8.0,0,0.88,0,0,1,0,0,1,0.0,9,Minnesota Frost,MIN,Minnesota,Frost,2,1,0,0,0,0,0,0,PWHL,13835,230:35,11,playoff,11,NA,NA,NA,NA,NA,NA,NA,NA,NA,NA,NA,NA,NA,NA,NA,NA,NA,NA,NA,NA,NA
3,2024 Playoffs,2024 Playoffs,1,1,1,2024-05-06,1,*,16,2,10,3,5,6,2,0,1,28,0,0,0.0,7.1,0,0.50,0,0,0,0,0,0,0.0,14,PWHL Minnesota,MIN,Minnesota,Minnesota,2,1,0,1,0,1,1,0.200000,PWHL,15457,257:37,11,playoff,11,NA,NA,NA,NA,NA,NA,NA,NA,NA,NA,NA,NA,NA,NA,NA,NA,NA,NA,NA,NA,NA
9,Total,Total,1,2,NA,4049,2,NA,32,4,18,8,12,7,2,0,3,53,0,0,0.0,7.5,0,0.67,0,0,1,0,0,1,0.0,23,NA,NA,NA,NA,NA,NA,0,1,0,1,1,0.11,NA,29292,488:12,22,playoff,11,NA,NA,NA,NA,NA,NA,NA,NA,NA,NA,NA,NA,NA,NA,NA,NA,NA,NA,NA,NA,NA
7,2025-26 Preseason,2025-26 Preseason,0,0,1,2025-06-13,2,,16,0,1,0,0,-2,0,0,0,4,0,0,0.0,0.0,0,0.00,0,0,0,0,0,0,0.0,0,Vancouver Goldeneyes,VAN,Vancouver,Goldeneyes,9,1,0,0,0,0,0,0,PWHL,2222,37:02,3,exhibition,11,NA,NA,NA,NA,NA,NA,NA,NA,NA,NA,NA,NA,NA,NA,NA,NA,NA,NA,NA,NA,NA
4,2024-25 Preseason,2024-25 Preseason,0,0,1,2024-11-01,1,*,16,0,1,1,1,1,0,0,0,0,0,0,0.0,0.0,0,1.00,0,0,0,0,0,0,0.0,3,Minnesota Frost,MIN,Minnesota,Frost,2,1,0,0,0,0,0,0,PWHL,1173,19:33,1,exhibition,11,NA,NA,NA,NA,NA,NA,NA,NA,NA,NA,NA,NA,NA,NA,NA,NA,NA,NA,NA,NA,NA
2,2024 Preseason,2024 Preseason,0,0,1,2023-11-01,2,,18,0,2,1,1,-1,0,0,1,7,1,0,0.0,0.0,0,0.50,0,0,0,0,0,0,0.0,0,PWHL Boston,BOS,Boston,PWHL Boston,1,1,0,0,0,0,0,0,PWHL,0,0:00,0,exhibition,11,NA,NA,NA,NA,NA,NA,NA,NA,NA,NA,NA,NA,NA,NA,NA,NA,NA,NA,NA,NA,NA
13,Total,Total,0,0,NA,6072,5,NA,50,0,4,2,2,-2,0,0,1,11,1,0,0.0,0.0,0,0.50,0,0,0,0,0,0,0.0,3,NA,NA,NA,NA,NA,NA,0,0,0,0,0,0.00,NA,3395,56:35,4,exhibition,11,NA,NA,NA,NA,NA,NA,NA,NA,NA,NA,NA,NA,NA,NA,NA,NA,NA,NA,NA,NA,NA
5,2024-25 Regular Season,2024-25 Reg,0,1,1,2024-11-25,2,,16,3,25,2,5,-3,10,1,1,27,0,0,0.0,11.1,0,0.20,0,0,0,0,1,8,12.5,18,Boston Fleet,BOS,Boston,Fleet,1,1,0,0,0,1,0,0.400000,PWHL,13886,231:26,2,regular,110,NA,NA,NA,NA,NA,NA,NA,NA,NA,NA,NA,NA,NA,NA,NA,NA,NA,NA,NA,NA,NA
1,2024 Regular Season,2024 Reg,0,1,1,2023-12-12,2,,16,1,23,1,2,-5,8,0,0,20,0,0,0.0,5.0,0,0.09,0,0,1,0,1,4,25.0,8,PWHL Boston,BOS,Boston,Boston,1,1,0,0,1,0,0,0.347826,PWHL,14841,247:21,4,regular,110,NA,NA,NA,NA,NA,NA,NA,NA,NA,NA,NA,NA,NA,NA,NA,NA,NA,NA,NA,NA,NA
6,Total,Total,0,2,NA,4047,4,NA,32,4,48,3,7,-8,18,1,1,47,0,0,0.0,8.5,0,0.15,0,0,1,0,2,12,16.7,26,NA,NA,NA,NA,NA,NA,0,0,1,1,0,0.38,NA,28727,478:47,6,regular,110,NA,NA,NA,NA,NA,NA,NA,NA,NA,NA,NA,NA,NA,NA,NA,NA,NA,NA,NA,NA,NA
3,2024 Playoffs,2024 Playoffs,1,1,1,2024-05-06,2,,16,2,8,1,3,0,0,0,0,9,0,0,0.0,22.2,0,0.38,1,0,0,0,1,2,50.0,6,PWHL Boston,BOS,Boston,Boston,1,1,1,0,0,1,0,0,PWHL,7523,125:23,3,playoff,110,NA,NA,NA,NA,NA,NA,NA,NA,NA,NA,NA,NA,NA,NA,NA,NA,NA,NA,NA,NA,NA
3,Total,Total,1,1,NA,2024,2,NA,16,2,8,1,3,0,0,0,0,9,0,0,0.0,22.2,0,0.38,1,0,0,0,1,2,50.0,6,NA,NA,NA,NA,NA,NA,1,0,0,1,0,0.00,NA,7523,125:23,3,playoff,110,NA,NA,NA,NA,NA,NA,NA,NA,NA,NA,NA,NA,NA,NA,NA,NA,NA,NA,NA,NA,NA
4,2024-25 Preseason,2024-25 Preseason,0,0,1,2024-11-01,2,,16,0,1,0,0,-1,2,0,0,1,0,0,0.0,0.0,0,0.00,0,0,0,0,0,0,0.0,0,Boston Fleet,BOS,Boston,Fleet,1,1,0,0,0,0,0,2.000000,PWHL,668,11:08,1,exhibition,110,NA,NA,NA,NA,NA,NA,NA,NA,NA,NA,NA,NA,NA,NA,NA,NA,NA,NA,NA,NA,NA
2,2024 Preseason,2024 Preseason,0,0,1,2023-12-04,2,,16,0,2,0,0,-1,0,0,0,3,1,1,100.0,0.0,0,0.00,0,0,0,0,0,0,0.0,0,PWHL Boston,BOS,Boston,PWHL Boston,1,1,0,0,0,0,0,0,PWHL,0,0:00,0,exhibition,110,NA,NA,NA,NA,NA,NA,NA,NA,NA,NA,NA,NA,NA,NA,NA,NA,NA,NA,NA,NA,NA
6,Total,Total,0,0,NA,4047,4,NA,32,0,3,0,0,-2,2,0,0,4,1,1,100.0,0.0,0,0.00,0,0,0,0,0,0,0.0,0,NA,NA,NA,NA,NA,NA,0,0,0,0,0,0.67,NA,668,11:08,1,exhibition,110,NA,NA,NA,NA,NA,NA,NA,NA,NA,NA,NA,NA,NA,NA,NA,NA,NA,NA,NA,NA,NA
4,2024-25 Preseason,2024-25 Preseason,0,0,NA,2024-11-01,2,,NA,0,1,0,0,NA,0,NA,NA,NA,NA,NA,NA,NA,NA,NA,NA,NA,NA,NA,NA,NA,NA,NA,Boston Fleet,BOS,Boston,Fleet,1,NA,NA,NA,NA,NA,NA,NA,PWHL,NA,NA,NA,exhibition,113,2,0,0,3.57,34,2018,12,0,1,0,0,1,0,0,0.000,0,0,10,0.833,17.0,3.57
2,2024 Preseason,2024 Preseason,0,0,NA,2023-12-04,2,,NA,0,1,0,0,NA,0,NA,NA,NA,NA,NA,NA,NA,NA,NA,NA,NA,NA,NA,NA,NA,NA,NA,PWHL Boston,BOS,Boston,PWHL Boston,1,NA,NA,NA,NA,NA,NA,NA,PWHL,NA,NA,NA,exhibition,113,5,2,2,4.62,65,3900,33,0,0,0,1,1,0,1,0.500,4,0,28,0.848,25.0,4.62
6,Total,Total,0,0,NA,4047,4,NA,NA,0,2,0,0,NA,0,NA,NA,NA,NA,NA,NA,NA,NA,NA,NA,NA,NA,NA,NA,NA,NA,NA,NA,NA,NA,NA,NA,NA,NA,NA,NA,NA,NA,NA,NA,NA,NA,NA,exhibition,113,7,2,2,4.26,99,5918,45,0,1,0,1,2,0,1,0.500,4,0,38,0.844,23.1,4.26
8,2025-26 Regular Season,2025-26 Reg,0,1,1,2025-11-21,2,,22,4,30,5,9,-1,14,1,1,57,0,0,0.0,7.0,0,0.30,0,0,2,0,16,38,42.1,35,Vancouver Goldeneyes,VAN,Vancouver,Goldeneyes,9,1,1,0,1,0,0,0.466667,PWHL,30994,516:34,22,regular,114,NA,NA,NA,NA,NA,NA,NA,NA,NA,NA,NA,NA,NA,NA,NA,NA,NA,NA,NA,NA,NA
5,2024-25 Regular Season,2024-25 Reg,0,1,1,2024-11-25,2,,24,6,30,8,14,-9,12,1,4,51,0,0,0.0,11.8,0,0.47,0,0,0,0,10,26,38.5,11,Montréal Victoire,MTL,Montréal,Victoire,3,1,1,1,0,0,0,0.400000,PWHL,27843,464:03,13,regular,114,NA,NA,NA,NA,NA,NA,NA,NA,NA,NA,NA,NA,NA,NA,NA,NA,NA,NA,NA,NA,NA
1,2024 Regular Season,2024 Reg,0,1,1,2023-12-12,2,,24,4,9,1,5,2,4,2,0,27,1,0,0.0,14.8,0,0.56,0,0,1,0,3,15,20.0,0,PWHL Minnesota,MIN,Minnesota,Minnesota,2,1,1,1,1,0,0,0.444444,PWHL,8935,148:55,0,regular,114,NA,NA,NA,NA,NA,NA,NA,NA,NA,NA,NA,NA,NA,NA,NA,NA,NA,NA,NA,NA,NA
14,Total,Total,0,3,NA,6072,6,NA,70,14,69,14,28,-8,30,4,5,135,1,0,0.0,10.4,0,0.41,0,0,3,0,29,79,36.7,46,NA,NA,NA,NA,NA,NA,3,2,2,0,0,0.43,NA,67772,1129:32,35,regular,114,NA,NA,NA,NA,NA,NA,NA,NA,NA,NA,NA,NA,NA,NA,NA,NA,NA,NA,NA,NA,NA
6,2025 Playoffs,2025 Playoffs,1,1,1,2025-05-06,2,,24,0,4,0,0,-1,0,0,0,3,0,0,0.0,0.0,0,0.00,0,0,0,0,0,1,0.0,1,Montréal Victoire,MTL,Montréal,Victoire,3,1,0,0,0,0,0,0,PWHL,3862,64:22,5,playoff,114,NA,NA,NA,NA,NA,NA,NA,NA,NA,NA,NA,NA,NA,NA,NA,NA,NA,NA,NA,NA,NA
3,2024 Playoffs,2024 Playoffs,1,1,1,2024-05-06,2,,24,0,5,1,1,-2,2,0,0,8,0,0,0.0,0.0,0,0.20,0,0,0,0,0,0,0.0,5,PWHL Minnesota,MIN,Minnesota,Minnesota,2,1,0,0,0,0,0,0.400000,PWHL,5172,86:12,3,playoff,114,NA,NA,NA,NA,NA,NA,NA,NA,NA,NA,NA,NA,NA,NA,NA,NA,NA,NA,NA,NA,NA
9,Total,Total,1,2,NA,4049,4,NA,48,0,9,1,1,-3,2,0,0,11,0,0,0.0,0.0,0,0.11,0,0,0,0,0,1,0.0,6,NA,NA,NA,NA,NA,NA,0,0,0,0,0,0.22,NA,9034,150:34,8,playoff,114,NA,NA,NA,NA,NA,NA,NA,NA,NA,NA,NA,NA,NA,NA,NA,NA,NA,NA,NA,NA,NA
7,2025-26 Preseason,2025-26 Preseason,0,0,1,2025-06-13,2,,22,0,1,0,0,0,2,0,0,6,0,0,0.0,0.0,0,0.00,0,0,0,0,5,7,71.4,0,Vancouver Goldeneyes,VAN,Vancouver,Goldeneyes,9,1,0,0,0,0,0,2.000000,PWHL,1305,21:45,0,exhibition,114,NA,NA,NA,NA,NA,NA,NA,NA,NA,NA,NA,NA,NA,NA,NA,NA,NA,NA,NA,NA,NA
4,2024-25 Preseason,2024-25 Preseason,0,0,1,2024-11-01,2,,24,0,1,0,0,1,0,0,0,3,0,0,0.0,0.0,0,0.00,0,0,0,0,1,1,100.0,2,Montréal Victoire,MTL,Montréal,Victoire,3,1,0,0,0,0,0,0,PWHL,1037,17:17,1,exhibition,114,NA,NA,NA,NA,NA,NA,NA,NA,NA,NA,NA,NA,NA,NA,NA,NA,NA,NA,NA,NA,NA
2,2024 Preseason,2024 Preseason,0,0,1,2023-12-04,2,,24,2,3,1,3,5,4,0,0,10,0,0,0.0,20.0,0,1.00,0,0,0,0,0,0,0.0,0,PWHL Minnesota,MIN,Minnesota,PWHL Minnesota,2,1,0,0,0,1,0,1.333333,PWHL,0,0:00,0,exhibition,114,NA,NA,NA,NA,NA,NA,NA,NA,NA,NA,NA,NA,NA,NA,NA,NA,NA,NA,NA,NA,NA
13,Total,Total,0,0,NA,6072,6,NA,70,2,5,1,3,6,6,0,0,19,0,0,0.0,10.5,0,0.60,0,0,0,0,6,8,75.0,2,NA,NA,NA,NA,NA,NA,0,0,0,1,0,1.20,NA,2342,39:02,1,exhibition,114,NA,NA,NA,NA,NA,NA,NA,NA,NA,NA,NA,NA,NA,NA,NA,NA,NA,NA,NA,NA,NA
8,2025-26 Regular Season,2025-26 Reg,0,1,1,2025-11-21,2,,86,1,13,4,5,-2,4,0,1,18,0,0,0.0,5.6,0,0.38,0,0,0,0,6,11,54.5,8,Vancouver Goldeneyes,VAN,Vancouver,Goldeneyes,9,0,0,0,0,0,0,0.307692,PWHL,11331,188:51,5,regular,115,NA,NA,NA,NA,NA,NA,NA,NA,NA,NA,NA,NA,NA,NA,NA,NA,NA,NA,NA,NA,NA
8,2025-26 Regular Season,2025-26 Reg,0,1,1,2026-01-18,2,,86,0,17,4,4,3,6,0,0,24,0,0,0.0,0.0,0,0.24,0,0,0,0,3,8,37.5,3,Ottawa Charge,OTT,Ottawa,Charge,5,1,0,0,0,0,0,0.352941,PWHL,13358,222:38,3,regular,115,NA,NA,NA,NA,NA,NA,NA,NA,NA,NA,NA,NA,NA,NA,NA,NA,NA,NA,NA,NA,NA
5,2024-25 Regular Season,2024-25 Reg,0,1,1,2024-11-25,2,,86,9,30,10,19,11,10,3,2,53,1,0,0.0,17.0,0,0.63,0,0,0,0,3,7,42.9,5,Minnesota Frost,MIN,Minnesota,Frost,2,1,3,2,0,0,2,0.333333,PWHL,29664,494:24,10,regular,115,NA,NA,NA,NA,NA,NA,NA,NA,NA,NA,NA,NA,NA,NA,NA,NA,NA,NA,NA,NA,NA
1,2024 Regular Season,2024 Reg,0,1,1,2023-12-08,2,,86,5,24,3,8,3,4,0,1,43,1,0,0.0,11.6,0,0.33,0,0,0,0,30,68,44.1,4,PWHL Minnesota,MIN,Minnesota,Minnesota,2,1,2,1,0,0,0,0.166667,PWHL,21605,360:05,3,regular,115,NA,NA,NA,NA,NA,NA,NA,NA,NA,NA,NA,NA,NA,NA,NA,NA,NA,NA,NA,NA,NA
22,Total,Total,0,4,NA,8098,8,NA,344,15,84,21,36,15,24,3,4,138,2,0,0.0,10.9,0,0.43,0,0,0,0,42,94,44.7,20,NA,NA,NA,NA,NA,NA,5,3,0,0,2,0.29,NA,75958,1265:58,21,regular,115,NA,NA,NA,NA,NA,NA,NA,NA,NA,NA,NA,NA,NA,NA,NA,NA,NA,NA,NA,NA,NA
9,2026 Playoffs,2026 Playoffs,1,1,1,2026-04-28,2,,86,1,8,2,3,1,0,0,1,10,0,0,0.0,10.0,0,0.38,0,0,1,0,4,8,50.0,2,Ottawa Charge,OTT,Ottawa,Charge,5,1,0,0,1,0,0,0,PWHL,6983,116:23,1,playoff,115,NA,NA,NA,NA,NA,NA,NA,NA,NA,NA,NA,NA,NA,NA,NA,NA,NA,NA,NA,NA,NA
6,2025 Playoffs,2025 Playoffs,1,1,1,2025-05-06,2,,86,3,8,2,5,-3,4,1,0,17,0,0,0.0,17.6,0,0.63,0,0,1,0,0,0,0.0,2,Minnesota Frost,MIN,Minnesota,Frost,2,1,0,1,0,0,0,0.500000,PWHL,9024,150:24,1,playoff,115,NA,NA,NA,NA,NA,NA,NA,NA,NA,NA,NA,NA,NA,NA,NA,NA,NA,NA,NA,NA,NA
3,2024 Playoffs,2024 Playoffs,1,1,1,2024-05-06,2,,86,4,10,4,8,6,4,0,0,25,0,0,0.0,16.0,0,0.80,0,0,1,0,0,1,0.0,9,PWHL Minnesota,MIN,Minnesota,Minnesota,2,1,2,2,0,0,0,0.400000,PWHL,10941,182:21,5,playoff,115,NA,NA,NA,NA,NA,NA,NA,NA,NA,NA,NA,NA,NA,NA,NA,NA,NA,NA,NA,NA,NA
18,Total,Total,1,3,NA,6075,6,NA,258,8,26,8,16,4,8,1,1,52,0,0,0.0,15.4,0,0.62,0,0,3,0,4,9,44.4,13,NA,NA,NA,NA,NA,NA,2,3,1,0,0,0.31,NA,26948,449:08,7,playoff,115,NA,NA,NA,NA,NA,NA,NA,NA,NA,NA,NA,NA,NA,NA,NA,NA,NA,NA,NA,NA,NA
7,2025-26 Preseason,2025-26 Preseason,0,0,1,2025-06-18,2,,86,1,1,0,1,2,0,0,0,2,0,0,0.0,50.0,0,1.00,0,0,0,0,0,0,0.0,1,Vancouver Goldeneyes,VAN,Vancouver,Goldeneyes,9,1,0,1,0,0,0,0,PWHL,965,16:05,1,exhibition,115,NA,NA,NA,NA,NA,NA,NA,NA,NA,NA,NA,NA,NA,NA,NA,NA,NA,NA,NA,NA,NA
4,2024-25 Preseason,2024-25 Preseason,0,0,1,2024-11-01,2,,86,0,1,1,1,0,0,0,1,0,0,0,0.0,0.0,0,1.00,0,0,0,0,0,0,0.0,0,Minnesota Frost,MIN,Minnesota,Frost,2,1,0,0,0,0,0,0,PWHL,1737,28:57,0,exhibition,115,NA,NA,NA,NA,NA,NA,NA,NA,NA,NA,NA,NA,NA,NA,NA,NA,NA,NA,NA,NA,NA
2,2024 Preseason,2024 Preseason,0,0,1,2023-12-04,2,,86,0,2,0,0,0,0,0,0,0,0,0,0.0,0.0,0,0.00,0,0,0,0,0,0,0.0,0,PWHL Minnesota,MIN,Minnesota,PWHL Minnesota,2,1,0,0,0,0,0,0,PWHL,0,0:00,0,exhibition,115,NA,NA,NA,NA,NA,NA,NA,NA,NA,NA,NA,NA,NA,NA,NA,NA,NA,NA,NA,NA,NA
13,Total,Total,0,0,NA,6072,6,NA,258,1,4,1,2,2,0,0,1,2,0,0,0.0,50.0,0,0.50,0,0,0,0,0,0,0.0,1,NA,NA,NA,NA,NA,NA,0,1,0,0,0,0.00,NA,2702,45:02,1,exhibition,115,NA,NA,NA,NA,NA,NA,NA,NA,NA,NA,NA,NA,NA,NA,NA,NA,NA,NA,NA,NA,NA
8,2025-26 Regular Season,2025-26 Reg,0,1,1,2025-11-21,2,,8,0,17,0,0,0,4,0,0,1,0,0,0.0,0.0,0,0.00,0,0,0,0,0,2,0.0,1,Toronto Sceptres,TOR,Toronto,Sceptres,6,0,0,0,0,0,0,0.235294,PWHL,2431,40:31,2,regular,116,NA,NA,NA,NA,NA,NA,NA,NA,NA,NA,NA,NA,NA,NA,NA,NA,NA,NA,NA,NA,NA
8,2025-26 Regular Season,2025-26 Reg,0,1,1,2026-03-18,2,,41,0,9,2,2,1,2,0,0,10,0,0,0.0,0.0,0,0.22,0,0,0,0,12,33,36.4,1,New York Sirens,NY,New York,Sirens,4,1,0,0,0,0,0,0.222222,PWHL,5904,98:24,2,regular,116,NA,NA,NA,NA,NA,NA,NA,NA,NA,NA,NA,NA,NA,NA,NA,NA,NA,NA,NA,NA,NA
5,2024-25 Regular Season,2024-25 Reg,0,1,1,2024-11-25,2,,26,0,26,2,2,4,4,0,0,12,0,0,0.0,0.0,0,0.08,0,0,0,0,35,100,35.0,4,Montréal Victoire,MTL,Montréal,Victoire,3,1,0,0,0,0,0,0.153846,PWHL,13333,222:13,8,regular,116,NA,NA,NA,NA,NA,NA,NA,NA,NA,NA,NA,NA,NA,NA,NA,NA,NA,NA,NA,NA,NA
1,2024 Regular Season,2024 Reg,0,1,1,2023-12-08,2,,14,0,23,1,1,-4,6,0,0,14,0,0,0.0,0.0,0,0.04,0,0,0,0,20,70,28.6,3,PWHL Minnesota,MIN,Minnesota,Minnesota,2,1,0,0,0,0,0,0.260870,PWHL,14190,236:30,3,regular,116,NA,NA,NA,NA,NA,NA,NA,NA,NA,NA,NA,NA,NA,NA,NA,NA,NA,NA,NA,NA,NA
22,Total,Total,0,4,NA,8098,8,NA,89,0,75,5,5,1,16,0,0,37,0,0,0.0,0.0,0,0.07,0,0,0,0,67,205,32.7,9,NA,NA,NA,NA,NA,NA,0,0,0,0,0,0.21,NA,35858,597:38,15,regular,116,NA,NA,NA,NA,NA,NA,NA,NA,NA,NA,NA,NA,NA,NA,NA,NA,NA,NA,NA,NA,NA
6,2025 Playoffs,2025 Playoffs,1,1,1,2025-05-06,2,,26,0,1,0,0,0,0,0,0,0,0,0,0.0,0.0,0,0.00,0,0,0,0,0,0,0.0,0,Montréal Victoire,MTL,Montréal,Victoire,3,1,0,0,0,0,0,0,PWHL,49,0:49,0,playoff,116,NA,NA,NA,NA,NA,NA,NA,NA,NA,NA,NA,NA,NA,NA,NA,NA,NA,NA,NA,NA,NA
3,2024 Playoffs,2024 Playoffs,1,1,1,2024-05-06,2,,14,0,10,0,0,1,4,0,0,6,0,0,0.0,0.0,0,0.00,0,0,0,0,11,36,30.6,3,PWHL Minnesota,MIN,Minnesota,Minnesota,2,1,0,0,0,0,0,0.400000,PWHL,6496,108:16,2,playoff,116,NA,NA,NA,NA,NA,NA,NA,NA,NA,NA,NA,NA,NA,NA,NA,NA,NA,NA,NA,NA,NA
9,Total,Total,1,2,NA,4049,4,NA,40,0,11,0,0,1,4,0,0,6,0,0,0.0,0.0,0,0.00,0,0,0,0,11,36,30.6,3,NA,NA,NA,NA,NA,NA,0,0,0,0,0,0.36,NA,6545,109:05,2,playoff,116,NA,NA,NA,NA,NA,NA,NA,NA,NA,NA,NA,NA,NA,NA,NA,NA,NA,NA,NA,NA,NA
7,2025-26 Preseason,2025-26 Preseason,0,0,1,2025-06-27,2,,8,0,2,0,0,0,2,0,0,2,0,0,0.0,0.0,0,0.00,0,0,0,0,0,7,0.0,4,Toronto Sceptres,TOR,Toronto,Sceptres,6,1,0,0,0,0,0,1.000000,PWHL,1568,26:08,1,exhibition,116,NA,NA,NA,NA,NA,NA,NA,NA,NA,NA,NA,NA,NA,NA,NA,NA,NA,NA,NA,NA,NA
4,2024-25 Preseason,2024-25 Preseason,0,0,1,2024-11-01,2,,26,0,2,0,0,-1,0,0,0,2,0,0,0.0,0.0,0,0.00,0,0,0,0,3,22,13.6,0,Montréal Victoire,MTL,Montréal,Victoire,3,1,0,0,0,0,0,0,PWHL,1418,23:38,0,exhibition,116,NA,NA,NA,NA,NA,NA,NA,NA,NA,NA,NA,NA,NA,NA,NA,NA,NA,NA,NA,NA,NA
2,2024 Preseason,2024 Preseason,0,0,1,2023-12-04,2,,14,0,3,0,0,1,2,0,0,1,0,0,0.0,0.0,0,0.00,0,0,0,0,0,0,0.0,0,PWHL Minnesota,MIN,Minnesota,PWHL Minnesota,2,1,0,0,0,0,0,0.666667,PWHL,0,0:00,0,exhibition,116,NA,NA,NA,NA,NA,NA,NA,NA,NA,NA,NA,NA,NA,NA,NA,NA,NA,NA,NA,NA,NA
13,Total,Total,0,0,NA,6072,6,NA,48,0,7,0,0,0,4,0,0,5,0,0,0.0,0.0,0,0.00,0,0,0,0,3,29,10.3,4,NA,NA,NA,NA,NA,NA,0,0,0,0,0,0.57,NA,2986,49:46,1,exhibition,116,NA,NA,NA,NA,NA,NA,NA,NA,NA,NA,NA,NA,NA,NA,NA,NA,NA,NA,NA,NA,NA
8,2025-26 Regular Season,2025-26 Reg,0,1,1,2025-11-21,2,,25,0,13,0,0,-2,19,0,0,2,0,0,0.0,0.0,0,0.00,0,0,0,0,0,0,0.0,5,Vancouver Goldeneyes,VAN,Vancouver,Goldeneyes,9,0,0,0,0,0,0,1.461538,PWHL,4301,71:41,4,regular,118,NA,NA,NA,NA,NA,NA,NA,NA,NA,NA,NA,NA,NA,NA,NA,NA,NA,NA,NA,NA,NA
8,2025-26 Regular Season,2025-26 Reg,0,1,1,2026-01-18,2,,25,0,17,2,2,-2,6,0,0,13,0,0,0.0,0.0,0,0.12,0,0,0,0,0,0,0.0,16,Ottawa Charge,OTT,Ottawa,Charge,5,1,0,0,0,0,0,0.352941,PWHL,11583,193:03,8,regular,118,NA,NA,NA,NA,NA,NA,NA,NA,NA,NA,NA,NA,NA,NA,NA,NA,NA,NA,NA,NA,NA
5,2024-25 Regular Season,2024-25 Reg,0,1,1,2024-11-25,2,,25,0,28,3,3,3,8,0,0,20,0,0,0.0,0.0,0,0.11,0,1,0,0,3,4,75.0,35,Boston Fleet,BOS,Boston,Fleet,1,1,0,0,0,0,0,0.285714,PWHL,18816,313:36,18,regular,118,NA,NA,NA,NA,NA,NA,NA,NA,NA,NA,NA,NA,NA,NA,NA,NA,NA,NA,NA,NA,NA
1,2024 Regular Season,2024 Reg,0,1,1,2023-12-12,2,,25,0,22,0,0,8,10,0,0,24,0,0,0.0,0.0,0,0.00,0,0,0,0,0,2,0.0,17,PWHL Minnesota,MIN,Minnesota,Minnesota,2,1,0,0,0,0,0,0.454545,PWHL,17652,294:12,16,regular,118,NA,NA,NA,NA,NA,NA,NA,NA,NA,NA,NA,NA,NA,NA,NA,NA,NA,NA,NA,NA,NA
22,Total,Total,0,4,NA,8098,8,NA,100,0,80,5,5,7,43,0,0,59,0,0,0.0,0.0,0,0.06,0,1,0,0,3,6,50.0,73,NA,NA,NA,NA,NA,NA,0,0,0,0,0,0.54,NA,52352,872:32,46,regular,118,NA,NA,NA,NA,NA,NA,NA,NA,NA,NA,NA,NA,NA,NA,NA,NA,NA,NA,NA,NA,NA
9,2026 Playoffs,2026 Playoffs,1,1,1,2026-04-28,2,,25,0,8,0,0,1,2,0,0,0,0,0,0.0,0.0,0,0.00,0,0,0,0,0,0,0.0,3,Ottawa Charge,OTT,Ottawa,Charge,5,1,0,0,0,0,0,0.250000,PWHL,4968,82:48,4,playoff,118,NA,NA,NA,NA,NA,NA,NA,NA,NA,NA,NA,NA,NA,NA,NA,NA,NA,NA,NA,NA,NA
3,2024 Playoffs,2024 Playoffs,1,1,1,2024-05-06,2,,25,0,10,0,0,0,6,0,0,6,0,0,0.0,0.0,0,0.00,0,0,0,0,0,0,0.0,15,PWHL Minnesota,MIN,Minnesota,Minnesota,2,1,0,0,0,0,0,0.600000,PWHL,9038,150:38,13,playoff,118,NA,NA,NA,NA,NA,NA,NA,NA,NA,NA,NA,NA,NA,NA,NA,NA,NA,NA,NA,NA,NA
12,Total,Total,1,2,NA,4050,4,NA,50,0,18,0,0,1,8,0,0,6,0,0,0.0,0.0,0,0.00,0,0,0,0,0,0,0.0,18,NA,NA,NA,NA,NA,NA,0,0,0,0,0,0.44,NA,14006,233:26,17,playoff,118,NA,NA,NA,NA,NA,NA,NA,NA,NA,NA,NA,NA,NA,NA,NA,NA,NA,NA,NA,NA,NA
7,2025-26 Preseason,2025-26 Preseason,0,0,1,2025-06-18,2,,25,0,1,0,0,0,0,0,0,0,0,0,0.0,0.0,0,0.00,0,0,0,0,0,0,0.0,0,Vancouver Goldeneyes,VAN,Vancouver,Goldeneyes,9,1,0,0,0,0,0,0,PWHL,1,0:01,0,exhibition,118,NA,NA,NA,NA,NA,NA,NA,NA,NA,NA,NA,NA,NA,NA,NA,NA,NA,NA,NA,NA,NA
4,2024-25 Preseason,2024-25 Preseason,0,0,1,2024-10-11,2,,25,0,1,0,0,-3,0,0,0,1,0,0,0.0,0.0,0,0.00,0,0,0,0,0,0,0.0,0,Boston Fleet,BOS,Boston,Fleet,1,1,0,0,0,0,0,0,PWHL,1141,19:01,0,exhibition,118,NA,NA,NA,NA,NA,NA,NA,NA,NA,NA,NA,NA,NA,NA,NA,NA,NA,NA,NA,NA,NA
2,2024 Preseason,2024 Preseason,0,0,1,2023-12-04,2,,25,0,2,0,0,0,0,0,0,5,0,0,0.0,0.0,0,0.00,0,0,0,0,0,0,0.0,0,PWHL Minnesota,MIN,Minnesota,PWHL Minnesota,2,1,0,0,0,0,0,0,PWHL,0,0:00,0,exhibition,118,NA,NA,NA,NA,NA,NA,NA,NA,NA,NA,NA,NA,NA,NA,NA,NA,NA,NA,NA,NA,NA
13,Total,Total,0,0,NA,6072,6,NA,75,0,4,0,0,-3,0,0,0,6,0,0,0.0,0.0,0,0.00,0,0,0,0,0,0,0.0,0,NA,NA,NA,NA,NA,NA,0,0,0,0,0,0.00,NA,1142,19:02,0,exhibition,118,NA,NA,NA,NA,NA,NA,NA,NA,NA,NA,NA,NA,NA,NA,NA,NA,NA,NA,NA,NA,NA
1,2024 Regular Season,2024 Reg,0,1,1,2023-12-12,2,,36,0,12,0,0,-1,0,0,0,1,0,0,0.0,0.0,0,0.00,0,0,0,0,0,0,0.0,0,PWHL Minnesota,MIN,Minnesota,Minnesota,2,1,0,0,0,0,0,0,PWHL,3809,63:29,2,regular,119,NA,NA,NA,NA,NA,NA,NA,NA,NA,NA,NA,NA,NA,NA,NA,NA,NA,NA,NA,NA,NA
1,Total,Total,0,1,NA,2023,2,NA,36,0,12,0,0,-1,0,0,0,1,0,0,0.0,0.0,0,0.00,0,0,0,0,0,0,0.0,0,NA,NA,NA,NA,NA,NA,0,0,0,0,0,0.00,NA,3809,63:29,2,regular,119,NA,NA,NA,NA,NA,NA,NA,NA,NA,NA,NA,NA,NA,NA,NA,NA,NA,NA,NA,NA,NA
2,2024 Preseason,2024 Preseason,0,0,1,2023-12-04,2,,36,0,2,1,1,2,0,0,0,0,0,0,0.0,0.0,0,0.50,0,0,0,0,0,0,0.0,0,PWHL Minnesota,MIN,Minnesota,PWHL Minnesota,2,1,0,0,0,0,0,0,PWHL,0,0:00,0,exhibition,119,NA,NA,NA,NA,NA,NA,NA,NA,NA,NA,NA,NA,NA,NA,NA,NA,NA,NA,NA,NA,NA
2,Total,Total,0,0,NA,2023,2,NA,36,0,2,1,1,2,0,0,0,0,0,0,0.0,0.0,0,0.50,0,0,0,0,0,0,0.0,0,NA,NA,NA,NA,NA,NA,0,0,0,0,0,0.00,NA,0,0:00,0,exhibition,119,NA,NA,NA,NA,NA,NA,NA,NA,NA,NA,NA,NA,NA,NA,NA,NA,NA,NA,NA,NA,NA
2,2024 Preseason,2024 Preseason,0,0,1,2023-12-04,2,,23,0,2,0,0,-1,0,0,0,1,0,0,0.0,0.0,0,0.00,0,0,0,0,0,0,0.0,0,PWHL Minnesota,MIN,Minnesota,PWHL Minnesota,2,1,0,0,0,0,0,0,PWHL,0,0:00,0,exhibition,120,NA,NA,NA,NA,NA,NA,NA,NA,NA,NA,NA,NA,NA,NA,NA,NA,NA,NA,NA,NA,NA
2,Total,Total,0,0,NA,2023,2,NA,23,0,2,0,0,-1,0,0,0,1,0,0,0.0,0.0,0,0.00,0,0,0,0,0,0,0.0,0,NA,NA,NA,NA,NA,NA,0,0,0,0,0,0.00,NA,0,0:00,0,exhibition,120,NA,NA,NA,NA,NA,NA,NA,NA,NA,NA,NA,NA,NA,NA,NA,NA,NA,NA,NA,NA,NA
4,2024-25 Preseason,2024-25 Preseason,0,0,NA,2024-11-01,2,,NA,0,1,0,0,NA,0,NA,NA,NA,NA,NA,NA,NA,NA,NA,NA,NA,NA,NA,NA,NA,NA,NA,Minnesota Frost,MIN,Minnesota,Frost,2,NA,NA,NA,NA,NA,NA,NA,PWHL,NA,NA,NA,exhibition,121,2,0,0,4.07,30,1771,11,1,0,0,0,0,0,0,0.000,0,0,9,0.818,18.0,4.07
2,2024 Preseason,2024 Preseason,0,0,NA,2023-12-04,2,,NA,0,1,0,0,NA,0,NA,NA,NA,NA,NA,NA,NA,NA,NA,NA,NA,NA,NA,NA,NA,NA,NA,PWHL Minnesota,MIN,Minnesota,PWHL Minnesota,2,NA,NA,NA,NA,NA,NA,NA,PWHL,NA,NA,NA,exhibition,121,3,0,0,6.61,27,1634,20,0,0,0,0,0,0,0,0.000,0,0,17,0.850,37.0,6.61
6,Total,Total,0,0,NA,4047,4,NA,NA,0,2,0,0,NA,0,NA,NA,NA,NA,NA,NA,NA,NA,NA,NA,NA,NA,NA,NA,NA,NA,NA,NA,NA,NA,NA,NA,NA,NA,NA,NA,NA,NA,NA,NA,NA,NA,NA,exhibition,121,5,0,0,5.29,57,3405,31,1,0,0,0,0,0,0,0.000,0,0,26,0.839,27.5,5.29
2,2024 Preseason,2024 Preseason,0,0,NA,2023-12-04,2,,NA,0,2,0,0,NA,0,NA,NA,NA,NA,NA,NA,NA,NA,NA,NA,NA,NA,NA,NA,NA,NA,NA,PWHL Minnesota,MIN,Minnesota,PWHL Minnesota,2,NA,NA,NA,NA,NA,NA,NA,PWHL,NA,NA,NA,exhibition,122,4,0,4,2.63,91,5476,44,2,0,0,0,0,0,0,1.000,4,0,40,0.909,26.0,2.63
2,Total,Total,0,0,NA,2023,2,NA,NA,0,2,0,0,NA,0,NA,NA,NA,NA,NA,NA,NA,NA,NA,NA,NA,NA,NA,NA,NA,NA,NA,NA,NA,NA,NA,NA,NA,NA,NA,NA,NA,NA,NA,NA,NA,NA,NA,exhibition,122,4,0,4,2.63,91,5476,44,2,0,0,0,0,0,0,1.000,4,0,40,0.909,26.3,2.63
5,2024-25 Regular Season,2024-25 Reg,0,1,1,2024-11-25,2,,51,0,6,0,0,-2,2,0,0,9,0,0,0.0,0.0,0,0.00,0,0,0,0,9,25,36.0,1,Toronto Sceptres,TOR,Toronto,Sceptres,6,0,0,0,0,0,0,0.333333,PWHL,3605,60:05,0,regular,125,NA,NA,NA,NA,NA,NA,NA,NA,NA,NA,NA,NA,NA,NA,NA,NA,NA,NA,NA,NA,NA
5,2024-25 Regular Season,2024-25 Reg,0,1,1,2024-12-30,2,,12,2,24,3,5,4,4,0,1,29,0,0,0.0,6.9,0,0.21,0,0,0,0,5,16,31.3,9,Ottawa Charge,OTT,Ottawa,Charge,5,1,1,0,0,0,0,0.166667,PWHL,17277,287:57,7,regular,125,NA,NA,NA,NA,NA,NA,NA,NA,NA,NA,NA,NA,NA,NA,NA,NA,NA,NA,NA,NA,NA
1,2024 Regular Season,2024 Reg,0,1,1,2023-12-13,2,,51,2,16,3,5,3,2,0,1,25,1,0,0.0,8.0,0,0.31,0,0,0,0,22,46,47.8,6,PWHL Toronto,TOR,Toronto,Toronto,6,1,0,1,0,2,2,0.125000,PWHL,13599,226:39,3,regular,125,NA,NA,NA,NA,NA,NA,NA,NA,NA,NA,NA,NA,NA,NA,NA,NA,NA,NA,NA,NA,NA
11,Total,Total,0,3,NA,6071,6,NA,114,4,46,6,10,5,8,0,2,63,1,0,0.0,6.3,0,0.22,0,0,0,0,36,87,41.4,16,NA,NA,NA,NA,NA,NA,1,1,0,2,2,0.17,NA,34481,574:41,10,regular,125,NA,NA,NA,NA,NA,NA,NA,NA,NA,NA,NA,NA,NA,NA,NA,NA,NA,NA,NA,NA,NA
6,2025 Playoffs,2025 Playoffs,1,1,1,2025-05-06,2,,12,0,8,0,0,-1,0,0,0,3,0,0,0.0,0.0,0,0.00,0,0,0,0,2,2,100.0,0,Ottawa Charge,OTT,Ottawa,Charge,5,1,0,0,0,0,0,0,PWHL,4533,75:33,4,playoff,125,NA,NA,NA,NA,NA,NA,NA,NA,NA,NA,NA,NA,NA,NA,NA,NA,NA,NA,NA,NA,NA
3,2024 Playoffs,2024 Playoffs,1,1,1,2024-05-06,2,,51,0,5,1,1,0,0,0,0,2,0,0,0.0,0.0,0,0.20,0,0,0,0,5,12,41.7,1,PWHL Toronto,TOR,Toronto,Toronto,6,1,0,0,0,0,0,0,PWHL,2710,45:10,1,playoff,125,NA,NA,NA,NA,NA,NA,NA,NA,NA,NA,NA,NA,NA,NA,NA,NA,NA,NA,NA,NA,NA
9,Total,Total,1,2,NA,4049,4,NA,63,0,13,1,1,-1,0,0,0,5,0,0,0.0,0.0,0,0.08,0,0,0,0,7,14,50.0,1,NA,NA,NA,NA,NA,NA,0,0,0,0,0,0.00,NA,7243,120:43,5,playoff,125,NA,NA,NA,NA,NA,NA,NA,NA,NA,NA,NA,NA,NA,NA,NA,NA,NA,NA,NA,NA,NA
4,2024-25 Preseason,2024-25 Preseason,0,0,1,2024-10-17,2,,51,1,2,0,1,-2,2,1,0,3,0,0,0.0,33.3,0,0.50,0,0,0,0,11,25,44.0,1,Toronto Sceptres,TOR,Toronto,Sceptres,6,1,0,0,0,0,0,1.000000,PWHL,1999,33:19,0,exhibition,125,NA,NA,NA,NA,NA,NA,NA,NA,NA,NA,NA,NA,NA,NA,NA,NA,NA,NA,NA,NA,NA
2,2024 Preseason,2024 Preseason,0,0,1,2023-12-04,2,,51,1,3,1,2,2,0,0,0,9,1,1,100.0,11.1,0,0.67,0,0,0,0,0,0,0.0,0,PWHL Toronto,TOR,Toronto,PWHL Toronto,6,1,0,0,0,0,0,0,PWHL,0,0:00,0,exhibition,125,NA,NA,NA,NA,NA,NA,NA,NA,NA,NA,NA,NA,NA,NA,NA,NA,NA,NA,NA,NA,NA
6,Total,Total,0,0,NA,4047,4,NA,102,2,5,1,3,0,2,1,0,12,1,1,100.0,16.7,0,0.60,0,0,0,0,11,25,44.0,1,NA,NA,NA,NA,NA,NA,0,0,0,0,0,0.40,NA,1999,33:19,0,exhibition,125,NA,NA,NA,NA,NA,NA,NA,NA,NA,NA,NA,NA,NA,NA,NA,NA,NA,NA,NA,NA,NA
8,2025-26 Regular Season,2025-26 Reg,0,1,1,2026-04-01,2,,8,0,6,0,0,-1,0,0,0,5,0,0,0.0,0.0,0,0.00,0,0,0,0,0,0,0.0,2,Minnesota Frost,MIN,Minnesota,Frost,2,1,0,0,0,0,0,0,PWHL,2717,45:17,0,regular,126,NA,NA,NA,NA,NA,NA,NA,NA,NA,NA,NA,NA,NA,NA,NA,NA,NA,NA,NA,NA,NA
1,2024 Regular Season,2024 Reg,0,1,1,2023-12-13,2,,17,2,23,0,2,-6,6,0,0,18,0,0,0.0,11.1,0,0.09,0,0,0,0,5,9,55.6,19,PWHL Toronto,TOR,Toronto,Toronto,6,1,0,1,0,0,1,0.260870,PWHL,12230,203:50,6,regular,126,NA,NA,NA,NA,NA,NA,NA,NA,NA,NA,NA,NA,NA,NA,NA,NA,NA,NA,NA,NA,NA
9,Total,Total,0,2,NA,4049,4,NA,25,2,29,0,2,-7,6,0,0,23,0,0,0.0,8.7,0,0.07,0,0,0,0,5,9,55.6,21,NA,NA,NA,NA,NA,NA,0,1,0,0,1,0.21,NA,14947,249:07,6,regular,126,NA,NA,NA,NA,NA,NA,NA,NA,NA,NA,NA,NA,NA,NA,NA,NA,NA,NA,NA,NA,NA
9,2026 Playoffs,2026 Playoffs,1,1,1,2026-04-28,2,,8,1,5,1,2,1,2,0,0,9,0,0,0.0,11.1,0,0.40,0,0,0,0,0,3,0.0,2,Minnesota Frost,MIN,Minnesota,Frost,2,1,0,0,0,0,0,0.400000,PWHL,4994,83:14,4,playoff,126,NA,NA,NA,NA,NA,NA,NA,NA,NA,NA,NA,NA,NA,NA,NA,NA,NA,NA,NA,NA,NA
3,2024 Playoffs,2024 Playoffs,1,1,1,2024-05-06,2,,17,0,5,0,0,-1,0,0,0,3,0,0,0.0,0.0,0,0.00,0,0,0,0,0,0,0.0,5,PWHL Toronto,TOR,Toronto,Toronto,6,1,0,0,0,0,0,0,PWHL,2131,35:31,2,playoff,126,NA,NA,NA,NA,NA,NA,NA,NA,NA,NA,NA,NA,NA,NA,NA,NA,NA,NA,NA,NA,NA
12,Total,Total,1,2,NA,4050,4,NA,25,1,10,1,2,0,2,0,0,12,0,0,0.0,8.3,0,0.20,0,0,0,0,0,3,0.0,7,NA,NA,NA,NA,NA,NA,0,0,0,0,0,0.20,NA,7125,118:45,6,playoff,126,NA,NA,NA,NA,NA,NA,NA,NA,NA,NA,NA,NA,NA,NA,NA,NA,NA,NA,NA,NA,NA
4,2024-25 Preseason,2024-25 Preseason,0,0,1,2024-10-17,2,,17,0,1,0,0,0,0,0,0,1,0,0,0.0,0.0,0,0.00,0,0,0,0,0,1,0.0,4,Toronto Sceptres,TOR,Toronto,Sceptres,6,1,0,0,0,0,0,0,PWHL,473,7:53,1,exhibition,126,NA,NA,NA,NA,NA,NA,NA,NA,NA,NA,NA,NA,NA,NA,NA,NA,NA,NA,NA,NA,NA
2,2024 Preseason,2024 Preseason,0,0,1,2023-12-04,2,,17,0,3,1,1,1,0,0,0,1,1,0,0.0,0.0,0,0.33,0,0,0,0,0,0,0.0,0,PWHL Toronto,TOR,Toronto,PWHL Toronto,6,1,0,0,0,0,0,0,PWHL,0,0:00,0,exhibition,126,NA,NA,NA,NA,NA,NA,NA,NA,NA,NA,NA,NA,NA,NA,NA,NA,NA,NA,NA,NA,NA
6,Total,Total,0,0,NA,4047,4,NA,34,0,4,1,1,1,0,0,0,2,1,0,0.0,0.0,0,0.25,0,0,0,0,0,1,0.0,4,NA,NA,NA,NA,NA,NA,0,0,0,0,0,0.00,NA,473,7:53,1,exhibition,126,NA,NA,NA,NA,NA,NA,NA,NA,NA,NA,NA,NA,NA,NA,NA,NA,NA,NA,NA,NA,NA
1,2024 Regular Season,2024 Reg,0,1,1,2023-12-13,2,,23,0,5,0,0,0,0,0,0,0,0,0,0.0,0.0,0,0.00,0,0,0,0,0,0,0.0,0,PWHL Toronto,TOR,Toronto,Toronto,6,1,0,0,0,0,0,0,PWHL,919,15:19,0,regular,127,NA,NA,NA,NA,NA,NA,NA,NA,NA,NA,NA,NA,NA,NA,NA,NA,NA,NA,NA,NA,NA
1,Total,Total,0,1,NA,2023,2,NA,23,0,5,0,0,0,0,0,0,0,0,0,0.0,0.0,0,0.00,0,0,0,0,0,0,0.0,0,NA,NA,NA,NA,NA,NA,0,0,0,0,0,0.00,NA,919,15:19,0,regular,127,NA,NA,NA,NA,NA,NA,NA,NA,NA,NA,NA,NA,NA,NA,NA,NA,NA,NA,NA,NA,NA
3,2024 Playoffs,2024 Playoffs,1,1,1,2024-05-06,2,,23,0,2,0,0,0,0,0,0,0,0,0,0.0,0.0,0,0.00,0,0,0,0,0,0,0.0,0,PWHL Toronto,TOR,Toronto,Toronto,6,1,0,0,0,0,0,0,PWHL,64,1:04,0,playoff,127,NA,NA,NA,NA,NA,NA,NA,NA,NA,NA,NA,NA,NA,NA,NA,NA,NA,NA,NA,NA,NA
3,Total,Total,1,1,NA,2024,2,NA,23,0,2,0,0,0,0,0,0,0,0,0,0.0,0.0,0,0.00,0,0,0,0,0,0,0.0,0,NA,NA,NA,NA,NA,NA,0,0,0,0,0,0.00,NA,64,1:04,0,playoff,127,NA,NA,NA,NA,NA,NA,NA,NA,NA,NA,NA,NA,NA,NA,NA,NA,NA,NA,NA,NA,NA
2,2024 Preseason,2024 Preseason,0,0,1,2023-12-04,2,,23,0,1,0,0,0,0,0,0,1,1,1,100.0,0.0,0,0.00,0,0,0,0,0,0,0.0,0,PWHL Toronto,TOR,Toronto,PWHL Toronto,6,1,0,0,0,0,0,0,PWHL,0,0:00,0,exhibition,127,NA,NA,NA,NA,NA,NA,NA,NA,NA,NA,NA,NA,NA,NA,NA,NA,NA,NA,NA,NA,NA
2,Total,Total,0,0,NA,2023,2,NA,23,0,1,0,0,0,0,0,0,1,1,1,100.0,0.0,0,0.00,0,0,0,0,0,0,0.0,0,NA,NA,NA,NA,NA,NA,0,0,0,0,0,0.00,NA,0,0:00,0,exhibition,127,NA,NA,NA,NA,NA,NA,NA,NA,NA,NA,NA,NA,NA,NA,NA,NA,NA,NA,NA,NA,NA
8,2025-26 Regular Season,2025-26 Reg,0,1,1,2025-11-21,2,,19,3,29,3,6,2,4,0,0,21,0,0,0.0,14.3,0,0.21,0,0,1,0,2,4,50.0,8,Montréal Victoire,MTL,Montréal,Victoire,3,1,1,0,0,1,1,0.137931,PWHL,18183,303:03,11,regular,128,NA,NA,NA,NA,NA,NA,NA,NA,NA,NA,NA,NA,NA,NA,NA,NA,NA,NA,NA,NA,NA
5,2024-25 Regular Season,2024-25 Reg,0,1,1,2024-11-25,2,,28,0,20,0,0,-4,0,0,0,3,0,0,0.0,0.0,0,0.00,0,0,0,0,0,2,0.0,3,Toronto Sceptres,TOR,Toronto,Sceptres,6,0,0,0,0,0,0,0,PWHL,4603,76:43,4,regular,128,NA,NA,NA,NA,NA,NA,NA,NA,NA,NA,NA,NA,NA,NA,NA,NA,NA,NA,NA,NA,NA
5,2024-25 Regular Season,2024-25 Reg,0,1,1,2025-03-13,2,,19,0,7,1,1,0,0,0,0,6,0,0,0.0,0.0,0,0.14,0,0,0,0,0,0,0.0,3,Montréal Victoire,MTL,Montréal,Victoire,3,1,0,0,0,0,0,0,PWHL,4598,76:38,0,regular,128,NA,NA,NA,NA,NA,NA,NA,NA,NA,NA,NA,NA,NA,NA,NA,NA,NA,NA,NA,NA,NA
1,2024 Regular Season,2024 Reg,0,1,1,2023-12-13,2,,28,0,23,1,1,-3,2,0,0,9,0,0,0.0,0.0,0,0.04,0,0,0,0,1,3,33.3,1,PWHL Toronto,TOR,Toronto,Toronto,6,1,0,0,0,0,0,0.086957,PWHL,8360,139:20,4,regular,128,NA,NA,NA,NA,NA,NA,NA,NA,NA,NA,NA,NA,NA,NA,NA,NA,NA,NA,NA,NA,NA
19,Total,Total,0,4,NA,8097,8,NA,94,3,79,5,8,-5,6,0,0,39,0,0,0.0,7.7,0,0.10,0,0,1,0,3,9,33.3,15,NA,NA,NA,NA,NA,NA,1,0,0,1,1,0.08,NA,35744,595:44,19,regular,128,NA,NA,NA,NA,NA,NA,NA,NA,NA,NA,NA,NA,NA,NA,NA,NA,NA,NA,NA,NA,NA
9,2026 Playoffs,2026 Playoffs,1,1,1,2026-04-28,2,,19,0,9,0,0,2,0,0,0,14,0,0,0.0,0.0,0,0.00,0,0,0,0,3,3,100.0,1,Montréal Victoire,MTL,Montréal,Victoire,3,1,0,0,0,0,0,0,PWHL,7706,128:26,6,playoff,128,NA,NA,NA,NA,NA,NA,NA,NA,NA,NA,NA,NA,NA,NA,NA,NA,NA,NA,NA,NA,NA
6,2025 Playoffs,2025 Playoffs,1,1,1,2025-05-06,2,,19,0,4,1,1,1,0,0,0,8,0,0,0.0,0.0,0,0.25,0,0,0,0,0,1,0.0,0,Montréal Victoire,MTL,Montréal,Victoire,3,1,0,0,0,0,0,0,PWHL,4892,81:32,0,playoff,128,NA,NA,NA,NA,NA,NA,NA,NA,NA,NA,NA,NA,NA,NA,NA,NA,NA,NA,NA,NA,NA
3,2024 Playoffs,2024 Playoffs,1,1,1,2024-05-06,2,,28,0,5,0,0,-1,0,0,0,4,0,0,0.0,0.0,0,0.00,0,0,0,0,0,0,0.0,0,PWHL Toronto,TOR,Toronto,Toronto,6,1,0,0,0,0,0,0,PWHL,2720,45:20,2,playoff,128,NA,NA,NA,NA,NA,NA,NA,NA,NA,NA,NA,NA,NA,NA,NA,NA,NA,NA,NA,NA,NA
18,Total,Total,1,3,NA,6075,6,NA,66,0,18,1,1,2,0,0,0,26,0,0,0.0,0.0,0,0.06,0,0,0,0,3,4,75.0,1,NA,NA,NA,NA,NA,NA,0,0,0,0,0,0.00,NA,15318,255:18,8,playoff,128,NA,NA,NA,NA,NA,NA,NA,NA,NA,NA,NA,NA,NA,NA,NA,NA,NA,NA,NA,NA,NA
7,2025-26 Preseason,2025-26 Preseason,0,0,1,2025-07-10,2,,19,0,1,0,0,0,0,0,0,0,0,0,0.0,0.0,0,0.00,0,0,0,0,0,0,0.0,0,Montréal Victoire,MTL,Montréal,Victoire,3,1,0,0,0,0,0,0,PWHL,689,11:29,0,exhibition,128,NA,NA,NA,NA,NA,NA,NA,NA,NA,NA,NA,NA,NA,NA,NA,NA,NA,NA,NA,NA,NA
4,2024-25 Preseason,2024-25 Preseason,0,0,1,2024-10-17,2,,28,1,2,0,1,-1,2,0,0,2,0,0,0.0,50.0,0,0.50,0,0,0,0,0,0,0.0,1,Toronto Sceptres,TOR,Toronto,Sceptres,6,1,0,0,0,0,0,1.000000,PWHL,1258,20:58,2,exhibition,128,NA,NA,NA,NA,NA,NA,NA,NA,NA,NA,NA,NA,NA,NA,NA,NA,NA,NA,NA,NA,NA
2,2024 Preseason,2024 Preseason,0,0,1,2023-12-04,2,,28,0,2,0,0,0,0,0,0,3,0,0,0.0,0.0,0,0.00,0,0,0,0,0,0,0.0,0,PWHL Toronto,TOR,Toronto,PWHL Toronto,6,1,0,0,0,0,0,0,PWHL,0,0:00,0,exhibition,128,NA,NA,NA,NA,NA,NA,NA,NA,NA,NA,NA,NA,NA,NA,NA,NA,NA,NA,NA,NA,NA
13,Total,Total,0,0,NA,6072,6,NA,75,1,5,0,1,-1,2,0,0,5,0,0,0.0,20.0,0,0.20,0,0,0,0,0,0,0.0,1,NA,NA,NA,NA,NA,NA,0,0,0,0,0,0.40,NA,1947,32:27,2,exhibition,128,NA,NA,NA,NA,NA,NA,NA,NA,NA,NA,NA,NA,NA,NA,NA,NA,NA,NA,NA,NA,NA
8,2025-26 Regular Season,2025-26 Reg,0,1,1,2025-11-21,2,,23,0,30,2,2,-1,4,0,0,23,0,0,0.0,0.0,0,0.07,0,0,0,0,0,0,0.0,44,Vancouver Goldeneyes,VAN,Vancouver,Goldeneyes,9,1,0,0,0,0,0,0.133333,PWHL,34169,569:29,37,regular,129,NA,NA,NA,NA,NA,NA,NA,NA,NA,NA,NA,NA,NA,NA,NA,NA,NA,NA,NA,NA,NA
5,2024-25 Regular Season,2024-25 Reg,0,1,1,2024-11-25,2,,23,1,29,6,7,4,2,0,0,31,0,0,0.0,3.2,0,0.24,0,1,0,0,0,0,0.0,20,Minnesota Frost,MIN,Minnesota,Frost,2,1,0,0,0,0,0,0.068966,PWHL,30290,504:50,25,regular,129,NA,NA,NA,NA,NA,NA,NA,NA,NA,NA,NA,NA,NA,NA,NA,NA,NA,NA,NA,NA,NA
1,2024 Regular Season,2024 Reg,0,1,1,2023-12-12,2,,23,0,24,2,2,1,0,0,0,11,0,0,0.0,0.0,0,0.08,0,0,0,0,0,0,0.0,7,PWHL Minnesota,MIN,Minnesota,Minnesota,2,1,0,0,0,0,0,0,PWHL,23622,393:42,12,regular,129,NA,NA,NA,NA,NA,NA,NA,NA,NA,NA,NA,NA,NA,NA,NA,NA,NA,NA,NA,NA,NA
14,Total,Total,0,3,NA,6072,6,NA,69,1,83,10,11,4,6,0,0,65,0,0,0.0,1.5,0,0.13,0,1,0,0,0,0,0.0,71,NA,NA,NA,NA,NA,NA,0,0,0,0,0,0.07,NA,88081,1468:01,74,regular,129,NA,NA,NA,NA,NA,NA,NA,NA,NA,NA,NA,NA,NA,NA,NA,NA,NA,NA,NA,NA,NA
6,2025 Playoffs,2025 Playoffs,1,1,1,2025-05-06,2,,23,1,8,4,5,5,0,1,0,9,0,0,0.0,11.1,0,0.63,0,0,0,0,0,0,0.0,7,Minnesota Frost,MIN,Minnesota,Frost,2,1,0,1,0,0,0,0,PWHL,12384,206:24,8,playoff,129,NA,NA,NA,NA,NA,NA,NA,NA,NA,NA,NA,NA,NA,NA,NA,NA,NA,NA,NA,NA,NA
3,2024 Playoffs,2024 Playoffs,1,1,1,2024-05-06,2,,23,0,10,4,4,6,2,0,0,12,0,0,0.0,0.0,0,0.40,0,0,0,0,0,0,0.0,13,PWHL Minnesota,MIN,Minnesota,Minnesota,2,1,0,0,0,0,0,0.200000,PWHL,12694,211:34,5,playoff,129,NA,NA,NA,NA,NA,NA,NA,NA,NA,NA,NA,NA,NA,NA,NA,NA,NA,NA,NA,NA,NA
9,Total,Total,1,2,NA,4049,4,NA,46,1,18,8,9,11,2,1,0,21,0,0,0.0,4.8,0,0.50,0,0,0,0,0,0,0.0,20,NA,NA,NA,NA,NA,NA,0,1,0,0,0,0.11,NA,25078,417:58,13,playoff,129,NA,NA,NA,NA,NA,NA,NA,NA,NA,NA,NA,NA,NA,NA,NA,NA,NA,NA,NA,NA,NA
7,2025-26 Preseason,2025-26 Preseason,0,0,1,2025-06-18,2,,23,0,1,0,0,-2,0,0,0,0,0,0,0.0,0.0,0,0.00,0,0,0,0,0,0,0.0,0,Vancouver Goldeneyes,VAN,Vancouver,Goldeneyes,9,1,0,0,0,0,0,0,PWHL,1670,27:50,0,exhibition,129,NA,NA,NA,NA,NA,NA,NA,NA,NA,NA,NA,NA,NA,NA,NA,NA,NA,NA,NA,NA,NA
4,2024-25 Preseason,2024-25 Preseason,0,0,1,2024-11-01,2,,23,1,2,1,2,1,0,0,1,5,0,0,0.0,20.0,0,1.00,0,0,0,0,1,1,100.0,2,Minnesota Frost,MIN,Minnesota,Frost,2,1,0,0,0,0,0,0,PWHL,2139,35:39,1,exhibition,129,NA,NA,NA,NA,NA,NA,NA,NA,NA,NA,NA,NA,NA,NA,NA,NA,NA,NA,NA,NA,NA
2,2024 Preseason,2024 Preseason,0,0,1,2023-12-04,2,,2,0,2,0,0,0,0,0,0,1,0,0,0.0,0.0,0,0.00,0,0,0,0,0,0,0.0,0,PWHL Toronto,TOR,Toronto,PWHL Toronto,6,1,0,0,0,0,0,0,PWHL,0,0:00,0,exhibition,129,NA,NA,NA,NA,NA,NA,NA,NA,NA,NA,NA,NA,NA,NA,NA,NA,NA,NA,NA,NA,NA
13,Total,Total,0,0,NA,6072,6,NA,48,1,5,1,2,-1,0,0,1,6,0,0,0.0,16.7,0,0.40,0,0,0,0,1,1,100.0,2,NA,NA,NA,NA,NA,NA,0,0,0,0,0,0.00,NA,3809,63:29,1,exhibition,129,NA,NA,NA,NA,NA,NA,NA,NA,NA,NA,NA,NA,NA,NA,NA,NA,NA,NA,NA,NA,NA
2,2024 Preseason,2024 Preseason,0,0,1,2023-12-04,2,,21,0,1,0,0,-1,2,0,0,0,0,0,0.0,0.0,0,0.00,0,0,0,0,0,0,0.0,0,PWHL Toronto,TOR,Toronto,PWHL Toronto,6,1,0,0,0,0,0,2.000000,PWHL,0,0:00,0,exhibition,130,NA,NA,NA,NA,NA,NA,NA,NA,NA,NA,NA,NA,NA,NA,NA,NA,NA,NA,NA,NA,NA
2,Total,Total,0,0,NA,2023,2,NA,21,0,1,0,0,-1,2,0,0,0,0,0,0.0,0.0,0,0.00,0,0,0,0,0,0,0.0,0,NA,NA,NA,NA,NA,NA,0,0,0,0,0,2.00,NA,0,0:00,0,exhibition,130,NA,NA,NA,NA,NA,NA,NA,NA,NA,NA,NA,NA,NA,NA,NA,NA,NA,NA,NA,NA,NA
8,2025-26 Regular Season,2025-26 Reg,0,1,1,2025-11-21,2,,9,0,3,0,0,0,0,0,0,0,0,0,0.0,0.0,0,0.00,0,0,0,0,0,0,0.0,0,New York Sirens,NY,New York,Sirens,4,1,0,0,0,0,0,0,PWHL,406,6:46,1,regular,131,NA,NA,NA,NA,NA,NA,NA,NA,NA,NA,NA,NA,NA,NA,NA,NA,NA,NA,NA,NA,NA
5,2024-25 Regular Season,2024-25 Reg,0,1,1,2024-12-07,2,,7,0,12,0,0,1,0,0,0,0,0,0,0.0,0.0,0,0.00,0,0,0,0,0,0,0.0,7,New York Sirens,NY,New York,Sirens,4,1,0,0,0,0,0,0,PWHL,1699,28:19,1,regular,131,NA,NA,NA,NA,NA,NA,NA,NA,NA,NA,NA,NA,NA,NA,NA,NA,NA,NA,NA,NA,NA
1,2024 Regular Season,2024 Reg,0,1,1,2023-12-13,2,,7,0,20,1,1,7,6,0,0,6,0,0,0.0,0.0,0,0.05,0,0,0,0,0,0,0.0,10,PWHL Toronto,TOR,Toronto,Toronto,6,1,0,0,0,0,0,0.300000,PWHL,11876,197:56,4,regular,131,NA,NA,NA,NA,NA,NA,NA,NA,NA,NA,NA,NA,NA,NA,NA,NA,NA,NA,NA,NA,NA
14,Total,Total,0,3,NA,6072,6,NA,23,0,35,1,1,8,6,0,0,6,0,0,0.0,0.0,0,0.03,0,0,0,0,0,0,0.0,17,NA,NA,NA,NA,NA,NA,0,0,0,0,0,0.17,NA,13981,233:01,6,regular,131,NA,NA,NA,NA,NA,NA,NA,NA,NA,NA,NA,NA,NA,NA,NA,NA,NA,NA,NA,NA,NA
3,2024 Playoffs,2024 Playoffs,1,1,1,2024-05-06,2,,7,0,5,0,0,0,2,0,0,2,0,0,0.0,0.0,0,0.00,0,0,0,0,0,0,0.0,7,PWHL Toronto,TOR,Toronto,Toronto,6,1,0,0,0,0,0,0.400000,PWHL,3161,52:41,5,playoff,131,NA,NA,NA,NA,NA,NA,NA,NA,NA,NA,NA,NA,NA,NA,NA,NA,NA,NA,NA,NA,NA
3,Total,Total,1,1,NA,2024,2,NA,7,0,5,0,0,0,2,0,0,2,0,0,0.0,0.0,0,0.00,0,0,0,0,0,0,0.0,7,NA,NA,NA,NA,NA,NA,0,0,0,0,0,0.40,NA,3161,52:41,5,playoff,131,NA,NA,NA,NA,NA,NA,NA,NA,NA,NA,NA,NA,NA,NA,NA,NA,NA,NA,NA,NA,NA
7,2025-26 Preseason,2025-26 Preseason,0,0,1,2025-06-01,2,,9,0,1,0,0,-2,0,0,0,2,0,0,0.0,0.0,0,0.00,0,0,0,0,0,0,0.0,0,New York Sirens,NY,New York,Sirens,4,1,0,0,0,0,0,0,PWHL,937,15:37,0,exhibition,131,NA,NA,NA,NA,NA,NA,NA,NA,NA,NA,NA,NA,NA,NA,NA,NA,NA,NA,NA,NA,NA
4,2024-25 Preseason,2024-25 Preseason,0,0,1,2024-10-17,2,,7,0,2,0,0,-2,0,0,0,3,0,0,0.0,0.0,0,0.00,0,0,0,0,0,0,0.0,5,Toronto Sceptres,TOR,Toronto,Sceptres,6,1,0,0,0,0,0,0,PWHL,1891,31:31,4,exhibition,131,NA,NA,NA,NA,NA,NA,NA,NA,NA,NA,NA,NA,NA,NA,NA,NA,NA,NA,NA,NA,NA
2,2024 Preseason,2024 Preseason,0,0,1,2023-12-04,2,,7,0,2,1,1,-1,2,0,0,3,0,0,0.0,0.0,0,0.50,0,0,0,0,0,0,0.0,0,PWHL Toronto,TOR,Toronto,PWHL Toronto,6,1,0,0,0,0,0,1.000000,PWHL,0,0:00,0,exhibition,131,NA,NA,NA,NA,NA,NA,NA,NA,NA,NA,NA,NA,NA,NA,NA,NA,NA,NA,NA,NA,NA
13,Total,Total,0,0,NA,6072,6,NA,23,0,5,1,1,-5,2,0,0,8,0,0,0.0,0.0,0,0.20,0,0,0,0,0,0,0.0,5,NA,NA,NA,NA,NA,NA,0,0,0,0,0,0.40,NA,2828,47:08,4,exhibition,131,NA,NA,NA,NA,NA,NA,NA,NA,NA,NA,NA,NA,NA,NA,NA,NA,NA,NA,NA,NA,NA
8,2025-26 Regular Season,2025-26 Reg,0,1,1,2025-11-21,2,,2,0,14,0,0,2,2,0,0,5,0,0,0.0,0.0,0,0.00,0,0,0,0,0,0,0.0,8,Toronto Sceptres,TOR,Toronto,Sceptres,6,1,0,0,0,0,0,0.142857,PWHL,3958,65:58,5,regular,132,NA,NA,NA,NA,NA,NA,NA,NA,NA,NA,NA,NA,NA,NA,NA,NA,NA,NA,NA,NA,NA
5,2024-25 Regular Season,2024-25 Reg,0,1,1,2024-11-25,2,,2,1,1,0,1,1,0,0,0,1,0,0,0.0,100.0,0,1.00,0,0,0,0,0,0,0.0,0,Toronto Sceptres,TOR,Toronto,Sceptres,6,1,0,0,0,0,0,0,PWHL,444,7:24,0,regular,132,NA,NA,NA,NA,NA,NA,NA,NA,NA,NA,NA,NA,NA,NA,NA,NA,NA,NA,NA,NA,NA
13,Total,Total,0,2,NA,4049,4,NA,4,1,15,0,1,3,2,0,0,6,0,0,0.0,16.7,0,0.07,0,0,0,0,0,0,0.0,8,NA,NA,NA,NA,NA,NA,0,0,0,0,0,0.13,NA,4402,73:22,5,regular,132,NA,NA,NA,NA,NA,NA,NA,NA,NA,NA,NA,NA,NA,NA,NA,NA,NA,NA,NA,NA,NA
7,2025-26 Preseason,2025-26 Preseason,0,0,1,2025-06-23,2,,2,0,2,0,0,-2,2,0,0,1,0,0,0.0,0.0,0,0.00,0,0,0,0,0,0,0.0,1,Toronto Sceptres,TOR,Toronto,Sceptres,6,1,0,0,0,0,0,1.000000,PWHL,2095,34:55,2,exhibition,132,NA,NA,NA,NA,NA,NA,NA,NA,NA,NA,NA,NA,NA,NA,NA,NA,NA,NA,NA,NA,NA
4,2024-25 Preseason,2024-25 Preseason,0,0,1,2024-10-17,2,,2,0,2,0,0,-1,0,0,0,1,0,0,0.0,0.0,0,0.00,0,0,0,0,0,0,0.0,7,Toronto Sceptres,TOR,Toronto,Sceptres,6,1,0,0,0,0,0,0,PWHL,1948,32:28,0,exhibition,132,NA,NA,NA,NA,NA,NA,NA,NA,NA,NA,NA,NA,NA,NA,NA,NA,NA,NA,NA,NA,NA
2,2024 Preseason,2024 Preseason,0,0,1,2023-12-04,2,,55,0,2,0,0,0,2,0,0,1,0,0,0.0,0.0,0,0.00,0,0,0,0,0,0,0.0,0,PWHL Toronto,TOR,Toronto,PWHL Toronto,6,1,0,0,0,0,0,1.000000,PWHL,0,0:00,0,exhibition,132,NA,NA,NA,NA,NA,NA,NA,NA,NA,NA,NA,NA,NA,NA,NA,NA,NA,NA,NA,NA,NA
13,Total,Total,0,0,NA,6072,6,NA,59,0,6,0,0,-3,4,0,0,3,0,0,0.0,0.0,0,0.00,0,0,0,0,0,0,0.0,8,NA,NA,NA,NA,NA,NA,0,0,0,0,0,0.67,NA,4043,67:23,2,exhibition,132,NA,NA,NA,NA,NA,NA,NA,NA,NA,NA,NA,NA,NA,NA,NA,NA,NA,NA,NA,NA,NA
1,2024 Regular Season,2024 Reg,0,1,1,2023-12-13,2,,5,0,24,1,1,4,4,0,1,12,2,1,50.0,0.0,1,0.04,0,0,0,0,0,0,0.0,18,PWHL Toronto,TOR,Toronto,Toronto,6,1,0,0,0,0,0,0.166667,PWHL,17607,293:27,9,regular,133,NA,NA,NA,NA,NA,NA,NA,NA,NA,NA,NA,NA,NA,NA,NA,NA,NA,NA,NA,NA,NA
1,Total,Total,0,1,NA,2023,2,NA,5,0,24,1,1,4,4,0,1,12,2,1,50.0,0.0,1,0.04,0,0,0,0,0,0,0.0,18,NA,NA,NA,NA,NA,NA,0,0,0,0,0,0.17,NA,17607,293:27,9,regular,133,NA,NA,NA,NA,NA,NA,NA,NA,NA,NA,NA,NA,NA,NA,NA,NA,NA,NA,NA,NA,NA
3,2024 Playoffs,2024 Playoffs,1,1,1,2024-05-06,2,,5,0,5,0,0,0,0,0,0,0,0,0,0.0,0.0,0,0.00,0,0,0,0,0,0,0.0,5,PWHL Toronto,TOR,Toronto,Toronto,6,1,0,0,0,0,0,0,PWHL,3055,50:55,2,playoff,133,NA,NA,NA,NA,NA,NA,NA,NA,NA,NA,NA,NA,NA,NA,NA,NA,NA,NA,NA,NA,NA
3,Total,Total,1,1,NA,2024,2,NA,5,0,5,0,0,0,0,0,0,0,0,0,0.0,0.0,0,0.00,0,0,0,0,0,0,0.0,5,NA,NA,NA,NA,NA,NA,0,0,0,0,0,0.00,NA,3055,50:55,2,playoff,133,NA,NA,NA,NA,NA,NA,NA,NA,NA,NA,NA,NA,NA,NA,NA,NA,NA,NA,NA,NA,NA
2,2024 Preseason,2024 Preseason,0,0,1,2023-12-04,2,,5,0,1,0,0,-1,0,0,0,0,1,0,0.0,0.0,0,0.00,0,0,0,0,0,0,0.0,0,PWHL Toronto,TOR,Toronto,PWHL Toronto,6,1,0,0,0,0,0,0,PWHL,0,0:00,0,exhibition,133,NA,NA,NA,NA,NA,NA,NA,NA,NA,NA,NA,NA,NA,NA,NA,NA,NA,NA,NA,NA,NA
2,Total,Total,0,0,NA,2023,2,NA,5,0,1,0,0,-1,0,0,0,0,1,0,0.0,0.0,0,0.00,0,0,0,0,0,0,0.0,0,NA,NA,NA,NA,NA,NA,0,0,0,0,0,0.00,NA,0,0:00,0,exhibition,133,NA,NA,NA,NA,NA,NA,NA,NA,NA,NA,NA,NA,NA,NA,NA,NA,NA,NA,NA,NA,NA
1,2024 Regular Season,2024 Reg,0,1,1,2023-12-13,2,,81,0,13,0,0,-1,4,0,0,6,0,0,0.0,0.0,0,0.00,0,0,0,0,0,0,0.0,3,PWHL Ottawa,OTT,Ottawa,Ottawa,5,1,0,0,0,0,0,0.307692,PWHL,4502,75:02,2,regular,136,NA,NA,NA,NA,NA,NA,NA,NA,NA,NA,NA,NA,NA,NA,NA,NA,NA,NA,NA,NA,NA
1,Total,Total,0,1,NA,2023,2,NA,81,0,13,0,0,-1,4,0,0,6,0,0,0.0,0.0,0,0.00,0,0,0,0,0,0,0.0,3,NA,NA,NA,NA,NA,NA,0,0,0,0,0,0.31,NA,4502,75:02,2,regular,136,NA,NA,NA,NA,NA,NA,NA,NA,NA,NA,NA,NA,NA,NA,NA,NA,NA,NA,NA,NA,NA
2,2024 Preseason,2024 Preseason,0,0,1,2023-12-04,2,,81,0,2,0,0,0,2,0,0,2,0,0,0.0,0.0,0,0.00,0,0,0,0,0,0,0.0,0,PWHL Ottawa,OTT,Ottawa,PWHL Ottawa,5,1,0,0,0,0,0,1.000000,PWHL,0,0:00,0,exhibition,136,NA,NA,NA,NA,NA,NA,NA,NA,NA,NA,NA,NA,NA,NA,NA,NA,NA,NA,NA,NA,NA
2,Total,Total,0,0,NA,2023,2,NA,81,0,2,0,0,0,2,0,0,2,0,0,0.0,0.0,0,0.00,0,0,0,0,0,0,0.0,0,NA,NA,NA,NA,NA,NA,0,0,0,0,0,1.00,NA,0,0:00,0,exhibition,136,NA,NA,NA,NA,NA,NA,NA,NA,NA,NA,NA,NA,NA,NA,NA,NA,NA,NA,NA,NA,NA
1,2024 Regular Season,2024 Reg,0,1,1,2023-12-13,2,,94,1,15,0,1,-1,4,0,0,17,0,0,0.0,5.9,0,0.07,1,0,0,0,0,0,0.0,2,PWHL Ottawa,OTT,Ottawa,Ottawa,5,1,0,0,0,0,0,0.266667,PWHL,7536,125:36,0,regular,137,NA,NA,NA,NA,NA,NA,NA,NA,NA,NA,NA,NA,NA,NA,NA,NA,NA,NA,NA,NA,NA
1,Total,Total,0,1,NA,2023,2,NA,94,1,15,0,1,-1,4,0,0,17,0,0,0.0,5.9,0,0.07,1,0,0,0,0,0,0.0,2,NA,NA,NA,NA,NA,NA,0,0,0,0,0,0.27,NA,7536,125:36,0,regular,137,NA,NA,NA,NA,NA,NA,NA,NA,NA,NA,NA,NA,NA,NA,NA,NA,NA,NA,NA,NA,NA
2,2024 Preseason,2024 Preseason,0,0,1,2023-12-04,2,,94,0,2,0,0,-3,2,0,0,3,1,1,100.0,0.0,0,0.00,0,0,0,0,0,0,0.0,0,PWHL Ottawa,OTT,Ottawa,PWHL Ottawa,5,1,0,0,0,0,0,1.000000,PWHL,0,0:00,0,exhibition,137,NA,NA,NA,NA,NA,NA,NA,NA,NA,NA,NA,NA,NA,NA,NA,NA,NA,NA,NA,NA,NA
2,Total,Total,0,0,NA,2023,2,NA,94,0,2,0,0,-3,2,0,0,3,1,1,100.0,0.0,0,0.00,0,0,0,0,0,0,0.0,0,NA,NA,NA,NA,NA,NA,0,0,0,0,0,1.00,NA,0,0:00,0,exhibition,137,NA,NA,NA,NA,NA,NA,NA,NA,NA,NA,NA,NA,NA,NA,NA,NA,NA,NA,NA,NA,NA
8,2025-26 Regular Season,2025-26 Reg,0,1,1,2025-11-21,2,,13,3,25,3,6,-7,8,0,0,47,0,0,0.0,6.4,0,0.24,1,0,0,0,119,277,43.0,12,Seattle Torrent,SEA,Seattle,Torrent,8,1,0,0,0,1,0,0.320000,PWHL,23111,385:11,31,regular,138,NA,NA,NA,NA,NA,NA,NA,NA,NA,NA,NA,NA,NA,NA,NA,NA,NA,NA,NA,NA,NA
5,2024-25 Regular Season,2024-25 Reg,0,1,1,2024-11-25,2,,18,3,30,5,8,4,18,0,0,43,3,0,0.0,7.0,0,0.27,0,0,1,0,7,32,21.9,5,Montréal Victoire,MTL,Montréal,Victoire,3,1,1,0,0,0,0,0.600000,PWHL,23325,388:45,21,regular,138,NA,NA,NA,NA,NA,NA,NA,NA,NA,NA,NA,NA,NA,NA,NA,NA,NA,NA,NA,NA,NA
1,2024 Regular Season,2024 Reg,0,1,1,2023-12-13,2,,13,0,6,3,3,0,0,0,1,12,0,0,0.0,0.0,0,0.50,0,0,0,0,0,0,0.0,0,PWHL Ottawa,OTT,Ottawa,Ottawa,5,0,0,0,0,0,0,0,PWHL,4671,77:51,0,regular,138,NA,NA,NA,NA,NA,NA,NA,NA,NA,NA,NA,NA,NA,NA,NA,NA,NA,NA,NA,NA,NA
1,2024 Regular Season,2024 Reg,0,1,1,2024-03-10,2,,18,2,7,0,2,0,4,2,0,9,0,0,0.0,22.2,0,0.29,0,0,0,0,2,6,33.3,4,PWHL Montreal,MTL,Montreal,Montreal,3,1,0,0,0,0,0,0.571429,PWHL,5374,89:34,2,regular,138,NA,NA,NA,NA,NA,NA,NA,NA,NA,NA,NA,NA,NA,NA,NA,NA,NA,NA,NA,NA,NA
15,Total,Total,0,4,NA,8096,8,NA,62,8,68,11,19,-3,30,2,1,111,3,0,0.0,7.2,0,0.28,1,0,1,0,128,315,40.6,21,NA,NA,NA,NA,NA,NA,1,0,0,1,0,0.44,NA,56481,941:21,54,regular,138,NA,NA,NA,NA,NA,NA,NA,NA,NA,NA,NA,NA,NA,NA,NA,NA,NA,NA,NA,NA,NA
6,2025 Playoffs,2025 Playoffs,1,1,1,2025-05-06,2,,18,0,4,0,0,-1,0,0,0,4,0,0,0.0,0.0,0,0.00,0,0,0,0,0,0,0.0,0,Montréal Victoire,MTL,Montréal,Victoire,3,1,0,0,0,0,0,0,PWHL,2822,47:02,2,playoff,138,NA,NA,NA,NA,NA,NA,NA,NA,NA,NA,NA,NA,NA,NA,NA,NA,NA,NA,NA,NA,NA
3,2024 Playoffs,2024 Playoffs,1,1,1,2024-05-06,2,,18,0,3,1,1,-1,0,0,0,13,0,0,0.0,0.0,0,0.33,0,0,0,0,7,12,58.3,1,PWHL Montreal,MTL,Montreal,Montreal,3,1,0,0,0,0,0,0,PWHL,4631,77:11,4,playoff,138,NA,NA,NA,NA,NA,NA,NA,NA,NA,NA,NA,NA,NA,NA,NA,NA,NA,NA,NA,NA,NA
9,Total,Total,1,2,NA,4049,4,NA,36,0,7,1,1,-2,0,0,0,17,0,0,0.0,0.0,0,0.14,0,0,0,0,7,12,58.3,1,NA,NA,NA,NA,NA,NA,0,0,0,0,0,0.00,NA,7453,124:13,6,playoff,138,NA,NA,NA,NA,NA,NA,NA,NA,NA,NA,NA,NA,NA,NA,NA,NA,NA,NA,NA,NA,NA
7,2025-26 Preseason,2025-26 Preseason,0,0,1,2025-06-23,2,,13,1,2,0,1,-1,2,0,0,3,0,0,0.0,33.3,0,0.50,0,0,0,0,1,1,100.0,0,Seattle Torrent,SEA,Seattle,Torrent,8,1,1,0,0,0,0,1.000000,PWHL,1895,31:35,1,exhibition,138,NA,NA,NA,NA,NA,NA,NA,NA,NA,NA,NA,NA,NA,NA,NA,NA,NA,NA,NA,NA,NA
4,2024-25 Preseason,2024-25 Preseason,0,0,1,2024-11-01,2,,18,2,2,0,2,1,0,0,0,4,0,0,0.0,50.0,0,1.00,0,0,1,0,2,4,50.0,0,Montréal Victoire,MTL,Montréal,Victoire,3,1,1,0,0,0,0,0,PWHL,1497,24:57,0,exhibition,138,NA,NA,NA,NA,NA,NA,NA,NA,NA,NA,NA,NA,NA,NA,NA,NA,NA,NA,NA,NA,NA
2,2024 Preseason,2024 Preseason,0,0,1,2023-12-04,2,,13,1,2,1,2,2,4,0,0,7,2,0,0.0,14.3,0,1.00,0,0,0,0,0,0,0.0,0,PWHL Ottawa,OTT,Ottawa,PWHL Ottawa,5,1,0,0,0,0,0,2.000000,PWHL,0,0:00,0,exhibition,138,NA,NA,NA,NA,NA,NA,NA,NA,NA,NA,NA,NA,NA,NA,NA,NA,NA,NA,NA,NA,NA
13,Total,Total,0,0,NA,6072,6,NA,44,4,6,1,5,2,6,0,0,14,2,0,0.0,28.6,0,0.83,0,0,1,0,3,5,60.0,0,NA,NA,NA,NA,NA,NA,2,0,0,0,0,1.00,NA,3392,56:32,1,exhibition,138,NA,NA,NA,NA,NA,NA,NA,NA,NA,NA,NA,NA,NA,NA,NA,NA,NA,NA,NA,NA,NA
2,2024 Preseason,2024 Preseason,0,0,1,2023-12-04,2,,44,0,2,0,0,0,0,0,0,1,0,0,0.0,0.0,0,0.00,0,0,0,0,0,0,0.0,0,PWHL Ottawa,OTT,Ottawa,PWHL Ottawa,5,1,0,0,0,0,0,0,PWHL,0,0:00,0,exhibition,139,NA,NA,NA,NA,NA,NA,NA,NA,NA,NA,NA,NA,NA,NA,NA,NA,NA,NA,NA,NA,NA
2,Total,Total,0,0,NA,2023,2,NA,44,0,2,0,0,0,0,0,0,1,0,0,0.0,0.0,0,0.00,0,0,0,0,0,0,0.0,0,NA,NA,NA,NA,NA,NA,0,0,0,0,0,0.00,NA,0,0:00,0,exhibition,139,NA,NA,NA,NA,NA,NA,NA,NA,NA,NA,NA,NA,NA,NA,NA,NA,NA,NA,NA,NA,NA
1,2024 Regular Season,2024 Reg,0,1,1,2023-12-13,2,,11,2,24,0,2,-1,4,0,0,17,0,0,0.0,11.8,0,0.08,0,0,0,0,1,2,50.0,13,PWHL Ottawa,OTT,Ottawa,Ottawa,5,1,1,0,0,0,0,0.166667,PWHL,14432,240:32,2,regular,141,NA,NA,NA,NA,NA,NA,NA,NA,NA,NA,NA,NA,NA,NA,NA,NA,NA,NA,NA,NA,NA
1,Total,Total,0,1,NA,2023,2,NA,11,2,24,0,2,-1,4,0,0,17,0,0,0.0,11.8,0,0.08,0,0,0,0,1,2,50.0,13,NA,NA,NA,NA,NA,NA,1,0,0,0,0,0.17,NA,14432,240:32,2,regular,141,NA,NA,NA,NA,NA,NA,NA,NA,NA,NA,NA,NA,NA,NA,NA,NA,NA,NA,NA,NA,NA
2,2024 Preseason,2024 Preseason,0,0,1,2023-12-04,2,,11,0,2,0,0,0,0,0,0,6,2,0,0.0,0.0,0,0.00,0,0,0,0,0,0,0.0,0,PWHL Ottawa,OTT,Ottawa,PWHL Ottawa,5,1,0,0,0,0,0,0,PWHL,0,0:00,0,exhibition,141,NA,NA,NA,NA,NA,NA,NA,NA,NA,NA,NA,NA,NA,NA,NA,NA,NA,NA,NA,NA,NA
2,Total,Total,0,0,NA,2023,2,NA,11,0,2,0,0,0,0,0,0,6,2,0,0.0,0.0,0,0.00,0,0,0,0,0,0,0.0,0,NA,NA,NA,NA,NA,NA,0,0,0,0,0,0.00,NA,0,0:00,0,exhibition,141,NA,NA,NA,NA,NA,NA,NA,NA,NA,NA,NA,NA,NA,NA,NA,NA,NA,NA,NA,NA,NA
8,2025-26 Regular Season,2025-26 Reg,0,1,1,2025-11-21,2,,8,2,29,3,5,-14,4,1,0,40,0,0,0.0,5.0,0,0.17,0,0,1,0,8,18,44.4,6,Seattle Torrent,SEA,Seattle,Torrent,8,1,0,0,0,0,0,0.137931,PWHL,26390,439:50,9,regular,142,NA,NA,NA,NA,NA,NA,NA,NA,NA,NA,NA,NA,NA,NA,NA,NA,NA,NA,NA,NA,NA
5,2024-25 Regular Season,2024-25 Reg,0,1,1,2024-11-25,2,,8,1,21,1,2,-2,2,0,0,22,0,0,0.0,4.5,0,0.10,0,0,0,0,4,12,33.3,9,Ottawa Charge,OTT,Ottawa,Charge,5,1,0,0,0,0,0,0.095238,PWHL,11327,188:47,5,regular,142,NA,NA,NA,NA,NA,NA,NA,NA,NA,NA,NA,NA,NA,NA,NA,NA,NA,NA,NA,NA,NA
1,2024 Regular Season,2024 Reg,0,1,1,2023-12-13,2,,8,1,23,5,6,-3,10,0,1,30,1,0,0.0,3.3,0,0.26,0,0,0,0,74,182,40.7,21,PWHL Ottawa,OTT,Ottawa,Ottawa,5,1,0,0,0,0,0,0.434783,PWHL,17687,294:47,5,regular,142,NA,NA,NA,NA,NA,NA,NA,NA,NA,NA,NA,NA,NA,NA,NA,NA,NA,NA,NA,NA,NA
14,Total,Total,0,3,NA,6072,6,NA,24,4,73,9,13,-19,16,1,1,92,1,0,0.0,4.3,0,0.18,0,0,1,0,86,212,40.6,36,NA,NA,NA,NA,NA,NA,0,0,0,0,0,0.22,NA,55404,923:24,19,regular,142,NA,NA,NA,NA,NA,NA,NA,NA,NA,NA,NA,NA,NA,NA,NA,NA,NA,NA,NA,NA,NA
7,2025-26 Preseason,2025-26 Preseason,0,0,1,2025-06-19,2,,8,0,2,0,0,1,0,0,0,2,0,0,0.0,0.0,0,0.00,0,0,0,0,0,2,0.0,2,Seattle Torrent,SEA,Seattle,Torrent,8,1,0,0,0,0,0,0,PWHL,1842,30:42,0,exhibition,142,NA,NA,NA,NA,NA,NA,NA,NA,NA,NA,NA,NA,NA,NA,NA,NA,NA,NA,NA,NA,NA
4,2024-25 Preseason,2024-25 Preseason,0,0,1,2024-10-17,2,,8,0,1,0,0,1,2,0,0,0,0,0,0.0,0.0,0,0.00,0,0,0,0,0,0,0.0,0,Ottawa Charge,OTT,Ottawa,Charge,5,1,0,0,0,0,0,2.000000,PWHL,638,10:38,0,exhibition,142,NA,NA,NA,NA,NA,NA,NA,NA,NA,NA,NA,NA,NA,NA,NA,NA,NA,NA,NA,NA,NA
2,2024 Preseason,2024 Preseason,0,0,1,2023-12-04,2,,8,1,2,1,2,-1,0,0,0,4,0,0,0.0,25.0,0,1.00,0,0,0,0,0,0,0.0,0,PWHL Ottawa,OTT,Ottawa,PWHL Ottawa,5,1,0,0,0,0,0,0,PWHL,0,0:00,0,exhibition,142,NA,NA,NA,NA,NA,NA,NA,NA,NA,NA,NA,NA,NA,NA,NA,NA,NA,NA,NA,NA,NA
13,Total,Total,0,0,NA,6072,6,NA,24,1,5,1,2,1,2,0,0,6,0,0,0.0,16.7,0,0.40,0,0,0,0,0,2,0.0,2,NA,NA,NA,NA,NA,NA,0,0,0,0,0,0.40,NA,2480,41:20,0,exhibition,142,NA,NA,NA,NA,NA,NA,NA,NA,NA,NA,NA,NA,NA,NA,NA,NA,NA,NA,NA,NA,NA
2,2024 Preseason,2024 Preseason,0,0,1,2023-12-04,2,,20,0,3,1,1,1,0,0,0,0,0,0,0.0,0.0,0,0.33,0,0,0,0,0,0,0.0,0,PWHL Ottawa,OTT,Ottawa,PWHL Ottawa,5,1,0,0,0,0,0,0,PWHL,0,0:00,0,exhibition,143,NA,NA,NA,NA,NA,NA,NA,NA,NA,NA,NA,NA,NA,NA,NA,NA,NA,NA,NA,NA,NA
2,Total,Total,0,0,NA,2023,2,NA,20,0,3,1,1,1,0,0,0,0,0,0,0.0,0.0,0,0.33,0,0,0,0,0,0,0.0,0,NA,NA,NA,NA,NA,NA,0,0,0,0,0,0.00,NA,0,0:00,0,exhibition,143,NA,NA,NA,NA,NA,NA,NA,NA,NA,NA,NA,NA,NA,NA,NA,NA,NA,NA,NA,NA,NA
1,2024 Regular Season,2024 Reg,0,1,1,2023-12-13,2,,5,0,1,0,0,-1,0,0,0,0,0,0,0.0,0.0,0,0.00,0,0,0,0,0,0,0.0,0,PWHL Ottawa,OTT,Ottawa,Ottawa,5,0,0,0,0,0,0,0,PWHL,297,4:57,0,regular,144,NA,NA,NA,NA,NA,NA,NA,NA,NA,NA,NA,NA,NA,NA,NA,NA,NA,NA,NA,NA,NA
1,Total,Total,0,1,NA,2023,2,NA,5,0,1,0,0,-1,0,0,0,0,0,0,0.0,0.0,0,0.00,0,0,0,0,0,0,0.0,0,NA,NA,NA,NA,NA,NA,0,0,0,0,0,0.00,NA,297,4:57,0,regular,144,NA,NA,NA,NA,NA,NA,NA,NA,NA,NA,NA,NA,NA,NA,NA,NA,NA,NA,NA,NA,NA
2,2024 Preseason,2024 Preseason,0,0,1,2023-12-04,2,,5,0,3,0,0,1,0,0,0,2,0,0,0.0,0.0,0,0.00,0,0,0,0,0,0,0.0,0,PWHL Ottawa,OTT,Ottawa,PWHL Ottawa,5,1,0,0,0,0,0,0,PWHL,0,0:00,0,exhibition,144,NA,NA,NA,NA,NA,NA,NA,NA,NA,NA,NA,NA,NA,NA,NA,NA,NA,NA,NA,NA,NA
2,Total,Total,0,0,NA,2023,2,NA,5,0,3,0,0,1,0,0,0,2,0,0,0.0,0.0,0,0.00,0,0,0,0,0,0,0.0,0,NA,NA,NA,NA,NA,NA,0,0,0,0,0,0.00,NA,0,0:00,0,exhibition,144,NA,NA,NA,NA,NA,NA,NA,NA,NA,NA,NA,NA,NA,NA,NA,NA,NA,NA,NA,NA,NA
2,2024 Preseason,2024 Preseason,0,0,NA,2023-12-04,2,,NA,0,1,0,0,NA,2,NA,NA,NA,NA,NA,NA,NA,NA,NA,NA,NA,NA,NA,NA,NA,NA,NA,PWHL Ottawa,OTT,Ottawa,PWHL Ottawa,5,NA,NA,NA,NA,NA,NA,NA,PWHL,NA,NA,NA,exhibition,145,3,1,3,2.77,65,3900,28,0,0,0,1,1,0,1,0.750,4,0,25,0.893,23.0,2.77
2,Total,Total,0,0,NA,2023,2,NA,NA,0,1,0,0,NA,2,NA,NA,NA,NA,NA,NA,NA,NA,NA,NA,NA,NA,NA,NA,NA,NA,NA,NA,NA,NA,NA,NA,NA,NA,NA,NA,NA,NA,NA,NA,NA,NA,NA,exhibition,145,3,1,3,2.77,65,3900,28,0,0,0,1,1,0,1,0.750,4,0,25,0.893,23.1,2.77
1,2024 Regular Season,2024 Reg,0,1,1,2023-12-13,2,,16,0,4,0,0,-3,4,0,0,0,0,0,0.0,0.0,0,0.00,0,0,0,0,4,10,40.0,0,PWHL New York,NY,New York,New York,4,1,0,0,0,0,0,1.000000,PWHL,1268,21:08,1,regular,146,NA,NA,NA,NA,NA,NA,NA,NA,NA,NA,NA,NA,NA,NA,NA,NA,NA,NA,NA,NA,NA
1,Total,Total,0,1,NA,2023,2,NA,16,0,4,0,0,-3,4,0,0,0,0,0,0.0,0.0,0,0.00,0,0,0,0,4,10,40.0,0,NA,NA,NA,NA,NA,NA,0,0,0,0,0,1.00,NA,1268,21:08,1,regular,146,NA,NA,NA,NA,NA,NA,NA,NA,NA,NA,NA,NA,NA,NA,NA,NA,NA,NA,NA,NA,NA
4,2024-25 Preseason,2024-25 Preseason,0,0,1,2024-10-15,2,,16,0,1,0,0,0,0,0,0,0,0,0,0.0,0.0,0,0.00,0,0,0,0,2,4,50.0,0,New York Sirens,NY,New York,Sirens,4,1,0,0,0,0,0,0,PWHL,618,10:18,0,exhibition,146,NA,NA,NA,NA,NA,NA,NA,NA,NA,NA,NA,NA,NA,NA,NA,NA,NA,NA,NA,NA,NA
2,2024 Preseason,2024 Preseason,0,0,1,2023-12-04,2,,16,0,1,0,0,0,0,0,0,0,0,0,0.0,0.0,0,0.00,0,0,0,0,0,0,0.0,0,PWHL New York,NY,New York,PWHL New York,4,1,0,0,0,0,0,0,PWHL,0,0:00,0,exhibition,146,NA,NA,NA,NA,NA,NA,NA,NA,NA,NA,NA,NA,NA,NA,NA,NA,NA,NA,NA,NA,NA
6,Total,Total,0,0,NA,4047,4,NA,32,0,2,0,0,0,0,0,0,0,0,0,0.0,0.0,0,0.00,0,0,0,0,2,4,50.0,0,NA,NA,NA,NA,NA,NA,0,0,0,0,0,0.00,NA,618,10:18,0,exhibition,146,NA,NA,NA,NA,NA,NA,NA,NA,NA,NA,NA,NA,NA,NA,NA,NA,NA,NA,NA,NA,NA
8,2025-26 Regular Season,2025-26 Reg,0,1,1,2025-11-21,1,*,11,4,30,17,21,10,8,1,6,62,6,3,50.0,6.5,1,0.70,0,0,1,0,253,400,63.3,30,Boston Fleet,BOS,Boston,Fleet,1,1,1,1,0,0,1,0.266667,PWHL,37295,621:35,21,regular,15,NA,NA,NA,NA,NA,NA,NA,NA,NA,NA,NA,NA,NA,NA,NA,NA,NA,NA,NA,NA,NA
5,2024-25 Regular Season,2024-25 Reg,0,1,1,2024-11-25,1,*,11,7,26,12,19,1,8,2,2,51,3,2,66.7,13.7,1,0.73,2,0,0,0,13,35,37.1,23,Boston Fleet,BOS,Boston,Fleet,1,1,4,1,0,2,1,0.307692,PWHL,27692,461:32,9,regular,15,NA,NA,NA,NA,NA,NA,NA,NA,NA,NA,NA,NA,NA,NA,NA,NA,NA,NA,NA,NA,NA
1,2024 Regular Season,2024 Reg,0,1,1,2023-11-01,2,,11,5,24,11,16,7,6,2,1,56,1,0,0.0,8.9,0,0.67,0,0,0,0,87,203,42.9,17,PWHL Boston,BOS,Boston,Boston,1,1,1,0,0,0,0,0.250000,PWHL,28663,477:43,0,regular,15,NA,NA,NA,NA,NA,NA,NA,NA,NA,NA,NA,NA,NA,NA,NA,NA,NA,NA,NA,NA,NA
14,Total,Total,0,3,NA,6072,4,NA,33,16,80,40,56,18,22,5,9,169,10,5,50.0,9.5,2,0.70,2,0,1,0,353,638,55.3,70,NA,NA,NA,NA,NA,NA,6,2,0,2,2,0.28,NA,93650,1560:50,30,regular,15,NA,NA,NA,NA,NA,NA,NA,NA,NA,NA,NA,NA,NA,NA,NA,NA,NA,NA,NA,NA,NA
9,2026 Playoffs,2026 Playoffs,1,1,1,2026-04-28,1,*,11,1,4,3,4,0,2,0,1,22,0,0,0.0,4.5,0,1.00,0,0,0,0,67,110,60.9,4,Boston Fleet,BOS,Boston,Fleet,1,1,0,0,0,0,0,0.500000,PWHL,5542,92:22,2,playoff,15,NA,NA,NA,NA,NA,NA,NA,NA,NA,NA,NA,NA,NA,NA,NA,NA,NA,NA,NA,NA,NA
3,2024 Playoffs,2024 Playoffs,1,1,1,2024-05-06,2,,11,2,8,1,3,1,0,0,0,19,0,0,0.0,10.5,0,0.38,0,0,1,0,3,7,42.9,10,PWHL Boston,BOS,Boston,Boston,1,1,1,0,1,0,0,0,PWHL,12039,200:39,3,playoff,15,NA,NA,NA,NA,NA,NA,NA,NA,NA,NA,NA,NA,NA,NA,NA,NA,NA,NA,NA,NA,NA
12,Total,Total,1,2,NA,4050,3,NA,22,3,12,4,7,1,2,0,1,41,0,0,0.0,7.3,0,0.58,0,0,1,0,70,117,59.8,14,NA,NA,NA,NA,NA,NA,1,0,1,0,0,0.17,NA,17581,293:01,5,playoff,15,NA,NA,NA,NA,NA,NA,NA,NA,NA,NA,NA,NA,NA,NA,NA,NA,NA,NA,NA,NA,NA
7,2025-26 Preseason,2025-26 Preseason,0,0,1,2025-06-01,1,*,11,0,1,0,0,0,0,0,0,0,0,0,0.0,0.0,0,0.00,0,0,0,0,7,14,50.0,1,Boston Fleet,BOS,Boston,Fleet,1,1,0,0,0,0,0,0,PWHL,1239,20:39,0,exhibition,15,NA,NA,NA,NA,NA,NA,NA,NA,NA,NA,NA,NA,NA,NA,NA,NA,NA,NA,NA,NA,NA
4,2024-25 Preseason,2024-25 Preseason,0,0,1,2024-11-01,1,*,11,0,1,0,0,1,0,0,0,2,0,0,0.0,0.0,0,0.00,0,0,0,0,13,23,56.5,0,Boston Fleet,BOS,Boston,Fleet,1,1,0,0,0,0,0,0,PWHL,1147,19:07,1,exhibition,15,NA,NA,NA,NA,NA,NA,NA,NA,NA,NA,NA,NA,NA,NA,NA,NA,NA,NA,NA,NA,NA
2,2024 Preseason,2024 Preseason,0,0,1,2023-11-01,2,,11,0,2,3,3,4,0,0,0,8,1,0,0.0,0.0,0,1.50,0,0,0,0,0,0,0.0,0,PWHL Boston,BOS,Boston,PWHL Boston,1,1,0,0,0,0,0,0,PWHL,0,0:00,0,exhibition,15,NA,NA,NA,NA,NA,NA,NA,NA,NA,NA,NA,NA,NA,NA,NA,NA,NA,NA,NA,NA,NA
13,Total,Total,0,0,NA,6072,4,NA,33,0,4,3,3,5,0,0,0,10,1,0,0.0,0.0,0,0.75,0,0,0,0,20,37,54.1,1,NA,NA,NA,NA,NA,NA,0,0,0,0,0,0.00,NA,2386,39:46,1,exhibition,15,NA,NA,NA,NA,NA,NA,NA,NA,NA,NA,NA,NA,NA,NA,NA,NA,NA,NA,NA,NA,NA
2,2024 Preseason,2024 Preseason,0,0,1,2023-12-04,2,,5,0,2,0,0,-1,0,0,0,2,0,0,0.0,0.0,0,0.00,0,0,0,0,0,0,0.0,0,PWHL New York,NY,New York,PWHL New York,4,1,0,0,0,0,0,0,PWHL,0,0:00,0,exhibition,151,NA,NA,NA,NA,NA,NA,NA,NA,NA,NA,NA,NA,NA,NA,NA,NA,NA,NA,NA,NA,NA
2,Total,Total,0,0,NA,2023,2,NA,5,0,2,0,0,-1,0,0,0,2,0,0,0.0,0.0,0,0.00,0,0,0,0,0,0,0.0,0,NA,NA,NA,NA,NA,NA,0,0,0,0,0,0.00,NA,0,0:00,0,exhibition,151,NA,NA,NA,NA,NA,NA,NA,NA,NA,NA,NA,NA,NA,NA,NA,NA,NA,NA,NA,NA,NA
1,2024 Regular Season,2024 Reg,0,1,1,2023-12-13,2,,59,0,21,0,0,-6,2,0,0,7,0,0,0.0,0.0,0,0.00,0,0,0,0,0,0,0.0,11,PWHL New York,NY,New York,New York,4,1,0,0,0,0,0,0.095238,PWHL,14026,233:46,4,regular,152,NA,NA,NA,NA,NA,NA,NA,NA,NA,NA,NA,NA,NA,NA,NA,NA,NA,NA,NA,NA,NA
1,Total,Total,0,1,NA,2023,2,NA,59,0,21,0,0,-6,2,0,0,7,0,0,0.0,0.0,0,0.00,0,0,0,0,0,0,0.0,11,NA,NA,NA,NA,NA,NA,0,0,0,0,0,0.10,NA,14026,233:46,4,regular,152,NA,NA,NA,NA,NA,NA,NA,NA,NA,NA,NA,NA,NA,NA,NA,NA,NA,NA,NA,NA,NA
2,2024 Preseason,2024 Preseason,0,0,1,2023-12-04,2,,59,0,2,0,0,0,0,0,0,0,0,0,0.0,0.0,0,0.00,0,0,0,0,0,0,0.0,0,PWHL New York,NY,New York,PWHL New York,4,1,0,0,0,0,0,0,PWHL,0,0:00,0,exhibition,152,NA,NA,NA,NA,NA,NA,NA,NA,NA,NA,NA,NA,NA,NA,NA,NA,NA,NA,NA,NA,NA
2,Total,Total,0,0,NA,2023,2,NA,59,0,2,0,0,0,0,0,0,0,0,0,0.0,0.0,0,0.00,0,0,0,0,0,0,0.0,0,NA,NA,NA,NA,NA,NA,0,0,0,0,0,0.00,NA,0,0:00,0,exhibition,152,NA,NA,NA,NA,NA,NA,NA,NA,NA,NA,NA,NA,NA,NA,NA,NA,NA,NA,NA,NA,NA
8,2025-26 Regular Season,2025-26 Reg,0,1,1,2025-11-21,2,,28,4,24,1,5,7,6,0,0,29,0,0,0.0,13.8,0,0.21,0,0,2,0,2,3,66.7,14,Montréal Victoire,MTL,Montréal,Victoire,3,1,2,0,0,1,0,0.250000,PWHL,15317,255:17,5,regular,157,NA,NA,NA,NA,NA,NA,NA,NA,NA,NA,NA,NA,NA,NA,NA,NA,NA,NA,NA,NA,NA
5,2024-25 Regular Season,2024-25 Reg,0,1,1,2024-11-25,2,,28,6,24,3,9,-1,27,2,2,32,0,0,0.0,18.8,0,0.38,0,0,0,0,10,34,29.4,18,Montréal Victoire,MTL,Montréal,Victoire,3,1,2,0,0,1,0,1.125000,PWHL,13693,228:13,4,regular,157,NA,NA,NA,NA,NA,NA,NA,NA,NA,NA,NA,NA,NA,NA,NA,NA,NA,NA,NA,NA,NA
1,2024 Regular Season,2024 Reg,0,1,1,2023-12-12,2,,28,2,21,4,6,-4,12,1,1,22,0,0,0.0,9.1,0,0.29,0,0,1,0,3,8,37.5,9,PWHL Montreal,MTL,Montreal,Montreal,3,1,0,0,0,0,0,0.571429,PWHL,12999,216:39,5,regular,157,NA,NA,NA,NA,NA,NA,NA,NA,NA,NA,NA,NA,NA,NA,NA,NA,NA,NA,NA,NA,NA
14,Total,Total,0,3,NA,6072,6,NA,84,12,69,8,20,2,45,3,3,83,0,0,0.0,14.5,0,0.29,0,0,3,0,15,45,33.3,41,NA,NA,NA,NA,NA,NA,4,0,0,2,0,0.65,NA,42009,700:09,14,regular,157,NA,NA,NA,NA,NA,NA,NA,NA,NA,NA,NA,NA,NA,NA,NA,NA,NA,NA,NA,NA,NA
9,2026 Playoffs,2026 Playoffs,1,1,1,2026-04-28,2,,28,1,9,0,1,1,4,0,0,12,0,0,0.0,8.3,0,0.11,0,0,0,0,0,0,0.0,8,Montréal Victoire,MTL,Montréal,Victoire,3,1,1,0,0,0,0,0.444444,PWHL,5643,94:03,2,playoff,157,NA,NA,NA,NA,NA,NA,NA,NA,NA,NA,NA,NA,NA,NA,NA,NA,NA,NA,NA,NA,NA
6,2025 Playoffs,2025 Playoffs,1,1,1,2025-05-06,2,,28,1,4,0,1,1,0,0,0,14,0,0,0.0,7.1,0,0.25,0,0,1,0,0,2,0.0,5,Montréal Victoire,MTL,Montréal,Victoire,3,1,0,0,1,0,0,0,PWHL,4570,76:10,2,playoff,157,NA,NA,NA,NA,NA,NA,NA,NA,NA,NA,NA,NA,NA,NA,NA,NA,NA,NA,NA,NA,NA
3,2024 Playoffs,2024 Playoffs,1,1,1,2024-05-06,2,,28,0,3,0,0,-2,2,0,0,2,0,0,0.0,0.0,0,0.00,0,0,0,0,0,1,0.0,5,PWHL Montreal,MTL,Montreal,Montreal,3,1,0,0,0,0,0,0.666667,PWHL,1824,30:24,0,playoff,157,NA,NA,NA,NA,NA,NA,NA,NA,NA,NA,NA,NA,NA,NA,NA,NA,NA,NA,NA,NA,NA
18,Total,Total,1,3,NA,6075,6,NA,84,2,16,0,2,0,6,0,0,28,0,0,0.0,7.1,0,0.12,0,0,1,0,0,3,0.0,18,NA,NA,NA,NA,NA,NA,1,0,1,0,0,0.38,NA,12037,200:37,4,playoff,157,NA,NA,NA,NA,NA,NA,NA,NA,NA,NA,NA,NA,NA,NA,NA,NA,NA,NA,NA,NA,NA
7,2025-26 Preseason,2025-26 Preseason,0,0,1,2025-06-20,2,,28,0,2,0,0,-1,0,0,0,3,0,0,0.0,0.0,0,0.00,0,0,0,0,2,3,66.7,1,Montréal Victoire,MTL,Montréal,Victoire,3,1,0,0,0,0,0,0,PWHL,1533,25:33,1,exhibition,157,NA,NA,NA,NA,NA,NA,NA,NA,NA,NA,NA,NA,NA,NA,NA,NA,NA,NA,NA,NA,NA
2,2024 Preseason,2024 Preseason,0,0,1,2023-12-04,2,,28,0,2,1,1,1,0,0,0,2,0,0,0.0,0.0,0,0.50,0,0,0,0,0,0,0.0,0,PWHL Montreal,MON,Montreal,PWHL Montreal,3,1,0,0,0,0,0,0,PWHL,0,0:00,0,exhibition,157,NA,NA,NA,NA,NA,NA,NA,NA,NA,NA,NA,NA,NA,NA,NA,NA,NA,NA,NA,NA,NA
9,Total,Total,0,0,NA,4048,4,NA,56,0,4,1,1,0,0,0,0,5,0,0,0.0,0.0,0,0.25,0,0,0,0,2,3,66.7,1,NA,NA,NA,NA,NA,NA,0,0,0,0,0,0.00,NA,1533,25:33,1,exhibition,157,NA,NA,NA,NA,NA,NA,NA,NA,NA,NA,NA,NA,NA,NA,NA,NA,NA,NA,NA,NA,NA
8,2025-26 Regular Season,2025-26 Reg,0,1,1,2025-11-21,1,*,47,4,30,8,12,4,10,1,1,41,3,1,33.3,9.8,0,0.40,0,0,0,0,5,15,33.3,25,Boston Fleet,BOS,Boston,Fleet,1,1,1,0,0,0,0,0.333333,PWHL,25761,429:21,6,regular,16,NA,NA,NA,NA,NA,NA,NA,NA,NA,NA,NA,NA,NA,NA,NA,NA,NA,NA,NA,NA,NA
5,2024-25 Regular Season,2024-25 Reg,0,1,1,2024-11-25,2,,47,4,30,6,10,1,8,0,1,40,0,0,0.0,10.0,0,0.33,0,1,0,0,21,54,38.9,15,Boston Fleet,BOS,Boston,Fleet,1,1,1,1,0,1,0,0.266667,PWHL,27027,450:27,6,regular,16,NA,NA,NA,NA,NA,NA,NA,NA,NA,NA,NA,NA,NA,NA,NA,NA,NA,NA,NA,NA,NA
1,2024 Regular Season,2024 Reg,0,1,1,2023-11-01,2,,47,3,24,8,11,0,8,0,1,65,2,0,0.0,4.6,0,0.46,0,0,0,0,31,47,66.0,9,PWHL Boston,BOS,Boston,Boston,1,1,0,0,0,1,0,0.333333,PWHL,23346,389:06,4,regular,16,NA,NA,NA,NA,NA,NA,NA,NA,NA,NA,NA,NA,NA,NA,NA,NA,NA,NA,NA,NA,NA
14,Total,Total,0,3,NA,6072,5,NA,141,11,84,22,33,5,26,1,3,146,5,1,20.0,7.5,0,0.39,0,1,0,0,57,116,49.1,49,NA,NA,NA,NA,NA,NA,2,1,0,2,0,0.31,NA,76134,1268:54,16,regular,16,NA,NA,NA,NA,NA,NA,NA,NA,NA,NA,NA,NA,NA,NA,NA,NA,NA,NA,NA,NA,NA
9,2026 Playoffs,2026 Playoffs,1,1,1,2026-04-28,1,*,47,1,4,0,1,-1,2,0,0,4,0,0,0.0,25.0,0,0.25,0,0,1,0,0,0,0.0,1,Boston Fleet,BOS,Boston,Fleet,1,1,0,0,0,0,0,0.500000,PWHL,2789,46:29,0,playoff,16,NA,NA,NA,NA,NA,NA,NA,NA,NA,NA,NA,NA,NA,NA,NA,NA,NA,NA,NA,NA,NA
3,2024 Playoffs,2024 Playoffs,1,1,1,2024-05-06,2,,47,0,6,1,1,0,4,0,0,11,0,0,0.0,0.0,0,0.17,0,0,0,0,4,8,50.0,6,PWHL Boston,BOS,Boston,Boston,1,1,0,0,0,0,0,0.666667,PWHL,6486,108:06,2,playoff,16,NA,NA,NA,NA,NA,NA,NA,NA,NA,NA,NA,NA,NA,NA,NA,NA,NA,NA,NA,NA,NA
12,Total,Total,1,2,NA,4050,3,NA,94,1,10,1,2,-1,6,0,0,15,0,0,0.0,6.7,0,0.20,0,0,1,0,4,8,50.0,7,NA,NA,NA,NA,NA,NA,0,0,0,0,0,0.60,NA,9275,154:35,2,playoff,16,NA,NA,NA,NA,NA,NA,NA,NA,NA,NA,NA,NA,NA,NA,NA,NA,NA,NA,NA,NA,NA
7,2025-26 Preseason,2025-26 Preseason,0,0,1,2025-06-01,1,*,47,0,1,1,1,0,2,0,0,7,0,0,0.0,0.0,0,1.00,0,0,0,0,2,3,66.7,0,Boston Fleet,BOS,Boston,Fleet,1,1,0,0,0,0,0,2.000000,PWHL,1334,22:14,1,exhibition,16,NA,NA,NA,NA,NA,NA,NA,NA,NA,NA,NA,NA,NA,NA,NA,NA,NA,NA,NA,NA,NA
4,2024-25 Preseason,2024-25 Preseason,0,0,1,2024-11-01,2,,47,0,2,0,0,0,0,0,0,9,0,0,0.0,0.0,0,0.00,0,0,0,0,1,2,50.0,4,Boston Fleet,BOS,Boston,Fleet,1,1,0,0,0,0,0,0,PWHL,1711,28:31,1,exhibition,16,NA,NA,NA,NA,NA,NA,NA,NA,NA,NA,NA,NA,NA,NA,NA,NA,NA,NA,NA,NA,NA
2,2024 Preseason,2024 Preseason,0,0,1,2023-11-01,2,,47,0,2,0,0,0,2,0,0,1,1,0,0.0,0.0,0,0.00,0,0,0,0,0,0,0.0,0,PWHL Boston,BOS,Boston,PWHL Boston,1,1,0,0,0,0,0,1.000000,PWHL,0,0:00,0,exhibition,16,NA,NA,NA,NA,NA,NA,NA,NA,NA,NA,NA,NA,NA,NA,NA,NA,NA,NA,NA,NA,NA
13,Total,Total,0,0,NA,6072,5,NA,141,0,5,1,1,0,4,0,0,17,1,0,0.0,0.0,0,0.20,0,0,0,0,3,5,60.0,4,NA,NA,NA,NA,NA,NA,0,0,0,0,0,0.80,NA,3045,50:45,2,exhibition,16,NA,NA,NA,NA,NA,NA,NA,NA,NA,NA,NA,NA,NA,NA,NA,NA,NA,NA,NA,NA,NA
8,2025-26 Regular Season,2025-26 Reg,0,1,NA,2025-11-21,2,,NA,0,1,0,0,NA,0,NA,NA,NA,NA,NA,NA,NA,NA,NA,NA,NA,NA,NA,NA,NA,NA,NA,Minnesota Frost,MIN,Minnesota,Frost,2,NA,NA,NA,NA,NA,NA,NA,PWHL,NA,NA,NA,regular,166,4,0,0,3.93,61,3668,24,0,0,0,1,1,0,1,0.000,0,0,20,0.833,19.0,3.93
8,Total,Total,0,1,NA,2025,2,NA,NA,0,1,0,0,NA,0,NA,NA,NA,NA,NA,NA,NA,NA,NA,NA,NA,NA,NA,NA,NA,NA,NA,NA,NA,NA,NA,NA,NA,NA,NA,NA,NA,NA,NA,NA,NA,NA,NA,regular,166,4,0,0,3.93,61,3668,24,0,0,0,1,1,0,1,0.000,0,0,20,0.833,19.6,3.93
7,2025-26 Preseason,2025-26 Preseason,0,0,NA,2025-09-12,2,,NA,0,2,0,0,NA,0,NA,NA,NA,NA,NA,NA,NA,NA,NA,NA,NA,NA,NA,NA,NA,NA,NA,Minnesota Frost,MIN,Minnesota,Frost,2,NA,NA,NA,NA,NA,NA,NA,PWHL,NA,NA,NA,exhibition,166,5,0,0,7.50,40,2400,22,0,0,0,0,0,0,0,0.000,0,0,17,0.773,25.0,7.50
4,2024-25 Preseason,2024-25 Preseason,0,0,NA,2024-11-01,2,,NA,0,1,0,0,NA,0,NA,NA,NA,NA,NA,NA,NA,NA,NA,NA,NA,NA,NA,NA,NA,NA,NA,Montréal Victoire,MTL,Montréal,Victoire,3,NA,NA,NA,NA,NA,NA,NA,PWHL,NA,NA,NA,exhibition,166,1,0,0,3.00,20,1200,7,1,0,0,0,0,0,0,0.000,0,0,6,0.857,18.0,3.00
2,2024 Preseason,2024 Preseason,0,0,NA,2023-12-04,2,,NA,0,1,0,0,NA,0,NA,NA,NA,NA,NA,NA,NA,NA,NA,NA,NA,NA,NA,NA,NA,NA,NA,PWHL Montreal,MON,Montreal,PWHL Montreal,3,NA,NA,NA,NA,NA,NA,NA,PWHL,NA,NA,NA,exhibition,166,4,0,0,4.00,60,3600,35,0,1,0,0,1,0,0,0.000,0,0,31,0.886,31.0,4.00
13,Total,Total,0,0,NA,6072,6,NA,NA,0,4,0,0,NA,0,NA,NA,NA,NA,NA,NA,NA,NA,NA,NA,NA,NA,NA,NA,NA,NA,NA,NA,NA,NA,NA,NA,NA,NA,NA,NA,NA,NA,NA,NA,NA,NA,NA,exhibition,166,10,0,0,5.00,120,7200,64,1,1,0,0,1,0,0,0.000,0,0,54,0.844,27.0,5.00
8,2025-26 Regular Season,2025-26 Reg,0,1,1,2025-11-21,2,,5,0,30,8,8,-6,2,0,1,47,0,0,0.0,0.0,0,0.27,0,0,0,0,0,0,0.0,15,Minnesota Frost,MIN,Minnesota,Frost,2,1,0,0,0,0,0,0.066667,PWHL,38215,636:55,42,regular,167,NA,NA,NA,NA,NA,NA,NA,NA,NA,NA,NA,NA,NA,NA,NA,NA,NA,NA,NA,NA,NA
5,2024-25 Regular Season,2024-25 Reg,0,1,1,2024-11-25,2,,7,3,30,5,8,0,10,0,1,50,0,0,0.0,6.0,0,0.27,0,0,1,0,1,2,50.0,19,Boston Fleet,BOS,Boston,Fleet,1,1,0,0,1,0,0,0.333333,PWHL,34984,583:04,10,regular,167,NA,NA,NA,NA,NA,NA,NA,NA,NA,NA,NA,NA,NA,NA,NA,NA,NA,NA,NA,NA,NA
1,2024 Regular Season,2024 Reg,0,1,1,2023-12-12,2,,7,1,24,3,4,-2,2,1,1,69,0,0,0.0,1.4,0,0.17,0,0,0,0,0,1,0.0,14,PWHL Boston,BOS,Boston,Boston,1,1,1,0,0,0,0,0.083333,PWHL,26669,444:29,9,regular,167,NA,NA,NA,NA,NA,NA,NA,NA,NA,NA,NA,NA,NA,NA,NA,NA,NA,NA,NA,NA,NA
14,Total,Total,0,3,NA,6072,6,NA,19,4,84,16,20,-8,14,1,3,166,0,0,0.0,2.4,0,0.24,0,0,1,0,1,3,33.3,48,NA,NA,NA,NA,NA,NA,1,0,1,0,0,0.17,NA,99868,1664:28,61,regular,167,NA,NA,NA,NA,NA,NA,NA,NA,NA,NA,NA,NA,NA,NA,NA,NA,NA,NA,NA,NA,NA
9,2026 Playoffs,2026 Playoffs,1,1,1,2026-04-28,2,,5,4,5,0,4,2,2,1,0,19,0,0,0.0,21.1,0,0.80,1,0,1,0,0,0,0.0,0,Minnesota Frost,MIN,Minnesota,Frost,2,1,1,0,0,0,0,0.400000,PWHL,8578,142:58,9,playoff,167,NA,NA,NA,NA,NA,NA,NA,NA,NA,NA,NA,NA,NA,NA,NA,NA,NA,NA,NA,NA,NA
3,2024 Playoffs,2024 Playoffs,1,1,1,2024-05-06,2,,7,0,8,2,2,5,0,0,0,20,0,0,0.0,0.0,0,0.25,0,0,0,0,0,0,0.0,11,PWHL Boston,BOS,Boston,Boston,1,1,0,0,0,0,0,0,PWHL,10586,176:26,4,playoff,167,NA,NA,NA,NA,NA,NA,NA,NA,NA,NA,NA,NA,NA,NA,NA,NA,NA,NA,NA,NA,NA
12,Total,Total,1,2,NA,4050,4,NA,12,4,13,2,6,7,2,1,0,39,0,0,0.0,10.3,0,0.46,1,0,1,0,0,0,0.0,11,NA,NA,NA,NA,NA,NA,1,0,0,0,0,0.15,NA,19164,319:24,13,playoff,167,NA,NA,NA,NA,NA,NA,NA,NA,NA,NA,NA,NA,NA,NA,NA,NA,NA,NA,NA,NA,NA
7,2025-26 Preseason,2025-26 Preseason,0,0,1,2025-06-23,2,,5,0,1,2,2,2,0,0,1,0,0,0,0.0,0.0,0,2.00,0,0,0,0,0,0,0.0,1,Minnesota Frost,MIN,Minnesota,Frost,2,1,0,0,0,0,0,0,PWHL,1522,25:22,0,exhibition,167,NA,NA,NA,NA,NA,NA,NA,NA,NA,NA,NA,NA,NA,NA,NA,NA,NA,NA,NA,NA,NA
4,2024-25 Preseason,2024-25 Preseason,0,0,1,2024-11-01,2,,7,0,2,2,2,-1,0,0,0,4,0,0,0.0,0.0,0,1.00,0,0,0,0,0,0,0.0,0,Boston Fleet,BOS,Boston,Fleet,1,1,0,0,0,0,0,0,PWHL,2131,35:31,3,exhibition,167,NA,NA,NA,NA,NA,NA,NA,NA,NA,NA,NA,NA,NA,NA,NA,NA,NA,NA,NA,NA,NA
2,2024 Preseason,2024 Preseason,0,0,1,2023-12-04,2,,5,0,2,0,0,0,0,0,0,7,0,0,0.0,0.0,0,0.00,0,0,0,0,0,0,0.0,0,PWHL Minnesota,MIN,Minnesota,PWHL Minnesota,2,1,0,0,0,0,0,0,PWHL,0,0:00,0,exhibition,167,NA,NA,NA,NA,NA,NA,NA,NA,NA,NA,NA,NA,NA,NA,NA,NA,NA,NA,NA,NA,NA
13,Total,Total,0,0,NA,6072,6,NA,17,0,5,4,4,1,0,0,1,11,0,0,0.0,0.0,0,0.80,0,0,0,0,0,0,0.0,1,NA,NA,NA,NA,NA,NA,0,0,0,0,0,0.00,NA,3653,60:53,3,exhibition,167,NA,NA,NA,NA,NA,NA,NA,NA,NA,NA,NA,NA,NA,NA,NA,NA,NA,NA,NA,NA,NA
8,2025-26 Regular Season,2025-26 Reg,0,1,1,2025-11-21,2,,11,0,30,4,4,-7,12,0,0,20,0,0,0.0,0.0,0,0.13,0,0,0,0,0,0,0.0,29,Seattle Torrent,SEA,Seattle,Torrent,8,1,0,0,0,0,0,0.400000,PWHL,32872,547:52,44,regular,2,NA,NA,NA,NA,NA,NA,NA,NA,NA,NA,NA,NA,NA,NA,NA,NA,NA,NA,NA,NA,NA
5,2024-25 Regular Season,2024-25 Reg,0,1,1,2024-11-25,2,,2,1,29,3,4,3,16,0,0,24,0,0,0.0,4.2,0,0.14,0,0,1,0,0,0,0.0,40,Boston Fleet,BOS,Boston,Fleet,1,1,0,0,0,0,0,0.551724,PWHL,31246,520:46,39,regular,2,NA,NA,NA,NA,NA,NA,NA,NA,NA,NA,NA,NA,NA,NA,NA,NA,NA,NA,NA,NA,NA
1,2024 Regular Season,2024 Reg,0,1,1,2024-01-01,2,,2,1,24,3,4,3,12,0,0,20,0,0,0.0,5.0,0,0.17,0,0,0,0,0,1,0.0,14,PWHL Boston,BOS,Boston,Boston,1,0,1,0,0,0,0,0.500000,PWHL,27895,464:55,18,regular,2,NA,NA,NA,NA,NA,NA,NA,NA,NA,NA,NA,NA,NA,NA,NA,NA,NA,NA,NA,NA,NA
14,Total,Total,0,3,NA,6073,6,NA,15,2,83,10,12,-1,40,0,0,64,0,0,0.0,3.1,0,0.14,0,0,1,0,0,1,0.0,83,NA,NA,NA,NA,NA,NA,1,0,0,0,0,0.48,NA,92013,1533:33,101,regular,2,NA,NA,NA,NA,NA,NA,NA,NA,NA,NA,NA,NA,NA,NA,NA,NA,NA,NA,NA,NA,NA
3,2024 Playoffs,2024 Playoffs,1,1,1,2024-05-06,2,,2,0,8,2,2,-2,0,0,0,6,0,0,0.0,0.0,0,0.25,0,0,0,0,0,2,0.0,11,PWHL Boston,BOS,Boston,Boston,1,1,0,0,0,0,0,0,PWHL,13466,224:26,14,playoff,2,NA,NA,NA,NA,NA,NA,NA,NA,NA,NA,NA,NA,NA,NA,NA,NA,NA,NA,NA,NA,NA
3,Total,Total,1,1,NA,2024,2,NA,2,0,8,2,2,-2,0,0,0,6,0,0,0.0,0.0,0,0.25,0,0,0,0,0,2,0.0,11,NA,NA,NA,NA,NA,NA,0,0,0,0,0,0.00,NA,13466,224:26,14,playoff,2,NA,NA,NA,NA,NA,NA,NA,NA,NA,NA,NA,NA,NA,NA,NA,NA,NA,NA,NA,NA,NA
7,2025-26 Preseason,2025-26 Preseason,0,0,1,2025-06-13,2,,11,0,1,0,0,0,0,0,0,2,0,0,0.0,0.0,0,0.00,0,0,0,0,0,0,0.0,1,Seattle Torrent,SEA,Seattle,Torrent,8,1,0,0,0,0,0,0,PWHL,2080,34:40,1,exhibition,2,NA,NA,NA,NA,NA,NA,NA,NA,NA,NA,NA,NA,NA,NA,NA,NA,NA,NA,NA,NA,NA
4,2024-25 Preseason,2024-25 Preseason,0,0,1,2024-11-01,2,,2,0,2,0,0,0,2,0,0,1,0,0,0.0,0.0,0,0.00,0,0,0,0,0,0,0.0,2,Boston Fleet,BOS,Boston,Fleet,1,1,0,0,0,0,0,1.000000,PWHL,2059,34:19,2,exhibition,2,NA,NA,NA,NA,NA,NA,NA,NA,NA,NA,NA,NA,NA,NA,NA,NA,NA,NA,NA,NA,NA
2,2024 Preseason,2024 Preseason,0,0,1,2023-11-01,2,,2,0,2,1,1,0,2,0,0,10,0,0,0.0,0.0,0,0.50,0,0,0,0,0,0,0.0,0,PWHL Boston,BOS,Boston,PWHL Boston,1,1,0,0,0,0,0,1.000000,PWHL,0,0:00,0,exhibition,2,NA,NA,NA,NA,NA,NA,NA,NA,NA,NA,NA,NA,NA,NA,NA,NA,NA,NA,NA,NA,NA
13,Total,Total,0,0,NA,6072,6,NA,15,0,5,1,1,0,4,0,0,13,0,0,0.0,0.0,0,0.20,0,0,0,0,0,0,0.0,3,NA,NA,NA,NA,NA,NA,0,0,0,0,0,0.80,NA,4139,68:59,3,exhibition,2,NA,NA,NA,NA,NA,NA,NA,NA,NA,NA,NA,NA,NA,NA,NA,NA,NA,NA,NA,NA,NA
8,2025-26 Regular Season,2025-26 Reg,0,1,1,2025-11-21,1,*,27,13,30,17,30,18,12,3,4,89,0,0,0.0,14.6,0,1.00,0,0,2,0,222,447,49.7,21,Minnesota Frost,MIN,Minnesota,Frost,2,1,4,2,1,2,1,0.400000,PWHL,32156,535:56,8,regular,21,NA,NA,NA,NA,NA,NA,NA,NA,NA,NA,NA,NA,NA,NA,NA,NA,NA,NA,NA,NA,NA
5,2024-25 Regular Season,2024-25 Reg,0,1,1,2024-11-25,1,*,27,8,29,14,22,1,6,2,6,69,6,2,33.3,11.6,1,0.76,0,0,2,0,218,443,49.2,13,Minnesota Frost,MIN,Minnesota,Frost,2,1,2,0,1,0,0,0.206897,PWHL,31576,526:16,13,regular,21,NA,NA,NA,NA,NA,NA,NA,NA,NA,NA,NA,NA,NA,NA,NA,NA,NA,NA,NA,NA,NA
1,2024 Regular Season,2024 Reg,0,1,1,2023-11-01,2,,27,4,19,9,13,5,8,0,1,52,2,2,100.0,7.7,1,0.68,0,0,1,0,163,308,52.9,2,PWHL Minnesota,MIN,Minnesota,Minnesota,2,1,2,0,0,2,1,0.421053,PWHL,22177,369:37,9,regular,21,NA,NA,NA,NA,NA,NA,NA,NA,NA,NA,NA,NA,NA,NA,NA,NA,NA,NA,NA,NA,NA
14,Total,Total,0,3,NA,6072,4,NA,81,25,78,40,65,24,26,5,11,210,8,4,50.0,11.9,2,0.83,0,0,5,0,603,1198,50.3,36,NA,NA,NA,NA,NA,NA,8,2,2,4,2,0.33,NA,85909,1431:49,30,regular,21,NA,NA,NA,NA,NA,NA,NA,NA,NA,NA,NA,NA,NA,NA,NA,NA,NA,NA,NA,NA,NA
9,2026 Playoffs,2026 Playoffs,1,1,1,2026-04-28,1,*,27,0,5,2,2,0,2,0,1,18,0,0,0.0,0.0,0,0.40,0,0,0,0,29,74,39.2,1,Minnesota Frost,MIN,Minnesota,Frost,2,1,0,0,0,0,0,0.400000,PWHL,7372,122:52,2,playoff,21,NA,NA,NA,NA,NA,NA,NA,NA,NA,NA,NA,NA,NA,NA,NA,NA,NA,NA,NA,NA,NA
6,2025 Playoffs,2025 Playoffs,1,1,1,2025-05-06,1,*,27,1,8,6,7,-1,2,0,1,15,0,0,0.0,6.7,0,0.88,0,0,1,0,42,90,46.7,3,Minnesota Frost,MIN,Minnesota,Frost,2,1,0,0,1,0,0,0.250000,PWHL,9754,162:34,6,playoff,21,NA,NA,NA,NA,NA,NA,NA,NA,NA,NA,NA,NA,NA,NA,NA,NA,NA,NA,NA,NA,NA
3,2024 Playoffs,2024 Playoffs,1,1,1,2024-05-06,2,,27,5,10,3,8,6,2,1,0,29,0,0,0.0,17.2,0,0.80,0,0,1,0,101,187,54.0,11,PWHL Minnesota,MIN,Minnesota,Minnesota,2,1,1,0,0,0,1,0.200000,PWHL,11752,195:52,5,playoff,21,NA,NA,NA,NA,NA,NA,NA,NA,NA,NA,NA,NA,NA,NA,NA,NA,NA,NA,NA,NA,NA
18,Total,Total,1,3,NA,6075,4,NA,81,6,23,11,17,5,6,1,2,62,0,0,0.0,9.7,0,0.74,0,0,2,0,172,351,49.0,15,NA,NA,NA,NA,NA,NA,1,0,1,0,1,0.26,NA,28878,481:18,13,playoff,21,NA,NA,NA,NA,NA,NA,NA,NA,NA,NA,NA,NA,NA,NA,NA,NA,NA,NA,NA,NA,NA
7,2025-26 Preseason,2025-26 Preseason,0,0,1,2025-06-01,1,*,27,0,1,2,2,1,2,0,1,3,0,0,0.0,0.0,0,2.00,0,0,0,0,7,16,43.8,2,Minnesota Frost,MIN,Minnesota,Frost,2,1,0,0,0,0,0,2.000000,PWHL,1009,16:49,0,exhibition,21,NA,NA,NA,NA,NA,NA,NA,NA,NA,NA,NA,NA,NA,NA,NA,NA,NA,NA,NA,NA,NA
2,2024 Preseason,2024 Preseason,0,0,1,2023-11-01,2,,27,3,3,0,3,1,0,1,0,9,2,0,0.0,33.3,0,1.00,0,0,0,0,0,0,0.0,0,PWHL Minnesota,MIN,Minnesota,PWHL Minnesota,2,1,0,0,0,1,0,0,PWHL,0,0:00,0,exhibition,21,NA,NA,NA,NA,NA,NA,NA,NA,NA,NA,NA,NA,NA,NA,NA,NA,NA,NA,NA,NA,NA
9,Total,Total,0,0,NA,4048,3,NA,54,3,4,2,5,2,2,1,1,12,2,0,0.0,25.0,0,1.25,0,0,0,0,7,16,43.8,2,NA,NA,NA,NA,NA,NA,0,0,0,1,0,0.50,NA,1009,16:49,0,exhibition,21,NA,NA,NA,NA,NA,NA,NA,NA,NA,NA,NA,NA,NA,NA,NA,NA,NA,NA,NA,NA,NA
8,2025-26 Regular Season,2025-26 Reg,0,1,1,2025-11-21,2,,12,16,30,17,33,13,6,7,3,58,0,0,0.0,27.6,0,1.10,0,0,4,0,341,575,59.3,7,Minnesota Frost,MIN,Minnesota,Frost,2,1,1,2,1,0,1,0.200000,PWHL,33917,565:17,33,regular,23,NA,NA,NA,NA,NA,NA,NA,NA,NA,NA,NA,NA,NA,NA,NA,NA,NA,NA,NA,NA,NA
5,2024-25 Regular Season,2024-25 Reg,0,1,1,2024-11-25,2,,12,3,30,8,11,3,12,1,1,51,0,0,0.0,5.9,0,0.37,0,0,0,0,296,519,57.0,18,Minnesota Frost,MIN,Minnesota,Frost,2,1,0,0,0,0,0,0.400000,PWHL,32466,541:06,19,regular,23,NA,NA,NA,NA,NA,NA,NA,NA,NA,NA,NA,NA,NA,NA,NA,NA,NA,NA,NA,NA,NA
1,2024 Regular Season,2024 Reg,0,1,1,2023-11-01,2,,12,4,24,12,16,11,2,0,2,50,1,0,0.0,8.0,0,0.67,0,2,1,0,230,431,53.4,13,PWHL Minnesota,MIN,Minnesota,Minnesota,2,1,2,0,0,0,0,0.083333,PWHL,28800,480:00,17,regular,23,NA,NA,NA,NA,NA,NA,NA,NA,NA,NA,NA,NA,NA,NA,NA,NA,NA,NA,NA,NA,NA
14,Total,Total,0,3,NA,6072,6,NA,36,23,84,37,60,27,20,8,6,159,1,0,0.0,14.5,0,0.71,0,2,5,0,867,1525,56.9,38,NA,NA,NA,NA,NA,NA,3,2,1,0,1,0.24,NA,95183,1586:23,69,regular,23,NA,NA,NA,NA,NA,NA,NA,NA,NA,NA,NA,NA,NA,NA,NA,NA,NA,NA,NA,NA,NA
9,2026 Playoffs,2026 Playoffs,1,1,1,2026-04-28,2,,12,1,5,3,4,-1,0,0,1,14,0,0,0.0,7.1,0,0.80,0,1,0,0,58,123,47.2,5,Minnesota Frost,MIN,Minnesota,Frost,2,1,0,1,0,0,1,0,PWHL,6664,111:04,5,playoff,23,NA,NA,NA,NA,NA,NA,NA,NA,NA,NA,NA,NA,NA,NA,NA,NA,NA,NA,NA,NA,NA
6,2025 Playoffs,2025 Playoffs,1,1,1,2025-05-06,2,,12,2,8,3,5,1,2,0,1,16,0,0,0.0,12.5,0,0.63,0,0,0,0,108,203,53.2,13,Minnesota Frost,MIN,Minnesota,Frost,2,1,1,0,0,0,0,0.250000,PWHL,10587,176:27,8,playoff,23,NA,NA,NA,NA,NA,NA,NA,NA,NA,NA,NA,NA,NA,NA,NA,NA,NA,NA,NA,NA,NA
3,2024 Playoffs,2024 Playoffs,1,1,1,2024-05-06,2,,12,0,10,2,2,-4,0,0,1,20,0,0,0.0,0.0,0,0.20,0,0,0,0,114,199,57.3,15,PWHL Minnesota,MIN,Minnesota,Minnesota,2,1,0,0,0,0,0,0,PWHL,12961,216:01,13,playoff,23,NA,NA,NA,NA,NA,NA,NA,NA,NA,NA,NA,NA,NA,NA,NA,NA,NA,NA,NA,NA,NA
18,Total,Total,1,3,NA,6075,6,NA,36,3,23,8,11,-4,2,0,3,50,0,0,0.0,6.0,0,0.48,0,1,0,0,280,525,53.3,33,NA,NA,NA,NA,NA,NA,1,1,0,0,1,0.09,NA,30212,503:32,26,playoff,23,NA,NA,NA,NA,NA,NA,NA,NA,NA,NA,NA,NA,NA,NA,NA,NA,NA,NA,NA,NA,NA
7,2025-26 Preseason,2025-26 Preseason,0,0,1,2025-06-01,2,,12,1,1,0,1,0,0,1,0,3,0,0,0.0,33.3,0,1.00,0,0,0,0,9,14,64.3,1,Minnesota Frost,MIN,Minnesota,Frost,2,1,0,0,0,0,0,0,PWHL,1008,16:48,1,exhibition,23,NA,NA,NA,NA,NA,NA,NA,NA,NA,NA,NA,NA,NA,NA,NA,NA,NA,NA,NA,NA,NA
4,2024-25 Preseason,2024-25 Preseason,0,0,1,2024-11-01,2,,12,0,1,1,1,1,0,0,0,0,0,0,0.0,0.0,0,1.00,0,0,0,0,8,13,61.5,1,Minnesota Frost,MIN,Minnesota,Frost,2,1,0,0,0,0,0,0,PWHL,987,16:27,0,exhibition,23,NA,NA,NA,NA,NA,NA,NA,NA,NA,NA,NA,NA,NA,NA,NA,NA,NA,NA,NA,NA,NA
2,2024 Preseason,2024 Preseason,0,0,1,2023-11-01,2,,12,3,3,1,4,3,4,0,0,10,2,1,50.0,30.0,0,1.33,0,0,0,0,0,0,0.0,0,PWHL Minnesota,MIN,Minnesota,PWHL Minnesota,2,1,1,0,0,0,0,1.333333,PWHL,0,0:00,0,exhibition,23,NA,NA,NA,NA,NA,NA,NA,NA,NA,NA,NA,NA,NA,NA,NA,NA,NA,NA,NA,NA,NA
13,Total,Total,0,0,NA,6072,6,NA,36,4,5,2,6,4,4,1,0,13,2,1,50.0,30.8,0,1.20,0,0,0,0,17,27,63.0,2,NA,NA,NA,NA,NA,NA,1,0,0,0,0,0.80,NA,1995,33:15,1,exhibition,23,NA,NA,NA,NA,NA,NA,NA,NA,NA,NA,NA,NA,NA,NA,NA,NA,NA,NA,NA,NA,NA
8,2025-26 Regular Season,2025-26 Reg,0,1,1,2025-11-21,2,,2,1,28,13,14,12,6,1,3,51,0,0,0.0,2.0,0,0.50,0,0,0,0,0,1,0.0,9,Minnesota Frost,MIN,Minnesota,Frost,2,1,0,0,0,0,0,0.214286,PWHL,41458,690:58,31,regular,24,NA,NA,NA,NA,NA,NA,NA,NA,NA,NA,NA,NA,NA,NA,NA,NA,NA,NA,NA,NA,NA
5,2024-25 Regular Season,2024-25 Reg,0,1,1,2024-11-25,2,,2,3,30,6,9,-2,6,0,1,33,0,0,0.0,9.1,0,0.30,0,0,1,0,0,0,0.0,10,Minnesota Frost,MIN,Minnesota,Frost,2,1,0,1,0,1,1,0.200000,PWHL,41453,690:53,41,regular,24,NA,NA,NA,NA,NA,NA,NA,NA,NA,NA,NA,NA,NA,NA,NA,NA,NA,NA,NA,NA,NA
1,2024 Regular Season,2024 Reg,0,1,1,2023-11-01,2,,2,2,24,6,8,0,16,0,1,35,0,0,0.0,5.7,0,0.33,0,0,0,0,1,1,100.0,21,PWHL Minnesota,MIN,Minnesota,Minnesota,2,1,1,0,0,0,0,0.666667,PWHL,39307,655:07,14,regular,24,NA,NA,NA,NA,NA,NA,NA,NA,NA,NA,NA,NA,NA,NA,NA,NA,NA,NA,NA,NA,NA
14,Total,Total,0,3,NA,6072,6,NA,6,6,82,25,31,10,28,1,5,119,0,0,0.0,5.0,0,0.38,0,0,1,0,1,2,50.0,40,NA,NA,NA,NA,NA,NA,1,1,0,1,1,0.34,NA,122218,2036:58,86,regular,24,NA,NA,NA,NA,NA,NA,NA,NA,NA,NA,NA,NA,NA,NA,NA,NA,NA,NA,NA,NA,NA
9,2026 Playoffs,2026 Playoffs,1,1,1,2026-04-28,2,,2,0,5,2,2,3,2,0,1,4,0,0,0.0,0.0,0,0.40,0,0,0,0,0,0,0.0,3,Minnesota Frost,MIN,Minnesota,Frost,2,1,0,0,0,0,0,0.400000,PWHL,9175,152:55,15,playoff,24,NA,NA,NA,NA,NA,NA,NA,NA,NA,NA,NA,NA,NA,NA,NA,NA,NA,NA,NA,NA,NA
6,2025 Playoffs,2025 Playoffs,1,1,1,2025-05-06,2,,2,4,8,4,8,1,2,1,3,12,0,0,0.0,33.3,0,1.00,0,0,0,0,0,0,0.0,4,Minnesota Frost,MIN,Minnesota,Frost,2,1,0,0,0,0,0,0.250000,PWHL,14185,236:25,15,playoff,24,NA,NA,NA,NA,NA,NA,NA,NA,NA,NA,NA,NA,NA,NA,NA,NA,NA,NA,NA,NA,NA
3,2024 Playoffs,2024 Playoffs,1,1,1,2024-05-06,2,,2,0,10,3,3,-1,2,0,1,10,0,0,0.0,0.0,0,0.30,0,0,0,0,0,0,0.0,15,PWHL Minnesota,MIN,Minnesota,Minnesota,2,1,0,0,0,0,0,0.200000,PWHL,16098,268:18,11,playoff,24,NA,NA,NA,NA,NA,NA,NA,NA,NA,NA,NA,NA,NA,NA,NA,NA,NA,NA,NA,NA,NA
18,Total,Total,1,3,NA,6075,6,NA,6,4,23,9,13,3,6,1,5,26,0,0,0.0,15.4,0,0.57,0,0,0,0,0,0,0.0,22,NA,NA,NA,NA,NA,NA,0,0,0,0,0,0.26,NA,39458,657:38,41,playoff,24,NA,NA,NA,NA,NA,NA,NA,NA,NA,NA,NA,NA,NA,NA,NA,NA,NA,NA,NA,NA,NA
7,2025-26 Preseason,2025-26 Preseason,0,0,1,2025-06-01,2,,2,1,1,0,1,-2,2,1,0,2,0,0,0.0,50.0,0,1.00,0,0,0,0,0,0,0.0,0,Minnesota Frost,MIN,Minnesota,Frost,2,1,0,0,0,0,0,2.000000,PWHL,1239,20:39,1,exhibition,24,NA,NA,NA,NA,NA,NA,NA,NA,NA,NA,NA,NA,NA,NA,NA,NA,NA,NA,NA,NA,NA
4,2024-25 Preseason,2024-25 Preseason,0,0,1,2024-11-01,2,,2,1,1,0,1,2,0,0,0,2,0,0,0.0,50.0,0,1.00,0,0,0,0,0,0,0.0,0,Minnesota Frost,MIN,Minnesota,Frost,2,1,1,0,0,0,0,0,PWHL,994,16:34,3,exhibition,24,NA,NA,NA,NA,NA,NA,NA,NA,NA,NA,NA,NA,NA,NA,NA,NA,NA,NA,NA,NA,NA
2,2024 Preseason,2024 Preseason,0,0,1,2023-11-01,2,,2,1,3,1,2,2,6,0,0,6,1,0,0.0,16.7,0,0.67,0,0,0,0,0,0,0.0,0,PWHL Minnesota,MIN,Minnesota,PWHL Minnesota,2,1,0,0,0,0,0,2.000000,PWHL,0,0:00,0,exhibition,24,NA,NA,NA,NA,NA,NA,NA,NA,NA,NA,NA,NA,NA,NA,NA,NA,NA,NA,NA,NA,NA
13,Total,Total,0,0,NA,6072,6,NA,6,3,5,1,4,2,8,1,0,10,1,0,0.0,30.0,0,0.80,0,0,0,0,0,0,0.0,0,NA,NA,NA,NA,NA,NA,1,0,0,0,0,1.60,NA,2233,37:13,4,exhibition,24,NA,NA,NA,NA,NA,NA,NA,NA,NA,NA,NA,NA,NA,NA,NA,NA,NA,NA,NA,NA,NA
8,2025-26 Regular Season,2025-26 Reg,0,1,1,2025-11-21,1,*,13,13,29,10,23,5,6,3,3,82,0,0,0.0,15.9,0,0.79,0,0,2,0,1,8,12.5,3,Minnesota Frost,MIN,Minnesota,Frost,2,1,1,4,0,2,0,0.206897,PWHL,29080,484:40,17,regular,25,NA,NA,NA,NA,NA,NA,NA,NA,NA,NA,NA,NA,NA,NA,NA,NA,NA,NA,NA,NA,NA
5,2024-25 Regular Season,2024-25 Reg,0,1,1,2024-11-25,1,*,13,4,22,6,10,-7,0,2,1,49,2,1,50.0,8.2,0,0.45,0,0,1,0,1,8,12.5,7,Minnesota Frost,MIN,Minnesota,Frost,2,1,2,0,0,0,1,0,PWHL,23134,385:34,9,regular,25,NA,NA,NA,NA,NA,NA,NA,NA,NA,NA,NA,NA,NA,NA,NA,NA,NA,NA,NA,NA,NA
1,2024 Regular Season,2024 Reg,0,1,1,2023-11-01,2,,13,11,24,8,19,6,4,2,0,98,3,3,100.0,11.2,1,0.79,2,0,4,0,4,9,44.4,6,PWHL Minnesota,MIN,Minnesota,Minnesota,2,1,1,1,0,0,1,0.166667,PWHL,27163,452:43,3,regular,25,NA,NA,NA,NA,NA,NA,NA,NA,NA,NA,NA,NA,NA,NA,NA,NA,NA,NA,NA,NA,NA
14,Total,Total,0,3,NA,6072,4,NA,39,28,75,24,52,4,10,7,4,229,5,4,80.0,12.2,1,0.69,2,0,7,0,6,25,24.0,16,NA,NA,NA,NA,NA,NA,4,5,0,2,2,0.13,NA,79377,1322:57,29,regular,25,NA,NA,NA,NA,NA,NA,NA,NA,NA,NA,NA,NA,NA,NA,NA,NA,NA,NA,NA,NA,NA
9,2026 Playoffs,2026 Playoffs,1,1,1,2026-04-28,1,*,13,1,5,1,2,0,0,0,0,17,0,0,0.0,5.9,0,0.40,0,0,0,0,0,0,0.0,1,Minnesota Frost,MIN,Minnesota,Frost,2,1,0,0,0,1,0,0,PWHL,5999,99:59,6,playoff,25,NA,NA,NA,NA,NA,NA,NA,NA,NA,NA,NA,NA,NA,NA,NA,NA,NA,NA,NA,NA,NA
6,2025 Playoffs,2025 Playoffs,1,1,1,2025-05-06,1,*,13,0,8,3,3,4,4,0,0,25,0,0,0.0,0.0,0,0.38,0,0,0,0,10,25,40.0,4,Minnesota Frost,MIN,Minnesota,Frost,2,1,0,0,0,0,0,0.500000,PWHL,10471,174:31,4,playoff,25,NA,NA,NA,NA,NA,NA,NA,NA,NA,NA,NA,NA,NA,NA,NA,NA,NA,NA,NA,NA,NA
3,2024 Playoffs,2024 Playoffs,1,1,1,2024-05-06,2,,13,1,10,0,1,-4,0,0,0,26,0,0,0.0,3.8,0,0.10,1,0,0,0,0,0,0.0,12,PWHL Minnesota,MIN,Minnesota,Minnesota,2,1,0,0,0,1,1,0,PWHL,12480,208:00,2,playoff,25,NA,NA,NA,NA,NA,NA,NA,NA,NA,NA,NA,NA,NA,NA,NA,NA,NA,NA,NA,NA,NA
18,Total,Total,1,3,NA,6075,4,NA,39,2,23,4,6,0,4,0,0,68,0,0,0.0,2.9,0,0.26,1,0,0,0,10,25,40.0,17,NA,NA,NA,NA,NA,NA,0,0,0,2,1,0.17,NA,28950,482:30,12,playoff,25,NA,NA,NA,NA,NA,NA,NA,NA,NA,NA,NA,NA,NA,NA,NA,NA,NA,NA,NA,NA,NA
7,2025-26 Preseason,2025-26 Preseason,0,0,1,2025-06-01,1,*,13,0,1,1,1,1,0,0,1,5,0,0,0.0,0.0,0,1.00,0,0,0,0,0,2,0.0,0,Minnesota Frost,MIN,Minnesota,Frost,2,1,0,0,0,0,0,0,PWHL,959,15:59,0,exhibition,25,NA,NA,NA,NA,NA,NA,NA,NA,NA,NA,NA,NA,NA,NA,NA,NA,NA,NA,NA,NA,NA
4,2024-25 Preseason,2024-25 Preseason,0,0,1,2024-11-01,1,*,13,0,1,0,0,0,0,0,0,0,0,0,0.0,0.0,0,0.00,0,0,0,0,0,0,0.0,0,Minnesota Frost,MIN,Minnesota,Frost,2,1,0,0,0,0,0,0,PWHL,908,15:08,0,exhibition,25,NA,NA,NA,NA,NA,NA,NA,NA,NA,NA,NA,NA,NA,NA,NA,NA,NA,NA,NA,NA,NA
2,2024 Preseason,2024 Preseason,0,0,1,2023-11-01,2,,13,1,2,0,1,0,0,0,0,7,1,1,100.0,14.3,0,0.50,0,0,0,0,0,0,0.0,0,PWHL Minnesota,MIN,Minnesota,PWHL Minnesota,2,1,0,0,0,1,0,0,PWHL,0,0:00,0,exhibition,25,NA,NA,NA,NA,NA,NA,NA,NA,NA,NA,NA,NA,NA,NA,NA,NA,NA,NA,NA,NA,NA
13,Total,Total,0,0,NA,6072,4,NA,39,1,4,1,2,1,0,0,1,12,1,1,100.0,8.3,0,0.50,0,0,0,0,0,2,0.0,0,NA,NA,NA,NA,NA,NA,0,0,0,1,0,0.00,NA,1867,31:07,0,exhibition,25,NA,NA,NA,NA,NA,NA,NA,NA,NA,NA,NA,NA,NA,NA,NA,NA,NA,NA,NA,NA,NA
8,2025-26 Regular Season,2025-26 Reg,0,1,1,2025-11-21,2,,42,1,30,9,10,2,6,0,0,36,1,0,0.0,2.8,0,0.33,0,0,1,0,6,15,40.0,15,Toronto Sceptres,TOR,Toronto,Sceptres,6,1,0,0,0,0,0,0.200000,PWHL,27368,456:08,26,regular,26,NA,NA,NA,NA,NA,NA,NA,NA,NA,NA,NA,NA,NA,NA,NA,NA,NA,NA,NA,NA,NA
5,2024-25 Regular Season,2024-25 Reg,0,1,1,2024-11-25,1,*,42,3,30,6,9,2,4,0,1,45,0,0,0.0,6.7,0,0.30,0,1,0,0,7,12,58.3,8,Montréal Victoire,MTL,Montréal,Victoire,3,1,1,0,0,0,0,0.133333,PWHL,23739,395:39,15,regular,26,NA,NA,NA,NA,NA,NA,NA,NA,NA,NA,NA,NA,NA,NA,NA,NA,NA,NA,NA,NA,NA
1,2024 Regular Season,2024 Reg,0,1,1,2023-11-01,2,,42,5,20,4,9,3,0,1,0,22,0,0,0.0,22.7,0,0.45,1,0,1,0,1,3,33.3,3,PWHL Montreal,MTL,Montreal,Montreal,3,1,1,1,0,0,0,0,PWHL,16563,276:03,7,regular,26,NA,NA,NA,NA,NA,NA,NA,NA,NA,NA,NA,NA,NA,NA,NA,NA,NA,NA,NA,NA,NA
14,Total,Total,0,3,NA,6072,5,NA,126,9,80,19,28,7,10,1,1,103,1,0,0.0,8.7,0,0.35,1,1,2,0,14,30,46.7,26,NA,NA,NA,NA,NA,NA,2,1,0,0,0,0.12,NA,67670,1127:50,48,regular,26,NA,NA,NA,NA,NA,NA,NA,NA,NA,NA,NA,NA,NA,NA,NA,NA,NA,NA,NA,NA,NA
6,2025 Playoffs,2025 Playoffs,1,1,1,2025-05-06,1,*,42,0,3,0,0,-1,0,0,0,1,0,0,0.0,0.0,0,0.00,0,0,0,0,0,0,0.0,0,Montréal Victoire,MTL,Montréal,Victoire,3,1,0,0,0,0,0,0,PWHL,1586,26:26,4,playoff,26,NA,NA,NA,NA,NA,NA,NA,NA,NA,NA,NA,NA,NA,NA,NA,NA,NA,NA,NA,NA,NA
3,2024 Playoffs,2024 Playoffs,1,1,1,2024-05-06,2,,42,0,3,0,0,-1,0,0,0,8,0,0,0.0,0.0,0,0.00,0,0,0,0,0,1,0.0,2,PWHL Montreal,MTL,Montreal,Montreal,3,1,0,0,0,0,0,0,PWHL,2599,43:19,2,playoff,26,NA,NA,NA,NA,NA,NA,NA,NA,NA,NA,NA,NA,NA,NA,NA,NA,NA,NA,NA,NA,NA
9,Total,Total,1,2,NA,4049,3,NA,84,0,6,0,0,-2,0,0,0,9,0,0,0.0,0.0,0,0.00,0,0,0,0,0,1,0.0,2,NA,NA,NA,NA,NA,NA,0,0,0,0,0,0.00,NA,4185,69:45,6,playoff,26,NA,NA,NA,NA,NA,NA,NA,NA,NA,NA,NA,NA,NA,NA,NA,NA,NA,NA,NA,NA,NA
7,2025-26 Preseason,2025-26 Preseason,0,0,1,2025-06-18,2,,42,0,2,0,0,-1,2,0,0,3,0,0,0.0,0.0,0,0.00,0,0,0,0,0,0,0.0,0,Toronto Sceptres,TOR,Toronto,Sceptres,6,1,0,0,0,0,0,1.000000,PWHL,1523,25:23,1,exhibition,26,NA,NA,NA,NA,NA,NA,NA,NA,NA,NA,NA,NA,NA,NA,NA,NA,NA,NA,NA,NA,NA
4,2024-25 Preseason,2024-25 Preseason,0,0,1,2024-11-01,1,*,42,0,2,1,1,-1,0,0,0,5,0,0,0.0,0.0,0,0.50,0,0,0,0,0,1,0.0,2,Montréal Victoire,MTL,Montréal,Victoire,3,1,0,0,0,0,0,0,PWHL,1685,28:05,2,exhibition,26,NA,NA,NA,NA,NA,NA,NA,NA,NA,NA,NA,NA,NA,NA,NA,NA,NA,NA,NA,NA,NA
2,2024 Preseason,2024 Preseason,0,0,1,2023-11-01,2,,42,0,2,0,0,1,0,0,0,2,0,0,0.0,0.0,0,0.00,0,0,0,0,0,0,0.0,0,PWHL Montreal,MON,Montreal,PWHL Montreal,3,1,0,0,0,0,0,0,PWHL,0,0:00,0,exhibition,26,NA,NA,NA,NA,NA,NA,NA,NA,NA,NA,NA,NA,NA,NA,NA,NA,NA,NA,NA,NA,NA
13,Total,Total,0,0,NA,6072,5,NA,126,0,6,1,1,-1,2,0,0,10,0,0,0.0,0.0,0,0.17,0,0,0,0,0,1,0.0,2,NA,NA,NA,NA,NA,NA,0,0,0,0,0,0.33,NA,3208,53:28,3,exhibition,26,NA,NA,NA,NA,NA,NA,NA,NA,NA,NA,NA,NA,NA,NA,NA,NA,NA,NA,NA,NA,NA
8,2025-26 Regular Season,2025-26 Reg,0,1,1,2025-11-21,2,,78,4,30,1,5,-14,10,1,0,43,0,0,0.0,9.3,0,0.17,1,0,0,0,14,35,40.0,12,Seattle Torrent,SEA,Seattle,Torrent,8,1,1,0,0,1,0,0.333333,PWHL,26953,449:13,19,regular,49,NA,NA,NA,NA,NA,NA,NA,NA,NA,NA,NA,NA,NA,NA,NA,NA,NA,NA,NA,NA,NA
5,2024-25 Regular Season,2024-25 Reg,0,1,1,2024-11-25,1,*,88,2,29,4,6,-5,6,0,1,33,0,0,0.0,6.1,0,0.21,0,0,1,0,40,94,42.6,32,Boston Fleet,BOS,Boston,Fleet,1,1,1,0,0,1,1,0.206897,PWHL,17701,295:01,8,regular,49,NA,NA,NA,NA,NA,NA,NA,NA,NA,NA,NA,NA,NA,NA,NA,NA,NA,NA,NA,NA,NA
1,2024 Regular Season,2024 Reg,0,1,1,2023-11-01,2,,88,5,17,3,8,-3,4,2,1,23,0,0,0.0,21.7,0,0.47,1,0,0,0,4,8,50.0,3,PWHL Ottawa,OTT,Ottawa,Ottawa,5,0,0,2,0,0,2,0.235294,PWHL,16001,266:41,1,regular,49,NA,NA,NA,NA,NA,NA,NA,NA,NA,NA,NA,NA,NA,NA,NA,NA,NA,NA,NA,NA,NA
1,2024 Regular Season,2024 Reg,0,1,1,2024-03-18,2,,8,1,7,2,3,2,2,0,0,7,0,0,0.0,14.3,0,0.43,0,0,1,0,18,39,46.2,5,PWHL Boston,BOS,Boston,Boston,1,1,0,0,0,0,0,0.285714,PWHL,5704,95:04,0,regular,49,NA,NA,NA,NA,NA,NA,NA,NA,NA,NA,NA,NA,NA,NA,NA,NA,NA,NA,NA,NA,NA
15,Total,Total,0,4,NA,8096,7,NA,262,12,83,10,22,-20,22,3,2,106,0,0,0.0,11.3,0,0.27,2,0,2,0,76,176,43.2,52,NA,NA,NA,NA,NA,NA,2,2,0,2,3,0.27,NA,66359,1105:59,28,regular,49,NA,NA,NA,NA,NA,NA,NA,NA,NA,NA,NA,NA,NA,NA,NA,NA,NA,NA,NA,NA,NA
3,2024 Playoffs,2024 Playoffs,1,1,1,,,,8,1,8,0,1,-2,7,0,0,10,0,0,0.0,10.0,0,0.13,0,0,0,0,30,57,52.6,12,PWHL Boston,BOS,Boston,Boston,1,1,0,0,0,0,0,0.875000,PWHL,5967,99:27,2,playoff,49,NA,NA,NA,NA,NA,NA,NA,NA,NA,NA,NA,NA,NA,NA,NA,NA,NA,NA,NA,NA,NA
3,Total,Total,1,1,NA,0,0,NA,8,1,8,0,1,-2,7,0,0,10,0,0,0.0,10.0,0,0.12,0,0,0,0,30,57,52.6,12,NA,NA,NA,NA,NA,NA,0,0,0,0,0,0.88,NA,5967,99:27,2,playoff,49,NA,NA,NA,NA,NA,NA,NA,NA,NA,NA,NA,NA,NA,NA,NA,NA,NA,NA,NA,NA,NA
7,2025-26 Preseason,2025-26 Preseason,0,0,1,2025-06-18,2,,78,0,2,0,0,1,0,0,0,7,0,0,0.0,0.0,0,0.00,0,0,0,0,0,0,0.0,1,Seattle Torrent,SEA,Seattle,Torrent,8,1,0,0,0,0,0,0,PWHL,1596,26:36,0,exhibition,49,NA,NA,NA,NA,NA,NA,NA,NA,NA,NA,NA,NA,NA,NA,NA,NA,NA,NA,NA,NA,NA
4,2024-25 Preseason,2024-25 Preseason,0,0,1,2024-10-11,1,*,88,1,2,1,2,1,0,0,0,5,0,0,0.0,20.0,0,1.00,0,0,0,0,12,19,63.2,0,Boston Fleet,BOS,Boston,Fleet,1,1,0,0,0,0,0,0,PWHL,1948,32:28,0,exhibition,49,NA,NA,NA,NA,NA,NA,NA,NA,NA,NA,NA,NA,NA,NA,NA,NA,NA,NA,NA,NA,NA
2,2024 Preseason,2024 Preseason,0,0,1,2023-11-01,2,,88,1,2,0,1,1,0,0,0,6,0,0,0.0,16.7,0,0.50,0,0,0,0,0,0,0.0,0,PWHL Ottawa,OTT,Ottawa,PWHL Ottawa,5,1,1,0,0,0,0,0,PWHL,0,0:00,0,exhibition,49,NA,NA,NA,NA,NA,NA,NA,NA,NA,NA,NA,NA,NA,NA,NA,NA,NA,NA,NA,NA,NA
13,Total,Total,0,0,NA,6072,5,NA,254,2,6,1,3,3,0,0,0,18,0,0,0.0,11.1,0,0.50,0,0,0,0,12,19,63.2,1,NA,NA,NA,NA,NA,NA,1,0,0,0,0,0.00,NA,3544,59:04,0,exhibition,49,NA,NA,NA,NA,NA,NA,NA,NA,NA,NA,NA,NA,NA,NA,NA,NA,NA,NA,NA,NA,NA
8,2025-26 Regular Season,2025-26 Reg,0,1,1,2025-11-21,2,,21,2,30,4,6,2,0,1,0,26,0,0,0.0,7.7,0,0.20,0,0,0,0,0,0,0.0,19,Vancouver Goldeneyes,VAN,Vancouver,Goldeneyes,9,1,0,1,0,0,0,0,PWHL,36962,616:02,54,regular,50,NA,NA,NA,NA,NA,NA,NA,NA,NA,NA,NA,NA,NA,NA,NA,NA,NA,NA,NA,NA,NA
5,2024-25 Regular Season,2024-25 Reg,0,1,1,2024-11-25,2,,21,3,27,3,6,1,0,0,0,23,0,0,0.0,13.0,0,0.22,1,0,1,0,1,1,100.0,13,Ottawa Charge,OTT,Ottawa,Charge,5,1,1,0,0,0,0,0,PWHL,29491,491:31,32,regular,50,NA,NA,NA,NA,NA,NA,NA,NA,NA,NA,NA,NA,NA,NA,NA,NA,NA,NA,NA,NA,NA
1,2024 Regular Season,2024 Reg,0,1,1,2024-01-01,2,,21,2,24,5,7,3,2,0,1,36,0,0,0.0,5.6,0,0.29,0,1,0,0,0,0,0.0,14,PWHL Ottawa,OTT,Ottawa,Ottawa,5,0,0,0,0,0,0,0.083333,PWHL,32083,534:43,19,regular,50,NA,NA,NA,NA,NA,NA,NA,NA,NA,NA,NA,NA,NA,NA,NA,NA,NA,NA,NA,NA,NA
14,Total,Total,0,3,NA,6073,6,NA,63,7,81,12,19,6,2,1,1,85,0,0,0.0,8.2,0,0.23,1,1,1,0,1,1,100.0,46,NA,NA,NA,NA,NA,NA,1,1,0,0,0,0.02,NA,98536,1642:16,105,regular,50,NA,NA,NA,NA,NA,NA,NA,NA,NA,NA,NA,NA,NA,NA,NA,NA,NA,NA,NA,NA,NA
6,2025 Playoffs,2025 Playoffs,1,1,1,2025-05-06,2,,21,1,8,1,2,1,0,0,0,15,0,0,0.0,6.7,0,0.25,0,0,0,0,0,1,0.0,4,Ottawa Charge,OTT,Ottawa,Charge,5,1,0,0,0,0,0,0,PWHL,14640,244:00,17,playoff,50,NA,NA,NA,NA,NA,NA,NA,NA,NA,NA,NA,NA,NA,NA,NA,NA,NA,NA,NA,NA,NA
6,Total,Total,1,1,NA,2025,2,NA,21,1,8,1,2,1,0,0,0,15,0,0,0.0,6.7,0,0.25,0,0,0,0,0,1,0.0,4,NA,NA,NA,NA,NA,NA,0,0,0,0,0,0.00,NA,14640,244:00,17,playoff,50,NA,NA,NA,NA,NA,NA,NA,NA,NA,NA,NA,NA,NA,NA,NA,NA,NA,NA,NA,NA,NA
7,2025-26 Preseason,2025-26 Preseason,0,0,1,2025-06-13,2,,21,0,1,1,1,1,0,0,0,0,0,0,0.0,0.0,0,1.00,0,0,0,0,0,0,0.0,0,Vancouver Goldeneyes,VAN,Vancouver,Goldeneyes,9,1,0,0,0,0,0,0,PWHL,1200,20:00,0,exhibition,50,NA,NA,NA,NA,NA,NA,NA,NA,NA,NA,NA,NA,NA,NA,NA,NA,NA,NA,NA,NA,NA
4,2024-25 Preseason,2024-25 Preseason,0,0,1,2024-10-17,2,,21,0,1,1,1,0,0,0,0,4,0,0,0.0,0.0,0,1.00,0,0,0,0,0,0,0.0,0,Ottawa Charge,OTT,Ottawa,Charge,5,1,0,0,0,0,0,0,PWHL,928,15:28,1,exhibition,50,NA,NA,NA,NA,NA,NA,NA,NA,NA,NA,NA,NA,NA,NA,NA,NA,NA,NA,NA,NA,NA
2,2024 Preseason,2024 Preseason,0,0,1,2023-11-01,2,,21,0,3,0,0,0,0,0,0,3,0,0,0.0,0.0,0,0.00,0,0,0,0,0,0,0.0,0,PWHL Ottawa,OTT,Ottawa,PWHL Ottawa,5,0,0,0,0,0,0,0,PWHL,0,0:00,0,exhibition,50,NA,NA,NA,NA,NA,NA,NA,NA,NA,NA,NA,NA,NA,NA,NA,NA,NA,NA,NA,NA,NA
13,Total,Total,0,0,NA,6072,6,NA,63,0,5,2,2,1,0,0,0,7,0,0,0.0,0.0,0,0.40,0,0,0,0,0,0,0.0,0,NA,NA,NA,NA,NA,NA,0,0,0,0,0,0.00,NA,2128,35:28,1,exhibition,50,NA,NA,NA,NA,NA,NA,NA,NA,NA,NA,NA,NA,NA,NA,NA,NA,NA,NA,NA,NA,NA
8,2025-26 Regular Season,2025-26 Reg,0,1,1,2025-11-21,2,,44,0,30,3,3,5,8,0,0,20,0,0,0.0,0.0,0,0.10,0,0,0,0,0,0,0.0,10,Montréal Victoire,MTL,Montréal,Victoire,3,1,0,0,0,0,0,0.266667,PWHL,30583,509:43,44,regular,51,NA,NA,NA,NA,NA,NA,NA,NA,NA,NA,NA,NA,NA,NA,NA,NA,NA,NA,NA,NA,NA
5,2024-25 Regular Season,2024-25 Reg,0,1,1,2024-11-25,2,,44,1,25,5,6,0,4,0,1,17,0,0,0.0,5.9,0,0.24,0,0,0,0,0,0,0.0,23,Montréal Victoire,MTL,Montréal,Victoire,3,1,0,0,0,0,0,0.160000,PWHL,25193,419:53,31,regular,51,NA,NA,NA,NA,NA,NA,NA,NA,NA,NA,NA,NA,NA,NA,NA,NA,NA,NA,NA,NA,NA
1,2024 Regular Season,2024 Reg,0,1,1,2023-11-01,2,,28,1,17,5,6,4,2,0,1,17,0,0,0.0,5.9,0,0.35,0,0,0,0,1,1,100.0,2,PWHL Ottawa,OTT,Ottawa,Ottawa,5,0,1,0,0,0,0,0.117647,PWHL,17394,289:54,12,regular,51,NA,NA,NA,NA,NA,NA,NA,NA,NA,NA,NA,NA,NA,NA,NA,NA,NA,NA,NA,NA,NA
1,2024 Regular Season,2024 Reg,0,1,1,2024-03-18,2,,44,0,6,3,3,-3,0,0,2,11,0,0,0.0,0.0,0,0.50,0,0,0,0,0,1,0.0,3,PWHL Montreal,MTL,Montreal,Montreal,3,1,0,0,0,0,0,0,PWHL,7257,120:57,7,regular,51,NA,NA,NA,NA,NA,NA,NA,NA,NA,NA,NA,NA,NA,NA,NA,NA,NA,NA,NA,NA,NA
15,Total,Total,0,4,NA,8096,8,NA,160,2,78,16,18,6,14,0,4,65,0,0,0.0,3.1,0,0.23,0,0,0,0,1,2,50.0,38,NA,NA,NA,NA,NA,NA,1,0,0,0,0,0.18,NA,80427,1340:27,94,regular,51,NA,NA,NA,NA,NA,NA,NA,NA,NA,NA,NA,NA,NA,NA,NA,NA,NA,NA,NA,NA,NA
9,2026 Playoffs,2026 Playoffs,1,1,1,2026-04-28,2,,44,0,9,0,0,2,6,0,0,6,0,0,0.0,0.0,0,0.00,0,0,0,0,0,0,0.0,0,Montréal Victoire,MTL,Montréal,Victoire,3,1,0,0,0,0,0,0.666667,PWHL,9521,158:41,6,playoff,51,NA,NA,NA,NA,NA,NA,NA,NA,NA,NA,NA,NA,NA,NA,NA,NA,NA,NA,NA,NA,NA
6,2025 Playoffs,2025 Playoffs,1,1,1,2025-05-06,2,,44,0,4,0,0,-1,0,0,0,1,0,0,0.0,0.0,0,0.00,0,0,0,0,0,0,0.0,1,Montréal Victoire,MTL,Montréal,Victoire,3,1,0,0,0,0,0,0,PWHL,3910,65:10,5,playoff,51,NA,NA,NA,NA,NA,NA,NA,NA,NA,NA,NA,NA,NA,NA,NA,NA,NA,NA,NA,NA,NA
3,2024 Playoffs,2024 Playoffs,1,1,1,2024-05-06,2,,44,0,3,0,0,-2,2,0,0,5,0,0,0.0,0.0,0,0.00,0,0,0,0,0,0,0.0,0,PWHL Montreal,MTL,Montreal,Montreal,3,1,0,0,0,0,0,0.666667,PWHL,5583,93:03,2,playoff,51,NA,NA,NA,NA,NA,NA,NA,NA,NA,NA,NA,NA,NA,NA,NA,NA,NA,NA,NA,NA,NA
18,Total,Total,1,3,NA,6075,6,NA,132,0,16,0,0,-1,8,0,0,12,0,0,0.0,0.0,0,0.00,0,0,0,0,0,0,0.0,1,NA,NA,NA,NA,NA,NA,0,0,0,0,0,0.50,NA,19014,316:54,13,playoff,51,NA,NA,NA,NA,NA,NA,NA,NA,NA,NA,NA,NA,NA,NA,NA,NA,NA,NA,NA,NA,NA
7,2025-26 Preseason,2025-26 Preseason,0,0,1,2025-06-01,2,,44,0,2,0,0,2,0,0,0,1,0,0,0.0,0.0,0,0.00,0,0,0,0,0,0,0.0,1,Montréal Victoire,MTL,Montréal,Victoire,3,1,0,0,0,0,0,0,PWHL,2271,37:51,0,exhibition,51,NA,NA,NA,NA,NA,NA,NA,NA,NA,NA,NA,NA,NA,NA,NA,NA,NA,NA,NA,NA,NA
4,2024-25 Preseason,2024-25 Preseason,0,0,1,2024-11-01,2,,44,0,1,0,0,-2,0,0,0,2,0,0,0.0,0.0,0,0.00,0,0,0,0,0,0,0.0,0,Montréal Victoire,MTL,Montréal,Victoire,3,1,0,0,0,0,0,0,PWHL,974,16:14,1,exhibition,51,NA,NA,NA,NA,NA,NA,NA,NA,NA,NA,NA,NA,NA,NA,NA,NA,NA,NA,NA,NA,NA
2,2024 Preseason,2024 Preseason,0,0,1,2023-11-01,2,,28,0,2,0,0,-2,0,0,0,4,0,0,0.0,0.0,0,0.00,0,0,0,0,0,0,0.0,0,PWHL Ottawa,OTT,Ottawa,PWHL Ottawa,5,1,0,0,0,0,0,0,PWHL,0,0:00,0,exhibition,51,NA,NA,NA,NA,NA,NA,NA,NA,NA,NA,NA,NA,NA,NA,NA,NA,NA,NA,NA,NA,NA
13,Total,Total,0,0,NA,6072,6,NA,116,0,5,0,0,-2,0,0,0,7,0,0,0.0,0.0,0,0.00,0,0,0,0,0,0,0.0,1,NA,NA,NA,NA,NA,NA,0,0,0,0,0,0.00,NA,3245,54:05,1,exhibition,51,NA,NA,NA,NA,NA,NA,NA,NA,NA,NA,NA,NA,NA,NA,NA,NA,NA,NA,NA,NA,NA
8,2025-26 Regular Season,2025-26 Reg,0,1,1,2025-11-21,1,*,3,0,12,1,1,2,4,0,1,15,0,0,0.0,0.0,0,0.08,0,0,0,0,0,0,0.0,24,Boston Fleet,BOS,Boston,Fleet,1,1,0,0,0,0,0,0.333333,PWHL,12450,207:30,16,regular,52,NA,NA,NA,NA,NA,NA,NA,NA,NA,NA,NA,NA,NA,NA,NA,NA,NA,NA,NA,NA,NA
5,2024-25 Regular Season,2024-25 Reg,0,1,1,2024-11-25,2,,3,0,23,3,3,2,25,0,0,19,0,0,0.0,0.0,0,0.13,0,1,0,0,0,0,0.0,18,Ottawa Charge,OTT,Ottawa,Charge,5,1,0,0,0,0,0,1.086957,PWHL,17493,291:33,10,regular,52,NA,NA,NA,NA,NA,NA,NA,NA,NA,NA,NA,NA,NA,NA,NA,NA,NA,NA,NA,NA,NA
1,2024 Regular Season,2024 Reg,0,1,1,2023-11-01,2,,3,0,16,3,3,-3,2,0,1,11,0,0,0.0,0.0,0,0.19,0,1,0,0,0,0,0.0,5,PWHL Ottawa,OTT,Ottawa,Ottawa,5,1,0,0,0,0,0,0.125000,PWHL,14307,238:27,7,regular,52,NA,NA,NA,NA,NA,NA,NA,NA,NA,NA,NA,NA,NA,NA,NA,NA,NA,NA,NA,NA,NA
14,Total,Total,0,3,NA,6072,5,NA,9,0,51,7,7,1,31,0,2,45,0,0,0.0,0.0,0,0.14,0,2,0,0,0,0,0.0,47,NA,NA,NA,NA,NA,NA,0,0,0,0,0,0.61,NA,44250,737:30,33,regular,52,NA,NA,NA,NA,NA,NA,NA,NA,NA,NA,NA,NA,NA,NA,NA,NA,NA,NA,NA,NA,NA
6,2025 Playoffs,2025 Playoffs,1,1,1,2025-05-06,2,,3,0,8,0,0,-1,4,0,0,6,0,0,0.0,0.0,0,0.00,0,0,0,0,0,0,0.0,11,Ottawa Charge,OTT,Ottawa,Charge,5,1,0,0,0,0,0,0.500000,PWHL,10384,173:04,7,playoff,52,NA,NA,NA,NA,NA,NA,NA,NA,NA,NA,NA,NA,NA,NA,NA,NA,NA,NA,NA,NA,NA
6,Total,Total,1,1,NA,2025,2,NA,3,0,8,0,0,-1,4,0,0,6,0,0,0.0,0.0,0,0.00,0,0,0,0,0,0,0.0,11,NA,NA,NA,NA,NA,NA,0,0,0,0,0,0.50,NA,10384,173:04,7,playoff,52,NA,NA,NA,NA,NA,NA,NA,NA,NA,NA,NA,NA,NA,NA,NA,NA,NA,NA,NA,NA,NA
7,2025-26 Preseason,2025-26 Preseason,0,0,1,2025-06-23,1,*,3,0,1,0,0,0,0,0,0,0,0,0,0.0,0.0,0,0.00,0,0,0,0,0,0,0.0,0,Boston Fleet,BOS,Boston,Fleet,1,1,0,0,0,0,0,0,PWHL,725,12:05,0,exhibition,52,NA,NA,NA,NA,NA,NA,NA,NA,NA,NA,NA,NA,NA,NA,NA,NA,NA,NA,NA,NA,NA
4,2024-25 Preseason,2024-25 Preseason,0,0,1,2024-10-17,2,,3,0,1,0,0,0,0,0,0,3,0,0,0.0,0.0,0,0.00,0,0,0,0,0,0,0.0,2,Ottawa Charge,OTT,Ottawa,Charge,5,1,0,0,0,0,0,0,PWHL,1096,18:16,2,exhibition,52,NA,NA,NA,NA,NA,NA,NA,NA,NA,NA,NA,NA,NA,NA,NA,NA,NA,NA,NA,NA,NA
2,2024 Preseason,2024 Preseason,0,0,1,2023-11-01,2,,3,0,1,0,0,0,0,0,0,1,0,0,0.0,0.0,0,0.00,0,0,0,0,0,0,0.0,0,PWHL Ottawa,OTT,Ottawa,PWHL Ottawa,5,1,0,0,0,0,0,0,PWHL,0,0:00,0,exhibition,52,NA,NA,NA,NA,NA,NA,NA,NA,NA,NA,NA,NA,NA,NA,NA,NA,NA,NA,NA,NA,NA
13,Total,Total,0,0,NA,6072,5,NA,9,0,3,0,0,0,0,0,0,4,0,0,0.0,0.0,0,0.00,0,0,0,0,0,0,0.0,2,NA,NA,NA,NA,NA,NA,0,0,0,0,0,0.00,NA,1821,30:21,2,exhibition,52,NA,NA,NA,NA,NA,NA,NA,NA,NA,NA,NA,NA,NA,NA,NA,NA,NA,NA,NA,NA,NA
8,2025-26 Regular Season,2025-26 Reg,0,1,1,2025-11-21,2,,26,3,30,6,9,-6,4,0,3,77,0,0,0.0,3.9,0,0.30,0,0,0,0,5,8,62.5,45,Ottawa Charge,OTT,Ottawa,Charge,5,1,0,1,0,1,0,0.133333,PWHL,31212,520:12,7,regular,53,NA,NA,NA,NA,NA,NA,NA,NA,NA,NA,NA,NA,NA,NA,NA,NA,NA,NA,NA,NA,NA
5,2024-25 Regular Season,2024-25 Reg,0,1,1,2024-11-25,2,,26,9,30,10,19,1,10,0,1,87,0,0,0.0,10.3,0,0.63,0,1,2,0,2,10,20.0,45,Ottawa Charge,OTT,Ottawa,Charge,5,1,2,1,0,2,1,0.333333,PWHL,34867,581:07,21,regular,53,NA,NA,NA,NA,NA,NA,NA,NA,NA,NA,NA,NA,NA,NA,NA,NA,NA,NA,NA,NA,NA
1,2024 Regular Season,2024 Reg,0,1,1,2023-11-01,2,,26,4,24,11,15,2,10,1,2,74,1,0,0.0,5.4,0,0.63,0,1,0,0,9,14,64.3,18,PWHL Ottawa,OTT,Ottawa,Ottawa,5,1,1,0,0,1,1,0.416667,PWHL,26880,448:00,4,regular,53,NA,NA,NA,NA,NA,NA,NA,NA,NA,NA,NA,NA,NA,NA,NA,NA,NA,NA,NA,NA,NA
14,Total,Total,0,3,NA,6072,6,NA,78,16,84,27,43,-3,24,1,6,238,1,0,0.0,6.7,0,0.51,0,2,2,0,16,32,50.0,108,NA,NA,NA,NA,NA,NA,3,2,0,4,2,0.29,NA,92959,1549:19,32,regular,53,NA,NA,NA,NA,NA,NA,NA,NA,NA,NA,NA,NA,NA,NA,NA,NA,NA,NA,NA,NA,NA
9,2026 Playoffs,2026 Playoffs,1,1,1,2026-04-28,2,,26,0,8,0,0,-3,4,0,0,17,0,0,0.0,0.0,0,0.00,0,0,0,0,1,2,50.0,14,Ottawa Charge,OTT,Ottawa,Charge,5,1,0,0,0,0,0,0.500000,PWHL,9167,152:47,6,playoff,53,NA,NA,NA,NA,NA,NA,NA,NA,NA,NA,NA,NA,NA,NA,NA,NA,NA,NA,NA,NA,NA
6,2025 Playoffs,2025 Playoffs,1,1,1,2025-05-06,2,,26,3,8,2,5,3,2,0,0,26,0,0,0.0,11.5,0,0.63,0,0,2,0,1,1,100.0,9,Ottawa Charge,OTT,Ottawa,Charge,5,1,1,0,1,1,0,0.250000,PWHL,11872,197:52,5,playoff,53,NA,NA,NA,NA,NA,NA,NA,NA,NA,NA,NA,NA,NA,NA,NA,NA,NA,NA,NA,NA,NA
15,Total,Total,1,2,NA,4051,4,NA,52,3,16,2,5,0,6,0,0,43,0,0,0.0,7.0,0,0.31,0,0,2,0,2,3,66.7,23,NA,NA,NA,NA,NA,NA,1,0,1,1,0,0.38,NA,21039,350:39,11,playoff,53,NA,NA,NA,NA,NA,NA,NA,NA,NA,NA,NA,NA,NA,NA,NA,NA,NA,NA,NA,NA,NA
7,2025-26 Preseason,2025-26 Preseason,0,0,1,2025-06-01,2,,26,0,1,0,0,-2,0,0,0,0,0,0,0.0,0.0,0,0.00,0,0,0,0,0,0,0.0,0,Ottawa Charge,OTT,Ottawa,Charge,5,1,0,0,0,0,0,0,PWHL,1002,16:42,0,exhibition,53,NA,NA,NA,NA,NA,NA,NA,NA,NA,NA,NA,NA,NA,NA,NA,NA,NA,NA,NA,NA,NA
4,2024-25 Preseason,2024-25 Preseason,0,0,1,2024-10-17,2,,26,1,2,2,3,2,2,0,0,4,0,0,0.0,25.0,0,1.50,0,0,0,0,2,8,25.0,2,Ottawa Charge,OTT,Ottawa,Charge,5,1,0,0,0,0,0,1.000000,PWHL,1743,29:03,1,exhibition,53,NA,NA,NA,NA,NA,NA,NA,NA,NA,NA,NA,NA,NA,NA,NA,NA,NA,NA,NA,NA,NA
2,2024 Preseason,2024 Preseason,0,0,1,2023-11-01,2,,26,0,2,0,0,1,0,0,0,3,1,0,0.0,0.0,0,0.00,0,0,0,0,0,0,0.0,0,PWHL Ottawa,OTT,Ottawa,PWHL Ottawa,5,0,0,0,0,0,0,0,PWHL,0,0:00,0,exhibition,53,NA,NA,NA,NA,NA,NA,NA,NA,NA,NA,NA,NA,NA,NA,NA,NA,NA,NA,NA,NA,NA
13,Total,Total,0,0,NA,6072,6,NA,78,1,5,2,3,1,2,0,0,7,1,0,0.0,14.3,0,0.60,0,0,0,0,2,8,25.0,2,NA,NA,NA,NA,NA,NA,0,0,0,0,0,0.40,NA,2745,45:45,1,exhibition,53,NA,NA,NA,NA,NA,NA,NA,NA,NA,NA,NA,NA,NA,NA,NA,NA,NA,NA,NA,NA,NA
8,2025-26 Regular Season,2025-26 Reg,0,1,1,2025-11-21,2,,21,0,5,0,0,0,2,0,0,1,0,0,0.0,0.0,0,0.00,0,0,0,0,1,5,20.0,1,Toronto Sceptres,TOR,Toronto,Sceptres,6,1,0,0,0,0,0,0.400000,PWHL,773,12:53,1,regular,54,NA,NA,NA,NA,NA,NA,NA,NA,NA,NA,NA,NA,NA,NA,NA,NA,NA,NA,NA,NA,NA
1,2024 Regular Season,2024 Reg,0,1,1,2023-11-01,2,,25,1,9,0,1,2,0,0,0,7,0,0,0.0,14.3,0,0.11,0,0,0,0,16,39,41.0,5,PWHL Ottawa,OTT,Ottawa,Ottawa,5,1,0,0,0,0,0,0,PWHL,4248,70:48,0,regular,54,NA,NA,NA,NA,NA,NA,NA,NA,NA,NA,NA,NA,NA,NA,NA,NA,NA,NA,NA,NA,NA
9,Total,Total,0,2,NA,4048,4,NA,46,1,14,0,1,2,2,0,0,8,0,0,0.0,12.5,0,0.07,0,0,0,0,17,44,38.6,6,NA,NA,NA,NA,NA,NA,0,0,0,0,0,0.14,NA,5021,83:41,1,regular,54,NA,NA,NA,NA,NA,NA,NA,NA,NA,NA,NA,NA,NA,NA,NA,NA,NA,NA,NA,NA,NA
7,2025-26 Preseason,2025-26 Preseason,0,0,1,2025-06-01,2,,21,0,1,0,0,0,0,0,0,0,0,0,0.0,0.0,0,0.00,0,0,0,0,2,2,100.0,1,Toronto Sceptres,TOR,Toronto,Sceptres,6,1,0,0,0,0,0,0,PWHL,727,12:07,0,exhibition,54,NA,NA,NA,NA,NA,NA,NA,NA,NA,NA,NA,NA,NA,NA,NA,NA,NA,NA,NA,NA,NA
2,2024 Preseason,2024 Preseason,0,0,1,2023-11-01,2,,25,1,3,0,1,1,0,0,0,8,0,0,0.0,12.5,0,0.33,0,0,0,0,0,0,0.0,0,PWHL Ottawa,OTT,Ottawa,PWHL Ottawa,5,1,0,0,0,0,0,0,PWHL,0,0:00,0,exhibition,54,NA,NA,NA,NA,NA,NA,NA,NA,NA,NA,NA,NA,NA,NA,NA,NA,NA,NA,NA,NA,NA
9,Total,Total,0,0,NA,4048,4,NA,46,1,4,0,1,1,0,0,0,8,0,0,0.0,12.5,0,0.25,0,0,0,0,2,2,100.0,1,NA,NA,NA,NA,NA,NA,0,0,0,0,0,0.00,NA,727,12:07,0,exhibition,54,NA,NA,NA,NA,NA,NA,NA,NA,NA,NA,NA,NA,NA,NA,NA,NA,NA,NA,NA,NA,NA
1,2024 Regular Season,2024 Reg,0,1,1,2023-11-01,2,,10,0,22,3,3,-11,2,0,0,21,0,0,0.0,0.0,0,0.14,0,1,0,0,9,31,29.0,15,PWHL Ottawa,OTT,Ottawa,Ottawa,5,1,0,0,0,0,0,0.090909,PWHL,15631,260:31,10,regular,55,NA,NA,NA,NA,NA,NA,NA,NA,NA,NA,NA,NA,NA,NA,NA,NA,NA,NA,NA,NA,NA
1,Total,Total,0,1,NA,2023,2,NA,10,0,22,3,3,-11,2,0,0,21,0,0,0.0,0.0,0,0.14,0,1,0,0,9,31,29.0,15,NA,NA,NA,NA,NA,NA,0,0,0,0,0,0.09,NA,15631,260:31,10,regular,55,NA,NA,NA,NA,NA,NA,NA,NA,NA,NA,NA,NA,NA,NA,NA,NA,NA,NA,NA,NA,NA
2,2024 Preseason,2024 Preseason,0,0,1,2023-11-01,2,,10,0,3,0,0,0,2,0,0,7,0,0,0.0,0.0,0,0.00,0,0,0,0,0,0,0.0,0,PWHL Ottawa,OTT,Ottawa,PWHL Ottawa,5,1,0,0,0,0,0,0.666667,PWHL,0,0:00,0,exhibition,55,NA,NA,NA,NA,NA,NA,NA,NA,NA,NA,NA,NA,NA,NA,NA,NA,NA,NA,NA,NA,NA
2,Total,Total,0,0,NA,2023,2,NA,10,0,3,0,0,0,2,0,0,7,0,0,0.0,0.0,0,0.00,0,0,0,0,0,0,0.0,0,NA,NA,NA,NA,NA,NA,0,0,0,0,0,0.67,NA,0,0:00,0,exhibition,55,NA,NA,NA,NA,NA,NA,NA,NA,NA,NA,NA,NA,NA,NA,NA,NA,NA,NA,NA,NA,NA
8,2025-26 Regular Season,2025-26 Reg,0,1,1,2025-11-21,2,,15,2,30,4,6,-10,6,2,1,52,0,0,0.0,3.8,0,0.20,0,1,1,0,1,1,100.0,14,Toronto Sceptres,TOR,Toronto,Sceptres,6,1,2,0,0,0,0,0.200000,PWHL,41034,683:54,18,regular,56,NA,NA,NA,NA,NA,NA,NA,NA,NA,NA,NA,NA,NA,NA,NA,NA,NA,NA,NA,NA,NA
5,2024-25 Regular Season,2024-25 Reg,0,1,1,2024-11-25,2,,15,0,6,0,0,-2,0,0,0,10,0,0,0.0,0.0,0,0.00,0,0,0,0,0,0,0.0,1,Ottawa Charge,OTT,Ottawa,Charge,5,0,0,0,0,0,0,0,PWHL,7877,131:17,4,regular,56,NA,NA,NA,NA,NA,NA,NA,NA,NA,NA,NA,NA,NA,NA,NA,NA,NA,NA,NA,NA,NA
5,2024-25 Regular Season,2024-25 Reg,0,1,1,2024-12-30,2,,15,0,24,6,6,0,2,0,3,27,0,0,0.0,0.0,0,0.25,0,0,0,0,0,0,0.0,6,Toronto Sceptres,TOR,Toronto,Sceptres,6,1,0,0,0,0,0,0.083333,PWHL,32910,548:30,16,regular,56,NA,NA,NA,NA,NA,NA,NA,NA,NA,NA,NA,NA,NA,NA,NA,NA,NA,NA,NA,NA,NA
1,2024 Regular Season,2024 Reg,0,1,1,2023-11-01,2,,15,3,24,9,12,-2,8,1,3,49,1,0,0.0,6.1,0,0.50,0,0,0,0,0,2,0.0,0,PWHL Ottawa,OTT,Ottawa,Ottawa,5,1,2,0,0,1,0,0.333333,PWHL,36960,616:00,7,regular,56,NA,NA,NA,NA,NA,NA,NA,NA,NA,NA,NA,NA,NA,NA,NA,NA,NA,NA,NA,NA,NA
19,Total,Total,0,4,NA,8096,8,NA,60,5,84,19,24,-14,16,3,7,138,1,0,0.0,3.6,0,0.29,0,1,1,0,1,3,33.3,21,NA,NA,NA,NA,NA,NA,4,0,0,1,0,0.19,NA,118781,1979:41,45,regular,56,NA,NA,NA,NA,NA,NA,NA,NA,NA,NA,NA,NA,NA,NA,NA,NA,NA,NA,NA,NA,NA
6,2025 Playoffs,2025 Playoffs,1,1,1,2025-05-06,2,,15,1,4,1,2,0,0,1,0,6,0,0,0.0,16.7,0,0.50,0,0,0,0,0,0,0.0,1,Toronto Sceptres,TOR,Toronto,Sceptres,6,1,0,0,0,0,0,0,PWHL,6043,100:43,1,playoff,56,NA,NA,NA,NA,NA,NA,NA,NA,NA,NA,NA,NA,NA,NA,NA,NA,NA,NA,NA,NA,NA
6,Total,Total,1,1,NA,2025,2,NA,15,1,4,1,2,0,0,1,0,6,0,0,0.0,16.7,0,0.50,0,0,0,0,0,0,0.0,1,NA,NA,NA,NA,NA,NA,0,0,0,0,0,0.00,NA,6043,100:43,1,playoff,56,NA,NA,NA,NA,NA,NA,NA,NA,NA,NA,NA,NA,NA,NA,NA,NA,NA,NA,NA,NA,NA
7,2025-26 Preseason,2025-26 Preseason,0,0,1,2025-06-01,2,,15,0,2,0,0,1,0,0,0,6,0,0,0.0,0.0,0,0.00,0,0,0,0,0,0,0.0,0,Toronto Sceptres,TOR,Toronto,Sceptres,6,1,0,0,0,0,0,0,PWHL,2840,47:20,0,exhibition,56,NA,NA,NA,NA,NA,NA,NA,NA,NA,NA,NA,NA,NA,NA,NA,NA,NA,NA,NA,NA,NA
4,2024-25 Preseason,2024-25 Preseason,0,0,1,2024-10-17,2,,15,0,1,0,0,0,0,0,0,4,0,0,0.0,0.0,0,0.00,0,0,0,0,0,0,0.0,0,Ottawa Charge,OTT,Ottawa,Charge,5,1,0,0,0,0,0,0,PWHL,1194,19:54,1,exhibition,56,NA,NA,NA,NA,NA,NA,NA,NA,NA,NA,NA,NA,NA,NA,NA,NA,NA,NA,NA,NA,NA
2,2024 Preseason,2024 Preseason,0,0,1,2023-11-01,2,,15,1,3,0,1,0,0,0,0,5,0,0,0.0,20.0,0,0.33,0,0,0,0,0,0,0.0,0,PWHL Ottawa,OTT,Ottawa,PWHL Ottawa,5,1,0,0,0,0,0,0,PWHL,0,0:00,0,exhibition,56,NA,NA,NA,NA,NA,NA,NA,NA,NA,NA,NA,NA,NA,NA,NA,NA,NA,NA,NA,NA,NA
13,Total,Total,0,0,NA,6072,6,NA,45,1,6,0,1,1,0,0,0,15,0,0,0.0,6.7,0,0.17,0,0,0,0,0,0,0.0,0,NA,NA,NA,NA,NA,NA,0,0,0,0,0,0.00,NA,4034,67:14,1,exhibition,56,NA,NA,NA,NA,NA,NA,NA,NA,NA,NA,NA,NA,NA,NA,NA,NA,NA,NA,NA,NA,NA
8,2025-26 Regular Season,2025-26 Reg,0,1,1,2025-11-21,2,,17,5,28,11,16,-6,16,1,4,40,0,0,0.0,12.5,0,0.57,0,0,0,0,192,393,48.9,25,Ottawa Charge,OTT,Ottawa,Charge,5,1,2,0,0,0,0,0.571429,PWHL,27560,459:20,10,regular,57,NA,NA,NA,NA,NA,NA,NA,NA,NA,NA,NA,NA,NA,NA,NA,NA,NA,NA,NA,NA,NA
5,2024-25 Regular Season,2024-25 Reg,0,1,1,2024-11-25,2,,17,5,29,11,16,-2,16,1,4,45,0,0,0.0,11.1,0,0.55,1,1,1,0,261,518,50.4,32,Ottawa Charge,OTT,Ottawa,Charge,5,1,2,0,1,0,0,0.551724,PWHL,31974,532:54,16,regular,57,NA,NA,NA,NA,NA,NA,NA,NA,NA,NA,NA,NA,NA,NA,NA,NA,NA,NA,NA,NA,NA
1,2024 Regular Season,2024 Reg,0,1,1,2023-11-01,2,,17,9,24,3,12,1,20,2,0,61,0,0,0.0,14.8,0,0.50,1,0,3,0,198,433,45.7,19,PWHL Ottawa,OTT,Ottawa,Ottawa,5,1,0,1,0,0,1,0.833333,PWHL,26805,446:45,4,regular,57,NA,NA,NA,NA,NA,NA,NA,NA,NA,NA,NA,NA,NA,NA,NA,NA,NA,NA,NA,NA,NA
14,Total,Total,0,3,NA,6072,6,NA,51,19,81,25,44,-7,52,4,8,146,0,0,0.0,13.0,0,0.54,2,1,4,0,651,1344,48.4,76,NA,NA,NA,NA,NA,NA,4,1,1,0,1,0.64,NA,86339,1438:59,30,regular,57,NA,NA,NA,NA,NA,NA,NA,NA,NA,NA,NA,NA,NA,NA,NA,NA,NA,NA,NA,NA,NA
9,2026 Playoffs,2026 Playoffs,1,1,1,2026-04-28,2,,17,1,8,1,2,-3,4,0,0,17,0,0,0.0,5.9,0,0.25,0,0,0,0,89,172,51.7,6,Ottawa Charge,OTT,Ottawa,Charge,5,1,0,1,0,0,1,0.500000,PWHL,9372,156:12,4,playoff,57,NA,NA,NA,NA,NA,NA,NA,NA,NA,NA,NA,NA,NA,NA,NA,NA,NA,NA,NA,NA,NA
6,2025 Playoffs,2025 Playoffs,1,1,1,2025-05-06,2,,17,0,8,3,3,2,4,0,0,17,0,0,0.0,0.0,0,0.38,0,0,0,0,94,202,46.5,3,Ottawa Charge,OTT,Ottawa,Charge,5,1,0,0,0,0,0,0.500000,PWHL,11849,197:29,7,playoff,57,NA,NA,NA,NA,NA,NA,NA,NA,NA,NA,NA,NA,NA,NA,NA,NA,NA,NA,NA,NA,NA
15,Total,Total,1,2,NA,4051,4,NA,34,1,16,4,5,-1,8,0,0,34,0,0,0.0,2.9,0,0.31,0,0,0,0,183,374,48.9,9,NA,NA,NA,NA,NA,NA,0,1,0,0,1,0.50,NA,21221,353:41,11,playoff,57,NA,NA,NA,NA,NA,NA,NA,NA,NA,NA,NA,NA,NA,NA,NA,NA,NA,NA,NA,NA,NA
7,2025-26 Preseason,2025-26 Preseason,0,0,1,2025-06-01,2,,17,0,1,1,1,0,2,0,0,1,0,0,0.0,0.0,0,1.00,0,0,0,0,8,15,53.3,5,Ottawa Charge,OTT,Ottawa,Charge,5,1,0,0,0,0,0,2.000000,PWHL,1104,18:24,0,exhibition,57,NA,NA,NA,NA,NA,NA,NA,NA,NA,NA,NA,NA,NA,NA,NA,NA,NA,NA,NA,NA,NA
4,2024-25 Preseason,2024-25 Preseason,0,0,1,2024-10-17,2,,17,0,1,1,1,1,0,0,0,2,0,0,0.0,0.0,0,1.00,0,0,0,0,10,18,55.6,0,Ottawa Charge,OTT,Ottawa,Charge,5,1,0,0,0,0,0,0,PWHL,885,14:45,0,exhibition,57,NA,NA,NA,NA,NA,NA,NA,NA,NA,NA,NA,NA,NA,NA,NA,NA,NA,NA,NA,NA,NA
2,2024 Preseason,2024 Preseason,0,0,1,2023-11-01,2,,17,0,3,2,2,3,0,0,0,2,1,1,100.0,0.0,0,0.67,0,0,0,0,0,0,0.0,0,PWHL Ottawa,OTT,Ottawa,PWHL Ottawa,5,1,0,0,0,0,0,0,PWHL,0,0:00,0,exhibition,57,NA,NA,NA,NA,NA,NA,NA,NA,NA,NA,NA,NA,NA,NA,NA,NA,NA,NA,NA,NA,NA
13,Total,Total,0,0,NA,6072,6,NA,51,0,5,4,4,4,2,0,0,5,1,1,100.0,0.0,0,0.80,0,0,0,0,18,33,54.5,5,NA,NA,NA,NA,NA,NA,0,0,0,0,0,0.40,NA,1989,33:09,0,exhibition,57,NA,NA,NA,NA,NA,NA,NA,NA,NA,NA,NA,NA,NA,NA,NA,NA,NA,NA,NA,NA,NA
8,2025-26 Regular Season,2025-26 Reg,0,1,1,2025-11-21,2,,19,12,30,14,26,2,8,4,4,80,7,4,57.1,15.0,1,0.87,1,1,3,0,311,545,57.1,27,Ottawa Charge,OTT,Ottawa,Charge,5,1,3,0,1,0,3,0.266667,PWHL,34537,575:37,12,regular,58,NA,NA,NA,NA,NA,NA,NA,NA,NA,NA,NA,NA,NA,NA,NA,NA,NA,NA,NA,NA,NA
5,2024-25 Regular Season,2024-25 Reg,0,1,1,2024-11-25,2,,19,7,28,8,15,-1,8,3,1,68,0,0,0.0,10.3,0,0.54,0,0,1,0,36,79,45.6,13,Ottawa Charge,OTT,Ottawa,Charge,5,1,3,0,0,0,0,0.285714,PWHL,29731,495:31,3,regular,58,NA,NA,NA,NA,NA,NA,NA,NA,NA,NA,NA,NA,NA,NA,NA,NA,NA,NA,NA,NA,NA
1,2024 Regular Season,2024 Reg,0,1,1,2023-11-01,2,,19,9,24,11,20,1,4,2,5,78,3,0,0.0,11.5,0,0.83,0,0,2,0,125,230,54.3,4,PWHL Ottawa,OTT,Ottawa,Ottawa,5,1,2,3,0,2,1,0.166667,PWHL,26665,444:25,5,regular,58,NA,NA,NA,NA,NA,NA,NA,NA,NA,NA,NA,NA,NA,NA,NA,NA,NA,NA,NA,NA,NA
14,Total,Total,0,3,NA,6072,6,NA,57,28,82,33,61,2,20,9,10,226,10,4,40.0,12.4,1,0.74,1,1,6,0,472,854,55.3,44,NA,NA,NA,NA,NA,NA,8,3,1,2,4,0.24,NA,90933,1515:33,20,regular,58,NA,NA,NA,NA,NA,NA,NA,NA,NA,NA,NA,NA,NA,NA,NA,NA,NA,NA,NA,NA,NA
9,2026 Playoffs,2026 Playoffs,1,1,1,,,,19,0,8,1,1,-2,8,0,0,18,0,0,0.0,0.0,0,0.13,0,0,0,0,91,162,56.2,4,Ottawa Charge,OTT,Ottawa,Charge,5,1,0,0,0,0,0,1.000000,PWHL,10021,167:01,4,playoff,58,NA,NA,NA,NA,NA,NA,NA,NA,NA,NA,NA,NA,NA,NA,NA,NA,NA,NA,NA,NA,NA
6,2025 Playoffs,2025 Playoffs,1,1,1,2025-05-06,2,,19,2,8,1,3,-1,4,1,0,26,0,0,0.0,7.7,0,0.38,0,0,0,0,8,14,57.1,3,Ottawa Charge,OTT,Ottawa,Charge,5,1,1,0,0,0,0,0.500000,PWHL,11514,191:54,2,playoff,58,NA,NA,NA,NA,NA,NA,NA,NA,NA,NA,NA,NA,NA,NA,NA,NA,NA,NA,NA,NA,NA
15,Total,Total,1,2,NA,2025,2,NA,38,2,16,2,4,-3,12,1,0,44,0,0,0.0,4.5,0,0.25,0,0,0,0,99,176,56.2,7,NA,NA,NA,NA,NA,NA,1,0,0,0,0,0.75,NA,21535,358:55,6,playoff,58,NA,NA,NA,NA,NA,NA,NA,NA,NA,NA,NA,NA,NA,NA,NA,NA,NA,NA,NA,NA,NA
7,2025-26 Preseason,2025-26 Preseason,0,0,1,2025-06-01,2,,19,0,1,0,0,-2,0,0,0,6,0,0,0.0,0.0,0,0.00,0,0,0,0,1,1,100.0,3,Ottawa Charge,OTT,Ottawa,Charge,5,1,0,0,0,0,0,0,PWHL,1155,19:15,1,exhibition,58,NA,NA,NA,NA,NA,NA,NA,NA,NA,NA,NA,NA,NA,NA,NA,NA,NA,NA,NA,NA,NA
4,2024-25 Preseason,2024-25 Preseason,0,0,1,2024-10-17,2,,19,0,2,1,1,-2,0,0,0,3,0,0,0.0,0.0,0,0.50,0,0,0,0,1,4,25.0,0,Ottawa Charge,OTT,Ottawa,Charge,5,1,0,0,0,0,0,0,PWHL,1842,30:42,0,exhibition,58,NA,NA,NA,NA,NA,NA,NA,NA,NA,NA,NA,NA,NA,NA,NA,NA,NA,NA,NA,NA,NA
2,2024 Preseason,2024 Preseason,0,0,1,2023-11-01,2,,19,0,2,0,0,0,0,0,0,4,2,0,0.0,0.0,0,0.00,0,0,0,0,0,0,0.0,0,PWHL Ottawa,OTT,Ottawa,PWHL Ottawa,5,1,0,0,0,0,0,0,PWHL,0,0:00,0,exhibition,58,NA,NA,NA,NA,NA,NA,NA,NA,NA,NA,NA,NA,NA,NA,NA,NA,NA,NA,NA,NA,NA
13,Total,Total,0,0,NA,6072,6,NA,57,0,5,1,1,-4,0,0,0,13,2,0,0.0,0.0,0,0.20,0,0,0,0,2,5,40.0,3,NA,NA,NA,NA,NA,NA,0,0,0,0,0,0.00,NA,2997,49:57,1,exhibition,58,NA,NA,NA,NA,NA,NA,NA,NA,NA,NA,NA,NA,NA,NA,NA,NA,NA,NA,NA,NA,NA
8,2025-26 Regular Season,2025-26 Reg,0,1,1,2025-11-21,2,,71,0,22,6,6,1,4,0,0,21,0,0,0.0,0.0,0,0.27,0,0,0,0,0,0,0.0,11,New York Sirens,NY,New York,Sirens,4,0,0,0,0,0,0,0.181818,PWHL,20330,338:50,20,regular,60,NA,NA,NA,NA,NA,NA,NA,NA,NA,NA,NA,NA,NA,NA,NA,NA,NA,NA,NA,NA,NA
8,2025-26 Regular Season,2025-26 Reg,0,1,1,2026-03-30,2,,33,0,6,1,1,-4,2,0,0,5,0,0,0.0,0.0,0,0.17,0,0,0,0,0,0,0.0,2,Minnesota Frost,MIN,Minnesota,Frost,2,1,0,0,0,0,0,0.333333,PWHL,6069,101:09,6,regular,60,NA,NA,NA,NA,NA,NA,NA,NA,NA,NA,NA,NA,NA,NA,NA,NA,NA,NA,NA,NA,NA
5,2024-25 Regular Season,2024-25 Reg,0,1,1,2024-11-25,2,,71,3,27,11,14,-9,14,1,3,38,0,0,0.0,7.9,0,0.52,0,0,1,0,0,0,0.0,19,Ottawa Charge,OTT,Ottawa,Charge,5,1,0,0,0,1,0,0.518519,PWHL,35262,587:42,17,regular,60,NA,NA,NA,NA,NA,NA,NA,NA,NA,NA,NA,NA,NA,NA,NA,NA,NA,NA,NA,NA,NA
1,2024 Regular Season,2024 Reg,0,1,1,2023-11-01,2,,71,0,24,5,5,-10,14,0,2,30,1,0,0.0,0.0,0,0.21,0,0,0,0,0,0,0.0,26,PWHL Ottawa,OTT,Ottawa,Ottawa,5,1,0,0,0,0,0,0.583333,PWHL,29760,496:00,19,regular,60,NA,NA,NA,NA,NA,NA,NA,NA,NA,NA,NA,NA,NA,NA,NA,NA,NA,NA,NA,NA,NA
22,Total,Total,0,4,NA,8098,8,NA,246,3,79,23,26,-22,34,1,5,94,1,0,0.0,3.2,0,0.33,0,0,1,0,0,0,0.0,58,NA,NA,NA,NA,NA,NA,0,0,0,1,0,0.43,NA,91421,1523:41,62,regular,60,NA,NA,NA,NA,NA,NA,NA,NA,NA,NA,NA,NA,NA,NA,NA,NA,NA,NA,NA,NA,NA
9,2026 Playoffs,2026 Playoffs,1,1,1,2026-04-28,2,,33,1,5,0,1,0,0,0,0,6,0,0,0.0,16.7,0,0.20,0,0,1,0,0,0,0.0,1,Minnesota Frost,MIN,Minnesota,Frost,2,1,0,0,1,0,0,0,PWHL,6562,109:22,3,playoff,60,NA,NA,NA,NA,NA,NA,NA,NA,NA,NA,NA,NA,NA,NA,NA,NA,NA,NA,NA,NA,NA
6,2025 Playoffs,2025 Playoffs,1,1,1,2025-05-06,2,,71,0,1,0,0,0,0,0,0,0,0,0,0.0,0.0,0,0.00,0,0,0,0,0,0,0.0,0,Ottawa Charge,OTT,Ottawa,Charge,5,1,0,0,0,0,0,0,PWHL,283,4:43,2,playoff,60,NA,NA,NA,NA,NA,NA,NA,NA,NA,NA,NA,NA,NA,NA,NA,NA,NA,NA,NA,NA,NA
15,Total,Total,1,2,NA,4051,4,NA,104,1,6,0,1,0,0,0,0,6,0,0,0.0,16.7,0,0.17,0,0,1,0,0,0,0.0,1,NA,NA,NA,NA,NA,NA,0,0,1,0,0,0.00,NA,6845,114:05,5,playoff,60,NA,NA,NA,NA,NA,NA,NA,NA,NA,NA,NA,NA,NA,NA,NA,NA,NA,NA,NA,NA,NA
7,2025-26 Preseason,2025-26 Preseason,0,0,1,2025-06-19,2,,71,0,2,1,1,0,0,0,0,2,0,0,0.0,0.0,0,0.50,0,0,0,0,0,0,0.0,2,New York Sirens,NY,New York,Sirens,4,1,0,0,0,0,0,0,PWHL,2872,47:52,4,exhibition,60,NA,NA,NA,NA,NA,NA,NA,NA,NA,NA,NA,NA,NA,NA,NA,NA,NA,NA,NA,NA,NA
4,2024-25 Preseason,2024-25 Preseason,0,0,1,2024-10-17,2,,71,0,1,0,0,-3,0,0,0,1,0,0,0.0,0.0,0,0.00,0,0,0,0,0,0,0.0,0,Ottawa Charge,OTT,Ottawa,Charge,5,1,0,0,0,0,0,0,PWHL,1125,18:45,1,exhibition,60,NA,NA,NA,NA,NA,NA,NA,NA,NA,NA,NA,NA,NA,NA,NA,NA,NA,NA,NA,NA,NA
2,2024 Preseason,2024 Preseason,0,0,1,2023-11-01,2,,33,1,3,1,2,2,2,0,0,7,1,1,100.0,14.3,0,0.67,0,0,0,0,0,0,0.0,0,PWHL Ottawa,OTT,Ottawa,PWHL Ottawa,5,1,1,0,0,0,0,0.666667,PWHL,0,0:00,0,exhibition,60,NA,NA,NA,NA,NA,NA,NA,NA,NA,NA,NA,NA,NA,NA,NA,NA,NA,NA,NA,NA,NA
13,Total,Total,0,0,NA,6072,6,NA,175,1,6,2,3,-1,2,0,0,10,1,1,100.0,10.0,0,0.50,0,0,0,0,0,0,0.0,2,NA,NA,NA,NA,NA,NA,1,0,0,0,0,0.33,NA,3997,66:37,5,exhibition,60,NA,NA,NA,NA,NA,NA,NA,NA,NA,NA,NA,NA,NA,NA,NA,NA,NA,NA,NA,NA,NA
8,2025-26 Regular Season,2025-26 Reg,0,1,1,2025-11-21,2,,16,8,30,8,16,7,20,1,3,64,0,0,0.0,12.5,0,0.53,0,0,2,0,142,337,42.1,20,Montréal Victoire,MTL,Montréal,Victoire,3,1,1,2,0,0,1,0.666667,PWHL,28763,479:23,25,regular,61,NA,NA,NA,NA,NA,NA,NA,NA,NA,NA,NA,NA,NA,NA,NA,NA,NA,NA,NA,NA,NA
5,2024-25 Regular Season,2024-25 Reg,0,1,1,2024-11-25,2,,14,0,6,0,0,1,4,0,0,14,1,0,0.0,0.0,0,0.00,0,0,0,0,0,1,0.0,3,Ottawa Charge,OTT,Ottawa,Charge,5,0,0,0,0,0,0,0.666667,PWHL,6123,102:03,0,regular,61,NA,NA,NA,NA,NA,NA,NA,NA,NA,NA,NA,NA,NA,NA,NA,NA,NA,NA,NA,NA,NA
5,2024-25 Regular Season,2024-25 Reg,0,1,1,2024-12-30,2,,16,1,19,2,3,-3,6,0,0,42,0,0,0.0,2.4,0,0.16,0,0,0,0,3,3,100.0,11,Toronto Sceptres,TOR,Toronto,Sceptres,6,1,0,0,0,0,0,0.315789,PWHL,16570,276:10,11,regular,61,NA,NA,NA,NA,NA,NA,NA,NA,NA,NA,NA,NA,NA,NA,NA,NA,NA,NA,NA,NA,NA
1,2024 Regular Season,2024 Reg,0,1,1,2023-11-01,2,,14,5,24,5,10,2,2,3,1,91,2,1,50.0,5.5,0,0.42,0,0,0,0,11,36,30.6,20,PWHL Ottawa,OTT,Ottawa,Ottawa,5,1,1,0,0,1,0,0.083333,PWHL,27888,464:48,11,regular,61,NA,NA,NA,NA,NA,NA,NA,NA,NA,NA,NA,NA,NA,NA,NA,NA,NA,NA,NA,NA,NA
19,Total,Total,0,4,NA,8096,8,NA,60,14,79,15,29,7,32,4,4,211,3,1,33.3,6.6,0,0.37,0,0,2,0,156,377,41.4,54,NA,NA,NA,NA,NA,NA,2,2,0,1,1,0.41,NA,79344,1322:24,47,regular,61,NA,NA,NA,NA,NA,NA,NA,NA,NA,NA,NA,NA,NA,NA,NA,NA,NA,NA,NA,NA,NA
9,2026 Playoffs,2026 Playoffs,1,1,1,2026-04-28,2,,16,2,9,2,4,4,0,0,0,16,0,0,0.0,12.5,0,0.44,0,0,1,0,54,137,39.4,8,Montréal Victoire,MTL,Montréal,Victoire,3,1,1,0,0,1,0,0,PWHL,10044,167:24,9,playoff,61,NA,NA,NA,NA,NA,NA,NA,NA,NA,NA,NA,NA,NA,NA,NA,NA,NA,NA,NA,NA,NA
6,2025 Playoffs,2025 Playoffs,1,1,1,2025-05-06,2,,16,1,4,0,1,-1,0,0,0,7,0,0,0.0,14.3,0,0.25,0,0,0,0,0,0,0.0,1,Toronto Sceptres,TOR,Toronto,Sceptres,6,1,1,0,0,0,0,0,PWHL,2511,41:51,3,playoff,61,NA,NA,NA,NA,NA,NA,NA,NA,NA,NA,NA,NA,NA,NA,NA,NA,NA,NA,NA,NA,NA
15,Total,Total,1,2,NA,4051,4,NA,32,3,13,2,5,3,0,0,0,23,0,0,0.0,13.0,0,0.38,0,0,1,0,54,137,39.4,9,NA,NA,NA,NA,NA,NA,2,0,0,1,0,0.00,NA,12555,209:15,12,playoff,61,NA,NA,NA,NA,NA,NA,NA,NA,NA,NA,NA,NA,NA,NA,NA,NA,NA,NA,NA,NA,NA
7,2025-26 Preseason,2025-26 Preseason,0,0,1,2025-06-18,2,,16,0,1,0,0,-1,0,0,0,3,0,0,0.0,0.0,0,0.00,0,0,0,0,0,0,0.0,0,Montréal Victoire,MTL,Montréal,Victoire,3,1,0,0,0,0,0,0,PWHL,804,13:24,0,exhibition,61,NA,NA,NA,NA,NA,NA,NA,NA,NA,NA,NA,NA,NA,NA,NA,NA,NA,NA,NA,NA,NA
2,2024 Preseason,2024 Preseason,0,0,1,2023-11-01,2,,14,0,3,0,0,-3,4,0,0,12,1,0,0.0,0.0,0,0.00,0,0,0,0,0,0,0.0,0,PWHL Ottawa,OTT,Ottawa,PWHL Ottawa,5,1,0,0,0,0,0,1.333333,PWHL,0,0:00,0,exhibition,61,NA,NA,NA,NA,NA,NA,NA,NA,NA,NA,NA,NA,NA,NA,NA,NA,NA,NA,NA,NA,NA
9,Total,Total,0,0,NA,4048,4,NA,30,0,4,0,0,-4,4,0,0,15,1,0,0.0,0.0,0,0.00,0,0,0,0,0,0,0.0,0,NA,NA,NA,NA,NA,NA,0,0,0,0,0,1.00,NA,804,13:24,0,exhibition,61,NA,NA,NA,NA,NA,NA,NA,NA,NA,NA,NA,NA,NA,NA,NA,NA,NA,NA,NA,NA,NA
8,2025-26 Regular Season,2025-26 Reg,0,1,1,2025-11-21,2,,2,2,23,6,8,-4,25,1,1,28,1,0,0.0,7.1,0,0.35,0,0,0,0,0,0,0.0,17,Seattle Torrent,SEA,Seattle,Torrent,8,1,0,0,0,0,0,1.086957,PWHL,26446,440:46,30,regular,62,NA,NA,NA,NA,NA,NA,NA,NA,NA,NA,NA,NA,NA,NA,NA,NA,NA,NA,NA,NA,NA
5,2024-25 Regular Season,2024-25 Reg,0,1,1,2024-11-25,2,,2,1,30,9,10,4,18,0,3,24,0,0,0.0,4.2,0,0.33,0,0,0,0,1,2,50.0,34,Ottawa Charge,OTT,Ottawa,Charge,5,1,0,0,0,0,0,0.600000,PWHL,34932,582:12,37,regular,62,NA,NA,NA,NA,NA,NA,NA,NA,NA,NA,NA,NA,NA,NA,NA,NA,NA,NA,NA,NA,NA
1,2024 Regular Season,2024 Reg,0,1,1,2023-12-31,2,,2,2,23,6,8,-5,8,1,2,20,0,0,0.0,10.0,0,0.35,0,0,1,0,0,0,0.0,23,PWHL Ottawa,OTT,Ottawa,Ottawa,5,0,1,0,0,0,0,0.347826,PWHL,31337,522:17,23,regular,62,NA,NA,NA,NA,NA,NA,NA,NA,NA,NA,NA,NA,NA,NA,NA,NA,NA,NA,NA,NA,NA
14,Total,Total,0,3,NA,6072,6,NA,6,5,76,21,26,-5,51,2,6,72,1,0,0.0,6.9,0,0.34,0,0,1,0,1,2,50.0,74,NA,NA,NA,NA,NA,NA,1,0,0,0,0,0.67,NA,92715,1545:15,90,regular,62,NA,NA,NA,NA,NA,NA,NA,NA,NA,NA,NA,NA,NA,NA,NA,NA,NA,NA,NA,NA,NA
6,2025 Playoffs,2025 Playoffs,1,1,1,2025-05-06,2,,2,1,8,1,2,1,0,0,1,11,0,0,0.0,9.1,0,0.25,0,0,0,0,0,0,0.0,4,Ottawa Charge,OTT,Ottawa,Charge,5,1,0,0,0,0,0,0,PWHL,12540,209:00,15,playoff,62,NA,NA,NA,NA,NA,NA,NA,NA,NA,NA,NA,NA,NA,NA,NA,NA,NA,NA,NA,NA,NA
6,Total,Total,1,1,NA,2025,2,NA,2,1,8,1,2,1,0,0,1,11,0,0,0.0,9.1,0,0.25,0,0,0,0,0,0,0.0,4,NA,NA,NA,NA,NA,NA,0,0,0,0,0,0.00,NA,12540,209:00,15,playoff,62,NA,NA,NA,NA,NA,NA,NA,NA,NA,NA,NA,NA,NA,NA,NA,NA,NA,NA,NA,NA,NA
7,2025-26 Preseason,2025-26 Preseason,0,0,1,2025-06-13,2,,2,0,1,0,0,0,4,0,0,1,0,0,0.0,0.0,0,0.00,0,0,0,0,0,0,0.0,2,Seattle Torrent,SEA,Seattle,Torrent,8,1,0,0,0,0,0,4.000000,PWHL,1149,19:09,1,exhibition,62,NA,NA,NA,NA,NA,NA,NA,NA,NA,NA,NA,NA,NA,NA,NA,NA,NA,NA,NA,NA,NA
4,2024-25 Preseason,2024-25 Preseason,0,0,1,2024-10-17,2,,2,0,1,0,0,1,0,0,0,1,0,0,0.0,0.0,0,0.00,0,0,0,0,0,0,0.0,1,Ottawa Charge,OTT,Ottawa,Charge,5,1,0,0,0,0,0,0,PWHL,1029,17:09,2,exhibition,62,NA,NA,NA,NA,NA,NA,NA,NA,NA,NA,NA,NA,NA,NA,NA,NA,NA,NA,NA,NA,NA
2,2024 Preseason,2024 Preseason,0,0,1,2023-11-01,2,,2,0,2,0,0,-1,0,0,0,4,0,0,0.0,0.0,0,0.00,0,0,0,0,0,0,0.0,0,PWHL Ottawa,OTT,Ottawa,PWHL Ottawa,5,0,0,0,0,0,0,0,PWHL,0,0:00,0,exhibition,62,NA,NA,NA,NA,NA,NA,NA,NA,NA,NA,NA,NA,NA,NA,NA,NA,NA,NA,NA,NA,NA
13,Total,Total,0,0,NA,6072,6,NA,6,0,4,0,0,0,4,0,0,6,0,0,0.0,0.0,0,0.00,0,0,0,0,0,0,0.0,3,NA,NA,NA,NA,NA,NA,0,0,0,0,0,1.00,NA,2178,36:18,3,exhibition,62,NA,NA,NA,NA,NA,NA,NA,NA,NA,NA,NA,NA,NA,NA,NA,NA,NA,NA,NA,NA,NA
8,2025-26 Regular Season,2025-26 Reg,0,1,1,2025-11-21,2,,9,10,27,9,19,0,4,2,1,86,4,1,25.0,11.6,0,0.70,1,0,3,0,4,10,40.0,11,Toronto Sceptres,TOR,Toronto,Sceptres,6,1,3,1,1,1,0,0.148148,PWHL,30481,508:01,12,regular,63,NA,NA,NA,NA,NA,NA,NA,NA,NA,NA,NA,NA,NA,NA,NA,NA,NA,NA,NA,NA,NA
5,2024-25 Regular Season,2024-25 Reg,0,1,1,2024-11-25,2,,9,12,30,15,27,-2,12,4,8,99,3,0,0.0,12.1,0,0.90,0,1,2,0,1,6,16.7,28,Toronto Sceptres,TOR,Toronto,Sceptres,6,1,2,1,1,3,0,0.400000,PWHL,32516,541:56,12,regular,63,NA,NA,NA,NA,NA,NA,NA,NA,NA,NA,NA,NA,NA,NA,NA,NA,NA,NA,NA,NA,NA
1,2024 Regular Season,2024 Reg,0,1,1,2023-11-01,2,,9,10,24,7,17,-2,8,1,4,73,2,0,0.0,13.7,0,0.71,0,0,2,0,2,3,66.7,13,PWHL Ottawa,OTT,Ottawa,Ottawa,5,1,2,2,0,0,1,0.333333,PWHL,25026,417:06,5,regular,63,NA,NA,NA,NA,NA,NA,NA,NA,NA,NA,NA,NA,NA,NA,NA,NA,NA,NA,NA,NA,NA
14,Total,Total,0,3,NA,6072,6,NA,27,32,81,31,63,-4,24,7,13,258,9,1,11.1,12.4,0,0.78,1,1,7,0,7,19,36.8,52,NA,NA,NA,NA,NA,NA,7,4,2,4,1,0.30,NA,88023,1467:03,29,regular,63,NA,NA,NA,NA,NA,NA,NA,NA,NA,NA,NA,NA,NA,NA,NA,NA,NA,NA,NA,NA,NA
6,2025 Playoffs,2025 Playoffs,1,1,1,2025-05-06,2,,9,1,4,1,2,-1,2,0,0,14,0,0,0.0,7.1,0,0.50,0,0,0,0,0,0,0.0,1,Toronto Sceptres,TOR,Toronto,Sceptres,6,1,0,0,0,0,0,0.500000,PWHL,4904,81:44,4,playoff,63,NA,NA,NA,NA,NA,NA,NA,NA,NA,NA,NA,NA,NA,NA,NA,NA,NA,NA,NA,NA,NA
6,Total,Total,1,1,NA,2025,2,NA,9,1,4,1,2,-1,2,0,0,14,0,0,0.0,7.1,0,0.50,0,0,0,0,0,0,0.0,1,NA,NA,NA,NA,NA,NA,0,0,0,0,0,0.50,NA,4904,81:44,4,playoff,63,NA,NA,NA,NA,NA,NA,NA,NA,NA,NA,NA,NA,NA,NA,NA,NA,NA,NA,NA,NA,NA
7,2025-26 Preseason,2025-26 Preseason,0,0,1,2025-06-01,2,,9,0,1,2,2,2,0,0,0,4,0,0,0.0,0.0,0,2.00,0,0,0,0,1,1,100.0,0,Toronto Sceptres,TOR,Toronto,Sceptres,6,1,0,0,0,0,0,0,PWHL,1012,16:52,1,exhibition,63,NA,NA,NA,NA,NA,NA,NA,NA,NA,NA,NA,NA,NA,NA,NA,NA,NA,NA,NA,NA,NA
4,2024-25 Preseason,2024-25 Preseason,0,0,1,2024-10-17,2,,9,0,2,0,0,-2,2,0,0,3,0,0,0.0,0.0,0,0.00,0,0,0,0,0,1,0.0,2,Toronto Sceptres,TOR,Toronto,Sceptres,6,1,0,0,0,0,0,1.000000,PWHL,1848,30:48,0,exhibition,63,NA,NA,NA,NA,NA,NA,NA,NA,NA,NA,NA,NA,NA,NA,NA,NA,NA,NA,NA,NA,NA
2,2024 Preseason,2024 Preseason,0,0,1,2023-11-01,2,,9,0,2,0,0,0,2,0,0,4,2,0,0.0,0.0,0,0.00,0,0,0,0,0,0,0.0,0,PWHL Ottawa,OTT,Ottawa,PWHL Ottawa,5,0,0,0,0,0,0,1.000000,PWHL,0,0:00,0,exhibition,63,NA,NA,NA,NA,NA,NA,NA,NA,NA,NA,NA,NA,NA,NA,NA,NA,NA,NA,NA,NA,NA
13,Total,Total,0,0,NA,6072,6,NA,27,0,5,2,2,0,4,0,0,11,2,0,0.0,0.0,0,0.40,0,0,0,0,1,2,50.0,2,NA,NA,NA,NA,NA,NA,0,0,0,0,0,0.80,NA,2860,47:40,1,exhibition,63,NA,NA,NA,NA,NA,NA,NA,NA,NA,NA,NA,NA,NA,NA,NA,NA,NA,NA,NA,NA,NA
8,2025-26 Regular Season,2025-26 Reg,0,1,1,2025-11-21,2,,18,6,30,6,12,-5,14,0,3,71,0,0,0.0,8.5,0,0.40,0,1,1,0,69,151,45.7,21,Toronto Sceptres,TOR,Toronto,Sceptres,6,1,3,0,0,0,1,0.466667,PWHL,31676,527:56,21,regular,65,NA,NA,NA,NA,NA,NA,NA,NA,NA,NA,NA,NA,NA,NA,NA,NA,NA,NA,NA,NA,NA
5,2024-25 Regular Season,2024-25 Reg,0,1,1,2024-11-25,2,,18,9,30,9,18,2,10,3,5,70,1,0,0.0,12.9,0,0.60,0,0,1,0,36,63,57.1,17,Toronto Sceptres,TOR,Toronto,Sceptres,6,1,4,1,0,1,0,0.333333,PWHL,30071,501:11,25,regular,65,NA,NA,NA,NA,NA,NA,NA,NA,NA,NA,NA,NA,NA,NA,NA,NA,NA,NA,NA,NA,NA
1,2024 Regular Season,2024 Reg,0,1,1,2023-11-01,2,,18,1,24,4,5,-1,23,0,0,31,0,0,0.0,3.2,0,0.21,0,1,1,0,95,197,48.2,29,PWHL Toronto,TOR,Toronto,Toronto,6,1,1,0,0,0,0,0.958333,PWHL,21369,356:09,6,regular,65,NA,NA,NA,NA,NA,NA,NA,NA,NA,NA,NA,NA,NA,NA,NA,NA,NA,NA,NA,NA,NA
14,Total,Total,0,3,NA,6072,6,NA,54,16,84,19,35,-4,47,3,8,172,1,0,0.0,9.3,0,0.42,0,2,3,0,200,411,48.7,67,NA,NA,NA,NA,NA,NA,8,1,0,1,1,0.56,NA,83116,1385:16,52,regular,65,NA,NA,NA,NA,NA,NA,NA,NA,NA,NA,NA,NA,NA,NA,NA,NA,NA,NA,NA,NA,NA
6,2025 Playoffs,2025 Playoffs,1,1,1,2025-05-06,2,,18,0,4,3,3,-1,0,0,0,6,0,0,0.0,0.0,0,0.75,0,0,0,0,0,2,0.0,1,Toronto Sceptres,TOR,Toronto,Sceptres,6,1,0,0,0,0,0,0,PWHL,4847,80:47,3,playoff,65,NA,NA,NA,NA,NA,NA,NA,NA,NA,NA,NA,NA,NA,NA,NA,NA,NA,NA,NA,NA,NA
3,2024 Playoffs,2024 Playoffs,1,1,1,2024-05-06,2,,18,1,5,0,1,-1,2,0,0,9,0,0,0.0,11.1,0,0.20,0,0,1,0,24,36,66.7,3,PWHL Toronto,TOR,Toronto,Toronto,6,1,1,0,0,0,0,0.400000,PWHL,5324,88:44,4,playoff,65,NA,NA,NA,NA,NA,NA,NA,NA,NA,NA,NA,NA,NA,NA,NA,NA,NA,NA,NA,NA,NA
9,Total,Total,1,2,NA,4049,4,NA,36,1,9,3,4,-2,2,0,0,15,0,0,0.0,6.7,0,0.44,0,0,1,0,24,38,63.2,4,NA,NA,NA,NA,NA,NA,1,0,0,0,0,0.22,NA,10171,169:31,7,playoff,65,NA,NA,NA,NA,NA,NA,NA,NA,NA,NA,NA,NA,NA,NA,NA,NA,NA,NA,NA,NA,NA
7,2025-26 Preseason,2025-26 Preseason,0,0,1,2025-06-18,2,,18,0,1,0,0,-1,0,0,0,4,0,0,0.0,0.0,0,0.00,0,0,0,0,3,4,75.0,1,Toronto Sceptres,TOR,Toronto,Sceptres,6,1,0,0,0,0,0,0,PWHL,1189,19:49,2,exhibition,65,NA,NA,NA,NA,NA,NA,NA,NA,NA,NA,NA,NA,NA,NA,NA,NA,NA,NA,NA,NA,NA
4,2024-25 Preseason,2024-25 Preseason,0,0,1,2024-10-17,2,,18,0,1,0,0,0,0,0,0,1,0,0,0.0,0.0,0,0.00,0,0,0,0,0,0,0.0,3,Toronto Sceptres,TOR,Toronto,Sceptres,6,1,0,0,0,0,0,0,PWHL,1076,17:56,0,exhibition,65,NA,NA,NA,NA,NA,NA,NA,NA,NA,NA,NA,NA,NA,NA,NA,NA,NA,NA,NA,NA,NA
2,2024 Preseason,2024 Preseason,0,0,1,2023-11-01,2,,18,0,3,1,1,-1,0,0,0,12,1,0,0.0,0.0,0,0.33,0,0,0,0,0,0,0.0,0,PWHL Toronto,TOR,Toronto,PWHL Toronto,6,1,0,0,0,0,0,0,PWHL,0,0:00,0,exhibition,65,NA,NA,NA,NA,NA,NA,NA,NA,NA,NA,NA,NA,NA,NA,NA,NA,NA,NA,NA,NA,NA
13,Total,Total,0,0,NA,6072,6,NA,54,0,5,1,1,-2,0,0,0,17,1,0,0.0,0.0,0,0.20,0,0,0,0,3,4,75.0,4,NA,NA,NA,NA,NA,NA,0,0,0,0,0,0.00,NA,2265,37:45,2,exhibition,65,NA,NA,NA,NA,NA,NA,NA,NA,NA,NA,NA,NA,NA,NA,NA,NA,NA,NA,NA,NA,NA
8,2025-26 Regular Season,2025-26 Reg,0,1,1,2025-11-21,2,,22,3,30,2,5,-6,6,0,0,58,1,1,100.0,5.2,0,0.17,0,0,0,0,4,13,30.8,11,Toronto Sceptres,TOR,Toronto,Sceptres,6,1,3,0,0,1,0,0.200000,PWHL,26586,443:06,14,regular,66,NA,NA,NA,NA,NA,NA,NA,NA,NA,NA,NA,NA,NA,NA,NA,NA,NA,NA,NA,NA,NA
5,2024-25 Regular Season,2024-25 Reg,0,1,1,2024-11-25,2,,22,2,30,0,2,-8,6,0,0,28,0,0,0.0,7.1,0,0.07,0,0,0,0,0,4,0.0,13,Toronto Sceptres,TOR,Toronto,Sceptres,6,1,0,1,0,0,0,0.200000,PWHL,12755,212:35,9,regular,66,NA,NA,NA,NA,NA,NA,NA,NA,NA,NA,NA,NA,NA,NA,NA,NA,NA,NA,NA,NA,NA
1,2024 Regular Season,2024 Reg,0,1,1,2023-11-01,2,,22,3,24,3,6,2,6,0,0,35,1,0,0.0,8.6,0,0.25,0,0,0,0,0,3,0.0,7,PWHL Toronto,TOR,Toronto,Toronto,6,1,0,1,0,0,1,0.250000,PWHL,22603,376:43,4,regular,66,NA,NA,NA,NA,NA,NA,NA,NA,NA,NA,NA,NA,NA,NA,NA,NA,NA,NA,NA,NA,NA
14,Total,Total,0,3,NA,6072,6,NA,66,8,84,5,13,-12,18,0,0,121,2,1,50.0,6.6,0,0.15,0,0,0,0,4,20,20.0,31,NA,NA,NA,NA,NA,NA,3,2,0,1,1,0.21,NA,61944,1032:24,27,regular,66,NA,NA,NA,NA,NA,NA,NA,NA,NA,NA,NA,NA,NA,NA,NA,NA,NA,NA,NA,NA,NA
6,2025 Playoffs,2025 Playoffs,1,1,1,2025-05-06,2,,22,1,4,1,2,0,0,0,0,6,0,0,0.0,16.7,0,0.50,0,0,0,0,1,3,33.3,4,Toronto Sceptres,TOR,Toronto,Sceptres,6,1,0,0,0,0,0,0,PWHL,3131,52:11,0,playoff,66,NA,NA,NA,NA,NA,NA,NA,NA,NA,NA,NA,NA,NA,NA,NA,NA,NA,NA,NA,NA,NA
3,2024 Playoffs,2024 Playoffs,1,1,1,2024-05-06,2,,22,0,5,0,0,-2,0,0,0,7,0,0,0.0,0.0,0,0.00,0,0,0,0,0,0,0.0,8,PWHL Toronto,TOR,Toronto,Toronto,6,1,0,0,0,0,0,0,PWHL,3840,64:00,1,playoff,66,NA,NA,NA,NA,NA,NA,NA,NA,NA,NA,NA,NA,NA,NA,NA,NA,NA,NA,NA,NA,NA
9,Total,Total,1,2,NA,4049,4,NA,44,1,9,1,2,-2,0,0,0,13,0,0,0.0,7.7,0,0.22,0,0,0,0,1,3,33.3,12,NA,NA,NA,NA,NA,NA,0,0,0,0,0,0.00,NA,6971,116:11,1,playoff,66,NA,NA,NA,NA,NA,NA,NA,NA,NA,NA,NA,NA,NA,NA,NA,NA,NA,NA,NA,NA,NA
7,2025-26 Preseason,2025-26 Preseason,0,0,1,2025-06-19,2,,22,1,1,0,1,1,0,0,0,1,0,0,0.0,100.0,0,1.00,0,0,1,0,0,1,0.0,1,Toronto Sceptres,TOR,Toronto,Sceptres,6,1,0,0,1,1,0,0,PWHL,1009,16:49,0,exhibition,66,NA,NA,NA,NA,NA,NA,NA,NA,NA,NA,NA,NA,NA,NA,NA,NA,NA,NA,NA,NA,NA
4,2024-25 Preseason,2024-25 Preseason,0,0,1,2024-10-17,2,,22,0,2,0,0,-1,0,0,0,2,0,0,0.0,0.0,0,0.00,0,0,0,0,0,1,0.0,1,Toronto Sceptres,TOR,Toronto,Sceptres,6,1,0,0,0,0,0,0,PWHL,1326,22:06,3,exhibition,66,NA,NA,NA,NA,NA,NA,NA,NA,NA,NA,NA,NA,NA,NA,NA,NA,NA,NA,NA,NA,NA
2,2024 Preseason,2024 Preseason,0,0,1,2023-11-01,2,,22,2,3,1,3,1,2,1,0,7,1,1,100.0,28.6,0,1.00,0,0,0,0,0,0,0.0,0,PWHL Toronto,TOR,Toronto,PWHL Toronto,6,1,1,0,0,0,0,0.666667,PWHL,0,0:00,0,exhibition,66,NA,NA,NA,NA,NA,NA,NA,NA,NA,NA,NA,NA,NA,NA,NA,NA,NA,NA,NA,NA,NA
13,Total,Total,0,0,NA,6072,6,NA,66,3,6,1,4,1,2,1,0,10,1,1,100.0,30.0,0,0.67,0,0,1,0,0,2,0.0,2,NA,NA,NA,NA,NA,NA,1,0,1,1,0,0.33,NA,2335,38:55,3,exhibition,66,NA,NA,NA,NA,NA,NA,NA,NA,NA,NA,NA,NA,NA,NA,NA,NA,NA,NA,NA,NA,NA
8,2025-26 Regular Season,2025-26 Reg,0,1,1,2025-11-21,2,,14,1,26,9,10,-3,18,0,0,55,0,0,0.0,1.8,0,0.38,0,1,0,0,1,1,100.0,58,Toronto Sceptres,TOR,Toronto,Sceptres,6,1,0,0,0,0,0,0.692308,PWHL,38504,641:44,20,regular,67,NA,NA,NA,NA,NA,NA,NA,NA,NA,NA,NA,NA,NA,NA,NA,NA,NA,NA,NA,NA,NA
5,2024-25 Regular Season,2024-25 Reg,0,1,1,2024-11-25,2,,14,6,30,16,22,0,36,2,11,62,0,0,0.0,9.7,0,0.73,0,0,3,0,3,4,75.0,63,Toronto Sceptres,TOR,Toronto,Sceptres,6,1,0,0,1,1,0,1.200000,PWHL,44385,739:45,49,regular,67,NA,NA,NA,NA,NA,NA,NA,NA,NA,NA,NA,NA,NA,NA,NA,NA,NA,NA,NA,NA,NA
1,2024 Regular Season,2024 Reg,0,1,1,2023-11-01,2,,14,3,24,10,13,0,12,1,4,49,0,0,0.0,6.1,0,0.54,0,0,1,0,0,0,0.0,55,PWHL Toronto,TOR,Toronto,Toronto,6,1,0,0,0,1,0,0.500000,PWHL,40149,669:09,16,regular,67,NA,NA,NA,NA,NA,NA,NA,NA,NA,NA,NA,NA,NA,NA,NA,NA,NA,NA,NA,NA,NA
14,Total,Total,0,3,NA,6072,6,NA,42,10,80,35,45,-3,66,3,15,166,0,0,0.0,6.0,0,0.56,0,1,4,0,4,5,80.0,176,NA,NA,NA,NA,NA,NA,0,0,1,2,0,0.82,NA,123038,2050:38,85,regular,67,NA,NA,NA,NA,NA,NA,NA,NA,NA,NA,NA,NA,NA,NA,NA,NA,NA,NA,NA,NA,NA
6,2025 Playoffs,2025 Playoffs,1,1,1,2025-05-06,2,,14,0,4,2,2,0,2,0,1,14,0,0,0.0,0.0,0,0.50,0,0,0,0,1,1,100.0,7,Toronto Sceptres,TOR,Toronto,Sceptres,6,1,0,0,0,0,0,0.500000,PWHL,6248,104:08,3,playoff,67,NA,NA,NA,NA,NA,NA,NA,NA,NA,NA,NA,NA,NA,NA,NA,NA,NA,NA,NA,NA,NA
3,2024 Playoffs,2024 Playoffs,1,1,1,2024-05-06,2,,14,0,5,3,3,1,4,0,0,9,0,0,0.0,0.0,0,0.60,0,0,0,0,0,0,0.0,22,PWHL Toronto,TOR,Toronto,Toronto,6,1,0,0,0,0,0,0.800000,PWHL,8727,145:27,7,playoff,67,NA,NA,NA,NA,NA,NA,NA,NA,NA,NA,NA,NA,NA,NA,NA,NA,NA,NA,NA,NA,NA
9,Total,Total,1,2,NA,4049,4,NA,28,0,9,5,5,1,6,0,1,23,0,0,0.0,0.0,0,0.56,0,0,0,0,1,1,100.0,29,NA,NA,NA,NA,NA,NA,0,0,0,0,0,0.67,NA,14975,249:35,10,playoff,67,NA,NA,NA,NA,NA,NA,NA,NA,NA,NA,NA,NA,NA,NA,NA,NA,NA,NA,NA,NA,NA
7,2025-26 Preseason,2025-26 Preseason,0,0,1,2025-06-01,2,,14,0,1,0,0,1,2,0,0,0,0,0,0.0,0.0,0,0.00,0,0,0,0,0,0,0.0,1,Toronto Sceptres,TOR,Toronto,Sceptres,6,1,0,0,0,0,0,2.000000,PWHL,1238,20:38,0,exhibition,67,NA,NA,NA,NA,NA,NA,NA,NA,NA,NA,NA,NA,NA,NA,NA,NA,NA,NA,NA,NA,NA
4,2024-25 Preseason,2024-25 Preseason,0,0,1,2024-10-17,2,,14,0,1,0,0,0,2,0,0,2,0,0,0.0,0.0,0,0.00,0,0,0,0,0,0,0.0,4,Toronto Sceptres,TOR,Toronto,Sceptres,6,1,0,0,0,0,0,2.000000,PWHL,1273,21:13,0,exhibition,67,NA,NA,NA,NA,NA,NA,NA,NA,NA,NA,NA,NA,NA,NA,NA,NA,NA,NA,NA,NA,NA
2,2024 Preseason,2024 Preseason,0,0,1,2023-11-01,2,,14,2,3,2,4,1,0,1,0,10,0,0,0.0,20.0,0,1.33,0,0,0,0,0,0,0.0,0,PWHL Toronto,TOR,Toronto,PWHL Toronto,6,1,0,0,0,0,0,0,PWHL,0,0:00,0,exhibition,67,NA,NA,NA,NA,NA,NA,NA,NA,NA,NA,NA,NA,NA,NA,NA,NA,NA,NA,NA,NA,NA
13,Total,Total,0,0,NA,6072,6,NA,42,2,5,2,4,2,4,1,0,12,0,0,0.0,16.7,0,0.80,0,0,0,0,0,0,0.0,5,NA,NA,NA,NA,NA,NA,0,0,0,0,0,0.80,NA,2511,41:51,0,exhibition,67,NA,NA,NA,NA,NA,NA,NA,NA,NA,NA,NA,NA,NA,NA,NA,NA,NA,NA,NA,NA,NA
8,2025-26 Regular Season,2025-26 Reg,0,1,1,2025-11-21,2,,6,2,30,5,7,-10,4,1,0,52,0,0,0.0,3.8,0,0.23,0,0,0,0,0,0,0.0,4,Toronto Sceptres,TOR,Toronto,Sceptres,6,1,0,0,0,1,1,0.133333,PWHL,39044,650:44,32,regular,68,NA,NA,NA,NA,NA,NA,NA,NA,NA,NA,NA,NA,NA,NA,NA,NA,NA,NA,NA,NA,NA
5,2024-25 Regular Season,2024-25 Reg,0,1,1,2024-11-25,2,,6,3,30,4,7,-4,6,0,0,52,0,0,0.0,5.8,0,0.23,0,0,0,0,1,1,100.0,6,Toronto Sceptres,TOR,Toronto,Sceptres,6,1,0,2,0,2,2,0.200000,PWHL,38855,647:35,21,regular,68,NA,NA,NA,NA,NA,NA,NA,NA,NA,NA,NA,NA,NA,NA,NA,NA,NA,NA,NA,NA,NA
1,2024 Regular Season,2024 Reg,0,1,1,2023-11-01,2,,6,3,24,3,6,7,2,1,0,29,0,0,0.0,10.3,0,0.25,0,1,2,0,0,0,0.0,6,PWHL Toronto,TOR,Toronto,Toronto,6,1,0,0,0,0,0,0.083333,PWHL,30344,505:44,12,regular,68,NA,NA,NA,NA,NA,NA,NA,NA,NA,NA,NA,NA,NA,NA,NA,NA,NA,NA,NA,NA,NA
14,Total,Total,0,3,NA,6072,6,NA,18,8,84,12,20,-7,12,2,0,133,0,0,0.0,6.0,0,0.24,0,1,2,0,1,1,100.0,16,NA,NA,NA,NA,NA,NA,0,2,0,3,3,0.14,NA,108243,1804:03,65,regular,68,NA,NA,NA,NA,NA,NA,NA,NA,NA,NA,NA,NA,NA,NA,NA,NA,NA,NA,NA,NA,NA
6,2025 Playoffs,2025 Playoffs,1,1,1,2025-05-06,2,,6,1,4,2,3,-1,0,0,1,9,0,0,0.0,11.1,0,0.75,0,0,0,0,0,0,0.0,0,Toronto Sceptres,TOR,Toronto,Sceptres,6,1,0,0,0,0,0,0,PWHL,6514,108:34,1,playoff,68,NA,NA,NA,NA,NA,NA,NA,NA,NA,NA,NA,NA,NA,NA,NA,NA,NA,NA,NA,NA,NA
3,2024 Playoffs,2024 Playoffs,1,1,1,2024-05-06,2,,6,0,5,1,1,1,2,0,0,5,0,0,0.0,0.0,0,0.20,0,0,0,0,0,0,0.0,1,PWHL Toronto,TOR,Toronto,Toronto,6,1,0,0,0,0,0,0.400000,PWHL,6803,113:23,5,playoff,68,NA,NA,NA,NA,NA,NA,NA,NA,NA,NA,NA,NA,NA,NA,NA,NA,NA,NA,NA,NA,NA
9,Total,Total,1,2,NA,4049,4,NA,12,1,9,3,4,0,2,0,1,14,0,0,0.0,7.1,0,0.44,0,0,0,0,0,0,0.0,1,NA,NA,NA,NA,NA,NA,0,0,0,0,0,0.22,NA,13317,221:57,6,playoff,68,NA,NA,NA,NA,NA,NA,NA,NA,NA,NA,NA,NA,NA,NA,NA,NA,NA,NA,NA,NA,NA
7,2025-26 Preseason,2025-26 Preseason,0,0,1,2025-06-20,2,,6,0,1,1,1,2,0,0,0,2,0,0,0.0,0.0,0,1.00,0,0,0,0,0,0,0.0,0,Toronto Sceptres,TOR,Toronto,Sceptres,6,1,0,0,0,0,0,0,PWHL,1360,22:40,0,exhibition,68,NA,NA,NA,NA,NA,NA,NA,NA,NA,NA,NA,NA,NA,NA,NA,NA,NA,NA,NA,NA,NA
4,2024-25 Preseason,2024-25 Preseason,0,0,1,2024-10-17,2,,6,0,1,1,1,-2,0,0,1,4,0,0,0.0,0.0,0,1.00,0,0,0,0,0,0,0.0,1,Toronto Sceptres,TOR,Toronto,Sceptres,6,1,0,0,0,0,0,0,PWHL,1367,22:47,1,exhibition,68,NA,NA,NA,NA,NA,NA,NA,NA,NA,NA,NA,NA,NA,NA,NA,NA,NA,NA,NA,NA,NA
2,2024 Preseason,2024 Preseason,0,0,1,2023-11-01,2,,6,0,3,2,2,-2,2,0,1,9,2,0,0.0,0.0,0,0.67,0,0,0,0,0,0,0.0,0,PWHL Toronto,TOR,Toronto,PWHL Toronto,6,1,0,0,0,0,0,0.666667,PWHL,0,0:00,0,exhibition,68,NA,NA,NA,NA,NA,NA,NA,NA,NA,NA,NA,NA,NA,NA,NA,NA,NA,NA,NA,NA,NA
13,Total,Total,0,0,NA,6072,6,NA,18,0,5,4,4,-2,2,0,2,15,2,0,0.0,0.0,0,0.80,0,0,0,0,0,0,0.0,1,NA,NA,NA,NA,NA,NA,0,0,0,0,0,0.40,NA,2727,45:27,1,exhibition,68,NA,NA,NA,NA,NA,NA,NA,NA,NA,NA,NA,NA,NA,NA,NA,NA,NA,NA,NA,NA,NA
1,2024 Regular Season,2024 Reg,0,1,1,2023-11-01,2,,41,2,23,6,8,0,10,0,0,33,0,0,0.0,6.1,0,0.35,0,0,0,0,6,9,66.7,10,PWHL Toronto,TOR,Toronto,Toronto,6,1,0,0,0,0,0,0.434783,PWHL,15407,256:47,2,regular,69,NA,NA,NA,NA,NA,NA,NA,NA,NA,NA,NA,NA,NA,NA,NA,NA,NA,NA,NA,NA,NA
1,Total,Total,0,1,NA,2023,2,NA,41,2,23,6,8,0,10,0,0,33,0,0,0.0,6.1,0,0.35,0,0,0,0,6,9,66.7,10,NA,NA,NA,NA,NA,NA,0,0,0,0,0,0.43,NA,15407,256:47,2,regular,69,NA,NA,NA,NA,NA,NA,NA,NA,NA,NA,NA,NA,NA,NA,NA,NA,NA,NA,NA,NA,NA
3,2024 Playoffs,2024 Playoffs,1,1,1,2024-05-06,2,,41,0,5,1,1,1,0,0,0,12,0,0,0.0,0.0,0,0.20,0,0,0,0,0,0,0.0,4,PWHL Toronto,TOR,Toronto,Toronto,6,1,0,0,0,0,0,0,PWHL,4725,78:45,3,playoff,69,NA,NA,NA,NA,NA,NA,NA,NA,NA,NA,NA,NA,NA,NA,NA,NA,NA,NA,NA,NA,NA
3,Total,Total,1,1,NA,2024,2,NA,41,0,5,1,1,1,0,0,0,12,0,0,0.0,0.0,0,0.20,0,0,0,0,0,0,0.0,4,NA,NA,NA,NA,NA,NA,0,0,0,0,0,0.00,NA,4725,78:45,3,playoff,69,NA,NA,NA,NA,NA,NA,NA,NA,NA,NA,NA,NA,NA,NA,NA,NA,NA,NA,NA,NA,NA
2,2024 Preseason,2024 Preseason,0,0,1,2023-11-01,2,,41,0,3,2,2,1,2,0,1,8,2,0,0.0,0.0,0,0.67,0,0,0,0,0,0,0.0,0,PWHL Toronto,TOR,Toronto,PWHL Toronto,6,1,0,0,0,0,0,0.666667,PWHL,0,0:00,0,exhibition,69,NA,NA,NA,NA,NA,NA,NA,NA,NA,NA,NA,NA,NA,NA,NA,NA,NA,NA,NA,NA,NA
2,Total,Total,0,0,NA,2023,2,NA,41,0,3,2,2,1,2,0,1,8,2,0,0.0,0.0,0,0.67,0,0,0,0,0,0,0.0,0,NA,NA,NA,NA,NA,NA,0,0,0,0,0,0.67,NA,0,0:00,0,exhibition,69,NA,NA,NA,NA,NA,NA,NA,NA,NA,NA,NA,NA,NA,NA,NA,NA,NA,NA,NA,NA,NA
8,2025-26 Regular Season,2025-26 Reg,0,1,1,2025-11-21,2,,3,1,30,7,8,7,18,0,3,29,0,0,0.0,3.4,0,0.27,1,0,1,0,0,0,0.0,30,Ottawa Charge,OTT,Ottawa,Charge,5,1,0,0,0,0,0,0.600000,PWHL,40890,681:30,31,regular,71,NA,NA,NA,NA,NA,NA,NA,NA,NA,NA,NA,NA,NA,NA,NA,NA,NA,NA,NA,NA,NA
5,2024-25 Regular Season,2024-25 Reg,0,1,1,2024-11-25,2,,3,0,6,2,2,0,0,0,0,7,0,0,0.0,0.0,0,0.33,0,0,0,0,0,0,0.0,7,Toronto Sceptres,TOR,Toronto,Sceptres,6,0,0,0,0,0,0,0,PWHL,8082,134:42,7,regular,71,NA,NA,NA,NA,NA,NA,NA,NA,NA,NA,NA,NA,NA,NA,NA,NA,NA,NA,NA,NA,NA
5,2024-25 Regular Season,2024-25 Reg,0,1,1,2024-12-30,2,,23,0,24,5,5,-2,12,0,1,21,0,0,0.0,0.0,0,0.21,0,0,0,0,1,2,50.0,16,Ottawa Charge,OTT,Ottawa,Charge,5,1,0,0,0,0,0,0.500000,PWHL,31157,519:17,16,regular,71,NA,NA,NA,NA,NA,NA,NA,NA,NA,NA,NA,NA,NA,NA,NA,NA,NA,NA,NA,NA,NA
1,2024 Regular Season,2024 Reg,0,1,1,2023-11-01,2,,3,1,23,9,10,8,6,0,1,42,0,0,0.0,2.4,0,0.43,0,1,0,0,0,0,0.0,19,PWHL Toronto,TOR,Toronto,Toronto,6,1,0,0,0,0,0,0.260870,PWHL,38575,642:55,16,regular,71,NA,NA,NA,NA,NA,NA,NA,NA,NA,NA,NA,NA,NA,NA,NA,NA,NA,NA,NA,NA,NA
19,Total,Total,0,4,NA,8096,8,NA,32,2,83,23,25,13,36,0,5,99,0,0,0.0,2.0,0,0.30,1,1,1,0,1,2,50.0,72,NA,NA,NA,NA,NA,NA,0,0,0,0,0,0.43,NA,118704,1978:24,70,regular,71,NA,NA,NA,NA,NA,NA,NA,NA,NA,NA,NA,NA,NA,NA,NA,NA,NA,NA,NA,NA,NA
9,2026 Playoffs,2026 Playoffs,1,1,1,2026-04-28,2,,3,1,8,3,4,0,4,1,0,9,0,0,0.0,11.1,0,0.50,0,0,0,0,0,0,0.0,6,Ottawa Charge,OTT,Ottawa,Charge,5,1,1,0,0,0,0,0.500000,PWHL,12752,212:32,7,playoff,71,NA,NA,NA,NA,NA,NA,NA,NA,NA,NA,NA,NA,NA,NA,NA,NA,NA,NA,NA,NA,NA
6,2025 Playoffs,2025 Playoffs,1,1,1,2025-05-06,2,,23,1,8,3,4,3,2,0,0,14,0,0,0.0,7.1,0,0.50,0,0,0,0,0,0,0.0,9,Ottawa Charge,OTT,Ottawa,Charge,5,1,1,0,0,0,0,0.250000,PWHL,15173,252:53,10,playoff,71,NA,NA,NA,NA,NA,NA,NA,NA,NA,NA,NA,NA,NA,NA,NA,NA,NA,NA,NA,NA,NA
3,2024 Playoffs,2024 Playoffs,1,1,1,2024-05-06,2,,3,0,5,1,1,1,6,0,0,3,0,0,0.0,0.0,0,0.20,0,0,0,0,0,0,0.0,5,PWHL Toronto,TOR,Toronto,Toronto,6,1,0,0,0,0,0,1.200000,PWHL,8609,143:29,6,playoff,71,NA,NA,NA,NA,NA,NA,NA,NA,NA,NA,NA,NA,NA,NA,NA,NA,NA,NA,NA,NA,NA
18,Total,Total,1,3,NA,6075,6,NA,29,2,21,7,9,4,12,1,0,26,0,0,0.0,7.7,0,0.43,0,0,0,0,0,0,0.0,20,NA,NA,NA,NA,NA,NA,2,0,0,0,0,0.57,NA,36534,608:54,23,playoff,71,NA,NA,NA,NA,NA,NA,NA,NA,NA,NA,NA,NA,NA,NA,NA,NA,NA,NA,NA,NA,NA
7,2025-26 Preseason,2025-26 Preseason,0,0,1,2025-06-01,2,,3,0,1,0,0,-2,2,0,0,0,0,0,0.0,0.0,0,0.00,0,0,0,0,0,0,0.0,2,Ottawa Charge,OTT,Ottawa,Charge,5,1,0,0,0,0,0,2.000000,PWHL,1233,20:33,1,exhibition,71,NA,NA,NA,NA,NA,NA,NA,NA,NA,NA,NA,NA,NA,NA,NA,NA,NA,NA,NA,NA,NA
4,2024-25 Preseason,2024-25 Preseason,0,0,1,2024-10-17,2,,3,0,1,0,0,0,0,0,0,1,0,0,0.0,0.0,0,0.00,0,0,0,0,0,0,0.0,0,Toronto Sceptres,TOR,Toronto,Sceptres,6,1,0,0,0,0,0,0,PWHL,1465,24:25,0,exhibition,71,NA,NA,NA,NA,NA,NA,NA,NA,NA,NA,NA,NA,NA,NA,NA,NA,NA,NA,NA,NA,NA
2,2024 Preseason,2024 Preseason,0,0,1,2023-11-01,2,,3,1,3,3,4,2,8,0,1,2,0,0,0.0,50.0,0,1.33,0,0,0,0,0,0,0.0,0,PWHL Toronto,TOR,Toronto,PWHL Toronto,6,1,0,0,0,0,0,2.666667,PWHL,0,0:00,0,exhibition,71,NA,NA,NA,NA,NA,NA,NA,NA,NA,NA,NA,NA,NA,NA,NA,NA,NA,NA,NA,NA,NA
13,Total,Total,0,0,NA,6072,6,NA,9,1,5,3,4,0,10,0,1,3,0,0,0.0,33.3,0,0.80,0,0,0,0,0,0,0.0,2,NA,NA,NA,NA,NA,NA,0,0,0,0,0,2.00,NA,2698,44:58,1,exhibition,71,NA,NA,NA,NA,NA,NA,NA,NA,NA,NA,NA,NA,NA,NA,NA,NA,NA,NA,NA,NA,NA
8,2025-26 Regular Season,2025-26 Reg,0,1,1,2025-11-21,2,,37,14,30,9,23,2,10,4,3,99,1,0,0.0,14.1,0,0.77,0,1,4,0,1,10,10.0,7,Ottawa Charge,OTT,Ottawa,Charge,5,1,0,2,3,3,1,0.333333,PWHL,33934,565:34,9,regular,72,NA,NA,NA,NA,NA,NA,NA,NA,NA,NA,NA,NA,NA,NA,NA,NA,NA,NA,NA,NA,NA
5,2024-25 Regular Season,2024-25 Reg,0,1,1,2024-11-25,2,,37,1,27,2,3,-6,4,0,0,30,0,0,0.0,3.3,0,0.11,1,0,0,0,0,2,0.0,5,Ottawa Charge,OTT,Ottawa,Charge,5,1,1,0,0,1,0,0.148148,PWHL,17392,289:52,7,regular,72,NA,NA,NA,NA,NA,NA,NA,NA,NA,NA,NA,NA,NA,NA,NA,NA,NA,NA,NA,NA,NA
1,2024 Regular Season,2024 Reg,0,1,1,2023-11-01,2,,19,2,24,7,9,2,12,0,1,36,0,0,0.0,5.6,0,0.38,0,0,0,0,1,4,25.0,5,PWHL Toronto,TOR,Toronto,Toronto,6,1,0,1,0,0,0,0.500000,PWHL,15503,258:23,5,regular,72,NA,NA,NA,NA,NA,NA,NA,NA,NA,NA,NA,NA,NA,NA,NA,NA,NA,NA,NA,NA,NA
14,Total,Total,0,3,NA,6072,6,NA,93,17,81,18,35,-2,26,4,4,165,1,0,0.0,10.3,0,0.43,1,1,4,0,2,16,12.5,17,NA,NA,NA,NA,NA,NA,1,3,3,4,1,0.32,NA,66829,1113:49,21,regular,72,NA,NA,NA,NA,NA,NA,NA,NA,NA,NA,NA,NA,NA,NA,NA,NA,NA,NA,NA,NA,NA
9,2026 Playoffs,2026 Playoffs,1,1,1,2026-04-28,2,,37,4,8,2,6,-1,2,0,1,21,0,0,0.0,19.0,0,0.75,0,0,1,0,0,1,0.0,4,Ottawa Charge,OTT,Ottawa,Charge,5,1,1,0,0,1,0,0.250000,PWHL,9577,159:37,2,playoff,72,NA,NA,NA,NA,NA,NA,NA,NA,NA,NA,NA,NA,NA,NA,NA,NA,NA,NA,NA,NA,NA
6,2025 Playoffs,2025 Playoffs,1,1,1,2025-05-06,2,,37,2,8,1,3,2,6,0,0,17,0,0,0.0,11.8,0,0.38,0,0,0,0,2,12,16.7,1,Ottawa Charge,OTT,Ottawa,Charge,5,1,2,0,0,0,0,0.750000,PWHL,8294,138:14,5,playoff,72,NA,NA,NA,NA,NA,NA,NA,NA,NA,NA,NA,NA,NA,NA,NA,NA,NA,NA,NA,NA,NA
3,2024 Playoffs,2024 Playoffs,1,1,1,2024-05-06,2,,19,1,5,0,1,2,0,0,0,9,0,0,0.0,11.1,0,0.20,0,0,0,0,0,0,0.0,4,PWHL Toronto,TOR,Toronto,Toronto,6,1,0,0,0,0,0,0,PWHL,2892,48:12,0,playoff,72,NA,NA,NA,NA,NA,NA,NA,NA,NA,NA,NA,NA,NA,NA,NA,NA,NA,NA,NA,NA,NA
18,Total,Total,1,3,NA,6075,6,NA,93,7,21,3,10,3,8,0,1,47,0,0,0.0,14.9,0,0.48,0,0,1,0,2,13,15.4,9,NA,NA,NA,NA,NA,NA,3,0,0,1,0,0.38,NA,20763,346:03,7,playoff,72,NA,NA,NA,NA,NA,NA,NA,NA,NA,NA,NA,NA,NA,NA,NA,NA,NA,NA,NA,NA,NA
7,2025-26 Preseason,2025-26 Preseason,0,0,1,2025-06-19,2,,37,0,2,1,1,0,0,0,0,2,0,0,0.0,0.0,0,0.50,0,0,0,0,1,1,100.0,0,Ottawa Charge,OTT,Ottawa,Charge,5,1,0,0,0,0,0,0,PWHL,1839,30:39,0,exhibition,72,NA,NA,NA,NA,NA,NA,NA,NA,NA,NA,NA,NA,NA,NA,NA,NA,NA,NA,NA,NA,NA
4,2024-25 Preseason,2024-25 Preseason,0,0,1,2024-10-17,2,,37,1,2,1,2,1,2,0,0,5,0,0,0.0,20.0,0,1.00,0,0,0,0,0,0,0.0,0,Ottawa Charge,OTT,Ottawa,Charge,5,1,0,0,0,0,0,1.000000,PWHL,1819,30:19,3,exhibition,72,NA,NA,NA,NA,NA,NA,NA,NA,NA,NA,NA,NA,NA,NA,NA,NA,NA,NA,NA,NA,NA
2,2024 Preseason,2024 Preseason,0,0,1,2023-11-01,2,,19,3,3,1,4,0,0,0,1,9,1,0,0.0,33.3,0,1.33,0,0,0,0,0,0,0.0,0,PWHL Toronto,TOR,Toronto,PWHL Toronto,6,1,1,0,0,0,0,0,PWHL,0,0:00,0,exhibition,72,NA,NA,NA,NA,NA,NA,NA,NA,NA,NA,NA,NA,NA,NA,NA,NA,NA,NA,NA,NA,NA
13,Total,Total,0,0,NA,6072,6,NA,93,4,7,3,7,1,2,0,1,16,1,0,0.0,25.0,0,1.00,0,0,0,0,1,1,100.0,0,NA,NA,NA,NA,NA,NA,1,0,0,0,0,0.29,NA,3658,60:58,3,exhibition,72,NA,NA,NA,NA,NA,NA,NA,NA,NA,NA,NA,NA,NA,NA,NA,NA,NA,NA,NA,NA,NA
8,2025-26 Regular Season,2025-26 Reg,0,1,1,2025-11-21,2,,27,3,30,7,10,-8,24,0,3,52,1,0,0.0,5.8,0,0.33,0,0,1,0,221,422,52.4,41,Toronto Sceptres,TOR,Toronto,Sceptres,6,1,0,0,0,0,0,0.800000,PWHL,35279,587:59,24,regular,73,NA,NA,NA,NA,NA,NA,NA,NA,NA,NA,NA,NA,NA,NA,NA,NA,NA,NA,NA,NA,NA
5,2024-25 Regular Season,2024-25 Reg,0,1,1,2024-11-25,2,,27,4,30,5,9,-5,14,1,2,39,0,0,0.0,10.3,0,0.30,0,0,0,0,73,122,59.8,48,Toronto Sceptres,TOR,Toronto,Sceptres,6,1,1,2,0,2,2,0.466667,PWHL,33645,560:45,11,regular,73,NA,NA,NA,NA,NA,NA,NA,NA,NA,NA,NA,NA,NA,NA,NA,NA,NA,NA,NA,NA,NA
1,2024 Regular Season,2024 Reg,0,1,1,2023-11-01,2,,27,4,24,15,19,7,16,0,2,44,1,0,0.0,9.1,0,0.79,2,0,1,0,50,111,45.0,38,PWHL Toronto,TOR,Toronto,Toronto,6,1,1,0,0,1,2,0.666667,PWHL,27039,450:39,6,regular,73,NA,NA,NA,NA,NA,NA,NA,NA,NA,NA,NA,NA,NA,NA,NA,NA,NA,NA,NA,NA,NA
14,Total,Total,0,3,NA,6072,6,NA,81,11,84,27,38,-6,54,1,7,135,2,0,0.0,8.1,0,0.45,2,0,2,0,344,655,52.5,127,NA,NA,NA,NA,NA,NA,2,2,0,3,4,0.64,NA,95963,1599:23,41,regular,73,NA,NA,NA,NA,NA,NA,NA,NA,NA,NA,NA,NA,NA,NA,NA,NA,NA,NA,NA,NA,NA
6,2025 Playoffs,2025 Playoffs,1,1,1,2025-05-06,2,,27,1,4,3,4,0,0,0,1,5,0,0,0.0,20.0,0,1.00,0,0,0,0,18,33,54.5,8,Toronto Sceptres,TOR,Toronto,Sceptres,6,1,0,0,0,0,0,0,PWHL,4414,73:34,4,playoff,73,NA,NA,NA,NA,NA,NA,NA,NA,NA,NA,NA,NA,NA,NA,NA,NA,NA,NA,NA,NA,NA
3,2024 Playoffs,2024 Playoffs,1,1,1,2024-05-06,2,,27,1,5,1,2,-1,2,0,0,6,0,0,0.0,16.7,0,0.40,0,0,0,0,5,13,38.5,15,PWHL Toronto,TOR,Toronto,Toronto,6,1,0,1,0,0,0,0.400000,PWHL,6972,116:12,2,playoff,73,NA,NA,NA,NA,NA,NA,NA,NA,NA,NA,NA,NA,NA,NA,NA,NA,NA,NA,NA,NA,NA
9,Total,Total,1,2,NA,4049,4,NA,54,2,9,4,6,-1,2,0,1,11,0,0,0.0,18.2,0,0.67,0,0,0,0,23,46,50.0,23,NA,NA,NA,NA,NA,NA,0,1,0,0,0,0.22,NA,11386,189:46,6,playoff,73,NA,NA,NA,NA,NA,NA,NA,NA,NA,NA,NA,NA,NA,NA,NA,NA,NA,NA,NA,NA,NA
7,2025-26 Preseason,2025-26 Preseason,0,0,1,2025-06-01,2,,27,2,1,0,2,2,2,0,0,3,0,0,0.0,66.7,0,2.00,0,0,0,0,12,16,75.0,2,Toronto Sceptres,TOR,Toronto,Sceptres,6,1,0,1,0,0,0,2.000000,PWHL,1155,19:15,1,exhibition,73,NA,NA,NA,NA,NA,NA,NA,NA,NA,NA,NA,NA,NA,NA,NA,NA,NA,NA,NA,NA,NA
4,2024-25 Preseason,2024-25 Preseason,0,0,1,2024-10-17,2,,27,0,1,1,1,0,0,0,0,0,0,0,0.0,0.0,0,1.00,0,0,0,0,2,5,40.0,5,Toronto Sceptres,TOR,Toronto,Sceptres,6,1,0,0,0,0,0,0,PWHL,1187,19:47,0,exhibition,73,NA,NA,NA,NA,NA,NA,NA,NA,NA,NA,NA,NA,NA,NA,NA,NA,NA,NA,NA,NA,NA
2,2024 Preseason,2024 Preseason,0,0,1,2023-11-01,2,,27,0,3,1,1,-3,4,0,0,8,2,1,50.0,0.0,0,0.33,0,0,0,0,0,0,0.0,0,PWHL Toronto,TOR,Toronto,PWHL Toronto,6,1,0,0,0,0,0,1.333333,PWHL,0,0:00,0,exhibition,73,NA,NA,NA,NA,NA,NA,NA,NA,NA,NA,NA,NA,NA,NA,NA,NA,NA,NA,NA,NA,NA
13,Total,Total,0,0,NA,6072,6,NA,81,2,5,2,4,-1,6,0,0,11,2,1,50.0,18.2,0,0.80,0,0,0,0,14,21,66.7,7,NA,NA,NA,NA,NA,NA,0,1,0,0,0,1.20,NA,2342,39:02,1,exhibition,73,NA,NA,NA,NA,NA,NA,NA,NA,NA,NA,NA,NA,NA,NA,NA,NA,NA,NA,NA,NA,NA
8,2025-26 Regular Season,2025-26 Reg,0,1,1,2025-11-21,2,,12,0,19,2,2,2,12,0,1,8,0,0,0.0,0.0,0,0.11,0,0,0,0,1,2,50.0,15,Toronto Sceptres,TOR,Toronto,Sceptres,6,1,0,0,0,0,0,0.631579,PWHL,18830,313:50,24,regular,74,NA,NA,NA,NA,NA,NA,NA,NA,NA,NA,NA,NA,NA,NA,NA,NA,NA,NA,NA,NA,NA
5,2024-25 Regular Season,2024-25 Reg,0,1,1,2024-11-25,2,,12,1,30,1,2,-2,8,0,0,21,0,0,0.0,4.8,0,0.07,0,0,1,0,0,0,0.0,45,Toronto Sceptres,TOR,Toronto,Sceptres,6,1,0,0,0,0,0,0.266667,PWHL,33501,558:21,39,regular,74,NA,NA,NA,NA,NA,NA,NA,NA,NA,NA,NA,NA,NA,NA,NA,NA,NA,NA,NA,NA,NA
1,2024 Regular Season,2024 Reg,0,1,1,2023-11-01,2,,12,1,24,5,6,1,12,0,0,17,0,0,0.0,5.9,0,0.25,0,1,0,0,0,0,0.0,31,PWHL Toronto,TOR,Toronto,Toronto,6,1,1,0,0,0,0,0.500000,PWHL,26868,447:48,22,regular,74,NA,NA,NA,NA,NA,NA,NA,NA,NA,NA,NA,NA,NA,NA,NA,NA,NA,NA,NA,NA,NA
14,Total,Total,0,3,NA,6072,6,NA,36,2,73,8,10,1,32,0,1,46,0,0,0.0,4.3,0,0.14,0,1,1,0,1,2,50.0,91,NA,NA,NA,NA,NA,NA,1,0,0,0,0,0.44,NA,79199,1319:59,85,regular,74,NA,NA,NA,NA,NA,NA,NA,NA,NA,NA,NA,NA,NA,NA,NA,NA,NA,NA,NA,NA,NA
6,2025 Playoffs,2025 Playoffs,1,1,1,2025-05-06,2,,12,1,4,0,1,1,2,0,0,6,0,0,0.0,16.7,0,0.25,0,0,0,0,0,0,0.0,7,Toronto Sceptres,TOR,Toronto,Sceptres,6,1,0,0,0,0,0,0.500000,PWHL,5705,95:05,5,playoff,74,NA,NA,NA,NA,NA,NA,NA,NA,NA,NA,NA,NA,NA,NA,NA,NA,NA,NA,NA,NA,NA
3,2024 Playoffs,2024 Playoffs,1,1,1,2024-05-06,2,,12,0,5,1,1,1,6,0,0,2,0,0,0.0,0.0,0,0.20,0,0,0,0,1,1,100.0,13,PWHL Toronto,TOR,Toronto,Toronto,6,1,0,0,0,0,0,1.200000,PWHL,6516,108:36,3,playoff,74,NA,NA,NA,NA,NA,NA,NA,NA,NA,NA,NA,NA,NA,NA,NA,NA,NA,NA,NA,NA,NA
9,Total,Total,1,2,NA,4049,4,NA,24,1,9,1,2,2,8,0,0,8,0,0,0.0,12.5,0,0.22,0,0,0,0,1,1,100.0,20,NA,NA,NA,NA,NA,NA,0,0,0,0,0,0.89,NA,12221,203:41,8,playoff,74,NA,NA,NA,NA,NA,NA,NA,NA,NA,NA,NA,NA,NA,NA,NA,NA,NA,NA,NA,NA,NA
7,2025-26 Preseason,2025-26 Preseason,0,0,1,2025-06-01,2,,12,0,1,1,1,2,0,0,0,1,0,0,0.0,0.0,0,1.00,0,0,0,0,0,0,0.0,4,Toronto Sceptres,TOR,Toronto,Sceptres,6,1,0,0,0,0,0,0,PWHL,1193,19:53,0,exhibition,74,NA,NA,NA,NA,NA,NA,NA,NA,NA,NA,NA,NA,NA,NA,NA,NA,NA,NA,NA,NA,NA
4,2024-25 Preseason,2024-25 Preseason,0,0,1,2024-10-17,2,,12,0,1,0,0,-1,0,0,0,0,0,0,0.0,0.0,0,0.00,0,0,0,0,0,0,0.0,5,Toronto Sceptres,TOR,Toronto,Sceptres,6,1,0,0,0,0,0,0,PWHL,1155,19:15,1,exhibition,74,NA,NA,NA,NA,NA,NA,NA,NA,NA,NA,NA,NA,NA,NA,NA,NA,NA,NA,NA,NA,NA
2,2024 Preseason,2024 Preseason,0,0,1,2023-11-01,2,,12,0,2,0,0,2,0,0,0,1,0,0,0.0,0.0,0,0.00,0,0,0,0,0,0,0.0,0,PWHL Toronto,TOR,Toronto,PWHL Toronto,6,1,0,0,0,0,0,0,PWHL,0,0:00,0,exhibition,74,NA,NA,NA,NA,NA,NA,NA,NA,NA,NA,NA,NA,NA,NA,NA,NA,NA,NA,NA,NA,NA
13,Total,Total,0,0,NA,6072,6,NA,36,0,4,1,1,3,0,0,0,2,0,0,0.0,0.0,0,0.25,0,0,0,0,0,0,0.0,9,NA,NA,NA,NA,NA,NA,0,0,0,0,0,0.00,NA,2348,39:08,1,exhibition,74,NA,NA,NA,NA,NA,NA,NA,NA,NA,NA,NA,NA,NA,NA,NA,NA,NA,NA,NA,NA,NA
8,2025-26 Regular Season,2025-26 Reg,0,1,1,2025-11-21,2,,20,9,19,6,15,1,10,0,0,71,0,0,0.0,12.7,0,0.79,0,0,0,0,196,397,49.4,21,Vancouver Goldeneyes,VAN,Vancouver,Goldeneyes,9,1,3,0,0,3,0,0.526316,PWHL,24836,413:56,17,regular,75,NA,NA,NA,NA,NA,NA,NA,NA,NA,NA,NA,NA,NA,NA,NA,NA,NA,NA,NA,NA,NA
5,2024-25 Regular Season,2024-25 Reg,0,1,1,2024-11-25,2,,20,6,21,8,14,-10,8,3,3,66,2,1,50.0,9.1,0,0.67,1,0,1,0,202,386,52.3,15,Toronto Sceptres,TOR,Toronto,Sceptres,6,1,1,0,0,0,0,0.380952,PWHL,23225,387:05,18,regular,75,NA,NA,NA,NA,NA,NA,NA,NA,NA,NA,NA,NA,NA,NA,NA,NA,NA,NA,NA,NA,NA
1,2024 Regular Season,2024 Reg,0,1,1,2023-11-01,2,,20,11,24,12,23,6,14,1,7,67,1,0,0.0,16.4,0,0.96,0,0,2,0,177,348,50.9,20,PWHL Toronto,TOR,Toronto,Toronto,6,1,2,0,2,1,0,0.583333,PWHL,27111,451:51,10,regular,75,NA,NA,NA,NA,NA,NA,NA,NA,NA,NA,NA,NA,NA,NA,NA,NA,NA,NA,NA,NA,NA
14,Total,Total,0,3,NA,6072,6,NA,60,26,64,26,52,-3,32,4,10,204,3,1,33.3,12.7,0,0.81,1,0,3,0,575,1131,50.8,56,NA,NA,NA,NA,NA,NA,6,0,2,4,0,0.50,NA,75172,1252:52,45,regular,75,NA,NA,NA,NA,NA,NA,NA,NA,NA,NA,NA,NA,NA,NA,NA,NA,NA,NA,NA,NA,NA
6,2025 Playoffs,2025 Playoffs,1,1,1,2025-05-06,2,,20,0,4,1,1,-4,0,0,0,7,0,0,0.0,0.0,0,0.25,0,0,0,0,38,62,61.3,2,Toronto Sceptres,TOR,Toronto,Sceptres,6,1,0,0,0,0,0,0,PWHL,4069,67:49,1,playoff,75,NA,NA,NA,NA,NA,NA,NA,NA,NA,NA,NA,NA,NA,NA,NA,NA,NA,NA,NA,NA,NA
3,2024 Playoffs,2024 Playoffs,1,1,1,2024-05-06,2,,20,0,5,1,1,-2,4,0,0,8,0,0,0.0,0.0,0,0.20,0,0,0,0,48,94,51.1,9,PWHL Toronto,TOR,Toronto,Toronto,6,1,0,0,0,0,0,0.800000,PWHL,6756,112:36,6,playoff,75,NA,NA,NA,NA,NA,NA,NA,NA,NA,NA,NA,NA,NA,NA,NA,NA,NA,NA,NA,NA,NA
9,Total,Total,1,2,NA,4049,4,NA,40,0,9,2,2,-6,4,0,0,15,0,0,0.0,0.0,0,0.22,0,0,0,0,86,156,55.1,11,NA,NA,NA,NA,NA,NA,0,0,0,0,0,0.44,NA,10825,180:25,7,playoff,75,NA,NA,NA,NA,NA,NA,NA,NA,NA,NA,NA,NA,NA,NA,NA,NA,NA,NA,NA,NA,NA
7,2025-26 Preseason,2025-26 Preseason,0,0,1,2025-06-13,2,,20,0,1,1,1,2,2,0,0,2,0,0,0.0,0.0,0,1.00,0,0,0,0,14,18,77.8,2,Vancouver Goldeneyes,VAN,Vancouver,Goldeneyes,9,1,0,0,0,0,0,2.000000,PWHL,1017,16:57,0,exhibition,75,NA,NA,NA,NA,NA,NA,NA,NA,NA,NA,NA,NA,NA,NA,NA,NA,NA,NA,NA,NA,NA
2,2024 Preseason,2024 Preseason,0,0,1,2023-11-01,2,,20,1,3,1,2,-1,4,0,0,13,2,1,50.0,7.7,0,0.67,0,0,0,0,0,0,0.0,0,PWHL Toronto,TOR,Toronto,PWHL Toronto,6,1,0,1,0,0,0,1.333333,PWHL,0,0:00,0,exhibition,75,NA,NA,NA,NA,NA,NA,NA,NA,NA,NA,NA,NA,NA,NA,NA,NA,NA,NA,NA,NA,NA
9,Total,Total,0,0,NA,4048,4,NA,40,1,4,2,3,1,6,0,0,15,2,1,50.0,6.7,0,0.75,0,0,0,0,14,18,77.8,2,NA,NA,NA,NA,NA,NA,0,1,0,0,0,1.50,NA,1017,16:57,0,exhibition,75,NA,NA,NA,NA,NA,NA,NA,NA,NA,NA,NA,NA,NA,NA,NA,NA,NA,NA,NA,NA,NA
8,2025-26 Regular Season,2025-26 Reg,0,1,1,2025-11-21,2,,40,9,30,8,17,1,10,2,2,76,0,0,0.0,11.8,0,0.57,1,0,1,0,222,459,48.4,50,Toronto Sceptres,TOR,Toronto,Sceptres,6,1,4,2,0,1,2,0.333333,PWHL,33558,559:18,26,regular,76,NA,NA,NA,NA,NA,NA,NA,NA,NA,NA,NA,NA,NA,NA,NA,NA,NA,NA,NA,NA,NA
5,2024-25 Regular Season,2024-25 Reg,0,1,1,2024-11-25,2,,40,5,30,6,11,1,18,1,2,77,0,0,0.0,6.5,0,0.37,0,0,1,0,208,443,47.0,47,Toronto Sceptres,TOR,Toronto,Sceptres,6,1,1,1,0,3,0,0.600000,PWHL,32737,545:37,14,regular,76,NA,NA,NA,NA,NA,NA,NA,NA,NA,NA,NA,NA,NA,NA,NA,NA,NA,NA,NA,NA,NA
1,2024 Regular Season,2024 Reg,0,1,1,2023-11-01,2,,40,3,24,6,9,4,16,0,0,63,0,0,0.0,4.8,0,0.38,0,1,0,0,157,354,44.4,42,PWHL Toronto,TOR,Toronto,Toronto,6,1,2,1,0,0,0,0.666667,PWHL,27635,460:35,14,regular,76,NA,NA,NA,NA,NA,NA,NA,NA,NA,NA,NA,NA,NA,NA,NA,NA,NA,NA,NA,NA,NA
14,Total,Total,0,3,NA,6072,6,NA,120,17,84,20,37,6,44,3,4,216,0,0,0.0,7.9,0,0.44,1,1,2,0,587,1256,46.7,139,NA,NA,NA,NA,NA,NA,7,4,0,4,2,0.52,NA,93930,1565:30,54,regular,76,NA,NA,NA,NA,NA,NA,NA,NA,NA,NA,NA,NA,NA,NA,NA,NA,NA,NA,NA,NA,NA
6,2025 Playoffs,2025 Playoffs,1,1,1,2025-05-06,2,,40,2,4,1,3,0,2,0,0,8,0,0,0.0,25.0,0,0.75,0,0,0,0,39,82,47.6,4,Toronto Sceptres,TOR,Toronto,Sceptres,6,1,1,0,0,0,0,0.500000,PWHL,4438,73:58,6,playoff,76,NA,NA,NA,NA,NA,NA,NA,NA,NA,NA,NA,NA,NA,NA,NA,NA,NA,NA,NA,NA,NA
3,2024 Playoffs,2024 Playoffs,1,1,1,2024-05-06,2,,40,2,5,0,2,2,0,0,0,16,0,0,0.0,12.5,0,0.40,0,0,0,0,38,81,46.9,20,PWHL Toronto,TOR,Toronto,Toronto,6,1,0,0,0,0,0,0,PWHL,5926,98:46,0,playoff,76,NA,NA,NA,NA,NA,NA,NA,NA,NA,NA,NA,NA,NA,NA,NA,NA,NA,NA,NA,NA,NA
9,Total,Total,1,2,NA,4049,4,NA,80,4,9,1,5,2,2,0,0,24,0,0,0.0,16.7,0,0.56,0,0,0,0,77,163,47.2,24,NA,NA,NA,NA,NA,NA,1,0,0,0,0,0.22,NA,10364,172:44,6,playoff,76,NA,NA,NA,NA,NA,NA,NA,NA,NA,NA,NA,NA,NA,NA,NA,NA,NA,NA,NA,NA,NA
7,2025-26 Preseason,2025-26 Preseason,0,0,1,2025-06-01,2,,40,0,1,0,0,-1,0,0,0,3,0,0,0.0,0.0,0,0.00,0,0,0,0,5,15,33.3,5,Toronto Sceptres,TOR,Toronto,Sceptres,6,1,0,0,0,0,0,0,PWHL,1003,16:43,0,exhibition,76,NA,NA,NA,NA,NA,NA,NA,NA,NA,NA,NA,NA,NA,NA,NA,NA,NA,NA,NA,NA,NA
4,2024-25 Preseason,2024-25 Preseason,0,0,1,2024-10-17,2,,40,1,1,0,1,1,2,0,0,5,0,0,0.0,20.0,0,1.00,0,0,0,0,10,15,66.7,3,Toronto Sceptres,TOR,Toronto,Sceptres,6,1,0,0,0,0,0,2.000000,PWHL,1026,17:06,0,exhibition,76,NA,NA,NA,NA,NA,NA,NA,NA,NA,NA,NA,NA,NA,NA,NA,NA,NA,NA,NA,NA,NA
2,2024 Preseason,2024 Preseason,0,0,1,2023-11-01,2,,40,3,3,0,3,0,2,1,0,12,1,0,0.0,25.0,0,1.00,0,0,1,0,0,0,0.0,0,PWHL Toronto,TOR,Toronto,PWHL Toronto,6,1,1,0,0,0,0,0.666667,PWHL,0,0:00,0,exhibition,76,NA,NA,NA,NA,NA,NA,NA,NA,NA,NA,NA,NA,NA,NA,NA,NA,NA,NA,NA,NA,NA
13,Total,Total,0,0,NA,6072,6,NA,120,4,5,0,4,0,4,1,0,20,1,0,0.0,20.0,0,0.80,0,0,1,0,15,30,50.0,8,NA,NA,NA,NA,NA,NA,1,0,0,0,0,0.80,NA,2029,33:49,0,exhibition,76,NA,NA,NA,NA,NA,NA,NA,NA,NA,NA,NA,NA,NA,NA,NA,NA,NA,NA,NA,NA,NA
8,2025-26 Regular Season,2025-26 Reg,0,1,1,2025-11-21,1,*,77,9,30,9,18,11,10,0,4,62,5,1,20.0,14.5,0,0.60,0,1,2,0,196,421,46.6,19,Boston Fleet,BOS,Boston,Fleet,1,1,2,2,0,0,1,0.333333,PWHL,33155,552:35,20,regular,78,NA,NA,NA,NA,NA,NA,NA,NA,NA,NA,NA,NA,NA,NA,NA,NA,NA,NA,NA,NA,NA
5,2024-25 Regular Season,2024-25 Reg,0,1,1,2024-11-25,1,*,77,11,30,7,18,-4,10,2,3,56,6,3,50.0,19.6,2,0.60,0,0,2,0,249,557,44.7,25,Boston Fleet,BOS,Boston,Fleet,1,1,3,1,1,3,0,0.333333,PWHL,38874,647:54,16,regular,78,NA,NA,NA,NA,NA,NA,NA,NA,NA,NA,NA,NA,NA,NA,NA,NA,NA,NA,NA,NA,NA
1,2024 Regular Season,2024 Reg,0,1,1,2023-11-21,2,,77,2,9,3,5,7,2,1,0,18,0,0,0.0,11.1,0,0.56,0,0,1,0,23,47,48.9,0,PWHL Minnesota,MIN,Minnesota,Minnesota,2,0,0,0,1,0,0,0.222222,PWHL,8928,148:48,0,regular,78,NA,NA,NA,NA,NA,NA,NA,NA,NA,NA,NA,NA,NA,NA,NA,NA,NA,NA,NA,NA,NA
1,2024 Regular Season,2024 Reg,0,1,1,2024-02-11,1,*,88,2,17,6,8,8,6,0,1,38,0,0,0.0,5.3,0,0.47,0,0,2,0,140,289,48.4,14,PWHL Boston,BOS,Boston,Boston,1,1,0,0,0,0,0,0.352941,PWHL,21272,354:32,4,regular,78,NA,NA,NA,NA,NA,NA,NA,NA,NA,NA,NA,NA,NA,NA,NA,NA,NA,NA,NA,NA,NA
15,Total,Total,0,4,NA,8096,5,NA,319,24,86,25,49,22,28,3,8,174,11,4,36.4,13.8,2,0.57,0,1,7,0,608,1314,46.3,58,NA,NA,NA,NA,NA,NA,5,3,2,3,1,0.33,NA,102229,1703:49,40,regular,78,NA,NA,NA,NA,NA,NA,NA,NA,NA,NA,NA,NA,NA,NA,NA,NA,NA,NA,NA,NA,NA
9,2026 Playoffs,2026 Playoffs,1,1,1,2026-04-28,1,*,77,0,4,0,0,-3,0,0,0,3,0,0,0.0,0.0,0,0.00,0,0,0,0,15,39,38.5,4,Boston Fleet,BOS,Boston,Fleet,1,1,0,0,0,0,0,0,PWHL,4211,70:11,1,playoff,78,NA,NA,NA,NA,NA,NA,NA,NA,NA,NA,NA,NA,NA,NA,NA,NA,NA,NA,NA,NA,NA
3,2024 Playoffs,2024 Playoffs,1,1,1,2024-05-06,1,*,88,3,8,1,4,0,2,0,0,13,0,0,0.0,23.1,0,0.50,0,0,2,0,95,210,45.2,3,PWHL Boston,BOS,Boston,Boston,1,1,0,0,2,0,0,0.250000,PWHL,13909,231:49,4,playoff,78,NA,NA,NA,NA,NA,NA,NA,NA,NA,NA,NA,NA,NA,NA,NA,NA,NA,NA,NA,NA,NA
12,Total,Total,1,2,NA,4050,2,NA,165,3,12,1,4,-3,2,0,0,16,0,0,0.0,18.8,0,0.33,0,0,2,0,110,249,44.2,7,NA,NA,NA,NA,NA,NA,0,0,2,0,0,0.17,NA,18120,302:00,5,playoff,78,NA,NA,NA,NA,NA,NA,NA,NA,NA,NA,NA,NA,NA,NA,NA,NA,NA,NA,NA,NA,NA
7,2025-26 Preseason,2025-26 Preseason,0,0,1,2025-06-18,1,*,77,0,1,0,0,0,2,0,0,1,0,0,0.0,0.0,0,0.00,0,0,0,0,7,25,28.0,0,Boston Fleet,BOS,Boston,Fleet,1,1,0,0,0,0,0,2.000000,PWHL,1301,21:41,0,exhibition,78,NA,NA,NA,NA,NA,NA,NA,NA,NA,NA,NA,NA,NA,NA,NA,NA,NA,NA,NA,NA,NA
4,2024-25 Preseason,2024-25 Preseason,0,0,1,2024-11-01,1,*,77,0,2,0,0,-1,0,0,0,3,0,0,0.0,0.0,0,0.00,0,0,0,0,19,38,50.0,0,Boston Fleet,BOS,Boston,Fleet,1,1,0,0,0,0,0,0,PWHL,2220,37:00,2,exhibition,78,NA,NA,NA,NA,NA,NA,NA,NA,NA,NA,NA,NA,NA,NA,NA,NA,NA,NA,NA,NA,NA
2,2024 Preseason,2024 Preseason,0,0,1,2023-11-21,2,,77,1,2,2,3,3,0,0,0,6,1,0,0.0,16.7,0,1.50,0,0,0,0,0,0,0.0,0,PWHL Minnesota,MIN,Minnesota,PWHL Minnesota,2,1,0,1,0,0,0,0,PWHL,0,0:00,0,exhibition,78,NA,NA,NA,NA,NA,NA,NA,NA,NA,NA,NA,NA,NA,NA,NA,NA,NA,NA,NA,NA,NA
13,Total,Total,0,0,NA,6072,4,NA,231,1,5,2,3,2,2,0,0,10,1,0,0.0,10.0,0,0.60,0,0,0,0,26,63,41.3,0,NA,NA,NA,NA,NA,NA,0,1,0,0,0,0.40,NA,3521,58:41,2,exhibition,78,NA,NA,NA,NA,NA,NA,NA,NA,NA,NA,NA,NA,NA,NA,NA,NA,NA,NA,NA,NA,NA
8,2025-26 Regular Season,2025-26 Reg,0,1,1,2025-11-21,2,,91,4,30,5,9,5,35,1,3,40,0,0,0.0,10.0,0,0.30,0,0,1,0,0,0,0.0,30,Montréal Victoire,MTL,Montréal,Victoire,3,1,1,0,0,1,2,1.166667,PWHL,33326,555:26,63,regular,79,NA,NA,NA,NA,NA,NA,NA,NA,NA,NA,NA,NA,NA,NA,NA,NA,NA,NA,NA,NA,NA
5,2024-25 Regular Season,2024-25 Reg,0,1,1,2024-11-25,2,,19,1,22,1,2,-5,12,0,0,28,0,0,0.0,3.6,0,0.09,0,0,1,0,0,1,0.0,13,Minnesota Frost,MIN,Minnesota,Frost,2,1,0,0,0,1,0,0.545455,PWHL,19427,323:47,20,regular,79,NA,NA,NA,NA,NA,NA,NA,NA,NA,NA,NA,NA,NA,NA,NA,NA,NA,NA,NA,NA,NA
1,2024 Regular Season,2024 Reg,0,1,1,2023-11-21,2,,19,1,24,5,6,4,14,0,2,33,0,0,0.0,3.0,0,0.25,0,0,1,0,1,1,100.0,18,PWHL Minnesota,MIN,Minnesota,Minnesota,2,1,0,0,0,0,0,0.583333,PWHL,27551,459:11,10,regular,79,NA,NA,NA,NA,NA,NA,NA,NA,NA,NA,NA,NA,NA,NA,NA,NA,NA,NA,NA,NA,NA
14,Total,Total,0,3,NA,6072,6,NA,129,6,76,11,17,4,61,1,5,101,0,0,0.0,5.9,0,0.22,0,0,3,0,1,2,50.0,61,NA,NA,NA,NA,NA,NA,1,0,0,2,2,0.80,NA,80304,1338:24,93,regular,79,NA,NA,NA,NA,NA,NA,NA,NA,NA,NA,NA,NA,NA,NA,NA,NA,NA,NA,NA,NA,NA
9,2026 Playoffs,2026 Playoffs,1,1,1,2026-04-28,2,,91,3,9,1,4,3,8,0,0,16,0,0,0.0,18.8,0,0.44,0,0,1,0,0,0,0.0,11,Montréal Victoire,MTL,Montréal,Victoire,3,1,0,0,1,0,0,0.888889,PWHL,12171,202:51,15,playoff,79,NA,NA,NA,NA,NA,NA,NA,NA,NA,NA,NA,NA,NA,NA,NA,NA,NA,NA,NA,NA,NA
6,2025 Playoffs,2025 Playoffs,1,1,1,2025-05-06,2,,19,0,6,0,0,-1,4,0,0,6,0,0,0.0,0.0,0,0.00,0,0,0,0,0,0,0.0,4,Minnesota Frost,MIN,Minnesota,Frost,2,1,0,0,0,0,0,0.666667,PWHL,5082,84:42,9,playoff,79,NA,NA,NA,NA,NA,NA,NA,NA,NA,NA,NA,NA,NA,NA,NA,NA,NA,NA,NA,NA,NA
3,2024 Playoffs,2024 Playoffs,1,1,1,2024-05-06,2,,19,1,10,0,1,-1,2,0,0,9,0,0,0.0,11.1,0,0.10,0,0,1,0,0,0,0.0,16,PWHL Minnesota,MIN,Minnesota,Minnesota,2,1,1,0,0,0,0,0.200000,PWHL,8291,138:11,10,playoff,79,NA,NA,NA,NA,NA,NA,NA,NA,NA,NA,NA,NA,NA,NA,NA,NA,NA,NA,NA,NA,NA
18,Total,Total,1,3,NA,6075,6,NA,129,4,25,1,5,1,14,0,0,31,0,0,0.0,12.9,0,0.20,0,0,2,0,0,0,0.0,31,NA,NA,NA,NA,NA,NA,1,0,1,0,0,0.56,NA,25544,425:44,34,playoff,79,NA,NA,NA,NA,NA,NA,NA,NA,NA,NA,NA,NA,NA,NA,NA,NA,NA,NA,NA,NA,NA
7,2025-26 Preseason,2025-26 Preseason,0,0,1,2025-06-23,2,,91,0,2,0,0,-4,2,0,0,0,0,0,0.0,0.0,0,0.00,0,0,0,0,0,0,0.0,2,Montréal Victoire,MTL,Montréal,Victoire,3,1,0,0,0,0,0,1.000000,PWHL,2002,33:22,2,exhibition,79,NA,NA,NA,NA,NA,NA,NA,NA,NA,NA,NA,NA,NA,NA,NA,NA,NA,NA,NA,NA,NA
4,2024-25 Preseason,2024-25 Preseason,0,0,1,2024-11-01,2,,19,0,2,0,0,-2,2,0,0,3,0,0,0.0,0.0,0,0.00,0,0,0,0,0,0,0.0,4,Minnesota Frost,MIN,Minnesota,Frost,2,1,0,0,0,0,0,1.000000,PWHL,2653,44:13,4,exhibition,79,NA,NA,NA,NA,NA,NA,NA,NA,NA,NA,NA,NA,NA,NA,NA,NA,NA,NA,NA,NA,NA
2,2024 Preseason,2024 Preseason,0,0,1,2023-11-21,2,,19,1,3,1,2,3,2,0,0,7,1,0,0.0,14.3,0,0.67,0,0,0,0,0,0,0.0,0,PWHL Minnesota,MIN,Minnesota,PWHL Minnesota,2,1,0,0,1,0,0,0.666667,PWHL,0,0:00,0,exhibition,79,NA,NA,NA,NA,NA,NA,NA,NA,NA,NA,NA,NA,NA,NA,NA,NA,NA,NA,NA,NA,NA
13,Total,Total,0,0,NA,6072,6,NA,129,1,7,1,2,-3,6,0,0,10,1,0,0.0,10.0,0,0.29,0,0,0,0,0,0,0.0,6,NA,NA,NA,NA,NA,NA,0,0,1,0,0,0.86,NA,4655,77:35,6,exhibition,79,NA,NA,NA,NA,NA,NA,NA,NA,NA,NA,NA,NA,NA,NA,NA,NA,NA,NA,NA,NA,NA
8,2025-26 Regular Season,2025-26 Reg,0,1,1,2025-11-21,1,*,36,1,16,1,2,1,8,0,0,24,0,0,0.0,4.2,0,0.13,0,0,0,0,0,4,0.0,15,Boston Fleet,BOS,Boston,Fleet,1,1,0,0,0,0,0,0.500000,PWHL,13582,226:22,10,regular,8,NA,NA,NA,NA,NA,NA,NA,NA,NA,NA,NA,NA,NA,NA,NA,NA,NA,NA,NA,NA,NA
5,2024-25 Regular Season,2024-25 Reg,0,1,1,2024-11-25,2,,36,2,20,1,3,-1,4,1,1,19,1,0,0.0,10.5,0,0.15,0,0,0,0,0,1,0.0,12,Boston Fleet,BOS,Boston,Fleet,1,1,0,0,0,0,0,0.200000,PWHL,10569,176:09,5,regular,8,NA,NA,NA,NA,NA,NA,NA,NA,NA,NA,NA,NA,NA,NA,NA,NA,NA,NA,NA,NA,NA
1,2024 Regular Season,2024 Reg,0,1,1,2023-11-01,2,,36,4,17,3,7,-1,2,0,0,46,0,0,0.0,8.7,0,0.41,0,0,1,0,0,0,0.0,12,PWHL Boston,BOS,Boston,Boston,1,1,1,0,0,0,0,0.117647,PWHL,13596,226:36,0,regular,8,NA,NA,NA,NA,NA,NA,NA,NA,NA,NA,NA,NA,NA,NA,NA,NA,NA,NA,NA,NA,NA
14,Total,Total,0,3,NA,6072,5,NA,108,7,53,5,12,-1,14,1,1,89,1,0,0.0,7.9,0,0.23,0,0,1,0,0,5,0.0,39,NA,NA,NA,NA,NA,NA,1,0,0,0,0,0.26,NA,37747,629:07,15,regular,8,NA,NA,NA,NA,NA,NA,NA,NA,NA,NA,NA,NA,NA,NA,NA,NA,NA,NA,NA,NA,NA
3,2024 Playoffs,2024 Playoffs,1,1,1,2024-05-06,2,,36,0,6,0,0,-2,0,0,0,4,0,0,0.0,0.0,0,0.00,0,0,0,0,0,0,0.0,2,PWHL Boston,BOS,Boston,Boston,1,1,0,0,0,0,0,0,PWHL,2662,44:22,2,playoff,8,NA,NA,NA,NA,NA,NA,NA,NA,NA,NA,NA,NA,NA,NA,NA,NA,NA,NA,NA,NA,NA
3,Total,Total,1,1,NA,2024,2,NA,36,0,6,0,0,-2,0,0,0,4,0,0,0.0,0.0,0,0.00,0,0,0,0,0,0,0.0,2,NA,NA,NA,NA,NA,NA,0,0,0,0,0,0.00,NA,2662,44:22,2,playoff,8,NA,NA,NA,NA,NA,NA,NA,NA,NA,NA,NA,NA,NA,NA,NA,NA,NA,NA,NA,NA,NA
7,2025-26 Preseason,2025-26 Preseason,0,0,1,2025-07-28,1,*,36,0,2,0,0,0,0,0,0,6,0,0,0.0,0.0,0,0.00,0,0,0,0,0,1,0.0,2,Boston Fleet,BOS,Boston,Fleet,1,1,0,0,0,0,0,0,PWHL,1630,27:10,4,exhibition,8,NA,NA,NA,NA,NA,NA,NA,NA,NA,NA,NA,NA,NA,NA,NA,NA,NA,NA,NA,NA,NA
4,2024-25 Preseason,2024-25 Preseason,0,0,1,2024-11-01,2,,36,0,2,0,0,-3,0,0,0,4,0,0,0.0,0.0,0,0.00,0,0,0,0,1,1,100.0,4,Boston Fleet,BOS,Boston,Fleet,1,1,0,0,0,0,0,0,PWHL,1992,33:12,3,exhibition,8,NA,NA,NA,NA,NA,NA,NA,NA,NA,NA,NA,NA,NA,NA,NA,NA,NA,NA,NA,NA,NA
2,2024 Preseason,2024 Preseason,0,0,1,2023-11-01,2,,36,2,2,1,3,3,2,0,0,5,1,0,0.0,40.0,0,1.50,0,0,0,0,0,0,0.0,0,PWHL Boston,BOS,Boston,PWHL Boston,1,1,1,1,0,0,0,1.000000,PWHL,0,0:00,0,exhibition,8,NA,NA,NA,NA,NA,NA,NA,NA,NA,NA,NA,NA,NA,NA,NA,NA,NA,NA,NA,NA,NA
13,Total,Total,0,0,NA,6072,5,NA,108,2,6,1,3,0,2,0,0,15,1,0,0.0,13.3,0,0.50,0,0,0,0,1,2,50.0,6,NA,NA,NA,NA,NA,NA,1,1,0,0,0,0.33,NA,3622,60:22,7,exhibition,8,NA,NA,NA,NA,NA,NA,NA,NA,NA,NA,NA,NA,NA,NA,NA,NA,NA,NA,NA,NA,NA
1,2024 Regular Season,2024 Reg,0,1,1,2023-11-21,2,,26,3,21,1,4,-6,18,0,0,25,0,0,0.0,12.0,0,0.19,0,0,0,0,89,174,51.1,23,PWHL Montreal,MTL,Montreal,Montreal,3,1,1,0,0,0,0,0.857143,PWHL,17647,294:07,8,regular,81,NA,NA,NA,NA,NA,NA,NA,NA,NA,NA,NA,NA,NA,NA,NA,NA,NA,NA,NA,NA,NA
1,Total,Total,0,1,NA,2023,2,NA,26,3,21,1,4,-6,18,0,0,25,0,0,0.0,12.0,0,0.19,0,0,0,0,89,174,51.1,23,NA,NA,NA,NA,NA,NA,1,0,0,0,0,0.86,NA,17647,294:07,8,regular,81,NA,NA,NA,NA,NA,NA,NA,NA,NA,NA,NA,NA,NA,NA,NA,NA,NA,NA,NA,NA,NA
4,2024-25 Preseason,2024-25 Preseason,0,0,1,2024-11-01,2,,16,0,2,0,0,1,0,0,0,1,0,0,0.0,0.0,0,0.00,0,0,0,0,6,11,54.5,4,Montréal Victoire,MTL,Montréal,Victoire,3,1,0,0,0,0,0,0,PWHL,1367,22:47,0,exhibition,81,NA,NA,NA,NA,NA,NA,NA,NA,NA,NA,NA,NA,NA,NA,NA,NA,NA,NA,NA,NA,NA
2,2024 Preseason,2024 Preseason,0,0,1,2023-11-21,2,,26,0,1,0,0,0,0,0,0,2,0,0,0.0,0.0,0,0.00,0,0,0,0,0,0,0.0,0,PWHL Montreal,MON,Montreal,PWHL Montreal,3,1,0,0,0,0,0,0,PWHL,0,0:00,0,exhibition,81,NA,NA,NA,NA,NA,NA,NA,NA,NA,NA,NA,NA,NA,NA,NA,NA,NA,NA,NA,NA,NA
6,Total,Total,0,0,NA,4047,4,NA,42,0,3,0,0,1,0,0,0,3,0,0,0.0,0.0,0,0.00,0,0,0,0,6,11,54.5,4,NA,NA,NA,NA,NA,NA,0,0,0,0,0,0.00,NA,1367,22:47,0,exhibition,81,NA,NA,NA,NA,NA,NA,NA,NA,NA,NA,NA,NA,NA,NA,NA,NA,NA,NA,NA,NA,NA
8,2025-26 Regular Season,2025-26 Reg,0,1,1,2025-11-21,2,,16,2,30,7,9,-3,8,2,3,31,5,2,40.0,6.5,1,0.30,0,0,0,0,153,354,43.2,27,Ottawa Charge,OTT,Ottawa,Charge,5,1,0,1,0,0,0,0.266667,PWHL,29945,499:05,12,regular,88,NA,NA,NA,NA,NA,NA,NA,NA,NA,NA,NA,NA,NA,NA,NA,NA,NA,NA,NA,NA,NA
5,2024-25 Regular Season,2024-25 Reg,0,1,1,2024-11-25,2,,16,3,14,4,7,-4,6,0,1,19,2,0,0.0,15.8,0,0.50,0,0,1,0,93,210,44.3,12,Ottawa Charge,OTT,Ottawa,Charge,5,1,0,1,1,0,0,0.428571,PWHL,14225,237:05,7,regular,88,NA,NA,NA,NA,NA,NA,NA,NA,NA,NA,NA,NA,NA,NA,NA,NA,NA,NA,NA,NA,NA
1,2024 Regular Season,2024 Reg,0,1,1,2023-11-21,2,,16,6,23,12,18,-2,16,3,3,30,3,3,100.0,20.0,1,0.78,0,0,0,0,112,248,45.2,23,PWHL Ottawa,OTT,Ottawa,Ottawa,5,1,1,0,0,0,0,0.695652,PWHL,23444,390:44,7,regular,88,NA,NA,NA,NA,NA,NA,NA,NA,NA,NA,NA,NA,NA,NA,NA,NA,NA,NA,NA,NA,NA
14,Total,Total,0,3,NA,6072,6,NA,48,11,67,23,34,-9,30,5,7,80,10,5,50.0,13.8,2,0.51,0,0,1,0,358,812,44.1,62,NA,NA,NA,NA,NA,NA,1,2,1,0,0,0.45,NA,67614,1126:54,26,regular,88,NA,NA,NA,NA,NA,NA,NA,NA,NA,NA,NA,NA,NA,NA,NA,NA,NA,NA,NA,NA,NA
9,2026 Playoffs,2026 Playoffs,1,1,1,2026-04-28,2,,16,0,8,2,2,1,0,0,0,8,0,0,0.0,0.0,0,0.25,0,0,0,0,53,108,49.1,7,Ottawa Charge,OTT,Ottawa,Charge,5,1,0,0,0,0,0,0,PWHL,7679,127:59,6,playoff,88,NA,NA,NA,NA,NA,NA,NA,NA,NA,NA,NA,NA,NA,NA,NA,NA,NA,NA,NA,NA,NA
6,2025 Playoffs,2025 Playoffs,1,1,1,2025-05-06,2,,16,0,6,0,0,1,0,0,0,9,0,0,0.0,0.0,0,0.00,0,0,0,0,30,74,40.5,2,Ottawa Charge,OTT,Ottawa,Charge,5,1,0,0,0,0,0,0,PWHL,7245,120:45,6,playoff,88,NA,NA,NA,NA,NA,NA,NA,NA,NA,NA,NA,NA,NA,NA,NA,NA,NA,NA,NA,NA,NA
15,Total,Total,1,2,NA,4051,4,NA,32,0,14,2,2,2,0,0,0,17,0,0,0.0,0.0,0,0.14,0,0,0,0,83,182,45.6,9,NA,NA,NA,NA,NA,NA,0,0,0,0,0,0.00,NA,14924,248:44,12,playoff,88,NA,NA,NA,NA,NA,NA,NA,NA,NA,NA,NA,NA,NA,NA,NA,NA,NA,NA,NA,NA,NA
7,2025-26 Preseason,2025-26 Preseason,0,0,1,2025-06-01,2,,16,0,1,0,0,-2,0,0,0,0,0,0,0.0,0.0,0,0.00,0,0,0,0,7,13,53.8,1,Ottawa Charge,OTT,Ottawa,Charge,5,1,0,0,0,0,0,0,PWHL,1103,18:23,0,exhibition,88,NA,NA,NA,NA,NA,NA,NA,NA,NA,NA,NA,NA,NA,NA,NA,NA,NA,NA,NA,NA,NA
4,2024-25 Preseason,2024-25 Preseason,0,0,1,2024-10-17,2,,16,1,2,0,1,0,0,0,0,2,0,0,0.0,50.0,0,0.50,0,0,0,0,5,21,23.8,2,Ottawa Charge,OTT,Ottawa,Charge,5,1,0,0,0,0,0,0,PWHL,1757,29:17,2,exhibition,88,NA,NA,NA,NA,NA,NA,NA,NA,NA,NA,NA,NA,NA,NA,NA,NA,NA,NA,NA,NA,NA
2,2024 Preseason,2024 Preseason,0,0,1,2023-11-21,2,,16,0,2,0,0,0,2,0,0,2,1,0,0.0,0.0,0,0.00,0,0,0,0,0,0,0.0,0,PWHL Ottawa,OTT,Ottawa,PWHL Ottawa,5,1,0,0,0,0,0,1.000000,PWHL,0,0:00,0,exhibition,88,NA,NA,NA,NA,NA,NA,NA,NA,NA,NA,NA,NA,NA,NA,NA,NA,NA,NA,NA,NA,NA
13,Total,Total,0,0,NA,6072,6,NA,48,1,5,0,1,-2,2,0,0,4,1,0,0.0,25.0,0,0.20,0,0,0,0,12,34,35.3,3,NA,NA,NA,NA,NA,NA,0,0,0,0,0,0.40,NA,2860,47:40,2,exhibition,88,NA,NA,NA,NA,NA,NA,NA,NA,NA,NA,NA,NA,NA,NA,NA,NA,NA,NA,NA,NA,NA
8,2025-26 Regular Season,2025-26 Reg,0,1,1,2025-11-21,2,,34,7,30,11,18,-5,12,1,1,77,0,0,0.0,9.1,0,0.60,0,0,1,0,193,397,48.6,65,Vancouver Goldeneyes,VAN,Vancouver,Goldeneyes,9,1,0,0,0,2,0,0.400000,PWHL,36363,606:03,23,regular,89,NA,NA,NA,NA,NA,NA,NA,NA,NA,NA,NA,NA,NA,NA,NA,NA,NA,NA,NA,NA,NA
5,2024-25 Regular Season,2024-25 Reg,0,1,1,2024-11-25,2,,34,10,29,14,24,14,8,4,9,59,2,0,0.0,16.9,0,0.83,0,0,1,0,155,313,49.5,13,Toronto Sceptres,TOR,Toronto,Sceptres,6,1,2,1,0,1,0,0.275862,PWHL,31096,518:16,10,regular,89,NA,NA,NA,NA,NA,NA,NA,NA,NA,NA,NA,NA,NA,NA,NA,NA,NA,NA,NA,NA,NA
1,2024 Regular Season,2024 Reg,0,1,1,2023-11-21,2,,34,7,23,7,14,6,8,1,3,39,2,1,50.0,17.9,0,0.61,0,0,2,0,6,21,28.6,11,PWHL Toronto,TOR,Toronto,Toronto,6,1,3,1,0,0,0,0.347826,PWHL,20703,345:03,3,regular,89,NA,NA,NA,NA,NA,NA,NA,NA,NA,NA,NA,NA,NA,NA,NA,NA,NA,NA,NA,NA,NA
14,Total,Total,0,3,NA,6072,6,NA,102,24,82,32,56,15,28,6,13,175,4,1,25.0,13.7,0,0.68,0,0,4,0,354,731,48.4,89,NA,NA,NA,NA,NA,NA,5,2,0,3,0,0.34,NA,88162,1469:22,36,regular,89,NA,NA,NA,NA,NA,NA,NA,NA,NA,NA,NA,NA,NA,NA,NA,NA,NA,NA,NA,NA,NA
6,2025 Playoffs,2025 Playoffs,1,1,1,2025-05-06,2,,34,1,4,2,3,0,0,0,1,7,0,0,0.0,14.3,0,0.75,0,0,0,0,12,31,38.7,3,Toronto Sceptres,TOR,Toronto,Sceptres,6,1,0,0,0,0,0,0,PWHL,3832,63:52,3,playoff,89,NA,NA,NA,NA,NA,NA,NA,NA,NA,NA,NA,NA,NA,NA,NA,NA,NA,NA,NA,NA,NA
3,2024 Playoffs,2024 Playoffs,1,1,1,2024-05-06,2,,34,1,5,2,3,3,0,0,0,7,0,0,0.0,14.3,0,0.60,0,0,0,0,0,0,0.0,11,PWHL Toronto,TOR,Toronto,Toronto,6,1,0,1,0,0,1,0,PWHL,5133,85:33,4,playoff,89,NA,NA,NA,NA,NA,NA,NA,NA,NA,NA,NA,NA,NA,NA,NA,NA,NA,NA,NA,NA,NA
9,Total,Total,1,2,NA,4049,4,NA,68,2,9,4,6,3,0,0,1,14,0,0,0.0,14.3,0,0.67,0,0,0,0,12,31,38.7,14,NA,NA,NA,NA,NA,NA,0,1,0,0,1,0.00,NA,8965,149:25,7,playoff,89,NA,NA,NA,NA,NA,NA,NA,NA,NA,NA,NA,NA,NA,NA,NA,NA,NA,NA,NA,NA,NA
7,2025-26 Preseason,2025-26 Preseason,0,0,1,2025-06-18,2,,34,0,1,1,1,0,0,0,0,1,0,0,0.0,0.0,0,1.00,0,0,0,0,14,24,58.3,5,Vancouver Goldeneyes,VAN,Vancouver,Goldeneyes,9,1,0,0,0,0,0,0,PWHL,2098,34:58,0,exhibition,89,NA,NA,NA,NA,NA,NA,NA,NA,NA,NA,NA,NA,NA,NA,NA,NA,NA,NA,NA,NA,NA
4,2024-25 Preseason,2024-25 Preseason,0,0,1,2024-10-17,2,,34,0,2,1,1,-2,0,0,0,4,0,0,0.0,0.0,0,0.50,0,0,0,0,6,22,27.3,1,Toronto Sceptres,TOR,Toronto,Sceptres,6,1,0,0,0,0,0,0,PWHL,1749,29:09,0,exhibition,89,NA,NA,NA,NA,NA,NA,NA,NA,NA,NA,NA,NA,NA,NA,NA,NA,NA,NA,NA,NA,NA
2,2024 Preseason,2024 Preseason,0,0,1,2023-11-21,2,,34,0,3,2,2,1,0,0,1,7,1,0,0.0,0.0,0,0.67,0,0,0,0,0,0,0.0,0,PWHL Toronto,TOR,Toronto,PWHL Toronto,6,1,0,0,0,0,0,0,PWHL,0,0:00,0,exhibition,89,NA,NA,NA,NA,NA,NA,NA,NA,NA,NA,NA,NA,NA,NA,NA,NA,NA,NA,NA,NA,NA
13,Total,Total,0,0,NA,6072,6,NA,102,0,6,4,4,-1,0,0,1,12,1,0,0.0,0.0,0,0.67,0,0,0,0,20,46,43.5,6,NA,NA,NA,NA,NA,NA,0,0,0,0,0,0.00,NA,3847,64:07,0,exhibition,89,NA,NA,NA,NA,NA,NA,NA,NA,NA,NA,NA,NA,NA,NA,NA,NA,NA,NA,NA,NA,NA
8,2025-26 Regular Season,2025-26 Reg,0,1,1,2025-11-21,2,,22,1,25,1,2,12,4,1,0,17,0,0,0.0,5.9,0,0.08,0,0,0,0,0,1,0.0,2,Minnesota Frost,MIN,Minnesota,Frost,2,1,1,0,0,0,0,0.160000,PWHL,26048,434:08,15,regular,90,NA,NA,NA,NA,NA,NA,NA,NA,NA,NA,NA,NA,NA,NA,NA,NA,NA,NA,NA,NA,NA
5,2024-25 Regular Season,2024-25 Reg,0,1,1,2024-11-25,2,,22,0,19,2,2,-2,2,0,0,19,0,0,0.0,0.0,0,0.11,0,0,0,0,1,5,20.0,10,Minnesota Frost,MIN,Minnesota,Frost,2,1,0,0,0,0,0,0.105263,PWHL,20607,343:27,21,regular,90,NA,NA,NA,NA,NA,NA,NA,NA,NA,NA,NA,NA,NA,NA,NA,NA,NA,NA,NA,NA,NA
1,2024 Regular Season,2024 Reg,0,1,1,2023-11-30,2,,22,2,24,4,6,6,0,0,0,28,0,0,0.0,7.1,0,0.25,0,0,0,0,0,0,0.0,8,PWHL Minnesota,MIN,Minnesota,Minnesota,2,1,0,0,0,0,0,0,PWHL,28911,481:51,12,regular,90,NA,NA,NA,NA,NA,NA,NA,NA,NA,NA,NA,NA,NA,NA,NA,NA,NA,NA,NA,NA,NA
14,Total,Total,0,3,NA,6072,6,NA,66,3,68,7,10,16,6,1,0,64,0,0,0.0,4.7,0,0.15,0,0,0,0,1,6,16.7,20,NA,NA,NA,NA,NA,NA,1,0,0,0,0,0.09,NA,75566,1259:26,48,regular,90,NA,NA,NA,NA,NA,NA,NA,NA,NA,NA,NA,NA,NA,NA,NA,NA,NA,NA,NA,NA,NA
6,2025 Playoffs,2025 Playoffs,1,1,1,2025-05-06,2,,22,0,8,0,0,-4,2,0,0,4,0,0,0.0,0.0,0,0.00,0,0,0,0,0,0,0.0,3,Minnesota Frost,MIN,Minnesota,Frost,2,1,0,0,0,0,0,0.250000,PWHL,6716,111:56,7,playoff,90,NA,NA,NA,NA,NA,NA,NA,NA,NA,NA,NA,NA,NA,NA,NA,NA,NA,NA,NA,NA,NA
3,2024 Playoffs,2024 Playoffs,1,1,1,2024-05-06,2,,22,0,10,2,2,-1,2,0,0,16,0,0,0.0,0.0,0,0.20,0,0,0,0,0,0,0.0,15,PWHL Minnesota,MIN,Minnesota,Minnesota,2,1,0,0,0,0,0,0.200000,PWHL,13719,228:39,10,playoff,90,NA,NA,NA,NA,NA,NA,NA,NA,NA,NA,NA,NA,NA,NA,NA,NA,NA,NA,NA,NA,NA
9,Total,Total,1,2,NA,4049,4,NA,44,0,18,2,2,-5,4,0,0,20,0,0,0.0,0.0,0,0.11,0,0,0,0,0,0,0.0,18,NA,NA,NA,NA,NA,NA,0,0,0,0,0,0.22,NA,20435,340:35,17,playoff,90,NA,NA,NA,NA,NA,NA,NA,NA,NA,NA,NA,NA,NA,NA,NA,NA,NA,NA,NA,NA,NA
7,2025-26 Preseason,2025-26 Preseason,0,0,1,2025-06-18,2,,22,0,1,0,0,-1,0,0,0,1,0,0,0.0,0.0,0,0.00,0,0,0,0,0,0,0.0,0,Minnesota Frost,MIN,Minnesota,Frost,2,1,0,0,0,0,0,0,PWHL,1059,17:39,1,exhibition,90,NA,NA,NA,NA,NA,NA,NA,NA,NA,NA,NA,NA,NA,NA,NA,NA,NA,NA,NA,NA,NA
4,2024-25 Preseason,2024-25 Preseason,0,0,1,2024-11-01,2,,22,0,1,0,0,-1,0,0,0,1,0,0,0.0,0.0,0,0.00,0,0,0,0,0,0,0.0,2,Minnesota Frost,MIN,Minnesota,Frost,2,1,0,0,0,0,0,0,PWHL,1306,21:46,2,exhibition,90,NA,NA,NA,NA,NA,NA,NA,NA,NA,NA,NA,NA,NA,NA,NA,NA,NA,NA,NA,NA,NA
2,2024 Preseason,2024 Preseason,0,0,1,2023-11-30,2,,22,0,3,1,1,1,0,0,0,5,0,0,0.0,0.0,0,0.33,0,0,0,0,0,0,0.0,0,PWHL Minnesota,MIN,Minnesota,PWHL Minnesota,2,1,0,0,0,0,0,0,PWHL,0,0:00,0,exhibition,90,NA,NA,NA,NA,NA,NA,NA,NA,NA,NA,NA,NA,NA,NA,NA,NA,NA,NA,NA,NA,NA
13,Total,Total,0,0,NA,6072,6,NA,66,0,5,1,1,-1,0,0,0,7,0,0,0.0,0.0,0,0.20,0,0,0,0,0,0,0.0,2,NA,NA,NA,NA,NA,NA,0,0,0,0,0,0.00,NA,2365,39:25,3,exhibition,90,NA,NA,NA,NA,NA,NA,NA,NA,NA,NA,NA,NA,NA,NA,NA,NA,NA,NA,NA,NA,NA
8,2025-26 Regular Season,2025-26 Reg,0,1,1,2025-11-28,2,,17,0,23,1,1,-6,8,0,0,12,0,0,0.0,0.0,0,0.04,0,0,0,0,2,7,28.6,4,Seattle Torrent,SEA,Seattle,Torrent,8,1,0,0,0,0,0,0.347826,PWHL,10974,182:54,7,regular,91,NA,NA,NA,NA,NA,NA,NA,NA,NA,NA,NA,NA,NA,NA,NA,NA,NA,NA,NA,NA,NA
5,2024-25 Regular Season,2024-25 Reg,0,1,1,2024-11-25,2,,17,1,26,3,4,-1,6,0,0,12,0,0,0.0,8.3,0,0.15,0,0,0,0,2,4,50.0,9,Minnesota Frost,MIN,Minnesota,Frost,2,1,0,0,0,0,0,0.230769,PWHL,9881,164:41,2,regular,91,NA,NA,NA,NA,NA,NA,NA,NA,NA,NA,NA,NA,NA,NA,NA,NA,NA,NA,NA,NA,NA
1,2024 Regular Season,2024 Reg,0,1,1,2023-11-30,2,,17,1,22,0,1,1,6,0,0,9,0,0,0.0,11.1,0,0.05,0,0,0,0,3,6,50.0,2,PWHL Minnesota,MIN,Minnesota,Minnesota,2,1,0,0,0,0,0,0.272727,PWHL,9477,157:57,5,regular,91,NA,NA,NA,NA,NA,NA,NA,NA,NA,NA,NA,NA,NA,NA,NA,NA,NA,NA,NA,NA,NA
14,Total,Total,0,3,NA,6072,6,NA,51,2,71,4,6,-6,20,0,0,33,0,0,0.0,6.1,0,0.08,0,0,0,0,7,17,41.2,15,NA,NA,NA,NA,NA,NA,0,0,0,0,0,0.28,NA,30332,505:32,14,regular,91,NA,NA,NA,NA,NA,NA,NA,NA,NA,NA,NA,NA,NA,NA,NA,NA,NA,NA,NA,NA,NA
6,2025 Playoffs,2025 Playoffs,1,1,1,2025-05-06,2,,17,0,3,0,0,0,0,0,0,0,0,0,0.0,0.0,0,0.00,0,0,0,0,0,1,0.0,0,Minnesota Frost,MIN,Minnesota,Frost,2,1,0,0,0,0,0,0,PWHL,106,1:46,0,playoff,91,NA,NA,NA,NA,NA,NA,NA,NA,NA,NA,NA,NA,NA,NA,NA,NA,NA,NA,NA,NA,NA
3,2024 Playoffs,2024 Playoffs,1,1,1,2024-05-06,2,,17,0,6,0,0,0,0,0,0,1,0,0,0.0,0.0,0,0.00,0,0,0,0,0,0,0.0,2,PWHL Minnesota,MIN,Minnesota,Minnesota,2,1,0,0,0,0,0,0,PWHL,892,14:52,0,playoff,91,NA,NA,NA,NA,NA,NA,NA,NA,NA,NA,NA,NA,NA,NA,NA,NA,NA,NA,NA,NA,NA
9,Total,Total,1,2,NA,4049,4,NA,34,0,9,0,0,0,0,0,0,1,0,0,0.0,0.0,0,0.00,0,0,0,0,0,1,0.0,2,NA,NA,NA,NA,NA,NA,0,0,0,0,0,0.00,NA,998,16:38,0,playoff,91,NA,NA,NA,NA,NA,NA,NA,NA,NA,NA,NA,NA,NA,NA,NA,NA,NA,NA,NA,NA,NA
7,2025-26 Preseason,2025-26 Preseason,0,0,1,2025-06-01,2,,17,0,2,1,1,0,0,0,0,0,0,0,0.0,0.0,0,0.50,0,0,0,0,0,0,0.0,1,Seattle Torrent,SEA,Seattle,Torrent,8,1,0,0,0,0,0,0,PWHL,1480,24:40,0,exhibition,91,NA,NA,NA,NA,NA,NA,NA,NA,NA,NA,NA,NA,NA,NA,NA,NA,NA,NA,NA,NA,NA
4,2024-25 Preseason,2024-25 Preseason,0,0,1,2024-11-01,2,,17,0,2,1,1,2,0,0,0,2,0,0,0.0,0.0,0,0.50,0,0,0,0,0,2,0.0,2,Minnesota Frost,MIN,Minnesota,Frost,2,1,0,0,0,0,0,0,PWHL,1625,27:05,0,exhibition,91,NA,NA,NA,NA,NA,NA,NA,NA,NA,NA,NA,NA,NA,NA,NA,NA,NA,NA,NA,NA,NA
2,2024 Preseason,2024 Preseason,0,0,1,2023-11-30,2,,17,0,2,0,0,0,0,0,0,2,0,0,0.0,0.0,0,0.00,0,0,0,0,0,0,0.0,0,PWHL Minnesota,MIN,Minnesota,PWHL Minnesota,2,1,0,0,0,0,0,0,PWHL,0,0:00,0,exhibition,91,NA,NA,NA,NA,NA,NA,NA,NA,NA,NA,NA,NA,NA,NA,NA,NA,NA,NA,NA,NA,NA
13,Total,Total,0,0,NA,6072,6,NA,51,0,6,2,2,2,0,0,0,4,0,0,0.0,0.0,0,0.33,0,0,0,0,0,2,0.0,3,NA,NA,NA,NA,NA,NA,0,0,0,0,0,0.00,NA,3105,51:45,0,exhibition,91,NA,NA,NA,NA,NA,NA,NA,NA,NA,NA,NA,NA,NA,NA,NA,NA,NA,NA,NA,NA,NA
1,2024 Regular Season,2024 Reg,0,1,1,2023-11-01,2,,10,0,7,1,1,-3,2,0,0,1,0,0,0.0,0.0,0,0.14,0,0,0,0,3,7,42.9,0,PWHL Minnesota,MIN,Minnesota,Minnesota,2,1,0,0,0,0,0,0.285714,PWHL,2947,49:07,0,regular,92,NA,NA,NA,NA,NA,NA,NA,NA,NA,NA,NA,NA,NA,NA,NA,NA,NA,NA,NA,NA,NA
1,Total,Total,0,1,NA,2023,2,NA,10,0,7,1,1,-3,2,0,0,1,0,0,0.0,0.0,0,0.14,0,0,0,0,3,7,42.9,0,NA,NA,NA,NA,NA,NA,0,0,0,0,0,0.29,NA,2947,49:07,0,regular,92,NA,NA,NA,NA,NA,NA,NA,NA,NA,NA,NA,NA,NA,NA,NA,NA,NA,NA,NA,NA,NA
3,2024 Playoffs,2024 Playoffs,1,1,1,2024-05-06,2,,10,1,10,1,2,1,0,0,0,7,0,0,0.0,14.3,0,0.20,0,0,1,0,1,2,50.0,2,PWHL Minnesota,MIN,Minnesota,Minnesota,2,1,0,0,0,0,0,0,PWHL,3599,59:59,0,playoff,92,NA,NA,NA,NA,NA,NA,NA,NA,NA,NA,NA,NA,NA,NA,NA,NA,NA,NA,NA,NA,NA
3,Total,Total,1,1,NA,2024,2,NA,10,1,10,1,2,1,0,0,0,7,0,0,0.0,14.3,0,0.20,0,0,1,0,1,2,50.0,2,NA,NA,NA,NA,NA,NA,0,0,0,0,0,0.00,NA,3599,59:59,0,playoff,92,NA,NA,NA,NA,NA,NA,NA,NA,NA,NA,NA,NA,NA,NA,NA,NA,NA,NA,NA,NA,NA
4,2024-25 Preseason,2024-25 Preseason,0,0,1,2024-11-01,2,,10,0,2,1,1,-1,0,0,0,0,0,0,0.0,0.0,0,0.50,0,0,0,0,0,0,0.0,2,Minnesota Frost,MIN,Minnesota,Frost,2,1,0,0,0,0,0,0,PWHL,1572,26:12,0,exhibition,92,NA,NA,NA,NA,NA,NA,NA,NA,NA,NA,NA,NA,NA,NA,NA,NA,NA,NA,NA,NA,NA
2,2024 Preseason,2024 Preseason,0,0,1,2023-11-30,1,*,10,1,1,0,1,1,0,0,0,1,0,0,0.0,100.0,0,1.00,0,0,1,0,0,0,0.0,0,PWHL Minnesota,MIN,Minnesota,PWHL Minnesota,2,1,0,0,0,1,0,0,PWHL,0,0:00,0,exhibition,92,NA,NA,NA,NA,NA,NA,NA,NA,NA,NA,NA,NA,NA,NA,NA,NA,NA,NA,NA,NA,NA
6,Total,Total,0,0,NA,4047,3,NA,20,1,3,1,2,0,0,0,0,1,0,0,0.0,100.0,0,0.67,0,0,1,0,0,0,0.0,2,NA,NA,NA,NA,NA,NA,0,0,0,1,0,0.00,NA,1572,26:12,0,exhibition,92,NA,NA,NA,NA,NA,NA,NA,NA,NA,NA,NA,NA,NA,NA,NA,NA,NA,NA,NA,NA,NA
1,2024 Regular Season,2024 Reg,0,1,1,2023-11-01,2,,77,1,10,2,3,1,2,0,0,5,0,0,0.0,20.0,0,0.30,0,0,0,0,0,0,0.0,5,PWHL Boston,BOS,Boston,Boston,1,1,1,0,0,0,0,0.200000,PWHL,4645,77:25,1,regular,14,NA,NA,NA,NA,NA,NA,NA,NA,NA,NA,NA,NA,NA,NA,NA,NA,NA,NA,NA,NA,NA
1,Total,Total,0,1,NA,2023,2,NA,77,1,10,2,3,1,2,0,0,5,0,0,0.0,20.0,0,0.30,0,0,0,0,0,0,0.0,5,NA,NA,NA,NA,NA,NA,1,0,0,0,0,0.20,NA,4645,77:25,1,regular,14,NA,NA,NA,NA,NA,NA,NA,NA,NA,NA,NA,NA,NA,NA,NA,NA,NA,NA,NA,NA,NA
3,2024 Playoffs,2024 Playoffs,1,1,1,2024-05-06,2,,77,0,2,0,0,0,0,0,0,1,0,0,0.0,0.0,0,0.00,0,0,0,0,0,0,0.0,1,PWHL Boston,BOS,Boston,Boston,1,1,0,0,0,0,0,0,PWHL,732,12:12,1,playoff,14,NA,NA,NA,NA,NA,NA,NA,NA,NA,NA,NA,NA,NA,NA,NA,NA,NA,NA,NA,NA,NA
3,Total,Total,1,1,NA,2024,2,NA,77,0,2,0,0,0,0,0,0,1,0,0,0.0,0.0,0,0.00,0,0,0,0,0,0,0.0,1,NA,NA,NA,NA,NA,NA,0,0,0,0,0,0.00,NA,732,12:12,1,playoff,14,NA,NA,NA,NA,NA,NA,NA,NA,NA,NA,NA,NA,NA,NA,NA,NA,NA,NA,NA,NA,NA
2,2024 Preseason,2024 Preseason,0,0,1,2023-11-01,2,,77,0,2,0,0,-3,2,0,0,0,0,0,0.0,0.0,0,0.00,0,0,0,0,0,0,0.0,0,PWHL Boston,BOS,Boston,PWHL Boston,1,1,0,0,0,0,0,1.000000,PWHL,0,0:00,0,exhibition,14,NA,NA,NA,NA,NA,NA,NA,NA,NA,NA,NA,NA,NA,NA,NA,NA,NA,NA,NA,NA,NA
2,Total,Total,0,0,NA,2023,2,NA,77,0,2,0,0,-3,2,0,0,0,0,0,0.0,0.0,0,0.00,0,0,0,0,0,0,0.0,0,NA,NA,NA,NA,NA,NA,0,0,0,0,0,1.00,NA,0,0:00,0,exhibition,14,NA,NA,NA,NA,NA,NA,NA,NA,NA,NA,NA,NA,NA,NA,NA,NA,NA,NA,NA,NA,NA
8,2025-26 Regular Season,2025-26 Reg,0,1,1,2025-11-21,1,*,20,0,30,3,3,0,12,0,0,28,10,4,40.0,0.0,2,0.10,0,0,0,0,149,294,50.7,13,Boston Fleet,BOS,Boston,Fleet,1,1,0,0,0,0,0,0.400000,PWHL,21121,352:01,10,regular,1,NA,NA,NA,NA,NA,NA,NA,NA,NA,NA,NA,NA,NA,NA,NA,NA,NA,NA,NA,NA,NA
5,2024-25 Regular Season,2024-25 Reg,0,1,1,2024-11-25,2,,20,3,30,8,11,5,14,0,0,30,2,1,50.0,10.0,0,0.37,1,0,1,0,216,427,50.6,19,Boston Fleet,BOS,Boston,Fleet,1,1,0,1,0,0,0,0.466667,PWHL,28055,467:35,14,regular,1,NA,NA,NA,NA,NA,NA,NA,NA,NA,NA,NA,NA,NA,NA,NA,NA,NA,NA,NA,NA,NA
1,2024 Regular Season,2024 Reg,0,1,1,2024-01-01,2,,20,5,24,5,10,-4,4,0,0,39,3,2,66.7,12.8,0,0.42,1,0,2,0,234,436,53.7,23,PWHL Boston,BOS,Boston,Boston,1,1,1,0,1,0,0,0.166667,PWHL,25551,425:51,12,regular,1,NA,NA,NA,NA,NA,NA,NA,NA,NA,NA,NA,NA,NA,NA,NA,NA,NA,NA,NA,NA,NA
14,Total,Total,0,3,NA,6073,5,NA,60,8,84,16,24,1,30,0,0,97,15,7,46.7,8.2,2,0.29,2,0,3,0,599,1157,51.8,55,NA,NA,NA,NA,NA,NA,1,1,1,0,0,0.36,NA,74727,1245:27,36,regular,1,NA,NA,NA,NA,NA,NA,NA,NA,NA,NA,NA,NA,NA,NA,NA,NA,NA,NA,NA,NA,NA
9,2026 Playoffs,2026 Playoffs,1,1,1,2026-04-28,1,*,20,0,4,0,0,-2,0,0,0,1,0,0,0.0,0.0,0,0.00,0,0,0,0,28,43,65.1,0,Boston Fleet,BOS,Boston,Fleet,1,1,0,0,0,0,0,0,PWHL,3174,52:54,1,playoff,1,NA,NA,NA,NA,NA,NA,NA,NA,NA,NA,NA,NA,NA,NA,NA,NA,NA,NA,NA,NA,NA
3,2024 Playoffs,2024 Playoffs,1,1,1,2024-05-06,2,,20,1,8,1,2,-1,4,0,0,10,0,0,0.0,10.0,0,0.25,0,1,0,0,36,74,48.6,9,PWHL Boston,BOS,Boston,Boston,1,1,0,0,0,0,0,0.500000,PWHL,10979,182:59,10,playoff,1,NA,NA,NA,NA,NA,NA,NA,NA,NA,NA,NA,NA,NA,NA,NA,NA,NA,NA,NA,NA,NA
12,Total,Total,1,2,NA,4050,3,NA,40,1,12,1,2,-3,4,0,0,11,0,0,0.0,9.1,0,0.17,0,1,0,0,64,117,54.7,9,NA,NA,NA,NA,NA,NA,0,0,0,0,0,0.33,NA,14153,235:53,11,playoff,1,NA,NA,NA,NA,NA,NA,NA,NA,NA,NA,NA,NA,NA,NA,NA,NA,NA,NA,NA,NA,NA
7,2025-26 Preseason,2025-26 Preseason,0,0,1,2025-06-12,1,*,20,1,1,0,1,1,2,0,0,2,0,0,0.0,50.0,0,1.00,0,0,0,0,10,13,76.9,0,Boston Fleet,BOS,Boston,Fleet,1,1,1,0,0,0,0,2.000000,PWHL,773,12:53,1,exhibition,1,NA,NA,NA,NA,NA,NA,NA,NA,NA,NA,NA,NA,NA,NA,NA,NA,NA,NA,NA,NA,NA
4,2024-25 Preseason,2024-25 Preseason,0,0,1,2024-11-01,2,,20,0,2,0,0,0,2,0,0,3,0,0,0.0,0.0,0,0.00,0,0,0,0,16,21,76.2,0,Boston Fleet,BOS,Boston,Fleet,1,1,0,0,0,0,0,1.000000,PWHL,1776,29:36,2,exhibition,1,NA,NA,NA,NA,NA,NA,NA,NA,NA,NA,NA,NA,NA,NA,NA,NA,NA,NA,NA,NA,NA
2,2024 Preseason,2024 Preseason,0,0,1,2023-11-01,2,,20,1,2,0,1,1,0,0,0,3,1,0,0.0,33.3,0,0.50,0,0,1,0,0,0,0.0,0,PWHL Boston,BOS,Boston,PWHL Boston,1,1,0,0,0,0,0,0,PWHL,0,0:00,0,exhibition,1,NA,NA,NA,NA,NA,NA,NA,NA,NA,NA,NA,NA,NA,NA,NA,NA,NA,NA,NA,NA,NA
13,Total,Total,0,0,NA,6072,5,NA,60,2,5,0,2,2,4,0,0,8,1,0,0.0,25.0,0,0.40,0,0,1,0,26,34,76.5,0,NA,NA,NA,NA,NA,NA,1,0,0,0,0,0.80,NA,2549,42:29,3,exhibition,1,NA,NA,NA,NA,NA,NA,NA,NA,NA,NA,NA,NA,NA,NA,NA,NA,NA,NA,NA,NA,NA
8,2025-26 Regular Season,2025-26 Reg,0,1,1,2025-11-21,2,,55,0,8,1,1,-3,0,0,0,3,0,0,0.0,0.0,0,0.13,0,0,0,0,0,0,0.0,5,Ottawa Charge,OTT,Ottawa,Charge,5,0,0,0,0,0,0,0,PWHL,5558,92:38,6,regular,108,NA,NA,NA,NA,NA,NA,NA,NA,NA,NA,NA,NA,NA,NA,NA,NA,NA,NA,NA,NA,NA
5,2024-25 Regular Season,2024-25 Reg,0,1,1,2024-11-25,2,,5,0,4,0,0,-1,2,0,0,4,0,0,0.0,0.0,0,0.00,0,0,0,0,0,0,0.0,3,Ottawa Charge,OTT,Ottawa,Charge,5,1,0,0,0,0,0,0.500000,PWHL,1427,23:47,1,regular,108,NA,NA,NA,NA,NA,NA,NA,NA,NA,NA,NA,NA,NA,NA,NA,NA,NA,NA,NA,NA,NA
1,2024 Regular Season,2024 Reg,0,1,1,2023-12-12,2,,55,0,3,0,0,0,0,0,0,0,0,0,0.0,0.0,0,0.00,0,0,0,0,0,0,0.0,0,PWHL Boston,BOS,Boston,Boston,1,0,0,0,0,0,0,0,PWHL,952,15:52,0,regular,108,NA,NA,NA,NA,NA,NA,NA,NA,NA,NA,NA,NA,NA,NA,NA,NA,NA,NA,NA,NA,NA
1,2024 Regular Season,2024 Reg,0,1,1,2024-03-16,2,,5,0,7,0,0,1,0,0,0,1,0,0,0.0,0.0,0,0.00,0,0,0,0,0,0,0.0,4,PWHL Ottawa,OTT,Ottawa,Ottawa,5,1,0,0,0,0,0,0,PWHL,2583,43:03,3,regular,108,NA,NA,NA,NA,NA,NA,NA,NA,NA,NA,NA,NA,NA,NA,NA,NA,NA,NA,NA,NA,NA
15,Total,Total,0,4,NA,8096,8,NA,120,0,22,1,1,-3,2,0,0,8,0,0,0.0,0.0,0,0.05,0,0,0,0,0,0,0.0,12,NA,NA,NA,NA,NA,NA,0,0,0,0,0,0.09,NA,10520,175:20,10,regular,108,NA,NA,NA,NA,NA,NA,NA,NA,NA,NA,NA,NA,NA,NA,NA,NA,NA,NA,NA,NA,NA
6,2025 Playoffs,2025 Playoffs,1,1,1,2025-05-06,2,,5,0,4,0,0,0,0,0,0,0,0,0,0.0,0.0,0,0.00,0,0,0,0,0,0,0.0,0,Ottawa Charge,OTT,Ottawa,Charge,5,1,0,0,0,0,0,0,PWHL,0,0:00,0,playoff,108,NA,NA,NA,NA,NA,NA,NA,NA,NA,NA,NA,NA,NA,NA,NA,NA,NA,NA,NA,NA,NA
6,Total,Total,1,1,NA,2025,2,NA,5,0,4,0,0,0,0,0,0,0,0,0,0.0,0.0,0,0.00,0,0,0,0,0,0,0.0,0,NA,NA,NA,NA,NA,NA,0,0,0,0,0,0.00,NA,0,0:00,0,playoff,108,NA,NA,NA,NA,NA,NA,NA,NA,NA,NA,NA,NA,NA,NA,NA,NA,NA,NA,NA,NA,NA
7,2025-26 Preseason,2025-26 Preseason,0,0,1,2025-07-10,2,,55,0,2,0,0,0,0,0,0,0,0,0,0.0,0.0,0,0.00,0,0,0,0,0,0,0.0,4,Ottawa Charge,OTT,Ottawa,Charge,5,1,0,0,0,0,0,0,PWHL,1448,24:08,1,exhibition,108,NA,NA,NA,NA,NA,NA,NA,NA,NA,NA,NA,NA,NA,NA,NA,NA,NA,NA,NA,NA,NA
4,2024-25 Preseason,2024-25 Preseason,0,0,1,2024-10-17,2,,5,0,1,0,0,1,0,0,0,3,0,0,0.0,0.0,0,0.00,0,0,0,0,0,0,0.0,0,Ottawa Charge,OTT,Ottawa,Charge,5,1,0,0,0,0,0,0,PWHL,760,12:40,0,exhibition,108,NA,NA,NA,NA,NA,NA,NA,NA,NA,NA,NA,NA,NA,NA,NA,NA,NA,NA,NA,NA,NA
2,2024 Preseason,2024 Preseason,0,0,1,2023-12-04,2,,55,0,2,0,0,0,2,0,0,3,0,0,0.0,0.0,0,0.00,0,0,0,0,0,0,0.0,0,PWHL Boston,BOS,Boston,PWHL Boston,1,1,0,0,0,0,0,1.000000,PWHL,0,0:00,0,exhibition,108,NA,NA,NA,NA,NA,NA,NA,NA,NA,NA,NA,NA,NA,NA,NA,NA,NA,NA,NA,NA,NA
13,Total,Total,0,0,NA,6072,6,NA,115,0,5,0,0,1,2,0,0,6,0,0,0.0,0.0,0,0.00,0,0,0,0,0,0,0.0,4,NA,NA,NA,NA,NA,NA,0,0,0,0,0,0.40,NA,2208,36:48,1,exhibition,108,NA,NA,NA,NA,NA,NA,NA,NA,NA,NA,NA,NA,NA,NA,NA,NA,NA,NA,NA,NA,NA
8,2025-26 Regular Season,2025-26 Reg,0,1,1,2025-11-21,1,*,5,7,30,15,22,10,8,4,3,68,0,0,0.0,10.3,0,0.73,1,0,3,0,0,0,0.0,50,Boston Fleet,BOS,Boston,Fleet,1,1,1,2,0,0,0,0.266667,PWHL,47972,799:32,23,regular,12,NA,NA,NA,NA,NA,NA,NA,NA,NA,NA,NA,NA,NA,NA,NA,NA,NA,NA,NA,NA,NA
5,2024-25 Regular Season,2024-25 Reg,0,1,1,2024-11-25,2,,5,5,30,8,13,-5,18,0,4,50,0,0,0.0,10.0,0,0.43,0,0,1,0,0,0,0.0,49,Boston Fleet,BOS,Boston,Fleet,1,1,0,2,0,1,1,0.600000,PWHL,42787,713:07,43,regular,12,NA,NA,NA,NA,NA,NA,NA,NA,NA,NA,NA,NA,NA,NA,NA,NA,NA,NA,NA,NA,NA
1,2024 Regular Season,2024 Reg,0,1,1,2023-11-01,2,,5,4,24,11,15,9,12,1,2,53,0,0,0.0,7.5,0,0.63,0,1,0,0,0,0,0.0,43,PWHL Boston,BOS,Boston,Boston,1,1,0,0,0,1,0,0.500000,PWHL,36599,609:59,22,regular,12,NA,NA,NA,NA,NA,NA,NA,NA,NA,NA,NA,NA,NA,NA,NA,NA,NA,NA,NA,NA,NA
14,Total,Total,0,3,NA,6072,5,NA,15,16,84,34,50,14,38,5,9,171,0,0,0.0,9.4,0,0.60,1,1,4,0,0,0,0.0,142,NA,NA,NA,NA,NA,NA,1,4,0,2,1,0.45,NA,127358,2122:38,88,regular,12,NA,NA,NA,NA,NA,NA,NA,NA,NA,NA,NA,NA,NA,NA,NA,NA,NA,NA,NA,NA,NA
9,2026 Playoffs,2026 Playoffs,1,1,1,2026-04-28,1,*,5,2,4,0,2,0,2,1,0,10,0,0,0.0,20.0,0,0.50,0,0,0,0,0,0,0.0,7,Boston Fleet,BOS,Boston,Fleet,1,1,0,0,0,0,0,0.500000,PWHL,8042,134:02,0,playoff,12,NA,NA,NA,NA,NA,NA,NA,NA,NA,NA,NA,NA,NA,NA,NA,NA,NA,NA,NA,NA,NA
3,2024 Playoffs,2024 Playoffs,1,1,1,2024-05-06,2,,5,0,8,4,4,2,10,0,0,12,0,0,0.0,0.0,0,0.50,0,1,0,0,0,0,0.0,21,PWHL Boston,BOS,Boston,Boston,1,1,0,0,0,0,0,1.250000,PWHL,14695,244:55,11,playoff,12,NA,NA,NA,NA,NA,NA,NA,NA,NA,NA,NA,NA,NA,NA,NA,NA,NA,NA,NA,NA,NA
12,Total,Total,1,2,NA,4050,3,NA,10,2,12,4,6,2,12,1,0,22,0,0,0.0,9.1,0,0.50,0,1,0,0,0,0,0.0,28,NA,NA,NA,NA,NA,NA,0,0,0,0,0,1.00,NA,22737,378:57,11,playoff,12,NA,NA,NA,NA,NA,NA,NA,NA,NA,NA,NA,NA,NA,NA,NA,NA,NA,NA,NA,NA,NA
7,2025-26 Preseason,2025-26 Preseason,0,0,1,2025-06-01,1,*,5,0,1,0,0,1,2,0,0,5,0,0,0.0,0.0,0,0.00,0,0,0,0,0,0,0.0,3,Boston Fleet,BOS,Boston,Fleet,1,1,0,0,0,0,0,2.000000,PWHL,1332,22:12,3,exhibition,12,NA,NA,NA,NA,NA,NA,NA,NA,NA,NA,NA,NA,NA,NA,NA,NA,NA,NA,NA,NA,NA
4,2024-25 Preseason,2024-25 Preseason,0,0,1,2024-11-01,2,,5,0,1,0,0,-1,2,0,0,2,0,0,0.0,0.0,0,0.00,0,0,0,0,0,0,0.0,0,Boston Fleet,BOS,Boston,Fleet,1,1,0,0,0,0,0,2.000000,PWHL,1302,21:42,1,exhibition,12,NA,NA,NA,NA,NA,NA,NA,NA,NA,NA,NA,NA,NA,NA,NA,NA,NA,NA,NA,NA,NA
2,2024 Preseason,2024 Preseason,0,0,1,2023-11-01,2,,5,1,2,0,1,-1,0,1,0,3,0,0,0.0,33.3,0,0.50,0,0,0,0,0,0,0.0,0,PWHL Boston,BOS,Boston,PWHL Boston,1,1,0,0,0,0,0,0,PWHL,0,0:00,0,exhibition,12,NA,NA,NA,NA,NA,NA,NA,NA,NA,NA,NA,NA,NA,NA,NA,NA,NA,NA,NA,NA,NA
13,Total,Total,0,0,NA,6072,5,NA,15,1,4,0,1,-1,4,1,0,10,0,0,0.0,10.0,0,0.25,0,0,0,0,0,0,0.0,3,NA,NA,NA,NA,NA,NA,0,0,0,0,0,1.00,NA,2634,43:54,4,exhibition,12,NA,NA,NA,NA,NA,NA,NA,NA,NA,NA,NA,NA,NA,NA,NA,NA,NA,NA,NA,NA,NA
8,2025-26 Regular Season,2025-26 Reg,0,1,1,2025-11-20,1,*,21,5,22,9,14,0,8,3,2,67,4,1,25.0,7.5,0,0.64,0,0,1,0,5,9,55.6,14,Seattle Torrent,SEA,Seattle,Torrent,8,1,2,0,0,0,0,0.363636,PWHL,27639,460:39,11,regular,13,NA,NA,NA,NA,NA,NA,NA,NA,NA,NA,NA,NA,NA,NA,NA,NA,NA,NA,NA,NA,NA
5,2024-25 Regular Season,2024-25 Reg,0,1,1,2024-11-25,2,,21,15,30,14,29,0,12,4,4,111,6,2,33.3,13.5,0,0.97,0,0,4,0,18,30,60.0,15,Boston Fleet,BOS,Boston,Fleet,1,1,3,0,0,0,2,0.400000,PWHL,39986,666:26,22,regular,13,NA,NA,NA,NA,NA,NA,NA,NA,NA,NA,NA,NA,NA,NA,NA,NA,NA,NA,NA,NA,NA
1,2024 Regular Season,2024 Reg,0,1,1,2023-11-01,2,,21,6,24,5,11,8,6,0,0,84,3,1,33.3,7.1,1,0.46,0,0,1,0,7,18,38.9,18,PWHL Boston,BOS,Boston,Boston,1,1,3,1,1,1,0,0.250000,PWHL,31281,521:21,11,regular,13,NA,NA,NA,NA,NA,NA,NA,NA,NA,NA,NA,NA,NA,NA,NA,NA,NA,NA,NA,NA,NA
14,Total,Total,0,3,NA,6072,5,NA,63,26,76,28,54,8,26,7,6,262,13,4,30.8,9.9,1,0.71,0,0,6,0,30,57,52.6,47,NA,NA,NA,NA,NA,NA,8,1,1,1,2,0.34,NA,98906,1648:26,44,regular,13,NA,NA,NA,NA,NA,NA,NA,NA,NA,NA,NA,NA,NA,NA,NA,NA,NA,NA,NA,NA,NA
3,2024 Playoffs,2024 Playoffs,1,1,1,2024-05-06,2,,21,0,8,0,0,-6,2,0,0,31,0,0,0.0,0.0,0,0.00,0,0,0,0,66,126,52.4,7,PWHL Boston,BOS,Boston,Boston,1,1,0,0,0,0,0,0.250000,PWHL,14379,239:39,14,playoff,13,NA,NA,NA,NA,NA,NA,NA,NA,NA,NA,NA,NA,NA,NA,NA,NA,NA,NA,NA,NA,NA
3,Total,Total,1,1,NA,2024,2,NA,21,0,8,0,0,-6,2,0,0,31,0,0,0.0,0.0,0,0.00,0,0,0,0,66,126,52.4,7,NA,NA,NA,NA,NA,NA,0,0,0,0,0,0.25,NA,14379,239:39,14,playoff,13,NA,NA,NA,NA,NA,NA,NA,NA,NA,NA,NA,NA,NA,NA,NA,NA,NA,NA,NA,NA,NA
7,2025-26 Preseason,2025-26 Preseason,0,0,1,2025-06-13,2,,21,0,1,0,0,-1,0,0,0,2,0,0,0.0,0.0,0,0.00,0,0,0,0,0,0,0.0,1,Seattle Torrent,SEA,Seattle,Torrent,8,1,0,0,0,0,0,0,PWHL,1075,17:55,1,exhibition,13,NA,NA,NA,NA,NA,NA,NA,NA,NA,NA,NA,NA,NA,NA,NA,NA,NA,NA,NA,NA,NA
4,2024-25 Preseason,2024-25 Preseason,0,0,1,2024-11-01,2,,21,2,1,0,2,2,0,0,0,3,0,0,0.0,66.7,0,2.00,0,0,1,0,0,2,0.0,1,Boston Fleet,BOS,Boston,Fleet,1,1,1,0,0,0,0,0,PWHL,1233,20:33,1,exhibition,13,NA,NA,NA,NA,NA,NA,NA,NA,NA,NA,NA,NA,NA,NA,NA,NA,NA,NA,NA,NA,NA
2,2024 Preseason,2024 Preseason,0,0,1,2023-11-01,2,,21,0,2,1,1,1,4,0,0,13,1,1,100.0,0.0,0,0.50,0,0,0,0,0,0,0.0,0,PWHL Boston,BOS,Boston,PWHL Boston,1,1,0,0,0,0,0,2.000000,PWHL,0,0:00,0,exhibition,13,NA,NA,NA,NA,NA,NA,NA,NA,NA,NA,NA,NA,NA,NA,NA,NA,NA,NA,NA,NA,NA
13,Total,Total,0,0,NA,6072,6,NA,63,2,4,1,3,2,4,0,0,18,1,1,100.0,11.1,0,0.75,0,0,1,0,0,2,0.0,2,NA,NA,NA,NA,NA,NA,1,0,0,0,0,1.00,NA,2308,38:28,2,exhibition,13,NA,NA,NA,NA,NA,NA,NA,NA,NA,NA,NA,NA,NA,NA,NA,NA,NA,NA,NA,NA,NA
8,2025-26 Regular Season,2025-26 Reg,0,1,NA,2025-11-21,2,,NA,0,2,0,0,NA,0,NA,NA,NA,NA,NA,NA,NA,NA,NA,NA,NA,NA,NA,NA,NA,NA,NA,Seattle Torrent,SEA,Seattle,Torrent,8,NA,NA,NA,NA,NA,NA,NA,PWHL,NA,NA,NA,regular,134,6,0,0,4.01,90,5384,51,0,0,0,1,1,0,1,0.000,0,0,45,0.882,30.0,4.01
5,2024-25 Regular Season,2024-25 Reg,0,1,NA,2024-11-25,2,,NA,0,1,0,0,NA,0,NA,NA,NA,NA,NA,NA,NA,NA,NA,NA,NA,NA,NA,NA,NA,NA,NA,Toronto Sceptres,TOR,Toronto,Sceptres,6,NA,NA,NA,NA,NA,NA,NA,PWHL,NA,NA,NA,regular,134,1,0,4,0.93,65,3877,26,1,0,0,0,0,0,0,1.000,4,0,25,0.962,23.0,0.93
13,Total,Total,0,2,NA,4049,4,NA,NA,0,3,0,0,NA,0,NA,NA,NA,NA,NA,NA,NA,NA,NA,NA,NA,NA,NA,NA,NA,NA,NA,NA,NA,NA,NA,NA,NA,NA,NA,NA,NA,NA,NA,NA,NA,NA,NA,regular,134,7,0,4,2.72,155,9261,77,1,0,0,1,1,0,1,1.000,4,0,70,0.909,27.2,2.72
6,2025 Playoffs,2025 Playoffs,1,1,NA,2025-05-06,2,,NA,0,1,0,0,NA,0,NA,NA,NA,NA,NA,NA,NA,NA,NA,NA,NA,NA,NA,NA,NA,NA,NA,Toronto Sceptres,TOR,Toronto,Sceptres,6,NA,NA,NA,NA,NA,NA,NA,PWHL,NA,NA,NA,playoff,134,4,0,0,3.16,76,4560,26,0,0,0,1,1,0,1,0.000,0,0,22,0.846,17.0,3.16
6,Total,Total,1,1,NA,2025,2,NA,NA,0,1,0,0,NA,0,NA,NA,NA,NA,NA,NA,NA,NA,NA,NA,NA,NA,NA,NA,NA,NA,NA,NA,NA,NA,NA,NA,NA,NA,NA,NA,NA,NA,NA,NA,NA,NA,NA,playoff,134,4,0,0,3.16,76,4560,26,0,0,0,1,1,0,1,0.000,0,0,22,0.846,17.4,3.16
7,2025-26 Preseason,2025-26 Preseason,0,0,NA,2025-07-10,2,,NA,0,2,0,0,NA,0,NA,NA,NA,NA,NA,NA,NA,NA,NA,NA,NA,NA,NA,NA,NA,NA,NA,Seattle Torrent,SEA,Seattle,Torrent,8,NA,NA,NA,NA,NA,NA,NA,PWHL,NA,NA,NA,exhibition,134,2,0,0,2.00,60,3600,24,0,0,0,0,0,0,0,0.000,0,0,22,0.917,22.0,2.00
4,2024-25 Preseason,2024-25 Preseason,0,0,NA,2024-10-17,2,,NA,0,1,0,0,NA,0,NA,NA,NA,NA,NA,NA,NA,NA,NA,NA,NA,NA,NA,NA,NA,NA,NA,Toronto Sceptres,TOR,Toronto,Sceptres,6,NA,NA,NA,NA,NA,NA,NA,PWHL,NA,NA,NA,exhibition,134,0,0,0,0.00,18,1079,8,0,0,0,0,0,0,0,0.000,0,0,8,1.000,26.0,0.00
11,Total,Total,0,0,NA,4049,4,NA,NA,0,3,0,0,NA,0,NA,NA,NA,NA,NA,NA,NA,NA,NA,NA,NA,NA,NA,NA,NA,NA,NA,NA,NA,NA,NA,NA,NA,NA,NA,NA,NA,NA,NA,NA,NA,NA,NA,exhibition,134,2,0,0,1.54,78,4679,32,0,0,0,0,0,0,0,0.000,0,0,30,0.938,23.1,1.54
8,2025-26 Regular Season,2025-26 Reg,0,1,1,2025-11-21,2,,7,1,23,1,2,-3,4,0,0,16,0,0,0.0,6.3,0,0.09,0,0,0,0,0,2,0.0,11,New York Sirens,NY,New York,Sirens,4,1,0,1,0,0,0,0.173913,PWHL,6192,103:12,1,regular,147,NA,NA,NA,NA,NA,NA,NA,NA,NA,NA,NA,NA,NA,NA,NA,NA,NA,NA,NA,NA,NA
1,2024 Regular Season,2024 Reg,0,1,1,2023-12-05,2,,71,0,20,1,1,2,2,0,0,9,0,0,0.0,0.0,0,0.05,0,0,0,0,1,1,100.0,7,PWHL New York,NY,New York,New York,4,1,0,0,0,0,0,0.100000,PWHL,8892,148:12,0,regular,147,NA,NA,NA,NA,NA,NA,NA,NA,NA,NA,NA,NA,NA,NA,NA,NA,NA,NA,NA,NA,NA
9,Total,Total,0,2,NA,4048,4,NA,78,1,43,2,3,-1,6,0,0,25,0,0,0.0,4.0,0,0.07,0,0,0,0,1,3,33.3,18,NA,NA,NA,NA,NA,NA,0,1,0,0,0,0.14,NA,15084,251:24,1,regular,147,NA,NA,NA,NA,NA,NA,NA,NA,NA,NA,NA,NA,NA,NA,NA,NA,NA,NA,NA,NA,NA
7,2025-26 Preseason,2025-26 Preseason,0,0,1,2025-06-23,2,,7,0,1,0,0,-1,2,0,0,0,0,0,0.0,0.0,0,0.00,0,0,0,0,0,0,0.0,1,New York Sirens,NY,New York,Sirens,4,1,0,0,0,0,0,2.000000,PWHL,511,8:31,0,exhibition,147,NA,NA,NA,NA,NA,NA,NA,NA,NA,NA,NA,NA,NA,NA,NA,NA,NA,NA,NA,NA,NA
4,2024-25 Preseason,2024-25 Preseason,0,0,1,2024-11-01,2,,71,0,2,0,0,1,0,0,0,2,0,0,0.0,0.0,0,0.00,0,0,0,0,0,0,0.0,3,New York Sirens,NY,New York,Sirens,4,1,0,0,0,0,0,0,PWHL,1116,18:36,0,exhibition,147,NA,NA,NA,NA,NA,NA,NA,NA,NA,NA,NA,NA,NA,NA,NA,NA,NA,NA,NA,NA,NA
2,2024 Preseason,2024 Preseason,0,0,1,2023-12-04,2,,71,1,3,0,1,0,2,0,0,9,0,0,0.0,11.1,0,0.33,0,0,0,0,0,0,0.0,0,PWHL New York,NY,New York,PWHL New York,4,1,0,0,0,1,0,0.666667,PWHL,0,0:00,0,exhibition,147,NA,NA,NA,NA,NA,NA,NA,NA,NA,NA,NA,NA,NA,NA,NA,NA,NA,NA,NA,NA,NA
13,Total,Total,0,0,NA,6072,6,NA,149,1,6,0,1,0,4,0,0,11,0,0,0.0,9.1,0,0.17,0,0,0,0,0,0,0.0,4,NA,NA,NA,NA,NA,NA,0,0,0,1,0,0.67,NA,1627,27:07,0,exhibition,147,NA,NA,NA,NA,NA,NA,NA,NA,NA,NA,NA,NA,NA,NA,NA,NA,NA,NA,NA,NA,NA
1,2024 Regular Season,2024 Reg,0,1,1,2023-12-13,2,,23,0,23,1,1,-2,4,0,0,18,0,0,0.0,0.0,0,0.04,0,0,0,0,1,1,100.0,10,PWHL New York,NY,New York,New York,4,1,0,0,0,0,0,0.173913,PWHL,10250,170:50,5,regular,148,NA,NA,NA,NA,NA,NA,NA,NA,NA,NA,NA,NA,NA,NA,NA,NA,NA,NA,NA,NA,NA
1,Total,Total,0,1,NA,2023,2,NA,23,0,23,1,1,-2,4,0,0,18,0,0,0.0,0.0,0,0.04,0,0,0,0,1,1,100.0,10,NA,NA,NA,NA,NA,NA,0,0,0,0,0,0.17,NA,10250,170:50,5,regular,148,NA,NA,NA,NA,NA,NA,NA,NA,NA,NA,NA,NA,NA,NA,NA,NA,NA,NA,NA,NA,NA
4,2024-25 Preseason,2024-25 Preseason,0,0,1,2024-11-01,2,,23,0,1,0,0,0,2,0,0,0,0,0,0.0,0.0,0,0.00,0,0,0,0,0,0,0.0,1,New York Sirens,NY,New York,Sirens,4,1,0,0,0,0,0,2.000000,PWHL,624,10:24,0,exhibition,148,NA,NA,NA,NA,NA,NA,NA,NA,NA,NA,NA,NA,NA,NA,NA,NA,NA,NA,NA,NA,NA
4,Total,Total,0,0,NA,2024,2,NA,23,0,1,0,0,0,2,0,0,0,0,0,0.0,0.0,0,0.00,0,0,0,0,0,0,0.0,1,NA,NA,NA,NA,NA,NA,0,0,0,0,0,2.00,NA,624,10:24,0,exhibition,148,NA,NA,NA,NA,NA,NA,NA,NA,NA,NA,NA,NA,NA,NA,NA,NA,NA,NA,NA,NA,NA
8,2025-26 Regular Season,2025-26 Reg,0,1,1,2025-11-21,1,*,44,2,25,4,6,1,24,0,0,37,0,0,0.0,5.4,0,0.24,1,1,0,0,3,6,50.0,23,Boston Fleet,BOS,Boston,Fleet,1,1,0,1,0,1,1,0.960000,PWHL,17956,299:16,30,regular,149,NA,NA,NA,NA,NA,NA,NA,NA,NA,NA,NA,NA,NA,NA,NA,NA,NA,NA,NA,NA,NA
5,2024-25 Regular Season,2024-25 Reg,0,1,1,2024-11-25,2,,44,0,5,0,0,-1,0,0,0,2,0,0,0.0,0.0,0,0.00,0,0,0,0,1,4,25.0,1,New York Sirens,NY,New York,Sirens,4,0,0,0,0,0,0,0,PWHL,2009,33:29,5,regular,149,NA,NA,NA,NA,NA,NA,NA,NA,NA,NA,NA,NA,NA,NA,NA,NA,NA,NA,NA,NA,NA
5,2024-25 Regular Season,2024-25 Reg,0,1,1,2025-01-21,2,,44,2,19,3,5,-2,8,0,0,16,0,0,0.0,12.5,0,0.26,0,0,0,0,1,5,20.0,20,Boston Fleet,BOS,Boston,Fleet,1,1,0,1,0,0,1,0.421053,PWHL,15488,258:08,11,regular,149,NA,NA,NA,NA,NA,NA,NA,NA,NA,NA,NA,NA,NA,NA,NA,NA,NA,NA,NA,NA,NA
1,2024 Regular Season,2024 Reg,0,1,1,2023-12-13,2,,44,1,18,1,2,-5,10,0,0,23,0,0,0.0,4.3,0,0.11,0,0,0,0,12,28,42.9,16,PWHL New York,NY,New York,New York,4,1,0,0,0,0,0,0.555556,PWHL,13502,225:02,4,regular,149,NA,NA,NA,NA,NA,NA,NA,NA,NA,NA,NA,NA,NA,NA,NA,NA,NA,NA,NA,NA,NA
19,Total,Total,0,4,NA,8097,7,NA,176,5,67,8,13,-7,42,0,0,78,0,0,0.0,6.4,0,0.19,1,1,0,0,17,43,39.5,60,NA,NA,NA,NA,NA,NA,0,2,0,1,2,0.63,NA,48955,815:55,50,regular,149,NA,NA,NA,NA,NA,NA,NA,NA,NA,NA,NA,NA,NA,NA,NA,NA,NA,NA,NA,NA,NA
9,2026 Playoffs,2026 Playoffs,1,1,1,2026-04-28,1,*,44,0,4,1,1,-1,2,0,0,5,0,0,0.0,0.0,0,0.25,0,0,0,0,0,0,0.0,5,Boston Fleet,BOS,Boston,Fleet,1,1,0,0,0,0,0,0.500000,PWHL,2616,43:36,2,playoff,149,NA,NA,NA,NA,NA,NA,NA,NA,NA,NA,NA,NA,NA,NA,NA,NA,NA,NA,NA,NA,NA
9,Total,Total,1,1,NA,2026,1,NA,44,0,4,1,1,-1,2,0,0,5,0,0,0.0,0.0,0,0.25,0,0,0,0,0,0,0.0,5,NA,NA,NA,NA,NA,NA,0,0,0,0,0,0.50,NA,2616,43:36,2,playoff,149,NA,NA,NA,NA,NA,NA,NA,NA,NA,NA,NA,NA,NA,NA,NA,NA,NA,NA,NA,NA,NA
7,2025-26 Preseason,2025-26 Preseason,0,0,1,2025-06-18,1,*,44,0,1,0,0,-1,0,0,0,1,0,0,0.0,0.0,0,0.00,0,0,0,0,0,0,0.0,6,Boston Fleet,BOS,Boston,Fleet,1,1,0,0,0,0,0,0,PWHL,1006,16:46,1,exhibition,149,NA,NA,NA,NA,NA,NA,NA,NA,NA,NA,NA,NA,NA,NA,NA,NA,NA,NA,NA,NA,NA
4,2024-25 Preseason,2024-25 Preseason,0,0,1,2024-11-01,2,,44,0,1,0,0,0,0,0,0,2,0,0,0.0,0.0,0,0.00,0,0,0,0,0,0,0.0,2,New York Sirens,NY,New York,Sirens,4,1,0,0,0,0,0,0,PWHL,557,9:17,0,exhibition,149,NA,NA,NA,NA,NA,NA,NA,NA,NA,NA,NA,NA,NA,NA,NA,NA,NA,NA,NA,NA,NA
2,2024 Preseason,2024 Preseason,0,0,1,2023-12-04,2,,9,0,3,0,0,-1,6,0,0,1,1,1,100.0,0.0,0,0.00,0,0,0,0,0,0,0.0,0,PWHL New York,NY,New York,PWHL New York,4,1,0,0,0,0,0,2.000000,PWHL,0,0:00,0,exhibition,149,NA,NA,NA,NA,NA,NA,NA,NA,NA,NA,NA,NA,NA,NA,NA,NA,NA,NA,NA,NA,NA
13,Total,Total,0,0,NA,6072,5,NA,97,0,5,0,0,-2,6,0,0,4,1,1,100.0,0.0,0,0.00,0,0,0,0,0,0,0.0,8,NA,NA,NA,NA,NA,NA,0,0,0,0,0,1.20,NA,1563,26:03,1,exhibition,149,NA,NA,NA,NA,NA,NA,NA,NA,NA,NA,NA,NA,NA,NA,NA,NA,NA,NA,NA,NA,NA
5,2024-25 Regular Season,2024-25 Reg,0,1,1,2024-11-25,2,,4,0,3,0,0,-1,0,0,0,0,0,0,0.0,0.0,0,0.00,0,0,0,0,0,0,0.0,5,New York Sirens,NY,New York,Sirens,4,0,0,0,0,0,0,0,PWHL,774,12:54,0,regular,150,NA,NA,NA,NA,NA,NA,NA,NA,NA,NA,NA,NA,NA,NA,NA,NA,NA,NA,NA,NA,NA
1,2024 Regular Season,2024 Reg,0,1,1,2023-12-13,2,,4,0,22,0,0,-1,6,0,0,11,0,0,0.0,0.0,0,0.00,0,0,0,0,0,0,0.0,12,PWHL New York,NY,New York,New York,4,1,0,0,0,0,0,0.272727,PWHL,19565,326:05,13,regular,150,NA,NA,NA,NA,NA,NA,NA,NA,NA,NA,NA,NA,NA,NA,NA,NA,NA,NA,NA,NA,NA
6,Total,Total,0,2,NA,4047,4,NA,8,0,25,0,0,-2,6,0,0,11,0,0,0.0,0.0,0,0.00,0,0,0,0,0,0,0.0,17,NA,NA,NA,NA,NA,NA,0,0,0,0,0,0.24,NA,20339,338:59,13,regular,150,NA,NA,NA,NA,NA,NA,NA,NA,NA,NA,NA,NA,NA,NA,NA,NA,NA,NA,NA,NA,NA
4,2024-25 Preseason,2024-25 Preseason,0,0,1,2024-10-15,2,,4,0,2,0,0,1,2,0,0,0,0,0,0.0,0.0,0,0.00,0,0,0,0,0,2,0.0,7,New York Sirens,NY,New York,Sirens,4,1,0,0,0,0,0,1.000000,PWHL,1767,29:27,1,exhibition,150,NA,NA,NA,NA,NA,NA,NA,NA,NA,NA,NA,NA,NA,NA,NA,NA,NA,NA,NA,NA,NA
2,2024 Preseason,2024 Preseason,0,0,1,2023-12-04,2,,4,0,2,0,0,-1,2,0,0,1,0,0,0.0,0.0,0,0.00,0,0,0,0,0,0,0.0,0,PWHL New York,NY,New York,PWHL New York,4,1,0,0,0,0,0,1.000000,PWHL,0,0:00,0,exhibition,150,NA,NA,NA,NA,NA,NA,NA,NA,NA,NA,NA,NA,NA,NA,NA,NA,NA,NA,NA,NA,NA
6,Total,Total,0,0,NA,4047,4,NA,8,0,4,0,0,0,4,0,0,1,0,0,0.0,0.0,0,0.00,0,0,0,0,0,2,0.0,7,NA,NA,NA,NA,NA,NA,0,0,0,0,0,1.00,NA,1767,29:27,1,exhibition,150,NA,NA,NA,NA,NA,NA,NA,NA,NA,NA,NA,NA,NA,NA,NA,NA,NA,NA,NA,NA,NA
8,2025-26 Regular Season,2025-26 Reg,0,1,1,2026-03-22,1,*,28,1,9,1,2,1,2,0,1,10,0,0,0.0,10.0,0,0.22,0,0,0,0,22,59,37.3,3,Seattle Torrent,SEA,Seattle,Torrent,8,1,0,0,0,0,0,0.222222,PWHL,8594,143:14,2,regular,156,NA,NA,NA,NA,NA,NA,NA,NA,NA,NA,NA,NA,NA,NA,NA,NA,NA,NA,NA,NA,NA
5,2024-25 Regular Season,2024-25 Reg,0,1,1,2024-11-25,1,*,8,0,3,0,0,-1,0,0,0,2,0,0,0.0,0.0,0,0.00,0,0,0,0,0,0,0.0,1,Montréal Victoire,MTL,Montréal,Victoire,3,1,0,0,0,0,0,0,PWHL,957,15:57,1,regular,156,NA,NA,NA,NA,NA,NA,NA,NA,NA,NA,NA,NA,NA,NA,NA,NA,NA,NA,NA,NA,NA
1,2024 Regular Season,2024 Reg,0,1,1,2023-12-11,2,,8,2,23,4,6,4,4,0,0,20,0,0,0.0,10.0,0,0.26,0,0,0,0,49,88,55.7,6,PWHL Montreal,MTL,Montreal,Montreal,3,1,1,0,0,0,0,0.173913,PWHL,18705,311:45,7,regular,156,NA,NA,NA,NA,NA,NA,NA,NA,NA,NA,NA,NA,NA,NA,NA,NA,NA,NA,NA,NA,NA
14,Total,Total,0,3,NA,6073,4,NA,44,3,35,5,8,4,6,0,1,32,0,0,0.0,9.4,0,0.23,0,0,0,0,71,147,48.3,10,NA,NA,NA,NA,NA,NA,1,0,0,0,0,0.17,NA,28256,470:56,10,regular,156,NA,NA,NA,NA,NA,NA,NA,NA,NA,NA,NA,NA,NA,NA,NA,NA,NA,NA,NA,NA,NA
3,2024 Playoffs,2024 Playoffs,1,1,1,2024-05-06,2,,8,0,3,0,0,-1,0,0,0,3,0,0,0.0,0.0,0,0.00,0,0,0,0,11,23,47.8,1,PWHL Montreal,MTL,Montreal,Montreal,3,1,0,0,0,0,0,0,PWHL,2934,48:54,1,playoff,156,NA,NA,NA,NA,NA,NA,NA,NA,NA,NA,NA,NA,NA,NA,NA,NA,NA,NA,NA,NA,NA
3,Total,Total,1,1,NA,2024,2,NA,8,0,3,0,0,-1,0,0,0,3,0,0,0.0,0.0,0,0.00,0,0,0,0,11,23,47.8,1,NA,NA,NA,NA,NA,NA,0,0,0,0,0,0.00,NA,2934,48:54,1,playoff,156,NA,NA,NA,NA,NA,NA,NA,NA,NA,NA,NA,NA,NA,NA,NA,NA,NA,NA,NA,NA,NA
4,2024-25 Preseason,2024-25 Preseason,0,0,1,2024-11-01,1,*,8,1,2,0,1,-1,0,0,0,2,0,0,0.0,50.0,0,0.50,0,0,0,0,1,6,16.7,1,Montréal Victoire,MTL,Montréal,Victoire,3,1,0,0,0,0,0,0,PWHL,1410,23:30,3,exhibition,156,NA,NA,NA,NA,NA,NA,NA,NA,NA,NA,NA,NA,NA,NA,NA,NA,NA,NA,NA,NA,NA
2,2024 Preseason,2024 Preseason,0,0,1,2023-12-04,2,,8,0,2,0,0,0,0,0,0,2,1,0,0.0,0.0,0,0.00,0,0,0,0,0,0,0.0,0,PWHL Montreal,MON,Montreal,PWHL Montreal,3,1,0,0,0,0,0,0,PWHL,0,0:00,0,exhibition,156,NA,NA,NA,NA,NA,NA,NA,NA,NA,NA,NA,NA,NA,NA,NA,NA,NA,NA,NA,NA,NA
6,Total,Total,0,0,NA,4047,3,NA,16,1,4,0,1,-1,0,0,0,4,1,0,0.0,25.0,0,0.25,0,0,0,0,1,6,16.7,1,NA,NA,NA,NA,NA,NA,0,0,0,0,0,0.00,NA,1410,23:30,3,exhibition,156,NA,NA,NA,NA,NA,NA,NA,NA,NA,NA,NA,NA,NA,NA,NA,NA,NA,NA,NA,NA,NA
8,2025-26 Regular Season,2025-26 Reg,0,1,1,2025-11-21,2,,13,4,30,11,15,6,10,0,1,57,0,0,0.0,7.0,0,0.50,0,0,0,0,7,21,33.3,44,Vancouver Goldeneyes,VAN,Vancouver,Goldeneyes,9,1,0,2,0,2,0,0.333333,PWHL,29033,483:53,7,regular,161,NA,NA,NA,NA,NA,NA,NA,NA,NA,NA,NA,NA,NA,NA,NA,NA,NA,NA,NA,NA,NA
5,2024-25 Regular Season,2024-25 Reg,0,1,1,2024-11-25,2,,13,15,30,7,22,-2,38,3,2,87,1,0,0.0,17.2,0,0.73,0,0,4,0,6,12,50.0,32,Ottawa Charge,OTT,Ottawa,Charge,5,1,1,2,0,1,0,1.266667,PWHL,29076,484:36,3,regular,161,NA,NA,NA,NA,NA,NA,NA,NA,NA,NA,NA,NA,NA,NA,NA,NA,NA,NA,NA,NA,NA
1,2024 Regular Season,2024 Reg,0,1,1,2023-12-11,2,,21,2,17,8,10,0,16,1,2,35,2,0,0.0,5.7,0,0.59,0,0,1,0,1,2,50.0,18,PWHL Montreal,MTL,Montreal,Montreal,3,0,1,0,0,0,0,0.941176,PWHL,16765,279:25,3,regular,161,NA,NA,NA,NA,NA,NA,NA,NA,NA,NA,NA,NA,NA,NA,NA,NA,NA,NA,NA,NA,NA
1,2024 Regular Season,2024 Reg,0,1,1,2024-03-18,2,,13,0,6,2,2,-2,21,0,0,7,0,0,0.0,0.0,0,0.33,0,0,0,0,1,2,50.0,4,PWHL Ottawa,OTT,Ottawa,Ottawa,5,1,0,0,0,0,0,3.500000,PWHL,4708,78:28,0,regular,161,NA,NA,NA,NA,NA,NA,NA,NA,NA,NA,NA,NA,NA,NA,NA,NA,NA,NA,NA,NA,NA
15,Total,Total,0,4,NA,8096,8,NA,60,21,83,28,49,2,85,4,5,186,3,0,0.0,11.3,0,0.59,0,0,5,0,15,37,40.5,98,NA,NA,NA,NA,NA,NA,2,4,0,3,0,1.02,NA,79582,1326:22,13,regular,161,NA,NA,NA,NA,NA,NA,NA,NA,NA,NA,NA,NA,NA,NA,NA,NA,NA,NA,NA,NA,NA
6,2025 Playoffs,2025 Playoffs,1,1,1,2025-05-06,2,,13,1,8,3,4,0,8,0,1,33,0,0,0.0,3.0,0,0.50,0,0,0,0,0,0,0.0,3,Ottawa Charge,OTT,Ottawa,Charge,5,1,0,0,0,0,0,1.000000,PWHL,11874,197:54,4,playoff,161,NA,NA,NA,NA,NA,NA,NA,NA,NA,NA,NA,NA,NA,NA,NA,NA,NA,NA,NA,NA,NA
6,Total,Total,1,1,NA,2025,2,NA,13,1,8,3,4,0,8,0,1,33,0,0,0.0,3.0,0,0.50,0,0,0,0,0,0,0.0,3,NA,NA,NA,NA,NA,NA,0,0,0,0,0,1.00,NA,11874,197:54,4,playoff,161,NA,NA,NA,NA,NA,NA,NA,NA,NA,NA,NA,NA,NA,NA,NA,NA,NA,NA,NA,NA,NA
7,2025-26 Preseason,2025-26 Preseason,0,0,1,2025-06-18,2,,13,0,1,0,0,0,0,0,0,3,0,0,0.0,0.0,0,0.00,0,0,0,0,0,0,0.0,2,Vancouver Goldeneyes,VAN,Vancouver,Goldeneyes,9,1,0,0,0,0,0,0,PWHL,2028,33:48,0,exhibition,161,NA,NA,NA,NA,NA,NA,NA,NA,NA,NA,NA,NA,NA,NA,NA,NA,NA,NA,NA,NA,NA
4,2024-25 Preseason,2024-25 Preseason,0,0,1,2024-10-17,2,,13,1,2,2,3,0,0,0,0,4,0,0,0.0,25.0,0,1.50,0,0,0,0,0,1,0.0,2,Ottawa Charge,OTT,Ottawa,Charge,5,1,0,0,0,0,0,0,PWHL,1860,31:00,0,exhibition,161,NA,NA,NA,NA,NA,NA,NA,NA,NA,NA,NA,NA,NA,NA,NA,NA,NA,NA,NA,NA,NA
2,2024 Preseason,2024 Preseason,0,0,1,2023-12-04,2,,21,1,3,0,1,0,2,1,0,13,1,1,100.0,7.7,0,0.33,0,0,0,0,0,0,0.0,0,PWHL Montreal,MON,Montreal,PWHL Montreal,3,1,0,0,0,0,0,0.666667,PWHL,0,0:00,0,exhibition,161,NA,NA,NA,NA,NA,NA,NA,NA,NA,NA,NA,NA,NA,NA,NA,NA,NA,NA,NA,NA,NA
13,Total,Total,0,0,NA,6072,6,NA,47,2,6,2,4,0,2,1,0,20,1,1,100.0,10.0,0,0.67,0,0,0,0,0,1,0.0,4,NA,NA,NA,NA,NA,NA,0,0,0,0,0,0.33,NA,3888,64:48,0,exhibition,161,NA,NA,NA,NA,NA,NA,NA,NA,NA,NA,NA,NA,NA,NA,NA,NA,NA,NA,NA,NA,NA
8,2025-26 Regular Season,2025-26 Reg,0,1,1,2025-11-21,2,,9,0,16,2,2,-1,0,0,0,5,0,0,0.0,0.0,0,0.13,0,0,0,0,0,0,0.0,1,Minnesota Frost,MIN,Minnesota,Frost,2,1,0,0,0,0,0,0,PWHL,6649,110:49,3,regular,162,NA,NA,NA,NA,NA,NA,NA,NA,NA,NA,NA,NA,NA,NA,NA,NA,NA,NA,NA,NA,NA
1,2024 Regular Season,2024 Reg,0,1,1,2023-12-12,2,,6,0,21,2,2,1,4,0,0,10,0,0,0.0,0.0,0,0.10,0,0,0,0,0,0,0.0,7,PWHL Montreal,MTL,Montreal,Montreal,3,1,0,0,0,0,0,0.190476,PWHL,13721,228:41,16,regular,162,NA,NA,NA,NA,NA,NA,NA,NA,NA,NA,NA,NA,NA,NA,NA,NA,NA,NA,NA,NA,NA
9,Total,Total,0,2,NA,4048,4,NA,15,0,37,4,4,0,4,0,0,15,0,0,0.0,0.0,0,0.11,0,0,0,0,0,0,0.0,8,NA,NA,NA,NA,NA,NA,0,0,0,0,0,0.11,NA,20370,339:30,19,regular,162,NA,NA,NA,NA,NA,NA,NA,NA,NA,NA,NA,NA,NA,NA,NA,NA,NA,NA,NA,NA,NA
9,2026 Playoffs,2026 Playoffs,1,1,1,2026-04-28,2,,9,0,1,0,0,0,0,0,0,0,0,0,0.0,0.0,0,0.00,0,0,0,0,0,0,0.0,0,Minnesota Frost,MIN,Minnesota,Frost,2,1,0,0,0,0,0,0,PWHL,0,0:00,0,playoff,162,NA,NA,NA,NA,NA,NA,NA,NA,NA,NA,NA,NA,NA,NA,NA,NA,NA,NA,NA,NA,NA
3,2024 Playoffs,2024 Playoffs,1,1,1,2024-05-06,2,,6,0,3,1,1,0,0,0,0,1,0,0,0.0,0.0,0,0.33,0,0,0,0,0,0,0.0,0,PWHL Montreal,MTL,Montreal,Montreal,3,1,0,0,0,0,0,0,PWHL,528,8:48,0,playoff,162,NA,NA,NA,NA,NA,NA,NA,NA,NA,NA,NA,NA,NA,NA,NA,NA,NA,NA,NA,NA,NA
12,Total,Total,1,2,NA,4050,4,NA,15,0,4,1,1,0,0,0,0,1,0,0,0.0,0.0,0,0.25,0,0,0,0,0,0,0.0,0,NA,NA,NA,NA,NA,NA,0,0,0,0,0,0.00,NA,528,8:48,0,playoff,162,NA,NA,NA,NA,NA,NA,NA,NA,NA,NA,NA,NA,NA,NA,NA,NA,NA,NA,NA,NA,NA
7,2025-26 Preseason,2025-26 Preseason,0,0,1,2025-06-01,2,,9,0,2,1,1,0,0,0,0,3,0,0,0.0,0.0,0,0.50,0,0,0,0,0,0,0.0,0,Minnesota Frost,MIN,Minnesota,Frost,2,1,0,0,0,0,0,0,PWHL,1951,32:31,1,exhibition,162,NA,NA,NA,NA,NA,NA,NA,NA,NA,NA,NA,NA,NA,NA,NA,NA,NA,NA,NA,NA,NA
4,2024-25 Preseason,2024-25 Preseason,0,0,1,2024-10-17,1,*,6,0,1,0,0,1,0,0,0,0,0,0,0.0,0.0,0,0.00,0,0,0,0,0,0,0.0,0,New York Sirens,NY,New York,Sirens,4,1,0,0,0,0,0,0,PWHL,205,3:25,0,exhibition,162,NA,NA,NA,NA,NA,NA,NA,NA,NA,NA,NA,NA,NA,NA,NA,NA,NA,NA,NA,NA,NA
2,2024 Preseason,2024 Preseason,0,0,1,2023-12-04,2,,6,0,3,0,0,0,0,0,0,1,0,0,0.0,0.0,0,0.00,0,0,0,0,0,0,0.0,0,PWHL Montreal,MON,Montreal,PWHL Montreal,3,1,0,0,0,0,0,0,PWHL,0,0:00,0,exhibition,162,NA,NA,NA,NA,NA,NA,NA,NA,NA,NA,NA,NA,NA,NA,NA,NA,NA,NA,NA,NA,NA
13,Total,Total,0,0,NA,6072,5,NA,21,0,6,1,1,1,0,0,0,4,0,0,0.0,0.0,0,0.17,0,0,0,0,0,0,0.0,0,NA,NA,NA,NA,NA,NA,0,0,0,0,0,0.00,NA,2156,35:56,1,exhibition,162,NA,NA,NA,NA,NA,NA,NA,NA,NA,NA,NA,NA,NA,NA,NA,NA,NA,NA,NA,NA,NA
5,2024-25 Regular Season,2024-25 Reg,0,1,1,2024-11-25,2,,4,0,1,0,0,0,0,0,0,0,0,0,0.0,0.0,0,0.00,0,0,0,0,0,0,0.0,0,Montréal Victoire,MTL,Montréal,Victoire,3,1,0,0,0,0,0,0,PWHL,160,2:40,1,regular,163,NA,NA,NA,NA,NA,NA,NA,NA,NA,NA,NA,NA,NA,NA,NA,NA,NA,NA,NA,NA,NA
1,2024 Regular Season,2024 Reg,0,1,1,2023-12-12,2,,4,1,24,1,2,-2,12,0,0,16,0,0,0.0,6.3,0,0.08,0,0,0,0,0,0,0.0,25,PWHL Montreal,MTL,Montreal,Montreal,3,1,1,0,0,0,0,0.500000,PWHL,23227,387:07,11,regular,163,NA,NA,NA,NA,NA,NA,NA,NA,NA,NA,NA,NA,NA,NA,NA,NA,NA,NA,NA,NA,NA
6,Total,Total,0,2,NA,4047,4,NA,8,1,25,1,2,-2,12,0,0,16,0,0,0.0,6.2,0,0.08,0,0,0,0,0,0,0.0,25,NA,NA,NA,NA,NA,NA,1,0,0,0,0,0.48,NA,23387,389:47,12,regular,163,NA,NA,NA,NA,NA,NA,NA,NA,NA,NA,NA,NA,NA,NA,NA,NA,NA,NA,NA,NA,NA
3,2024 Playoffs,2024 Playoffs,1,1,1,2024-05-06,2,,4,0,3,0,0,-3,0,0,0,1,0,0,0.0,0.0,0,0.00,0,0,0,0,0,0,0.0,2,PWHL Montreal,MTL,Montreal,Montreal,3,1,0,0,0,0,0,0,PWHL,1901,31:41,2,playoff,163,NA,NA,NA,NA,NA,NA,NA,NA,NA,NA,NA,NA,NA,NA,NA,NA,NA,NA,NA,NA,NA
3,Total,Total,1,1,NA,2024,2,NA,4,0,3,0,0,-3,0,0,0,1,0,0,0.0,0.0,0,0.00,0,0,0,0,0,0,0.0,2,NA,NA,NA,NA,NA,NA,0,0,0,0,0,0.00,NA,1901,31:41,2,playoff,163,NA,NA,NA,NA,NA,NA,NA,NA,NA,NA,NA,NA,NA,NA,NA,NA,NA,NA,NA,NA,NA
4,2024-25 Preseason,2024-25 Preseason,0,0,1,2024-11-01,2,,4,0,2,0,0,0,0,0,0,0,0,0,0.0,0.0,0,0.00,0,0,0,0,0,0,0.0,2,Montréal Victoire,MTL,Montréal,Victoire,3,1,0,0,0,0,0,0,PWHL,1858,30:58,3,exhibition,163,NA,NA,NA,NA,NA,NA,NA,NA,NA,NA,NA,NA,NA,NA,NA,NA,NA,NA,NA,NA,NA
2,2024 Preseason,2024 Preseason,0,0,1,2023-12-04,2,,4,0,3,1,1,2,0,0,1,7,0,0,0.0,0.0,0,0.33,0,0,0,0,0,0,0.0,0,PWHL Montreal,MON,Montreal,PWHL Montreal,3,1,0,0,0,0,0,0,PWHL,0,0:00,0,exhibition,163,NA,NA,NA,NA,NA,NA,NA,NA,NA,NA,NA,NA,NA,NA,NA,NA,NA,NA,NA,NA,NA
6,Total,Total,0,0,NA,4047,4,NA,8,0,5,1,1,2,0,0,1,7,0,0,0.0,0.0,0,0.20,0,0,0,0,0,0,0.0,2,NA,NA,NA,NA,NA,NA,0,0,0,0,0,0.00,NA,1858,30:58,3,exhibition,163,NA,NA,NA,NA,NA,NA,NA,NA,NA,NA,NA,NA,NA,NA,NA,NA,NA,NA,NA,NA,NA
1,2024 Regular Season,2024 Reg,0,1,1,2023-12-13,2,,76,0,11,0,0,-4,0,0,0,5,0,0,0.0,0.0,0,0.00,0,0,0,0,0,0,0.0,0,PWHL Toronto,TOR,Toronto,Toronto,6,1,0,0,0,0,0,0,PWHL,3944,65:44,0,regular,165,NA,NA,NA,NA,NA,NA,NA,NA,NA,NA,NA,NA,NA,NA,NA,NA,NA,NA,NA,NA,NA
1,Total,Total,0,1,NA,2023,2,NA,76,0,11,0,0,-4,0,0,0,5,0,0,0.0,0.0,0,0.00,0,0,0,0,0,0,0.0,0,NA,NA,NA,NA,NA,NA,0,0,0,0,0,0.00,NA,3944,65:44,0,regular,165,NA,NA,NA,NA,NA,NA,NA,NA,NA,NA,NA,NA,NA,NA,NA,NA,NA,NA,NA,NA,NA
4,2024-25 Preseason,2024-25 Preseason,0,0,1,2024-10-11,2,,76,0,1,0,0,0,0,0,0,0,0,0,0.0,0.0,0,0.00,0,0,0,0,0,0,0.0,0,Boston Fleet,BOS,Boston,Fleet,1,1,0,0,0,0,0,0,PWHL,518,8:38,0,exhibition,165,NA,NA,NA,NA,NA,NA,NA,NA,NA,NA,NA,NA,NA,NA,NA,NA,NA,NA,NA,NA,NA
2,2024 Preseason,2024 Preseason,0,0,1,2023-12-04,2,,76,0,3,0,0,1,0,0,0,6,0,0,0.0,0.0,0,0.00,0,0,0,0,0,0,0.0,0,PWHL Montreal,MON,Montreal,PWHL Montreal,3,0,0,0,0,0,0,0,PWHL,0,0:00,0,exhibition,165,NA,NA,NA,NA,NA,NA,NA,NA,NA,NA,NA,NA,NA,NA,NA,NA,NA,NA,NA,NA,NA
6,Total,Total,0,0,NA,4047,4,NA,152,0,4,0,0,1,0,0,0,6,0,0,0.0,0.0,0,0.00,0,0,0,0,0,0,0.0,0,NA,NA,NA,NA,NA,NA,0,0,0,0,0,0.00,NA,518,8:38,0,exhibition,165,NA,NA,NA,NA,NA,NA,NA,NA,NA,NA,NA,NA,NA,NA,NA,NA,NA,NA,NA,NA,NA
8,2025-26 Regular Season,2025-26 Reg,0,1,1,2025-11-21,2,,42,4,28,13,17,-1,18,1,2,46,0,0,0.0,8.7,0,0.61,0,1,1,0,0,0,0.0,10,Vancouver Goldeneyes,VAN,Vancouver,Goldeneyes,9,1,0,0,0,0,0,0.642857,PWHL,38996,649:56,38,regular,169,NA,NA,NA,NA,NA,NA,NA,NA,NA,NA,NA,NA,NA,NA,NA,NA,NA,NA,NA,NA,NA
5,2024-25 Regular Season,2024-25 Reg,0,1,1,2024-11-25,2,,42,4,30,14,18,1,8,1,5,51,3,1,33.3,7.8,1,0.60,0,0,0,0,3,3,100.0,10,Minnesota Frost,MIN,Minnesota,Frost,2,1,0,1,0,1,0,0.266667,PWHL,39962,666:02,27,regular,169,NA,NA,NA,NA,NA,NA,NA,NA,NA,NA,NA,NA,NA,NA,NA,NA,NA,NA,NA,NA,NA
13,Total,Total,0,2,NA,4049,4,NA,84,8,58,27,35,0,26,2,7,97,3,1,33.3,8.2,1,0.60,0,1,1,0,3,3,100.0,20,NA,NA,NA,NA,NA,NA,0,1,0,1,0,0.45,NA,78958,1315:58,65,regular,169,NA,NA,NA,NA,NA,NA,NA,NA,NA,NA,NA,NA,NA,NA,NA,NA,NA,NA,NA,NA,NA
6,2025 Playoffs,2025 Playoffs,1,1,1,2025-05-06,2,,42,0,8,6,6,2,4,0,2,17,0,0,0.0,0.0,0,0.75,0,0,0,0,1,1,100.0,5,Minnesota Frost,MIN,Minnesota,Frost,2,1,0,0,0,0,0,0.500000,PWHL,14028,233:48,10,playoff,169,NA,NA,NA,NA,NA,NA,NA,NA,NA,NA,NA,NA,NA,NA,NA,NA,NA,NA,NA,NA,NA
6,Total,Total,1,1,NA,2025,2,NA,42,0,8,6,6,2,4,0,2,17,0,0,0.0,0.0,0,0.75,0,0,0,0,1,1,100.0,5,NA,NA,NA,NA,NA,NA,0,0,0,0,0,0.50,NA,14028,233:48,10,playoff,169,NA,NA,NA,NA,NA,NA,NA,NA,NA,NA,NA,NA,NA,NA,NA,NA,NA,NA,NA,NA,NA
7,2025-26 Preseason,2025-26 Preseason,0,0,1,2025-06-13,2,,42,0,1,1,1,2,0,0,0,2,0,0,0.0,0.0,0,1.00,0,0,0,0,0,0,0.0,2,Vancouver Goldeneyes,VAN,Vancouver,Goldeneyes,9,1,0,0,0,0,0,0,PWHL,1178,19:38,0,exhibition,169,NA,NA,NA,NA,NA,NA,NA,NA,NA,NA,NA,NA,NA,NA,NA,NA,NA,NA,NA,NA,NA
4,2024-25 Preseason,2024-25 Preseason,0,0,1,2024-10-15,2,,42,0,1,0,0,-1,0,0,0,2,0,0,0.0,0.0,0,0.00,0,0,0,0,0,0,0.0,1,Minnesota Frost,MIN,Minnesota,Frost,2,1,0,0,0,0,0,0,PWHL,1977,32:57,0,exhibition,169,NA,NA,NA,NA,NA,NA,NA,NA,NA,NA,NA,NA,NA,NA,NA,NA,NA,NA,NA,NA,NA
11,Total,Total,0,0,NA,4049,4,NA,84,0,2,1,1,1,0,0,0,4,0,0,0.0,0.0,0,0.50,0,0,0,0,0,0,0.0,3,NA,NA,NA,NA,NA,NA,0,0,0,0,0,0.00,NA,3155,52:35,0,exhibition,169,NA,NA,NA,NA,NA,NA,NA,NA,NA,NA,NA,NA,NA,NA,NA,NA,NA,NA,NA,NA,NA
8,2025-26 Regular Season,2025-26 Reg,0,1,1,2025-11-21,1,*,17,2,19,4,6,7,0,1,0,22,0,0,0.0,9.1,0,0.32,0,0,0,0,3,5,60.0,5,Boston Fleet,BOS,Boston,Fleet,1,0,1,0,0,0,0,0,PWHL,16934,282:14,13,regular,17,NA,NA,NA,NA,NA,NA,NA,NA,NA,NA,NA,NA,NA,NA,NA,NA,NA,NA,NA,NA,NA
8,2025-26 Regular Season,2025-26 Reg,0,1,1,2026-03-17,2,,37,2,11,7,9,0,0,0,1,22,0,0,0.0,9.1,0,0.82,0,0,0,0,1,3,33.3,5,Seattle Torrent,SEA,Seattle,Torrent,8,1,1,0,0,0,0,0,PWHL,12873,214:33,9,regular,17,NA,NA,NA,NA,NA,NA,NA,NA,NA,NA,NA,NA,NA,NA,NA,NA,NA,NA,NA,NA,NA
5,2024-25 Regular Season,2024-25 Reg,0,1,1,2024-11-25,1,*,37,3,30,2,5,1,6,1,0,30,0,0,0.0,10.0,0,0.17,0,0,0,0,3,5,60.0,23,Boston Fleet,BOS,Boston,Fleet,1,1,1,0,0,0,0,0.200000,PWHL,23126,385:26,9,regular,17,NA,NA,NA,NA,NA,NA,NA,NA,NA,NA,NA,NA,NA,NA,NA,NA,NA,NA,NA,NA,NA
1,2024 Regular Season,2024 Reg,0,1,1,2023-11-01,2,,37,3,20,3,6,5,0,0,0,23,0,0,0.0,13.0,0,0.30,0,0,2,0,5,6,83.3,18,PWHL Boston,BOS,Boston,Boston,1,1,1,0,0,0,0,0,PWHL,16147,269:07,2,regular,17,NA,NA,NA,NA,NA,NA,NA,NA,NA,NA,NA,NA,NA,NA,NA,NA,NA,NA,NA,NA,NA
22,Total,Total,0,4,NA,8098,6,NA,128,10,80,16,26,13,6,2,1,97,0,0,0.0,10.3,0,0.33,0,0,2,0,12,19,63.2,51,NA,NA,NA,NA,NA,NA,4,0,0,0,0,0.07,NA,69080,1151:20,33,regular,17,NA,NA,NA,NA,NA,NA,NA,NA,NA,NA,NA,NA,NA,NA,NA,NA,NA,NA,NA,NA,NA
3,2024 Playoffs,2024 Playoffs,1,1,1,2024-05-06,2,,37,0,8,3,3,2,0,0,0,7,0,0,0.0,0.0,0,0.38,0,0,0,0,0,0,0.0,6,PWHL Boston,BOS,Boston,Boston,1,1,0,0,0,0,0,0,PWHL,9126,152:06,3,playoff,17,NA,NA,NA,NA,NA,NA,NA,NA,NA,NA,NA,NA,NA,NA,NA,NA,NA,NA,NA,NA,NA
3,Total,Total,1,1,NA,2024,2,NA,37,0,8,3,3,2,0,0,0,7,0,0,0.0,0.0,0,0.38,0,0,0,0,0,0,0.0,6,NA,NA,NA,NA,NA,NA,0,0,0,0,0,0.00,NA,9126,152:06,3,playoff,17,NA,NA,NA,NA,NA,NA,NA,NA,NA,NA,NA,NA,NA,NA,NA,NA,NA,NA,NA,NA,NA
7,2025-26 Preseason,2025-26 Preseason,0,0,1,2025-06-18,1,*,17,0,2,0,0,0,0,0,0,0,0,0,0.0,0.0,0,0.00,0,0,0,0,0,1,0.0,0,Boston Fleet,BOS,Boston,Fleet,1,1,0,0,0,0,0,0,PWHL,1543,25:43,0,exhibition,17,NA,NA,NA,NA,NA,NA,NA,NA,NA,NA,NA,NA,NA,NA,NA,NA,NA,NA,NA,NA,NA
4,2024-25 Preseason,2024-25 Preseason,0,0,1,2024-11-01,1,*,37,0,2,0,0,-2,0,0,0,4,0,0,0.0,0.0,0,0.00,0,0,0,0,0,1,0.0,2,Boston Fleet,BOS,Boston,Fleet,1,1,0,0,0,0,0,0,PWHL,1476,24:36,1,exhibition,17,NA,NA,NA,NA,NA,NA,NA,NA,NA,NA,NA,NA,NA,NA,NA,NA,NA,NA,NA,NA,NA
2,2024 Preseason,2024 Preseason,0,0,1,2023-11-01,2,,37,0,2,0,0,-2,2,0,0,4,1,1,100.0,0.0,0,0.00,0,0,0,0,0,0,0.0,0,PWHL Boston,BOS,Boston,PWHL Boston,1,1,0,0,0,0,0,1.000000,PWHL,0,0:00,0,exhibition,17,NA,NA,NA,NA,NA,NA,NA,NA,NA,NA,NA,NA,NA,NA,NA,NA,NA,NA,NA,NA,NA
13,Total,Total,0,0,NA,6072,4,NA,91,0,6,0,0,-4,2,0,0,8,1,1,100.0,0.0,0,0.00,0,0,0,0,0,2,0.0,2,NA,NA,NA,NA,NA,NA,0,0,0,0,0,0.33,NA,3019,50:19,1,exhibition,17,NA,NA,NA,NA,NA,NA,NA,NA,NA,NA,NA,NA,NA,NA,NA,NA,NA,NA,NA,NA,NA
8,2025-26 Regular Season,2025-26 Reg,0,1,1,2025-11-21,1,*,9,3,22,6,9,6,8,0,1,17,1,0,0.0,17.6,0,0.41,0,0,0,0,0,2,0.0,14,Boston Fleet,BOS,Boston,Fleet,1,1,0,1,0,0,0,0.363636,PWHL,13967,232:47,5,regular,18,NA,NA,NA,NA,NA,NA,NA,NA,NA,NA,NA,NA,NA,NA,NA,NA,NA,NA,NA,NA,NA
5,2024-25 Regular Season,2024-25 Reg,0,1,1,2024-11-25,2,,9,0,28,5,5,1,29,0,1,25,0,0,0.0,0.0,0,0.18,0,0,0,0,0,0,0.0,20,Boston Fleet,BOS,Boston,Fleet,1,1,0,0,0,0,0,1.035714,PWHL,17184,286:24,4,regular,18,NA,NA,NA,NA,NA,NA,NA,NA,NA,NA,NA,NA,NA,NA,NA,NA,NA,NA,NA,NA,NA
1,2024 Regular Season,2024 Reg,0,1,1,2023-11-01,2,,9,3,20,2,5,-4,6,0,0,25,0,0,0.0,12.0,0,0.25,0,0,0,0,0,1,0.0,4,PWHL Boston,BOS,Boston,Boston,1,1,0,0,0,0,0,0.300000,PWHL,15591,259:51,2,regular,18,NA,NA,NA,NA,NA,NA,NA,NA,NA,NA,NA,NA,NA,NA,NA,NA,NA,NA,NA,NA,NA
14,Total,Total,0,3,NA,6072,5,NA,27,6,70,13,19,3,43,0,2,67,1,0,0.0,9.0,0,0.27,0,0,0,0,0,3,0.0,38,NA,NA,NA,NA,NA,NA,0,1,0,0,0,0.61,NA,46742,779:02,11,regular,18,NA,NA,NA,NA,NA,NA,NA,NA,NA,NA,NA,NA,NA,NA,NA,NA,NA,NA,NA,NA,NA
9,2026 Playoffs,2026 Playoffs,1,1,1,2026-04-28,1,*,9,1,4,0,1,1,0,0,0,3,0,0,0.0,33.3,0,0.25,0,0,0,0,0,0,0.0,3,Boston Fleet,BOS,Boston,Fleet,1,1,0,0,0,0,0,0,PWHL,1969,32:49,1,playoff,18,NA,NA,NA,NA,NA,NA,NA,NA,NA,NA,NA,NA,NA,NA,NA,NA,NA,NA,NA,NA,NA
3,2024 Playoffs,2024 Playoffs,1,1,1,2024-05-06,2,,9,1,8,1,2,0,0,0,0,14,0,0,0.0,7.1,0,0.25,0,0,0,0,0,1,0.0,4,PWHL Boston,BOS,Boston,Boston,1,1,0,0,0,0,0,0,PWHL,6524,108:44,0,playoff,18,NA,NA,NA,NA,NA,NA,NA,NA,NA,NA,NA,NA,NA,NA,NA,NA,NA,NA,NA,NA,NA
12,Total,Total,1,2,NA,4050,3,NA,18,2,12,1,3,1,0,0,0,17,0,0,0.0,11.8,0,0.25,0,0,0,0,0,1,0.0,7,NA,NA,NA,NA,NA,NA,0,0,0,0,0,0.00,NA,8493,141:33,1,playoff,18,NA,NA,NA,NA,NA,NA,NA,NA,NA,NA,NA,NA,NA,NA,NA,NA,NA,NA,NA,NA,NA
7,2025-26 Preseason,2025-26 Preseason,0,0,1,2025-06-01,1,*,9,1,2,0,1,1,0,0,0,2,0,0,0.0,50.0,0,0.50,0,0,0,0,0,0,0.0,1,Boston Fleet,BOS,Boston,Fleet,1,1,0,0,0,0,0,0,PWHL,1730,28:50,2,exhibition,18,NA,NA,NA,NA,NA,NA,NA,NA,NA,NA,NA,NA,NA,NA,NA,NA,NA,NA,NA,NA,NA
4,2024-25 Preseason,2024-25 Preseason,0,0,1,2024-11-01,2,,9,0,2,0,0,-1,0,0,0,3,0,0,0.0,0.0,0,0.00,0,0,0,0,0,0,0.0,1,Boston Fleet,BOS,Boston,Fleet,1,1,0,0,0,0,0,0,PWHL,1677,27:57,0,exhibition,18,NA,NA,NA,NA,NA,NA,NA,NA,NA,NA,NA,NA,NA,NA,NA,NA,NA,NA,NA,NA,NA
2,2024 Preseason,2024 Preseason,0,0,1,2023-11-01,2,,9,1,3,0,1,0,2,1,0,3,1,0,0.0,33.3,0,0.33,0,0,0,0,0,0,0.0,0,PWHL Boston,BOS,Boston,PWHL Boston,1,1,0,0,0,0,0,0.666667,PWHL,0,0:00,0,exhibition,18,NA,NA,NA,NA,NA,NA,NA,NA,NA,NA,NA,NA,NA,NA,NA,NA,NA,NA,NA,NA,NA
13,Total,Total,0,0,NA,6072,5,NA,27,2,7,0,2,0,2,1,0,8,1,0,0.0,25.0,0,0.29,0,0,0,0,0,0,0.0,2,NA,NA,NA,NA,NA,NA,0,0,0,0,0,0.29,NA,3407,56:47,2,exhibition,18,NA,NA,NA,NA,NA,NA,NA,NA,NA,NA,NA,NA,NA,NA,NA,NA,NA,NA,NA,NA,NA
8,2025-26 Regular Season,2025-26 Reg,0,1,1,2025-11-21,2,,11,0,30,2,2,-7,0,0,0,19,0,0,0.0,0.0,0,0.07,0,0,0,0,0,0,0.0,32,Vancouver Goldeneyes,VAN,Vancouver,Goldeneyes,9,1,0,0,0,0,0,0,PWHL,24910,415:10,43,regular,180,NA,NA,NA,NA,NA,NA,NA,NA,NA,NA,NA,NA,NA,NA,NA,NA,NA,NA,NA,NA,NA
5,2024-25 Regular Season,2024-25 Reg,0,1,1,2024-11-25,2,,15,1,27,2,3,-5,14,1,1,19,0,0,0.0,5.3,0,0.11,0,0,0,0,1,4,25.0,25,Boston Fleet,BOS,Boston,Fleet,1,1,0,0,0,0,0,0.518519,PWHL,27945,465:45,26,regular,180,NA,NA,NA,NA,NA,NA,NA,NA,NA,NA,NA,NA,NA,NA,NA,NA,NA,NA,NA,NA,NA
13,Total,Total,0,2,NA,4049,4,NA,26,1,57,4,5,-12,14,1,1,38,0,0,0.0,2.6,0,0.09,0,0,0,0,1,4,25.0,57,NA,NA,NA,NA,NA,NA,0,0,0,0,0,0.25,NA,52855,880:55,69,regular,180,NA,NA,NA,NA,NA,NA,NA,NA,NA,NA,NA,NA,NA,NA,NA,NA,NA,NA,NA,NA,NA
7,2025-26 Preseason,2025-26 Preseason,0,0,1,2025-06-13,2,,11,0,1,0,0,-1,0,0,0,2,0,0,0.0,0.0,0,0.00,0,0,0,0,0,0,0.0,1,Vancouver Goldeneyes,VAN,Vancouver,Goldeneyes,9,1,0,0,0,0,0,0,PWHL,1138,18:58,1,exhibition,180,NA,NA,NA,NA,NA,NA,NA,NA,NA,NA,NA,NA,NA,NA,NA,NA,NA,NA,NA,NA,NA
4,2024-25 Preseason,2024-25 Preseason,0,0,1,2024-11-01,2,,15,0,2,1,1,-1,0,0,0,3,0,0,0.0,0.0,0,0.50,0,0,0,0,0,0,0.0,1,Boston Fleet,BOS,Boston,Fleet,1,1,0,0,0,0,0,0,PWHL,2089,34:49,1,exhibition,180,NA,NA,NA,NA,NA,NA,NA,NA,NA,NA,NA,NA,NA,NA,NA,NA,NA,NA,NA,NA,NA
11,Total,Total,0,0,NA,4049,4,NA,26,0,3,1,1,-2,0,0,0,5,0,0,0.0,0.0,0,0.33,0,0,0,0,0,0,0.0,2,NA,NA,NA,NA,NA,NA,0,0,0,0,0,0.00,NA,3227,53:47,2,exhibition,180,NA,NA,NA,NA,NA,NA,NA,NA,NA,NA,NA,NA,NA,NA,NA,NA,NA,NA,NA,NA,NA
8,2025-26 Regular Season,2025-26 Reg,0,1,1,2025-11-21,2,,19,4,14,5,9,-6,4,0,5,38,3,1,33.3,10.5,1,0.64,0,0,0,0,1,2,50.0,8,Seattle Torrent,SEA,Seattle,Torrent,8,1,0,0,0,0,1,0.285714,PWHL,15072,251:12,7,regular,181,NA,NA,NA,NA,NA,NA,NA,NA,NA,NA,NA,NA,NA,NA,NA,NA,NA,NA,NA,NA,NA
5,2024-25 Regular Season,2024-25 Reg,0,1,1,2024-11-25,2,,19,5,16,6,11,-4,6,2,3,36,1,1,100.0,13.9,1,0.69,0,0,0,0,1,6,16.7,14,Boston Fleet,BOS,Boston,Fleet,1,1,1,0,0,0,0,0.375000,PWHL,19673,327:53,4,regular,181,NA,NA,NA,NA,NA,NA,NA,NA,NA,NA,NA,NA,NA,NA,NA,NA,NA,NA,NA,NA,NA
13,Total,Total,0,2,NA,4049,4,NA,38,9,30,11,20,-10,10,2,8,74,4,2,50.0,12.2,2,0.67,0,0,0,0,2,8,25.0,22,NA,NA,NA,NA,NA,NA,1,0,0,0,1,0.33,NA,34745,579:05,11,regular,181,NA,NA,NA,NA,NA,NA,NA,NA,NA,NA,NA,NA,NA,NA,NA,NA,NA,NA,NA,NA,NA
7,2025-26 Preseason,2025-26 Preseason,0,0,1,2025-06-13,2,,19,0,1,0,0,-1,0,0,0,0,0,0,0.0,0.0,0,0.00,0,0,0,0,0,0,0.0,1,Seattle Torrent,SEA,Seattle,Torrent,8,1,0,0,0,0,0,0,PWHL,1075,17:55,0,exhibition,181,NA,NA,NA,NA,NA,NA,NA,NA,NA,NA,NA,NA,NA,NA,NA,NA,NA,NA,NA,NA,NA
4,2024-25 Preseason,2024-25 Preseason,0,0,1,2024-11-01,2,,19,0,2,1,1,-1,0,0,0,7,0,0,0.0,0.0,0,0.50,0,0,0,0,0,0,0.0,3,Boston Fleet,BOS,Boston,Fleet,1,1,0,0,0,0,0,0,PWHL,1910,31:50,0,exhibition,181,NA,NA,NA,NA,NA,NA,NA,NA,NA,NA,NA,NA,NA,NA,NA,NA,NA,NA,NA,NA,NA
11,Total,Total,0,0,NA,4049,4,NA,38,0,3,1,1,-2,0,0,0,7,0,0,0.0,0.0,0,0.33,0,0,0,0,0,0,0.0,4,NA,NA,NA,NA,NA,NA,0,0,0,0,0,0.00,NA,2985,49:45,0,exhibition,181,NA,NA,NA,NA,NA,NA,NA,NA,NA,NA,NA,NA,NA,NA,NA,NA,NA,NA,NA,NA,NA
8,2025-26 Regular Season,2025-26 Reg,0,1,1,2025-11-21,1,*,27,3,30,4,7,1,10,0,0,47,0,0,0.0,6.4,0,0.23,0,0,2,0,60,117,51.3,48,Boston Fleet,BOS,Boston,Fleet,1,1,1,0,1,2,0,0.333333,PWHL,27510,458:30,22,regular,183,NA,NA,NA,NA,NA,NA,NA,NA,NA,NA,NA,NA,NA,NA,NA,NA,NA,NA,NA,NA,NA
5,2024-25 Regular Season,2024-25 Reg,0,1,1,2024-11-25,2,,27,3,30,6,9,1,8,0,2,52,0,0,0.0,5.8,0,0.30,0,0,0,0,158,330,47.9,39,Boston Fleet,BOS,Boston,Fleet,1,1,0,1,0,0,0,0.266667,PWHL,23778,396:18,12,regular,183,NA,NA,NA,NA,NA,NA,NA,NA,NA,NA,NA,NA,NA,NA,NA,NA,NA,NA,NA,NA,NA
13,Total,Total,0,2,NA,4049,3,NA,54,6,60,10,16,2,18,0,2,99,0,0,0.0,6.1,0,0.27,0,0,2,0,218,447,48.8,87,NA,NA,NA,NA,NA,NA,1,1,1,2,0,0.30,NA,51288,854:48,34,regular,183,NA,NA,NA,NA,NA,NA,NA,NA,NA,NA,NA,NA,NA,NA,NA,NA,NA,NA,NA,NA,NA
9,2026 Playoffs,2026 Playoffs,1,1,1,2026-04-28,1,*,27,1,4,1,2,2,0,0,0,5,0,0,0.0,20.0,0,0.50,0,0,0,0,4,16,25.0,4,Boston Fleet,BOS,Boston,Fleet,1,1,0,0,0,0,0,0,PWHL,3872,64:32,2,playoff,183,NA,NA,NA,NA,NA,NA,NA,NA,NA,NA,NA,NA,NA,NA,NA,NA,NA,NA,NA,NA,NA
9,Total,Total,1,1,NA,2026,1,NA,27,1,4,1,2,2,0,0,0,5,0,0,0.0,20.0,0,0.50,0,0,0,0,4,16,25.0,4,NA,NA,NA,NA,NA,NA,0,0,0,0,0,0.00,NA,3872,64:32,2,playoff,183,NA,NA,NA,NA,NA,NA,NA,NA,NA,NA,NA,NA,NA,NA,NA,NA,NA,NA,NA,NA,NA
7,2025-26 Preseason,2025-26 Preseason,0,0,1,2025-07-15,1,*,27,0,1,1,1,1,0,0,0,3,0,0,0.0,0.0,0,1.00,0,0,0,0,9,20,45.0,3,Boston Fleet,BOS,Boston,Fleet,1,1,0,0,0,0,0,0,PWHL,1001,16:41,0,exhibition,183,NA,NA,NA,NA,NA,NA,NA,NA,NA,NA,NA,NA,NA,NA,NA,NA,NA,NA,NA,NA,NA
4,2024-25 Preseason,2024-25 Preseason,0,0,1,2024-11-01,2,,27,1,2,0,1,-1,0,0,0,4,0,0,0.0,25.0,0,0.50,0,0,0,0,3,9,33.3,8,Boston Fleet,BOS,Boston,Fleet,1,1,0,1,0,0,1,0,PWHL,1225,20:25,0,exhibition,183,NA,NA,NA,NA,NA,NA,NA,NA,NA,NA,NA,NA,NA,NA,NA,NA,NA,NA,NA,NA,NA
11,Total,Total,0,0,NA,4049,3,NA,54,1,3,1,2,0,0,0,0,7,0,0,0.0,14.3,0,0.67,0,0,0,0,12,29,41.4,11,NA,NA,NA,NA,NA,NA,0,1,0,0,1,0.00,NA,2226,37:06,0,exhibition,183,NA,NA,NA,NA,NA,NA,NA,NA,NA,NA,NA,NA,NA,NA,NA,NA,NA,NA,NA,NA,NA
8,2025-26 Regular Season,2025-26 Reg,0,1,1,2025-11-21,1,*,55,2,27,2,4,6,6,0,0,34,0,0,0.0,5.9,0,0.15,0,0,0,0,0,0,0.0,30,Boston Fleet,BOS,Boston,Fleet,1,1,1,0,0,0,0,0.222222,PWHL,23894,398:14,16,regular,185,NA,NA,NA,NA,NA,NA,NA,NA,NA,NA,NA,NA,NA,NA,NA,NA,NA,NA,NA,NA,NA
5,2024-25 Regular Season,2024-25 Reg,0,1,1,2024-11-25,2,,55,0,28,3,3,-1,8,0,0,18,0,0,0.0,0.0,0,0.11,0,0,0,0,0,0,0.0,31,Boston Fleet,BOS,Boston,Fleet,1,1,0,0,0,0,0,0.285714,PWHL,20702,345:02,6,regular,185,NA,NA,NA,NA,NA,NA,NA,NA,NA,NA,NA,NA,NA,NA,NA,NA,NA,NA,NA,NA,NA
13,Total,Total,0,2,NA,4049,3,NA,110,2,55,5,7,5,14,0,0,52,0,0,0.0,3.8,0,0.13,0,0,0,0,0,0,0.0,61,NA,NA,NA,NA,NA,NA,1,0,0,0,0,0.25,NA,44596,743:16,22,regular,185,NA,NA,NA,NA,NA,NA,NA,NA,NA,NA,NA,NA,NA,NA,NA,NA,NA,NA,NA,NA,NA
9,2026 Playoffs,2026 Playoffs,1,1,1,2026-04-28,1,*,55,0,4,0,0,-2,4,0,0,6,0,0,0.0,0.0,0,0.00,0,0,0,0,0,0,0.0,2,Boston Fleet,BOS,Boston,Fleet,1,1,0,0,0,0,0,1.000000,PWHL,4668,77:48,2,playoff,185,NA,NA,NA,NA,NA,NA,NA,NA,NA,NA,NA,NA,NA,NA,NA,NA,NA,NA,NA,NA,NA
9,Total,Total,1,1,NA,2026,1,NA,55,0,4,0,0,-2,4,0,0,6,0,0,0.0,0.0,0,0.00,0,0,0,0,0,0,0.0,2,NA,NA,NA,NA,NA,NA,0,0,0,0,0,1.00,NA,4668,77:48,2,playoff,185,NA,NA,NA,NA,NA,NA,NA,NA,NA,NA,NA,NA,NA,NA,NA,NA,NA,NA,NA,NA,NA
7,2025-26 Preseason,2025-26 Preseason,0,0,1,2025-06-01,1,*,55,0,1,0,0,0,0,0,0,0,0,0,0.0,0.0,0,0.00,0,0,0,0,0,0,0.0,1,Boston Fleet,BOS,Boston,Fleet,1,1,0,0,0,0,0,0,PWHL,1209,20:09,1,exhibition,185,NA,NA,NA,NA,NA,NA,NA,NA,NA,NA,NA,NA,NA,NA,NA,NA,NA,NA,NA,NA,NA
4,2024-25 Preseason,2024-25 Preseason,0,0,1,2024-11-01,2,,55,0,2,0,0,-1,0,0,0,4,0,0,0.0,0.0,0,0.00,0,0,0,0,0,0,0.0,1,Boston Fleet,BOS,Boston,Fleet,1,1,0,0,0,0,0,0,PWHL,2144,35:44,3,exhibition,185,NA,NA,NA,NA,NA,NA,NA,NA,NA,NA,NA,NA,NA,NA,NA,NA,NA,NA,NA,NA,NA
11,Total,Total,0,0,NA,4049,3,NA,110,0,3,0,0,-1,0,0,0,4,0,0,0.0,0.0,0,0.00,0,0,0,0,0,0,0.0,2,NA,NA,NA,NA,NA,NA,0,0,0,0,0,0.00,NA,3353,55:53,4,exhibition,185,NA,NA,NA,NA,NA,NA,NA,NA,NA,NA,NA,NA,NA,NA,NA,NA,NA,NA,NA,NA,NA
5,2024-25 Regular Season,2024-25 Reg,0,1,NA,2024-11-25,2,,NA,0,4,0,0,NA,0,NA,NA,NA,NA,NA,NA,NA,NA,NA,NA,NA,NA,NA,NA,NA,NA,NA,Boston Fleet,BOS,Boston,Fleet,1,NA,NA,NA,NA,NA,NA,NA,PWHL,NA,NA,NA,regular,186,6,0,0,1.79,201,12047,95,2,0,0,1,1,0,1,0.000,0,1,89,0.937,26.0,1.79
5,Total,Total,0,1,NA,2024,2,NA,NA,0,4,0,0,NA,0,NA,NA,NA,NA,NA,NA,NA,NA,NA,NA,NA,NA,NA,NA,NA,NA,NA,NA,NA,NA,NA,NA,NA,NA,NA,NA,NA,NA,NA,NA,NA,NA,NA,regular,186,6,0,0,1.79,201,12047,95,2,0,0,1,1,0,1,0.000,0,1,89,0.937,26.6,1.79
4,2024-25 Preseason,2024-25 Preseason,0,0,NA,2024-11-01,2,,NA,0,2,0,0,NA,0,NA,NA,NA,NA,NA,NA,NA,NA,NA,NA,NA,NA,NA,NA,NA,NA,NA,Boston Fleet,BOS,Boston,Fleet,1,NA,NA,NA,NA,NA,NA,NA,PWHL,NA,NA,NA,exhibition,186,5,0,0,5.29,57,3405,30,0,0,0,0,0,0,0,0.000,0,0,25,0.833,26.0,5.29
4,Total,Total,0,0,NA,2024,2,NA,NA,0,2,0,0,NA,0,NA,NA,NA,NA,NA,NA,NA,NA,NA,NA,NA,NA,NA,NA,NA,NA,NA,NA,NA,NA,NA,NA,NA,NA,NA,NA,NA,NA,NA,NA,NA,NA,NA,exhibition,186,5,0,0,5.29,57,3405,30,0,0,0,0,0,0,0,0.000,0,0,25,0.833,26.4,5.29
5,2024-25 Regular Season,2024-25 Reg,0,1,1,2024-11-25,2,,8,0,2,0,0,-1,0,0,0,0,0,0,0.0,0.0,0,0.00,0,0,0,0,0,0,0.0,0,Minnesota Frost,MIN,Minnesota,Frost,2,1,0,0,0,0,0,0,PWHL,494,8:14,1,regular,187,NA,NA,NA,NA,NA,NA,NA,NA,NA,NA,NA,NA,NA,NA,NA,NA,NA,NA,NA,NA,NA
5,Total,Total,0,1,NA,2024,2,NA,8,0,2,0,0,-1,0,0,0,0,0,0,0.0,0.0,0,0.00,0,0,0,0,0,0,0.0,0,NA,NA,NA,NA,NA,NA,0,0,0,0,0,0.00,NA,494,8:14,1,regular,187,NA,NA,NA,NA,NA,NA,NA,NA,NA,NA,NA,NA,NA,NA,NA,NA,NA,NA,NA,NA,NA
4,2024-25 Preseason,2024-25 Preseason,0,0,1,2024-10-16,2,,8,0,2,0,0,2,0,0,0,3,0,0,0.0,0.0,0,0.00,0,0,0,0,0,0,0.0,2,Minnesota Frost,MIN,Minnesota,Frost,2,1,0,0,0,0,0,0,PWHL,2185,36:25,1,exhibition,187,NA,NA,NA,NA,NA,NA,NA,NA,NA,NA,NA,NA,NA,NA,NA,NA,NA,NA,NA,NA,NA
4,Total,Total,0,0,NA,2024,2,NA,8,0,2,0,0,2,0,0,0,3,0,0,0.0,0.0,0,0.00,0,0,0,0,0,0,0.0,2,NA,NA,NA,NA,NA,NA,0,0,0,0,0,0.00,NA,2185,36:25,1,exhibition,187,NA,NA,NA,NA,NA,NA,NA,NA,NA,NA,NA,NA,NA,NA,NA,NA,NA,NA,NA,NA,NA
8,2025-26 Regular Season,2025-26 Reg,0,1,1,2025-11-21,2,,21,3,30,12,15,10,4,1,6,36,0,0,0.0,8.3,0,0.50,0,0,0,0,1,4,25.0,4,Minnesota Frost,MIN,Minnesota,Frost,2,1,1,0,0,0,0,0.133333,PWHL,33756,562:36,18,regular,188,NA,NA,NA,NA,NA,NA,NA,NA,NA,NA,NA,NA,NA,NA,NA,NA,NA,NA,NA,NA,NA
5,2024-25 Regular Season,2024-25 Reg,0,1,1,2024-11-25,2,,9,0,25,3,3,13,6,0,0,20,0,0,0.0,0.0,0,0.12,0,0,0,0,1,1,100.0,4,Minnesota Frost,MIN,Minnesota,Frost,2,1,0,0,0,0,0,0.240000,PWHL,23628,393:48,7,regular,188,NA,NA,NA,NA,NA,NA,NA,NA,NA,NA,NA,NA,NA,NA,NA,NA,NA,NA,NA,NA,NA
13,Total,Total,0,2,NA,4049,4,NA,30,3,55,15,18,23,10,1,6,56,0,0,0.0,5.4,0,0.33,0,0,0,0,2,5,40.0,8,NA,NA,NA,NA,NA,NA,1,0,0,0,0,0.18,NA,57384,956:24,25,regular,188,NA,NA,NA,NA,NA,NA,NA,NA,NA,NA,NA,NA,NA,NA,NA,NA,NA,NA,NA,NA,NA
9,2026 Playoffs,2026 Playoffs,1,1,1,2026-04-28,2,,21,0,5,2,2,-2,4,0,1,5,0,0,0.0,0.0,0,0.40,0,0,0,0,0,0,0.0,0,Minnesota Frost,MIN,Minnesota,Frost,2,1,0,0,0,0,0,0.800000,PWHL,5658,94:18,5,playoff,188,NA,NA,NA,NA,NA,NA,NA,NA,NA,NA,NA,NA,NA,NA,NA,NA,NA,NA,NA,NA,NA
6,2025 Playoffs,2025 Playoffs,1,1,1,2025-05-06,2,,9,0,3,0,0,-2,0,0,0,1,0,0,0.0,0.0,0,0.00,0,0,0,0,0,0,0.0,0,Minnesota Frost,MIN,Minnesota,Frost,2,1,0,0,0,0,0,0,PWHL,1251,20:51,1,playoff,188,NA,NA,NA,NA,NA,NA,NA,NA,NA,NA,NA,NA,NA,NA,NA,NA,NA,NA,NA,NA,NA
15,Total,Total,1,2,NA,4051,4,NA,30,0,8,2,2,-4,4,0,1,6,0,0,0.0,0.0,0,0.25,0,0,0,0,0,0,0.0,0,NA,NA,NA,NA,NA,NA,0,0,0,0,0,0.50,NA,6909,115:09,6,playoff,188,NA,NA,NA,NA,NA,NA,NA,NA,NA,NA,NA,NA,NA,NA,NA,NA,NA,NA,NA,NA,NA
7,2025-26 Preseason,2025-26 Preseason,0,0,1,2025-06-01,2,,21,2,1,1,3,2,0,1,0,2,0,0,0.0,100.0,0,3.00,0,0,1,0,0,0,0.0,0,Minnesota Frost,MIN,Minnesota,Frost,2,1,0,0,0,0,0,0,PWHL,1435,23:55,0,exhibition,188,NA,NA,NA,NA,NA,NA,NA,NA,NA,NA,NA,NA,NA,NA,NA,NA,NA,NA,NA,NA,NA
4,2024-25 Preseason,2024-25 Preseason,0,0,1,2024-10-17,2,,9,2,2,0,2,-1,2,2,0,4,0,0,0.0,50.0,0,1.00,0,0,1,0,0,0,0.0,0,Minnesota Frost,MIN,Minnesota,Frost,2,1,1,0,1,0,0,1.000000,PWHL,3263,54:23,0,exhibition,188,NA,NA,NA,NA,NA,NA,NA,NA,NA,NA,NA,NA,NA,NA,NA,NA,NA,NA,NA,NA,NA
11,Total,Total,0,0,NA,4049,4,NA,30,4,3,1,5,1,2,3,0,6,0,0,0.0,66.7,0,1.67,0,0,2,0,0,0,0.0,0,NA,NA,NA,NA,NA,NA,1,0,1,0,0,0.67,NA,4698,78:18,0,exhibition,188,NA,NA,NA,NA,NA,NA,NA,NA,NA,NA,NA,NA,NA,NA,NA,NA,NA,NA,NA,NA,NA
8,2025-26 Regular Season,2025-26 Reg,0,1,1,2025-11-21,2,,77,11,30,18,29,7,22,0,6,64,0,0,0.0,17.2,0,0.97,0,0,3,0,67,119,56.3,29,Minnesota Frost,MIN,Minnesota,Frost,2,1,1,1,0,0,3,0.733333,PWHL,31261,521:01,22,regular,189,NA,NA,NA,NA,NA,NA,NA,NA,NA,NA,NA,NA,NA,NA,NA,NA,NA,NA,NA,NA,NA
5,2024-25 Regular Season,2024-25 Reg,0,1,1,2024-11-25,2,,77,9,28,6,15,3,24,1,2,64,5,2,40.0,14.1,0,0.54,0,0,2,0,25,60,41.7,28,Minnesota Frost,MIN,Minnesota,Frost,2,1,2,0,1,0,0,0.857143,PWHL,28760,479:20,25,regular,189,NA,NA,NA,NA,NA,NA,NA,NA,NA,NA,NA,NA,NA,NA,NA,NA,NA,NA,NA,NA,NA
13,Total,Total,0,2,NA,4049,4,NA,154,20,58,24,44,10,46,1,8,128,5,2,40.0,15.6,0,0.76,0,0,5,0,92,179,51.4,57,NA,NA,NA,NA,NA,NA,3,1,1,0,3,0.79,NA,60021,1000:21,47,regular,189,NA,NA,NA,NA,NA,NA,NA,NA,NA,NA,NA,NA,NA,NA,NA,NA,NA,NA,NA,NA,NA
9,2026 Playoffs,2026 Playoffs,1,1,1,2026-04-28,2,,77,0,4,2,2,4,17,0,0,0,0,0,0.0,0.0,0,0.50,0,0,0,0,30,54,55.6,8,Minnesota Frost,MIN,Minnesota,Frost,2,1,0,0,0,0,0,4.250000,PWHL,3700,61:40,4,playoff,189,NA,NA,NA,NA,NA,NA,NA,NA,NA,NA,NA,NA,NA,NA,NA,NA,NA,NA,NA,NA,NA
6,2025 Playoffs,2025 Playoffs,1,1,1,2025-05-06,2,,77,3,7,0,3,0,15,2,0,9,0,0,0.0,33.3,0,0.43,0,0,1,0,26,45,57.8,9,Minnesota Frost,MIN,Minnesota,Frost,2,1,0,0,1,0,0,2.142857,PWHL,7504,125:04,2,playoff,189,NA,NA,NA,NA,NA,NA,NA,NA,NA,NA,NA,NA,NA,NA,NA,NA,NA,NA,NA,NA,NA
15,Total,Total,1,2,NA,4051,4,NA,154,3,11,2,5,4,32,2,0,9,0,0,0.0,33.3,0,0.45,0,0,1,0,56,99,56.6,17,NA,NA,NA,NA,NA,NA,0,0,1,0,0,2.91,NA,11204,186:44,6,playoff,189,NA,NA,NA,NA,NA,NA,NA,NA,NA,NA,NA,NA,NA,NA,NA,NA,NA,NA,NA,NA,NA
7,2025-26 Preseason,2025-26 Preseason,0,0,1,2025-06-01,2,,77,0,1,0,0,-1,0,0,0,3,0,0,0.0,0.0,0,0.00,0,0,0,0,0,0,0.0,2,Minnesota Frost,MIN,Minnesota,Frost,2,1,0,0,0,0,0,0,PWHL,745,12:25,0,exhibition,189,NA,NA,NA,NA,NA,NA,NA,NA,NA,NA,NA,NA,NA,NA,NA,NA,NA,NA,NA,NA,NA
4,2024-25 Preseason,2024-25 Preseason,0,0,1,2024-10-17,2,,77,1,2,0,1,0,0,0,0,5,0,0,0.0,20.0,0,0.50,0,0,0,0,0,1,0.0,0,Minnesota Frost,MIN,Minnesota,Frost,2,1,0,1,0,0,0,0,PWHL,1736,28:56,2,exhibition,189,NA,NA,NA,NA,NA,NA,NA,NA,NA,NA,NA,NA,NA,NA,NA,NA,NA,NA,NA,NA,NA
11,Total,Total,0,0,NA,4049,4,NA,154,1,3,0,1,-1,0,0,0,8,0,0,0.0,12.5,0,0.33,0,0,0,0,0,1,0.0,2,NA,NA,NA,NA,NA,NA,0,1,0,0,0,0.00,NA,2481,41:21,2,exhibition,189,NA,NA,NA,NA,NA,NA,NA,NA,NA,NA,NA,NA,NA,NA,NA,NA,NA,NA,NA,NA,NA
8,2025-26 Regular Season,2025-26 Reg,0,1,1,2025-11-21,2,,71,3,29,5,8,-5,6,1,0,25,0,0,0.0,12.0,0,0.28,0,0,0,0,46,106,43.4,31,Minnesota Frost,MIN,Minnesota,Frost,2,1,0,1,0,0,0,0.206897,PWHL,22732,378:52,19,regular,190,NA,NA,NA,NA,NA,NA,NA,NA,NA,NA,NA,NA,NA,NA,NA,NA,NA,NA,NA,NA,NA
5,2024-25 Regular Season,2024-25 Reg,0,1,1,2024-11-25,2,,71,1,29,1,2,-1,4,1,1,21,0,0,0.0,4.8,0,0.07,0,0,0,0,16,39,41.0,23,Minnesota Frost,MIN,Minnesota,Frost,2,1,0,0,0,0,0,0.137931,PWHL,19974,332:54,8,regular,190,NA,NA,NA,NA,NA,NA,NA,NA,NA,NA,NA,NA,NA,NA,NA,NA,NA,NA,NA,NA,NA
13,Total,Total,0,2,NA,4049,4,NA,142,4,58,6,10,-6,10,2,1,46,0,0,0.0,8.7,0,0.17,0,0,0,0,62,145,42.8,54,NA,NA,NA,NA,NA,NA,0,1,0,0,0,0.17,NA,42706,711:46,27,regular,190,NA,NA,NA,NA,NA,NA,NA,NA,NA,NA,NA,NA,NA,NA,NA,NA,NA,NA,NA,NA,NA
9,2026 Playoffs,2026 Playoffs,1,1,1,2026-04-28,2,,71,0,5,2,2,0,2,0,0,7,0,0,0.0,0.0,0,0.40,0,1,0,0,1,2,50.0,7,Minnesota Frost,MIN,Minnesota,Frost,2,1,0,0,0,0,0,0.400000,PWHL,5011,83:31,1,playoff,190,NA,NA,NA,NA,NA,NA,NA,NA,NA,NA,NA,NA,NA,NA,NA,NA,NA,NA,NA,NA,NA
6,2025 Playoffs,2025 Playoffs,1,1,1,2025-05-06,2,,71,1,8,4,5,1,0,0,0,9,0,0,0.0,11.1,0,0.63,0,0,0,0,1,2,50.0,5,Minnesota Frost,MIN,Minnesota,Frost,2,1,0,0,0,0,0,0,PWHL,6003,100:03,4,playoff,190,NA,NA,NA,NA,NA,NA,NA,NA,NA,NA,NA,NA,NA,NA,NA,NA,NA,NA,NA,NA,NA
15,Total,Total,1,2,NA,4051,4,NA,142,1,13,6,7,1,2,0,0,16,0,0,0.0,6.2,0,0.54,0,1,0,0,2,4,50.0,12,NA,NA,NA,NA,NA,NA,0,0,0,0,0,0.15,NA,11014,183:34,5,playoff,190,NA,NA,NA,NA,NA,NA,NA,NA,NA,NA,NA,NA,NA,NA,NA,NA,NA,NA,NA,NA,NA
7,2025-26 Preseason,2025-26 Preseason,0,0,1,2025-06-01,2,,71,0,1,0,0,-1,0,0,0,1,0,0,0.0,0.0,0,0.00,0,0,0,0,0,3,0.0,0,Minnesota Frost,MIN,Minnesota,Frost,2,1,0,0,0,0,0,0,PWHL,919,15:19,1,exhibition,190,NA,NA,NA,NA,NA,NA,NA,NA,NA,NA,NA,NA,NA,NA,NA,NA,NA,NA,NA,NA,NA
4,2024-25 Preseason,2024-25 Preseason,0,0,1,2024-10-17,2,,71,0,2,0,0,0,0,0,0,1,0,0,0.0,0.0,0,0.00,0,0,0,0,9,12,75.0,3,Minnesota Frost,MIN,Minnesota,Frost,2,1,0,0,0,0,0,0,PWHL,1535,25:35,0,exhibition,190,NA,NA,NA,NA,NA,NA,NA,NA,NA,NA,NA,NA,NA,NA,NA,NA,NA,NA,NA,NA,NA
11,Total,Total,0,0,NA,4049,4,NA,142,0,3,0,0,-1,0,0,0,2,0,0,0.0,0.0,0,0.00,0,0,0,0,9,15,60.0,3,NA,NA,NA,NA,NA,NA,0,0,0,0,0,0.00,NA,2454,40:54,1,exhibition,190,NA,NA,NA,NA,NA,NA,NA,NA,NA,NA,NA,NA,NA,NA,NA,NA,NA,NA,NA,NA,NA
8,2025-26 Regular Season,2025-26 Reg,0,1,1,2025-11-21,2,,6,7,30,2,9,2,18,1,0,41,0,0,0.0,17.1,0,0.30,0,0,1,0,19,52,36.5,31,Minnesota Frost,MIN,Minnesota,Frost,2,1,1,1,0,1,2,0.600000,PWHL,25671,427:51,23,regular,191,NA,NA,NA,NA,NA,NA,NA,NA,NA,NA,NA,NA,NA,NA,NA,NA,NA,NA,NA,NA,NA
5,2024-25 Regular Season,2024-25 Reg,0,1,1,2024-11-25,2,,6,1,21,1,2,-2,6,0,0,11,0,0,0.0,9.1,0,0.10,0,0,0,0,23,68,33.8,11,Minnesota Frost,MIN,Minnesota,Frost,2,1,0,1,0,0,0,0.285714,PWHL,9548,159:08,9,regular,191,NA,NA,NA,NA,NA,NA,NA,NA,NA,NA,NA,NA,NA,NA,NA,NA,NA,NA,NA,NA,NA
13,Total,Total,0,2,NA,4049,4,NA,12,8,51,3,11,0,24,1,0,52,0,0,0.0,15.4,0,0.22,0,0,1,0,42,120,35.0,42,NA,NA,NA,NA,NA,NA,1,2,0,1,2,0.47,NA,35219,586:59,32,regular,191,NA,NA,NA,NA,NA,NA,NA,NA,NA,NA,NA,NA,NA,NA,NA,NA,NA,NA,NA,NA,NA
9,2026 Playoffs,2026 Playoffs,1,1,1,2026-04-28,2,,6,1,5,0,1,2,0,0,0,9,0,0,0.0,11.1,0,0.20,0,0,0,0,0,2,0.0,7,Minnesota Frost,MIN,Minnesota,Frost,2,1,1,0,0,0,0,0,PWHL,5317,88:37,6,playoff,191,NA,NA,NA,NA,NA,NA,NA,NA,NA,NA,NA,NA,NA,NA,NA,NA,NA,NA,NA,NA,NA
6,2025 Playoffs,2025 Playoffs,1,1,1,2025-05-06,2,,6,2,8,3,5,2,0,0,0,12,0,0,0.0,16.7,0,0.63,0,0,1,0,2,4,50.0,9,Minnesota Frost,MIN,Minnesota,Frost,2,1,0,0,1,0,0,0,PWHL,5456,90:56,2,playoff,191,NA,NA,NA,NA,NA,NA,NA,NA,NA,NA,NA,NA,NA,NA,NA,NA,NA,NA,NA,NA,NA
15,Total,Total,1,2,NA,4051,4,NA,12,3,13,3,6,4,0,0,0,21,0,0,0.0,14.3,0,0.46,0,0,1,0,2,6,33.3,16,NA,NA,NA,NA,NA,NA,1,0,1,0,0,0.00,NA,10773,179:33,8,playoff,191,NA,NA,NA,NA,NA,NA,NA,NA,NA,NA,NA,NA,NA,NA,NA,NA,NA,NA,NA,NA,NA
7,2025-26 Preseason,2025-26 Preseason,0,0,1,2025-06-01,2,,6,0,2,0,0,-1,0,0,0,3,0,0,0.0,0.0,0,0.00,0,0,0,0,6,14,42.9,0,Minnesota Frost,MIN,Minnesota,Frost,2,1,0,0,0,0,0,0,PWHL,1814,30:14,1,exhibition,191,NA,NA,NA,NA,NA,NA,NA,NA,NA,NA,NA,NA,NA,NA,NA,NA,NA,NA,NA,NA,NA
4,2024-25 Preseason,2024-25 Preseason,0,0,1,2024-10-17,2,,6,1,2,0,1,0,0,0,0,4,0,0,0.0,25.0,0,0.50,0,0,1,0,11,18,61.1,2,Minnesota Frost,MIN,Minnesota,Frost,2,1,0,0,0,0,0,0,PWHL,1356,22:36,0,exhibition,191,NA,NA,NA,NA,NA,NA,NA,NA,NA,NA,NA,NA,NA,NA,NA,NA,NA,NA,NA,NA,NA
11,Total,Total,0,0,NA,4049,4,NA,12,1,4,0,1,-1,0,0,0,7,0,0,0.0,14.3,0,0.25,0,0,1,0,17,32,53.1,2,NA,NA,NA,NA,NA,NA,0,0,0,0,0,0.00,NA,3170,52:50,1,exhibition,191,NA,NA,NA,NA,NA,NA,NA,NA,NA,NA,NA,NA,NA,NA,NA,NA,NA,NA,NA,NA,NA
8,2025-26 Regular Season,2025-26 Reg,0,1,1,2025-11-21,2,,26,0,13,1,1,-5,6,0,0,10,0,0,0.0,0.0,0,0.08,0,0,0,0,3,4,75.0,23,Vancouver Goldeneyes,VAN,Vancouver,Goldeneyes,9,0,0,0,0,0,0,0.461538,PWHL,7729,128:49,1,regular,192,NA,NA,NA,NA,NA,NA,NA,NA,NA,NA,NA,NA,NA,NA,NA,NA,NA,NA,NA,NA,NA
8,2025-26 Regular Season,2025-26 Reg,0,1,1,2026-01-18,2,,27,0,17,1,1,-2,4,0,0,7,0,0,0.0,0.0,0,0.06,0,0,0,0,7,11,63.6,17,Ottawa Charge,OTT,Ottawa,Charge,5,1,0,0,0,0,0,0.235294,PWHL,11076,184:36,5,regular,192,NA,NA,NA,NA,NA,NA,NA,NA,NA,NA,NA,NA,NA,NA,NA,NA,NA,NA,NA,NA,NA
5,2024-25 Regular Season,2024-25 Reg,0,1,1,2024-11-25,2,,3,8,29,7,15,2,25,1,2,40,2,0,0.0,20.0,0,0.52,0,0,0,0,2,5,40.0,25,Minnesota Frost,MIN,Minnesota,Frost,2,1,1,1,0,0,1,0.862069,PWHL,22594,376:34,10,regular,192,NA,NA,NA,NA,NA,NA,NA,NA,NA,NA,NA,NA,NA,NA,NA,NA,NA,NA,NA,NA,NA
21,Total,Total,0,3,NA,6075,6,NA,56,8,59,9,17,-5,35,1,2,57,2,0,0.0,14.0,0,0.29,0,0,0,0,12,20,60.0,65,NA,NA,NA,NA,NA,NA,1,1,0,0,1,0.59,NA,41399,689:59,16,regular,192,NA,NA,NA,NA,NA,NA,NA,NA,NA,NA,NA,NA,NA,NA,NA,NA,NA,NA,NA,NA,NA
9,2026 Playoffs,2026 Playoffs,1,1,1,2026-04-28,2,,27,0,8,0,0,1,0,0,0,1,0,0,0.0,0.0,0,0.00,0,0,0,0,0,0,0.0,5,Ottawa Charge,OTT,Ottawa,Charge,5,1,0,0,0,0,0,0,PWHL,4575,76:15,3,playoff,192,NA,NA,NA,NA,NA,NA,NA,NA,NA,NA,NA,NA,NA,NA,NA,NA,NA,NA,NA,NA,NA
6,2025 Playoffs,2025 Playoffs,1,1,1,2025-05-06,2,,3,2,8,1,3,0,2,1,0,13,0,0,0.0,15.4,0,0.38,0,0,0,0,1,3,33.3,9,Minnesota Frost,MIN,Minnesota,Frost,2,1,0,0,0,0,0,0.250000,PWHL,9202,153:22,6,playoff,192,NA,NA,NA,NA,NA,NA,NA,NA,NA,NA,NA,NA,NA,NA,NA,NA,NA,NA,NA,NA,NA
15,Total,Total,1,2,NA,4051,4,NA,30,2,16,1,3,1,2,1,0,14,0,0,0.0,14.3,0,0.19,0,0,0,0,1,3,33.3,14,NA,NA,NA,NA,NA,NA,0,0,0,0,0,0.12,NA,13777,229:37,9,playoff,192,NA,NA,NA,NA,NA,NA,NA,NA,NA,NA,NA,NA,NA,NA,NA,NA,NA,NA,NA,NA,NA
7,2025-26 Preseason,2025-26 Preseason,0,0,1,2025-06-13,2,,26,0,1,0,0,-2,0,0,0,0,0,0,0.0,0.0,0,0.00,0,0,0,0,0,0,0.0,1,Vancouver Goldeneyes,VAN,Vancouver,Goldeneyes,9,1,0,0,0,0,0,0,PWHL,1096,18:16,0,exhibition,192,NA,NA,NA,NA,NA,NA,NA,NA,NA,NA,NA,NA,NA,NA,NA,NA,NA,NA,NA,NA,NA
4,2024-25 Preseason,2024-25 Preseason,0,0,1,2024-10-17,2,,3,1,2,2,3,4,0,0,0,2,0,0,0.0,50.0,0,1.50,0,0,0,0,0,1,0.0,2,Minnesota Frost,MIN,Minnesota,Frost,2,1,0,0,0,0,0,0,PWHL,1595,26:35,1,exhibition,192,NA,NA,NA,NA,NA,NA,NA,NA,NA,NA,NA,NA,NA,NA,NA,NA,NA,NA,NA,NA,NA
11,Total,Total,0,0,NA,4049,4,NA,29,1,3,2,3,2,0,0,0,2,0,0,0.0,50.0,0,1.00,0,0,0,0,0,1,0.0,3,NA,NA,NA,NA,NA,NA,0,0,0,0,0,0.00,NA,2691,44:51,1,exhibition,192,NA,NA,NA,NA,NA,NA,NA,NA,NA,NA,NA,NA,NA,NA,NA,NA,NA,NA,NA,NA,NA
5,2024-25 Regular Season,2024-25 Reg,0,1,NA,2024-11-25,2,,NA,0,1,0,0,NA,0,NA,NA,NA,NA,NA,NA,NA,NA,NA,NA,NA,NA,NA,NA,NA,NA,NA,Minnesota Frost,MIN,Minnesota,Frost,2,NA,NA,NA,NA,NA,NA,NA,PWHL,NA,NA,NA,regular,193,5,0,0,5.00,60,3600,34,0,1,0,0,1,0,0,0.000,0,0,29,0.853,29.0,5.00
5,Total,Total,0,1,NA,2024,2,NA,NA,0,1,0,0,NA,0,NA,NA,NA,NA,NA,NA,NA,NA,NA,NA,NA,NA,NA,NA,NA,NA,NA,NA,NA,NA,NA,NA,NA,NA,NA,NA,NA,NA,NA,NA,NA,NA,NA,regular,193,5,0,0,5.00,60,3600,34,0,1,0,0,1,0,0,0.000,0,0,29,0.853,29.0,5.00
4,2024-25 Preseason,2024-25 Preseason,0,0,NA,2024-10-17,2,,NA,0,1,0,0,NA,0,NA,NA,NA,NA,NA,NA,NA,NA,NA,NA,NA,NA,NA,NA,NA,NA,NA,Minnesota Frost,MIN,Minnesota,Frost,2,NA,NA,NA,NA,NA,NA,NA,PWHL,NA,NA,NA,exhibition,193,0,0,0,0.00,20,1200,8,0,0,0,0,0,0,0,0.000,0,0,8,1.000,24.0,0.00
4,Total,Total,0,0,NA,2024,2,NA,NA,0,1,0,0,NA,0,NA,NA,NA,NA,NA,NA,NA,NA,NA,NA,NA,NA,NA,NA,NA,NA,NA,NA,NA,NA,NA,NA,NA,NA,NA,NA,NA,NA,NA,NA,NA,NA,NA,exhibition,193,0,0,0,0.00,20,1200,8,0,0,0,0,0,0,0,0.000,0,0,8,1.000,24.0,0.00
8,2025-26 Regular Season,2025-26 Reg,0,1,1,2025-11-21,2,,16,1,9,0,1,0,0,0,0,5,0,0,0.0,20.0,0,0.11,0,0,0,0,0,0,0.0,0,Minnesota Frost,MIN,Minnesota,Frost,2,1,0,0,0,0,0,0,PWHL,2818,46:58,2,regular,194,NA,NA,NA,NA,NA,NA,NA,NA,NA,NA,NA,NA,NA,NA,NA,NA,NA,NA,NA,NA,NA
5,2024-25 Regular Season,2024-25 Reg,0,1,1,2024-11-25,2,,11,0,9,0,0,-2,0,0,0,5,0,0,0.0,0.0,0,0.00,0,0,0,0,0,0,0.0,0,Minnesota Frost,MIN,Minnesota,Frost,2,1,0,0,0,0,0,0,PWHL,2573,42:53,3,regular,194,NA,NA,NA,NA,NA,NA,NA,NA,NA,NA,NA,NA,NA,NA,NA,NA,NA,NA,NA,NA,NA
13,Total,Total,0,2,NA,4049,4,NA,27,1,18,0,1,-2,0,0,0,10,0,0,0.0,10.0,0,0.06,0,0,0,0,0,0,0.0,0,NA,NA,NA,NA,NA,NA,0,0,0,0,0,0.00,NA,5391,89:51,5,regular,194,NA,NA,NA,NA,NA,NA,NA,NA,NA,NA,NA,NA,NA,NA,NA,NA,NA,NA,NA,NA,NA
7,2025-26 Preseason,2025-26 Preseason,0,0,1,2025-06-01,2,,11,0,2,1,1,-4,0,0,1,3,0,0,0.0,0.0,0,0.50,0,0,0,0,0,0,0.0,0,Minnesota Frost,MIN,Minnesota,Frost,2,1,0,0,0,0,0,0,PWHL,1565,26:05,1,exhibition,194,NA,NA,NA,NA,NA,NA,NA,NA,NA,NA,NA,NA,NA,NA,NA,NA,NA,NA,NA,NA,NA
4,2024-25 Preseason,2024-25 Preseason,0,0,1,2024-10-17,2,,11,0,2,0,0,-2,0,0,0,1,0,0,0.0,0.0,0,0.00,0,0,0,0,0,0,0.0,1,Minnesota Frost,MIN,Minnesota,Frost,2,1,0,0,0,0,0,0,PWHL,818,13:38,2,exhibition,194,NA,NA,NA,NA,NA,NA,NA,NA,NA,NA,NA,NA,NA,NA,NA,NA,NA,NA,NA,NA,NA
11,Total,Total,0,0,NA,4049,4,NA,22,0,4,1,1,-6,0,0,1,4,0,0,0.0,0.0,0,0.25,0,0,0,0,0,0,0.0,1,NA,NA,NA,NA,NA,NA,0,0,0,0,0,0.00,NA,2383,39:43,3,exhibition,194,NA,NA,NA,NA,NA,NA,NA,NA,NA,NA,NA,NA,NA,NA,NA,NA,NA,NA,NA,NA,NA
8,2025-26 Regular Season,2025-26 Reg,0,1,1,2025-11-21,2,,14,2,10,1,3,-3,10,0,1,27,0,0,0.0,7.4,0,0.30,0,0,1,0,59,104,56.7,24,Minnesota Frost,MIN,Minnesota,Frost,2,1,0,0,0,0,0,1.000000,PWHL,8757,145:57,8,regular,195,NA,NA,NA,NA,NA,NA,NA,NA,NA,NA,NA,NA,NA,NA,NA,NA,NA,NA,NA,NA,NA
5,2024-25 Regular Season,2024-25 Reg,0,1,1,2024-11-25,2,,14,3,18,7,10,2,4,1,1,32,0,0,0.0,9.4,0,0.56,0,0,1,0,103,186,55.4,10,Minnesota Frost,MIN,Minnesota,Frost,2,1,0,0,0,0,0,0.222222,PWHL,15800,263:20,16,regular,195,NA,NA,NA,NA,NA,NA,NA,NA,NA,NA,NA,NA,NA,NA,NA,NA,NA,NA,NA,NA,NA
13,Total,Total,0,2,NA,4049,4,NA,28,5,28,8,13,-1,14,1,2,59,0,0,0.0,8.5,0,0.46,0,0,2,0,162,290,55.9,34,NA,NA,NA,NA,NA,NA,0,0,0,0,0,0.50,NA,24557,409:17,24,regular,195,NA,NA,NA,NA,NA,NA,NA,NA,NA,NA,NA,NA,NA,NA,NA,NA,NA,NA,NA,NA,NA
6,2025 Playoffs,2025 Playoffs,1,1,1,2025-05-06,2,,14,0,7,1,1,-1,4,0,1,2,0,0,0.0,0.0,0,0.14,0,0,0,0,42,91,46.2,3,Minnesota Frost,MIN,Minnesota,Frost,2,1,0,0,0,0,0,0.571429,PWHL,7197,119:57,4,playoff,195,NA,NA,NA,NA,NA,NA,NA,NA,NA,NA,NA,NA,NA,NA,NA,NA,NA,NA,NA,NA,NA
6,Total,Total,1,1,NA,2025,2,NA,14,0,7,1,1,-1,4,0,1,2,0,0,0.0,0.0,0,0.14,0,0,0,0,42,91,46.2,3,NA,NA,NA,NA,NA,NA,0,0,0,0,0,0.57,NA,7197,119:57,4,playoff,195,NA,NA,NA,NA,NA,NA,NA,NA,NA,NA,NA,NA,NA,NA,NA,NA,NA,NA,NA,NA,NA
7,2025-26 Preseason,2025-26 Preseason,0,0,1,2025-06-01,2,,14,0,1,1,1,0,0,0,1,2,0,0,0.0,0.0,0,1.00,0,0,0,0,7,15,46.7,0,Minnesota Frost,MIN,Minnesota,Frost,2,1,0,0,0,0,0,0,PWHL,978,16:18,0,exhibition,195,NA,NA,NA,NA,NA,NA,NA,NA,NA,NA,NA,NA,NA,NA,NA,NA,NA,NA,NA,NA,NA
4,2024-25 Preseason,2024-25 Preseason,0,0,1,2024-10-17,2,,14,0,2,1,1,-1,0,0,1,1,0,0,0.0,0.0,0,0.50,0,0,0,0,13,22,59.1,6,Minnesota Frost,MIN,Minnesota,Frost,2,1,0,0,0,0,0,0,PWHL,2759,45:59,0,exhibition,195,NA,NA,NA,NA,NA,NA,NA,NA,NA,NA,NA,NA,NA,NA,NA,NA,NA,NA,NA,NA,NA
11,Total,Total,0,0,NA,4049,4,NA,28,0,3,2,2,-1,0,0,2,3,0,0,0.0,0.0,0,0.67,0,0,0,0,20,37,54.1,6,NA,NA,NA,NA,NA,NA,0,0,0,0,0,0.00,NA,3737,62:17,0,exhibition,195,NA,NA,NA,NA,NA,NA,NA,NA,NA,NA,NA,NA,NA,NA,NA,NA,NA,NA,NA,NA,NA
8,2025-26 Regular Season,2025-26 Reg,0,1,1,2025-11-21,2,,12,9,30,10,19,0,4,0,2,59,0,0,0.0,15.3,0,0.63,1,0,2,0,1,5,20.0,22,Vancouver Goldeneyes,VAN,Vancouver,Goldeneyes,9,1,1,0,1,1,0,0.133333,PWHL,30739,512:19,8,regular,198,NA,NA,NA,NA,NA,NA,NA,NA,NA,NA,NA,NA,NA,NA,NA,NA,NA,NA,NA,NA,NA
5,2024-25 Regular Season,2024-25 Reg,0,1,1,2024-11-25,2,,12,5,30,13,18,10,2,3,3,55,1,0,0.0,9.1,0,0.60,0,0,1,0,1,9,11.1,9,Montréal Victoire,MTL,Montréal,Victoire,3,1,1,0,0,0,0,0.066667,PWHL,31545,525:45,11,regular,198,NA,NA,NA,NA,NA,NA,NA,NA,NA,NA,NA,NA,NA,NA,NA,NA,NA,NA,NA,NA,NA
13,Total,Total,0,2,NA,4049,4,NA,24,14,60,23,37,10,6,3,5,114,1,0,0.0,12.3,0,0.62,1,0,3,0,2,14,14.3,31,NA,NA,NA,NA,NA,NA,2,0,1,1,0,0.10,NA,62284,1038:04,19,regular,198,NA,NA,NA,NA,NA,NA,NA,NA,NA,NA,NA,NA,NA,NA,NA,NA,NA,NA,NA,NA,NA
6,2025 Playoffs,2025 Playoffs,1,1,1,2025-05-06,2,,12,0,4,3,3,-2,0,0,1,6,0,0,0.0,0.0,0,0.75,0,0,0,0,0,1,0.0,1,Montréal Victoire,MTL,Montréal,Victoire,3,1,0,0,0,0,0,0,PWHL,5403,90:03,1,playoff,198,NA,NA,NA,NA,NA,NA,NA,NA,NA,NA,NA,NA,NA,NA,NA,NA,NA,NA,NA,NA,NA
6,Total,Total,1,1,NA,2025,2,NA,12,0,4,3,3,-2,0,0,1,6,0,0,0.0,0.0,0,0.75,0,0,0,0,0,1,0.0,1,NA,NA,NA,NA,NA,NA,0,0,0,0,0,0.00,NA,5403,90:03,1,playoff,198,NA,NA,NA,NA,NA,NA,NA,NA,NA,NA,NA,NA,NA,NA,NA,NA,NA,NA,NA,NA,NA
7,2025-26 Preseason,2025-26 Preseason,0,0,1,2025-06-13,2,,12,0,2,0,0,0,0,0,0,2,0,0,0.0,0.0,0,0.00,0,0,0,0,0,0,0.0,0,Vancouver Goldeneyes,VAN,Vancouver,Goldeneyes,9,1,0,0,0,0,0,0,PWHL,3243,54:03,0,exhibition,198,NA,NA,NA,NA,NA,NA,NA,NA,NA,NA,NA,NA,NA,NA,NA,NA,NA,NA,NA,NA,NA
4,2024-25 Preseason,2024-25 Preseason,0,0,1,2024-11-01,2,,12,0,1,1,1,0,0,0,0,2,0,0,0.0,0.0,0,1.00,0,0,0,0,1,1,100.0,0,Montréal Victoire,MTL,Montréal,Victoire,3,1,0,0,0,0,0,0,PWHL,782,13:02,0,exhibition,198,NA,NA,NA,NA,NA,NA,NA,NA,NA,NA,NA,NA,NA,NA,NA,NA,NA,NA,NA,NA,NA
11,Total,Total,0,0,NA,4049,4,NA,24,0,3,1,1,0,0,0,0,4,0,0,0.0,0.0,0,0.33,0,0,0,0,1,1,100.0,0,NA,NA,NA,NA,NA,NA,0,0,0,0,0,0.00,NA,4025,67:05,0,exhibition,198,NA,NA,NA,NA,NA,NA,NA,NA,NA,NA,NA,NA,NA,NA,NA,NA,NA,NA,NA,NA,NA
8,2025-26 Regular Season,2025-26 Reg,0,1,1,2025-11-21,1,*,17,3,29,2,5,6,20,0,0,28,0,0,0.0,10.7,0,0.17,0,0,0,0,1,2,50.0,27,Montréal Victoire,MTL,Montréal,Victoire,3,1,1,1,0,0,0,0.689655,PWHL,22509,375:09,12,regular,199,NA,NA,NA,NA,NA,NA,NA,NA,NA,NA,NA,NA,NA,NA,NA,NA,NA,NA,NA,NA,NA
5,2024-25 Regular Season,2024-25 Reg,0,1,1,2024-11-25,2,,17,0,29,3,3,-2,16,0,0,14,0,0,0.0,0.0,0,0.10,0,0,0,0,1,5,20.0,17,Montréal Victoire,MTL,Montréal,Victoire,3,1,0,0,0,0,0,0.551724,PWHL,13832,230:32,6,regular,199,NA,NA,NA,NA,NA,NA,NA,NA,NA,NA,NA,NA,NA,NA,NA,NA,NA,NA,NA,NA,NA
13,Total,Total,0,2,NA,4049,3,NA,34,3,58,5,8,4,36,0,0,42,0,0,0.0,7.1,0,0.14,0,0,0,0,2,7,28.6,44,NA,NA,NA,NA,NA,NA,1,1,0,0,0,0.62,NA,36341,605:41,18,regular,199,NA,NA,NA,NA,NA,NA,NA,NA,NA,NA,NA,NA,NA,NA,NA,NA,NA,NA,NA,NA,NA
9,2026 Playoffs,2026 Playoffs,1,1,1,2026-04-28,1,*,17,0,9,1,1,0,4,0,0,13,0,0,0.0,0.0,0,0.11,0,0,0,0,0,0,0.0,3,Montréal Victoire,MTL,Montréal,Victoire,3,1,0,0,0,0,0,0.444444,PWHL,8382,139:42,8,playoff,199,NA,NA,NA,NA,NA,NA,NA,NA,NA,NA,NA,NA,NA,NA,NA,NA,NA,NA,NA,NA,NA
6,2025 Playoffs,2025 Playoffs,1,1,1,2025-05-06,2,,17,0,4,0,0,0,0,0,0,0,0,0,0.0,0.0,0,0.00,0,0,0,0,0,0,0.0,1,Montréal Victoire,MTL,Montréal,Victoire,3,1,0,0,0,0,0,0,PWHL,1683,28:03,1,playoff,199,NA,NA,NA,NA,NA,NA,NA,NA,NA,NA,NA,NA,NA,NA,NA,NA,NA,NA,NA,NA,NA
15,Total,Total,1,2,NA,4051,3,NA,34,0,13,1,1,0,4,0,0,13,0,0,0.0,0.0,0,0.08,0,0,0,0,0,0,0.0,4,NA,NA,NA,NA,NA,NA,0,0,0,0,0,0.31,NA,10065,167:45,9,playoff,199,NA,NA,NA,NA,NA,NA,NA,NA,NA,NA,NA,NA,NA,NA,NA,NA,NA,NA,NA,NA,NA
7,2025-26 Preseason,2025-26 Preseason,0,0,1,2025-06-01,1,*,17,0,2,1,1,1,0,0,0,6,0,0,0.0,0.0,0,0.50,0,0,0,0,0,0,0.0,0,Montréal Victoire,MTL,Montréal,Victoire,3,1,0,0,0,0,0,0,PWHL,1791,29:51,0,exhibition,199,NA,NA,NA,NA,NA,NA,NA,NA,NA,NA,NA,NA,NA,NA,NA,NA,NA,NA,NA,NA,NA
4,2024-25 Preseason,2024-25 Preseason,0,0,1,2024-11-01,2,,17,0,2,0,0,0,2,0,0,4,0,0,0.0,0.0,0,0.00,0,0,0,0,0,0,0.0,2,Montréal Victoire,MTL,Montréal,Victoire,3,1,0,0,0,0,0,1.000000,PWHL,1606,26:46,4,exhibition,199,NA,NA,NA,NA,NA,NA,NA,NA,NA,NA,NA,NA,NA,NA,NA,NA,NA,NA,NA,NA,NA
11,Total,Total,0,0,NA,4049,3,NA,34,0,4,1,1,1,2,0,0,10,0,0,0.0,0.0,0,0.25,0,0,0,0,0,0,0.0,2,NA,NA,NA,NA,NA,NA,0,0,0,0,0,0.50,NA,3397,56:37,4,exhibition,199,NA,NA,NA,NA,NA,NA,NA,NA,NA,NA,NA,NA,NA,NA,NA,NA,NA,NA,NA,NA,NA
8,2025-26 Regular Season,2025-26 Reg,0,1,1,2025-11-21,2,,26,12,23,11,23,22,0,0,3,71,0,0,0.0,16.9,0,1.00,0,0,1,0,1,1,100.0,11,Minnesota Frost,MIN,Minnesota,Frost,2,1,5,0,1,1,2,0,PWHL,25135,418:55,8,regular,20,NA,NA,NA,NA,NA,NA,NA,NA,NA,NA,NA,NA,NA,NA,NA,NA,NA,NA,NA,NA,NA
5,2024-25 Regular Season,2024-25 Reg,0,1,1,2024-11-25,2,,26,12,30,12,24,12,4,1,1,86,0,0,0.0,14.0,0,0.80,0,0,3,0,2,7,28.6,13,Minnesota Frost,MIN,Minnesota,Frost,2,1,4,2,1,1,0,0.133333,PWHL,33179,552:59,10,regular,20,NA,NA,NA,NA,NA,NA,NA,NA,NA,NA,NA,NA,NA,NA,NA,NA,NA,NA,NA,NA,NA
1,2024 Regular Season,2024 Reg,0,1,1,2023-11-01,2,,26,6,24,10,16,12,6,0,0,79,0,0,0.0,7.6,0,0.67,0,0,1,0,8,24,33.3,15,PWHL Minnesota,MIN,Minnesota,Minnesota,2,1,1,1,0,0,0,0.250000,PWHL,27538,458:58,8,regular,20,NA,NA,NA,NA,NA,NA,NA,NA,NA,NA,NA,NA,NA,NA,NA,NA,NA,NA,NA,NA,NA
14,Total,Total,0,3,NA,6072,6,NA,78,30,77,33,63,46,10,1,4,236,0,0,0.0,12.7,0,0.82,0,0,5,0,11,32,34.4,39,NA,NA,NA,NA,NA,NA,10,3,2,2,2,0.13,NA,85852,1430:52,26,regular,20,NA,NA,NA,NA,NA,NA,NA,NA,NA,NA,NA,NA,NA,NA,NA,NA,NA,NA,NA,NA,NA
9,2026 Playoffs,2026 Playoffs,1,1,1,2026-04-28,2,,26,1,5,1,2,2,0,1,0,13,0,0,0.0,7.7,0,0.40,0,0,0,0,0,1,0.0,3,Minnesota Frost,MIN,Minnesota,Frost,2,1,0,0,0,0,0,0,PWHL,6775,112:55,1,playoff,20,NA,NA,NA,NA,NA,NA,NA,NA,NA,NA,NA,NA,NA,NA,NA,NA,NA,NA,NA,NA,NA
6,2025 Playoffs,2025 Playoffs,1,1,1,2025-05-06,2,,26,2,8,2,4,1,0,0,1,27,0,0,0.0,7.4,0,0.50,0,0,0,0,7,15,46.7,2,Minnesota Frost,MIN,Minnesota,Frost,2,1,0,0,0,0,0,0,PWHL,9838,163:58,3,playoff,20,NA,NA,NA,NA,NA,NA,NA,NA,NA,NA,NA,NA,NA,NA,NA,NA,NA,NA,NA,NA,NA
3,2024 Playoffs,2024 Playoffs,1,1,1,2024-05-06,2,,26,1,10,3,4,6,0,0,1,26,0,0,0.0,3.8,0,0.40,0,0,0,0,0,2,0.0,14,PWHL Minnesota,MIN,Minnesota,Minnesota,2,1,0,0,0,0,1,0,PWHL,13052,217:32,1,playoff,20,NA,NA,NA,NA,NA,NA,NA,NA,NA,NA,NA,NA,NA,NA,NA,NA,NA,NA,NA,NA,NA
18,Total,Total,1,3,NA,6075,6,NA,78,4,23,6,10,9,0,1,2,66,0,0,0.0,6.1,0,0.43,0,0,0,0,7,18,38.9,19,NA,NA,NA,NA,NA,NA,0,0,0,0,1,0.00,NA,29665,494:25,5,playoff,20,NA,NA,NA,NA,NA,NA,NA,NA,NA,NA,NA,NA,NA,NA,NA,NA,NA,NA,NA,NA,NA
7,2025-26 Preseason,2025-26 Preseason,0,0,1,2025-06-01,2,,26,1,1,0,1,1,0,0,0,2,0,0,0.0,50.0,0,1.00,0,0,0,0,0,0,0.0,0,Minnesota Frost,MIN,Minnesota,Frost,2,1,1,0,0,0,0,0,PWHL,831,13:51,0,exhibition,20,NA,NA,NA,NA,NA,NA,NA,NA,NA,NA,NA,NA,NA,NA,NA,NA,NA,NA,NA,NA,NA
4,2024-25 Preseason,2024-25 Preseason,0,0,1,2024-11-01,2,,26,0,1,0,0,-1,0,0,0,3,0,0,0.0,0.0,0,0.00,0,0,0,0,0,2,0.0,0,Minnesota Frost,MIN,Minnesota,Frost,2,1,0,0,0,0,0,0,PWHL,1855,30:55,0,exhibition,20,NA,NA,NA,NA,NA,NA,NA,NA,NA,NA,NA,NA,NA,NA,NA,NA,NA,NA,NA,NA,NA
11,Total,Total,0,0,NA,4049,4,NA,52,1,2,0,1,0,0,0,0,5,0,0,0.0,20.0,0,0.50,0,0,0,0,0,2,0.0,0,NA,NA,NA,NA,NA,NA,1,0,0,0,0,0.00,NA,2686,44:46,0,exhibition,20,NA,NA,NA,NA,NA,NA,NA,NA,NA,NA,NA,NA,NA,NA,NA,NA,NA,NA,NA,NA,NA
8,2025-26 Regular Season,2025-26 Reg,0,1,1,2025-11-21,2,,71,1,30,3,4,2,4,0,1,19,0,0,0.0,5.3,0,0.13,0,0,0,0,0,1,0.0,16,Toronto Sceptres,TOR,Toronto,Sceptres,6,1,1,0,0,0,0,0.133333,PWHL,21202,353:22,20,regular,200,NA,NA,NA,NA,NA,NA,NA,NA,NA,NA,NA,NA,NA,NA,NA,NA,NA,NA,NA,NA,NA
5,2024-25 Regular Season,2024-25 Reg,0,1,1,2024-11-25,2,,71,0,18,1,1,-5,4,0,0,12,0,0,0.0,0.0,0,0.06,0,0,0,0,0,0,0.0,3,Montréal Victoire,MTL,Montréal,Victoire,3,0,0,0,0,0,0,0.222222,PWHL,11821,197:01,5,regular,200,NA,NA,NA,NA,NA,NA,NA,NA,NA,NA,NA,NA,NA,NA,NA,NA,NA,NA,NA,NA,NA
5,2024-25 Regular Season,2024-25 Reg,0,1,1,2025-03-13,2,,71,0,7,2,2,-1,0,0,0,2,0,0,0.0,0.0,0,0.29,0,0,0,0,0,0,0.0,1,Toronto Sceptres,TOR,Toronto,Sceptres,6,1,0,0,0,0,0,0,PWHL,4781,79:41,3,regular,200,NA,NA,NA,NA,NA,NA,NA,NA,NA,NA,NA,NA,NA,NA,NA,NA,NA,NA,NA,NA,NA
18,Total,Total,0,3,NA,6074,6,NA,213,1,55,6,7,-4,8,0,1,33,0,0,0.0,3.0,0,0.13,0,0,0,0,0,1,0.0,20,NA,NA,NA,NA,NA,NA,1,0,0,0,0,0.15,NA,37804,630:04,28,regular,200,NA,NA,NA,NA,NA,NA,NA,NA,NA,NA,NA,NA,NA,NA,NA,NA,NA,NA,NA,NA,NA
6,2025 Playoffs,2025 Playoffs,1,1,1,2025-05-06,2,,71,1,4,1,2,0,0,0,0,2,0,0,0.0,50.0,0,0.50,0,0,0,0,0,0,0.0,2,Toronto Sceptres,TOR,Toronto,Sceptres,6,1,0,0,0,0,0,0,PWHL,1515,25:15,1,playoff,200,NA,NA,NA,NA,NA,NA,NA,NA,NA,NA,NA,NA,NA,NA,NA,NA,NA,NA,NA,NA,NA
6,Total,Total,1,1,NA,2025,2,NA,71,1,4,1,2,0,0,0,0,2,0,0,0.0,50.0,0,0.50,0,0,0,0,0,0,0.0,2,NA,NA,NA,NA,NA,NA,0,0,0,0,0,0.00,NA,1515,25:15,1,playoff,200,NA,NA,NA,NA,NA,NA,NA,NA,NA,NA,NA,NA,NA,NA,NA,NA,NA,NA,NA,NA,NA
7,2025-26 Preseason,2025-26 Preseason,0,0,1,2025-06-01,2,,71,0,2,0,0,1,0,0,0,2,0,0,0.0,0.0,0,0.00,0,0,0,0,0,0,0.0,1,Toronto Sceptres,TOR,Toronto,Sceptres,6,1,0,0,0,0,0,0,PWHL,2298,38:18,5,exhibition,200,NA,NA,NA,NA,NA,NA,NA,NA,NA,NA,NA,NA,NA,NA,NA,NA,NA,NA,NA,NA,NA
4,2024-25 Preseason,2024-25 Preseason,0,0,1,2024-11-01,2,,71,0,2,1,1,0,0,0,1,1,0,0,0.0,0.0,0,0.50,0,0,0,0,0,0,0.0,1,Montréal Victoire,MTL,Montréal,Victoire,3,1,0,0,0,0,0,0,PWHL,1531,25:31,1,exhibition,200,NA,NA,NA,NA,NA,NA,NA,NA,NA,NA,NA,NA,NA,NA,NA,NA,NA,NA,NA,NA,NA
11,Total,Total,0,0,NA,4049,4,NA,142,0,4,1,1,1,0,0,1,3,0,0,0.0,0.0,0,0.25,0,0,0,0,0,0,0.0,2,NA,NA,NA,NA,NA,NA,0,0,0,0,0,0.00,NA,3829,63:49,6,exhibition,200,NA,NA,NA,NA,NA,NA,NA,NA,NA,NA,NA,NA,NA,NA,NA,NA,NA,NA,NA,NA,NA
8,2025-26 Regular Season,2025-26 Reg,0,1,1,2025-11-21,2,,25,4,21,5,9,10,8,1,1,31,1,1,100.0,12.9,1,0.43,0,0,1,0,67,128,52.3,11,Montréal Victoire,MTL,Montréal,Victoire,3,1,1,0,0,0,0,0.380952,PWHL,13325,222:05,7,regular,201,NA,NA,NA,NA,NA,NA,NA,NA,NA,NA,NA,NA,NA,NA,NA,NA,NA,NA,NA,NA,NA
5,2024-25 Regular Season,2024-25 Reg,0,1,1,2024-11-25,2,,25,3,29,3,6,-3,8,0,0,45,1,0,0.0,6.7,0,0.21,0,0,0,0,25,56,44.6,12,Montréal Victoire,MTL,Montréal,Victoire,3,1,1,1,0,0,0,0.275862,PWHL,22807,380:07,20,regular,201,NA,NA,NA,NA,NA,NA,NA,NA,NA,NA,NA,NA,NA,NA,NA,NA,NA,NA,NA,NA,NA
13,Total,Total,0,2,NA,4049,4,NA,50,7,50,8,15,7,16,1,1,76,2,1,50.0,9.2,1,0.30,0,0,1,0,92,184,50.0,23,NA,NA,NA,NA,NA,NA,2,1,0,0,0,0.32,NA,36132,602:12,27,regular,201,NA,NA,NA,NA,NA,NA,NA,NA,NA,NA,NA,NA,NA,NA,NA,NA,NA,NA,NA,NA,NA
9,2026 Playoffs,2026 Playoffs,1,1,1,2026-04-28,2,,25,1,9,1,2,4,2,0,0,8,0,0,0.0,12.5,0,0.22,0,0,0,0,3,8,37.5,3,Montréal Victoire,MTL,Montréal,Victoire,3,1,0,0,0,1,0,0.222222,PWHL,7809,130:09,4,playoff,201,NA,NA,NA,NA,NA,NA,NA,NA,NA,NA,NA,NA,NA,NA,NA,NA,NA,NA,NA,NA,NA
6,2025 Playoffs,2025 Playoffs,1,1,1,2025-05-06,2,,25,0,4,0,0,-1,0,0,0,6,0,0,0.0,0.0,0,0.00,0,0,0,0,8,17,47.1,1,Montréal Victoire,MTL,Montréal,Victoire,3,1,0,0,0,0,0,0,PWHL,4351,72:31,1,playoff,201,NA,NA,NA,NA,NA,NA,NA,NA,NA,NA,NA,NA,NA,NA,NA,NA,NA,NA,NA,NA,NA
15,Total,Total,1,2,NA,4051,4,NA,50,1,13,1,2,3,2,0,0,14,0,0,0.0,7.1,0,0.15,0,0,0,0,11,25,44.0,4,NA,NA,NA,NA,NA,NA,0,0,0,1,0,0.15,NA,12160,202:40,5,playoff,201,NA,NA,NA,NA,NA,NA,NA,NA,NA,NA,NA,NA,NA,NA,NA,NA,NA,NA,NA,NA,NA
4,2024-25 Preseason,2024-25 Preseason,0,0,1,2024-11-01,2,,25,0,2,0,0,-2,0,0,0,2,0,0,0.0,0.0,0,0.00,0,0,0,0,1,1,100.0,0,Montréal Victoire,MTL,Montréal,Victoire,3,1,0,0,0,0,0,0,PWHL,1620,27:00,1,exhibition,201,NA,NA,NA,NA,NA,NA,NA,NA,NA,NA,NA,NA,NA,NA,NA,NA,NA,NA,NA,NA,NA
4,Total,Total,0,0,NA,2024,2,NA,25,0,2,0,0,-2,0,0,0,2,0,0,0.0,0.0,0,0.00,0,0,0,0,1,1,100.0,0,NA,NA,NA,NA,NA,NA,0,0,0,0,0,0.00,NA,1620,27:00,1,exhibition,201,NA,NA,NA,NA,NA,NA,NA,NA,NA,NA,NA,NA,NA,NA,NA,NA,NA,NA,NA,NA,NA
8,2025-26 Regular Season,2025-26 Reg,0,1,1,2025-11-21,1,*,51,0,6,0,0,-1,0,0,0,1,0,0,0.0,0.0,0,0.00,0,0,0,0,0,0,0.0,0,Montréal Victoire,MTL,Montréal,Victoire,3,1,0,0,0,0,0,0,PWHL,1300,21:40,0,regular,202,NA,NA,NA,NA,NA,NA,NA,NA,NA,NA,NA,NA,NA,NA,NA,NA,NA,NA,NA,NA,NA
5,2024-25 Regular Season,2024-25 Reg,0,1,1,2024-11-25,2,,51,0,4,0,0,-1,0,0,0,1,0,0,0.0,0.0,0,0.00,0,0,0,0,0,0,0.0,5,Montréal Victoire,MTL,Montréal,Victoire,3,1,0,0,0,0,0,0,PWHL,2203,36:43,0,regular,202,NA,NA,NA,NA,NA,NA,NA,NA,NA,NA,NA,NA,NA,NA,NA,NA,NA,NA,NA,NA,NA
13,Total,Total,0,2,NA,4049,3,NA,102,0,10,0,0,-2,0,0,0,2,0,0,0.0,0.0,0,0.00,0,0,0,0,0,0,0.0,5,NA,NA,NA,NA,NA,NA,0,0,0,0,0,0.00,NA,3503,58:23,0,regular,202,NA,NA,NA,NA,NA,NA,NA,NA,NA,NA,NA,NA,NA,NA,NA,NA,NA,NA,NA,NA,NA
7,2025-26 Preseason,2025-26 Preseason,0,0,1,2025-06-01,1,*,51,0,2,0,0,-1,0,0,0,0,0,0,0.0,0.0,0,0.00,0,0,0,0,0,0,0.0,4,Montréal Victoire,MTL,Montréal,Victoire,3,1,0,0,0,0,0,0,PWHL,0,0:00,0,exhibition,202,NA,NA,NA,NA,NA,NA,NA,NA,NA,NA,NA,NA,NA,NA,NA,NA,NA,NA,NA,NA,NA
4,2024-25 Preseason,2024-25 Preseason,0,0,1,2024-11-01,2,,51,0,2,1,1,-1,2,0,0,1,0,0,0.0,0.0,0,0.50,0,0,0,0,0,0,0.0,1,Montréal Victoire,MTL,Montréal,Victoire,3,1,0,0,0,0,0,1.000000,PWHL,1652,27:32,2,exhibition,202,NA,NA,NA,NA,NA,NA,NA,NA,NA,NA,NA,NA,NA,NA,NA,NA,NA,NA,NA,NA,NA
11,Total,Total,0,0,NA,4049,3,NA,102,0,4,1,1,-2,2,0,0,1,0,0,0.0,0.0,0,0.25,0,0,0,0,0,0,0.0,5,NA,NA,NA,NA,NA,NA,0,0,0,0,0,0.50,NA,1652,27:32,2,exhibition,202,NA,NA,NA,NA,NA,NA,NA,NA,NA,NA,NA,NA,NA,NA,NA,NA,NA,NA,NA,NA,NA
8,2025-26 Regular Season,2025-26 Reg,0,1,1,2025-11-21,2,,5,3,30,7,10,-11,26,0,2,52,3,1,33.3,5.8,0,0.33,0,0,1,0,0,0,0.0,36,Seattle Torrent,SEA,Seattle,Torrent,8,1,0,0,0,0,0,0.866667,PWHL,36150,602:30,40,regular,203,NA,NA,NA,NA,NA,NA,NA,NA,NA,NA,NA,NA,NA,NA,NA,NA,NA,NA,NA,NA,NA
5,2024-25 Regular Season,2024-25 Reg,0,1,1,2024-11-25,2,,5,3,30,6,9,7,8,1,1,25,0,0,0.0,12.0,0,0.30,0,0,0,0,0,0,0.0,21,Montréal Victoire,MTL,Montréal,Victoire,3,1,0,1,0,0,0,0.266667,PWHL,29861,497:41,57,regular,203,NA,NA,NA,NA,NA,NA,NA,NA,NA,NA,NA,NA,NA,NA,NA,NA,NA,NA,NA,NA,NA
13,Total,Total,0,2,NA,4049,4,NA,10,6,60,13,19,-4,34,1,3,77,3,1,33.3,7.8,0,0.32,0,0,1,0,0,0,0.0,57,NA,NA,NA,NA,NA,NA,0,1,0,0,0,0.57,NA,66011,1100:11,97,regular,203,NA,NA,NA,NA,NA,NA,NA,NA,NA,NA,NA,NA,NA,NA,NA,NA,NA,NA,NA,NA,NA
6,2025 Playoffs,2025 Playoffs,1,1,1,2025-05-06,2,,5,0,4,3,3,-3,0,0,1,5,0,0,0.0,0.0,0,0.75,0,0,0,0,0,0,0.0,1,Montréal Victoire,MTL,Montréal,Victoire,3,1,0,0,0,0,0,0,PWHL,6844,114:04,7,playoff,203,NA,NA,NA,NA,NA,NA,NA,NA,NA,NA,NA,NA,NA,NA,NA,NA,NA,NA,NA,NA,NA
6,Total,Total,1,1,NA,2025,2,NA,5,0,4,3,3,-3,0,0,1,5,0,0,0.0,0.0,0,0.75,0,0,0,0,0,0,0.0,1,NA,NA,NA,NA,NA,NA,0,0,0,0,0,0.00,NA,6844,114:04,7,playoff,203,NA,NA,NA,NA,NA,NA,NA,NA,NA,NA,NA,NA,NA,NA,NA,NA,NA,NA,NA,NA,NA
7,2025-26 Preseason,2025-26 Preseason,0,0,1,2025-07-10,2,,5,0,2,1,1,0,0,0,0,6,0,0,0.0,0.0,0,0.50,0,0,0,0,0,0,0.0,4,Seattle Torrent,SEA,Seattle,Torrent,8,1,0,0,0,0,0,0,PWHL,2431,40:31,2,exhibition,203,NA,NA,NA,NA,NA,NA,NA,NA,NA,NA,NA,NA,NA,NA,NA,NA,NA,NA,NA,NA,NA
4,2024-25 Preseason,2024-25 Preseason,0,0,1,2024-10-16,2,,5,0,2,0,0,0,0,0,0,4,0,0,0.0,0.0,0,0.00,0,0,0,0,0,0,0.0,2,Montréal Victoire,MTL,Montréal,Victoire,3,1,0,0,0,0,0,0,PWHL,1947,32:27,1,exhibition,203,NA,NA,NA,NA,NA,NA,NA,NA,NA,NA,NA,NA,NA,NA,NA,NA,NA,NA,NA,NA,NA
11,Total,Total,0,0,NA,4049,4,NA,10,0,4,1,1,0,0,0,0,10,0,0,0.0,0.0,0,0.25,0,0,0,0,0,0,0.0,6,NA,NA,NA,NA,NA,NA,0,0,0,0,0,0.00,NA,4378,72:58,3,exhibition,203,NA,NA,NA,NA,NA,NA,NA,NA,NA,NA,NA,NA,NA,NA,NA,NA,NA,NA,NA,NA,NA
8,2025-26 Regular Season,2025-26 Reg,0,1,1,2025-11-21,2,,29,0,28,1,1,-6,27,0,0,16,0,0,0.0,0.0,0,0.04,0,0,0,0,7,16,43.8,26,New York Sirens,NY,New York,Sirens,4,1,0,0,0,0,0,0.964286,PWHL,11133,185:33,5,regular,204,NA,NA,NA,NA,NA,NA,NA,NA,NA,NA,NA,NA,NA,NA,NA,NA,NA,NA,NA,NA,NA
5,2024-25 Regular Season,2024-25 Reg,0,1,1,2024-11-25,2,,29,1,30,0,1,-10,6,0,0,28,0,0,0.0,3.6,0,0.03,0,0,0,0,9,29,31.0,18,New York Sirens,NY,New York,Sirens,4,1,0,0,0,0,0,0.200000,PWHL,13570,226:10,5,regular,204,NA,NA,NA,NA,NA,NA,NA,NA,NA,NA,NA,NA,NA,NA,NA,NA,NA,NA,NA,NA,NA
13,Total,Total,0,2,NA,4049,4,NA,58,1,58,1,2,-16,33,0,0,44,0,0,0.0,2.3,0,0.03,0,0,0,0,16,45,35.6,44,NA,NA,NA,NA,NA,NA,0,0,0,0,0,0.57,NA,24703,411:43,10,regular,204,NA,NA,NA,NA,NA,NA,NA,NA,NA,NA,NA,NA,NA,NA,NA,NA,NA,NA,NA,NA,NA
7,2025-26 Preseason,2025-26 Preseason,0,0,1,2025-06-01,2,,29,0,2,0,0,-1,0,0,0,1,0,0,0.0,0.0,0,0.00,0,0,0,0,1,2,50.0,2,New York Sirens,NY,New York,Sirens,4,1,0,0,0,0,0,0,PWHL,1728,28:48,0,exhibition,204,NA,NA,NA,NA,NA,NA,NA,NA,NA,NA,NA,NA,NA,NA,NA,NA,NA,NA,NA,NA,NA
4,2024-25 Preseason,2024-25 Preseason,0,0,1,2024-10-17,2,,29,0,2,1,1,1,0,0,0,4,0,0,0.0,0.0,0,0.50,0,0,0,0,0,1,0.0,2,New York Sirens,NY,New York,Sirens,4,1,0,0,0,0,0,0,PWHL,1351,22:31,0,exhibition,204,NA,NA,NA,NA,NA,NA,NA,NA,NA,NA,NA,NA,NA,NA,NA,NA,NA,NA,NA,NA,NA
11,Total,Total,0,0,NA,4049,4,NA,58,0,4,1,1,0,0,0,0,5,0,0,0.0,0.0,0,0.25,0,0,0,0,1,3,33.3,4,NA,NA,NA,NA,NA,NA,0,0,0,0,0,0.00,NA,3079,51:19,0,exhibition,204,NA,NA,NA,NA,NA,NA,NA,NA,NA,NA,NA,NA,NA,NA,NA,NA,NA,NA,NA,NA,NA
8,2025-26 Regular Season,2025-26 Reg,0,1,1,2025-11-21,2,,10,9,29,14,23,-5,14,0,8,104,3,1,33.3,8.7,0,0.79,0,1,2,0,78,183,42.6,32,New York Sirens,NY,New York,Sirens,4,1,0,0,1,1,1,0.482759,PWHL,35986,599:46,20,regular,205,NA,NA,NA,NA,NA,NA,NA,NA,NA,NA,NA,NA,NA,NA,NA,NA,NA,NA,NA,NA,NA
5,2024-25 Regular Season,2024-25 Reg,0,1,1,2024-11-25,2,,10,13,30,16,29,10,35,5,4,105,5,0,0.0,12.4,0,0.97,0,0,0,0,76,129,58.9,38,New York Sirens,NY,New York,Sirens,4,1,2,2,0,1,1,1.166667,PWHL,35367,589:27,19,regular,205,NA,NA,NA,NA,NA,NA,NA,NA,NA,NA,NA,NA,NA,NA,NA,NA,NA,NA,NA,NA,NA
13,Total,Total,0,2,NA,4049,4,NA,20,22,59,30,52,5,49,5,12,209,8,1,12.5,10.5,0,0.88,0,1,2,0,154,312,49.4,70,NA,NA,NA,NA,NA,NA,2,2,1,2,2,0.83,NA,71353,1189:13,39,regular,205,NA,NA,NA,NA,NA,NA,NA,NA,NA,NA,NA,NA,NA,NA,NA,NA,NA,NA,NA,NA,NA
7,2025-26 Preseason,2025-26 Preseason,0,0,1,2025-07-10,2,,10,3,1,1,4,3,0,1,0,5,0,0,0.0,60.0,0,4.00,0,0,0,0,0,0,0.0,0,New York Sirens,NY,New York,Sirens,4,1,0,1,0,0,0,0,PWHL,1023,17:03,0,exhibition,205,NA,NA,NA,NA,NA,NA,NA,NA,NA,NA,NA,NA,NA,NA,NA,NA,NA,NA,NA,NA,NA
4,2024-25 Preseason,2024-25 Preseason,0,0,1,2024-10-17,2,,10,3,2,0,3,0,2,1,0,8,0,0,0.0,37.5,0,1.50,1,0,1,0,3,4,75.0,0,New York Sirens,NY,New York,Sirens,4,1,1,0,0,1,0,1.000000,PWHL,3116,51:56,0,exhibition,205,NA,NA,NA,NA,NA,NA,NA,NA,NA,NA,NA,NA,NA,NA,NA,NA,NA,NA,NA,NA,NA
11,Total,Total,0,0,NA,4049,4,NA,20,6,3,1,7,3,2,2,0,13,0,0,0.0,46.2,0,2.33,1,0,1,0,3,4,75.0,0,NA,NA,NA,NA,NA,NA,1,1,0,1,0,0.67,NA,4139,68:59,0,exhibition,205,NA,NA,NA,NA,NA,NA,NA,NA,NA,NA,NA,NA,NA,NA,NA,NA,NA,NA,NA,NA,NA
8,2025-26 Regular Season,2025-26 Reg,0,1,1,2025-11-21,2,,4,0,29,7,7,3,6,0,0,28,0,0,0.0,0.0,0,0.24,0,0,0,0,48,92,52.2,12,New York Sirens,NY,New York,Sirens,4,1,0,0,0,0,0,0.206897,PWHL,22272,371:12,16,regular,206,NA,NA,NA,NA,NA,NA,NA,NA,NA,NA,NA,NA,NA,NA,NA,NA,NA,NA,NA,NA,NA
5,2024-25 Regular Season,2024-25 Reg,0,1,1,2024-11-25,2,,13,0,27,6,6,-9,6,0,1,35,0,0,0.0,0.0,0,0.22,0,0,0,0,3,10,30.0,11,New York Sirens,NY,New York,Sirens,4,1,0,0,0,0,0,0.222222,PWHL,26032,433:52,9,regular,206,NA,NA,NA,NA,NA,NA,NA,NA,NA,NA,NA,NA,NA,NA,NA,NA,NA,NA,NA,NA,NA
13,Total,Total,0,2,NA,4049,4,NA,17,0,56,13,13,-6,12,0,1,63,0,0,0.0,0.0,0,0.23,0,0,0,0,51,102,50.0,23,NA,NA,NA,NA,NA,NA,0,0,0,0,0,0.21,NA,48304,805:04,25,regular,206,NA,NA,NA,NA,NA,NA,NA,NA,NA,NA,NA,NA,NA,NA,NA,NA,NA,NA,NA,NA,NA
7,2025-26 Preseason,2025-26 Preseason,0,0,1,2025-06-01,2,,4,1,2,0,1,2,0,0,0,8,0,0,0.0,12.5,0,0.50,0,0,0,0,10,17,58.8,0,New York Sirens,NY,New York,Sirens,4,1,0,0,0,0,0,0,PWHL,1848,30:48,0,exhibition,206,NA,NA,NA,NA,NA,NA,NA,NA,NA,NA,NA,NA,NA,NA,NA,NA,NA,NA,NA,NA,NA
4,2024-25 Preseason,2024-25 Preseason,0,0,1,2024-10-17,2,,13,1,2,1,2,3,2,0,0,3,0,0,0.0,33.3,0,1.00,0,0,0,0,5,13,38.5,6,New York Sirens,NY,New York,Sirens,4,1,0,0,0,0,0,1.000000,PWHL,1846,30:46,1,exhibition,206,NA,NA,NA,NA,NA,NA,NA,NA,NA,NA,NA,NA,NA,NA,NA,NA,NA,NA,NA,NA,NA
11,Total,Total,0,0,NA,4049,4,NA,17,2,4,1,3,5,2,0,0,11,0,0,0.0,18.2,0,0.75,0,0,0,0,15,30,50.0,6,NA,NA,NA,NA,NA,NA,0,0,0,0,0,0.50,NA,3694,61:34,1,exhibition,206,NA,NA,NA,NA,NA,NA,NA,NA,NA,NA,NA,NA,NA,NA,NA,NA,NA,NA,NA,NA,NA
8,2025-26 Regular Season,2025-26 Reg,0,1,NA,2025-11-21,2,,NA,0,23,0,0,NA,2,NA,NA,NA,NA,NA,NA,NA,NA,NA,NA,NA,NA,NA,NA,NA,NA,NA,Toronto Sceptres,TOR,Toronto,Sceptres,6,NA,NA,NA,NA,NA,NA,NA,PWHL,NA,NA,NA,regular,211,42,7,8,1.87,1349,80949,641,8,8,0,3,11,3,6,0.533,15,3,599,0.934,26.0,1.87
5,2024-25 Regular Season,2024-25 Reg,0,1,NA,2024-11-25,2,,NA,0,10,0,0,NA,0,NA,NA,NA,NA,NA,NA,NA,NA,NA,NA,NA,NA,NA,NA,NA,NA,NA,Toronto Sceptres,TOR,Toronto,Sceptres,6,NA,NA,NA,NA,NA,NA,NA,PWHL,NA,NA,NA,regular,211,20,2,2,2.26,530,31815,241,5,1,0,1,2,1,2,0.500,4,0,221,0.917,25.0,2.26
13,Total,Total,0,2,NA,4049,4,NA,NA,0,33,0,0,NA,2,NA,NA,NA,NA,NA,NA,NA,NA,NA,NA,NA,NA,NA,NA,NA,NA,NA,NA,NA,NA,NA,NA,NA,NA,NA,NA,NA,NA,NA,NA,NA,NA,NA,regular,211,62,9,10,1.98,1879,112764,882,13,9,0,4,13,4,8,0.526,19,3,820,0.930,26.2,1.98
7,2025-26 Preseason,2025-26 Preseason,0,0,NA,2025-06-01,2,,NA,0,1,0,0,NA,0,NA,NA,NA,NA,NA,NA,NA,NA,NA,NA,NA,NA,NA,NA,NA,NA,NA,Toronto Sceptres,TOR,Toronto,Sceptres,6,NA,NA,NA,NA,NA,NA,NA,PWHL,NA,NA,NA,exhibition,211,0,0,0,0.00,60,3600,23,1,0,0,0,0,0,0,0.000,0,1,23,1.000,23.0,0.00
4,2024-25 Preseason,2024-25 Preseason,0,0,NA,2024-11-01,2,,NA,0,1,0,0,NA,0,NA,NA,NA,NA,NA,NA,NA,NA,NA,NA,NA,NA,NA,NA,NA,NA,NA,Toronto Sceptres,TOR,Toronto,Sceptres,6,NA,NA,NA,NA,NA,NA,NA,PWHL,NA,NA,NA,exhibition,211,3,0,0,4.50,40,2400,14,0,1,0,0,1,0,0,0.000,0,0,11,0.786,16.0,4.50
11,Total,Total,0,0,NA,4049,4,NA,NA,0,2,0,0,NA,0,NA,NA,NA,NA,NA,NA,NA,NA,NA,NA,NA,NA,NA,NA,NA,NA,NA,NA,NA,NA,NA,NA,NA,NA,NA,NA,NA,NA,NA,NA,NA,NA,NA,exhibition,211,3,0,0,1.80,100,6000,37,1,1,0,0,1,0,0,0.000,0,1,34,0.919,20.4,1.80
5,2024-25 Regular Season,2024-25 Reg,0,1,1,2024-11-25,2,,9,0,1,0,0,0,0,0,0,0,0,0,0.0,0.0,0,0.00,0,0,0,0,0,0,0.0,1,Ottawa Charge,OTT,Ottawa,Charge,5,1,0,0,0,0,0,0,PWHL,45,0:45,0,regular,215,NA,NA,NA,NA,NA,NA,NA,NA,NA,NA,NA,NA,NA,NA,NA,NA,NA,NA,NA,NA,NA
5,Total,Total,0,1,NA,2024,2,NA,9,0,1,0,0,0,0,0,0,0,0,0,0.0,0.0,0,0.00,0,0,0,0,0,0,0.0,1,NA,NA,NA,NA,NA,NA,0,0,0,0,0,0.00,NA,45,0:45,0,regular,215,NA,NA,NA,NA,NA,NA,NA,NA,NA,NA,NA,NA,NA,NA,NA,NA,NA,NA,NA,NA,NA
7,2025-26 Preseason,2025-26 Preseason,0,0,1,2025-07-10,2,,15,0,2,0,0,0,0,0,0,1,0,0,0.0,0.0,0,0.00,0,0,0,0,0,0,0.0,5,Ottawa Charge,OTT,Ottawa,Charge,5,1,0,0,0,0,0,0,PWHL,1501,25:01,1,exhibition,215,NA,NA,NA,NA,NA,NA,NA,NA,NA,NA,NA,NA,NA,NA,NA,NA,NA,NA,NA,NA,NA
4,2024-25 Preseason,2024-25 Preseason,0,0,1,2024-11-01,2,,9,0,2,0,0,0,4,0,0,2,0,0,0.0,0.0,0,0.00,0,0,0,0,0,0,0.0,0,Ottawa Charge,OTT,Ottawa,Charge,5,1,0,0,0,0,0,2.000000,PWHL,1688,28:08,0,exhibition,215,NA,NA,NA,NA,NA,NA,NA,NA,NA,NA,NA,NA,NA,NA,NA,NA,NA,NA,NA,NA,NA
11,Total,Total,0,0,NA,4049,4,NA,24,0,4,0,0,0,4,0,0,3,0,0,0.0,0.0,0,0.00,0,0,0,0,0,0,0.0,5,NA,NA,NA,NA,NA,NA,0,0,0,0,0,1.00,NA,3189,53:09,1,exhibition,215,NA,NA,NA,NA,NA,NA,NA,NA,NA,NA,NA,NA,NA,NA,NA,NA,NA,NA,NA,NA,NA
8,2025-26 Regular Season,2025-26 Reg,0,1,1,2025-11-21,2,,22,0,29,0,0,-6,8,0,0,8,0,0,0.0,0.0,0,0.00,0,0,0,0,5,13,38.5,30,Ottawa Charge,OTT,Ottawa,Charge,5,1,0,0,0,0,0,0.275862,PWHL,12516,208:36,8,regular,217,NA,NA,NA,NA,NA,NA,NA,NA,NA,NA,NA,NA,NA,NA,NA,NA,NA,NA,NA,NA,NA
5,2024-25 Regular Season,2024-25 Reg,0,1,1,2024-11-25,2,,22,1,15,1,2,-3,2,0,0,5,0,0,0.0,20.0,0,0.13,0,0,0,0,6,19,31.6,6,Ottawa Charge,OTT,Ottawa,Charge,5,1,0,0,0,0,0,0.133333,PWHL,5639,93:59,2,regular,217,NA,NA,NA,NA,NA,NA,NA,NA,NA,NA,NA,NA,NA,NA,NA,NA,NA,NA,NA,NA,NA
13,Total,Total,0,2,NA,4049,4,NA,44,1,44,1,2,-9,10,0,0,13,0,0,0.0,7.7,0,0.05,0,0,0,0,11,32,34.4,36,NA,NA,NA,NA,NA,NA,0,0,0,0,0,0.23,NA,18155,302:35,10,regular,217,NA,NA,NA,NA,NA,NA,NA,NA,NA,NA,NA,NA,NA,NA,NA,NA,NA,NA,NA,NA,NA
9,2026 Playoffs,2026 Playoffs,1,1,1,2026-04-28,2,,22,0,8,1,1,1,0,0,0,3,0,0,0.0,0.0,0,0.13,0,0,0,0,0,0,0.0,14,Ottawa Charge,OTT,Ottawa,Charge,5,1,0,0,0,0,0,0,PWHL,4867,81:07,2,playoff,217,NA,NA,NA,NA,NA,NA,NA,NA,NA,NA,NA,NA,NA,NA,NA,NA,NA,NA,NA,NA,NA
6,2025 Playoffs,2025 Playoffs,1,1,1,2025-05-06,2,,22,0,5,0,0,0,4,0,0,2,0,0,0.0,0.0,0,0.00,0,0,0,0,11,28,39.3,2,Ottawa Charge,OTT,Ottawa,Charge,5,1,0,0,0,0,0,0.800000,PWHL,3012,50:12,2,playoff,217,NA,NA,NA,NA,NA,NA,NA,NA,NA,NA,NA,NA,NA,NA,NA,NA,NA,NA,NA,NA,NA
15,Total,Total,1,2,NA,4051,4,NA,44,0,13,1,1,1,4,0,0,5,0,0,0.0,0.0,0,0.08,0,0,0,0,11,28,39.3,16,NA,NA,NA,NA,NA,NA,0,0,0,0,0,0.31,NA,7879,131:19,4,playoff,217,NA,NA,NA,NA,NA,NA,NA,NA,NA,NA,NA,NA,NA,NA,NA,NA,NA,NA,NA,NA,NA
7,2025-26 Preseason,2025-26 Preseason,0,0,1,2025-06-19,2,,22,1,2,0,1,1,2,0,0,1,0,0,0.0,100.0,0,0.50,0,0,0,0,5,15,33.3,5,Ottawa Charge,OTT,Ottawa,Charge,5,1,1,0,0,0,0,1.000000,PWHL,1496,24:56,3,exhibition,217,NA,NA,NA,NA,NA,NA,NA,NA,NA,NA,NA,NA,NA,NA,NA,NA,NA,NA,NA,NA,NA
4,2024-25 Preseason,2024-25 Preseason,0,0,1,2024-11-01,2,,22,0,1,0,0,1,2,0,0,0,0,0,0.0,0.0,0,0.00,0,0,0,0,0,0,0.0,0,Ottawa Charge,OTT,Ottawa,Charge,5,1,0,0,0,0,0,2.000000,PWHL,702,11:42,1,exhibition,217,NA,NA,NA,NA,NA,NA,NA,NA,NA,NA,NA,NA,NA,NA,NA,NA,NA,NA,NA,NA,NA
11,Total,Total,0,0,NA,4049,4,NA,44,1,3,0,1,2,4,0,0,1,0,0,0.0,100.0,0,0.33,0,0,0,0,5,15,33.3,5,NA,NA,NA,NA,NA,NA,1,0,0,0,0,1.33,NA,2198,36:38,4,exhibition,217,NA,NA,NA,NA,NA,NA,NA,NA,NA,NA,NA,NA,NA,NA,NA,NA,NA,NA,NA,NA,NA
8,2025-26 Regular Season,2025-26 Reg,0,1,1,2025-11-21,2,,6,1,30,4,5,6,6,0,0,31,0,0,0.0,3.2,0,0.17,0,0,0,0,0,1,0.0,16,Ottawa Charge,OTT,Ottawa,Charge,5,1,1,0,0,0,0,0.200000,PWHL,24110,401:50,15,regular,219,NA,NA,NA,NA,NA,NA,NA,NA,NA,NA,NA,NA,NA,NA,NA,NA,NA,NA,NA,NA,NA
5,2024-25 Regular Season,2024-25 Reg,0,1,1,2024-11-25,2,,6,1,28,4,5,2,10,0,0,15,0,0,0.0,6.7,0,0.18,0,0,0,0,0,1,0.0,14,Ottawa Charge,OTT,Ottawa,Charge,5,1,1,0,0,0,0,0.357143,PWHL,20391,339:51,20,regular,219,NA,NA,NA,NA,NA,NA,NA,NA,NA,NA,NA,NA,NA,NA,NA,NA,NA,NA,NA,NA,NA
13,Total,Total,0,2,NA,4049,4,NA,12,2,58,8,10,8,16,0,0,46,0,0,0.0,4.3,0,0.17,0,0,0,0,0,2,0.0,30,NA,NA,NA,NA,NA,NA,2,0,0,0,0,0.28,NA,44501,741:41,35,regular,219,NA,NA,NA,NA,NA,NA,NA,NA,NA,NA,NA,NA,NA,NA,NA,NA,NA,NA,NA,NA,NA
9,2026 Playoffs,2026 Playoffs,1,1,1,2026-04-28,2,,6,0,8,0,0,2,0,0,0,2,0,0,0.0,0.0,0,0.00,0,0,0,0,0,0,0.0,3,Ottawa Charge,OTT,Ottawa,Charge,5,1,0,0,0,0,0,0,PWHL,2339,38:59,4,playoff,219,NA,NA,NA,NA,NA,NA,NA,NA,NA,NA,NA,NA,NA,NA,NA,NA,NA,NA,NA,NA,NA
6,2025 Playoffs,2025 Playoffs,1,1,1,2025-05-06,2,,6,0,8,0,0,-1,2,0,0,7,0,0,0.0,0.0,0,0.00,0,0,0,0,0,0,0.0,3,Ottawa Charge,OTT,Ottawa,Charge,5,1,0,0,0,0,0,0.250000,PWHL,8490,141:30,12,playoff,219,NA,NA,NA,NA,NA,NA,NA,NA,NA,NA,NA,NA,NA,NA,NA,NA,NA,NA,NA,NA,NA
15,Total,Total,1,2,NA,4051,4,NA,12,0,16,0,0,1,2,0,0,9,0,0,0.0,0.0,0,0.00,0,0,0,0,0,0,0.0,6,NA,NA,NA,NA,NA,NA,0,0,0,0,0,0.12,NA,10829,180:29,16,playoff,219,NA,NA,NA,NA,NA,NA,NA,NA,NA,NA,NA,NA,NA,NA,NA,NA,NA,NA,NA,NA,NA
7,2025-26 Preseason,2025-26 Preseason,0,0,1,2025-06-01,2,,6,0,1,0,0,-2,2,0,0,1,0,0,0.0,0.0,0,0.00,0,0,0,0,0,0,0.0,2,Ottawa Charge,OTT,Ottawa,Charge,5,1,0,0,0,0,0,2.000000,PWHL,1323,22:03,1,exhibition,219,NA,NA,NA,NA,NA,NA,NA,NA,NA,NA,NA,NA,NA,NA,NA,NA,NA,NA,NA,NA,NA
4,2024-25 Preseason,2024-25 Preseason,0,0,1,2024-11-01,2,,6,1,2,2,3,3,0,0,0,1,0,0,0.0,100.0,0,1.50,0,0,1,0,0,0,0.0,2,Ottawa Charge,OTT,Ottawa,Charge,5,1,0,0,0,0,0,0,PWHL,2057,34:17,4,exhibition,219,NA,NA,NA,NA,NA,NA,NA,NA,NA,NA,NA,NA,NA,NA,NA,NA,NA,NA,NA,NA,NA
11,Total,Total,0,0,NA,4049,4,NA,12,1,3,2,3,1,2,0,0,2,0,0,0.0,50.0,0,1.00,0,0,1,0,0,0,0.0,4,NA,NA,NA,NA,NA,NA,0,0,0,0,0,0.67,NA,3380,56:20,5,exhibition,219,NA,NA,NA,NA,NA,NA,NA,NA,NA,NA,NA,NA,NA,NA,NA,NA,NA,NA,NA,NA,NA
8,2025-26 Regular Season,2025-26 Reg,0,1,1,2025-11-21,2,,18,1,13,1,2,-1,8,0,0,18,0,0,0.0,5.6,0,0.15,0,0,1,0,12,26,46.2,12,Ottawa Charge,OTT,Ottawa,Charge,5,0,0,0,0,0,0,0.615385,PWHL,10763,179:23,3,regular,220,NA,NA,NA,NA,NA,NA,NA,NA,NA,NA,NA,NA,NA,NA,NA,NA,NA,NA,NA,NA,NA
8,2025-26 Regular Season,2025-26 Reg,0,1,1,2026-01-18,2,,19,3,17,1,4,-4,8,1,1,19,0,0,0.0,15.8,0,0.24,0,0,1,0,85,181,47.0,30,Vancouver Goldeneyes,VAN,Vancouver,Goldeneyes,9,1,0,0,0,0,1,0.470588,PWHL,15434,257:14,10,regular,220,NA,NA,NA,NA,NA,NA,NA,NA,NA,NA,NA,NA,NA,NA,NA,NA,NA,NA,NA,NA,NA
5,2024-25 Regular Season,2024-25 Reg,0,1,1,2024-11-25,2,,18,4,30,4,8,2,6,1,0,34,0,0,0.0,11.8,0,0.27,0,0,0,0,11,29,37.9,24,Ottawa Charge,OTT,Ottawa,Charge,5,1,3,0,0,1,0,0.200000,PWHL,25417,423:37,20,regular,220,NA,NA,NA,NA,NA,NA,NA,NA,NA,NA,NA,NA,NA,NA,NA,NA,NA,NA,NA,NA,NA
21,Total,Total,0,3,NA,6075,6,NA,55,8,60,6,14,-3,22,2,1,71,0,0,0.0,11.3,0,0.23,0,0,2,0,108,236,45.8,66,NA,NA,NA,NA,NA,NA,3,0,0,1,1,0.37,NA,51614,860:14,33,regular,220,NA,NA,NA,NA,NA,NA,NA,NA,NA,NA,NA,NA,NA,NA,NA,NA,NA,NA,NA,NA,NA
6,2025 Playoffs,2025 Playoffs,1,1,1,2025-05-06,2,,18,1,8,0,1,1,0,0,0,17,0,0,0.0,5.9,0,0.13,0,0,1,0,0,3,0.0,3,Ottawa Charge,OTT,Ottawa,Charge,5,1,1,0,0,0,0,0,PWHL,10318,171:58,5,playoff,220,NA,NA,NA,NA,NA,NA,NA,NA,NA,NA,NA,NA,NA,NA,NA,NA,NA,NA,NA,NA,NA
6,Total,Total,1,1,NA,2025,2,NA,18,1,8,0,1,1,0,0,0,17,0,0,0.0,5.9,0,0.12,0,0,1,0,0,3,0.0,3,NA,NA,NA,NA,NA,NA,1,0,0,0,0,0.00,NA,10318,171:58,5,playoff,220,NA,NA,NA,NA,NA,NA,NA,NA,NA,NA,NA,NA,NA,NA,NA,NA,NA,NA,NA,NA,NA
7,2025-26 Preseason,2025-26 Preseason,0,0,1,2025-06-01,2,,18,0,2,0,0,-3,0,0,0,2,0,0,0.0,0.0,0,0.00,0,0,0,0,15,23,65.2,4,Ottawa Charge,OTT,Ottawa,Charge,5,1,0,0,0,0,0,0,PWHL,1954,32:34,0,exhibition,220,NA,NA,NA,NA,NA,NA,NA,NA,NA,NA,NA,NA,NA,NA,NA,NA,NA,NA,NA,NA,NA
4,2024-25 Preseason,2024-25 Preseason,0,0,1,2024-11-01,2,,18,1,2,0,1,0,0,0,0,6,0,0,0.0,16.7,0,0.50,0,0,0,0,0,0,0.0,0,Ottawa Charge,OTT,Ottawa,Charge,5,1,0,0,0,0,0,0,PWHL,1758,29:18,2,exhibition,220,NA,NA,NA,NA,NA,NA,NA,NA,NA,NA,NA,NA,NA,NA,NA,NA,NA,NA,NA,NA,NA
11,Total,Total,0,0,NA,4049,4,NA,36,1,4,0,1,-3,0,0,0,8,0,0,0.0,12.5,0,0.25,0,0,0,0,15,23,65.2,4,NA,NA,NA,NA,NA,NA,0,0,0,0,0,0.00,NA,3712,61:52,2,exhibition,220,NA,NA,NA,NA,NA,NA,NA,NA,NA,NA,NA,NA,NA,NA,NA,NA,NA,NA,NA,NA,NA
8,2025-26 Regular Season,2025-26 Reg,0,1,1,2025-11-21,2,,94,2,13,0,2,-3,6,0,0,11,0,0,0.0,18.2,0,0.15,0,0,0,0,0,0,0.0,7,Ottawa Charge,OTT,Ottawa,Charge,5,0,0,0,0,0,0,0.461538,PWHL,9000,150:00,7,regular,221,NA,NA,NA,NA,NA,NA,NA,NA,NA,NA,NA,NA,NA,NA,NA,NA,NA,NA,NA,NA,NA
8,2025-26 Regular Season,2025-26 Reg,0,1,1,2026-01-18,2,,94,1,17,3,4,2,0,0,0,21,0,0,0.0,4.8,0,0.24,0,0,0,0,2,3,66.7,21,Vancouver Goldeneyes,VAN,Vancouver,Goldeneyes,9,1,0,1,0,0,0,0,PWHL,13333,222:13,4,regular,221,NA,NA,NA,NA,NA,NA,NA,NA,NA,NA,NA,NA,NA,NA,NA,NA,NA,NA,NA,NA,NA
5,2024-25 Regular Season,2024-25 Reg,0,1,1,2024-11-25,2,,94,1,28,1,2,-5,6,0,1,25,0,0,0.0,4.0,0,0.07,0,0,0,0,1,3,33.3,23,Ottawa Charge,OTT,Ottawa,Charge,5,1,1,0,0,0,0,0.214286,PWHL,19554,325:54,10,regular,221,NA,NA,NA,NA,NA,NA,NA,NA,NA,NA,NA,NA,NA,NA,NA,NA,NA,NA,NA,NA,NA
21,Total,Total,0,3,NA,6075,6,NA,282,4,58,4,8,-6,12,0,1,57,0,0,0.0,7.0,0,0.14,0,0,0,0,3,6,50.0,51,NA,NA,NA,NA,NA,NA,1,1,0,0,0,0.21,NA,41887,698:07,21,regular,221,NA,NA,NA,NA,NA,NA,NA,NA,NA,NA,NA,NA,NA,NA,NA,NA,NA,NA,NA,NA,NA
6,2025 Playoffs,2025 Playoffs,1,1,1,2025-05-06,2,,94,0,8,2,2,1,0,0,0,13,0,0,0.0,0.0,0,0.25,0,0,0,0,2,3,66.7,6,Ottawa Charge,OTT,Ottawa,Charge,5,1,0,0,0,0,0,0,PWHL,6996,116:36,4,playoff,221,NA,NA,NA,NA,NA,NA,NA,NA,NA,NA,NA,NA,NA,NA,NA,NA,NA,NA,NA,NA,NA
6,Total,Total,1,1,NA,2025,2,NA,94,0,8,2,2,1,0,0,0,13,0,0,0.0,0.0,0,0.25,0,0,0,0,2,3,66.7,6,NA,NA,NA,NA,NA,NA,0,0,0,0,0,0.00,NA,6996,116:36,4,playoff,221,NA,NA,NA,NA,NA,NA,NA,NA,NA,NA,NA,NA,NA,NA,NA,NA,NA,NA,NA,NA,NA
7,2025-26 Preseason,2025-26 Preseason,0,0,1,2025-06-01,2,,94,0,2,1,1,0,0,0,0,1,0,0,0.0,0.0,0,0.50,0,0,0,0,0,1,0.0,8,Ottawa Charge,OTT,Ottawa,Charge,5,1,0,0,0,0,0,0,PWHL,1784,29:44,1,exhibition,221,NA,NA,NA,NA,NA,NA,NA,NA,NA,NA,NA,NA,NA,NA,NA,NA,NA,NA,NA,NA,NA
4,2024-25 Preseason,2024-25 Preseason,0,0,1,2024-11-01,2,,94,1,1,1,2,2,0,0,0,1,0,0,0.0,100.0,0,2.00,0,0,0,0,0,0,0.0,2,Ottawa Charge,OTT,Ottawa,Charge,5,1,0,1,0,0,0,0,PWHL,654,10:54,1,exhibition,221,NA,NA,NA,NA,NA,NA,NA,NA,NA,NA,NA,NA,NA,NA,NA,NA,NA,NA,NA,NA,NA
11,Total,Total,0,0,NA,4049,4,NA,188,1,3,2,3,2,0,0,0,2,0,0,0.0,50.0,0,1.00,0,0,0,0,0,1,0.0,10,NA,NA,NA,NA,NA,NA,0,1,0,0,0,0.00,NA,2438,40:38,2,exhibition,221,NA,NA,NA,NA,NA,NA,NA,NA,NA,NA,NA,NA,NA,NA,NA,NA,NA,NA,NA,NA,NA
8,2025-26 Regular Season,2025-26 Reg,0,1,NA,2025-11-21,2,,NA,0,28,0,0,NA,2,NA,NA,NA,NA,NA,NA,NA,NA,NA,NA,NA,NA,NA,NA,NA,NA,NA,Ottawa Charge,OTT,Ottawa,Charge,5,NA,NA,NA,NA,NA,NA,NA,PWHL,NA,NA,NA,regular,222,58,4,9,2.12,1643,98595,844,16,11,0,0,11,1,1,0.692,13,3,786,0.931,28.0,2.12
5,2024-25 Regular Season,2024-25 Reg,0,1,NA,2024-11-25,2,,NA,0,15,0,0,NA,0,NA,NA,NA,NA,NA,NA,NA,NA,NA,NA,NA,NA,NA,NA,NA,NA,NA,Ottawa Charge,OTT,Ottawa,Charge,5,NA,NA,NA,NA,NA,NA,NA,PWHL,NA,NA,NA,regular,222,28,0,0,2.11,795,47671,344,8,5,0,1,6,0,1,0.000,0,2,316,0.919,23.0,2.11
13,Total,Total,0,2,NA,4049,4,NA,NA,0,43,0,0,NA,2,NA,NA,NA,NA,NA,NA,NA,NA,NA,NA,NA,NA,NA,NA,NA,NA,NA,NA,NA,NA,NA,NA,NA,NA,NA,NA,NA,NA,NA,NA,NA,NA,NA,regular,222,86,4,9,2.12,2438,146266,1188,24,16,0,1,17,1,2,0.692,13,5,1102,0.928,27.1,2.12
9,2026 Playoffs,2026 Playoffs,1,1,NA,2026-04-28,2,,NA,0,8,1,1,NA,2,NA,NA,NA,NA,NA,NA,NA,NA,NA,NA,NA,NA,NA,NA,NA,NA,NA,Ottawa Charge,OTT,Ottawa,Charge,5,NA,NA,NA,NA,NA,NA,NA,PWHL,NA,NA,NA,playoff,222,17,0,0,1.99,513,30753,241,4,2,0,2,4,0,2,0.000,0,0,224,0.929,26.0,1.99
6,2025 Playoffs,2025 Playoffs,1,1,NA,2025-05-06,2,,NA,0,8,0,0,NA,0,NA,NA,NA,NA,NA,NA,NA,NA,NA,NA,NA,NA,NA,NA,NA,NA,NA,Ottawa Charge,OTT,Ottawa,Charge,5,NA,NA,NA,NA,NA,NA,NA,PWHL,NA,NA,NA,playoff,222,13,0,0,1.23,635,38125,270,4,0,0,4,4,0,4,0.000,0,1,257,0.952,24.0,1.23
15,Total,Total,1,2,NA,4051,4,NA,NA,0,16,1,1,NA,2,NA,NA,NA,NA,NA,NA,NA,NA,NA,NA,NA,NA,NA,NA,NA,NA,NA,NA,NA,NA,NA,NA,NA,NA,NA,NA,NA,NA,NA,NA,NA,NA,NA,playoff,222,30,0,0,1.57,1148,68878,511,8,2,0,6,8,0,6,0.000,0,1,481,0.941,25.1,1.57
7,2025-26 Preseason,2025-26 Preseason,0,0,NA,2025-06-01,2,,NA,0,1,0,0,NA,0,NA,NA,NA,NA,NA,NA,NA,NA,NA,NA,NA,NA,NA,NA,NA,NA,NA,Ottawa Charge,OTT,Ottawa,Charge,5,NA,NA,NA,NA,NA,NA,NA,PWHL,NA,NA,NA,exhibition,222,1,0,0,1.94,31,1857,19,0,1,0,0,1,0,0,0.000,0,0,18,0.947,34.0,1.94
4,2024-25 Preseason,2024-25 Preseason,0,0,NA,2024-11-01,2,,NA,0,1,0,0,NA,0,NA,NA,NA,NA,NA,NA,NA,NA,NA,NA,NA,NA,NA,NA,NA,NA,NA,Ottawa Charge,OTT,Ottawa,Charge,5,NA,NA,NA,NA,NA,NA,NA,PWHL,NA,NA,NA,exhibition,222,5,0,0,5.32,56,3386,33,0,1,0,0,1,0,0,0.000,0,0,28,0.848,29.0,5.32
11,Total,Total,0,0,NA,4049,4,NA,NA,0,2,0,0,NA,0,NA,NA,NA,NA,NA,NA,NA,NA,NA,NA,NA,NA,NA,NA,NA,NA,NA,NA,NA,NA,NA,NA,NA,NA,NA,NA,NA,NA,NA,NA,NA,NA,NA,exhibition,222,6,0,0,4.12,87,5243,52,0,2,0,0,2,0,0,0.000,0,0,46,0.885,31.6,4.12
8,2025-26 Regular Season,2025-26 Reg,0,1,1,2025-11-21,2,,88,4,30,6,10,-4,10,2,3,55,0,0,0.0,7.3,0,0.33,0,0,0,0,0,0,0.0,42,Ottawa Charge,OTT,Ottawa,Charge,5,1,2,0,0,0,0,0.333333,PWHL,39691,661:31,25,regular,223,NA,NA,NA,NA,NA,NA,NA,NA,NA,NA,NA,NA,NA,NA,NA,NA,NA,NA,NA,NA,NA
5,2024-25 Regular Season,2024-25 Reg,0,1,1,2024-11-25,2,,88,2,28,9,11,11,18,1,0,47,0,0,0.0,4.3,0,0.39,0,2,0,0,0,1,0.0,22,Ottawa Charge,OTT,Ottawa,Charge,5,1,1,0,0,1,0,0.642857,PWHL,28515,475:15,35,regular,223,NA,NA,NA,NA,NA,NA,NA,NA,NA,NA,NA,NA,NA,NA,NA,NA,NA,NA,NA,NA,NA
13,Total,Total,0,2,NA,4049,4,NA,176,6,58,15,21,7,28,3,3,102,0,0,0.0,5.9,0,0.36,0,2,0,0,0,1,0.0,64,NA,NA,NA,NA,NA,NA,3,0,0,1,0,0.48,NA,68206,1136:46,60,regular,223,NA,NA,NA,NA,NA,NA,NA,NA,NA,NA,NA,NA,NA,NA,NA,NA,NA,NA,NA,NA,NA
9,2026 Playoffs,2026 Playoffs,1,1,1,2026-04-28,2,,88,2,8,2,4,-2,4,0,0,16,0,0,0.0,12.5,0,0.50,0,0,1,0,0,0,0.0,6,Ottawa Charge,OTT,Ottawa,Charge,5,1,1,0,0,0,0,0.500000,PWHL,11015,183:35,8,playoff,223,NA,NA,NA,NA,NA,NA,NA,NA,NA,NA,NA,NA,NA,NA,NA,NA,NA,NA,NA,NA,NA
6,2025 Playoffs,2025 Playoffs,1,1,1,2025-05-06,2,,88,0,8,1,1,0,6,0,0,16,0,0,0.0,0.0,0,0.13,0,0,0,0,0,0,0.0,7,Ottawa Charge,OTT,Ottawa,Charge,5,1,0,0,0,0,0,0.750000,PWHL,11691,194:51,10,playoff,223,NA,NA,NA,NA,NA,NA,NA,NA,NA,NA,NA,NA,NA,NA,NA,NA,NA,NA,NA,NA,NA
15,Total,Total,1,2,NA,4051,4,NA,176,2,16,3,5,-2,10,0,0,32,0,0,0.0,6.2,0,0.31,0,0,1,0,0,0,0.0,13,NA,NA,NA,NA,NA,NA,1,0,0,0,0,0.62,NA,22706,378:26,18,playoff,223,NA,NA,NA,NA,NA,NA,NA,NA,NA,NA,NA,NA,NA,NA,NA,NA,NA,NA,NA,NA,NA
4,2024-25 Preseason,2024-25 Preseason,0,0,1,2024-11-01,2,,88,0,2,0,0,0,0,0,0,0,0,0,0.0,0.0,0,0.00,0,0,0,0,0,1,0.0,3,Ottawa Charge,OTT,Ottawa,Charge,5,1,0,0,0,0,0,0,PWHL,1891,31:31,0,exhibition,223,NA,NA,NA,NA,NA,NA,NA,NA,NA,NA,NA,NA,NA,NA,NA,NA,NA,NA,NA,NA,NA
4,Total,Total,0,0,NA,2024,2,NA,88,0,2,0,0,0,0,0,0,0,0,0,0.0,0.0,0,0.00,0,0,0,0,0,1,0.0,3,NA,NA,NA,NA,NA,NA,0,0,0,0,0,0.00,NA,1891,31:31,0,exhibition,223,NA,NA,NA,NA,NA,NA,NA,NA,NA,NA,NA,NA,NA,NA,NA,NA,NA,NA,NA,NA,NA
8,2025-26 Regular Season,2025-26 Reg,0,1,1,2025-11-21,2,,92,7,30,9,16,-1,8,0,2,75,1,0,0.0,9.3,0,0.53,0,0,2,0,141,323,43.7,28,Seattle Torrent,SEA,Seattle,Torrent,8,1,1,0,0,0,1,0.266667,PWHL,33652,560:52,14,regular,224,NA,NA,NA,NA,NA,NA,NA,NA,NA,NA,NA,NA,NA,NA,NA,NA,NA,NA,NA,NA,NA
5,2024-25 Regular Season,2024-25 Reg,0,1,1,2024-11-25,2,,92,2,30,6,8,-6,18,0,1,48,1,0,0.0,4.2,0,0.27,0,0,0,0,90,220,40.9,16,Ottawa Charge,OTT,Ottawa,Charge,5,1,0,0,0,0,0,0.600000,PWHL,27876,464:36,14,regular,224,NA,NA,NA,NA,NA,NA,NA,NA,NA,NA,NA,NA,NA,NA,NA,NA,NA,NA,NA,NA,NA
13,Total,Total,0,2,NA,4049,4,NA,184,9,60,15,24,-7,26,0,3,123,2,0,0.0,7.3,0,0.40,0,0,2,0,231,543,42.5,44,NA,NA,NA,NA,NA,NA,1,0,0,0,1,0.43,NA,61528,1025:28,28,regular,224,NA,NA,NA,NA,NA,NA,NA,NA,NA,NA,NA,NA,NA,NA,NA,NA,NA,NA,NA,NA,NA
6,2025 Playoffs,2025 Playoffs,1,1,1,2025-05-06,2,,92,0,8,2,2,0,2,0,0,10,0,0,0.0,0.0,0,0.25,0,0,0,0,3,6,50.0,4,Ottawa Charge,OTT,Ottawa,Charge,5,1,0,0,0,0,0,0.250000,PWHL,6141,102:21,1,playoff,224,NA,NA,NA,NA,NA,NA,NA,NA,NA,NA,NA,NA,NA,NA,NA,NA,NA,NA,NA,NA,NA
6,Total,Total,1,1,NA,2025,2,NA,92,0,8,2,2,0,2,0,0,10,0,0,0.0,0.0,0,0.25,0,0,0,0,3,6,50.0,4,NA,NA,NA,NA,NA,NA,0,0,0,0,0,0.25,NA,6141,102:21,1,playoff,224,NA,NA,NA,NA,NA,NA,NA,NA,NA,NA,NA,NA,NA,NA,NA,NA,NA,NA,NA,NA,NA
7,2025-26 Preseason,2025-26 Preseason,0,0,1,2025-06-13,2,,92,0,1,0,0,-1,0,0,0,2,0,0,0.0,0.0,0,0.00,0,0,0,0,10,20,50.0,0,Seattle Torrent,SEA,Seattle,Torrent,8,1,0,0,0,0,0,0,PWHL,1968,32:48,2,exhibition,224,NA,NA,NA,NA,NA,NA,NA,NA,NA,NA,NA,NA,NA,NA,NA,NA,NA,NA,NA,NA,NA
4,2024-25 Preseason,2024-25 Preseason,0,0,1,2024-11-01,2,,92,1,2,1,2,1,4,0,0,2,0,0,0.0,50.0,0,1.00,0,0,0,0,11,30,36.7,0,Ottawa Charge,OTT,Ottawa,Charge,5,1,0,0,0,1,0,2.000000,PWHL,2001,33:21,3,exhibition,224,NA,NA,NA,NA,NA,NA,NA,NA,NA,NA,NA,NA,NA,NA,NA,NA,NA,NA,NA,NA,NA
11,Total,Total,0,0,NA,4049,4,NA,184,1,3,1,2,0,4,0,0,4,0,0,0.0,25.0,0,0.67,0,0,0,0,21,50,42.0,0,NA,NA,NA,NA,NA,NA,0,0,0,1,0,1.33,NA,3969,66:09,5,exhibition,224,NA,NA,NA,NA,NA,NA,NA,NA,NA,NA,NA,NA,NA,NA,NA,NA,NA,NA,NA,NA,NA
7,2025-26 Preseason,2025-26 Preseason,0,0,1,2025-06-01,2,,20,0,2,0,0,-2,0,0,0,0,0,0,0.0,0.0,0,0.00,0,0,0,0,1,2,50.0,0,Montréal Victoire,MTL,Montréal,Victoire,3,1,0,0,0,0,0,0,PWHL,1360,22:40,2,exhibition,225,NA,NA,NA,NA,NA,NA,NA,NA,NA,NA,NA,NA,NA,NA,NA,NA,NA,NA,NA,NA,NA
4,2024-25 Preseason,2024-25 Preseason,0,0,1,2024-11-01,2,,44,0,2,1,1,2,0,0,0,1,0,0,0.0,0.0,0,0.50,0,0,0,0,0,0,0.0,1,Ottawa Charge,OTT,Ottawa,Charge,5,1,0,0,0,0,0,0,PWHL,1636,27:16,1,exhibition,225,NA,NA,NA,NA,NA,NA,NA,NA,NA,NA,NA,NA,NA,NA,NA,NA,NA,NA,NA,NA,NA
11,Total,Total,0,0,NA,4049,4,NA,64,0,4,1,1,0,0,0,0,1,0,0,0.0,0.0,0,0.25,0,0,0,0,1,2,50.0,1,NA,NA,NA,NA,NA,NA,0,0,0,0,0,0.00,NA,2996,49:56,3,exhibition,225,NA,NA,NA,NA,NA,NA,NA,NA,NA,NA,NA,NA,NA,NA,NA,NA,NA,NA,NA,NA,NA
4,2024-25 Preseason,2024-25 Preseason,0,0,1,2024-11-01,2,,4,0,2,1,1,4,2,0,0,0,0,0,0.0,0.0,0,0.50,0,0,0,0,0,0,0.0,0,Ottawa Charge,OTT,Ottawa,Charge,5,1,0,0,0,0,0,1.000000,PWHL,2079,34:39,4,exhibition,226,NA,NA,NA,NA,NA,NA,NA,NA,NA,NA,NA,NA,NA,NA,NA,NA,NA,NA,NA,NA,NA
4,Total,Total,0,0,NA,2024,2,NA,4,0,2,1,1,4,2,0,0,0,0,0,0.0,0.0,0,0.50,0,0,0,0,0,0,0.0,0,NA,NA,NA,NA,NA,NA,0,0,0,0,0,1.00,NA,2079,34:39,4,exhibition,226,NA,NA,NA,NA,NA,NA,NA,NA,NA,NA,NA,NA,NA,NA,NA,NA,NA,NA,NA,NA,NA
8,2025-26 Regular Season,2025-26 Reg,0,1,1,2025-11-21,2,,15,1,26,1,2,-1,12,0,0,24,0,0,0.0,4.2,0,0.08,0,1,0,0,164,311,52.7,32,Vancouver Goldeneyes,VAN,Vancouver,Goldeneyes,9,1,0,0,0,0,0,0.461538,PWHL,24134,402:14,26,regular,227,NA,NA,NA,NA,NA,NA,NA,NA,NA,NA,NA,NA,NA,NA,NA,NA,NA,NA,NA,NA,NA
5,2024-25 Regular Season,2024-25 Reg,0,1,1,2024-11-25,2,,15,1,29,3,4,-2,8,0,1,31,0,0,0.0,3.2,0,0.14,0,0,0,0,154,285,54.0,21,New York Sirens,NY,New York,Sirens,4,1,0,0,0,0,0,0.275862,PWHL,22524,375:24,14,regular,227,NA,NA,NA,NA,NA,NA,NA,NA,NA,NA,NA,NA,NA,NA,NA,NA,NA,NA,NA,NA,NA
13,Total,Total,0,2,NA,4049,4,NA,30,2,55,4,6,-3,20,0,1,55,0,0,0.0,3.6,0,0.11,0,1,0,0,318,596,53.4,53,NA,NA,NA,NA,NA,NA,0,0,0,0,0,0.36,NA,46658,777:38,40,regular,227,NA,NA,NA,NA,NA,NA,NA,NA,NA,NA,NA,NA,NA,NA,NA,NA,NA,NA,NA,NA,NA
7,2025-26 Preseason,2025-26 Preseason,0,0,1,2025-06-13,2,,15,0,1,0,0,0,0,0,0,0,0,0,0.0,0.0,0,0.00,0,0,0,0,4,9,44.4,3,Vancouver Goldeneyes,VAN,Vancouver,Goldeneyes,9,1,0,0,0,0,0,0,PWHL,960,16:00,0,exhibition,227,NA,NA,NA,NA,NA,NA,NA,NA,NA,NA,NA,NA,NA,NA,NA,NA,NA,NA,NA,NA,NA
4,2024-25 Preseason,2024-25 Preseason,0,0,1,2024-11-01,2,,15,0,2,0,0,3,2,0,0,3,0,0,0.0,0.0,0,0.00,0,0,0,0,11,19,57.9,2,New York Sirens,NY,New York,Sirens,4,1,0,0,0,0,0,1.000000,PWHL,1858,30:58,2,exhibition,227,NA,NA,NA,NA,NA,NA,NA,NA,NA,NA,NA,NA,NA,NA,NA,NA,NA,NA,NA,NA,NA
11,Total,Total,0,0,NA,4049,4,NA,30,0,3,0,0,3,2,0,0,3,0,0,0.0,0.0,0,0.00,0,0,0,0,15,28,53.6,5,NA,NA,NA,NA,NA,NA,0,0,0,0,0,0.67,NA,2818,46:58,2,exhibition,227,NA,NA,NA,NA,NA,NA,NA,NA,NA,NA,NA,NA,NA,NA,NA,NA,NA,NA,NA,NA,NA
8,2025-26 Regular Season,2025-26 Reg,0,1,NA,2025-11-21,2,,NA,0,27,0,0,NA,0,NA,NA,NA,NA,NA,NA,NA,NA,NA,NA,NA,NA,NA,NA,NA,NA,NA,New York Sirens,NY,New York,Sirens,4,NA,NA,NA,NA,NA,NA,NA,PWHL,NA,NA,NA,regular,228,65,4,9,2.47,1579,94757,693,11,14,0,1,15,1,2,0.692,13,4,628,0.906,23.0,2.47
5,2024-25 Regular Season,2024-25 Reg,0,1,NA,2024-11-25,2,,NA,0,10,1,1,NA,0,NA,NA,NA,NA,NA,NA,NA,NA,NA,NA,NA,NA,NA,NA,NA,NA,NA,New York Sirens,NY,New York,Sirens,4,NA,NA,NA,NA,NA,NA,NA,PWHL,NA,NA,NA,regular,228,21,6,7,2.22,568,34077,249,2,4,0,0,4,3,3,0.538,13,1,228,0.916,24.0,2.22
13,Total,Total,0,2,NA,4049,4,NA,NA,0,37,1,1,NA,0,NA,NA,NA,NA,NA,NA,NA,NA,NA,NA,NA,NA,NA,NA,NA,NA,NA,NA,NA,NA,NA,NA,NA,NA,NA,NA,NA,NA,NA,NA,NA,NA,NA,regular,228,86,10,16,2.40,2147,128834,942,13,18,0,1,19,4,5,0.615,26,5,856,0.909,23.9,2.40
7,2025-26 Preseason,2025-26 Preseason,0,0,NA,2025-06-01,2,,NA,0,1,0,0,NA,0,NA,NA,NA,NA,NA,NA,NA,NA,NA,NA,NA,NA,NA,NA,NA,NA,NA,New York Sirens,NY,New York,Sirens,4,NA,NA,NA,NA,NA,NA,NA,PWHL,NA,NA,NA,exhibition,228,2,0,0,2.00,60,3600,27,1,0,0,0,0,0,0,0.000,0,0,25,0.926,25.0,2.00
4,2024-25 Preseason,2024-25 Preseason,0,0,NA,2024-11-01,2,,NA,0,1,0,0,NA,0,NA,NA,NA,NA,NA,NA,NA,NA,NA,NA,NA,NA,NA,NA,NA,NA,NA,New York Sirens,NY,New York,Sirens,4,NA,NA,NA,NA,NA,NA,NA,PWHL,NA,NA,NA,exhibition,228,0,0,0,0.00,31,1845,16,1,0,0,0,0,0,0,0.000,0,0,16,1.000,31.0,0.00
11,Total,Total,0,0,NA,4049,4,NA,NA,0,2,0,0,NA,0,NA,NA,NA,NA,NA,NA,NA,NA,NA,NA,NA,NA,NA,NA,NA,NA,NA,NA,NA,NA,NA,NA,NA,NA,NA,NA,NA,NA,NA,NA,NA,NA,NA,exhibition,228,2,0,0,1.32,91,5445,43,2,0,0,0,0,0,0,0.000,0,0,41,0.953,27.1,1.32
8,2025-26 Regular Season,2025-26 Reg,0,1,1,2025-11-21,2,,8,2,30,9,11,-8,16,1,5,46,3,2,66.7,4.3,1,0.37,1,0,0,0,0,0,0.0,9,New York Sirens,NY,New York,Sirens,4,1,0,0,0,1,1,0.533333,PWHL,39249,654:09,36,regular,229,NA,NA,NA,NA,NA,NA,NA,NA,NA,NA,NA,NA,NA,NA,NA,NA,NA,NA,NA,NA,NA
5,2024-25 Regular Season,2024-25 Reg,0,1,1,2024-11-25,2,,8,2,23,4,6,-1,2,1,1,26,0,0,0.0,7.7,0,0.26,0,0,1,0,0,0,0.0,13,New York Sirens,NY,New York,Sirens,4,1,0,0,1,0,0,0.086957,PWHL,25695,428:15,11,regular,229,NA,NA,NA,NA,NA,NA,NA,NA,NA,NA,NA,NA,NA,NA,NA,NA,NA,NA,NA,NA,NA
13,Total,Total,0,2,NA,4049,4,NA,16,4,53,13,17,-9,18,2,6,72,3,2,66.7,5.6,1,0.32,1,0,1,0,0,0,0.0,22,NA,NA,NA,NA,NA,NA,0,0,1,1,1,0.34,NA,64944,1082:24,47,regular,229,NA,NA,NA,NA,NA,NA,NA,NA,NA,NA,NA,NA,NA,NA,NA,NA,NA,NA,NA,NA,NA
7,2025-26 Preseason,2025-26 Preseason,0,0,1,2025-06-01,2,,8,0,1,0,0,-1,2,0,0,1,0,0,0.0,0.0,0,0.00,0,0,0,0,0,0,0.0,0,New York Sirens,NY,New York,Sirens,4,1,0,0,0,0,0,2.000000,PWHL,1112,18:32,0,exhibition,229,NA,NA,NA,NA,NA,NA,NA,NA,NA,NA,NA,NA,NA,NA,NA,NA,NA,NA,NA,NA,NA
4,2024-25 Preseason,2024-25 Preseason,0,0,1,2024-11-01,2,,8,0,2,0,0,1,0,0,0,2,0,0,0.0,0.0,0,0.00,0,0,0,0,0,0,0.0,3,New York Sirens,NY,New York,Sirens,4,1,0,0,0,0,0,0,PWHL,3140,52:20,1,exhibition,229,NA,NA,NA,NA,NA,NA,NA,NA,NA,NA,NA,NA,NA,NA,NA,NA,NA,NA,NA,NA,NA
11,Total,Total,0,0,NA,4049,4,NA,16,0,3,0,0,0,2,0,0,3,0,0,0.0,0.0,0,0.00,0,0,0,0,0,0,0.0,3,NA,NA,NA,NA,NA,NA,0,0,0,0,0,0.67,NA,4252,70:52,1,exhibition,229,NA,NA,NA,NA,NA,NA,NA,NA,NA,NA,NA,NA,NA,NA,NA,NA,NA,NA,NA,NA,NA
8,2025-26 Regular Season,2025-26 Reg,0,1,1,2025-11-21,2,,20,3,30,2,5,-1,16,2,0,42,0,0,0.0,7.1,0,0.17,0,0,1,0,0,0,0.0,25,New York Sirens,NY,New York,Sirens,4,1,1,0,1,1,0,0.533333,PWHL,34732,578:52,38,regular,230,NA,NA,NA,NA,NA,NA,NA,NA,NA,NA,NA,NA,NA,NA,NA,NA,NA,NA,NA,NA,NA
5,2024-25 Regular Season,2024-25 Reg,0,1,1,2024-11-25,2,,20,1,30,4,5,-11,12,0,0,41,0,0,0.0,2.4,0,0.17,0,0,0,0,1,1,100.0,21,New York Sirens,NY,New York,Sirens,4,1,0,0,0,0,0,0.400000,PWHL,36674,611:14,39,regular,230,NA,NA,NA,NA,NA,NA,NA,NA,NA,NA,NA,NA,NA,NA,NA,NA,NA,NA,NA,NA,NA
13,Total,Total,0,2,NA,4049,4,NA,40,4,60,6,10,-12,28,2,0,83,0,0,0.0,4.8,0,0.17,0,0,1,0,1,1,100.0,46,NA,NA,NA,NA,NA,NA,1,0,1,1,0,0.47,NA,71406,1190:06,77,regular,230,NA,NA,NA,NA,NA,NA,NA,NA,NA,NA,NA,NA,NA,NA,NA,NA,NA,NA,NA,NA,NA
7,2025-26 Preseason,2025-26 Preseason,0,0,1,2025-06-01,2,,20,0,2,1,1,1,0,0,0,0,0,0,0.0,0.0,0,0.50,0,0,0,0,0,0,0.0,3,New York Sirens,NY,New York,Sirens,4,1,0,0,0,0,0,0,PWHL,2752,45:52,5,exhibition,230,NA,NA,NA,NA,NA,NA,NA,NA,NA,NA,NA,NA,NA,NA,NA,NA,NA,NA,NA,NA,NA
4,2024-25 Preseason,2024-25 Preseason,0,0,1,2024-11-01,2,,20,0,1,0,0,-1,0,0,0,1,0,0,0.0,0.0,0,0.00,0,0,0,0,0,0,0.0,0,New York Sirens,NY,New York,Sirens,4,1,0,0,0,0,0,0,PWHL,1095,18:15,2,exhibition,230,NA,NA,NA,NA,NA,NA,NA,NA,NA,NA,NA,NA,NA,NA,NA,NA,NA,NA,NA,NA,NA
11,Total,Total,0,0,NA,4049,4,NA,40,0,3,1,1,0,0,0,0,1,0,0,0.0,0.0,0,0.33,0,0,0,0,0,0,0.0,3,NA,NA,NA,NA,NA,NA,0,0,0,0,0,0.00,NA,3847,64:07,7,exhibition,230,NA,NA,NA,NA,NA,NA,NA,NA,NA,NA,NA,NA,NA,NA,NA,NA,NA,NA,NA,NA,NA
5,2024-25 Regular Season,2024-25 Reg,0,1,1,2024-11-25,2,,40,1,30,1,2,-12,6,0,0,36,4,1,25.0,2.8,0,0.07,0,0,0,0,78,145,53.8,28,New York Sirens,NY,New York,Sirens,4,1,1,0,0,0,0,0.200000,PWHL,18856,314:16,5,regular,231,NA,NA,NA,NA,NA,NA,NA,NA,NA,NA,NA,NA,NA,NA,NA,NA,NA,NA,NA,NA,NA
5,Total,Total,0,1,NA,2024,2,NA,40,1,30,1,2,-12,6,0,0,36,4,1,25.0,2.8,0,0.07,0,0,0,0,78,145,53.8,28,NA,NA,NA,NA,NA,NA,1,0,0,0,0,0.20,NA,18856,314:16,5,regular,231,NA,NA,NA,NA,NA,NA,NA,NA,NA,NA,NA,NA,NA,NA,NA,NA,NA,NA,NA,NA,NA
4,2024-25 Preseason,2024-25 Preseason,0,0,1,2024-11-01,2,,40,1,1,0,1,1,0,0,0,3,0,0,0.0,33.3,0,1.00,0,0,0,0,0,0,0.0,1,New York Sirens,NY,New York,Sirens,4,1,0,0,0,0,0,0,PWHL,819,13:39,0,exhibition,231,NA,NA,NA,NA,NA,NA,NA,NA,NA,NA,NA,NA,NA,NA,NA,NA,NA,NA,NA,NA,NA
4,Total,Total,0,0,NA,2024,2,NA,40,1,1,0,1,1,0,0,0,3,0,0,0.0,33.3,0,1.00,0,0,0,0,0,0,0.0,1,NA,NA,NA,NA,NA,NA,0,0,0,0,0,0.00,NA,819,13:39,0,exhibition,231,NA,NA,NA,NA,NA,NA,NA,NA,NA,NA,NA,NA,NA,NA,NA,NA,NA,NA,NA,NA,NA
5,2024-25 Regular Season,2024-25 Reg,0,1,1,2024-11-25,2,,14,0,9,2,2,3,0,0,0,4,0,0,0.0,0.0,0,0.22,0,0,0,0,15,39,38.5,5,Boston Fleet,BOS,Boston,Fleet,1,1,0,0,0,0,0,0,PWHL,4029,67:09,4,regular,27,NA,NA,NA,NA,NA,NA,NA,NA,NA,NA,NA,NA,NA,NA,NA,NA,NA,NA,NA,NA,NA
1,2024 Regular Season,2024 Reg,0,1,1,2023-11-01,2,,14,1,24,3,4,1,2,0,0,14,0,0,0.0,7.1,0,0.17,0,0,0,0,54,96,56.3,5,PWHL Montreal,MTL,Montreal,Montreal,3,1,1,0,0,0,0,0.083333,PWHL,11795,196:35,7,regular,27,NA,NA,NA,NA,NA,NA,NA,NA,NA,NA,NA,NA,NA,NA,NA,NA,NA,NA,NA,NA,NA
6,Total,Total,0,2,NA,4047,4,NA,28,1,33,5,6,4,2,0,0,18,0,0,0.0,5.6,0,0.18,0,0,0,0,69,135,51.1,10,NA,NA,NA,NA,NA,NA,1,0,0,0,0,0.06,NA,15824,263:44,11,regular,27,NA,NA,NA,NA,NA,NA,NA,NA,NA,NA,NA,NA,NA,NA,NA,NA,NA,NA,NA,NA,NA
3,2024 Playoffs,2024 Playoffs,1,1,1,2024-05-06,2,,14,0,3,0,0,-1,0,0,0,1,0,0,0.0,0.0,0,0.00,0,0,0,0,2,5,40.0,0,PWHL Montreal,MTL,Montreal,Montreal,3,1,0,0,0,0,0,0,PWHL,315,5:15,0,playoff,27,NA,NA,NA,NA,NA,NA,NA,NA,NA,NA,NA,NA,NA,NA,NA,NA,NA,NA,NA,NA,NA
3,Total,Total,1,1,NA,2024,2,NA,14,0,3,0,0,-1,0,0,0,1,0,0,0.0,0.0,0,0.00,0,0,0,0,2,5,40.0,0,NA,NA,NA,NA,NA,NA,0,0,0,0,0,0.00,NA,315,5:15,0,playoff,27,NA,NA,NA,NA,NA,NA,NA,NA,NA,NA,NA,NA,NA,NA,NA,NA,NA,NA,NA,NA,NA
4,2024-25 Preseason,2024-25 Preseason,0,0,1,2024-10-11,2,,14,0,2,1,1,0,0,0,0,1,0,0,0.0,0.0,0,0.50,0,0,0,0,3,4,75.0,1,Boston Fleet,BOS,Boston,Fleet,1,1,0,0,0,0,0,0,PWHL,1109,18:29,1,exhibition,27,NA,NA,NA,NA,NA,NA,NA,NA,NA,NA,NA,NA,NA,NA,NA,NA,NA,NA,NA,NA,NA
2,2024 Preseason,2024 Preseason,0,0,1,2023-11-01,2,,14,1,3,0,1,1,0,0,0,3,1,0,0.0,33.3,0,0.33,0,0,0,0,0,0,0.0,0,PWHL Montreal,MON,Montreal,PWHL Montreal,3,1,0,1,0,0,0,0,PWHL,0,0:00,0,exhibition,27,NA,NA,NA,NA,NA,NA,NA,NA,NA,NA,NA,NA,NA,NA,NA,NA,NA,NA,NA,NA,NA
6,Total,Total,0,0,NA,4047,4,NA,28,1,5,1,2,1,0,0,0,4,1,0,0.0,25.0,0,0.40,0,0,0,0,3,4,75.0,1,NA,NA,NA,NA,NA,NA,0,1,0,0,0,0.00,NA,1109,18:29,1,exhibition,27,NA,NA,NA,NA,NA,NA,NA,NA,NA,NA,NA,NA,NA,NA,NA,NA,NA,NA,NA,NA,NA
8,2025-26 Regular Season,2025-26 Reg,0,1,1,2025-11-21,2,,43,4,30,1,5,-9,14,2,0,59,0,0,0.0,6.8,0,0.17,1,0,0,0,272,496,54.8,26,New York Sirens,NY,New York,Sirens,4,1,0,0,0,0,0,0.466667,PWHL,32627,543:47,28,regular,30,NA,NA,NA,NA,NA,NA,NA,NA,NA,NA,NA,NA,NA,NA,NA,NA,NA,NA,NA,NA,NA
5,2024-25 Regular Season,2024-25 Reg,0,1,1,2024-11-25,2,,43,1,30,4,5,-12,24,0,1,35,0,0,0.0,2.9,0,0.17,1,0,1,0,234,404,57.9,10,Montréal Victoire,MTL,Montréal,Victoire,3,1,0,0,0,0,0,0.800000,PWHL,28376,472:56,22,regular,30,NA,NA,NA,NA,NA,NA,NA,NA,NA,NA,NA,NA,NA,NA,NA,NA,NA,NA,NA,NA,NA
1,2024 Regular Season,2024 Reg,0,1,1,2023-11-01,2,,43,4,23,5,9,-1,8,3,2,44,0,0,0.0,9.1,0,0.39,0,0,1,0,210,405,51.9,14,PWHL Montreal,MTL,Montreal,Montreal,3,1,1,0,0,0,0,0.347826,PWHL,25645,427:25,14,regular,30,NA,NA,NA,NA,NA,NA,NA,NA,NA,NA,NA,NA,NA,NA,NA,NA,NA,NA,NA,NA,NA
14,Total,Total,0,3,NA,6072,6,NA,129,9,83,10,19,-22,46,5,3,138,0,0,0.0,6.5,0,0.23,2,0,2,0,716,1305,54.9,50,NA,NA,NA,NA,NA,NA,1,0,0,0,0,0.55,NA,86648,1444:08,64,regular,30,NA,NA,NA,NA,NA,NA,NA,NA,NA,NA,NA,NA,NA,NA,NA,NA,NA,NA,NA,NA,NA
6,2025 Playoffs,2025 Playoffs,1,1,1,2025-05-06,2,,43,1,4,1,2,1,2,0,0,7,0,0,0.0,14.3,0,0.50,0,0,0,0,38,73,52.1,0,Montréal Victoire,MTL,Montréal,Victoire,3,1,1,0,0,0,0,0.500000,PWHL,4779,79:39,2,playoff,30,NA,NA,NA,NA,NA,NA,NA,NA,NA,NA,NA,NA,NA,NA,NA,NA,NA,NA,NA,NA,NA
3,2024 Playoffs,2024 Playoffs,1,1,1,2024-05-06,2,,43,2,3,0,2,-2,0,2,0,11,0,0,0.0,18.2,0,0.67,0,0,0,0,30,55,54.5,3,PWHL Montreal,MTL,Montreal,Montreal,3,1,1,0,0,0,0,0,PWHL,6718,111:58,4,playoff,30,NA,NA,NA,NA,NA,NA,NA,NA,NA,NA,NA,NA,NA,NA,NA,NA,NA,NA,NA,NA,NA
9,Total,Total,1,2,NA,4049,4,NA,86,3,7,1,4,-1,2,2,0,18,0,0,0.0,16.7,0,0.57,0,0,0,0,68,128,53.1,3,NA,NA,NA,NA,NA,NA,2,0,0,0,0,0.29,NA,11497,191:37,6,playoff,30,NA,NA,NA,NA,NA,NA,NA,NA,NA,NA,NA,NA,NA,NA,NA,NA,NA,NA,NA,NA,NA
7,2025-26 Preseason,2025-26 Preseason,0,0,1,2025-06-27,2,,43,1,1,1,2,0,0,0,1,4,0,0,0.0,25.0,0,2.00,0,0,0,0,10,21,47.6,1,New York Sirens,NY,New York,Sirens,4,1,1,0,0,0,0,0,PWHL,1060,17:40,0,exhibition,30,NA,NA,NA,NA,NA,NA,NA,NA,NA,NA,NA,NA,NA,NA,NA,NA,NA,NA,NA,NA,NA
4,2024-25 Preseason,2024-25 Preseason,0,0,1,2024-11-01,2,,43,0,1,0,0,2,2,0,0,0,0,0,0.0,0.0,0,0.00,0,0,0,0,7,12,58.3,0,Montréal Victoire,MTL,Montréal,Victoire,3,1,0,0,0,0,0,2.000000,PWHL,806,13:26,1,exhibition,30,NA,NA,NA,NA,NA,NA,NA,NA,NA,NA,NA,NA,NA,NA,NA,NA,NA,NA,NA,NA,NA
2,2024 Preseason,2024 Preseason,0,0,1,2023-11-01,2,,43,0,3,0,0,3,4,0,0,2,0,0,0.0,0.0,0,0.00,0,0,0,0,0,0,0.0,0,PWHL Montreal,MON,Montreal,PWHL Montreal,3,1,0,0,0,0,0,1.333333,PWHL,0,0:00,0,exhibition,30,NA,NA,NA,NA,NA,NA,NA,NA,NA,NA,NA,NA,NA,NA,NA,NA,NA,NA,NA,NA,NA
13,Total,Total,0,0,NA,6072,6,NA,129,1,5,1,2,5,6,0,1,6,0,0,0.0,16.7,0,0.40,0,0,0,0,17,33,51.5,1,NA,NA,NA,NA,NA,NA,1,0,0,0,0,1.20,NA,1866,31:06,1,exhibition,30,NA,NA,NA,NA,NA,NA,NA,NA,NA,NA,NA,NA,NA,NA,NA,NA,NA,NA,NA,NA,NA
8,2025-26 Regular Season,2025-26 Reg,0,1,1,2025-11-21,1,*,29,9,19,9,18,5,20,3,2,58,7,3,42.9,15.5,2,0.95,0,1,2,0,206,329,62.6,23,Montréal Victoire,MTL,Montréal,Victoire,3,1,2,2,2,0,0,1.052632,PWHL,21744,362:24,11,regular,31,NA,NA,NA,NA,NA,NA,NA,NA,NA,NA,NA,NA,NA,NA,NA,NA,NA,NA,NA,NA,NA
5,2024-25 Regular Season,2024-25 Reg,0,1,1,2024-11-25,2,,29,19,30,7,26,17,21,3,3,98,10,5,50.0,19.4,3,0.87,1,0,6,0,403,669,60.2,31,Montréal Victoire,MTL,Montréal,Victoire,3,1,5,3,0,2,2,0.700000,PWHL,35370,589:30,29,regular,31,NA,NA,NA,NA,NA,NA,NA,NA,NA,NA,NA,NA,NA,NA,NA,NA,NA,NA,NA,NA,NA
1,2024 Regular Season,2024 Reg,0,1,1,2023-11-01,2,,29,10,21,13,23,8,14,1,4,69,6,1,16.7,14.5,0,1.10,0,0,2,0,260,449,57.9,10,PWHL Montreal,MTL,Montreal,Montreal,3,1,1,1,0,2,1,0.666667,PWHL,26955,449:15,13,regular,31,NA,NA,NA,NA,NA,NA,NA,NA,NA,NA,NA,NA,NA,NA,NA,NA,NA,NA,NA,NA,NA
14,Total,Total,0,3,NA,6072,5,NA,87,38,70,29,67,30,55,7,9,225,23,9,39.1,16.9,5,0.96,1,1,10,0,869,1447,60.1,64,NA,NA,NA,NA,NA,NA,8,6,2,4,3,0.79,NA,84069,1401:09,53,regular,31,NA,NA,NA,NA,NA,NA,NA,NA,NA,NA,NA,NA,NA,NA,NA,NA,NA,NA,NA,NA,NA
9,2026 Playoffs,2026 Playoffs,1,1,1,2026-04-28,1,*,29,2,9,6,8,1,6,1,1,28,0,0,0.0,7.1,0,0.89,0,0,2,0,85,156,54.5,13,Montréal Victoire,MTL,Montréal,Victoire,3,1,1,0,1,0,0,0.666667,PWHL,10542,175:42,8,playoff,31,NA,NA,NA,NA,NA,NA,NA,NA,NA,NA,NA,NA,NA,NA,NA,NA,NA,NA,NA,NA,NA
6,2025 Playoffs,2025 Playoffs,1,1,1,2025-05-06,2,,29,1,4,1,2,-2,2,1,0,27,0,0,0.0,3.7,0,0.50,0,0,0,0,74,128,57.8,10,Montréal Victoire,MTL,Montréal,Victoire,3,1,0,0,0,0,0,0.500000,PWHL,7022,117:02,2,playoff,31,NA,NA,NA,NA,NA,NA,NA,NA,NA,NA,NA,NA,NA,NA,NA,NA,NA,NA,NA,NA,NA
3,2024 Playoffs,2024 Playoffs,1,1,1,2024-05-06,2,,29,1,3,1,2,-2,0,0,1,18,0,0,0.0,5.6,0,0.67,0,0,0,0,66,97,68.0,3,PWHL Montreal,MTL,Montreal,Montreal,3,1,1,0,0,0,0,0,PWHL,6461,107:41,5,playoff,31,NA,NA,NA,NA,NA,NA,NA,NA,NA,NA,NA,NA,NA,NA,NA,NA,NA,NA,NA,NA,NA
18,Total,Total,1,3,NA,6075,5,NA,87,4,16,8,12,-3,8,2,2,73,0,0,0.0,5.5,0,0.75,0,0,2,0,225,381,59.1,26,NA,NA,NA,NA,NA,NA,2,0,1,0,0,0.50,NA,24025,400:25,15,playoff,31,NA,NA,NA,NA,NA,NA,NA,NA,NA,NA,NA,NA,NA,NA,NA,NA,NA,NA,NA,NA,NA
7,2025-26 Preseason,2025-26 Preseason,0,0,1,2025-06-01,1,*,29,1,1,1,2,1,0,0,1,2,0,0,0.0,50.0,0,2.00,0,0,0,0,15,18,83.3,1,Montréal Victoire,MTL,Montréal,Victoire,3,1,0,0,0,0,0,0,PWHL,1130,18:50,1,exhibition,31,NA,NA,NA,NA,NA,NA,NA,NA,NA,NA,NA,NA,NA,NA,NA,NA,NA,NA,NA,NA,NA
4,2024-25 Preseason,2024-25 Preseason,0,0,1,2024-11-01,2,,29,0,2,1,1,-2,0,0,1,5,0,0,0.0,0.0,0,0.50,0,0,0,0,33,48,68.8,1,Montréal Victoire,MTL,Montréal,Victoire,3,1,0,0,0,0,0,0,PWHL,2005,33:25,1,exhibition,31,NA,NA,NA,NA,NA,NA,NA,NA,NA,NA,NA,NA,NA,NA,NA,NA,NA,NA,NA,NA,NA
2,2024 Preseason,2024 Preseason,0,0,1,2023-11-01,2,,29,1,3,1,2,1,0,0,1,12,1,1,100.0,8.3,0,0.67,0,0,0,0,0,0,0.0,0,PWHL Montreal,MON,Montreal,PWHL Montreal,3,1,0,0,0,0,0,0,PWHL,0,0:00,0,exhibition,31,NA,NA,NA,NA,NA,NA,NA,NA,NA,NA,NA,NA,NA,NA,NA,NA,NA,NA,NA,NA,NA
13,Total,Total,0,0,NA,6072,5,NA,87,2,6,3,5,0,0,0,3,19,1,1,100.0,10.5,0,0.83,0,0,0,0,48,66,72.7,2,NA,NA,NA,NA,NA,NA,0,0,0,0,0,0.00,NA,3135,52:15,2,exhibition,31,NA,NA,NA,NA,NA,NA,NA,NA,NA,NA,NA,NA,NA,NA,NA,NA,NA,NA,NA,NA,NA
8,2025-26 Regular Season,2025-26 Reg,0,1,1,2025-11-21,2,,7,7,30,15,22,16,12,2,4,113,1,0,0.0,6.2,0,0.73,2,0,2,0,1,4,25.0,20,Montréal Victoire,MTL,Montréal,Victoire,3,1,1,2,0,0,1,0.400000,PWHL,35538,592:18,19,regular,32,NA,NA,NA,NA,NA,NA,NA,NA,NA,NA,NA,NA,NA,NA,NA,NA,NA,NA,NA,NA,NA
5,2024-25 Regular Season,2024-25 Reg,0,1,1,2024-11-25,2,,7,11,27,11,22,12,6,4,0,112,5,1,20.0,9.8,0,0.81,0,0,4,0,13,35,37.1,20,Montréal Victoire,MTL,Montréal,Victoire,3,1,2,1,3,1,1,0.222222,PWHL,31693,528:13,13,regular,32,NA,NA,NA,NA,NA,NA,NA,NA,NA,NA,NA,NA,NA,NA,NA,NA,NA,NA,NA,NA,NA
1,2024 Regular Season,2024 Reg,0,1,1,2023-11-01,2,,7,10,23,8,18,4,2,3,4,96,3,0,0.0,10.4,0,0.78,0,0,2,0,4,9,44.4,10,PWHL Montreal,MTL,Montreal,Montreal,3,1,3,1,1,0,0,0.086957,PWHL,30469,507:49,10,regular,32,NA,NA,NA,NA,NA,NA,NA,NA,NA,NA,NA,NA,NA,NA,NA,NA,NA,NA,NA,NA,NA
14,Total,Total,0,3,NA,6072,6,NA,21,28,80,34,62,32,20,9,8,321,9,1,11.1,8.7,0,0.78,2,0,8,0,18,48,37.5,50,NA,NA,NA,NA,NA,NA,6,4,4,1,2,0.25,NA,97700,1628:20,42,regular,32,NA,NA,NA,NA,NA,NA,NA,NA,NA,NA,NA,NA,NA,NA,NA,NA,NA,NA,NA,NA,NA
9,2026 Playoffs,2026 Playoffs,1,1,1,2026-04-28,2,,7,3,9,4,7,0,8,2,0,28,0,0,0.0,10.7,0,0.78,0,0,0,0,0,0,0.0,5,Montréal Victoire,MTL,Montréal,Victoire,3,1,0,0,0,0,0,0.888889,PWHL,11361,189:21,8,playoff,32,NA,NA,NA,NA,NA,NA,NA,NA,NA,NA,NA,NA,NA,NA,NA,NA,NA,NA,NA,NA,NA
6,2025 Playoffs,2025 Playoffs,1,1,1,2025-05-06,2,,7,1,4,0,1,-3,2,0,0,28,0,0,0.0,3.6,0,0.25,0,0,0,0,3,6,50.0,4,Montréal Victoire,MTL,Montréal,Victoire,3,1,0,0,0,0,0,0.500000,PWHL,6731,112:11,3,playoff,32,NA,NA,NA,NA,NA,NA,NA,NA,NA,NA,NA,NA,NA,NA,NA,NA,NA,NA,NA,NA,NA
3,2024 Playoffs,2024 Playoffs,1,1,1,2024-05-06,2,,7,0,3,1,1,-2,0,0,1,17,0,0,0.0,0.0,0,0.33,0,0,0,0,0,0,0.0,3,PWHL Montreal,MTL,Montreal,Montreal,3,1,0,0,0,0,0,0,PWHL,6562,109:22,3,playoff,32,NA,NA,NA,NA,NA,NA,NA,NA,NA,NA,NA,NA,NA,NA,NA,NA,NA,NA,NA,NA,NA
18,Total,Total,1,3,NA,6075,6,NA,21,4,16,5,9,-5,10,2,1,73,0,0,0.0,5.5,0,0.56,0,0,0,0,3,6,50.0,12,NA,NA,NA,NA,NA,NA,0,0,0,0,0,0.62,NA,24654,410:54,14,playoff,32,NA,NA,NA,NA,NA,NA,NA,NA,NA,NA,NA,NA,NA,NA,NA,NA,NA,NA,NA,NA,NA
7,2025-26 Preseason,2025-26 Preseason,0,0,1,2025-06-01,2,,7,1,1,1,2,1,0,1,0,4,0,0,0.0,25.0,0,2.00,0,0,1,0,0,0,0.0,0,Montréal Victoire,MTL,Montréal,Victoire,3,1,0,0,0,0,0,0,PWHL,1050,17:30,0,exhibition,32,NA,NA,NA,NA,NA,NA,NA,NA,NA,NA,NA,NA,NA,NA,NA,NA,NA,NA,NA,NA,NA
4,2024-25 Preseason,2024-25 Preseason,0,0,1,2024-11-01,2,,7,0,1,0,0,-1,2,0,0,2,0,0,0.0,0.0,0,0.00,0,0,0,0,1,3,33.3,0,Montréal Victoire,MTL,Montréal,Victoire,3,1,0,0,0,0,0,2.000000,PWHL,1000,16:40,1,exhibition,32,NA,NA,NA,NA,NA,NA,NA,NA,NA,NA,NA,NA,NA,NA,NA,NA,NA,NA,NA,NA,NA
2,2024 Preseason,2024 Preseason,0,0,1,2023-11-01,2,,7,0,3,1,1,1,0,0,0,6,1,1,100.0,0.0,0,0.33,0,0,0,0,0,0,0.0,0,PWHL Montreal,MON,Montreal,PWHL Montreal,3,1,0,0,0,0,0,0,PWHL,0,0:00,0,exhibition,32,NA,NA,NA,NA,NA,NA,NA,NA,NA,NA,NA,NA,NA,NA,NA,NA,NA,NA,NA,NA,NA
13,Total,Total,0,0,NA,6072,6,NA,21,1,5,2,3,1,2,1,0,12,1,1,100.0,8.3,0,0.60,0,0,1,0,1,3,33.3,0,NA,NA,NA,NA,NA,NA,0,0,0,0,0,0.40,NA,2050,34:10,1,exhibition,32,NA,NA,NA,NA,NA,NA,NA,NA,NA,NA,NA,NA,NA,NA,NA,NA,NA,NA,NA,NA,NA
5,2024-25 Regular Season,2024-25 Reg,0,1,1,2024-11-25,2,,12,2,27,2,4,-3,2,0,0,20,0,0,0.0,10.0,0,0.15,0,0,1,0,0,0,0.0,10,New York Sirens,NY,New York,Sirens,4,1,1,0,0,0,0,0.074074,PWHL,11910,198:30,8,regular,33,NA,NA,NA,NA,NA,NA,NA,NA,NA,NA,NA,NA,NA,NA,NA,NA,NA,NA,NA,NA,NA
1,2024 Regular Season,2024 Reg,0,1,1,2023-11-01,2,,12,1,21,7,8,-7,2,0,2,19,0,0,0.0,5.3,0,0.38,0,0,0,0,4,7,57.1,4,PWHL New York,NY,New York,New York,4,1,0,0,0,1,0,0.095238,PWHL,15102,251:42,1,regular,33,NA,NA,NA,NA,NA,NA,NA,NA,NA,NA,NA,NA,NA,NA,NA,NA,NA,NA,NA,NA,NA
6,Total,Total,0,2,NA,4047,4,NA,24,3,48,9,12,-10,4,0,2,39,0,0,0.0,7.7,0,0.25,0,0,1,0,4,7,57.1,14,NA,NA,NA,NA,NA,NA,1,0,0,1,0,0.08,NA,27012,450:12,9,regular,33,NA,NA,NA,NA,NA,NA,NA,NA,NA,NA,NA,NA,NA,NA,NA,NA,NA,NA,NA,NA,NA
7,2025-26 Preseason,2025-26 Preseason,0,0,1,2025-06-19,1,*,12,0,1,1,1,1,0,0,0,0,0,0,0.0,0.0,0,1.00,0,0,0,0,0,0,0.0,0,Boston Fleet,BOS,Boston,Fleet,1,1,0,0,0,0,0,0,PWHL,624,10:24,0,exhibition,33,NA,NA,NA,NA,NA,NA,NA,NA,NA,NA,NA,NA,NA,NA,NA,NA,NA,NA,NA,NA,NA
4,2024-25 Preseason,2024-25 Preseason,0,0,1,2024-10-15,2,,12,0,2,0,0,1,0,0,0,0,0,0,0.0,0.0,0,0.00,0,0,0,0,1,1,100.0,3,New York Sirens,NY,New York,Sirens,4,1,0,0,0,0,0,0,PWHL,1164,19:24,1,exhibition,33,NA,NA,NA,NA,NA,NA,NA,NA,NA,NA,NA,NA,NA,NA,NA,NA,NA,NA,NA,NA,NA
2,2024 Preseason,2024 Preseason,0,0,1,2023-11-01,2,,12,0,2,0,0,0,0,0,0,1,1,1,100.0,0.0,1,0.00,0,0,0,0,0,0,0.0,0,PWHL New York,NY,New York,PWHL New York,4,1,0,0,0,0,0,0,PWHL,0,0:00,0,exhibition,33,NA,NA,NA,NA,NA,NA,NA,NA,NA,NA,NA,NA,NA,NA,NA,NA,NA,NA,NA,NA,NA
13,Total,Total,0,0,NA,6072,5,NA,36,0,5,1,1,2,0,0,0,1,1,1,100.0,0.0,1,0.20,0,0,0,0,1,1,100.0,3,NA,NA,NA,NA,NA,NA,0,0,0,0,0,0.00,NA,1788,29:48,1,exhibition,33,NA,NA,NA,NA,NA,NA,NA,NA,NA,NA,NA,NA,NA,NA,NA,NA,NA,NA,NA,NA,NA
8,2025-26 Regular Season,2025-26 Reg,0,1,1,2025-11-21,2,,25,12,30,8,20,-6,2,3,3,90,6,1,16.7,13.3,0,0.67,0,0,1,0,440,745,59.1,2,Seattle Torrent,SEA,Seattle,Torrent,8,1,1,1,0,1,0,0.066667,PWHL,38236,637:16,20,regular,34,NA,NA,NA,NA,NA,NA,NA,NA,NA,NA,NA,NA,NA,NA,NA,NA,NA,NA,NA,NA,NA
5,2024-25 Regular Season,2024-25 Reg,0,1,1,2024-11-25,2,,25,11,26,9,20,5,0,2,6,59,6,2,33.3,18.6,0,0.77,0,0,2,0,227,430,52.8,12,New York Sirens,NY,New York,Sirens,4,1,0,1,1,1,1,0,PWHL,31108,518:28,16,regular,34,NA,NA,NA,NA,NA,NA,NA,NA,NA,NA,NA,NA,NA,NA,NA,NA,NA,NA,NA,NA,NA
1,2024 Regular Season,2024 Reg,0,1,1,2023-11-01,2,,25,8,24,15,23,-8,0,3,7,89,3,1,33.3,9.0,0,0.96,1,0,2,0,245,415,59.0,1,PWHL New York,NY,New York,New York,4,1,1,1,2,0,0,0,PWHL,31328,522:08,7,regular,34,NA,NA,NA,NA,NA,NA,NA,NA,NA,NA,NA,NA,NA,NA,NA,NA,NA,NA,NA,NA,NA
14,Total,Total,0,3,NA,6072,6,NA,75,31,80,32,63,-9,2,8,16,238,15,4,26.7,13.0,0,0.79,1,0,5,0,912,1590,57.4,15,NA,NA,NA,NA,NA,NA,2,3,3,2,1,0.03,NA,100672,1677:52,43,regular,34,NA,NA,NA,NA,NA,NA,NA,NA,NA,NA,NA,NA,NA,NA,NA,NA,NA,NA,NA,NA,NA
7,2025-26 Preseason,2025-26 Preseason,0,0,1,2025-06-13,2,,25,0,1,0,0,-1,0,0,0,1,0,0,0.0,0.0,0,0.00,0,0,0,0,11,21,52.4,0,Seattle Torrent,SEA,Seattle,Torrent,8,1,0,0,0,0,0,0,PWHL,1092,18:12,1,exhibition,34,NA,NA,NA,NA,NA,NA,NA,NA,NA,NA,NA,NA,NA,NA,NA,NA,NA,NA,NA,NA,NA
4,2024-25 Preseason,2024-25 Preseason,0,0,1,2024-10-15,2,,25,0,2,1,1,0,0,0,0,7,0,0,0.0,0.0,0,0.50,0,0,0,0,17,26,65.4,1,New York Sirens,NY,New York,Sirens,4,1,0,0,0,0,0,0,PWHL,3042,50:42,2,exhibition,34,NA,NA,NA,NA,NA,NA,NA,NA,NA,NA,NA,NA,NA,NA,NA,NA,NA,NA,NA,NA,NA
2,2024 Preseason,2024 Preseason,0,0,1,2023-11-01,2,,25,2,3,0,2,2,0,1,0,8,3,1,33.3,25.0,0,0.67,0,0,1,0,0,0,0.0,0,PWHL New York,NY,New York,PWHL New York,4,1,1,0,0,0,0,0,PWHL,0,0:00,0,exhibition,34,NA,NA,NA,NA,NA,NA,NA,NA,NA,NA,NA,NA,NA,NA,NA,NA,NA,NA,NA,NA,NA
13,Total,Total,0,0,NA,6072,6,NA,75,2,6,1,3,1,0,1,0,16,3,1,33.3,12.5,0,0.50,0,0,1,0,28,47,59.6,1,NA,NA,NA,NA,NA,NA,1,0,0,0,0,0.00,NA,4134,68:54,3,exhibition,34,NA,NA,NA,NA,NA,NA,NA,NA,NA,NA,NA,NA,NA,NA,NA,NA,NA,NA,NA,NA,NA
8,2025-26 Regular Season,2025-26 Reg,0,1,1,2025-11-21,2,,77,2,23,0,2,-1,6,0,0,33,0,0,0.0,6.1,0,0.09,0,0,1,0,18,38,47.4,18,Montréal Victoire,MTL,Montréal,Victoire,3,1,1,0,0,0,0,0.260870,PWHL,16225,270:25,9,regular,35,NA,NA,NA,NA,NA,NA,NA,NA,NA,NA,NA,NA,NA,NA,NA,NA,NA,NA,NA,NA,NA
5,2024-25 Regular Season,2024-25 Reg,0,1,1,2024-11-25,2,,27,4,30,2,6,-2,33,1,0,46,0,0,0.0,8.7,0,0.20,1,0,2,0,73,143,51.0,28,New York Sirens,NY,New York,Sirens,4,1,1,1,0,2,1,1.100000,PWHL,19648,327:28,7,regular,35,NA,NA,NA,NA,NA,NA,NA,NA,NA,NA,NA,NA,NA,NA,NA,NA,NA,NA,NA,NA,NA
1,2024 Regular Season,2024 Reg,0,1,1,2023-11-01,2,,27,8,24,5,13,-9,18,3,2,49,0,0,0.0,16.3,0,0.54,0,0,1,0,116,225,51.6,15,PWHL New York,NY,New York,New York,4,1,2,2,0,3,1,0.750000,PWHL,20093,334:53,7,regular,35,NA,NA,NA,NA,NA,NA,NA,NA,NA,NA,NA,NA,NA,NA,NA,NA,NA,NA,NA,NA,NA
14,Total,Total,0,3,NA,6072,6,NA,131,14,77,7,21,-12,57,4,2,128,0,0,0.0,10.9,0,0.27,1,0,4,0,207,406,51.0,61,NA,NA,NA,NA,NA,NA,4,3,0,5,2,0.74,NA,55966,932:46,23,regular,35,NA,NA,NA,NA,NA,NA,NA,NA,NA,NA,NA,NA,NA,NA,NA,NA,NA,NA,NA,NA,NA
9,2026 Playoffs,2026 Playoffs,1,1,1,2026-04-28,2,,77,0,3,0,0,0,0,0,0,0,0,0,0.0,0.0,0,0.00,0,0,0,0,1,2,50.0,4,Montréal Victoire,MTL,Montréal,Victoire,3,1,0,0,0,0,0,0,PWHL,1227,20:27,1,playoff,35,NA,NA,NA,NA,NA,NA,NA,NA,NA,NA,NA,NA,NA,NA,NA,NA,NA,NA,NA,NA,NA
9,Total,Total,1,1,NA,2026,2,NA,77,0,3,0,0,0,0,0,0,0,0,0,0.0,0.0,0,0.00,0,0,0,0,1,2,50.0,4,NA,NA,NA,NA,NA,NA,0,0,0,0,0,0.00,NA,1227,20:27,1,playoff,35,NA,NA,NA,NA,NA,NA,NA,NA,NA,NA,NA,NA,NA,NA,NA,NA,NA,NA,NA,NA,NA
7,2025-26 Preseason,2025-26 Preseason,0,0,1,2025-06-23,2,,27,0,2,0,0,-3,2,0,0,8,0,0,0.0,0.0,0,0.00,0,0,0,0,12,30,40.0,1,Montréal Victoire,MTL,Montréal,Victoire,3,1,0,0,0,0,0,1.000000,PWHL,1971,32:51,3,exhibition,35,NA,NA,NA,NA,NA,NA,NA,NA,NA,NA,NA,NA,NA,NA,NA,NA,NA,NA,NA,NA,NA
4,2024-25 Preseason,2024-25 Preseason,0,0,1,2024-10-15,2,,27,0,1,0,0,0,0,0,0,0,0,0,0.0,0.0,0,0.00,0,0,0,0,1,4,25.0,1,New York Sirens,NY,New York,Sirens,4,1,0,0,0,0,0,0,PWHL,289,4:49,0,exhibition,35,NA,NA,NA,NA,NA,NA,NA,NA,NA,NA,NA,NA,NA,NA,NA,NA,NA,NA,NA,NA,NA
2,2024 Preseason,2024 Preseason,0,0,1,2023-11-01,2,,27,0,3,1,1,1,2,0,0,4,2,0,0.0,0.0,0,0.33,0,0,0,0,0,0,0.0,0,PWHL New York,NY,New York,PWHL New York,4,1,0,0,0,0,0,0.666667,PWHL,0,0:00,0,exhibition,35,NA,NA,NA,NA,NA,NA,NA,NA,NA,NA,NA,NA,NA,NA,NA,NA,NA,NA,NA,NA,NA
13,Total,Total,0,0,NA,6072,6,NA,81,0,6,1,1,-2,4,0,0,12,2,0,0.0,0.0,0,0.17,0,0,0,0,13,34,38.2,2,NA,NA,NA,NA,NA,NA,0,0,0,0,0,0.67,NA,2260,37:40,3,exhibition,35,NA,NA,NA,NA,NA,NA,NA,NA,NA,NA,NA,NA,NA,NA,NA,NA,NA,NA,NA,NA,NA
8,2025-26 Regular Season,2025-26 Reg,0,1,1,2025-11-21,2,,9,7,19,6,13,-5,4,2,1,45,0,0,0.0,15.6,0,0.68,0,0,0,0,3,8,37.5,10,Seattle Torrent,SEA,Seattle,Torrent,8,0,0,1,0,1,0,0.210526,PWHL,20128,335:28,10,regular,36,NA,NA,NA,NA,NA,NA,NA,NA,NA,NA,NA,NA,NA,NA,NA,NA,NA,NA,NA,NA,NA
8,2025-26 Regular Season,2025-26 Reg,0,1,1,2026-03-17,2,,18,7,11,3,10,4,0,2,1,30,0,0,0.0,23.3,0,0.91,0,0,1,0,2,4,50.0,9,Boston Fleet,BOS,Boston,Fleet,1,1,3,1,0,0,0,0,PWHL,11967,199:27,5,regular,36,NA,NA,NA,NA,NA,NA,NA,NA,NA,NA,NA,NA,NA,NA,NA,NA,NA,NA,NA,NA,NA
5,2024-25 Regular Season,2024-25 Reg,0,1,1,2024-11-25,2,,9,9,30,15,24,0,18,3,8,77,5,2,40.0,11.7,1,0.80,0,0,2,0,0,6,0.0,29,New York Sirens,NY,New York,Sirens,4,1,2,1,1,0,0,0.600000,PWHL,33687,561:27,13,regular,36,NA,NA,NA,NA,NA,NA,NA,NA,NA,NA,NA,NA,NA,NA,NA,NA,NA,NA,NA,NA,NA
1,2024 Regular Season,2024 Reg,0,1,1,2023-12-31,2,,9,7,24,7,14,-9,10,3,4,82,0,0,0.0,8.5,0,0.58,0,0,1,0,0,4,0.0,16,PWHL New York,NY,New York,New York,4,0,1,0,0,0,0,0.416667,PWHL,26790,446:30,8,regular,36,NA,NA,NA,NA,NA,NA,NA,NA,NA,NA,NA,NA,NA,NA,NA,NA,NA,NA,NA,NA,NA
22,Total,Total,0,4,NA,8098,8,NA,45,30,84,31,61,-10,32,10,14,234,5,2,40.0,12.8,1,0.73,0,0,4,0,5,22,22.7,64,NA,NA,NA,NA,NA,NA,6,3,1,1,0,0.38,NA,92572,1542:52,36,regular,36,NA,NA,NA,NA,NA,NA,NA,NA,NA,NA,NA,NA,NA,NA,NA,NA,NA,NA,NA,NA,NA
9,2026 Playoffs,2026 Playoffs,1,1,1,2026-04-28,2,,18,0,4,3,3,1,4,0,1,20,0,0,0.0,0.0,0,0.75,0,0,0,0,0,1,0.0,4,Boston Fleet,BOS,Boston,Fleet,1,1,0,0,0,0,0,1.000000,PWHL,5410,90:10,3,playoff,36,NA,NA,NA,NA,NA,NA,NA,NA,NA,NA,NA,NA,NA,NA,NA,NA,NA,NA,NA,NA,NA
9,Total,Total,1,1,NA,2026,2,NA,18,0,4,3,3,1,4,0,1,20,0,0,0.0,0.0,0,0.75,0,0,0,0,0,1,0.0,4,NA,NA,NA,NA,NA,NA,0,0,0,0,0,1.00,NA,5410,90:10,3,playoff,36,NA,NA,NA,NA,NA,NA,NA,NA,NA,NA,NA,NA,NA,NA,NA,NA,NA,NA,NA,NA,NA
7,2025-26 Preseason,2025-26 Preseason,0,0,1,2025-06-13,2,,9,0,1,0,0,-1,0,0,0,0,0,0,0.0,0.0,0,0.00,0,0,0,0,0,0,0.0,1,Seattle Torrent,SEA,Seattle,Torrent,8,1,0,0,0,0,0,0,PWHL,1874,31:14,2,exhibition,36,NA,NA,NA,NA,NA,NA,NA,NA,NA,NA,NA,NA,NA,NA,NA,NA,NA,NA,NA,NA,NA
4,2024-25 Preseason,2024-25 Preseason,0,0,1,2024-10-15,2,,9,0,1,0,0,-1,0,0,0,2,0,0,0.0,0.0,0,0.00,0,0,0,0,0,0,0.0,2,New York Sirens,NY,New York,Sirens,4,1,0,0,0,0,0,0,PWHL,1879,31:19,0,exhibition,36,NA,NA,NA,NA,NA,NA,NA,NA,NA,NA,NA,NA,NA,NA,NA,NA,NA,NA,NA,NA,NA
2,2024 Preseason,2024 Preseason,0,0,1,2023-11-01,2,,55,3,3,3,6,5,0,0,1,12,1,0,0.0,25.0,0,2.00,0,0,1,0,0,0,0.0,0,PWHL New York,NY,New York,PWHL New York,4,1,0,1,1,2,0,0,PWHL,0,0:00,0,exhibition,36,NA,NA,NA,NA,NA,NA,NA,NA,NA,NA,NA,NA,NA,NA,NA,NA,NA,NA,NA,NA,NA
13,Total,Total,0,0,NA,6072,6,NA,73,3,5,3,6,3,0,0,1,14,1,0,0.0,21.4,0,1.20,0,0,1,0,0,0,0.0,3,NA,NA,NA,NA,NA,NA,0,1,1,2,0,0.00,NA,3753,62:33,2,exhibition,36,NA,NA,NA,NA,NA,NA,NA,NA,NA,NA,NA,NA,NA,NA,NA,NA,NA,NA,NA,NA,NA
8,2025-26 Regular Season,2025-26 Reg,0,1,1,2025-11-20,2,,18,0,13,1,1,-4,6,0,0,14,0,0,0.0,0.0,0,0.08,0,0,0,0,1,4,25.0,2,Minnesota Frost,MIN,Minnesota,Frost,2,1,0,0,0,0,0,0.461538,PWHL,7810,130:10,1,regular,37,NA,NA,NA,NA,NA,NA,NA,NA,NA,NA,NA,NA,NA,NA,NA,NA,NA,NA,NA,NA,NA
5,2024-25 Regular Season,2024-25 Reg,0,1,1,2024-11-25,2,,18,2,29,2,4,-5,4,0,1,37,1,0,0.0,5.4,0,0.14,0,0,0,0,1,6,16.7,9,New York Sirens,NY,New York,Sirens,4,1,1,0,0,1,0,0.137931,PWHL,16983,283:03,3,regular,37,NA,NA,NA,NA,NA,NA,NA,NA,NA,NA,NA,NA,NA,NA,NA,NA,NA,NA,NA,NA,NA
1,2024 Regular Season,2024 Reg,0,1,1,2023-11-01,2,,18,3,24,1,4,-15,6,1,1,42,2,0,0.0,7.1,0,0.17,0,0,1,0,3,6,50.0,6,PWHL New York,NY,New York,New York,4,1,0,0,0,0,0,0.250000,PWHL,18383,306:23,3,regular,37,NA,NA,NA,NA,NA,NA,NA,NA,NA,NA,NA,NA,NA,NA,NA,NA,NA,NA,NA,NA,NA
14,Total,Total,0,3,NA,6072,6,NA,54,5,66,4,9,-24,16,1,2,93,3,0,0.0,5.4,0,0.14,0,0,1,0,5,16,31.2,17,NA,NA,NA,NA,NA,NA,1,0,0,1,0,0.24,NA,43176,719:36,7,regular,37,NA,NA,NA,NA,NA,NA,NA,NA,NA,NA,NA,NA,NA,NA,NA,NA,NA,NA,NA,NA,NA
9,2026 Playoffs,2026 Playoffs,1,1,1,2026-04-28,2,,18,0,5,0,0,-1,2,0,0,8,0,0,0.0,0.0,0,0.00,0,0,0,0,0,0,0.0,1,Minnesota Frost,MIN,Minnesota,Frost,2,1,0,0,0,0,0,0.400000,PWHL,3107,51:47,0,playoff,37,NA,NA,NA,NA,NA,NA,NA,NA,NA,NA,NA,NA,NA,NA,NA,NA,NA,NA,NA,NA,NA
9,Total,Total,1,1,NA,2026,2,NA,18,0,5,0,0,-1,2,0,0,8,0,0,0.0,0.0,0,0.00,0,0,0,0,0,0,0.0,1,NA,NA,NA,NA,NA,NA,0,0,0,0,0,0.40,NA,3107,51:47,0,playoff,37,NA,NA,NA,NA,NA,NA,NA,NA,NA,NA,NA,NA,NA,NA,NA,NA,NA,NA,NA,NA,NA
7,2025-26 Preseason,2025-26 Preseason,0,0,1,2025-06-20,2,,7,1,2,0,1,-1,0,0,0,4,0,0,0.0,25.0,0,0.50,0,0,0,0,2,4,50.0,1,Ottawa Charge,OTT,Ottawa,Charge,5,1,0,0,0,0,0,0,PWHL,1874,31:14,0,exhibition,37,NA,NA,NA,NA,NA,NA,NA,NA,NA,NA,NA,NA,NA,NA,NA,NA,NA,NA,NA,NA,NA
4,2024-25 Preseason,2024-25 Preseason,0,0,1,2024-10-15,2,,18,0,1,1,1,1,0,0,0,1,0,0,0.0,0.0,0,1.00,0,0,0,0,0,0,0.0,0,New York Sirens,NY,New York,Sirens,4,1,0,0,0,0,0,0,PWHL,881,14:41,0,exhibition,37,NA,NA,NA,NA,NA,NA,NA,NA,NA,NA,NA,NA,NA,NA,NA,NA,NA,NA,NA,NA,NA
2,2024 Preseason,2024 Preseason,0,0,1,2023-11-01,2,,18,0,3,4,4,3,0,0,0,2,3,2,66.7,0.0,0,1.33,0,0,0,0,0,0,0.0,0,PWHL New York,NY,New York,PWHL New York,4,1,0,0,0,0,0,0,PWHL,0,0:00,0,exhibition,37,NA,NA,NA,NA,NA,NA,NA,NA,NA,NA,NA,NA,NA,NA,NA,NA,NA,NA,NA,NA,NA
13,Total,Total,0,0,NA,6072,6,NA,43,1,6,5,6,3,0,0,0,7,3,2,66.7,14.3,0,1.00,0,0,0,0,2,4,50.0,1,NA,NA,NA,NA,NA,NA,0,0,0,0,0,0.00,NA,2755,45:55,0,exhibition,37,NA,NA,NA,NA,NA,NA,NA,NA,NA,NA,NA,NA,NA,NA,NA,NA,NA,NA,NA,NA,NA
8,2025-26 Regular Season,2025-26 Reg,0,1,1,2025-11-21,2,,11,1,23,3,4,-4,8,0,0,18,0,0,0.0,5.6,0,0.17,0,0,0,0,0,3,0.0,33,Ottawa Charge,OTT,Ottawa,Charge,5,1,0,0,0,1,0,0.347826,PWHL,22688,378:08,19,regular,38,NA,NA,NA,NA,NA,NA,NA,NA,NA,NA,NA,NA,NA,NA,NA,NA,NA,NA,NA,NA,NA
5,2024-25 Regular Season,2024-25 Reg,0,1,1,2024-11-25,2,,6,1,29,3,4,-7,10,0,1,15,0,0,0.0,6.7,0,0.14,0,0,0,0,0,0,0.0,18,New York Sirens,NY,New York,Sirens,4,1,0,0,0,0,0,0.344828,PWHL,18661,311:01,19,regular,38,NA,NA,NA,NA,NA,NA,NA,NA,NA,NA,NA,NA,NA,NA,NA,NA,NA,NA,NA,NA,NA
1,2024 Regular Season,2024 Reg,0,1,1,2023-11-01,2,,6,1,24,4,5,-6,14,1,0,19,0,0,0.0,5.3,0,0.21,0,1,0,0,0,1,0.0,22,PWHL New York,NY,New York,New York,4,1,0,0,0,0,0,0.583333,PWHL,28314,471:54,13,regular,38,NA,NA,NA,NA,NA,NA,NA,NA,NA,NA,NA,NA,NA,NA,NA,NA,NA,NA,NA,NA,NA
14,Total,Total,0,3,NA,6072,6,NA,23,3,76,10,13,-17,32,1,1,52,0,0,0.0,5.8,0,0.17,0,1,0,0,0,4,0.0,73,NA,NA,NA,NA,NA,NA,0,0,0,1,0,0.42,NA,69663,1161:03,51,regular,38,NA,NA,NA,NA,NA,NA,NA,NA,NA,NA,NA,NA,NA,NA,NA,NA,NA,NA,NA,NA,NA
9,2026 Playoffs,2026 Playoffs,1,1,1,2026-04-28,2,,11,1,8,0,1,-4,4,0,0,6,0,0,0.0,16.7,0,0.13,0,0,0,0,0,0,0.0,7,Ottawa Charge,OTT,Ottawa,Charge,5,1,0,0,0,0,0,0.500000,PWHL,9653,160:53,5,playoff,38,NA,NA,NA,NA,NA,NA,NA,NA,NA,NA,NA,NA,NA,NA,NA,NA,NA,NA,NA,NA,NA
9,Total,Total,1,1,NA,2026,2,NA,11,1,8,0,1,-4,4,0,0,6,0,0,0.0,16.7,0,0.12,0,0,0,0,0,0,0.0,7,NA,NA,NA,NA,NA,NA,0,0,0,0,0,0.50,NA,9653,160:53,5,playoff,38,NA,NA,NA,NA,NA,NA,NA,NA,NA,NA,NA,NA,NA,NA,NA,NA,NA,NA,NA,NA,NA
7,2025-26 Preseason,2025-26 Preseason,0,0,1,2025-06-23,2,,11,0,1,0,0,0,0,0,0,0,0,0,0.0,0.0,0,0.00,0,0,0,0,0,0,0.0,3,Ottawa Charge,OTT,Ottawa,Charge,5,1,0,0,0,0,0,0,PWHL,923,15:23,0,exhibition,38,NA,NA,NA,NA,NA,NA,NA,NA,NA,NA,NA,NA,NA,NA,NA,NA,NA,NA,NA,NA,NA
4,2024-25 Preseason,2024-25 Preseason,0,0,1,2024-10-15,2,,6,1,2,1,2,4,4,0,0,2,0,0,0.0,50.0,0,1.00,0,0,0,0,0,1,0.0,2,New York Sirens,NY,New York,Sirens,4,1,0,0,0,0,0,2.000000,PWHL,1791,29:51,1,exhibition,38,NA,NA,NA,NA,NA,NA,NA,NA,NA,NA,NA,NA,NA,NA,NA,NA,NA,NA,NA,NA,NA
2,2024 Preseason,2024 Preseason,0,0,1,2023-11-01,2,,6,0,3,0,0,0,0,0,0,4,0,0,0.0,0.0,0,0.00,0,0,0,0,0,0,0.0,0,PWHL New York,NY,New York,PWHL New York,4,1,0,0,0,0,0,0,PWHL,0,0:00,0,exhibition,38,NA,NA,NA,NA,NA,NA,NA,NA,NA,NA,NA,NA,NA,NA,NA,NA,NA,NA,NA,NA,NA
13,Total,Total,0,0,NA,6072,6,NA,23,1,6,1,2,4,4,0,0,6,0,0,0.0,16.7,0,0.33,0,0,0,0,0,1,0.0,5,NA,NA,NA,NA,NA,NA,0,0,0,0,0,0.67,NA,2714,45:14,1,exhibition,38,NA,NA,NA,NA,NA,NA,NA,NA,NA,NA,NA,NA,NA,NA,NA,NA,NA,NA,NA,NA,NA
8,2025-26 Regular Season,2025-26 Reg,0,1,1,2025-11-21,2,,13,0,28,4,4,5,4,0,0,25,0,0,0.0,0.0,0,0.14,0,0,0,0,79,143,55.2,10,Montréal Victoire,MTL,Montréal,Victoire,3,1,0,0,0,0,0,0.142857,PWHL,17649,294:09,21,regular,39,NA,NA,NA,NA,NA,NA,NA,NA,NA,NA,NA,NA,NA,NA,NA,NA,NA,NA,NA,NA,NA
5,2024-25 Regular Season,2024-25 Reg,0,1,1,2024-11-25,1,*,13,1,19,3,4,4,2,0,0,29,0,0,0.0,3.4,0,0.21,0,0,0,0,120,234,51.3,8,Montréal Victoire,MTL,Montréal,Victoire,3,1,0,0,0,1,0,0.105263,PWHL,18444,307:24,14,regular,39,NA,NA,NA,NA,NA,NA,NA,NA,NA,NA,NA,NA,NA,NA,NA,NA,NA,NA,NA,NA,NA
1,2024 Regular Season,2024 Reg,0,1,1,2023-11-01,2,,13,1,24,2,3,-2,4,0,0,23,0,0,0.0,4.3,0,0.13,1,0,0,0,53,119,44.5,8,PWHL New York,NY,New York,New York,4,1,0,0,0,0,0,0.166667,PWHL,15261,254:21,7,regular,39,NA,NA,NA,NA,NA,NA,NA,NA,NA,NA,NA,NA,NA,NA,NA,NA,NA,NA,NA,NA,NA
14,Total,Total,0,3,NA,6072,5,NA,39,2,71,9,11,7,10,0,0,77,0,0,0.0,2.6,0,0.15,1,0,0,0,252,496,50.8,26,NA,NA,NA,NA,NA,NA,0,0,0,1,0,0.14,NA,51354,855:54,42,regular,39,NA,NA,NA,NA,NA,NA,NA,NA,NA,NA,NA,NA,NA,NA,NA,NA,NA,NA,NA,NA,NA
9,2026 Playoffs,2026 Playoffs,1,1,1,2026-04-28,2,,13,0,9,0,0,-1,2,0,0,6,0,0,0.0,0.0,0,0.00,0,0,0,0,31,53,58.5,4,Montréal Victoire,MTL,Montréal,Victoire,3,1,0,0,0,0,0,0.222222,PWHL,6108,101:48,5,playoff,39,NA,NA,NA,NA,NA,NA,NA,NA,NA,NA,NA,NA,NA,NA,NA,NA,NA,NA,NA,NA,NA
6,2025 Playoffs,2025 Playoffs,1,1,1,2025-05-06,1,*,13,0,4,0,0,-1,0,0,0,1,0,0,0.0,0.0,0,0.00,0,0,0,0,13,33,39.4,0,Montréal Victoire,MTL,Montréal,Victoire,3,1,0,0,0,0,0,0,PWHL,3405,56:45,4,playoff,39,NA,NA,NA,NA,NA,NA,NA,NA,NA,NA,NA,NA,NA,NA,NA,NA,NA,NA,NA,NA,NA
15,Total,Total,1,2,NA,4051,3,NA,26,0,13,0,0,-2,2,0,0,7,0,0,0.0,0.0,0,0.00,0,0,0,0,44,86,51.2,4,NA,NA,NA,NA,NA,NA,0,0,0,0,0,0.15,NA,9513,158:33,9,playoff,39,NA,NA,NA,NA,NA,NA,NA,NA,NA,NA,NA,NA,NA,NA,NA,NA,NA,NA,NA,NA,NA
7,2025-26 Preseason,2025-26 Preseason,0,0,1,2025-09-12,2,,13,0,2,1,1,1,0,0,0,5,0,0,0.0,0.0,0,0.50,0,0,0,0,15,24,62.5,0,Montréal Victoire,MTL,Montréal,Victoire,3,1,0,0,0,0,0,0,PWHL,1740,29:00,3,exhibition,39,NA,NA,NA,NA,NA,NA,NA,NA,NA,NA,NA,NA,NA,NA,NA,NA,NA,NA,NA,NA,NA
4,2024-25 Preseason,2024-25 Preseason,0,0,1,2024-11-01,1,*,13,1,2,0,1,1,2,0,0,7,0,0,0.0,14.3,0,0.50,0,0,0,0,16,25,64.0,1,Montréal Victoire,MTL,Montréal,Victoire,3,1,0,1,0,0,0,1.000000,PWHL,1720,28:40,0,exhibition,39,NA,NA,NA,NA,NA,NA,NA,NA,NA,NA,NA,NA,NA,NA,NA,NA,NA,NA,NA,NA,NA
2,2024 Preseason,2024 Preseason,0,0,1,2023-11-01,2,,13,0,3,0,0,0,0,0,0,4,1,0,0.0,0.0,0,0.00,0,0,0,0,0,0,0.0,0,PWHL New York,NY,New York,PWHL New York,4,1,0,0,0,0,0,0,PWHL,0,0:00,0,exhibition,39,NA,NA,NA,NA,NA,NA,NA,NA,NA,NA,NA,NA,NA,NA,NA,NA,NA,NA,NA,NA,NA
13,Total,Total,0,0,NA,6072,5,NA,39,1,7,1,2,2,2,0,0,16,1,0,0.0,6.2,0,0.29,0,0,0,0,31,49,63.3,1,NA,NA,NA,NA,NA,NA,0,1,0,0,0,0.29,NA,3460,57:40,3,exhibition,39,NA,NA,NA,NA,NA,NA,NA,NA,NA,NA,NA,NA,NA,NA,NA,NA,NA,NA,NA,NA,NA
8,2025-26 Regular Season,2025-26 Reg,0,1,1,2025-11-21,2,,27,4,30,4,8,-1,4,2,0,58,0,0,0.0,6.9,0,0.27,0,0,0,0,213,408,52.2,5,Montréal Victoire,MTL,Montréal,Victoire,3,1,1,1,0,0,1,0.133333,PWHL,28025,467:05,15,regular,4,NA,NA,NA,NA,NA,NA,NA,NA,NA,NA,NA,NA,NA,NA,NA,NA,NA,NA,NA,NA,NA
5,2024-25 Regular Season,2024-25 Reg,0,1,1,2024-11-25,2,,27,8,29,9,17,6,12,1,1,53,0,0,0.0,15.1,0,0.59,0,0,2,0,159,355,44.8,15,Ottawa Charge,OTT,Ottawa,Charge,5,1,1,1,0,1,0,0.413793,PWHL,26274,437:54,15,regular,4,NA,NA,NA,NA,NA,NA,NA,NA,NA,NA,NA,NA,NA,NA,NA,NA,NA,NA,NA,NA,NA
1,2024 Regular Season,2024 Reg,0,1,1,2023-11-01,2,,27,0,17,1,1,-5,0,0,0,25,0,0,0.0,0.0,0,0.06,0,0,0,0,35,70,50.0,9,PWHL Boston,BOS,Boston,Boston,1,0,0,0,0,0,0,0,PWHL,12168,202:48,0,regular,4,NA,NA,NA,NA,NA,NA,NA,NA,NA,NA,NA,NA,NA,NA,NA,NA,NA,NA,NA,NA,NA
1,2024 Regular Season,2024 Reg,0,1,1,2024-03-20,2,,27,0,7,0,0,-1,4,0,0,5,0,0,0.0,0.0,0,0.00,0,0,0,0,17,41,41.5,3,PWHL Ottawa,OTT,Ottawa,Ottawa,5,1,0,0,0,0,0,0.571429,PWHL,3841,64:01,0,regular,4,NA,NA,NA,NA,NA,NA,NA,NA,NA,NA,NA,NA,NA,NA,NA,NA,NA,NA,NA,NA,NA
15,Total,Total,0,4,NA,8096,8,NA,108,12,83,14,26,-1,20,3,1,141,0,0,0.0,8.5,0,0.31,0,0,2,0,424,874,48.5,32,NA,NA,NA,NA,NA,NA,2,2,0,1,1,0.24,NA,70308,1171:48,30,regular,4,NA,NA,NA,NA,NA,NA,NA,NA,NA,NA,NA,NA,NA,NA,NA,NA,NA,NA,NA,NA,NA
9,2026 Playoffs,2026 Playoffs,1,1,1,2026-04-28,2,,27,1,9,0,1,-1,0,0,0,12,0,0,0.0,8.3,0,0.11,0,0,0,0,80,143,55.9,2,Montréal Victoire,MTL,Montréal,Victoire,3,1,0,0,0,0,0,0,PWHL,9637,160:37,1,playoff,4,NA,NA,NA,NA,NA,NA,NA,NA,NA,NA,NA,NA,NA,NA,NA,NA,NA,NA,NA,NA,NA
6,2025 Playoffs,2025 Playoffs,1,1,1,2025-05-06,2,,27,1,8,0,1,1,0,0,0,21,0,0,0.0,4.8,0,0.13,0,0,1,0,99,165,60.0,1,Ottawa Charge,OTT,Ottawa,Charge,5,1,0,0,0,0,0,0,PWHL,11532,192:12,5,playoff,4,NA,NA,NA,NA,NA,NA,NA,NA,NA,NA,NA,NA,NA,NA,NA,NA,NA,NA,NA,NA,NA
15,Total,Total,1,2,NA,4051,4,NA,54,2,17,0,2,0,0,0,0,33,0,0,0.0,6.1,0,0.12,0,0,1,0,179,308,58.1,3,NA,NA,NA,NA,NA,NA,0,0,0,0,0,0.00,NA,21169,352:49,6,playoff,4,NA,NA,NA,NA,NA,NA,NA,NA,NA,NA,NA,NA,NA,NA,NA,NA,NA,NA,NA,NA,NA
7,2025-26 Preseason,2025-26 Preseason,0,0,1,2025-06-18,2,,27,2,2,0,2,0,0,1,0,6,0,0,0.0,33.3,0,1.00,0,0,0,0,9,27,33.3,4,Montréal Victoire,MTL,Montréal,Victoire,3,1,0,0,0,0,0,0,PWHL,1756,29:16,1,exhibition,4,NA,NA,NA,NA,NA,NA,NA,NA,NA,NA,NA,NA,NA,NA,NA,NA,NA,NA,NA,NA,NA
4,2024-25 Preseason,2024-25 Preseason,0,0,1,2024-10-17,2,,27,1,2,0,1,-1,0,0,0,3,0,0,0.0,33.3,0,0.50,0,0,0,0,4,11,36.4,1,Ottawa Charge,OTT,Ottawa,Charge,5,1,1,0,0,0,0,0,PWHL,1494,24:54,0,exhibition,4,NA,NA,NA,NA,NA,NA,NA,NA,NA,NA,NA,NA,NA,NA,NA,NA,NA,NA,NA,NA,NA
2,2024 Preseason,2024 Preseason,0,0,1,2023-11-01,2,,27,0,3,0,0,0,2,0,0,0,0,0,0.0,0.0,0,0.00,0,0,0,0,0,0,0.0,0,PWHL Boston,BOS,Boston,PWHL Boston,1,1,0,0,0,0,0,0.666667,PWHL,0,0:00,0,exhibition,4,NA,NA,NA,NA,NA,NA,NA,NA,NA,NA,NA,NA,NA,NA,NA,NA,NA,NA,NA,NA,NA
13,Total,Total,0,0,NA,6072,6,NA,81,3,7,0,3,-1,2,1,0,9,0,0,0.0,33.3,0,0.43,0,0,0,0,13,38,34.2,5,NA,NA,NA,NA,NA,NA,1,0,0,0,0,0.29,NA,3250,54:10,1,exhibition,4,NA,NA,NA,NA,NA,NA,NA,NA,NA,NA,NA,NA,NA,NA,NA,NA,NA,NA,NA,NA,NA
8,2025-26 Regular Season,2025-26 Reg,0,1,1,2025-11-21,2,,19,5,30,5,10,-7,10,1,2,55,0,0,0.0,9.1,0,0.33,0,0,1,0,6,28,21.4,15,New York Sirens,NY,New York,Sirens,4,1,2,1,0,0,0,0.333333,PWHL,30695,511:35,11,regular,40,NA,NA,NA,NA,NA,NA,NA,NA,NA,NA,NA,NA,NA,NA,NA,NA,NA,NA,NA,NA,NA
5,2024-25 Regular Season,2024-25 Reg,0,1,1,2024-11-25,2,,19,4,30,4,8,0,10,1,0,47,0,0,0.0,8.5,0,0.27,0,0,1,0,4,7,57.1,12,New York Sirens,NY,New York,Sirens,4,1,1,1,0,1,1,0.333333,PWHL,25695,428:15,8,regular,40,NA,NA,NA,NA,NA,NA,NA,NA,NA,NA,NA,NA,NA,NA,NA,NA,NA,NA,NA,NA,NA
1,2024 Regular Season,2024 Reg,0,1,1,2023-11-01,2,,19,0,23,3,3,-3,4,0,0,32,0,0,0.0,0.0,0,0.13,0,0,0,0,1,1,100.0,2,PWHL New York,NY,New York,New York,4,1,0,0,0,0,0,0.173913,PWHL,18385,306:25,3,regular,40,NA,NA,NA,NA,NA,NA,NA,NA,NA,NA,NA,NA,NA,NA,NA,NA,NA,NA,NA,NA,NA
14,Total,Total,0,3,NA,6072,6,NA,57,9,83,12,21,-10,24,2,2,134,0,0,0.0,6.7,0,0.25,0,0,2,0,11,36,30.6,29,NA,NA,NA,NA,NA,NA,3,2,0,1,1,0.29,NA,74775,1246:15,22,regular,40,NA,NA,NA,NA,NA,NA,NA,NA,NA,NA,NA,NA,NA,NA,NA,NA,NA,NA,NA,NA,NA
7,2025-26 Preseason,2025-26 Preseason,0,0,1,2025-06-01,2,,19,0,1,1,1,1,2,0,0,1,0,0,0.0,0.0,0,1.00,0,0,0,0,0,0,0.0,0,New York Sirens,NY,New York,Sirens,4,1,0,0,0,0,0,2.000000,PWHL,970,16:10,0,exhibition,40,NA,NA,NA,NA,NA,NA,NA,NA,NA,NA,NA,NA,NA,NA,NA,NA,NA,NA,NA,NA,NA
4,2024-25 Preseason,2024-25 Preseason,0,0,1,2024-10-15,2,,19,1,2,1,2,1,0,0,0,3,0,0,0.0,33.3,0,1.00,0,0,0,0,1,2,50.0,1,New York Sirens,NY,New York,Sirens,4,1,0,0,0,1,0,0,PWHL,1760,29:20,0,exhibition,40,NA,NA,NA,NA,NA,NA,NA,NA,NA,NA,NA,NA,NA,NA,NA,NA,NA,NA,NA,NA,NA
2,2024 Preseason,2024 Preseason,0,0,1,2023-11-01,2,,19,0,3,0,0,-1,0,0,0,3,1,0,0.0,0.0,0,0.00,0,0,0,0,0,0,0.0,0,PWHL New York,NY,New York,PWHL New York,4,1,0,0,0,0,0,0,PWHL,0,0:00,0,exhibition,40,NA,NA,NA,NA,NA,NA,NA,NA,NA,NA,NA,NA,NA,NA,NA,NA,NA,NA,NA,NA,NA
13,Total,Total,0,0,NA,6072,6,NA,57,1,6,2,3,1,2,0,0,7,1,0,0.0,14.3,0,0.50,0,0,0,0,1,2,50.0,1,NA,NA,NA,NA,NA,NA,0,0,0,1,0,0.33,NA,2730,45:30,0,exhibition,40,NA,NA,NA,NA,NA,NA,NA,NA,NA,NA,NA,NA,NA,NA,NA,NA,NA,NA,NA,NA,NA
8,2025-26 Regular Season,2025-26 Reg,0,1,1,2025-11-21,2,,11,8,29,14,22,10,31,2,5,69,6,2,33.3,11.6,0,0.76,0,1,0,0,160,292,54.8,33,Montréal Victoire,MTL,Montréal,Victoire,3,1,2,2,0,1,1,1.068966,PWHL,34971,582:51,10,regular,42,NA,NA,NA,NA,NA,NA,NA,NA,NA,NA,NA,NA,NA,NA,NA,NA,NA,NA,NA,NA,NA
5,2024-25 Regular Season,2024-25 Reg,0,1,1,2024-11-25,2,,11,6,30,11,17,-8,6,2,5,80,3,0,0.0,7.5,0,0.57,0,0,0,0,279,447,62.4,62,New York Sirens,NY,New York,Sirens,4,1,1,0,0,0,0,0.200000,PWHL,39471,657:51,9,regular,42,NA,NA,NA,NA,NA,NA,NA,NA,NA,NA,NA,NA,NA,NA,NA,NA,NA,NA,NA,NA,NA
1,2024 Regular Season,2024 Reg,0,1,1,2023-11-01,2,,11,6,24,7,13,-15,31,3,5,41,2,1,50.0,14.6,1,0.54,0,1,0,0,205,339,60.5,17,PWHL New York,NY,New York,New York,4,1,1,0,0,0,0,1.291667,PWHL,29876,497:56,2,regular,42,NA,NA,NA,NA,NA,NA,NA,NA,NA,NA,NA,NA,NA,NA,NA,NA,NA,NA,NA,NA,NA
14,Total,Total,0,3,NA,6072,6,NA,33,20,83,32,52,-13,68,7,15,190,11,3,27.3,10.5,1,0.63,0,2,0,0,644,1078,59.7,112,NA,NA,NA,NA,NA,NA,4,2,0,1,1,0.82,NA,104318,1738:38,21,regular,42,NA,NA,NA,NA,NA,NA,NA,NA,NA,NA,NA,NA,NA,NA,NA,NA,NA,NA,NA,NA,NA
9,2026 Playoffs,2026 Playoffs,1,1,1,2026-04-28,2,,11,4,9,4,8,2,6,0,1,15,0,0,0.0,26.7,0,0.89,1,0,2,0,23,48,47.9,19,Montréal Victoire,MTL,Montréal,Victoire,3,1,1,1,1,1,0,0.666667,PWHL,11816,196:56,7,playoff,42,NA,NA,NA,NA,NA,NA,NA,NA,NA,NA,NA,NA,NA,NA,NA,NA,NA,NA,NA,NA,NA
9,Total,Total,1,1,NA,2026,2,NA,11,4,9,4,8,2,6,0,1,15,0,0,0.0,26.7,0,0.89,1,0,2,0,23,48,47.9,19,NA,NA,NA,NA,NA,NA,1,1,1,1,0,0.67,NA,11816,196:56,7,playoff,42,NA,NA,NA,NA,NA,NA,NA,NA,NA,NA,NA,NA,NA,NA,NA,NA,NA,NA,NA,NA,NA
7,2025-26 Preseason,2025-26 Preseason,0,0,1,2025-06-27,2,,11,0,2,0,0,1,2,0,0,3,0,0,0.0,0.0,0,0.00,0,0,0,0,15,22,68.2,7,Montréal Victoire,MTL,Montréal,Victoire,3,1,0,0,0,0,0,1.000000,PWHL,2260,37:40,0,exhibition,42,NA,NA,NA,NA,NA,NA,NA,NA,NA,NA,NA,NA,NA,NA,NA,NA,NA,NA,NA,NA,NA
4,2024-25 Preseason,2024-25 Preseason,0,0,1,2024-11-01,2,,11,0,1,0,0,0,2,0,0,3,0,0,0.0,0.0,0,0.00,0,0,0,0,10,16,62.5,3,New York Sirens,NY,New York,Sirens,4,1,0,0,0,0,0,2.000000,PWHL,1080,18:00,0,exhibition,42,NA,NA,NA,NA,NA,NA,NA,NA,NA,NA,NA,NA,NA,NA,NA,NA,NA,NA,NA,NA,NA
2,2024 Preseason,2024 Preseason,0,0,1,2023-11-01,2,,11,0,3,0,0,2,0,0,0,6,3,1,33.3,0.0,0,0.00,0,0,0,0,0,0,0.0,0,PWHL New York,NY,New York,PWHL New York,4,1,0,0,0,0,0,0,PWHL,0,0:00,0,exhibition,42,NA,NA,NA,NA,NA,NA,NA,NA,NA,NA,NA,NA,NA,NA,NA,NA,NA,NA,NA,NA,NA
13,Total,Total,0,0,NA,6072,6,NA,33,0,6,0,0,3,4,0,0,12,3,1,33.3,0.0,0,0.00,0,0,0,0,25,38,65.8,10,NA,NA,NA,NA,NA,NA,0,0,0,0,0,0.67,NA,3340,55:40,0,exhibition,42,NA,NA,NA,NA,NA,NA,NA,NA,NA,NA,NA,NA,NA,NA,NA,NA,NA,NA,NA,NA,NA
8,2025-26 Regular Season,2025-26 Reg,0,1,1,2025-11-21,2,,17,3,30,4,7,-3,12,0,0,59,0,0,0.0,5.1,0,0.23,0,0,0,0,1,3,33.3,50,Toronto Sceptres,TOR,Toronto,Sceptres,6,1,0,0,0,0,0,0.400000,PWHL,44268,737:48,55,regular,44,NA,NA,NA,NA,NA,NA,NA,NA,NA,NA,NA,NA,NA,NA,NA,NA,NA,NA,NA,NA,NA
5,2024-25 Regular Season,2024-25 Reg,0,1,1,2024-11-25,2,,17,8,24,8,16,-1,12,3,4,50,1,0,0.0,16.0,0,0.67,0,0,0,0,1,3,33.3,32,New York Sirens,NY,New York,Sirens,4,1,1,0,0,0,0,0.500000,PWHL,35327,588:47,35,regular,44,NA,NA,NA,NA,NA,NA,NA,NA,NA,NA,NA,NA,NA,NA,NA,NA,NA,NA,NA,NA,NA
1,2024 Regular Season,2024 Reg,0,1,1,2023-11-01,2,,17,7,24,14,21,-6,12,2,8,60,0,0,0.0,11.7,0,0.88,0,0,1,0,2,2,100.0,15,PWHL New York,NY,New York,New York,4,1,1,0,0,1,0,0.500000,PWHL,38116,635:16,15,regular,44,NA,NA,NA,NA,NA,NA,NA,NA,NA,NA,NA,NA,NA,NA,NA,NA,NA,NA,NA,NA,NA
14,Total,Total,0,3,NA,6072,6,NA,51,18,78,26,44,-10,36,5,12,169,1,0,0.0,10.7,0,0.56,0,0,1,0,4,8,50.0,97,NA,NA,NA,NA,NA,NA,2,0,0,1,0,0.46,NA,117711,1961:51,105,regular,44,NA,NA,NA,NA,NA,NA,NA,NA,NA,NA,NA,NA,NA,NA,NA,NA,NA,NA,NA,NA,NA
7,2025-26 Preseason,2025-26 Preseason,0,0,1,2025-06-27,2,,17,0,1,0,0,2,0,0,0,0,0,0,0.0,0.0,0,0.00,0,0,0,0,0,0,0.0,0,Toronto Sceptres,TOR,Toronto,Sceptres,6,1,0,0,0,0,0,0,PWHL,1218,20:18,0,exhibition,44,NA,NA,NA,NA,NA,NA,NA,NA,NA,NA,NA,NA,NA,NA,NA,NA,NA,NA,NA,NA,NA
4,2024-25 Preseason,2024-25 Preseason,0,0,1,2024-11-01,2,,17,0,1,0,0,-1,2,0,0,0,0,0,0.0,0.0,0,0.00,0,0,0,0,1,2,50.0,2,New York Sirens,NY,New York,Sirens,4,1,0,0,0,0,0,2.000000,PWHL,1377,22:57,0,exhibition,44,NA,NA,NA,NA,NA,NA,NA,NA,NA,NA,NA,NA,NA,NA,NA,NA,NA,NA,NA,NA,NA
2,2024 Preseason,2024 Preseason,0,0,1,2023-11-01,2,,17,0,3,1,1,3,0,0,0,6,0,0,0.0,0.0,0,0.33,0,0,0,0,0,0,0.0,0,PWHL New York,NY,New York,PWHL New York,4,1,0,0,0,0,0,0,PWHL,0,0:00,0,exhibition,44,NA,NA,NA,NA,NA,NA,NA,NA,NA,NA,NA,NA,NA,NA,NA,NA,NA,NA,NA,NA,NA
13,Total,Total,0,0,NA,6072,6,NA,51,0,5,1,1,4,2,0,0,6,0,0,0.0,0.0,0,0.20,0,0,0,0,1,2,50.0,2,NA,NA,NA,NA,NA,NA,0,0,0,0,0,0.40,NA,2595,43:15,0,exhibition,44,NA,NA,NA,NA,NA,NA,NA,NA,NA,NA,NA,NA,NA,NA,NA,NA,NA,NA,NA,NA,NA
8,2025-26 Regular Season,2025-26 Reg,0,1,1,2025-11-21,2,,81,0,30,2,2,0,6,0,0,22,0,0,0.0,0.0,0,0.07,0,0,0,0,57,143,39.9,6,New York Sirens,NY,New York,Sirens,4,1,0,0,0,0,0,0.200000,PWHL,14223,237:03,1,regular,45,NA,NA,NA,NA,NA,NA,NA,NA,NA,NA,NA,NA,NA,NA,NA,NA,NA,NA,NA,NA,NA
5,2024-25 Regular Season,2024-25 Reg,0,1,1,2024-11-25,2,,81,0,10,0,0,-2,0,0,0,4,0,0,0.0,0.0,0,0.00,0,0,0,0,7,12,58.3,2,New York Sirens,NY,New York,Sirens,4,1,0,0,0,0,0,0,PWHL,2219,36:59,0,regular,45,NA,NA,NA,NA,NA,NA,NA,NA,NA,NA,NA,NA,NA,NA,NA,NA,NA,NA,NA,NA,NA
1,2024 Regular Season,2024 Reg,0,1,1,2023-11-01,2,,10,2,23,1,3,-1,4,0,0,19,0,0,0.0,10.5,0,0.13,0,0,0,0,0,4,0.0,2,PWHL New York,NY,New York,New York,4,1,0,0,0,0,0,0.173913,PWHL,14080,234:40,4,regular,45,NA,NA,NA,NA,NA,NA,NA,NA,NA,NA,NA,NA,NA,NA,NA,NA,NA,NA,NA,NA,NA
14,Total,Total,0,3,NA,6072,6,NA,172,2,63,3,5,-3,10,0,0,45,0,0,0.0,4.4,0,0.08,0,0,0,0,64,159,40.3,10,NA,NA,NA,NA,NA,NA,0,0,0,0,0,0.16,NA,30522,508:42,5,regular,45,NA,NA,NA,NA,NA,NA,NA,NA,NA,NA,NA,NA,NA,NA,NA,NA,NA,NA,NA,NA,NA
7,2025-26 Preseason,2025-26 Preseason,0,0,1,2025-06-23,2,,81,0,2,0,0,0,0,0,0,4,0,0,0.0,0.0,0,0.00,0,0,0,0,12,20,60.0,0,New York Sirens,NY,New York,Sirens,4,1,0,0,0,0,0,0,PWHL,1718,28:38,0,exhibition,45,NA,NA,NA,NA,NA,NA,NA,NA,NA,NA,NA,NA,NA,NA,NA,NA,NA,NA,NA,NA,NA
4,2024-25 Preseason,2024-25 Preseason,0,0,1,2024-11-01,2,,10,1,1,0,1,1,0,0,0,1,0,0,0.0,100.0,0,1.00,0,0,0,0,0,1,0.0,1,New York Sirens,NY,New York,Sirens,4,1,0,1,0,0,0,0,PWHL,458,7:38,0,exhibition,45,NA,NA,NA,NA,NA,NA,NA,NA,NA,NA,NA,NA,NA,NA,NA,NA,NA,NA,NA,NA,NA
2,2024 Preseason,2024 Preseason,0,0,1,2023-11-01,2,,10,0,3,0,0,0,2,0,0,2,0,0,0.0,0.0,0,0.00,0,0,0,0,0,0,0.0,0,PWHL New York,NY,New York,PWHL New York,4,1,0,0,0,0,0,0.666667,PWHL,0,0:00,0,exhibition,45,NA,NA,NA,NA,NA,NA,NA,NA,NA,NA,NA,NA,NA,NA,NA,NA,NA,NA,NA,NA,NA
13,Total,Total,0,0,NA,6072,6,NA,101,1,6,0,1,1,2,0,0,7,0,0,0.0,14.3,0,0.17,0,0,0,0,12,21,57.1,1,NA,NA,NA,NA,NA,NA,0,1,0,0,0,0.33,NA,2176,36:16,0,exhibition,45,NA,NA,NA,NA,NA,NA,NA,NA,NA,NA,NA,NA,NA,NA,NA,NA,NA,NA,NA,NA,NA
8,2025-26 Regular Season,2025-26 Reg,0,1,1,2025-11-21,1,*,73,0,6,0,0,0,0,0,0,1,0,0,0.0,0.0,0,0.00,0,0,0,0,0,0,0.0,4,Boston Fleet,BOS,Boston,Fleet,1,1,0,0,0,0,0,0,PWHL,1732,28:52,0,regular,46,NA,NA,NA,NA,NA,NA,NA,NA,NA,NA,NA,NA,NA,NA,NA,NA,NA,NA,NA,NA,NA
1,2024 Regular Season,2024 Reg,0,1,1,2023-11-01,2,,3,0,13,1,1,1,4,0,0,7,0,0,0.0,0.0,0,0.08,0,0,0,0,0,0,0.0,4,PWHL New York,NY,New York,New York,4,1,0,0,0,0,0,0.307692,PWHL,5241,87:21,1,regular,46,NA,NA,NA,NA,NA,NA,NA,NA,NA,NA,NA,NA,NA,NA,NA,NA,NA,NA,NA,NA,NA
9,Total,Total,0,2,NA,4048,3,NA,76,0,19,1,1,1,4,0,0,8,0,0,0.0,0.0,0,0.05,0,0,0,0,0,0,0.0,8,NA,NA,NA,NA,NA,NA,0,0,0,0,0,0.21,NA,6973,116:13,1,regular,46,NA,NA,NA,NA,NA,NA,NA,NA,NA,NA,NA,NA,NA,NA,NA,NA,NA,NA,NA,NA,NA
7,2025-26 Preseason,2025-26 Preseason,0,0,1,2025-10-16,1,*,73,0,1,0,0,1,2,0,0,0,0,0,0.0,0.0,0,0.00,0,0,0,0,0,0,0.0,1,Boston Fleet,BOS,Boston,Fleet,1,1,0,0,0,0,0,2.000000,PWHL,764,12:44,1,exhibition,46,NA,NA,NA,NA,NA,NA,NA,NA,NA,NA,NA,NA,NA,NA,NA,NA,NA,NA,NA,NA,NA
4,2024-25 Preseason,2024-25 Preseason,0,0,1,2024-11-01,2,,3,0,1,0,0,1,0,0,0,0,0,0,0.0,0.0,0,0.00,0,0,0,0,0,0,0.0,2,New York Sirens,NY,New York,Sirens,4,1,0,0,0,0,0,0,PWHL,837,13:57,1,exhibition,46,NA,NA,NA,NA,NA,NA,NA,NA,NA,NA,NA,NA,NA,NA,NA,NA,NA,NA,NA,NA,NA
2,2024 Preseason,2024 Preseason,0,0,1,2023-11-01,2,,3,0,2,1,1,1,0,0,0,3,0,0,0.0,0.0,0,0.50,0,0,0,0,0,0,0.0,0,PWHL New York,NY,New York,PWHL New York,4,1,0,0,0,0,0,0,PWHL,0,0:00,0,exhibition,46,NA,NA,NA,NA,NA,NA,NA,NA,NA,NA,NA,NA,NA,NA,NA,NA,NA,NA,NA,NA,NA
13,Total,Total,0,0,NA,6072,5,NA,79,0,4,1,1,3,2,0,0,3,0,0,0.0,0.0,0,0.25,0,0,0,0,0,0,0.0,3,NA,NA,NA,NA,NA,NA,0,0,0,0,0,0.50,NA,1601,26:41,2,exhibition,46,NA,NA,NA,NA,NA,NA,NA,NA,NA,NA,NA,NA,NA,NA,NA,NA,NA,NA,NA,NA,NA
8,2025-26 Regular Season,2025-26 Reg,0,1,1,2025-11-21,2,,28,1,29,3,4,0,50,0,0,37,0,0,0.0,2.7,0,0.14,0,0,0,0,3,11,27.3,24,New York Sirens,NY,New York,Sirens,4,1,0,0,0,0,0,1.724138,PWHL,33187,553:07,27,regular,47,NA,NA,NA,NA,NA,NA,NA,NA,NA,NA,NA,NA,NA,NA,NA,NA,NA,NA,NA,NA,NA
5,2024-25 Regular Season,2024-25 Reg,0,1,1,2024-11-25,2,,28,1,30,9,10,-5,16,1,3,56,0,0,0.0,1.8,0,0.33,0,0,1,0,2,2,100.0,36,New York Sirens,NY,New York,Sirens,4,1,0,0,0,0,0,0.533333,PWHL,42319,705:19,38,regular,47,NA,NA,NA,NA,NA,NA,NA,NA,NA,NA,NA,NA,NA,NA,NA,NA,NA,NA,NA,NA,NA
1,2024 Regular Season,2024 Reg,0,1,1,2023-11-01,2,,28,0,19,3,3,-18,10,0,3,29,0,0,0.0,0.0,0,0.16,0,0,0,0,0,0,0.0,22,PWHL New York,NY,New York,New York,4,1,0,0,0,0,0,0.526316,PWHL,23851,397:31,17,regular,47,NA,NA,NA,NA,NA,NA,NA,NA,NA,NA,NA,NA,NA,NA,NA,NA,NA,NA,NA,NA,NA
14,Total,Total,0,3,NA,6072,6,NA,84,2,78,15,17,-23,76,1,6,122,0,0,0.0,1.6,0,0.22,0,0,1,0,5,13,38.5,82,NA,NA,NA,NA,NA,NA,0,0,0,0,0,0.97,NA,99357,1655:57,82,regular,47,NA,NA,NA,NA,NA,NA,NA,NA,NA,NA,NA,NA,NA,NA,NA,NA,NA,NA,NA,NA,NA
7,2025-26 Preseason,2025-26 Preseason,0,0,1,2025-06-01,2,,28,0,1,0,0,1,0,0,0,3,0,0,0.0,0.0,0,0.00,0,0,0,0,0,0,0.0,1,New York Sirens,NY,New York,Sirens,4,1,0,0,0,0,0,0,PWHL,1342,22:22,1,exhibition,47,NA,NA,NA,NA,NA,NA,NA,NA,NA,NA,NA,NA,NA,NA,NA,NA,NA,NA,NA,NA,NA
4,2024-25 Preseason,2024-25 Preseason,0,0,1,2024-11-01,2,,28,0,2,1,1,-1,0,0,1,2,0,0,0.0,0.0,0,0.50,0,0,0,0,0,0,0.0,1,New York Sirens,NY,New York,Sirens,4,1,0,0,0,0,0,0,PWHL,3631,60:31,0,exhibition,47,NA,NA,NA,NA,NA,NA,NA,NA,NA,NA,NA,NA,NA,NA,NA,NA,NA,NA,NA,NA,NA
11,Total,Total,0,0,NA,4049,4,NA,56,0,3,1,1,0,0,0,1,5,0,0,0.0,0.0,0,0.33,0,0,0,0,0,0,0.0,2,NA,NA,NA,NA,NA,NA,0,0,0,0,0,0.00,NA,4973,82:53,1,exhibition,47,NA,NA,NA,NA,NA,NA,NA,NA,NA,NA,NA,NA,NA,NA,NA,NA,NA,NA,NA,NA,NA
8,2025-26 Regular Season,2025-26 Reg,0,1,1,2025-11-21,2,,22,1,29,2,3,3,10,0,0,35,0,0,0.0,2.9,0,0.10,0,0,1,0,0,0,0.0,21,Montréal Victoire,MTL,Montréal,Victoire,3,1,0,0,0,0,0,0.344828,PWHL,30821,513:41,35,regular,5,NA,NA,NA,NA,NA,NA,NA,NA,NA,NA,NA,NA,NA,NA,NA,NA,NA,NA,NA,NA,NA
5,2024-25 Regular Season,2024-25 Reg,0,1,1,2024-11-25,2,,22,1,30,4,5,8,12,0,0,32,0,0,0.0,3.1,0,0.17,0,1,0,0,0,1,0.0,41,Boston Fleet,BOS,Boston,Fleet,1,1,0,0,0,1,0,0.400000,PWHL,31252,520:52,29,regular,5,NA,NA,NA,NA,NA,NA,NA,NA,NA,NA,NA,NA,NA,NA,NA,NA,NA,NA,NA,NA,NA
1,2024 Regular Season,2024 Reg,0,1,1,2023-11-01,2,,22,0,24,3,3,-7,8,0,1,25,0,0,0.0,0.0,0,0.13,0,0,0,0,1,1,100.0,28,PWHL Boston,BOS,Boston,Boston,1,1,0,0,0,0,0,0.333333,PWHL,26886,448:06,24,regular,5,NA,NA,NA,NA,NA,NA,NA,NA,NA,NA,NA,NA,NA,NA,NA,NA,NA,NA,NA,NA,NA
14,Total,Total,0,3,NA,6072,6,NA,66,2,83,9,11,4,30,0,1,92,0,0,0.0,2.2,0,0.13,0,1,1,0,1,2,50.0,90,NA,NA,NA,NA,NA,NA,0,0,0,1,0,0.36,NA,88959,1482:39,88,regular,5,NA,NA,NA,NA,NA,NA,NA,NA,NA,NA,NA,NA,NA,NA,NA,NA,NA,NA,NA,NA,NA
9,2026 Playoffs,2026 Playoffs,1,1,1,2026-04-28,2,,22,0,9,1,1,-1,0,0,0,4,0,0,0.0,0.0,0,0.11,0,0,0,0,0,0,0.0,2,Montréal Victoire,MTL,Montréal,Victoire,3,1,0,0,0,0,0,0,PWHL,9129,152:09,10,playoff,5,NA,NA,NA,NA,NA,NA,NA,NA,NA,NA,NA,NA,NA,NA,NA,NA,NA,NA,NA,NA,NA
3,2024 Playoffs,2024 Playoffs,1,1,1,2024-05-06,2,,22,0,8,0,0,-2,2,0,0,11,0,0,0.0,0.0,0,0.00,0,0,0,0,0,0,0.0,23,PWHL Boston,BOS,Boston,Boston,1,1,0,0,0,0,0,0.250000,PWHL,13899,231:39,16,playoff,5,NA,NA,NA,NA,NA,NA,NA,NA,NA,NA,NA,NA,NA,NA,NA,NA,NA,NA,NA,NA,NA
12,Total,Total,1,2,NA,4050,4,NA,44,0,17,1,1,-3,2,0,0,15,0,0,0.0,0.0,0,0.06,0,0,0,0,0,0,0.0,25,NA,NA,NA,NA,NA,NA,0,0,0,0,0,0.12,NA,23028,383:48,26,playoff,5,NA,NA,NA,NA,NA,NA,NA,NA,NA,NA,NA,NA,NA,NA,NA,NA,NA,NA,NA,NA,NA
7,2025-26 Preseason,2025-26 Preseason,0,0,1,2025-06-20,2,,22,1,2,0,1,1,0,0,0,7,0,0,0.0,14.3,0,0.50,0,0,1,0,0,0,0.0,3,Montréal Victoire,MTL,Montréal,Victoire,3,1,0,0,1,0,0,0,PWHL,2287,38:07,1,exhibition,5,NA,NA,NA,NA,NA,NA,NA,NA,NA,NA,NA,NA,NA,NA,NA,NA,NA,NA,NA,NA,NA
4,2024-25 Preseason,2024-25 Preseason,0,0,1,2024-11-01,2,,22,0,2,0,0,-1,0,0,0,3,0,0,0.0,0.0,0,0.00,0,0,0,0,0,0,0.0,2,Boston Fleet,BOS,Boston,Fleet,1,1,0,0,0,0,0,0,PWHL,2018,33:38,2,exhibition,5,NA,NA,NA,NA,NA,NA,NA,NA,NA,NA,NA,NA,NA,NA,NA,NA,NA,NA,NA,NA,NA
2,2024 Preseason,2024 Preseason,0,0,1,2023-11-01,2,,22,1,3,0,1,1,2,0,0,2,1,1,100.0,50.0,0,0.33,0,0,0,0,0,0,0.0,0,PWHL Boston,BOS,Boston,PWHL Boston,1,1,0,0,1,0,0,0.666667,PWHL,0,0:00,0,exhibition,5,NA,NA,NA,NA,NA,NA,NA,NA,NA,NA,NA,NA,NA,NA,NA,NA,NA,NA,NA,NA,NA
13,Total,Total,0,0,NA,6072,6,NA,66,2,7,0,2,1,2,0,0,12,1,1,100.0,16.7,0,0.29,0,0,1,0,0,0,0.0,5,NA,NA,NA,NA,NA,NA,0,0,2,0,0,0.29,NA,4305,71:45,3,exhibition,5,NA,NA,NA,NA,NA,NA,NA,NA,NA,NA,NA,NA,NA,NA,NA,NA,NA,NA,NA,NA,NA
8,2025-26 Regular Season,2025-26 Reg,0,1,1,2025-11-21,2,,23,0,21,6,6,9,2,0,4,26,0,0,0.0,0.0,0,0.29,0,0,0,0,0,0,0.0,7,Montréal Victoire,MTL,Montréal,Victoire,3,1,0,0,0,0,0,0.095238,PWHL,24439,407:19,34,regular,83,NA,NA,NA,NA,NA,NA,NA,NA,NA,NA,NA,NA,NA,NA,NA,NA,NA,NA,NA,NA,NA
5,2024-25 Regular Season,2024-25 Reg,0,1,1,2024-11-25,2,,23,0,28,13,13,10,4,0,6,41,4,1,25.0,0.0,0,0.46,0,0,0,0,3,7,42.9,19,Montréal Victoire,MTL,Montréal,Victoire,3,1,0,0,0,0,0,0.142857,PWHL,36139,602:19,49,regular,83,NA,NA,NA,NA,NA,NA,NA,NA,NA,NA,NA,NA,NA,NA,NA,NA,NA,NA,NA,NA,NA
1,2024 Regular Season,2024 Reg,0,1,1,2023-11-21,2,,23,4,24,14,18,5,4,1,6,47,2,1,50.0,8.5,0,0.75,0,0,0,0,0,0,0.0,6,PWHL Montreal,MTL,Montreal,Montreal,3,1,2,1,0,0,0,0.166667,PWHL,37268,621:08,27,regular,83,NA,NA,NA,NA,NA,NA,NA,NA,NA,NA,NA,NA,NA,NA,NA,NA,NA,NA,NA,NA,NA
14,Total,Total,0,3,NA,6072,6,NA,69,4,73,33,37,24,10,1,16,114,6,2,33.3,3.5,0,0.51,0,0,0,0,3,7,42.9,32,NA,NA,NA,NA,NA,NA,2,1,0,0,0,0.14,NA,97846,1630:46,110,regular,83,NA,NA,NA,NA,NA,NA,NA,NA,NA,NA,NA,NA,NA,NA,NA,NA,NA,NA,NA,NA,NA
9,2026 Playoffs,2026 Playoffs,1,1,1,2026-04-28,2,,23,0,9,2,2,0,2,0,2,8,0,0,0.0,0.0,0,0.22,0,0,0,0,0,0,0.0,0,Montréal Victoire,MTL,Montréal,Victoire,3,1,0,0,0,0,0,0.222222,PWHL,12805,213:25,15,playoff,83,NA,NA,NA,NA,NA,NA,NA,NA,NA,NA,NA,NA,NA,NA,NA,NA,NA,NA,NA,NA,NA
6,2025 Playoffs,2025 Playoffs,1,1,1,2025-05-06,2,,23,0,4,1,1,1,0,0,1,4,0,0,0.0,0.0,0,0.25,0,0,0,0,0,0,0.0,1,Montréal Victoire,MTL,Montréal,Victoire,3,1,0,0,0,0,0,0,PWHL,7815,130:15,7,playoff,83,NA,NA,NA,NA,NA,NA,NA,NA,NA,NA,NA,NA,NA,NA,NA,NA,NA,NA,NA,NA,NA
3,2024 Playoffs,2024 Playoffs,1,1,1,2024-05-06,2,,23,0,3,2,2,-2,0,0,2,10,0,0,0.0,0.0,0,0.67,0,0,0,0,0,0,0.0,4,PWHL Montreal,MTL,Montreal,Montreal,3,1,0,0,0,0,0,0,PWHL,7241,120:41,8,playoff,83,NA,NA,NA,NA,NA,NA,NA,NA,NA,NA,NA,NA,NA,NA,NA,NA,NA,NA,NA,NA,NA
18,Total,Total,1,3,NA,6075,6,NA,69,0,16,5,5,-1,2,0,5,22,0,0,0.0,0.0,0,0.31,0,0,0,0,0,0,0.0,5,NA,NA,NA,NA,NA,NA,0,0,0,0,0,0.12,NA,27861,464:21,30,playoff,83,NA,NA,NA,NA,NA,NA,NA,NA,NA,NA,NA,NA,NA,NA,NA,NA,NA,NA,NA,NA,NA
4,2024-25 Preseason,2024-25 Preseason,0,0,1,2024-11-01,2,,23,0,1,0,0,0,0,0,0,4,0,0,0.0,0.0,0,0.00,0,0,0,0,0,0,0.0,1,Montréal Victoire,MTL,Montréal,Victoire,3,1,0,0,0,0,0,0,PWHL,1177,19:37,0,exhibition,83,NA,NA,NA,NA,NA,NA,NA,NA,NA,NA,NA,NA,NA,NA,NA,NA,NA,NA,NA,NA,NA
4,Total,Total,0,0,NA,2024,2,NA,23,0,1,0,0,0,0,0,0,4,0,0,0.0,0.0,0,0.00,0,0,0,0,0,0,0.0,1,NA,NA,NA,NA,NA,NA,0,0,0,0,0,0.00,NA,1177,19:37,0,exhibition,83,NA,NA,NA,NA,NA,NA,NA,NA,NA,NA,NA,NA,NA,NA,NA,NA,NA,NA,NA,NA,NA
8,2025-26 Regular Season,2025-26 Reg,0,1,1,2025-11-21,2,,9,2,30,10,12,10,12,1,2,47,0,0,0.0,4.3,0,0.40,0,0,0,0,0,0,0.0,27,Montréal Victoire,MTL,Montréal,Victoire,3,1,1,0,0,0,0,0.400000,PWHL,37612,626:52,16,regular,84,NA,NA,NA,NA,NA,NA,NA,NA,NA,NA,NA,NA,NA,NA,NA,NA,NA,NA,NA,NA,NA
5,2024-25 Regular Season,2024-25 Reg,0,1,1,2024-11-25,2,,9,4,28,4,8,3,23,2,2,39,0,0,0.0,10.3,0,0.29,0,0,1,0,0,0,0.0,26,Montréal Victoire,MTL,Montréal,Victoire,3,1,1,0,0,1,0,0.821429,PWHL,31283,521:23,31,regular,84,NA,NA,NA,NA,NA,NA,NA,NA,NA,NA,NA,NA,NA,NA,NA,NA,NA,NA,NA,NA,NA
1,2024 Regular Season,2024 Reg,0,1,1,2023-11-21,2,,9,1,24,5,6,6,14,0,1,50,0,0,0.0,2.0,0,0.25,0,1,0,0,0,0,0.0,10,PWHL Montreal,MTL,Montreal,Montreal,3,1,1,0,0,0,0,0.583333,PWHL,32317,538:37,26,regular,84,NA,NA,NA,NA,NA,NA,NA,NA,NA,NA,NA,NA,NA,NA,NA,NA,NA,NA,NA,NA,NA
14,Total,Total,0,3,NA,6072,6,NA,27,7,82,19,26,19,49,3,5,136,0,0,0.0,5.1,0,0.32,0,1,1,0,0,0,0.0,63,NA,NA,NA,NA,NA,NA,3,0,0,1,0,0.60,NA,101212,1686:52,73,regular,84,NA,NA,NA,NA,NA,NA,NA,NA,NA,NA,NA,NA,NA,NA,NA,NA,NA,NA,NA,NA,NA
9,2026 Playoffs,2026 Playoffs,1,1,1,2026-04-28,2,,9,1,9,1,2,2,6,0,0,11,0,0,0.0,9.1,0,0.22,0,0,0,0,0,0,0.0,3,Montréal Victoire,MTL,Montréal,Victoire,3,1,0,0,0,1,0,0.666667,PWHL,11948,199:08,5,playoff,84,NA,NA,NA,NA,NA,NA,NA,NA,NA,NA,NA,NA,NA,NA,NA,NA,NA,NA,NA,NA,NA
6,2025 Playoffs,2025 Playoffs,1,1,1,2025-05-06,2,,9,0,4,1,1,1,4,0,1,6,0,0,0.0,0.0,0,0.25,0,0,0,0,0,0,0.0,2,Montréal Victoire,MTL,Montréal,Victoire,3,1,0,0,0,0,0,1.000000,PWHL,6781,113:01,7,playoff,84,NA,NA,NA,NA,NA,NA,NA,NA,NA,NA,NA,NA,NA,NA,NA,NA,NA,NA,NA,NA,NA
3,2024 Playoffs,2024 Playoffs,1,1,1,2024-05-06,2,,9,0,3,0,0,-1,0,0,0,21,0,0,0.0,0.0,0,0.00,0,0,0,0,1,1,100.0,9,PWHL Montreal,MTL,Montreal,Montreal,3,1,0,0,0,0,0,0,PWHL,6577,109:37,4,playoff,84,NA,NA,NA,NA,NA,NA,NA,NA,NA,NA,NA,NA,NA,NA,NA,NA,NA,NA,NA,NA,NA
18,Total,Total,1,3,NA,6075,6,NA,27,1,16,2,3,2,10,0,1,38,0,0,0.0,2.6,0,0.19,0,0,0,0,1,1,100.0,14,NA,NA,NA,NA,NA,NA,0,0,0,1,0,0.62,NA,25306,421:46,16,playoff,84,NA,NA,NA,NA,NA,NA,NA,NA,NA,NA,NA,NA,NA,NA,NA,NA,NA,NA,NA,NA,NA
7,2025-26 Preseason,2025-26 Preseason,0,0,1,2025-06-18,2,,9,0,1,1,1,-1,0,0,1,1,0,0,0.0,0.0,0,1.00,0,0,0,0,0,0,0.0,0,Montréal Victoire,MTL,Montréal,Victoire,3,1,0,0,0,0,0,0,PWHL,1173,19:33,0,exhibition,84,NA,NA,NA,NA,NA,NA,NA,NA,NA,NA,NA,NA,NA,NA,NA,NA,NA,NA,NA,NA,NA
4,2024-25 Preseason,2024-25 Preseason,0,0,1,2024-11-01,2,,9,1,2,1,2,0,0,0,0,2,0,0,0.0,50.0,0,1.00,0,0,0,0,0,0,0.0,3,Montréal Victoire,MTL,Montréal,Victoire,3,1,0,0,0,1,1,0,PWHL,1993,33:13,3,exhibition,84,NA,NA,NA,NA,NA,NA,NA,NA,NA,NA,NA,NA,NA,NA,NA,NA,NA,NA,NA,NA,NA
11,Total,Total,0,0,NA,4049,4,NA,18,1,3,2,3,-1,0,0,1,3,0,0,0.0,33.3,0,1.00,0,0,0,0,0,0,0.0,3,NA,NA,NA,NA,NA,NA,0,0,0,1,1,0.00,NA,3166,52:46,3,exhibition,84,NA,NA,NA,NA,NA,NA,NA,NA,NA,NA,NA,NA,NA,NA,NA,NA,NA,NA,NA,NA,NA
8,2025-26 Regular Season,2025-26 Reg,0,1,1,2025-11-21,2,,67,1,30,1,2,-4,8,0,0,26,2,1,50.0,3.8,0,0.07,0,0,0,0,2,8,25.0,12,Toronto Sceptres,TOR,Toronto,Sceptres,6,1,0,0,0,0,0,0.266667,PWHL,14491,241:31,6,regular,86,NA,NA,NA,NA,NA,NA,NA,NA,NA,NA,NA,NA,NA,NA,NA,NA,NA,NA,NA,NA,NA
5,2024-25 Regular Season,2024-25 Reg,0,1,1,2024-11-25,2,,67,3,30,1,4,2,14,0,0,28,0,0,0.0,10.7,0,0.13,0,0,2,0,50,101,49.5,20,Toronto Sceptres,TOR,Toronto,Sceptres,6,1,0,0,0,0,0,0.466667,PWHL,19793,329:53,18,regular,86,NA,NA,NA,NA,NA,NA,NA,NA,NA,NA,NA,NA,NA,NA,NA,NA,NA,NA,NA,NA,NA
1,2024 Regular Season,2024 Reg,0,1,1,2023-11-21,2,,67,2,24,3,5,-7,8,0,0,30,1,0,0.0,6.7,0,0.21,0,0,1,0,77,161,47.8,15,PWHL New York,NY,New York,New York,4,1,1,0,1,0,0,0.333333,PWHL,22557,375:57,1,regular,86,NA,NA,NA,NA,NA,NA,NA,NA,NA,NA,NA,NA,NA,NA,NA,NA,NA,NA,NA,NA,NA
14,Total,Total,0,3,NA,6072,6,NA,201,6,84,5,11,-9,30,0,0,84,3,1,33.3,7.1,0,0.13,0,0,3,0,129,270,47.8,47,NA,NA,NA,NA,NA,NA,1,0,1,0,0,0.36,NA,56841,947:21,25,regular,86,NA,NA,NA,NA,NA,NA,NA,NA,NA,NA,NA,NA,NA,NA,NA,NA,NA,NA,NA,NA,NA
6,2025 Playoffs,2025 Playoffs,1,1,1,2025-05-06,2,,67,0,4,2,2,2,0,0,0,3,0,0,0.0,0.0,0,0.50,0,0,0,0,0,1,0.0,3,Toronto Sceptres,TOR,Toronto,Sceptres,6,1,0,0,0,0,0,0,PWHL,2031,33:51,0,playoff,86,NA,NA,NA,NA,NA,NA,NA,NA,NA,NA,NA,NA,NA,NA,NA,NA,NA,NA,NA,NA,NA
6,Total,Total,1,1,NA,2025,2,NA,67,0,4,2,2,2,0,0,0,3,0,0,0.0,0.0,0,0.50,0,0,0,0,0,1,0.0,3,NA,NA,NA,NA,NA,NA,0,0,0,0,0,0.00,NA,2031,33:51,0,playoff,86,NA,NA,NA,NA,NA,NA,NA,NA,NA,NA,NA,NA,NA,NA,NA,NA,NA,NA,NA,NA,NA
7,2025-26 Preseason,2025-26 Preseason,0,0,1,2025-06-01,2,,67,0,1,0,0,1,2,0,0,1,0,0,0.0,0.0,0,0.00,0,0,0,0,1,1,100.0,3,Toronto Sceptres,TOR,Toronto,Sceptres,6,1,0,0,0,0,0,2.000000,PWHL,676,11:16,2,exhibition,86,NA,NA,NA,NA,NA,NA,NA,NA,NA,NA,NA,NA,NA,NA,NA,NA,NA,NA,NA,NA,NA
4,2024-25 Preseason,2024-25 Preseason,0,0,1,2024-10-17,2,,67,0,1,0,0,0,0,0,0,2,0,0,0.0,0.0,0,0.00,0,0,0,0,0,0,0.0,2,Toronto Sceptres,TOR,Toronto,Sceptres,6,1,0,0,0,0,0,0,PWHL,1152,19:12,0,exhibition,86,NA,NA,NA,NA,NA,NA,NA,NA,NA,NA,NA,NA,NA,NA,NA,NA,NA,NA,NA,NA,NA
2,2024 Preseason,2024 Preseason,0,0,1,2023-11-21,2,,67,4,3,0,4,4,0,0,0,7,2,0,0.0,57.1,0,1.33,0,0,0,0,0,0,0.0,0,PWHL New York,NY,New York,PWHL New York,4,1,0,0,0,0,0,0,PWHL,0,0:00,0,exhibition,86,NA,NA,NA,NA,NA,NA,NA,NA,NA,NA,NA,NA,NA,NA,NA,NA,NA,NA,NA,NA,NA
13,Total,Total,0,0,NA,6072,6,NA,201,4,5,0,4,5,2,0,0,10,2,0,0.0,40.0,0,0.80,0,0,0,0,1,1,100.0,5,NA,NA,NA,NA,NA,NA,0,0,0,0,0,0.40,NA,1828,30:28,2,exhibition,86,NA,NA,NA,NA,NA,NA,NA,NA,NA,NA,NA,NA,NA,NA,NA,NA,NA,NA,NA,NA,NA
8,2025-26 Regular Season,2025-26 Reg,0,1,1,2025-11-21,2,,14,1,28,9,10,-7,12,0,3,48,0,0,0.0,2.1,0,0.36,0,0,0,0,0,0,0.0,43,New York Sirens,NY,New York,Sirens,4,1,0,0,0,0,0,0.428571,PWHL,36510,608:30,26,regular,87,NA,NA,NA,NA,NA,NA,NA,NA,NA,NA,NA,NA,NA,NA,NA,NA,NA,NA,NA,NA,NA
5,2024-25 Regular Season,2024-25 Reg,0,1,1,2024-11-25,2,,14,2,30,5,7,-4,16,1,1,52,0,0,0.0,3.8,0,0.23,0,0,0,0,1,1,100.0,25,New York Sirens,NY,New York,Sirens,4,1,0,1,0,0,0,0.533333,PWHL,40397,673:17,23,regular,87,NA,NA,NA,NA,NA,NA,NA,NA,NA,NA,NA,NA,NA,NA,NA,NA,NA,NA,NA,NA,NA
1,2024 Regular Season,2024 Reg,0,1,1,2023-12-31,2,,14,5,24,8,13,-12,12,3,3,58,0,0,0.0,8.6,0,0.54,0,1,1,0,0,1,0.0,18,PWHL New York,NY,New York,New York,4,1,1,0,0,0,0,0.500000,PWHL,36377,606:17,14,regular,87,NA,NA,NA,NA,NA,NA,NA,NA,NA,NA,NA,NA,NA,NA,NA,NA,NA,NA,NA,NA,NA
14,Total,Total,0,3,NA,6072,6,NA,42,8,82,22,30,-23,40,4,7,158,0,0,0.0,5.1,0,0.37,0,1,1,0,1,2,50.0,86,NA,NA,NA,NA,NA,NA,1,1,0,0,0,0.49,NA,113284,1888:04,63,regular,87,NA,NA,NA,NA,NA,NA,NA,NA,NA,NA,NA,NA,NA,NA,NA,NA,NA,NA,NA,NA,NA
7,2025-26 Preseason,2025-26 Preseason,0,0,1,2025-06-01,2,,14,0,2,1,1,3,0,0,0,2,0,0,0.0,0.0,0,0.50,0,0,0,0,1,2,50.0,1,New York Sirens,NY,New York,Sirens,4,1,0,0,0,0,0,0,PWHL,2322,38:42,0,exhibition,87,NA,NA,NA,NA,NA,NA,NA,NA,NA,NA,NA,NA,NA,NA,NA,NA,NA,NA,NA,NA,NA
4,2024-25 Preseason,2024-25 Preseason,0,0,1,2024-10-15,2,,14,0,1,2,2,2,0,0,1,4,0,0,0.0,0.0,0,2.00,0,0,0,0,0,0,0.0,2,New York Sirens,NY,New York,Sirens,4,1,0,0,0,0,0,0,PWHL,1242,20:42,3,exhibition,87,NA,NA,NA,NA,NA,NA,NA,NA,NA,NA,NA,NA,NA,NA,NA,NA,NA,NA,NA,NA,NA
2,2024 Preseason,2024 Preseason,0,0,1,2023-11-21,2,,14,1,3,1,2,3,0,0,1,6,0,0,0.0,16.7,0,0.67,0,0,0,0,0,0,0.0,0,PWHL New York,NY,New York,PWHL New York,4,0,0,1,1,0,0,0,PWHL,0,0:00,0,exhibition,87,NA,NA,NA,NA,NA,NA,NA,NA,NA,NA,NA,NA,NA,NA,NA,NA,NA,NA,NA,NA,NA
13,Total,Total,0,0,NA,6072,6,NA,42,1,6,4,5,8,0,0,2,12,0,0,0.0,8.3,0,0.83,0,0,0,0,1,2,50.0,3,NA,NA,NA,NA,NA,NA,0,1,1,0,0,0.00,NA,3564,59:24,3,exhibition,87,NA,NA,NA,NA,NA,NA,NA,NA,NA,NA,NA,NA,NA,NA,NA,NA,NA,NA,NA,NA,NA
8,2025-26 Regular Season,2025-26 Reg,0,1,1,2025-11-21,2,,17,7,17,1,8,2,34,1,1,37,0,0,0.0,18.9,0,0.47,0,0,2,0,2,5,40.0,14,New York Sirens,NY,New York,Sirens,4,1,1,2,0,0,0,2.000000,PWHL,14238,237:18,3,regular,9,NA,NA,NA,NA,NA,NA,NA,NA,NA,NA,NA,NA,NA,NA,NA,NA,NA,NA,NA,NA,NA
5,2024-25 Regular Season,2024-25 Reg,0,1,1,2024-11-25,2,,17,0,5,0,0,0,6,0,0,0,0,0,0.0,0.0,0,0.00,0,0,0,0,2,2,100.0,4,Boston Fleet,BOS,Boston,Fleet,1,0,0,0,0,0,0,1.200000,PWHL,2496,41:36,1,regular,9,NA,NA,NA,NA,NA,NA,NA,NA,NA,NA,NA,NA,NA,NA,NA,NA,NA,NA,NA,NA,NA
5,2024-25 Regular Season,2024-25 Reg,0,1,1,2025-01-21,2,,17,1,18,2,3,-1,10,0,1,18,0,0,0.0,5.6,0,0.17,0,0,1,0,1,1,100.0,14,New York Sirens,NY,New York,Sirens,4,1,1,0,0,1,0,0.555556,PWHL,9447,157:27,6,regular,9,NA,NA,NA,NA,NA,NA,NA,NA,NA,NA,NA,NA,NA,NA,NA,NA,NA,NA,NA,NA,NA
1,2024 Regular Season,2024 Reg,0,1,1,2023-11-01,2,,17,4,23,2,6,-7,4,0,0,30,0,0,0.0,13.3,0,0.26,1,1,0,0,1,2,50.0,16,PWHL Boston,BOS,Boston,Boston,1,1,0,0,0,1,0,0.173913,PWHL,17037,283:57,7,regular,9,NA,NA,NA,NA,NA,NA,NA,NA,NA,NA,NA,NA,NA,NA,NA,NA,NA,NA,NA,NA,NA
19,Total,Total,0,4,NA,8097,8,NA,68,12,63,5,17,-6,54,1,2,85,0,0,0.0,14.1,0,0.27,1,1,3,0,6,10,60.0,48,NA,NA,NA,NA,NA,NA,2,2,0,2,0,0.86,NA,43218,720:18,17,regular,9,NA,NA,NA,NA,NA,NA,NA,NA,NA,NA,NA,NA,NA,NA,NA,NA,NA,NA,NA,NA,NA
7,2025-26 Preseason,2025-26 Preseason,0,0,1,2025-06-19,2,,17,0,2,0,0,0,2,0,0,2,0,0,0.0,0.0,0,0.00,0,0,0,0,1,2,50.0,1,New York Sirens,NY,New York,Sirens,4,1,0,0,0,0,0,1.000000,PWHL,2209,36:49,0,exhibition,9,NA,NA,NA,NA,NA,NA,NA,NA,NA,NA,NA,NA,NA,NA,NA,NA,NA,NA,NA,NA,NA
4,2024-25 Preseason,2024-25 Preseason,0,0,1,2024-11-01,2,,17,0,1,0,0,-1,2,0,0,1,0,0,0.0,0.0,0,0.00,0,0,0,0,0,0,0.0,0,Boston Fleet,BOS,Boston,Fleet,1,1,0,0,0,0,0,2.000000,PWHL,643,10:43,0,exhibition,9,NA,NA,NA,NA,NA,NA,NA,NA,NA,NA,NA,NA,NA,NA,NA,NA,NA,NA,NA,NA,NA
2,2024 Preseason,2024 Preseason,0,0,1,2023-11-01,2,,17,0,3,0,0,-1,2,0,0,3,1,0,0.0,0.0,0,0.00,0,0,0,0,0,0,0.0,0,PWHL Boston,BOS,Boston,PWHL Boston,1,0,0,0,0,0,0,0.666667,PWHL,0,0:00,0,exhibition,9,NA,NA,NA,NA,NA,NA,NA,NA,NA,NA,NA,NA,NA,NA,NA,NA,NA,NA,NA,NA,NA
13,Total,Total,0,0,NA,6072,6,NA,51,0,6,0,0,-2,6,0,0,6,1,0,0.0,0.0,0,0.00,0,0,0,0,1,2,50.0,1,NA,NA,NA,NA,NA,NA,0,0,0,0,0,1.00,NA,2852,47:32,0,exhibition,9,NA,NA,NA,NA,NA,NA,NA,NA,NA,NA,NA,NA,NA,NA,NA,NA,NA,NA,NA,NA,NA
8,2025-26 Regular Season,2025-26 Reg,0,1,1,2025-11-21,1,*,21,4,21,3,7,1,0,1,1,50,0,0,0.0,8.0,0,0.33,0,0,1,0,3,5,60.0,9,Montréal Victoire,MTL,Montréal,Victoire,3,1,2,0,0,0,0,0,PWHL,19054,317:34,17,regular,98,NA,NA,NA,NA,NA,NA,NA,NA,NA,NA,NA,NA,NA,NA,NA,NA,NA,NA,NA,NA,NA
5,2024-25 Regular Season,2024-25 Reg,0,1,1,2024-11-25,1,*,21,3,28,3,6,-5,10,0,1,34,1,0,0.0,8.8,0,0.21,0,0,0,0,22,63,34.9,14,Montréal Victoire,MTL,Montréal,Victoire,3,1,0,0,0,0,0,0.357143,PWHL,22220,370:20,17,regular,98,NA,NA,NA,NA,NA,NA,NA,NA,NA,NA,NA,NA,NA,NA,NA,NA,NA,NA,NA,NA,NA
1,2024 Regular Season,2024 Reg,0,1,1,2023-11-30,2,,15,5,24,11,16,3,4,0,1,57,1,0,0.0,8.8,0,0.67,0,0,1,0,28,61,45.9,12,PWHL Montreal,MTL,Montreal,Montreal,3,1,0,1,1,0,1,0.166667,PWHL,24772,412:52,6,regular,98,NA,NA,NA,NA,NA,NA,NA,NA,NA,NA,NA,NA,NA,NA,NA,NA,NA,NA,NA,NA,NA
14,Total,Total,0,3,NA,6072,4,NA,57,12,73,17,29,-1,14,1,3,141,2,0,0.0,8.5,0,0.40,0,0,2,0,53,129,41.1,35,NA,NA,NA,NA,NA,NA,2,1,1,0,1,0.19,NA,66046,1100:46,40,regular,98,NA,NA,NA,NA,NA,NA,NA,NA,NA,NA,NA,NA,NA,NA,NA,NA,NA,NA,NA,NA,NA
9,2026 Playoffs,2026 Playoffs,1,1,1,2026-04-28,1,*,21,1,9,2,3,-2,2,0,0,17,0,0,0.0,5.9,0,0.33,0,0,0,0,0,0,0.0,1,Montréal Victoire,MTL,Montréal,Victoire,3,1,1,0,0,0,0,0.222222,PWHL,8634,143:54,10,playoff,98,NA,NA,NA,NA,NA,NA,NA,NA,NA,NA,NA,NA,NA,NA,NA,NA,NA,NA,NA,NA,NA
6,2025 Playoffs,2025 Playoffs,1,1,1,2025-05-06,1,*,21,2,4,0,2,0,2,1,0,8,0,0,0.0,25.0,0,0.50,0,0,0,0,6,17,35.3,1,Montréal Victoire,MTL,Montréal,Victoire,3,1,0,0,0,0,0,0.500000,PWHL,4230,70:30,4,playoff,98,NA,NA,NA,NA,NA,NA,NA,NA,NA,NA,NA,NA,NA,NA,NA,NA,NA,NA,NA,NA,NA
3,2024 Playoffs,2024 Playoffs,1,1,1,2024-05-06,2,,15,1,3,2,3,-3,2,1,2,11,0,0,0.0,9.1,0,1.00,0,0,0,0,12,37,32.4,4,PWHL Montreal,MTL,Montreal,Montreal,3,1,0,0,0,0,0,0.666667,PWHL,5309,88:29,3,playoff,98,NA,NA,NA,NA,NA,NA,NA,NA,NA,NA,NA,NA,NA,NA,NA,NA,NA,NA,NA,NA,NA
18,Total,Total,1,3,NA,6075,4,NA,57,4,16,4,8,-5,6,2,2,36,0,0,0.0,11.1,0,0.50,0,0,0,0,18,54,33.3,6,NA,NA,NA,NA,NA,NA,1,0,0,0,0,0.38,NA,18173,302:53,17,playoff,98,NA,NA,NA,NA,NA,NA,NA,NA,NA,NA,NA,NA,NA,NA,NA,NA,NA,NA,NA,NA,NA
7,2025-26 Preseason,2025-26 Preseason,0,0,1,2025-06-01,1,*,21,0,1,1,1,1,0,0,0,5,0,0,0.0,0.0,0,1.00,0,0,0,0,1,1,100.0,2,Montréal Victoire,MTL,Montréal,Victoire,3,1,0,0,0,0,0,0,PWHL,965,16:05,0,exhibition,98,NA,NA,NA,NA,NA,NA,NA,NA,NA,NA,NA,NA,NA,NA,NA,NA,NA,NA,NA,NA,NA
4,2024-25 Preseason,2024-25 Preseason,0,0,1,2024-11-01,1,*,21,2,2,1,3,2,0,1,0,7,0,0,0.0,28.6,0,1.50,0,0,0,0,0,2,0.0,2,Montréal Victoire,MTL,Montréal,Victoire,3,1,0,0,0,0,0,0,PWHL,1824,30:24,3,exhibition,98,NA,NA,NA,NA,NA,NA,NA,NA,NA,NA,NA,NA,NA,NA,NA,NA,NA,NA,NA,NA,NA
2,2024 Preseason,2024 Preseason,0,0,1,2023-11-30,2,,15,0,3,0,0,-1,0,0,0,6,1,0,0.0,0.0,0,0.00,0,0,0,0,0,0,0.0,0,PWHL Montreal,MON,Montreal,PWHL Montreal,3,1,0,0,0,0,0,0,PWHL,0,0:00,0,exhibition,98,NA,NA,NA,NA,NA,NA,NA,NA,NA,NA,NA,NA,NA,NA,NA,NA,NA,NA,NA,NA,NA
13,Total,Total,0,0,NA,6072,4,NA,57,2,6,2,4,2,0,1,0,18,1,0,0.0,11.1,0,0.67,0,0,0,0,1,3,33.3,4,NA,NA,NA,NA,NA,NA,0,0,0,0,0,0.00,NA,2789,46:29,3,exhibition,98,NA,NA,NA,NA,NA,NA,NA,NA,NA,NA,NA,NA,NA,NA,NA,NA,NA,NA,NA,NA,NA
8,2025-26 Regular Season,2025-26 Reg,0,1,1,2025-11-21,2,,20,0,29,3,3,-5,0,0,0,12,0,0,0.0,0.0,0,0.10,0,0,0,0,0,2,0.0,5,Seattle Torrent,SEA,Seattle,Torrent,8,1,0,0,0,0,0,0,PWHL,23496,391:36,40,regular,99,NA,NA,NA,NA,NA,NA,NA,NA,NA,NA,NA,NA,NA,NA,NA,NA,NA,NA,NA,NA,NA
5,2024-25 Regular Season,2024-25 Reg,0,1,1,2024-11-25,1,*,2,3,29,1,4,1,14,0,0,22,0,0,0.0,13.6,0,0.14,0,0,1,0,0,0,0.0,10,Montréal Victoire,MTL,Montréal,Victoire,3,1,0,0,0,0,0,0.482759,PWHL,29771,496:11,60,regular,99,NA,NA,NA,NA,NA,NA,NA,NA,NA,NA,NA,NA,NA,NA,NA,NA,NA,NA,NA,NA,NA
1,2024 Regular Season,2024 Reg,0,1,1,2023-11-30,2,,2,0,24,3,3,2,12,0,1,21,0,0,0.0,0.0,0,0.13,0,0,0,0,0,0,0.0,11,PWHL Montreal,MTL,Montreal,Montreal,3,1,0,0,0,0,0,0.500000,PWHL,29214,486:54,26,regular,99,NA,NA,NA,NA,NA,NA,NA,NA,NA,NA,NA,NA,NA,NA,NA,NA,NA,NA,NA,NA,NA
14,Total,Total,0,3,NA,6072,5,NA,24,3,82,7,10,-2,26,0,1,55,0,0,0.0,5.5,0,0.12,0,0,1,0,0,2,0.0,26,NA,NA,NA,NA,NA,NA,0,0,0,0,0,0.32,NA,82481,1374:41,126,regular,99,NA,NA,NA,NA,NA,NA,NA,NA,NA,NA,NA,NA,NA,NA,NA,NA,NA,NA,NA,NA,NA
6,2025 Playoffs,2025 Playoffs,1,1,1,2025-05-06,1,*,2,0,4,0,0,-1,4,0,0,1,0,0,0.0,0.0,0,0.00,0,0,0,0,0,0,0.0,0,Montréal Victoire,MTL,Montréal,Victoire,3,1,0,0,0,0,0,1.000000,PWHL,4554,75:54,10,playoff,99,NA,NA,NA,NA,NA,NA,NA,NA,NA,NA,NA,NA,NA,NA,NA,NA,NA,NA,NA,NA,NA
3,2024 Playoffs,2024 Playoffs,1,1,1,2024-05-06,2,,2,0,3,0,0,-2,0,0,0,3,0,0,0.0,0.0,0,0.00,0,0,0,0,0,0,0.0,1,PWHL Montreal,MTL,Montreal,Montreal,3,1,0,0,0,0,0,0,PWHL,5469,91:09,2,playoff,99,NA,NA,NA,NA,NA,NA,NA,NA,NA,NA,NA,NA,NA,NA,NA,NA,NA,NA,NA,NA,NA
9,Total,Total,1,2,NA,4049,3,NA,4,0,7,0,0,-3,4,0,0,4,0,0,0.0,0.0,0,0.00,0,0,0,0,0,0,0.0,1,NA,NA,NA,NA,NA,NA,0,0,0,0,0,0.57,NA,10023,167:03,12,playoff,99,NA,NA,NA,NA,NA,NA,NA,NA,NA,NA,NA,NA,NA,NA,NA,NA,NA,NA,NA,NA,NA
7,2025-26 Preseason,2025-26 Preseason,0,0,1,2025-06-18,2,,20,0,1,1,1,2,2,0,0,1,0,0,0.0,0.0,0,1.00,0,0,0,0,0,0,0.0,1,Seattle Torrent,SEA,Seattle,Torrent,8,1,0,0,0,0,0,2.000000,PWHL,1191,19:51,0,exhibition,99,NA,NA,NA,NA,NA,NA,NA,NA,NA,NA,NA,NA,NA,NA,NA,NA,NA,NA,NA,NA,NA
4,2024-25 Preseason,2024-25 Preseason,0,0,1,2024-11-01,1,*,2,0,2,1,1,2,0,0,0,2,0,0,0.0,0.0,0,0.50,0,0,0,0,0,0,0.0,0,Montréal Victoire,MTL,Montréal,Victoire,3,1,0,0,0,0,0,0,PWHL,2064,34:24,1,exhibition,99,NA,NA,NA,NA,NA,NA,NA,NA,NA,NA,NA,NA,NA,NA,NA,NA,NA,NA,NA,NA,NA
2,2024 Preseason,2024 Preseason,0,0,1,2023-11-30,2,,2,0,2,0,0,0,2,0,0,4,0,0,0.0,0.0,0,0.00,0,0,0,0,0,0,0.0,0,PWHL Montreal,MON,Montreal,PWHL Montreal,3,1,0,0,0,0,0,1.000000,PWHL,0,0:00,0,exhibition,99,NA,NA,NA,NA,NA,NA,NA,NA,NA,NA,NA,NA,NA,NA,NA,NA,NA,NA,NA,NA,NA
13,Total,Total,0,0,NA,6072,5,NA,24,0,5,2,2,4,4,0,0,7,0,0,0.0,0.0,0,0.40,0,0,0,0,0,0,0.0,1,NA,NA,NA,NA,NA,NA,0,0,0,0,0,0.80,NA,3255,54:15,1,exhibition,99,NA,NA,NA,NA,NA,NA,NA,NA,NA,NA,NA,NA,NA,NA,NA,NA,NA,NA,NA,NA,NA
8,2025-26 Regular Season,2025-26 Reg,0,1,1,2025-11-21,1,*,6,0,27,7,7,7,8,0,0,20,0,0,0.0,0.0,0,0.26,0,0,0,0,0,0,0.0,3,Boston Fleet,BOS,Boston,Fleet,1,1,0,0,0,0,0,0.296296,PWHL,22485,374:45,12,regular,182,NA,NA,NA,NA,NA,NA,NA,NA,NA,NA,NA,NA,NA,NA,NA,NA,NA,NA,NA,NA,NA
5,2024-25 Regular Season,2024-25 Reg,0,1,1,2024-11-25,2,,6,0,2,0,0,0,0,0,0,0,0,0,0.0,0.0,0,0.00,0,0,0,0,0,0,0.0,0,Boston Fleet,BOS,Boston,Fleet,1,1,0,0,0,0,0,0,PWHL,462,7:42,0,regular,182,NA,NA,NA,NA,NA,NA,NA,NA,NA,NA,NA,NA,NA,NA,NA,NA,NA,NA,NA,NA,NA
13,Total,Total,0,2,NA,4049,3,NA,12,0,29,7,7,7,8,0,0,20,0,0,0.0,0.0,0,0.24,0,0,0,0,0,0,0.0,3,NA,NA,NA,NA,NA,NA,0,0,0,0,0,0.28,NA,22947,382:27,12,regular,182,NA,NA,NA,NA,NA,NA,NA,NA,NA,NA,NA,NA,NA,NA,NA,NA,NA,NA,NA,NA,NA
9,2026 Playoffs,2026 Playoffs,1,1,1,2026-04-28,1,*,6,0,4,0,0,-1,0,0,0,6,0,0,0.0,0.0,0,0.00,0,0,0,0,0,0,0.0,0,Boston Fleet,BOS,Boston,Fleet,1,1,0,0,0,0,0,0,PWHL,2773,46:13,1,playoff,182,NA,NA,NA,NA,NA,NA,NA,NA,NA,NA,NA,NA,NA,NA,NA,NA,NA,NA,NA,NA,NA
9,Total,Total,1,1,NA,2026,1,NA,6,0,4,0,0,-1,0,0,0,6,0,0,0.0,0.0,0,0.00,0,0,0,0,0,0,0.0,0,NA,NA,NA,NA,NA,NA,0,0,0,0,0,0.00,NA,2773,46:13,1,playoff,182,NA,NA,NA,NA,NA,NA,NA,NA,NA,NA,NA,NA,NA,NA,NA,NA,NA,NA,NA,NA,NA
7,2025-26 Preseason,2025-26 Preseason,0,0,1,2025-06-01,1,*,6,0,2,1,1,0,0,0,0,0,0,0,0.0,0.0,0,0.50,0,0,0,0,0,0,0.0,0,Boston Fleet,BOS,Boston,Fleet,1,1,0,0,0,0,0,0,PWHL,1973,32:53,2,exhibition,182,NA,NA,NA,NA,NA,NA,NA,NA,NA,NA,NA,NA,NA,NA,NA,NA,NA,NA,NA,NA,NA
7,Total,Total,0,0,NA,2025,1,NA,6,0,2,1,1,0,0,0,0,0,0,0,0.0,0.0,0,0.50,0,0,0,0,0,0,0.0,0,NA,NA,NA,NA,NA,NA,0,0,0,0,0,0.00,NA,1973,32:53,2,exhibition,182,NA,NA,NA,NA,NA,NA,NA,NA,NA,NA,NA,NA,NA,NA,NA,NA,NA,NA,NA,NA,NA
5,2024-25 Regular Season,2024-25 Reg,0,1,1,2024-11-25,2,,13,0,3,0,0,-1,0,0,0,1,0,0,0.0,0.0,0,0.00,0,0,0,0,0,1,0.0,3,Toronto Sceptres,TOR,Toronto,Sceptres,6,1,0,0,0,0,0,0,PWHL,309,5:09,0,regular,213,NA,NA,NA,NA,NA,NA,NA,NA,NA,NA,NA,NA,NA,NA,NA,NA,NA,NA,NA,NA,NA
5,Total,Total,0,1,NA,2024,2,NA,13,0,3,0,0,-1,0,0,0,1,0,0,0.0,0.0,0,0.00,0,0,0,0,0,1,0.0,3,NA,NA,NA,NA,NA,NA,0,0,0,0,0,0.00,NA,309,5:09,0,regular,213,NA,NA,NA,NA,NA,NA,NA,NA,NA,NA,NA,NA,NA,NA,NA,NA,NA,NA,NA,NA,NA
7,2025-26 Preseason,2025-26 Preseason,0,0,1,2025-06-01,2,,13,0,2,0,0,2,0,0,0,0,0,0,0.0,0.0,0,0.00,0,0,0,0,0,1,0.0,1,Toronto Sceptres,TOR,Toronto,Sceptres,6,1,0,0,0,0,0,0,PWHL,1702,28:22,2,exhibition,213,NA,NA,NA,NA,NA,NA,NA,NA,NA,NA,NA,NA,NA,NA,NA,NA,NA,NA,NA,NA,NA
4,2024-25 Preseason,2024-25 Preseason,0,0,1,2024-11-01,2,,15,0,2,0,0,-1,0,0,0,5,0,0,0.0,0.0,0,0.00,0,0,0,0,1,1,100.0,2,Toronto Sceptres,TOR,Toronto,Sceptres,6,1,0,0,0,0,0,0,PWHL,1204,20:04,2,exhibition,213,NA,NA,NA,NA,NA,NA,NA,NA,NA,NA,NA,NA,NA,NA,NA,NA,NA,NA,NA,NA,NA
11,Total,Total,0,0,NA,4049,4,NA,28,0,4,0,0,1,0,0,0,5,0,0,0.0,0.0,0,0.00,0,0,0,0,1,2,50.0,3,NA,NA,NA,NA,NA,NA,0,0,0,0,0,0.00,NA,2906,48:26,4,exhibition,213,NA,NA,NA,NA,NA,NA,NA,NA,NA,NA,NA,NA,NA,NA,NA,NA,NA,NA,NA,NA,NA
5,2024-25 Regular Season,2024-25 Reg,0,1,1,2024-11-25,2,,96,0,5,0,0,-1,2,0,0,1,0,0,0.0,0.0,0,0.00,0,0,0,0,0,0,0.0,2,Montréal Victoire,MTL,Montréal,Victoire,3,1,0,0,0,0,0,0.400000,PWHL,3045,50:45,4,regular,82,NA,NA,NA,NA,NA,NA,NA,NA,NA,NA,NA,NA,NA,NA,NA,NA,NA,NA,NA,NA,NA
1,2024 Regular Season,2024 Reg,0,1,1,2023-11-21,2,,96,0,7,0,0,0,8,0,0,6,0,0,0.0,0.0,0,0.00,0,0,0,0,1,1,100.0,0,PWHL Montreal,MTL,Montreal,Montreal,3,1,0,0,0,0,0,1.142857,PWHL,7602,126:42,0,regular,82,NA,NA,NA,NA,NA,NA,NA,NA,NA,NA,NA,NA,NA,NA,NA,NA,NA,NA,NA,NA,NA
6,Total,Total,0,2,NA,4047,4,NA,192,0,12,0,0,-1,10,0,0,7,0,0,0.0,0.0,0,0.00,0,0,0,0,1,1,100.0,2,NA,NA,NA,NA,NA,NA,0,0,0,0,0,0.83,NA,10647,177:27,4,regular,82,NA,NA,NA,NA,NA,NA,NA,NA,NA,NA,NA,NA,NA,NA,NA,NA,NA,NA,NA,NA,NA
2,2024 Preseason,2024 Preseason,0,0,1,2023-11-21,2,,96,1,2,0,1,0,4,0,0,6,0,0,0.0,16.7,0,0.50,0,0,1,0,0,0,0.0,0,PWHL Montreal,MON,Montreal,PWHL Montreal,3,1,0,0,0,1,0,2.000000,PWHL,0,0:00,0,exhibition,82,NA,NA,NA,NA,NA,NA,NA,NA,NA,NA,NA,NA,NA,NA,NA,NA,NA,NA,NA,NA,NA
2,Total,Total,0,0,NA,2023,2,NA,96,1,2,0,1,0,4,0,0,6,0,0,0.0,16.7,0,0.50,0,0,1,0,0,0,0.0,0,NA,NA,NA,NA,NA,NA,0,0,0,1,0,2.00,NA,0,0:00,0,exhibition,82,NA,NA,NA,NA,NA,NA,NA,NA,NA,NA,NA,NA,NA,NA,NA,NA,NA,NA,NA,NA,NA
8,2025-26 Regular Season,2025-26 Reg,0,1,1,2025-11-21,2,,27,1,30,4,5,-4,26,0,0,26,0,0,0.0,3.8,0,0.17,0,0,1,0,0,2,0.0,37,Seattle Torrent,SEA,Seattle,Torrent,8,1,0,0,0,0,0,0.866667,PWHL,31114,518:34,29,regular,208,NA,NA,NA,NA,NA,NA,NA,NA,NA,NA,NA,NA,NA,NA,NA,NA,NA,NA,NA,NA,NA
5,2024-25 Regular Season,2024-25 Reg,0,1,1,2024-11-25,2,,23,0,19,1,1,2,10,0,0,17,0,0,0.0,0.0,0,0.05,0,0,0,0,0,0,0.0,28,Toronto Sceptres,TOR,Toronto,Sceptres,6,1,0,0,0,0,0,0.526316,PWHL,19388,323:08,21,regular,208,NA,NA,NA,NA,NA,NA,NA,NA,NA,NA,NA,NA,NA,NA,NA,NA,NA,NA,NA,NA,NA
13,Total,Total,0,2,NA,4049,4,NA,50,1,49,5,6,-2,36,0,0,43,0,0,0.0,2.3,0,0.12,0,0,1,0,0,2,0.0,65,NA,NA,NA,NA,NA,NA,0,0,0,0,0,0.73,NA,50502,841:42,50,regular,208,NA,NA,NA,NA,NA,NA,NA,NA,NA,NA,NA,NA,NA,NA,NA,NA,NA,NA,NA,NA,NA
6,2025 Playoffs,2025 Playoffs,1,1,1,2025-05-06,2,,23,0,4,0,0,-2,6,0,0,3,0,0,0.0,0.0,0,0.00,0,0,0,0,0,0,0.0,3,Toronto Sceptres,TOR,Toronto,Sceptres,6,1,0,0,0,0,0,1.500000,PWHL,3194,53:14,3,playoff,208,NA,NA,NA,NA,NA,NA,NA,NA,NA,NA,NA,NA,NA,NA,NA,NA,NA,NA,NA,NA,NA
6,Total,Total,1,1,NA,2025,2,NA,23,0,4,0,0,-2,6,0,0,3,0,0,0.0,0.0,0,0.00,0,0,0,0,0,0,0.0,3,NA,NA,NA,NA,NA,NA,0,0,0,0,0,1.50,NA,3194,53:14,3,playoff,208,NA,NA,NA,NA,NA,NA,NA,NA,NA,NA,NA,NA,NA,NA,NA,NA,NA,NA,NA,NA,NA
7,2025-26 Preseason,2025-26 Preseason,0,0,1,2025-06-13,2,,27,0,1,0,0,-2,0,0,0,1,0,0,0.0,0.0,0,0.00,0,0,0,0,0,0,0.0,0,Seattle Torrent,SEA,Seattle,Torrent,8,1,0,0,0,0,0,0,PWHL,990,16:30,1,exhibition,208,NA,NA,NA,NA,NA,NA,NA,NA,NA,NA,NA,NA,NA,NA,NA,NA,NA,NA,NA,NA,NA
7,Total,Total,0,0,NA,2025,2,NA,27,0,1,0,0,-2,0,0,0,1,0,0,0.0,0.0,0,0.00,0,0,0,0,0,0,0.0,0,NA,NA,NA,NA,NA,NA,0,0,0,0,0,0.00,NA,990,16:30,1,exhibition,208,NA,NA,NA,NA,NA,NA,NA,NA,NA,NA,NA,NA,NA,NA,NA,NA,NA,NA,NA,NA,NA
8,2025-26 Regular Season,2025-26 Reg,0,1,1,2025-11-21,2,,8,7,28,3,10,-4,12,0,1,39,0,0,0.0,17.9,0,0.36,0,0,3,0,5,11,45.5,14,Vancouver Goldeneyes,VAN,Vancouver,Goldeneyes,9,1,1,0,0,0,0,0.428571,PWHL,25296,421:36,14,regular,209,NA,NA,NA,NA,NA,NA,NA,NA,NA,NA,NA,NA,NA,NA,NA,NA,NA,NA,NA,NA,NA
5,2024-25 Regular Season,2024-25 Reg,0,1,1,2024-11-25,2,,8,2,30,5,7,-5,8,0,1,31,2,0,0.0,6.5,0,0.23,0,0,0,0,1,6,16.7,6,Toronto Sceptres,TOR,Toronto,Sceptres,6,1,0,0,0,0,0,0.266667,PWHL,23215,386:55,14,regular,209,NA,NA,NA,NA,NA,NA,NA,NA,NA,NA,NA,NA,NA,NA,NA,NA,NA,NA,NA,NA,NA
13,Total,Total,0,2,NA,4049,4,NA,16,9,58,8,17,-9,20,0,2,70,2,0,0.0,12.9,0,0.29,0,0,3,0,6,17,35.3,20,NA,NA,NA,NA,NA,NA,1,0,0,0,0,0.34,NA,48511,808:31,28,regular,209,NA,NA,NA,NA,NA,NA,NA,NA,NA,NA,NA,NA,NA,NA,NA,NA,NA,NA,NA,NA,NA
6,2025 Playoffs,2025 Playoffs,1,1,1,2025-05-06,2,,8,0,4,1,1,-1,0,0,0,2,0,0,0.0,0.0,0,0.25,0,0,0,0,1,1,100.0,0,Toronto Sceptres,TOR,Toronto,Sceptres,6,1,0,0,0,0,0,0,PWHL,3287,54:47,1,playoff,209,NA,NA,NA,NA,NA,NA,NA,NA,NA,NA,NA,NA,NA,NA,NA,NA,NA,NA,NA,NA,NA
6,Total,Total,1,1,NA,2025,2,NA,8,0,4,1,1,-1,0,0,0,2,0,0,0.0,0.0,0,0.25,0,0,0,0,1,1,100.0,0,NA,NA,NA,NA,NA,NA,0,0,0,0,0,0.00,NA,3287,54:47,1,playoff,209,NA,NA,NA,NA,NA,NA,NA,NA,NA,NA,NA,NA,NA,NA,NA,NA,NA,NA,NA,NA,NA
4,2024-25 Preseason,2024-25 Preseason,0,0,1,2024-11-01,2,,8,0,2,0,0,-2,2,0,0,0,0,0,0.0,0.0,0,0.00,0,0,0,0,0,0,0.0,3,Toronto Sceptres,TOR,Toronto,Sceptres,6,1,0,0,0,0,0,1.000000,PWHL,1470,24:30,1,exhibition,209,NA,NA,NA,NA,NA,NA,NA,NA,NA,NA,NA,NA,NA,NA,NA,NA,NA,NA,NA,NA,NA
4,Total,Total,0,0,NA,2024,2,NA,8,0,2,0,0,-2,2,0,0,0,0,0,0.0,0.0,0,0.00,0,0,0,0,0,0,0.0,3,NA,NA,NA,NA,NA,NA,0,0,0,0,0,1.00,NA,1470,24:30,1,exhibition,209,NA,NA,NA,NA,NA,NA,NA,NA,NA,NA,NA,NA,NA,NA,NA,NA,NA,NA,NA,NA,NA
8,2025-26 Regular Season,2025-26 Reg,0,1,1,2025-11-21,2,,88,6,30,14,20,-9,10,1,6,95,2,0,0.0,6.3,0,0.67,0,0,1,0,11,30,36.7,18,Seattle Torrent,SEA,Seattle,Torrent,8,1,2,0,0,0,0,0.333333,PWHL,33577,559:37,16,regular,210,NA,NA,NA,NA,NA,NA,NA,NA,NA,NA,NA,NA,NA,NA,NA,NA,NA,NA,NA,NA,NA
5,2024-25 Regular Season,2024-25 Reg,0,1,1,2024-11-25,2,,88,4,30,6,10,3,6,4,3,51,2,1,50.0,7.8,0,0.33,0,0,1,0,11,23,47.8,22,Toronto Sceptres,TOR,Toronto,Sceptres,6,1,1,0,0,0,0,0.200000,PWHL,22826,380:26,12,regular,210,NA,NA,NA,NA,NA,NA,NA,NA,NA,NA,NA,NA,NA,NA,NA,NA,NA,NA,NA,NA,NA
13,Total,Total,0,2,NA,4049,4,NA,176,10,60,20,30,-6,16,5,9,146,4,1,25.0,6.8,0,0.50,0,0,2,0,22,53,41.5,40,NA,NA,NA,NA,NA,NA,3,0,0,0,0,0.27,NA,56403,940:03,28,regular,210,NA,NA,NA,NA,NA,NA,NA,NA,NA,NA,NA,NA,NA,NA,NA,NA,NA,NA,NA,NA,NA
6,2025 Playoffs,2025 Playoffs,1,1,1,2025-05-06,2,,88,3,4,0,3,2,0,1,0,8,0,0,0.0,37.5,0,0.75,0,0,1,0,11,21,52.4,4,Toronto Sceptres,TOR,Toronto,Sceptres,6,1,1,0,0,1,0,0,PWHL,2488,41:28,2,playoff,210,NA,NA,NA,NA,NA,NA,NA,NA,NA,NA,NA,NA,NA,NA,NA,NA,NA,NA,NA,NA,NA
6,Total,Total,1,1,NA,2025,2,NA,88,3,4,0,3,2,0,1,0,8,0,0,0.0,37.5,0,0.75,0,0,1,0,11,21,52.4,4,NA,NA,NA,NA,NA,NA,1,0,0,1,0,0.00,NA,2488,41:28,2,playoff,210,NA,NA,NA,NA,NA,NA,NA,NA,NA,NA,NA,NA,NA,NA,NA,NA,NA,NA,NA,NA,NA
7,2025-26 Preseason,2025-26 Preseason,0,0,1,2025-06-13,2,,88,0,1,0,0,-1,0,0,0,2,0,0,0.0,0.0,0,0.00,0,0,0,0,0,0,0.0,1,Seattle Torrent,SEA,Seattle,Torrent,8,1,0,0,0,0,0,0,PWHL,1911,31:51,0,exhibition,210,NA,NA,NA,NA,NA,NA,NA,NA,NA,NA,NA,NA,NA,NA,NA,NA,NA,NA,NA,NA,NA
4,2024-25 Preseason,2024-25 Preseason,0,0,1,2024-11-01,2,,88,0,2,0,0,-2,0,0,0,3,0,0,0.0,0.0,0,0.00,0,0,0,0,0,0,0.0,3,Toronto Sceptres,TOR,Toronto,Sceptres,6,1,0,0,0,0,0,0,PWHL,1427,23:47,1,exhibition,210,NA,NA,NA,NA,NA,NA,NA,NA,NA,NA,NA,NA,NA,NA,NA,NA,NA,NA,NA,NA,NA
11,Total,Total,0,0,NA,4049,4,NA,176,0,3,0,0,-3,0,0,0,5,0,0,0.0,0.0,0,0.00,0,0,0,0,0,0,0.0,4,NA,NA,NA,NA,NA,NA,0,0,0,0,0,0.00,NA,3338,55:38,1,exhibition,210,NA,NA,NA,NA,NA,NA,NA,NA,NA,NA,NA,NA,NA,NA,NA,NA,NA,NA,NA,NA,NA
8,2025-26 Regular Season,2025-26 Reg,0,1,1,2025-11-21,1,*,25,1,25,1,2,1,25,0,0,12,0,0,0.0,8.3,0,0.08,0,0,1,0,1,9,11.1,27,Boston Fleet,BOS,Boston,Fleet,1,1,1,0,0,0,0,1.000000,PWHL,14064,234:24,9,regular,212,NA,NA,NA,NA,NA,NA,NA,NA,NA,NA,NA,NA,NA,NA,NA,NA,NA,NA,NA,NA,NA
5,2024-25 Regular Season,2024-25 Reg,0,1,1,2025-02-11,2,,25,0,13,2,2,0,2,0,0,5,0,0,0.0,0.0,0,0.15,0,0,0,0,9,29,31.0,5,Toronto Sceptres,TOR,Toronto,Sceptres,6,1,0,0,0,0,0,0.153846,PWHL,3393,56:33,2,regular,212,NA,NA,NA,NA,NA,NA,NA,NA,NA,NA,NA,NA,NA,NA,NA,NA,NA,NA,NA,NA,NA
13,Total,Total,0,2,NA,4050,3,NA,50,1,38,3,4,1,27,0,0,17,0,0,0.0,5.9,0,0.11,0,0,1,0,10,38,26.3,32,NA,NA,NA,NA,NA,NA,1,0,0,0,0,0.71,NA,17457,290:57,11,regular,212,NA,NA,NA,NA,NA,NA,NA,NA,NA,NA,NA,NA,NA,NA,NA,NA,NA,NA,NA,NA,NA
9,2026 Playoffs,2026 Playoffs,1,1,1,2026-04-28,1,*,25,0,2,0,0,0,0,0,0,1,0,0,0.0,0.0,0,0.00,0,0,0,0,0,2,0.0,4,Boston Fleet,BOS,Boston,Fleet,1,1,0,0,0,0,0,0,PWHL,1387,23:07,0,playoff,212,NA,NA,NA,NA,NA,NA,NA,NA,NA,NA,NA,NA,NA,NA,NA,NA,NA,NA,NA,NA,NA
6,2025 Playoffs,2025 Playoffs,1,1,1,2025-05-06,2,,25,0,3,0,0,1,0,0,0,0,0,0,0.0,0.0,0,0.00,0,0,0,0,2,2,100.0,1,Toronto Sceptres,TOR,Toronto,Sceptres,6,1,0,0,0,0,0,0,PWHL,237,3:57,0,playoff,212,NA,NA,NA,NA,NA,NA,NA,NA,NA,NA,NA,NA,NA,NA,NA,NA,NA,NA,NA,NA,NA
15,Total,Total,1,2,NA,4051,3,NA,50,0,5,0,0,1,0,0,0,1,0,0,0.0,0.0,0,0.00,0,0,0,0,2,4,50.0,5,NA,NA,NA,NA,NA,NA,0,0,0,0,0,0.00,NA,1624,27:04,0,playoff,212,NA,NA,NA,NA,NA,NA,NA,NA,NA,NA,NA,NA,NA,NA,NA,NA,NA,NA,NA,NA,NA
7,2025-26 Preseason,2025-26 Preseason,0,0,1,2025-06-23,1,*,25,0,2,0,0,1,0,0,0,1,0,0,0.0,0.0,0,0.00,0,0,0,0,6,11,54.5,2,Boston Fleet,BOS,Boston,Fleet,1,1,0,0,0,0,0,0,PWHL,1412,23:32,0,exhibition,212,NA,NA,NA,NA,NA,NA,NA,NA,NA,NA,NA,NA,NA,NA,NA,NA,NA,NA,NA,NA,NA
4,2024-25 Preseason,2024-25 Preseason,0,0,1,2024-11-01,2,,25,0,2,0,0,-1,2,0,0,5,0,0,0.0,0.0,0,0.00,0,0,0,0,6,19,31.6,4,Toronto Sceptres,TOR,Toronto,Sceptres,6,1,0,0,0,0,0,1.000000,PWHL,1276,21:16,0,exhibition,212,NA,NA,NA,NA,NA,NA,NA,NA,NA,NA,NA,NA,NA,NA,NA,NA,NA,NA,NA,NA,NA
11,Total,Total,0,0,NA,4049,3,NA,50,0,4,0,0,0,2,0,0,6,0,0,0.0,0.0,0,0.00,0,0,0,0,12,30,40.0,6,NA,NA,NA,NA,NA,NA,0,0,0,0,0,0.50,NA,2688,44:48,0,exhibition,212,NA,NA,NA,NA,NA,NA,NA,NA,NA,NA,NA,NA,NA,NA,NA,NA,NA,NA,NA,NA,NA
8,2025-26 Regular Season,2025-26 Reg,0,1,1,2025-11-21,1,*,53,0,28,1,1,6,14,0,0,10,0,0,0.0,0.0,0,0.04,0,0,0,0,0,0,0.0,44,Boston Fleet,BOS,Boston,Fleet,1,1,0,0,0,0,0,0.500000,PWHL,19186,319:46,10,regular,232,NA,NA,NA,NA,NA,NA,NA,NA,NA,NA,NA,NA,NA,NA,NA,NA,NA,NA,NA,NA,NA
5,2024-25 Regular Season,2024-25 Reg,0,1,1,2024-11-25,2,,55,0,22,2,2,-1,27,0,0,15,0,0,0.0,0.0,0,0.09,0,1,0,0,0,0,0.0,13,Toronto Sceptres,TOR,Toronto,Sceptres,6,1,0,0,0,0,0,1.227273,PWHL,14663,244:23,14,regular,232,NA,NA,NA,NA,NA,NA,NA,NA,NA,NA,NA,NA,NA,NA,NA,NA,NA,NA,NA,NA,NA
13,Total,Total,0,2,NA,4049,3,NA,108,0,50,3,3,5,41,0,0,25,0,0,0.0,0.0,0,0.06,0,1,0,0,0,0,0.0,57,NA,NA,NA,NA,NA,NA,0,0,0,0,0,0.82,NA,33849,564:09,24,regular,232,NA,NA,NA,NA,NA,NA,NA,NA,NA,NA,NA,NA,NA,NA,NA,NA,NA,NA,NA,NA,NA
9,2026 Playoffs,2026 Playoffs,1,1,1,2026-04-28,1,*,53,0,3,0,0,-1,15,0,0,0,0,0,0.0,0.0,0,0.00,0,0,0,0,0,0,0.0,3,Boston Fleet,BOS,Boston,Fleet,1,1,0,0,0,0,0,5.000000,PWHL,1416,23:36,0,playoff,232,NA,NA,NA,NA,NA,NA,NA,NA,NA,NA,NA,NA,NA,NA,NA,NA,NA,NA,NA,NA,NA
6,2025 Playoffs,2025 Playoffs,1,1,1,2025-05-06,2,,55,0,1,0,0,0,2,0,0,0,0,0,0.0,0.0,0,0.00,0,0,0,0,0,0,0.0,1,Toronto Sceptres,TOR,Toronto,Sceptres,6,1,0,0,0,0,0,2.000000,PWHL,198,3:18,0,playoff,232,NA,NA,NA,NA,NA,NA,NA,NA,NA,NA,NA,NA,NA,NA,NA,NA,NA,NA,NA,NA,NA
15,Total,Total,1,2,NA,4051,3,NA,108,0,4,0,0,-1,17,0,0,0,0,0,0.0,0.0,0,0.00,0,0,0,0,0,0,0.0,4,NA,NA,NA,NA,NA,NA,0,0,0,0,0,4.25,NA,1614,26:54,0,playoff,232,NA,NA,NA,NA,NA,NA,NA,NA,NA,NA,NA,NA,NA,NA,NA,NA,NA,NA,NA,NA,NA
7,2025-26 Preseason,2025-26 Preseason,0,0,1,2025-06-23,1,*,53,0,2,0,0,0,2,0,0,0,0,0,0.0,0.0,0,0.00,0,0,0,0,0,0,0.0,4,Boston Fleet,BOS,Boston,Fleet,1,1,0,0,0,0,0,1.000000,PWHL,1715,28:35,2,exhibition,232,NA,NA,NA,NA,NA,NA,NA,NA,NA,NA,NA,NA,NA,NA,NA,NA,NA,NA,NA,NA,NA
4,2024-25 Preseason,2024-25 Preseason,0,0,1,2024-11-05,2,,55,0,2,1,1,-1,2,0,1,3,0,0,0.0,0.0,0,0.50,0,0,0,0,0,0,0.0,5,Toronto Sceptres,TOR,Toronto,Sceptres,6,1,0,0,0,0,0,1.000000,PWHL,2373,39:33,1,exhibition,232,NA,NA,NA,NA,NA,NA,NA,NA,NA,NA,NA,NA,NA,NA,NA,NA,NA,NA,NA,NA,NA
11,Total,Total,0,0,NA,4049,3,NA,108,0,4,1,1,-1,4,0,1,3,0,0,0.0,0.0,0,0.25,0,0,0,0,0,0,0.0,9,NA,NA,NA,NA,NA,NA,0,0,0,0,0,1.00,NA,4088,68:08,3,exhibition,232,NA,NA,NA,NA,NA,NA,NA,NA,NA,NA,NA,NA,NA,NA,NA,NA,NA,NA,NA,NA,NA
7,2025-26 Preseason,2025-26 Preseason,0,0,NA,2025-06-01,2,,NA,0,1,1,1,NA,0,NA,NA,NA,NA,NA,NA,NA,NA,NA,NA,NA,NA,NA,NA,NA,NA,NA,Montréal Victoire,MTL,Montréal,Victoire,3,NA,NA,NA,NA,NA,NA,NA,PWHL,NA,NA,NA,exhibition,197,2,0,0,3.53,34,2037,5,0,0,0,0,0,0,0,0.000,0,0,3,0.600,5.0,3.53
7,Total,Total,0,0,NA,2025,2,NA,NA,0,1,1,1,NA,0,NA,NA,NA,NA,NA,NA,NA,NA,NA,NA,NA,NA,NA,NA,NA,NA,NA,NA,NA,NA,NA,NA,NA,NA,NA,NA,NA,NA,NA,NA,NA,NA,NA,exhibition,197,2,0,0,3.53,34,2037,5,0,0,0,0,0,0,0,0.000,0,0,3,0.600,5.3,3.53
8,2025-26 Regular Season,2025-26 Reg,0,1,1,2025-11-21,2,,16,0,30,2,2,-6,2,0,0,24,0,0,0.0,0.0,0,0.07,0,1,0,0,1,2,50.0,10,New York Sirens,NY,New York,Sirens,4,1,0,0,0,0,0,0.066667,PWHL,23957,399:17,17,regular,207,NA,NA,NA,NA,NA,NA,NA,NA,NA,NA,NA,NA,NA,NA,NA,NA,NA,NA,NA,NA,NA
5,2024-25 Regular Season,2024-25 Reg,0,1,1,2024-11-25,2,,19,0,15,1,1,-2,2,0,0,4,0,0,0.0,0.0,0,0.07,0,0,0,0,0,0,0.0,1,Toronto Sceptres,TOR,Toronto,Sceptres,6,0,0,0,0,0,0,0.133333,PWHL,6675,111:15,8,regular,207,NA,NA,NA,NA,NA,NA,NA,NA,NA,NA,NA,NA,NA,NA,NA,NA,NA,NA,NA,NA,NA
5,2024-25 Regular Season,2024-25 Reg,0,1,1,2025-03-11,2,,16,0,8,2,2,0,0,0,0,0,0,0,0.0,0.0,0,0.25,0,0,0,0,0,0,0.0,1,New York Sirens,NY,New York,Sirens,4,1,0,0,0,0,0,0,PWHL,2315,38:35,2,regular,207,NA,NA,NA,NA,NA,NA,NA,NA,NA,NA,NA,NA,NA,NA,NA,NA,NA,NA,NA,NA,NA
18,Total,Total,0,3,NA,6074,6,NA,51,0,53,5,5,-8,4,0,0,28,0,0,0.0,0.0,0,0.09,0,1,0,0,1,2,50.0,12,NA,NA,NA,NA,NA,NA,0,0,0,0,0,0.08,NA,32947,549:07,27,regular,207,NA,NA,NA,NA,NA,NA,NA,NA,NA,NA,NA,NA,NA,NA,NA,NA,NA,NA,NA,NA,NA
7,2025-26 Preseason,2025-26 Preseason,0,0,1,2025-06-23,2,,16,0,2,2,2,2,0,0,0,2,0,0,0.0,0.0,0,1.00,0,0,0,0,0,0,0.0,0,New York Sirens,NY,New York,Sirens,4,1,0,0,0,0,0,0,PWHL,2131,35:31,0,exhibition,207,NA,NA,NA,NA,NA,NA,NA,NA,NA,NA,NA,NA,NA,NA,NA,NA,NA,NA,NA,NA,NA
4,2024-25 Preseason,2024-25 Preseason,0,0,1,2024-11-01,2,,19,0,2,1,1,-4,0,0,0,3,0,0,0.0,0.0,0,0.50,0,0,0,0,0,0,0.0,3,Toronto Sceptres,TOR,Toronto,Sceptres,6,1,0,0,0,0,0,0,PWHL,2199,36:39,2,exhibition,207,NA,NA,NA,NA,NA,NA,NA,NA,NA,NA,NA,NA,NA,NA,NA,NA,NA,NA,NA,NA,NA
11,Total,Total,0,0,NA,4049,4,NA,35,0,4,3,3,-2,0,0,0,5,0,0,0.0,0.0,0,0.75,0,0,0,0,0,0,0.0,3,NA,NA,NA,NA,NA,NA,0,0,0,0,0,0.00,NA,4330,72:10,2,exhibition,207,NA,NA,NA,NA,NA,NA,NA,NA,NA,NA,NA,NA,NA,NA,NA,NA,NA,NA,NA,NA,NA
7,2025-26 Preseason,2025-26 Preseason,0,0,NA,2025-07-10,2,,NA,0,1,0,0,NA,0,NA,NA,NA,NA,NA,NA,NA,NA,NA,NA,NA,NA,NA,NA,NA,NA,NA,Ottawa Charge,OTT,Ottawa,Charge,5,NA,NA,NA,NA,NA,NA,NA,PWHL,NA,NA,NA,exhibition,216,3,0,0,5.64,32,1914,15,0,0,0,1,1,0,1,0.000,0,0,12,0.800,22.0,5.64
7,Total,Total,0,0,NA,2025,2,NA,NA,0,1,0,0,NA,0,NA,NA,NA,NA,NA,NA,NA,NA,NA,NA,NA,NA,NA,NA,NA,NA,NA,NA,NA,NA,NA,NA,NA,NA,NA,NA,NA,NA,NA,NA,NA,NA,NA,exhibition,216,3,0,0,5.64,32,1914,15,0,0,0,1,1,0,1,0.000,0,0,12,0.800,22.6,5.64
8,2025-26 Regular Season,2025-26 Reg,0,1,1,2025-11-21,2,,4,2,30,17,19,9,4,0,6,45,0,0,0.0,4.4,0,0.63,0,0,0,0,0,0,0.0,7,Minnesota Frost,MIN,Minnesota,Frost,2,1,1,0,0,1,0,0.133333,PWHL,38672,644:32,22,regular,236,NA,NA,NA,NA,NA,NA,NA,NA,NA,NA,NA,NA,NA,NA,NA,NA,NA,NA,NA,NA,NA
8,Total,Total,0,1,NA,2025,2,NA,4,2,30,17,19,9,4,0,6,45,0,0,0.0,4.4,0,0.63,0,0,0,0,0,0,0.0,7,NA,NA,NA,NA,NA,NA,1,0,0,1,0,0.13,NA,38672,644:32,22,regular,236,NA,NA,NA,NA,NA,NA,NA,NA,NA,NA,NA,NA,NA,NA,NA,NA,NA,NA,NA,NA,NA
9,2026 Playoffs,2026 Playoffs,1,1,1,2026-04-28,2,,4,0,5,0,0,0,0,0,0,9,0,0,0.0,0.0,0,0.00,0,0,0,0,0,0,0.0,0,Minnesota Frost,MIN,Minnesota,Frost,2,1,0,0,0,0,0,0,PWHL,8565,142:45,5,playoff,236,NA,NA,NA,NA,NA,NA,NA,NA,NA,NA,NA,NA,NA,NA,NA,NA,NA,NA,NA,NA,NA
9,Total,Total,1,1,NA,2026,2,NA,4,0,5,0,0,0,0,0,0,9,0,0,0.0,0.0,0,0.00,0,0,0,0,0,0,0.0,0,NA,NA,NA,NA,NA,NA,0,0,0,0,0,0.00,NA,8565,142:45,5,playoff,236,NA,NA,NA,NA,NA,NA,NA,NA,NA,NA,NA,NA,NA,NA,NA,NA,NA,NA,NA,NA,NA
7,2025-26 Preseason,2025-26 Preseason,0,0,1,2025-07-10,2,,4,0,2,0,0,-3,0,0,0,0,0,0,0.0,0.0,0,0.00,0,0,0,0,0,2,0.0,0,Minnesota Frost,MIN,Minnesota,Frost,2,1,0,0,0,0,0,0,PWHL,2565,42:45,0,exhibition,236,NA,NA,NA,NA,NA,NA,NA,NA,NA,NA,NA,NA,NA,NA,NA,NA,NA,NA,NA,NA,NA
7,Total,Total,0,0,NA,2025,2,NA,4,0,2,0,0,-3,0,0,0,0,0,0,0.0,0.0,0,0.00,0,0,0,0,0,2,0.0,0,NA,NA,NA,NA,NA,NA,0,0,0,0,0,0.00,NA,2565,42:45,0,exhibition,236,NA,NA,NA,NA,NA,NA,NA,NA,NA,NA,NA,NA,NA,NA,NA,NA,NA,NA,NA,NA,NA
8,2025-26 Regular Season,2025-26 Reg,0,1,NA,2025-11-21,2,,NA,0,2,0,0,NA,0,NA,NA,NA,NA,NA,NA,NA,NA,NA,NA,NA,NA,NA,NA,NA,NA,NA,Ottawa Charge,OTT,Ottawa,Charge,5,NA,NA,NA,NA,NA,NA,NA,PWHL,NA,NA,NA,regular,238,4,2,3,1.93,125,7477,55,1,1,0,0,1,0,0,0.600,5,0,51,0.927,24.0,1.93
8,Total,Total,0,1,NA,2025,2,NA,NA,0,2,0,0,NA,0,NA,NA,NA,NA,NA,NA,NA,NA,NA,NA,NA,NA,NA,NA,NA,NA,NA,NA,NA,NA,NA,NA,NA,NA,NA,NA,NA,NA,NA,NA,NA,NA,NA,regular,238,4,2,3,1.93,125,7477,55,1,1,0,0,1,0,0,0.600,5,0,51,0.927,24.6,1.93
7,2025-26 Preseason,2025-26 Preseason,0,0,NA,2025-07-16,2,,NA,0,1,0,0,NA,0,NA,NA,NA,NA,NA,NA,NA,NA,NA,NA,NA,NA,NA,NA,NA,NA,NA,Ottawa Charge,OTT,Ottawa,Charge,5,NA,NA,NA,NA,NA,NA,NA,PWHL,NA,NA,NA,exhibition,238,0,0,0,0.00,30,1822,11,0,0,0,0,0,0,0,0.000,0,0,11,1.000,21.0,0.00
7,Total,Total,0,0,NA,2025,2,NA,NA,0,1,0,0,NA,0,NA,NA,NA,NA,NA,NA,NA,NA,NA,NA,NA,NA,NA,NA,NA,NA,NA,NA,NA,NA,NA,NA,NA,NA,NA,NA,NA,NA,NA,NA,NA,NA,NA,exhibition,238,0,0,0,0.00,30,1822,11,0,0,0,0,0,0,0,0.000,0,0,11,1.000,21.7,0.00
8,2025-26 Regular Season,2025-26 Reg,0,1,1,2025-11-21,2,,26,4,30,2,6,-3,12,1,0,58,0,0,0.0,6.9,0,0.20,0,0,3,0,16,29,55.2,23,Boston Fleet,BOS,Boston,Fleet,1,1,2,1,1,1,0,0.400000,PWHL,25500,425:00,4,regular,243,NA,NA,NA,NA,NA,NA,NA,NA,NA,NA,NA,NA,NA,NA,NA,NA,NA,NA,NA,NA,NA
8,Total,Total,0,1,NA,2025,2,NA,26,4,30,2,6,-3,12,1,0,58,0,0,0.0,6.9,0,0.20,0,0,3,0,16,29,55.2,23,NA,NA,NA,NA,NA,NA,2,1,1,1,0,0.40,NA,25500,425:00,4,regular,243,NA,NA,NA,NA,NA,NA,NA,NA,NA,NA,NA,NA,NA,NA,NA,NA,NA,NA,NA,NA,NA
9,2026 Playoffs,2026 Playoffs,1,1,1,2026-04-28,2,,26,0,4,2,2,0,0,0,0,12,0,0,0.0,0.0,0,0.50,0,0,0,0,0,0,0.0,4,Boston Fleet,BOS,Boston,Fleet,1,1,0,0,0,0,0,0,PWHL,5522,92:02,0,playoff,243,NA,NA,NA,NA,NA,NA,NA,NA,NA,NA,NA,NA,NA,NA,NA,NA,NA,NA,NA,NA,NA
9,Total,Total,1,1,NA,2026,2,NA,26,0,4,2,2,0,0,0,0,12,0,0,0.0,0.0,0,0.50,0,0,0,0,0,0,0.0,4,NA,NA,NA,NA,NA,NA,0,0,0,0,0,0.00,NA,5522,92:02,0,playoff,243,NA,NA,NA,NA,NA,NA,NA,NA,NA,NA,NA,NA,NA,NA,NA,NA,NA,NA,NA,NA,NA
7,2025-26 Preseason,2025-26 Preseason,0,0,1,2025-08-19,2,,26,0,2,0,0,0,2,0,0,3,0,0,0.0,0.0,0,0.00,0,0,0,0,3,7,42.9,0,Boston Fleet,BOS,Boston,Fleet,1,1,0,0,0,0,0,1.000000,PWHL,1773,29:33,1,exhibition,243,NA,NA,NA,NA,NA,NA,NA,NA,NA,NA,NA,NA,NA,NA,NA,NA,NA,NA,NA,NA,NA
7,Total,Total,0,0,NA,2025,2,NA,26,0,2,0,0,0,2,0,0,3,0,0,0.0,0.0,0,0.00,0,0,0,0,3,7,42.9,0,NA,NA,NA,NA,NA,NA,0,0,0,0,0,1.00,NA,1773,29:33,1,exhibition,243,NA,NA,NA,NA,NA,NA,NA,NA,NA,NA,NA,NA,NA,NA,NA,NA,NA,NA,NA,NA,NA
8,2025-26 Regular Season,2025-26 Reg,0,1,1,2025-11-21,2,,20,1,27,1,2,-6,14,0,0,29,0,0,0.0,3.4,0,0.07,0,0,0,0,47,129,36.4,18,Toronto Sceptres,TOR,Toronto,Sceptres,6,1,0,0,0,0,0,0.518519,PWHL,16395,273:15,20,regular,244,NA,NA,NA,NA,NA,NA,NA,NA,NA,NA,NA,NA,NA,NA,NA,NA,NA,NA,NA,NA,NA
8,Total,Total,0,1,NA,2025,2,NA,20,1,27,1,2,-6,14,0,0,29,0,0,0.0,3.4,0,0.07,0,0,0,0,47,129,36.4,18,NA,NA,NA,NA,NA,NA,0,0,0,0,0,0.52,NA,16395,273:15,20,regular,244,NA,NA,NA,NA,NA,NA,NA,NA,NA,NA,NA,NA,NA,NA,NA,NA,NA,NA,NA,NA,NA
7,2025-26 Preseason,2025-26 Preseason,0,0,1,2025-08-19,2,,20,1,2,1,2,2,2,0,0,9,0,0,0.0,11.1,0,1.00,0,0,0,0,12,24,50.0,1,Toronto Sceptres,TOR,Toronto,Sceptres,6,1,0,0,0,0,0,1.000000,PWHL,1645,27:25,0,exhibition,244,NA,NA,NA,NA,NA,NA,NA,NA,NA,NA,NA,NA,NA,NA,NA,NA,NA,NA,NA,NA,NA
7,Total,Total,0,0,NA,2025,2,NA,20,1,2,1,2,2,2,0,0,9,0,0,0.0,11.1,0,1.00,0,0,0,0,12,24,50.0,1,NA,NA,NA,NA,NA,NA,0,0,0,0,0,1.00,NA,1645,27:25,0,exhibition,244,NA,NA,NA,NA,NA,NA,NA,NA,NA,NA,NA,NA,NA,NA,NA,NA,NA,NA,NA,NA,NA
8,2025-26 Regular Season,2025-26 Reg,0,1,1,2025-11-21,2,,98,11,21,1,12,0,45,2,0,81,2,0,0.0,13.6,0,0.57,0,0,2,0,45,86,52.3,34,New York Sirens,NY,New York,Sirens,4,1,3,1,0,1,1,2.142857,PWHL,24898,414:58,14,regular,245,NA,NA,NA,NA,NA,NA,NA,NA,NA,NA,NA,NA,NA,NA,NA,NA,NA,NA,NA,NA,NA
8,Total,Total,0,1,NA,2025,2,NA,98,11,21,1,12,0,45,2,0,81,2,0,0.0,13.6,0,0.57,0,0,2,0,45,86,52.3,34,NA,NA,NA,NA,NA,NA,3,1,0,1,1,2.14,NA,24898,414:58,14,regular,245,NA,NA,NA,NA,NA,NA,NA,NA,NA,NA,NA,NA,NA,NA,NA,NA,NA,NA,NA,NA,NA
7,2025-26 Preseason,2025-26 Preseason,0,0,1,2025-09-09,2,,98,1,2,1,2,1,2,0,1,5,0,0,0.0,20.0,0,1.00,0,0,0,0,2,2,100.0,3,New York Sirens,NY,New York,Sirens,4,1,0,0,0,0,0,1.000000,PWHL,2397,39:57,1,exhibition,245,NA,NA,NA,NA,NA,NA,NA,NA,NA,NA,NA,NA,NA,NA,NA,NA,NA,NA,NA,NA,NA
7,Total,Total,0,0,NA,2025,2,NA,98,1,2,1,2,1,2,0,1,5,0,0,0.0,20.0,0,1.00,0,0,0,0,2,2,100.0,3,NA,NA,NA,NA,NA,NA,0,0,0,0,0,1.00,NA,2397,39:57,1,exhibition,245,NA,NA,NA,NA,NA,NA,NA,NA,NA,NA,NA,NA,NA,NA,NA,NA,NA,NA,NA,NA,NA
8,2025-26 Regular Season,2025-26 Reg,0,1,1,2025-11-21,2,,8,5,30,14,19,3,6,1,5,92,5,1,20.0,5.4,0,0.63,0,0,0,0,0,0,0.0,32,Boston Fleet,BOS,Boston,Fleet,1,1,2,0,0,0,0,0.200000,PWHL,48162,802:42,45,regular,246,NA,NA,NA,NA,NA,NA,NA,NA,NA,NA,NA,NA,NA,NA,NA,NA,NA,NA,NA,NA,NA
8,Total,Total,0,1,NA,2025,2,NA,8,5,30,14,19,3,6,1,5,92,5,1,20.0,5.4,0,0.63,0,0,0,0,0,0,0.0,32,NA,NA,NA,NA,NA,NA,2,0,0,0,0,0.20,NA,48162,802:42,45,regular,246,NA,NA,NA,NA,NA,NA,NA,NA,NA,NA,NA,NA,NA,NA,NA,NA,NA,NA,NA,NA,NA
9,2026 Playoffs,2026 Playoffs,1,1,1,2026-04-28,2,,8,0,4,2,2,2,2,0,0,10,0,0,0.0,0.0,0,0.50,0,0,0,0,0,0,0.0,4,Boston Fleet,BOS,Boston,Fleet,1,1,0,0,0,0,0,0.500000,PWHL,7692,128:12,4,playoff,246,NA,NA,NA,NA,NA,NA,NA,NA,NA,NA,NA,NA,NA,NA,NA,NA,NA,NA,NA,NA,NA
9,Total,Total,1,1,NA,2026,2,NA,8,0,4,2,2,2,2,0,0,10,0,0,0.0,0.0,0,0.50,0,0,0,0,0,0,0.0,4,NA,NA,NA,NA,NA,NA,0,0,0,0,0,0.50,NA,7692,128:12,4,playoff,246,NA,NA,NA,NA,NA,NA,NA,NA,NA,NA,NA,NA,NA,NA,NA,NA,NA,NA,NA,NA,NA
7,2025-26 Preseason,2025-26 Preseason,0,0,1,2025-09-11,2,,8,0,1,0,0,0,0,0,0,2,0,0,0.0,0.0,0,0.00,0,0,0,0,0,0,0.0,0,Boston Fleet,BOS,Boston,Fleet,1,1,0,0,0,0,0,0,PWHL,1409,23:29,0,exhibition,246,NA,NA,NA,NA,NA,NA,NA,NA,NA,NA,NA,NA,NA,NA,NA,NA,NA,NA,NA,NA,NA
7,Total,Total,0,0,NA,2025,2,NA,8,0,1,0,0,0,0,0,0,2,0,0,0.0,0.0,0,0.00,0,0,0,0,0,0,0.0,0,NA,NA,NA,NA,NA,NA,0,0,0,0,0,0.00,NA,1409,23:29,0,exhibition,246,NA,NA,NA,NA,NA,NA,NA,NA,NA,NA,NA,NA,NA,NA,NA,NA,NA,NA,NA,NA,NA
8,2025-26 Regular Season,2025-26 Reg,0,1,1,2025-11-21,2,,74,4,30,9,13,5,10,2,3,54,0,0,0.0,7.4,0,0.43,0,0,2,0,0,3,0.0,30,Minnesota Frost,MIN,Minnesota,Frost,2,1,1,0,0,0,0,0.333333,PWHL,27115,451:55,9,regular,247,NA,NA,NA,NA,NA,NA,NA,NA,NA,NA,NA,NA,NA,NA,NA,NA,NA,NA,NA,NA,NA
8,Total,Total,0,1,NA,2025,2,NA,74,4,30,9,13,5,10,2,3,54,0,0,0.0,7.4,0,0.43,0,0,2,0,0,3,0.0,30,NA,NA,NA,NA,NA,NA,1,0,0,0,0,0.33,NA,27115,451:55,9,regular,247,NA,NA,NA,NA,NA,NA,NA,NA,NA,NA,NA,NA,NA,NA,NA,NA,NA,NA,NA,NA,NA
9,2026 Playoffs,2026 Playoffs,1,1,1,2026-04-28,2,,74,0,5,1,1,-1,6,0,0,7,0,0,0.0,0.0,0,0.20,0,0,0,0,0,0,0.0,8,Minnesota Frost,MIN,Minnesota,Frost,2,1,0,0,0,0,0,1.200000,PWHL,5544,92:24,2,playoff,247,NA,NA,NA,NA,NA,NA,NA,NA,NA,NA,NA,NA,NA,NA,NA,NA,NA,NA,NA,NA,NA
9,Total,Total,1,1,NA,2026,2,NA,74,0,5,1,1,-1,6,0,0,7,0,0,0.0,0.0,0,0.20,0,0,0,0,0,0,0.0,8,NA,NA,NA,NA,NA,NA,0,0,0,0,0,1.20,NA,5544,92:24,2,playoff,247,NA,NA,NA,NA,NA,NA,NA,NA,NA,NA,NA,NA,NA,NA,NA,NA,NA,NA,NA,NA,NA
7,2025-26 Preseason,2025-26 Preseason,0,0,1,2025-09-11,2,,74,1,2,0,1,1,0,0,0,4,0,0,0.0,25.0,0,0.50,0,0,0,0,2,2,100.0,2,Minnesota Frost,MIN,Minnesota,Frost,2,1,0,0,0,0,0,0,PWHL,1915,31:55,3,exhibition,247,NA,NA,NA,NA,NA,NA,NA,NA,NA,NA,NA,NA,NA,NA,NA,NA,NA,NA,NA,NA,NA
7,Total,Total,0,0,NA,2025,2,NA,74,1,2,0,1,1,0,0,0,4,0,0,0.0,25.0,0,0.50,0,0,0,0,2,2,100.0,2,NA,NA,NA,NA,NA,NA,0,0,0,0,0,0.00,NA,1915,31:55,3,exhibition,247,NA,NA,NA,NA,NA,NA,NA,NA,NA,NA,NA,NA,NA,NA,NA,NA,NA,NA,NA,NA,NA
8,2025-26 Regular Season,2025-26 Reg,0,1,1,2025-11-21,1,*,51,1,27,1,2,-4,2,0,0,17,0,0,0.0,5.9,0,0.07,0,0,0,0,74,154,48.1,16,Vancouver Goldeneyes,VAN,Vancouver,Goldeneyes,9,1,0,0,0,0,0,0.074074,PWHL,14110,235:10,4,regular,248,NA,NA,NA,NA,NA,NA,NA,NA,NA,NA,NA,NA,NA,NA,NA,NA,NA,NA,NA,NA,NA
8,Total,Total,0,1,NA,2025,1,NA,51,1,27,1,2,-4,2,0,0,17,0,0,0.0,5.9,0,0.07,0,0,0,0,74,154,48.1,16,NA,NA,NA,NA,NA,NA,0,0,0,0,0,0.07,NA,14110,235:10,4,regular,248,NA,NA,NA,NA,NA,NA,NA,NA,NA,NA,NA,NA,NA,NA,NA,NA,NA,NA,NA,NA,NA
7,2025-26 Preseason,2025-26 Preseason,0,0,1,2025-09-11,2,,51,0,2,0,0,0,0,0,0,4,0,0,0.0,0.0,0,0.00,0,0,0,0,8,17,47.1,1,Minnesota Frost,MIN,Minnesota,Frost,2,1,0,0,0,0,0,0,PWHL,1771,29:31,0,exhibition,248,NA,NA,NA,NA,NA,NA,NA,NA,NA,NA,NA,NA,NA,NA,NA,NA,NA,NA,NA,NA,NA
7,Total,Total,0,0,NA,2025,2,NA,51,0,2,0,0,0,0,0,0,4,0,0,0.0,0.0,0,0.00,0,0,0,0,8,17,47.1,1,NA,NA,NA,NA,NA,NA,0,0,0,0,0,0.00,NA,1771,29:31,0,exhibition,248,NA,NA,NA,NA,NA,NA,NA,NA,NA,NA,NA,NA,NA,NA,NA,NA,NA,NA,NA,NA,NA
8,2025-26 Regular Season,2025-26 Reg,0,1,1,2025-11-21,2,,24,2,28,7,9,-11,2,0,0,75,1,0,0.0,2.7,0,0.32,0,1,1,0,0,0,0.0,16,New York Sirens,NY,New York,Sirens,4,1,0,0,0,0,0,0.071429,PWHL,31395,523:15,16,regular,249,NA,NA,NA,NA,NA,NA,NA,NA,NA,NA,NA,NA,NA,NA,NA,NA,NA,NA,NA,NA,NA
8,Total,Total,0,1,NA,2025,2,NA,24,2,28,7,9,-11,2,0,0,75,1,0,0.0,2.7,0,0.32,0,1,1,0,0,0,0.0,16,NA,NA,NA,NA,NA,NA,0,0,0,0,0,0.07,NA,31395,523:15,16,regular,249,NA,NA,NA,NA,NA,NA,NA,NA,NA,NA,NA,NA,NA,NA,NA,NA,NA,NA,NA,NA,NA
7,2025-26 Preseason,2025-26 Preseason,0,0,1,2025-09-12,2,,24,1,2,1,2,3,0,0,0,3,0,0,0.0,33.3,0,1.00,0,0,1,0,4,4,100.0,0,New York Sirens,NY,New York,Sirens,4,1,0,0,0,0,0,0,PWHL,2319,38:39,0,exhibition,249,NA,NA,NA,NA,NA,NA,NA,NA,NA,NA,NA,NA,NA,NA,NA,NA,NA,NA,NA,NA,NA
7,Total,Total,0,0,NA,2025,2,NA,24,1,2,1,2,3,0,0,0,3,0,0,0.0,33.3,0,1.00,0,0,1,0,4,4,100.0,0,NA,NA,NA,NA,NA,NA,0,0,0,0,0,0.00,NA,2319,38:39,0,exhibition,249,NA,NA,NA,NA,NA,NA,NA,NA,NA,NA,NA,NA,NA,NA,NA,NA,NA,NA,NA,NA,NA
8,2025-26 Regular Season,2025-26 Reg,0,1,NA,2025-11-21,2,,NA,0,12,1,1,NA,0,NA,NA,NA,NA,NA,NA,NA,NA,NA,NA,NA,NA,NA,NA,NA,NA,NA,Seattle Torrent,SEA,Seattle,Torrent,8,NA,NA,NA,NA,NA,NA,NA,PWHL,NA,NA,NA,regular,250,34,0,0,2.87,710,42584,371,4,8,0,0,8,0,0,0.000,0,0,337,0.908,28.0,2.87
8,Total,Total,0,1,NA,2025,2,NA,NA,0,12,1,1,NA,0,NA,NA,NA,NA,NA,NA,NA,NA,NA,NA,NA,NA,NA,NA,NA,NA,NA,NA,NA,NA,NA,NA,NA,NA,NA,NA,NA,NA,NA,NA,NA,NA,NA,regular,250,34,0,0,2.87,710,42584,371,4,8,0,0,8,0,0,0.000,0,0,337,0.908,28.5,2.87
7,2025-26 Preseason,2025-26 Preseason,0,0,NA,2025-09-12,2,,NA,0,1,0,0,NA,0,NA,NA,NA,NA,NA,NA,NA,NA,NA,NA,NA,NA,NA,NA,NA,NA,NA,Seattle Torrent,SEA,Seattle,Torrent,8,NA,NA,NA,NA,NA,NA,NA,PWHL,NA,NA,NA,exhibition,250,1,0,0,3.00,20,1200,8,1,0,0,0,0,0,0,0.000,0,0,7,0.875,21.0,3.00
7,Total,Total,0,0,NA,2025,2,NA,NA,0,1,0,0,NA,0,NA,NA,NA,NA,NA,NA,NA,NA,NA,NA,NA,NA,NA,NA,NA,NA,NA,NA,NA,NA,NA,NA,NA,NA,NA,NA,NA,NA,NA,NA,NA,NA,NA,exhibition,250,1,0,0,3.00,20,1200,8,1,0,0,0,0,0,0,0.000,0,0,7,0.875,21.0,3.00
8,2025-26 Regular Season,2025-26 Reg,0,1,1,2025-11-21,2,,33,3,30,6,9,-6,16,0,1,43,0,0,0.0,7.0,0,0.30,0,0,0,0,3,10,30.0,18,Vancouver Goldeneyes,VAN,Vancouver,Goldeneyes,9,1,0,1,0,0,0,0.533333,PWHL,25246,420:46,10,regular,252,NA,NA,NA,NA,NA,NA,NA,NA,NA,NA,NA,NA,NA,NA,NA,NA,NA,NA,NA,NA,NA
8,Total,Total,0,1,NA,2025,2,NA,33,3,30,6,9,-6,16,0,1,43,0,0,0.0,7.0,0,0.30,0,0,0,0,3,10,30.0,18,NA,NA,NA,NA,NA,NA,0,1,0,0,0,0.53,NA,25246,420:46,10,regular,252,NA,NA,NA,NA,NA,NA,NA,NA,NA,NA,NA,NA,NA,NA,NA,NA,NA,NA,NA,NA,NA
7,2025-26 Preseason,2025-26 Preseason,0,0,1,2025-10-06,2,,33,1,1,1,2,2,0,0,0,3,0,0,0.0,33.3,0,2.00,0,0,0,0,0,1,0.0,0,Vancouver Goldeneyes,VAN,Vancouver,Goldeneyes,9,1,0,0,0,0,0,0,PWHL,1005,16:45,0,exhibition,252,NA,NA,NA,NA,NA,NA,NA,NA,NA,NA,NA,NA,NA,NA,NA,NA,NA,NA,NA,NA,NA
7,Total,Total,0,0,NA,2025,2,NA,33,1,1,1,2,2,0,0,0,3,0,0,0.0,33.3,0,2.00,0,0,0,0,0,1,0.0,0,NA,NA,NA,NA,NA,NA,0,0,0,0,0,0.00,NA,1005,16:45,0,exhibition,252,NA,NA,NA,NA,NA,NA,NA,NA,NA,NA,NA,NA,NA,NA,NA,NA,NA,NA,NA,NA,NA
8,2025-26 Regular Season,2025-26 Reg,0,1,1,2025-11-21,2,,61,3,30,16,19,16,10,1,7,55,0,0,0.0,5.5,0,0.63,0,0,2,0,0,0,0.0,27,Montréal Victoire,MTL,Montréal,Victoire,3,1,1,0,1,0,0,0.333333,PWHL,38327,638:47,21,regular,253,NA,NA,NA,NA,NA,NA,NA,NA,NA,NA,NA,NA,NA,NA,NA,NA,NA,NA,NA,NA,NA
8,Total,Total,0,1,NA,2025,2,NA,61,3,30,16,19,16,10,1,7,55,0,0,0.0,5.5,0,0.63,0,0,2,0,0,0,0.0,27,NA,NA,NA,NA,NA,NA,1,0,1,0,0,0.33,NA,38327,638:47,21,regular,253,NA,NA,NA,NA,NA,NA,NA,NA,NA,NA,NA,NA,NA,NA,NA,NA,NA,NA,NA,NA,NA
9,2026 Playoffs,2026 Playoffs,1,1,1,2026-04-28,2,,61,1,9,2,3,2,6,0,2,19,0,0,0.0,5.3,0,0.33,0,0,0,0,0,0,0.0,8,Montréal Victoire,MTL,Montréal,Victoire,3,1,0,0,0,0,0,0.666667,PWHL,13957,232:37,16,playoff,253,NA,NA,NA,NA,NA,NA,NA,NA,NA,NA,NA,NA,NA,NA,NA,NA,NA,NA,NA,NA,NA
9,Total,Total,1,1,NA,2026,2,NA,61,1,9,2,3,2,6,0,2,19,0,0,0.0,5.3,0,0.33,0,0,0,0,0,0,0.0,8,NA,NA,NA,NA,NA,NA,0,0,0,0,0,0.67,NA,13957,232:37,16,playoff,253,NA,NA,NA,NA,NA,NA,NA,NA,NA,NA,NA,NA,NA,NA,NA,NA,NA,NA,NA,NA,NA
7,2025-26 Preseason,2025-26 Preseason,0,0,1,2025-10-10,2,,61,0,2,1,1,3,0,0,1,4,0,0,0.0,0.0,0,0.50,0,0,0,0,0,0,0.0,3,Montréal Victoire,MTL,Montréal,Victoire,3,1,0,0,0,0,0,0,PWHL,2717,45:17,1,exhibition,253,NA,NA,NA,NA,NA,NA,NA,NA,NA,NA,NA,NA,NA,NA,NA,NA,NA,NA,NA,NA,NA
7,Total,Total,0,0,NA,2025,2,NA,61,0,2,1,1,3,0,0,1,4,0,0,0.0,0.0,0,0.50,0,0,0,0,0,0,0.0,3,NA,NA,NA,NA,NA,NA,0,0,0,0,0,0.00,NA,2717,45:17,1,exhibition,253,NA,NA,NA,NA,NA,NA,NA,NA,NA,NA,NA,NA,NA,NA,NA,NA,NA,NA,NA,NA,NA
8,2025-26 Regular Season,2025-26 Reg,0,1,1,2025-11-21,2,,7,0,13,2,2,3,0,0,0,2,0,0,0.0,0.0,0,0.15,0,0,0,0,1,1,100.0,2,Boston Fleet,BOS,Boston,Fleet,1,1,0,0,0,0,0,0,PWHL,4098,68:18,2,regular,254,NA,NA,NA,NA,NA,NA,NA,NA,NA,NA,NA,NA,NA,NA,NA,NA,NA,NA,NA,NA,NA
8,Total,Total,0,1,NA,2025,2,NA,7,0,13,2,2,3,0,0,0,2,0,0,0.0,0.0,0,0.15,0,0,0,0,1,1,100.0,2,NA,NA,NA,NA,NA,NA,0,0,0,0,0,0.00,NA,4098,68:18,2,regular,254,NA,NA,NA,NA,NA,NA,NA,NA,NA,NA,NA,NA,NA,NA,NA,NA,NA,NA,NA,NA,NA
9,2026 Playoffs,2026 Playoffs,1,1,1,2026-04-30,2,,7,0,2,0,0,0,2,0,0,0,0,0,0.0,0.0,0,0.00,0,0,0,0,0,0,0.0,0,Boston Fleet,BOS,Boston,Fleet,1,1,0,0,0,0,0,1.000000,PWHL,405,6:45,1,playoff,254,NA,NA,NA,NA,NA,NA,NA,NA,NA,NA,NA,NA,NA,NA,NA,NA,NA,NA,NA,NA,NA
9,Total,Total,1,1,NA,2026,2,NA,7,0,2,0,0,0,2,0,0,0,0,0,0.0,0.0,0,0.00,0,0,0,0,0,0,0.0,0,NA,NA,NA,NA,NA,NA,0,0,0,0,0,1.00,NA,405,6:45,1,playoff,254,NA,NA,NA,NA,NA,NA,NA,NA,NA,NA,NA,NA,NA,NA,NA,NA,NA,NA,NA,NA,NA
7,2025-26 Preseason,2025-26 Preseason,0,0,1,2025-06-01,2,,7,0,2,1,1,-1,0,0,0,2,0,0,0.0,0.0,0,0.50,0,0,0,0,0,0,0.0,0,Boston Fleet,BOS,Boston,Fleet,1,1,0,0,0,0,0,0,PWHL,1681,28:01,2,exhibition,254,NA,NA,NA,NA,NA,NA,NA,NA,NA,NA,NA,NA,NA,NA,NA,NA,NA,NA,NA,NA,NA
7,Total,Total,0,0,NA,2025,2,NA,7,0,2,1,1,-1,0,0,0,2,0,0,0.0,0.0,0,0.50,0,0,0,0,0,0,0.0,0,NA,NA,NA,NA,NA,NA,0,0,0,0,0,0.00,NA,1681,28:01,2,exhibition,254,NA,NA,NA,NA,NA,NA,NA,NA,NA,NA,NA,NA,NA,NA,NA,NA,NA,NA,NA,NA,NA
8,2025-26 Regular Season,2025-26 Reg,0,1,1,2025-11-21,2,,16,2,28,1,3,4,14,0,0,26,0,0,0.0,7.7,0,0.11,1,0,1,0,0,0,0.0,18,Boston Fleet,BOS,Boston,Fleet,1,1,0,0,0,0,0,0.500000,PWHL,32202,536:42,13,regular,255,NA,NA,NA,NA,NA,NA,NA,NA,NA,NA,NA,NA,NA,NA,NA,NA,NA,NA,NA,NA,NA
8,Total,Total,0,1,NA,2025,2,NA,16,2,28,1,3,4,14,0,0,26,0,0,0.0,7.7,0,0.11,1,0,1,0,0,0,0.0,18,NA,NA,NA,NA,NA,NA,0,0,0,0,0,0.50,NA,32202,536:42,13,regular,255,NA,NA,NA,NA,NA,NA,NA,NA,NA,NA,NA,NA,NA,NA,NA,NA,NA,NA,NA,NA,NA
9,2026 Playoffs,2026 Playoffs,1,1,1,2026-04-28,2,,16,0,4,0,0,-2,2,0,0,4,0,0,0.0,0.0,0,0.00,0,0,0,0,0,0,0.0,2,Boston Fleet,BOS,Boston,Fleet,1,1,0,0,0,0,0,0.500000,PWHL,5033,83:53,3,playoff,255,NA,NA,NA,NA,NA,NA,NA,NA,NA,NA,NA,NA,NA,NA,NA,NA,NA,NA,NA,NA,NA
9,Total,Total,1,1,NA,2026,2,NA,16,0,4,0,0,-2,2,0,0,4,0,0,0.0,0.0,0,0.00,0,0,0,0,0,0,0.0,2,NA,NA,NA,NA,NA,NA,0,0,0,0,0,0.50,NA,5033,83:53,3,playoff,255,NA,NA,NA,NA,NA,NA,NA,NA,NA,NA,NA,NA,NA,NA,NA,NA,NA,NA,NA,NA,NA
7,2025-26 Preseason,2025-26 Preseason,0,0,1,2025-06-01,2,,16,1,2,0,1,0,0,0,0,2,0,0,0.0,50.0,0,0.50,0,0,0,0,0,0,0.0,1,Boston Fleet,BOS,Boston,Fleet,1,1,0,0,0,0,0,0,PWHL,1864,31:04,1,exhibition,255,NA,NA,NA,NA,NA,NA,NA,NA,NA,NA,NA,NA,NA,NA,NA,NA,NA,NA,NA,NA,NA
7,Total,Total,0,0,NA,2025,2,NA,16,1,2,0,1,0,0,0,0,2,0,0,0.0,50.0,0,0.50,0,0,0,0,0,0,0.0,1,NA,NA,NA,NA,NA,NA,0,0,0,0,0,0.00,NA,1864,31:04,1,exhibition,255,NA,NA,NA,NA,NA,NA,NA,NA,NA,NA,NA,NA,NA,NA,NA,NA,NA,NA,NA,NA,NA
8,2025-26 Regular Season,2025-26 Reg,0,1,1,2025-11-21,2,,15,3,10,2,5,0,4,0,1,22,0,0,0.0,13.6,0,0.50,0,0,0,0,2,2,100.0,9,Boston Fleet,BOS,Boston,Fleet,1,1,1,0,0,0,0,0.400000,PWHL,8229,137:09,4,regular,256,NA,NA,NA,NA,NA,NA,NA,NA,NA,NA,NA,NA,NA,NA,NA,NA,NA,NA,NA,NA,NA
8,Total,Total,0,1,NA,2025,2,NA,15,3,10,2,5,0,4,0,1,22,0,0,0.0,13.6,0,0.50,0,0,0,0,2,2,100.0,9,NA,NA,NA,NA,NA,NA,1,0,0,0,0,0.40,NA,8229,137:09,4,regular,256,NA,NA,NA,NA,NA,NA,NA,NA,NA,NA,NA,NA,NA,NA,NA,NA,NA,NA,NA,NA,NA
9,2026 Playoffs,2026 Playoffs,1,1,1,2026-04-28,2,,15,0,4,0,0,-4,2,0,0,6,0,0,0.0,0.0,0,0.00,0,0,0,0,0,1,0.0,4,Boston Fleet,BOS,Boston,Fleet,1,1,0,0,0,0,0,0.500000,PWHL,3522,58:42,2,playoff,256,NA,NA,NA,NA,NA,NA,NA,NA,NA,NA,NA,NA,NA,NA,NA,NA,NA,NA,NA,NA,NA
9,Total,Total,1,1,NA,2026,2,NA,15,0,4,0,0,-4,2,0,0,6,0,0,0.0,0.0,0,0.00,0,0,0,0,0,1,0.0,4,NA,NA,NA,NA,NA,NA,0,0,0,0,0,0.50,NA,3522,58:42,2,playoff,256,NA,NA,NA,NA,NA,NA,NA,NA,NA,NA,NA,NA,NA,NA,NA,NA,NA,NA,NA,NA,NA
7,2025-26 Preseason,2025-26 Preseason,0,0,1,2025-06-01,2,,15,1,2,0,1,-1,0,0,0,4,0,0,0.0,25.0,0,0.50,0,0,0,0,1,3,33.3,4,Boston Fleet,BOS,Boston,Fleet,1,1,1,0,0,0,0,0,PWHL,1654,27:34,2,exhibition,256,NA,NA,NA,NA,NA,NA,NA,NA,NA,NA,NA,NA,NA,NA,NA,NA,NA,NA,NA,NA,NA
7,Total,Total,0,0,NA,2025,2,NA,15,1,2,0,1,-1,0,0,0,4,0,0,0.0,25.0,0,0.50,0,0,0,0,1,3,33.3,4,NA,NA,NA,NA,NA,NA,1,0,0,0,0,0.00,NA,1654,27:34,2,exhibition,256,NA,NA,NA,NA,NA,NA,NA,NA,NA,NA,NA,NA,NA,NA,NA,NA,NA,NA,NA,NA,NA
7,2025-26 Preseason,2025-26 Preseason,0,0,1,2025-06-01,2,,23,0,1,0,0,0,2,0,0,0,0,0,0.0,0.0,0,0.00,0,0,0,0,0,0,0.0,1,Boston Fleet,BOS,Boston,Fleet,1,1,0,0,0,0,0,2.000000,PWHL,950,15:50,2,exhibition,257,NA,NA,NA,NA,NA,NA,NA,NA,NA,NA,NA,NA,NA,NA,NA,NA,NA,NA,NA,NA,NA
7,Total,Total,0,0,NA,2025,2,NA,23,0,1,0,0,0,2,0,0,0,0,0,0.0,0.0,0,0.00,0,0,0,0,0,0,0.0,1,NA,NA,NA,NA,NA,NA,0,0,0,0,0,2.00,NA,950,15:50,2,exhibition,257,NA,NA,NA,NA,NA,NA,NA,NA,NA,NA,NA,NA,NA,NA,NA,NA,NA,NA,NA,NA,NA
8,2025-26 Regular Season,2025-26 Reg,0,1,1,2025-11-21,2,,19,7,29,7,14,17,6,2,2,43,1,0,0.0,16.3,0,0.48,0,1,2,0,5,9,55.6,15,Boston Fleet,BOS,Boston,Fleet,1,1,5,1,0,0,0,0.206897,PWHL,23986,399:46,6,regular,259,NA,NA,NA,NA,NA,NA,NA,NA,NA,NA,NA,NA,NA,NA,NA,NA,NA,NA,NA,NA,NA
8,Total,Total,0,1,NA,2025,2,NA,19,7,29,7,14,17,6,2,2,43,1,0,0.0,16.3,0,0.48,0,1,2,0,5,9,55.6,15,NA,NA,NA,NA,NA,NA,5,1,0,0,0,0.21,NA,23986,399:46,6,regular,259,NA,NA,NA,NA,NA,NA,NA,NA,NA,NA,NA,NA,NA,NA,NA,NA,NA,NA,NA,NA,NA
9,2026 Playoffs,2026 Playoffs,1,1,1,2026-04-28,2,,19,0,4,1,1,-1,0,0,0,16,0,0,0.0,0.0,0,0.25,0,0,0,0,0,0,0.0,1,Boston Fleet,BOS,Boston,Fleet,1,1,0,0,0,0,0,0,PWHL,4647,77:27,2,playoff,259,NA,NA,NA,NA,NA,NA,NA,NA,NA,NA,NA,NA,NA,NA,NA,NA,NA,NA,NA,NA,NA
9,Total,Total,1,1,NA,2026,2,NA,19,0,4,1,1,-1,0,0,0,16,0,0,0.0,0.0,0,0.25,0,0,0,0,0,0,0.0,1,NA,NA,NA,NA,NA,NA,0,0,0,0,0,0.00,NA,4647,77:27,2,playoff,259,NA,NA,NA,NA,NA,NA,NA,NA,NA,NA,NA,NA,NA,NA,NA,NA,NA,NA,NA,NA,NA
7,2025-26 Preseason,2025-26 Preseason,0,0,1,2025-06-01,2,,19,0,2,1,1,-1,0,0,0,2,0,0,0.0,0.0,0,0.50,0,0,0,0,0,1,0.0,0,Boston Fleet,BOS,Boston,Fleet,1,1,0,0,0,0,0,0,PWHL,1527,25:27,0,exhibition,259,NA,NA,NA,NA,NA,NA,NA,NA,NA,NA,NA,NA,NA,NA,NA,NA,NA,NA,NA,NA,NA
7,Total,Total,0,0,NA,2025,2,NA,19,0,2,1,1,-1,0,0,0,2,0,0,0.0,0.0,0,0.50,0,0,0,0,0,1,0.0,0,NA,NA,NA,NA,NA,NA,0,0,0,0,0,0.00,NA,1527,25:27,0,exhibition,259,NA,NA,NA,NA,NA,NA,NA,NA,NA,NA,NA,NA,NA,NA,NA,NA,NA,NA,NA,NA,NA
8,2025-26 Regular Season,2025-26 Reg,0,1,NA,2025-11-21,2,,NA,0,1,0,0,NA,0,NA,NA,NA,NA,NA,NA,NA,NA,NA,NA,NA,NA,NA,NA,NA,NA,NA,Boston Fleet,BOS,Boston,Fleet,1,NA,NA,NA,NA,NA,NA,NA,PWHL,NA,NA,NA,regular,262,2,0,0,2.00,60,3600,23,1,0,0,0,0,0,0,0.000,0,0,21,0.913,21.0,2.00
8,Total,Total,0,1,NA,2025,2,NA,NA,0,1,0,0,NA,0,NA,NA,NA,NA,NA,NA,NA,NA,NA,NA,NA,NA,NA,NA,NA,NA,NA,NA,NA,NA,NA,NA,NA,NA,NA,NA,NA,NA,NA,NA,NA,NA,NA,regular,262,2,0,0,2.00,60,3600,23,1,0,0,0,0,0,0,0.000,0,0,21,0.913,21.0,2.00
7,2025-26 Preseason,2025-26 Preseason,0,0,NA,2025-06-01,2,,NA,0,1,0,0,NA,0,NA,NA,NA,NA,NA,NA,NA,NA,NA,NA,NA,NA,NA,NA,NA,NA,NA,Boston Fleet,BOS,Boston,Fleet,1,NA,NA,NA,NA,NA,NA,NA,PWHL,NA,NA,NA,exhibition,262,3,0,0,3.15,57,3431,28,0,1,0,0,1,0,0,0.000,0,0,25,0.893,26.0,3.15
7,Total,Total,0,0,NA,2025,2,NA,NA,0,1,0,0,NA,0,NA,NA,NA,NA,NA,NA,NA,NA,NA,NA,NA,NA,NA,NA,NA,NA,NA,NA,NA,NA,NA,NA,NA,NA,NA,NA,NA,NA,NA,NA,NA,NA,NA,exhibition,262,3,0,0,3.15,57,3431,28,0,1,0,0,1,0,0,0.000,0,0,25,0.893,26.2,3.15
8,2025-26 Regular Season,2025-26 Reg,0,1,1,2025-11-21,2,,91,1,28,1,2,-3,12,0,0,29,0,0,0.0,3.4,0,0.07,0,0,0,0,0,0,0.0,8,Minnesota Frost,MIN,Minnesota,Frost,2,1,1,0,0,0,0,0.428571,PWHL,13402,223:22,3,regular,263,NA,NA,NA,NA,NA,NA,NA,NA,NA,NA,NA,NA,NA,NA,NA,NA,NA,NA,NA,NA,NA
8,Total,Total,0,1,NA,2025,2,NA,91,1,28,1,2,-3,12,0,0,29,0,0,0.0,3.4,0,0.07,0,0,0,0,0,0,0.0,8,NA,NA,NA,NA,NA,NA,1,0,0,0,0,0.43,NA,13402,223:22,3,regular,263,NA,NA,NA,NA,NA,NA,NA,NA,NA,NA,NA,NA,NA,NA,NA,NA,NA,NA,NA,NA,NA
9,2026 Playoffs,2026 Playoffs,1,1,1,2026-04-28,2,,91,0,5,0,0,-1,0,0,0,0,0,0,0.0,0.0,0,0.00,0,0,0,0,0,0,0.0,1,Minnesota Frost,MIN,Minnesota,Frost,2,1,0,0,0,0,0,0,PWHL,1621,27:01,1,playoff,263,NA,NA,NA,NA,NA,NA,NA,NA,NA,NA,NA,NA,NA,NA,NA,NA,NA,NA,NA,NA,NA
9,Total,Total,1,1,NA,2026,2,NA,91,0,5,0,0,-1,0,0,0,0,0,0,0.0,0.0,0,0.00,0,0,0,0,0,0,0.0,1,NA,NA,NA,NA,NA,NA,0,0,0,0,0,0.00,NA,1621,27:01,1,playoff,263,NA,NA,NA,NA,NA,NA,NA,NA,NA,NA,NA,NA,NA,NA,NA,NA,NA,NA,NA,NA,NA
7,2025-26 Preseason,2025-26 Preseason,0,0,1,2025-06-01,2,,91,1,2,0,1,-4,0,0,0,2,0,0,0.0,50.0,0,0.50,0,0,0,0,0,0,0.0,0,Minnesota Frost,MIN,Minnesota,Frost,2,1,0,1,0,0,0,0,PWHL,1485,24:45,0,exhibition,263,NA,NA,NA,NA,NA,NA,NA,NA,NA,NA,NA,NA,NA,NA,NA,NA,NA,NA,NA,NA,NA
7,Total,Total,0,0,NA,2025,2,NA,91,1,2,0,1,-4,0,0,0,2,0,0,0.0,50.0,0,0.50,0,0,0,0,0,0,0.0,0,NA,NA,NA,NA,NA,NA,0,1,0,0,0,0.00,NA,1485,24:45,0,exhibition,263,NA,NA,NA,NA,NA,NA,NA,NA,NA,NA,NA,NA,NA,NA,NA,NA,NA,NA,NA,NA,NA
8,2025-26 Regular Season,2025-26 Reg,0,1,1,2025-11-21,2,,15,0,27,1,1,-3,14,0,0,23,0,0,0.0,0.0,0,0.04,0,0,0,0,0,0,0.0,14,Minnesota Frost,MIN,Minnesota,Frost,2,1,0,0,0,0,0,0.518519,PWHL,19534,325:34,19,regular,264,NA,NA,NA,NA,NA,NA,NA,NA,NA,NA,NA,NA,NA,NA,NA,NA,NA,NA,NA,NA,NA
8,Total,Total,0,1,NA,2025,2,NA,15,0,27,1,1,-3,14,0,0,23,0,0,0.0,0.0,0,0.04,0,0,0,0,0,0,0.0,14,NA,NA,NA,NA,NA,NA,0,0,0,0,0,0.52,NA,19534,325:34,19,regular,264,NA,NA,NA,NA,NA,NA,NA,NA,NA,NA,NA,NA,NA,NA,NA,NA,NA,NA,NA,NA,NA
9,2026 Playoffs,2026 Playoffs,1,1,1,2026-04-28,2,,15,0,5,0,0,-1,0,0,0,5,0,0,0.0,0.0,0,0.00,0,0,0,0,0,0,0.0,1,Minnesota Frost,MIN,Minnesota,Frost,2,1,0,0,0,0,0,0,PWHL,3646,60:46,1,playoff,264,NA,NA,NA,NA,NA,NA,NA,NA,NA,NA,NA,NA,NA,NA,NA,NA,NA,NA,NA,NA,NA
9,Total,Total,1,1,NA,2026,2,NA,15,0,5,0,0,-1,0,0,0,5,0,0,0.0,0.0,0,0.00,0,0,0,0,0,0,0.0,1,NA,NA,NA,NA,NA,NA,0,0,0,0,0,0.00,NA,3646,60:46,1,playoff,264,NA,NA,NA,NA,NA,NA,NA,NA,NA,NA,NA,NA,NA,NA,NA,NA,NA,NA,NA,NA,NA
7,2025-26 Preseason,2025-26 Preseason,0,0,1,2025-06-01,2,,15,0,2,1,1,0,0,0,0,5,0,0,0.0,0.0,0,0.50,0,0,0,0,0,1,0.0,1,Minnesota Frost,MIN,Minnesota,Frost,2,1,0,0,0,0,0,0,PWHL,2095,34:55,1,exhibition,264,NA,NA,NA,NA,NA,NA,NA,NA,NA,NA,NA,NA,NA,NA,NA,NA,NA,NA,NA,NA,NA
7,Total,Total,0,0,NA,2025,2,NA,15,0,2,1,1,0,0,0,0,5,0,0,0.0,0.0,0,0.50,0,0,0,0,0,1,0.0,1,NA,NA,NA,NA,NA,NA,0,0,0,0,0,0.00,NA,2095,34:55,1,exhibition,264,NA,NA,NA,NA,NA,NA,NA,NA,NA,NA,NA,NA,NA,NA,NA,NA,NA,NA,NA,NA,NA
7,2025-26 Preseason,2025-26 Preseason,0,0,1,2025-06-01,2,,3,0,2,0,0,1,0,0,0,2,0,0,0.0,0.0,0,0.00,0,0,0,0,0,0,0.0,3,Minnesota Frost,MIN,Minnesota,Frost,2,1,0,0,0,0,0,0,PWHL,1724,28:44,0,exhibition,265,NA,NA,NA,NA,NA,NA,NA,NA,NA,NA,NA,NA,NA,NA,NA,NA,NA,NA,NA,NA,NA
7,Total,Total,0,0,NA,2025,2,NA,3,0,2,0,0,1,0,0,0,2,0,0,0.0,0.0,0,0.00,0,0,0,0,0,0,0.0,3,NA,NA,NA,NA,NA,NA,0,0,0,0,0,0.00,NA,1724,28:44,0,exhibition,265,NA,NA,NA,NA,NA,NA,NA,NA,NA,NA,NA,NA,NA,NA,NA,NA,NA,NA,NA,NA,NA
7,2025-26 Preseason,2025-26 Preseason,0,0,1,2025-06-01,2,,20,0,2,0,0,0,0,0,0,0,0,0,0.0,0.0,0,0.00,0,0,0,0,0,0,0.0,0,Minnesota Frost,MIN,Minnesota,Frost,2,1,0,0,0,0,0,0,PWHL,1421,23:41,1,exhibition,266,NA,NA,NA,NA,NA,NA,NA,NA,NA,NA,NA,NA,NA,NA,NA,NA,NA,NA,NA,NA,NA
7,Total,Total,0,0,NA,2025,2,NA,20,0,2,0,0,0,0,0,0,0,0,0,0.0,0.0,0,0.00,0,0,0,0,0,0,0.0,0,NA,NA,NA,NA,NA,NA,0,0,0,0,0,0.00,NA,1421,23:41,1,exhibition,266,NA,NA,NA,NA,NA,NA,NA,NA,NA,NA,NA,NA,NA,NA,NA,NA,NA,NA,NA,NA,NA
7,2025-26 Preseason,2025-26 Preseason,0,0,1,2025-06-01,2,,17,0,2,1,1,-1,0,0,0,2,0,0,0.0,0.0,0,0.50,0,0,0,0,0,1,0.0,1,Minnesota Frost,MIN,Minnesota,Frost,2,1,0,0,0,0,0,0,PWHL,1742,29:02,1,exhibition,267,NA,NA,NA,NA,NA,NA,NA,NA,NA,NA,NA,NA,NA,NA,NA,NA,NA,NA,NA,NA,NA
7,Total,Total,0,0,NA,2025,2,NA,17,0,2,1,1,-1,0,0,0,2,0,0,0.0,0.0,0,0.50,0,0,0,0,0,1,0.0,1,NA,NA,NA,NA,NA,NA,0,0,0,0,0,0.00,NA,1742,29:02,1,exhibition,267,NA,NA,NA,NA,NA,NA,NA,NA,NA,NA,NA,NA,NA,NA,NA,NA,NA,NA,NA,NA,NA
7,2025-26 Preseason,2025-26 Preseason,0,0,1,2025-06-01,2,,23,0,1,0,0,-1,0,0,0,0,0,0,0.0,0.0,0,0.00,0,0,0,0,0,0,0.0,0,Minnesota Frost,MIN,Minnesota,Frost,2,1,0,0,0,0,0,0,PWHL,350,5:50,0,exhibition,268,NA,NA,NA,NA,NA,NA,NA,NA,NA,NA,NA,NA,NA,NA,NA,NA,NA,NA,NA,NA,NA
7,Total,Total,0,0,NA,2025,2,NA,23,0,1,0,0,-1,0,0,0,0,0,0,0.0,0.0,0,0.00,0,0,0,0,0,0,0.0,0,NA,NA,NA,NA,NA,NA,0,0,0,0,0,0.00,NA,350,5:50,0,exhibition,268,NA,NA,NA,NA,NA,NA,NA,NA,NA,NA,NA,NA,NA,NA,NA,NA,NA,NA,NA,NA,NA
8,2025-26 Regular Season,2025-26 Reg,0,1,1,2025-11-21,2,,24,0,28,1,1,-9,0,0,0,13,0,0,0.0,0.0,0,0.04,0,0,0,0,62,146,42.5,4,Minnesota Frost,MIN,Minnesota,Frost,2,1,0,0,0,0,0,0,PWHL,13845,230:45,14,regular,269,NA,NA,NA,NA,NA,NA,NA,NA,NA,NA,NA,NA,NA,NA,NA,NA,NA,NA,NA,NA,NA
8,Total,Total,0,1,NA,2025,2,NA,24,0,28,1,1,-9,0,0,0,13,0,0,0.0,0.0,0,0.04,0,0,0,0,62,146,42.5,4,NA,NA,NA,NA,NA,NA,0,0,0,0,0,0.00,NA,13845,230:45,14,regular,269,NA,NA,NA,NA,NA,NA,NA,NA,NA,NA,NA,NA,NA,NA,NA,NA,NA,NA,NA,NA,NA
9,2026 Playoffs,2026 Playoffs,1,1,1,2026-04-28,2,,24,0,5,0,0,-1,0,0,0,1,0,0,0.0,0.0,0,0.00,0,0,0,0,8,22,36.4,0,Minnesota Frost,MIN,Minnesota,Frost,2,1,0,0,0,0,0,0,PWHL,2625,43:45,0,playoff,269,NA,NA,NA,NA,NA,NA,NA,NA,NA,NA,NA,NA,NA,NA,NA,NA,NA,NA,NA,NA,NA
9,Total,Total,1,1,NA,2026,2,NA,24,0,5,0,0,-1,0,0,0,1,0,0,0.0,0.0,0,0.00,0,0,0,0,8,22,36.4,0,NA,NA,NA,NA,NA,NA,0,0,0,0,0,0.00,NA,2625,43:45,0,playoff,269,NA,NA,NA,NA,NA,NA,NA,NA,NA,NA,NA,NA,NA,NA,NA,NA,NA,NA,NA,NA,NA
7,2025-26 Preseason,2025-26 Preseason,0,0,1,2025-06-01,2,,24,0,2,1,1,-4,0,0,0,4,0,0,0.0,0.0,0,0.50,0,0,0,0,8,19,42.1,2,Minnesota Frost,MIN,Minnesota,Frost,2,1,0,0,0,0,0,0,PWHL,1617,26:57,2,exhibition,269,NA,NA,NA,NA,NA,NA,NA,NA,NA,NA,NA,NA,NA,NA,NA,NA,NA,NA,NA,NA,NA
7,Total,Total,0,0,NA,2025,2,NA,24,0,2,1,1,-4,0,0,0,4,0,0,0.0,0.0,0,0.50,0,0,0,0,8,19,42.1,2,NA,NA,NA,NA,NA,NA,0,0,0,0,0,0.00,NA,1617,26:57,2,exhibition,269,NA,NA,NA,NA,NA,NA,NA,NA,NA,NA,NA,NA,NA,NA,NA,NA,NA,NA,NA,NA,NA
7,2025-26 Preseason,2025-26 Preseason,0,0,NA,2025-06-01,2,,NA,0,1,1,1,NA,0,NA,NA,NA,NA,NA,NA,NA,NA,NA,NA,NA,NA,NA,NA,NA,NA,NA,Montréal Victoire,MTL,Montréal,Victoire,3,NA,NA,NA,NA,NA,NA,NA,PWHL,NA,NA,NA,exhibition,270,0,0,0,0.00,29,1714,10,1,0,0,0,0,0,0,0.000,0,0,10,1.000,21.0,0.00
7,Total,Total,0,0,NA,2025,2,NA,NA,0,1,1,1,NA,0,NA,NA,NA,NA,NA,NA,NA,NA,NA,NA,NA,NA,NA,NA,NA,NA,NA,NA,NA,NA,NA,NA,NA,NA,NA,NA,NA,NA,NA,NA,NA,NA,NA,exhibition,270,0,0,0,0.00,29,1714,10,1,0,0,0,0,0,0,0.000,0,0,10,1.000,21.0,0.00
8,2025-26 Regular Season,2025-26 Reg,0,1,1,2025-11-21,2,,12,0,12,0,0,2,0,0,0,8,0,0,0.0,0.0,0,0.00,0,0,0,0,0,0,0.0,1,Montréal Victoire,MTL,Montréal,Victoire,3,1,0,0,0,0,0,0,PWHL,7639,127:19,11,regular,271,NA,NA,NA,NA,NA,NA,NA,NA,NA,NA,NA,NA,NA,NA,NA,NA,NA,NA,NA,NA,NA
8,Total,Total,0,1,NA,2025,2,NA,12,0,12,0,0,2,0,0,0,8,0,0,0.0,0.0,0,0.00,0,0,0,0,0,0,0.0,1,NA,NA,NA,NA,NA,NA,0,0,0,0,0,0.00,NA,7639,127:19,11,regular,271,NA,NA,NA,NA,NA,NA,NA,NA,NA,NA,NA,NA,NA,NA,NA,NA,NA,NA,NA,NA,NA
7,2025-26 Preseason,2025-26 Preseason,0,0,1,2025-06-01,2,,12,0,2,0,0,-1,0,0,0,0,0,0,0.0,0.0,0,0.00,0,0,0,0,0,0,0.0,0,Montréal Victoire,MTL,Montréal,Victoire,3,1,0,0,0,0,0,0,PWHL,1875,31:15,3,exhibition,271,NA,NA,NA,NA,NA,NA,NA,NA,NA,NA,NA,NA,NA,NA,NA,NA,NA,NA,NA,NA,NA
7,Total,Total,0,0,NA,2025,2,NA,12,0,2,0,0,-1,0,0,0,0,0,0,0.0,0.0,0,0.00,0,0,0,0,0,0,0.0,0,NA,NA,NA,NA,NA,NA,0,0,0,0,0,0.00,NA,1875,31:15,3,exhibition,271,NA,NA,NA,NA,NA,NA,NA,NA,NA,NA,NA,NA,NA,NA,NA,NA,NA,NA,NA,NA,NA
8,2025-26 Regular Season,2025-26 Reg,0,1,1,2025-11-21,2,,88,3,27,6,9,5,12,0,0,33,0,0,0.0,9.1,0,0.33,0,0,0,0,0,4,0.0,6,Montréal Victoire,MTL,Montréal,Victoire,3,1,0,3,0,1,0,0.444444,PWHL,17333,288:53,12,regular,272,NA,NA,NA,NA,NA,NA,NA,NA,NA,NA,NA,NA,NA,NA,NA,NA,NA,NA,NA,NA,NA
8,Total,Total,0,1,NA,2025,2,NA,88,3,27,6,9,5,12,0,0,33,0,0,0.0,9.1,0,0.33,0,0,0,0,0,4,0.0,6,NA,NA,NA,NA,NA,NA,0,3,0,1,0,0.44,NA,17333,288:53,12,regular,272,NA,NA,NA,NA,NA,NA,NA,NA,NA,NA,NA,NA,NA,NA,NA,NA,NA,NA,NA,NA,NA
9,2026 Playoffs,2026 Playoffs,1,1,1,2026-04-28,2,,88,0,2,0,0,0,0,0,0,3,0,0,0.0,0.0,0,0.00,0,0,0,0,0,0,0.0,0,Montréal Victoire,MTL,Montréal,Victoire,3,1,0,0,0,0,0,0,PWHL,462,7:42,0,playoff,272,NA,NA,NA,NA,NA,NA,NA,NA,NA,NA,NA,NA,NA,NA,NA,NA,NA,NA,NA,NA,NA
9,Total,Total,1,1,NA,2026,2,NA,88,0,2,0,0,0,0,0,0,3,0,0,0.0,0.0,0,0.00,0,0,0,0,0,0,0.0,0,NA,NA,NA,NA,NA,NA,0,0,0,0,0,0.00,NA,462,7:42,0,playoff,272,NA,NA,NA,NA,NA,NA,NA,NA,NA,NA,NA,NA,NA,NA,NA,NA,NA,NA,NA,NA,NA
7,2025-26 Preseason,2025-26 Preseason,0,0,1,2025-06-01,2,,88,0,1,0,0,-1,0,0,0,1,0,0,0.0,0.0,0,0.00,0,0,0,0,0,0,0.0,0,Montréal Victoire,MTL,Montréal,Victoire,3,1,0,0,0,0,0,0,PWHL,872,14:32,0,exhibition,272,NA,NA,NA,NA,NA,NA,NA,NA,NA,NA,NA,NA,NA,NA,NA,NA,NA,NA,NA,NA,NA
7,Total,Total,0,0,NA,2025,2,NA,88,0,1,0,0,-1,0,0,0,1,0,0,0.0,0.0,0,0.00,0,0,0,0,0,0,0.0,0,NA,NA,NA,NA,NA,NA,0,0,0,0,0,0.00,NA,872,14:32,0,exhibition,272,NA,NA,NA,NA,NA,NA,NA,NA,NA,NA,NA,NA,NA,NA,NA,NA,NA,NA,NA,NA,NA
8,2025-26 Regular Season,2025-26 Reg,0,1,1,2025-11-21,2,,4,1,6,0,1,1,4,0,0,2,0,0,0.0,50.0,0,0.17,0,0,0,0,0,0,0.0,1,Montréal Victoire,MTL,Montréal,Victoire,3,1,0,0,0,0,0,0.666667,PWHL,2013,33:33,0,regular,273,NA,NA,NA,NA,NA,NA,NA,NA,NA,NA,NA,NA,NA,NA,NA,NA,NA,NA,NA,NA,NA
8,Total,Total,0,1,NA,2025,2,NA,4,1,6,0,1,1,4,0,0,2,0,0,0.0,50.0,0,0.17,0,0,0,0,0,0,0.0,1,NA,NA,NA,NA,NA,NA,0,0,0,0,0,0.67,NA,2013,33:33,0,regular,273,NA,NA,NA,NA,NA,NA,NA,NA,NA,NA,NA,NA,NA,NA,NA,NA,NA,NA,NA,NA,NA
7,2025-26 Preseason,2025-26 Preseason,0,0,1,2025-06-01,2,,4,0,2,0,0,1,0,0,0,5,0,0,0.0,0.0,0,0.00,0,0,0,0,0,0,0.0,0,Montréal Victoire,MTL,Montréal,Victoire,3,1,0,0,0,0,0,0,PWHL,1306,21:46,0,exhibition,273,NA,NA,NA,NA,NA,NA,NA,NA,NA,NA,NA,NA,NA,NA,NA,NA,NA,NA,NA,NA,NA
7,Total,Total,0,0,NA,2025,2,NA,4,0,2,0,0,1,0,0,0,5,0,0,0.0,0.0,0,0.00,0,0,0,0,0,0,0.0,0,NA,NA,NA,NA,NA,NA,0,0,0,0,0,0.00,NA,1306,21:46,0,exhibition,273,NA,NA,NA,NA,NA,NA,NA,NA,NA,NA,NA,NA,NA,NA,NA,NA,NA,NA,NA,NA,NA
8,2025-26 Regular Season,2025-26 Reg,0,1,1,2025-11-21,2,,96,5,30,5,10,5,6,1,0,46,2,1,50.0,10.9,0,0.33,0,0,3,0,3,4,75.0,12,Montréal Victoire,MTL,Montréal,Victoire,3,1,3,0,0,1,0,0.200000,PWHL,21697,361:37,6,regular,274,NA,NA,NA,NA,NA,NA,NA,NA,NA,NA,NA,NA,NA,NA,NA,NA,NA,NA,NA,NA,NA
8,Total,Total,0,1,NA,2025,2,NA,96,5,30,5,10,5,6,1,0,46,2,1,50.0,10.9,0,0.33,0,0,3,0,3,4,75.0,12,NA,NA,NA,NA,NA,NA,3,0,0,1,0,0.20,NA,21697,361:37,6,regular,274,NA,NA,NA,NA,NA,NA,NA,NA,NA,NA,NA,NA,NA,NA,NA,NA,NA,NA,NA,NA,NA
9,2026 Playoffs,2026 Playoffs,1,1,1,2026-04-28,2,,96,0,9,0,0,0,0,0,0,3,0,0,0.0,0.0,0,0.00,0,0,0,0,1,2,50.0,7,Montréal Victoire,MTL,Montréal,Victoire,3,1,0,0,0,0,0,0,PWHL,5538,92:18,2,playoff,274,NA,NA,NA,NA,NA,NA,NA,NA,NA,NA,NA,NA,NA,NA,NA,NA,NA,NA,NA,NA,NA
9,Total,Total,1,1,NA,2026,2,NA,96,0,9,0,0,0,0,0,0,3,0,0,0.0,0.0,0,0.00,0,0,0,0,1,2,50.0,7,NA,NA,NA,NA,NA,NA,0,0,0,0,0,0.00,NA,5538,92:18,2,playoff,274,NA,NA,NA,NA,NA,NA,NA,NA,NA,NA,NA,NA,NA,NA,NA,NA,NA,NA,NA,NA,NA
7,2025-26 Preseason,2025-26 Preseason,0,0,1,2025-06-01,2,,96,0,1,0,0,0,0,0,0,3,0,0,0.0,0.0,0,0.00,0,0,0,0,0,0,0.0,1,Montréal Victoire,MTL,Montréal,Victoire,3,1,0,0,0,0,0,0,PWHL,1052,17:32,0,exhibition,274,NA,NA,NA,NA,NA,NA,NA,NA,NA,NA,NA,NA,NA,NA,NA,NA,NA,NA,NA,NA,NA
7,Total,Total,0,0,NA,2025,2,NA,96,0,1,0,0,0,0,0,0,3,0,0,0.0,0.0,0,0.00,0,0,0,0,0,0,0.0,1,NA,NA,NA,NA,NA,NA,0,0,0,0,0,0.00,NA,1052,17:32,0,exhibition,274,NA,NA,NA,NA,NA,NA,NA,NA,NA,NA,NA,NA,NA,NA,NA,NA,NA,NA,NA,NA,NA
7,2025-26 Preseason,2025-26 Preseason,0,0,1,2025-06-01,2,,15,1,2,0,1,0,0,0,0,3,0,0,0.0,33.3,0,0.50,0,0,0,0,1,1,100.0,0,Montréal Victoire,MTL,Montréal,Victoire,3,1,0,0,0,0,0,0,PWHL,1226,20:26,2,exhibition,276,NA,NA,NA,NA,NA,NA,NA,NA,NA,NA,NA,NA,NA,NA,NA,NA,NA,NA,NA,NA,NA
7,Total,Total,0,0,NA,2025,2,NA,15,1,2,0,1,0,0,0,0,3,0,0,0.0,33.3,0,0.50,0,0,0,0,1,1,100.0,0,NA,NA,NA,NA,NA,NA,0,0,0,0,0,0.00,NA,1226,20:26,2,exhibition,276,NA,NA,NA,NA,NA,NA,NA,NA,NA,NA,NA,NA,NA,NA,NA,NA,NA,NA,NA,NA,NA
8,2025-26 Regular Season,2025-26 Reg,0,1,1,2025-11-21,2,,22,4,29,2,6,-3,6,1,0,21,0,0,0.0,19.0,0,0.21,0,0,0,0,2,3,66.7,9,New York Sirens,NY,New York,Sirens,4,1,0,0,0,0,0,0.206897,PWHL,11089,184:49,6,regular,277,NA,NA,NA,NA,NA,NA,NA,NA,NA,NA,NA,NA,NA,NA,NA,NA,NA,NA,NA,NA,NA
8,Total,Total,0,1,NA,2025,2,NA,22,4,29,2,6,-3,6,1,0,21,0,0,0.0,19.0,0,0.21,0,0,0,0,2,3,66.7,9,NA,NA,NA,NA,NA,NA,0,0,0,0,0,0.21,NA,11089,184:49,6,regular,277,NA,NA,NA,NA,NA,NA,NA,NA,NA,NA,NA,NA,NA,NA,NA,NA,NA,NA,NA,NA,NA
7,2025-26 Preseason,2025-26 Preseason,0,0,1,2025-06-01,2,,22,0,2,0,0,2,0,0,0,1,0,0,0.0,0.0,0,0.00,0,0,0,0,0,0,0.0,1,New York Sirens,NY,New York,Sirens,4,1,0,0,0,0,0,0,PWHL,1121,18:41,0,exhibition,277,NA,NA,NA,NA,NA,NA,NA,NA,NA,NA,NA,NA,NA,NA,NA,NA,NA,NA,NA,NA,NA
7,Total,Total,0,0,NA,2025,2,NA,22,0,2,0,0,2,0,0,0,1,0,0,0.0,0.0,0,0.00,0,0,0,0,0,0,0.0,1,NA,NA,NA,NA,NA,NA,0,0,0,0,0,0.00,NA,1121,18:41,0,exhibition,277,NA,NA,NA,NA,NA,NA,NA,NA,NA,NA,NA,NA,NA,NA,NA,NA,NA,NA,NA,NA,NA
7,2025-26 Preseason,2025-26 Preseason,0,0,NA,2025-06-01,2,,NA,0,1,0,0,NA,0,NA,NA,NA,NA,NA,NA,NA,NA,NA,NA,NA,NA,NA,NA,NA,NA,NA,New York Sirens,NY,New York,Sirens,4,NA,NA,NA,NA,NA,NA,NA,PWHL,NA,NA,NA,exhibition,278,2,0,0,4.05,30,1779,16,0,0,0,0,0,0,0,0.000,0,0,14,0.875,28.0,4.05
7,Total,Total,0,0,NA,2025,2,NA,NA,0,1,0,0,NA,0,NA,NA,NA,NA,NA,NA,NA,NA,NA,NA,NA,NA,NA,NA,NA,NA,NA,NA,NA,NA,NA,NA,NA,NA,NA,NA,NA,NA,NA,NA,NA,NA,NA,exhibition,278,2,0,0,4.05,30,1779,16,0,0,0,0,0,0,0,0.000,0,0,14,0.875,28.3,4.05
8,2025-26 Regular Season,2025-26 Reg,0,1,1,2026-04-01,2,,55,0,4,0,0,-2,0,0,0,1,0,0,0.0,0.0,0,0.00,0,0,0,0,0,0,0.0,2,New York Sirens,NY,New York,Sirens,4,1,0,0,0,0,0,0,PWHL,1051,17:31,0,regular,279,NA,NA,NA,NA,NA,NA,NA,NA,NA,NA,NA,NA,NA,NA,NA,NA,NA,NA,NA,NA,NA
8,Total,Total,0,1,NA,2026,2,NA,55,0,4,0,0,-2,0,0,0,1,0,0,0.0,0.0,0,0.00,0,0,0,0,0,0,0.0,2,NA,NA,NA,NA,NA,NA,0,0,0,0,0,0.00,NA,1051,17:31,0,regular,279,NA,NA,NA,NA,NA,NA,NA,NA,NA,NA,NA,NA,NA,NA,NA,NA,NA,NA,NA,NA,NA
7,2025-26 Preseason,2025-26 Preseason,0,0,1,2025-06-01,2,,55,0,1,0,0,-1,0,0,0,0,0,0,0.0,0.0,0,0.00,0,0,0,0,0,0,0.0,0,New York Sirens,NY,New York,Sirens,4,1,0,0,0,0,0,0,PWHL,496,8:16,0,exhibition,279,NA,NA,NA,NA,NA,NA,NA,NA,NA,NA,NA,NA,NA,NA,NA,NA,NA,NA,NA,NA,NA
7,Total,Total,0,0,NA,2025,2,NA,55,0,1,0,0,-1,0,0,0,0,0,0,0.0,0.0,0,0.00,0,0,0,0,0,0,0.0,0,NA,NA,NA,NA,NA,NA,0,0,0,0,0,0.00,NA,496,8:16,0,exhibition,279,NA,NA,NA,NA,NA,NA,NA,NA,NA,NA,NA,NA,NA,NA,NA,NA,NA,NA,NA,NA,NA
8,2025-26 Regular Season,2025-26 Reg,0,1,1,2025-11-21,2,,26,7,28,15,22,-7,2,3,4,63,3,1,33.3,11.1,0,0.79,1,0,2,0,266,496,53.6,4,New York Sirens,NY,New York,Sirens,4,1,1,0,0,0,0,0.071429,PWHL,34640,577:20,8,regular,280,NA,NA,NA,NA,NA,NA,NA,NA,NA,NA,NA,NA,NA,NA,NA,NA,NA,NA,NA,NA,NA
8,Total,Total,0,1,NA,2025,2,NA,26,7,28,15,22,-7,2,3,4,63,3,1,33.3,11.1,0,0.79,1,0,2,0,266,496,53.6,4,NA,NA,NA,NA,NA,NA,1,0,0,0,0,0.07,NA,34640,577:20,8,regular,280,NA,NA,NA,NA,NA,NA,NA,NA,NA,NA,NA,NA,NA,NA,NA,NA,NA,NA,NA,NA,NA
7,2025-26 Preseason,2025-26 Preseason,0,0,1,2025-06-01,2,,26,0,2,3,3,3,0,0,0,4,0,0,0.0,0.0,0,1.50,0,0,0,0,15,28,53.6,0,New York Sirens,NY,New York,Sirens,4,1,0,0,0,0,0,0,PWHL,2386,39:46,1,exhibition,280,NA,NA,NA,NA,NA,NA,NA,NA,NA,NA,NA,NA,NA,NA,NA,NA,NA,NA,NA,NA,NA
7,Total,Total,0,0,NA,2025,2,NA,26,0,2,3,3,3,0,0,0,4,0,0,0.0,0.0,0,1.50,0,0,0,0,15,28,53.6,0,NA,NA,NA,NA,NA,NA,0,0,0,0,0,0.00,NA,2386,39:46,1,exhibition,280,NA,NA,NA,NA,NA,NA,NA,NA,NA,NA,NA,NA,NA,NA,NA,NA,NA,NA,NA,NA,NA
7,2025-26 Preseason,2025-26 Preseason,0,0,1,2025-06-01,2,,12,0,1,0,0,-1,0,0,0,4,0,0,0.0,0.0,0,0.00,0,0,0,0,2,7,28.6,1,New York Sirens,NY,New York,Sirens,4,1,0,0,0,0,0,0,PWHL,530,8:50,1,exhibition,281,NA,NA,NA,NA,NA,NA,NA,NA,NA,NA,NA,NA,NA,NA,NA,NA,NA,NA,NA,NA,NA
7,Total,Total,0,0,NA,2025,2,NA,12,0,1,0,0,-1,0,0,0,4,0,0,0.0,0.0,0,0.00,0,0,0,0,2,7,28.6,1,NA,NA,NA,NA,NA,NA,0,0,0,0,0,0.00,NA,530,8:50,1,exhibition,281,NA,NA,NA,NA,NA,NA,NA,NA,NA,NA,NA,NA,NA,NA,NA,NA,NA,NA,NA,NA,NA
8,2025-26 Regular Season,2025-26 Reg,0,1,NA,2025-11-21,2,,NA,0,4,0,0,NA,0,NA,NA,NA,NA,NA,NA,NA,NA,NA,NA,NA,NA,NA,NA,NA,NA,NA,New York Sirens,NY,New York,Sirens,4,NA,NA,NA,NA,NA,NA,NA,PWHL,NA,NA,NA,regular,282,11,0,0,3.02,218,13091,85,1,1,0,1,2,0,1,0.000,0,0,74,0.871,20.0,3.02
8,Total,Total,0,1,NA,2025,2,NA,NA,0,4,0,0,NA,0,NA,NA,NA,NA,NA,NA,NA,NA,NA,NA,NA,NA,NA,NA,NA,NA,NA,NA,NA,NA,NA,NA,NA,NA,NA,NA,NA,NA,NA,NA,NA,NA,NA,regular,282,11,0,0,3.02,218,13091,85,1,1,0,1,2,0,1,0.000,0,0,74,0.871,20.4,3.02
7,2025-26 Preseason,2025-26 Preseason,0,0,NA,2025-06-01,2,,NA,0,1,0,0,NA,0,NA,NA,NA,NA,NA,NA,NA,NA,NA,NA,NA,NA,NA,NA,NA,NA,NA,New York Sirens,NY,New York,Sirens,4,NA,NA,NA,NA,NA,NA,NA,PWHL,NA,NA,NA,exhibition,282,3,0,0,5.93,30,1821,13,0,1,0,0,1,0,0,0.000,0,0,10,0.769,19.0,5.93
7,Total,Total,0,0,NA,2025,2,NA,NA,0,1,0,0,NA,0,NA,NA,NA,NA,NA,NA,NA,NA,NA,NA,NA,NA,NA,NA,NA,NA,NA,NA,NA,NA,NA,NA,NA,NA,NA,NA,NA,NA,NA,NA,NA,NA,NA,exhibition,282,3,0,0,5.93,30,1821,13,0,1,0,0,1,0,0,0.000,0,0,10,0.769,19.8,5.93
8,2025-26 Regular Season,2025-26 Reg,0,1,1,2025-11-21,2,,11,1,11,2,3,-1,2,0,0,7,0,0,0.0,14.3,0,0.27,0,0,0,0,1,3,33.3,4,New York Sirens,NY,New York,Sirens,4,1,1,0,0,1,0,0.181818,PWHL,7798,129:58,9,regular,283,NA,NA,NA,NA,NA,NA,NA,NA,NA,NA,NA,NA,NA,NA,NA,NA,NA,NA,NA,NA,NA
8,Total,Total,0,1,NA,2025,2,NA,11,1,11,2,3,-1,2,0,0,7,0,0,0.0,14.3,0,0.27,0,0,0,0,1,3,33.3,4,NA,NA,NA,NA,NA,NA,1,0,0,1,0,0.18,NA,7798,129:58,9,regular,283,NA,NA,NA,NA,NA,NA,NA,NA,NA,NA,NA,NA,NA,NA,NA,NA,NA,NA,NA,NA,NA
7,2025-26 Preseason,2025-26 Preseason,0,0,1,2025-06-01,2,,88,0,2,0,0,-2,0,0,0,0,0,0,0.0,0.0,0,0.00,0,0,0,0,0,0,0.0,0,New York Sirens,NY,New York,Sirens,4,1,0,0,0,0,0,0,PWHL,1208,20:08,0,exhibition,283,NA,NA,NA,NA,NA,NA,NA,NA,NA,NA,NA,NA,NA,NA,NA,NA,NA,NA,NA,NA,NA
7,Total,Total,0,0,NA,2025,2,NA,88,0,2,0,0,-2,0,0,0,0,0,0,0.0,0.0,0,0.00,0,0,0,0,0,0,0.0,0,NA,NA,NA,NA,NA,NA,0,0,0,0,0,0.00,NA,1208,20:08,0,exhibition,283,NA,NA,NA,NA,NA,NA,NA,NA,NA,NA,NA,NA,NA,NA,NA,NA,NA,NA,NA,NA,NA
8,2025-26 Regular Season,2025-26 Reg,0,1,1,2025-11-21,2,,18,3,29,7,10,1,24,0,0,51,0,0,0.0,5.9,0,0.34,0,0,0,0,9,23,39.1,51,New York Sirens,NY,New York,Sirens,4,1,1,0,0,0,0,0.827586,PWHL,26344,439:04,18,regular,285,NA,NA,NA,NA,NA,NA,NA,NA,NA,NA,NA,NA,NA,NA,NA,NA,NA,NA,NA,NA,NA
8,Total,Total,0,1,NA,2025,2,NA,18,3,29,7,10,1,24,0,0,51,0,0,0.0,5.9,0,0.34,0,0,0,0,9,23,39.1,51,NA,NA,NA,NA,NA,NA,1,0,0,0,0,0.83,NA,26344,439:04,18,regular,285,NA,NA,NA,NA,NA,NA,NA,NA,NA,NA,NA,NA,NA,NA,NA,NA,NA,NA,NA,NA,NA
7,2025-26 Preseason,2025-26 Preseason,0,0,1,2025-06-01,2,,18,1,2,0,1,2,2,0,0,6,0,0,0.0,16.7,0,0.50,0,0,0,0,1,1,100.0,0,New York Sirens,NY,New York,Sirens,4,1,0,0,0,0,0,1.000000,PWHL,1709,28:29,1,exhibition,285,NA,NA,NA,NA,NA,NA,NA,NA,NA,NA,NA,NA,NA,NA,NA,NA,NA,NA,NA,NA,NA
7,Total,Total,0,0,NA,2025,2,NA,18,1,2,0,1,2,2,0,0,6,0,0,0.0,16.7,0,0.50,0,0,0,0,1,1,100.0,0,NA,NA,NA,NA,NA,NA,0,0,0,0,0,1.00,NA,1709,28:29,1,exhibition,285,NA,NA,NA,NA,NA,NA,NA,NA,NA,NA,NA,NA,NA,NA,NA,NA,NA,NA,NA,NA,NA
8,2025-26 Regular Season,2025-26 Reg,0,1,NA,2025-11-21,2,,NA,0,1,0,0,NA,0,NA,NA,NA,NA,NA,NA,NA,NA,NA,NA,NA,NA,NA,NA,NA,NA,NA,Ottawa Charge,OTT,Ottawa,Charge,5,NA,NA,NA,NA,NA,NA,NA,PWHL,NA,NA,NA,regular,290,2,0,0,2.66,45,2710,16,0,0,0,0,0,0,0,0.000,0,0,14,0.875,18.0,2.66
8,Total,Total,0,1,NA,2025,2,NA,NA,0,1,0,0,NA,0,NA,NA,NA,NA,NA,NA,NA,NA,NA,NA,NA,NA,NA,NA,NA,NA,NA,NA,NA,NA,NA,NA,NA,NA,NA,NA,NA,NA,NA,NA,NA,NA,NA,regular,290,2,0,0,2.66,45,2710,16,0,0,0,0,0,0,0,0.000,0,0,14,0.875,18.6,2.66
7,2025-26 Preseason,2025-26 Preseason,0,0,NA,2025-06-01,2,,NA,0,1,0,0,NA,0,NA,NA,NA,NA,NA,NA,NA,NA,NA,NA,NA,NA,NA,NA,NA,NA,NA,Ottawa Charge,OTT,Ottawa,Charge,5,NA,NA,NA,NA,NA,NA,NA,PWHL,NA,NA,NA,exhibition,290,2,0,0,4.47,27,1609,12,0,0,0,0,0,0,0,0.000,0,0,10,0.833,22.0,4.47
7,Total,Total,0,0,NA,2025,2,NA,NA,0,1,0,0,NA,0,NA,NA,NA,NA,NA,NA,NA,NA,NA,NA,NA,NA,NA,NA,NA,NA,NA,NA,NA,NA,NA,NA,NA,NA,NA,NA,NA,NA,NA,NA,NA,NA,NA,exhibition,290,2,0,0,4.47,27,1609,12,0,0,0,0,0,0,0,0.000,0,0,10,0.833,22.4,4.47
8,2025-26 Regular Season,2025-26 Reg,0,1,1,2025-11-20,1,*,14,0,2,0,0,0,0,0,0,0,0,0,0.0,0.0,0,0.00,0,0,0,0,0,0,0.0,0,Ottawa Charge,OTT,Ottawa,Charge,5,1,0,0,0,0,0,0,PWHL,289,4:49,0,regular,296,NA,NA,NA,NA,NA,NA,NA,NA,NA,NA,NA,NA,NA,NA,NA,NA,NA,NA,NA,NA,NA
8,Total,Total,0,1,NA,2025,1,NA,14,0,2,0,0,0,0,0,0,0,0,0,0.0,0.0,0,0.00,0,0,0,0,0,0,0.0,0,NA,NA,NA,NA,NA,NA,0,0,0,0,0,0.00,NA,289,4:49,0,regular,296,NA,NA,NA,NA,NA,NA,NA,NA,NA,NA,NA,NA,NA,NA,NA,NA,NA,NA,NA,NA,NA
7,2025-26 Preseason,2025-26 Preseason,0,0,1,2025-06-01,2,,14,1,1,0,1,2,0,0,0,4,0,0,0.0,25.0,0,1.00,0,0,1,0,4,9,44.4,0,Seattle Torrent,SEA,Seattle,Torrent,8,1,0,0,0,0,0,0,PWHL,649,10:49,0,exhibition,296,NA,NA,NA,NA,NA,NA,NA,NA,NA,NA,NA,NA,NA,NA,NA,NA,NA,NA,NA,NA,NA
7,Total,Total,0,0,NA,2025,2,NA,14,1,1,0,1,2,0,0,0,4,0,0,0.0,25.0,0,1.00,0,0,1,0,4,9,44.4,0,NA,NA,NA,NA,NA,NA,0,0,0,0,0,0.00,NA,649,10:49,0,exhibition,296,NA,NA,NA,NA,NA,NA,NA,NA,NA,NA,NA,NA,NA,NA,NA,NA,NA,NA,NA,NA,NA
8,2025-26 Regular Season,2025-26 Reg,0,1,1,2025-11-21,2,,6,0,1,0,0,0,0,0,0,0,0,0,0.0,0.0,0,0.00,0,0,0,0,0,0,0.0,0,Seattle Torrent,SEA,Seattle,Torrent,8,1,0,0,0,0,0,0,PWHL,122,2:02,0,regular,298,NA,NA,NA,NA,NA,NA,NA,NA,NA,NA,NA,NA,NA,NA,NA,NA,NA,NA,NA,NA,NA
8,Total,Total,0,1,NA,2025,2,NA,6,0,1,0,0,0,0,0,0,0,0,0,0.0,0.0,0,0.00,0,0,0,0,0,0,0.0,0,NA,NA,NA,NA,NA,NA,0,0,0,0,0,0.00,NA,122,2:02,0,regular,298,NA,NA,NA,NA,NA,NA,NA,NA,NA,NA,NA,NA,NA,NA,NA,NA,NA,NA,NA,NA,NA
7,2025-26 Preseason,2025-26 Preseason,0,0,1,2025-06-01,2,,6,0,1,0,0,1,0,0,0,0,0,0,0.0,0.0,0,0.00,0,0,0,0,0,0,0.0,0,Seattle Torrent,SEA,Seattle,Torrent,8,1,0,0,0,0,0,0,PWHL,1133,18:53,0,exhibition,298,NA,NA,NA,NA,NA,NA,NA,NA,NA,NA,NA,NA,NA,NA,NA,NA,NA,NA,NA,NA,NA
7,Total,Total,0,0,NA,2025,2,NA,6,0,1,0,0,1,0,0,0,0,0,0,0.0,0.0,0,0.00,0,0,0,0,0,0,0.0,0,NA,NA,NA,NA,NA,NA,0,0,0,0,0,0.00,NA,1133,18:53,0,exhibition,298,NA,NA,NA,NA,NA,NA,NA,NA,NA,NA,NA,NA,NA,NA,NA,NA,NA,NA,NA,NA,NA
7,2025-26 Preseason,2025-26 Preseason,0,0,1,2025-06-01,2,,27,0,2,0,0,0,0,0,0,1,0,0,0.0,0.0,0,0.00,0,0,0,0,0,0,0.0,1,Vancouver Goldeneyes,VAN,Vancouver,Goldeneyes,9,1,0,0,0,0,0,0,PWHL,974,16:14,0,exhibition,299,NA,NA,NA,NA,NA,NA,NA,NA,NA,NA,NA,NA,NA,NA,NA,NA,NA,NA,NA,NA,NA
7,Total,Total,0,0,NA,2025,2,NA,27,0,2,0,0,0,0,0,0,1,0,0,0.0,0.0,0,0.00,0,0,0,0,0,0,0.0,1,NA,NA,NA,NA,NA,NA,0,0,0,0,0,0.00,NA,974,16:14,0,exhibition,299,NA,NA,NA,NA,NA,NA,NA,NA,NA,NA,NA,NA,NA,NA,NA,NA,NA,NA,NA,NA,NA
8,2025-26 Regular Season,2025-26 Reg,0,1,1,2025-11-21,2,,17,0,1,0,0,0,0,0,0,0,0,0,0.0,0.0,0,0.00,0,0,0,0,0,0,0.0,0,Vancouver Goldeneyes,VAN,Vancouver,Goldeneyes,9,1,0,0,0,0,0,0,PWHL,0,0:00,0,regular,300,NA,NA,NA,NA,NA,NA,NA,NA,NA,NA,NA,NA,NA,NA,NA,NA,NA,NA,NA,NA,NA
8,Total,Total,0,1,NA,2025,2,NA,17,0,1,0,0,0,0,0,0,0,0,0,0.0,0.0,0,0.00,0,0,0,0,0,0,0.0,0,NA,NA,NA,NA,NA,NA,0,0,0,0,0,0.00,NA,0,0:00,0,regular,300,NA,NA,NA,NA,NA,NA,NA,NA,NA,NA,NA,NA,NA,NA,NA,NA,NA,NA,NA,NA,NA
7,2025-26 Preseason,2025-26 Preseason,0,0,1,2025-06-01,2,,17,0,2,0,0,0,0,0,0,0,0,0,0.0,0.0,0,0.00,0,0,0,0,4,12,33.3,3,Vancouver Goldeneyes,VAN,Vancouver,Goldeneyes,9,1,0,0,0,0,0,0,PWHL,1373,22:53,0,exhibition,300,NA,NA,NA,NA,NA,NA,NA,NA,NA,NA,NA,NA,NA,NA,NA,NA,NA,NA,NA,NA,NA
7,Total,Total,0,0,NA,2025,2,NA,17,0,2,0,0,0,0,0,0,0,0,0,0.0,0.0,0,0.00,0,0,0,0,4,12,33.3,3,NA,NA,NA,NA,NA,NA,0,0,0,0,0,0.00,NA,1373,22:53,0,exhibition,300,NA,NA,NA,NA,NA,NA,NA,NA,NA,NA,NA,NA,NA,NA,NA,NA,NA,NA,NA,NA,NA
8,2025-26 Regular Season,2025-26 Reg,0,1,1,2025-11-21,2,,9,1,17,0,1,-4,4,0,0,6,0,0,0.0,16.7,0,0.06,0,0,0,0,1,6,16.7,4,Vancouver Goldeneyes,VAN,Vancouver,Goldeneyes,9,1,1,0,0,0,0,0.235294,PWHL,9282,154:42,8,regular,301,NA,NA,NA,NA,NA,NA,NA,NA,NA,NA,NA,NA,NA,NA,NA,NA,NA,NA,NA,NA,NA
8,Total,Total,0,1,NA,2025,2,NA,9,1,17,0,1,-4,4,0,0,6,0,0,0.0,16.7,0,0.06,0,0,0,0,1,6,16.7,4,NA,NA,NA,NA,NA,NA,1,0,0,0,0,0.24,NA,9282,154:42,8,regular,301,NA,NA,NA,NA,NA,NA,NA,NA,NA,NA,NA,NA,NA,NA,NA,NA,NA,NA,NA,NA,NA
7,2025-26 Preseason,2025-26 Preseason,0,0,1,2025-06-01,2,,9,0,2,0,0,-1,0,0,0,4,0,0,0.0,0.0,0,0.00,0,0,0,0,0,2,0.0,1,Vancouver Goldeneyes,VAN,Vancouver,Goldeneyes,9,1,0,0,0,0,0,0,PWHL,1676,27:56,0,exhibition,301,NA,NA,NA,NA,NA,NA,NA,NA,NA,NA,NA,NA,NA,NA,NA,NA,NA,NA,NA,NA,NA
7,Total,Total,0,0,NA,2025,2,NA,9,0,2,0,0,-1,0,0,0,4,0,0,0.0,0.0,0,0.00,0,0,0,0,0,2,0.0,1,NA,NA,NA,NA,NA,NA,0,0,0,0,0,0.00,NA,1676,27:56,0,exhibition,301,NA,NA,NA,NA,NA,NA,NA,NA,NA,NA,NA,NA,NA,NA,NA,NA,NA,NA,NA,NA,NA
7,2025-26 Preseason,2025-26 Preseason,0,0,1,2025-06-01,2,,2,0,2,0,0,1,0,0,0,0,0,0,0.0,0.0,0,0.00,0,0,0,0,0,0,0.0,1,Vancouver Goldeneyes,VAN,Vancouver,Goldeneyes,9,1,0,0,0,0,0,0,PWHL,2244,37:24,2,exhibition,302,NA,NA,NA,NA,NA,NA,NA,NA,NA,NA,NA,NA,NA,NA,NA,NA,NA,NA,NA,NA,NA
7,Total,Total,0,0,NA,2025,2,NA,2,0,2,0,0,1,0,0,0,0,0,0,0.0,0.0,0,0.00,0,0,0,0,0,0,0.0,1,NA,NA,NA,NA,NA,NA,0,0,0,0,0,0.00,NA,2244,37:24,2,exhibition,302,NA,NA,NA,NA,NA,NA,NA,NA,NA,NA,NA,NA,NA,NA,NA,NA,NA,NA,NA,NA,NA
7,2025-26 Preseason,2025-26 Preseason,0,0,NA,2025-06-01,2,,NA,0,1,0,0,NA,0,NA,NA,NA,NA,NA,NA,NA,NA,NA,NA,NA,NA,NA,NA,NA,NA,NA,Vancouver Goldeneyes,VAN,Vancouver,Goldeneyes,9,NA,NA,NA,NA,NA,NA,NA,PWHL,NA,NA,NA,exhibition,303,0,0,0,0.00,20,1200,6,0,0,0,0,0,0,0,0.000,0,1,6,1.000,18.0,0.00
7,Total,Total,0,0,NA,2025,2,NA,NA,0,1,0,0,NA,0,NA,NA,NA,NA,NA,NA,NA,NA,NA,NA,NA,NA,NA,NA,NA,NA,NA,NA,NA,NA,NA,NA,NA,NA,NA,NA,NA,NA,NA,NA,NA,NA,NA,exhibition,303,0,0,0,0.00,20,1200,6,0,0,0,0,0,0,0,0.000,0,1,6,1.000,18.0,0.00
7,2025-26 Preseason,2025-26 Preseason,0,0,1,2025-06-01,2,,5,0,2,0,0,1,0,0,0,2,0,0,0.0,0.0,0,0.00,0,0,0,0,0,0,0.0,1,Vancouver Goldeneyes,VAN,Vancouver,Goldeneyes,9,1,0,0,0,0,0,0,PWHL,1971,32:51,1,exhibition,304,NA,NA,NA,NA,NA,NA,NA,NA,NA,NA,NA,NA,NA,NA,NA,NA,NA,NA,NA,NA,NA
7,Total,Total,0,0,NA,2025,2,NA,5,0,2,0,0,1,0,0,0,2,0,0,0.0,0.0,0,0.00,0,0,0,0,0,0,0.0,1,NA,NA,NA,NA,NA,NA,0,0,0,0,0,0.00,NA,1971,32:51,1,exhibition,304,NA,NA,NA,NA,NA,NA,NA,NA,NA,NA,NA,NA,NA,NA,NA,NA,NA,NA,NA,NA,NA
8,2025-26 Regular Season,2025-26 Reg,0,1,1,2025-11-21,2,,72,0,12,1,1,0,0,0,0,4,0,0,0.0,0.0,0,0.08,0,0,0,0,20,73,27.4,13,Vancouver Goldeneyes,VAN,Vancouver,Goldeneyes,9,1,0,0,0,0,0,0,PWHL,6028,100:28,1,regular,306,NA,NA,NA,NA,NA,NA,NA,NA,NA,NA,NA,NA,NA,NA,NA,NA,NA,NA,NA,NA,NA
8,Total,Total,0,1,NA,2025,2,NA,72,0,12,1,1,0,0,0,0,4,0,0,0.0,0.0,0,0.08,0,0,0,0,20,73,27.4,13,NA,NA,NA,NA,NA,NA,0,0,0,0,0,0.00,NA,6028,100:28,1,regular,306,NA,NA,NA,NA,NA,NA,NA,NA,NA,NA,NA,NA,NA,NA,NA,NA,NA,NA,NA,NA,NA
7,2025-26 Preseason,2025-26 Preseason,0,0,1,2025-06-01,2,,72,0,2,0,0,-2,0,0,0,4,0,0,0.0,0.0,0,0.00,0,0,0,0,9,23,39.1,2,Vancouver Goldeneyes,VAN,Vancouver,Goldeneyes,9,1,0,0,0,0,0,0,PWHL,1567,26:07,0,exhibition,306,NA,NA,NA,NA,NA,NA,NA,NA,NA,NA,NA,NA,NA,NA,NA,NA,NA,NA,NA,NA,NA
7,Total,Total,0,0,NA,2025,2,NA,72,0,2,0,0,-2,0,0,0,4,0,0,0.0,0.0,0,0.00,0,0,0,0,9,23,39.1,2,NA,NA,NA,NA,NA,NA,0,0,0,0,0,0.00,NA,1567,26:07,0,exhibition,306,NA,NA,NA,NA,NA,NA,NA,NA,NA,NA,NA,NA,NA,NA,NA,NA,NA,NA,NA,NA,NA
7,2025-26 Preseason,2025-26 Preseason,0,0,1,2025-06-01,2,,37,0,2,1,1,1,0,0,0,0,0,0,0.0,0.0,0,0.50,0,0,0,0,0,0,0.0,2,Vancouver Goldeneyes,VAN,Vancouver,Goldeneyes,9,1,0,0,0,0,0,0,PWHL,781,13:01,0,exhibition,307,NA,NA,NA,NA,NA,NA,NA,NA,NA,NA,NA,NA,NA,NA,NA,NA,NA,NA,NA,NA,NA
7,Total,Total,0,0,NA,2025,2,NA,37,0,2,1,1,1,0,0,0,0,0,0,0.0,0.0,0,0.50,0,0,0,0,0,0,0.0,2,NA,NA,NA,NA,NA,NA,0,0,0,0,0,0.00,NA,781,13:01,0,exhibition,307,NA,NA,NA,NA,NA,NA,NA,NA,NA,NA,NA,NA,NA,NA,NA,NA,NA,NA,NA,NA,NA
7,2025-26 Preseason,2025-26 Preseason,0,0,1,2025-06-01,2,,94,0,2,0,0,0,0,0,0,0,0,0,0.0,0.0,0,0.00,0,0,0,0,0,0,0.0,5,Vancouver Goldeneyes,VAN,Vancouver,Goldeneyes,9,1,0,0,0,0,0,0,PWHL,2063,34:23,1,exhibition,308,NA,NA,NA,NA,NA,NA,NA,NA,NA,NA,NA,NA,NA,NA,NA,NA,NA,NA,NA,NA,NA
7,Total,Total,0,0,NA,2025,2,NA,94,0,2,0,0,0,0,0,0,0,0,0,0.0,0.0,0,0.00,0,0,0,0,0,0,0.0,5,NA,NA,NA,NA,NA,NA,0,0,0,0,0,0.00,NA,2063,34:23,1,exhibition,308,NA,NA,NA,NA,NA,NA,NA,NA,NA,NA,NA,NA,NA,NA,NA,NA,NA,NA,NA,NA,NA
7,2025-26 Preseason,2025-26 Preseason,0,0,NA,2025-06-01,2,,NA,0,1,0,0,NA,0,NA,NA,NA,NA,NA,NA,NA,NA,NA,NA,NA,NA,NA,NA,NA,NA,NA,Vancouver Goldeneyes,VAN,Vancouver,Goldeneyes,9,NA,NA,NA,NA,NA,NA,NA,PWHL,NA,NA,NA,exhibition,309,1,0,0,3.64,17,990,4,0,0,0,0,0,0,0,0.000,0,0,3,0.750,10.0,3.64
7,Total,Total,0,0,NA,2025,2,NA,NA,0,1,0,0,NA,0,NA,NA,NA,NA,NA,NA,NA,NA,NA,NA,NA,NA,NA,NA,NA,NA,NA,NA,NA,NA,NA,NA,NA,NA,NA,NA,NA,NA,NA,NA,NA,NA,NA,exhibition,309,1,0,0,3.64,17,990,4,0,0,0,0,0,0,0,0.000,0,0,3,0.750,10.9,3.64
8,2025-26 Regular Season,2025-26 Reg,0,1,1,2025-11-21,2,,7,1,27,0,1,-2,6,0,0,5,0,0,0.0,20.0,0,0.04,0,0,0,0,3,11,27.3,25,Vancouver Goldeneyes,VAN,Vancouver,Goldeneyes,9,1,0,0,0,0,0,0.222222,PWHL,10243,170:43,5,regular,310,NA,NA,NA,NA,NA,NA,NA,NA,NA,NA,NA,NA,NA,NA,NA,NA,NA,NA,NA,NA,NA
8,Total,Total,0,1,NA,2025,2,NA,7,1,27,0,1,-2,6,0,0,5,0,0,0.0,20.0,0,0.04,0,0,0,0,3,11,27.3,25,NA,NA,NA,NA,NA,NA,0,0,0,0,0,0.22,NA,10243,170:43,5,regular,310,NA,NA,NA,NA,NA,NA,NA,NA,NA,NA,NA,NA,NA,NA,NA,NA,NA,NA,NA,NA,NA
7,2025-26 Preseason,2025-26 Preseason,0,0,1,2025-06-01,2,,7,1,2,0,1,0,0,0,0,2,0,0,0.0,50.0,0,0.50,0,0,0,0,5,7,71.4,3,Vancouver Goldeneyes,VAN,Vancouver,Goldeneyes,9,1,0,0,0,1,0,0,PWHL,2316,38:36,1,exhibition,310,NA,NA,NA,NA,NA,NA,NA,NA,NA,NA,NA,NA,NA,NA,NA,NA,NA,NA,NA,NA,NA
7,Total,Total,0,0,NA,2025,2,NA,7,1,2,0,1,0,0,0,0,2,0,0,0.0,50.0,0,0.50,0,0,0,0,5,7,71.4,3,NA,NA,NA,NA,NA,NA,0,0,0,1,0,0.00,NA,2316,38:36,1,exhibition,310,NA,NA,NA,NA,NA,NA,NA,NA,NA,NA,NA,NA,NA,NA,NA,NA,NA,NA,NA,NA,NA
8,2025-26 Regular Season,2025-26 Reg,0,1,1,2025-11-21,2,,10,0,11,0,0,-1,2,0,0,3,0,0,0.0,0.0,0,0.00,0,0,0,0,2,2,100.0,2,Toronto Sceptres,TOR,Toronto,Sceptres,6,1,0,0,0,0,0,0.181818,PWHL,3777,62:57,0,regular,311,NA,NA,NA,NA,NA,NA,NA,NA,NA,NA,NA,NA,NA,NA,NA,NA,NA,NA,NA,NA,NA
8,Total,Total,0,1,NA,2025,2,NA,10,0,11,0,0,-1,2,0,0,3,0,0,0.0,0.0,0,0.00,0,0,0,0,2,2,100.0,2,NA,NA,NA,NA,NA,NA,0,0,0,0,0,0.18,NA,3777,62:57,0,regular,311,NA,NA,NA,NA,NA,NA,NA,NA,NA,NA,NA,NA,NA,NA,NA,NA,NA,NA,NA,NA,NA
7,2025-26 Preseason,2025-26 Preseason,0,0,1,2025-06-01,2,,10,0,2,0,0,0,0,0,0,1,0,0,0.0,0.0,0,0.00,0,0,0,0,0,1,0.0,0,Toronto Sceptres,TOR,Toronto,Sceptres,6,1,0,0,0,0,0,0,PWHL,2110,35:10,4,exhibition,311,NA,NA,NA,NA,NA,NA,NA,NA,NA,NA,NA,NA,NA,NA,NA,NA,NA,NA,NA,NA,NA
7,Total,Total,0,0,NA,2025,2,NA,10,0,2,0,0,0,0,0,0,1,0,0,0.0,0.0,0,0.00,0,0,0,0,0,1,0.0,0,NA,NA,NA,NA,NA,NA,0,0,0,0,0,0.00,NA,2110,35:10,4,exhibition,311,NA,NA,NA,NA,NA,NA,NA,NA,NA,NA,NA,NA,NA,NA,NA,NA,NA,NA,NA,NA,NA
8,2025-26 Regular Season,2025-26 Reg,0,1,1,2025-11-21,2,,19,3,30,0,3,-5,6,0,0,32,2,0,0.0,9.4,0,0.10,0,0,0,0,70,151,46.4,13,Toronto Sceptres,TOR,Toronto,Sceptres,6,1,1,2,0,0,2,0.200000,PWHL,20459,340:59,7,regular,313,NA,NA,NA,NA,NA,NA,NA,NA,NA,NA,NA,NA,NA,NA,NA,NA,NA,NA,NA,NA,NA
8,Total,Total,0,1,NA,2025,2,NA,19,3,30,0,3,-5,6,0,0,32,2,0,0.0,9.4,0,0.10,0,0,0,0,70,151,46.4,13,NA,NA,NA,NA,NA,NA,1,2,0,0,2,0.20,NA,20459,340:59,7,regular,313,NA,NA,NA,NA,NA,NA,NA,NA,NA,NA,NA,NA,NA,NA,NA,NA,NA,NA,NA,NA,NA
7,2025-26 Preseason,2025-26 Preseason,0,0,1,2025-06-01,2,,19,0,2,0,0,-1,0,0,0,3,0,0,0.0,0.0,0,0.00,0,0,0,0,2,7,28.6,0,Toronto Sceptres,TOR,Toronto,Sceptres,6,1,0,0,0,0,0,0,PWHL,1385,23:05,0,exhibition,313,NA,NA,NA,NA,NA,NA,NA,NA,NA,NA,NA,NA,NA,NA,NA,NA,NA,NA,NA,NA,NA
7,Total,Total,0,0,NA,2025,2,NA,19,0,2,0,0,-1,0,0,0,3,0,0,0.0,0.0,0,0.00,0,0,0,0,2,7,28.6,0,NA,NA,NA,NA,NA,NA,0,0,0,0,0,0.00,NA,1385,23:05,0,exhibition,313,NA,NA,NA,NA,NA,NA,NA,NA,NA,NA,NA,NA,NA,NA,NA,NA,NA,NA,NA,NA,NA
8,2025-26 Regular Season,2025-26 Reg,0,1,1,2025-11-21,2,,16,1,5,0,1,1,0,0,0,3,0,0,0.0,33.3,0,0.20,0,0,1,0,1,2,50.0,4,Toronto Sceptres,TOR,Toronto,Sceptres,6,1,0,0,0,0,0,0,PWHL,1555,25:55,2,regular,315,NA,NA,NA,NA,NA,NA,NA,NA,NA,NA,NA,NA,NA,NA,NA,NA,NA,NA,NA,NA,NA
8,Total,Total,0,1,NA,2025,2,NA,16,1,5,0,1,1,0,0,0,3,0,0,0.0,33.3,0,0.20,0,0,1,0,1,2,50.0,4,NA,NA,NA,NA,NA,NA,0,0,0,0,0,0.00,NA,1555,25:55,2,regular,315,NA,NA,NA,NA,NA,NA,NA,NA,NA,NA,NA,NA,NA,NA,NA,NA,NA,NA,NA,NA,NA
7,2025-26 Preseason,2025-26 Preseason,0,0,1,2025-06-01,2,,16,0,2,0,0,1,0,0,0,3,0,0,0.0,0.0,0,0.00,0,0,0,0,0,1,0.0,6,Toronto Sceptres,TOR,Toronto,Sceptres,6,1,0,0,0,0,0,0,PWHL,1687,28:07,4,exhibition,315,NA,NA,NA,NA,NA,NA,NA,NA,NA,NA,NA,NA,NA,NA,NA,NA,NA,NA,NA,NA,NA
7,Total,Total,0,0,NA,2025,2,NA,16,0,2,0,0,1,0,0,0,3,0,0,0.0,0.0,0,0.00,0,0,0,0,0,1,0.0,6,NA,NA,NA,NA,NA,NA,0,0,0,0,0,0.00,NA,1687,28:07,4,exhibition,315,NA,NA,NA,NA,NA,NA,NA,NA,NA,NA,NA,NA,NA,NA,NA,NA,NA,NA,NA,NA,NA
8,2025-26 Regular Season,2025-26 Reg,0,1,1,2025-11-21,2,,25,0,29,2,2,0,23,0,0,21,0,0,0.0,0.0,0,0.07,0,0,0,0,86,185,46.5,13,Toronto Sceptres,TOR,Toronto,Sceptres,6,1,0,0,0,0,0,0.793103,PWHL,17812,296:52,17,regular,316,NA,NA,NA,NA,NA,NA,NA,NA,NA,NA,NA,NA,NA,NA,NA,NA,NA,NA,NA,NA,NA
8,Total,Total,0,1,NA,2025,2,NA,25,0,29,2,2,0,23,0,0,21,0,0,0.0,0.0,0,0.07,0,0,0,0,86,185,46.5,13,NA,NA,NA,NA,NA,NA,0,0,0,0,0,0.79,NA,17812,296:52,17,regular,316,NA,NA,NA,NA,NA,NA,NA,NA,NA,NA,NA,NA,NA,NA,NA,NA,NA,NA,NA,NA,NA
7,2025-26 Preseason,2025-26 Preseason,0,0,1,2025-06-01,2,,25,0,2,0,0,-1,0,0,0,1,0,0,0.0,0.0,0,0.00,0,0,0,0,6,16,37.5,2,Toronto Sceptres,TOR,Toronto,Sceptres,6,1,0,0,0,0,0,0,PWHL,1748,29:08,2,exhibition,316,NA,NA,NA,NA,NA,NA,NA,NA,NA,NA,NA,NA,NA,NA,NA,NA,NA,NA,NA,NA,NA
7,Total,Total,0,0,NA,2025,2,NA,25,0,2,0,0,-1,0,0,0,1,0,0,0.0,0.0,0,0.00,0,0,0,0,6,16,37.5,2,NA,NA,NA,NA,NA,NA,0,0,0,0,0,0.00,NA,1748,29:08,2,exhibition,316,NA,NA,NA,NA,NA,NA,NA,NA,NA,NA,NA,NA,NA,NA,NA,NA,NA,NA,NA,NA,NA
8,2025-26 Regular Season,2025-26 Reg,0,1,1,2025-11-21,2,,11,1,30,2,3,-7,6,0,0,27,1,0,0.0,3.7,0,0.10,0,0,1,0,2,6,33.3,12,Toronto Sceptres,TOR,Toronto,Sceptres,6,1,0,0,0,0,0,0.200000,PWHL,21548,359:08,11,regular,317,NA,NA,NA,NA,NA,NA,NA,NA,NA,NA,NA,NA,NA,NA,NA,NA,NA,NA,NA,NA,NA
8,Total,Total,0,1,NA,2025,2,NA,11,1,30,2,3,-7,6,0,0,27,1,0,0.0,3.7,0,0.10,0,0,1,0,2,6,33.3,12,NA,NA,NA,NA,NA,NA,0,0,0,0,0,0.20,NA,21548,359:08,11,regular,317,NA,NA,NA,NA,NA,NA,NA,NA,NA,NA,NA,NA,NA,NA,NA,NA,NA,NA,NA,NA,NA
7,2025-26 Preseason,2025-26 Preseason,0,0,1,2025-06-01,2,,11,2,2,1,3,2,0,0,0,5,0,0,0.0,40.0,0,1.50,1,0,1,0,0,1,0.0,1,Toronto Sceptres,TOR,Toronto,Sceptres,6,1,1,0,0,1,0,0,PWHL,1792,29:52,0,exhibition,317,NA,NA,NA,NA,NA,NA,NA,NA,NA,NA,NA,NA,NA,NA,NA,NA,NA,NA,NA,NA,NA
7,Total,Total,0,0,NA,2025,2,NA,11,2,2,1,3,2,0,0,0,5,0,0,0.0,40.0,0,1.50,1,0,1,0,0,1,0.0,1,NA,NA,NA,NA,NA,NA,1,0,0,1,0,0.00,NA,1792,29:52,0,exhibition,317,NA,NA,NA,NA,NA,NA,NA,NA,NA,NA,NA,NA,NA,NA,NA,NA,NA,NA,NA,NA,NA
8,2025-26 Regular Season,2025-26 Reg,0,1,1,2026-04-01,2,,81,0,3,0,0,0,2,0,0,0,0,0,0.0,0.0,0,0.00,0,0,0,0,0,0,0.0,0,Boston Fleet,BOS,Boston,Fleet,1,1,0,0,0,0,0,0.666667,PWHL,859,14:19,0,regular,214,NA,NA,NA,NA,NA,NA,NA,NA,NA,NA,NA,NA,NA,NA,NA,NA,NA,NA,NA,NA,NA
5,2024-25 Regular Season,2024-25 Reg,0,1,1,2024-11-25,2,,61,0,20,0,0,-5,4,0,0,5,0,0,0.0,0.0,0,0.00,0,0,0,0,12,47,25.5,19,Toronto Sceptres,TOR,Toronto,Sceptres,6,1,0,0,0,0,0,0.200000,PWHL,5387,89:47,6,regular,214,NA,NA,NA,NA,NA,NA,NA,NA,NA,NA,NA,NA,NA,NA,NA,NA,NA,NA,NA,NA,NA
13,Total,Total,0,2,NA,4050,4,NA,142,0,23,0,0,-5,6,0,0,5,0,0,0.0,0.0,0,0.00,0,0,0,0,12,47,25.5,19,NA,NA,NA,NA,NA,NA,0,0,0,0,0,0.26,NA,6246,104:06,6,regular,214,NA,NA,NA,NA,NA,NA,NA,NA,NA,NA,NA,NA,NA,NA,NA,NA,NA,NA,NA,NA,NA
9,2026 Playoffs,2026 Playoffs,1,1,1,2026-04-28,2,,81,0,1,0,0,0,0,0,0,0,0,0,0.0,0.0,0,0.00,0,0,0,0,0,0,0.0,0,Boston Fleet,BOS,Boston,Fleet,1,1,0,0,0,0,0,0,PWHL,283,4:43,1,playoff,214,NA,NA,NA,NA,NA,NA,NA,NA,NA,NA,NA,NA,NA,NA,NA,NA,NA,NA,NA,NA,NA
9,Total,Total,1,1,NA,2026,2,NA,81,0,1,0,0,0,0,0,0,0,0,0,0.0,0.0,0,0.00,0,0,0,0,0,0,0.0,0,NA,NA,NA,NA,NA,NA,0,0,0,0,0,0.00,NA,283,4:43,1,playoff,214,NA,NA,NA,NA,NA,NA,NA,NA,NA,NA,NA,NA,NA,NA,NA,NA,NA,NA,NA,NA,NA
4,2024-25 Preseason,2024-25 Preseason,0,0,1,2024-11-01,2,,61,0,2,0,0,-1,0,0,0,2,0,0,0.0,0.0,0,0.00,0,0,0,0,3,7,42.9,5,Toronto Sceptres,TOR,Toronto,Sceptres,6,1,0,0,0,0,0,0,PWHL,1206,20:06,1,exhibition,214,NA,NA,NA,NA,NA,NA,NA,NA,NA,NA,NA,NA,NA,NA,NA,NA,NA,NA,NA,NA,NA
4,Total,Total,0,0,NA,2024,2,NA,61,0,2,0,0,-1,0,0,0,2,0,0,0.0,0.0,0,0.00,0,0,0,0,3,7,42.9,5,NA,NA,NA,NA,NA,NA,0,0,0,0,0,0.00,NA,1206,20:06,1,exhibition,214,NA,NA,NA,NA,NA,NA,NA,NA,NA,NA,NA,NA,NA,NA,NA,NA,NA,NA,NA,NA,NA
8,2025-26 Regular Season,2025-26 Reg,0,1,1,2026-04-01,2,,2,0,2,0,0,0,0,0,0,0,0,0,0.0,0.0,0,0.00,0,0,0,0,0,0,0.0,0,Vancouver Goldeneyes,VAN,Vancouver,Goldeneyes,9,1,0,0,0,0,0,0,PWHL,1016,16:56,1,regular,321,NA,NA,NA,NA,NA,NA,NA,NA,NA,NA,NA,NA,NA,NA,NA,NA,NA,NA,NA,NA,NA
8,Total,Total,0,1,NA,2026,2,NA,2,0,2,0,0,0,0,0,0,0,0,0,0.0,0.0,0,0.00,0,0,0,0,0,0,0.0,0,NA,NA,NA,NA,NA,NA,0,0,0,0,0,0.00,NA,1016,16:56,1,regular,321,NA,NA,NA,NA,NA,NA,NA,NA,NA,NA,NA,NA,NA,NA,NA,NA,NA,NA,NA,NA,NA
8,2025-26 Regular Season,2025-26 Reg,0,1,1,2026-03-25,2,,93,0,6,0,0,0,2,0,0,1,0,0,0.0,0.0,0,0.00,0,0,0,0,0,0,0.0,2,Montréal Victoire,MTL,Montréal,Victoire,3,1,0,0,0,0,0,0.333333,PWHL,3787,63:07,4,regular,320,NA,NA,NA,NA,NA,NA,NA,NA,NA,NA,NA,NA,NA,NA,NA,NA,NA,NA,NA,NA,NA
8,Total,Total,0,1,NA,2026,2,NA,93,0,6,0,0,0,2,0,0,1,0,0,0.0,0.0,0,0.00,0,0,0,0,0,0,0.0,2,NA,NA,NA,NA,NA,NA,0,0,0,0,0,0.33,NA,3787,63:07,4,regular,320,NA,NA,NA,NA,NA,NA,NA,NA,NA,NA,NA,NA,NA,NA,NA,NA,NA,NA,NA,NA,NA
9,2026 Playoffs,2026 Playoffs,1,1,1,2026-04-28,2,,93,0,4,1,1,-1,4,0,0,3,0,0,0.0,0.0,0,0.25,0,0,0,0,0,0,0.0,7,Montréal Victoire,MTL,Montréal,Victoire,3,1,0,0,0,0,0,1.000000,PWHL,2516,41:56,4,playoff,320,NA,NA,NA,NA,NA,NA,NA,NA,NA,NA,NA,NA,NA,NA,NA,NA,NA,NA,NA,NA,NA
9,Total,Total,1,1,NA,2026,2,NA,93,0,4,1,1,-1,4,0,0,3,0,0,0.0,0.0,0,0.25,0,0,0,0,0,0,0.0,7,NA,NA,NA,NA,NA,NA,0,0,0,0,0,1.00,NA,2516,41:56,4,playoff,320,NA,NA,NA,NA,NA,NA,NA,NA,NA,NA,NA,NA,NA,NA,NA,NA,NA,NA,NA,NA,NA
