id,person_id,active,first_name,last_name,phonetic_name,display_name,shoots,hometown,homeprov,homecntry,homeplace,birthtown,birthprov,birthcntry,birthplace,height,weight,height_hyphenated,hidden,current_team,player_id,status,birthdate,birthdate_year,rawbirthdate,latest_team_id,veteran_status,veteran_description,team_id,team_name,division,tp_jersey_number,rookie,position_id,position,nhlteam,playerId,isRookie,h,w,draft_status,draftinfo,name,player_image,catches,season_id
2,4,1,Emily,Brown,EHM-IHL-EE BROWN,,L,"Blaine, MN",Minnesota,,"Blaine, Minnesota",Blaine,Minnesota,United States,"Blaine, Minnesota",5'7,0,5-7,0,,2,Signed,1998-12-30,'98,1998-12-30,1,2,,1,PWHL Boston,PWHL,2,0,1,D,,2,&nbsp;,5'7,0,,NA,Emily Brown,https://assets.leaguestat.com/pwhl/240x240/2.jpg,NA,1
12,14,1,Megan,Keller,MEH-GIHN KEH-LER,,L,"Farmington, MI",Michigan,,"Farmington, Michigan",Farmington,Michigan,United States,"Farmington, Michigan",5'11,0,5-11,0,,12,Signed,1996-05-01,'96,1996-05-01,1,2,,1,PWHL Boston,PWHL,5,0,1,D,,12,&nbsp;,5'11,0,,NA,Megan Keller,https://assets.leaguestat.com/pwhl/240x240/12.jpg,NA,1
167,202,1,Sidney,Morin,SIHD-nee MOHR-ihn,,R,"Minnetonka, MN",,,"Minnetonka, Minnesota",Minnetonka,Minnesota,United States,"Minnetonka, Minnesota",5'5,0,5-5,0,,167,Signed,1995-06-06,'95,1995-06-06,1,2,,1,PWHL Boston,PWHL,7,0,1,D,,167,&nbsp;,5'5,0,,NA,Sidney Morin,https://assets.leaguestat.com/pwhl/240x240/167.jpg,NA,1
49,51,1,Lexie,Adzija,LEHKS-ee ah-JEE-uh,,L,"St. Thomas, ON",Ontario,Canada,"St. Thomas, Ontario",St. Thomas,Ontario,Canada,"St. Thomas, Ontario","5'10""",0,"5-10""",0,,49,Signed,2000-06-30,'00,2000-06-30,1,2,,1,PWHL Boston,PWHL,8,1,8,F,,49,*,"5'10""",0,"Ottawa (PWHL) 2023 Round: 11 (#65), Ottawa (PWHL) 2023 Round: 11 (#65)","list(id = ""295"", person_id = ""51"", draft_round = ""11"", draft_date = """", draft_year = ""2023"", draft_rank = ""65"", draft_team = ""Ottawa"", draft_team_id = ""0"", draft_league = """", junior_team = """", show_on_roster = ""1"", draft_mode = ""4"", lang_id = ""1"", draft_type_id = ""1"", draft_type = ""PWHL"", draft_status = """")",Lexie Adzija,https://assets.leaguestat.com/pwhl/240x240/49.jpg,NA,1
18,20,1,Sophie,Shirley,SO-FEE SHUHR-lee,,R,"Saskatoon, SK",Saskatchewan,,"Saskatoon, Saskatchewan",Saskatoon,Saskatchewan,Canada,"Saskatoon, Saskatchewan",5'9,0,5-9,0,,18,Signed,1999-06-30,'99,1999-06-30,1,2,,1,PWHL Boston,PWHL,9,0,8,F,,18,&nbsp;,5'9,0,,NA,Sophie Shirley,https://assets.leaguestat.com/pwhl/240x240/18.jpg,NA,1
15,17,1,Alina,Müller,AH-lee-na MEW-LER,,L,"Winterthur, SWI",SWI,Switzerland,"Winterthur, Switzerland",Winterthur,,Switzerland,"Winterthur, ",5'5,0,5-5,0,,15,Signed,1998-03-12,'98,1998-03-12,1,2,,1,PWHL Boston,PWHL,11,1,8,F,,15,*,5'5,0,,NA,Alina Müller,https://assets.leaguestat.com/pwhl/240x240/15.jpg,NA,1
111,141,1,Taylor,Wenczkowski,,,R,,,,,,,,,,,,0,,111,None,1997-09-25,'97,1997-09-25,1,2,,1,PWHL Boston,PWHL,12,0,8,F,,111,&nbsp;,,,,NA,Taylor Wenczkowski,https://assets.leaguestat.com/pwhl/240x240/111.jpg,NA,1
7,9,1,Kaleigh,Fratkin,,,R,"Burnaby, BC",British Columbia,,,,,,,,,,0,,7,None,1992-03-24,'92,1992-03-24,1,2,,1,PWHL Boston,PWHL,13,0,1,D,,7,&nbsp;,,,,NA,Kaleigh Fratkin,https://assets.leaguestat.com/pwhl/240x240/7.jpg,NA,1
176,370,1,Caitrin,Lonergan,,,R,,,,,,,,,,,,0,,176,Reserve,1997-09-10,'97,1997-09-10,1,2,,1,PWHL Boston,PWHL,14,0,8,F,,176,&nbsp;,,,,NA,Caitrin Lonergan,https://lscluster.hockeytech.com/img/nophoto.png,NA,1
110,140,1,Amanda,Pelkey,AH-man-da PEHL-kee,,R,"Montpelier, VT",,,"Montpelier, Vermont",Montpelier,Vermont,United States,"Montpelier, Vermont",5'3,0,5-3,0,,110,Camp Invitee,1993-05-29,'93,1993-05-29,1,2,,1,PWHL Boston,PWHL,16,0,8,F,,110,&nbsp;,5'3,0,,NA,Amanda Pelkey,https://assets.leaguestat.com/pwhl/240x240/110.jpg,NA,1
9,11,1,Taylor,Girard,TAY-luhr JAH-rahrd,,L,"Macomb, MI",Michigan,,"Macomb, Michigan",Macomb,Michigan,United States,"Macomb, Michigan",5'10,0,5-10,0,,9,Signed,1998-07-17,'98,1998-07-17,1,2,,1,PWHL Boston,PWHL,17,0,8,F,,9,&nbsp;,5'10,0,,NA,Taylor Girard,https://assets.leaguestat.com/pwhl/240x240/9.jpg,NA,1
117,147,1,Abby,Cook,,,R,"Kelowna, BC",,,,,,,,,,,0,,117,None,1998-05-12,'98,1998-05-12,1,1,*,1,PWHL Boston,PWHL,18,0,1,D,,117,&nbsp;,,,,NA,Abby Cook,https://assets.leaguestat.com/pwhl/240x240/117.jpg,NA,1
11,13,1,Sophie,Jaques,SOH-fee JAYKS,,R,"Toronto, ON",Ontario,,"Toronto, Ontario",Toronto,Ontario,Canada,"Toronto, Ontario",5'8,0,5-8,0,,11,Camp Invitee,2000-10-16,'00,2000-10-16,1,2,,1,PWHL Boston,PWHL,18,1,1,D,,11,*,5'8,0,,NA,Sophie Jaques,https://assets.leaguestat.com/pwhl/240x240/11.jpg,NA,1
109,139,1,Gigi,Marvin,,,R,"Warroad, MN",,,,,,,,,,,0,,109,None,1987-03-07,'87,1987-03-07,1,2,,1,PWHL Boston,PWHL,19,0,8,F,,109,&nbsp;,,,,NA,Gigi Marvin,https://assets.leaguestat.com/pwhl/240x240/109.jpg,NA,1
1,3,1,Hannah,Brandt,HA-nuh BRAN-T,,R,"Vadnais Heights, MN",Minnesota,,"Vadnais Heights, Minnesota",Vadnais Heights,Minnesota,United States,"Vadnais Heights, Minnesota",5'6,0,5-6,0,,1,Signed,1993-11-27,'93,1993-11-27,1,2,,1,PWHL Boston,PWHL,20,0,8,F,,1,&nbsp;,5'6,0,,NA,Hannah Brandt,https://assets.leaguestat.com/pwhl/240x240/1.jpg,NA,1
13,15,1,Hilary,Knight,HILL-AH-REE NIGHT,,R,"Sun Valley, ID",Idaho,,"Sun Valley, Idaho",Sun Valley,Idaho,United States,"Sun Valley, Idaho",5'11,0,5-11,0,,13,Signed,1989-07-12,'89,1989-07-12,1,2,,1,PWHL Boston,PWHL,21,0,8,F,,13,&nbsp;,5'11,0,,NA,Hilary Knight,https://assets.leaguestat.com/pwhl/240x240/13.jpg,NA,1
5,7,1,Jessica,DiGirolamo,JESS-IH-KAH DEE-JER-RAWL-AH-MOH,,L,"Mississauga, ON",Ontario,,"Mississauga, Ontario",Mississauga,Ontario,Canada,"Mississauga, Ontario",5'9'',0,5-,0,,5,Signed,1999-02-13,'99,1999-02-13,1,2,,1,PWHL Boston,PWHL,22,0,1,D,,5,&nbsp;,5'9'',0,,NA,Jessica DiGirolamo,https://assets.leaguestat.com/pwhl/240x240/5.jpg,NA,1
3,5,1,Emma,Buckles,,,L,"Toronto, ON",Ontario,,,,,,,,,,0,,3,None,1999-06-10,'99,1999-06-10,1,2,,1,PWHL Boston,PWHL,25,0,1,D,,3,&nbsp;,,,,NA,Emma Buckles,https://assets.leaguestat.com/pwhl/240x240/3.jpg,NA,1
107,137,1,Sammy,Davis,,,L,"Pembroke, MA",,,,,,,,,,,0,,107,None,1997-04-23,'97,1997-04-23,1,2,,1,PWHL Boston,PWHL,26,0,8,F,,107,&nbsp;,,,,NA,Sammy Davis,https://assets.leaguestat.com/pwhl/240x240/107.jpg,NA,1
4,6,1,Shiann,Darkangelo,SHIGH-an  DAHRK-an-juh-loh,,L,"Brighton, MI",Michigan,,"Brighton, Michigan",Brighton,Michigan,United States,"Brighton, Michigan","5'11""",0,"5-11""",0,,4,Signed,1993-11-28,'93,1993-11-28,1,2,,1,PWHL Boston,PWHL,27,0,8,F,,4,&nbsp;,"5'11""",0,,NA,Shiann Darkangelo,https://assets.leaguestat.com/pwhl/240x240/4.jpg,NA,1
19,21,1,Emma,Söderberg,EH-mah SOH-duhr-burgh,,L,"Örksköldsvik, SWE",SWE,,"Örksköldsvik, Sweden",Örksköldsvik,,Sweden,"Örksköldsvik, ",5'7,0,5-7,0,,19,Signed,1998-02-18,'98,1998-02-18,1,2,,1,PWHL Boston,PWHL,30,1,7,G,,19,*,5'7,0,,NA,Emma Söderberg,https://assets.leaguestat.com/pwhl/240x240/19.jpg,L,1
6,8,1,Aerin,Frankel,AIR-IN FRANK-uhl,,L,"Chappaqua, NY",New York,,"Chappaqua, New York",Chappaqua,New York,United States,"Chappaqua, New York",5'5,0,5-5,0,,6,Signed,1999-05-24,'99,1999-05-24,1,2,,1,PWHL Boston,PWHL,31,0,7,G,,6,&nbsp;,5'5,0,,NA,Aerin Frankel,https://assets.leaguestat.com/pwhl/240x240/6.jpg,L,1
113,143,1,Cami,Kronish,,,L,"New York, NY",NY,,,,,,,,,,0,,113,Camp Invitee,2000-02-24,'00,2000-02-24,1,2,,1,PWHL Boston,PWHL,35,1,7,G,,113,*,,,,NA,Cami Kronish,https://assets.leaguestat.com/pwhl/240x240/113.jpg,L,1
8,10,1,Loren,Gabel,LOR-en GAY-buhl,,L,"Kitchener, ON",Ontario,,"Kitchener, Ontario",Kitchener,Ontario,Canada,"Kitchener, Ontario",5'4,0,5-4,0,,8,Signed,1997-07-24,'97,1997-07-24,1,2,,1,PWHL Boston,PWHL,36,0,8,F,,8,&nbsp;,5'4,0,,NA,Loren Gabel,https://assets.leaguestat.com/pwhl/240x240/8.jpg,NA,1
17,19,1,Theresa,Schafzahl,TUH-reh-zuh SHAWF-zahl,,L,"Weiz, AUT",AUT,,"Weiz, Austria",Weiz,,Austria,"Weiz, ",5'8,0,5-8,0,,17,Signed,2000-04-12,'00,2000-04-12,1,2,,1,PWHL Boston,PWHL,37,1,8,F,,17,*,5'8,0,,NA,Theresa Schafzahl,https://assets.leaguestat.com/pwhl/240x240/17.jpg,NA,1
16,18,1,Jamie Lee,Rattray,JAY-mee LEE RAH-tray,,L,"Kanata, ON",Ontario,,"Kanata, Ontario",Kanata,Ontario,Canada,"Kanata, Ontario",5'6,0,5-6,0,,16,Signed,1992-09-30,'92,1992-09-30,1,2,,1,PWHL Boston,PWHL,47,0,8,F,,16,&nbsp;,5'6,0,,NA,Jamie Lee Rattray,https://assets.leaguestat.com/pwhl/240x240/16.jpg,NA,1
108,138,1,Samantha,Isbell,,,L,"Thunder Bay, ON",,,"Thunder Bay, Ontario",Thunder Bay,Ontario,Canada,"Thunder Bay, Ontario",5'7,0,5-7,0,,108,None,1998-02-17,'98,1998-02-17,1,2,,1,PWHL Boston,PWHL,55,0,8,F,,108,&nbsp;,5'7,0,,NA,Samantha Isbell,https://assets.leaguestat.com/pwhl/240x240/108.jpg,NA,1
14,16,1,Nicole,Kosta,,,R,"Mississauga, ON",Ontario,,,,,,,,,,0,,14,None,1993-02-27,'93,1993-02-27,1,2,,1,PWHL Boston,PWHL,77,0,8,F,,14,&nbsp;,,,,NA,Nicole Kosta,https://assets.leaguestat.com/pwhl/240x240/14.jpg,NA,1
78,95,1,Susanna,Tapani,SOO-zan-uh TAH-pah-nee,,L,"Turku, FIN",Finland,,"Turku, Finland",Turku,,Finland,"Turku, ",5'10,0,5-10,0,,78,Signed,1993-03-02,'93,1993-03-02,1,1,*,1,PWHL Boston,PWHL,88,0,8,F,,78,&nbsp;,5'10,0,,NA,Susanna Tapani,https://assets.leaguestat.com/pwhl/240x240/78.jpg,NA,1
10,12,1,Jess,Healey,,,L,"Edmonton, AB",Alberta,,,,,,,,,,0,,10,None,1996-10-14,'96,1996-10-14,1,2,,1,PWHL Boston,PWHL,97,0,1,D,,10,&nbsp;,,,,NA,Jess Healey,https://assets.leaguestat.com/pwhl/240x240/10.jpg,NA,1
175,369,0,Kelly,Babstock,KEH-lee BAHB-stawk,,R,"Mississauga, ON",ON,,"Mississauga, Ontario",Mississauga,Ontario,Canada,"Mississauga, Ontario",5'5,0,5-5,0,,175,Camp Invitee,1992-08-04,'92,1992-08-04,1,2,,1,PWHL Boston,PWHL,55,0,8,F,,175,&nbsp;,5'5,0,,NA,Kelly Babstock,https://assets.leaguestat.com/pwhl/240x240/175.jpg,NA,1
24,26,1,Lee,Stecklein,LEE STEHK-lighn,,L,"Roseville, MN",Minnesota,,"Roseville , Minnesota",Roseville ,Minnesota,United States,"Roseville , Minnesota","6'0""",0,"6-0""",0,,24,None,1994-04-23,'94,1994-04-23,2,2,,2,PWHL Minnesota,PWHL,2,0,1,D,,24,&nbsp;,"6'0""",0,,NA,Lee Stecklein,https://assets.leaguestat.com/pwhl/240x240/24.jpg,NA,1
120,150,1,Nikki,Nightengale,,,L,"Bloomington, MN",,,,,,,,,,,0,,120,None,1998-04-05,'98,1998-04-05,2,2,,2,PWHL Minnesota,PWHL,5,0,1,D,,120,&nbsp;,,,,NA,Nikki Nightengale,https://assets.leaguestat.com/pwhl/240x240/120.jpg,NA,1
102,132,1,Claire,Butorac, KLEHR BOO-TOH-rack,,R,"Andover, MN",MN,,"Andover, Minnesota",Andover,Minnesota,United States,"Andover, Minnesota",5'6,0,5-6,0,,102,Signed,1999-09-24,'99,1999-09-24,2,2,,2,PWHL Minnesota,PWHL,7,1,8,F,,102,*,5'6,0,,NA,Claire Butorac,https://assets.leaguestat.com/pwhl/240x240/102.jpg,NA,1
117,147,1,Abby,Cook,,,R,"Kelowna, BC",,,,,,,,,,,0,,117,None,1998-05-12,'98,1998-05-12,2,2,,2,PWHL Minnesota,PWHL,9,0,1,D,,117,&nbsp;,,,,NA,Abby Cook,https://assets.leaguestat.com/pwhl/240x240/117.jpg,NA,1
92,120,1,Sydney,Brodt,,,R,"North Oaks, MN",Minnesota,,,,,,,,,,0,,92,None,1998-05-03,'98,1998-05-03,2,2,,2,PWHL Minnesota,PWHL,10,0,8,F,,92,&nbsp;,,,,NA,Sydney Brodt,https://assets.leaguestat.com/pwhl/240x240/92.jpg,NA,1
103,133,1,Sophia,Kunin,,,R,"Wayzata, MN",,,,,,,,,,,0,,103,None,1997-04-03,'97,1997-04-03,2,2,,2,PWHL Minnesota,PWHL,11,0,8,F,,103,&nbsp;,,,,NA,Sophia Kunin,https://assets.leaguestat.com/pwhl/240x240/103.jpg,NA,1
23,25,1,Kelly,Pannek,KEH-LEE PAH-nehk,,R,"Plymouth, MN",Minnesota,,"Plymouth, Minnesota",Plymouth,Minnesota,United States,"Plymouth, Minnesota","5'7""",0,"5-7""",0,,23,None,1995-12-29,'95,1995-12-29,2,2,,2,PWHL Minnesota,PWHL,12,0,8,F,,23,&nbsp;,"5'7""",0,,NA,Kelly Pannek,https://assets.leaguestat.com/pwhl/240x240/23.jpg,NA,1
25,27,1,Grace,Zumwinkle,GRAYS ZUHM-wihnk-uhl,,R,"Excelsior, MN",Minnesota,,"Excelsior, Minnesota",Excelsior,Minnesota,United States,"Excelsior, Minnesota","5'9""",0,"5-9""",0,,25,None,1999-04-23,'99,1999-04-23,2,2,,2,PWHL Minnesota,PWHL,13,1,8,F,,25,*,"5'9""",0,,NA,Grace Zumwinkle,https://assets.leaguestat.com/pwhl/240x240/25.jpg,NA,1
116,146,1,Clair,DeGeorge,,,L,"Anchorage, AK",AK,,"Anchorage, Alaska",Anchorage,Alaska,United States,"Anchorage, Alaska",5'11,0,5-11,0,,116,None,1999-06-07,'99,1999-06-07,2,2,,2,PWHL Minnesota,PWHL,14,0,8,F,,116,&nbsp;,5'11,0,,NA,Clair DeGeorge,https://assets.leaguestat.com/pwhl/240x240/116.jpg,NA,1
11,13,1,Sophie,Jaques,SOH-fee JAYKS,,R,"Toronto, ON",Ontario,,"Toronto, Ontario",Toronto,Ontario,Canada,"Toronto, Ontario",5'8,0,5-8,0,,11,Camp Invitee,2000-10-16,'00,2000-10-16,2,2,,2,PWHL Minnesota,PWHL,16,1,1,D,,11,*,5'8,0,,NA,Sophie Jaques,https://assets.leaguestat.com/pwhl/240x240/11.jpg,NA,1
91,119,1,Brooke,Bryant,BRUHK BRIGH-uhnt,,R,"Linden, CA",California,United States,"Linden, California",Linden,California,United States,"Linden, California",5'6,0,5-6,0,,91,Signed,2000-08-22,'00,2000-08-22,2,2,,2,PWHL Minnesota,PWHL,17,1,8,F,,91,*,5'6,0,,NA,Brooke Bryant,https://assets.leaguestat.com/pwhl/240x240/91.jpg,NA,1
105,135,1,Brittyn,Fleming,,,L,"Oregon, Wisconsin",,,,,,,,,,,0,,105,None,1999-05-24,'99,1999-05-24,2,2,,2,PWHL Minnesota,PWHL,18,0,8,F,,105,&nbsp;,,,,NA,Brittyn Fleming,https://assets.leaguestat.com/pwhl/240x240/105.jpg,NA,1
79,96,1,Maggie,Flaherty,MAIG-ee FLAIR-tee,,L,"Lakeville, MN",Minnesota,,"Lakeville, Minnesota",Lakeville,Minnesota,United States,"Lakeville, Minnesota",5'8,0,5-8,0,,79,None,2000-06-02,'00,2000-06-02,2,2,,2,PWHL Minnesota,PWHL,19,1,1,D,,79,*,5'8,0,,NA,Maggie Flaherty,https://assets.leaguestat.com/pwhl/240x240/79.jpg,NA,1
97,125,1,Liz,Schepers,LIHZ SHEH-puhrs,,L,"Mound, MN",Minnesota,,"Mound , Minnesota",Mound ,Minnesota,United States,"Mound , Minnesota",5'7,0,5-7,0,,97,Signed,1999-02-13,'99,1999-02-13,2,2,,2,PWHL Minnesota,PWHL,21,0,8,F,,97,&nbsp;,5'7,0,,NA,Liz Schepers,https://assets.leaguestat.com/pwhl/240x240/97.jpg,NA,1
90,118,1,Natalie,Buchbinder,NAH-tuh-lee book-BIGHN-der,,R,"Fairport, NY",New York,,"Fairport, New York",Fairport,New York,United States,"Fairport, New York","5'8""",0,"5-8""",0,,90,None,1999-01-22,'99,1999-01-22,2,2,,2,PWHL Minnesota,PWHL,22,1,1,D,,90,*,"5'8""",0,,NA,Natalie Buchbinder,https://assets.leaguestat.com/pwhl/240x240/90.jpg,NA,1
129,162,1,Mellissa,Channell-Watkins,Muh-LISS-uh CHAN-uhl WHAT-kins,,L,"Plymouth, MI",,,"Plymouth, Michigan",Plymouth,Michigan,United States,"Plymouth, Michigan",5'4,0,5-4,0,,129,Signed,1994-12-16,'94,1994-12-16,2,2,,2,PWHL Minnesota,PWHL,23,0,1,D,,129,&nbsp;,5'4,0,,NA,Mellissa Channell-Watkins,https://assets.leaguestat.com/pwhl/240x240/129.jpg,NA,1
114,144,1,Abby,Boreen,,,R,"Somerset, WI",WI,,"Somerset, Wisconsin",Somerset,Wisconsin,United States,"Somerset, Wisconsin",5'8,0,5-8,0,,114,Camp Invitee,2000-04-03,'00,2000-04-03,2,2,,2,PWHL Minnesota,PWHL,24,1,8,F,,114,*,5'8,0,,NA,Abby Boreen,https://assets.leaguestat.com/pwhl/240x240/114.jpg,NA,1
118,148,1,Emma,Greco,EH-muh GREH-koh,,L,"Burlington, ON",,,"Burlington, Ontario",Burlington,Ontario,Canada,"Burlington, Ontario",5'9,0,5-9,0,,118,Signed,1995-03-06,'95,1995-03-06,2,2,,2,PWHL Minnesota,PWHL,25,0,1,D,,118,&nbsp;,5'9,0,,NA,Emma Greco,https://assets.leaguestat.com/pwhl/240x240/118.jpg,NA,1
20,22,1,Kendall,Coyne Schofield,KEHN-duhl KOIN SKOH-feeld,,L,"Palos Heights, IL",Illinois,,"Palos Heights, Illinois",Palos Heights,Illinois,United States,"Palos Heights, Illinois",5'2,0,5-2,0,,20,None,1992-05-25,'92,1992-05-25,2,2,,2,PWHL Minnesota,PWHL,26,0,8,F,,20,&nbsp;,5'2,0,,NA,Kendall Coyne Schofield,https://assets.leaguestat.com/pwhl/240x240/20.jpg,NA,1
21,23,1,Taylor,Fox,TAY-luhr HIGH-zee,,R,"Lake City, MN",Minnesota,,"Lake City, Minnesota",Lake City,Minnesota,United States,"Lake City, Minnesota",5'10,0,5-10,0,,21,None,2000-03-17,'00,2000-03-17,2,2,,2,PWHL Minnesota,PWHL,27,1,8,F,,21,*,5'10,0,,NA,Taylor Fox,https://assets.leaguestat.com/pwhl/240x240/21.jpg,NA,1
122,152,1,Amanda,Leveille,,,R,"Kingston, ON",,,,,,,,,,,0,,122,None,1994-06-10,'94,1994-06-10,2,2,,2,PWHL Minnesota,PWHL,28,0,7,G,,122,&nbsp;,,,,NA,Amanda Leveille,https://assets.leaguestat.com/pwhl/240x240/122.jpg,L,1
22,24,1,Nicole,Hensley,NIHK-ohl HEHNZ-lee,,L,"Lakewood, CO",Colorado,,"Lakewood, Colorado",Lakewood,Colorado,United States,"Lakewood, Colorado",5'7,0,5-7,0,,22,None,1994-06-23,'94,1994-06-23,2,2,,2,PWHL Minnesota,PWHL,29,0,7,G,,22,&nbsp;,5'7,0,,NA,Nicole Hensley,https://assets.leaguestat.com/pwhl/240x240/22.jpg,L,1
121,151,1,Lauren,Bench,,,R,"Eagan, MN",,,,,,,,,,,0,,121,None,1997-11-21,'97,1997-11-21,2,2,,2,PWHL Minnesota,PWHL,33,0,7,G,,121,&nbsp;,,,,NA,Lauren Bench,https://assets.leaguestat.com/pwhl/240x240/121.jpg,L,1
123,153,1,Maddie,Rooney,MAD-dee ROO-nee,,R,"Andover, MN",,,"Andover, Minnesota",Andover,Minnesota,United States,"Andover, Minnesota","5'5""",0,"5-5""",0,,123,None,1997-07-07,'97,1997-07-07,2,2,,2,PWHL Minnesota,PWHL,35,0,7,G,,123,&nbsp;,"5'5""",0,,NA,Maddie Rooney,https://assets.leaguestat.com/pwhl/240x240/123.jpg,L,1
119,149,1,Dominique,Kremer,,,R,"Napoleonville, LA",,,,,,,,,,,0,,119,None,1997-06-09,'97,1997-06-09,2,2,,2,PWHL Minnesota,PWHL,36,0,1,D,,119,&nbsp;,,,,NA,Dominique Kremer,https://assets.leaguestat.com/pwhl/240x240/119.jpg,NA,1
104,134,1,Denisa,Křížová,DUH-nee-SAH SHISH-uh-vuh,,L,"Horní Cerekev, CZE",CZE,,"Horni Cerekev, Czechia, Czechia",Horni Cerekev,Czechia,Czechia,"Horni Cerekev, Czechia","5'5""",0,"5-5""",0,,104,Camp Invitee,1994-11-03,'94,1994-11-03,2,2,,2,PWHL Minnesota,PWHL,41,0,8,F,,104,&nbsp;,"5'5""",0,,NA,Denisa Křížová,https://assets.leaguestat.com/pwhl/240x240/104.jpg,NA,1
78,95,1,Susanna,Tapani,SOO-zan-uh TAH-pah-nee,,L,"Turku, FIN",Finland,,"Turku, Finland",Turku,,Finland,"Turku, ",5'10,0,5-10,0,,78,Signed,1993-03-02,'93,1993-03-02,2,2,,2,PWHL Minnesota,PWHL,77,0,8,F,,78,&nbsp;,5'10,0,,NA,Susanna Tapani,https://assets.leaguestat.com/pwhl/240x240/78.jpg,NA,1
115,145,1,Michela,Cava,MIH-kay-luh KAH-vuh,,R,"Thunder Bay, ON",,,"Thunder Bay, Ontario",Thunder Bay,Ontario,Canada,"Thunder Bay, Ontario",5'4,0,5-4,0,,115,Camp Invitee,1994-03-26,'94,1994-03-26,2,2,,2,PWHL Minnesota,PWHL,86,0,8,F,,115,&nbsp;,5'4,0,,NA,Michela Cava,https://assets.leaguestat.com/pwhl/240x240/115.jpg,NA,1
166,201,1,Marlène,Boissonnault,,,L,"Dundee, NB",NB,Canada,"Dundee, New Brunswick",Dundee,New Brunswick,Canada,"Dundee, New Brunswick",,0,,0,,166,None,1997-06-19,'97,1997-06-19,3,2,,3,PWHL Montreal,PWHL,1,0,7,G,,166,&nbsp;,,0,,NA,Marlène Boissonnault,https://assets.leaguestat.com/pwhl/240x240/166.jpg,L,1
99,127,1,Mariah,Keopple,,,L,"Menomonie, WI",Wisconsin,,"Menomonie, Wisconsin",Menomonie,Wisconsin,United States,"Menomonie, Wisconsin",5'9,0,5-9,0,,99,None,2000-06-27,'00,2000-06-27,3,2,,3,PWHL Montreal,PWHL,2,1,1,D,,99,*,5'9,0,,NA,Mariah Keopple,https://assets.leaguestat.com/pwhl/240x240/99.jpg,NA,1
177,371,1,Brooke,Stacey,,,L,,,,,,,,,,,,0,,177,Reserve,1996-06-26,'96,1996-06-26,3,2,,3,PWHL Montreal,PWHL,3,0,8,F,,177,&nbsp;,,,,NA,Brooke Stacey,https://lscluster.hockeytech.com/img/nophoto.png,NA,1
163,198,1,Catherine,Daoust,,,R,"L’Île-Bizard, QC",,,"Montréal, Québec",Montréal,Québec,Canada,"Montréal, Québec",5'5,0,5-5,0,,163,None,1995-02-21,'95,1995-02-21,3,2,,3,PWHL Montreal,PWHL,4,0,1,D,,163,&nbsp;,5'5,0,,NA,Catherine Daoust,https://assets.leaguestat.com/pwhl/240x240/163.jpg,NA,1
162,197,1,Madison,Bizal,,,L,"Elk River, MN",USA,,,,,,,,0,,0,,162,Camp Invitee,2000-01-25,'00,2000-01-25,3,2,,3,PWHL Montreal,PWHL,6,1,1,D,,162,*,,0,,NA,Madison Bizal,https://assets.leaguestat.com/pwhl/240x240/162.jpg,NA,1
32,34,1,Laura,Stacey,STAY-see,,R,"Kleinburg, ON",Ontario,,"Kleinburg, Ontario",Kleinburg,Ontario,Canada,"Kleinburg, Ontario","5'10""",0,"5-10""",0,,32,None,1994-05-05,'94,1994-05-05,3,2,,3,PWHL Montreal,PWHL,7,0,8,F,,32,&nbsp;,"5'10""",0,,NA,Laura Stacey,https://assets.leaguestat.com/pwhl/240x240/32.jpg,NA,1
156,191,1,Gabrielle,David,,,R,"Drummondville, QC",,,"Drummondville, Québec",Drummondville,Québec,Canada,"Drummondville, Québec",5'4,0,5-4,0,,156,None,1999-06-22,'99,1999-06-22,3,2,,3,PWHL Montreal,PWHL,8,1,8,F,,156,*,5'4,0,,NA,Gabrielle David,https://assets.leaguestat.com/pwhl/240x240/156.jpg,NA,1
84,103,1,Kati,Tabin,,,L,"Winnipeg, MB",Manitoba,,"Winnipeg, Manitoba",Winnipeg,Manitoba,Canada,"Winnipeg, Manitoba","5'8""",0,"5-8""",0,,84,None,1997-04-21,'97,1997-04-21,3,2,,3,PWHL Montreal,PWHL,9,0,1,D,,84,&nbsp;,"5'8""",0,,NA,Kati Tabin,https://assets.leaguestat.com/pwhl/240x240/84.jpg,NA,1
164,199,1,Brigitte,Laganière,,,L,"Montréal, QC",,,,,,,,,,,0,,164,None,1996-08-01,'96,1996-08-01,3,2,,3,PWHL Montreal,PWHL,10,0,1,D,,164,&nbsp;,,,,NA,Brigitte Laganière,https://assets.leaguestat.com/pwhl/240x240/164.jpg,NA,1
159,194,1,Leah,Lum,,,L,"Richmond, BC",,,,,,,,,,,0,,159,None,1996-05-12,'96,1996-05-12,3,2,,3,PWHL Montreal,PWHL,12,0,8,F,,159,&nbsp;,,,,NA,Leah Lum,https://assets.leaguestat.com/pwhl/240x240/159.jpg,NA,1
27,29,1,Jillian,Dempsey,JIH-lee-in DEHMP-see,,L,"Winthrop, MA",Massachusetts,,"Winthrop, Massachussetts",Winthrop,Massachussetts,United States,"Winthrop, Massachussetts",5'5,0,5-5,0,,27,Camp Invitee,1991-01-19,'91,1991-01-19,3,2,,3,PWHL Montreal,PWHL,14,0,8,F,,27,&nbsp;,5'5,0,,NA,Jillian Dempsey,https://assets.leaguestat.com/pwhl/240x240/27.jpg,NA,1
98,126,1,Maureen,Murphy,,,R,"Buffalo, NY",New York,,"Buffalo, New York",Buffalo,New York,United States,"Buffalo, New York",5'4,0,5-4,0,,98,None,1999-12-15,'99,1999-12-15,3,2,,3,PWHL Montreal,PWHL,15,1,8,F,,98,*,5'4,0,,NA,Maureen Murphy,https://assets.leaguestat.com/pwhl/240x240/98.jpg,NA,1
158,193,1,Sarah,Lefort,,,L,"Ormstown, QC",,,,,,,,,,,0,,158,None,1994-02-09,'94,1994-02-09,3,2,,3,PWHL Montreal,PWHL,16,0,8,F,,158,&nbsp;,,,,NA,Sarah Lefort,https://assets.leaguestat.com/pwhl/240x240/158.jpg,NA,1
160,195,1,Alexandra,Poznikoff,,,R,"Edmonton, AB",,,,,,,,,,,0,,160,None,1997-05-16,'97,1997-05-16,3,2,,3,PWHL Montreal,PWHL,17,0,8,F,,160,&nbsp;,,,,NA,Alexandra Poznikoff,https://assets.leaguestat.com/pwhl/240x240/160.jpg,NA,1
138,171,1,Mikyla,Grant-Mentis,,,L,"Brampton, ON",,,"Brampton, Ontario",Brampton,Ontario,Canada,"Brampton, Ontario",5'6,0,5-6,0,,138,None,1998-07-15,'98,1998-07-15,3,2,,3,PWHL Montreal,PWHL,18,0,8,F,,138,&nbsp;,5'6,0,,NA,Mikyla Grant-Mentis,https://assets.leaguestat.com/pwhl/240x240/138.jpg,NA,1
85,104,1,Elaine,Chuli,,,L,"Waterford, ON",Ontario,,"Waterford, Ontario",Waterford,Ontario,Canada,"Waterford, Ontario",5'7,0,5-7,0,,85,None,1994-05-16,'94,1994-05-16,3,2,,3,PWHL Montreal,PWHL,20,0,7,G,,85,&nbsp;,5'7,0,,NA,Elaine Chuli,https://assets.leaguestat.com/pwhl/240x240/85.jpg,L,1
161,196,1,Tereza,Vanišová, TAH-ree-zuh VAH-nee-soh-VUH,,L,"Strakonice, CZE",CZE,,"Strakonice, Czechia, Czechia",Strakonice,Czechia,Czechia,"Strakonice, Czechia",5'7,0,5-7,0,,161,Signed,1996-01-30,'96,1996-01-30,3,2,,3,PWHL Montreal,PWHL,21,0,8,F,,161,&nbsp;,5'7,0,,NA,Tereza Vanišová,https://assets.leaguestat.com/pwhl/240x240/161.jpg,NA,1
29,31,1,Kennedy,Marchment,,,R,"Marmora, ON",Ontario,,"Marmora, Ontario",Marmora,Ontario,Canada,"Marmora, Ontario",5'8,0,5-8,0,,29,None,1996-12-06,'96,1996-12-06,3,2,,3,PWHL Montreal,PWHL,22,0,8,F,,29,&nbsp;,5'8,0,,NA,Kennedy Marchment,https://assets.leaguestat.com/pwhl/240x240/29.jpg,NA,1
83,102,1,Erin,Ambrose,,,R,"Keswick, ON",Ontario,,"Keswick, Ontario",Keswick,Ontario,Canada,"Keswick, Ontario","5'5""",0,"5-5""",0,,83,None,1994-04-30,'94,1994-04-30,3,2,,3,PWHL Montreal,PWHL,23,0,1,D,,83,&nbsp;,"5'5""",0,,NA,Erin Ambrose,https://assets.leaguestat.com/pwhl/240x240/83.jpg,NA,1
80,99,1,Ann-Sophie,Bettez,,,L,"Sept-Îles, QC",Quebec,,,,,,,,,,0,,80,None,1987-11-14,'87,1987-11-14,3,2,,3,PWHL Montreal,PWHL,24,0,8,F,,80,&nbsp;,,,,NA,Ann-Sophie Bettez,https://assets.leaguestat.com/pwhl/240x240/80.jpg,NA,1
168,203,1,Mélodie,Daoust,,,L,"Valleyfield, QC",,,,,,,,,,,0,,168,None,1992-01-07,'92,1992-01-07,3,2,,3,PWHL Montreal,PWHL,25,0,8,F,,168,&nbsp;,,,,NA,Mélodie Daoust,https://assets.leaguestat.com/pwhl/240x240/168.jpg,NA,1
81,100,1,Sarah,Bujold,,,L,"Riverview, NB",New Brunswick,,,,,,,,0,,0,,81,None,1996-02-26,'96,1996-02-26,3,2,,3,PWHL Montreal,PWHL,26,0,8,F,,81,&nbsp;,,0,,NA,Sarah Bujold,https://assets.leaguestat.com/pwhl/240x240/81.jpg,NA,1
157,192,1,Catherine,Dubois,,,L,"Charlesbourg, QC",,,"Charlesbourg, Québec",Charlesbourg,Québec,Canada,"Charlesbourg, Québec","5'10""",0,"5-10""",0,,157,None,1995-07-29,'95,1995-07-29,3,2,,3,PWHL Montreal,PWHL,28,0,8,F,,157,&nbsp;,"5'10""",0,,NA,Catherine Dubois,https://assets.leaguestat.com/pwhl/240x240/157.jpg,NA,1
31,33,1,Marie-Philip,Poulin,,,L,"Beauceville, QC",QC,,"Beauceville, Québec",Beauceville,Québec,Canada,"Beauceville, Québec",5'7,0,5-7,0,,31,None,1991-03-28,'91,1991-03-28,3,2,,3,PWHL Montreal,PWHL,29,0,8,F,,31,&nbsp;,5'7,0,,NA,Marie-Philip Poulin,https://assets.leaguestat.com/pwhl/240x240/31.jpg,NA,1
139,172,1,Liliane,Perreault,,,R,"Hinsdale, IL",,,,,,,,,,,0,,139,None,2000-03-16,'00,2000-03-16,3,2,,3,PWHL Montreal,PWHL,34,0,8,F,,139,&nbsp;,,,,NA,Liliane Perreault,https://assets.leaguestat.com/pwhl/240x240/139.jpg,NA,1
28,30,1,Ann-Renée,Desbiens,,,L,"Clermont, QC",Quebec,,"Clermont, Québec",Clermont,Québec,Canada,"Clermont, Québec","5'9""",0,"5-9""",0,,28,None,1994-04-10,'94,1994-04-10,3,2,,3,PWHL Montreal,PWHL,35,0,7,G,,28,&nbsp;,"5'9""",0,,NA,Ann-Renée Desbiens,https://assets.leaguestat.com/pwhl/240x240/28.jpg,L,1
26,28,1,Claire,Dalton,,,R,"Toronto, ON",Ontario,,"Toronto, Ontario",Toronto,Ontario,Canada,"Toronto, Ontario","5'9""",0,"5-9""",0,,26,None,2000-03-20,'00,2000-03-20,3,2,,3,PWHL Montreal,PWHL,42,1,8,F,,26,*,"5'9""",0,,NA,Claire Dalton,https://assets.leaguestat.com/pwhl/240x240/26.jpg,NA,1
30,32,1,Kristin,O'Neill,,,L,"Oakville, ON",Ontario,,"Oakville, Ontario",Oakville,Ontario,Canada,"Oakville, Ontario","5'4""",0,"5-4""",0,,30,None,1998-03-30,'98,1998-03-30,3,2,,3,PWHL Montreal,PWHL,43,0,8,F,,30,&nbsp;,"5'4""",0,,NA,Kristin O'Neill,https://assets.leaguestat.com/pwhl/240x240/30.jpg,NA,1
51,53,1,Amanda,Boulier,,,R,"Watertown, CT",Connecticut,,"Watertown, Connecticut",Watertown,Connecticut,United States,"Watertown, Connecticut","5'1""",0,"5-1""",0,,51,None,1993-03-30,'93,1993-03-30,3,2,,3,PWHL Montreal,PWHL,44,0,1,D,,51,&nbsp;,"5'1""",0,,NA,Amanda Boulier,https://assets.leaguestat.com/pwhl/240x240/51.jpg,NA,1
82,101,1,Dominika,Lásková,,,R,"Prague, CZE",CZE,Czechia,"Prague, Czechia",Prague,,Czechia,"Prague, ",5'6,0,5-6,0,,82,None,1996-12-20,'96,1996-12-20,3,2,,3,PWHL Montreal,PWHL,96,0,1,D,,82,&nbsp;,5'6,0,,NA,Dominika Lásková,https://assets.leaguestat.com/pwhl/240x240/82.jpg,NA,1
46,48,1,Olivia,Zafuto,UH-lihv-ee-uh ZUH-foo-tow ,,L,"Niagara Falls, NY",New York,,"Niagara Falls, New York",Niagara Falls,New York,United States,"Niagara Falls, New York",5'6,0,5-6,0,,46,Camp Invitee,1997-01-25,'97,1997-01-25,4,2,,4,PWHL New York,PWHL,3,0,1,D,,46,&nbsp;,5'6,0,,NA,Olivia Zafuto,https://assets.leaguestat.com/pwhl/240x240/46.jpg,NA,1
169,204,1,Claire,Thompson,,,L,"Toronto, ON",,,"Toronto, Ontario",Toronto,Ontario,Canada,"Toronto, Ontario",5'8,0,5-8,0,,169,Camp Invitee,1998-01-28,'98,1998-01-28,4,2,,4,PWHL New York,PWHL,5,0,1,D,,169,&nbsp;,5'8,0,,NA,Claire Thompson,https://assets.leaguestat.com/pwhl/240x240/169.jpg,NA,1
38,40,1,Brooke,Hobson, BRUHK HAWB-suhn,,L,"Prince Albert, SK",Saskatchewan,Canada,"Prince Albert, Saskatchewan",Prince Albert,Saskatchewan,Canada,"Prince Albert, Saskatchewan",5'6,0,5-6,0,,38,Signed,1999-05-27,'99,1999-05-27,4,2,,4,PWHL New York,PWHL,6,1,1,D,,38,*,5'6,0,,NA,Brooke Hobson,https://assets.leaguestat.com/pwhl/240x240/38.jpg,NA,1
36,38,1,Jessie,Eldridge,jeh-see EHLD-rihdj,,R,"Barrie, ON",Ontario,,"Barrie, Ontario",Barrie,Ontario,Canada,"Barrie, Ontario","5'9""",0,"5-9""",0,,36,Signed,1997-12-17,'97,1997-12-17,4,2,,4,PWHL New York,PWHL,9,0,8,F,,36,&nbsp;,"5'9""",0,,NA,Jessie Eldridge,https://assets.leaguestat.com/pwhl/240x240/36.jpg,NA,1
45,47,1,Kayla,Vespa,kay-LUH veh-SPUH,,L,"Hamilton, ON",Ontario,,"Hamilton, Ontario",Hamilton,Ontario,Canada,"Hamilton, Ontario","5'2""",0,"5-2""",0,,45,Camp Invitee,1997-04-01,'97,1997-04-01,4,2,,4,PWHL New York,PWHL,10,0,8,F,,45,&nbsp;,"5'2""",0,,NA,Kayla Vespa,https://assets.leaguestat.com/pwhl/240x240/45.jpg,NA,1
42,44,1,Abby,Roque,AH-bee rawk,,R,"Sault Ste. Marie, MI",Michigan,,"Sault Ste. Marie, Michigan",Sault Ste. Marie,Michigan,United States,"Sault Ste. Marie, Michigan","5'7""",0,"5-7""",0,,42,Signed,1997-09-25,'97,1997-09-25,4,2,,4,PWHL New York,PWHL,11,0,8,F,,42,&nbsp;,"5'7""",0,,NA,Abby Roque,https://assets.leaguestat.com/pwhl/240x240/42.jpg,NA,1
39,41,1,Alexandra,Labelle,,,L,"St-Louis-de-Gonzague, QC",,Canada,"St-Louis-de-Gonzague, QC, Québec","St-Louis-de-Gonzague, QC",Québec,Canada,"St-Louis-de-Gonzague, QC, Québec",5'7,0,5-7,0,,39,None,1996-02-27,'96,1996-02-27,4,2,,4,PWHL New York,PWHL,13,0,8,F,,39,&nbsp;,5'7,0,,NA,Alexandra Labelle,https://assets.leaguestat.com/pwhl/240x240/39.jpg,NA,1
87,106,1,Jaime,Bourbonnais,JAY-mee BUHR-buh-NAY,,R,"Mississauga, ON",Ontario,,"Mississauga,, Ontario","Mississauga,",Ontario,Canada,"Mississauga,, Ontario",5'7,0,5-7,0,,87,Signed,1998-09-09,'98,1998-09-09,4,2,,4,PWHL New York,PWHL,14,0,1,D,,87,&nbsp;,5'7,0,,NA,Jaime Bourbonnais,https://assets.leaguestat.com/pwhl/240x240/87.jpg,NA,1
146,179,1,Alexa,Gruschow,,,R,"Mechanicsburg, PA",,,,,,,,,0,,0,,146,Camp Invitee,1994-04-16,'94,1994-04-16,4,2,,4,PWHL New York,PWHL,16,0,8,F,,146,&nbsp;,,0,,NA,Alexa Gruschow,https://assets.leaguestat.com/pwhl/240x240/146.jpg,NA,1
44,46,1,Ella,Shelton,EH-LUH SHEHL-tuhn,,L,"Ingersoll, ON",Ontario,,"Ingersoll, Ontario",Ingersoll,Ontario,Canada,"Ingersoll, Ontario","5'8""",0,"5-8""",0,,44,Signed,1998-01-19,'98,1998-01-19,4,2,,4,PWHL New York,PWHL,17,0,1,D,,44,&nbsp;,"5'8""",0,,NA,Ella Shelton,https://assets.leaguestat.com/pwhl/240x240/44.jpg,NA,1
37,39,1,Élizabeth,Giguère,EH-liz-uh-bet ZHIH-gair,,R,"Quebec City, QC",Quebec,,"Québec, Québec",Québec,Québec,Canada,"Québec, Québec",5'10,0,5-10,0,,37,Signed,1997-05-08,'97,1997-05-08,4,2,,4,PWHL New York,PWHL,18,0,8,F,,37,&nbsp;,5'10,0,,NA,Élizabeth Giguère,https://assets.leaguestat.com/pwhl/240x240/37.jpg,NA,1
40,42,1,Paetyn,Levis,PAY-tuhn LEH-vihs,,R,"Rogers, MN",Minnesota,,"Rogers, Minnesota",Rogers,Minnesota,United States,"Rogers, Minnesota","5'5""",0,"5-5""",0,,40,Camp Invitee,1999-11-06,'99,1999-11-06,4,2,,4,PWHL New York,PWHL,19,1,8,F,,40,*,"5'5""",0,,NA,Paetyn Levis,https://assets.leaguestat.com/pwhl/240x240/40.jpg,NA,1
148,181,1,Madison,Packer,,,R,"Birmingham, MI",,,,,,,,,0,,0,,148,Camp Invitee,1991-06-25,'91,1991-06-25,4,2,,4,PWHL New York,PWHL,23,0,8,F,,148,&nbsp;,,0,,NA,Madison Packer,https://assets.leaguestat.com/pwhl/240x240/148.jpg,NA,1
34,36,1,Alex,Carpenter,AL-ehx KAHR-pehn-tuhr,,L,"North Reading, MA",Massachusetts,,"North Reading, Massachusetts",North Reading,Massachusetts,United States,"North Reading, Massachusetts","5'7""",0,"5-7""",0,,34,Signed,1994-04-13,'94,1994-04-13,4,2,,4,PWHL New York,PWHL,25,0,8,F,,34,&nbsp;,"5'7""",0,,NA,Alex Carpenter,https://assets.leaguestat.com/pwhl/240x240/34.jpg,NA,1
35,37,1,Jade,Downie-Landry,JAYD DOW-nee LAN-dree,,L,"St-Jean-sur-Richelieu, QC",Quebec,Canada,"St-Jean-sur-Richelieu, QC, Québec","St-Jean-sur-Richelieu, QC",Québec,Canada,"St-Jean-sur-Richelieu, QC, Québec",5'9,0,5-9,0,,35,Signed,1995-10-03,'95,1995-10-03,4,2,,4,PWHL New York,PWHL,27,0,8,F,,35,&nbsp;,5'9,0,,NA,Jade Downie-Landry,https://assets.leaguestat.com/pwhl/240x240/35.jpg,NA,1
47,49,1,Micah,Zandee-Hart,MIGHK-UH ZAN-dee HAHRT ,,L,"Saanichton, BC",BC,,"Saanichton, British Columbia",Saanichton,British Columbia,Canada,"Saanichton, British Columbia",5'8,0,5-8,0,,47,Signed,1997-01-13,'97,1997-01-13,4,2,,4,PWHL New York,PWHL,28,0,1,D,,47,&nbsp;,5'8,0,,NA,Micah Zandee-Hart,https://assets.leaguestat.com/pwhl/240x240/47.jpg,NA,1
155,188,1,Corinne,Schroeder,kohr-een SHROW-duhr,,R,"Elm Creek, MB",,,"Elm Creek, Manitoba",Elm Creek,Manitoba,Canada,"Elm Creek, Manitoba",5'11,0,5-11,0,,155,Signed,1999-08-17,'99,1999-08-17,4,2,,4,PWHL New York,PWHL,30,0,7,G,,155,&nbsp;,5'11,0,,NA,Corinne Schroeder,https://assets.leaguestat.com/pwhl/240x240/155.jpg,L,1
154,187,1,Lindsey,Post,,,R,"Chelsea, QC",,,,,,,,,,,0,,154,None,1994-01-11,'94,1994-01-11,4,2,,4,PWHL New York,PWHL,33,0,7,G,,154,&nbsp;,,,,NA,Lindsey Post,https://assets.leaguestat.com/pwhl/240x240/154.jpg,L,1
41,43,1,Abbey,Levy,AH-BEE LEE-vee,,L,"Congers, NY",New York,,"Congers, New York",Congers,New York,United States,"Congers, New York",6'1,0,6-1,0,,41,Signed,2000-04-02,'00,2000-04-02,4,2,,4,PWHL New York,PWHL,39,1,7,G,,41,*,6'1,0,,NA,Abbey Levy,https://assets.leaguestat.com/pwhl/240x240/41.jpg,L,1
149,182,1,Jill,Saulnier,JIHL SAWN-yeigh ,,L,"Halifax, NS",,,"Halifax, Nova Scotia",Halifax,Nova Scotia,Canada,"Halifax, Nova Scotia",5'5,0,5-5,0,,149,Signed,1992-03-07,'92,1992-03-07,4,2,,4,PWHL New York,PWHL,44,0,8,F,,149,&nbsp;,5'5,0,,NA,Jill Saulnier,https://assets.leaguestat.com/pwhl/240x240/149.jpg,NA,1
152,185,1,Johanna,Fällman,,,L,"Lulea, Sweden",,,,,,,,,,,0,,152,None,1990-06-21,'90,1990-06-21,4,2,,4,PWHL New York,PWHL,59,0,1,D,,152,&nbsp;,,,,NA,Johanna Fällman,https://assets.leaguestat.com/pwhl/240x240/152.jpg,NA,1
86,105,1,Emma,Woods,EH-muh WUDZ,,R,"Burford, ON",Ontario,,"Burford, Ontario",Burford,Ontario,Canada,"Burford, Ontario","5'7""",0,"5-7""",0,,86,Signed,1995-12-18,'95,1995-12-18,4,2,,4,PWHL New York,PWHL,67,0,8,F,,86,&nbsp;,"5'7""",0,,NA,Emma Woods,https://assets.leaguestat.com/pwhl/240x240/86.jpg,NA,1
147,180,1,Savannah,Norcross,,,R,"Lynn, MA",,,"Lynn, Massachusetts",Lynn,Massachusetts,United States,"Lynn, Massachusetts",5'7,0,5-7,0,,147,Camp Invitee,2000-06-10,'00,2000-06-10,4,2,,4,PWHL New York,PWHL,71,1,8,F,,147,*,5'7,0,,NA,Savannah Norcross,https://assets.leaguestat.com/pwhl/240x240/147.jpg,NA,1
153,186,1,Carley,Olivier,,,R,"Sudbury, ON",,,,,,,,,,,0,,153,None,1999-05-13,'99,1999-05-13,4,2,,4,PWHL New York,PWHL,74,1,1,D,,153,*,,,,NA,Carley Olivier,https://assets.leaguestat.com/pwhl/240x240/153.jpg,NA,1
150,183,0,Taylor,Baker,TAY-luhr BAY-kuhr,,R,"Toronto, ON",,,"Toronto, Ontario",Toronto,Ontario,Canada,"Toronto, Ontario",5'5,0,5-5,0,,150,Camp Invitee,1997-07-30,'97,1997-07-30,4,2,,4,PWHL New York,PWHL,4,0,1,D,,150,&nbsp;,5'5,0,,NA,Taylor Baker,https://assets.leaguestat.com/pwhl/240x240/150.jpg,NA,1
33,35,0,Chloé,Aurard-Bushee,CLOH-ee OH-rahrd,,L,"Villard-de-Lans, FRA",FRA,France,"Villard-de-Lans, France",Villard-de-Lans,,France,"Villard-de-Lans, ",5'6,0,5-6,0,,33,Signed,1999-03-15,'99,1999-03-15,4,2,,4,PWHL New York,PWHL,12,1,8,F,,33,*,5'6,0,,NA,Chloé Aurard-Bushee,https://assets.leaguestat.com/pwhl/240x240/33.jpg,NA,1
62,64,1,Aneta,Tejralová,AH-neh-TAH TEH-ruh-low-VAH,,L,"Prague, CZE",CZE,,"Prague, Czechia",Prague,,Czechia,"Prague, ",5'5,0,5-5,0,,62,Signed,1996-01-04,'96,1996-01-04,5,2,,5,PWHL Ottawa,PWHL,2,0,1,D,,62,&nbsp;,5'5,0,,NA,Aneta Tejralová,https://assets.leaguestat.com/pwhl/240x240/62.jpg,NA,1
52,54,1,Zoe,Boyd, ZOH-ee boy-d,,L,"Caledon East, ON",Ontario,,"Caledon East, Ontario",Caledon East,Ontario,Canada,"Caledon East, Ontario",5'8,0,5-8,0,,52,Signed,2000-08-09,'00,2000-08-09,5,2,,5,PWHL Ottawa,PWHL,3,1,1,D,,52,*,5'8,0,,NA,Zoe Boyd,https://assets.leaguestat.com/pwhl/240x240/52.jpg,NA,1
108,138,1,Samantha,Isbell,,,L,"Thunder Bay, ON",,,"Thunder Bay, Ontario",Thunder Bay,Ontario,Canada,"Thunder Bay, Ontario",5'7,0,5-7,0,,108,None,1998-02-17,'98,1998-02-17,5,2,,5,PWHL Ottawa,PWHL,5,0,8,F,,108,&nbsp;,5'7,0,,NA,Samantha Isbell,https://assets.leaguestat.com/pwhl/240x240/108.jpg,NA,1
142,175,1,Natalie,Snodgrass,NAT-uh-lee SNAWD-grahs,,L,"Eagan, MN",,,"Eagan, Minnesota",Eagan,Minnesota,United States,"Eagan, Minnesota","5'6""",0,"5-6""",0,,142,Signed,1998-12-17,'98,1998-12-17,5,2,,5,PWHL Ottawa,PWHL,8,0,8,F,,142,&nbsp;,"5'6""",0,,NA,Natalie Snodgrass,https://assets.leaguestat.com/pwhl/240x240/142.jpg,NA,1
63,65,1,Daryl,Watts,DAIR-uhl WAHTS,,L,"Toronto, ON",Ontario,,"Toronto, Ontario",Toronto,Ontario,Canada,"Toronto, Ontario","5'6""",0,"5-6""",0,,63,Signed,1999-05-15,'99,1999-05-15,5,2,,5,PWHL Ottawa,PWHL,9,0,8,F,,63,&nbsp;,"5'6""",0,,NA,Daryl Watts,https://assets.leaguestat.com/pwhl/240x240/63.jpg,NA,1
55,57,1,Becca,Gilmore,,,R,"Wayland, MA",Massachusetts,,,,,,,,,,0,,55,None,1998-02-15,'98,1998-02-15,5,2,,5,PWHL Ottawa,PWHL,10,0,8,F,,55,&nbsp;,,,,NA,Becca Gilmore,https://assets.leaguestat.com/pwhl/240x240/55.jpg,NA,1
141,174,1,Akane,Shiga,,,R,"Obihiro/Hokkaido, Japan",,,,,,,,,,,0,,141,None,2001-03-03,'01,2001-03-03,5,2,,5,PWHL Ottawa,PWHL,11,1,8,F,,141,*,,,,NA,Akane Shiga,https://assets.leaguestat.com/pwhl/240x240/141.jpg,NA,1
138,171,1,Mikyla,Grant-Mentis,,,L,"Brampton, ON",,,"Brampton, Ontario",Brampton,Ontario,Canada,"Brampton, Ontario",5'6,0,5-6,0,,138,None,1998-07-15,'98,1998-07-15,5,2,,5,PWHL Ottawa,PWHL,13,0,8,F,,138,&nbsp;,5'6,0,,NA,Mikyla Grant-Mentis,https://assets.leaguestat.com/pwhl/240x240/138.jpg,NA,1
161,196,1,Tereza,Vanišová, TAH-ree-zuh VAH-nee-soh-VUH,,L,"Strakonice, CZE",CZE,,"Strakonice, Czechia, Czechia",Strakonice,Czechia,Czechia,"Strakonice, Czechia",5'7,0,5-7,0,,161,Signed,1996-01-30,'96,1996-01-30,5,2,,5,PWHL Ottawa,PWHL,13,0,8,F,,161,&nbsp;,5'7,0,,NA,Tereza Vanišová,https://assets.leaguestat.com/pwhl/240x240/161.jpg,NA,1
61,63,1,Hayley,Scamurra,HAY-LEE SKUH-more-uh,,L,"Buffalo, NY",New York,,"Buffalo, New York",Buffalo,New York,United States,"Buffalo, New York","5'8""",0,"5-8""",0,,61,Signed,1994-12-14,'94,1994-12-14,5,2,,5,PWHL Ottawa,PWHL,14,0,8,F,,61,&nbsp;,"5'8""",0,,NA,Hayley Scamurra,https://assets.leaguestat.com/pwhl/240x240/61.jpg,NA,1
56,58,1,Savannah,Harmon,SAH-VAHN-UH HAR-mihn,,L,"Downers Grove, IL",Illinois,,"Downers Grove, Illinois",Downers Grove,Illinois,United States,"Downers Grove, Illinois","5'3""",0,"5-3""",0,,56,Signed,1995-10-27,'95,1995-10-27,5,2,,5,PWHL Ottawa,PWHL,15,0,1,D,,56,&nbsp;,"5'3""",0,,NA,Savannah Harmon,https://assets.leaguestat.com/pwhl/240x240/56.jpg,NA,1
88,107,1,Kateřina,Mrázová,KAH-teh-REE-nuh MRAH-zoh-vuh,,L,"Kolín, CZE",CZE,,"Kolín, Czechia",Kolín,,Czechia,"Kolín, ",5'4,0,5-4,0,,88,Signed,1992-10-19,'92,1992-10-19,5,2,,5,PWHL Ottawa,PWHL,16,0,8,F,,88,&nbsp;,5'4,0,,NA,Kateřina Mrázová,https://assets.leaguestat.com/pwhl/240x240/88.jpg,NA,1
57,59,1,Gabbie,Hughes,GAH-Bee HEWS,,L,"Lino Lakes, MN",Minnesota,,"Lino Lakes, Minnesota",Lino Lakes,Minnesota,United States,"Lino Lakes, Minnesota",5'9,0,5-9,0,,57,Signed,1999-10-04,'99,1999-10-04,5,2,,5,PWHL Ottawa,PWHL,17,1,8,F,,57,*,5'9,0,,NA,Gabbie Hughes,https://assets.leaguestat.com/pwhl/240x240/57.jpg,NA,1
140,173,1,Malia,Schneider,,,R,"Millarville, AB",,,"Millarville, Alberta",Millarville,Alberta,Canada,"Millarville, Alberta","5'6""",0,"5-6""",0,,140,Camp Invitee,1998-10-03,'98,1998-10-03,5,2,,5,PWHL Ottawa,PWHL,18,0,8,F,,140,&nbsp;,"5'6""",0,,NA,Malia Schneider,https://assets.leaguestat.com/pwhl/240x240/140.jpg,NA,1
58,60,1,Brianne,Jenner,BREE-an JEH-nuhr,,R,"Oakville, ON",Ontario,Canada,"Oakville, Ontario",Oakville,Ontario,Canada,"Oakville, Ontario",5'9,0,5-9,0,,58,Signed,1991-05-04,'91,1991-05-04,5,2,,5,PWHL Ottawa,PWHL,19,0,8,F,,58,&nbsp;,5'9,0,,NA,Brianne Jenner,https://assets.leaguestat.com/pwhl/240x240/58.jpg,NA,1
107,137,1,Sammy,Davis,,,L,"Pembroke, MA",,,,,,,,,,,0,,107,None,1997-04-23,'97,1997-04-23,5,2,,5,PWHL Ottawa,PWHL,20,0,8,F,,107,&nbsp;,,,,NA,Sammy Davis,https://assets.leaguestat.com/pwhl/240x240/107.jpg,NA,1
50,52,1,Ashton,Bell,ASH-tuhn BEHL,,R,"Deloraine, MB",Manitoba,,"Deloraine, MB, Manitoba","Deloraine, MB",Manitoba,Canada,"Deloraine, MB, Manitoba","5'9""",0,"5-9""",0,,50,Signed,1999-12-07,'99,1999-12-07,5,2,,5,PWHL Ottawa,PWHL,21,1,1,D,,50,*,"5'9""",0,,NA,Ashton Bell,https://assets.leaguestat.com/pwhl/240x240/50.jpg,NA,1
112,142,1,Lauren,MacInnis,,,R,,,,,,,,,,,,0,,112,None,1998-10-19,'98,1998-10-19,5,2,,5,PWHL Ottawa,PWHL,22,1,1,D,,112,*,,,,NA,Lauren MacInnis,https://assets.leaguestat.com/pwhl/240x240/112.jpg,NA,1
3,5,1,Emma,Buckles,,,L,"Toronto, ON",Ontario,,,,,,,,,,0,,3,None,1999-06-10,'99,1999-06-10,5,2,,5,PWHL Ottawa,PWHL,24,0,1,D,,3,&nbsp;,,,,NA,Emma Buckles,https://assets.leaguestat.com/pwhl/240x240/3.jpg,NA,1
54,56,1,Kristin,Della Rovere,,,R,"Caledon East, ON",Ontario,,"Caledon, Ontario",Caledon,Ontario,Canada,"Caledon, Ontario",,0,,0,,54,None,2000-11-30,'00,2000-11-30,5,2,,5,PWHL Ottawa,PWHL,25,1,8,F,,54,*,,0,,NA,Kristin Della Rovere,https://assets.leaguestat.com/pwhl/240x240/54.jpg,NA,1
53,55,1,Emily,Clark, EH-MIH-LEE KLAHRK,,L,"Saskatoon, SK",Saskatchewan,Canada,"Saskatoon, Saskatchewan",Saskatoon,Saskatchewan,Canada,"Saskatoon, Saskatchewan",5'7,0,5-7,0,,53,Signed,1995-11-28,'95,1995-11-28,5,2,,5,PWHL Ottawa,PWHL,26,0,8,F,,53,&nbsp;,5'7,0,,NA,Emily Clark,https://assets.leaguestat.com/pwhl/240x240/53.jpg,NA,1
4,6,1,Shiann,Darkangelo,SHIGH-an  DAHRK-an-juh-loh,,L,"Brighton, MI",Michigan,,"Brighton, Michigan",Brighton,Michigan,United States,"Brighton, Michigan","5'11""",0,"5-11""",0,,4,Signed,1993-11-28,'93,1993-11-28,5,2,,5,PWHL Ottawa,PWHL,27,0,8,F,,4,&nbsp;,"5'11""",0,,NA,Shiann Darkangelo,https://assets.leaguestat.com/pwhl/240x240/4.jpg,NA,1
51,53,1,Amanda,Boulier,,,R,"Watertown, CT",Connecticut,,"Watertown, Connecticut",Watertown,Connecticut,United States,"Watertown, Connecticut","5'1""",0,"5-1""",0,,51,None,1993-03-30,'93,1993-03-30,5,2,,5,PWHL Ottawa,PWHL,28,0,1,D,,51,&nbsp;,"5'1""",0,,NA,Amanda Boulier,https://assets.leaguestat.com/pwhl/240x240/51.jpg,NA,1
48,50,1,Sandra,Abstreiter,,,L,"Freising, GER",GER,Germany,"Freising, Germany",Freising,,Germany,"Freising, ","5'11""",0,"5-11""",0,,48,None,1998-07-23,'98,1998-07-23,5,2,,5,PWHL Ottawa,PWHL,30,1,7,G,,48,*,"5'11""",0,,NA,Sandra Abstreiter,https://assets.leaguestat.com/pwhl/240x240/48.jpg,L,1
145,178,1,Rachel,McQuigge,,,L,"Bowmanville, ON",,,,,,,,,,,0,,145,None,1998-10-08,'98,1998-10-08,5,2,,5,PWHL Ottawa,PWHL,34,0,7,G,,145,&nbsp;,,,,NA,Rachel McQuigge,https://assets.leaguestat.com/pwhl/240x240/145.jpg,R,1
59,61,1,Emerance,Maschmeyer,EH-muhr-ehns MASH-my-uhr,,L,"Bruderheim, AB",Alberta,,"Bruderheim, Alberta",Bruderheim,Alberta,Canada,"Bruderheim, Alberta",5'6,0,5-6,0,,59,Signed,1994-10-05,'94,1994-10-05,5,2,,5,PWHL Ottawa,PWHL,38,0,7,G,,59,&nbsp;,5'6,0,,NA,Emerance Maschmeyer,https://assets.leaguestat.com/pwhl/240x240/59.jpg,L,1
60,62,1,Jincy,Roese,JIN-see ROWZ,,L,"O'Fallon, MO",Missouri,,"O'Fallon, Missouri ",O'Fallon,Missouri ,United States,"O'Fallon, Missouri ","5'6""",0,"5-6""",0,,60,Signed,1997-05-15,'97,1997-05-15,5,2,,5,PWHL Ottawa,PWHL,71,0,1,D,,60,&nbsp;,"5'6""",0,,NA,Jincy Roese,https://assets.leaguestat.com/pwhl/240x240/60.jpg,NA,1
136,169,1,Rosalie,Demers,,,L,"Blainville, QC",,,,,,,,,,,0,,136,None,2000-06-15,'00,2000-06-15,5,2,,5,PWHL Ottawa,PWHL,81,0,8,F,,136,&nbsp;,,,,NA,Rosalie Demers,https://assets.leaguestat.com/pwhl/240x240/136.jpg,NA,1
49,51,1,Lexie,Adzija,LEHKS-ee ah-JEE-uh,,L,"St. Thomas, ON",Ontario,Canada,"St. Thomas, Ontario",St. Thomas,Ontario,Canada,"St. Thomas, Ontario","5'10""",0,"5-10""",0,,49,Signed,2000-06-30,'00,2000-06-30,5,2,,5,PWHL Ottawa,PWHL,88,1,8,F,,49,*,"5'10""",0,"Ottawa (PWHL) 2023 Round: 11 (#65), Ottawa (PWHL) 2023 Round: 11 (#65)","list(id = ""295"", person_id = ""51"", draft_round = ""11"", draft_date = """", draft_year = ""2023"", draft_rank = ""65"", draft_team = ""Ottawa"", draft_team_id = ""0"", draft_league = """", junior_team = """", show_on_roster = ""1"", draft_mode = ""4"", lang_id = ""1"", draft_type_id = ""1"", draft_type = ""PWHL"", draft_status = """")",Lexie Adzija,https://assets.leaguestat.com/pwhl/240x240/49.jpg,NA,1
137,170,1,Fanni,Garát-Gasparics,,,R,"Budapest, Hungary",,,,,,,,,,,0,,137,None,1994-11-20,'94,1994-11-20,5,2,,5,PWHL Ottawa,PWHL,94,0,8,F,,137,&nbsp;,,,,NA,Fanni Garát-Gasparics,https://assets.leaguestat.com/pwhl/240x240/137.jpg,NA,1
178,372,1,Audrey-Ann,Veilette,,,R,,,,,,,,,,,,0,,178,Reserve,2000-12-03,'00,2000-12-03,5,2,,5,PWHL Ottawa,PWHL,95,1,8,F,,178,*,,,,NA,Audrey-Ann Veilette,https://lscluster.hockeytech.com/img/nophoto.png,NA,1
144,177,0,Victoria,Howran,,,L,"Bancroft, ON",,,,,,,,,,,0,,144,None,1998-06-11,'98,1998-06-11,5,2,,5,PWHL Ottawa,PWHL,5,0,1,D,,144,&nbsp;,,,,NA,Victoria Howran,https://assets.leaguestat.com/pwhl/240x240/144.jpg,NA,1
143,176,0,Taylor,Davison,,,L,"Oakville, ON",,,,,,,,,,,0,,143,None,1998-02-18,'98,1998-02-18,5,2,,5,PWHL Ottawa,PWHL,20,0,1,D,,143,&nbsp;,,,,NA,Taylor Davison,https://assets.leaguestat.com/pwhl/240x240/143.jpg,NA,1
71,73,1,Jocelyne,Larocque,JOSS-lihn LA-rawk  ,,L,"Ste. Anne, MB",Manitoba,,"Ste. Anne, Manitoba",Ste. Anne,Manitoba,Canada,"Ste. Anne, Manitoba",5'5,0,5-5,0,,71,Signed,1988-05-19,'88,1988-05-19,6,2,,6,PWHL Toronto,PWHL,3,0,1,D,,71,&nbsp;,5'5,0,,NA,Jocelyne Larocque,https://assets.leaguestat.com/pwhl/240x240/71.jpg,NA,1
133,166,1,Lauriane,Rougeau,,,L,"Beaconsfield, QC",,,,,,,,,,,0,,133,None,1990-04-12,'90,1990-04-12,6,2,,6,PWHL Toronto,PWHL,5,0,1,D,,133,&nbsp;,,,,NA,Lauriane Rougeau,https://assets.leaguestat.com/pwhl/240x240/133.jpg,NA,1
68,70,1,Kali,Flanagan,KAH-lee FLAN-uh-gehn,,R,"Burlington, MA",,,"Burlington, Massachussetts",Burlington,Massachussetts,United States,"Burlington, Massachussetts","5'4""",0,"5-4""",0,,68,Signed,1995-09-19,'95,1995-09-19,6,2,,6,PWHL Toronto,PWHL,6,0,1,D,,68,&nbsp;,"5'4""",0,,NA,Kali Flanagan,https://assets.leaguestat.com/pwhl/240x240/68.jpg,NA,1
131,164,1,Olivia,Knowles,UH-lihv-ee-uh NOHLZ  ,,R,"Campbell River, BC",,,"Campbell River, British Columbia",Campbell River,British Columbia,Canada,"Campbell River, British Columbia",5'9,0,5-9,0,,131,Camp Invitee,1999-01-24,'99,1999-01-24,6,2,,6,PWHL Toronto,PWHL,7,0,1,D,,131,&nbsp;,5'9,0,,NA,Olivia Knowles,https://assets.leaguestat.com/pwhl/240x240/131.jpg,NA,1
101,129,1,Alexa,Vasko,AH-lehks-UH VAHS-koh,,L,"St. Catharines, ON",Ontario,Canada,"St. Catharines, Ontario",St. Catharines,Ontario,Canada,"St. Catharines, Ontario",5'5,0,5-5,0,,101,Signed,1999-02-07,'99,1999-02-07,6,2,,6,PWHL Toronto,PWHL,10,0,8,F,,101,&nbsp;,5'5,0,,NA,Alexa Vasko,https://assets.leaguestat.com/pwhl/240x240/101.jpg,NA,1
74,76,1,Allie,Munroe,AH-lee MUHN-roh,,L,"Yarmouth, NS",Nova Scotia,,"Yarmouth, Nova Scotia",Yarmouth,Nova Scotia,Canada,"Yarmouth, Nova Scotia","5'6""",0,"5-6""",0,,74,Signed,1997-04-20,'97,1997-04-20,6,2,,6,PWHL Toronto,PWHL,12,0,1,D,,74,&nbsp;,"5'6""",0,,NA,Allie Munroe,https://assets.leaguestat.com/pwhl/240x240/74.jpg,NA,1
67,69,1,Renata,Fast,REH-NAH-tuh FAST,,R,"Burlington, ON",Ontario,,"Burlington, Ontario",Burlington,Ontario,Canada,"Burlington, Ontario","5'7""",0,"5-7""",0,,67,Signed,1994-10-06,'94,1994-10-06,6,2,,6,PWHL Toronto,PWHL,14,0,1,D,,67,&nbsp;,"5'7""",0,,NA,Renata Fast,https://assets.leaguestat.com/pwhl/240x240/67.jpg,NA,1
126,159,1,Samantha,Cogan,SAH-MAN-tha KOH-guhn,,L,"Ottawa, ON",,,,,,,,"5'8""",,"5-8""",0,,126,Camp Invitee,1997-07-07,'97,1997-07-07,6,2,,6,PWHL Toronto,PWHL,17,0,8,F,,126,&nbsp;,"5'8""",,,NA,Samantha Cogan,https://assets.leaguestat.com/pwhl/240x240/126.jpg,NA,1
65,67,1,Jesse,Compher,JEH-see KUHM-fuhr,,R,"Northbrook, IL",Illinois,,"Northbrook, Illinois",Northbrook,Illinois,United States,"Northbrook, Illinois","5'8""",0,"5-8""",0,,65,Signed,1999-07-01,'99,1999-07-01,6,2,,6,PWHL Toronto,PWHL,18,1,8,F,,65,*,"5'8""",0,,NA,Jesse Compher,https://assets.leaguestat.com/pwhl/240x240/65.jpg,NA,1
72,74,1,Rebecca,Leslie,RUH-beh-kuh LEHS-lee,,R,"Ottawa, ON",Ontario,,"Ottawa, Ontario",Ottawa,Ontario,Canada,"Ottawa, Ontario",5'6,0,5-6,0,,72,Signed,1996-05-08,'96,1996-05-08,6,2,,6,PWHL Toronto,PWHL,19,0,8,F,,72,&nbsp;,5'6,0,,NA,Rebecca Leslie,https://assets.leaguestat.com/pwhl/240x240/72.jpg,NA,1
75,77,1,Sarah,Nurse,SAIR-uh NUHRS,,L,"Hamilton, ON",Ontario,,"Hamilton, Ontario",Hamilton,Ontario,Canada,"Hamilton, Ontario",5'7,0,5-7,0,,75,Signed,1995-01-04,'95,1995-01-04,6,2,,6,PWHL Toronto,PWHL,20,0,8,F,,75,&nbsp;,5'7,0,,NA,Sarah Nurse,https://assets.leaguestat.com/pwhl/240x240/75.jpg,NA,1
130,163,1,Emma,Keenan,,,L,"Calgary, AB",,,,,,,,,,,0,,130,None,1997-11-26,'97,1997-11-26,6,2,,6,PWHL Toronto,PWHL,21,0,1,D,,130,&nbsp;,,,,NA,Emma Keenan,https://assets.leaguestat.com/pwhl/240x240/130.jpg,NA,1
66,68,1,Maggie,Connors,MA-gee KAW-nuhrs,,L,"St. John's, NL",Newfoundland,,"St John's, Newfoundland",St John's,Newfoundland,Canada,"St John's, Newfoundland","5'6""",0,"5-6""",0,,66,Signed,2000-10-22,'00,2000-10-22,6,2,,6,PWHL Toronto,PWHL,22,1,8,F,,66,*,"5'6""",0,,NA,Maggie Connors,https://assets.leaguestat.com/pwhl/240x240/66.jpg,NA,1
127,160,1,Jess,Jones,,,L,"Picton, ON",,,,,,,,,,,0,,127,None,1990-08-30,'90,1990-08-30,6,2,,6,PWHL Toronto,PWHL,23,0,8,F,,127,&nbsp;,,,,NA,Jess Jones,https://assets.leaguestat.com/pwhl/240x240/127.jpg,NA,1
100,128,1,Natalie,Spooner,NAH-TAH-LEE SPOO-NER,,R,"Scarborough, ON",Ontario,,"Scarborough, Ontario",Scarborough,Ontario,Canada,"Scarborough, Ontario",5'10,0,5-10,0,,100,Signed,1990-10-17,'90,1990-10-17,6,2,,6,PWHL Toronto,PWHL,24,0,8,F,,100,&nbsp;,5'10,0,,NA,Natalie Spooner,https://assets.leaguestat.com/pwhl/240x240/100.jpg,NA,1
73,75,1,Emma,Maltais,EH-ma MAL-tay,,L,"Burlington, ON",Ontario,,"Burlington, Ontario",Burlington,Ontario,Canada,"Burlington, Ontario","5'3""",0,"5-3""",0,,73,Signed,1999-11-04,'99,1999-11-04,6,2,,6,PWHL Toronto,PWHL,27,1,8,F,,73,*,"5'3""",0,,NA,Emma Maltais,https://assets.leaguestat.com/pwhl/240x240/73.jpg,NA,1
128,161,1,Kaitlin,Willoughby,KAYT-LIHN WILL-oh-bee ,,R,"Prince Albert, SK",,,"Prince Albert, Saskatchewan",Prince Albert,Saskatchewan,Canada,"Prince Albert, Saskatchewan","5'6""",0,"5-6""",0,,128,Camp Invitee,1995-03-26,'95,1995-03-26,6,2,,6,PWHL Toronto,PWHL,28,0,8,F,,128,&nbsp;,"5'6""",0,,NA,Kaitlin Willoughby,https://assets.leaguestat.com/pwhl/240x240/128.jpg,NA,1
89,108,1,Hannah,Miller,HAN-uh MIH-luhr,,L,"North Vancouver, BC ",British Columbia,,"North Vancouver, British Columbia",North Vancouver,British Columbia,Canada,"North Vancouver, British Columbia",5'9,0,5-9,0,,89,Signed,1996-02-16,'96,1996-02-16,6,2,,6,PWHL Toronto,PWHL,34,0,8,F,,89,&nbsp;,5'9,0,,NA,Hannah Miller,https://assets.leaguestat.com/pwhl/240x240/89.jpg,NA,1
70,72,1,Erica,Howe,,,L,"Orleans, ON",Ontario,,,,,,,,,,0,,70,None,1992-07-17,'92,1992-07-17,6,2,,6,PWHL Toronto,PWHL,37,0,7,G,,70,&nbsp;,,,,NA,Erica Howe,https://assets.leaguestat.com/pwhl/240x240/70.jpg,L,1
76,78,1,Blayre,Turnbull,BLEHR TURN-bul,,R,"Stellarton, NS",Nova Scotia,,"Stellarton, Nova Scotia",Stellarton,Nova Scotia,Canada,"Stellarton, Nova Scotia","5'7""",0,"5-7""",0,,76,Signed,1993-07-15,'93,1993-07-15,6,2,,6,PWHL Toronto,PWHL,40,0,8,F,,76,&nbsp;,"5'7""",0,,NA,Blayre Turnbull,https://assets.leaguestat.com/pwhl/240x240/76.jpg,NA,1
69,71,1,Brittany,Howard,,,R,"St. Thomas, ON",Ontario,,,,,,,,,,0,,69,None,1995-11-20,'95,1995-11-20,6,2,,6,PWHL Toronto,PWHL,41,0,8,F,,69,&nbsp;,,,,NA,Brittany Howard,https://assets.leaguestat.com/pwhl/240x240/69.jpg,NA,1
64,66,1,Kristen,Campbell,KRIHS-tehn CAM-behl,,L,"Brandon, MB",Manitoba,,"Brandon, Manitoba",Brandon,Manitoba,Canada,"Brandon, Manitoba",5'10,0,5-10,0,,64,Signed,1997-11-30,'97,1997-11-30,6,2,,6,PWHL Toronto,PWHL,50,0,7,G,,64,&nbsp;,5'10,0,,NA,Kristen Campbell,https://assets.leaguestat.com/pwhl/240x240/64.jpg,L,1
125,158,1,Victoria,Bach,VIHK-TAW-REE-UH BAWK  ,,L,"Milton, ON",,,"Milton, Ontario",Milton,Ontario,Canada,"Milton, Ontario",5'4,0,5-4,0,,125,Signed,1996-07-12,'96,1996-07-12,6,2,,6,PWHL Toronto,PWHL,51,0,8,F,,125,&nbsp;,5'4,0,,NA,Victoria Bach,https://assets.leaguestat.com/pwhl/240x240/125.jpg,NA,1
132,165,1,Jessica,Kondas,JEH-sih-KUH KAWN-duhs,,R,"Calgary, AB",,,"Calgary, Alberta",Calgary,Alberta,Canada,"Calgary, Alberta","5'9""",0,"5-9""",0,,132,Camp Invitee,2000-01-03,'00,2000-01-03,6,2,,6,PWHL Toronto,PWHL,55,1,1,D,,132,*,"5'9""",0,,NA,Jessica Kondas,https://assets.leaguestat.com/pwhl/240x240/132.jpg,NA,1
134,167,1,Carly,Jackson,CAR-lee JAK-sun,,R,"Amherst, NS",,,"Amherst, Nova Scotia",Amherst,Nova Scotia,Canada,"Amherst, Nova Scotia","5'5""",0,"5-5""",0,,134,Signed,1997-06-23,'97,1997-06-23,6,2,,6,PWHL Toronto,PWHL,70,0,7,G,,134,&nbsp;,"5'5""",0,,NA,Carly Jackson,https://assets.leaguestat.com/pwhl/240x240/134.jpg,L,1
165,200,1,Maude,Poulin-Labelle,,,L,"Sherbrooke, QC",,,,,,,,,,,0,,165,Camp Invitee,1999-11-23,'99,1999-11-23,6,2,,6,PWHL Toronto,PWHL,76,1,1,D,,165,*,,,,NA,Maude Poulin-Labelle,https://assets.leaguestat.com/pwhl/240x240/165.jpg,NA,1
2,4,1,Emily,Brown,EHM-IHL-EE BROWN,,L,"Blaine, MN",Minnesota,,"Blaine, Minnesota",Blaine,Minnesota,United States,"Blaine, Minnesota",5'7,0,5-7,0,,2,Signed,1998-12-30,'98,1998-12-30,1,2,,1,PWHL Boston,PWHL,2,0,1,D,,2,&nbsp;,5'7,0,,NA,Emily Brown,https://assets.leaguestat.com/pwhl/240x240/2.jpg,NA,2
12,14,1,Megan,Keller,MEH-GIHN KEH-LER,,L,"Farmington, MI",Michigan,,"Farmington, Michigan",Farmington,Michigan,United States,"Farmington, Michigan",5'11,0,5-11,0,,12,Signed,1996-05-01,'96,1996-05-01,1,2,,1,PWHL Boston,PWHL,5,0,1,D,,12,&nbsp;,5'11,0,,NA,Megan Keller,https://assets.leaguestat.com/pwhl/240x240/12.jpg,NA,2
106,136,1,McKenna,Brand,,,L,"Park Rapids, MN",,,,,,,,,,,0,,106,None,1996-05-18,'96,1996-05-18,1,2,,1,PWHL Boston,PWHL,7,0,8,F,,106,&nbsp;,,,,NA,McKenna Brand,https://assets.leaguestat.com/pwhl/240x240/106.jpg,NA,2
18,20,1,Sophie,Shirley,SO-FEE SHUHR-lee,,R,"Saskatoon, SK",Saskatchewan,,"Saskatoon, Saskatchewan",Saskatoon,Saskatchewan,Canada,"Saskatoon, Saskatchewan",5'9,0,5-9,0,,18,Signed,1999-06-30,'99,1999-06-30,1,2,,1,PWHL Boston,PWHL,9,0,8,F,,18,&nbsp;,5'9,0,,NA,Sophie Shirley,https://assets.leaguestat.com/pwhl/240x240/18.jpg,NA,2
15,17,1,Alina,Müller,AH-lee-na MEW-LER,,L,"Winterthur, SWI",SWI,Switzerland,"Winterthur, Switzerland",Winterthur,,Switzerland,"Winterthur, ",5'5,0,5-5,0,,15,Signed,1998-03-12,'98,1998-03-12,1,2,,1,PWHL Boston,PWHL,11,1,8,F,,15,*,5'5,0,,NA,Alina Müller,https://assets.leaguestat.com/pwhl/240x240/15.jpg,NA,2
111,141,1,Taylor,Wenczkowski,,,R,,,,,,,,,,,,0,,111,None,1997-09-25,'97,1997-09-25,1,2,,1,PWHL Boston,PWHL,12,0,8,F,,111,&nbsp;,,,,NA,Taylor Wenczkowski,https://assets.leaguestat.com/pwhl/240x240/111.jpg,NA,2
7,9,1,Kaleigh,Fratkin,,,R,"Burnaby, BC",British Columbia,,,,,,,,,,0,,7,None,1992-03-24,'92,1992-03-24,1,2,,1,PWHL Boston,PWHL,13,0,1,D,,7,&nbsp;,,,,NA,Kaleigh Fratkin,https://assets.leaguestat.com/pwhl/240x240/7.jpg,NA,2
110,140,1,Amanda,Pelkey,AH-man-da PEHL-kee,,R,"Montpelier, VT",,,"Montpelier, Vermont",Montpelier,Vermont,United States,"Montpelier, Vermont",5'3,0,5-3,0,,110,Camp Invitee,1993-05-29,'93,1993-05-29,1,2,,1,PWHL Boston,PWHL,16,0,8,F,,110,&nbsp;,5'3,0,,NA,Amanda Pelkey,https://assets.leaguestat.com/pwhl/240x240/110.jpg,NA,2
9,11,1,Taylor,Girard,TAY-luhr JAH-rahrd,,L,"Macomb, MI",Michigan,,"Macomb, Michigan",Macomb,Michigan,United States,"Macomb, Michigan",5'10,0,5-10,0,,9,Signed,1998-07-17,'98,1998-07-17,1,2,,1,PWHL Boston,PWHL,17,0,8,F,,9,&nbsp;,5'10,0,,NA,Taylor Girard,https://assets.leaguestat.com/pwhl/240x240/9.jpg,NA,2
11,13,1,Sophie,Jaques,SOH-fee JAYKS,,R,"Toronto, ON",Ontario,,"Toronto, Ontario",Toronto,Ontario,Canada,"Toronto, Ontario",5'8,0,5-8,0,,11,Camp Invitee,2000-10-16,'00,2000-10-16,1,2,,1,PWHL Boston,PWHL,18,1,1,D,,11,*,5'8,0,,NA,Sophie Jaques,https://assets.leaguestat.com/pwhl/240x240/11.jpg,NA,2
109,139,1,Gigi,Marvin,,,R,"Warroad, MN",,,,,,,,,,,0,,109,None,1987-03-07,'87,1987-03-07,1,2,,1,PWHL Boston,PWHL,19,0,8,F,,109,&nbsp;,,,,NA,Gigi Marvin,https://assets.leaguestat.com/pwhl/240x240/109.jpg,NA,2
1,3,1,Hannah,Brandt,HA-nuh BRAN-T,,R,"Vadnais Heights, MN",Minnesota,,"Vadnais Heights, Minnesota",Vadnais Heights,Minnesota,United States,"Vadnais Heights, Minnesota",5'6,0,5-6,0,,1,Signed,1993-11-27,'93,1993-11-27,1,2,,1,PWHL Boston,PWHL,20,0,8,F,,1,&nbsp;,5'6,0,,NA,Hannah Brandt,https://assets.leaguestat.com/pwhl/240x240/1.jpg,NA,2
13,15,1,Hilary,Knight,HILL-AH-REE NIGHT,,R,"Sun Valley, ID",Idaho,,"Sun Valley, Idaho",Sun Valley,Idaho,United States,"Sun Valley, Idaho",5'11,0,5-11,0,,13,Signed,1989-07-12,'89,1989-07-12,1,2,,1,PWHL Boston,PWHL,21,0,8,F,,13,&nbsp;,5'11,0,,NA,Hilary Knight,https://assets.leaguestat.com/pwhl/240x240/13.jpg,NA,2
5,7,1,Jessica,DiGirolamo,JESS-IH-KAH DEE-JER-RAWL-AH-MOH,,L,"Mississauga, ON",Ontario,,"Mississauga, Ontario",Mississauga,Ontario,Canada,"Mississauga, Ontario",5'9'',0,5-,0,,5,Signed,1999-02-13,'99,1999-02-13,1,2,,1,PWHL Boston,PWHL,22,0,1,D,,5,&nbsp;,5'9'',0,,NA,Jessica DiGirolamo,https://assets.leaguestat.com/pwhl/240x240/5.jpg,NA,2
112,142,1,Lauren,MacInnis,,,R,,,,,,,,,,,,0,,112,None,1998-10-19,'98,1998-10-19,1,2,,1,PWHL Boston,PWHL,24,1,1,D,,112,*,,,,NA,Lauren MacInnis,https://assets.leaguestat.com/pwhl/240x240/112.jpg,NA,2
3,5,1,Emma,Buckles,,,L,"Toronto, ON",Ontario,,,,,,,,,,0,,3,None,1999-06-10,'99,1999-06-10,1,2,,1,PWHL Boston,PWHL,25,0,1,D,,3,&nbsp;,,,,NA,Emma Buckles,https://assets.leaguestat.com/pwhl/240x240/3.jpg,NA,2
107,137,1,Sammy,Davis,,,L,"Pembroke, MA",,,,,,,,,,,0,,107,None,1997-04-23,'97,1997-04-23,1,2,,1,PWHL Boston,PWHL,26,0,8,F,,107,&nbsp;,,,,NA,Sammy Davis,https://assets.leaguestat.com/pwhl/240x240/107.jpg,NA,2
4,6,1,Shiann,Darkangelo,SHIGH-an  DAHRK-an-juh-loh,,L,"Brighton, MI",Michigan,,"Brighton, Michigan",Brighton,Michigan,United States,"Brighton, Michigan","5'11""",0,"5-11""",0,,4,Signed,1993-11-28,'93,1993-11-28,1,2,,1,PWHL Boston,PWHL,27,0,8,F,,4,&nbsp;,"5'11""",0,,NA,Shiann Darkangelo,https://assets.leaguestat.com/pwhl/240x240/4.jpg,NA,2
19,21,1,Emma,Söderberg,EH-mah SOH-duhr-burgh,,L,"Örksköldsvik, SWE",SWE,,"Örksköldsvik, Sweden",Örksköldsvik,,Sweden,"Örksköldsvik, ",5'7,0,5-7,0,,19,Signed,1998-02-18,'98,1998-02-18,1,2,,1,PWHL Boston,PWHL,30,1,7,G,,19,*,5'7,0,,NA,Emma Söderberg,https://assets.leaguestat.com/pwhl/240x240/19.jpg,L,2
6,8,1,Aerin,Frankel,AIR-IN FRANK-uhl,,L,"Chappaqua, NY",New York,,"Chappaqua, New York",Chappaqua,New York,United States,"Chappaqua, New York",5'5,0,5-5,0,,6,Signed,1999-05-24,'99,1999-05-24,1,2,,1,PWHL Boston,PWHL,31,0,7,G,,6,&nbsp;,5'5,0,,NA,Aerin Frankel,https://assets.leaguestat.com/pwhl/240x240/6.jpg,L,2
113,143,1,Cami,Kronish,,,L,"New York, NY",NY,,,,,,,,,,0,,113,Camp Invitee,2000-02-24,'00,2000-02-24,1,2,,1,PWHL Boston,PWHL,35,1,7,G,,113,*,,,,NA,Cami Kronish,https://assets.leaguestat.com/pwhl/240x240/113.jpg,L,2
8,10,1,Loren,Gabel,LOR-en GAY-buhl,,L,"Kitchener, ON",Ontario,,"Kitchener, Ontario",Kitchener,Ontario,Canada,"Kitchener, Ontario",5'4,0,5-4,0,,8,Signed,1997-07-24,'97,1997-07-24,1,2,,1,PWHL Boston,PWHL,36,0,8,F,,8,&nbsp;,5'4,0,,NA,Loren Gabel,https://assets.leaguestat.com/pwhl/240x240/8.jpg,NA,2
17,19,1,Theresa,Schafzahl,TUH-reh-zuh SHAWF-zahl,,L,"Weiz, AUT",AUT,,"Weiz, Austria",Weiz,,Austria,"Weiz, ",5'8,0,5-8,0,,17,Signed,2000-04-12,'00,2000-04-12,1,2,,1,PWHL Boston,PWHL,37,1,8,F,,17,*,5'8,0,,NA,Theresa Schafzahl,https://assets.leaguestat.com/pwhl/240x240/17.jpg,NA,2
16,18,1,Jamie Lee,Rattray,JAY-mee LEE RAH-tray,,L,"Kanata, ON",Ontario,,"Kanata, Ontario",Kanata,Ontario,Canada,"Kanata, Ontario",5'6,0,5-6,0,,16,Signed,1992-09-30,'92,1992-09-30,1,2,,1,PWHL Boston,PWHL,47,0,8,F,,16,&nbsp;,5'6,0,,NA,Jamie Lee Rattray,https://assets.leaguestat.com/pwhl/240x240/16.jpg,NA,2
108,138,1,Samantha,Isbell,,,L,"Thunder Bay, ON",,,"Thunder Bay, Ontario",Thunder Bay,Ontario,Canada,"Thunder Bay, Ontario",5'7,0,5-7,0,,108,None,1998-02-17,'98,1998-02-17,1,2,,1,PWHL Boston,PWHL,55,0,8,F,,108,&nbsp;,5'7,0,,NA,Samantha Isbell,https://assets.leaguestat.com/pwhl/240x240/108.jpg,NA,2
14,16,1,Nicole,Kosta,,,R,"Mississauga, ON",Ontario,,,,,,,,,,0,,14,None,1993-02-27,'93,1993-02-27,1,2,,1,PWHL Boston,PWHL,77,0,8,F,,14,&nbsp;,,,,NA,Nicole Kosta,https://assets.leaguestat.com/pwhl/240x240/14.jpg,NA,2
10,12,1,Jess,Healey,,,L,"Edmonton, AB",Alberta,,,,,,,,,,0,,10,None,1996-10-14,'96,1996-10-14,1,2,,1,PWHL Boston,PWHL,97,0,1,D,,10,&nbsp;,,,,NA,Jess Healey,https://assets.leaguestat.com/pwhl/240x240/10.jpg,NA,2
24,26,1,Lee,Stecklein,LEE STEHK-lighn,,L,"Roseville, MN",Minnesota,,"Roseville , Minnesota",Roseville ,Minnesota,United States,"Roseville , Minnesota","6'0""",0,"6-0""",0,,24,None,1994-04-23,'94,1994-04-23,2,2,,2,PWHL Minnesota,PWHL,2,0,1,D,,24,&nbsp;,"6'0""",0,,NA,Lee Stecklein,https://assets.leaguestat.com/pwhl/240x240/24.jpg,NA,2
167,202,1,Sidney,Morin,SIHD-nee MOHR-ihn,,R,"Minnetonka, MN",,,"Minnetonka, Minnesota",Minnetonka,Minnesota,United States,"Minnetonka, Minnesota",5'5,0,5-5,0,,167,Signed,1995-06-06,'95,1995-06-06,2,2,,2,PWHL Minnesota,PWHL,5,0,1,D,,167,&nbsp;,5'5,0,,NA,Sidney Morin,https://assets.leaguestat.com/pwhl/240x240/167.jpg,NA,2
102,132,1,Claire,Butorac, KLEHR BOO-TOH-rack,,R,"Andover, MN",MN,,"Andover, Minnesota",Andover,Minnesota,United States,"Andover, Minnesota",5'6,0,5-6,0,,102,Signed,1999-09-24,'99,1999-09-24,2,2,,2,PWHL Minnesota,PWHL,7,1,8,F,,102,*,5'6,0,,NA,Claire Butorac,https://assets.leaguestat.com/pwhl/240x240/102.jpg,NA,2
117,147,1,Abby,Cook,,,R,"Kelowna, BC",,,,,,,,,,,0,,117,None,1998-05-12,'98,1998-05-12,2,2,,2,PWHL Minnesota,PWHL,9,0,1,D,,117,&nbsp;,,,,NA,Abby Cook,https://assets.leaguestat.com/pwhl/240x240/117.jpg,NA,2
92,120,1,Sydney,Brodt,,,R,"North Oaks, MN",Minnesota,,,,,,,,,,0,,92,None,1998-05-03,'98,1998-05-03,2,1,*,2,PWHL Minnesota,PWHL,10,0,8,F,,92,&nbsp;,,,,NA,Sydney Brodt,https://assets.leaguestat.com/pwhl/240x240/92.jpg,NA,2
103,133,1,Sophia,Kunin,,,R,"Wayzata, MN",,,,,,,,,,,0,,103,None,1997-04-03,'97,1997-04-03,2,2,,2,PWHL Minnesota,PWHL,11,0,8,F,,103,&nbsp;,,,,NA,Sophia Kunin,https://assets.leaguestat.com/pwhl/240x240/103.jpg,NA,2
23,25,1,Kelly,Pannek,KEH-LEE PAH-nehk,,R,"Plymouth, MN",Minnesota,,"Plymouth, Minnesota",Plymouth,Minnesota,United States,"Plymouth, Minnesota","5'7""",0,"5-7""",0,,23,None,1995-12-29,'95,1995-12-29,2,2,,2,PWHL Minnesota,PWHL,12,0,8,F,,23,&nbsp;,"5'7""",0,,NA,Kelly Pannek,https://assets.leaguestat.com/pwhl/240x240/23.jpg,NA,2
25,27,1,Grace,Zumwinkle,GRAYS ZUHM-wihnk-uhl,,R,"Excelsior, MN",Minnesota,,"Excelsior, Minnesota",Excelsior,Minnesota,United States,"Excelsior, Minnesota","5'9""",0,"5-9""",0,,25,None,1999-04-23,'99,1999-04-23,2,2,,2,PWHL Minnesota,PWHL,13,1,8,F,,25,*,"5'9""",0,,NA,Grace Zumwinkle,https://assets.leaguestat.com/pwhl/240x240/25.jpg,NA,2
116,146,1,Clair,DeGeorge,,,L,"Anchorage, AK",AK,,"Anchorage, Alaska",Anchorage,Alaska,United States,"Anchorage, Alaska",5'11,0,5-11,0,,116,None,1999-06-07,'99,1999-06-07,2,2,,2,PWHL Minnesota,PWHL,14,0,8,F,,116,&nbsp;,5'11,0,,NA,Clair DeGeorge,https://assets.leaguestat.com/pwhl/240x240/116.jpg,NA,2
91,119,1,Brooke,Bryant,BRUHK BRIGH-uhnt,,R,"Linden, CA",California,United States,"Linden, California",Linden,California,United States,"Linden, California",5'6,0,5-6,0,,91,Signed,2000-08-22,'00,2000-08-22,2,2,,2,PWHL Minnesota,PWHL,17,1,8,F,,91,*,5'6,0,,NA,Brooke Bryant,https://assets.leaguestat.com/pwhl/240x240/91.jpg,NA,2
105,135,1,Brittyn,Fleming,,,L,"Oregon, Wisconsin",,,,,,,,,,,0,,105,None,1999-05-24,'99,1999-05-24,2,2,,2,PWHL Minnesota,PWHL,18,0,8,F,,105,&nbsp;,,,,NA,Brittyn Fleming,https://assets.leaguestat.com/pwhl/240x240/105.jpg,NA,2
79,96,1,Maggie,Flaherty,MAIG-ee FLAIR-tee,,L,"Lakeville, MN",Minnesota,,"Lakeville, Minnesota",Lakeville,Minnesota,United States,"Lakeville, Minnesota",5'8,0,5-8,0,,79,None,2000-06-02,'00,2000-06-02,2,2,,2,PWHL Minnesota,PWHL,19,1,1,D,,79,*,5'8,0,,NA,Maggie Flaherty,https://assets.leaguestat.com/pwhl/240x240/79.jpg,NA,2
97,125,1,Liz,Schepers,LIHZ SHEH-puhrs,,L,"Mound, MN",Minnesota,,"Mound , Minnesota",Mound ,Minnesota,United States,"Mound , Minnesota",5'7,0,5-7,0,,97,Signed,1999-02-13,'99,1999-02-13,2,2,,2,PWHL Minnesota,PWHL,21,0,8,F,,97,&nbsp;,5'7,0,,NA,Liz Schepers,https://assets.leaguestat.com/pwhl/240x240/97.jpg,NA,2
90,118,1,Natalie,Buchbinder,NAH-tuh-lee book-BIGHN-der,,R,"Fairport, NY",New York,,"Fairport, New York",Fairport,New York,United States,"Fairport, New York","5'8""",0,"5-8""",0,,90,None,1999-01-22,'99,1999-01-22,2,2,,2,PWHL Minnesota,PWHL,22,1,1,D,,90,*,"5'8""",0,,NA,Natalie Buchbinder,https://assets.leaguestat.com/pwhl/240x240/90.jpg,NA,2
120,150,1,Nikki,Nightengale,,,L,"Bloomington, MN",,,,,,,,,,,0,,120,None,1998-04-05,'98,1998-04-05,2,2,,2,PWHL Minnesota,PWHL,23,0,1,D,,120,&nbsp;,,,,NA,Nikki Nightengale,https://assets.leaguestat.com/pwhl/240x240/120.jpg,NA,2
114,144,1,Abby,Boreen,,,R,"Somerset, WI",WI,,"Somerset, Wisconsin",Somerset,Wisconsin,United States,"Somerset, Wisconsin",5'8,0,5-8,0,,114,Camp Invitee,2000-04-03,'00,2000-04-03,2,2,,2,PWHL Minnesota,PWHL,24,1,8,F,,114,*,5'8,0,,NA,Abby Boreen,https://assets.leaguestat.com/pwhl/240x240/114.jpg,NA,2
118,148,1,Emma,Greco,EH-muh GREH-koh,,L,"Burlington, ON",,,"Burlington, Ontario",Burlington,Ontario,Canada,"Burlington, Ontario",5'9,0,5-9,0,,118,Signed,1995-03-06,'95,1995-03-06,2,2,,2,PWHL Minnesota,PWHL,25,0,1,D,,118,&nbsp;,5'9,0,,NA,Emma Greco,https://assets.leaguestat.com/pwhl/240x240/118.jpg,NA,2
20,22,1,Kendall,Coyne Schofield,KEHN-duhl KOIN SKOH-feeld,,L,"Palos Heights, IL",Illinois,,"Palos Heights, Illinois",Palos Heights,Illinois,United States,"Palos Heights, Illinois",5'2,0,5-2,0,,20,None,1992-05-25,'92,1992-05-25,2,2,,2,PWHL Minnesota,PWHL,26,0,8,F,,20,&nbsp;,5'2,0,,NA,Kendall Coyne Schofield,https://assets.leaguestat.com/pwhl/240x240/20.jpg,NA,2
21,23,1,Taylor,Fox,TAY-luhr HIGH-zee,,R,"Lake City, MN",Minnesota,,"Lake City, Minnesota",Lake City,Minnesota,United States,"Lake City, Minnesota",5'10,0,5-10,0,,21,None,2000-03-17,'00,2000-03-17,2,2,,2,PWHL Minnesota,PWHL,27,1,8,F,,21,*,5'10,0,,NA,Taylor Fox,https://assets.leaguestat.com/pwhl/240x240/21.jpg,NA,2
122,152,1,Amanda,Leveille,,,R,"Kingston, ON",,,,,,,,,,,0,,122,None,1994-06-10,'94,1994-06-10,2,2,,2,PWHL Minnesota,PWHL,28,0,7,G,,122,&nbsp;,,,,NA,Amanda Leveille,https://assets.leaguestat.com/pwhl/240x240/122.jpg,L,2
22,24,1,Nicole,Hensley,NIHK-ohl HEHNZ-lee,,L,"Lakewood, CO",Colorado,,"Lakewood, Colorado",Lakewood,Colorado,United States,"Lakewood, Colorado",5'7,0,5-7,0,,22,None,1994-06-23,'94,1994-06-23,2,2,,2,PWHL Minnesota,PWHL,29,0,7,G,,22,&nbsp;,5'7,0,,NA,Nicole Hensley,https://assets.leaguestat.com/pwhl/240x240/22.jpg,L,2
121,151,1,Lauren,Bench,,,R,"Eagan, MN",,,,,,,,,,,0,,121,None,1997-11-21,'97,1997-11-21,2,2,,2,PWHL Minnesota,PWHL,33,0,7,G,,121,&nbsp;,,,,NA,Lauren Bench,https://assets.leaguestat.com/pwhl/240x240/121.jpg,L,2
123,153,1,Maddie,Rooney,MAD-dee ROO-nee,,R,"Andover, MN",,,"Andover, Minnesota",Andover,Minnesota,United States,"Andover, Minnesota","5'5""",0,"5-5""",0,,123,None,1997-07-07,'97,1997-07-07,2,2,,2,PWHL Minnesota,PWHL,35,0,7,G,,123,&nbsp;,"5'5""",0,,NA,Maddie Rooney,https://assets.leaguestat.com/pwhl/240x240/123.jpg,L,2
119,149,1,Dominique,Kremer,,,R,"Napoleonville, LA",,,,,,,,,,,0,,119,None,1997-06-09,'97,1997-06-09,2,2,,2,PWHL Minnesota,PWHL,36,0,1,D,,119,&nbsp;,,,,NA,Dominique Kremer,https://assets.leaguestat.com/pwhl/240x240/119.jpg,NA,2
104,134,1,Denisa,Křížová,DUH-nee-SAH SHISH-uh-vuh,,L,"Horní Cerekev, CZE",CZE,,"Horni Cerekev, Czechia, Czechia",Horni Cerekev,Czechia,Czechia,"Horni Cerekev, Czechia","5'5""",0,"5-5""",0,,104,Camp Invitee,1994-11-03,'94,1994-11-03,2,2,,2,PWHL Minnesota,PWHL,41,0,8,F,,104,&nbsp;,"5'5""",0,,NA,Denisa Křížová,https://assets.leaguestat.com/pwhl/240x240/104.jpg,NA,2
78,95,1,Susanna,Tapani,SOO-zan-uh TAH-pah-nee,,L,"Turku, FIN",Finland,,"Turku, Finland",Turku,,Finland,"Turku, ",5'10,0,5-10,0,,78,Signed,1993-03-02,'93,1993-03-02,2,2,,2,PWHL Minnesota,PWHL,77,0,8,F,,78,&nbsp;,5'10,0,,NA,Susanna Tapani,https://assets.leaguestat.com/pwhl/240x240/78.jpg,NA,2
115,145,1,Michela,Cava,MIH-kay-luh KAH-vuh,,R,"Thunder Bay, ON",,,"Thunder Bay, Ontario",Thunder Bay,Ontario,Canada,"Thunder Bay, Ontario",5'4,0,5-4,0,,115,Camp Invitee,1994-03-26,'94,1994-03-26,2,2,,2,PWHL Minnesota,PWHL,86,0,8,F,,115,&nbsp;,5'4,0,,NA,Michela Cava,https://assets.leaguestat.com/pwhl/240x240/115.jpg,NA,2
166,201,1,Marlène,Boissonnault,,,L,"Dundee, NB",NB,Canada,"Dundee, New Brunswick",Dundee,New Brunswick,Canada,"Dundee, New Brunswick",,0,,0,,166,None,1997-06-19,'97,1997-06-19,3,2,,3,PWHL Montreal,PWHL,1,0,7,G,,166,&nbsp;,,0,,NA,Marlène Boissonnault,https://assets.leaguestat.com/pwhl/240x240/166.jpg,L,2
99,127,1,Mariah,Keopple,,,L,"Menomonie, WI",Wisconsin,,"Menomonie, Wisconsin",Menomonie,Wisconsin,United States,"Menomonie, Wisconsin",5'9,0,5-9,0,,99,None,2000-06-27,'00,2000-06-27,3,2,,3,PWHL Montreal,PWHL,2,1,1,D,,99,*,5'9,0,,NA,Mariah Keopple,https://assets.leaguestat.com/pwhl/240x240/99.jpg,NA,2
163,198,1,Catherine,Daoust,,,R,"L’Île-Bizard, QC",,,"Montréal, Québec",Montréal,Québec,Canada,"Montréal, Québec",5'5,0,5-5,0,,163,None,1995-02-21,'95,1995-02-21,3,2,,3,PWHL Montreal,PWHL,4,0,1,D,,163,&nbsp;,5'5,0,,NA,Catherine Daoust,https://assets.leaguestat.com/pwhl/240x240/163.jpg,NA,2
162,197,1,Madison,Bizal,,,L,"Elk River, MN",USA,,,,,,,,0,,0,,162,Camp Invitee,2000-01-25,'00,2000-01-25,3,2,,3,PWHL Montreal,PWHL,6,1,1,D,,162,*,,0,,NA,Madison Bizal,https://assets.leaguestat.com/pwhl/240x240/162.jpg,NA,2
32,34,1,Laura,Stacey,STAY-see,,R,"Kleinburg, ON",Ontario,,"Kleinburg, Ontario",Kleinburg,Ontario,Canada,"Kleinburg, Ontario","5'10""",0,"5-10""",0,,32,None,1994-05-05,'94,1994-05-05,3,2,,3,PWHL Montreal,PWHL,7,0,8,F,,32,&nbsp;,"5'10""",0,,NA,Laura Stacey,https://assets.leaguestat.com/pwhl/240x240/32.jpg,NA,2
156,191,1,Gabrielle,David,,,R,"Drummondville, QC",,,"Drummondville, Québec",Drummondville,Québec,Canada,"Drummondville, Québec",5'4,0,5-4,0,,156,None,1999-06-22,'99,1999-06-22,3,2,,3,PWHL Montreal,PWHL,8,1,8,F,,156,*,5'4,0,,NA,Gabrielle David,https://assets.leaguestat.com/pwhl/240x240/156.jpg,NA,2
84,103,1,Kati,Tabin,,,L,"Winnipeg, MB",Manitoba,,"Winnipeg, Manitoba",Winnipeg,Manitoba,Canada,"Winnipeg, Manitoba","5'8""",0,"5-8""",0,,84,None,1997-04-21,'97,1997-04-21,3,2,,3,PWHL Montreal,PWHL,9,0,1,D,,84,&nbsp;,"5'8""",0,,NA,Kati Tabin,https://assets.leaguestat.com/pwhl/240x240/84.jpg,NA,2
164,199,1,Brigitte,Laganière,,,L,"Montréal, QC",,,,,,,,,,,0,,164,None,1996-08-01,'96,1996-08-01,3,2,,3,PWHL Montreal,PWHL,10,0,1,D,,164,&nbsp;,,,,NA,Brigitte Laganière,https://assets.leaguestat.com/pwhl/240x240/164.jpg,NA,2
159,194,1,Leah,Lum,,,L,"Richmond, BC",,,,,,,,,,,0,,159,None,1996-05-12,'96,1996-05-12,3,2,,3,PWHL Montreal,PWHL,12,0,8,F,,159,&nbsp;,,,,NA,Leah Lum,https://assets.leaguestat.com/pwhl/240x240/159.jpg,NA,2
27,29,1,Jillian,Dempsey,JIH-lee-in DEHMP-see,,L,"Winthrop, MA",Massachusetts,,"Winthrop, Massachussetts",Winthrop,Massachussetts,United States,"Winthrop, Massachussetts",5'5,0,5-5,0,,27,Camp Invitee,1991-01-19,'91,1991-01-19,3,2,,3,PWHL Montreal,PWHL,14,0,8,F,,27,&nbsp;,5'5,0,,NA,Jillian Dempsey,https://assets.leaguestat.com/pwhl/240x240/27.jpg,NA,2
98,126,1,Maureen,Murphy,,,R,"Buffalo, NY",New York,,"Buffalo, New York",Buffalo,New York,United States,"Buffalo, New York",5'4,0,5-4,0,,98,None,1999-12-15,'99,1999-12-15,3,2,,3,PWHL Montreal,PWHL,15,1,8,F,,98,*,5'4,0,,NA,Maureen Murphy,https://assets.leaguestat.com/pwhl/240x240/98.jpg,NA,2
158,193,1,Sarah,Lefort,,,L,"Ormstown, QC",,,,,,,,,,,0,,158,None,1994-02-09,'94,1994-02-09,3,2,,3,PWHL Montreal,PWHL,16,0,8,F,,158,&nbsp;,,,,NA,Sarah Lefort,https://assets.leaguestat.com/pwhl/240x240/158.jpg,NA,2
160,195,1,Alexandra,Poznikoff,,,R,"Edmonton, AB",,,,,,,,,,,0,,160,None,1997-05-16,'97,1997-05-16,3,2,,3,PWHL Montreal,PWHL,17,0,8,F,,160,&nbsp;,,,,NA,Alexandra Poznikoff,https://assets.leaguestat.com/pwhl/240x240/160.jpg,NA,2
85,104,1,Elaine,Chuli,,,L,"Waterford, ON",Ontario,,"Waterford, Ontario",Waterford,Ontario,Canada,"Waterford, Ontario",5'7,0,5-7,0,,85,None,1994-05-16,'94,1994-05-16,3,2,,3,PWHL Montreal,PWHL,20,0,7,G,,85,&nbsp;,5'7,0,,NA,Elaine Chuli,https://assets.leaguestat.com/pwhl/240x240/85.jpg,L,2
161,196,1,Tereza,Vanišová, TAH-ree-zuh VAH-nee-soh-VUH,,L,"Strakonice, CZE",CZE,,"Strakonice, Czechia, Czechia",Strakonice,Czechia,Czechia,"Strakonice, Czechia",5'7,0,5-7,0,,161,Signed,1996-01-30,'96,1996-01-30,3,2,,3,PWHL Montreal,PWHL,21,0,8,F,,161,&nbsp;,5'7,0,,NA,Tereza Vanišová,https://assets.leaguestat.com/pwhl/240x240/161.jpg,NA,2
29,31,1,Kennedy,Marchment,,,R,"Marmora, ON",Ontario,,"Marmora, Ontario",Marmora,Ontario,Canada,"Marmora, Ontario",5'8,0,5-8,0,,29,None,1996-12-06,'96,1996-12-06,3,2,,3,PWHL Montreal,PWHL,22,0,8,F,,29,&nbsp;,5'8,0,,NA,Kennedy Marchment,https://assets.leaguestat.com/pwhl/240x240/29.jpg,NA,2
83,102,1,Erin,Ambrose,,,R,"Keswick, ON",Ontario,,"Keswick, Ontario",Keswick,Ontario,Canada,"Keswick, Ontario","5'5""",0,"5-5""",0,,83,None,1994-04-30,'94,1994-04-30,3,2,,3,PWHL Montreal,PWHL,23,0,1,D,,83,&nbsp;,"5'5""",0,,NA,Erin Ambrose,https://assets.leaguestat.com/pwhl/240x240/83.jpg,NA,2
80,99,1,Ann-Sophie,Bettez,,,L,"Sept-Îles, QC",Quebec,,,,,,,,,,0,,80,None,1987-11-14,'87,1987-11-14,3,2,,3,PWHL Montreal,PWHL,24,0,8,F,,80,&nbsp;,,,,NA,Ann-Sophie Bettez,https://assets.leaguestat.com/pwhl/240x240/80.jpg,NA,2
168,203,1,Mélodie,Daoust,,,L,"Valleyfield, QC",,,,,,,,,,,0,,168,None,1992-01-07,'92,1992-01-07,3,2,,3,PWHL Montreal,PWHL,25,0,8,F,,168,&nbsp;,,,,NA,Mélodie Daoust,https://assets.leaguestat.com/pwhl/240x240/168.jpg,NA,2
81,100,1,Sarah,Bujold,,,L,"Riverview, NB",New Brunswick,,,,,,,,0,,0,,81,None,1996-02-26,'96,1996-02-26,3,2,,3,PWHL Montreal,PWHL,26,0,8,F,,81,&nbsp;,,0,,NA,Sarah Bujold,https://assets.leaguestat.com/pwhl/240x240/81.jpg,NA,2
157,192,1,Catherine,Dubois,,,L,"Charlesbourg, QC",,,"Charlesbourg, Québec",Charlesbourg,Québec,Canada,"Charlesbourg, Québec","5'10""",0,"5-10""",0,,157,None,1995-07-29,'95,1995-07-29,3,2,,3,PWHL Montreal,PWHL,28,0,8,F,,157,&nbsp;,"5'10""",0,,NA,Catherine Dubois,https://assets.leaguestat.com/pwhl/240x240/157.jpg,NA,2
31,33,1,Marie-Philip,Poulin,,,L,"Beauceville, QC",QC,,"Beauceville, Québec",Beauceville,Québec,Canada,"Beauceville, Québec",5'7,0,5-7,0,,31,None,1991-03-28,'91,1991-03-28,3,2,,3,PWHL Montreal,PWHL,29,0,8,F,,31,&nbsp;,5'7,0,,NA,Marie-Philip Poulin,https://assets.leaguestat.com/pwhl/240x240/31.jpg,NA,2
28,30,1,Ann-Renée,Desbiens,,,L,"Clermont, QC",Quebec,,"Clermont, Québec",Clermont,Québec,Canada,"Clermont, Québec","5'9""",0,"5-9""",0,,28,None,1994-04-10,'94,1994-04-10,3,2,,3,PWHL Montreal,PWHL,35,0,7,G,,28,&nbsp;,"5'9""",0,,NA,Ann-Renée Desbiens,https://assets.leaguestat.com/pwhl/240x240/28.jpg,L,2
26,28,1,Claire,Dalton,,,R,"Toronto, ON",Ontario,,"Toronto, Ontario",Toronto,Ontario,Canada,"Toronto, Ontario","5'9""",0,"5-9""",0,,26,None,2000-03-20,'00,2000-03-20,3,2,,3,PWHL Montreal,PWHL,42,1,8,F,,26,*,"5'9""",0,,NA,Claire Dalton,https://assets.leaguestat.com/pwhl/240x240/26.jpg,NA,2
30,32,1,Kristin,O'Neill,,,L,"Oakville, ON",Ontario,,"Oakville, Ontario",Oakville,Ontario,Canada,"Oakville, Ontario","5'4""",0,"5-4""",0,,30,None,1998-03-30,'98,1998-03-30,3,2,,3,PWHL Montreal,PWHL,43,0,8,F,,30,&nbsp;,"5'4""",0,,NA,Kristin O'Neill,https://assets.leaguestat.com/pwhl/240x240/30.jpg,NA,2
165,200,1,Maude,Poulin-Labelle,,,L,"Sherbrooke, QC",,,,,,,,,,,0,,165,Camp Invitee,1999-11-23,'99,1999-11-23,3,2,,3,PWHL Montreal,PWHL,76,1,1,D,,165,*,,,,NA,Maude Poulin-Labelle,https://assets.leaguestat.com/pwhl/240x240/165.jpg,NA,2
82,101,1,Dominika,Lásková,,,R,"Prague, CZE",CZE,Czechia,"Prague, Czechia",Prague,,Czechia,"Prague, ",5'6,0,5-6,0,,82,None,1996-12-20,'96,1996-12-20,3,2,,3,PWHL Montreal,PWHL,96,0,1,D,,82,&nbsp;,5'6,0,,NA,Dominika Lásková,https://assets.leaguestat.com/pwhl/240x240/82.jpg,NA,2
46,48,1,Olivia,Zafuto,UH-lihv-ee-uh ZUH-foo-tow ,,L,"Niagara Falls, NY",New York,,"Niagara Falls, New York",Niagara Falls,New York,United States,"Niagara Falls, New York",5'6,0,5-6,0,,46,Camp Invitee,1997-01-25,'97,1997-01-25,4,2,,4,PWHL New York,PWHL,3,0,1,D,,46,&nbsp;,5'6,0,,NA,Olivia Zafuto,https://assets.leaguestat.com/pwhl/240x240/46.jpg,NA,2
151,184,1,Emily,Curlett,,,R,"Columbiaville, MI",,,,,,,,,,,0,,151,None,1999-03-04,'99,1999-03-04,4,2,,4,PWHL New York,PWHL,5,0,1,D,,151,&nbsp;,,,,NA,Emily Curlett,https://assets.leaguestat.com/pwhl/240x240/151.jpg,NA,2
38,40,1,Brooke,Hobson, BRUHK HAWB-suhn,,L,"Prince Albert, SK",Saskatchewan,Canada,"Prince Albert, Saskatchewan",Prince Albert,Saskatchewan,Canada,"Prince Albert, Saskatchewan",5'6,0,5-6,0,,38,Signed,1999-05-27,'99,1999-05-27,4,2,,4,PWHL New York,PWHL,6,1,1,D,,38,*,5'6,0,,NA,Brooke Hobson,https://assets.leaguestat.com/pwhl/240x240/38.jpg,NA,2
149,182,1,Jill,Saulnier,JIHL SAWN-yeigh ,,L,"Halifax, NS",,,"Halifax, Nova Scotia",Halifax,Nova Scotia,Canada,"Halifax, Nova Scotia",5'5,0,5-5,0,,149,Signed,1992-03-07,'92,1992-03-07,4,2,,4,PWHL New York,PWHL,9,0,8,F,,149,&nbsp;,5'5,0,,NA,Jill Saulnier,https://assets.leaguestat.com/pwhl/240x240/149.jpg,NA,2
45,47,1,Kayla,Vespa,kay-LUH veh-SPUH,,L,"Hamilton, ON",Ontario,,"Hamilton, Ontario",Hamilton,Ontario,Canada,"Hamilton, Ontario","5'2""",0,"5-2""",0,,45,Camp Invitee,1997-04-01,'97,1997-04-01,4,2,,4,PWHL New York,PWHL,10,0,8,F,,45,&nbsp;,"5'2""",0,,NA,Kayla Vespa,https://assets.leaguestat.com/pwhl/240x240/45.jpg,NA,2
42,44,1,Abby,Roque,AH-bee rawk,,R,"Sault Ste. Marie, MI",Michigan,,"Sault Ste. Marie, Michigan",Sault Ste. Marie,Michigan,United States,"Sault Ste. Marie, Michigan","5'7""",0,"5-7""",0,,42,Signed,1997-09-25,'97,1997-09-25,4,2,,4,PWHL New York,PWHL,11,0,8,F,,42,&nbsp;,"5'7""",0,,NA,Abby Roque,https://assets.leaguestat.com/pwhl/240x240/42.jpg,NA,2
39,41,1,Alexandra,Labelle,,,L,"St-Louis-de-Gonzague, QC",,Canada,"St-Louis-de-Gonzague, QC, Québec","St-Louis-de-Gonzague, QC",Québec,Canada,"St-Louis-de-Gonzague, QC, Québec",5'7,0,5-7,0,,39,None,1996-02-27,'96,1996-02-27,4,2,,4,PWHL New York,PWHL,13,0,8,F,,39,&nbsp;,5'7,0,,NA,Alexandra Labelle,https://assets.leaguestat.com/pwhl/240x240/39.jpg,NA,2
87,106,1,Jaime,Bourbonnais,JAY-mee BUHR-buh-NAY,,R,"Mississauga, ON",Ontario,,"Mississauga,, Ontario","Mississauga,",Ontario,Canada,"Mississauga,, Ontario",5'7,0,5-7,0,,87,Signed,1998-09-09,'98,1998-09-09,4,2,,4,PWHL New York,PWHL,14,0,1,D,,87,&nbsp;,5'7,0,,NA,Jaime Bourbonnais,https://assets.leaguestat.com/pwhl/240x240/87.jpg,NA,2
146,179,1,Alexa,Gruschow,,,R,"Mechanicsburg, PA",,,,,,,,,0,,0,,146,Camp Invitee,1994-04-16,'94,1994-04-16,4,2,,4,PWHL New York,PWHL,16,0,8,F,,146,&nbsp;,,0,,NA,Alexa Gruschow,https://assets.leaguestat.com/pwhl/240x240/146.jpg,NA,2
44,46,1,Ella,Shelton,EH-LUH SHEHL-tuhn,,L,"Ingersoll, ON",Ontario,,"Ingersoll, Ontario",Ingersoll,Ontario,Canada,"Ingersoll, Ontario","5'8""",0,"5-8""",0,,44,Signed,1998-01-19,'98,1998-01-19,4,2,,4,PWHL New York,PWHL,17,0,1,D,,44,&nbsp;,"5'8""",0,,NA,Ella Shelton,https://assets.leaguestat.com/pwhl/240x240/44.jpg,NA,2
37,39,1,Élizabeth,Giguère,EH-liz-uh-bet ZHIH-gair,,R,"Quebec City, QC",Quebec,,"Québec, Québec",Québec,Québec,Canada,"Québec, Québec",5'10,0,5-10,0,,37,Signed,1997-05-08,'97,1997-05-08,4,2,,4,PWHL New York,PWHL,18,0,8,F,,37,&nbsp;,5'10,0,,NA,Élizabeth Giguère,https://assets.leaguestat.com/pwhl/240x240/37.jpg,NA,2
40,42,1,Paetyn,Levis,PAY-tuhn LEH-vihs,,R,"Rogers, MN",Minnesota,,"Rogers, Minnesota",Rogers,Minnesota,United States,"Rogers, Minnesota","5'5""",0,"5-5""",0,,40,Camp Invitee,1999-11-06,'99,1999-11-06,4,2,,4,PWHL New York,PWHL,19,1,8,F,,40,*,"5'5""",0,,NA,Paetyn Levis,https://assets.leaguestat.com/pwhl/240x240/40.jpg,NA,2
148,181,1,Madison,Packer,,,R,"Birmingham, MI",,,,,,,,,0,,0,,148,Camp Invitee,1991-06-25,'91,1991-06-25,4,2,,4,PWHL New York,PWHL,23,0,8,F,,148,&nbsp;,,0,,NA,Madison Packer,https://assets.leaguestat.com/pwhl/240x240/148.jpg,NA,2
34,36,1,Alex,Carpenter,AL-ehx KAHR-pehn-tuhr,,L,"North Reading, MA",Massachusetts,,"North Reading, Massachusetts",North Reading,Massachusetts,United States,"North Reading, Massachusetts","5'7""",0,"5-7""",0,,34,Signed,1994-04-13,'94,1994-04-13,4,2,,4,PWHL New York,PWHL,25,0,8,F,,34,&nbsp;,"5'7""",0,,NA,Alex Carpenter,https://assets.leaguestat.com/pwhl/240x240/34.jpg,NA,2
35,37,1,Jade,Downie-Landry,JAYD DOW-nee LAN-dree,,L,"St-Jean-sur-Richelieu, QC",Quebec,Canada,"St-Jean-sur-Richelieu, QC, Québec","St-Jean-sur-Richelieu, QC",Québec,Canada,"St-Jean-sur-Richelieu, QC, Québec",5'9,0,5-9,0,,35,Signed,1995-10-03,'95,1995-10-03,4,2,,4,PWHL New York,PWHL,27,0,8,F,,35,&nbsp;,5'9,0,,NA,Jade Downie-Landry,https://assets.leaguestat.com/pwhl/240x240/35.jpg,NA,2
47,49,1,Micah,Zandee-Hart,MIGHK-UH ZAN-dee HAHRT ,,L,"Saanichton, BC",BC,,"Saanichton, British Columbia",Saanichton,British Columbia,Canada,"Saanichton, British Columbia",5'8,0,5-8,0,,47,Signed,1997-01-13,'97,1997-01-13,4,2,,4,PWHL New York,PWHL,28,0,1,D,,47,&nbsp;,5'8,0,,NA,Micah Zandee-Hart,https://assets.leaguestat.com/pwhl/240x240/47.jpg,NA,2
155,188,1,Corinne,Schroeder,kohr-een SHROW-duhr,,R,"Elm Creek, MB",,,"Elm Creek, Manitoba",Elm Creek,Manitoba,Canada,"Elm Creek, Manitoba",5'11,0,5-11,0,,155,Signed,1999-08-17,'99,1999-08-17,4,2,,4,PWHL New York,PWHL,30,0,7,G,,155,&nbsp;,5'11,0,,NA,Corinne Schroeder,https://assets.leaguestat.com/pwhl/240x240/155.jpg,L,2
154,187,1,Lindsey,Post,,,R,"Chelsea, QC",,,,,,,,,,,0,,154,None,1994-01-11,'94,1994-01-11,4,2,,4,PWHL New York,PWHL,33,0,7,G,,154,&nbsp;,,,,NA,Lindsey Post,https://assets.leaguestat.com/pwhl/240x240/154.jpg,L,2
41,43,1,Abbey,Levy,AH-BEE LEE-vee,,L,"Congers, NY",New York,,"Congers, New York",Congers,New York,United States,"Congers, New York",6'1,0,6-1,0,,41,Signed,2000-04-02,'00,2000-04-02,4,2,,4,PWHL New York,PWHL,39,1,7,G,,41,*,6'1,0,,NA,Abbey Levy,https://assets.leaguestat.com/pwhl/240x240/41.jpg,L,2
169,204,1,Claire,Thompson,,,L,"Toronto, ON",,,"Toronto, Ontario",Toronto,Ontario,Canada,"Toronto, Ontario",5'8,0,5-8,0,,169,Camp Invitee,1998-01-28,'98,1998-01-28,4,2,,4,PWHL New York,PWHL,42,0,1,D,,169,&nbsp;,5'8,0,,NA,Claire Thompson,https://assets.leaguestat.com/pwhl/240x240/169.jpg,NA,2
36,38,1,Jessie,Eldridge,jeh-see EHLD-rihdj,,R,"Barrie, ON",Ontario,,"Barrie, Ontario",Barrie,Ontario,Canada,"Barrie, Ontario","5'9""",0,"5-9""",0,,36,Signed,1997-12-17,'97,1997-12-17,4,2,,4,PWHL New York,PWHL,55,0,8,F,,36,&nbsp;,"5'9""",0,,NA,Jessie Eldridge,https://assets.leaguestat.com/pwhl/240x240/36.jpg,NA,2
152,185,1,Johanna,Fällman,,,L,"Lulea, Sweden",,,,,,,,,,,0,,152,None,1990-06-21,'90,1990-06-21,4,2,,4,PWHL New York,PWHL,59,0,1,D,,152,&nbsp;,,,,NA,Johanna Fällman,https://assets.leaguestat.com/pwhl/240x240/152.jpg,NA,2
86,105,1,Emma,Woods,EH-muh WUDZ,,R,"Burford, ON",Ontario,,"Burford, Ontario",Burford,Ontario,Canada,"Burford, Ontario","5'7""",0,"5-7""",0,,86,Signed,1995-12-18,'95,1995-12-18,4,2,,4,PWHL New York,PWHL,67,0,8,F,,86,&nbsp;,"5'7""",0,,NA,Emma Woods,https://assets.leaguestat.com/pwhl/240x240/86.jpg,NA,2
147,180,1,Savannah,Norcross,,,R,"Lynn, MA",,,"Lynn, Massachusetts",Lynn,Massachusetts,United States,"Lynn, Massachusetts",5'7,0,5-7,0,,147,Camp Invitee,2000-06-10,'00,2000-06-10,4,2,,4,PWHL New York,PWHL,71,1,8,F,,147,*,5'7,0,,NA,Savannah Norcross,https://assets.leaguestat.com/pwhl/240x240/147.jpg,NA,2
153,186,1,Carley,Olivier,,,R,"Sudbury, ON",,,,,,,,,,,0,,153,None,1999-05-13,'99,1999-05-13,4,2,,4,PWHL New York,PWHL,74,1,1,D,,153,*,,,,NA,Carley Olivier,https://assets.leaguestat.com/pwhl/240x240/153.jpg,NA,2
150,183,0,Taylor,Baker,TAY-luhr BAY-kuhr,,R,"Toronto, ON",,,"Toronto, Ontario",Toronto,Ontario,Canada,"Toronto, Ontario",5'5,0,5-5,0,,150,Camp Invitee,1997-07-30,'97,1997-07-30,4,2,,4,PWHL New York,PWHL,4,0,1,D,,150,&nbsp;,5'5,0,,NA,Taylor Baker,https://assets.leaguestat.com/pwhl/240x240/150.jpg,NA,2
33,35,0,Chloé,Aurard-Bushee,CLOH-ee OH-rahrd,,L,"Villard-de-Lans, FRA",FRA,France,"Villard-de-Lans, France",Villard-de-Lans,,France,"Villard-de-Lans, ",5'6,0,5-6,0,,33,Signed,1999-03-15,'99,1999-03-15,4,2,,4,PWHL New York,PWHL,12,1,8,F,,33,*,5'6,0,,NA,Chloé Aurard-Bushee,https://assets.leaguestat.com/pwhl/240x240/33.jpg,NA,2
62,64,1,Aneta,Tejralová,AH-neh-TAH TEH-ruh-low-VAH,,L,"Prague, CZE",CZE,,"Prague, Czechia",Prague,,Czechia,"Prague, ",5'5,0,5-5,0,,62,Signed,1996-01-04,'96,1996-01-04,5,2,,5,PWHL Ottawa,PWHL,2,0,1,D,,62,&nbsp;,5'5,0,,NA,Aneta Tejralová,https://assets.leaguestat.com/pwhl/240x240/62.jpg,NA,2
52,54,1,Zoe,Boyd, ZOH-ee boy-d,,L,"Caledon East, ON",Ontario,,"Caledon East, Ontario",Caledon East,Ontario,Canada,"Caledon East, Ontario",5'8,0,5-8,0,,52,Signed,2000-08-09,'00,2000-08-09,5,2,,5,PWHL Ottawa,PWHL,3,1,1,D,,52,*,5'8,0,,NA,Zoe Boyd,https://assets.leaguestat.com/pwhl/240x240/52.jpg,NA,2
142,175,1,Natalie,Snodgrass,NAT-uh-lee SNAWD-grahs,,L,"Eagan, MN",,,"Eagan, Minnesota",Eagan,Minnesota,United States,"Eagan, Minnesota","5'6""",0,"5-6""",0,,142,Signed,1998-12-17,'98,1998-12-17,5,2,,5,PWHL Ottawa,PWHL,8,0,8,F,,142,&nbsp;,"5'6""",0,,NA,Natalie Snodgrass,https://assets.leaguestat.com/pwhl/240x240/142.jpg,NA,2
63,65,1,Daryl,Watts,DAIR-uhl WAHTS,,L,"Toronto, ON",Ontario,,"Toronto, Ontario",Toronto,Ontario,Canada,"Toronto, Ontario","5'6""",0,"5-6""",0,,63,Signed,1999-05-15,'99,1999-05-15,5,2,,5,PWHL Ottawa,PWHL,9,0,8,F,,63,&nbsp;,"5'6""",0,,NA,Daryl Watts,https://assets.leaguestat.com/pwhl/240x240/63.jpg,NA,2
55,57,1,Becca,Gilmore,,,R,"Wayland, MA",Massachusetts,,,,,,,,,,0,,55,None,1998-02-15,'98,1998-02-15,5,2,,5,PWHL Ottawa,PWHL,10,0,8,F,,55,&nbsp;,,,,NA,Becca Gilmore,https://assets.leaguestat.com/pwhl/240x240/55.jpg,NA,2
141,174,1,Akane,Shiga,,,R,"Obihiro/Hokkaido, Japan",,,,,,,,,,,0,,141,None,2001-03-03,'01,2001-03-03,5,2,,5,PWHL Ottawa,PWHL,11,1,8,F,,141,*,,,,NA,Akane Shiga,https://assets.leaguestat.com/pwhl/240x240/141.jpg,NA,2
138,171,1,Mikyla,Grant-Mentis,,,L,"Brampton, ON",,,"Brampton, Ontario",Brampton,Ontario,Canada,"Brampton, Ontario",5'6,0,5-6,0,,138,None,1998-07-15,'98,1998-07-15,5,2,,5,PWHL Ottawa,PWHL,13,0,8,F,,138,&nbsp;,5'6,0,,NA,Mikyla Grant-Mentis,https://assets.leaguestat.com/pwhl/240x240/138.jpg,NA,2
61,63,1,Hayley,Scamurra,HAY-LEE SKUH-more-uh,,L,"Buffalo, NY",New York,,"Buffalo, New York",Buffalo,New York,United States,"Buffalo, New York","5'8""",0,"5-8""",0,,61,Signed,1994-12-14,'94,1994-12-14,5,2,,5,PWHL Ottawa,PWHL,14,0,8,F,,61,&nbsp;,"5'8""",0,,NA,Hayley Scamurra,https://assets.leaguestat.com/pwhl/240x240/61.jpg,NA,2
56,58,1,Savannah,Harmon,SAH-VAHN-UH HAR-mihn,,L,"Downers Grove, IL",Illinois,,"Downers Grove, Illinois",Downers Grove,Illinois,United States,"Downers Grove, Illinois","5'3""",0,"5-3""",0,,56,Signed,1995-10-27,'95,1995-10-27,5,2,,5,PWHL Ottawa,PWHL,15,0,1,D,,56,&nbsp;,"5'3""",0,,NA,Savannah Harmon,https://assets.leaguestat.com/pwhl/240x240/56.jpg,NA,2
88,107,1,Kateřina,Mrázová,KAH-teh-REE-nuh MRAH-zoh-vuh,,L,"Kolín, CZE",CZE,,"Kolín, Czechia",Kolín,,Czechia,"Kolín, ",5'4,0,5-4,0,,88,Signed,1992-10-19,'92,1992-10-19,5,2,,5,PWHL Ottawa,PWHL,16,0,8,F,,88,&nbsp;,5'4,0,,NA,Kateřina Mrázová,https://assets.leaguestat.com/pwhl/240x240/88.jpg,NA,2
57,59,1,Gabbie,Hughes,GAH-Bee HEWS,,L,"Lino Lakes, MN",Minnesota,,"Lino Lakes, Minnesota",Lino Lakes,Minnesota,United States,"Lino Lakes, Minnesota",5'9,0,5-9,0,,57,Signed,1999-10-04,'99,1999-10-04,5,2,,5,PWHL Ottawa,PWHL,17,1,8,F,,57,*,5'9,0,,NA,Gabbie Hughes,https://assets.leaguestat.com/pwhl/240x240/57.jpg,NA,2
140,173,1,Malia,Schneider,,,R,"Millarville, AB",,,"Millarville, Alberta",Millarville,Alberta,Canada,"Millarville, Alberta","5'6""",0,"5-6""",0,,140,Camp Invitee,1998-10-03,'98,1998-10-03,5,2,,5,PWHL Ottawa,PWHL,18,0,8,F,,140,&nbsp;,"5'6""",0,,NA,Malia Schneider,https://assets.leaguestat.com/pwhl/240x240/140.jpg,NA,2
58,60,1,Brianne,Jenner,BREE-an JEH-nuhr,,R,"Oakville, ON",Ontario,Canada,"Oakville, Ontario",Oakville,Ontario,Canada,"Oakville, Ontario",5'9,0,5-9,0,,58,Signed,1991-05-04,'91,1991-05-04,5,2,,5,PWHL Ottawa,PWHL,19,0,8,F,,58,&nbsp;,5'9,0,,NA,Brianne Jenner,https://assets.leaguestat.com/pwhl/240x240/58.jpg,NA,2
50,52,1,Ashton,Bell,ASH-tuhn BEHL,,R,"Deloraine, MB",Manitoba,,"Deloraine, MB, Manitoba","Deloraine, MB",Manitoba,Canada,"Deloraine, MB, Manitoba","5'9""",0,"5-9""",0,,50,Signed,1999-12-07,'99,1999-12-07,5,2,,5,PWHL Ottawa,PWHL,21,1,1,D,,50,*,"5'9""",0,,NA,Ashton Bell,https://assets.leaguestat.com/pwhl/240x240/50.jpg,NA,2
54,56,1,Kristin,Della Rovere,,,R,"Caledon East, ON",Ontario,,"Caledon, Ontario",Caledon,Ontario,Canada,"Caledon, Ontario",,0,,0,,54,None,2000-11-30,'00,2000-11-30,5,2,,5,PWHL Ottawa,PWHL,25,1,8,F,,54,*,,0,,NA,Kristin Della Rovere,https://assets.leaguestat.com/pwhl/240x240/54.jpg,NA,2
53,55,1,Emily,Clark, EH-MIH-LEE KLAHRK,,L,"Saskatoon, SK",Saskatchewan,Canada,"Saskatoon, Saskatchewan",Saskatoon,Saskatchewan,Canada,"Saskatoon, Saskatchewan",5'7,0,5-7,0,,53,Signed,1995-11-28,'95,1995-11-28,5,2,,5,PWHL Ottawa,PWHL,26,0,8,F,,53,&nbsp;,5'7,0,,NA,Emily Clark,https://assets.leaguestat.com/pwhl/240x240/53.jpg,NA,2
51,53,1,Amanda,Boulier,,,R,"Watertown, CT",Connecticut,,"Watertown, Connecticut",Watertown,Connecticut,United States,"Watertown, Connecticut","5'1""",0,"5-1""",0,,51,None,1993-03-30,'93,1993-03-30,5,2,,5,PWHL Ottawa,PWHL,28,0,1,D,,51,&nbsp;,"5'1""",0,,NA,Amanda Boulier,https://assets.leaguestat.com/pwhl/240x240/51.jpg,NA,2
48,50,1,Sandra,Abstreiter,,,L,"Freising, GER",GER,Germany,"Freising, Germany",Freising,,Germany,"Freising, ","5'11""",0,"5-11""",0,,48,None,1998-07-23,'98,1998-07-23,5,2,,5,PWHL Ottawa,PWHL,30,1,7,G,,48,*,"5'11""",0,,NA,Sandra Abstreiter,https://assets.leaguestat.com/pwhl/240x240/48.jpg,L,2
60,62,1,Jincy,Roese,JIN-see ROWZ,,L,"O'Fallon, MO",Missouri,,"O'Fallon, Missouri ",O'Fallon,Missouri ,United States,"O'Fallon, Missouri ","5'6""",0,"5-6""",0,,60,Signed,1997-05-15,'97,1997-05-15,5,2,,5,PWHL Ottawa,PWHL,33,0,1,D,,60,&nbsp;,"5'6""",0,,NA,Jincy Roese,https://assets.leaguestat.com/pwhl/240x240/60.jpg,NA,2
145,178,1,Rachel,McQuigge,,,L,"Bowmanville, ON",,,,,,,,,,,0,,145,None,1998-10-08,'98,1998-10-08,5,2,,5,PWHL Ottawa,PWHL,34,0,7,G,,145,&nbsp;,,,,NA,Rachel McQuigge,https://assets.leaguestat.com/pwhl/240x240/145.jpg,R,2
59,61,1,Emerance,Maschmeyer,EH-muhr-ehns MASH-my-uhr,,L,"Bruderheim, AB",Alberta,,"Bruderheim, Alberta",Bruderheim,Alberta,Canada,"Bruderheim, Alberta",5'6,0,5-6,0,,59,Signed,1994-10-05,'94,1994-10-05,5,2,,5,PWHL Ottawa,PWHL,38,0,7,G,,59,&nbsp;,5'6,0,,NA,Emerance Maschmeyer,https://assets.leaguestat.com/pwhl/240x240/59.jpg,L,2
139,172,1,Liliane,Perreault,,,R,"Hinsdale, IL",,,,,,,,,,,0,,139,None,2000-03-16,'00,2000-03-16,5,2,,5,PWHL Ottawa,PWHL,44,0,8,F,,139,&nbsp;,,,,NA,Liliane Perreault,https://assets.leaguestat.com/pwhl/240x240/139.jpg,NA,2
136,169,1,Rosalie,Demers,,,L,"Blainville, QC",,,,,,,,,,,0,,136,None,2000-06-15,'00,2000-06-15,5,2,,5,PWHL Ottawa,PWHL,81,0,8,F,,136,&nbsp;,,,,NA,Rosalie Demers,https://assets.leaguestat.com/pwhl/240x240/136.jpg,NA,2
49,51,1,Lexie,Adzija,LEHKS-ee ah-JEE-uh,,L,"St. Thomas, ON",Ontario,Canada,"St. Thomas, Ontario",St. Thomas,Ontario,Canada,"St. Thomas, Ontario","5'10""",0,"5-10""",0,,49,Signed,2000-06-30,'00,2000-06-30,5,2,,5,PWHL Ottawa,PWHL,88,1,8,F,,49,*,"5'10""",0,"Ottawa (PWHL) 2023 Round: 11 (#65), Ottawa (PWHL) 2023 Round: 11 (#65)","list(id = ""295"", person_id = ""51"", draft_round = ""11"", draft_date = """", draft_year = ""2023"", draft_rank = ""65"", draft_team = ""Ottawa"", draft_team_id = ""0"", draft_league = """", junior_team = """", show_on_roster = ""1"", draft_mode = ""4"", lang_id = ""1"", draft_type_id = ""1"", draft_type = ""PWHL"", draft_status = """")",Lexie Adzija,https://assets.leaguestat.com/pwhl/240x240/49.jpg,NA,2
137,170,1,Fanni,Garát-Gasparics,,,R,"Budapest, Hungary",,,,,,,,,,,0,,137,None,1994-11-20,'94,1994-11-20,5,2,,5,PWHL Ottawa,PWHL,94,0,8,F,,137,&nbsp;,,,,NA,Fanni Garát-Gasparics,https://assets.leaguestat.com/pwhl/240x240/137.jpg,NA,2
144,177,0,Victoria,Howran,,,L,"Bancroft, ON",,,,,,,,,,,0,,144,None,1998-06-11,'98,1998-06-11,5,2,,5,PWHL Ottawa,PWHL,5,0,1,D,,144,&nbsp;,,,,NA,Victoria Howran,https://assets.leaguestat.com/pwhl/240x240/144.jpg,NA,2
143,176,0,Taylor,Davison,,,L,"Oakville, ON",,,,,,,,,,,0,,143,None,1998-02-18,'98,1998-02-18,5,2,,5,PWHL Ottawa,PWHL,20,0,1,D,,143,&nbsp;,,,,NA,Taylor Davison,https://assets.leaguestat.com/pwhl/240x240/143.jpg,NA,2
129,162,1,Mellissa,Channell-Watkins,Muh-LISS-uh CHAN-uhl WHAT-kins,,L,"Plymouth, MI",,,"Plymouth, Michigan",Plymouth,Michigan,United States,"Plymouth, Michigan",5'4,0,5-4,0,,129,Signed,1994-12-16,'94,1994-12-16,6,2,,6,PWHL Toronto,PWHL,2,0,1,D,,129,&nbsp;,5'4,0,,NA,Mellissa Channell-Watkins,https://assets.leaguestat.com/pwhl/240x240/129.jpg,NA,2
71,73,1,Jocelyne,Larocque,JOSS-lihn LA-rawk  ,,L,"Ste. Anne, MB",Manitoba,,"Ste. Anne, Manitoba",Ste. Anne,Manitoba,Canada,"Ste. Anne, Manitoba",5'5,0,5-5,0,,71,Signed,1988-05-19,'88,1988-05-19,6,2,,6,PWHL Toronto,PWHL,3,0,1,D,,71,&nbsp;,5'5,0,,NA,Jocelyne Larocque,https://assets.leaguestat.com/pwhl/240x240/71.jpg,NA,2
133,166,1,Lauriane,Rougeau,,,L,"Beaconsfield, QC",,,,,,,,,,,0,,133,None,1990-04-12,'90,1990-04-12,6,2,,6,PWHL Toronto,PWHL,5,0,1,D,,133,&nbsp;,,,,NA,Lauriane Rougeau,https://assets.leaguestat.com/pwhl/240x240/133.jpg,NA,2
68,70,1,Kali,Flanagan,KAH-lee FLAN-uh-gehn,,R,"Burlington, MA",,,"Burlington, Massachussetts",Burlington,Massachussetts,United States,"Burlington, Massachussetts","5'4""",0,"5-4""",0,,68,Signed,1995-09-19,'95,1995-09-19,6,2,,6,PWHL Toronto,PWHL,6,0,1,D,,68,&nbsp;,"5'4""",0,,NA,Kali Flanagan,https://assets.leaguestat.com/pwhl/240x240/68.jpg,NA,2
131,164,1,Olivia,Knowles,UH-lihv-ee-uh NOHLZ  ,,R,"Campbell River, BC",,,"Campbell River, British Columbia",Campbell River,British Columbia,Canada,"Campbell River, British Columbia",5'9,0,5-9,0,,131,Camp Invitee,1999-01-24,'99,1999-01-24,6,2,,6,PWHL Toronto,PWHL,7,0,1,D,,131,&nbsp;,5'9,0,,NA,Olivia Knowles,https://assets.leaguestat.com/pwhl/240x240/131.jpg,NA,2
101,129,1,Alexa,Vasko,AH-lehks-UH VAHS-koh,,L,"St. Catharines, ON",Ontario,Canada,"St. Catharines, Ontario",St. Catharines,Ontario,Canada,"St. Catharines, Ontario",5'5,0,5-5,0,,101,Signed,1999-02-07,'99,1999-02-07,6,2,,6,PWHL Toronto,PWHL,10,0,8,F,,101,&nbsp;,5'5,0,,NA,Alexa Vasko,https://assets.leaguestat.com/pwhl/240x240/101.jpg,NA,2
74,76,1,Allie,Munroe,AH-lee MUHN-roh,,L,"Yarmouth, NS",Nova Scotia,,"Yarmouth, Nova Scotia",Yarmouth,Nova Scotia,Canada,"Yarmouth, Nova Scotia","5'6""",0,"5-6""",0,,74,Signed,1997-04-20,'97,1997-04-20,6,2,,6,PWHL Toronto,PWHL,12,0,1,D,,74,&nbsp;,"5'6""",0,,NA,Allie Munroe,https://assets.leaguestat.com/pwhl/240x240/74.jpg,NA,2
67,69,1,Renata,Fast,REH-NAH-tuh FAST,,R,"Burlington, ON",Ontario,,"Burlington, Ontario",Burlington,Ontario,Canada,"Burlington, Ontario","5'7""",0,"5-7""",0,,67,Signed,1994-10-06,'94,1994-10-06,6,2,,6,PWHL Toronto,PWHL,14,0,1,D,,67,&nbsp;,"5'7""",0,,NA,Renata Fast,https://assets.leaguestat.com/pwhl/240x240/67.jpg,NA,2
126,159,1,Samantha,Cogan,SAH-MAN-tha KOH-guhn,,L,"Ottawa, ON",,,,,,,,"5'8""",,"5-8""",0,,126,Camp Invitee,1997-07-07,'97,1997-07-07,6,2,,6,PWHL Toronto,PWHL,17,0,8,F,,126,&nbsp;,"5'8""",,,NA,Samantha Cogan,https://assets.leaguestat.com/pwhl/240x240/126.jpg,NA,2
65,67,1,Jesse,Compher,JEH-see KUHM-fuhr,,R,"Northbrook, IL",Illinois,,"Northbrook, Illinois",Northbrook,Illinois,United States,"Northbrook, Illinois","5'8""",0,"5-8""",0,,65,Signed,1999-07-01,'99,1999-07-01,6,2,,6,PWHL Toronto,PWHL,18,1,8,F,,65,*,"5'8""",0,,NA,Jesse Compher,https://assets.leaguestat.com/pwhl/240x240/65.jpg,NA,2
72,74,1,Rebecca,Leslie,RUH-beh-kuh LEHS-lee,,R,"Ottawa, ON",Ontario,,"Ottawa, Ontario",Ottawa,Ontario,Canada,"Ottawa, Ontario",5'6,0,5-6,0,,72,Signed,1996-05-08,'96,1996-05-08,6,2,,6,PWHL Toronto,PWHL,19,0,8,F,,72,&nbsp;,5'6,0,,NA,Rebecca Leslie,https://assets.leaguestat.com/pwhl/240x240/72.jpg,NA,2
75,77,1,Sarah,Nurse,SAIR-uh NUHRS,,L,"Hamilton, ON",Ontario,,"Hamilton, Ontario",Hamilton,Ontario,Canada,"Hamilton, Ontario",5'7,0,5-7,0,,75,Signed,1995-01-04,'95,1995-01-04,6,2,,6,PWHL Toronto,PWHL,20,0,8,F,,75,&nbsp;,5'7,0,,NA,Sarah Nurse,https://assets.leaguestat.com/pwhl/240x240/75.jpg,NA,2
130,163,1,Emma,Keenan,,,L,"Calgary, AB",,,,,,,,,,,0,,130,None,1997-11-26,'97,1997-11-26,6,2,,6,PWHL Toronto,PWHL,21,0,1,D,,130,&nbsp;,,,,NA,Emma Keenan,https://assets.leaguestat.com/pwhl/240x240/130.jpg,NA,2
66,68,1,Maggie,Connors,MA-gee KAW-nuhrs,,L,"St. John's, NL",Newfoundland,,"St John's, Newfoundland",St John's,Newfoundland,Canada,"St John's, Newfoundland","5'6""",0,"5-6""",0,,66,Signed,2000-10-22,'00,2000-10-22,6,2,,6,PWHL Toronto,PWHL,22,1,8,F,,66,*,"5'6""",0,,NA,Maggie Connors,https://assets.leaguestat.com/pwhl/240x240/66.jpg,NA,2
127,160,1,Jess,Jones,,,L,"Picton, ON",,,,,,,,,,,0,,127,None,1990-08-30,'90,1990-08-30,6,2,,6,PWHL Toronto,PWHL,23,0,8,F,,127,&nbsp;,,,,NA,Jess Jones,https://assets.leaguestat.com/pwhl/240x240/127.jpg,NA,2
100,128,1,Natalie,Spooner,NAH-TAH-LEE SPOO-NER,,R,"Scarborough, ON",Ontario,,"Scarborough, Ontario",Scarborough,Ontario,Canada,"Scarborough, Ontario",5'10,0,5-10,0,,100,Signed,1990-10-17,'90,1990-10-17,6,2,,6,PWHL Toronto,PWHL,24,0,8,F,,100,&nbsp;,5'10,0,,NA,Natalie Spooner,https://assets.leaguestat.com/pwhl/240x240/100.jpg,NA,2
73,75,1,Emma,Maltais,EH-ma MAL-tay,,L,"Burlington, ON",Ontario,,"Burlington, Ontario",Burlington,Ontario,Canada,"Burlington, Ontario","5'3""",0,"5-3""",0,,73,Signed,1999-11-04,'99,1999-11-04,6,2,,6,PWHL Toronto,PWHL,27,1,8,F,,73,*,"5'3""",0,,NA,Emma Maltais,https://assets.leaguestat.com/pwhl/240x240/73.jpg,NA,2
128,161,1,Kaitlin,Willoughby,KAYT-LIHN WILL-oh-bee ,,R,"Prince Albert, SK",,,"Prince Albert, Saskatchewan",Prince Albert,Saskatchewan,Canada,"Prince Albert, Saskatchewan","5'6""",0,"5-6""",0,,128,Camp Invitee,1995-03-26,'95,1995-03-26,6,2,,6,PWHL Toronto,PWHL,28,0,8,F,,128,&nbsp;,"5'6""",0,,NA,Kaitlin Willoughby,https://assets.leaguestat.com/pwhl/240x240/128.jpg,NA,2
89,108,1,Hannah,Miller,HAN-uh MIH-luhr,,L,"North Vancouver, BC ",British Columbia,,"North Vancouver, British Columbia",North Vancouver,British Columbia,Canada,"North Vancouver, British Columbia",5'9,0,5-9,0,,89,Signed,1996-02-16,'96,1996-02-16,6,2,,6,PWHL Toronto,PWHL,34,0,8,F,,89,&nbsp;,5'9,0,,NA,Hannah Miller,https://assets.leaguestat.com/pwhl/240x240/89.jpg,NA,2
70,72,1,Erica,Howe,,,L,"Orleans, ON",Ontario,,,,,,,,,,0,,70,None,1992-07-17,'92,1992-07-17,6,2,,6,PWHL Toronto,PWHL,37,0,7,G,,70,&nbsp;,,,,NA,Erica Howe,https://assets.leaguestat.com/pwhl/240x240/70.jpg,L,2
76,78,1,Blayre,Turnbull,BLEHR TURN-bul,,R,"Stellarton, NS",Nova Scotia,,"Stellarton, Nova Scotia",Stellarton,Nova Scotia,Canada,"Stellarton, Nova Scotia","5'7""",0,"5-7""",0,,76,Signed,1993-07-15,'93,1993-07-15,6,2,,6,PWHL Toronto,PWHL,40,0,8,F,,76,&nbsp;,"5'7""",0,,NA,Blayre Turnbull,https://assets.leaguestat.com/pwhl/240x240/76.jpg,NA,2
69,71,1,Brittany,Howard,,,R,"St. Thomas, ON",Ontario,,,,,,,,,,0,,69,None,1995-11-20,'95,1995-11-20,6,2,,6,PWHL Toronto,PWHL,41,0,8,F,,69,&nbsp;,,,,NA,Brittany Howard,https://assets.leaguestat.com/pwhl/240x240/69.jpg,NA,2
135,168,1,Amanda,Mäkelä,,,R,"Thunder Bay, ON",,,,,,,,,,,0,,135,None,1993-12-20,'93,1993-12-20,6,2,,6,PWHL Toronto,PWHL,43,0,7,G,,135,&nbsp;,,,,NA,Amanda Mäkelä,https://assets.leaguestat.com/pwhl/240x240/135.jpg,L,2
64,66,1,Kristen,Campbell,KRIHS-tehn CAM-behl,,L,"Brandon, MB",Manitoba,,"Brandon, Manitoba",Brandon,Manitoba,Canada,"Brandon, Manitoba",5'10,0,5-10,0,,64,Signed,1997-11-30,'97,1997-11-30,6,2,,6,PWHL Toronto,PWHL,50,0,7,G,,64,&nbsp;,5'10,0,,NA,Kristen Campbell,https://assets.leaguestat.com/pwhl/240x240/64.jpg,L,2
125,158,1,Victoria,Bach,VIHK-TAW-REE-UH BAWK  ,,L,"Milton, ON",,,"Milton, Ontario",Milton,Ontario,Canada,"Milton, Ontario",5'4,0,5-4,0,,125,Signed,1996-07-12,'96,1996-07-12,6,2,,6,PWHL Toronto,PWHL,51,0,8,F,,125,&nbsp;,5'4,0,,NA,Victoria Bach,https://assets.leaguestat.com/pwhl/240x240/125.jpg,NA,2
132,165,1,Jessica,Kondas,JEH-sih-KUH KAWN-duhs,,R,"Calgary, AB",,,"Calgary, Alberta",Calgary,Alberta,Canada,"Calgary, Alberta","5'9""",0,"5-9""",0,,132,Camp Invitee,2000-01-03,'00,2000-01-03,6,2,,6,PWHL Toronto,PWHL,55,1,1,D,,132,*,"5'9""",0,,NA,Jessica Kondas,https://assets.leaguestat.com/pwhl/240x240/132.jpg,NA,2
134,167,1,Carly,Jackson,CAR-lee JAK-sun,,R,"Amherst, NS",,,"Amherst, Nova Scotia",Amherst,Nova Scotia,Canada,"Amherst, Nova Scotia","5'5""",0,"5-5""",0,,134,Signed,1997-06-23,'97,1997-06-23,6,2,,6,PWHL Toronto,PWHL,70,0,7,G,,134,&nbsp;,"5'5""",0,,NA,Carly Jackson,https://assets.leaguestat.com/pwhl/240x240/134.jpg,L,2
2,4,1,Emily,Brown,EHM-IHL-EE BROWN,,L,"Blaine, MN",Minnesota,,"Blaine, Minnesota",Blaine,Minnesota,United States,"Blaine, Minnesota",5'7,0,5-7,0,,2,Signed,1998-12-30,'98,1998-12-30,1,2,,1,PWHL Boston,PWHL,2,0,1,D,,2,&nbsp;,5'7,0,,NA,Emily Brown,https://assets.leaguestat.com/pwhl/240x240/2.jpg,NA,3
12,14,1,Megan,Keller,MEH-GIHN KEH-LER,,L,"Farmington, MI",Michigan,,"Farmington, Michigan",Farmington,Michigan,United States,"Farmington, Michigan",5'11,0,5-11,0,,12,Signed,1996-05-01,'96,1996-05-01,1,2,,1,PWHL Boston,PWHL,5,0,1,D,,12,&nbsp;,5'11,0,,NA,Megan Keller,https://assets.leaguestat.com/pwhl/240x240/12.jpg,NA,3
167,202,1,Sidney,Morin,SIHD-nee MOHR-ihn,,R,"Minnetonka, MN",,,"Minnetonka, Minnesota",Minnetonka,Minnesota,United States,"Minnetonka, Minnesota",5'5,0,5-5,0,,167,Signed,1995-06-06,'95,1995-06-06,1,2,,1,PWHL Boston,PWHL,7,0,1,D,,167,&nbsp;,5'5,0,,NA,Sidney Morin,https://assets.leaguestat.com/pwhl/240x240/167.jpg,NA,3
18,20,1,Sophie,Shirley,SO-FEE SHUHR-lee,,R,"Saskatoon, SK",Saskatchewan,,"Saskatoon, Saskatchewan",Saskatoon,Saskatchewan,Canada,"Saskatoon, Saskatchewan",5'9,0,5-9,0,,18,Signed,1999-06-30,'99,1999-06-30,1,2,,1,PWHL Boston,PWHL,9,0,8,F,,18,&nbsp;,5'9,0,,NA,Sophie Shirley,https://assets.leaguestat.com/pwhl/240x240/18.jpg,NA,3
15,17,1,Alina,Müller,AH-lee-na MEW-LER,,L,"Winterthur, SWI",SWI,Switzerland,"Winterthur, Switzerland",Winterthur,,Switzerland,"Winterthur, ",5'5,0,5-5,0,,15,Signed,1998-03-12,'98,1998-03-12,1,2,,1,PWHL Boston,PWHL,11,1,8,F,,15,*,5'5,0,,NA,Alina Müller,https://assets.leaguestat.com/pwhl/240x240/15.jpg,NA,3
111,141,1,Taylor,Wenczkowski,,,R,,,,,,,,,,,,0,,111,None,1997-09-25,'97,1997-09-25,1,2,,1,PWHL Boston,PWHL,12,0,8,F,,111,&nbsp;,,,,NA,Taylor Wenczkowski,https://assets.leaguestat.com/pwhl/240x240/111.jpg,NA,3
7,9,1,Kaleigh,Fratkin,,,R,"Burnaby, BC",British Columbia,,,,,,,,,,0,,7,None,1992-03-24,'92,1992-03-24,1,2,,1,PWHL Boston,PWHL,13,0,1,D,,7,&nbsp;,,,,NA,Kaleigh Fratkin,https://assets.leaguestat.com/pwhl/240x240/7.jpg,NA,3
176,370,1,Caitrin,Lonergan,,,R,,,,,,,,,,,,0,,176,Reserve,1997-09-10,'97,1997-09-10,1,2,,1,PWHL Boston,PWHL,14,0,8,F,,176,&nbsp;,,,,NA,Caitrin Lonergan,https://lscluster.hockeytech.com/img/nophoto.png,NA,3
110,140,1,Amanda,Pelkey,AH-man-da PEHL-kee,,R,"Montpelier, VT",,,"Montpelier, Vermont",Montpelier,Vermont,United States,"Montpelier, Vermont",5'3,0,5-3,0,,110,Camp Invitee,1993-05-29,'93,1993-05-29,1,2,,1,PWHL Boston,PWHL,16,0,8,F,,110,&nbsp;,5'3,0,,NA,Amanda Pelkey,https://assets.leaguestat.com/pwhl/240x240/110.jpg,NA,3
9,11,1,Taylor,Girard,TAY-luhr JAH-rahrd,,L,"Macomb, MI",Michigan,,"Macomb, Michigan",Macomb,Michigan,United States,"Macomb, Michigan",5'10,0,5-10,0,,9,Signed,1998-07-17,'98,1998-07-17,1,2,,1,PWHL Boston,PWHL,17,0,8,F,,9,&nbsp;,5'10,0,,NA,Taylor Girard,https://assets.leaguestat.com/pwhl/240x240/9.jpg,NA,3
117,147,1,Abby,Cook,,,R,"Kelowna, BC",,,,,,,,,,,0,,117,None,1998-05-12,'98,1998-05-12,1,1,*,1,PWHL Boston,PWHL,18,0,1,D,,117,&nbsp;,,,,NA,Abby Cook,https://assets.leaguestat.com/pwhl/240x240/117.jpg,NA,3
109,139,1,Gigi,Marvin,,,R,"Warroad, MN",,,,,,,,,,,0,,109,None,1987-03-07,'87,1987-03-07,1,2,,1,PWHL Boston,PWHL,19,0,8,F,,109,&nbsp;,,,,NA,Gigi Marvin,https://assets.leaguestat.com/pwhl/240x240/109.jpg,NA,3
1,3,1,Hannah,Brandt,HA-nuh BRAN-T,,R,"Vadnais Heights, MN",Minnesota,,"Vadnais Heights, Minnesota",Vadnais Heights,Minnesota,United States,"Vadnais Heights, Minnesota",5'6,0,5-6,0,,1,Signed,1993-11-27,'93,1993-11-27,1,2,,1,PWHL Boston,PWHL,20,0,8,F,,1,&nbsp;,5'6,0,,NA,Hannah Brandt,https://assets.leaguestat.com/pwhl/240x240/1.jpg,NA,3
13,15,1,Hilary,Knight,HILL-AH-REE NIGHT,,R,"Sun Valley, ID",Idaho,,"Sun Valley, Idaho",Sun Valley,Idaho,United States,"Sun Valley, Idaho",5'11,0,5-11,0,,13,Signed,1989-07-12,'89,1989-07-12,1,2,,1,PWHL Boston,PWHL,21,0,8,F,,13,&nbsp;,5'11,0,,NA,Hilary Knight,https://assets.leaguestat.com/pwhl/240x240/13.jpg,NA,3
5,7,1,Jessica,DiGirolamo,JESS-IH-KAH DEE-JER-RAWL-AH-MOH,,L,"Mississauga, ON",Ontario,,"Mississauga, Ontario",Mississauga,Ontario,Canada,"Mississauga, Ontario",5'9'',0,5-,0,,5,Signed,1999-02-13,'99,1999-02-13,1,2,,1,PWHL Boston,PWHL,22,0,1,D,,5,&nbsp;,5'9'',0,,NA,Jessica DiGirolamo,https://assets.leaguestat.com/pwhl/240x240/5.jpg,NA,3
19,21,1,Emma,Söderberg,EH-mah SOH-duhr-burgh,,L,"Örksköldsvik, SWE",SWE,,"Örksköldsvik, Sweden",Örksköldsvik,,Sweden,"Örksköldsvik, ",5'7,0,5-7,0,,19,Signed,1998-02-18,'98,1998-02-18,1,2,,1,PWHL Boston,PWHL,30,1,7,G,,19,*,5'7,0,,NA,Emma Söderberg,https://assets.leaguestat.com/pwhl/240x240/19.jpg,L,3
6,8,1,Aerin,Frankel,AIR-IN FRANK-uhl,,L,"Chappaqua, NY",New York,,"Chappaqua, New York",Chappaqua,New York,United States,"Chappaqua, New York",5'5,0,5-5,0,,6,Signed,1999-05-24,'99,1999-05-24,1,2,,1,PWHL Boston,PWHL,31,0,7,G,,6,&nbsp;,5'5,0,,NA,Aerin Frankel,https://assets.leaguestat.com/pwhl/240x240/6.jpg,L,3
113,143,1,Cami,Kronish,,,L,"New York, NY",NY,,,,,,,,,,0,,113,Camp Invitee,2000-02-24,'00,2000-02-24,1,2,,1,PWHL Boston,PWHL,35,1,7,G,,113,*,,,,NA,Cami Kronish,https://assets.leaguestat.com/pwhl/240x240/113.jpg,L,3
8,10,1,Loren,Gabel,LOR-en GAY-buhl,,L,"Kitchener, ON",Ontario,,"Kitchener, Ontario",Kitchener,Ontario,Canada,"Kitchener, Ontario",5'4,0,5-4,0,,8,Signed,1997-07-24,'97,1997-07-24,1,2,,1,PWHL Boston,PWHL,36,0,8,F,,8,&nbsp;,5'4,0,,NA,Loren Gabel,https://assets.leaguestat.com/pwhl/240x240/8.jpg,NA,3
17,19,1,Theresa,Schafzahl,TUH-reh-zuh SHAWF-zahl,,L,"Weiz, AUT",AUT,,"Weiz, Austria",Weiz,,Austria,"Weiz, ",5'8,0,5-8,0,,17,Signed,2000-04-12,'00,2000-04-12,1,2,,1,PWHL Boston,PWHL,37,1,8,F,,17,*,5'8,0,,NA,Theresa Schafzahl,https://assets.leaguestat.com/pwhl/240x240/17.jpg,NA,3
16,18,1,Jamie Lee,Rattray,JAY-mee LEE RAH-tray,,L,"Kanata, ON",Ontario,,"Kanata, Ontario",Kanata,Ontario,Canada,"Kanata, Ontario",5'6,0,5-6,0,,16,Signed,1992-09-30,'92,1992-09-30,1,2,,1,PWHL Boston,PWHL,47,0,8,F,,16,&nbsp;,5'6,0,,NA,Jamie Lee Rattray,https://assets.leaguestat.com/pwhl/240x240/16.jpg,NA,3
14,16,1,Nicole,Kosta,,,R,"Mississauga, ON",Ontario,,,,,,,,,,0,,14,None,1993-02-27,'93,1993-02-27,1,2,,1,PWHL Boston,PWHL,77,0,8,F,,14,&nbsp;,,,,NA,Nicole Kosta,https://assets.leaguestat.com/pwhl/240x240/14.jpg,NA,3
78,95,1,Susanna,Tapani,SOO-zan-uh TAH-pah-nee,,L,"Turku, FIN",Finland,,"Turku, Finland",Turku,,Finland,"Turku, ",5'10,0,5-10,0,,78,Signed,1993-03-02,'93,1993-03-02,1,1,*,1,PWHL Boston,PWHL,88,0,8,F,,78,&nbsp;,5'10,0,,NA,Susanna Tapani,https://assets.leaguestat.com/pwhl/240x240/78.jpg,NA,3
10,12,1,Jess,Healey,,,L,"Edmonton, AB",Alberta,,,,,,,,,,0,,10,None,1996-10-14,'96,1996-10-14,1,1,*,1,PWHL Boston,PWHL,97,0,1,D,,10,&nbsp;,,,,NA,Jess Healey,https://assets.leaguestat.com/pwhl/240x240/10.jpg,NA,3
175,369,0,Kelly,Babstock,KEH-lee BAHB-stawk,,R,"Mississauga, ON",ON,,"Mississauga, Ontario",Mississauga,Ontario,Canada,"Mississauga, Ontario",5'5,0,5-5,0,,175,Camp Invitee,1992-08-04,'92,1992-08-04,1,2,,1,PWHL Boston,PWHL,55,0,8,F,,175,&nbsp;,5'5,0,,NA,Kelly Babstock,https://assets.leaguestat.com/pwhl/240x240/175.jpg,NA,3
24,26,1,Lee,Stecklein,LEE STEHK-lighn,,L,"Roseville, MN",Minnesota,,"Roseville , Minnesota",Roseville ,Minnesota,United States,"Roseville , Minnesota","6'0""",0,"6-0""",0,,24,None,1994-04-23,'94,1994-04-23,2,2,,2,PWHL Minnesota,PWHL,2,0,1,D,,24,&nbsp;,"6'0""",0,,NA,Lee Stecklein,https://assets.leaguestat.com/pwhl/240x240/24.jpg,NA,3
120,150,1,Nikki,Nightengale,,,L,"Bloomington, MN",,,,,,,,,,,0,,120,None,1998-04-05,'98,1998-04-05,2,2,,2,PWHL Minnesota,PWHL,5,0,1,D,,120,&nbsp;,,,,NA,Nikki Nightengale,https://assets.leaguestat.com/pwhl/240x240/120.jpg,NA,3
102,132,1,Claire,Butorac, KLEHR BOO-TOH-rack,,R,"Andover, MN",MN,,"Andover, Minnesota",Andover,Minnesota,United States,"Andover, Minnesota",5'6,0,5-6,0,,102,Signed,1999-09-24,'99,1999-09-24,2,2,,2,PWHL Minnesota,PWHL,7,1,8,F,,102,*,5'6,0,,NA,Claire Butorac,https://assets.leaguestat.com/pwhl/240x240/102.jpg,NA,3
92,120,1,Sydney,Brodt,,,R,"North Oaks, MN",Minnesota,,,,,,,,,,0,,92,None,1998-05-03,'98,1998-05-03,2,2,,2,PWHL Minnesota,PWHL,10,0,8,F,,92,&nbsp;,,,,NA,Sydney Brodt,https://assets.leaguestat.com/pwhl/240x240/92.jpg,NA,3
103,133,1,Sophia,Kunin,,,R,"Wayzata, MN",,,,,,,,,,,0,,103,None,1997-04-03,'97,1997-04-03,2,2,,2,PWHL Minnesota,PWHL,11,0,8,F,,103,&nbsp;,,,,NA,Sophia Kunin,https://assets.leaguestat.com/pwhl/240x240/103.jpg,NA,3
23,25,1,Kelly,Pannek,KEH-LEE PAH-nehk,,R,"Plymouth, MN",Minnesota,,"Plymouth, Minnesota",Plymouth,Minnesota,United States,"Plymouth, Minnesota","5'7""",0,"5-7""",0,,23,None,1995-12-29,'95,1995-12-29,2,2,,2,PWHL Minnesota,PWHL,12,0,8,F,,23,&nbsp;,"5'7""",0,,NA,Kelly Pannek,https://assets.leaguestat.com/pwhl/240x240/23.jpg,NA,3
25,27,1,Grace,Zumwinkle,GRAYS ZUHM-wihnk-uhl,,R,"Excelsior, MN",Minnesota,,"Excelsior, Minnesota",Excelsior,Minnesota,United States,"Excelsior, Minnesota","5'9""",0,"5-9""",0,,25,None,1999-04-23,'99,1999-04-23,2,2,,2,PWHL Minnesota,PWHL,13,1,8,F,,25,*,"5'9""",0,,NA,Grace Zumwinkle,https://assets.leaguestat.com/pwhl/240x240/25.jpg,NA,3
116,146,1,Clair,DeGeorge,,,L,"Anchorage, AK",AK,,"Anchorage, Alaska",Anchorage,Alaska,United States,"Anchorage, Alaska",5'11,0,5-11,0,,116,None,1999-06-07,'99,1999-06-07,2,2,,2,PWHL Minnesota,PWHL,14,0,8,F,,116,&nbsp;,5'11,0,,NA,Clair DeGeorge,https://assets.leaguestat.com/pwhl/240x240/116.jpg,NA,3
11,13,1,Sophie,Jaques,SOH-fee JAYKS,,R,"Toronto, ON",Ontario,,"Toronto, Ontario",Toronto,Ontario,Canada,"Toronto, Ontario",5'8,0,5-8,0,,11,Camp Invitee,2000-10-16,'00,2000-10-16,2,1,*,2,PWHL Minnesota,PWHL,16,1,1,D,,11,*,5'8,0,,NA,Sophie Jaques,https://assets.leaguestat.com/pwhl/240x240/11.jpg,NA,3
91,119,1,Brooke,Bryant,BRUHK BRIGH-uhnt,,R,"Linden, CA",California,United States,"Linden, California",Linden,California,United States,"Linden, California",5'6,0,5-6,0,,91,Signed,2000-08-22,'00,2000-08-22,2,2,,2,PWHL Minnesota,PWHL,17,1,8,F,,91,*,5'6,0,,NA,Brooke Bryant,https://assets.leaguestat.com/pwhl/240x240/91.jpg,NA,3
105,135,1,Brittyn,Fleming,,,L,"Oregon, Wisconsin",,,,,,,,,,,0,,105,None,1999-05-24,'99,1999-05-24,2,2,,2,PWHL Minnesota,PWHL,18,0,8,F,,105,&nbsp;,,,,NA,Brittyn Fleming,https://assets.leaguestat.com/pwhl/240x240/105.jpg,NA,3
79,96,1,Maggie,Flaherty,MAIG-ee FLAIR-tee,,L,"Lakeville, MN",Minnesota,,"Lakeville, Minnesota",Lakeville,Minnesota,United States,"Lakeville, Minnesota",5'8,0,5-8,0,,79,None,2000-06-02,'00,2000-06-02,2,2,,2,PWHL Minnesota,PWHL,19,1,1,D,,79,*,5'8,0,,NA,Maggie Flaherty,https://assets.leaguestat.com/pwhl/240x240/79.jpg,NA,3
97,125,1,Liz,Schepers,LIHZ SHEH-puhrs,,L,"Mound, MN",Minnesota,,"Mound , Minnesota",Mound ,Minnesota,United States,"Mound , Minnesota",5'7,0,5-7,0,,97,Signed,1999-02-13,'99,1999-02-13,2,2,,2,PWHL Minnesota,PWHL,21,0,8,F,,97,&nbsp;,5'7,0,,NA,Liz Schepers,https://assets.leaguestat.com/pwhl/240x240/97.jpg,NA,3
90,118,1,Natalie,Buchbinder,NAH-tuh-lee book-BIGHN-der,,R,"Fairport, NY",New York,,"Fairport, New York",Fairport,New York,United States,"Fairport, New York","5'8""",0,"5-8""",0,,90,None,1999-01-22,'99,1999-01-22,2,2,,2,PWHL Minnesota,PWHL,22,1,1,D,,90,*,"5'8""",0,,NA,Natalie Buchbinder,https://assets.leaguestat.com/pwhl/240x240/90.jpg,NA,3
129,162,1,Mellissa,Channell-Watkins,Muh-LISS-uh CHAN-uhl WHAT-kins,,L,"Plymouth, MI",,,"Plymouth, Michigan",Plymouth,Michigan,United States,"Plymouth, Michigan",5'4,0,5-4,0,,129,Signed,1994-12-16,'94,1994-12-16,2,2,,2,PWHL Minnesota,PWHL,23,0,1,D,,129,&nbsp;,5'4,0,,NA,Mellissa Channell-Watkins,https://assets.leaguestat.com/pwhl/240x240/129.jpg,NA,3
114,144,1,Abby,Boreen,,,R,"Somerset, WI",WI,,"Somerset, Wisconsin",Somerset,Wisconsin,United States,"Somerset, Wisconsin",5'8,0,5-8,0,,114,Camp Invitee,2000-04-03,'00,2000-04-03,2,2,,2,PWHL Minnesota,PWHL,24,1,8,F,,114,*,5'8,0,,NA,Abby Boreen,https://assets.leaguestat.com/pwhl/240x240/114.jpg,NA,3
118,148,1,Emma,Greco,EH-muh GREH-koh,,L,"Burlington, ON",,,"Burlington, Ontario",Burlington,Ontario,Canada,"Burlington, Ontario",5'9,0,5-9,0,,118,Signed,1995-03-06,'95,1995-03-06,2,2,,2,PWHL Minnesota,PWHL,25,0,1,D,,118,&nbsp;,5'9,0,,NA,Emma Greco,https://assets.leaguestat.com/pwhl/240x240/118.jpg,NA,3
20,22,1,Kendall,Coyne Schofield,KEHN-duhl KOIN SKOH-feeld,,L,"Palos Heights, IL",Illinois,,"Palos Heights, Illinois",Palos Heights,Illinois,United States,"Palos Heights, Illinois",5'2,0,5-2,0,,20,None,1992-05-25,'92,1992-05-25,2,2,,2,PWHL Minnesota,PWHL,26,0,8,F,,20,&nbsp;,5'2,0,,NA,Kendall Coyne Schofield,https://assets.leaguestat.com/pwhl/240x240/20.jpg,NA,3
21,23,1,Taylor,Fox,TAY-luhr HIGH-zee,,R,"Lake City, MN",Minnesota,,"Lake City, Minnesota",Lake City,Minnesota,United States,"Lake City, Minnesota",5'10,0,5-10,0,,21,None,2000-03-17,'00,2000-03-17,2,2,,2,PWHL Minnesota,PWHL,27,1,8,F,,21,*,5'10,0,,NA,Taylor Fox,https://assets.leaguestat.com/pwhl/240x240/21.jpg,NA,3
122,152,1,Amanda,Leveille,,,R,"Kingston, ON",,,,,,,,,,,0,,122,None,1994-06-10,'94,1994-06-10,2,2,,2,PWHL Minnesota,PWHL,28,0,7,G,,122,&nbsp;,,,,NA,Amanda Leveille,https://assets.leaguestat.com/pwhl/240x240/122.jpg,L,3
22,24,1,Nicole,Hensley,NIHK-ohl HEHNZ-lee,,L,"Lakewood, CO",Colorado,,"Lakewood, Colorado",Lakewood,Colorado,United States,"Lakewood, Colorado",5'7,0,5-7,0,,22,None,1994-06-23,'94,1994-06-23,2,2,,2,PWHL Minnesota,PWHL,29,0,7,G,,22,&nbsp;,5'7,0,,NA,Nicole Hensley,https://assets.leaguestat.com/pwhl/240x240/22.jpg,L,3
121,151,1,Lauren,Bench,,,R,"Eagan, MN",,,,,,,,,,,0,,121,None,1997-11-21,'97,1997-11-21,2,2,,2,PWHL Minnesota,PWHL,33,0,7,G,,121,&nbsp;,,,,NA,Lauren Bench,https://assets.leaguestat.com/pwhl/240x240/121.jpg,L,3
123,153,1,Maddie,Rooney,MAD-dee ROO-nee,,R,"Andover, MN",,,"Andover, Minnesota",Andover,Minnesota,United States,"Andover, Minnesota","5'5""",0,"5-5""",0,,123,None,1997-07-07,'97,1997-07-07,2,2,,2,PWHL Minnesota,PWHL,35,0,7,G,,123,&nbsp;,"5'5""",0,,NA,Maddie Rooney,https://assets.leaguestat.com/pwhl/240x240/123.jpg,L,3
119,149,1,Dominique,Kremer,,,R,"Napoleonville, LA",,,,,,,,,,,0,,119,None,1997-06-09,'97,1997-06-09,2,2,,2,PWHL Minnesota,PWHL,36,0,1,D,,119,&nbsp;,,,,NA,Dominique Kremer,https://assets.leaguestat.com/pwhl/240x240/119.jpg,NA,3
104,134,1,Denisa,Křížová,DUH-nee-SAH SHISH-uh-vuh,,L,"Horní Cerekev, CZE",CZE,,"Horni Cerekev, Czechia, Czechia",Horni Cerekev,Czechia,Czechia,"Horni Cerekev, Czechia","5'5""",0,"5-5""",0,,104,Camp Invitee,1994-11-03,'94,1994-11-03,2,2,,2,PWHL Minnesota,PWHL,41,0,8,F,,104,&nbsp;,"5'5""",0,,NA,Denisa Křížová,https://assets.leaguestat.com/pwhl/240x240/104.jpg,NA,3
115,145,1,Michela,Cava,MIH-kay-luh KAH-vuh,,R,"Thunder Bay, ON",,,"Thunder Bay, Ontario",Thunder Bay,Ontario,Canada,"Thunder Bay, Ontario",5'4,0,5-4,0,,115,Camp Invitee,1994-03-26,'94,1994-03-26,2,2,,2,PWHL Minnesota,PWHL,86,0,8,F,,115,&nbsp;,5'4,0,,NA,Michela Cava,https://assets.leaguestat.com/pwhl/240x240/115.jpg,NA,3
166,201,1,Marlène,Boissonnault,,,L,"Dundee, NB",NB,Canada,"Dundee, New Brunswick",Dundee,New Brunswick,Canada,"Dundee, New Brunswick",,0,,0,,166,None,1997-06-19,'97,1997-06-19,3,2,,3,PWHL Montreal,PWHL,1,0,7,G,,166,&nbsp;,,0,,NA,Marlène Boissonnault,https://assets.leaguestat.com/pwhl/240x240/166.jpg,L,3
99,127,1,Mariah,Keopple,,,L,"Menomonie, WI",Wisconsin,,"Menomonie, Wisconsin",Menomonie,Wisconsin,United States,"Menomonie, Wisconsin",5'9,0,5-9,0,,99,None,2000-06-27,'00,2000-06-27,3,2,,3,PWHL Montreal,PWHL,2,1,1,D,,99,*,5'9,0,,NA,Mariah Keopple,https://assets.leaguestat.com/pwhl/240x240/99.jpg,NA,3
177,371,1,Brooke,Stacey,,,L,,,,,,,,,,,,0,,177,Reserve,1996-06-26,'96,1996-06-26,3,2,,3,PWHL Montreal,PWHL,3,0,8,F,,177,&nbsp;,,,,NA,Brooke Stacey,https://lscluster.hockeytech.com/img/nophoto.png,NA,3
163,198,1,Catherine,Daoust,,,R,"L’Île-Bizard, QC",,,"Montréal, Québec",Montréal,Québec,Canada,"Montréal, Québec",5'5,0,5-5,0,,163,None,1995-02-21,'95,1995-02-21,3,2,,3,PWHL Montreal,PWHL,4,0,1,D,,163,&nbsp;,5'5,0,,NA,Catherine Daoust,https://assets.leaguestat.com/pwhl/240x240/163.jpg,NA,3
162,197,1,Madison,Bizal,,,L,"Elk River, MN",USA,,,,,,,,0,,0,,162,Camp Invitee,2000-01-25,'00,2000-01-25,3,2,,3,PWHL Montreal,PWHL,6,1,1,D,,162,*,,0,,NA,Madison Bizal,https://assets.leaguestat.com/pwhl/240x240/162.jpg,NA,3
32,34,1,Laura,Stacey,STAY-see,,R,"Kleinburg, ON",Ontario,,"Kleinburg, Ontario",Kleinburg,Ontario,Canada,"Kleinburg, Ontario","5'10""",0,"5-10""",0,,32,None,1994-05-05,'94,1994-05-05,3,2,,3,PWHL Montreal,PWHL,7,0,8,F,,32,&nbsp;,"5'10""",0,,NA,Laura Stacey,https://assets.leaguestat.com/pwhl/240x240/32.jpg,NA,3
156,191,1,Gabrielle,David,,,R,"Drummondville, QC",,,"Drummondville, Québec",Drummondville,Québec,Canada,"Drummondville, Québec",5'4,0,5-4,0,,156,None,1999-06-22,'99,1999-06-22,3,2,,3,PWHL Montreal,PWHL,8,1,8,F,,156,*,5'4,0,,NA,Gabrielle David,https://assets.leaguestat.com/pwhl/240x240/156.jpg,NA,3
84,103,1,Kati,Tabin,,,L,"Winnipeg, MB",Manitoba,,"Winnipeg, Manitoba",Winnipeg,Manitoba,Canada,"Winnipeg, Manitoba","5'8""",0,"5-8""",0,,84,None,1997-04-21,'97,1997-04-21,3,2,,3,PWHL Montreal,PWHL,9,0,1,D,,84,&nbsp;,"5'8""",0,,NA,Kati Tabin,https://assets.leaguestat.com/pwhl/240x240/84.jpg,NA,3
164,199,1,Brigitte,Laganière,,,L,"Montréal, QC",,,,,,,,,,,0,,164,None,1996-08-01,'96,1996-08-01,3,2,,3,PWHL Montreal,PWHL,10,0,1,D,,164,&nbsp;,,,,NA,Brigitte Laganière,https://assets.leaguestat.com/pwhl/240x240/164.jpg,NA,3
159,194,1,Leah,Lum,,,L,"Richmond, BC",,,,,,,,,,,0,,159,None,1996-05-12,'96,1996-05-12,3,2,,3,PWHL Montreal,PWHL,12,0,8,F,,159,&nbsp;,,,,NA,Leah Lum,https://assets.leaguestat.com/pwhl/240x240/159.jpg,NA,3
27,29,1,Jillian,Dempsey,JIH-lee-in DEHMP-see,,L,"Winthrop, MA",Massachusetts,,"Winthrop, Massachussetts",Winthrop,Massachussetts,United States,"Winthrop, Massachussetts",5'5,0,5-5,0,,27,Camp Invitee,1991-01-19,'91,1991-01-19,3,2,,3,PWHL Montreal,PWHL,14,0,8,F,,27,&nbsp;,5'5,0,,NA,Jillian Dempsey,https://assets.leaguestat.com/pwhl/240x240/27.jpg,NA,3
98,126,1,Maureen,Murphy,,,R,"Buffalo, NY",New York,,"Buffalo, New York",Buffalo,New York,United States,"Buffalo, New York",5'4,0,5-4,0,,98,None,1999-12-15,'99,1999-12-15,3,2,,3,PWHL Montreal,PWHL,15,1,8,F,,98,*,5'4,0,,NA,Maureen Murphy,https://assets.leaguestat.com/pwhl/240x240/98.jpg,NA,3
158,193,1,Sarah,Lefort,,,L,"Ormstown, QC",,,,,,,,,,,0,,158,None,1994-02-09,'94,1994-02-09,3,2,,3,PWHL Montreal,PWHL,16,0,8,F,,158,&nbsp;,,,,NA,Sarah Lefort,https://assets.leaguestat.com/pwhl/240x240/158.jpg,NA,3
160,195,1,Alexandra,Poznikoff,,,R,"Edmonton, AB",,,,,,,,,,,0,,160,None,1997-05-16,'97,1997-05-16,3,2,,3,PWHL Montreal,PWHL,17,0,8,F,,160,&nbsp;,,,,NA,Alexandra Poznikoff,https://assets.leaguestat.com/pwhl/240x240/160.jpg,NA,3
138,171,1,Mikyla,Grant-Mentis,,,L,"Brampton, ON",,,"Brampton, Ontario",Brampton,Ontario,Canada,"Brampton, Ontario",5'6,0,5-6,0,,138,None,1998-07-15,'98,1998-07-15,3,2,,3,PWHL Montreal,PWHL,18,0,8,F,,138,&nbsp;,5'6,0,,NA,Mikyla Grant-Mentis,https://assets.leaguestat.com/pwhl/240x240/138.jpg,NA,3
85,104,1,Elaine,Chuli,,,L,"Waterford, ON",Ontario,,"Waterford, Ontario",Waterford,Ontario,Canada,"Waterford, Ontario",5'7,0,5-7,0,,85,None,1994-05-16,'94,1994-05-16,3,2,,3,PWHL Montreal,PWHL,20,0,7,G,,85,&nbsp;,5'7,0,,NA,Elaine Chuli,https://assets.leaguestat.com/pwhl/240x240/85.jpg,L,3
29,31,1,Kennedy,Marchment,,,R,"Marmora, ON",Ontario,,"Marmora, Ontario",Marmora,Ontario,Canada,"Marmora, Ontario",5'8,0,5-8,0,,29,None,1996-12-06,'96,1996-12-06,3,2,,3,PWHL Montreal,PWHL,22,0,8,F,,29,&nbsp;,5'8,0,,NA,Kennedy Marchment,https://assets.leaguestat.com/pwhl/240x240/29.jpg,NA,3
83,102,1,Erin,Ambrose,,,R,"Keswick, ON",Ontario,,"Keswick, Ontario",Keswick,Ontario,Canada,"Keswick, Ontario","5'5""",0,"5-5""",0,,83,None,1994-04-30,'94,1994-04-30,3,2,,3,PWHL Montreal,PWHL,23,0,1,D,,83,&nbsp;,"5'5""",0,,NA,Erin Ambrose,https://assets.leaguestat.com/pwhl/240x240/83.jpg,NA,3
80,99,1,Ann-Sophie,Bettez,,,L,"Sept-Îles, QC",Quebec,,,,,,,,,,0,,80,None,1987-11-14,'87,1987-11-14,3,2,,3,PWHL Montreal,PWHL,24,0,8,F,,80,&nbsp;,,,,NA,Ann-Sophie Bettez,https://assets.leaguestat.com/pwhl/240x240/80.jpg,NA,3
168,203,1,Mélodie,Daoust,,,L,"Valleyfield, QC",,,,,,,,,,,0,,168,None,1992-01-07,'92,1992-01-07,3,2,,3,PWHL Montreal,PWHL,25,0,8,F,,168,&nbsp;,,,,NA,Mélodie Daoust,https://assets.leaguestat.com/pwhl/240x240/168.jpg,NA,3
81,100,1,Sarah,Bujold,,,L,"Riverview, NB",New Brunswick,,,,,,,,0,,0,,81,None,1996-02-26,'96,1996-02-26,3,2,,3,PWHL Montreal,PWHL,26,0,8,F,,81,&nbsp;,,0,,NA,Sarah Bujold,https://assets.leaguestat.com/pwhl/240x240/81.jpg,NA,3
157,192,1,Catherine,Dubois,,,L,"Charlesbourg, QC",,,"Charlesbourg, Québec",Charlesbourg,Québec,Canada,"Charlesbourg, Québec","5'10""",0,"5-10""",0,,157,None,1995-07-29,'95,1995-07-29,3,2,,3,PWHL Montreal,PWHL,28,0,8,F,,157,&nbsp;,"5'10""",0,,NA,Catherine Dubois,https://assets.leaguestat.com/pwhl/240x240/157.jpg,NA,3
31,33,1,Marie-Philip,Poulin,,,L,"Beauceville, QC",QC,,"Beauceville, Québec",Beauceville,Québec,Canada,"Beauceville, Québec",5'7,0,5-7,0,,31,None,1991-03-28,'91,1991-03-28,3,2,,3,PWHL Montreal,PWHL,29,0,8,F,,31,&nbsp;,5'7,0,,NA,Marie-Philip Poulin,https://assets.leaguestat.com/pwhl/240x240/31.jpg,NA,3
139,172,1,Liliane,Perreault,,,R,"Hinsdale, IL",,,,,,,,,,,0,,139,None,2000-03-16,'00,2000-03-16,3,2,,3,PWHL Montreal,PWHL,34,0,8,F,,139,&nbsp;,,,,NA,Liliane Perreault,https://assets.leaguestat.com/pwhl/240x240/139.jpg,NA,3
28,30,1,Ann-Renée,Desbiens,,,L,"Clermont, QC",Quebec,,"Clermont, Québec",Clermont,Québec,Canada,"Clermont, Québec","5'9""",0,"5-9""",0,,28,None,1994-04-10,'94,1994-04-10,3,2,,3,PWHL Montreal,PWHL,35,0,7,G,,28,&nbsp;,"5'9""",0,,NA,Ann-Renée Desbiens,https://assets.leaguestat.com/pwhl/240x240/28.jpg,L,3
26,28,1,Claire,Dalton,,,R,"Toronto, ON",Ontario,,"Toronto, Ontario",Toronto,Ontario,Canada,"Toronto, Ontario","5'9""",0,"5-9""",0,,26,None,2000-03-20,'00,2000-03-20,3,2,,3,PWHL Montreal,PWHL,42,1,8,F,,26,*,"5'9""",0,,NA,Claire Dalton,https://assets.leaguestat.com/pwhl/240x240/26.jpg,NA,3
30,32,1,Kristin,O'Neill,,,L,"Oakville, ON",Ontario,,"Oakville, Ontario",Oakville,Ontario,Canada,"Oakville, Ontario","5'4""",0,"5-4""",0,,30,None,1998-03-30,'98,1998-03-30,3,2,,3,PWHL Montreal,PWHL,43,0,8,F,,30,&nbsp;,"5'4""",0,,NA,Kristin O'Neill,https://assets.leaguestat.com/pwhl/240x240/30.jpg,NA,3
51,53,1,Amanda,Boulier,,,R,"Watertown, CT",Connecticut,,"Watertown, Connecticut",Watertown,Connecticut,United States,"Watertown, Connecticut","5'1""",0,"5-1""",0,,51,None,1993-03-30,'93,1993-03-30,3,2,,3,PWHL Montreal,PWHL,44,0,1,D,,51,&nbsp;,"5'1""",0,,NA,Amanda Boulier,https://assets.leaguestat.com/pwhl/240x240/51.jpg,NA,3
82,101,1,Dominika,Lásková,,,R,"Prague, CZE",CZE,Czechia,"Prague, Czechia",Prague,,Czechia,"Prague, ",5'6,0,5-6,0,,82,None,1996-12-20,'96,1996-12-20,3,2,,3,PWHL Montreal,PWHL,96,0,1,D,,82,&nbsp;,5'6,0,,NA,Dominika Lásková,https://assets.leaguestat.com/pwhl/240x240/82.jpg,NA,3
71,73,1,Jocelyne,Larocque,JOSS-lihn LA-rawk  ,,L,"Ste. Anne, MB",Manitoba,,"Ste. Anne, Manitoba",Ste. Anne,Manitoba,Canada,"Ste. Anne, Manitoba",5'5,0,5-5,0,,71,Signed,1988-05-19,'88,1988-05-19,6,2,,6,PWHL Toronto,PWHL,3,0,1,D,,71,&nbsp;,5'5,0,,NA,Jocelyne Larocque,https://assets.leaguestat.com/pwhl/240x240/71.jpg,NA,3
133,166,1,Lauriane,Rougeau,,,L,"Beaconsfield, QC",,,,,,,,,,,0,,133,None,1990-04-12,'90,1990-04-12,6,2,,6,PWHL Toronto,PWHL,5,0,1,D,,133,&nbsp;,,,,NA,Lauriane Rougeau,https://assets.leaguestat.com/pwhl/240x240/133.jpg,NA,3
68,70,1,Kali,Flanagan,KAH-lee FLAN-uh-gehn,,R,"Burlington, MA",,,"Burlington, Massachussetts",Burlington,Massachussetts,United States,"Burlington, Massachussetts","5'4""",0,"5-4""",0,,68,Signed,1995-09-19,'95,1995-09-19,6,2,,6,PWHL Toronto,PWHL,6,0,1,D,,68,&nbsp;,"5'4""",0,,NA,Kali Flanagan,https://assets.leaguestat.com/pwhl/240x240/68.jpg,NA,3
131,164,1,Olivia,Knowles,UH-lihv-ee-uh NOHLZ  ,,R,"Campbell River, BC",,,"Campbell River, British Columbia",Campbell River,British Columbia,Canada,"Campbell River, British Columbia",5'9,0,5-9,0,,131,Camp Invitee,1999-01-24,'99,1999-01-24,6,2,,6,PWHL Toronto,PWHL,7,0,1,D,,131,&nbsp;,5'9,0,,NA,Olivia Knowles,https://assets.leaguestat.com/pwhl/240x240/131.jpg,NA,3
101,129,1,Alexa,Vasko,AH-lehks-UH VAHS-koh,,L,"St. Catharines, ON",Ontario,Canada,"St. Catharines, Ontario",St. Catharines,Ontario,Canada,"St. Catharines, Ontario",5'5,0,5-5,0,,101,Signed,1999-02-07,'99,1999-02-07,6,2,,6,PWHL Toronto,PWHL,10,0,8,F,,101,&nbsp;,5'5,0,,NA,Alexa Vasko,https://assets.leaguestat.com/pwhl/240x240/101.jpg,NA,3
74,76,1,Allie,Munroe,AH-lee MUHN-roh,,L,"Yarmouth, NS",Nova Scotia,,"Yarmouth, Nova Scotia",Yarmouth,Nova Scotia,Canada,"Yarmouth, Nova Scotia","5'6""",0,"5-6""",0,,74,Signed,1997-04-20,'97,1997-04-20,6,2,,6,PWHL Toronto,PWHL,12,0,1,D,,74,&nbsp;,"5'6""",0,,NA,Allie Munroe,https://assets.leaguestat.com/pwhl/240x240/74.jpg,NA,3
67,69,1,Renata,Fast,REH-NAH-tuh FAST,,R,"Burlington, ON",Ontario,,"Burlington, Ontario",Burlington,Ontario,Canada,"Burlington, Ontario","5'7""",0,"5-7""",0,,67,Signed,1994-10-06,'94,1994-10-06,6,2,,6,PWHL Toronto,PWHL,14,0,1,D,,67,&nbsp;,"5'7""",0,,NA,Renata Fast,https://assets.leaguestat.com/pwhl/240x240/67.jpg,NA,3
126,159,1,Samantha,Cogan,SAH-MAN-tha KOH-guhn,,L,"Ottawa, ON",,,,,,,,"5'8""",,"5-8""",0,,126,Camp Invitee,1997-07-07,'97,1997-07-07,6,2,,6,PWHL Toronto,PWHL,17,0,8,F,,126,&nbsp;,"5'8""",,,NA,Samantha Cogan,https://assets.leaguestat.com/pwhl/240x240/126.jpg,NA,3
65,67,1,Jesse,Compher,JEH-see KUHM-fuhr,,R,"Northbrook, IL",Illinois,,"Northbrook, Illinois",Northbrook,Illinois,United States,"Northbrook, Illinois","5'8""",0,"5-8""",0,,65,Signed,1999-07-01,'99,1999-07-01,6,2,,6,PWHL Toronto,PWHL,18,1,8,F,,65,*,"5'8""",0,,NA,Jesse Compher,https://assets.leaguestat.com/pwhl/240x240/65.jpg,NA,3
72,74,1,Rebecca,Leslie,RUH-beh-kuh LEHS-lee,,R,"Ottawa, ON",Ontario,,"Ottawa, Ontario",Ottawa,Ontario,Canada,"Ottawa, Ontario",5'6,0,5-6,0,,72,Signed,1996-05-08,'96,1996-05-08,6,2,,6,PWHL Toronto,PWHL,19,0,8,F,,72,&nbsp;,5'6,0,,NA,Rebecca Leslie,https://assets.leaguestat.com/pwhl/240x240/72.jpg,NA,3
75,77,1,Sarah,Nurse,SAIR-uh NUHRS,,L,"Hamilton, ON",Ontario,,"Hamilton, Ontario",Hamilton,Ontario,Canada,"Hamilton, Ontario",5'7,0,5-7,0,,75,Signed,1995-01-04,'95,1995-01-04,6,2,,6,PWHL Toronto,PWHL,20,0,8,F,,75,&nbsp;,5'7,0,,NA,Sarah Nurse,https://assets.leaguestat.com/pwhl/240x240/75.jpg,NA,3
130,163,1,Emma,Keenan,,,L,"Calgary, AB",,,,,,,,,,,0,,130,None,1997-11-26,'97,1997-11-26,6,2,,6,PWHL Toronto,PWHL,21,0,1,D,,130,&nbsp;,,,,NA,Emma Keenan,https://assets.leaguestat.com/pwhl/240x240/130.jpg,NA,3
66,68,1,Maggie,Connors,MA-gee KAW-nuhrs,,L,"St. John's, NL",Newfoundland,,"St John's, Newfoundland",St John's,Newfoundland,Canada,"St John's, Newfoundland","5'6""",0,"5-6""",0,,66,Signed,2000-10-22,'00,2000-10-22,6,2,,6,PWHL Toronto,PWHL,22,1,8,F,,66,*,"5'6""",0,,NA,Maggie Connors,https://assets.leaguestat.com/pwhl/240x240/66.jpg,NA,3
127,160,1,Jess,Jones,,,L,"Picton, ON",,,,,,,,,,,0,,127,None,1990-08-30,'90,1990-08-30,6,2,,6,PWHL Toronto,PWHL,23,0,8,F,,127,&nbsp;,,,,NA,Jess Jones,https://assets.leaguestat.com/pwhl/240x240/127.jpg,NA,3
100,128,1,Natalie,Spooner,NAH-TAH-LEE SPOO-NER,,R,"Scarborough, ON",Ontario,,"Scarborough, Ontario",Scarborough,Ontario,Canada,"Scarborough, Ontario",5'10,0,5-10,0,,100,Signed,1990-10-17,'90,1990-10-17,6,2,,6,PWHL Toronto,PWHL,24,0,8,F,,100,&nbsp;,5'10,0,,NA,Natalie Spooner,https://assets.leaguestat.com/pwhl/240x240/100.jpg,NA,3
73,75,1,Emma,Maltais,EH-ma MAL-tay,,L,"Burlington, ON",Ontario,,"Burlington, Ontario",Burlington,Ontario,Canada,"Burlington, Ontario","5'3""",0,"5-3""",0,,73,Signed,1999-11-04,'99,1999-11-04,6,2,,6,PWHL Toronto,PWHL,27,1,8,F,,73,*,"5'3""",0,,NA,Emma Maltais,https://assets.leaguestat.com/pwhl/240x240/73.jpg,NA,3
128,161,1,Kaitlin,Willoughby,KAYT-LIHN WILL-oh-bee ,,R,"Prince Albert, SK",,,"Prince Albert, Saskatchewan",Prince Albert,Saskatchewan,Canada,"Prince Albert, Saskatchewan","5'6""",0,"5-6""",0,,128,Camp Invitee,1995-03-26,'95,1995-03-26,6,2,,6,PWHL Toronto,PWHL,28,0,8,F,,128,&nbsp;,"5'6""",0,,NA,Kaitlin Willoughby,https://assets.leaguestat.com/pwhl/240x240/128.jpg,NA,3
89,108,1,Hannah,Miller,HAN-uh MIH-luhr,,L,"North Vancouver, BC ",British Columbia,,"North Vancouver, British Columbia",North Vancouver,British Columbia,Canada,"North Vancouver, British Columbia",5'9,0,5-9,0,,89,Signed,1996-02-16,'96,1996-02-16,6,2,,6,PWHL Toronto,PWHL,34,0,8,F,,89,&nbsp;,5'9,0,,NA,Hannah Miller,https://assets.leaguestat.com/pwhl/240x240/89.jpg,NA,3
70,72,1,Erica,Howe,,,L,"Orleans, ON",Ontario,,,,,,,,,,0,,70,None,1992-07-17,'92,1992-07-17,6,2,,6,PWHL Toronto,PWHL,37,0,7,G,,70,&nbsp;,,,,NA,Erica Howe,https://assets.leaguestat.com/pwhl/240x240/70.jpg,L,3
76,78,1,Blayre,Turnbull,BLEHR TURN-bul,,R,"Stellarton, NS",Nova Scotia,,"Stellarton, Nova Scotia",Stellarton,Nova Scotia,Canada,"Stellarton, Nova Scotia","5'7""",0,"5-7""",0,,76,Signed,1993-07-15,'93,1993-07-15,6,2,,6,PWHL Toronto,PWHL,40,0,8,F,,76,&nbsp;,"5'7""",0,,NA,Blayre Turnbull,https://assets.leaguestat.com/pwhl/240x240/76.jpg,NA,3
69,71,1,Brittany,Howard,,,R,"St. Thomas, ON",Ontario,,,,,,,,,,0,,69,None,1995-11-20,'95,1995-11-20,6,2,,6,PWHL Toronto,PWHL,41,0,8,F,,69,&nbsp;,,,,NA,Brittany Howard,https://assets.leaguestat.com/pwhl/240x240/69.jpg,NA,3
64,66,1,Kristen,Campbell,KRIHS-tehn CAM-behl,,L,"Brandon, MB",Manitoba,,"Brandon, Manitoba",Brandon,Manitoba,Canada,"Brandon, Manitoba",5'10,0,5-10,0,,64,Signed,1997-11-30,'97,1997-11-30,6,2,,6,PWHL Toronto,PWHL,50,0,7,G,,64,&nbsp;,5'10,0,,NA,Kristen Campbell,https://assets.leaguestat.com/pwhl/240x240/64.jpg,L,3
125,158,1,Victoria,Bach,VIHK-TAW-REE-UH BAWK  ,,L,"Milton, ON",,,"Milton, Ontario",Milton,Ontario,Canada,"Milton, Ontario",5'4,0,5-4,0,,125,Signed,1996-07-12,'96,1996-07-12,6,2,,6,PWHL Toronto,PWHL,51,0,8,F,,125,&nbsp;,5'4,0,,NA,Victoria Bach,https://assets.leaguestat.com/pwhl/240x240/125.jpg,NA,3
132,165,1,Jessica,Kondas,JEH-sih-KUH KAWN-duhs,,R,"Calgary, AB",,,"Calgary, Alberta",Calgary,Alberta,Canada,"Calgary, Alberta","5'9""",0,"5-9""",0,,132,Camp Invitee,2000-01-03,'00,2000-01-03,6,2,,6,PWHL Toronto,PWHL,55,1,1,D,,132,*,"5'9""",0,,NA,Jessica Kondas,https://assets.leaguestat.com/pwhl/240x240/132.jpg,NA,3
134,167,1,Carly,Jackson,CAR-lee JAK-sun,,R,"Amherst, NS",,,"Amherst, Nova Scotia",Amherst,Nova Scotia,Canada,"Amherst, Nova Scotia","5'5""",0,"5-5""",0,,134,Signed,1997-06-23,'97,1997-06-23,6,2,,6,PWHL Toronto,PWHL,70,0,7,G,,134,&nbsp;,"5'5""",0,,NA,Carly Jackson,https://assets.leaguestat.com/pwhl/240x240/134.jpg,L,3
165,200,1,Maude,Poulin-Labelle,,,L,"Sherbrooke, QC",,,,,,,,,,,0,,165,Camp Invitee,1999-11-23,'99,1999-11-23,6,2,,6,PWHL Toronto,PWHL,76,1,1,D,,165,*,,,,NA,Maude Poulin-Labelle,https://assets.leaguestat.com/pwhl/240x240/165.jpg,NA,3
2,4,1,Emily,Brown,EHM-IHL-EE BROWN,,L,"Blaine, MN",Minnesota,,"Blaine, Minnesota",Blaine,Minnesota,United States,"Blaine, Minnesota",5'7,0,5-7,0,,2,Signed,1998-12-30,'98,1998-12-30,1,2,,1,Boston Fleet,PWHL,2,0,1,D,,2,&nbsp;,5'7,0,,NA,Emily Brown,https://assets.leaguestat.com/pwhl/240x240/2.jpg,NA,4
12,14,1,Megan,Keller,MEH-GIHN KEH-LER,,L,"Farmington, MI",Michigan,,"Farmington, Michigan",Farmington,Michigan,United States,"Farmington, Michigan",5'11,0,5-11,0,,12,Signed,1996-05-01,'96,1996-05-01,1,2,,1,Boston Fleet,PWHL,5,0,1,D,,12,&nbsp;,5'11,0,,NA,Megan Keller,https://assets.leaguestat.com/pwhl/240x240/12.jpg,NA,4
182,378,1,Hadley,Hartmetz,HAHD-lee HAHRT-mahtz,,R,"Phoenixville, PA",PA,,"Phoenixville, Pennsylvania",Phoenixville,Pennsylvania,United States,"Phoenixville, Pennsylvania",5'5,0,5-5,0,,182,Signed,2001-03-25,'01,2001-03-25,1,2,,1,Boston Fleet,PWHL,6,1,1,D,,182,*,5'5,0,,NA,Hadley Hartmetz,https://assets.leaguestat.com/pwhl/240x240/182.jpg,NA,4
167,202,1,Sidney,Morin,SIHD-nee MOHR-ihn,,R,"Minnetonka, MN",,,"Minnetonka, Minnesota",Minnetonka,Minnesota,United States,"Minnetonka, Minnesota",5'5,0,5-5,0,,167,Signed,1995-06-06,'95,1995-06-06,1,2,,1,Boston Fleet,PWHL,7,0,1,D,,167,&nbsp;,5'5,0,,NA,Sidney Morin,https://assets.leaguestat.com/pwhl/240x240/167.jpg,NA,4
18,20,1,Sophie,Shirley,SO-FEE SHUHR-lee,,R,"Saskatoon, SK",Saskatchewan,,"Saskatoon, Saskatchewan",Saskatoon,Saskatchewan,Canada,"Saskatoon, Saskatchewan",5'9,0,5-9,0,,18,Signed,1999-06-30,'99,1999-06-30,1,2,,1,Boston Fleet,PWHL,9,0,8,F,,18,&nbsp;,5'9,0,,NA,Sophie Shirley,https://assets.leaguestat.com/pwhl/240x240/18.jpg,NA,4
15,17,1,Alina,Müller,AH-lee-na MEW-LER,,L,"Winterthur, SWI",SWI,Switzerland,"Winterthur, Switzerland",Winterthur,,Switzerland,"Winterthur, ",5'5,0,5-5,0,,15,Signed,1998-03-12,'98,1998-03-12,1,1,*,1,Boston Fleet,PWHL,11,0,8,F,,15,&nbsp;,5'5,0,,NA,Alina Müller,https://assets.leaguestat.com/pwhl/240x240/15.jpg,NA,4
27,29,1,Jillian,Dempsey,JIH-lee-in DEHMP-see,,L,"Winthrop, MA",Massachusetts,,"Winthrop, Massachussetts",Winthrop,Massachussetts,United States,"Winthrop, Massachussetts",5'5,0,5-5,0,,27,Camp Invitee,1991-01-19,'91,1991-01-19,1,2,,1,Boston Fleet,PWHL,14,0,8,F,,27,&nbsp;,5'5,0,,NA,Jillian Dempsey,https://assets.leaguestat.com/pwhl/240x240/27.jpg,NA,4
180,376,1,Sydney,Bard,SIHD-nee bahrd,,R,"New Hartford, NY",NY,,"New Hartford, New York",New Hartford,New York,United States,"New Hartford, New York",5'3,0,5-3,0,,180,Signed,2001-01-15,'01,2001-01-15,1,2,,1,Boston Fleet,PWHL,15,1,1,D,,180,*,5'3,0,,NA,Sydney Bard,https://assets.leaguestat.com/pwhl/240x240/180.jpg,NA,4
110,140,1,Amanda,Pelkey,AH-man-da PEHL-kee,,R,"Montpelier, VT",,,"Montpelier, Vermont",Montpelier,Vermont,United States,"Montpelier, Vermont",5'3,0,5-3,0,,110,Camp Invitee,1993-05-29,'93,1993-05-29,1,2,,1,Boston Fleet,PWHL,16,0,8,F,,110,&nbsp;,5'3,0,,NA,Amanda Pelkey,https://assets.leaguestat.com/pwhl/240x240/110.jpg,NA,4
9,11,1,Taylor,Girard,TAY-luhr JAH-rahrd,,L,"Macomb, MI",Michigan,,"Macomb, Michigan",Macomb,Michigan,United States,"Macomb, Michigan",5'10,0,5-10,0,,9,Signed,1998-07-17,'98,1998-07-17,1,2,,1,Boston Fleet,PWHL,17,0,8,F,,9,&nbsp;,5'10,0,,NA,Taylor Girard,https://assets.leaguestat.com/pwhl/240x240/9.jpg,NA,4
184,380,1,Ilona,Markova,,,L,"Kirov, RUS",RUS,Russia,,,,,,,,,0,,184,Draftee,2002-01-18,'02,2002-01-18,1,2,,1,Boston Fleet,PWHL,18,1,8,F,,184,*,,,,NA,Ilona Markova,https://assets.leaguestat.com/pwhl/240x240/184.jpg,NA,4
181,377,1,Hannah,Bilka,HAN-uh BIHL-KUH,,L,"Coppell, TX",TX,,"Coppell, Texas",Coppell,Texas,United States,"Coppell, Texas",5'5,0,5-5,0,,181,Signed,2001-03-24,'01,2001-03-24,1,2,,1,Boston Fleet,PWHL,19,1,8,F,,181,*,5'5,0,,NA,Hannah Bilka,https://assets.leaguestat.com/pwhl/240x240/181.jpg,NA,4
1,3,1,Hannah,Brandt,HA-nuh BRAN-T,,R,"Vadnais Heights, MN",Minnesota,,"Vadnais Heights, Minnesota",Vadnais Heights,Minnesota,United States,"Vadnais Heights, Minnesota",5'6,0,5-6,0,,1,Signed,1993-11-27,'93,1993-11-27,1,2,,1,Boston Fleet,PWHL,20,0,8,F,,1,&nbsp;,5'6,0,,NA,Hannah Brandt,https://assets.leaguestat.com/pwhl/240x240/1.jpg,NA,4
13,15,1,Hilary,Knight,HILL-AH-REE NIGHT,,R,"Sun Valley, ID",Idaho,,"Sun Valley, Idaho",Sun Valley,Idaho,United States,"Sun Valley, Idaho",5'11,0,5-11,0,,13,Signed,1989-07-12,'89,1989-07-12,1,2,,1,Boston Fleet,PWHL,21,0,8,F,,13,&nbsp;,5'11,0,,NA,Hilary Knight,https://assets.leaguestat.com/pwhl/240x240/13.jpg,NA,4
5,7,1,Jessica,DiGirolamo,JESS-IH-KAH DEE-JER-RAWL-AH-MOH,,L,"Mississauga, ON",Ontario,,"Mississauga, Ontario",Mississauga,Ontario,Canada,"Mississauga, Ontario",5'9'',0,5-,0,,5,Signed,1999-02-13,'99,1999-02-13,1,2,,1,Boston Fleet,PWHL,22,0,1,D,,5,&nbsp;,5'9'',0,,NA,Jessica DiGirolamo,https://assets.leaguestat.com/pwhl/240x240/5.jpg,NA,4
118,148,1,Emma,Greco,EH-muh GREH-koh,,L,"Burlington, ON",,,"Burlington, Ontario",Burlington,Ontario,Canada,"Burlington, Ontario",5'9,0,5-9,0,,118,Signed,1995-03-06,'95,1995-03-06,1,2,,1,Boston Fleet,PWHL,25,0,1,D,,118,&nbsp;,5'9,0,,NA,Emma Greco,https://assets.leaguestat.com/pwhl/240x240/118.jpg,NA,4
183,379,1,Shay,Maloney,SHAY muh-LOW-nee,,R,"McHenry, IL",IL,,"McHenry, Illinois",McHenry,Illinois,United States,"McHenry, Illinois",5'9,0,5-9,0,,183,Signed,2000-01-13,'00,2000-01-13,1,2,,1,Boston Fleet,PWHL,27,1,8,F,,183,*,5'9,0,,NA,Shay Maloney,https://assets.leaguestat.com/pwhl/240x240/183.jpg,NA,4
186,382,1,Klára,Peslarová,KLAH-ruh PEHS-luh-roh-VUH,,,"Ostrava, CZE",CZE,,"Ostrava, Czechia",Ostrava,,Czechia,"Ostrava, ",5'5,0,5-5,0,,186,Camp Invitee,1996-11-23,'96,1996-11-23,1,2,,1,Boston Fleet,PWHL,29,1,7,G,,186,*,5'5,0,,NA,Klára Peslarová,https://assets.leaguestat.com/pwhl/240x240/186.jpg,L,4
19,21,1,Emma,Söderberg,EH-mah SOH-duhr-burgh,,L,"Örksköldsvik, SWE",SWE,,"Örksköldsvik, Sweden",Örksköldsvik,,Sweden,"Örksköldsvik, ",5'7,0,5-7,0,,19,Signed,1998-02-18,'98,1998-02-18,1,2,,1,Boston Fleet,PWHL,30,0,7,G,,19,&nbsp;,5'7,0,,NA,Emma Söderberg,https://assets.leaguestat.com/pwhl/240x240/19.jpg,L,4
6,8,1,Aerin,Frankel,AIR-IN FRANK-uhl,,L,"Chappaqua, NY",New York,,"Chappaqua, New York",Chappaqua,New York,United States,"Chappaqua, New York",5'5,0,5-5,0,,6,Signed,1999-05-24,'99,1999-05-24,1,2,,1,Boston Fleet,PWHL,31,0,7,G,,6,&nbsp;,5'5,0,,NA,Aerin Frankel,https://assets.leaguestat.com/pwhl/240x240/6.jpg,L,4
113,143,1,Cami,Kronish,,,L,"New York, NY",NY,,,,,,,,,,0,,113,Camp Invitee,2000-02-24,'00,2000-02-24,1,2,,1,Boston Fleet,PWHL,35,0,7,G,,113,&nbsp;,,,,NA,Cami Kronish,https://assets.leaguestat.com/pwhl/240x240/113.jpg,L,4
8,10,1,Loren,Gabel,LOR-en GAY-buhl,,L,"Kitchener, ON",Ontario,,"Kitchener, Ontario",Kitchener,Ontario,Canada,"Kitchener, Ontario",5'4,0,5-4,0,,8,Signed,1997-07-24,'97,1997-07-24,1,2,,1,Boston Fleet,PWHL,36,0,8,F,,8,&nbsp;,5'4,0,,NA,Loren Gabel,https://assets.leaguestat.com/pwhl/240x240/8.jpg,NA,4
17,19,1,Theresa,Schafzahl,TUH-reh-zuh SHAWF-zahl,,L,"Weiz, AUT",AUT,,"Weiz, Austria",Weiz,,Austria,"Weiz, ",5'8,0,5-8,0,,17,Signed,2000-04-12,'00,2000-04-12,1,1,*,1,Boston Fleet,PWHL,37,0,8,F,,17,&nbsp;,5'8,0,,NA,Theresa Schafzahl,https://assets.leaguestat.com/pwhl/240x240/17.jpg,NA,4
16,18,1,Jamie Lee,Rattray,JAY-mee LEE RAH-tray,,L,"Kanata, ON",Ontario,,"Kanata, Ontario",Kanata,Ontario,Canada,"Kanata, Ontario",5'6,0,5-6,0,,16,Signed,1992-09-30,'92,1992-09-30,1,2,,1,Boston Fleet,PWHL,47,0,8,F,,16,&nbsp;,5'6,0,,NA,Jamie Lee Rattray,https://assets.leaguestat.com/pwhl/240x240/16.jpg,NA,4
185,381,1,Daniela,Pejšová,DAN-yehl-UH  pay-SHOH-vuh,,L,"Teplice, CZE",CZE,,"Teplice, Czechia",Teplice,,Czechia,"Teplice, ",5'8,0,5-8,0,,185,Signed,2002-08-14,'02,2002-08-14,1,2,,1,Boston Fleet,PWHL,55,1,1,D,,185,*,5'8,0,,NA,Daniela Pejšová,https://assets.leaguestat.com/pwhl/240x240/185.jpg,NA,4
165,200,1,Maude,Poulin-Labelle,,,L,"Sherbrooke, QC",,,,,,,,,,,0,,165,Camp Invitee,1999-11-23,'99,1999-11-23,1,2,,1,Boston Fleet,PWHL,76,0,1,D,,165,&nbsp;,,,,NA,Maude Poulin-Labelle,https://assets.leaguestat.com/pwhl/240x240/165.jpg,NA,4
78,95,1,Susanna,Tapani,SOO-zan-uh TAH-pah-nee,,L,"Turku, FIN",Finland,,"Turku, Finland",Turku,,Finland,"Turku, ",5'10,0,5-10,0,,78,Signed,1993-03-02,'93,1993-03-02,1,1,*,1,Boston Fleet,PWHL,77,0,8,F,,78,&nbsp;,5'10,0,,NA,Susanna Tapani,https://assets.leaguestat.com/pwhl/240x240/78.jpg,NA,4
49,51,1,Lexie,Adzija,LEHKS-ee ah-JEE-uh,,L,"St. Thomas, ON",Ontario,Canada,"St. Thomas, Ontario",St. Thomas,Ontario,Canada,"St. Thomas, Ontario","5'10""",0,"5-10""",0,,49,Signed,2000-06-30,'00,2000-06-30,1,1,*,1,Boston Fleet,PWHL,88,0,8,F,,49,&nbsp;,"5'10""",0,"Ottawa (PWHL) 2023 Round: 11 (#65), Ottawa (PWHL) 2023 Round: 11 (#65)","list(id = ""295"", person_id = ""51"", draft_round = ""11"", draft_date = """", draft_year = ""2023"", draft_rank = ""65"", draft_team = ""Ottawa"", draft_team_id = ""0"", draft_league = """", junior_team = """", show_on_roster = ""1"", draft_mode = ""4"", lang_id = ""1"", draft_type_id = ""1"", draft_type = ""PWHL"", draft_status = """")",Lexie Adzija,https://assets.leaguestat.com/pwhl/240x240/49.jpg,NA,4
175,369,0,Kelly,Babstock,KEH-lee BAHB-stawk,,R,"Mississauga, ON",ON,,"Mississauga, Ontario",Mississauga,Ontario,Canada,"Mississauga, Ontario",5'5,0,5-5,0,,175,Camp Invitee,1992-08-04,'92,1992-08-04,1,1,*,1,Boston Fleet,PWHL,8,0,8,F,,175,&nbsp;,5'5,0,,NA,Kelly Babstock,https://assets.leaguestat.com/pwhl/240x240/175.jpg,NA,4
24,26,1,Lee,Stecklein,LEE STEHK-lighn,,L,"Roseville, MN",Minnesota,,"Roseville , Minnesota",Roseville ,Minnesota,United States,"Roseville , Minnesota","6'0""",0,"6-0""",0,,24,None,1994-04-23,'94,1994-04-23,2,2,,2,Minnesota Frost,PWHL,2,0,1,D,,24,&nbsp;,"6'0""",0,,NA,Lee Stecklein,https://assets.leaguestat.com/pwhl/240x240/24.jpg,NA,4
192,388,1,Brooke,McQuigge,,,L,"Bowmanville, ON",ON,,"Bowmanville, Ontario",Bowmanville,Ontario,Canada,"Bowmanville, Ontario","5'8""",0,"5-8""",0,,192,Signed,2000-06-09,'00,2000-06-09,2,2,,2,Minnesota Frost,PWHL,3,1,8,F,,192,*,"5'8""",0,,NA,Brooke McQuigge,https://assets.leaguestat.com/pwhl/240x240/192.jpg,NA,4
191,387,1,Katy,Knoll,,,R,"Amherst, NY",NY,,"Amherst, New York",Amherst,New York,United States,"Amherst, New York","5'7""",0,"5-7""",0,,191,Signed,2001-01-16,'01,2001-01-16,2,2,,2,Minnesota Frost,PWHL,6,1,8,F,,191,*,"5'7""",0,,NA,Katy Knoll,https://assets.leaguestat.com/pwhl/240x240/191.jpg,NA,4
102,132,1,Claire,Butorac, KLEHR BOO-TOH-rack,,R,"Andover, MN",MN,,"Andover, Minnesota",Andover,Minnesota,United States,"Andover, Minnesota",5'6,0,5-6,0,,102,Signed,1999-09-24,'99,1999-09-24,2,2,,2,Minnesota Frost,PWHL,7,0,8,F,,102,&nbsp;,5'6,0,,NA,Claire Butorac,https://assets.leaguestat.com/pwhl/240x240/102.jpg,NA,4
187,383,1,Charlotte,Akervik,,,R,"Eau Claire, WI",WI,,"Eau Claire, Wisconsin",Eau Claire,Wisconsin,United States,"Eau Claire, Wisconsin",5'10,0,5-10,0,,187,Signed,2001-02-17,'01,2001-02-17,2,2,,2,Minnesota Frost,PWHL,8,1,1,D,,187,*,5'10,0,,NA,Charlotte Akervik,https://assets.leaguestat.com/pwhl/240x240/187.jpg,NA,4
188,384,1,Mae,Batherson,May BATH-ur-son,,L,"New Minas, NS",NS,,"New Minas , Nova Scotia",New Minas ,Nova Scotia,Canada,"New Minas , Nova Scotia",5'8,0,5-8,0,,188,Signed,2000-12-05,'00,2000-12-05,2,2,,2,Minnesota Frost,PWHL,9,1,1,D,,188,*,5'8,0,,NA,Mae Batherson,https://assets.leaguestat.com/pwhl/240x240/188.jpg,NA,4
92,120,1,Sydney,Brodt,,,R,"North Oaks, MN",Minnesota,,,,,,,,,,0,,92,None,1998-05-03,'98,1998-05-03,2,2,,2,Minnesota Frost,PWHL,10,0,8,F,,92,&nbsp;,,,,NA,Sydney Brodt,https://assets.leaguestat.com/pwhl/240x240/92.jpg,NA,4
194,390,1,Kaitlyn,O'Donohoe,,,R,"Atlanta, GA",USA,,"Atlanta, Georgia",Atlanta,Georgia,United States,"Atlanta, Georgia",5'7,0,5-7,0,,194,None,2001-09-20,'01,2001-09-20,2,2,,2,Minnesota Frost,PWHL,11,1,8,F,,194,*,5'7,0,,NA,Kaitlyn O'Donohoe,https://assets.leaguestat.com/pwhl/240x240/194.jpg,NA,4
23,25,1,Kelly,Pannek,KEH-LEE PAH-nehk,,R,"Plymouth, MN",Minnesota,,"Plymouth, Minnesota",Plymouth,Minnesota,United States,"Plymouth, Minnesota","5'7""",0,"5-7""",0,,23,None,1995-12-29,'95,1995-12-29,2,2,,2,Minnesota Frost,PWHL,12,0,8,F,,23,&nbsp;,"5'7""",0,,NA,Kelly Pannek,https://assets.leaguestat.com/pwhl/240x240/23.jpg,NA,4
25,27,1,Grace,Zumwinkle,GRAYS ZUHM-wihnk-uhl,,R,"Excelsior, MN",Minnesota,,"Excelsior, Minnesota",Excelsior,Minnesota,United States,"Excelsior, Minnesota","5'9""",0,"5-9""",0,,25,None,1999-04-23,'99,1999-04-23,2,1,*,2,Minnesota Frost,PWHL,13,0,8,F,,25,&nbsp;,"5'9""",0,,NA,Grace Zumwinkle,https://assets.leaguestat.com/pwhl/240x240/25.jpg,NA,4
195,391,1,Dominique,Petrie,,,R,"Hermosa Beach, CA",CA,,"Hermosa Beach, California",Hermosa Beach,California,United States,"Hermosa Beach, California",5'7,0,5-7,0,,195,Signed,2001-01-21,'01,2001-01-21,2,2,,2,Minnesota Frost,PWHL,14,1,8,F,,195,*,5'7,0,,NA,Dominique Petrie,https://assets.leaguestat.com/pwhl/240x240/195.jpg,NA,4
11,13,1,Sophie,Jaques,SOH-fee JAYKS,,R,"Toronto, ON",Ontario,,"Toronto, Ontario",Toronto,Ontario,Canada,"Toronto, Ontario",5'8,0,5-8,0,,11,Camp Invitee,2000-10-16,'00,2000-10-16,2,1,*,2,Minnesota Frost,PWHL,16,0,1,D,,11,&nbsp;,5'8,0,,NA,Sophie Jaques,https://assets.leaguestat.com/pwhl/240x240/11.jpg,NA,4
91,119,1,Brooke,Bryant,BRUHK BRIGH-uhnt,,R,"Linden, CA",California,United States,"Linden, California",Linden,California,United States,"Linden, California",5'6,0,5-6,0,,91,Signed,2000-08-22,'00,2000-08-22,2,2,,2,Minnesota Frost,PWHL,17,0,8,F,,91,&nbsp;,5'6,0,,NA,Brooke Bryant,https://assets.leaguestat.com/pwhl/240x240/91.jpg,NA,4
79,96,1,Maggie,Flaherty,MAIG-ee FLAIR-tee,,L,"Lakeville, MN",Minnesota,,"Lakeville, Minnesota",Lakeville,Minnesota,United States,"Lakeville, Minnesota",5'8,0,5-8,0,,79,None,2000-06-02,'00,2000-06-02,2,2,,2,Minnesota Frost,PWHL,19,0,1,D,,79,&nbsp;,5'8,0,,NA,Maggie Flaherty,https://assets.leaguestat.com/pwhl/240x240/79.jpg,NA,4
97,125,1,Liz,Schepers,LIHZ SHEH-puhrs,,L,"Mound, MN",Minnesota,,"Mound , Minnesota",Mound ,Minnesota,United States,"Mound , Minnesota",5'7,0,5-7,0,,97,Signed,1999-02-13,'99,1999-02-13,2,2,,2,Minnesota Frost,PWHL,21,0,8,F,,97,&nbsp;,5'7,0,,NA,Liz Schepers,https://assets.leaguestat.com/pwhl/240x240/97.jpg,NA,4
90,118,1,Natalie,Buchbinder,NAH-tuh-lee book-BIGHN-der,,R,"Fairport, NY",New York,,"Fairport, New York",Fairport,New York,United States,"Fairport, New York","5'8""",0,"5-8""",0,,90,None,1999-01-22,'99,1999-01-22,2,2,,2,Minnesota Frost,PWHL,22,0,1,D,,90,&nbsp;,"5'8""",0,,NA,Natalie Buchbinder,https://assets.leaguestat.com/pwhl/240x240/90.jpg,NA,4
129,162,1,Mellissa,Channell-Watkins,Muh-LISS-uh CHAN-uhl WHAT-kins,,L,"Plymouth, MI",,,"Plymouth, Michigan",Plymouth,Michigan,United States,"Plymouth, Michigan",5'4,0,5-4,0,,129,Signed,1994-12-16,'94,1994-12-16,2,2,,2,Minnesota Frost,PWHL,23,0,1,D,,129,&nbsp;,5'4,0,,NA,Mellissa Channell-Watkins,https://assets.leaguestat.com/pwhl/240x240/129.jpg,NA,4
20,22,1,Kendall,Coyne Schofield,KEHN-duhl KOIN SKOH-feeld,,L,"Palos Heights, IL",Illinois,,"Palos Heights, Illinois",Palos Heights,Illinois,United States,"Palos Heights, Illinois",5'2,0,5-2,0,,20,None,1992-05-25,'92,1992-05-25,2,2,,2,Minnesota Frost,PWHL,26,0,8,F,,20,&nbsp;,5'2,0,,NA,Kendall Coyne Schofield,https://assets.leaguestat.com/pwhl/240x240/20.jpg,NA,4
21,23,1,Taylor,Fox,TAY-luhr HIGH-zee,,R,"Lake City, MN",Minnesota,,"Lake City, Minnesota",Lake City,Minnesota,United States,"Lake City, Minnesota",5'10,0,5-10,0,,21,None,2000-03-17,'00,2000-03-17,2,1,*,2,Minnesota Frost,PWHL,27,0,8,F,,21,&nbsp;,5'10,0,,NA,Taylor Fox,https://assets.leaguestat.com/pwhl/240x240/21.jpg,NA,4
22,24,1,Nicole,Hensley,NIHK-ohl HEHNZ-lee,,L,"Lakewood, CO",Colorado,,"Lakewood, Colorado",Lakewood,Colorado,United States,"Lakewood, Colorado",5'7,0,5-7,0,,22,None,1994-06-23,'94,1994-06-23,2,2,,2,Minnesota Frost,PWHL,29,0,7,G,,22,&nbsp;,5'7,0,,NA,Nicole Hensley,https://assets.leaguestat.com/pwhl/240x240/22.jpg,L,4
193,389,1,Lucy,Morgan,,,,"Mandan, ND",ND,,"Mandan, North Dakota",Mandan,North Dakota,United States,"Mandan, North Dakota",5'7,0,5-7,0,,193,None,2001-08-18,'01,2001-08-18,2,2,,2,Minnesota Frost,PWHL,32,1,7,G,,193,*,5'7,0,,NA,Lucy Morgan,https://assets.leaguestat.com/pwhl/240x240/193.jpg,R,4
121,151,1,Lauren,Bench,,,R,"Eagan, MN",,,,,,,,,,,0,,121,None,1997-11-21,'97,1997-11-21,2,2,,2,Minnesota Frost,PWHL,33,0,7,G,,121,&nbsp;,,,,NA,Lauren Bench,https://assets.leaguestat.com/pwhl/240x240/121.jpg,L,4
123,153,1,Maddie,Rooney,MAD-dee ROO-nee,,R,"Andover, MN",,,"Andover, Minnesota",Andover,Minnesota,United States,"Andover, Minnesota","5'5""",0,"5-5""",0,,123,None,1997-07-07,'97,1997-07-07,2,2,,2,Minnesota Frost,PWHL,35,0,7,G,,123,&nbsp;,"5'5""",0,,NA,Maddie Rooney,https://assets.leaguestat.com/pwhl/240x240/123.jpg,L,4
104,134,1,Denisa,Křížová,DUH-nee-SAH SHISH-uh-vuh,,L,"Horní Cerekev, CZE",CZE,,"Horni Cerekev, Czechia, Czechia",Horni Cerekev,Czechia,Czechia,"Horni Cerekev, Czechia","5'5""",0,"5-5""",0,,104,Camp Invitee,1994-11-03,'94,1994-11-03,2,2,,2,Minnesota Frost,PWHL,41,0,8,F,,104,&nbsp;,"5'5""",0,,NA,Denisa Křížová,https://assets.leaguestat.com/pwhl/240x240/104.jpg,NA,4
169,204,1,Claire,Thompson,,,L,"Toronto, ON",,,"Toronto, Ontario",Toronto,Ontario,Canada,"Toronto, Ontario",5'8,0,5-8,0,,169,Camp Invitee,1998-01-28,'98,1998-01-28,2,2,,2,Minnesota Frost,PWHL,42,0,1,D,,169,&nbsp;,5'8,0,,NA,Claire Thompson,https://assets.leaguestat.com/pwhl/240x240/169.jpg,NA,4
190,386,1,Klára,Hymlárová,,,L,"Opava, CZE",CZE,,"Opava, Czechia",Opava,,Czechia,"Opava, ",5'5,0,5-5,0,,190,None,1999-02-27,'99,1999-02-27,2,2,,2,Minnesota Frost,PWHL,71,1,8,F,,190,*,5'5,0,,NA,Klára Hymlárová,https://assets.leaguestat.com/pwhl/240x240/190.jpg,NA,4
189,385,1,Britta,Curl-Salemme,Britt—UH Curl Suh-LEMM-ee,,L,"Bismarck, ND",ND,,"Bismarck, North Dakota",Bismarck,North Dakota,United States,"Bismarck, North Dakota",5'9,0,5-9,0,,189,None,2000-03-20,'00,2000-03-20,2,2,,2,Minnesota Frost,PWHL,77,1,8,F,,189,*,5'9,0,,NA,Britta Curl-Salemme,https://assets.leaguestat.com/pwhl/240x240/189.jpg,NA,4
115,145,1,Michela,Cava,MIH-kay-luh KAH-vuh,,R,"Thunder Bay, ON",,,"Thunder Bay, Ontario",Thunder Bay,Ontario,Canada,"Thunder Bay, Ontario",5'4,0,5-4,0,,115,Camp Invitee,1994-03-26,'94,1994-03-26,2,2,,2,Minnesota Frost,PWHL,86,0,8,F,,115,&nbsp;,5'4,0,,NA,Michela Cava,https://assets.leaguestat.com/pwhl/240x240/115.jpg,NA,4
166,201,1,Marlène,Boissonnault,,,L,"Dundee, NB",NB,Canada,"Dundee, New Brunswick",Dundee,New Brunswick,Canada,"Dundee, New Brunswick",,0,,0,,166,None,1997-06-19,'97,1997-06-19,3,2,,3,Montréal Victoire,PWHL,1,0,7,G,,166,&nbsp;,,0,,NA,Marlène Boissonnault,https://assets.leaguestat.com/pwhl/240x240/166.jpg,L,4
99,127,1,Mariah,Keopple,,,L,"Menomonie, WI",Wisconsin,,"Menomonie, Wisconsin",Menomonie,Wisconsin,United States,"Menomonie, Wisconsin",5'9,0,5-9,0,,99,None,2000-06-27,'00,2000-06-27,3,1,*,3,Montréal Victoire,PWHL,2,0,1,D,,99,&nbsp;,5'9,0,,NA,Mariah Keopple,https://assets.leaguestat.com/pwhl/240x240/99.jpg,NA,4
196,392,1,Cayla,Barnes,,,R,"Eastvale, CA",CA,,"Eastvale, California",Eastvale,California,United States,"Eastvale, California","5'2""",0,"5-2""",0,,196,None,1999-01-07,'99,1999-01-07,3,2,,3,Montréal Victoire,PWHL,3,1,1,D,,196,*,"5'2""",0,,NA,Cayla Barnes,https://assets.leaguestat.com/pwhl/240x240/196.jpg,NA,4
163,198,1,Catherine,Daoust,,,R,"L’Île-Bizard, QC",,,"Montréal, Québec",Montréal,Québec,Canada,"Montréal, Québec",5'5,0,5-5,0,,163,None,1995-02-21,'95,1995-02-21,3,2,,3,Montréal Victoire,PWHL,4,0,1,D,,163,&nbsp;,5'5,0,,NA,Catherine Daoust,https://assets.leaguestat.com/pwhl/240x240/163.jpg,NA,4
203,399,1,Anna,Wilgren,,,L,"Hudson, WI",WI,,"Hudson, Wisconsin",Hudson,Wisconsin,United States,"Hudson, Wisconsin",5'8,0,5-8,0,,203,None,1999-11-10,'99,1999-11-10,3,2,,3,Montréal Victoire,PWHL,5,1,1,D,,203,*,5'8,0,,NA,Anna Wilgren,https://assets.leaguestat.com/pwhl/240x240/203.jpg,NA,4
32,34,1,Laura,Stacey,STAY-see,,R,"Kleinburg, ON",Ontario,,"Kleinburg, Ontario",Kleinburg,Ontario,Canada,"Kleinburg, Ontario","5'10""",0,"5-10""",0,,32,None,1994-05-05,'94,1994-05-05,3,2,,3,Montréal Victoire,PWHL,7,0,8,F,,32,&nbsp;,"5'10""",0,,NA,Laura Stacey,https://assets.leaguestat.com/pwhl/240x240/32.jpg,NA,4
156,191,1,Gabrielle,David,,,R,"Drummondville, QC",,,"Drummondville, Québec",Drummondville,Québec,Canada,"Drummondville, Québec",5'4,0,5-4,0,,156,None,1999-06-22,'99,1999-06-22,3,1,*,3,Montréal Victoire,PWHL,8,0,8,F,,156,&nbsp;,5'4,0,,NA,Gabrielle David,https://assets.leaguestat.com/pwhl/240x240/156.jpg,NA,4
84,103,1,Kati,Tabin,,,L,"Winnipeg, MB",Manitoba,,"Winnipeg, Manitoba",Winnipeg,Manitoba,Canada,"Winnipeg, Manitoba","5'8""",0,"5-8""",0,,84,None,1997-04-21,'97,1997-04-21,3,2,,3,Montréal Victoire,PWHL,9,0,1,D,,84,&nbsp;,"5'8""",0,,NA,Kati Tabin,https://assets.leaguestat.com/pwhl/240x240/84.jpg,NA,4
198,394,1,Jenn,Gardiner,,,L,"Surrey, BC",BC,,"Surrey, British Columbia",Surrey,British Columbia,Canada,"Surrey, British Columbia",5'6,0,5-6,0,,198,Camp Invitee,2001-09-18,'01,2001-09-18,3,2,,3,Montréal Victoire,PWHL,12,1,8,F,,198,*,5'6,0,,NA,Jenn Gardiner,https://assets.leaguestat.com/pwhl/240x240/198.jpg,NA,4
39,41,1,Alexandra,Labelle,,,L,"St-Louis-de-Gonzague, QC",,Canada,"St-Louis-de-Gonzague, QC, Québec","St-Louis-de-Gonzague, QC",Québec,Canada,"St-Louis-de-Gonzague, QC, Québec",5'7,0,5-7,0,,39,None,1996-02-27,'96,1996-02-27,3,1,*,3,Montréal Victoire,PWHL,13,0,8,F,,39,&nbsp;,5'7,0,,NA,Alexandra Labelle,https://assets.leaguestat.com/pwhl/240x240/39.jpg,NA,4
81,100,1,Sarah,Bujold,,,L,"Riverview, NB",New Brunswick,,,,,,,,0,,0,,81,None,1996-02-26,'96,1996-02-26,3,2,,3,Montréal Victoire,PWHL,16,0,8,F,,81,&nbsp;,,0,,NA,Sarah Bujold,https://assets.leaguestat.com/pwhl/240x240/81.jpg,NA,4
199,395,1,Dara,Greig,,,L,"Camden, NJ",NJ,,"Camden, New Jersey",Camden,New Jersey,United States,"Camden, New Jersey",5'7'',0,5-,0,,199,None,2000-12-30,'00,2000-12-30,3,2,,3,Montréal Victoire,PWHL,17,1,8,F,,199,*,5'7'',0,,NA,Dara Greig,https://assets.leaguestat.com/pwhl/240x240/199.jpg,NA,4
138,171,1,Mikyla,Grant-Mentis,,,L,"Brampton, ON",,,"Brampton, Ontario",Brampton,Ontario,Canada,"Brampton, Ontario",5'6,0,5-6,0,,138,None,1998-07-15,'98,1998-07-15,3,2,,3,Montréal Victoire,PWHL,18,0,8,F,,138,&nbsp;,5'6,0,,NA,Mikyla Grant-Mentis,https://assets.leaguestat.com/pwhl/240x240/138.jpg,NA,4
85,104,1,Elaine,Chuli,,,L,"Waterford, ON",Ontario,,"Waterford, Ontario",Waterford,Ontario,Canada,"Waterford, Ontario",5'7,0,5-7,0,,85,None,1994-05-16,'94,1994-05-16,3,2,,3,Montréal Victoire,PWHL,20,0,7,G,,85,&nbsp;,5'7,0,,NA,Elaine Chuli,https://assets.leaguestat.com/pwhl/240x240/85.jpg,L,4
98,126,1,Maureen,Murphy,,,R,"Buffalo, NY",New York,,"Buffalo, New York",Buffalo,New York,United States,"Buffalo, New York",5'4,0,5-4,0,,98,None,1999-12-15,'99,1999-12-15,3,1,*,3,Montréal Victoire,PWHL,21,0,8,F,,98,&nbsp;,5'4,0,,NA,Maureen Murphy,https://assets.leaguestat.com/pwhl/240x240/98.jpg,NA,4
29,31,1,Kennedy,Marchment,,,R,"Marmora, ON",Ontario,,"Marmora, Ontario",Marmora,Ontario,Canada,"Marmora, Ontario",5'8,0,5-8,0,,29,None,1996-12-06,'96,1996-12-06,3,2,,3,Montréal Victoire,PWHL,22,0,8,F,,29,&nbsp;,5'8,0,,NA,Kennedy Marchment,https://assets.leaguestat.com/pwhl/240x240/29.jpg,NA,4
83,102,1,Erin,Ambrose,,,R,"Keswick, ON",Ontario,,"Keswick, Ontario",Keswick,Ontario,Canada,"Keswick, Ontario","5'5""",0,"5-5""",0,,83,None,1994-04-30,'94,1994-04-30,3,2,,3,Montréal Victoire,PWHL,23,0,1,D,,83,&nbsp;,"5'5""",0,,NA,Erin Ambrose,https://assets.leaguestat.com/pwhl/240x240/83.jpg,NA,4
114,144,1,Abby,Boreen,,,R,"Somerset, WI",WI,,"Somerset, Wisconsin",Somerset,Wisconsin,United States,"Somerset, Wisconsin",5'8,0,5-8,0,,114,Camp Invitee,2000-04-03,'00,2000-04-03,3,2,,3,Montréal Victoire,PWHL,24,1,8,F,,114,*,5'8,0,,NA,Abby Boreen,https://assets.leaguestat.com/pwhl/240x240/114.jpg,NA,4
201,397,1,Lina,Ljungblom,,,L,"Skövde, SWE",SWE,Sweden,"Skövde, Sweden",Skövde,,Sweden,"Skövde, ",5'9,0,5-9,0,,201,None,2001-10-15,'01,2001-10-15,3,2,,3,Montréal Victoire,PWHL,25,1,8,F,,201,*,5'9,0,,NA,Lina Ljungblom,https://assets.leaguestat.com/pwhl/240x240/201.jpg,NA,4
116,146,1,Clair,DeGeorge,,,L,"Anchorage, AK",AK,,"Anchorage, Alaska",Anchorage,Alaska,United States,"Anchorage, Alaska",5'11,0,5-11,0,,116,None,1999-06-07,'99,1999-06-07,3,2,,3,Montréal Victoire,PWHL,26,0,8,F,,116,&nbsp;,5'11,0,,NA,Clair DeGeorge,https://assets.leaguestat.com/pwhl/240x240/116.jpg,NA,4
157,192,1,Catherine,Dubois,,,L,"Charlesbourg, QC",,,"Charlesbourg, Québec",Charlesbourg,Québec,Canada,"Charlesbourg, Québec","5'10""",0,"5-10""",0,,157,None,1995-07-29,'95,1995-07-29,3,2,,3,Montréal Victoire,PWHL,28,0,8,F,,157,&nbsp;,"5'10""",0,,NA,Catherine Dubois,https://assets.leaguestat.com/pwhl/240x240/157.jpg,NA,4
31,33,1,Marie-Philip,Poulin,,,L,"Beauceville, QC",QC,,"Beauceville, Québec",Beauceville,Québec,Canada,"Beauceville, Québec",5'7,0,5-7,0,,31,None,1991-03-28,'91,1991-03-28,3,2,,3,Montréal Victoire,PWHL,29,0,8,F,,31,&nbsp;,5'7,0,,NA,Marie-Philip Poulin,https://assets.leaguestat.com/pwhl/240x240/31.jpg,NA,4
48,50,1,Sandra,Abstreiter,,,L,"Freising, GER",GER,Germany,"Freising, Germany",Freising,,Germany,"Freising, ","5'11""",0,"5-11""",0,,48,None,1998-07-23,'98,1998-07-23,3,2,,3,Montréal Victoire,PWHL,30,1,7,G,,48,*,"5'11""",0,,NA,Sandra Abstreiter,https://assets.leaguestat.com/pwhl/240x240/48.jpg,L,4
28,30,1,Ann-Renée,Desbiens,,,L,"Clermont, QC",Quebec,,"Clermont, Québec",Clermont,Québec,Canada,"Clermont, Québec","5'9""",0,"5-9""",0,,28,None,1994-04-10,'94,1994-04-10,3,2,,3,Montréal Victoire,PWHL,35,0,7,G,,28,&nbsp;,"5'9""",0,,NA,Ann-Renée Desbiens,https://assets.leaguestat.com/pwhl/240x240/28.jpg,L,4
26,28,1,Claire,Dalton,,,R,"Toronto, ON",Ontario,,"Toronto, Ontario",Toronto,Ontario,Canada,"Toronto, Ontario","5'9""",0,"5-9""",0,,26,None,2000-03-20,'00,2000-03-20,3,1,*,3,Montréal Victoire,PWHL,42,0,8,F,,26,&nbsp;,"5'9""",0,,NA,Claire Dalton,https://assets.leaguestat.com/pwhl/240x240/26.jpg,NA,4
30,32,1,Kristin,O'Neill,,,L,"Oakville, ON",Ontario,,"Oakville, Ontario",Oakville,Ontario,Canada,"Oakville, Ontario","5'4""",0,"5-4""",0,,30,None,1998-03-30,'98,1998-03-30,3,2,,3,Montréal Victoire,PWHL,43,0,8,F,,30,&nbsp;,"5'4""",0,,NA,Kristin O'Neill,https://assets.leaguestat.com/pwhl/240x240/30.jpg,NA,4
51,53,1,Amanda,Boulier,,,R,"Watertown, CT",Connecticut,,"Watertown, Connecticut",Watertown,Connecticut,United States,"Watertown, Connecticut","5'1""",0,"5-1""",0,,51,None,1993-03-30,'93,1993-03-30,3,2,,3,Montréal Victoire,PWHL,44,0,1,D,,51,&nbsp;,"5'1""",0,,NA,Amanda Boulier,https://assets.leaguestat.com/pwhl/240x240/51.jpg,NA,4
202,398,1,Kelly Ann,Nadeau,,,R,"Mont-Laurier, QC",QC,,"Mont-Laurier, Québec",Mont-Laurier,Québec,Canada,"Mont-Laurier, Québec",5'7,0,5-7,0,,202,None,1998-03-30,'98,1998-03-30,3,2,,3,Montréal Victoire,PWHL,51,1,1,D,,202,*,5'7,0,,NA,Kelly Ann Nadeau,https://assets.leaguestat.com/pwhl/240x240/202.jpg,NA,4
200,396,1,Anna,Kjellbin,,,R,"Göteberg, SWE",SWE,Sweden,"Göteberg, Sweden",Göteberg,,Sweden,"Göteberg, ","5'7""",0,"5-7""",0,,200,None,1994-03-16,'94,1994-03-16,3,2,,3,Montréal Victoire,PWHL,71,1,1,D,,200,*,"5'7""",0,,NA,Anna Kjellbin,https://assets.leaguestat.com/pwhl/240x240/200.jpg,NA,4
82,101,1,Dominika,Lásková,,,R,"Prague, CZE",CZE,Czechia,"Prague, Czechia",Prague,,Czechia,"Prague, ",5'6,0,5-6,0,,82,None,1996-12-20,'96,1996-12-20,3,2,,3,Montréal Victoire,PWHL,96,0,1,D,,82,&nbsp;,5'6,0,,NA,Dominika Lásková,https://assets.leaguestat.com/pwhl/240x240/82.jpg,NA,4
197,393,0,Tricia,Deguire,,,L,"Sherbrooke, QC",QC,Canada,"Sherbrooke, Quebec",Sherbrooke,Quebec,Canada,"Sherbrooke, Quebec",5'8'',0,5-,0,,197,Camp Invitee,1997-09-14,'97,1997-09-14,3,2,,3,Montréal Victoire,PWHL,33,1,7,G,,197,*,5'8'',0,,NA,Tricia Deguire,https://lscluster.hockeytech.com/img/nophoto.png,L,4
46,48,1,Olivia,Zafuto,UH-lihv-ee-uh ZUH-foo-tow ,,L,"Niagara Falls, NY",New York,,"Niagara Falls, New York",Niagara Falls,New York,United States,"Niagara Falls, New York",5'6,0,5-6,0,,46,Camp Invitee,1997-01-25,'97,1997-01-25,4,2,,4,New York Sirens,PWHL,3,0,1,D,,46,&nbsp;,5'6,0,,NA,Olivia Zafuto,https://assets.leaguestat.com/pwhl/240x240/46.jpg,NA,4
162,197,1,Madison,Bizal,,,L,"Elk River, MN",USA,,,,,,,,0,,0,,162,Camp Invitee,2000-01-25,'00,2000-01-25,4,1,*,4,New York Sirens,PWHL,6,0,1,D,,162,&nbsp;,,0,,NA,Madison Bizal,https://assets.leaguestat.com/pwhl/240x240/162.jpg,NA,4
38,40,1,Brooke,Hobson, BRUHK HAWB-suhn,,L,"Prince Albert, SK",Saskatchewan,Canada,"Prince Albert, Saskatchewan",Prince Albert,Saskatchewan,Canada,"Prince Albert, Saskatchewan",5'6,0,5-6,0,,38,Signed,1999-05-27,'99,1999-05-27,4,2,,4,New York Sirens,PWHL,6,0,1,D,,38,&nbsp;,5'6,0,,NA,Brooke Hobson,https://assets.leaguestat.com/pwhl/240x240/38.jpg,NA,4
229,425,1,Maja,Nylén Persson,MIGH-uh NIH-lehn PEHR-suhn,,R,"Avesta, SWE",SWE,Sweden,"Avesta, Sweden",Avesta,,Sweden,"Avesta, ","5'5""",0,"5-5""",0,,229,None,2000-11-20,'00,2000-11-20,4,2,,4,New York Sirens,PWHL,8,1,1,D,,229,*,"5'5""",0,,NA,Maja Nylén Persson,https://assets.leaguestat.com/pwhl/240x240/229.jpg,NA,4
36,38,1,Jessie,Eldridge,jeh-see EHLD-rihdj,,R,"Barrie, ON",Ontario,,"Barrie, Ontario",Barrie,Ontario,Canada,"Barrie, Ontario","5'9""",0,"5-9""",0,,36,Signed,1997-12-17,'97,1997-12-17,4,2,,4,New York Sirens,PWHL,9,0,8,F,,36,&nbsp;,"5'9""",0,,NA,Jessie Eldridge,https://assets.leaguestat.com/pwhl/240x240/36.jpg,NA,4
205,401,1,Sarah,Fillier,SAIR-AH FIH-lee-AY,,R,"Georgetown, ON",ON,,"Georgetown, Ontario",Georgetown,Ontario,Canada,"Georgetown, Ontario",5'5,0,5-5,0,,205,Signed,2000-06-09,'00,2000-06-09,4,2,,4,New York Sirens,PWHL,10,1,8,F,,205,*,5'5,0,,NA,Sarah Fillier,https://assets.leaguestat.com/pwhl/240x240/205.jpg,NA,4
45,47,1,Kayla,Vespa,kay-LUH veh-SPUH,,L,"Hamilton, ON",Ontario,,"Hamilton, Ontario",Hamilton,Ontario,Canada,"Hamilton, Ontario","5'2""",0,"5-2""",0,,45,Camp Invitee,1997-04-01,'97,1997-04-01,4,2,,4,New York Sirens,PWHL,10,0,8,F,,45,&nbsp;,"5'2""",0,,NA,Kayla Vespa,https://assets.leaguestat.com/pwhl/240x240/45.jpg,NA,4
42,44,1,Abby,Roque,AH-bee rawk,,R,"Sault Ste. Marie, MI",Michigan,,"Sault Ste. Marie, Michigan",Sault Ste. Marie,Michigan,United States,"Sault Ste. Marie, Michigan","5'7""",0,"5-7""",0,,42,Signed,1997-09-25,'97,1997-09-25,4,2,,4,New York Sirens,PWHL,11,0,8,F,,42,&nbsp;,"5'7""",0,,NA,Abby Roque,https://assets.leaguestat.com/pwhl/240x240/42.jpg,NA,4
206,402,1,Elle,Hartje,EHL hartch-ee ,,L,"Detroit, MI ",MI,,"Detroit, Michigan",Detroit,Michigan,United States,"Detroit, Michigan",5'5,0,5-5,0,,206,Camp Invitee,2001-04-13,'01,2001-04-13,4,2,,4,New York Sirens,PWHL,13,1,8,F,,206,*,5'5,0,,NA,Elle Hartje,https://assets.leaguestat.com/pwhl/240x240/206.jpg,NA,4
87,106,1,Jaime,Bourbonnais,JAY-mee BUHR-buh-NAY,,R,"Mississauga, ON",Ontario,,"Mississauga,, Ontario","Mississauga,",Ontario,Canada,"Mississauga,, Ontario",5'7,0,5-7,0,,87,Signed,1998-09-09,'98,1998-09-09,4,2,,4,New York Sirens,PWHL,14,0,1,D,,87,&nbsp;,5'7,0,,NA,Jaime Bourbonnais,https://assets.leaguestat.com/pwhl/240x240/87.jpg,NA,4
227,423,1,Gabby,Rosenthal,GAH-bee ROW-zehn-thahl,,R,"Blaine, MN",MN,,"Blaine , Minnesota",Blaine ,Minnesota,United States,"Blaine , Minnesota",5'7,0,5-7,0,,227,Camp Invitee,1999-09-13,'99,1999-09-13,4,2,,4,New York Sirens,PWHL,15,1,8,F,,227,*,5'7,0,,NA,Gabby Rosenthal,https://assets.leaguestat.com/pwhl/240x240/227.jpg,NA,4
146,179,1,Alexa,Gruschow,,,R,"Mechanicsburg, PA",,,,,,,,,0,,0,,146,Camp Invitee,1994-04-16,'94,1994-04-16,4,2,,4,New York Sirens,PWHL,16,0,8,F,,146,&nbsp;,,0,,NA,Alexa Gruschow,https://assets.leaguestat.com/pwhl/240x240/146.jpg,NA,4
44,46,1,Ella,Shelton,EH-LUH SHEHL-tuhn,,L,"Ingersoll, ON",Ontario,,"Ingersoll, Ontario",Ingersoll,Ontario,Canada,"Ingersoll, Ontario","5'8""",0,"5-8""",0,,44,Signed,1998-01-19,'98,1998-01-19,4,2,,4,New York Sirens,PWHL,17,0,1,D,,44,&nbsp;,"5'8""",0,,NA,Ella Shelton,https://assets.leaguestat.com/pwhl/240x240/44.jpg,NA,4
37,39,1,Élizabeth,Giguère,EH-liz-uh-bet ZHIH-gair,,R,"Quebec City, QC",Quebec,,"Québec, Québec",Québec,Québec,Canada,"Québec, Québec",5'10,0,5-10,0,,37,Signed,1997-05-08,'97,1997-05-08,4,2,,4,New York Sirens,PWHL,18,0,8,F,,37,&nbsp;,5'10,0,,NA,Élizabeth Giguère,https://assets.leaguestat.com/pwhl/240x240/37.jpg,NA,4
40,42,1,Paetyn,Levis,PAY-tuhn LEH-vihs,,R,"Rogers, MN",Minnesota,,"Rogers, Minnesota",Rogers,Minnesota,United States,"Rogers, Minnesota","5'5""",0,"5-5""",0,,40,Camp Invitee,1999-11-06,'99,1999-11-06,4,2,,4,New York Sirens,PWHL,19,0,8,F,,40,&nbsp;,"5'5""",0,,NA,Paetyn Levis,https://assets.leaguestat.com/pwhl/240x240/40.jpg,NA,4
230,426,1,Allyson,Simpson,ah-lih-suhn SIHMP-suhn,,R,"Frisco, TX",TX,,"Frisco, Texas",Frisco,Texas,United States,"Frisco, Texas","5'8""",0,"5-8""",0,,230,None,2000-12-20,'00,2000-12-20,4,2,,4,New York Sirens,PWHL,20,1,1,D,,230,*,"5'8""",0,,NA,Allyson Simpson,https://assets.leaguestat.com/pwhl/240x240/230.jpg,NA,4
148,181,1,Madison,Packer,,,R,"Birmingham, MI",,,,,,,,,0,,0,,148,Camp Invitee,1991-06-25,'91,1991-06-25,4,2,,4,New York Sirens,PWHL,23,0,8,F,,148,&nbsp;,,0,,NA,Madison Packer,https://assets.leaguestat.com/pwhl/240x240/148.jpg,NA,4
34,36,1,Alex,Carpenter,AL-ehx KAHR-pehn-tuhr,,L,"North Reading, MA",Massachusetts,,"North Reading, Massachusetts",North Reading,Massachusetts,United States,"North Reading, Massachusetts","5'7""",0,"5-7""",0,,34,Signed,1994-04-13,'94,1994-04-13,4,2,,4,New York Sirens,PWHL,25,0,8,F,,34,&nbsp;,"5'7""",0,,NA,Alex Carpenter,https://assets.leaguestat.com/pwhl/240x240/34.jpg,NA,4
35,37,1,Jade,Downie-Landry,JAYD DOW-nee LAN-dree,,L,"St-Jean-sur-Richelieu, QC",Quebec,Canada,"St-Jean-sur-Richelieu, QC, Québec","St-Jean-sur-Richelieu, QC",Québec,Canada,"St-Jean-sur-Richelieu, QC, Québec",5'9,0,5-9,0,,35,Signed,1995-10-03,'95,1995-10-03,4,2,,4,New York Sirens,PWHL,27,0,8,F,,35,&nbsp;,5'9,0,,NA,Jade Downie-Landry,https://assets.leaguestat.com/pwhl/240x240/35.jpg,NA,4
47,49,1,Micah,Zandee-Hart,MIGHK-UH ZAN-dee HAHRT ,,L,"Saanichton, BC",BC,,"Saanichton, British Columbia",Saanichton,British Columbia,Canada,"Saanichton, British Columbia",5'8,0,5-8,0,,47,Signed,1997-01-13,'97,1997-01-13,4,2,,4,New York Sirens,PWHL,28,0,1,D,,47,&nbsp;,5'8,0,,NA,Micah Zandee-Hart,https://assets.leaguestat.com/pwhl/240x240/47.jpg,NA,4
204,400,1,Emmy,Fecteau,eh-MEE fehk-TOH,,L,Saint-Odilon-de-Cranbourn,QC,,"Saint-Odilon-de-Cranbourn, Québec",Saint-Odilon-de-Cranbourn,Québec,Canada,"Saint-Odilon-de-Cranbourn, Québec",5'6,0,5-6,0,,204,Camp Invitee,1999-04-07,'99,1999-04-07,4,2,,4,New York Sirens,PWHL,29,1,8,F,,204,*,5'6,0,,NA,Emmy Fecteau,https://assets.leaguestat.com/pwhl/240x240/204.jpg,NA,4
155,188,1,Corinne,Schroeder,kohr-een SHROW-duhr,,R,"Elm Creek, MB",,,"Elm Creek, Manitoba",Elm Creek,Manitoba,Canada,"Elm Creek, Manitoba",5'11,0,5-11,0,,155,Signed,1999-08-17,'99,1999-08-17,4,2,,4,New York Sirens,PWHL,30,0,7,G,,155,&nbsp;,5'11,0,,NA,Corinne Schroeder,https://assets.leaguestat.com/pwhl/240x240/155.jpg,L,4
41,43,1,Abbey,Levy,AH-BEE LEE-vee,,L,"Congers, NY",New York,,"Congers, New York",Congers,New York,United States,"Congers, New York",6'1,0,6-1,0,,41,Signed,2000-04-02,'00,2000-04-02,4,2,,4,New York Sirens,PWHL,39,0,7,G,,41,&nbsp;,6'1,0,,NA,Abbey Levy,https://assets.leaguestat.com/pwhl/240x240/41.jpg,L,4
149,182,1,Jill,Saulnier,JIHL SAWN-yeigh ,,L,"Halifax, NS",,,"Halifax, Nova Scotia",Halifax,Nova Scotia,Canada,"Halifax, Nova Scotia",5'5,0,5-5,0,,149,Signed,1992-03-07,'92,1992-03-07,4,2,,4,New York Sirens,PWHL,44,0,8,F,,149,&nbsp;,5'5,0,,NA,Jill Saulnier,https://assets.leaguestat.com/pwhl/240x240/149.jpg,NA,4
147,180,1,Savannah,Norcross,,,R,"Lynn, MA",,,"Lynn, Massachusetts",Lynn,Massachusetts,United States,"Lynn, Massachusetts",5'7,0,5-7,0,,147,Camp Invitee,2000-06-10,'00,2000-06-10,4,2,,4,New York Sirens,PWHL,71,0,8,F,,147,&nbsp;,5'7,0,,NA,Savannah Norcross,https://assets.leaguestat.com/pwhl/240x240/147.jpg,NA,4
228,424,1,Kayle,Osborne,KAY-lee AWZ-born,,,"Westport, ON ",ON,,"Westport, Ontario",Westport,Ontario,Canada,"Westport, Ontario","5'8""",0,"5-8""",0,,228,None,2002-02-28,'02,2002-02-28,4,2,,4,New York Sirens,PWHL,82,1,7,G,,228,*,"5'8""",0,,NA,Kayle Osborne,https://assets.leaguestat.com/pwhl/240x240/228.jpg,L,4
150,183,0,Taylor,Baker,TAY-luhr BAY-kuhr,,R,"Toronto, ON",,,"Toronto, Ontario",Toronto,Ontario,Canada,"Toronto, Ontario",5'5,0,5-5,0,,150,Camp Invitee,1997-07-30,'97,1997-07-30,4,2,,4,New York Sirens,PWHL,4,0,1,D,,150,&nbsp;,5'5,0,,NA,Taylor Baker,https://assets.leaguestat.com/pwhl/240x240/150.jpg,NA,4
33,35,0,Chloé,Aurard-Bushee,CLOH-ee OH-rahrd,,L,"Villard-de-Lans, FRA",FRA,France,"Villard-de-Lans, France",Villard-de-Lans,,France,"Villard-de-Lans, ",5'6,0,5-6,0,,33,Signed,1999-03-15,'99,1999-03-15,4,2,,4,New York Sirens,PWHL,12,0,8,F,,33,&nbsp;,5'6,0,,NA,Chloé Aurard-Bushee,https://assets.leaguestat.com/pwhl/240x240/33.jpg,NA,4
231,427,0,Noora,Tulus,noh-RUH toh-LOHSH,,R,"Vantaa, FIN",FIN,,"Vantaa, Finland",Vantaa,,Finland,"Vantaa, ","5'5""",0,"5-5""",0,,231,None,1995-08-15,'95,1995-08-15,4,2,,4,New York Sirens,PWHL,40,1,8,F,,231,*,"5'5""",0,,NA,Noora Tulus,https://assets.leaguestat.com/pwhl/240x240/231.jpg,NA,4
62,64,1,Aneta,Tejralová,AH-neh-TAH TEH-ruh-low-VAH,,L,"Prague, CZE",CZE,,"Prague, Czechia",Prague,,Czechia,"Prague, ",5'5,0,5-5,0,,62,Signed,1996-01-04,'96,1996-01-04,5,2,,5,Ottawa Charge,PWHL,2,0,1,D,,62,&nbsp;,5'5,0,,NA,Aneta Tejralová,https://assets.leaguestat.com/pwhl/240x240/62.jpg,NA,4
52,54,1,Zoe,Boyd, ZOH-ee boy-d,,L,"Caledon East, ON",Ontario,,"Caledon East, Ontario",Caledon East,Ontario,Canada,"Caledon East, Ontario",5'8,0,5-8,0,,52,Signed,2000-08-09,'00,2000-08-09,5,2,,5,Ottawa Charge,PWHL,3,0,1,D,,52,&nbsp;,5'8,0,,NA,Zoe Boyd,https://assets.leaguestat.com/pwhl/240x240/52.jpg,NA,4
108,138,1,Samantha,Isbell,,,L,"Thunder Bay, ON",,,"Thunder Bay, Ontario",Thunder Bay,Ontario,Canada,"Thunder Bay, Ontario",5'7,0,5-7,0,,108,None,1998-02-17,'98,1998-02-17,5,2,,5,Ottawa Charge,PWHL,5,0,8,F,,108,&nbsp;,5'7,0,,NA,Samantha Isbell,https://assets.leaguestat.com/pwhl/240x240/108.jpg,NA,4
219,415,1,Stephanie,Markowski,STEH-fuh-nee MAR-kow-skee,,L,"Edmonton, AB",AB,,"Edmonton, Alberta",Edmonton,Alberta,Canada,"Edmonton, Alberta",5'8,0,5-8,0,,219,Draftee,2001-08-24,'01,2001-08-24,5,2,,5,Ottawa Charge,PWHL,6,1,1,D,,219,*,5'8,0,,NA,Stephanie Markowski,https://assets.leaguestat.com/pwhl/240x240/219.jpg,NA,4
142,175,1,Natalie,Snodgrass,NAT-uh-lee SNAWD-grahs,,L,"Eagan, MN",,,"Eagan, Minnesota",Eagan,Minnesota,United States,"Eagan, Minnesota","5'6""",0,"5-6""",0,,142,Signed,1998-12-17,'98,1998-12-17,5,2,,5,Ottawa Charge,PWHL,8,0,8,F,,142,&nbsp;,"5'6""",0,,NA,Natalie Snodgrass,https://assets.leaguestat.com/pwhl/240x240/142.jpg,NA,4
215,411,1,Jessica,Adolfsson,JEH-sih-kuh AY-dawlf-SUHN,,L,"Linköping, SWE",SWE,,"Linköping, Sweden",Linköping,,Sweden,"Linköping, ",5'9,0,5-9,0,,215,Reserve,1998-07-15,'98,1998-07-15,5,2,,5,Ottawa Charge,PWHL,9,1,1,D,,215,*,5'9,0,,NA,Jessica Adolfsson,https://assets.leaguestat.com/pwhl/240x240/215.jpg,NA,4
101,129,1,Alexa,Vasko,AH-lehks-UH VAHS-koh,,L,"St. Catharines, ON",Ontario,Canada,"St. Catharines, Ontario",St. Catharines,Ontario,Canada,"St. Catharines, Ontario",5'5,0,5-5,0,,101,Signed,1999-02-07,'99,1999-02-07,5,2,,5,Ottawa Charge,PWHL,10,0,8,F,,101,&nbsp;,5'5,0,,NA,Alexa Vasko,https://assets.leaguestat.com/pwhl/240x240/101.jpg,NA,4
161,196,1,Tereza,Vanišová, TAH-ree-zuh VAH-nee-soh-VUH,,L,"Strakonice, CZE",CZE,,"Strakonice, Czechia, Czechia",Strakonice,Czechia,Czechia,"Strakonice, Czechia",5'7,0,5-7,0,,161,Signed,1996-01-30,'96,1996-01-30,5,2,,5,Ottawa Charge,PWHL,13,0,8,F,,161,&nbsp;,5'7,0,,NA,Tereza Vanišová,https://assets.leaguestat.com/pwhl/240x240/161.jpg,NA,4
61,63,1,Hayley,Scamurra,HAY-LEE SKUH-more-uh,,L,"Buffalo, NY",New York,,"Buffalo, New York",Buffalo,New York,United States,"Buffalo, New York","5'8""",0,"5-8""",0,,61,Signed,1994-12-14,'94,1994-12-14,5,2,,5,Ottawa Charge,PWHL,14,0,8,F,,61,&nbsp;,"5'8""",0,,NA,Hayley Scamurra,https://assets.leaguestat.com/pwhl/240x240/61.jpg,NA,4
56,58,1,Savannah,Harmon,SAH-VAHN-UH HAR-mihn,,L,"Downers Grove, IL",Illinois,,"Downers Grove, Illinois",Downers Grove,Illinois,United States,"Downers Grove, Illinois","5'3""",0,"5-3""",0,,56,Signed,1995-10-27,'95,1995-10-27,5,2,,5,Ottawa Charge,PWHL,15,0,1,D,,56,&nbsp;,"5'3""",0,,NA,Savannah Harmon,https://assets.leaguestat.com/pwhl/240x240/56.jpg,NA,4
88,107,1,Kateřina,Mrázová,KAH-teh-REE-nuh MRAH-zoh-vuh,,L,"Kolín, CZE",CZE,,"Kolín, Czechia",Kolín,,Czechia,"Kolín, ",5'4,0,5-4,0,,88,Signed,1992-10-19,'92,1992-10-19,5,2,,5,Ottawa Charge,PWHL,16,0,8,F,,88,&nbsp;,5'4,0,,NA,Kateřina Mrázová,https://assets.leaguestat.com/pwhl/240x240/88.jpg,NA,4
57,59,1,Gabbie,Hughes,GAH-Bee HEWS,,L,"Lino Lakes, MN",Minnesota,,"Lino Lakes, Minnesota",Lino Lakes,Minnesota,United States,"Lino Lakes, Minnesota",5'9,0,5-9,0,,57,Signed,1999-10-04,'99,1999-10-04,5,2,,5,Ottawa Charge,PWHL,17,0,8,F,,57,&nbsp;,5'9,0,,NA,Gabbie Hughes,https://assets.leaguestat.com/pwhl/240x240/57.jpg,NA,4
220,416,1,Mannon,McMahon,MA-nuhn mihk-MAN,,R,"Maple Grove, MN",MN,,"Maple Grove, Minnesota",Maple Grove,Minnesota,United States,"Maple Grove, Minnesota",5'7,0,5-7,0,,220,Draftee,2001-07-29,'01,2001-07-29,5,2,,5,Ottawa Charge,PWHL,18,1,8,F,,220,*,5'7,0,,NA,Mannon McMahon,https://assets.leaguestat.com/pwhl/240x240/220.jpg,NA,4
58,60,1,Brianne,Jenner,BREE-an JEH-nuhr,,R,"Oakville, ON",Ontario,Canada,"Oakville, Ontario",Oakville,Ontario,Canada,"Oakville, Ontario",5'9,0,5-9,0,,58,Signed,1991-05-04,'91,1991-05-04,5,2,,5,Ottawa Charge,PWHL,19,0,8,F,,58,&nbsp;,5'9,0,,NA,Brianne Jenner,https://assets.leaguestat.com/pwhl/240x240/58.jpg,NA,4
50,52,1,Ashton,Bell,ASH-tuhn BEHL,,R,"Deloraine, MB",Manitoba,,"Deloraine, MB, Manitoba","Deloraine, MB",Manitoba,Canada,"Deloraine, MB, Manitoba","5'9""",0,"5-9""",0,,50,Signed,1999-12-07,'99,1999-12-07,5,2,,5,Ottawa Charge,PWHL,21,0,1,D,,50,&nbsp;,"5'9""",0,,NA,Ashton Bell,https://assets.leaguestat.com/pwhl/240x240/50.jpg,NA,4
217,413,1,Taylor,House,TAY-luhr HOUS,,L,"Joliet, IL",IL,,"Joliet, Illinois",Joliet,Illinois,United States,"Joliet, Illinois",5'10,0,5-10,0,,217,Draftee,1998-09-29,'98,1998-09-29,5,2,,5,Ottawa Charge,PWHL,22,1,8,F,,217,*,5'10,0,,NA,Taylor House,https://assets.leaguestat.com/pwhl/240x240/217.jpg,NA,4
53,55,1,Emily,Clark, EH-MIH-LEE KLAHRK,,L,"Saskatoon, SK",Saskatchewan,Canada,"Saskatoon, Saskatchewan",Saskatoon,Saskatchewan,Canada,"Saskatoon, Saskatchewan",5'7,0,5-7,0,,53,Signed,1995-11-28,'95,1995-11-28,5,2,,5,Ottawa Charge,PWHL,26,0,8,F,,53,&nbsp;,5'7,0,,NA,Emily Clark,https://assets.leaguestat.com/pwhl/240x240/53.jpg,NA,4
4,6,1,Shiann,Darkangelo,SHIGH-an  DAHRK-an-juh-loh,,L,"Brighton, MI",Michigan,,"Brighton, Michigan",Brighton,Michigan,United States,"Brighton, Michigan","5'11""",0,"5-11""",0,,4,Signed,1993-11-28,'93,1993-11-28,5,2,,5,Ottawa Charge,PWHL,27,0,8,F,,4,&nbsp;,"5'11""",0,,NA,Shiann Darkangelo,https://assets.leaguestat.com/pwhl/240x240/4.jpg,NA,4
222,418,1,Gwyneth,Philips,GWIH-nihth FIH-lihps,,,"Athens, OH",OH,,"Athens, Ohio",Athens,Ohio,United States,"Athens, Ohio",5'7,0,5-7,0,,222,Signed,2000-09-17,'00,2000-09-17,5,2,,5,Ottawa Charge,PWHL,33,1,7,G,,222,*,5'7,0,,NA,Gwyneth Philips,https://assets.leaguestat.com/pwhl/240x240/222.jpg,R,4
216,412,1,Logan,Angers, loh-gahn AN-guhrs,,,"Winnipeg, MB",MB,,"Winnipeg, Manitoba",Winnipeg,Manitoba,Canada,"Winnipeg, Manitoba",6'0,0,6-0,0,,216,Signed,2000-01-07,'00,2000-01-07,5,2,,5,Ottawa Charge,PWHL,35,1,7,G,,216,*,6'0,0,,NA,Logan Angers,https://assets.leaguestat.com/pwhl/240x240/216.jpg,R,4
72,74,1,Rebecca,Leslie,RUH-beh-kuh LEHS-lee,,R,"Ottawa, ON",Ontario,,"Ottawa, Ontario",Ottawa,Ontario,Canada,"Ottawa, Ontario",5'6,0,5-6,0,,72,Signed,1996-05-08,'96,1996-05-08,5,2,,5,Ottawa Charge,PWHL,37,0,8,F,,72,&nbsp;,5'6,0,,NA,Rebecca Leslie,https://assets.leaguestat.com/pwhl/240x240/72.jpg,NA,4
59,61,1,Emerance,Maschmeyer,EH-muhr-ehns MASH-my-uhr,,L,"Bruderheim, AB",Alberta,,"Bruderheim, Alberta",Bruderheim,Alberta,Canada,"Bruderheim, Alberta",5'6,0,5-6,0,,59,Signed,1994-10-05,'94,1994-10-05,5,2,,5,Ottawa Charge,PWHL,38,0,7,G,,59,&nbsp;,5'6,0,,NA,Emerance Maschmeyer,https://assets.leaguestat.com/pwhl/240x240/59.jpg,L,4
218,414,1,Alexandra,Lehmann,,,,"Cecil Lake, BC",BC,,,,,,,,,,0,,218,Draftee,2000-02-21,'00,2000-02-21,5,2,,5,Ottawa Charge,PWHL,40,1,7,G,,218,*,,,,NA,Alexandra Lehmann,https://lscluster.hockeytech.com/img/nophoto.png,L,4
60,62,1,Jincy,Roese,JIN-see ROWZ,,L,"O'Fallon, MO",Missouri,,"O'Fallon, Missouri ",O'Fallon,Missouri ,United States,"O'Fallon, Missouri ","5'6""",0,"5-6""",0,,60,Signed,1997-05-15,'97,1997-05-15,5,2,,5,Ottawa Charge,PWHL,71,0,1,D,,60,&nbsp;,"5'6""",0,,NA,Jincy Roese,https://assets.leaguestat.com/pwhl/240x240/60.jpg,NA,4
223,419,1,Ronja,Savolainen,ROHN-yah SEH-voh-LIGH-nehn,,L,"Helsinki, FIN",FIN,,"Helsinki, Finland",Helsinki,,Finland,"Helsinki, ",5'10,0,5-10,0,,223,Signed,1997-11-29,'97,1997-11-29,5,2,,5,Ottawa Charge,PWHL,88,1,1,D,,223,*,5'10,0,,NA,Ronja Savolainen,https://assets.leaguestat.com/pwhl/240x240/223.jpg,NA,4
224,420,1,Danielle,Serdachny,DAN-yehl suhr-DAK-nee,,R,"Edmonton, AB",AB,,"Edmonton, Alberta",Edmonton,Alberta,Canada,"Edmonton, Alberta","5'9""",0,"5-9""",0,,224,Signed,2001-05-12,'01,2001-05-12,5,2,,5,Ottawa Charge,PWHL,92,1,8,F,,224,*,"5'9""",0,,NA,Danielle Serdachny,https://assets.leaguestat.com/pwhl/240x240/224.jpg,NA,4
221,417,1,Anna,Meixner,AH-NAH mighks-NAH,,L,"Zell Am See, AUT",AUT,,"Zell Am See, Austria",Zell Am See,,Austria,"Zell Am See, ",5'3,0,5-3,0,,221,Signed,1994-06-16,'94,1994-06-16,5,2,,5,Ottawa Charge,PWHL,94,1,8,F,,221,*,5'3,0,,NA,Anna Meixner,https://assets.leaguestat.com/pwhl/240x240/221.jpg,NA,4
226,422,0,Madeline,Wethington,,,L,"Edina, MN",MN,,"Edina, Minnesota",Edina,Minnesota,United States,"Edina, Minnesota",,0,,0,,226,Camp Invitee,2000-07-14,'00,2000-07-14,5,2,,5,Ottawa Charge,PWHL,4,1,1,D,,226,*,,0,,NA,Madeline Wethington,https://lscluster.hockeytech.com/img/nophoto.png,NA,4
225,421,0,Audrey-Anne,Veillette,,,R,"Drummondville, QC",QC,Canada,"Drummondville, Quebec",Drummondville,Quebec,Canada,"Drummondville, Quebec",5'7'',0,5-,0,,225,Camp Invitee,2000-12-03,'00,2000-12-03,5,2,,5,Ottawa Charge,PWHL,44,1,8,F,,225,*,5'7'',0,,NA,Audrey-Anne Veillette,https://lscluster.hockeytech.com/img/nophoto.png,NA,4
211,407,1,Raygan,Kirk,ray-GEHN kurk,,,"Ste. Anne, MB",MB,,"Ste. Anne, Manitoba",Ste. Anne,Manitoba,Canada,"Ste. Anne, Manitoba",5'8,0,5-8,0,,211,Signed,2001-03-11,'01,2001-03-11,6,2,,6,Toronto Sceptres,PWHL,1,1,7,G,,211,*,5'8,0,,NA,Raygan Kirk,https://assets.leaguestat.com/pwhl/240x240/211.jpg,L,4
132,165,1,Jessica,Kondas,JEH-sih-KUH KAWN-duhs,,R,"Calgary, AB",,,"Calgary, Alberta",Calgary,Alberta,Canada,"Calgary, Alberta","5'9""",0,"5-9""",0,,132,Camp Invitee,2000-01-03,'00,2000-01-03,6,2,,6,Toronto Sceptres,PWHL,2,0,1,D,,132,&nbsp;,"5'9""",0,,NA,Jessica Kondas,https://assets.leaguestat.com/pwhl/240x240/132.jpg,NA,4
71,73,1,Jocelyne,Larocque,JOSS-lihn LA-rawk  ,,L,"Ste. Anne, MB",Manitoba,,"Ste. Anne, Manitoba",Ste. Anne,Manitoba,Canada,"Ste. Anne, Manitoba",5'5,0,5-5,0,,71,Signed,1988-05-19,'88,1988-05-19,6,2,,6,Toronto Sceptres,PWHL,3,0,1,D,,71,&nbsp;,5'5,0,,NA,Jocelyne Larocque,https://assets.leaguestat.com/pwhl/240x240/71.jpg,NA,4
68,70,1,Kali,Flanagan,KAH-lee FLAN-uh-gehn,,R,"Burlington, MA",,,"Burlington, Massachussetts",Burlington,Massachussetts,United States,"Burlington, Massachussetts","5'4""",0,"5-4""",0,,68,Signed,1995-09-19,'95,1995-09-19,6,2,,6,Toronto Sceptres,PWHL,6,0,1,D,,68,&nbsp;,"5'4""",0,,NA,Kali Flanagan,https://assets.leaguestat.com/pwhl/240x240/68.jpg,NA,4
131,164,1,Olivia,Knowles,UH-lihv-ee-uh NOHLZ  ,,R,"Campbell River, BC",,,"Campbell River, British Columbia",Campbell River,British Columbia,Canada,"Campbell River, British Columbia",5'9,0,5-9,0,,131,Camp Invitee,1999-01-24,'99,1999-01-24,6,2,,6,Toronto Sceptres,PWHL,7,0,1,D,,131,&nbsp;,5'9,0,,NA,Olivia Knowles,https://assets.leaguestat.com/pwhl/240x240/131.jpg,NA,4
209,405,1,Izzy,Daniel,IH-zee DAN-yuhl,,R,"Minneapolis, MN",MN,,"Minneapolis, Minnesota",Minneapolis,Minnesota,United States,"Minneapolis, Minnesota","5'5""",0,"5-5""",0,,209,Signed,2000-09-29,'00,2000-09-29,6,2,,6,Toronto Sceptres,PWHL,8,1,8,F,,209,*,"5'5""",0,,NA,Izzy Daniel,https://assets.leaguestat.com/pwhl/240x240/209.jpg,NA,4
63,65,1,Daryl,Watts,DAIR-uhl WAHTS,,L,"Toronto, ON",Ontario,,"Toronto, Ontario",Toronto,Ontario,Canada,"Toronto, Ontario","5'6""",0,"5-6""",0,,63,Signed,1999-05-15,'99,1999-05-15,6,2,,6,Toronto Sceptres,PWHL,9,0,8,F,,63,&nbsp;,"5'6""",0,,NA,Daryl Watts,https://assets.leaguestat.com/pwhl/240x240/63.jpg,NA,4
74,76,1,Allie,Munroe,AH-lee MUHN-roh,,L,"Yarmouth, NS",Nova Scotia,,"Yarmouth, Nova Scotia",Yarmouth,Nova Scotia,Canada,"Yarmouth, Nova Scotia","5'6""",0,"5-6""",0,,74,Signed,1997-04-20,'97,1997-04-20,6,2,,6,Toronto Sceptres,PWHL,12,0,1,D,,74,&nbsp;,"5'6""",0,,NA,Allie Munroe,https://assets.leaguestat.com/pwhl/240x240/74.jpg,NA,4
67,69,1,Renata,Fast,REH-NAH-tuh FAST,,R,"Burlington, ON",Ontario,,"Burlington, Ontario",Burlington,Ontario,Canada,"Burlington, Ontario","5'7""",0,"5-7""",0,,67,Signed,1994-10-06,'94,1994-10-06,6,2,,6,Toronto Sceptres,PWHL,14,0,1,D,,67,&nbsp;,"5'7""",0,,NA,Renata Fast,https://assets.leaguestat.com/pwhl/240x240/67.jpg,NA,4
213,409,1,Anneke,Rankila,AH-nik-KUH REHN-kuh-lah,,R,"Lino Lakes, MN",MN,,"Lino Lakes, Minnesota",Lino Lakes,Minnesota,United States,"Lino Lakes, Minnesota",5'10,0,5-10,0,,213,Draftee,1999-11-10,'99,1999-11-10,6,2,,6,Toronto Sceptres,PWHL,15,1,8,F,,213,*,5'10,0,,NA,Anneke Rankila,https://assets.leaguestat.com/pwhl/240x240/213.jpg,NA,4
126,159,1,Samantha,Cogan,SAH-MAN-tha KOH-guhn,,L,"Ottawa, ON",,,,,,,,"5'8""",,"5-8""",0,,126,Camp Invitee,1997-07-07,'97,1997-07-07,6,2,,6,Toronto Sceptres,PWHL,17,0,8,F,,126,&nbsp;,"5'8""",,,NA,Samantha Cogan,https://assets.leaguestat.com/pwhl/240x240/126.jpg,NA,4
65,67,1,Jesse,Compher,JEH-see KUHM-fuhr,,R,"Northbrook, IL",Illinois,,"Northbrook, Illinois",Northbrook,Illinois,United States,"Northbrook, Illinois","5'8""",0,"5-8""",0,,65,Signed,1999-07-01,'99,1999-07-01,6,2,,6,Toronto Sceptres,PWHL,18,0,8,F,,65,&nbsp;,"5'8""",0,,NA,Jesse Compher,https://assets.leaguestat.com/pwhl/240x240/65.jpg,NA,4
207,403,1,Lauren,Bernard,LOR-ehn buhr-NARD,,L,"Madison, OH",OH,,"Madison , Ohio",Madison ,Ohio,United States,"Madison , Ohio",5'7,0,5-7,0,,207,Draftee,2001-07-15,'01,2001-07-15,6,2,,6,Toronto Sceptres,PWHL,19,1,1,D,,207,*,5'7,0,,NA,Lauren Bernard,https://assets.leaguestat.com/pwhl/240x240/207.jpg,NA,4
75,77,1,Sarah,Nurse,SAIR-uh NUHRS,,L,"Hamilton, ON",Ontario,,"Hamilton, Ontario",Hamilton,Ontario,Canada,"Hamilton, Ontario",5'7,0,5-7,0,,75,Signed,1995-01-04,'95,1995-01-04,6,2,,6,Toronto Sceptres,PWHL,20,0,8,F,,75,&nbsp;,5'7,0,,NA,Sarah Nurse,https://assets.leaguestat.com/pwhl/240x240/75.jpg,NA,4
66,68,1,Maggie,Connors,MA-gee KAW-nuhrs,,L,"St. John's, NL",Newfoundland,,"St John's, Newfoundland",St John's,Newfoundland,Canada,"St John's, Newfoundland","5'6""",0,"5-6""",0,,66,Signed,2000-10-22,'00,2000-10-22,6,2,,6,Toronto Sceptres,PWHL,22,0,8,F,,66,&nbsp;,"5'6""",0,,NA,Maggie Connors,https://assets.leaguestat.com/pwhl/240x240/66.jpg,NA,4
208,404,1,Megan,Carter,MEH-gan CART-uhr,,L,"Milton, ON",ON,,"Milton, Ontario",Milton,Ontario,Canada,"Milton, Ontario",5'8,0,5-8,0,,208,Signed,2001-05-23,'01,2001-05-23,6,2,,6,Toronto Sceptres,PWHL,23,1,1,D,,208,*,5'8,0,,NA,Megan Carter,https://assets.leaguestat.com/pwhl/240x240/208.jpg,NA,4
100,128,1,Natalie,Spooner,NAH-TAH-LEE SPOO-NER,,R,"Scarborough, ON",Ontario,,"Scarborough, Ontario",Scarborough,Ontario,Canada,"Scarborough, Ontario",5'10,0,5-10,0,,100,Signed,1990-10-17,'90,1990-10-17,6,2,,6,Toronto Sceptres,PWHL,24,0,8,F,,100,&nbsp;,5'10,0,,NA,Natalie Spooner,https://assets.leaguestat.com/pwhl/240x240/100.jpg,NA,4
212,408,1,Laura,Kluge,lohr-UH KLOO-geh,,L,"Berlin, GER",GER,,"Berlin, Germany",Berlin,,Germany,"Berlin, ",5'10,0,5-10,0,,212,Signed,1996-11-06,'96,1996-11-06,6,2,,6,Toronto Sceptres,PWHL,25,1,8,F,,212,*,5'10,0,,NA,Laura Kluge,https://assets.leaguestat.com/pwhl/240x240/212.jpg,NA,4
73,75,1,Emma,Maltais,EH-ma MAL-tay,,L,"Burlington, ON",Ontario,,"Burlington, Ontario",Burlington,Ontario,Canada,"Burlington, Ontario","5'3""",0,"5-3""",0,,73,Signed,1999-11-04,'99,1999-11-04,6,2,,6,Toronto Sceptres,PWHL,27,0,8,F,,73,&nbsp;,"5'3""",0,,NA,Emma Maltais,https://assets.leaguestat.com/pwhl/240x240/73.jpg,NA,4
128,161,1,Kaitlin,Willoughby,KAYT-LIHN WILL-oh-bee ,,R,"Prince Albert, SK",,,"Prince Albert, Saskatchewan",Prince Albert,Saskatchewan,Canada,"Prince Albert, Saskatchewan","5'6""",0,"5-6""",0,,128,Camp Invitee,1995-03-26,'95,1995-03-26,6,2,,6,Toronto Sceptres,PWHL,28,0,8,F,,128,&nbsp;,"5'6""",0,,NA,Kaitlin Willoughby,https://assets.leaguestat.com/pwhl/240x240/128.jpg,NA,4
89,108,1,Hannah,Miller,HAN-uh MIH-luhr,,L,"North Vancouver, BC ",British Columbia,,"North Vancouver, British Columbia",North Vancouver,British Columbia,Canada,"North Vancouver, British Columbia",5'9,0,5-9,0,,89,Signed,1996-02-16,'96,1996-02-16,6,2,,6,Toronto Sceptres,PWHL,34,0,8,F,,89,&nbsp;,5'9,0,,NA,Hannah Miller,https://assets.leaguestat.com/pwhl/240x240/89.jpg,NA,4
76,78,1,Blayre,Turnbull,BLEHR TURN-bul,,R,"Stellarton, NS",Nova Scotia,,"Stellarton, Nova Scotia",Stellarton,Nova Scotia,Canada,"Stellarton, Nova Scotia","5'7""",0,"5-7""",0,,76,Signed,1993-07-15,'93,1993-07-15,6,2,,6,Toronto Sceptres,PWHL,40,0,8,F,,76,&nbsp;,"5'7""",0,,NA,Blayre Turnbull,https://assets.leaguestat.com/pwhl/240x240/76.jpg,NA,4
64,66,1,Kristen,Campbell,KRIHS-tehn CAM-behl,,L,"Brandon, MB",Manitoba,,"Brandon, Manitoba",Brandon,Manitoba,Canada,"Brandon, Manitoba",5'10,0,5-10,0,,64,Signed,1997-11-30,'97,1997-11-30,6,2,,6,Toronto Sceptres,PWHL,50,0,7,G,,64,&nbsp;,5'10,0,,NA,Kristen Campbell,https://assets.leaguestat.com/pwhl/240x240/64.jpg,L,4
125,158,1,Victoria,Bach,VIHK-TAW-REE-UH BAWK  ,,L,"Milton, ON",,,"Milton, Ontario",Milton,Ontario,Canada,"Milton, Ontario",5'4,0,5-4,0,,125,Signed,1996-07-12,'96,1996-07-12,6,2,,6,Toronto Sceptres,PWHL,51,0,8,F,,125,&nbsp;,5'4,0,,NA,Victoria Bach,https://assets.leaguestat.com/pwhl/240x240/125.jpg,NA,4
232,428,1,Rylind,MacKinnon,RIGH-luhnd MUH-kih-nehn,,L,"Cranbrook, BC",,,"Cranbrook, British Columbia",Cranbrook,British Columbia,Canada,"Cranbrook, British Columbia",5'10,0,5-10,0,,232,Signed,2000-03-05,'00,2000-03-05,6,2,,6,Toronto Sceptres,PWHL,55,1,1,D,,232,*,5'10,0,,NA,Rylind MacKinnon,https://assets.leaguestat.com/pwhl/240x240/232.jpg,NA,4
214,410,1,Noemi,Neubauerová,NOH-weh-may NOY-bah-weh-roh-VUH,,R,"Prague, CZE",CZE,,"Prague, Czechia",Prague,,Czechia,"Prague, ","5'8""",0,"5-8""",0,,214,Draftee,1999-12-15,'99,1999-12-15,6,2,,6,Toronto Sceptres,PWHL,61,1,8,F,,214,*,"5'8""",0,,NA,Noemi Neubauerová,https://assets.leaguestat.com/pwhl/240x240/214.jpg,NA,4
86,105,1,Emma,Woods,EH-muh WUDZ,,R,"Burford, ON",Ontario,,"Burford, Ontario",Burford,Ontario,Canada,"Burford, Ontario","5'7""",0,"5-7""",0,,86,Signed,1995-12-18,'95,1995-12-18,6,2,,6,Toronto Sceptres,PWHL,67,0,8,F,,86,&nbsp;,"5'7""",0,,NA,Emma Woods,https://assets.leaguestat.com/pwhl/240x240/86.jpg,NA,4
134,167,1,Carly,Jackson,CAR-lee JAK-sun,,R,"Amherst, NS",,,"Amherst, Nova Scotia",Amherst,Nova Scotia,Canada,"Amherst, Nova Scotia","5'5""",0,"5-5""",0,,134,Signed,1997-06-23,'97,1997-06-23,6,2,,6,Toronto Sceptres,PWHL,70,0,7,G,,134,&nbsp;,"5'5""",0,,NA,Carly Jackson,https://assets.leaguestat.com/pwhl/240x240/134.jpg,L,4
210,406,1,Julia,Gosling,JOO-lee-uh GAWZ-lihng,,L,"London, ON",ON,,"London, Ontario",London,Ontario,Canada,"London, Ontario","5'10""",0,"5-10""",0,,210,Signed,2001-02-21,'01,2001-02-21,6,2,,6,Toronto Sceptres,PWHL,88,1,8,F,,210,*,"5'10""",0,,NA,Julia Gosling,https://assets.leaguestat.com/pwhl/240x240/210.jpg,NA,4
2,4,1,Emily,Brown,EHM-IHL-EE BROWN,,L,"Blaine, MN",Minnesota,,"Blaine, Minnesota",Blaine,Minnesota,United States,"Blaine, Minnesota",5'7,0,5-7,0,,2,Signed,1998-12-30,'98,1998-12-30,1,2,,1,Boston Fleet,PWHL,2,0,5,LD,,2,&nbsp;,5'7,0,,NA,Emily Brown,https://assets.leaguestat.com/pwhl/240x240/2.jpg,NA,5
46,48,1,Olivia,Zafuto,UH-lihv-ee-uh ZUH-foo-tow ,,L,"Niagara Falls, NY",New York,,"Niagara Falls, New York",Niagara Falls,New York,United States,"Niagara Falls, New York",5'6,0,5-6,0,,46,Camp Invitee,1997-01-25,'97,1997-01-25,1,1,*,1,Boston Fleet,PWHL,3,0,5,LD,,46,&nbsp;,5'6,0,,NA,Olivia Zafuto,https://assets.leaguestat.com/pwhl/240x240/46.jpg,NA,5
12,14,1,Megan,Keller,MEH-GIHN KEH-LER,,L,"Farmington, MI",Michigan,,"Farmington, Michigan",Farmington,Michigan,United States,"Farmington, Michigan",5'11,0,5-11,0,,12,Signed,1996-05-01,'96,1996-05-01,1,2,,1,Boston Fleet,PWHL,5,0,5,LD,,12,&nbsp;,5'11,0,,NA,Megan Keller,https://assets.leaguestat.com/pwhl/240x240/12.jpg,NA,5
182,378,1,Hadley,Hartmetz,HAHD-lee HAHRT-mahtz,,R,"Phoenixville, PA",PA,,"Phoenixville, Pennsylvania",Phoenixville,Pennsylvania,United States,"Phoenixville, Pennsylvania",5'5,0,5-5,0,,182,Signed,2001-03-25,'01,2001-03-25,1,2,,1,Boston Fleet,PWHL,6,1,6,RD,,182,*,5'5,0,,NA,Hadley Hartmetz,https://assets.leaguestat.com/pwhl/240x240/182.jpg,NA,5
167,202,1,Sidney,Morin,SIHD-nee MOHR-ihn,,R,"Minnetonka, MN",,,"Minnetonka, Minnesota",Minnetonka,Minnesota,United States,"Minnetonka, Minnesota",5'5,0,5-5,0,,167,Signed,1995-06-06,'95,1995-06-06,1,2,,1,Boston Fleet,PWHL,7,0,6,RD,,167,&nbsp;,5'5,0,,NA,Sidney Morin,https://assets.leaguestat.com/pwhl/240x240/167.jpg,NA,5
18,20,1,Sophie,Shirley,SO-FEE SHUHR-lee,,R,"Saskatoon, SK",Saskatchewan,,"Saskatoon, Saskatchewan",Saskatoon,Saskatchewan,Canada,"Saskatoon, Saskatchewan",5'9,0,5-9,0,,18,Signed,1999-06-30,'99,1999-06-30,1,2,,1,Boston Fleet,PWHL,9,0,2,RW,,18,&nbsp;,5'9,0,,NA,Sophie Shirley,https://assets.leaguestat.com/pwhl/240x240/18.jpg,NA,5
15,17,1,Alina,Müller,AH-lee-na MEW-LER,,L,"Winterthur, SWI",SWI,Switzerland,"Winterthur, Switzerland",Winterthur,,Switzerland,"Winterthur, ",5'5,0,5-5,0,,15,Signed,1998-03-12,'98,1998-03-12,1,1,*,1,Boston Fleet,PWHL,11,0,3,LW,,15,&nbsp;,5'5,0,,NA,Alina Müller,https://assets.leaguestat.com/pwhl/240x240/15.jpg,NA,5
27,29,1,Jillian,Dempsey,JIH-lee-in DEHMP-see,,L,"Winthrop, MA",Massachusetts,,"Winthrop, Massachussetts",Winthrop,Massachussetts,United States,"Winthrop, Massachussetts",5'5,0,5-5,0,,27,Camp Invitee,1991-01-19,'91,1991-01-19,1,2,,1,Boston Fleet,PWHL,14,0,3,LW,,27,&nbsp;,5'5,0,,NA,Jillian Dempsey,https://assets.leaguestat.com/pwhl/240x240/27.jpg,NA,5
180,376,1,Sydney,Bard,SIHD-nee bahrd,,R,"New Hartford, NY",NY,,"New Hartford, New York",New Hartford,New York,United States,"New Hartford, New York",5'3,0,5-3,0,,180,Signed,2001-01-15,'01,2001-01-15,1,2,,1,Boston Fleet,PWHL,15,1,6,RD,,180,*,5'3,0,,NA,Sydney Bard,https://assets.leaguestat.com/pwhl/240x240/180.jpg,NA,5
110,140,1,Amanda,Pelkey,AH-man-da PEHL-kee,,R,"Montpelier, VT",,,"Montpelier, Vermont",Montpelier,Vermont,United States,"Montpelier, Vermont",5'3,0,5-3,0,,110,Camp Invitee,1993-05-29,'93,1993-05-29,1,2,,1,Boston Fleet,PWHL,16,0,3,LW,,110,&nbsp;,5'3,0,,NA,Amanda Pelkey,https://assets.leaguestat.com/pwhl/240x240/110.jpg,NA,5
9,11,1,Taylor,Girard,TAY-luhr JAH-rahrd,,L,"Macomb, MI",Michigan,,"Macomb, Michigan",Macomb,Michigan,United States,"Macomb, Michigan",5'10,0,5-10,0,,9,Signed,1998-07-17,'98,1998-07-17,1,2,,1,Boston Fleet,PWHL,17,0,3,LW,,9,&nbsp;,5'10,0,,NA,Taylor Girard,https://assets.leaguestat.com/pwhl/240x240/9.jpg,NA,5
181,377,1,Hannah,Bilka,HAN-uh BIHL-KUH,,L,"Coppell, TX",TX,,"Coppell, Texas",Coppell,Texas,United States,"Coppell, Texas",5'5,0,5-5,0,,181,Signed,2001-03-24,'01,2001-03-24,1,2,,1,Boston Fleet,PWHL,19,1,3,LW,,181,*,5'5,0,,NA,Hannah Bilka,https://assets.leaguestat.com/pwhl/240x240/181.jpg,NA,5
1,3,1,Hannah,Brandt,HA-nuh BRAN-T,,R,"Vadnais Heights, MN",Minnesota,,"Vadnais Heights, Minnesota",Vadnais Heights,Minnesota,United States,"Vadnais Heights, Minnesota",5'6,0,5-6,0,,1,Signed,1993-11-27,'93,1993-11-27,1,2,,1,Boston Fleet,PWHL,20,0,4,C,,1,&nbsp;,5'6,0,,NA,Hannah Brandt,https://assets.leaguestat.com/pwhl/240x240/1.jpg,NA,5
13,15,1,Hilary,Knight,HILL-AH-REE NIGHT,,R,"Sun Valley, ID",Idaho,,"Sun Valley, Idaho",Sun Valley,Idaho,United States,"Sun Valley, Idaho",5'11,0,5-11,0,,13,Signed,1989-07-12,'89,1989-07-12,1,2,,1,Boston Fleet,PWHL,21,0,2,RW,,13,&nbsp;,5'11,0,,NA,Hilary Knight,https://assets.leaguestat.com/pwhl/240x240/13.jpg,NA,5
5,7,1,Jessica,DiGirolamo,JESS-IH-KAH DEE-JER-RAWL-AH-MOH,,L,"Mississauga, ON",Ontario,,"Mississauga, Ontario",Mississauga,Ontario,Canada,"Mississauga, Ontario",5'9'',0,5-,0,,5,Signed,1999-02-13,'99,1999-02-13,1,2,,1,Boston Fleet,PWHL,22,0,6,RD,,5,&nbsp;,5'9'',0,,NA,Jessica DiGirolamo,https://assets.leaguestat.com/pwhl/240x240/5.jpg,NA,5
118,148,1,Emma,Greco,EH-muh GREH-koh,,L,"Burlington, ON",,,"Burlington, Ontario",Burlington,Ontario,Canada,"Burlington, Ontario",5'9,0,5-9,0,,118,Signed,1995-03-06,'95,1995-03-06,1,2,,1,Boston Fleet,PWHL,25,0,5,LD,,118,&nbsp;,5'9,0,,NA,Emma Greco,https://assets.leaguestat.com/pwhl/240x240/118.jpg,NA,5
183,379,1,Shay,Maloney,SHAY muh-LOW-nee,,R,"McHenry, IL",IL,,"McHenry, Illinois",McHenry,Illinois,United States,"McHenry, Illinois",5'9,0,5-9,0,,183,Signed,2000-01-13,'00,2000-01-13,1,2,,1,Boston Fleet,PWHL,27,1,4,C,,183,*,5'9,0,,NA,Shay Maloney,https://assets.leaguestat.com/pwhl/240x240/183.jpg,NA,5
186,382,1,Klára,Peslarová,KLAH-ruh PEHS-luh-roh-VUH,,,"Ostrava, CZE",CZE,,"Ostrava, Czechia",Ostrava,,Czechia,"Ostrava, ",5'5,0,5-5,0,,186,Camp Invitee,1996-11-23,'96,1996-11-23,1,2,,1,Boston Fleet,PWHL,29,0,7,G,,186,&nbsp;,5'5,0,,NA,Klára Peslarová,https://assets.leaguestat.com/pwhl/240x240/186.jpg,L,5
19,21,1,Emma,Söderberg,EH-mah SOH-duhr-burgh,,L,"Örksköldsvik, SWE",SWE,,"Örksköldsvik, Sweden",Örksköldsvik,,Sweden,"Örksköldsvik, ",5'7,0,5-7,0,,19,Signed,1998-02-18,'98,1998-02-18,1,2,,1,Boston Fleet,PWHL,30,0,7,G,,19,&nbsp;,5'7,0,,NA,Emma Söderberg,https://assets.leaguestat.com/pwhl/240x240/19.jpg,L,5
6,8,1,Aerin,Frankel,AIR-IN FRANK-uhl,,L,"Chappaqua, NY",New York,,"Chappaqua, New York",Chappaqua,New York,United States,"Chappaqua, New York",5'5,0,5-5,0,,6,Signed,1999-05-24,'99,1999-05-24,1,2,,1,Boston Fleet,PWHL,31,0,7,G,,6,&nbsp;,5'5,0,,NA,Aerin Frankel,https://assets.leaguestat.com/pwhl/240x240/6.jpg,L,5
8,10,1,Loren,Gabel,LOR-en GAY-buhl,,L,"Kitchener, ON",Ontario,,"Kitchener, Ontario",Kitchener,Ontario,Canada,"Kitchener, Ontario",5'4,0,5-4,0,,8,Signed,1997-07-24,'97,1997-07-24,1,2,,1,Boston Fleet,PWHL,36,0,2,RW,,8,&nbsp;,5'4,0,,NA,Loren Gabel,https://assets.leaguestat.com/pwhl/240x240/8.jpg,NA,5
17,19,1,Theresa,Schafzahl,TUH-reh-zuh SHAWF-zahl,,L,"Weiz, AUT",AUT,,"Weiz, Austria",Weiz,,Austria,"Weiz, ",5'8,0,5-8,0,,17,Signed,2000-04-12,'00,2000-04-12,1,1,*,1,Boston Fleet,PWHL,37,0,2,RW,,17,&nbsp;,5'8,0,,NA,Theresa Schafzahl,https://assets.leaguestat.com/pwhl/240x240/17.jpg,NA,5
149,182,1,Jill,Saulnier,JIHL SAWN-yeigh ,,L,"Halifax, NS",,,"Halifax, Nova Scotia",Halifax,Nova Scotia,Canada,"Halifax, Nova Scotia",5'5,0,5-5,0,,149,Signed,1992-03-07,'92,1992-03-07,1,2,,1,Boston Fleet,PWHL,44,0,8,F,,149,&nbsp;,5'5,0,,NA,Jill Saulnier,https://assets.leaguestat.com/pwhl/240x240/149.jpg,NA,5
16,18,1,Jamie Lee,Rattray,JAY-mee LEE RAH-tray,,L,"Kanata, ON",Ontario,,"Kanata, Ontario",Kanata,Ontario,Canada,"Kanata, Ontario",5'6,0,5-6,0,,16,Signed,1992-09-30,'92,1992-09-30,1,2,,1,Boston Fleet,PWHL,47,0,3,LW,,16,&nbsp;,5'6,0,,NA,Jamie Lee Rattray,https://assets.leaguestat.com/pwhl/240x240/16.jpg,NA,5
185,381,1,Daniela,Pejšová,DAN-yehl-UH  pay-SHOH-vuh,,L,"Teplice, CZE",CZE,,"Teplice, Czechia",Teplice,,Czechia,"Teplice, ",5'8,0,5-8,0,,185,Signed,2002-08-14,'02,2002-08-14,1,2,,1,Boston Fleet,PWHL,55,1,5,LD,,185,*,5'8,0,,NA,Daniela Pejšová,https://assets.leaguestat.com/pwhl/240x240/185.jpg,NA,5
78,95,1,Susanna,Tapani,SOO-zan-uh TAH-pah-nee,,L,"Turku, FIN",Finland,,"Turku, Finland",Turku,,Finland,"Turku, ",5'10,0,5-10,0,,78,Signed,1993-03-02,'93,1993-03-02,1,1,*,1,Boston Fleet,PWHL,77,0,4,C,,78,&nbsp;,5'10,0,,NA,Susanna Tapani,https://assets.leaguestat.com/pwhl/240x240/78.jpg,NA,5
49,51,1,Lexie,Adzija,LEHKS-ee ah-JEE-uh,,L,"St. Thomas, ON",Ontario,Canada,"St. Thomas, Ontario",St. Thomas,Ontario,Canada,"St. Thomas, Ontario","5'10""",0,"5-10""",0,,49,Signed,2000-06-30,'00,2000-06-30,1,1,*,1,Boston Fleet,PWHL,88,0,4,C,,49,&nbsp;,"5'10""",0,"Ottawa (PWHL) 2023 Round: 11 (#65), Ottawa (PWHL) 2023 Round: 11 (#65)","list(id = ""295"", person_id = ""51"", draft_round = ""11"", draft_date = """", draft_year = ""2023"", draft_rank = ""65"", draft_team = ""Ottawa"", draft_team_id = ""0"", draft_league = """", junior_team = """", show_on_roster = ""1"", draft_mode = ""4"", lang_id = ""1"", draft_type_id = ""1"", draft_type = ""PWHL"", draft_status = """")",Lexie Adzija,https://assets.leaguestat.com/pwhl/240x240/49.jpg,NA,5
175,369,0,Kelly,Babstock,KEH-lee BAHB-stawk,,R,"Mississauga, ON",ON,,"Mississauga, Ontario",Mississauga,Ontario,Canada,"Mississauga, Ontario",5'5,0,5-5,0,,175,Camp Invitee,1992-08-04,'92,1992-08-04,1,1,*,1,Boston Fleet,PWHL,8,0,2,RW,,175,&nbsp;,5'5,0,,NA,Kelly Babstock,https://assets.leaguestat.com/pwhl/240x240/175.jpg,NA,5
24,26,1,Lee,Stecklein,LEE STEHK-lighn,,L,"Roseville, MN",Minnesota,,"Roseville , Minnesota",Roseville ,Minnesota,United States,"Roseville , Minnesota","6'0""",0,"6-0""",0,,24,None,1994-04-23,'94,1994-04-23,2,2,,2,Minnesota Frost,PWHL,2,0,1,D,,24,&nbsp;,"6'0""",0,,NA,Lee Stecklein,https://assets.leaguestat.com/pwhl/240x240/24.jpg,NA,5
192,388,1,Brooke,McQuigge,,,L,"Bowmanville, ON",ON,,"Bowmanville, Ontario",Bowmanville,Ontario,Canada,"Bowmanville, Ontario","5'8""",0,"5-8""",0,,192,Signed,2000-06-09,'00,2000-06-09,2,2,,2,Minnesota Frost,PWHL,3,1,8,F,,192,*,"5'8""",0,,NA,Brooke McQuigge,https://assets.leaguestat.com/pwhl/240x240/192.jpg,NA,5
191,387,1,Katy,Knoll,,,R,"Amherst, NY",NY,,"Amherst, New York",Amherst,New York,United States,"Amherst, New York","5'7""",0,"5-7""",0,,191,Signed,2001-01-16,'01,2001-01-16,2,2,,2,Minnesota Frost,PWHL,6,1,8,F,,191,*,"5'7""",0,,NA,Katy Knoll,https://assets.leaguestat.com/pwhl/240x240/191.jpg,NA,5
102,132,1,Claire,Butorac, KLEHR BOO-TOH-rack,,R,"Andover, MN",MN,,"Andover, Minnesota",Andover,Minnesota,United States,"Andover, Minnesota",5'6,0,5-6,0,,102,Signed,1999-09-24,'99,1999-09-24,2,2,,2,Minnesota Frost,PWHL,7,0,8,F,,102,&nbsp;,5'6,0,,NA,Claire Butorac,https://assets.leaguestat.com/pwhl/240x240/102.jpg,NA,5
187,383,1,Charlotte,Akervik,,,R,"Eau Claire, WI",WI,,"Eau Claire, Wisconsin",Eau Claire,Wisconsin,United States,"Eau Claire, Wisconsin",5'10,0,5-10,0,,187,Signed,2001-02-17,'01,2001-02-17,2,2,,2,Minnesota Frost,PWHL,8,1,1,D,,187,*,5'10,0,,NA,Charlotte Akervik,https://assets.leaguestat.com/pwhl/240x240/187.jpg,NA,5
188,384,1,Mae,Batherson,May BATH-ur-son,,L,"New Minas, NS",NS,,"New Minas , Nova Scotia",New Minas ,Nova Scotia,Canada,"New Minas , Nova Scotia",5'8,0,5-8,0,,188,Signed,2000-12-05,'00,2000-12-05,2,2,,2,Minnesota Frost,PWHL,9,1,1,D,,188,*,5'8,0,,NA,Mae Batherson,https://assets.leaguestat.com/pwhl/240x240/188.jpg,NA,5
194,390,1,Kaitlyn,O'Donohoe,,,R,"Atlanta, GA",USA,,"Atlanta, Georgia",Atlanta,Georgia,United States,"Atlanta, Georgia",5'7,0,5-7,0,,194,None,2001-09-20,'01,2001-09-20,2,2,,2,Minnesota Frost,PWHL,11,1,8,F,,194,*,5'7,0,,NA,Kaitlyn O'Donohoe,https://assets.leaguestat.com/pwhl/240x240/194.jpg,NA,5
23,25,1,Kelly,Pannek,KEH-LEE PAH-nehk,,R,"Plymouth, MN",Minnesota,,"Plymouth, Minnesota",Plymouth,Minnesota,United States,"Plymouth, Minnesota","5'7""",0,"5-7""",0,,23,None,1995-12-29,'95,1995-12-29,2,2,,2,Minnesota Frost,PWHL,12,0,8,F,,23,&nbsp;,"5'7""",0,,NA,Kelly Pannek,https://assets.leaguestat.com/pwhl/240x240/23.jpg,NA,5
25,27,1,Grace,Zumwinkle,GRAYS ZUHM-wihnk-uhl,,R,"Excelsior, MN",Minnesota,,"Excelsior, Minnesota",Excelsior,Minnesota,United States,"Excelsior, Minnesota","5'9""",0,"5-9""",0,,25,None,1999-04-23,'99,1999-04-23,2,1,*,2,Minnesota Frost,PWHL,13,0,8,F,,25,&nbsp;,"5'9""",0,,NA,Grace Zumwinkle,https://assets.leaguestat.com/pwhl/240x240/25.jpg,NA,5
195,391,1,Dominique,Petrie,,,R,"Hermosa Beach, CA",CA,,"Hermosa Beach, California",Hermosa Beach,California,United States,"Hermosa Beach, California",5'7,0,5-7,0,,195,Signed,2001-01-21,'01,2001-01-21,2,2,,2,Minnesota Frost,PWHL,14,1,8,F,,195,*,5'7,0,,NA,Dominique Petrie,https://assets.leaguestat.com/pwhl/240x240/195.jpg,NA,5
11,13,1,Sophie,Jaques,SOH-fee JAYKS,,R,"Toronto, ON",Ontario,,"Toronto, Ontario",Toronto,Ontario,Canada,"Toronto, Ontario",5'8,0,5-8,0,,11,Camp Invitee,2000-10-16,'00,2000-10-16,2,1,*,2,Minnesota Frost,PWHL,16,0,1,D,,11,&nbsp;,5'8,0,,NA,Sophie Jaques,https://assets.leaguestat.com/pwhl/240x240/11.jpg,NA,5
91,119,1,Brooke,Bryant,BRUHK BRIGH-uhnt,,R,"Linden, CA",California,United States,"Linden, California",Linden,California,United States,"Linden, California",5'6,0,5-6,0,,91,Signed,2000-08-22,'00,2000-08-22,2,2,,2,Minnesota Frost,PWHL,17,0,8,F,,91,&nbsp;,5'6,0,,NA,Brooke Bryant,https://assets.leaguestat.com/pwhl/240x240/91.jpg,NA,5
79,96,1,Maggie,Flaherty,MAIG-ee FLAIR-tee,,L,"Lakeville, MN",Minnesota,,"Lakeville, Minnesota",Lakeville,Minnesota,United States,"Lakeville, Minnesota",5'8,0,5-8,0,,79,None,2000-06-02,'00,2000-06-02,2,2,,2,Minnesota Frost,PWHL,19,0,1,D,,79,&nbsp;,5'8,0,,NA,Maggie Flaherty,https://assets.leaguestat.com/pwhl/240x240/79.jpg,NA,5
97,125,1,Liz,Schepers,LIHZ SHEH-puhrs,,L,"Mound, MN",Minnesota,,"Mound , Minnesota",Mound ,Minnesota,United States,"Mound , Minnesota",5'7,0,5-7,0,,97,Signed,1999-02-13,'99,1999-02-13,2,2,,2,Minnesota Frost,PWHL,21,0,8,F,,97,&nbsp;,5'7,0,,NA,Liz Schepers,https://assets.leaguestat.com/pwhl/240x240/97.jpg,NA,5
90,118,1,Natalie,Buchbinder,NAH-tuh-lee book-BIGHN-der,,R,"Fairport, NY",New York,,"Fairport, New York",Fairport,New York,United States,"Fairport, New York","5'8""",0,"5-8""",0,,90,None,1999-01-22,'99,1999-01-22,2,2,,2,Minnesota Frost,PWHL,22,0,1,D,,90,&nbsp;,"5'8""",0,,NA,Natalie Buchbinder,https://assets.leaguestat.com/pwhl/240x240/90.jpg,NA,5
129,162,1,Mellissa,Channell-Watkins,Muh-LISS-uh CHAN-uhl WHAT-kins,,L,"Plymouth, MI",,,"Plymouth, Michigan",Plymouth,Michigan,United States,"Plymouth, Michigan",5'4,0,5-4,0,,129,Signed,1994-12-16,'94,1994-12-16,2,2,,2,Minnesota Frost,PWHL,23,0,1,D,,129,&nbsp;,5'4,0,,NA,Mellissa Channell-Watkins,https://assets.leaguestat.com/pwhl/240x240/129.jpg,NA,5
20,22,1,Kendall,Coyne Schofield,KEHN-duhl KOIN SKOH-feeld,,L,"Palos Heights, IL",Illinois,,"Palos Heights, Illinois",Palos Heights,Illinois,United States,"Palos Heights, Illinois",5'2,0,5-2,0,,20,None,1992-05-25,'92,1992-05-25,2,2,,2,Minnesota Frost,PWHL,26,0,8,F,,20,&nbsp;,5'2,0,,NA,Kendall Coyne Schofield,https://assets.leaguestat.com/pwhl/240x240/20.jpg,NA,5
21,23,1,Taylor,Fox,TAY-luhr HIGH-zee,,R,"Lake City, MN",Minnesota,,"Lake City, Minnesota",Lake City,Minnesota,United States,"Lake City, Minnesota",5'10,0,5-10,0,,21,None,2000-03-17,'00,2000-03-17,2,1,*,2,Minnesota Frost,PWHL,27,0,8,F,,21,&nbsp;,5'10,0,,NA,Taylor Fox,https://assets.leaguestat.com/pwhl/240x240/21.jpg,NA,5
22,24,1,Nicole,Hensley,NIHK-ohl HEHNZ-lee,,L,"Lakewood, CO",Colorado,,"Lakewood, Colorado",Lakewood,Colorado,United States,"Lakewood, Colorado",5'7,0,5-7,0,,22,None,1994-06-23,'94,1994-06-23,2,2,,2,Minnesota Frost,PWHL,29,0,7,G,,22,&nbsp;,5'7,0,,NA,Nicole Hensley,https://assets.leaguestat.com/pwhl/240x240/22.jpg,L,5
193,389,1,Lucy,Morgan,,,,"Mandan, ND",ND,,"Mandan, North Dakota",Mandan,North Dakota,United States,"Mandan, North Dakota",5'7,0,5-7,0,,193,None,2001-08-18,'01,2001-08-18,2,2,,2,Minnesota Frost,PWHL,32,1,7,G,,193,*,5'7,0,,NA,Lucy Morgan,https://assets.leaguestat.com/pwhl/240x240/193.jpg,R,5
166,201,1,Marlène,Boissonnault,,,L,"Dundee, NB",NB,Canada,"Dundee, New Brunswick",Dundee,New Brunswick,Canada,"Dundee, New Brunswick",,0,,0,,166,None,1997-06-19,'97,1997-06-19,2,2,,2,Minnesota Frost,PWHL,33,0,7,G,,166,&nbsp;,,0,,NA,Marlène Boissonnault,https://assets.leaguestat.com/pwhl/240x240/166.jpg,L,5
123,153,1,Maddie,Rooney,MAD-dee ROO-nee,,R,"Andover, MN",,,"Andover, Minnesota",Andover,Minnesota,United States,"Andover, Minnesota","5'5""",0,"5-5""",0,,123,None,1997-07-07,'97,1997-07-07,2,2,,2,Minnesota Frost,PWHL,35,0,7,G,,123,&nbsp;,"5'5""",0,,NA,Maddie Rooney,https://assets.leaguestat.com/pwhl/240x240/123.jpg,L,5
104,134,1,Denisa,Křížová,DUH-nee-SAH SHISH-uh-vuh,,L,"Horní Cerekev, CZE",CZE,,"Horni Cerekev, Czechia, Czechia",Horni Cerekev,Czechia,Czechia,"Horni Cerekev, Czechia","5'5""",0,"5-5""",0,,104,Camp Invitee,1994-11-03,'94,1994-11-03,2,2,,2,Minnesota Frost,PWHL,41,0,8,F,,104,&nbsp;,"5'5""",0,,NA,Denisa Křížová,https://assets.leaguestat.com/pwhl/240x240/104.jpg,NA,5
169,204,1,Claire,Thompson,,,L,"Toronto, ON",,,"Toronto, Ontario",Toronto,Ontario,Canada,"Toronto, Ontario",5'8,0,5-8,0,,169,Camp Invitee,1998-01-28,'98,1998-01-28,2,2,,2,Minnesota Frost,PWHL,42,0,1,D,,169,&nbsp;,5'8,0,,NA,Claire Thompson,https://assets.leaguestat.com/pwhl/240x240/169.jpg,NA,5
190,386,1,Klára,Hymlárová,,,L,"Opava, CZE",CZE,,"Opava, Czechia",Opava,,Czechia,"Opava, ",5'5,0,5-5,0,,190,None,1999-02-27,'99,1999-02-27,2,2,,2,Minnesota Frost,PWHL,71,1,8,F,,190,*,5'5,0,,NA,Klára Hymlárová,https://assets.leaguestat.com/pwhl/240x240/190.jpg,NA,5
189,385,1,Britta,Curl-Salemme,Britt—UH Curl Suh-LEMM-ee,,L,"Bismarck, ND",ND,,"Bismarck, North Dakota",Bismarck,North Dakota,United States,"Bismarck, North Dakota",5'9,0,5-9,0,,189,None,2000-03-20,'00,2000-03-20,2,2,,2,Minnesota Frost,PWHL,77,1,8,F,,189,*,5'9,0,,NA,Britta Curl-Salemme,https://assets.leaguestat.com/pwhl/240x240/189.jpg,NA,5
115,145,1,Michela,Cava,MIH-kay-luh KAH-vuh,,R,"Thunder Bay, ON",,,"Thunder Bay, Ontario",Thunder Bay,Ontario,Canada,"Thunder Bay, Ontario",5'4,0,5-4,0,,115,Camp Invitee,1994-03-26,'94,1994-03-26,2,2,,2,Minnesota Frost,PWHL,86,0,8,F,,115,&nbsp;,5'4,0,,NA,Michela Cava,https://assets.leaguestat.com/pwhl/240x240/115.jpg,NA,5
99,127,1,Mariah,Keopple,,,L,"Menomonie, WI",Wisconsin,,"Menomonie, Wisconsin",Menomonie,Wisconsin,United States,"Menomonie, Wisconsin",5'9,0,5-9,0,,99,None,2000-06-27,'00,2000-06-27,3,1,*,3,Montréal Victoire,PWHL,2,0,1,D,,99,&nbsp;,5'9,0,,NA,Mariah Keopple,https://assets.leaguestat.com/pwhl/240x240/99.jpg,NA,5
196,392,1,Cayla,Barnes,,,R,"Eastvale, CA",CA,,"Eastvale, California",Eastvale,California,United States,"Eastvale, California","5'2""",0,"5-2""",0,,196,None,1999-01-07,'99,1999-01-07,3,2,,3,Montréal Victoire,PWHL,3,1,1,D,,196,*,"5'2""",0,,NA,Cayla Barnes,https://assets.leaguestat.com/pwhl/240x240/196.jpg,NA,5
163,198,1,Catherine,Daoust,,,R,"L’Île-Bizard, QC",,,"Montréal, Québec",Montréal,Québec,Canada,"Montréal, Québec",5'5,0,5-5,0,,163,None,1995-02-21,'95,1995-02-21,3,2,,3,Montréal Victoire,PWHL,4,0,1,D,,163,&nbsp;,5'5,0,,NA,Catherine Daoust,https://assets.leaguestat.com/pwhl/240x240/163.jpg,NA,5
203,399,1,Anna,Wilgren,,,L,"Hudson, WI",WI,,"Hudson, Wisconsin",Hudson,Wisconsin,United States,"Hudson, Wisconsin",5'8,0,5-8,0,,203,None,1999-11-10,'99,1999-11-10,3,2,,3,Montréal Victoire,PWHL,5,1,1,D,,203,*,5'8,0,,NA,Anna Wilgren,https://assets.leaguestat.com/pwhl/240x240/203.jpg,NA,5
32,34,1,Laura,Stacey,STAY-see,,R,"Kleinburg, ON",Ontario,,"Kleinburg, Ontario",Kleinburg,Ontario,Canada,"Kleinburg, Ontario","5'10""",0,"5-10""",0,,32,None,1994-05-05,'94,1994-05-05,3,2,,3,Montréal Victoire,PWHL,7,0,8,F,,32,&nbsp;,"5'10""",0,,NA,Laura Stacey,https://assets.leaguestat.com/pwhl/240x240/32.jpg,NA,5
156,191,1,Gabrielle,David,,,R,"Drummondville, QC",,,"Drummondville, Québec",Drummondville,Québec,Canada,"Drummondville, Québec",5'4,0,5-4,0,,156,None,1999-06-22,'99,1999-06-22,3,1,*,3,Montréal Victoire,PWHL,8,0,8,F,,156,&nbsp;,5'4,0,,NA,Gabrielle David,https://assets.leaguestat.com/pwhl/240x240/156.jpg,NA,5
84,103,1,Kati,Tabin,,,L,"Winnipeg, MB",Manitoba,,"Winnipeg, Manitoba",Winnipeg,Manitoba,Canada,"Winnipeg, Manitoba","5'8""",0,"5-8""",0,,84,None,1997-04-21,'97,1997-04-21,3,2,,3,Montréal Victoire,PWHL,9,0,1,D,,84,&nbsp;,"5'8""",0,,NA,Kati Tabin,https://assets.leaguestat.com/pwhl/240x240/84.jpg,NA,5
198,394,1,Jenn,Gardiner,,,L,"Surrey, BC",BC,,"Surrey, British Columbia",Surrey,British Columbia,Canada,"Surrey, British Columbia",5'6,0,5-6,0,,198,Camp Invitee,2001-09-18,'01,2001-09-18,3,2,,3,Montréal Victoire,PWHL,12,1,8,F,,198,*,5'6,0,,NA,Jenn Gardiner,https://assets.leaguestat.com/pwhl/240x240/198.jpg,NA,5
39,41,1,Alexandra,Labelle,,,L,"St-Louis-de-Gonzague, QC",,Canada,"St-Louis-de-Gonzague, QC, Québec","St-Louis-de-Gonzague, QC",Québec,Canada,"St-Louis-de-Gonzague, QC, Québec",5'7,0,5-7,0,,39,None,1996-02-27,'96,1996-02-27,3,1,*,3,Montréal Victoire,PWHL,13,0,8,F,,39,&nbsp;,5'7,0,,NA,Alexandra Labelle,https://assets.leaguestat.com/pwhl/240x240/39.jpg,NA,5
199,395,1,Dara,Greig,,,L,"Camden, NJ",NJ,,"Camden, New Jersey",Camden,New Jersey,United States,"Camden, New Jersey",5'7'',0,5-,0,,199,None,2000-12-30,'00,2000-12-30,3,2,,3,Montréal Victoire,PWHL,17,1,8,F,,199,*,5'7'',0,,NA,Dara Greig,https://assets.leaguestat.com/pwhl/240x240/199.jpg,NA,5
138,171,1,Mikyla,Grant-Mentis,,,L,"Brampton, ON",,,"Brampton, Ontario",Brampton,Ontario,Canada,"Brampton, Ontario",5'6,0,5-6,0,,138,None,1998-07-15,'98,1998-07-15,3,2,,3,Montréal Victoire,PWHL,18,0,8,F,,138,&nbsp;,5'6,0,,NA,Mikyla Grant-Mentis,https://assets.leaguestat.com/pwhl/240x240/138.jpg,NA,5
128,161,1,Kaitlin,Willoughby,KAYT-LIHN WILL-oh-bee ,,R,"Prince Albert, SK",,,"Prince Albert, Saskatchewan",Prince Albert,Saskatchewan,Canada,"Prince Albert, Saskatchewan","5'6""",0,"5-6""",0,,128,Camp Invitee,1995-03-26,'95,1995-03-26,3,2,,3,Montréal Victoire,PWHL,19,0,8,F,,128,&nbsp;,"5'6""",0,,NA,Kaitlin Willoughby,https://assets.leaguestat.com/pwhl/240x240/128.jpg,NA,5
85,104,1,Elaine,Chuli,,,L,"Waterford, ON",Ontario,,"Waterford, Ontario",Waterford,Ontario,Canada,"Waterford, Ontario",5'7,0,5-7,0,,85,None,1994-05-16,'94,1994-05-16,3,2,,3,Montréal Victoire,PWHL,20,0,7,G,,85,&nbsp;,5'7,0,,NA,Elaine Chuli,https://assets.leaguestat.com/pwhl/240x240/85.jpg,L,5
98,126,1,Maureen,Murphy,,,R,"Buffalo, NY",New York,,"Buffalo, New York",Buffalo,New York,United States,"Buffalo, New York",5'4,0,5-4,0,,98,None,1999-12-15,'99,1999-12-15,3,1,*,3,Montréal Victoire,PWHL,21,0,8,F,,98,&nbsp;,5'4,0,,NA,Maureen Murphy,https://assets.leaguestat.com/pwhl/240x240/98.jpg,NA,5
29,31,1,Kennedy,Marchment,,,R,"Marmora, ON",Ontario,,"Marmora, Ontario",Marmora,Ontario,Canada,"Marmora, Ontario",5'8,0,5-8,0,,29,None,1996-12-06,'96,1996-12-06,3,2,,3,Montréal Victoire,PWHL,22,0,8,F,,29,&nbsp;,5'8,0,,NA,Kennedy Marchment,https://assets.leaguestat.com/pwhl/240x240/29.jpg,NA,5
83,102,1,Erin,Ambrose,,,R,"Keswick, ON",Ontario,,"Keswick, Ontario",Keswick,Ontario,Canada,"Keswick, Ontario","5'5""",0,"5-5""",0,,83,None,1994-04-30,'94,1994-04-30,3,2,,3,Montréal Victoire,PWHL,23,0,1,D,,83,&nbsp;,"5'5""",0,,NA,Erin Ambrose,https://assets.leaguestat.com/pwhl/240x240/83.jpg,NA,5
114,144,1,Abby,Boreen,,,R,"Somerset, WI",WI,,"Somerset, Wisconsin",Somerset,Wisconsin,United States,"Somerset, Wisconsin",5'8,0,5-8,0,,114,Camp Invitee,2000-04-03,'00,2000-04-03,3,2,,3,Montréal Victoire,PWHL,24,0,8,F,,114,&nbsp;,5'8,0,,NA,Abby Boreen,https://assets.leaguestat.com/pwhl/240x240/114.jpg,NA,5
201,397,1,Lina,Ljungblom,,,L,"Skövde, SWE",SWE,Sweden,"Skövde, Sweden",Skövde,,Sweden,"Skövde, ",5'9,0,5-9,0,,201,None,2001-10-15,'01,2001-10-15,3,2,,3,Montréal Victoire,PWHL,25,1,8,F,,201,*,5'9,0,,NA,Lina Ljungblom,https://assets.leaguestat.com/pwhl/240x240/201.jpg,NA,5
116,146,1,Clair,DeGeorge,,,L,"Anchorage, AK",AK,,"Anchorage, Alaska",Anchorage,Alaska,United States,"Anchorage, Alaska",5'11,0,5-11,0,,116,None,1999-06-07,'99,1999-06-07,3,2,,3,Montréal Victoire,PWHL,26,0,8,F,,116,&nbsp;,5'11,0,,NA,Clair DeGeorge,https://assets.leaguestat.com/pwhl/240x240/116.jpg,NA,5
157,192,1,Catherine,Dubois,,,L,"Charlesbourg, QC",,,"Charlesbourg, Québec",Charlesbourg,Québec,Canada,"Charlesbourg, Québec","5'10""",0,"5-10""",0,,157,None,1995-07-29,'95,1995-07-29,3,2,,3,Montréal Victoire,PWHL,28,0,8,F,,157,&nbsp;,"5'10""",0,,NA,Catherine Dubois,https://assets.leaguestat.com/pwhl/240x240/157.jpg,NA,5
31,33,1,Marie-Philip,Poulin,,,L,"Beauceville, QC",QC,,"Beauceville, Québec",Beauceville,Québec,Canada,"Beauceville, Québec",5'7,0,5-7,0,,31,None,1991-03-28,'91,1991-03-28,3,2,,3,Montréal Victoire,PWHL,29,0,8,F,,31,&nbsp;,5'7,0,,NA,Marie-Philip Poulin,https://assets.leaguestat.com/pwhl/240x240/31.jpg,NA,5
48,50,1,Sandra,Abstreiter,,,L,"Freising, GER",GER,Germany,"Freising, Germany",Freising,,Germany,"Freising, ","5'11""",0,"5-11""",0,,48,None,1998-07-23,'98,1998-07-23,3,2,,3,Montréal Victoire,PWHL,30,0,7,G,,48,&nbsp;,"5'11""",0,,NA,Sandra Abstreiter,https://assets.leaguestat.com/pwhl/240x240/48.jpg,L,5
28,30,1,Ann-Renée,Desbiens,,,L,"Clermont, QC",Quebec,,"Clermont, Québec",Clermont,Québec,Canada,"Clermont, Québec","5'9""",0,"5-9""",0,,28,None,1994-04-10,'94,1994-04-10,3,2,,3,Montréal Victoire,PWHL,35,0,7,G,,28,&nbsp;,"5'9""",0,,NA,Ann-Renée Desbiens,https://assets.leaguestat.com/pwhl/240x240/28.jpg,L,5
26,28,1,Claire,Dalton,,,R,"Toronto, ON",Ontario,,"Toronto, Ontario",Toronto,Ontario,Canada,"Toronto, Ontario","5'9""",0,"5-9""",0,,26,None,2000-03-20,'00,2000-03-20,3,1,*,3,Montréal Victoire,PWHL,42,0,8,F,,26,&nbsp;,"5'9""",0,,NA,Claire Dalton,https://assets.leaguestat.com/pwhl/240x240/26.jpg,NA,5
30,32,1,Kristin,O'Neill,,,L,"Oakville, ON",Ontario,,"Oakville, Ontario",Oakville,Ontario,Canada,"Oakville, Ontario","5'4""",0,"5-4""",0,,30,None,1998-03-30,'98,1998-03-30,3,2,,3,Montréal Victoire,PWHL,43,0,8,F,,30,&nbsp;,"5'4""",0,,NA,Kristin O'Neill,https://assets.leaguestat.com/pwhl/240x240/30.jpg,NA,5
51,53,1,Amanda,Boulier,,,R,"Watertown, CT",Connecticut,,"Watertown, Connecticut",Watertown,Connecticut,United States,"Watertown, Connecticut","5'1""",0,"5-1""",0,,51,None,1993-03-30,'93,1993-03-30,3,2,,3,Montréal Victoire,PWHL,44,0,1,D,,51,&nbsp;,"5'1""",0,,NA,Amanda Boulier,https://assets.leaguestat.com/pwhl/240x240/51.jpg,NA,5
202,398,1,Kelly Ann,Nadeau,,,R,"Mont-Laurier, QC",QC,,"Mont-Laurier, Québec",Mont-Laurier,Québec,Canada,"Mont-Laurier, Québec",5'7,0,5-7,0,,202,None,1998-03-30,'98,1998-03-30,3,2,,3,Montréal Victoire,PWHL,51,1,1,D,,202,*,5'7,0,,NA,Kelly Ann Nadeau,https://assets.leaguestat.com/pwhl/240x240/202.jpg,NA,5
200,396,1,Anna,Kjellbin,,,R,"Göteberg, SWE",SWE,Sweden,"Göteberg, Sweden",Göteberg,,Sweden,"Göteberg, ","5'7""",0,"5-7""",0,,200,None,1994-03-16,'94,1994-03-16,3,2,,3,Montréal Victoire,PWHL,71,0,1,D,,200,&nbsp;,"5'7""",0,,NA,Anna Kjellbin,https://assets.leaguestat.com/pwhl/240x240/200.jpg,NA,5
82,101,1,Dominika,Lásková,,,R,"Prague, CZE",CZE,Czechia,"Prague, Czechia",Prague,,Czechia,"Prague, ",5'6,0,5-6,0,,82,None,1996-12-20,'96,1996-12-20,3,2,,3,Montréal Victoire,PWHL,96,0,1,D,,82,&nbsp;,5'6,0,,NA,Dominika Lásková,https://assets.leaguestat.com/pwhl/240x240/82.jpg,NA,5
197,393,0,Tricia,Deguire,,,L,"Sherbrooke, QC",QC,Canada,"Sherbrooke, Quebec",Sherbrooke,Quebec,Canada,"Sherbrooke, Quebec",5'8'',0,5-,0,,197,Camp Invitee,1997-09-14,'97,1997-09-14,3,2,,3,Montréal Victoire,PWHL,1,0,7,G,,197,&nbsp;,5'8'',0,,NA,Tricia Deguire,https://lscluster.hockeytech.com/img/nophoto.png,L,5
233,465,1,Alexie,Guay,,,L,,,,,,,,,,,,0,,233,Reserve,2001-01-08,'01,2001-01-08,4,2,,4,New York Sirens,PWHL,0,1,1,D,,233,*,,,,NA,Alexie Guay,https://lscluster.hockeytech.com/img/nophoto.png,NA,5
38,40,1,Brooke,Hobson, BRUHK HAWB-suhn,,L,"Prince Albert, SK",Saskatchewan,Canada,"Prince Albert, Saskatchewan",Prince Albert,Saskatchewan,Canada,"Prince Albert, Saskatchewan",5'6,0,5-6,0,,38,Signed,1999-05-27,'99,1999-05-27,4,2,,4,New York Sirens,PWHL,6,0,1,D,,38,&nbsp;,5'6,0,,NA,Brooke Hobson,https://assets.leaguestat.com/pwhl/240x240/38.jpg,NA,5
131,164,1,Olivia,Knowles,UH-lihv-ee-uh NOHLZ  ,,R,"Campbell River, BC",,,"Campbell River, British Columbia",Campbell River,British Columbia,Canada,"Campbell River, British Columbia",5'9,0,5-9,0,,131,Camp Invitee,1999-01-24,'99,1999-01-24,4,2,,4,New York Sirens,PWHL,7,0,1,D,,131,&nbsp;,5'9,0,,NA,Olivia Knowles,https://assets.leaguestat.com/pwhl/240x240/131.jpg,NA,5
229,425,1,Maja,Nylén Persson,MIGH-uh NIH-lehn PEHR-suhn,,R,"Avesta, SWE",SWE,Sweden,"Avesta, Sweden",Avesta,,Sweden,"Avesta, ","5'5""",0,"5-5""",0,,229,None,2000-11-20,'00,2000-11-20,4,2,,4,New York Sirens,PWHL,8,1,1,D,,229,*,"5'5""",0,,NA,Maja Nylén Persson,https://assets.leaguestat.com/pwhl/240x240/229.jpg,NA,5
36,38,1,Jessie,Eldridge,jeh-see EHLD-rihdj,,R,"Barrie, ON",Ontario,,"Barrie, Ontario",Barrie,Ontario,Canada,"Barrie, Ontario","5'9""",0,"5-9""",0,,36,Signed,1997-12-17,'97,1997-12-17,4,2,,4,New York Sirens,PWHL,9,0,8,F,,36,&nbsp;,"5'9""",0,,NA,Jessie Eldridge,https://assets.leaguestat.com/pwhl/240x240/36.jpg,NA,5
205,401,1,Sarah,Fillier,SAIR-AH FIH-lee-AY,,R,"Georgetown, ON",ON,,"Georgetown, Ontario",Georgetown,Ontario,Canada,"Georgetown, Ontario",5'5,0,5-5,0,,205,Signed,2000-06-09,'00,2000-06-09,4,2,,4,New York Sirens,PWHL,10,1,8,F,,205,*,5'5,0,,NA,Sarah Fillier,https://assets.leaguestat.com/pwhl/240x240/205.jpg,NA,5
42,44,1,Abby,Roque,AH-bee rawk,,R,"Sault Ste. Marie, MI",Michigan,,"Sault Ste. Marie, Michigan",Sault Ste. Marie,Michigan,United States,"Sault Ste. Marie, Michigan","5'7""",0,"5-7""",0,,42,Signed,1997-09-25,'97,1997-09-25,4,2,,4,New York Sirens,PWHL,11,0,8,F,,42,&nbsp;,"5'7""",0,,NA,Abby Roque,https://assets.leaguestat.com/pwhl/240x240/42.jpg,NA,5
206,402,1,Elle,Hartje,EHL hartch-ee ,,L,"Detroit, MI ",MI,,"Detroit, Michigan",Detroit,Michigan,United States,"Detroit, Michigan",5'5,0,5-5,0,,206,Camp Invitee,2001-04-13,'01,2001-04-13,4,2,,4,New York Sirens,PWHL,13,1,8,F,,206,*,5'5,0,,NA,Elle Hartje,https://assets.leaguestat.com/pwhl/240x240/206.jpg,NA,5
87,106,1,Jaime,Bourbonnais,JAY-mee BUHR-buh-NAY,,R,"Mississauga, ON",Ontario,,"Mississauga,, Ontario","Mississauga,",Ontario,Canada,"Mississauga,, Ontario",5'7,0,5-7,0,,87,Signed,1998-09-09,'98,1998-09-09,4,2,,4,New York Sirens,PWHL,14,0,1,D,,87,&nbsp;,5'7,0,,NA,Jaime Bourbonnais,https://assets.leaguestat.com/pwhl/240x240/87.jpg,NA,5
227,423,1,Gabby,Rosenthal,GAH-bee ROW-zehn-thahl,,R,"Blaine, MN",MN,,"Blaine , Minnesota",Blaine ,Minnesota,United States,"Blaine , Minnesota",5'7,0,5-7,0,,227,Camp Invitee,1999-09-13,'99,1999-09-13,4,2,,4,New York Sirens,PWHL,15,1,8,F,,227,*,5'7,0,,NA,Gabby Rosenthal,https://assets.leaguestat.com/pwhl/240x240/227.jpg,NA,5
207,403,1,Lauren,Bernard,LOR-ehn buhr-NARD,,L,"Madison, OH",OH,,"Madison , Ohio",Madison ,Ohio,United States,"Madison , Ohio",5'7,0,5-7,0,,207,Draftee,2001-07-15,'01,2001-07-15,4,2,,4,New York Sirens,PWHL,16,1,1,D,,207,*,5'7,0,,NA,Lauren Bernard,https://assets.leaguestat.com/pwhl/240x240/207.jpg,NA,5
9,11,1,Taylor,Girard,TAY-luhr JAH-rahrd,,L,"Macomb, MI",Michigan,,"Macomb, Michigan",Macomb,Michigan,United States,"Macomb, Michigan",5'10,0,5-10,0,,9,Signed,1998-07-17,'98,1998-07-17,4,2,,4,New York Sirens,PWHL,17,0,3,LW,,9,&nbsp;,5'10,0,,NA,Taylor Girard,https://assets.leaguestat.com/pwhl/240x240/9.jpg,NA,5
44,46,1,Ella,Shelton,EH-LUH SHEHL-tuhn,,L,"Ingersoll, ON",Ontario,,"Ingersoll, Ontario",Ingersoll,Ontario,Canada,"Ingersoll, Ontario","5'8""",0,"5-8""",0,,44,Signed,1998-01-19,'98,1998-01-19,4,2,,4,New York Sirens,PWHL,17,0,1,D,,44,&nbsp;,"5'8""",0,,NA,Ella Shelton,https://assets.leaguestat.com/pwhl/240x240/44.jpg,NA,5
37,39,1,Élizabeth,Giguère,EH-liz-uh-bet ZHIH-gair,,R,"Quebec City, QC",Quebec,,"Québec, Québec",Québec,Québec,Canada,"Québec, Québec",5'10,0,5-10,0,,37,Signed,1997-05-08,'97,1997-05-08,4,2,,4,New York Sirens,PWHL,18,0,8,F,,37,&nbsp;,5'10,0,,NA,Élizabeth Giguère,https://assets.leaguestat.com/pwhl/240x240/37.jpg,NA,5
40,42,1,Paetyn,Levis,PAY-tuhn LEH-vihs,,R,"Rogers, MN",Minnesota,,"Rogers, Minnesota",Rogers,Minnesota,United States,"Rogers, Minnesota","5'5""",0,"5-5""",0,,40,Camp Invitee,1999-11-06,'99,1999-11-06,4,2,,4,New York Sirens,PWHL,19,0,8,F,,40,&nbsp;,"5'5""",0,,NA,Paetyn Levis,https://assets.leaguestat.com/pwhl/240x240/40.jpg,NA,5
230,426,1,Allyson,Simpson,ah-lih-suhn SIHMP-suhn,,R,"Frisco, TX",TX,,"Frisco, Texas",Frisco,Texas,United States,"Frisco, Texas","5'8""",0,"5-8""",0,,230,None,2000-12-20,'00,2000-12-20,4,2,,4,New York Sirens,PWHL,20,1,1,D,,230,*,"5'8""",0,,NA,Allyson Simpson,https://assets.leaguestat.com/pwhl/240x240/230.jpg,NA,5
34,36,1,Alex,Carpenter,AL-ehx KAHR-pehn-tuhr,,L,"North Reading, MA",Massachusetts,,"North Reading, Massachusetts",North Reading,Massachusetts,United States,"North Reading, Massachusetts","5'7""",0,"5-7""",0,,34,Signed,1994-04-13,'94,1994-04-13,4,2,,4,New York Sirens,PWHL,25,0,8,F,,34,&nbsp;,"5'7""",0,,NA,Alex Carpenter,https://assets.leaguestat.com/pwhl/240x240/34.jpg,NA,5
35,37,1,Jade,Downie-Landry,JAYD DOW-nee LAN-dree,,L,"St-Jean-sur-Richelieu, QC",Quebec,Canada,"St-Jean-sur-Richelieu, QC, Québec","St-Jean-sur-Richelieu, QC",Québec,Canada,"St-Jean-sur-Richelieu, QC, Québec",5'9,0,5-9,0,,35,Signed,1995-10-03,'95,1995-10-03,4,2,,4,New York Sirens,PWHL,27,0,8,F,,35,&nbsp;,5'9,0,,NA,Jade Downie-Landry,https://assets.leaguestat.com/pwhl/240x240/35.jpg,NA,5
47,49,1,Micah,Zandee-Hart,MIGHK-UH ZAN-dee HAHRT ,,L,"Saanichton, BC",BC,,"Saanichton, British Columbia",Saanichton,British Columbia,Canada,"Saanichton, British Columbia",5'8,0,5-8,0,,47,Signed,1997-01-13,'97,1997-01-13,4,2,,4,New York Sirens,PWHL,28,0,1,D,,47,&nbsp;,5'8,0,,NA,Micah Zandee-Hart,https://assets.leaguestat.com/pwhl/240x240/47.jpg,NA,5
204,400,1,Emmy,Fecteau,eh-MEE fehk-TOH,,L,Saint-Odilon-de-Cranbourn,QC,,"Saint-Odilon-de-Cranbourn, Québec",Saint-Odilon-de-Cranbourn,Québec,Canada,"Saint-Odilon-de-Cranbourn, Québec",5'6,0,5-6,0,,204,Camp Invitee,1999-04-07,'99,1999-04-07,4,2,,4,New York Sirens,PWHL,29,1,8,F,,204,*,5'6,0,,NA,Emmy Fecteau,https://assets.leaguestat.com/pwhl/240x240/204.jpg,NA,5
155,188,1,Corinne,Schroeder,kohr-een SHROW-duhr,,R,"Elm Creek, MB",,,"Elm Creek, Manitoba",Elm Creek,Manitoba,Canada,"Elm Creek, Manitoba",5'11,0,5-11,0,,155,Signed,1999-08-17,'99,1999-08-17,4,2,,4,New York Sirens,PWHL,30,0,7,G,,155,&nbsp;,5'11,0,,NA,Corinne Schroeder,https://assets.leaguestat.com/pwhl/240x240/155.jpg,L,5
41,43,1,Abbey,Levy,AH-BEE LEE-vee,,L,"Congers, NY",New York,,"Congers, New York",Congers,New York,United States,"Congers, New York",6'1,0,6-1,0,,41,Signed,2000-04-02,'00,2000-04-02,4,2,,4,New York Sirens,PWHL,39,0,7,G,,41,&nbsp;,6'1,0,,NA,Abbey Levy,https://assets.leaguestat.com/pwhl/240x240/41.jpg,L,5
149,182,1,Jill,Saulnier,JIHL SAWN-yeigh ,,L,"Halifax, NS",,,"Halifax, Nova Scotia",Halifax,Nova Scotia,Canada,"Halifax, Nova Scotia",5'5,0,5-5,0,,149,Signed,1992-03-07,'92,1992-03-07,4,2,,4,New York Sirens,PWHL,44,0,8,F,,149,&nbsp;,5'5,0,,NA,Jill Saulnier,https://assets.leaguestat.com/pwhl/240x240/149.jpg,NA,5
45,47,1,Kayla,Vespa,kay-LUH veh-SPUH,,L,"Hamilton, ON",Ontario,,"Hamilton, Ontario",Hamilton,Ontario,Canada,"Hamilton, Ontario","5'2""",0,"5-2""",0,,45,Camp Invitee,1997-04-01,'97,1997-04-01,4,2,,4,New York Sirens,PWHL,81,0,8,F,,45,&nbsp;,"5'2""",0,,NA,Kayla Vespa,https://assets.leaguestat.com/pwhl/240x240/45.jpg,NA,5
228,424,1,Kayle,Osborne,KAY-lee AWZ-born,,,"Westport, ON ",ON,,"Westport, Ontario",Westport,Ontario,Canada,"Westport, Ontario","5'8""",0,"5-8""",0,,228,None,2002-02-28,'02,2002-02-28,4,2,,4,New York Sirens,PWHL,82,1,7,G,,228,*,"5'8""",0,,NA,Kayle Osborne,https://assets.leaguestat.com/pwhl/240x240/228.jpg,L,5
150,183,0,Taylor,Baker,TAY-luhr BAY-kuhr,,R,"Toronto, ON",,,"Toronto, Ontario",Toronto,Ontario,Canada,"Toronto, Ontario",5'5,0,5-5,0,,150,Camp Invitee,1997-07-30,'97,1997-07-30,4,2,,4,New York Sirens,PWHL,4,0,1,D,,150,&nbsp;,5'5,0,,NA,Taylor Baker,https://assets.leaguestat.com/pwhl/240x240/150.jpg,NA,5
33,35,0,Chloé,Aurard-Bushee,CLOH-ee OH-rahrd,,L,"Villard-de-Lans, FRA",FRA,France,"Villard-de-Lans, France",Villard-de-Lans,,France,"Villard-de-Lans, ",5'6,0,5-6,0,,33,Signed,1999-03-15,'99,1999-03-15,4,2,,4,New York Sirens,PWHL,12,0,8,F,,33,&nbsp;,5'6,0,,NA,Chloé Aurard-Bushee,https://assets.leaguestat.com/pwhl/240x240/33.jpg,NA,5
231,427,0,Noora,Tulus,noh-RUH toh-LOHSH,,R,"Vantaa, FIN",FIN,,"Vantaa, Finland",Vantaa,,Finland,"Vantaa, ","5'5""",0,"5-5""",0,,231,None,1995-08-15,'95,1995-08-15,4,2,,4,New York Sirens,PWHL,40,0,8,F,,231,&nbsp;,"5'5""",0,,NA,Noora Tulus,https://assets.leaguestat.com/pwhl/240x240/231.jpg,NA,5
62,64,1,Aneta,Tejralová,AH-neh-TAH TEH-ruh-low-VAH,,L,"Prague, CZE",CZE,,"Prague, Czechia",Prague,,Czechia,"Prague, ",5'5,0,5-5,0,,62,Signed,1996-01-04,'96,1996-01-04,5,2,,5,Ottawa Charge,PWHL,2,0,1,D,,62,&nbsp;,5'5,0,,NA,Aneta Tejralová,https://assets.leaguestat.com/pwhl/240x240/62.jpg,NA,5
52,54,1,Zoe,Boyd, ZOH-ee boy-d,,L,"Caledon East, ON",Ontario,,"Caledon East, Ontario",Caledon East,Ontario,Canada,"Caledon East, Ontario",5'8,0,5-8,0,,52,Signed,2000-08-09,'00,2000-08-09,5,2,,5,Ottawa Charge,PWHL,3,0,1,D,,52,&nbsp;,5'8,0,,NA,Zoe Boyd,https://assets.leaguestat.com/pwhl/240x240/52.jpg,NA,5
108,138,1,Samantha,Isbell,,,L,"Thunder Bay, ON",,,"Thunder Bay, Ontario",Thunder Bay,Ontario,Canada,"Thunder Bay, Ontario",5'7,0,5-7,0,,108,None,1998-02-17,'98,1998-02-17,5,2,,5,Ottawa Charge,PWHL,5,0,1,D,,108,&nbsp;,5'7,0,,NA,Samantha Isbell,https://assets.leaguestat.com/pwhl/240x240/108.jpg,NA,5
219,415,1,Stephanie,Markowski,STEH-fuh-nee MAR-kow-skee,,L,"Edmonton, AB",AB,,"Edmonton, Alberta",Edmonton,Alberta,Canada,"Edmonton, Alberta",5'8,0,5-8,0,,219,Draftee,2001-08-24,'01,2001-08-24,5,2,,5,Ottawa Charge,PWHL,6,1,1,D,,219,*,5'8,0,,NA,Stephanie Markowski,https://assets.leaguestat.com/pwhl/240x240/219.jpg,NA,5
142,175,1,Natalie,Snodgrass,NAT-uh-lee SNAWD-grahs,,L,"Eagan, MN",,,"Eagan, Minnesota",Eagan,Minnesota,United States,"Eagan, Minnesota","5'6""",0,"5-6""",0,,142,Signed,1998-12-17,'98,1998-12-17,5,2,,5,Ottawa Charge,PWHL,8,0,8,F,,142,&nbsp;,"5'6""",0,,NA,Natalie Snodgrass,https://assets.leaguestat.com/pwhl/240x240/142.jpg,NA,5
215,411,1,Jessica,Adolfsson,JEH-sih-kuh AY-dawlf-SUHN,,L,"Linköping, SWE",SWE,,"Linköping, Sweden",Linköping,,Sweden,"Linköping, ",5'9,0,5-9,0,,215,Reserve,1998-07-15,'98,1998-07-15,5,2,,5,Ottawa Charge,PWHL,9,0,1,D,,215,&nbsp;,5'9,0,,NA,Jessica Adolfsson,https://assets.leaguestat.com/pwhl/240x240/215.jpg,NA,5
101,129,1,Alexa,Vasko,AH-lehks-UH VAHS-koh,,L,"St. Catharines, ON",Ontario,Canada,"St. Catharines, Ontario",St. Catharines,Ontario,Canada,"St. Catharines, Ontario",5'5,0,5-5,0,,101,Signed,1999-02-07,'99,1999-02-07,5,2,,5,Ottawa Charge,PWHL,10,0,8,F,,101,&nbsp;,5'5,0,,NA,Alexa Vasko,https://assets.leaguestat.com/pwhl/240x240/101.jpg,NA,5
125,158,1,Victoria,Bach,VIHK-TAW-REE-UH BAWK  ,,L,"Milton, ON",,,"Milton, Ontario",Milton,Ontario,Canada,"Milton, Ontario",5'4,0,5-4,0,,125,Signed,1996-07-12,'96,1996-07-12,5,2,,5,Ottawa Charge,PWHL,12,0,8,F,,125,&nbsp;,5'4,0,,NA,Victoria Bach,https://assets.leaguestat.com/pwhl/240x240/125.jpg,NA,5
161,196,1,Tereza,Vanišová, TAH-ree-zuh VAH-nee-soh-VUH,,L,"Strakonice, CZE",CZE,,"Strakonice, Czechia, Czechia",Strakonice,Czechia,Czechia,"Strakonice, Czechia",5'7,0,5-7,0,,161,Signed,1996-01-30,'96,1996-01-30,5,2,,5,Ottawa Charge,PWHL,13,0,8,F,,161,&nbsp;,5'7,0,,NA,Tereza Vanišová,https://assets.leaguestat.com/pwhl/240x240/161.jpg,NA,5
61,63,1,Hayley,Scamurra,HAY-LEE SKUH-more-uh,,L,"Buffalo, NY",New York,,"Buffalo, New York",Buffalo,New York,United States,"Buffalo, New York","5'8""",0,"5-8""",0,,61,Signed,1994-12-14,'94,1994-12-14,5,2,,5,Ottawa Charge,PWHL,14,0,8,F,,61,&nbsp;,"5'8""",0,,NA,Hayley Scamurra,https://assets.leaguestat.com/pwhl/240x240/61.jpg,NA,5
56,58,1,Savannah,Harmon,SAH-VAHN-UH HAR-mihn,,L,"Downers Grove, IL",Illinois,,"Downers Grove, Illinois",Downers Grove,Illinois,United States,"Downers Grove, Illinois","5'3""",0,"5-3""",0,,56,Signed,1995-10-27,'95,1995-10-27,5,2,,5,Ottawa Charge,PWHL,15,0,1,D,,56,&nbsp;,"5'3""",0,,NA,Savannah Harmon,https://assets.leaguestat.com/pwhl/240x240/56.jpg,NA,5
88,107,1,Kateřina,Mrázová,KAH-teh-REE-nuh MRAH-zoh-vuh,,L,"Kolín, CZE",CZE,,"Kolín, Czechia",Kolín,,Czechia,"Kolín, ",5'4,0,5-4,0,,88,Signed,1992-10-19,'92,1992-10-19,5,2,,5,Ottawa Charge,PWHL,16,0,8,F,,88,&nbsp;,5'4,0,,NA,Kateřina Mrázová,https://assets.leaguestat.com/pwhl/240x240/88.jpg,NA,5
57,59,1,Gabbie,Hughes,GAH-Bee HEWS,,L,"Lino Lakes, MN",Minnesota,,"Lino Lakes, Minnesota",Lino Lakes,Minnesota,United States,"Lino Lakes, Minnesota",5'9,0,5-9,0,,57,Signed,1999-10-04,'99,1999-10-04,5,2,,5,Ottawa Charge,PWHL,17,0,8,F,,57,&nbsp;,5'9,0,,NA,Gabbie Hughes,https://assets.leaguestat.com/pwhl/240x240/57.jpg,NA,5
220,416,1,Mannon,McMahon,MA-nuhn mihk-MAN,,R,"Maple Grove, MN",MN,,"Maple Grove, Minnesota",Maple Grove,Minnesota,United States,"Maple Grove, Minnesota",5'7,0,5-7,0,,220,Draftee,2001-07-29,'01,2001-07-29,5,2,,5,Ottawa Charge,PWHL,18,1,8,F,,220,*,5'7,0,,NA,Mannon McMahon,https://assets.leaguestat.com/pwhl/240x240/220.jpg,NA,5
58,60,1,Brianne,Jenner,BREE-an JEH-nuhr,,R,"Oakville, ON",Ontario,Canada,"Oakville, Ontario",Oakville,Ontario,Canada,"Oakville, Ontario",5'9,0,5-9,0,,58,Signed,1991-05-04,'91,1991-05-04,5,2,,5,Ottawa Charge,PWHL,19,0,8,F,,58,&nbsp;,5'9,0,,NA,Brianne Jenner,https://assets.leaguestat.com/pwhl/240x240/58.jpg,NA,5
50,52,1,Ashton,Bell,ASH-tuhn BEHL,,R,"Deloraine, MB",Manitoba,,"Deloraine, MB, Manitoba","Deloraine, MB",Manitoba,Canada,"Deloraine, MB, Manitoba","5'9""",0,"5-9""",0,,50,Signed,1999-12-07,'99,1999-12-07,5,2,,5,Ottawa Charge,PWHL,21,0,1,D,,50,&nbsp;,"5'9""",0,,NA,Ashton Bell,https://assets.leaguestat.com/pwhl/240x240/50.jpg,NA,5
217,413,1,Taylor,House,TAY-luhr HOUS,,L,"Joliet, IL",IL,,"Joliet, Illinois",Joliet,Illinois,United States,"Joliet, Illinois",5'10,0,5-10,0,,217,Draftee,1998-09-29,'98,1998-09-29,5,2,,5,Ottawa Charge,PWHL,22,0,8,F,,217,&nbsp;,5'10,0,,NA,Taylor House,https://assets.leaguestat.com/pwhl/240x240/217.jpg,NA,5
71,73,1,Jocelyne,Larocque,JOSS-lihn LA-rawk  ,,L,"Ste. Anne, MB",Manitoba,,"Ste. Anne, Manitoba",Ste. Anne,Manitoba,Canada,"Ste. Anne, Manitoba",5'5,0,5-5,0,,71,Signed,1988-05-19,'88,1988-05-19,5,2,,5,Ottawa Charge,PWHL,23,0,1,D,,71,&nbsp;,5'5,0,,NA,Jocelyne Larocque,https://assets.leaguestat.com/pwhl/240x240/71.jpg,NA,5
53,55,1,Emily,Clark, EH-MIH-LEE KLAHRK,,L,"Saskatoon, SK",Saskatchewan,Canada,"Saskatoon, Saskatchewan",Saskatoon,Saskatchewan,Canada,"Saskatoon, Saskatchewan",5'7,0,5-7,0,,53,Signed,1995-11-28,'95,1995-11-28,5,2,,5,Ottawa Charge,PWHL,26,0,8,F,,53,&nbsp;,5'7,0,,NA,Emily Clark,https://assets.leaguestat.com/pwhl/240x240/53.jpg,NA,5
4,6,1,Shiann,Darkangelo,SHIGH-an  DAHRK-an-juh-loh,,L,"Brighton, MI",Michigan,,"Brighton, Michigan",Brighton,Michigan,United States,"Brighton, Michigan","5'11""",0,"5-11""",0,,4,Signed,1993-11-28,'93,1993-11-28,5,2,,5,Ottawa Charge,PWHL,27,0,8,F,,4,&nbsp;,"5'11""",0,,NA,Shiann Darkangelo,https://assets.leaguestat.com/pwhl/240x240/4.jpg,NA,5
193,389,1,Lucy,Morgan,,,,"Mandan, ND",ND,,"Mandan, North Dakota",Mandan,North Dakota,United States,"Mandan, North Dakota",5'7,0,5-7,0,,193,None,2001-08-18,'01,2001-08-18,5,2,,5,Ottawa Charge,PWHL,32,0,7,G,,193,&nbsp;,5'7,0,,NA,Lucy Morgan,https://assets.leaguestat.com/pwhl/240x240/193.jpg,R,5
222,418,1,Gwyneth,Philips,GWIH-nihth FIH-lihps,,,"Athens, OH",OH,,"Athens, Ohio",Athens,Ohio,United States,"Athens, Ohio",5'7,0,5-7,0,,222,Signed,2000-09-17,'00,2000-09-17,5,2,,5,Ottawa Charge,PWHL,33,1,7,G,,222,*,5'7,0,,NA,Gwyneth Philips,https://assets.leaguestat.com/pwhl/240x240/222.jpg,R,5
216,412,1,Logan,Angers, loh-gahn AN-guhrs,,,"Winnipeg, MB",MB,,"Winnipeg, Manitoba",Winnipeg,Manitoba,Canada,"Winnipeg, Manitoba",6'0,0,6-0,0,,216,Signed,2000-01-07,'00,2000-01-07,5,2,,5,Ottawa Charge,PWHL,35,1,7,G,,216,*,6'0,0,,NA,Logan Angers,https://assets.leaguestat.com/pwhl/240x240/216.jpg,R,5
72,74,1,Rebecca,Leslie,RUH-beh-kuh LEHS-lee,,R,"Ottawa, ON",Ontario,,"Ottawa, Ontario",Ottawa,Ontario,Canada,"Ottawa, Ontario",5'6,0,5-6,0,,72,Signed,1996-05-08,'96,1996-05-08,5,2,,5,Ottawa Charge,PWHL,37,0,8,F,,72,&nbsp;,5'6,0,,NA,Rebecca Leslie,https://assets.leaguestat.com/pwhl/240x240/72.jpg,NA,5
59,61,1,Emerance,Maschmeyer,EH-muhr-ehns MASH-my-uhr,,L,"Bruderheim, AB",Alberta,,"Bruderheim, Alberta",Bruderheim,Alberta,Canada,"Bruderheim, Alberta",5'6,0,5-6,0,,59,Signed,1994-10-05,'94,1994-10-05,5,2,,5,Ottawa Charge,PWHL,38,0,7,G,,59,&nbsp;,5'6,0,,NA,Emerance Maschmeyer,https://assets.leaguestat.com/pwhl/240x240/59.jpg,L,5
60,62,1,Jincy,Roese,JIN-see ROWZ,,L,"O'Fallon, MO",Missouri,,"O'Fallon, Missouri ",O'Fallon,Missouri ,United States,"O'Fallon, Missouri ","5'6""",0,"5-6""",0,,60,Signed,1997-05-15,'97,1997-05-15,5,2,,5,Ottawa Charge,PWHL,71,0,1,D,,60,&nbsp;,"5'6""",0,,NA,Jincy Roese,https://assets.leaguestat.com/pwhl/240x240/60.jpg,NA,5
223,419,1,Ronja,Savolainen,ROHN-yah SEH-voh-LIGH-nehn,,L,"Helsinki, FIN",FIN,,"Helsinki, Finland",Helsinki,,Finland,"Helsinki, ",5'10,0,5-10,0,,223,Signed,1997-11-29,'97,1997-11-29,5,2,,5,Ottawa Charge,PWHL,88,0,1,D,,223,&nbsp;,5'10,0,,NA,Ronja Savolainen,https://assets.leaguestat.com/pwhl/240x240/223.jpg,NA,5
224,420,1,Danielle,Serdachny,DAN-yehl suhr-DAK-nee,,R,"Edmonton, AB",AB,,"Edmonton, Alberta",Edmonton,Alberta,Canada,"Edmonton, Alberta","5'9""",0,"5-9""",0,,224,Signed,2001-05-12,'01,2001-05-12,5,2,,5,Ottawa Charge,PWHL,92,1,8,F,,224,*,"5'9""",0,,NA,Danielle Serdachny,https://assets.leaguestat.com/pwhl/240x240/224.jpg,NA,5
221,417,1,Anna,Meixner,AH-NAH mighks-NAH,,L,"Zell Am See, AUT",AUT,,"Zell Am See, Austria",Zell Am See,,Austria,"Zell Am See, ",5'3,0,5-3,0,,221,Signed,1994-06-16,'94,1994-06-16,5,2,,5,Ottawa Charge,PWHL,94,0,8,F,,221,&nbsp;,5'3,0,,NA,Anna Meixner,https://assets.leaguestat.com/pwhl/240x240/221.jpg,NA,5
211,407,1,Raygan,Kirk,ray-GEHN kurk,,,"Ste. Anne, MB",MB,,"Ste. Anne, Manitoba",Ste. Anne,Manitoba,Canada,"Ste. Anne, Manitoba",5'8,0,5-8,0,,211,Signed,2001-03-11,'01,2001-03-11,6,2,,6,Toronto Sceptres,PWHL,1,1,7,G,,211,*,5'8,0,,NA,Raygan Kirk,https://assets.leaguestat.com/pwhl/240x240/211.jpg,L,5
132,165,1,Jessica,Kondas,JEH-sih-KUH KAWN-duhs,,R,"Calgary, AB",,,"Calgary, Alberta",Calgary,Alberta,Canada,"Calgary, Alberta","5'9""",0,"5-9""",0,,132,Camp Invitee,2000-01-03,'00,2000-01-03,6,2,,6,Toronto Sceptres,PWHL,2,0,1,D,,132,&nbsp;,"5'9""",0,,NA,Jessica Kondas,https://assets.leaguestat.com/pwhl/240x240/132.jpg,NA,5
71,73,1,Jocelyne,Larocque,JOSS-lihn LA-rawk  ,,L,"Ste. Anne, MB",Manitoba,,"Ste. Anne, Manitoba",Ste. Anne,Manitoba,Canada,"Ste. Anne, Manitoba",5'5,0,5-5,0,,71,Signed,1988-05-19,'88,1988-05-19,6,2,,6,Toronto Sceptres,PWHL,3,0,1,D,,71,&nbsp;,5'5,0,,NA,Jocelyne Larocque,https://assets.leaguestat.com/pwhl/240x240/71.jpg,NA,5
68,70,1,Kali,Flanagan,KAH-lee FLAN-uh-gehn,,R,"Burlington, MA",,,"Burlington, Massachussetts",Burlington,Massachussetts,United States,"Burlington, Massachussetts","5'4""",0,"5-4""",0,,68,Signed,1995-09-19,'95,1995-09-19,6,2,,6,Toronto Sceptres,PWHL,6,0,1,D,,68,&nbsp;,"5'4""",0,,NA,Kali Flanagan,https://assets.leaguestat.com/pwhl/240x240/68.jpg,NA,5
131,164,1,Olivia,Knowles,UH-lihv-ee-uh NOHLZ  ,,R,"Campbell River, BC",,,"Campbell River, British Columbia",Campbell River,British Columbia,Canada,"Campbell River, British Columbia",5'9,0,5-9,0,,131,Camp Invitee,1999-01-24,'99,1999-01-24,6,2,,6,Toronto Sceptres,PWHL,7,0,1,D,,131,&nbsp;,5'9,0,,NA,Olivia Knowles,https://assets.leaguestat.com/pwhl/240x240/131.jpg,NA,5
209,405,1,Izzy,Daniel,IH-zee DAN-yuhl,,R,"Minneapolis, MN",MN,,"Minneapolis, Minnesota",Minneapolis,Minnesota,United States,"Minneapolis, Minnesota","5'5""",0,"5-5""",0,,209,Signed,2000-09-29,'00,2000-09-29,6,2,,6,Toronto Sceptres,PWHL,8,1,8,F,,209,*,"5'5""",0,,NA,Izzy Daniel,https://assets.leaguestat.com/pwhl/240x240/209.jpg,NA,5
63,65,1,Daryl,Watts,DAIR-uhl WAHTS,,L,"Toronto, ON",Ontario,,"Toronto, Ontario",Toronto,Ontario,Canada,"Toronto, Ontario","5'6""",0,"5-6""",0,,63,Signed,1999-05-15,'99,1999-05-15,6,2,,6,Toronto Sceptres,PWHL,9,0,8,F,,63,&nbsp;,"5'6""",0,,NA,Daryl Watts,https://assets.leaguestat.com/pwhl/240x240/63.jpg,NA,5
74,76,1,Allie,Munroe,AH-lee MUHN-roh,,L,"Yarmouth, NS",Nova Scotia,,"Yarmouth, Nova Scotia",Yarmouth,Nova Scotia,Canada,"Yarmouth, Nova Scotia","5'6""",0,"5-6""",0,,74,Signed,1997-04-20,'97,1997-04-20,6,2,,6,Toronto Sceptres,PWHL,12,0,1,D,,74,&nbsp;,"5'6""",0,,NA,Allie Munroe,https://assets.leaguestat.com/pwhl/240x240/74.jpg,NA,5
213,409,1,Anneke,Rankila,AH-nik-KUH REHN-kuh-lah,,R,"Lino Lakes, MN",MN,,"Lino Lakes, Minnesota",Lino Lakes,Minnesota,United States,"Lino Lakes, Minnesota",5'10,0,5-10,0,,213,Draftee,1999-11-10,'99,1999-11-10,6,2,,6,Toronto Sceptres,PWHL,13,1,8,F,,213,*,5'10,0,,NA,Anneke Rankila,https://assets.leaguestat.com/pwhl/240x240/213.jpg,NA,5
67,69,1,Renata,Fast,REH-NAH-tuh FAST,,R,"Burlington, ON",Ontario,,"Burlington, Ontario",Burlington,Ontario,Canada,"Burlington, Ontario","5'7""",0,"5-7""",0,,67,Signed,1994-10-06,'94,1994-10-06,6,2,,6,Toronto Sceptres,PWHL,14,0,1,D,,67,&nbsp;,"5'7""",0,,NA,Renata Fast,https://assets.leaguestat.com/pwhl/240x240/67.jpg,NA,5
56,58,1,Savannah,Harmon,SAH-VAHN-UH HAR-mihn,,L,"Downers Grove, IL",Illinois,,"Downers Grove, Illinois",Downers Grove,Illinois,United States,"Downers Grove, Illinois","5'3""",0,"5-3""",0,,56,Signed,1995-10-27,'95,1995-10-27,6,2,,6,Toronto Sceptres,PWHL,15,0,1,D,,56,&nbsp;,"5'3""",0,,NA,Savannah Harmon,https://assets.leaguestat.com/pwhl/240x240/56.jpg,NA,5
61,63,1,Hayley,Scamurra,HAY-LEE SKUH-more-uh,,L,"Buffalo, NY",New York,,"Buffalo, New York",Buffalo,New York,United States,"Buffalo, New York","5'8""",0,"5-8""",0,,61,Signed,1994-12-14,'94,1994-12-14,6,2,,6,Toronto Sceptres,PWHL,16,0,8,F,,61,&nbsp;,"5'8""",0,,NA,Hayley Scamurra,https://assets.leaguestat.com/pwhl/240x240/61.jpg,NA,5
126,159,1,Samantha,Cogan,SAH-MAN-tha KOH-guhn,,L,"Ottawa, ON",,,,,,,,"5'8""",,"5-8""",0,,126,Camp Invitee,1997-07-07,'97,1997-07-07,6,2,,6,Toronto Sceptres,PWHL,17,0,8,F,,126,&nbsp;,"5'8""",,,NA,Samantha Cogan,https://assets.leaguestat.com/pwhl/240x240/126.jpg,NA,5
65,67,1,Jesse,Compher,JEH-see KUHM-fuhr,,R,"Northbrook, IL",Illinois,,"Northbrook, Illinois",Northbrook,Illinois,United States,"Northbrook, Illinois","5'8""",0,"5-8""",0,,65,Signed,1999-07-01,'99,1999-07-01,6,2,,6,Toronto Sceptres,PWHL,18,0,8,F,,65,&nbsp;,"5'8""",0,,NA,Jesse Compher,https://assets.leaguestat.com/pwhl/240x240/65.jpg,NA,5
207,403,1,Lauren,Bernard,LOR-ehn buhr-NARD,,L,"Madison, OH",OH,,"Madison , Ohio",Madison ,Ohio,United States,"Madison , Ohio",5'7,0,5-7,0,,207,Draftee,2001-07-15,'01,2001-07-15,6,2,,6,Toronto Sceptres,PWHL,19,1,1,D,,207,*,5'7,0,,NA,Lauren Bernard,https://assets.leaguestat.com/pwhl/240x240/207.jpg,NA,5
75,77,1,Sarah,Nurse,SAIR-uh NUHRS,,L,"Hamilton, ON",Ontario,,"Hamilton, Ontario",Hamilton,Ontario,Canada,"Hamilton, Ontario",5'7,0,5-7,0,,75,Signed,1995-01-04,'95,1995-01-04,6,2,,6,Toronto Sceptres,PWHL,20,0,8,F,,75,&nbsp;,5'7,0,,NA,Sarah Nurse,https://assets.leaguestat.com/pwhl/240x240/75.jpg,NA,5
66,68,1,Maggie,Connors,MA-gee KAW-nuhrs,,L,"St. John's, NL",Newfoundland,,"St John's, Newfoundland",St John's,Newfoundland,Canada,"St John's, Newfoundland","5'6""",0,"5-6""",0,,66,Signed,2000-10-22,'00,2000-10-22,6,2,,6,Toronto Sceptres,PWHL,22,0,8,F,,66,&nbsp;,"5'6""",0,,NA,Maggie Connors,https://assets.leaguestat.com/pwhl/240x240/66.jpg,NA,5
208,404,1,Megan,Carter,MEH-gan CART-uhr,,L,"Milton, ON",ON,,"Milton, Ontario",Milton,Ontario,Canada,"Milton, Ontario",5'8,0,5-8,0,,208,Signed,2001-05-23,'01,2001-05-23,6,2,,6,Toronto Sceptres,PWHL,23,1,1,D,,208,*,5'8,0,,NA,Megan Carter,https://assets.leaguestat.com/pwhl/240x240/208.jpg,NA,5
100,128,1,Natalie,Spooner,NAH-TAH-LEE SPOO-NER,,R,"Scarborough, ON",Ontario,,"Scarborough, Ontario",Scarborough,Ontario,Canada,"Scarborough, Ontario",5'10,0,5-10,0,,100,Signed,1990-10-17,'90,1990-10-17,6,2,,6,Toronto Sceptres,PWHL,24,0,8,F,,100,&nbsp;,5'10,0,,NA,Natalie Spooner,https://assets.leaguestat.com/pwhl/240x240/100.jpg,NA,5
212,408,1,Laura,Kluge,lohr-UH KLOO-geh,,L,"Berlin, GER",GER,,"Berlin, Germany",Berlin,,Germany,"Berlin, ",5'10,0,5-10,0,,212,Signed,1996-11-06,'96,1996-11-06,6,2,,6,Toronto Sceptres,PWHL,25,0,8,F,,212,&nbsp;,5'10,0,,NA,Laura Kluge,https://assets.leaguestat.com/pwhl/240x240/212.jpg,NA,5
73,75,1,Emma,Maltais,EH-ma MAL-tay,,L,"Burlington, ON",Ontario,,"Burlington, Ontario",Burlington,Ontario,Canada,"Burlington, Ontario","5'3""",0,"5-3""",0,,73,Signed,1999-11-04,'99,1999-11-04,6,2,,6,Toronto Sceptres,PWHL,27,0,8,F,,73,&nbsp;,"5'3""",0,,NA,Emma Maltais,https://assets.leaguestat.com/pwhl/240x240/73.jpg,NA,5
128,161,1,Kaitlin,Willoughby,KAYT-LIHN WILL-oh-bee ,,R,"Prince Albert, SK",,,"Prince Albert, Saskatchewan",Prince Albert,Saskatchewan,Canada,"Prince Albert, Saskatchewan","5'6""",0,"5-6""",0,,128,Camp Invitee,1995-03-26,'95,1995-03-26,6,2,,6,Toronto Sceptres,PWHL,28,0,8,F,,128,&nbsp;,"5'6""",0,,NA,Kaitlin Willoughby,https://assets.leaguestat.com/pwhl/240x240/128.jpg,NA,5
89,108,1,Hannah,Miller,HAN-uh MIH-luhr,,L,"North Vancouver, BC ",British Columbia,,"North Vancouver, British Columbia",North Vancouver,British Columbia,Canada,"North Vancouver, British Columbia",5'9,0,5-9,0,,89,Signed,1996-02-16,'96,1996-02-16,6,2,,6,Toronto Sceptres,PWHL,34,0,8,F,,89,&nbsp;,5'9,0,,NA,Hannah Miller,https://assets.leaguestat.com/pwhl/240x240/89.jpg,NA,5
234,466,1,Kassidy,Sauvé,,,,,,,,,,,,5.09,,5-09,0,,234,Signed,1996-05-19,'96,1996-05-19,6,2,,6,Toronto Sceptres,PWHL,35,1,7,G,,234,*,5.09,,,NA,Kassidy Sauvé,https://lscluster.hockeytech.com/img/nophoto.png,L,5
76,78,1,Blayre,Turnbull,BLEHR TURN-bul,,R,"Stellarton, NS",Nova Scotia,,"Stellarton, Nova Scotia",Stellarton,Nova Scotia,Canada,"Stellarton, Nova Scotia","5'7""",0,"5-7""",0,,76,Signed,1993-07-15,'93,1993-07-15,6,2,,6,Toronto Sceptres,PWHL,40,0,8,F,,76,&nbsp;,"5'7""",0,,NA,Blayre Turnbull,https://assets.leaguestat.com/pwhl/240x240/76.jpg,NA,5
64,66,1,Kristen,Campbell,KRIHS-tehn CAM-behl,,L,"Brandon, MB",Manitoba,,"Brandon, Manitoba",Brandon,Manitoba,Canada,"Brandon, Manitoba",5'10,0,5-10,0,,64,Signed,1997-11-30,'97,1997-11-30,6,2,,6,Toronto Sceptres,PWHL,50,0,7,G,,64,&nbsp;,5'10,0,,NA,Kristen Campbell,https://assets.leaguestat.com/pwhl/240x240/64.jpg,L,5
125,158,1,Victoria,Bach,VIHK-TAW-REE-UH BAWK  ,,L,"Milton, ON",,,"Milton, Ontario",Milton,Ontario,Canada,"Milton, Ontario",5'4,0,5-4,0,,125,Signed,1996-07-12,'96,1996-07-12,6,2,,6,Toronto Sceptres,PWHL,51,0,8,F,,125,&nbsp;,5'4,0,,NA,Victoria Bach,https://assets.leaguestat.com/pwhl/240x240/125.jpg,NA,5
232,428,1,Rylind,MacKinnon,RIGH-luhnd MUH-kih-nehn,,L,"Cranbrook, BC",,,"Cranbrook, British Columbia",Cranbrook,British Columbia,Canada,"Cranbrook, British Columbia",5'10,0,5-10,0,,232,Signed,2000-03-05,'00,2000-03-05,6,2,,6,Toronto Sceptres,PWHL,55,1,1,D,,232,*,5'10,0,,NA,Rylind MacKinnon,https://assets.leaguestat.com/pwhl/240x240/232.jpg,NA,5
214,410,1,Noemi,Neubauerová,NOH-weh-may NOY-bah-weh-roh-VUH,,R,"Prague, CZE",CZE,,"Prague, Czechia",Prague,,Czechia,"Prague, ","5'8""",0,"5-8""",0,,214,Draftee,1999-12-15,'99,1999-12-15,6,2,,6,Toronto Sceptres,PWHL,61,1,8,F,,214,*,"5'8""",0,,NA,Noemi Neubauerová,https://assets.leaguestat.com/pwhl/240x240/214.jpg,NA,5
86,105,1,Emma,Woods,EH-muh WUDZ,,R,"Burford, ON",Ontario,,"Burford, Ontario",Burford,Ontario,Canada,"Burford, Ontario","5'7""",0,"5-7""",0,,86,Signed,1995-12-18,'95,1995-12-18,6,2,,6,Toronto Sceptres,PWHL,67,0,8,F,,86,&nbsp;,"5'7""",0,,NA,Emma Woods,https://assets.leaguestat.com/pwhl/240x240/86.jpg,NA,5
134,167,1,Carly,Jackson,CAR-lee JAK-sun,,R,"Amherst, NS",,,"Amherst, Nova Scotia",Amherst,Nova Scotia,Canada,"Amherst, Nova Scotia","5'5""",0,"5-5""",0,,134,Signed,1997-06-23,'97,1997-06-23,6,2,,6,Toronto Sceptres,PWHL,70,0,7,G,,134,&nbsp;,"5'5""",0,,NA,Carly Jackson,https://assets.leaguestat.com/pwhl/240x240/134.jpg,L,5
200,396,1,Anna,Kjellbin,,,R,"Göteberg, SWE",SWE,Sweden,"Göteberg, Sweden",Göteberg,,Sweden,"Göteberg, ","5'7""",0,"5-7""",0,,200,None,1994-03-16,'94,1994-03-16,6,2,,6,Toronto Sceptres,PWHL,71,0,1,D,,200,&nbsp;,"5'7""",0,,NA,Anna Kjellbin,https://assets.leaguestat.com/pwhl/240x240/200.jpg,NA,5
210,406,1,Julia,Gosling,JOO-lee-uh GAWZ-lihng,,L,"London, ON",ON,,"London, Ontario",London,Ontario,Canada,"London, Ontario","5'10""",0,"5-10""",0,,210,Signed,2001-02-21,'01,2001-02-21,6,2,,6,Toronto Sceptres,PWHL,88,1,8,F,,210,*,"5'10""",0,,NA,Julia Gosling,https://assets.leaguestat.com/pwhl/240x240/210.jpg,NA,5
24,26,1,Lee,Stecklein,LEE STEHK-lighn,,L,"Roseville, MN",Minnesota,,"Roseville , Minnesota",Roseville ,Minnesota,United States,"Roseville , Minnesota","6'0""",0,"6-0""",0,,24,None,1994-04-23,'94,1994-04-23,2,2,,2,Minnesota Frost,PWHL,2,0,1,D,,24,&nbsp;,"6'0""",0,,NA,Lee Stecklein,https://assets.leaguestat.com/pwhl/240x240/24.jpg,NA,6
192,388,1,Brooke,McQuigge,,,L,"Bowmanville, ON",ON,,"Bowmanville, Ontario",Bowmanville,Ontario,Canada,"Bowmanville, Ontario","5'8""",0,"5-8""",0,,192,Signed,2000-06-09,'00,2000-06-09,2,2,,2,Minnesota Frost,PWHL,3,1,8,F,,192,*,"5'8""",0,,NA,Brooke McQuigge,https://assets.leaguestat.com/pwhl/240x240/192.jpg,NA,6
191,387,1,Katy,Knoll,,,R,"Amherst, NY",NY,,"Amherst, New York",Amherst,New York,United States,"Amherst, New York","5'7""",0,"5-7""",0,,191,Signed,2001-01-16,'01,2001-01-16,2,2,,2,Minnesota Frost,PWHL,6,1,8,F,,191,*,"5'7""",0,,NA,Katy Knoll,https://assets.leaguestat.com/pwhl/240x240/191.jpg,NA,6
102,132,1,Claire,Butorac, KLEHR BOO-TOH-rack,,R,"Andover, MN",MN,,"Andover, Minnesota",Andover,Minnesota,United States,"Andover, Minnesota",5'6,0,5-6,0,,102,Signed,1999-09-24,'99,1999-09-24,2,2,,2,Minnesota Frost,PWHL,7,0,8,F,,102,&nbsp;,5'6,0,,NA,Claire Butorac,https://assets.leaguestat.com/pwhl/240x240/102.jpg,NA,6
187,383,1,Charlotte,Akervik,,,R,"Eau Claire, WI",WI,,"Eau Claire, Wisconsin",Eau Claire,Wisconsin,United States,"Eau Claire, Wisconsin",5'10,0,5-10,0,,187,Signed,2001-02-17,'01,2001-02-17,2,2,,2,Minnesota Frost,PWHL,8,1,1,D,,187,*,5'10,0,,NA,Charlotte Akervik,https://assets.leaguestat.com/pwhl/240x240/187.jpg,NA,6
188,384,1,Mae,Batherson,May BATH-ur-son,,L,"New Minas, NS",NS,,"New Minas , Nova Scotia",New Minas ,Nova Scotia,Canada,"New Minas , Nova Scotia",5'8,0,5-8,0,,188,Signed,2000-12-05,'00,2000-12-05,2,2,,2,Minnesota Frost,PWHL,9,1,1,D,,188,*,5'8,0,,NA,Mae Batherson,https://assets.leaguestat.com/pwhl/240x240/188.jpg,NA,6
194,390,1,Kaitlyn,O'Donohoe,,,R,"Atlanta, GA",USA,,"Atlanta, Georgia",Atlanta,Georgia,United States,"Atlanta, Georgia",5'7,0,5-7,0,,194,None,2001-09-20,'01,2001-09-20,2,2,,2,Minnesota Frost,PWHL,11,1,8,F,,194,*,5'7,0,,NA,Kaitlyn O'Donohoe,https://assets.leaguestat.com/pwhl/240x240/194.jpg,NA,6
23,25,1,Kelly,Pannek,KEH-LEE PAH-nehk,,R,"Plymouth, MN",Minnesota,,"Plymouth, Minnesota",Plymouth,Minnesota,United States,"Plymouth, Minnesota","5'7""",0,"5-7""",0,,23,None,1995-12-29,'95,1995-12-29,2,2,,2,Minnesota Frost,PWHL,12,0,8,F,,23,&nbsp;,"5'7""",0,,NA,Kelly Pannek,https://assets.leaguestat.com/pwhl/240x240/23.jpg,NA,6
25,27,1,Grace,Zumwinkle,GRAYS ZUHM-wihnk-uhl,,R,"Excelsior, MN",Minnesota,,"Excelsior, Minnesota",Excelsior,Minnesota,United States,"Excelsior, Minnesota","5'9""",0,"5-9""",0,,25,None,1999-04-23,'99,1999-04-23,2,1,*,2,Minnesota Frost,PWHL,13,0,8,F,,25,&nbsp;,"5'9""",0,,NA,Grace Zumwinkle,https://assets.leaguestat.com/pwhl/240x240/25.jpg,NA,6
195,391,1,Dominique,Petrie,,,R,"Hermosa Beach, CA",CA,,"Hermosa Beach, California",Hermosa Beach,California,United States,"Hermosa Beach, California",5'7,0,5-7,0,,195,Signed,2001-01-21,'01,2001-01-21,2,2,,2,Minnesota Frost,PWHL,14,1,8,F,,195,*,5'7,0,,NA,Dominique Petrie,https://assets.leaguestat.com/pwhl/240x240/195.jpg,NA,6
11,13,1,Sophie,Jaques,SOH-fee JAYKS,,R,"Toronto, ON",Ontario,,"Toronto, Ontario",Toronto,Ontario,Canada,"Toronto, Ontario",5'8,0,5-8,0,,11,Camp Invitee,2000-10-16,'00,2000-10-16,2,1,*,2,Minnesota Frost,PWHL,16,0,1,D,,11,&nbsp;,5'8,0,,NA,Sophie Jaques,https://assets.leaguestat.com/pwhl/240x240/11.jpg,NA,6
91,119,1,Brooke,Bryant,BRUHK BRIGH-uhnt,,R,"Linden, CA",California,United States,"Linden, California",Linden,California,United States,"Linden, California",5'6,0,5-6,0,,91,Signed,2000-08-22,'00,2000-08-22,2,2,,2,Minnesota Frost,PWHL,17,0,8,F,,91,&nbsp;,5'6,0,,NA,Brooke Bryant,https://assets.leaguestat.com/pwhl/240x240/91.jpg,NA,6
79,96,1,Maggie,Flaherty,MAIG-ee FLAIR-tee,,L,"Lakeville, MN",Minnesota,,"Lakeville, Minnesota",Lakeville,Minnesota,United States,"Lakeville, Minnesota",5'8,0,5-8,0,,79,None,2000-06-02,'00,2000-06-02,2,2,,2,Minnesota Frost,PWHL,19,0,1,D,,79,&nbsp;,5'8,0,,NA,Maggie Flaherty,https://assets.leaguestat.com/pwhl/240x240/79.jpg,NA,6
97,125,1,Liz,Schepers,LIHZ SHEH-puhrs,,L,"Mound, MN",Minnesota,,"Mound , Minnesota",Mound ,Minnesota,United States,"Mound , Minnesota",5'7,0,5-7,0,,97,Signed,1999-02-13,'99,1999-02-13,2,2,,2,Minnesota Frost,PWHL,21,0,8,F,,97,&nbsp;,5'7,0,,NA,Liz Schepers,https://assets.leaguestat.com/pwhl/240x240/97.jpg,NA,6
90,118,1,Natalie,Buchbinder,NAH-tuh-lee book-BIGHN-der,,R,"Fairport, NY",New York,,"Fairport, New York",Fairport,New York,United States,"Fairport, New York","5'8""",0,"5-8""",0,,90,None,1999-01-22,'99,1999-01-22,2,2,,2,Minnesota Frost,PWHL,22,0,1,D,,90,&nbsp;,"5'8""",0,,NA,Natalie Buchbinder,https://assets.leaguestat.com/pwhl/240x240/90.jpg,NA,6
129,162,1,Mellissa,Channell-Watkins,Muh-LISS-uh CHAN-uhl WHAT-kins,,L,"Plymouth, MI",,,"Plymouth, Michigan",Plymouth,Michigan,United States,"Plymouth, Michigan",5'4,0,5-4,0,,129,Signed,1994-12-16,'94,1994-12-16,2,2,,2,Minnesota Frost,PWHL,23,0,1,D,,129,&nbsp;,5'4,0,,NA,Mellissa Channell-Watkins,https://assets.leaguestat.com/pwhl/240x240/129.jpg,NA,6
20,22,1,Kendall,Coyne Schofield,KEHN-duhl KOIN SKOH-feeld,,L,"Palos Heights, IL",Illinois,,"Palos Heights, Illinois",Palos Heights,Illinois,United States,"Palos Heights, Illinois",5'2,0,5-2,0,,20,None,1992-05-25,'92,1992-05-25,2,2,,2,Minnesota Frost,PWHL,26,0,8,F,,20,&nbsp;,5'2,0,,NA,Kendall Coyne Schofield,https://assets.leaguestat.com/pwhl/240x240/20.jpg,NA,6
21,23,1,Taylor,Fox,TAY-luhr HIGH-zee,,R,"Lake City, MN",Minnesota,,"Lake City, Minnesota",Lake City,Minnesota,United States,"Lake City, Minnesota",5'10,0,5-10,0,,21,None,2000-03-17,'00,2000-03-17,2,1,*,2,Minnesota Frost,PWHL,27,0,8,F,,21,&nbsp;,5'10,0,,NA,Taylor Fox,https://assets.leaguestat.com/pwhl/240x240/21.jpg,NA,6
22,24,1,Nicole,Hensley,NIHK-ohl HEHNZ-lee,,L,"Lakewood, CO",Colorado,,"Lakewood, Colorado",Lakewood,Colorado,United States,"Lakewood, Colorado",5'7,0,5-7,0,,22,None,1994-06-23,'94,1994-06-23,2,2,,2,Minnesota Frost,PWHL,29,0,7,G,,22,&nbsp;,5'7,0,,NA,Nicole Hensley,https://assets.leaguestat.com/pwhl/240x240/22.jpg,L,6
166,201,1,Marlène,Boissonnault,,,L,"Dundee, NB",NB,Canada,"Dundee, New Brunswick",Dundee,New Brunswick,Canada,"Dundee, New Brunswick",,0,,0,,166,None,1997-06-19,'97,1997-06-19,2,2,,2,Minnesota Frost,PWHL,33,0,7,G,,166,&nbsp;,,0,,NA,Marlène Boissonnault,https://assets.leaguestat.com/pwhl/240x240/166.jpg,L,6
123,153,1,Maddie,Rooney,MAD-dee ROO-nee,,R,"Andover, MN",,,"Andover, Minnesota",Andover,Minnesota,United States,"Andover, Minnesota","5'5""",0,"5-5""",0,,123,None,1997-07-07,'97,1997-07-07,2,2,,2,Minnesota Frost,PWHL,35,0,7,G,,123,&nbsp;,"5'5""",0,,NA,Maddie Rooney,https://assets.leaguestat.com/pwhl/240x240/123.jpg,L,6
104,134,1,Denisa,Křížová,DUH-nee-SAH SHISH-uh-vuh,,L,"Horní Cerekev, CZE",CZE,,"Horni Cerekev, Czechia, Czechia",Horni Cerekev,Czechia,Czechia,"Horni Cerekev, Czechia","5'5""",0,"5-5""",0,,104,Camp Invitee,1994-11-03,'94,1994-11-03,2,2,,2,Minnesota Frost,PWHL,41,0,8,F,,104,&nbsp;,"5'5""",0,,NA,Denisa Křížová,https://assets.leaguestat.com/pwhl/240x240/104.jpg,NA,6
169,204,1,Claire,Thompson,,,L,"Toronto, ON",,,"Toronto, Ontario",Toronto,Ontario,Canada,"Toronto, Ontario",5'8,0,5-8,0,,169,Camp Invitee,1998-01-28,'98,1998-01-28,2,2,,2,Minnesota Frost,PWHL,42,0,1,D,,169,&nbsp;,5'8,0,,NA,Claire Thompson,https://assets.leaguestat.com/pwhl/240x240/169.jpg,NA,6
190,386,1,Klára,Hymlárová,,,L,"Opava, CZE",CZE,,"Opava, Czechia",Opava,,Czechia,"Opava, ",5'5,0,5-5,0,,190,None,1999-02-27,'99,1999-02-27,2,2,,2,Minnesota Frost,PWHL,71,1,8,F,,190,*,5'5,0,,NA,Klára Hymlárová,https://assets.leaguestat.com/pwhl/240x240/190.jpg,NA,6
189,385,1,Britta,Curl-Salemme,Britt—UH Curl Suh-LEMM-ee,,L,"Bismarck, ND",ND,,"Bismarck, North Dakota",Bismarck,North Dakota,United States,"Bismarck, North Dakota",5'9,0,5-9,0,,189,None,2000-03-20,'00,2000-03-20,2,2,,2,Minnesota Frost,PWHL,77,1,8,F,,189,*,5'9,0,,NA,Britta Curl-Salemme,https://assets.leaguestat.com/pwhl/240x240/189.jpg,NA,6
115,145,1,Michela,Cava,MIH-kay-luh KAH-vuh,,R,"Thunder Bay, ON",,,"Thunder Bay, Ontario",Thunder Bay,Ontario,Canada,"Thunder Bay, Ontario",5'4,0,5-4,0,,115,Camp Invitee,1994-03-26,'94,1994-03-26,2,2,,2,Minnesota Frost,PWHL,86,0,8,F,,115,&nbsp;,5'4,0,,NA,Michela Cava,https://assets.leaguestat.com/pwhl/240x240/115.jpg,NA,6
99,127,1,Mariah,Keopple,,,L,"Menomonie, WI",Wisconsin,,"Menomonie, Wisconsin",Menomonie,Wisconsin,United States,"Menomonie, Wisconsin",5'9,0,5-9,0,,99,None,2000-06-27,'00,2000-06-27,3,1,*,3,Montréal Victoire,PWHL,2,0,1,D,,99,&nbsp;,5'9,0,,NA,Mariah Keopple,https://assets.leaguestat.com/pwhl/240x240/99.jpg,NA,6
196,392,1,Cayla,Barnes,,,R,"Eastvale, CA",CA,,"Eastvale, California",Eastvale,California,United States,"Eastvale, California","5'2""",0,"5-2""",0,,196,None,1999-01-07,'99,1999-01-07,3,2,,3,Montréal Victoire,PWHL,3,1,1,D,,196,*,"5'2""",0,,NA,Cayla Barnes,https://assets.leaguestat.com/pwhl/240x240/196.jpg,NA,6
163,198,1,Catherine,Daoust,,,R,"L’Île-Bizard, QC",,,"Montréal, Québec",Montréal,Québec,Canada,"Montréal, Québec",5'5,0,5-5,0,,163,None,1995-02-21,'95,1995-02-21,3,2,,3,Montréal Victoire,PWHL,4,0,1,D,,163,&nbsp;,5'5,0,,NA,Catherine Daoust,https://assets.leaguestat.com/pwhl/240x240/163.jpg,NA,6
203,399,1,Anna,Wilgren,,,L,"Hudson, WI",WI,,"Hudson, Wisconsin",Hudson,Wisconsin,United States,"Hudson, Wisconsin",5'8,0,5-8,0,,203,None,1999-11-10,'99,1999-11-10,3,2,,3,Montréal Victoire,PWHL,5,1,1,D,,203,*,5'8,0,,NA,Anna Wilgren,https://assets.leaguestat.com/pwhl/240x240/203.jpg,NA,6
32,34,1,Laura,Stacey,STAY-see,,R,"Kleinburg, ON",Ontario,,"Kleinburg, Ontario",Kleinburg,Ontario,Canada,"Kleinburg, Ontario","5'10""",0,"5-10""",0,,32,None,1994-05-05,'94,1994-05-05,3,2,,3,Montréal Victoire,PWHL,7,0,8,F,,32,&nbsp;,"5'10""",0,,NA,Laura Stacey,https://assets.leaguestat.com/pwhl/240x240/32.jpg,NA,6
156,191,1,Gabrielle,David,,,R,"Drummondville, QC",,,"Drummondville, Québec",Drummondville,Québec,Canada,"Drummondville, Québec",5'4,0,5-4,0,,156,None,1999-06-22,'99,1999-06-22,3,1,*,3,Montréal Victoire,PWHL,8,0,8,F,,156,&nbsp;,5'4,0,,NA,Gabrielle David,https://assets.leaguestat.com/pwhl/240x240/156.jpg,NA,6
84,103,1,Kati,Tabin,,,L,"Winnipeg, MB",Manitoba,,"Winnipeg, Manitoba",Winnipeg,Manitoba,Canada,"Winnipeg, Manitoba","5'8""",0,"5-8""",0,,84,None,1997-04-21,'97,1997-04-21,3,2,,3,Montréal Victoire,PWHL,9,0,1,D,,84,&nbsp;,"5'8""",0,,NA,Kati Tabin,https://assets.leaguestat.com/pwhl/240x240/84.jpg,NA,6
198,394,1,Jenn,Gardiner,,,L,"Surrey, BC",BC,,"Surrey, British Columbia",Surrey,British Columbia,Canada,"Surrey, British Columbia",5'6,0,5-6,0,,198,Camp Invitee,2001-09-18,'01,2001-09-18,3,2,,3,Montréal Victoire,PWHL,12,1,8,F,,198,*,5'6,0,,NA,Jenn Gardiner,https://assets.leaguestat.com/pwhl/240x240/198.jpg,NA,6
39,41,1,Alexandra,Labelle,,,L,"St-Louis-de-Gonzague, QC",,Canada,"St-Louis-de-Gonzague, QC, Québec","St-Louis-de-Gonzague, QC",Québec,Canada,"St-Louis-de-Gonzague, QC, Québec",5'7,0,5-7,0,,39,None,1996-02-27,'96,1996-02-27,3,1,*,3,Montréal Victoire,PWHL,13,0,8,F,,39,&nbsp;,5'7,0,,NA,Alexandra Labelle,https://assets.leaguestat.com/pwhl/240x240/39.jpg,NA,6
199,395,1,Dara,Greig,,,L,"Camden, NJ",NJ,,"Camden, New Jersey",Camden,New Jersey,United States,"Camden, New Jersey",5'7'',0,5-,0,,199,None,2000-12-30,'00,2000-12-30,3,2,,3,Montréal Victoire,PWHL,17,1,8,F,,199,*,5'7'',0,,NA,Dara Greig,https://assets.leaguestat.com/pwhl/240x240/199.jpg,NA,6
138,171,1,Mikyla,Grant-Mentis,,,L,"Brampton, ON",,,"Brampton, Ontario",Brampton,Ontario,Canada,"Brampton, Ontario",5'6,0,5-6,0,,138,None,1998-07-15,'98,1998-07-15,3,2,,3,Montréal Victoire,PWHL,18,0,8,F,,138,&nbsp;,5'6,0,,NA,Mikyla Grant-Mentis,https://assets.leaguestat.com/pwhl/240x240/138.jpg,NA,6
128,161,1,Kaitlin,Willoughby,KAYT-LIHN WILL-oh-bee ,,R,"Prince Albert, SK",,,"Prince Albert, Saskatchewan",Prince Albert,Saskatchewan,Canada,"Prince Albert, Saskatchewan","5'6""",0,"5-6""",0,,128,Camp Invitee,1995-03-26,'95,1995-03-26,3,2,,3,Montréal Victoire,PWHL,19,0,8,F,,128,&nbsp;,"5'6""",0,,NA,Kaitlin Willoughby,https://assets.leaguestat.com/pwhl/240x240/128.jpg,NA,6
85,104,1,Elaine,Chuli,,,L,"Waterford, ON",Ontario,,"Waterford, Ontario",Waterford,Ontario,Canada,"Waterford, Ontario",5'7,0,5-7,0,,85,None,1994-05-16,'94,1994-05-16,3,2,,3,Montréal Victoire,PWHL,20,0,7,G,,85,&nbsp;,5'7,0,,NA,Elaine Chuli,https://assets.leaguestat.com/pwhl/240x240/85.jpg,L,6
98,126,1,Maureen,Murphy,,,R,"Buffalo, NY",New York,,"Buffalo, New York",Buffalo,New York,United States,"Buffalo, New York",5'4,0,5-4,0,,98,None,1999-12-15,'99,1999-12-15,3,1,*,3,Montréal Victoire,PWHL,21,0,8,F,,98,&nbsp;,5'4,0,,NA,Maureen Murphy,https://assets.leaguestat.com/pwhl/240x240/98.jpg,NA,6
29,31,1,Kennedy,Marchment,,,R,"Marmora, ON",Ontario,,"Marmora, Ontario",Marmora,Ontario,Canada,"Marmora, Ontario",5'8,0,5-8,0,,29,None,1996-12-06,'96,1996-12-06,3,2,,3,Montréal Victoire,PWHL,22,0,8,F,,29,&nbsp;,5'8,0,,NA,Kennedy Marchment,https://assets.leaguestat.com/pwhl/240x240/29.jpg,NA,6
83,102,1,Erin,Ambrose,,,R,"Keswick, ON",Ontario,,"Keswick, Ontario",Keswick,Ontario,Canada,"Keswick, Ontario","5'5""",0,"5-5""",0,,83,None,1994-04-30,'94,1994-04-30,3,2,,3,Montréal Victoire,PWHL,23,0,1,D,,83,&nbsp;,"5'5""",0,,NA,Erin Ambrose,https://assets.leaguestat.com/pwhl/240x240/83.jpg,NA,6
114,144,1,Abby,Boreen,,,R,"Somerset, WI",WI,,"Somerset, Wisconsin",Somerset,Wisconsin,United States,"Somerset, Wisconsin",5'8,0,5-8,0,,114,Camp Invitee,2000-04-03,'00,2000-04-03,3,2,,3,Montréal Victoire,PWHL,24,0,8,F,,114,&nbsp;,5'8,0,,NA,Abby Boreen,https://assets.leaguestat.com/pwhl/240x240/114.jpg,NA,6
201,397,1,Lina,Ljungblom,,,L,"Skövde, SWE",SWE,Sweden,"Skövde, Sweden",Skövde,,Sweden,"Skövde, ",5'9,0,5-9,0,,201,None,2001-10-15,'01,2001-10-15,3,2,,3,Montréal Victoire,PWHL,25,1,8,F,,201,*,5'9,0,,NA,Lina Ljungblom,https://assets.leaguestat.com/pwhl/240x240/201.jpg,NA,6
116,146,1,Clair,DeGeorge,,,L,"Anchorage, AK",AK,,"Anchorage, Alaska",Anchorage,Alaska,United States,"Anchorage, Alaska",5'11,0,5-11,0,,116,None,1999-06-07,'99,1999-06-07,3,2,,3,Montréal Victoire,PWHL,26,0,8,F,,116,&nbsp;,5'11,0,,NA,Clair DeGeorge,https://assets.leaguestat.com/pwhl/240x240/116.jpg,NA,6
157,192,1,Catherine,Dubois,,,L,"Charlesbourg, QC",,,"Charlesbourg, Québec",Charlesbourg,Québec,Canada,"Charlesbourg, Québec","5'10""",0,"5-10""",0,,157,None,1995-07-29,'95,1995-07-29,3,2,,3,Montréal Victoire,PWHL,28,0,8,F,,157,&nbsp;,"5'10""",0,,NA,Catherine Dubois,https://assets.leaguestat.com/pwhl/240x240/157.jpg,NA,6
31,33,1,Marie-Philip,Poulin,,,L,"Beauceville, QC",QC,,"Beauceville, Québec",Beauceville,Québec,Canada,"Beauceville, Québec",5'7,0,5-7,0,,31,None,1991-03-28,'91,1991-03-28,3,2,,3,Montréal Victoire,PWHL,29,0,8,F,,31,&nbsp;,5'7,0,,NA,Marie-Philip Poulin,https://assets.leaguestat.com/pwhl/240x240/31.jpg,NA,6
48,50,1,Sandra,Abstreiter,,,L,"Freising, GER",GER,Germany,"Freising, Germany",Freising,,Germany,"Freising, ","5'11""",0,"5-11""",0,,48,None,1998-07-23,'98,1998-07-23,3,2,,3,Montréal Victoire,PWHL,30,0,7,G,,48,&nbsp;,"5'11""",0,,NA,Sandra Abstreiter,https://assets.leaguestat.com/pwhl/240x240/48.jpg,L,6
28,30,1,Ann-Renée,Desbiens,,,L,"Clermont, QC",Quebec,,"Clermont, Québec",Clermont,Québec,Canada,"Clermont, Québec","5'9""",0,"5-9""",0,,28,None,1994-04-10,'94,1994-04-10,3,2,,3,Montréal Victoire,PWHL,35,0,7,G,,28,&nbsp;,"5'9""",0,,NA,Ann-Renée Desbiens,https://assets.leaguestat.com/pwhl/240x240/28.jpg,L,6
26,28,1,Claire,Dalton,,,R,"Toronto, ON",Ontario,,"Toronto, Ontario",Toronto,Ontario,Canada,"Toronto, Ontario","5'9""",0,"5-9""",0,,26,None,2000-03-20,'00,2000-03-20,3,1,*,3,Montréal Victoire,PWHL,42,0,8,F,,26,&nbsp;,"5'9""",0,,NA,Claire Dalton,https://assets.leaguestat.com/pwhl/240x240/26.jpg,NA,6
30,32,1,Kristin,O'Neill,,,L,"Oakville, ON",Ontario,,"Oakville, Ontario",Oakville,Ontario,Canada,"Oakville, Ontario","5'4""",0,"5-4""",0,,30,None,1998-03-30,'98,1998-03-30,3,2,,3,Montréal Victoire,PWHL,43,0,8,F,,30,&nbsp;,"5'4""",0,,NA,Kristin O'Neill,https://assets.leaguestat.com/pwhl/240x240/30.jpg,NA,6
51,53,1,Amanda,Boulier,,,R,"Watertown, CT",Connecticut,,"Watertown, Connecticut",Watertown,Connecticut,United States,"Watertown, Connecticut","5'1""",0,"5-1""",0,,51,None,1993-03-30,'93,1993-03-30,3,2,,3,Montréal Victoire,PWHL,44,0,1,D,,51,&nbsp;,"5'1""",0,,NA,Amanda Boulier,https://assets.leaguestat.com/pwhl/240x240/51.jpg,NA,6
202,398,1,Kelly Ann,Nadeau,,,R,"Mont-Laurier, QC",QC,,"Mont-Laurier, Québec",Mont-Laurier,Québec,Canada,"Mont-Laurier, Québec",5'7,0,5-7,0,,202,None,1998-03-30,'98,1998-03-30,3,2,,3,Montréal Victoire,PWHL,51,1,1,D,,202,*,5'7,0,,NA,Kelly Ann Nadeau,https://assets.leaguestat.com/pwhl/240x240/202.jpg,NA,6
82,101,1,Dominika,Lásková,,,R,"Prague, CZE",CZE,Czechia,"Prague, Czechia",Prague,,Czechia,"Prague, ",5'6,0,5-6,0,,82,None,1996-12-20,'96,1996-12-20,3,2,,3,Montréal Victoire,PWHL,96,0,1,D,,82,&nbsp;,5'6,0,,NA,Dominika Lásková,https://assets.leaguestat.com/pwhl/240x240/82.jpg,NA,6
62,64,1,Aneta,Tejralová,AH-neh-TAH TEH-ruh-low-VAH,,L,"Prague, CZE",CZE,,"Prague, Czechia",Prague,,Czechia,"Prague, ",5'5,0,5-5,0,,62,Signed,1996-01-04,'96,1996-01-04,5,2,,5,Ottawa Charge,PWHL,2,0,1,D,,62,&nbsp;,5'5,0,,NA,Aneta Tejralová,https://assets.leaguestat.com/pwhl/240x240/62.jpg,NA,6
52,54,1,Zoe,Boyd, ZOH-ee boy-d,,L,"Caledon East, ON",Ontario,,"Caledon East, Ontario",Caledon East,Ontario,Canada,"Caledon East, Ontario",5'8,0,5-8,0,,52,Signed,2000-08-09,'00,2000-08-09,5,2,,5,Ottawa Charge,PWHL,3,0,1,D,,52,&nbsp;,5'8,0,,NA,Zoe Boyd,https://assets.leaguestat.com/pwhl/240x240/52.jpg,NA,6
108,138,1,Samantha,Isbell,,,L,"Thunder Bay, ON",,,"Thunder Bay, Ontario",Thunder Bay,Ontario,Canada,"Thunder Bay, Ontario",5'7,0,5-7,0,,108,None,1998-02-17,'98,1998-02-17,5,2,,5,Ottawa Charge,PWHL,5,0,1,D,,108,&nbsp;,5'7,0,,NA,Samantha Isbell,https://assets.leaguestat.com/pwhl/240x240/108.jpg,NA,6
219,415,1,Stephanie,Markowski,STEH-fuh-nee MAR-kow-skee,,L,"Edmonton, AB",AB,,"Edmonton, Alberta",Edmonton,Alberta,Canada,"Edmonton, Alberta",5'8,0,5-8,0,,219,Draftee,2001-08-24,'01,2001-08-24,5,2,,5,Ottawa Charge,PWHL,6,1,1,D,,219,*,5'8,0,,NA,Stephanie Markowski,https://assets.leaguestat.com/pwhl/240x240/219.jpg,NA,6
142,175,1,Natalie,Snodgrass,NAT-uh-lee SNAWD-grahs,,L,"Eagan, MN",,,"Eagan, Minnesota",Eagan,Minnesota,United States,"Eagan, Minnesota","5'6""",0,"5-6""",0,,142,Signed,1998-12-17,'98,1998-12-17,5,2,,5,Ottawa Charge,PWHL,8,0,8,F,,142,&nbsp;,"5'6""",0,,NA,Natalie Snodgrass,https://assets.leaguestat.com/pwhl/240x240/142.jpg,NA,6
215,411,1,Jessica,Adolfsson,JEH-sih-kuh AY-dawlf-SUHN,,L,"Linköping, SWE",SWE,,"Linköping, Sweden",Linköping,,Sweden,"Linköping, ",5'9,0,5-9,0,,215,Reserve,1998-07-15,'98,1998-07-15,5,2,,5,Ottawa Charge,PWHL,9,0,1,D,,215,&nbsp;,5'9,0,,NA,Jessica Adolfsson,https://assets.leaguestat.com/pwhl/240x240/215.jpg,NA,6
101,129,1,Alexa,Vasko,AH-lehks-UH VAHS-koh,,L,"St. Catharines, ON",Ontario,Canada,"St. Catharines, Ontario",St. Catharines,Ontario,Canada,"St. Catharines, Ontario",5'5,0,5-5,0,,101,Signed,1999-02-07,'99,1999-02-07,5,2,,5,Ottawa Charge,PWHL,10,0,8,F,,101,&nbsp;,5'5,0,,NA,Alexa Vasko,https://assets.leaguestat.com/pwhl/240x240/101.jpg,NA,6
125,158,1,Victoria,Bach,VIHK-TAW-REE-UH BAWK  ,,L,"Milton, ON",,,"Milton, Ontario",Milton,Ontario,Canada,"Milton, Ontario",5'4,0,5-4,0,,125,Signed,1996-07-12,'96,1996-07-12,5,2,,5,Ottawa Charge,PWHL,12,0,8,F,,125,&nbsp;,5'4,0,,NA,Victoria Bach,https://assets.leaguestat.com/pwhl/240x240/125.jpg,NA,6
161,196,1,Tereza,Vanišová, TAH-ree-zuh VAH-nee-soh-VUH,,L,"Strakonice, CZE",CZE,,"Strakonice, Czechia, Czechia",Strakonice,Czechia,Czechia,"Strakonice, Czechia",5'7,0,5-7,0,,161,Signed,1996-01-30,'96,1996-01-30,5,2,,5,Ottawa Charge,PWHL,13,0,8,F,,161,&nbsp;,5'7,0,,NA,Tereza Vanišová,https://assets.leaguestat.com/pwhl/240x240/161.jpg,NA,6
88,107,1,Kateřina,Mrázová,KAH-teh-REE-nuh MRAH-zoh-vuh,,L,"Kolín, CZE",CZE,,"Kolín, Czechia",Kolín,,Czechia,"Kolín, ",5'4,0,5-4,0,,88,Signed,1992-10-19,'92,1992-10-19,5,2,,5,Ottawa Charge,PWHL,16,0,8,F,,88,&nbsp;,5'4,0,,NA,Kateřina Mrázová,https://assets.leaguestat.com/pwhl/240x240/88.jpg,NA,6
57,59,1,Gabbie,Hughes,GAH-Bee HEWS,,L,"Lino Lakes, MN",Minnesota,,"Lino Lakes, Minnesota",Lino Lakes,Minnesota,United States,"Lino Lakes, Minnesota",5'9,0,5-9,0,,57,Signed,1999-10-04,'99,1999-10-04,5,2,,5,Ottawa Charge,PWHL,17,0,8,F,,57,&nbsp;,5'9,0,,NA,Gabbie Hughes,https://assets.leaguestat.com/pwhl/240x240/57.jpg,NA,6
220,416,1,Mannon,McMahon,MA-nuhn mihk-MAN,,R,"Maple Grove, MN",MN,,"Maple Grove, Minnesota",Maple Grove,Minnesota,United States,"Maple Grove, Minnesota",5'7,0,5-7,0,,220,Draftee,2001-07-29,'01,2001-07-29,5,2,,5,Ottawa Charge,PWHL,18,1,8,F,,220,*,5'7,0,,NA,Mannon McMahon,https://assets.leaguestat.com/pwhl/240x240/220.jpg,NA,6
58,60,1,Brianne,Jenner,BREE-an JEH-nuhr,,R,"Oakville, ON",Ontario,Canada,"Oakville, Ontario",Oakville,Ontario,Canada,"Oakville, Ontario",5'9,0,5-9,0,,58,Signed,1991-05-04,'91,1991-05-04,5,2,,5,Ottawa Charge,PWHL,19,0,8,F,,58,&nbsp;,5'9,0,,NA,Brianne Jenner,https://assets.leaguestat.com/pwhl/240x240/58.jpg,NA,6
50,52,1,Ashton,Bell,ASH-tuhn BEHL,,R,"Deloraine, MB",Manitoba,,"Deloraine, MB, Manitoba","Deloraine, MB",Manitoba,Canada,"Deloraine, MB, Manitoba","5'9""",0,"5-9""",0,,50,Signed,1999-12-07,'99,1999-12-07,5,2,,5,Ottawa Charge,PWHL,21,0,1,D,,50,&nbsp;,"5'9""",0,,NA,Ashton Bell,https://assets.leaguestat.com/pwhl/240x240/50.jpg,NA,6
217,413,1,Taylor,House,TAY-luhr HOUS,,L,"Joliet, IL",IL,,"Joliet, Illinois",Joliet,Illinois,United States,"Joliet, Illinois",5'10,0,5-10,0,,217,Draftee,1998-09-29,'98,1998-09-29,5,2,,5,Ottawa Charge,PWHL,22,0,8,F,,217,&nbsp;,5'10,0,,NA,Taylor House,https://assets.leaguestat.com/pwhl/240x240/217.jpg,NA,6
71,73,1,Jocelyne,Larocque,JOSS-lihn LA-rawk  ,,L,"Ste. Anne, MB",Manitoba,,"Ste. Anne, Manitoba",Ste. Anne,Manitoba,Canada,"Ste. Anne, Manitoba",5'5,0,5-5,0,,71,Signed,1988-05-19,'88,1988-05-19,5,2,,5,Ottawa Charge,PWHL,23,0,1,D,,71,&nbsp;,5'5,0,,NA,Jocelyne Larocque,https://assets.leaguestat.com/pwhl/240x240/71.jpg,NA,6
53,55,1,Emily,Clark, EH-MIH-LEE KLAHRK,,L,"Saskatoon, SK",Saskatchewan,Canada,"Saskatoon, Saskatchewan",Saskatoon,Saskatchewan,Canada,"Saskatoon, Saskatchewan",5'7,0,5-7,0,,53,Signed,1995-11-28,'95,1995-11-28,5,2,,5,Ottawa Charge,PWHL,26,0,8,F,,53,&nbsp;,5'7,0,,NA,Emily Clark,https://assets.leaguestat.com/pwhl/240x240/53.jpg,NA,6
4,6,1,Shiann,Darkangelo,SHIGH-an  DAHRK-an-juh-loh,,L,"Brighton, MI",Michigan,,"Brighton, Michigan",Brighton,Michigan,United States,"Brighton, Michigan","5'11""",0,"5-11""",0,,4,Signed,1993-11-28,'93,1993-11-28,5,2,,5,Ottawa Charge,PWHL,27,0,8,F,,4,&nbsp;,"5'11""",0,,NA,Shiann Darkangelo,https://assets.leaguestat.com/pwhl/240x240/4.jpg,NA,6
193,389,1,Lucy,Morgan,,,,"Mandan, ND",ND,,"Mandan, North Dakota",Mandan,North Dakota,United States,"Mandan, North Dakota",5'7,0,5-7,0,,193,None,2001-08-18,'01,2001-08-18,5,2,,5,Ottawa Charge,PWHL,32,0,7,G,,193,&nbsp;,5'7,0,,NA,Lucy Morgan,https://assets.leaguestat.com/pwhl/240x240/193.jpg,R,6
222,418,1,Gwyneth,Philips,GWIH-nihth FIH-lihps,,,"Athens, OH",OH,,"Athens, Ohio",Athens,Ohio,United States,"Athens, Ohio",5'7,0,5-7,0,,222,Signed,2000-09-17,'00,2000-09-17,5,2,,5,Ottawa Charge,PWHL,33,1,7,G,,222,*,5'7,0,,NA,Gwyneth Philips,https://assets.leaguestat.com/pwhl/240x240/222.jpg,R,6
216,412,1,Logan,Angers, loh-gahn AN-guhrs,,,"Winnipeg, MB",MB,,"Winnipeg, Manitoba",Winnipeg,Manitoba,Canada,"Winnipeg, Manitoba",6'0,0,6-0,0,,216,Signed,2000-01-07,'00,2000-01-07,5,2,,5,Ottawa Charge,PWHL,35,1,7,G,,216,*,6'0,0,,NA,Logan Angers,https://assets.leaguestat.com/pwhl/240x240/216.jpg,R,6
72,74,1,Rebecca,Leslie,RUH-beh-kuh LEHS-lee,,R,"Ottawa, ON",Ontario,,"Ottawa, Ontario",Ottawa,Ontario,Canada,"Ottawa, Ontario",5'6,0,5-6,0,,72,Signed,1996-05-08,'96,1996-05-08,5,2,,5,Ottawa Charge,PWHL,37,0,8,F,,72,&nbsp;,5'6,0,,NA,Rebecca Leslie,https://assets.leaguestat.com/pwhl/240x240/72.jpg,NA,6
59,61,1,Emerance,Maschmeyer,EH-muhr-ehns MASH-my-uhr,,L,"Bruderheim, AB",Alberta,,"Bruderheim, Alberta",Bruderheim,Alberta,Canada,"Bruderheim, Alberta",5'6,0,5-6,0,,59,Signed,1994-10-05,'94,1994-10-05,5,2,,5,Ottawa Charge,PWHL,38,0,7,G,,59,&nbsp;,5'6,0,,NA,Emerance Maschmeyer,https://assets.leaguestat.com/pwhl/240x240/59.jpg,L,6
60,62,1,Jincy,Roese,JIN-see ROWZ,,L,"O'Fallon, MO",Missouri,,"O'Fallon, Missouri ",O'Fallon,Missouri ,United States,"O'Fallon, Missouri ","5'6""",0,"5-6""",0,,60,Signed,1997-05-15,'97,1997-05-15,5,2,,5,Ottawa Charge,PWHL,71,0,1,D,,60,&nbsp;,"5'6""",0,,NA,Jincy Roese,https://assets.leaguestat.com/pwhl/240x240/60.jpg,NA,6
223,419,1,Ronja,Savolainen,ROHN-yah SEH-voh-LIGH-nehn,,L,"Helsinki, FIN",FIN,,"Helsinki, Finland",Helsinki,,Finland,"Helsinki, ",5'10,0,5-10,0,,223,Signed,1997-11-29,'97,1997-11-29,5,2,,5,Ottawa Charge,PWHL,88,0,1,D,,223,&nbsp;,5'10,0,,NA,Ronja Savolainen,https://assets.leaguestat.com/pwhl/240x240/223.jpg,NA,6
224,420,1,Danielle,Serdachny,DAN-yehl suhr-DAK-nee,,R,"Edmonton, AB",AB,,"Edmonton, Alberta",Edmonton,Alberta,Canada,"Edmonton, Alberta","5'9""",0,"5-9""",0,,224,Signed,2001-05-12,'01,2001-05-12,5,2,,5,Ottawa Charge,PWHL,92,1,8,F,,224,*,"5'9""",0,,NA,Danielle Serdachny,https://assets.leaguestat.com/pwhl/240x240/224.jpg,NA,6
221,417,1,Anna,Meixner,AH-NAH mighks-NAH,,L,"Zell Am See, AUT",AUT,,"Zell Am See, Austria",Zell Am See,,Austria,"Zell Am See, ",5'3,0,5-3,0,,221,Signed,1994-06-16,'94,1994-06-16,5,2,,5,Ottawa Charge,PWHL,94,0,8,F,,221,&nbsp;,5'3,0,,NA,Anna Meixner,https://assets.leaguestat.com/pwhl/240x240/221.jpg,NA,6
211,407,1,Raygan,Kirk,ray-GEHN kurk,,,"Ste. Anne, MB",MB,,"Ste. Anne, Manitoba",Ste. Anne,Manitoba,Canada,"Ste. Anne, Manitoba",5'8,0,5-8,0,,211,Signed,2001-03-11,'01,2001-03-11,6,2,,6,Toronto Sceptres,PWHL,1,1,7,G,,211,*,5'8,0,,NA,Raygan Kirk,https://assets.leaguestat.com/pwhl/240x240/211.jpg,L,6
132,165,1,Jessica,Kondas,JEH-sih-KUH KAWN-duhs,,R,"Calgary, AB",,,"Calgary, Alberta",Calgary,Alberta,Canada,"Calgary, Alberta","5'9""",0,"5-9""",0,,132,Camp Invitee,2000-01-03,'00,2000-01-03,6,2,,6,Toronto Sceptres,PWHL,2,0,1,D,,132,&nbsp;,"5'9""",0,,NA,Jessica Kondas,https://assets.leaguestat.com/pwhl/240x240/132.jpg,NA,6
68,70,1,Kali,Flanagan,KAH-lee FLAN-uh-gehn,,R,"Burlington, MA",,,"Burlington, Massachussetts",Burlington,Massachussetts,United States,"Burlington, Massachussetts","5'4""",0,"5-4""",0,,68,Signed,1995-09-19,'95,1995-09-19,6,2,,6,Toronto Sceptres,PWHL,6,0,1,D,,68,&nbsp;,"5'4""",0,,NA,Kali Flanagan,https://assets.leaguestat.com/pwhl/240x240/68.jpg,NA,6
209,405,1,Izzy,Daniel,IH-zee DAN-yuhl,,R,"Minneapolis, MN",MN,,"Minneapolis, Minnesota",Minneapolis,Minnesota,United States,"Minneapolis, Minnesota","5'5""",0,"5-5""",0,,209,Signed,2000-09-29,'00,2000-09-29,6,2,,6,Toronto Sceptres,PWHL,8,1,8,F,,209,*,"5'5""",0,,NA,Izzy Daniel,https://assets.leaguestat.com/pwhl/240x240/209.jpg,NA,6
63,65,1,Daryl,Watts,DAIR-uhl WAHTS,,L,"Toronto, ON",Ontario,,"Toronto, Ontario",Toronto,Ontario,Canada,"Toronto, Ontario","5'6""",0,"5-6""",0,,63,Signed,1999-05-15,'99,1999-05-15,6,2,,6,Toronto Sceptres,PWHL,9,0,8,F,,63,&nbsp;,"5'6""",0,,NA,Daryl Watts,https://assets.leaguestat.com/pwhl/240x240/63.jpg,NA,6
74,76,1,Allie,Munroe,AH-lee MUHN-roh,,L,"Yarmouth, NS",Nova Scotia,,"Yarmouth, Nova Scotia",Yarmouth,Nova Scotia,Canada,"Yarmouth, Nova Scotia","5'6""",0,"5-6""",0,,74,Signed,1997-04-20,'97,1997-04-20,6,2,,6,Toronto Sceptres,PWHL,12,0,1,D,,74,&nbsp;,"5'6""",0,,NA,Allie Munroe,https://assets.leaguestat.com/pwhl/240x240/74.jpg,NA,6
213,409,1,Anneke,Rankila,AH-nik-KUH REHN-kuh-lah,,R,"Lino Lakes, MN",MN,,"Lino Lakes, Minnesota",Lino Lakes,Minnesota,United States,"Lino Lakes, Minnesota",5'10,0,5-10,0,,213,Draftee,1999-11-10,'99,1999-11-10,6,2,,6,Toronto Sceptres,PWHL,13,1,8,F,,213,*,5'10,0,,NA,Anneke Rankila,https://assets.leaguestat.com/pwhl/240x240/213.jpg,NA,6
67,69,1,Renata,Fast,REH-NAH-tuh FAST,,R,"Burlington, ON",Ontario,,"Burlington, Ontario",Burlington,Ontario,Canada,"Burlington, Ontario","5'7""",0,"5-7""",0,,67,Signed,1994-10-06,'94,1994-10-06,6,2,,6,Toronto Sceptres,PWHL,14,0,1,D,,67,&nbsp;,"5'7""",0,,NA,Renata Fast,https://assets.leaguestat.com/pwhl/240x240/67.jpg,NA,6
56,58,1,Savannah,Harmon,SAH-VAHN-UH HAR-mihn,,L,"Downers Grove, IL",Illinois,,"Downers Grove, Illinois",Downers Grove,Illinois,United States,"Downers Grove, Illinois","5'3""",0,"5-3""",0,,56,Signed,1995-10-27,'95,1995-10-27,6,2,,6,Toronto Sceptres,PWHL,15,0,1,D,,56,&nbsp;,"5'3""",0,,NA,Savannah Harmon,https://assets.leaguestat.com/pwhl/240x240/56.jpg,NA,6
61,63,1,Hayley,Scamurra,HAY-LEE SKUH-more-uh,,L,"Buffalo, NY",New York,,"Buffalo, New York",Buffalo,New York,United States,"Buffalo, New York","5'8""",0,"5-8""",0,,61,Signed,1994-12-14,'94,1994-12-14,6,2,,6,Toronto Sceptres,PWHL,16,0,8,F,,61,&nbsp;,"5'8""",0,,NA,Hayley Scamurra,https://assets.leaguestat.com/pwhl/240x240/61.jpg,NA,6
65,67,1,Jesse,Compher,JEH-see KUHM-fuhr,,R,"Northbrook, IL",Illinois,,"Northbrook, Illinois",Northbrook,Illinois,United States,"Northbrook, Illinois","5'8""",0,"5-8""",0,,65,Signed,1999-07-01,'99,1999-07-01,6,2,,6,Toronto Sceptres,PWHL,18,0,8,F,,65,&nbsp;,"5'8""",0,,NA,Jesse Compher,https://assets.leaguestat.com/pwhl/240x240/65.jpg,NA,6
75,77,1,Sarah,Nurse,SAIR-uh NUHRS,,L,"Hamilton, ON",Ontario,,"Hamilton, Ontario",Hamilton,Ontario,Canada,"Hamilton, Ontario",5'7,0,5-7,0,,75,Signed,1995-01-04,'95,1995-01-04,6,2,,6,Toronto Sceptres,PWHL,20,0,8,F,,75,&nbsp;,5'7,0,,NA,Sarah Nurse,https://assets.leaguestat.com/pwhl/240x240/75.jpg,NA,6
66,68,1,Maggie,Connors,MA-gee KAW-nuhrs,,L,"St. John's, NL",Newfoundland,,"St John's, Newfoundland",St John's,Newfoundland,Canada,"St John's, Newfoundland","5'6""",0,"5-6""",0,,66,Signed,2000-10-22,'00,2000-10-22,6,2,,6,Toronto Sceptres,PWHL,22,0,8,F,,66,&nbsp;,"5'6""",0,,NA,Maggie Connors,https://assets.leaguestat.com/pwhl/240x240/66.jpg,NA,6
208,404,1,Megan,Carter,MEH-gan CART-uhr,,L,"Milton, ON",ON,,"Milton, Ontario",Milton,Ontario,Canada,"Milton, Ontario",5'8,0,5-8,0,,208,Signed,2001-05-23,'01,2001-05-23,6,2,,6,Toronto Sceptres,PWHL,23,1,1,D,,208,*,5'8,0,,NA,Megan Carter,https://assets.leaguestat.com/pwhl/240x240/208.jpg,NA,6
100,128,1,Natalie,Spooner,NAH-TAH-LEE SPOO-NER,,R,"Scarborough, ON",Ontario,,"Scarborough, Ontario",Scarborough,Ontario,Canada,"Scarborough, Ontario",5'10,0,5-10,0,,100,Signed,1990-10-17,'90,1990-10-17,6,2,,6,Toronto Sceptres,PWHL,24,0,8,F,,100,&nbsp;,5'10,0,,NA,Natalie Spooner,https://assets.leaguestat.com/pwhl/240x240/100.jpg,NA,6
212,408,1,Laura,Kluge,lohr-UH KLOO-geh,,L,"Berlin, GER",GER,,"Berlin, Germany",Berlin,,Germany,"Berlin, ",5'10,0,5-10,0,,212,Signed,1996-11-06,'96,1996-11-06,6,2,,6,Toronto Sceptres,PWHL,25,0,8,F,,212,&nbsp;,5'10,0,,NA,Laura Kluge,https://assets.leaguestat.com/pwhl/240x240/212.jpg,NA,6
73,75,1,Emma,Maltais,EH-ma MAL-tay,,L,"Burlington, ON",Ontario,,"Burlington, Ontario",Burlington,Ontario,Canada,"Burlington, Ontario","5'3""",0,"5-3""",0,,73,Signed,1999-11-04,'99,1999-11-04,6,2,,6,Toronto Sceptres,PWHL,27,0,8,F,,73,&nbsp;,"5'3""",0,,NA,Emma Maltais,https://assets.leaguestat.com/pwhl/240x240/73.jpg,NA,6
89,108,1,Hannah,Miller,HAN-uh MIH-luhr,,L,"North Vancouver, BC ",British Columbia,,"North Vancouver, British Columbia",North Vancouver,British Columbia,Canada,"North Vancouver, British Columbia",5'9,0,5-9,0,,89,Signed,1996-02-16,'96,1996-02-16,6,2,,6,Toronto Sceptres,PWHL,34,0,8,F,,89,&nbsp;,5'9,0,,NA,Hannah Miller,https://assets.leaguestat.com/pwhl/240x240/89.jpg,NA,6
234,466,1,Kassidy,Sauvé,,,,,,,,,,,,5.09,,5-09,0,,234,Signed,1996-05-19,'96,1996-05-19,6,2,,6,Toronto Sceptres,PWHL,35,1,7,G,,234,*,5.09,,,NA,Kassidy Sauvé,https://lscluster.hockeytech.com/img/nophoto.png,L,6
76,78,1,Blayre,Turnbull,BLEHR TURN-bul,,R,"Stellarton, NS",Nova Scotia,,"Stellarton, Nova Scotia",Stellarton,Nova Scotia,Canada,"Stellarton, Nova Scotia","5'7""",0,"5-7""",0,,76,Signed,1993-07-15,'93,1993-07-15,6,2,,6,Toronto Sceptres,PWHL,40,0,8,F,,76,&nbsp;,"5'7""",0,,NA,Blayre Turnbull,https://assets.leaguestat.com/pwhl/240x240/76.jpg,NA,6
64,66,1,Kristen,Campbell,KRIHS-tehn CAM-behl,,L,"Brandon, MB",Manitoba,,"Brandon, Manitoba",Brandon,Manitoba,Canada,"Brandon, Manitoba",5'10,0,5-10,0,,64,Signed,1997-11-30,'97,1997-11-30,6,2,,6,Toronto Sceptres,PWHL,50,0,7,G,,64,&nbsp;,5'10,0,,NA,Kristen Campbell,https://assets.leaguestat.com/pwhl/240x240/64.jpg,L,6
232,428,1,Rylind,MacKinnon,RIGH-luhnd MUH-kih-nehn,,L,"Cranbrook, BC",,,"Cranbrook, British Columbia",Cranbrook,British Columbia,Canada,"Cranbrook, British Columbia",5'10,0,5-10,0,,232,Signed,2000-03-05,'00,2000-03-05,6,2,,6,Toronto Sceptres,PWHL,55,1,1,D,,232,*,5'10,0,,NA,Rylind MacKinnon,https://assets.leaguestat.com/pwhl/240x240/232.jpg,NA,6
214,410,1,Noemi,Neubauerová,NOH-weh-may NOY-bah-weh-roh-VUH,,R,"Prague, CZE",CZE,,"Prague, Czechia",Prague,,Czechia,"Prague, ","5'8""",0,"5-8""",0,,214,Draftee,1999-12-15,'99,1999-12-15,6,2,,6,Toronto Sceptres,PWHL,61,1,8,F,,214,*,"5'8""",0,,NA,Noemi Neubauerová,https://assets.leaguestat.com/pwhl/240x240/214.jpg,NA,6
86,105,1,Emma,Woods,EH-muh WUDZ,,R,"Burford, ON",Ontario,,"Burford, Ontario",Burford,Ontario,Canada,"Burford, Ontario","5'7""",0,"5-7""",0,,86,Signed,1995-12-18,'95,1995-12-18,6,2,,6,Toronto Sceptres,PWHL,67,0,8,F,,86,&nbsp;,"5'7""",0,,NA,Emma Woods,https://assets.leaguestat.com/pwhl/240x240/86.jpg,NA,6
134,167,1,Carly,Jackson,CAR-lee JAK-sun,,R,"Amherst, NS",,,"Amherst, Nova Scotia",Amherst,Nova Scotia,Canada,"Amherst, Nova Scotia","5'5""",0,"5-5""",0,,134,Signed,1997-06-23,'97,1997-06-23,6,2,,6,Toronto Sceptres,PWHL,70,0,7,G,,134,&nbsp;,"5'5""",0,,NA,Carly Jackson,https://assets.leaguestat.com/pwhl/240x240/134.jpg,L,6
200,396,1,Anna,Kjellbin,,,R,"Göteberg, SWE",SWE,Sweden,"Göteberg, Sweden",Göteberg,,Sweden,"Göteberg, ","5'7""",0,"5-7""",0,,200,None,1994-03-16,'94,1994-03-16,6,2,,6,Toronto Sceptres,PWHL,71,0,1,D,,200,&nbsp;,"5'7""",0,,NA,Anna Kjellbin,https://assets.leaguestat.com/pwhl/240x240/200.jpg,NA,6
210,406,1,Julia,Gosling,JOO-lee-uh GAWZ-lihng,,L,"London, ON",ON,,"London, Ontario",London,Ontario,Canada,"London, Ontario","5'10""",0,"5-10""",0,,210,Signed,2001-02-21,'01,2001-02-21,6,2,,6,Toronto Sceptres,PWHL,88,1,8,F,,210,*,"5'10""",0,,NA,Julia Gosling,https://assets.leaguestat.com/pwhl/240x240/210.jpg,NA,6
52,54,1,Zoe,Boyd, ZOH-ee boy-d,,L,"Caledon East, ON",Ontario,,"Caledon East, Ontario",Caledon East,Ontario,Canada,"Caledon East, Ontario",5'8,0,5-8,0,,52,Signed,2000-08-09,'00,2000-08-09,1,1,*,1,Boston Fleet,PWHL,3,0,1,D,,52,&nbsp;,5'8,0,,NA,Zoe Boyd,https://assets.leaguestat.com/pwhl/240x240/52.jpg,NA,7
12,14,1,Megan,Keller,MEH-GIHN KEH-LER,,L,"Farmington, MI",Michigan,,"Farmington, Michigan",Farmington,Michigan,United States,"Farmington, Michigan",5'11,0,5-11,0,,12,Signed,1996-05-01,'96,1996-05-01,1,1,*,1,Boston Fleet,PWHL,5,0,1,D,,12,&nbsp;,5'11,0,,NA,Megan Keller,https://assets.leaguestat.com/pwhl/240x240/12.jpg,NA,7
182,378,1,Hadley,Hartmetz,HAHD-lee HAHRT-mahtz,,R,"Phoenixville, PA",PA,,"Phoenixville, Pennsylvania",Phoenixville,Pennsylvania,United States,"Phoenixville, Pennsylvania",5'5,0,5-5,0,,182,Signed,2001-03-25,'01,2001-03-25,1,1,*,1,Boston Fleet,PWHL,6,0,1,D,,182,&nbsp;,5'5,0,,NA,Hadley Hartmetz,https://assets.leaguestat.com/pwhl/240x240/182.jpg,NA,7
254,498,1,Mia,Biotti,,,L,"Cambridge, MA",MA,United States,"Cambridge, Massachusetts",Cambridge,Massachusetts,United States,"Cambridge, Massachusetts",,0,,0,,254,Camp Invitee,2002-07-24,'02,2002-07-24,1,2,,1,Boston Fleet,PWHL,7,1,1,D,,254,*,,0,,NA,Mia Biotti,https://assets.leaguestat.com/pwhl/240x240/254.jpg,NA,7
246,486,1,Haley,Winn,,,R,"Rochester, NY",,United States,"Rochester, New York ",Rochester,New York ,United States,"Rochester, New York ",5'6,0,5-6,0,,246,Signed,2003-07-14,'03,2003-07-14,1,2,,1,Boston Fleet,PWHL,8,1,1,D,,246,*,5'6,0,,NA,Haley Winn,https://assets.leaguestat.com/pwhl/240x240/246.jpg,NA,7
18,20,1,Sophie,Shirley,SO-FEE SHUHR-lee,,R,"Saskatoon, SK",Saskatchewan,,"Saskatoon, Saskatchewan",Saskatoon,Saskatchewan,Canada,"Saskatoon, Saskatchewan",5'9,0,5-9,0,,18,Signed,1999-06-30,'99,1999-06-30,1,1,*,1,Boston Fleet,PWHL,9,0,8,F,,18,&nbsp;,5'9,0,,NA,Sophie Shirley,https://assets.leaguestat.com/pwhl/240x240/18.jpg,NA,7
15,17,1,Alina,Müller,AH-lee-na MEW-LER,,L,"Winterthur, SWI",SWI,Switzerland,"Winterthur, Switzerland",Winterthur,,Switzerland,"Winterthur, ",5'5,0,5-5,0,,15,Signed,1998-03-12,'98,1998-03-12,1,1,*,1,Boston Fleet,PWHL,11,0,8,F,,15,&nbsp;,5'5,0,,NA,Alina Müller,https://assets.leaguestat.com/pwhl/240x240/15.jpg,NA,7
97,125,1,Liz,Schepers,LIHZ SHEH-puhrs,,L,"Mound, MN",Minnesota,,"Mound , Minnesota",Mound ,Minnesota,United States,"Mound , Minnesota",5'7,0,5-7,0,,97,Signed,1999-02-13,'99,1999-02-13,1,1,*,1,Boston Fleet,PWHL,13,0,8,F,,97,&nbsp;,5'7,0,,NA,Liz Schepers,https://assets.leaguestat.com/pwhl/240x240/97.jpg,NA,7
256,500,1,Olivia,Mobley,,,R,"St. Louis Park, MN",MN,United States,"St. Louis Park, Minnesota",St. Louis Park,Minnesota,United States,"St. Louis Park, Minnesota",,0,,0,,256,Draftee,2001-10-28,'01,2001-10-28,1,2,,1,Boston Fleet,PWHL,15,1,4,C,,256,*,,0,,NA,Olivia Mobley,https://assets.leaguestat.com/pwhl/240x240/256.jpg,NA,7
255,499,1,Riley,Brengman,,,R,"China Township, MI",MI,United States,"China Township, Michigan",China Township,Michigan,United States,"China Township, Michigan",,0,,0,,255,Draftee,2002-07-06,'02,2002-07-06,1,2,,1,Boston Fleet,PWHL,16,1,6,RD,,255,*,,0,,NA,Riley Brengman,https://assets.leaguestat.com/pwhl/240x240/255.jpg,NA,7
17,19,1,Theresa,Schafzahl,TUH-reh-zuh SHAWF-zahl,,L,"Weiz, AUT",AUT,,"Weiz, Austria",Weiz,,Austria,"Weiz, ",5'8,0,5-8,0,,17,Signed,2000-04-12,'00,2000-04-12,1,1,*,1,Boston Fleet,PWHL,17,0,8,F,,17,&nbsp;,5'8,0,,NA,Theresa Schafzahl,https://assets.leaguestat.com/pwhl/240x240/17.jpg,NA,7
259,503,1,Abby,Newhook,,,R,"St John's, NL",NL,Canada,"St John's, Newfoundland",St John's,Newfoundland,Canada,"St John's, Newfoundland",,0,,0,,259,Draftee,2003-05-13,'03,2003-05-13,1,2,,1,Boston Fleet,PWHL,19,1,4,C,,259,*,,0,,NA,Abby Newhook,https://assets.leaguestat.com/pwhl/240x240/259.jpg,NA,7
1,3,1,Hannah,Brandt,HA-nuh BRAN-T,,R,"Vadnais Heights, MN",Minnesota,,"Vadnais Heights, Minnesota",Vadnais Heights,Minnesota,United States,"Vadnais Heights, Minnesota",5'6,0,5-6,0,,1,Signed,1993-11-27,'93,1993-11-27,1,1,*,1,Boston Fleet,PWHL,20,0,8,F,,1,&nbsp;,5'6,0,,NA,Hannah Brandt,https://assets.leaguestat.com/pwhl/240x240/1.jpg,NA,7
257,501,1,Olivia,Muhn,,,R,"Burlington, ON",ON,Canada,"Burlington, Ontario",Burlington,Ontario,Canada,"Burlington, Ontario",,0,,0,,257,Camp Invitee,2003-06-25,'03,2003-06-25,1,2,,1,Boston Fleet,PWHL,23,1,6,RD,,257,*,,0,,NA,Olivia Muhn,https://lscluster.hockeytech.com/img/nophoto.png,NA,7
212,408,1,Laura,Kluge,lohr-UH KLOO-geh,,L,"Berlin, GER",GER,,"Berlin, Germany",Berlin,,Germany,"Berlin, ",5'10,0,5-10,0,,212,Signed,1996-11-06,'96,1996-11-06,1,1,*,1,Boston Fleet,PWHL,25,0,8,F,,212,&nbsp;,5'10,0,,NA,Laura Kluge,https://assets.leaguestat.com/pwhl/240x240/212.jpg,NA,7
243,483,1,Ella,Huber,,,L,"Northfield, IL",,,"Northfield, Illinois",Northfield,Illinois,United States,"Northfield, Illinois",5'5,0,5-5,0,,243,Signed,2002-12-18,'02,2002-12-18,1,2,,1,Boston Fleet,PWHL,26,1,8,F,,243,*,5'5,0,,NA,Ella Huber,https://assets.leaguestat.com/pwhl/240x240/243.jpg,NA,7
183,379,1,Shay,Maloney,SHAY muh-LOW-nee,,R,"McHenry, IL",IL,,"McHenry, Illinois",McHenry,Illinois,United States,"McHenry, Illinois",5'9,0,5-9,0,,183,Signed,2000-01-13,'00,2000-01-13,1,1,*,1,Boston Fleet,PWHL,27,0,8,F,,183,&nbsp;,5'9,0,,NA,Shay Maloney,https://assets.leaguestat.com/pwhl/240x240/183.jpg,NA,7
262,506,1,Amanda,Thiele,,,L,"Milford, MI",MI,United States,"Milford, Michigan",Milford,Michigan,United States,"Milford, Michigan",,0,,0,,262,Draftee,2002-07-30,'02,2002-07-30,1,2,,1,Boston Fleet,PWHL,30,1,7,G,,262,*,,0,,NA,Amanda Thiele,https://assets.leaguestat.com/pwhl/240x240/262.jpg,L,7
6,8,1,Aerin,Frankel,AIR-IN FRANK-uhl,,L,"Chappaqua, NY",New York,,"Chappaqua, New York",Chappaqua,New York,United States,"Chappaqua, New York",5'5,0,5-5,0,,6,Signed,1999-05-24,'99,1999-05-24,1,1,*,1,Boston Fleet,PWHL,31,0,7,G,,6,&nbsp;,5'5,0,,NA,Aerin Frankel,https://assets.leaguestat.com/pwhl/240x240/6.jpg,L,7
260,504,1,Kaitlyn,Ross,,,L,"Red Cliff, AB",AB,Canada,"Red Cliff, Alberta",Red Cliff,Alberta,Canada,"Red Cliff, Alberta",5'7,0,5-7,0,,260,Signed,2001-06-12,'01,2001-06-12,1,2,,1,Boston Fleet,PWHL,32,1,7,G,,260,*,5'7,0,,NA,Kaitlyn Ross,https://lscluster.hockeytech.com/img/nophoto.png,L,7
8,10,1,Loren,Gabel,LOR-en GAY-buhl,,L,"Kitchener, ON",Ontario,,"Kitchener, Ontario",Kitchener,Ontario,Canada,"Kitchener, Ontario",5'4,0,5-4,0,,8,Signed,1997-07-24,'97,1997-07-24,1,1,*,1,Boston Fleet,PWHL,36,0,8,F,,8,&nbsp;,5'4,0,,NA,Loren Gabel,https://assets.leaguestat.com/pwhl/240x240/8.jpg,NA,7
41,43,1,Abbey,Levy,AH-BEE LEE-vee,,L,"Congers, NY",New York,,"Congers, New York",Congers,New York,United States,"Congers, New York",6'1,0,6-1,0,,41,Signed,2000-04-02,'00,2000-04-02,1,1,*,1,Boston Fleet,PWHL,39,0,7,G,,41,&nbsp;,6'1,0,,NA,Abbey Levy,https://assets.leaguestat.com/pwhl/240x240/41.jpg,L,7
149,182,1,Jill,Saulnier,JIHL SAWN-yeigh ,,L,"Halifax, NS",,,"Halifax, Nova Scotia",Halifax,Nova Scotia,Canada,"Halifax, Nova Scotia",5'5,0,5-5,0,,149,Signed,1992-03-07,'92,1992-03-07,1,1,*,1,Boston Fleet,PWHL,44,0,8,F,,149,&nbsp;,5'5,0,,NA,Jill Saulnier,https://assets.leaguestat.com/pwhl/240x240/149.jpg,NA,7
16,18,1,Jamie Lee,Rattray,JAY-mee LEE RAH-tray,,L,"Kanata, ON",Ontario,,"Kanata, Ontario",Kanata,Ontario,Canada,"Kanata, Ontario",5'6,0,5-6,0,,16,Signed,1992-09-30,'92,1992-09-30,1,1,*,1,Boston Fleet,PWHL,47,0,8,F,,16,&nbsp;,5'6,0,,NA,Jamie Lee Rattray,https://assets.leaguestat.com/pwhl/240x240/16.jpg,NA,7
232,428,1,Rylind,MacKinnon,RIGH-luhnd MUH-kih-nehn,,L,"Cranbrook, BC",,,"Cranbrook, British Columbia",Cranbrook,British Columbia,Canada,"Cranbrook, British Columbia",5'10,0,5-10,0,,232,Signed,2000-03-05,'00,2000-03-05,1,1,*,1,Boston Fleet,PWHL,53,0,1,D,,232,&nbsp;,5'10,0,,NA,Rylind MacKinnon,https://assets.leaguestat.com/pwhl/240x240/232.jpg,NA,7
185,381,1,Daniela,Pejšová,DAN-yehl-UH  pay-SHOH-vuh,,L,"Teplice, CZE",CZE,,"Teplice, Czechia",Teplice,,Czechia,"Teplice, ",5'8,0,5-8,0,,185,Signed,2002-08-14,'02,2002-08-14,1,1,*,1,Boston Fleet,PWHL,55,0,1,D,,185,&nbsp;,5'8,0,,NA,Daniela Pejšová,https://assets.leaguestat.com/pwhl/240x240/185.jpg,NA,7
46,48,1,Olivia,Zafuto,UH-lihv-ee-uh ZUH-foo-tow ,,L,"Niagara Falls, NY",New York,,"Niagara Falls, New York",Niagara Falls,New York,United States,"Niagara Falls, New York",5'6,0,5-6,0,,46,Camp Invitee,1997-01-25,'97,1997-01-25,1,1,*,1,Boston Fleet,PWHL,73,0,5,LD,,46,&nbsp;,5'6,0,,NA,Olivia Zafuto,https://assets.leaguestat.com/pwhl/240x240/46.jpg,NA,7
78,95,1,Susanna,Tapani,SOO-zan-uh TAH-pah-nee,,L,"Turku, FIN",Finland,,"Turku, Finland",Turku,,Finland,"Turku, ",5'10,0,5-10,0,,78,Signed,1993-03-02,'93,1993-03-02,1,1,*,1,Boston Fleet,PWHL,77,0,8,F,,78,&nbsp;,5'10,0,,NA,Susanna Tapani,https://assets.leaguestat.com/pwhl/240x240/78.jpg,NA,7
33,35,0,Chloé,Aurard-Bushee,CLOH-ee OH-rahrd,,L,"Villard-de-Lans, FRA",FRA,France,"Villard-de-Lans, France",Villard-de-Lans,,France,"Villard-de-Lans, ",5'6,0,5-6,0,,33,Signed,1999-03-15,'99,1999-03-15,1,1,*,1,Boston Fleet,PWHL,12,0,8,F,,33,&nbsp;,5'6,0,,NA,Chloé Aurard-Bushee,https://assets.leaguestat.com/pwhl/240x240/33.jpg,NA,7
175,369,0,Kelly,Babstock,KEH-lee BAHB-stawk,,R,"Mississauga, ON",ON,,"Mississauga, Ontario",Mississauga,Ontario,Canada,"Mississauga, Ontario",5'5,0,5-5,0,,175,Camp Invitee,1992-08-04,'92,1992-08-04,1,1,*,1,Boston Fleet,PWHL,88,0,2,RW,,175,&nbsp;,5'5,0,,NA,Kelly Babstock,https://assets.leaguestat.com/pwhl/240x240/175.jpg,NA,7
166,201,1,Marlène,Boissonnault,,,L,"Dundee, NB",NB,Canada,"Dundee, New Brunswick",Dundee,New Brunswick,Canada,"Dundee, New Brunswick",,0,,0,,166,None,1997-06-19,'97,1997-06-19,2,2,,2,Minnesota Frost,PWHL,1,0,7,G,,166,&nbsp;,,0,,NA,Marlène Boissonnault,https://assets.leaguestat.com/pwhl/240x240/166.jpg,L,7
24,26,1,Lee,Stecklein,LEE STEHK-lighn,,L,"Roseville, MN",Minnesota,,"Roseville , Minnesota",Roseville ,Minnesota,United States,"Roseville , Minnesota","6'0""",0,"6-0""",0,,24,None,1994-04-23,'94,1994-04-23,2,2,,2,Minnesota Frost,PWHL,2,0,1,D,,24,&nbsp;,"6'0""",0,,NA,Lee Stecklein,https://assets.leaguestat.com/pwhl/240x240/24.jpg,NA,7
265,509,1,Alyssa,Machado,,,R,"Mississauga, ON",ON,Canada,"Mississauga, ON",Mississauga,ON,Canada,"Mississauga, ON",,0,,0,,265,None,2001-03-02,'01,2001-03-02,2,2,,2,Minnesota Frost,PWHL,3,1,8,F,,265,*,,0,,NA,Alyssa Machado,https://lscluster.hockeytech.com/img/nophoto.png,NA,7
236,475,1,Kendall,Cooper,,,R,"Oakville, ON",,Canada,"Oakville, Ontario",Oakville,Ontario,Canada,"Oakville, Ontario","5'0""",0,"5-0""",0,,236,None,2002-05-19,'02,2002-05-19,2,2,,2,Minnesota Frost,PWHL,4,1,1,D,,236,*,"5'0""",0,,NA,Kendall Cooper,https://assets.leaguestat.com/pwhl/240x240/236.jpg,NA,7
167,202,1,Sidney,Morin,SIHD-nee MOHR-ihn,,R,"Minnetonka, MN",,,"Minnetonka, Minnesota",Minnetonka,Minnesota,United States,"Minnetonka, Minnesota",5'5,0,5-5,0,,167,Signed,1995-06-06,'95,1995-06-06,2,2,,2,Minnesota Frost,PWHL,5,0,1,D,,167,&nbsp;,5'5,0,,NA,Sidney Morin,https://assets.leaguestat.com/pwhl/240x240/167.jpg,NA,7
191,387,1,Katy,Knoll,,,R,"Amherst, NY",NY,,"Amherst, New York",Amherst,New York,United States,"Amherst, New York","5'7""",0,"5-7""",0,,191,Signed,2001-01-16,'01,2001-01-16,2,2,,2,Minnesota Frost,PWHL,6,1,8,F,,191,*,"5'7""",0,,NA,Katy Knoll,https://assets.leaguestat.com/pwhl/240x240/191.jpg,NA,7
102,132,1,Claire,Butorac, KLEHR BOO-TOH-rack,,R,"Andover, MN",MN,,"Andover, Minnesota",Andover,Minnesota,United States,"Andover, Minnesota",5'6,0,5-6,0,,102,Signed,1999-09-24,'99,1999-09-24,2,2,,2,Minnesota Frost,PWHL,7,0,8,F,,102,&nbsp;,5'6,0,,NA,Claire Butorac,https://assets.leaguestat.com/pwhl/240x240/102.jpg,NA,7
162,197,1,Madison,Bizal,,,L,"Elk River, MN",USA,,,,,,,,0,,0,,162,Camp Invitee,2000-01-25,'00,2000-01-25,2,2,,2,Minnesota Frost,PWHL,9,1,1,D,,162,*,,0,,NA,Madison Bizal,https://assets.leaguestat.com/pwhl/240x240/162.jpg,NA,7
194,390,1,Kaitlyn,O'Donohoe,,,R,"Atlanta, GA",USA,,"Atlanta, Georgia",Atlanta,Georgia,United States,"Atlanta, Georgia",5'7,0,5-7,0,,194,None,2001-09-20,'01,2001-09-20,2,2,,2,Minnesota Frost,PWHL,11,1,8,F,,194,*,5'7,0,,NA,Kaitlyn O'Donohoe,https://assets.leaguestat.com/pwhl/240x240/194.jpg,NA,7
23,25,1,Kelly,Pannek,KEH-LEE PAH-nehk,,R,"Plymouth, MN",Minnesota,,"Plymouth, Minnesota",Plymouth,Minnesota,United States,"Plymouth, Minnesota","5'7""",0,"5-7""",0,,23,None,1995-12-29,'95,1995-12-29,2,2,,2,Minnesota Frost,PWHL,12,0,8,F,,23,&nbsp;,"5'7""",0,,NA,Kelly Pannek,https://assets.leaguestat.com/pwhl/240x240/23.jpg,NA,7
25,27,1,Grace,Zumwinkle,GRAYS ZUHM-wihnk-uhl,,R,"Excelsior, MN",Minnesota,,"Excelsior, Minnesota",Excelsior,Minnesota,United States,"Excelsior, Minnesota","5'9""",0,"5-9""",0,,25,None,1999-04-23,'99,1999-04-23,2,1,*,2,Minnesota Frost,PWHL,13,0,8,F,,25,&nbsp;,"5'9""",0,,NA,Grace Zumwinkle,https://assets.leaguestat.com/pwhl/240x240/25.jpg,NA,7
195,391,1,Dominique,Petrie,,,R,"Hermosa Beach, CA",CA,,"Hermosa Beach, California",Hermosa Beach,California,United States,"Hermosa Beach, California",5'7,0,5-7,0,,195,Signed,2001-01-21,'01,2001-01-21,2,2,,2,Minnesota Frost,PWHL,14,1,8,F,,195,*,5'7,0,,NA,Dominique Petrie,https://assets.leaguestat.com/pwhl/240x240/195.jpg,NA,7
264,508,1,Brooke,Becker,,,R,"Orchard Park, NY",NY,United States,"Orchard Park, NY",Orchard Park,NY,United States,"Orchard Park, NY",,0,,0,,264,None,2002-05-30,'02,2002-05-30,2,2,,2,Minnesota Frost,PWHL,15,1,1,D,,264,*,,0,,NA,Brooke Becker,https://assets.leaguestat.com/pwhl/240x240/264.jpg,NA,7
267,511,1,Ava,Rinker,,,R,"Elverson, PA",PA,United States,"Elverson, PA",Elverson,PA,United States,"Elverson, PA",,0,,0,,267,None,2002-11-25,'02,2002-11-25,2,2,,2,Minnesota Frost,PWHL,17,1,1,D,,267,*,,0,,NA,Ava Rinker,https://assets.leaguestat.com/pwhl/240x240/267.jpg,NA,7
266,510,1,Madison,Mashuga,,,L,"Andover, MN",MN,United States,"Andover, MN",Andover,MN,United States,"Andover, MN",,0,,0,,266,None,2001-12-18,'01,2001-12-18,2,2,,2,Minnesota Frost,PWHL,20,1,8,F,,266,*,,0,,NA,Madison Mashuga,https://lscluster.hockeytech.com/img/nophoto.png,NA,7
188,384,1,Mae,Batherson,May BATH-ur-son,,L,"New Minas, NS",NS,,"New Minas , Nova Scotia",New Minas ,Nova Scotia,Canada,"New Minas , Nova Scotia",5'8,0,5-8,0,,188,Signed,2000-12-05,'00,2000-12-05,2,2,,2,Minnesota Frost,PWHL,21,1,1,D,,188,*,5'8,0,,NA,Mae Batherson,https://assets.leaguestat.com/pwhl/240x240/188.jpg,NA,7
90,118,1,Natalie,Buchbinder,NAH-tuh-lee book-BIGHN-der,,R,"Fairport, NY",New York,,"Fairport, New York",Fairport,New York,United States,"Fairport, New York","5'8""",0,"5-8""",0,,90,None,1999-01-22,'99,1999-01-22,2,2,,2,Minnesota Frost,PWHL,22,0,1,D,,90,&nbsp;,"5'8""",0,,NA,Natalie Buchbinder,https://assets.leaguestat.com/pwhl/240x240/90.jpg,NA,7
268,512,1,Cameron,Sikich,,,L,"Thornhill, ON",ON,Canada,"Thornhill, ON",Thornhill,ON,Canada,"Thornhill, ON",,0,,0,,268,None,2003-06-09,'03,2003-06-09,2,2,,2,Minnesota Frost,PWHL,23,1,1,D,,268,*,,0,,NA,Cameron Sikich,https://lscluster.hockeytech.com/img/nophoto.png,NA,7
269,513,1,Vanessa,Upson,,,L,"Stoney Creek, ON",ON,Canada,"Stoney Creek,, ON","Stoney Creek,",ON,Canada,"Stoney Creek,, ON",,0,,0,,269,None,2003-11-18,'03,2003-11-18,2,2,,2,Minnesota Frost,PWHL,24,1,8,F,,269,*,,0,,NA,Vanessa Upson,https://assets.leaguestat.com/pwhl/240x240/269.jpg,NA,7
20,22,1,Kendall,Coyne Schofield,KEHN-duhl KOIN SKOH-feeld,,L,"Palos Heights, IL",Illinois,,"Palos Heights, Illinois",Palos Heights,Illinois,United States,"Palos Heights, Illinois",5'2,0,5-2,0,,20,None,1992-05-25,'92,1992-05-25,2,2,,2,Minnesota Frost,PWHL,26,0,8,F,,20,&nbsp;,5'2,0,,NA,Kendall Coyne Schofield,https://assets.leaguestat.com/pwhl/240x240/20.jpg,NA,7
21,23,1,Taylor,Fox,TAY-luhr HIGH-zee,,R,"Lake City, MN",Minnesota,,"Lake City, Minnesota",Lake City,Minnesota,United States,"Lake City, Minnesota",5'10,0,5-10,0,,21,None,2000-03-17,'00,2000-03-17,2,1,*,2,Minnesota Frost,PWHL,27,0,8,F,,21,&nbsp;,5'10,0,,NA,Taylor Fox,https://assets.leaguestat.com/pwhl/240x240/21.jpg,NA,7
22,24,1,Nicole,Hensley,NIHK-ohl HEHNZ-lee,,L,"Lakewood, CO",Colorado,,"Lakewood, Colorado",Lakewood,Colorado,United States,"Lakewood, Colorado",5'7,0,5-7,0,,22,None,1994-06-23,'94,1994-06-23,2,2,,2,Minnesota Frost,PWHL,29,0,7,G,,22,&nbsp;,5'7,0,,NA,Nicole Hensley,https://assets.leaguestat.com/pwhl/240x240/22.jpg,L,7
123,153,1,Maddie,Rooney,MAD-dee ROO-nee,,R,"Andover, MN",,,"Andover, Minnesota",Andover,Minnesota,United States,"Andover, Minnesota","5'5""",0,"5-5""",0,,123,None,1997-07-07,'97,1997-07-07,2,2,,2,Minnesota Frost,PWHL,35,0,7,G,,123,&nbsp;,"5'5""",0,,NA,Maddie Rooney,https://assets.leaguestat.com/pwhl/240x240/123.jpg,L,7
104,134,1,Denisa,Křížová,DUH-nee-SAH SHISH-uh-vuh,,L,"Horní Cerekev, CZE",CZE,,"Horni Cerekev, Czechia, Czechia",Horni Cerekev,Czechia,Czechia,"Horni Cerekev, Czechia","5'5""",0,"5-5""",0,,104,Camp Invitee,1994-11-03,'94,1994-11-03,2,1,*,2,Minnesota Frost,PWHL,41,0,8,F,,104,&nbsp;,"5'5""",0,,NA,Denisa Křížová,https://assets.leaguestat.com/pwhl/240x240/104.jpg,NA,7
248,488,1,Anna,Segedi,,,L,"Commerce Township, MI",,United States,"Commerce Township , Michigan",Commerce Township ,Michigan,United States,"Commerce Township , Michigan",5'5,0,5-5,0,,248,Signed,2000-12-20,'00,2000-12-20,2,2,,2,Minnesota Frost,PWHL,51,1,8,F,,248,*,5'5,0,,NA,Anna Segedi,https://assets.leaguestat.com/pwhl/240x240/248.jpg,NA,7
190,386,1,Klára,Hymlárová,,,L,"Opava, CZE",CZE,,"Opava, Czechia",Opava,,Czechia,"Opava, ",5'5,0,5-5,0,,190,None,1999-02-27,'99,1999-02-27,2,2,,2,Minnesota Frost,PWHL,71,1,8,F,,190,*,5'5,0,,NA,Klára Hymlárová,https://assets.leaguestat.com/pwhl/240x240/190.jpg,NA,7
247,487,1,Abby,Hustler,,,L,"St. Louis, PEI",,Canada,"St. Louis, Prince Edward Island",St. Louis,Prince Edward Island,Canada,"St. Louis, Prince Edward Island",5'9,0,5-9,0,,247,Signed,2003-05-05,'03,2003-05-05,2,2,,2,Minnesota Frost,PWHL,74,1,8,F,,247,*,5'9,0,,NA,Abby Hustler,https://assets.leaguestat.com/pwhl/240x240/247.jpg,NA,7
189,385,1,Britta,Curl-Salemme,Britt—UH Curl Suh-LEMM-ee,,L,"Bismarck, ND",ND,,"Bismarck, North Dakota",Bismarck,North Dakota,United States,"Bismarck, North Dakota",5'9,0,5-9,0,,189,None,2000-03-20,'00,2000-03-20,2,2,,2,Minnesota Frost,PWHL,77,1,8,F,,189,*,5'9,0,,NA,Britta Curl-Salemme,https://assets.leaguestat.com/pwhl/240x240/189.jpg,NA,7
263,507,1,Peyton,Anderson,,,L,"Arvada, CO",CO,United States,"Arvada, CO",Arvada,CO,United States,"Arvada, CO",,0,,0,,263,None,2001-04-18,'01,2001-04-18,2,2,,2,Minnesota Frost,PWHL,91,1,8,F,,263,*,,0,,NA,Peyton Anderson,https://assets.leaguestat.com/pwhl/240x240/263.jpg,NA,7
270,514,1,Megan,Warrener,,,L,"Stoney Creek, ON",ON ,Canada,"Stoney Creek , Ontario",Stoney Creek ,Ontario,Canada,"Stoney Creek , Ontario",5'6'',0,5-,0,,270,None,2003-07-03,'03,2003-07-03,3,2,,3,Montréal Victoire,PWHL,1,1,7,G,,270,*,5'6'',0,,NA,Megan Warrener,https://assets.leaguestat.com/pwhl/240x240/270.jpg,L,7
273,517,1,Maya,Labad,,,L,"Mascouche, QC",QC,Canada,"Mascouche, Quebec",Mascouche,Quebec,Canada,"Mascouche, Quebec",5'7'',0,5-,0,,273,None,2002-05-07,'02,2002-05-07,3,2,,3,Montréal Victoire,PWHL,4,1,8,F,,273,*,5'7'',0,,NA,Maya Labad,https://assets.leaguestat.com/pwhl/240x240/273.jpg,NA,7
32,34,1,Laura,Stacey,STAY-see,,R,"Kleinburg, ON",Ontario,,"Kleinburg, Ontario",Kleinburg,Ontario,Canada,"Kleinburg, Ontario","5'10""",0,"5-10""",0,,32,None,1994-05-05,'94,1994-05-05,3,2,,3,Montréal Victoire,PWHL,7,0,8,F,,32,&nbsp;,"5'10""",0,,NA,Laura Stacey,https://assets.leaguestat.com/pwhl/240x240/32.jpg,NA,7
84,103,1,Kati,Tabin,,,L,"Winnipeg, MB",Manitoba,,"Winnipeg, Manitoba",Winnipeg,Manitoba,Canada,"Winnipeg, Manitoba","5'8""",0,"5-8""",0,,84,None,1997-04-21,'97,1997-04-21,3,2,,3,Montréal Victoire,PWHL,9,0,1,D,,84,&nbsp;,"5'8""",0,,NA,Kati Tabin,https://assets.leaguestat.com/pwhl/240x240/84.jpg,NA,7
42,44,1,Abby,Roque,AH-bee rawk,,R,"Sault Ste. Marie, MI",Michigan,,"Sault Ste. Marie, Michigan",Sault Ste. Marie,Michigan,United States,"Sault Ste. Marie, Michigan","5'7""",0,"5-7""",0,,42,Signed,1997-09-25,'97,1997-09-25,3,2,,3,Montréal Victoire,PWHL,11,0,8,F,,42,&nbsp;,"5'7""",0,,NA,Abby Roque,https://assets.leaguestat.com/pwhl/240x240/42.jpg,NA,7
271,515,1,Tamara,Giaquinto,,,R,"Toronto, ON",,Canada,"Toronto, Ontario",Toronto,Ontario,Canada,"Toronto, Ontario",5'6'',0,5-,0,,271,None,2002-03-29,'02,2002-03-29,3,2,,3,Montréal Victoire,PWHL,12,1,1,D,,271,*,5'6'',0,,NA,Tamara Giaquinto,https://assets.leaguestat.com/pwhl/240x240/271.jpg,NA,7
39,41,1,Alexandra,Labelle,,,L,"St-Louis-de-Gonzague, QC",,Canada,"St-Louis-de-Gonzague, QC, Québec","St-Louis-de-Gonzague, QC",Québec,Canada,"St-Louis-de-Gonzague, QC, Québec",5'7,0,5-7,0,,39,None,1996-02-27,'96,1996-02-27,3,2,,3,Montréal Victoire,PWHL,13,0,8,F,,39,&nbsp;,5'7,0,,NA,Alexandra Labelle,https://assets.leaguestat.com/pwhl/240x240/39.jpg,NA,7
276,520,1,Claire,Vekich,,,R,"Coleraine, MN",,United States,"Coleraine, Minnesota",Coleraine,Minnesota,United States,"Coleraine, Minnesota",5'10'',0,5-,0,,276,None,2002-11-26,'02,2002-11-26,3,2,,3,Montréal Victoire,PWHL,15,1,8,F,,276,*,5'10'',0,,NA,Claire Vekich,https://assets.leaguestat.com/pwhl/240x240/276.jpg,NA,7
61,63,1,Hayley,Scamurra,HAY-LEE SKUH-more-uh,,L,"Buffalo, NY",New York,,"Buffalo, New York",Buffalo,New York,United States,"Buffalo, New York","5'8""",0,"5-8""",0,,61,Signed,1994-12-14,'94,1994-12-14,3,2,,3,Montréal Victoire,PWHL,16,0,8,F,,61,&nbsp;,"5'8""",0,,NA,Hayley Scamurra,https://assets.leaguestat.com/pwhl/240x240/61.jpg,NA,7
199,395,1,Dara,Greig,,,L,"Camden, NJ",NJ,,"Camden, New Jersey",Camden,New Jersey,United States,"Camden, New Jersey",5'7'',0,5-,0,,199,None,2000-12-30,'00,2000-12-30,3,1,*,3,Montréal Victoire,PWHL,17,0,8,F,,199,&nbsp;,5'7'',0,,NA,Dara Greig,https://assets.leaguestat.com/pwhl/240x240/199.jpg,NA,7
128,161,1,Kaitlin,Willoughby,KAYT-LIHN WILL-oh-bee ,,R,"Prince Albert, SK",,,"Prince Albert, Saskatchewan",Prince Albert,Saskatchewan,Canada,"Prince Albert, Saskatchewan","5'6""",0,"5-6""",0,,128,Camp Invitee,1995-03-26,'95,1995-03-26,3,2,,3,Montréal Victoire,PWHL,19,0,8,F,,128,&nbsp;,"5'6""",0,,NA,Kaitlin Willoughby,https://assets.leaguestat.com/pwhl/240x240/128.jpg,NA,7
98,126,1,Maureen,Murphy,,,R,"Buffalo, NY",New York,,"Buffalo, New York",Buffalo,New York,United States,"Buffalo, New York",5'4,0,5-4,0,,98,None,1999-12-15,'99,1999-12-15,3,1,*,3,Montréal Victoire,PWHL,21,0,8,F,,98,&nbsp;,5'4,0,,NA,Maureen Murphy,https://assets.leaguestat.com/pwhl/240x240/98.jpg,NA,7
5,7,1,Jessica,DiGirolamo,JESS-IH-KAH DEE-JER-RAWL-AH-MOH,,L,"Mississauga, ON",Ontario,,"Mississauga, Ontario",Mississauga,Ontario,Canada,"Mississauga, Ontario",5'9'',0,5-,0,,5,Signed,1999-02-13,'99,1999-02-13,3,2,,3,Montréal Victoire,PWHL,22,0,1,D,,5,&nbsp;,5'9'',0,,NA,Jessica DiGirolamo,https://assets.leaguestat.com/pwhl/240x240/5.jpg,NA,7
83,102,1,Erin,Ambrose,,,R,"Keswick, ON",Ontario,,"Keswick, Ontario",Keswick,Ontario,Canada,"Keswick, Ontario","5'5""",0,"5-5""",0,,83,None,1994-04-30,'94,1994-04-30,3,2,,3,Montréal Victoire,PWHL,23,0,1,D,,83,&nbsp;,"5'5""",0,,NA,Erin Ambrose,https://assets.leaguestat.com/pwhl/240x240/83.jpg,NA,7
201,397,1,Lina,Ljungblom,,,L,"Skövde, SWE",SWE,Sweden,"Skövde, Sweden",Skövde,,Sweden,"Skövde, ",5'9,0,5-9,0,,201,None,2001-10-15,'01,2001-10-15,3,2,,3,Montréal Victoire,PWHL,25,0,8,F,,201,&nbsp;,5'9,0,,NA,Lina Ljungblom,https://assets.leaguestat.com/pwhl/240x240/201.jpg,NA,7
4,6,1,Shiann,Darkangelo,SHIGH-an  DAHRK-an-juh-loh,,L,"Brighton, MI",Michigan,,"Brighton, Michigan",Brighton,Michigan,United States,"Brighton, Michigan","5'11""",0,"5-11""",0,,4,Signed,1993-11-28,'93,1993-11-28,3,2,,3,Montréal Victoire,PWHL,27,0,8,F,,4,&nbsp;,"5'11""",0,,NA,Shiann Darkangelo,https://assets.leaguestat.com/pwhl/240x240/4.jpg,NA,7
35,37,1,Jade,Downie-Landry,JAYD DOW-nee LAN-dree,,L,"St-Jean-sur-Richelieu, QC",Quebec,Canada,"St-Jean-sur-Richelieu, QC, Québec","St-Jean-sur-Richelieu, QC",Québec,Canada,"St-Jean-sur-Richelieu, QC, Québec",5'9,0,5-9,0,,35,Signed,1995-10-03,'95,1995-10-03,3,2,,3,Montréal Victoire,PWHL,27,0,8,F,,35,&nbsp;,5'9,0,,NA,Jade Downie-Landry,https://assets.leaguestat.com/pwhl/240x240/35.jpg,NA,7
157,192,1,Catherine,Dubois,,,L,"Charlesbourg, QC",,,"Charlesbourg, Québec",Charlesbourg,Québec,Canada,"Charlesbourg, Québec","5'10""",0,"5-10""",0,,157,None,1995-07-29,'95,1995-07-29,3,2,,3,Montréal Victoire,PWHL,28,0,8,F,,157,&nbsp;,"5'10""",0,,NA,Catherine Dubois,https://assets.leaguestat.com/pwhl/240x240/157.jpg,NA,7
31,33,1,Marie-Philip,Poulin,,,L,"Beauceville, QC",QC,,"Beauceville, Québec",Beauceville,Québec,Canada,"Beauceville, Québec",5'7,0,5-7,0,,31,None,1991-03-28,'91,1991-03-28,3,1,*,3,Montréal Victoire,PWHL,29,0,8,F,,31,&nbsp;,5'7,0,,NA,Marie-Philip Poulin,https://assets.leaguestat.com/pwhl/240x240/31.jpg,NA,7
48,50,1,Sandra,Abstreiter,,,L,"Freising, GER",GER,Germany,"Freising, Germany",Freising,,Germany,"Freising, ","5'11""",0,"5-11""",0,,48,None,1998-07-23,'98,1998-07-23,3,2,,3,Montréal Victoire,PWHL,30,0,7,G,,48,&nbsp;,"5'11""",0,,NA,Sandra Abstreiter,https://assets.leaguestat.com/pwhl/240x240/48.jpg,L,7
28,30,1,Ann-Renée,Desbiens,,,L,"Clermont, QC",Quebec,,"Clermont, Québec",Clermont,Québec,Canada,"Clermont, Québec","5'9""",0,"5-9""",0,,28,None,1994-04-10,'94,1994-04-10,3,2,,3,Montréal Victoire,PWHL,35,0,7,G,,28,&nbsp;,"5'9""",0,,NA,Ann-Renée Desbiens,https://assets.leaguestat.com/pwhl/240x240/28.jpg,L,7
51,53,1,Amanda,Boulier,,,R,"Watertown, CT",Connecticut,,"Watertown, Connecticut",Watertown,Connecticut,United States,"Watertown, Connecticut","5'1""",0,"5-1""",0,,51,None,1993-03-30,'93,1993-03-30,3,2,,3,Montréal Victoire,PWHL,44,0,1,D,,51,&nbsp;,"5'1""",0,,NA,Amanda Boulier,https://assets.leaguestat.com/pwhl/240x240/51.jpg,NA,7
202,398,1,Kelly Ann,Nadeau,,,R,"Mont-Laurier, QC",QC,,"Mont-Laurier, Québec",Mont-Laurier,Québec,Canada,"Mont-Laurier, Québec",5'7,0,5-7,0,,202,None,1998-03-30,'98,1998-03-30,3,1,*,3,Montréal Victoire,PWHL,51,0,1,D,,202,&nbsp;,5'7,0,,NA,Kelly Ann Nadeau,https://assets.leaguestat.com/pwhl/240x240/202.jpg,NA,7
253,496,1,Nicole,Gosling,,,L,"London, ON",,,"London, Ontario",London,Ontario,,"London, Ontario",5'6,0,5-6,0,,253,Signed,2002-04-21,'02,2002-04-21,3,2,,3,Montréal Victoire,PWHL,61,1,1,D,,253,*,5'6,0,,NA,Nicole Gosling,https://assets.leaguestat.com/pwhl/240x240/253.jpg,NA,7
272,516,1,Skylar,Irving,,,R,"Kingston, MA",,United States,"Kingston, Massachussetts",Kingston,Massachussetts,United States,"Kingston, Massachussetts",5'8'',0,5-,0,,272,None,2002-01-21,'02,2002-01-21,3,2,,3,Montréal Victoire,PWHL,88,1,8,F,,272,*,5'8'',0,,NA,Skylar Irving,https://assets.leaguestat.com/pwhl/240x240/272.jpg,NA,7
79,96,1,Maggie,Flaherty,MAIG-ee FLAIR-tee,,L,"Lakeville, MN",Minnesota,,"Lakeville, Minnesota",Lakeville,Minnesota,United States,"Lakeville, Minnesota",5'8,0,5-8,0,,79,None,2000-06-02,'00,2000-06-02,3,2,,3,Montréal Victoire,PWHL,91,0,1,D,,79,&nbsp;,5'8,0,,NA,Maggie Flaherty,https://assets.leaguestat.com/pwhl/240x240/79.jpg,NA,7
274,518,1,Natálie,Mlýnková,,,L,"Zlin, CZE",,Czechia,"Zlin, Czechia, Czechia",Zlin,Czechia,Czechia,"Zlin, Czechia",5'3'',0,5-,0,,274,None,2001-05-24,'01,2001-05-24,3,2,,3,Montréal Victoire,PWHL,96,1,8,F,,274,*,5'3'',0,,NA,Natálie Mlýnková,https://assets.leaguestat.com/pwhl/240x240/274.jpg,NA,7
225,421,0,Audrey-Anne,Veillette,,,R,"Drummondville, QC",QC,Canada,"Drummondville, Quebec",Drummondville,Quebec,Canada,"Drummondville, Quebec",5'7'',0,5-,0,,225,Camp Invitee,2000-12-03,'00,2000-12-03,3,2,,3,Montréal Victoire,PWHL,20,0,8,F,,225,&nbsp;,5'7'',0,,NA,Audrey-Anne Veillette,https://lscluster.hockeytech.com/img/nophoto.png,NA,7
197,393,0,Tricia,Deguire,,,L,"Sherbrooke, QC",QC,Canada,"Sherbrooke, Quebec",Sherbrooke,Quebec,Canada,"Sherbrooke, Quebec",5'8'',0,5-,0,,197,Camp Invitee,1997-09-14,'97,1997-09-14,3,2,,3,Montréal Victoire,PWHL,33,0,7,G,,197,&nbsp;,5'8'',0,,NA,Tricia Deguire,https://lscluster.hockeytech.com/img/nophoto.png,L,7
251,494,1,Dayle,Ross,,,R,"Spirit River, AB",,,"Spirit River, Alberta",Spirit River,Alberta,Canada,"Spirit River, Alberta",5'6,0,5-6,0,,251,Signed,2003-05-26,'03,2003-05-26,4,2,,4,New York Sirens,PWHL,2,1,1,D,,251,*,5'6,0,,NA,Dayle Ross,https://assets.leaguestat.com/pwhl/240x240/251.jpg,NA,7
206,402,1,Elle,Hartje,EHL hartch-ee ,,L,"Detroit, MI ",MI,,"Detroit, Michigan",Detroit,Michigan,United States,"Detroit, Michigan",5'5,0,5-5,0,,206,Camp Invitee,2001-04-13,'01,2001-04-13,4,2,,4,New York Sirens,PWHL,4,1,8,F,,206,*,5'5,0,,NA,Elle Hartje,https://assets.leaguestat.com/pwhl/240x240/206.jpg,NA,7
147,180,1,Savannah,Norcross,,,R,"Lynn, MA",,,"Lynn, Massachusetts",Lynn,Massachusetts,United States,"Lynn, Massachusetts",5'7,0,5-7,0,,147,Camp Invitee,2000-06-10,'00,2000-06-10,4,2,,4,New York Sirens,PWHL,7,0,8,F,,147,&nbsp;,5'7,0,,NA,Savannah Norcross,https://assets.leaguestat.com/pwhl/240x240/147.jpg,NA,7
229,425,1,Maja,Nylén Persson,MIGH-uh NIH-lehn PEHR-suhn,,R,"Avesta, SWE",SWE,Sweden,"Avesta, Sweden",Avesta,,Sweden,"Avesta, ","5'5""",0,"5-5""",0,,229,None,2000-11-20,'00,2000-11-20,4,2,,4,New York Sirens,PWHL,8,1,1,D,,229,*,"5'5""",0,,NA,Maja Nylén Persson,https://assets.leaguestat.com/pwhl/240x240/229.jpg,NA,7
131,164,1,Olivia,Knowles,UH-lihv-ee-uh NOHLZ  ,,R,"Campbell River, BC",,,"Campbell River, British Columbia",Campbell River,British Columbia,Canada,"Campbell River, British Columbia",5'9,0,5-9,0,,131,Camp Invitee,1999-01-24,'99,1999-01-24,4,2,,4,New York Sirens,PWHL,9,1,1,D,,131,*,5'9,0,,NA,Olivia Knowles,https://assets.leaguestat.com/pwhl/240x240/131.jpg,NA,7
205,401,1,Sarah,Fillier,SAIR-AH FIH-lee-AY,,R,"Georgetown, ON",ON,,"Georgetown, Ontario",Georgetown,Ontario,Canada,"Georgetown, Ontario",5'5,0,5-5,0,,205,Signed,2000-06-09,'00,2000-06-09,4,2,,4,New York Sirens,PWHL,10,0,8,F,,205,&nbsp;,5'5,0,,NA,Sarah Fillier,https://assets.leaguestat.com/pwhl/240x240/205.jpg,NA,7
281,525,1,Alexis,Paddington,,,L,"Thunder Bay, ON",ON,Canada,"Thunder Bay, Ontario",Thunder Bay,Ontario,Canada,"Thunder Bay, Ontario",5'9,0,5-9,0,,281,None,2003-03-03,'03,2003-03-03,4,2,,4,New York Sirens,PWHL,12,1,8,F,,281,*,5'9,0,,NA,Alexis Paddington,https://lscluster.hockeytech.com/img/nophoto.png,NA,7
87,106,1,Jaime,Bourbonnais,JAY-mee BUHR-buh-NAY,,R,"Mississauga, ON",Ontario,,"Mississauga,, Ontario","Mississauga,",Ontario,Canada,"Mississauga,, Ontario",5'7,0,5-7,0,,87,Signed,1998-09-09,'98,1998-09-09,4,2,,4,New York Sirens,PWHL,14,0,1,D,,87,&nbsp;,5'7,0,,NA,Jaime Bourbonnais,https://assets.leaguestat.com/pwhl/240x240/87.jpg,NA,7
207,403,1,Lauren,Bernard,LOR-ehn buhr-NARD,,L,"Madison, OH",OH,,"Madison , Ohio",Madison ,Ohio,United States,"Madison , Ohio",5'7,0,5-7,0,,207,Draftee,2001-07-15,'01,2001-07-15,4,2,,4,New York Sirens,PWHL,16,0,1,D,,207,&nbsp;,5'7,0,,NA,Lauren Bernard,https://assets.leaguestat.com/pwhl/240x240/207.jpg,NA,7
9,11,1,Taylor,Girard,TAY-luhr JAH-rahrd,,L,"Macomb, MI",Michigan,,"Macomb, Michigan",Macomb,Michigan,United States,"Macomb, Michigan",5'10,0,5-10,0,,9,Signed,1998-07-17,'98,1998-07-17,4,2,,4,New York Sirens,PWHL,17,0,8,F,,9,&nbsp;,5'10,0,,NA,Taylor Girard,https://assets.leaguestat.com/pwhl/240x240/9.jpg,NA,7
285,529,1,Maddi,Wheeler,,,L,"Erinsville, ON",ON,Canada,"Erinsville, Ontario",Erinsville,Ontario,Canada,"Erinsville, Ontario",5'4,0,5-4,0,,285,None,2002-10-10,'02,2002-10-10,4,2,,4,New York Sirens,PWHL,18,1,8,F,,285,*,5'4,0,,NA,Maddi Wheeler,https://assets.leaguestat.com/pwhl/240x240/285.jpg,NA,7
40,42,1,Paetyn,Levis,PAY-tuhn LEH-vihs,,R,"Rogers, MN",Minnesota,,"Rogers, Minnesota",Rogers,Minnesota,United States,"Rogers, Minnesota","5'5""",0,"5-5""",0,,40,Camp Invitee,1999-11-06,'99,1999-11-06,4,2,,4,New York Sirens,PWHL,19,0,8,F,,40,&nbsp;,"5'5""",0,,NA,Paetyn Levis,https://assets.leaguestat.com/pwhl/240x240/40.jpg,NA,7
230,426,1,Allyson,Simpson,ah-lih-suhn SIHMP-suhn,,R,"Frisco, TX",TX,,"Frisco, Texas",Frisco,Texas,United States,"Frisco, Texas","5'8""",0,"5-8""",0,,230,None,2000-12-20,'00,2000-12-20,4,2,,4,New York Sirens,PWHL,20,1,1,D,,230,*,"5'8""",0,,NA,Allyson Simpson,https://assets.leaguestat.com/pwhl/240x240/230.jpg,NA,7
277,521,1,Anna,Bargman,,,L,"Boxford, MA",MA,United States,"Boxford, Massachussetts",Boxford,Massachussetts,United States,"Boxford, Massachussetts",5'8,0,5-8,0,,277,None,2002-08-07,'02,2002-08-07,4,2,,4,New York Sirens,PWHL,22,1,8,F,,277,*,5'8,0,,NA,Anna Bargman,https://assets.leaguestat.com/pwhl/240x240/277.jpg,NA,7
249,489,1,Anne,Cherkowski,,,R,"Coldstream, BC",,Canada,"Coldstream,, British Columbia","Coldstream,",British Columbia,Canada,"Coldstream,, British Columbia",5’6”,0,,0,,249,None,2002-07-06,'02,2002-07-06,4,2,,4,New York Sirens,PWHL,24,1,8,F,,249,*,5’6”,0,,NA,Anne Cherkowski,https://assets.leaguestat.com/pwhl/240x240/249.jpg,NA,7
280,524,1,Casey,O'Brien,,,L,"Milton, MA",MA,United States,"Milton, Massachussetts",Milton,Massachussetts,United States,"Milton, Massachussetts",5'4,0,5-4,0,,280,None,2001-08-27,'01,2001-08-27,4,2,,4,New York Sirens,PWHL,26,1,8,F,,280,*,5'4,0,,NA,Casey O'Brien,https://assets.leaguestat.com/pwhl/240x240/280.jpg,NA,7
47,49,1,Micah,Zandee-Hart,MIGHK-UH ZAN-dee HAHRT ,,L,"Saanichton, BC",BC,,"Saanichton, British Columbia",Saanichton,British Columbia,Canada,"Saanichton, British Columbia",5'8,0,5-8,0,,47,Signed,1997-01-13,'97,1997-01-13,4,2,,4,New York Sirens,PWHL,28,0,1,D,,47,&nbsp;,5'8,0,,NA,Micah Zandee-Hart,https://assets.leaguestat.com/pwhl/240x240/47.jpg,NA,7
204,400,1,Emmy,Fecteau,eh-MEE fehk-TOH,,L,Saint-Odilon-de-Cranbourn,QC,,"Saint-Odilon-de-Cranbourn, Québec",Saint-Odilon-de-Cranbourn,Québec,Canada,"Saint-Odilon-de-Cranbourn, Québec",5'6,0,5-6,0,,204,Camp Invitee,1999-04-07,'99,1999-04-07,4,2,,4,New York Sirens,PWHL,29,0,8,F,,204,&nbsp;,5'6,0,,NA,Emmy Fecteau,https://assets.leaguestat.com/pwhl/240x240/204.jpg,NA,7
282,526,1,Callie,Shanahan,,,L,"Commerce Township, MI",MI,United States,"Commerce Township, Michigan",Commerce Township,Michigan,United States,"Commerce Township, Michigan",5'10,0,5-10,0,,282,Signed,2003-05-26,'03,2003-05-26,4,2,,4,New York Sirens,PWHL,37,1,7,G,,282,*,5'10,0,,NA,Callie Shanahan,https://assets.leaguestat.com/pwhl/240x240/282.jpg,L,7
278,522,1,Kaley,Doyle,,,L,"Livonia, MI",MI,United States,"Livonia, Michigan",Livonia,Michigan,United States,"Livonia, Michigan",5'5,0,5-5,0,,278,None,2001-03-23,'01,2001-03-23,4,2,,4,New York Sirens,PWHL,39,1,7,G,,278,*,5'5,0,,NA,Kaley Doyle,https://assets.leaguestat.com/pwhl/240x240/278.jpg,L,7
30,32,1,Kristin,O'Neill,,,L,"Oakville, ON",Ontario,,"Oakville, Ontario",Oakville,Ontario,Canada,"Oakville, Ontario","5'4""",0,"5-4""",0,,30,None,1998-03-30,'98,1998-03-30,4,2,,4,New York Sirens,PWHL,43,0,8,F,,30,&nbsp;,"5'4""",0,,NA,Kristin O'Neill,https://assets.leaguestat.com/pwhl/240x240/30.jpg,NA,7
279,523,1,Kira,Juodikis,,,R,"LaSalle, ON",ON,Canada,"LaSalle, Ontario",LaSalle,Ontario,Canada,"LaSalle, Ontario",5'11,0,5-11,0,,279,None,2003-05-24,'03,2003-05-24,4,2,,4,New York Sirens,PWHL,55,1,8,F,,279,*,5'11,0,,NA,Kira Juodikis,https://lscluster.hockeytech.com/img/nophoto.png,NA,7
60,62,1,Jincy,Roese,JIN-see ROWZ,,L,"O'Fallon, MO",Missouri,,"O'Fallon, Missouri ",O'Fallon,Missouri ,United States,"O'Fallon, Missouri ","5'6""",0,"5-6""",0,,60,Signed,1997-05-15,'97,1997-05-15,4,2,,4,New York Sirens,PWHL,71,0,1,D,,60,&nbsp;,"5'6""",0,,NA,Jincy Roese,https://assets.leaguestat.com/pwhl/240x240/60.jpg,NA,7
45,47,1,Kayla,Vespa,kay-LUH veh-SPUH,,L,"Hamilton, ON",Ontario,,"Hamilton, Ontario",Hamilton,Ontario,Canada,"Hamilton, Ontario","5'2""",0,"5-2""",0,,45,Camp Invitee,1997-04-01,'97,1997-04-01,4,2,,4,New York Sirens,PWHL,81,0,8,F,,45,&nbsp;,"5'2""",0,,NA,Kayla Vespa,https://assets.leaguestat.com/pwhl/240x240/45.jpg,NA,7
228,424,1,Kayle,Osborne,KAY-lee AWZ-born,,,"Westport, ON ",ON,,"Westport, Ontario",Westport,Ontario,Canada,"Westport, Ontario","5'8""",0,"5-8""",0,,228,None,2002-02-28,'02,2002-02-28,4,2,,4,New York Sirens,PWHL,82,1,7,G,,228,*,"5'8""",0,,NA,Kayle Osborne,https://assets.leaguestat.com/pwhl/240x240/228.jpg,L,7
283,527,1,Nicole,Vallario,,,L,"Lugano, SWI",,Switzerland,"Lugano, Switzerland",Lugano,,Switzerland,"Lugano, ",5'4,0,5-4,0,,283,None,2001-08-30,'01,2001-08-30,4,2,,4,New York Sirens,PWHL,88,1,1,D,,283,*,5'4,0,,NA,Nicole Vallario,https://assets.leaguestat.com/pwhl/240x240/283.jpg,NA,7
245,485,1,Kristýna,Kaltounková,,,L,"Vlašim, CZE",CZE,Czechia,"Vlašim, CZE, Czechia",Vlašim,CZE,Czechia,"Vlašim, CZE",5'9,0,5-9,0,,245,Signed,2002-04-14,'02,2002-04-14,4,2,,4,New York Sirens,PWHL,98,1,8,F,,245,*,5'9,0,"NY (PWHL) 2025 Round: 1 (#1), NY (PWHL) 2025 Round: 1 (#1)","list(id = ""1965"", person_id = ""485"", draft_round = ""1"", draft_date = """", draft_year = ""2025"", draft_rank = ""1"", draft_team = ""NY"", draft_team_id = ""0"", draft_league = """", junior_team = """", show_on_roster = ""0"", draft_mode = ""4"", lang_id = ""1"", draft_type_id = ""1"", draft_type = ""PWHL"", draft_status = """")",Kristýna Kaltounková,https://assets.leaguestat.com/pwhl/240x240/245.jpg,NA,7
238,477,1,Sanni,Ahola,SUH-nee A-hoh-luh,,,"Helsinki, FIN",,Finland,"Helsinki, Finland",Helsinki,,Finland,"Helsinki, ",5'7,0,5-7,0,,238,Signed,2000-06-03,'00,2000-06-03,5,2,,5,Ottawa Charge,PWHL,1,1,7,G,,238,*,5'7,0,"Ottawa (PWHL) 2025 Round: 5 (#37), Ottawa (PWHL) 2025 Round: 5 (#37)","list(id = ""1917"", person_id = ""477"", draft_round = ""5"", draft_date = """", draft_year = ""2025"", draft_rank = ""37"", draft_team = ""Ottawa"", draft_team_id = ""0"", draft_league = """", junior_team = """", show_on_roster = ""1"", draft_mode = ""4"", lang_id = ""1"", draft_type_id = ""1"", draft_type = ""PWHL"", draft_status = """")",Sanni Ahola,https://assets.leaguestat.com/pwhl/240x240/238.jpg,L,7
71,73,1,Jocelyne,Larocque,JOSS-lihn LA-rawk  ,,L,"Ste. Anne, MB",Manitoba,,"Ste. Anne, Manitoba",Ste. Anne,Manitoba,Canada,"Ste. Anne, Manitoba",5'5,0,5-5,0,,71,Signed,1988-05-19,'88,1988-05-19,5,2,,5,Ottawa Charge,PWHL,3,0,1,D,,71,&nbsp;,5'5,0,,NA,Jocelyne Larocque,https://assets.leaguestat.com/pwhl/240x240/71.jpg,NA,7
242,481,1,Rory,Guilday,,,L,"Chanhassen, MN",,United States,"Chanhassen, Minnesota",Chanhassen,Minnesota,United States,"Chanhassen, Minnesota",5'11,0,5-11,0,,242,Signed,2002-09-07,'02,2002-09-07,5,2,,5,Ottawa Charge,PWHL,5,1,1,D,,242,*,5'11,0,,NA,Rory Guilday,https://assets.leaguestat.com/pwhl/240x240/242.jpg,NA,7
219,415,1,Stephanie,Markowski,STEH-fuh-nee MAR-kow-skee,,L,"Edmonton, AB",AB,,"Edmonton, Alberta",Edmonton,Alberta,Canada,"Edmonton, Alberta",5'8,0,5-8,0,,219,Draftee,2001-08-24,'01,2001-08-24,5,2,,5,Ottawa Charge,PWHL,6,1,1,D,,219,*,5'8,0,,NA,Stephanie Markowski,https://assets.leaguestat.com/pwhl/240x240/219.jpg,NA,7
37,39,1,Élizabeth,Giguère,EH-liz-uh-bet ZHIH-gair,,R,"Quebec City, QC",Quebec,,"Québec, Québec",Québec,Québec,Canada,"Québec, Québec",5'10,0,5-10,0,,37,Signed,1997-05-08,'97,1997-05-08,5,2,,5,Ottawa Charge,PWHL,7,0,8,F,,37,&nbsp;,5'10,0,,NA,Élizabeth Giguère,https://assets.leaguestat.com/pwhl/240x240/37.jpg,NA,7
289,533,1,Kathryn,Reilly,,,R,"Richmond, BC",BC,Canada,"Richmond, BC",Richmond,BC,Canada,"Richmond, BC",5'7,0,5-7,0,,289,Camp Invitee,2001-01-17,'01,2001-01-17,5,2,,5,Ottawa Charge,PWHL,8,1,1,D,,289,*,5'7,0,,NA,Kathryn Reilly,https://assets.leaguestat.com/pwhl/240x240/289.jpg,NA,7
288,532,1,Vita,Poniatovskaia,,,R,"Chelyabinsk, RUS",RUS,Russia,"Chelyabinsk, RUS, Russia",Chelyabinsk,RUS,Russia,"Chelyabinsk, RUS",5'8,0,5-8,0,,288,Reserve,2003-08-03,'03,2003-08-03,5,2,,5,Ottawa Charge,PWHL,9,1,1,D,,288,*,5'8,0,,NA,Vita Poniatovskaia,https://assets.leaguestat.com/pwhl/240x240/288.jpg,NA,7
101,129,1,Alexa,Vasko,AH-lehks-UH VAHS-koh,,L,"St. Catharines, ON",Ontario,Canada,"St. Catharines, Ontario",St. Catharines,Ontario,Canada,"St. Catharines, Ontario",5'5,0,5-5,0,,101,Signed,1999-02-07,'99,1999-02-07,5,2,,5,Ottawa Charge,PWHL,10,1,8,F,,101,*,5'5,0,,NA,Alexa Vasko,https://assets.leaguestat.com/pwhl/240x240/101.jpg,NA,7
38,40,1,Brooke,Hobson, BRUHK HAWB-suhn,,L,"Prince Albert, SK",Saskatchewan,Canada,"Prince Albert, Saskatchewan",Prince Albert,Saskatchewan,Canada,"Prince Albert, Saskatchewan",5'6,0,5-6,0,,38,Signed,1999-05-27,'99,1999-05-27,5,2,,5,Ottawa Charge,PWHL,11,0,1,D,,38,&nbsp;,5'6,0,,NA,Brooke Hobson,https://assets.leaguestat.com/pwhl/240x240/38.jpg,NA,7
215,411,1,Jessica,Adolfsson,JEH-sih-kuh AY-dawlf-SUHN,,L,"Linköping, SWE",SWE,,"Linköping, Sweden",Linköping,,Sweden,"Linköping, ",5'9,0,5-9,0,,215,Reserve,1998-07-15,'98,1998-07-15,5,2,,5,Ottawa Charge,PWHL,15,0,1,D,,215,&nbsp;,5'9,0,,NA,Jessica Adolfsson,https://assets.leaguestat.com/pwhl/240x240/215.jpg,NA,7
88,107,1,Kateřina,Mrázová,KAH-teh-REE-nuh MRAH-zoh-vuh,,L,"Kolín, CZE",CZE,,"Kolín, Czechia",Kolín,,Czechia,"Kolín, ",5'4,0,5-4,0,,88,Signed,1992-10-19,'92,1992-10-19,5,2,,5,Ottawa Charge,PWHL,16,0,8,F,,88,&nbsp;,5'4,0,,NA,Kateřina Mrázová,https://assets.leaguestat.com/pwhl/240x240/88.jpg,NA,7
57,59,1,Gabbie,Hughes,GAH-Bee HEWS,,L,"Lino Lakes, MN",Minnesota,,"Lino Lakes, Minnesota",Lino Lakes,Minnesota,United States,"Lino Lakes, Minnesota",5'9,0,5-9,0,,57,Signed,1999-10-04,'99,1999-10-04,5,2,,5,Ottawa Charge,PWHL,17,0,8,F,,57,&nbsp;,5'9,0,,NA,Gabbie Hughes,https://assets.leaguestat.com/pwhl/240x240/57.jpg,NA,7
220,416,1,Mannon,McMahon,MA-nuhn mihk-MAN,,R,"Maple Grove, MN",MN,,"Maple Grove, Minnesota",Maple Grove,Minnesota,United States,"Maple Grove, Minnesota",5'7,0,5-7,0,,220,Draftee,2001-07-29,'01,2001-07-29,5,2,,5,Ottawa Charge,PWHL,18,1,8,F,,220,*,5'7,0,,NA,Mannon McMahon,https://assets.leaguestat.com/pwhl/240x240/220.jpg,NA,7
58,60,1,Brianne,Jenner,BREE-an JEH-nuhr,,R,"Oakville, ON",Ontario,Canada,"Oakville, Ontario",Oakville,Ontario,Canada,"Oakville, Ontario",5'9,0,5-9,0,,58,Signed,1991-05-04,'91,1991-05-04,5,2,,5,Ottawa Charge,PWHL,19,0,8,F,,58,&nbsp;,5'9,0,,NA,Brianne Jenner,https://assets.leaguestat.com/pwhl/240x240/58.jpg,NA,7
217,413,1,Taylor,House,TAY-luhr HOUS,,L,"Joliet, IL",IL,,"Joliet, Illinois",Joliet,Illinois,United States,"Joliet, Illinois",5'10,0,5-10,0,,217,Draftee,1998-09-29,'98,1998-09-29,5,2,,5,Ottawa Charge,PWHL,22,0,8,F,,217,&nbsp;,5'10,0,,NA,Taylor House,https://assets.leaguestat.com/pwhl/240x240/217.jpg,NA,7
241,480,1,Sarah,Wozniewicz,,,R,"Cochrane, AB",,Canada,"Cochrane, Alberta",Cochrane,Alberta,Canada,"Cochrane, Alberta",5'7,0,5-7,0,,241,Signed,2003-08-25,'03,2003-08-25,5,2,,5,Ottawa Charge,PWHL,23,0,8,F,,241,&nbsp;,5'7,0,,NA,Sarah Wozniewicz,https://assets.leaguestat.com/pwhl/240x240/241.jpg,NA,7
53,55,1,Emily,Clark, EH-MIH-LEE KLAHRK,,L,"Saskatoon, SK",Saskatchewan,Canada,"Saskatoon, Saskatchewan",Saskatoon,Saskatchewan,Canada,"Saskatoon, Saskatchewan",5'7,0,5-7,0,,53,Signed,1995-11-28,'95,1995-11-28,5,2,,5,Ottawa Charge,PWHL,26,0,8,F,,53,&nbsp;,5'7,0,,NA,Emily Clark,https://assets.leaguestat.com/pwhl/240x240/53.jpg,NA,7
286,530,1,Peyton,Hemp,,,R,"Andover, MN",Minnesota,United States,"Andover, Minnesota",Andover,Minnesota,United States,"Andover, Minnesota",5'5,0,5-5,0,,286,Camp Invitee,2003-05-15,'03,2003-05-15,5,2,,5,Ottawa Charge,PWHL,29,1,8,F,,286,*,5'5,0,"Ottawa (PWHL) 2024 Round: 4 (#29), Ottawa (PWHL) 2024 Round: 4 (#29)","list(id = ""2151"", person_id = ""530"", draft_round = ""4"", draft_date = """", draft_year = ""2024"", draft_rank = ""29"", draft_team = ""Ottawa"", draft_team_id = ""0"", draft_league = """", junior_team = """", show_on_roster = ""0"", draft_mode = ""4"", lang_id = ""1"", draft_type_id = ""1"", draft_type = ""PWHL"", draft_status = """")",Peyton Hemp,https://assets.leaguestat.com/pwhl/240x240/286.jpg,NA,7
222,418,1,Gwyneth,Philips,GWIH-nihth FIH-lihps,,,"Athens, OH",OH,,"Athens, Ohio",Athens,Ohio,United States,"Athens, Ohio",5'7,0,5-7,0,,222,Signed,2000-09-17,'00,2000-09-17,5,2,,5,Ottawa Charge,PWHL,33,1,7,G,,222,*,5'7,0,,NA,Gwyneth Philips,https://assets.leaguestat.com/pwhl/240x240/222.jpg,R,7
216,412,1,Logan,Angers, loh-gahn AN-guhrs,,,"Winnipeg, MB",MB,,"Winnipeg, Manitoba",Winnipeg,Manitoba,Canada,"Winnipeg, Manitoba",6'0,0,6-0,0,,216,Signed,2000-01-07,'00,2000-01-07,5,2,,5,Ottawa Charge,PWHL,35,0,7,G,,216,&nbsp;,6'0,0,,NA,Logan Angers,https://assets.leaguestat.com/pwhl/240x240/216.jpg,R,7
72,74,1,Rebecca,Leslie,RUH-beh-kuh LEHS-lee,,R,"Ottawa, ON",Ontario,,"Ottawa, Ontario",Ottawa,Ontario,Canada,"Ottawa, Ontario",5'6,0,5-6,0,,72,Signed,1996-05-08,'96,1996-05-08,5,2,,5,Ottawa Charge,PWHL,37,0,8,F,,72,&nbsp;,5'6,0,,NA,Rebecca Leslie,https://assets.leaguestat.com/pwhl/240x240/72.jpg,NA,7
108,138,1,Samantha,Isbell,,,L,"Thunder Bay, ON",,,"Thunder Bay, Ontario",Thunder Bay,Ontario,Canada,"Thunder Bay, Ontario",5'7,0,5-7,0,,108,None,1998-02-17,'98,1998-02-17,5,2,,5,Ottawa Charge,PWHL,55,0,1,D,,108,&nbsp;,5'7,0,,NA,Samantha Isbell,https://assets.leaguestat.com/pwhl/240x240/108.jpg,NA,7
290,534,1,Kendra,Woodland,,,L,"Kamloops, BC",BC,Canada,"Kamloops, BC",Kamloops,BC,Canada,"Kamloops, BC",5'8,0,5-8,0,,290,None,2000-02-18,'00,2000-02-18,5,2,,5,Ottawa Charge,PWHL,70,1,7,G,,290,*,5'8,0,,NA,Kendra Woodland,https://assets.leaguestat.com/pwhl/240x240/290.jpg,L,7
240,479,1,Fanuza,Kadirova,,,L,"Kukmor, RUS",,Russia,"Kukmor, Russia",Kukmor,,Russia,"Kukmor, ",5'4,0,5-4,0,,240,Signed,1998-04-06,'98,1998-04-06,5,2,,5,Ottawa Charge,PWHL,71,0,8,F,,240,&nbsp;,5'4,0,,NA,Fanuza Kadirova,https://assets.leaguestat.com/pwhl/240x240/240.jpg,NA,7
223,419,1,Ronja,Savolainen,ROHN-yah SEH-voh-LIGH-nehn,,L,"Helsinki, FIN",FIN,,"Helsinki, Finland",Helsinki,,Finland,"Helsinki, ",5'10,0,5-10,0,,223,Signed,1997-11-29,'97,1997-11-29,5,2,,5,Ottawa Charge,PWHL,88,0,1,D,,223,&nbsp;,5'10,0,,NA,Ronja Savolainen,https://assets.leaguestat.com/pwhl/240x240/223.jpg,NA,7
221,417,1,Anna,Meixner,AH-NAH mighks-NAH,,L,"Zell Am See, AUT",AUT,,"Zell Am See, Austria",Zell Am See,,Austria,"Zell Am See, ",5'3,0,5-3,0,,221,Signed,1994-06-16,'94,1994-06-16,5,2,,5,Ottawa Charge,PWHL,94,0,8,F,,221,&nbsp;,5'3,0,,NA,Anna Meixner,https://assets.leaguestat.com/pwhl/240x240/221.jpg,NA,7
239,478,1,Anna,Shokhina,,,L,"Novosinkovo, RUS",,Russia,"Novosinkovo, Russia",Novosinkovo,,Russia,"Novosinkovo, ",5'6,0,5-6,0,,239,Signed,1997-06-23,'97,1997-06-23,5,2,,5,Ottawa Charge,PWHL,97,0,8,F,,239,&nbsp;,5'6,0,,NA,Anna Shokhina,https://assets.leaguestat.com/pwhl/240x240/239.jpg,NA,7
235,472,0,Emma,Bergesen,,,R,"Stavanger, NOR",,Norway,"Stavanger, Norway",Stavanger,,Norway,"Stavanger, ",5'8,0,5-8,0,,235,Signed,1999-11-01,'99,1999-11-01,5,2,,5,Ottawa Charge,PWHL,42,0,1,D,,235,&nbsp;,5'8,0,,NA,Emma Bergesen,https://lscluster.hockeytech.com/img/nophoto.png,NA,7
287,531,0,Alexandra,Huszák,,,L,"Budapest, HUN",HUN,Hungary,"Budapest, HUN, Hungary",Budapest,HUN,Hungary,"Budapest, HUN",5'8,0,5-8,0,,287,None,1995-06-18,'95,1995-06-18,5,2,,5,Ottawa Charge,PWHL,81,1,4,C,,287,*,5'8,0,,NA,Alexandra Huszák,https://lscluster.hockeytech.com/img/nophoto.png,NA,7
62,64,1,Aneta,Tejralová,AH-neh-TAH TEH-ruh-low-VAH,,L,"Prague, CZE",CZE,,"Prague, Czechia",Prague,,Czechia,"Prague, ",5'5,0,5-5,0,,62,Signed,1996-01-04,'96,1996-01-04,8,2,,8,Seattle Torrent,PWHL,2,0,1,D,,62,&nbsp;,5'5,0,,NA,Aneta Tejralová,https://assets.leaguestat.com/pwhl/240x240/62.jpg,NA,7
196,392,1,Cayla,Barnes,,,R,"Eastvale, CA",CA,,"Eastvale, California",Eastvale,California,United States,"Eastvale, California","5'2""",0,"5-2""",0,,196,None,1999-01-07,'99,1999-01-07,8,2,,8,Seattle Torrent,PWHL,3,0,1,D,,196,&nbsp;,"5'2""",0,,NA,Cayla Barnes,https://assets.leaguestat.com/pwhl/240x240/196.jpg,NA,7
203,399,1,Anna,Wilgren,,,L,"Hudson, WI",WI,,"Hudson, Wisconsin",Hudson,Wisconsin,United States,"Hudson, Wisconsin",5'8,0,5-8,0,,203,None,1999-11-10,'99,1999-11-10,8,2,,8,Seattle Torrent,PWHL,5,0,1,D,,203,&nbsp;,5'8,0,,NA,Anna Wilgren,https://assets.leaguestat.com/pwhl/240x240/203.jpg,NA,7
298,542,1,Emily,Zumwinkle,,,R,"Excelsior, MN",MN,United States,"Excelsior, MN",Excelsior,MN,United States,"Excelsior, MN",,0,,0,,298,None,2003-05-20,'03,2003-05-20,8,2,,8,Seattle Torrent,PWHL,6,1,1,D,,298,*,,0,,NA,Emily Zumwinkle,https://assets.leaguestat.com/pwhl/240x240/298.jpg,NA,7
291,535,1,Lily,Delianedis,,,L,"Edina, MN",MN,United States,"Edina, Minnesota",Edina,Minnesota,United States,"Edina, Minnesota",,0,,0,,291,None,2001-10-07,'01,2001-10-07,8,2,,8,Seattle Torrent,PWHL,7,1,8,F,,291,*,,0,,NA,Lily Delianedis,https://assets.leaguestat.com/pwhl/240x240/291.jpg,NA,7
142,175,1,Natalie,Snodgrass,NAT-uh-lee SNAWD-grahs,,L,"Eagan, MN",,,"Eagan, Minnesota",Eagan,Minnesota,United States,"Eagan, Minnesota","5'6""",0,"5-6""",0,,142,Signed,1998-12-17,'98,1998-12-17,8,2,,8,Seattle Torrent,PWHL,8,0,8,F,,142,&nbsp;,"5'6""",0,,NA,Natalie Snodgrass,https://assets.leaguestat.com/pwhl/240x240/142.jpg,NA,7
36,38,1,Jessie,Eldridge,jeh-see EHLD-rihdj,,R,"Barrie, ON",Ontario,,"Barrie, Ontario",Barrie,Ontario,Canada,"Barrie, Ontario","5'9""",0,"5-9""",0,,36,Signed,1997-12-17,'97,1997-12-17,8,2,,8,Seattle Torrent,PWHL,9,0,8,F,,36,&nbsp;,"5'9""",0,,NA,Jessie Eldridge,https://assets.leaguestat.com/pwhl/240x240/36.jpg,NA,7
237,476,1,Jenna,Buglioni,,,R,"Port Moody, BC",,Canada,"Port Moody, British Columbia",Port Moody,British Columbia,Canada,"Port Moody, British Columbia",5'3,0,5-3,0,,237,Signed,2002-03-13,'02,2002-03-13,8,2,,8,Seattle Torrent,PWHL,10,1,8,F,,237,*,5'3,0,,NA,Jenna Buglioni,https://assets.leaguestat.com/pwhl/240x240/237.jpg,NA,7
2,4,1,Emily,Brown,EHM-IHL-EE BROWN,,L,"Blaine, MN",Minnesota,,"Blaine, Minnesota",Blaine,Minnesota,United States,"Blaine, Minnesota",5'7,0,5-7,0,,2,Signed,1998-12-30,'98,1998-12-30,8,2,,8,Seattle Torrent,PWHL,11,0,1,D,,2,&nbsp;,5'7,0,,NA,Emily Brown,https://assets.leaguestat.com/pwhl/240x240/2.jpg,NA,7
138,171,1,Mikyla,Grant-Mentis,,,L,"Brampton, ON",,,"Brampton, Ontario",Brampton,Ontario,Canada,"Brampton, Ontario",5'6,0,5-6,0,,138,None,1998-07-15,'98,1998-07-15,8,2,,8,Seattle Torrent,PWHL,13,0,8,F,,138,&nbsp;,5'6,0,,NA,Mikyla Grant-Mentis,https://assets.leaguestat.com/pwhl/240x240/138.jpg,NA,7
296,540,1,Olivia,Wallin,,,R,"Oakville, ON",ON,Canada,"Oakville, ON",Oakville,ON,Canada,"Oakville, ON",5'7,0,5-7,0,,296,Signed,2002-03-09,'02,2002-03-09,8,2,,8,Seattle Torrent,PWHL,14,1,8,F,,296,*,5'7,0,,NA,Olivia Wallin,https://assets.leaguestat.com/pwhl/240x240/296.jpg,NA,7
297,541,1,Lily,Yovetich,,,R,"Ottawa, ON",ON,Canada,"Ottawa, ON",Ottawa,ON,Canada,"Ottawa, ON",,0,,0,,297,None,2001-08-02,'01,2001-08-02,8,2,,8,Seattle Torrent,PWHL,16,1,1,D,,297,*,,0,,NA,Lily Yovetich,https://lscluster.hockeytech.com/img/nophoto.png,NA,7
91,119,1,Brooke,Bryant,BRUHK BRIGH-uhnt,,R,"Linden, CA",California,United States,"Linden, California",Linden,California,United States,"Linden, California",5'6,0,5-6,0,,91,Signed,2000-08-22,'00,2000-08-22,8,2,,8,Seattle Torrent,PWHL,17,1,8,F,,91,*,5'6,0,,NA,Brooke Bryant,https://assets.leaguestat.com/pwhl/240x240/91.jpg,NA,7
181,377,1,Hannah,Bilka,HAN-uh BIHL-KUH,,L,"Coppell, TX",TX,,"Coppell, Texas",Coppell,Texas,United States,"Coppell, Texas",5'5,0,5-5,0,,181,Signed,2001-03-24,'01,2001-03-24,8,2,,8,Seattle Torrent,PWHL,19,0,8,F,,181,&nbsp;,5'5,0,,NA,Hannah Bilka,https://assets.leaguestat.com/pwhl/240x240/181.jpg,NA,7
99,127,1,Mariah,Keopple,,,L,"Menomonie, WI",Wisconsin,,"Menomonie, Wisconsin",Menomonie,Wisconsin,United States,"Menomonie, Wisconsin",5'9,0,5-9,0,,99,None,2000-06-27,'00,2000-06-27,8,2,,8,Seattle Torrent,PWHL,20,0,1,D,,99,&nbsp;,5'9,0,,NA,Mariah Keopple,https://assets.leaguestat.com/pwhl/240x240/99.jpg,NA,7
13,15,1,Hilary,Knight,HILL-AH-REE NIGHT,,R,"Sun Valley, ID",Idaho,,"Sun Valley, Idaho",Sun Valley,Idaho,United States,"Sun Valley, Idaho",5'11,0,5-11,0,,13,Signed,1989-07-12,'89,1989-07-12,8,2,,8,Seattle Torrent,PWHL,21,0,8,F,,13,&nbsp;,5'11,0,,NA,Hilary Knight,https://assets.leaguestat.com/pwhl/240x240/13.jpg,NA,7
294,538,1,Lyndie,Lobdell,,,R,"Aurora, IL",IL,United States,"Aurora, IL",Aurora,IL,United States,"Aurora, IL",,0,,0,,294,None,2002-09-01,'02,2002-09-01,8,2,,8,Seattle Torrent,PWHL,24,1,1,D,,294,*,,0,,NA,Lyndie Lobdell,https://assets.leaguestat.com/pwhl/240x240/294.jpg,NA,7
34,36,1,Alex,Carpenter,AL-ehx KAHR-pehn-tuhr,,L,"North Reading, MA",Massachusetts,,"North Reading, Massachusetts",North Reading,Massachusetts,United States,"North Reading, Massachusetts","5'7""",0,"5-7""",0,,34,Signed,1994-04-13,'94,1994-04-13,8,2,,8,Seattle Torrent,PWHL,25,0,8,F,,34,&nbsp;,"5'7""",0,,NA,Alex Carpenter,https://assets.leaguestat.com/pwhl/240x240/34.jpg,NA,7
208,404,1,Megan,Carter,MEH-gan CART-uhr,,L,"Milton, ON",ON,,"Milton, Ontario",Milton,Ontario,Canada,"Milton, Ontario",5'8,0,5-8,0,,208,Signed,2001-05-23,'01,2001-05-23,8,2,,8,Seattle Torrent,PWHL,27,0,1,D,,208,&nbsp;,5'8,0,,NA,Megan Carter,https://assets.leaguestat.com/pwhl/240x240/208.jpg,NA,7
155,188,1,Corinne,Schroeder,kohr-een SHROW-duhr,,R,"Elm Creek, MB",,,"Elm Creek, Manitoba",Elm Creek,Manitoba,Canada,"Elm Creek, Manitoba",5'11,0,5-11,0,,155,Signed,1999-08-17,'99,1999-08-17,8,2,,8,Seattle Torrent,PWHL,30,0,7,G,,155,&nbsp;,5'11,0,,NA,Corinne Schroeder,https://assets.leaguestat.com/pwhl/240x240/155.jpg,L,7
292,536,1,Jada,Habisch,,,R,"Buffalo, MN",MN,United States,"Buffalo, Minn",Buffalo,Minn,United States,"Buffalo, Minn",,0,,0,,292,None,2002-06-25,'02,2002-06-25,8,2,,8,Seattle Torrent,PWHL,52,1,8,F,,292,*,,0,,NA,Jada Habisch,https://assets.leaguestat.com/pwhl/240x240/292.jpg,NA,7
295,539,1,Marah,Wagner,,,L,"Seattle, WA",WA,United States,"Seattle, WA",Seattle,WA,United States,"Seattle, WA",,0,,0,,295,None,2000-10-19,'00,2000-10-19,8,2,,8,Seattle Torrent,PWHL,66,1,8,F,,295,*,,0,,NA,Marah Wagner,https://assets.leaguestat.com/pwhl/240x240/295.jpg,NA,7
134,167,1,Carly,Jackson,CAR-lee JAK-sun,,R,"Amherst, NS",,,"Amherst, Nova Scotia",Amherst,Nova Scotia,Canada,"Amherst, Nova Scotia","5'5""",0,"5-5""",0,,134,Signed,1997-06-23,'97,1997-06-23,8,2,,8,Seattle Torrent,PWHL,70,0,7,G,,134,&nbsp;,"5'5""",0,,NA,Carly Jackson,https://assets.leaguestat.com/pwhl/240x240/134.jpg,L,7
293,537,1,Sydney,Langseth,,,R,"Eden Prairie, MN",MN,United States,"Eden Prairie, Minnesota",Eden Prairie,Minnesota,United States,"Eden Prairie, Minnesota",,0,,0,,293,None,2002-01-29,'02,2002-01-29,8,2,,8,Seattle Torrent,PWHL,71,1,8,F,,293,*,,0,,NA,Sydney Langseth,https://assets.leaguestat.com/pwhl/240x240/293.jpg,NA,7
49,51,1,Lexie,Adzija,LEHKS-ee ah-JEE-uh,,L,"St. Thomas, ON",Ontario,Canada,"St. Thomas, Ontario",St. Thomas,Ontario,Canada,"St. Thomas, Ontario","5'10""",0,"5-10""",0,,49,Signed,2000-06-30,'00,2000-06-30,8,2,,8,Seattle Torrent,PWHL,78,0,8,F,,49,&nbsp;,"5'10""",0,"Ottawa (PWHL) 2023 Round: 11 (#65), Ottawa (PWHL) 2023 Round: 11 (#65)","list(id = ""295"", person_id = ""51"", draft_round = ""11"", draft_date = """", draft_year = ""2023"", draft_rank = ""65"", draft_team = ""Ottawa"", draft_team_id = ""0"", draft_league = """", junior_team = """", show_on_roster = ""1"", draft_mode = ""4"", lang_id = ""1"", draft_type_id = ""1"", draft_type = ""PWHL"", draft_status = """")",Lexie Adzija,https://assets.leaguestat.com/pwhl/240x240/49.jpg,NA,7
250,490,1,Hannah,Murphy,,,R,"Kingston, ON",ON,Canada,"Kingston, ON",Kingston,ON,Canada,"Kingston, ON",5'10,0,5-10,0,,250,Signed,2003-08-03,'03,2003-08-03,8,2,,8,Seattle Torrent,PWHL,83,1,7,G,,250,*,5'10,0,,NA,Hannah Murphy,https://assets.leaguestat.com/pwhl/240x240/250.jpg,L,7
210,406,1,Julia,Gosling,JOO-lee-uh GAWZ-lihng,,L,"London, ON",ON,,"London, Ontario",London,Ontario,Canada,"London, Ontario","5'10""",0,"5-10""",0,,210,Signed,2001-02-21,'01,2001-02-21,8,2,,8,Seattle Torrent,PWHL,88,0,8,F,,210,&nbsp;,"5'10""",0,,NA,Julia Gosling,https://assets.leaguestat.com/pwhl/240x240/210.jpg,NA,7
224,420,1,Danielle,Serdachny,DAN-yehl suhr-DAK-nee,,R,"Edmonton, AB",AB,,"Edmonton, Alberta",Edmonton,Alberta,Canada,"Edmonton, Alberta","5'9""",0,"5-9""",0,,224,Signed,2001-05-12,'01,2001-05-12,8,2,,8,Seattle Torrent,PWHL,92,0,8,F,,224,&nbsp;,"5'9""",0,,NA,Danielle Serdachny,https://assets.leaguestat.com/pwhl/240x240/224.jpg,NA,7
211,407,1,Raygan,Kirk,ray-GEHN kurk,,,"Ste. Anne, MB",MB,,"Ste. Anne, Manitoba",Ste. Anne,Manitoba,Canada,"Ste. Anne, Manitoba",5'8,0,5-8,0,,211,Signed,2001-03-11,'01,2001-03-11,6,2,,6,Toronto Sceptres,PWHL,1,0,7,G,,211,&nbsp;,5'8,0,,NA,Raygan Kirk,https://assets.leaguestat.com/pwhl/240x240/211.jpg,L,7
132,165,1,Jessica,Kondas,JEH-sih-KUH KAWN-duhs,,R,"Calgary, AB",,,"Calgary, Alberta",Calgary,Alberta,Canada,"Calgary, Alberta","5'9""",0,"5-9""",0,,132,Camp Invitee,2000-01-03,'00,2000-01-03,6,2,,6,Toronto Sceptres,PWHL,2,0,1,D,,132,&nbsp;,"5'9""",0,,NA,Jessica Kondas,https://assets.leaguestat.com/pwhl/240x240/132.jpg,NA,7
68,70,1,Kali,Flanagan,KAH-lee FLAN-uh-gehn,,R,"Burlington, MA",,,"Burlington, Massachussetts",Burlington,Massachussetts,United States,"Burlington, Massachussetts","5'4""",0,"5-4""",0,,68,Signed,1995-09-19,'95,1995-09-19,6,2,,6,Toronto Sceptres,PWHL,6,0,1,D,,68,&nbsp;,"5'4""",0,,NA,Kali Flanagan,https://assets.leaguestat.com/pwhl/240x240/68.jpg,NA,7
116,146,1,Clair,DeGeorge,,,L,"Anchorage, AK",AK,,"Anchorage, Alaska",Anchorage,Alaska,United States,"Anchorage, Alaska",5'11,0,5-11,0,,116,None,1999-06-07,'99,1999-06-07,6,2,,6,Toronto Sceptres,PWHL,8,0,8,F,,116,&nbsp;,5'11,0,,NA,Clair DeGeorge,https://assets.leaguestat.com/pwhl/240x240/116.jpg,NA,7
63,65,1,Daryl,Watts,DAIR-uhl WAHTS,,L,"Toronto, ON",Ontario,,"Toronto, Ontario",Toronto,Ontario,Canada,"Toronto, Ontario","5'6""",0,"5-6""",0,,63,Signed,1999-05-15,'99,1999-05-15,6,2,,6,Toronto Sceptres,PWHL,9,0,8,F,,63,&nbsp;,"5'6""",0,,NA,Daryl Watts,https://assets.leaguestat.com/pwhl/240x240/63.jpg,NA,7
311,555,1,Hanna,Baskin,,,L,"Minnetonka, MN",,,"Minnetonka, Minnesota",Minnetonka,Minnesota,United States,"Minnetonka, Minnesota",,0,,0,,311,None,2003-07-10,'03,2003-07-10,6,2,,6,Toronto Sceptres,PWHL,10,1,1,D,,311,*,,0,,NA,Hanna Baskin,https://assets.leaguestat.com/pwhl/240x240/311.jpg,NA,7
317,561,1,Kiara,Zanon,,,L,"Fairport, NY",,,"Fairport, New York",Fairport,New York,United States,"Fairport, New York",,0,,0,,317,None,2002-08-22,'02,2002-08-22,6,2,,6,Toronto Sceptres,PWHL,11,1,8,F,,317,*,,0,,NA,Kiara Zanon,https://assets.leaguestat.com/pwhl/240x240/317.jpg,NA,7
74,76,1,Allie,Munroe,AH-lee MUHN-roh,,L,"Yarmouth, NS",Nova Scotia,,"Yarmouth, Nova Scotia",Yarmouth,Nova Scotia,Canada,"Yarmouth, Nova Scotia","5'6""",0,"5-6""",0,,74,Signed,1997-04-20,'97,1997-04-20,6,2,,6,Toronto Sceptres,PWHL,12,0,1,D,,74,&nbsp;,"5'6""",0,,NA,Allie Munroe,https://assets.leaguestat.com/pwhl/240x240/74.jpg,NA,7
213,409,1,Anneke,Rankila,AH-nik-KUH REHN-kuh-lah,,R,"Lino Lakes, MN",MN,,"Lino Lakes, Minnesota",Lino Lakes,Minnesota,United States,"Lino Lakes, Minnesota",5'10,0,5-10,0,,213,Draftee,1999-11-10,'99,1999-11-10,6,2,,6,Toronto Sceptres,PWHL,13,0,8,F,,213,&nbsp;,5'10,0,,NA,Anneke Rankila,https://assets.leaguestat.com/pwhl/240x240/213.jpg,NA,7
67,69,1,Renata,Fast,REH-NAH-tuh FAST,,R,"Burlington, ON",Ontario,,"Burlington, Ontario",Burlington,Ontario,Canada,"Burlington, Ontario","5'7""",0,"5-7""",0,,67,Signed,1994-10-06,'94,1994-10-06,6,2,,6,Toronto Sceptres,PWHL,14,0,1,D,,67,&nbsp;,"5'7""",0,,NA,Renata Fast,https://assets.leaguestat.com/pwhl/240x240/67.jpg,NA,7
56,58,1,Savannah,Harmon,SAH-VAHN-UH HAR-mihn,,L,"Downers Grove, IL",Illinois,,"Downers Grove, Illinois",Downers Grove,Illinois,United States,"Downers Grove, Illinois","5'3""",0,"5-3""",0,,56,Signed,1995-10-27,'95,1995-10-27,6,2,,6,Toronto Sceptres,PWHL,15,0,1,D,,56,&nbsp;,"5'3""",0,,NA,Savannah Harmon,https://assets.leaguestat.com/pwhl/240x240/56.jpg,NA,7
315,559,1,Lauren,Messier,,,L,"Burlington, ON",,,"Burlington, Ontario",Burlington,Ontario,Canada,"Burlington, Ontario",,0,,0,,315,None,2003-07-03,'03,2003-07-03,6,2,,6,Toronto Sceptres,PWHL,16,1,8,F,,315,*,,0,,NA,Lauren Messier,https://assets.leaguestat.com/pwhl/240x240/315.jpg,NA,7
44,46,1,Ella,Shelton,EH-LUH SHEHL-tuhn,,L,"Ingersoll, ON",Ontario,,"Ingersoll, Ontario",Ingersoll,Ontario,Canada,"Ingersoll, Ontario","5'8""",0,"5-8""",0,,44,Signed,1998-01-19,'98,1998-01-19,6,2,,6,Toronto Sceptres,PWHL,17,0,1,D,,44,&nbsp;,"5'8""",0,,NA,Ella Shelton,https://assets.leaguestat.com/pwhl/240x240/44.jpg,NA,7
65,67,1,Jesse,Compher,JEH-see KUHM-fuhr,,R,"Northbrook, IL",Illinois,,"Northbrook, Illinois",Northbrook,Illinois,United States,"Northbrook, Illinois","5'8""",0,"5-8""",0,,65,Signed,1999-07-01,'99,1999-07-01,6,2,,6,Toronto Sceptres,PWHL,18,0,8,F,,65,&nbsp;,"5'8""",0,,NA,Jesse Compher,https://assets.leaguestat.com/pwhl/240x240/65.jpg,NA,7
313,557,1,Sara,Hjalmarsson,,,L,"Bankeryd, SWE",,,"Bankeryd, Sweden",Bankeryd,,Sweden,"Bankeryd, ",,0,,0,,313,None,1998-02-08,'98,1998-02-08,6,2,,6,Toronto Sceptres,PWHL,19,1,8,F,,313,*,,0,,NA,Sara Hjalmarsson,https://assets.leaguestat.com/pwhl/240x240/313.jpg,NA,7
244,484,1,Emma,Gentry,,,L,"Alpena, MI",,United States,"Alpena, Michigan",Alpena,Michigan,United States,"Alpena, Michigan",5'11,0,5-11,0,,244,Signed,2002-10-23,'02,2002-10-23,6,2,,6,Toronto Sceptres,PWHL,20,1,8,F,,244,*,5'11,0,,NA,Emma Gentry,https://assets.leaguestat.com/pwhl/240x240/244.jpg,NA,7
54,56,1,Kristin,Della Rovere,,,R,"Caledon East, ON",Ontario,,"Caledon, Ontario",Caledon,Ontario,Canada,"Caledon, Ontario",,0,,0,,54,None,2000-11-30,'00,2000-11-30,6,2,,6,Toronto Sceptres,PWHL,21,1,8,F,,54,*,,0,,NA,Kristin Della Rovere,https://assets.leaguestat.com/pwhl/240x240/54.jpg,NA,7
66,68,1,Maggie,Connors,MA-gee KAW-nuhrs,,L,"St. John's, NL",Newfoundland,,"St John's, Newfoundland",St John's,Newfoundland,Canada,"St John's, Newfoundland","5'6""",0,"5-6""",0,,66,Signed,2000-10-22,'00,2000-10-22,6,2,,6,Toronto Sceptres,PWHL,22,0,8,F,,66,&nbsp;,"5'6""",0,,NA,Maggie Connors,https://assets.leaguestat.com/pwhl/240x240/66.jpg,NA,7
100,128,1,Natalie,Spooner,NAH-TAH-LEE SPOO-NER,,R,"Scarborough, ON",Ontario,,"Scarborough, Ontario",Scarborough,Ontario,Canada,"Scarborough, Ontario",5'10,0,5-10,0,,100,Signed,1990-10-17,'90,1990-10-17,6,2,,6,Toronto Sceptres,PWHL,24,0,8,F,,100,&nbsp;,5'10,0,,NA,Natalie Spooner,https://assets.leaguestat.com/pwhl/240x240/100.jpg,NA,7
316,560,1,Clara,Van Wieren,,,L,"Okemos, MI",,,"Okemos, Michigan",Okemos,Michigan,United States,"Okemos, Michigan",,0,,0,,316,None,2002-01-25,'02,2002-01-25,6,2,,6,Toronto Sceptres,PWHL,25,1,8,F,,316,*,,0,,NA,Clara Van Wieren,https://assets.leaguestat.com/pwhl/240x240/316.jpg,NA,7
73,75,1,Emma,Maltais,EH-ma MAL-tay,,L,"Burlington, ON",Ontario,,"Burlington, Ontario",Burlington,Ontario,Canada,"Burlington, Ontario","5'3""",0,"5-3""",0,,73,Signed,1999-11-04,'99,1999-11-04,6,2,,6,Toronto Sceptres,PWHL,27,0,8,F,,73,&nbsp;,"5'3""",0,,NA,Emma Maltais,https://assets.leaguestat.com/pwhl/240x240/73.jpg,NA,7
85,104,1,Elaine,Chuli,,,L,"Waterford, ON",Ontario,,"Waterford, Ontario",Waterford,Ontario,Canada,"Waterford, Ontario",5'7,0,5-7,0,,85,None,1994-05-16,'94,1994-05-16,6,2,,6,Toronto Sceptres,PWHL,29,0,7,G,,85,&nbsp;,5'7,0,,NA,Elaine Chuli,https://assets.leaguestat.com/pwhl/240x240/85.jpg,L,7
312,556,1,Sarah,Coe,,,L,"Whitby, ON",,,"Whitby, Ontario",Whitby,Ontario,Canada,"Whitby, Ontario",,0,,0,,312,None,2003-04-02,'03,2003-04-02,6,2,,6,Toronto Sceptres,PWHL,30,1,7,G,,312,*,,0,,NA,Sarah Coe,https://lscluster.hockeytech.com/img/nophoto.png,L,7
76,78,1,Blayre,Turnbull,BLEHR TURN-bul,,R,"Stellarton, NS",Nova Scotia,,"Stellarton, Nova Scotia",Stellarton,Nova Scotia,Canada,"Stellarton, Nova Scotia","5'7""",0,"5-7""",0,,76,Signed,1993-07-15,'93,1993-07-15,6,2,,6,Toronto Sceptres,PWHL,40,0,8,F,,76,&nbsp;,"5'7""",0,,NA,Blayre Turnbull,https://assets.leaguestat.com/pwhl/240x240/76.jpg,NA,7
26,28,1,Claire,Dalton,,,R,"Toronto, ON",Ontario,,"Toronto, Ontario",Toronto,Ontario,Canada,"Toronto, Ontario","5'9""",0,"5-9""",0,,26,None,2000-03-20,'00,2000-03-20,6,2,,6,Toronto Sceptres,PWHL,42,0,8,F,,26,&nbsp;,"5'9""",0,,NA,Claire Dalton,https://assets.leaguestat.com/pwhl/240x240/26.jpg,NA,7
86,105,1,Emma,Woods,EH-muh WUDZ,,R,"Burford, ON",Ontario,,"Burford, Ontario",Burford,Ontario,Canada,"Burford, Ontario","5'7""",0,"5-7""",0,,86,Signed,1995-12-18,'95,1995-12-18,6,2,,6,Toronto Sceptres,PWHL,67,0,8,F,,86,&nbsp;,"5'7""",0,,NA,Emma Woods,https://assets.leaguestat.com/pwhl/240x240/86.jpg,NA,7
200,396,1,Anna,Kjellbin,,,R,"Göteberg, SWE",SWE,Sweden,"Göteberg, Sweden",Göteberg,,Sweden,"Göteberg, ","5'7""",0,"5-7""",0,,200,None,1994-03-16,'94,1994-03-16,6,2,,6,Toronto Sceptres,PWHL,71,0,1,D,,200,&nbsp;,"5'7""",0,,NA,Anna Kjellbin,https://assets.leaguestat.com/pwhl/240x240/200.jpg,NA,7
314,558,1,Jessie,McPherson,,,L,"Chatham, ON",,,"Chatham, Ontario",Chatham,Ontario,Canada,"Chatham, Ontario",,0,,0,,314,None,2002-12-20,'02,2002-12-20,6,2,,6,Toronto Sceptres,PWHL,91,1,7,G,,314,*,,0,,NA,Jessie McPherson,https://assets.leaguestat.com/pwhl/240x240/314.jpg,L,7
302,546,1,Maddy,Clough,,,L,"Andover, MN",,,"Andover, Minnesota",Andover,Minnesota,United States,"Andover, Minnesota","5'3""",0,"5-3""",0,,302,Camp Invitee,2003-03-31,'03,2003-03-31,9,2,,9,Vancouver Goldeneyes,PWHL,2,1,1,D,,302,*,"5'3""",0,,NA,Maddy Clough,https://assets.leaguestat.com/pwhl/240x240/302.jpg,NA,7
304,548,1,Karley,Garcia,,,R,"Roseville, CA",,,"Roseville, California",Roseville,California,United States,"Roseville, California","5'7""",0,"5-7""",0,,304,Camp Invitee,2003-07-09,'03,2003-07-09,9,2,,9,Vancouver Goldeneyes,PWHL,5,1,1,D,,304,*,"5'7""",0,,NA,Karley Garcia,https://assets.leaguestat.com/pwhl/240x240/304.jpg,NA,7
310,554,1,Madison,Samoskevich,,,L,"Sandy Hook, CT",,,"Sandy Hook, Connecticut",Sandy Hook,Connecticut,United States,"Sandy Hook, Connecticut",5'5,0,5-5,0,,310,Signed,2002-11-15,'02,2002-11-15,9,2,,9,Vancouver Goldeneyes,PWHL,7,1,5,LD,,310,*,5'5,0,,NA,Madison Samoskevich,https://assets.leaguestat.com/pwhl/240x240/310.jpg,NA,7
209,405,1,Izzy,Daniel,IH-zee DAN-yuhl,,R,"Minneapolis, MN",MN,,"Minneapolis, Minnesota",Minneapolis,Minnesota,United States,"Minneapolis, Minnesota","5'5""",0,"5-5""",0,,209,Signed,2000-09-29,'00,2000-09-29,9,2,,9,Vancouver Goldeneyes,PWHL,8,0,8,F,,209,&nbsp;,"5'5""",0,,NA,Izzy Daniel,https://assets.leaguestat.com/pwhl/240x240/209.jpg,NA,7
301,545,1,Katie,Chan,,,L,"Richmond, BC",,,"Richmond, British Columbia",Richmond,British Columbia,Canada,"Richmond, British Columbia",5'2,0,5-2,0,,301,Camp Invitee,2003-01-05,'03,2003-01-05,9,2,,9,Vancouver Goldeneyes,PWHL,9,1,8,F,,301,*,5'2,0,,NA,Katie Chan,https://assets.leaguestat.com/pwhl/240x240/301.jpg,NA,7
180,376,1,Sydney,Bard,SIHD-nee bahrd,,R,"New Hartford, NY",NY,,"New Hartford, New York",New Hartford,New York,United States,"New Hartford, New York",5'3,0,5-3,0,,180,Signed,2001-01-15,'01,2001-01-15,9,2,,9,Vancouver Goldeneyes,PWHL,11,0,1,D,,180,&nbsp;,5'3,0,,NA,Sydney Bard,https://assets.leaguestat.com/pwhl/240x240/180.jpg,NA,7
198,394,1,Jenn,Gardiner,,,L,"Surrey, BC",BC,,"Surrey, British Columbia",Surrey,British Columbia,Canada,"Surrey, British Columbia",5'6,0,5-6,0,,198,Camp Invitee,2001-09-18,'01,2001-09-18,9,2,,9,Vancouver Goldeneyes,PWHL,12,0,8,F,,198,&nbsp;,5'6,0,,NA,Jenn Gardiner,https://assets.leaguestat.com/pwhl/240x240/198.jpg,NA,7
161,196,1,Tereza,Vanišová, TAH-ree-zuh VAH-nee-soh-VUH,,L,"Strakonice, CZE",CZE,,"Strakonice, Czechia, Czechia",Strakonice,Czechia,Czechia,"Strakonice, Czechia",5'7,0,5-7,0,,161,Signed,1996-01-30,'96,1996-01-30,9,2,,9,Vancouver Goldeneyes,PWHL,13,0,8,F,,161,&nbsp;,5'7,0,,NA,Tereza Vanišová,https://assets.leaguestat.com/pwhl/240x240/161.jpg,NA,7
227,423,1,Gabby,Rosenthal,GAH-bee ROW-zehn-thahl,,R,"Blaine, MN",MN,,"Blaine , Minnesota",Blaine ,Minnesota,United States,"Blaine , Minnesota",5'7,0,5-7,0,,227,Camp Invitee,1999-09-13,'99,1999-09-13,9,2,,9,Vancouver Goldeneyes,PWHL,15,0,8,F,,227,&nbsp;,5'7,0,,NA,Gabby Rosenthal,https://assets.leaguestat.com/pwhl/240x240/227.jpg,NA,7
11,13,1,Sophie,Jaques,SOH-fee JAYKS,,R,"Toronto, ON",Ontario,,"Toronto, Ontario",Toronto,Ontario,Canada,"Toronto, Ontario",5'8,0,5-8,0,,11,Camp Invitee,2000-10-16,'00,2000-10-16,9,2,,9,Vancouver Goldeneyes,PWHL,16,0,1,D,,11,&nbsp;,5'8,0,,NA,Sophie Jaques,https://assets.leaguestat.com/pwhl/240x240/11.jpg,NA,7
140,173,1,Malia,Schneider,,,R,"Millarville, AB",,,"Millarville, Alberta",Millarville,Alberta,Canada,"Millarville, Alberta","5'6""",0,"5-6""",0,,140,Camp Invitee,1998-10-03,'98,1998-10-03,9,2,,9,Vancouver Goldeneyes,PWHL,18,1,8,F,,140,*,"5'6""",0,,NA,Malia Schneider,https://assets.leaguestat.com/pwhl/240x240/140.jpg,NA,7
75,77,1,Sarah,Nurse,SAIR-uh NUHRS,,L,"Hamilton, ON",Ontario,,"Hamilton, Ontario",Hamilton,Ontario,Canada,"Hamilton, Ontario",5'7,0,5-7,0,,75,Signed,1995-01-04,'95,1995-01-04,9,2,,9,Vancouver Goldeneyes,PWHL,20,0,8,F,,75,&nbsp;,5'7,0,,NA,Sarah Nurse,https://assets.leaguestat.com/pwhl/240x240/75.jpg,NA,7
50,52,1,Ashton,Bell,ASH-tuhn BEHL,,R,"Deloraine, MB",Manitoba,,"Deloraine, MB, Manitoba","Deloraine, MB",Manitoba,Canada,"Deloraine, MB, Manitoba","5'9""",0,"5-9""",0,,50,Signed,1999-12-07,'99,1999-12-07,9,2,,9,Vancouver Goldeneyes,PWHL,21,0,1,D,,50,&nbsp;,"5'9""",0,,NA,Ashton Bell,https://assets.leaguestat.com/pwhl/240x240/50.jpg,NA,7
114,144,1,Abby,Boreen,,,R,"Somerset, WI",WI,,"Somerset, Wisconsin",Somerset,Wisconsin,United States,"Somerset, Wisconsin",5'8,0,5-8,0,,114,Camp Invitee,2000-04-03,'00,2000-04-03,9,2,,9,Vancouver Goldeneyes,PWHL,22,0,8,F,,114,&nbsp;,5'8,0,,NA,Abby Boreen,https://assets.leaguestat.com/pwhl/240x240/114.jpg,NA,7
129,162,1,Mellissa,Channell-Watkins,Muh-LISS-uh CHAN-uhl WHAT-kins,,L,"Plymouth, MI",,,"Plymouth, Michigan",Plymouth,Michigan,United States,"Plymouth, Michigan",5'4,0,5-4,0,,129,Signed,1994-12-16,'94,1994-12-16,9,2,,9,Vancouver Goldeneyes,PWHL,23,0,1,D,,129,&nbsp;,5'4,0,,NA,Mellissa Channell-Watkins,https://assets.leaguestat.com/pwhl/240x240/129.jpg,NA,7
118,148,1,Emma,Greco,EH-muh GREH-koh,,L,"Burlington, ON",,,"Burlington, Ontario",Burlington,Ontario,Canada,"Burlington, Ontario",5'9,0,5-9,0,,118,Signed,1995-03-06,'95,1995-03-06,9,2,,9,Vancouver Goldeneyes,PWHL,25,0,1,D,,118,&nbsp;,5'9,0,,NA,Emma Greco,https://assets.leaguestat.com/pwhl/240x240/118.jpg,NA,7
192,388,1,Brooke,McQuigge,,,L,"Bowmanville, ON",ON,,"Bowmanville, Ontario",Bowmanville,Ontario,Canada,"Bowmanville, Ontario","5'8""",0,"5-8""",0,,192,Signed,2000-06-09,'00,2000-06-09,9,2,,9,Vancouver Goldeneyes,PWHL,26,0,8,F,,192,&nbsp;,"5'8""",0,,NA,Brooke McQuigge,https://assets.leaguestat.com/pwhl/240x240/192.jpg,NA,7
299,543,1,Chanreet,Bassi,,,R,"Kelowna, BC",,,"Kelowna, BC, British Columbia","Kelowna, BC",British Columbia,Canada,"Kelowna, BC, British Columbia",5'7,0,5-7,0,,299,Camp Invitee,2001-11-27,'01,2001-11-27,9,2,,9,Vancouver Goldeneyes,PWHL,27,1,8,F,,299,*,5'7,0,,NA,Chanreet Bassi,https://assets.leaguestat.com/pwhl/240x240/299.jpg,NA,7
305,549,1,Nina,Jobst-Smith,,,R,"North Vancouver, BC",,,"North Vancouver, British Columbia",North Vancouver,British Columbia,Canada,"North Vancouver, British Columbia",5'7,0,5-7,0,,305,Camp Invitee,2001-08-30,'01,2001-08-30,9,2,,9,Vancouver Goldeneyes,PWHL,28,1,1,D,,305,*,5'7,0,,NA,Nina Jobst-Smith,https://assets.leaguestat.com/pwhl/240x240/305.jpg,NA,7
303,547,1,Erica,Fryer,,,L,"Amherstburg, ON",,,"Amherstburg, Ontario",Amherstburg,Ontario,Canada,"Amherstburg, Ontario","5'6""",0,"5-6""",0,,303,Camp Invitee,2000-12-27,'00,2000-12-27,9,2,,9,Vancouver Goldeneyes,PWHL,30,1,7,G,,303,*,"5'6""",0,,NA,Erica Fryer,https://assets.leaguestat.com/pwhl/240x240/303.jpg,L,7
252,495,1,Michelle,Karvinen,,,L,"Rødovre, DEN",,,"Rødovre, Denmark, Denmark",Rødovre,Denmark,Denmark,"Rødovre, Denmark",5'6,0,5-6,0,,252,Signed,1990-03-27,'90,1990-03-27,9,2,,9,Vancouver Goldeneyes,PWHL,33,1,8,F,,252,*,5'6,0,,NA,Michelle Karvinen,https://assets.leaguestat.com/pwhl/240x240/252.jpg,NA,7
89,108,1,Hannah,Miller,HAN-uh MIH-luhr,,L,"North Vancouver, BC ",British Columbia,,"North Vancouver, British Columbia",North Vancouver,British Columbia,Canada,"North Vancouver, British Columbia",5'9,0,5-9,0,,89,Signed,1996-02-16,'96,1996-02-16,9,2,,9,Vancouver Goldeneyes,PWHL,34,0,8,F,,89,&nbsp;,5'9,0,,NA,Hannah Miller,https://assets.leaguestat.com/pwhl/240x240/89.jpg,NA,7
309,553,1,Kimberly,Newell,,,L,"Burnaby, BC",,,"Burnaby, British Columbia",Burnaby,British Columbia,Canada,"Burnaby, British Columbia",5'9,0,5-9,0,,309,Camp Invitee,1995-10-04,'95,1995-10-04,9,2,,9,Vancouver Goldeneyes,PWHL,35,1,7,G,,309,*,5'9,0,,NA,Kimberly Newell,https://assets.leaguestat.com/pwhl/240x240/309.jpg,L,7
307,551,1,Taylor,Lind,,,L,"Swift Current, SK",,,"Swift Current, Saskatchewan",Swift Current,Saskatchewan,Canada,"Swift Current, Saskatchewan","5'7""",0,"5-7""",0,,307,Camp Invitee,2002-01-08,'02,2002-01-08,9,2,,9,Vancouver Goldeneyes,PWHL,37,1,8,F,,307,*,"5'7""",0,,NA,Taylor Lind,https://assets.leaguestat.com/pwhl/240x240/307.jpg,NA,7
59,61,1,Emerance,Maschmeyer,EH-muhr-ehns MASH-my-uhr,,L,"Bruderheim, AB",Alberta,,"Bruderheim, Alberta",Bruderheim,Alberta,Canada,"Bruderheim, Alberta",5'6,0,5-6,0,,59,Signed,1994-10-05,'94,1994-10-05,9,2,,9,Vancouver Goldeneyes,PWHL,38,0,7,G,,59,&nbsp;,5'6,0,,NA,Emerance Maschmeyer,https://assets.leaguestat.com/pwhl/240x240/59.jpg,L,7
104,134,1,Denisa,Křížová,DUH-nee-SAH SHISH-uh-vuh,,L,"Horní Cerekev, CZE",CZE,,"Horni Cerekev, Czechia, Czechia",Horni Cerekev,Czechia,Czechia,"Horni Cerekev, Czechia","5'5""",0,"5-5""",0,,104,Camp Invitee,1994-11-03,'94,1994-11-03,9,2,,9,Vancouver Goldeneyes,PWHL,41,0,8,F,,104,&nbsp;,"5'5""",0,,NA,Denisa Křížová,https://assets.leaguestat.com/pwhl/240x240/104.jpg,NA,7
169,204,1,Claire,Thompson,,,L,"Toronto, ON",,,"Toronto, Ontario",Toronto,Ontario,Canada,"Toronto, Ontario",5'8,0,5-8,0,,169,Camp Invitee,1998-01-28,'98,1998-01-28,9,2,,9,Vancouver Goldeneyes,PWHL,42,0,1,D,,169,&nbsp;,5'8,0,,NA,Claire Thompson,https://assets.leaguestat.com/pwhl/240x240/169.jpg,NA,7
64,66,1,Kristen,Campbell,KRIHS-tehn CAM-behl,,L,"Brandon, MB",Manitoba,,"Brandon, Manitoba",Brandon,Manitoba,Canada,"Brandon, Manitoba",5'10,0,5-10,0,,64,Signed,1997-11-30,'97,1997-11-30,9,2,,9,Vancouver Goldeneyes,PWHL,50,0,7,G,,64,&nbsp;,5'10,0,,NA,Kristen Campbell,https://assets.leaguestat.com/pwhl/240x240/64.jpg,L,7
248,488,1,Anna,Segedi,,,L,"Commerce Township, MI",,United States,"Commerce Township , Michigan",Commerce Township ,Michigan,United States,"Commerce Township , Michigan",5'5,0,5-5,0,,248,Signed,2000-12-20,'00,2000-12-20,9,1,*,9,Vancouver Goldeneyes,PWHL,51,1,8,F,,248,*,5'5,0,,NA,Anna Segedi,https://assets.leaguestat.com/pwhl/240x240/248.jpg,NA,7
306,550,1,Darcie,Lappan,,,L,"Kingston, ON",,,"Kingston, Ontario",Kingston,Ontario,Canada,"Kingston, Ontario",5'7,0,5-7,0,,306,Camp Invitee,2001-09-15,'01,2001-09-15,9,2,,9,Vancouver Goldeneyes,PWHL,72,1,8,F,,306,*,5'7,0,,NA,Darcie Lappan,https://assets.leaguestat.com/pwhl/240x240/306.jpg,NA,7
115,145,1,Michela,Cava,MIH-kay-luh KAH-vuh,,R,"Thunder Bay, ON",,,"Thunder Bay, Ontario",Thunder Bay,Ontario,Canada,"Thunder Bay, Ontario",5'4,0,5-4,0,,115,Camp Invitee,1994-03-26,'94,1994-03-26,9,2,,9,Vancouver Goldeneyes,PWHL,86,0,8,F,,115,&nbsp;,5'4,0,,NA,Michela Cava,https://assets.leaguestat.com/pwhl/240x240/115.jpg,NA,7
308,552,1,Kennesha,Miswaggon,,,R,"Cross Lake, MB",,,"Cross Lake, Manitoba",Cross Lake,Manitoba,Canada,"Cross Lake, Manitoba","5'7""",0,"5-7""",0,,308,Camp Invitee,2001-03-08,'01,2001-03-08,9,2,,9,Vancouver Goldeneyes,PWHL,94,1,1,D,,308,*,"5'7""",0,,NA,Kennesha Miswaggon,https://assets.leaguestat.com/pwhl/240x240/308.jpg,NA,7
300,544,0,Brianna,Brooks,,,R,"Whitby, ON",,,"Whitby, Ontario",Whitby,Ontario,Canada,"Whitby, Ontario",5'9,0,5-9,0,,300,Camp Invitee,2002-06-28,'02,2002-06-28,9,2,,9,Vancouver Goldeneyes,PWHL,17,1,8,F,,300,*,5'9,0,,NA,Brianna Brooks,https://assets.leaguestat.com/pwhl/240x240/300.jpg,NA,7
52,54,1,Zoe,Boyd, ZOH-ee boy-d,,L,"Caledon East, ON",Ontario,,"Caledon East, Ontario",Caledon East,Ontario,Canada,"Caledon East, Ontario",5'8,0,5-8,0,,52,Signed,2000-08-09,'00,2000-08-09,1,1,*,1,Boston Fleet,PWHL,3,0,5,LD,,52,&nbsp;,5'8,0,,NA,Zoe Boyd,https://assets.leaguestat.com/pwhl/240x240/52.jpg,NA,8
12,14,1,Megan,Keller,MEH-GIHN KEH-LER,,L,"Farmington, MI",Michigan,,"Farmington, Michigan",Farmington,Michigan,United States,"Farmington, Michigan",5'11,0,5-11,0,,12,Signed,1996-05-01,'96,1996-05-01,1,1,*,1,Boston Fleet,PWHL,5,0,5,LD,,12,&nbsp;,5'11,0,,NA,Megan Keller,https://assets.leaguestat.com/pwhl/240x240/12.jpg,NA,8
182,378,1,Hadley,Hartmetz,HAHD-lee HAHRT-mahtz,,R,"Phoenixville, PA",PA,,"Phoenixville, Pennsylvania",Phoenixville,Pennsylvania,United States,"Phoenixville, Pennsylvania",5'5,0,5-5,0,,182,Signed,2001-03-25,'01,2001-03-25,1,1,*,1,Boston Fleet,PWHL,6,0,6,RD,,182,&nbsp;,5'5,0,,NA,Hadley Hartmetz,https://assets.leaguestat.com/pwhl/240x240/182.jpg,NA,8
254,498,1,Mia,Biotti,,,L,"Cambridge, MA",MA,United States,"Cambridge, Massachusetts",Cambridge,Massachusetts,United States,"Cambridge, Massachusetts",,0,,0,,254,Camp Invitee,2002-07-24,'02,2002-07-24,1,2,,1,Boston Fleet,PWHL,7,1,6,RD,,254,*,,0,,NA,Mia Biotti,https://assets.leaguestat.com/pwhl/240x240/254.jpg,NA,8
246,486,1,Haley,Winn,,,R,"Rochester, NY",,United States,"Rochester, New York ",Rochester,New York ,United States,"Rochester, New York ",5'6,0,5-6,0,,246,Signed,2003-07-14,'03,2003-07-14,1,2,,1,Boston Fleet,PWHL,8,1,6,RD,,246,*,5'6,0,,NA,Haley Winn,https://assets.leaguestat.com/pwhl/240x240/246.jpg,NA,8
18,20,1,Sophie,Shirley,SO-FEE SHUHR-lee,,R,"Saskatoon, SK",Saskatchewan,,"Saskatoon, Saskatchewan",Saskatoon,Saskatchewan,Canada,"Saskatoon, Saskatchewan",5'9,0,5-9,0,,18,Signed,1999-06-30,'99,1999-06-30,1,1,*,1,Boston Fleet,PWHL,9,0,2,RW,,18,&nbsp;,5'9,0,,NA,Sophie Shirley,https://assets.leaguestat.com/pwhl/240x240/18.jpg,NA,8
15,17,1,Alina,Müller,AH-lee-na MEW-LER,,L,"Winterthur, SWI",SWI,Switzerland,"Winterthur, Switzerland",Winterthur,,Switzerland,"Winterthur, ",5'5,0,5-5,0,,15,Signed,1998-03-12,'98,1998-03-12,1,1,*,1,Boston Fleet,PWHL,11,0,4,C,,15,&nbsp;,5'5,0,,NA,Alina Müller,https://assets.leaguestat.com/pwhl/240x240/15.jpg,NA,8
97,125,1,Liz,Schepers,LIHZ SHEH-puhrs,,L,"Mound, MN",Minnesota,,"Mound , Minnesota",Mound ,Minnesota,United States,"Mound , Minnesota",5'7,0,5-7,0,,97,Signed,1999-02-13,'99,1999-02-13,1,1,*,1,Boston Fleet,PWHL,13,0,4,C,,97,&nbsp;,5'7,0,,NA,Liz Schepers,https://assets.leaguestat.com/pwhl/240x240/97.jpg,NA,8
256,500,1,Olivia,Mobley,,,R,"St. Louis Park, MN",MN,United States,"St. Louis Park, Minnesota",St. Louis Park,Minnesota,United States,"St. Louis Park, Minnesota",,0,,0,,256,Draftee,2001-10-28,'01,2001-10-28,1,2,,1,Boston Fleet,PWHL,15,1,2,RW,,256,*,,0,,NA,Olivia Mobley,https://assets.leaguestat.com/pwhl/240x240/256.jpg,NA,8
255,499,1,Riley,Brengman,,,R,"China Township, MI",MI,United States,"China Township, Michigan",China Township,Michigan,United States,"China Township, Michigan",,0,,0,,255,Draftee,2002-07-06,'02,2002-07-06,1,2,,1,Boston Fleet,PWHL,16,1,6,RD,,255,*,,0,,NA,Riley Brengman,https://assets.leaguestat.com/pwhl/240x240/255.jpg,NA,8
36,38,1,Jessie,Eldridge,jeh-see EHLD-rihdj,,R,"Barrie, ON",Ontario,,"Barrie, Ontario",Barrie,Ontario,Canada,"Barrie, Ontario","5'9""",0,"5-9""",0,,36,Signed,1997-12-17,'97,1997-12-17,1,2,,1,Boston Fleet,PWHL,18,0,8,F,,36,&nbsp;,"5'9""",0,,NA,Jessie Eldridge,https://assets.leaguestat.com/pwhl/240x240/36.jpg,NA,8
259,503,1,Abby,Newhook,,,R,"St John's, NL",NL,Canada,"St John's, Newfoundland",St John's,Newfoundland,Canada,"St John's, Newfoundland",,0,,0,,259,Draftee,2003-05-13,'03,2003-05-13,1,2,,1,Boston Fleet,PWHL,19,1,2,RW,,259,*,,0,,NA,Abby Newhook,https://assets.leaguestat.com/pwhl/240x240/259.jpg,NA,8
1,3,1,Hannah,Brandt,HA-nuh BRAN-T,,R,"Vadnais Heights, MN",Minnesota,,"Vadnais Heights, Minnesota",Vadnais Heights,Minnesota,United States,"Vadnais Heights, Minnesota",5'6,0,5-6,0,,1,Signed,1993-11-27,'93,1993-11-27,1,1,*,1,Boston Fleet,PWHL,20,0,4,C,,1,&nbsp;,5'6,0,,NA,Hannah Brandt,https://assets.leaguestat.com/pwhl/240x240/1.jpg,NA,8
212,408,1,Laura,Kluge,lohr-UH KLOO-geh,,L,"Berlin, GER",GER,,"Berlin, Germany",Berlin,,Germany,"Berlin, ",5'10,0,5-10,0,,212,Signed,1996-11-06,'96,1996-11-06,1,1,*,1,Boston Fleet,PWHL,25,0,3,LW,,212,&nbsp;,5'10,0,,NA,Laura Kluge,https://assets.leaguestat.com/pwhl/240x240/212.jpg,NA,8
243,483,1,Ella,Huber,,,L,"Northfield, IL",,,"Northfield, Illinois",Northfield,Illinois,United States,"Northfield, Illinois",5'5,0,5-5,0,,243,Signed,2002-12-18,'02,2002-12-18,1,2,,1,Boston Fleet,PWHL,26,1,3,LW,,243,*,5'5,0,,NA,Ella Huber,https://assets.leaguestat.com/pwhl/240x240/243.jpg,NA,8
183,379,1,Shay,Maloney,SHAY muh-LOW-nee,,R,"McHenry, IL",IL,,"McHenry, Illinois",McHenry,Illinois,United States,"McHenry, Illinois",5'9,0,5-9,0,,183,Signed,2000-01-13,'00,2000-01-13,1,1,*,1,Boston Fleet,PWHL,27,0,2,RW,,183,&nbsp;,5'9,0,,NA,Shay Maloney,https://assets.leaguestat.com/pwhl/240x240/183.jpg,NA,8
262,506,1,Amanda,Thiele,,,L,"Milford, MI",MI,United States,"Milford, Michigan",Milford,Michigan,United States,"Milford, Michigan",,0,,0,,262,Draftee,2002-07-30,'02,2002-07-30,1,2,,1,Boston Fleet,PWHL,30,1,7,G,,262,*,,0,,NA,Amanda Thiele,https://assets.leaguestat.com/pwhl/240x240/262.jpg,L,8
6,8,1,Aerin,Frankel,AIR-IN FRANK-uhl,,L,"Chappaqua, NY",New York,,"Chappaqua, New York",Chappaqua,New York,United States,"Chappaqua, New York",5'5,0,5-5,0,,6,Signed,1999-05-24,'99,1999-05-24,1,1,*,1,Boston Fleet,PWHL,31,0,7,G,,6,&nbsp;,5'5,0,,NA,Aerin Frankel,https://assets.leaguestat.com/pwhl/240x240/6.jpg,L,8
8,10,1,Loren,Gabel,LOR-en GAY-buhl,,L,"Kitchener, ON",Ontario,,"Kitchener, Ontario",Kitchener,Ontario,Canada,"Kitchener, Ontario",5'4,0,5-4,0,,8,Signed,1997-07-24,'97,1997-07-24,1,1,*,1,Boston Fleet,PWHL,36,0,3,LW,,8,&nbsp;,5'4,0,,NA,Loren Gabel,https://assets.leaguestat.com/pwhl/240x240/8.jpg,NA,8
41,43,1,Abbey,Levy,AH-BEE LEE-vee,,L,"Congers, NY",New York,,"Congers, New York",Congers,New York,United States,"Congers, New York",6'1,0,6-1,0,,41,Signed,2000-04-02,'00,2000-04-02,1,1,*,1,Boston Fleet,PWHL,39,0,7,G,,41,&nbsp;,6'1,0,,NA,Abbey Levy,https://assets.leaguestat.com/pwhl/240x240/41.jpg,L,8
149,182,1,Jill,Saulnier,JIHL SAWN-yeigh ,,L,"Halifax, NS",,,"Halifax, Nova Scotia",Halifax,Nova Scotia,Canada,"Halifax, Nova Scotia",5'5,0,5-5,0,,149,Signed,1992-03-07,'92,1992-03-07,1,1,*,1,Boston Fleet,PWHL,44,0,3,LW,,149,&nbsp;,5'5,0,,NA,Jill Saulnier,https://assets.leaguestat.com/pwhl/240x240/149.jpg,NA,8
16,18,1,Jamie Lee,Rattray,JAY-mee LEE RAH-tray,,L,"Kanata, ON",Ontario,,"Kanata, Ontario",Kanata,Ontario,Canada,"Kanata, Ontario",5'6,0,5-6,0,,16,Signed,1992-09-30,'92,1992-09-30,1,1,*,1,Boston Fleet,PWHL,47,0,2,RW,,16,&nbsp;,5'6,0,,NA,Jamie Lee Rattray,https://assets.leaguestat.com/pwhl/240x240/16.jpg,NA,8
232,428,1,Rylind,MacKinnon,RIGH-luhnd MUH-kih-nehn,,L,"Cranbrook, BC",,,"Cranbrook, British Columbia",Cranbrook,British Columbia,Canada,"Cranbrook, British Columbia",5'10,0,5-10,0,,232,Signed,2000-03-05,'00,2000-03-05,1,1,*,1,Boston Fleet,PWHL,53,0,5,LD,,232,&nbsp;,5'10,0,,NA,Rylind MacKinnon,https://assets.leaguestat.com/pwhl/240x240/232.jpg,NA,8
185,381,1,Daniela,Pejšová,DAN-yehl-UH  pay-SHOH-vuh,,L,"Teplice, CZE",CZE,,"Teplice, Czechia",Teplice,,Czechia,"Teplice, ",5'8,0,5-8,0,,185,Signed,2002-08-14,'02,2002-08-14,1,1,*,1,Boston Fleet,PWHL,55,0,5,LD,,185,&nbsp;,5'8,0,,NA,Daniela Pejšová,https://assets.leaguestat.com/pwhl/240x240/185.jpg,NA,8
46,48,1,Olivia,Zafuto,UH-lihv-ee-uh ZUH-foo-tow ,,L,"Niagara Falls, NY",New York,,"Niagara Falls, New York",Niagara Falls,New York,United States,"Niagara Falls, New York",5'6,0,5-6,0,,46,Camp Invitee,1997-01-25,'97,1997-01-25,1,1,*,1,Boston Fleet,PWHL,73,0,5,LD,,46,&nbsp;,5'6,0,,NA,Olivia Zafuto,https://assets.leaguestat.com/pwhl/240x240/46.jpg,NA,8
78,95,1,Susanna,Tapani,SOO-zan-uh TAH-pah-nee,,L,"Turku, FIN",Finland,,"Turku, Finland",Turku,,Finland,"Turku, ",5'10,0,5-10,0,,78,Signed,1993-03-02,'93,1993-03-02,1,1,*,1,Boston Fleet,PWHL,77,0,4,C,,78,&nbsp;,5'10,0,,NA,Susanna Tapani,https://assets.leaguestat.com/pwhl/240x240/78.jpg,NA,8
214,410,1,Noemi,Neubauerová,NOH-weh-may NOY-bah-weh-roh-VUH,,R,"Prague, CZE",CZE,,"Prague, Czechia",Prague,,Czechia,"Prague, ","5'8""",0,"5-8""",0,,214,Draftee,1999-12-15,'99,1999-12-15,1,2,,1,Boston Fleet,PWHL,81,0,1,D,,214,&nbsp;,"5'8""",0,,NA,Noemi Neubauerová,https://assets.leaguestat.com/pwhl/240x240/214.jpg,NA,8
166,201,1,Marlène,Boissonnault,,,L,"Dundee, NB",NB,Canada,"Dundee, New Brunswick",Dundee,New Brunswick,Canada,"Dundee, New Brunswick",,0,,0,,166,None,1997-06-19,'97,1997-06-19,2,2,,2,Minnesota Frost,PWHL,1,0,7,G,,166,&nbsp;,,0,,NA,Marlène Boissonnault,https://assets.leaguestat.com/pwhl/240x240/166.jpg,L,8
24,26,1,Lee,Stecklein,LEE STEHK-lighn,,L,"Roseville, MN",Minnesota,,"Roseville , Minnesota",Roseville ,Minnesota,United States,"Roseville , Minnesota","6'0""",0,"6-0""",0,,24,None,1994-04-23,'94,1994-04-23,2,2,,2,Minnesota Frost,PWHL,2,0,1,D,,24,&nbsp;,"6'0""",0,,NA,Lee Stecklein,https://assets.leaguestat.com/pwhl/240x240/24.jpg,NA,8
236,475,1,Kendall,Cooper,,,R,"Oakville, ON",,Canada,"Oakville, Ontario",Oakville,Ontario,Canada,"Oakville, Ontario","5'0""",0,"5-0""",0,,236,None,2002-05-19,'02,2002-05-19,2,2,,2,Minnesota Frost,PWHL,4,1,1,D,,236,*,"5'0""",0,,NA,Kendall Cooper,https://assets.leaguestat.com/pwhl/240x240/236.jpg,NA,8
167,202,1,Sidney,Morin,SIHD-nee MOHR-ihn,,R,"Minnetonka, MN",,,"Minnetonka, Minnesota",Minnetonka,Minnesota,United States,"Minnetonka, Minnesota",5'5,0,5-5,0,,167,Signed,1995-06-06,'95,1995-06-06,2,2,,2,Minnesota Frost,PWHL,5,0,1,D,,167,&nbsp;,5'5,0,,NA,Sidney Morin,https://assets.leaguestat.com/pwhl/240x240/167.jpg,NA,8
191,387,1,Katy,Knoll,,,R,"Amherst, NY",NY,,"Amherst, New York",Amherst,New York,United States,"Amherst, New York","5'7""",0,"5-7""",0,,191,Signed,2001-01-16,'01,2001-01-16,2,2,,2,Minnesota Frost,PWHL,6,0,8,F,,191,&nbsp;,"5'7""",0,,NA,Katy Knoll,https://assets.leaguestat.com/pwhl/240x240/191.jpg,NA,8
102,132,1,Claire,Butorac, KLEHR BOO-TOH-rack,,R,"Andover, MN",MN,,"Andover, Minnesota",Andover,Minnesota,United States,"Andover, Minnesota",5'6,0,5-6,0,,102,Signed,1999-09-24,'99,1999-09-24,2,2,,2,Minnesota Frost,PWHL,7,0,8,F,,102,&nbsp;,5'6,0,,NA,Claire Butorac,https://assets.leaguestat.com/pwhl/240x240/102.jpg,NA,8
126,159,1,Samantha,Cogan,SAH-MAN-tha KOH-guhn,,L,"Ottawa, ON",,,,,,,,"5'8""",,"5-8""",0,,126,Camp Invitee,1997-07-07,'97,1997-07-07,2,2,,2,Minnesota Frost,PWHL,8,0,8,F,,126,&nbsp;,"5'8""",,,NA,Samantha Cogan,https://assets.leaguestat.com/pwhl/240x240/126.jpg,NA,8
162,197,1,Madison,Bizal,,,L,"Elk River, MN",USA,,,,,,,,0,,0,,162,Camp Invitee,2000-01-25,'00,2000-01-25,2,2,,2,Minnesota Frost,PWHL,9,0,1,D,,162,&nbsp;,,0,,NA,Madison Bizal,https://assets.leaguestat.com/pwhl/240x240/162.jpg,NA,8
23,25,1,Kelly,Pannek,KEH-LEE PAH-nehk,,R,"Plymouth, MN",Minnesota,,"Plymouth, Minnesota",Plymouth,Minnesota,United States,"Plymouth, Minnesota","5'7""",0,"5-7""",0,,23,None,1995-12-29,'95,1995-12-29,2,2,,2,Minnesota Frost,PWHL,12,0,8,F,,23,&nbsp;,"5'7""",0,,NA,Kelly Pannek,https://assets.leaguestat.com/pwhl/240x240/23.jpg,NA,8
25,27,1,Grace,Zumwinkle,GRAYS ZUHM-wihnk-uhl,,R,"Excelsior, MN",Minnesota,,"Excelsior, Minnesota",Excelsior,Minnesota,United States,"Excelsior, Minnesota","5'9""",0,"5-9""",0,,25,None,1999-04-23,'99,1999-04-23,2,1,*,2,Minnesota Frost,PWHL,13,0,8,F,,25,&nbsp;,"5'9""",0,,NA,Grace Zumwinkle,https://assets.leaguestat.com/pwhl/240x240/25.jpg,NA,8
195,391,1,Dominique,Petrie,,,R,"Hermosa Beach, CA",CA,,"Hermosa Beach, California",Hermosa Beach,California,United States,"Hermosa Beach, California",5'7,0,5-7,0,,195,Signed,2001-01-21,'01,2001-01-21,2,2,,2,Minnesota Frost,PWHL,14,0,8,F,,195,&nbsp;,5'7,0,,NA,Dominique Petrie,https://assets.leaguestat.com/pwhl/240x240/195.jpg,NA,8
264,508,1,Brooke,Becker,,,R,"Orchard Park, NY",NY,United States,"Orchard Park, NY",Orchard Park,NY,United States,"Orchard Park, NY",,0,,0,,264,None,2002-05-30,'02,2002-05-30,2,2,,2,Minnesota Frost,PWHL,15,1,1,D,,264,*,,0,,NA,Brooke Becker,https://assets.leaguestat.com/pwhl/240x240/264.jpg,NA,8
194,390,1,Kaitlyn,O'Donohoe,,,R,"Atlanta, GA",USA,,"Atlanta, Georgia",Atlanta,Georgia,United States,"Atlanta, Georgia",5'7,0,5-7,0,,194,None,2001-09-20,'01,2001-09-20,2,2,,2,Minnesota Frost,PWHL,16,0,8,F,,194,&nbsp;,5'7,0,,NA,Kaitlyn O'Donohoe,https://assets.leaguestat.com/pwhl/240x240/194.jpg,NA,8
267,511,1,Ava,Rinker,,,R,"Elverson, PA",PA,United States,"Elverson, PA",Elverson,PA,United States,"Elverson, PA",,0,,0,,267,None,2002-11-25,'02,2002-11-25,2,2,,2,Minnesota Frost,PWHL,17,1,1,D,,267,*,,0,,NA,Ava Rinker,https://assets.leaguestat.com/pwhl/240x240/267.jpg,NA,8
37,39,1,Élizabeth,Giguère,EH-liz-uh-bet ZHIH-gair,,R,"Quebec City, QC",Quebec,,"Québec, Québec",Québec,Québec,Canada,"Québec, Québec",5'10,0,5-10,0,,37,Signed,1997-05-08,'97,1997-05-08,2,2,,2,Minnesota Frost,PWHL,18,0,8,F,,37,&nbsp;,5'10,0,,NA,Élizabeth Giguère,https://assets.leaguestat.com/pwhl/240x240/37.jpg,NA,8
188,384,1,Mae,Batherson,May BATH-ur-son,,L,"New Minas, NS",NS,,"New Minas , Nova Scotia",New Minas ,Nova Scotia,Canada,"New Minas , Nova Scotia",5'8,0,5-8,0,,188,Signed,2000-12-05,'00,2000-12-05,2,2,,2,Minnesota Frost,PWHL,21,0,1,D,,188,&nbsp;,5'8,0,,NA,Mae Batherson,https://assets.leaguestat.com/pwhl/240x240/188.jpg,NA,8
90,118,1,Natalie,Buchbinder,NAH-tuh-lee book-BIGHN-der,,R,"Fairport, NY",New York,,"Fairport, New York",Fairport,New York,United States,"Fairport, New York","5'8""",0,"5-8""",0,,90,None,1999-01-22,'99,1999-01-22,2,2,,2,Minnesota Frost,PWHL,22,0,1,D,,90,&nbsp;,"5'8""",0,,NA,Natalie Buchbinder,https://assets.leaguestat.com/pwhl/240x240/90.jpg,NA,8
269,513,1,Vanessa,Upson,,,L,"Stoney Creek, ON",ON,Canada,"Stoney Creek,, ON","Stoney Creek,",ON,Canada,"Stoney Creek,, ON",,0,,0,,269,None,2003-11-18,'03,2003-11-18,2,2,,2,Minnesota Frost,PWHL,24,1,8,F,,269,*,,0,,NA,Vanessa Upson,https://assets.leaguestat.com/pwhl/240x240/269.jpg,NA,8
20,22,1,Kendall,Coyne Schofield,KEHN-duhl KOIN SKOH-feeld,,L,"Palos Heights, IL",Illinois,,"Palos Heights, Illinois",Palos Heights,Illinois,United States,"Palos Heights, Illinois",5'2,0,5-2,0,,20,None,1992-05-25,'92,1992-05-25,2,2,,2,Minnesota Frost,PWHL,26,0,8,F,,20,&nbsp;,5'2,0,,NA,Kendall Coyne Schofield,https://assets.leaguestat.com/pwhl/240x240/20.jpg,NA,8
21,23,1,Taylor,Fox,TAY-luhr HIGH-zee,,R,"Lake City, MN",Minnesota,,"Lake City, Minnesota",Lake City,Minnesota,United States,"Lake City, Minnesota",5'10,0,5-10,0,,21,None,2000-03-17,'00,2000-03-17,2,1,*,2,Minnesota Frost,PWHL,27,0,8,F,,21,&nbsp;,5'10,0,,NA,Taylor Fox,https://assets.leaguestat.com/pwhl/240x240/21.jpg,NA,8
22,24,1,Nicole,Hensley,NIHK-ohl HEHNZ-lee,,L,"Lakewood, CO",Colorado,,"Lakewood, Colorado",Lakewood,Colorado,United States,"Lakewood, Colorado",5'7,0,5-7,0,,22,None,1994-06-23,'94,1994-06-23,2,2,,2,Minnesota Frost,PWHL,29,0,7,G,,22,&nbsp;,5'7,0,,NA,Nicole Hensley,https://assets.leaguestat.com/pwhl/240x240/22.jpg,L,8
60,62,1,Jincy,Roese,JIN-see ROWZ,,L,"O'Fallon, MO",Missouri,,"O'Fallon, Missouri ",O'Fallon,Missouri ,United States,"O'Fallon, Missouri ","5'6""",0,"5-6""",0,,60,Signed,1997-05-15,'97,1997-05-15,2,2,,2,Minnesota Frost,PWHL,33,0,1,D,,60,&nbsp;,"5'6""",0,,NA,Jincy Roese,https://assets.leaguestat.com/pwhl/240x240/60.jpg,NA,8
123,153,1,Maddie,Rooney,MAD-dee ROO-nee,,R,"Andover, MN",,,"Andover, Minnesota",Andover,Minnesota,United States,"Andover, Minnesota","5'5""",0,"5-5""",0,,123,None,1997-07-07,'97,1997-07-07,2,2,,2,Minnesota Frost,PWHL,35,0,7,G,,123,&nbsp;,"5'5""",0,,NA,Maddie Rooney,https://assets.leaguestat.com/pwhl/240x240/123.jpg,L,8
190,386,1,Klára,Hymlárová,,,L,"Opava, CZE",CZE,,"Opava, Czechia",Opava,,Czechia,"Opava, ",5'5,0,5-5,0,,190,None,1999-02-27,'99,1999-02-27,2,2,,2,Minnesota Frost,PWHL,71,0,8,F,,190,&nbsp;,5'5,0,,NA,Klára Hymlárová,https://assets.leaguestat.com/pwhl/240x240/190.jpg,NA,8
247,487,1,Abby,Hustler,,,L,"St. Louis, PEI",,Canada,"St. Louis, Prince Edward Island",St. Louis,Prince Edward Island,Canada,"St. Louis, Prince Edward Island",5'9,0,5-9,0,,247,Signed,2003-05-05,'03,2003-05-05,2,2,,2,Minnesota Frost,PWHL,74,1,8,F,,247,*,5'9,0,,NA,Abby Hustler,https://assets.leaguestat.com/pwhl/240x240/247.jpg,NA,8
189,385,1,Britta,Curl-Salemme,Britt—UH Curl Suh-LEMM-ee,,L,"Bismarck, ND",ND,,"Bismarck, North Dakota",Bismarck,North Dakota,United States,"Bismarck, North Dakota",5'9,0,5-9,0,,189,None,2000-03-20,'00,2000-03-20,2,2,,2,Minnesota Frost,PWHL,77,0,8,F,,189,&nbsp;,5'9,0,,NA,Britta Curl-Salemme,https://assets.leaguestat.com/pwhl/240x240/189.jpg,NA,8
263,507,1,Peyton,Anderson,,,L,"Arvada, CO",CO,United States,"Arvada, CO",Arvada,CO,United States,"Arvada, CO",,0,,0,,263,None,2001-04-18,'01,2001-04-18,2,2,,2,Minnesota Frost,PWHL,91,1,8,F,,263,*,,0,,NA,Peyton Anderson,https://assets.leaguestat.com/pwhl/240x240/263.jpg,NA,8
270,514,1,Megan,Warrener,,,L,"Stoney Creek, ON",ON ,Canada,"Stoney Creek , Ontario",Stoney Creek ,Ontario,Canada,"Stoney Creek , Ontario",5'6'',0,5-,0,,270,None,2003-07-03,'03,2003-07-03,3,2,,3,Montréal Victoire,PWHL,1,1,7,G,,270,*,5'6'',0,,NA,Megan Warrener,https://assets.leaguestat.com/pwhl/240x240/270.jpg,L,8
273,517,1,Maya,Labad,,,L,"Mascouche, QC",QC,Canada,"Mascouche, Quebec",Mascouche,Quebec,Canada,"Mascouche, Quebec",5'7'',0,5-,0,,273,None,2002-05-07,'02,2002-05-07,3,2,,3,Montréal Victoire,PWHL,4,1,8,F,,273,*,5'7'',0,,NA,Maya Labad,https://assets.leaguestat.com/pwhl/240x240/273.jpg,NA,8
108,138,1,Samantha,Isbell,,,L,"Thunder Bay, ON",,,"Thunder Bay, Ontario",Thunder Bay,Ontario,Canada,"Thunder Bay, Ontario",5'7,0,5-7,0,,108,None,1998-02-17,'98,1998-02-17,3,1,*,3,Montréal Victoire,PWHL,5,0,8,F,,108,&nbsp;,5'7,0,,NA,Samantha Isbell,https://assets.leaguestat.com/pwhl/240x240/108.jpg,NA,8
32,34,1,Laura,Stacey,STAY-see,,R,"Kleinburg, ON",Ontario,,"Kleinburg, Ontario",Kleinburg,Ontario,Canada,"Kleinburg, Ontario","5'10""",0,"5-10""",0,,32,None,1994-05-05,'94,1994-05-05,3,2,,3,Montréal Victoire,PWHL,7,0,8,F,,32,&nbsp;,"5'10""",0,,NA,Laura Stacey,https://assets.leaguestat.com/pwhl/240x240/32.jpg,NA,8
84,103,1,Kati,Tabin,,,L,"Winnipeg, MB",Manitoba,,"Winnipeg, Manitoba",Winnipeg,Manitoba,Canada,"Winnipeg, Manitoba","5'8""",0,"5-8""",0,,84,None,1997-04-21,'97,1997-04-21,3,2,,3,Montréal Victoire,PWHL,9,0,1,D,,84,&nbsp;,"5'8""",0,,NA,Kati Tabin,https://assets.leaguestat.com/pwhl/240x240/84.jpg,NA,8
42,44,1,Abby,Roque,AH-bee rawk,,R,"Sault Ste. Marie, MI",Michigan,,"Sault Ste. Marie, Michigan",Sault Ste. Marie,Michigan,United States,"Sault Ste. Marie, Michigan","5'7""",0,"5-7""",0,,42,Signed,1997-09-25,'97,1997-09-25,3,2,,3,Montréal Victoire,PWHL,11,0,8,F,,42,&nbsp;,"5'7""",0,,NA,Abby Roque,https://assets.leaguestat.com/pwhl/240x240/42.jpg,NA,8
271,515,1,Tamara,Giaquinto,,,R,"Toronto, ON",,Canada,"Toronto, Ontario",Toronto,Ontario,Canada,"Toronto, Ontario",5'6'',0,5-,0,,271,None,2002-03-29,'02,2002-03-29,3,2,,3,Montréal Victoire,PWHL,12,1,1,D,,271,*,5'6'',0,,NA,Tamara Giaquinto,https://assets.leaguestat.com/pwhl/240x240/271.jpg,NA,8
39,41,1,Alexandra,Labelle,,,L,"St-Louis-de-Gonzague, QC",,Canada,"St-Louis-de-Gonzague, QC, Québec","St-Louis-de-Gonzague, QC",Québec,Canada,"St-Louis-de-Gonzague, QC, Québec",5'7,0,5-7,0,,39,None,1996-02-27,'96,1996-02-27,3,2,,3,Montréal Victoire,PWHL,13,0,8,F,,39,&nbsp;,5'7,0,,NA,Alexandra Labelle,https://assets.leaguestat.com/pwhl/240x240/39.jpg,NA,8
276,520,1,Claire,Vekich,,,R,"Coleraine, MN",,United States,"Coleraine, Minnesota",Coleraine,Minnesota,United States,"Coleraine, Minnesota",5'10'',0,5-,0,,276,None,2002-11-26,'02,2002-11-26,3,2,,3,Montréal Victoire,PWHL,15,1,8,F,,276,*,5'10'',0,,NA,Claire Vekich,https://assets.leaguestat.com/pwhl/240x240/276.jpg,NA,8
61,63,1,Hayley,Scamurra,HAY-LEE SKUH-more-uh,,L,"Buffalo, NY",New York,,"Buffalo, New York",Buffalo,New York,United States,"Buffalo, New York","5'8""",0,"5-8""",0,,61,Signed,1994-12-14,'94,1994-12-14,3,2,,3,Montréal Victoire,PWHL,16,0,8,F,,61,&nbsp;,"5'8""",0,,NA,Hayley Scamurra,https://assets.leaguestat.com/pwhl/240x240/61.jpg,NA,8
199,395,1,Dara,Greig,,,L,"Camden, NJ",NJ,,"Camden, New Jersey",Camden,New Jersey,United States,"Camden, New Jersey",5'7'',0,5-,0,,199,None,2000-12-30,'00,2000-12-30,3,1,*,3,Montréal Victoire,PWHL,17,0,8,F,,199,&nbsp;,5'7'',0,,NA,Dara Greig,https://assets.leaguestat.com/pwhl/240x240/199.jpg,NA,8
128,161,1,Kaitlin,Willoughby,KAYT-LIHN WILL-oh-bee ,,R,"Prince Albert, SK",,,"Prince Albert, Saskatchewan",Prince Albert,Saskatchewan,Canada,"Prince Albert, Saskatchewan","5'6""",0,"5-6""",0,,128,Camp Invitee,1995-03-26,'95,1995-03-26,3,2,,3,Montréal Victoire,PWHL,19,0,8,F,,128,&nbsp;,"5'6""",0,,NA,Kaitlin Willoughby,https://assets.leaguestat.com/pwhl/240x240/128.jpg,NA,8
98,126,1,Maureen,Murphy,,,R,"Buffalo, NY",New York,,"Buffalo, New York",Buffalo,New York,United States,"Buffalo, New York",5'4,0,5-4,0,,98,None,1999-12-15,'99,1999-12-15,3,1,*,3,Montréal Victoire,PWHL,21,0,8,F,,98,&nbsp;,5'4,0,,NA,Maureen Murphy,https://assets.leaguestat.com/pwhl/240x240/98.jpg,NA,8
5,7,1,Jessica,DiGirolamo,JESS-IH-KAH DEE-JER-RAWL-AH-MOH,,L,"Mississauga, ON",Ontario,,"Mississauga, Ontario",Mississauga,Ontario,Canada,"Mississauga, Ontario",5'9'',0,5-,0,,5,Signed,1999-02-13,'99,1999-02-13,3,2,,3,Montréal Victoire,PWHL,22,0,1,D,,5,&nbsp;,5'9'',0,,NA,Jessica DiGirolamo,https://assets.leaguestat.com/pwhl/240x240/5.jpg,NA,8
83,102,1,Erin,Ambrose,,,R,"Keswick, ON",Ontario,,"Keswick, Ontario",Keswick,Ontario,Canada,"Keswick, Ontario","5'5""",0,"5-5""",0,,83,None,1994-04-30,'94,1994-04-30,3,2,,3,Montréal Victoire,PWHL,23,0,1,D,,83,&nbsp;,"5'5""",0,,NA,Erin Ambrose,https://assets.leaguestat.com/pwhl/240x240/83.jpg,NA,8
201,397,1,Lina,Ljungblom,,,L,"Skövde, SWE",SWE,Sweden,"Skövde, Sweden",Skövde,,Sweden,"Skövde, ",5'9,0,5-9,0,,201,None,2001-10-15,'01,2001-10-15,3,2,,3,Montréal Victoire,PWHL,25,0,8,F,,201,&nbsp;,5'9,0,,NA,Lina Ljungblom,https://assets.leaguestat.com/pwhl/240x240/201.jpg,NA,8
4,6,1,Shiann,Darkangelo,SHIGH-an  DAHRK-an-juh-loh,,L,"Brighton, MI",Michigan,,"Brighton, Michigan",Brighton,Michigan,United States,"Brighton, Michigan","5'11""",0,"5-11""",0,,4,Signed,1993-11-28,'93,1993-11-28,3,2,,3,Montréal Victoire,PWHL,27,0,8,F,,4,&nbsp;,"5'11""",0,,NA,Shiann Darkangelo,https://assets.leaguestat.com/pwhl/240x240/4.jpg,NA,8
157,192,1,Catherine,Dubois,,,L,"Charlesbourg, QC",,,"Charlesbourg, Québec",Charlesbourg,Québec,Canada,"Charlesbourg, Québec","5'10""",0,"5-10""",0,,157,None,1995-07-29,'95,1995-07-29,3,2,,3,Montréal Victoire,PWHL,28,0,8,F,,157,&nbsp;,"5'10""",0,,NA,Catherine Dubois,https://assets.leaguestat.com/pwhl/240x240/157.jpg,NA,8
31,33,1,Marie-Philip,Poulin,,,L,"Beauceville, QC",QC,,"Beauceville, Québec",Beauceville,Québec,Canada,"Beauceville, Québec",5'7,0,5-7,0,,31,None,1991-03-28,'91,1991-03-28,3,1,*,3,Montréal Victoire,PWHL,29,0,8,F,,31,&nbsp;,5'7,0,,NA,Marie-Philip Poulin,https://assets.leaguestat.com/pwhl/240x240/31.jpg,NA,8
48,50,1,Sandra,Abstreiter,,,L,"Freising, GER",GER,Germany,"Freising, Germany",Freising,,Germany,"Freising, ","5'11""",0,"5-11""",0,,48,None,1998-07-23,'98,1998-07-23,3,2,,3,Montréal Victoire,PWHL,30,0,7,G,,48,&nbsp;,"5'11""",0,,NA,Sandra Abstreiter,https://assets.leaguestat.com/pwhl/240x240/48.jpg,L,8
28,30,1,Ann-Renée,Desbiens,,,L,"Clermont, QC",Quebec,,"Clermont, Québec",Clermont,Québec,Canada,"Clermont, Québec","5'9""",0,"5-9""",0,,28,None,1994-04-10,'94,1994-04-10,3,2,,3,Montréal Victoire,PWHL,35,0,7,G,,28,&nbsp;,"5'9""",0,,NA,Ann-Renée Desbiens,https://assets.leaguestat.com/pwhl/240x240/28.jpg,L,8
51,53,1,Amanda,Boulier,,,R,"Watertown, CT",Connecticut,,"Watertown, Connecticut",Watertown,Connecticut,United States,"Watertown, Connecticut","5'1""",0,"5-1""",0,,51,None,1993-03-30,'93,1993-03-30,3,2,,3,Montréal Victoire,PWHL,44,0,1,D,,51,&nbsp;,"5'1""",0,,NA,Amanda Boulier,https://assets.leaguestat.com/pwhl/240x240/51.jpg,NA,8
202,398,1,Kelly Ann,Nadeau,,,R,"Mont-Laurier, QC",QC,,"Mont-Laurier, Québec",Mont-Laurier,Québec,Canada,"Mont-Laurier, Québec",5'7,0,5-7,0,,202,None,1998-03-30,'98,1998-03-30,3,1,*,3,Montréal Victoire,PWHL,51,0,1,D,,202,&nbsp;,5'7,0,,NA,Kelly Ann Nadeau,https://assets.leaguestat.com/pwhl/240x240/202.jpg,NA,8
253,496,1,Nicole,Gosling,,,L,"London, ON",,,"London, Ontario",London,Ontario,,"London, Ontario",5'6,0,5-6,0,,253,Signed,2002-04-21,'02,2002-04-21,3,2,,3,Montréal Victoire,PWHL,61,1,1,D,,253,*,5'6,0,,NA,Nicole Gosling,https://assets.leaguestat.com/pwhl/240x240/253.jpg,NA,8
35,37,1,Jade,Downie-Landry,JAYD DOW-nee LAN-dree,,L,"St-Jean-sur-Richelieu, QC",Quebec,Canada,"St-Jean-sur-Richelieu, QC, Québec","St-Jean-sur-Richelieu, QC",Québec,Canada,"St-Jean-sur-Richelieu, QC, Québec",5'9,0,5-9,0,,35,Signed,1995-10-03,'95,1995-10-03,3,2,,3,Montréal Victoire,PWHL,77,0,8,F,,35,&nbsp;,5'9,0,,NA,Jade Downie-Landry,https://assets.leaguestat.com/pwhl/240x240/35.jpg,NA,8
272,516,1,Skylar,Irving,,,R,"Kingston, MA",,United States,"Kingston, Massachussetts",Kingston,Massachussetts,United States,"Kingston, Massachussetts",5'8'',0,5-,0,,272,None,2002-01-21,'02,2002-01-21,3,2,,3,Montréal Victoire,PWHL,88,1,8,F,,272,*,5'8'',0,,NA,Skylar Irving,https://assets.leaguestat.com/pwhl/240x240/272.jpg,NA,8
79,96,1,Maggie,Flaherty,MAIG-ee FLAIR-tee,,L,"Lakeville, MN",Minnesota,,"Lakeville, Minnesota",Lakeville,Minnesota,United States,"Lakeville, Minnesota",5'8,0,5-8,0,,79,None,2000-06-02,'00,2000-06-02,3,2,,3,Montréal Victoire,PWHL,91,0,1,D,,79,&nbsp;,5'8,0,,NA,Maggie Flaherty,https://assets.leaguestat.com/pwhl/240x240/79.jpg,NA,8
320,605,1,Nadia,Mattivi,,,L,"Baselga di Pinè, ITA",,Italy,"Baselga di Pinè, ITA , Italy","Baselga di Pinè, ITA ",,Italy,"Baselga di Pinè, ITA , ",5'9,0,5-9,0,,320,None,2000-05-02,'00,2000-05-02,3,2,,3,Montréal Victoire,PWHL,93,0,1,D,,320,&nbsp;,5'9,0,,NA,Nadia Mattivi,https://lscluster.hockeytech.com/img/nophoto.png,NA,8
274,518,1,Natálie,Mlýnková,,,L,"Zlin, CZE",,Czechia,"Zlin, Czechia, Czechia",Zlin,Czechia,Czechia,"Zlin, Czechia",5'3'',0,5-,0,,274,None,2001-05-24,'01,2001-05-24,3,2,,3,Montréal Victoire,PWHL,96,1,8,F,,274,*,5'3'',0,,NA,Natálie Mlýnková,https://assets.leaguestat.com/pwhl/240x240/274.jpg,NA,8
251,494,1,Dayle,Ross,,,R,"Spirit River, AB",,,"Spirit River, Alberta",Spirit River,Alberta,Canada,"Spirit River, Alberta",5'6,0,5-6,0,,251,Signed,2003-05-26,'03,2003-05-26,4,2,,4,New York Sirens,PWHL,2,1,1,D,,251,*,5'6,0,,NA,Dayle Ross,https://assets.leaguestat.com/pwhl/240x240/251.jpg,NA,8
206,402,1,Elle,Hartje,EHL hartch-ee ,,L,"Detroit, MI ",MI,,"Detroit, Michigan",Detroit,Michigan,United States,"Detroit, Michigan",5'5,0,5-5,0,,206,Camp Invitee,2001-04-13,'01,2001-04-13,4,2,,4,New York Sirens,PWHL,4,0,8,F,,206,&nbsp;,5'5,0,,NA,Elle Hartje,https://assets.leaguestat.com/pwhl/240x240/206.jpg,NA,8
147,180,1,Savannah,Norcross,,,R,"Lynn, MA",,,"Lynn, Massachusetts",Lynn,Massachusetts,United States,"Lynn, Massachusetts",5'7,0,5-7,0,,147,Camp Invitee,2000-06-10,'00,2000-06-10,4,2,,4,New York Sirens,PWHL,7,0,8,F,,147,&nbsp;,5'7,0,,NA,Savannah Norcross,https://assets.leaguestat.com/pwhl/240x240/147.jpg,NA,8
229,425,1,Maja,Nylén Persson,MIGH-uh NIH-lehn PEHR-suhn,,R,"Avesta, SWE",SWE,Sweden,"Avesta, Sweden",Avesta,,Sweden,"Avesta, ","5'5""",0,"5-5""",0,,229,None,2000-11-20,'00,2000-11-20,4,2,,4,New York Sirens,PWHL,8,0,1,D,,229,&nbsp;,"5'5""",0,,NA,Maja Nylén Persson,https://assets.leaguestat.com/pwhl/240x240/229.jpg,NA,8
131,164,1,Olivia,Knowles,UH-lihv-ee-uh NOHLZ  ,,R,"Campbell River, BC",,,"Campbell River, British Columbia",Campbell River,British Columbia,Canada,"Campbell River, British Columbia",5'9,0,5-9,0,,131,Camp Invitee,1999-01-24,'99,1999-01-24,4,2,,4,New York Sirens,PWHL,9,0,1,D,,131,&nbsp;,5'9,0,,NA,Olivia Knowles,https://assets.leaguestat.com/pwhl/240x240/131.jpg,NA,8
205,401,1,Sarah,Fillier,SAIR-AH FIH-lee-AY,,R,"Georgetown, ON",ON,,"Georgetown, Ontario",Georgetown,Ontario,Canada,"Georgetown, Ontario",5'5,0,5-5,0,,205,Signed,2000-06-09,'00,2000-06-09,4,2,,4,New York Sirens,PWHL,10,0,8,F,,205,&nbsp;,5'5,0,,NA,Sarah Fillier,https://assets.leaguestat.com/pwhl/240x240/205.jpg,NA,8
283,527,1,Nicole,Vallario,,,L,"Lugano, SWI",,Switzerland,"Lugano, Switzerland",Lugano,,Switzerland,"Lugano, ",5'4,0,5-4,0,,283,None,2001-08-30,'01,2001-08-30,4,2,,4,New York Sirens,PWHL,11,1,1,D,,283,*,5'4,0,,NA,Nicole Vallario,https://assets.leaguestat.com/pwhl/240x240/283.jpg,NA,8
87,106,1,Jaime,Bourbonnais,JAY-mee BUHR-buh-NAY,,R,"Mississauga, ON",Ontario,,"Mississauga,, Ontario","Mississauga,",Ontario,Canada,"Mississauga,, Ontario",5'7,0,5-7,0,,87,Signed,1998-09-09,'98,1998-09-09,4,2,,4,New York Sirens,PWHL,14,0,1,D,,87,&nbsp;,5'7,0,,NA,Jaime Bourbonnais,https://assets.leaguestat.com/pwhl/240x240/87.jpg,NA,8
207,403,1,Lauren,Bernard,LOR-ehn buhr-NARD,,L,"Madison, OH",OH,,"Madison , Ohio",Madison ,Ohio,United States,"Madison , Ohio",5'7,0,5-7,0,,207,Draftee,2001-07-15,'01,2001-07-15,4,2,,4,New York Sirens,PWHL,16,0,1,D,,207,&nbsp;,5'7,0,,NA,Lauren Bernard,https://assets.leaguestat.com/pwhl/240x240/207.jpg,NA,8
9,11,1,Taylor,Girard,TAY-luhr JAH-rahrd,,L,"Macomb, MI",Michigan,,"Macomb, Michigan",Macomb,Michigan,United States,"Macomb, Michigan",5'10,0,5-10,0,,9,Signed,1998-07-17,'98,1998-07-17,4,2,,4,New York Sirens,PWHL,17,0,8,F,,9,&nbsp;,5'10,0,,NA,Taylor Girard,https://assets.leaguestat.com/pwhl/240x240/9.jpg,NA,8
285,529,1,Maddi,Wheeler,,,L,"Erinsville, ON",ON,Canada,"Erinsville, Ontario",Erinsville,Ontario,Canada,"Erinsville, Ontario",5'4,0,5-4,0,,285,None,2002-10-10,'02,2002-10-10,4,2,,4,New York Sirens,PWHL,18,1,8,F,,285,*,5'4,0,,NA,Maddi Wheeler,https://assets.leaguestat.com/pwhl/240x240/285.jpg,NA,8
40,42,1,Paetyn,Levis,PAY-tuhn LEH-vihs,,R,"Rogers, MN",Minnesota,,"Rogers, Minnesota",Rogers,Minnesota,United States,"Rogers, Minnesota","5'5""",0,"5-5""",0,,40,Camp Invitee,1999-11-06,'99,1999-11-06,4,2,,4,New York Sirens,PWHL,19,0,8,F,,40,&nbsp;,"5'5""",0,,NA,Paetyn Levis,https://assets.leaguestat.com/pwhl/240x240/40.jpg,NA,8
230,426,1,Allyson,Simpson,ah-lih-suhn SIHMP-suhn,,R,"Frisco, TX",TX,,"Frisco, Texas",Frisco,Texas,United States,"Frisco, Texas","5'8""",0,"5-8""",0,,230,None,2000-12-20,'00,2000-12-20,4,2,,4,New York Sirens,PWHL,20,0,1,D,,230,&nbsp;,"5'8""",0,,NA,Allyson Simpson,https://assets.leaguestat.com/pwhl/240x240/230.jpg,NA,8
277,521,1,Anna,Bargman,,,L,"Boxford, MA",MA,United States,"Boxford, Massachussetts",Boxford,Massachussetts,United States,"Boxford, Massachussetts",5'8,0,5-8,0,,277,None,2002-08-07,'02,2002-08-07,4,2,,4,New York Sirens,PWHL,22,1,8,F,,277,*,5'8,0,,NA,Anna Bargman,https://assets.leaguestat.com/pwhl/240x240/277.jpg,NA,8
249,489,1,Anne,Cherkowski,,,R,"Coldstream, BC",,Canada,"Coldstream,, British Columbia","Coldstream,",British Columbia,Canada,"Coldstream,, British Columbia",5’6”,0,,0,,249,None,2002-07-06,'02,2002-07-06,4,2,,4,New York Sirens,PWHL,24,1,8,F,,249,*,5’6”,0,,NA,Anne Cherkowski,https://assets.leaguestat.com/pwhl/240x240/249.jpg,NA,8
280,524,1,Casey,O'Brien,,,L,"Milton, MA",MA,United States,"Milton, Massachussetts",Milton,Massachussetts,United States,"Milton, Massachussetts",5'4,0,5-4,0,,280,None,2001-08-27,'01,2001-08-27,4,2,,4,New York Sirens,PWHL,26,1,8,F,,280,*,5'4,0,,NA,Casey O'Brien,https://assets.leaguestat.com/pwhl/240x240/280.jpg,NA,8
47,49,1,Micah,Zandee-Hart,MIGHK-UH ZAN-dee HAHRT ,,L,"Saanichton, BC",BC,,"Saanichton, British Columbia",Saanichton,British Columbia,Canada,"Saanichton, British Columbia",5'8,0,5-8,0,,47,Signed,1997-01-13,'97,1997-01-13,4,2,,4,New York Sirens,PWHL,28,0,1,D,,47,&nbsp;,5'8,0,,NA,Micah Zandee-Hart,https://assets.leaguestat.com/pwhl/240x240/47.jpg,NA,8
204,400,1,Emmy,Fecteau,eh-MEE fehk-TOH,,L,Saint-Odilon-de-Cranbourn,QC,,"Saint-Odilon-de-Cranbourn, Québec",Saint-Odilon-de-Cranbourn,Québec,Canada,"Saint-Odilon-de-Cranbourn, Québec",5'6,0,5-6,0,,204,Camp Invitee,1999-04-07,'99,1999-04-07,4,2,,4,New York Sirens,PWHL,29,0,8,F,,204,&nbsp;,5'6,0,,NA,Emmy Fecteau,https://assets.leaguestat.com/pwhl/240x240/204.jpg,NA,8
282,526,1,Callie,Shanahan,,,L,"Commerce Township, MI",MI,United States,"Commerce Township, Michigan",Commerce Township,Michigan,United States,"Commerce Township, Michigan",5'10,0,5-10,0,,282,Signed,2003-05-26,'03,2003-05-26,4,2,,4,New York Sirens,PWHL,37,1,7,G,,282,*,5'10,0,,NA,Callie Shanahan,https://assets.leaguestat.com/pwhl/240x240/282.jpg,L,8
278,522,1,Kaley,Doyle,,,L,"Livonia, MI",MI,United States,"Livonia, Michigan",Livonia,Michigan,United States,"Livonia, Michigan",5'5,0,5-5,0,,278,None,2001-03-23,'01,2001-03-23,4,2,,4,New York Sirens,PWHL,39,1,7,G,,278,*,5'5,0,,NA,Kaley Doyle,https://assets.leaguestat.com/pwhl/240x240/278.jpg,L,8
116,146,1,Clair,DeGeorge,,,L,"Anchorage, AK",AK,,"Anchorage, Alaska",Anchorage,Alaska,United States,"Anchorage, Alaska",5'11,0,5-11,0,,116,None,1999-06-07,'99,1999-06-07,4,2,,4,New York Sirens,PWHL,41,0,8,F,,116,&nbsp;,5'11,0,,NA,Clair DeGeorge,https://assets.leaguestat.com/pwhl/240x240/116.jpg,NA,8
30,32,1,Kristin,O'Neill,,,L,"Oakville, ON",Ontario,,"Oakville, Ontario",Oakville,Ontario,Canada,"Oakville, Ontario","5'4""",0,"5-4""",0,,30,None,1998-03-30,'98,1998-03-30,4,2,,4,New York Sirens,PWHL,43,0,8,F,,30,&nbsp;,"5'4""",0,,NA,Kristin O'Neill,https://assets.leaguestat.com/pwhl/240x240/30.jpg,NA,8
104,134,1,Denisa,Křížová,DUH-nee-SAH SHISH-uh-vuh,,L,"Horní Cerekev, CZE",CZE,,"Horni Cerekev, Czechia, Czechia",Horni Cerekev,Czechia,Czechia,"Horni Cerekev, Czechia","5'5""",0,"5-5""",0,,104,Camp Invitee,1994-11-03,'94,1994-11-03,4,2,,4,New York Sirens,PWHL,44,0,8,F,,104,&nbsp;,"5'5""",0,,NA,Denisa Křížová,https://assets.leaguestat.com/pwhl/240x240/104.jpg,NA,8
279,523,1,Kira,Juodikis,,,R,"LaSalle, ON",ON,Canada,"LaSalle, Ontario",LaSalle,Ontario,Canada,"LaSalle, Ontario",5'11,0,5-11,0,,279,None,2003-05-24,'03,2003-05-24,4,2,,4,New York Sirens,PWHL,55,0,8,F,,279,&nbsp;,5'11,0,,NA,Kira Juodikis,https://lscluster.hockeytech.com/img/nophoto.png,NA,8
81,100,1,Sarah,Bujold,,,L,"Riverview, NB",New Brunswick,,,,,,,,0,,0,,81,None,1996-02-26,'96,1996-02-26,4,2,,4,New York Sirens,PWHL,62,0,8,F,,81,&nbsp;,,0,,NA,Sarah Bujold,https://assets.leaguestat.com/pwhl/240x240/81.jpg,NA,8
45,47,1,Kayla,Vespa,kay-LUH veh-SPUH,,L,"Hamilton, ON",Ontario,,"Hamilton, Ontario",Hamilton,Ontario,Canada,"Hamilton, Ontario","5'2""",0,"5-2""",0,,45,Camp Invitee,1997-04-01,'97,1997-04-01,4,2,,4,New York Sirens,PWHL,81,0,8,F,,45,&nbsp;,"5'2""",0,,NA,Kayla Vespa,https://assets.leaguestat.com/pwhl/240x240/45.jpg,NA,8
228,424,1,Kayle,Osborne,KAY-lee AWZ-born,,,"Westport, ON ",ON,,"Westport, Ontario",Westport,Ontario,Canada,"Westport, Ontario","5'8""",0,"5-8""",0,,228,None,2002-02-28,'02,2002-02-28,4,2,,4,New York Sirens,PWHL,82,0,7,G,,228,&nbsp;,"5'8""",0,,NA,Kayle Osborne,https://assets.leaguestat.com/pwhl/240x240/228.jpg,L,8
245,485,1,Kristýna,Kaltounková,,,L,"Vlašim, CZE",CZE,Czechia,"Vlašim, CZE, Czechia",Vlašim,CZE,Czechia,"Vlašim, CZE",5'9,0,5-9,0,,245,Signed,2002-04-14,'02,2002-04-14,4,2,,4,New York Sirens,PWHL,98,1,8,F,,245,*,5'9,0,"NY (PWHL) 2025 Round: 1 (#1), NY (PWHL) 2025 Round: 1 (#1)","list(id = ""1965"", person_id = ""485"", draft_round = ""1"", draft_date = """", draft_year = ""2025"", draft_rank = ""1"", draft_team = ""NY"", draft_team_id = ""0"", draft_league = """", junior_team = """", show_on_roster = ""0"", draft_mode = ""4"", lang_id = ""1"", draft_type_id = ""1"", draft_type = ""PWHL"", draft_status = """")",Kristýna Kaltounková,https://assets.leaguestat.com/pwhl/240x240/245.jpg,NA,8
238,477,1,Sanni,Ahola,SUH-nee A-hoh-luh,,,"Helsinki, FIN",,Finland,"Helsinki, Finland",Helsinki,,Finland,"Helsinki, ",5'7,0,5-7,0,,238,Signed,2000-06-03,'00,2000-06-03,5,2,,5,Ottawa Charge,PWHL,1,1,7,G,,238,*,5'7,0,"Ottawa (PWHL) 2025 Round: 5 (#37), Ottawa (PWHL) 2025 Round: 5 (#37)","list(id = ""1917"", person_id = ""477"", draft_round = ""5"", draft_date = """", draft_year = ""2025"", draft_rank = ""37"", draft_team = ""Ottawa"", draft_team_id = ""0"", draft_league = """", junior_team = """", show_on_roster = ""1"", draft_mode = ""4"", lang_id = ""1"", draft_type_id = ""1"", draft_type = ""PWHL"", draft_status = """")",Sanni Ahola,https://assets.leaguestat.com/pwhl/240x240/238.jpg,L,8
71,73,1,Jocelyne,Larocque,JOSS-lihn LA-rawk  ,,L,"Ste. Anne, MB",Manitoba,,"Ste. Anne, Manitoba",Ste. Anne,Manitoba,Canada,"Ste. Anne, Manitoba",5'5,0,5-5,0,,71,Signed,1988-05-19,'88,1988-05-19,5,2,,5,Ottawa Charge,PWHL,3,0,1,D,,71,&nbsp;,5'5,0,,NA,Jocelyne Larocque,https://assets.leaguestat.com/pwhl/240x240/71.jpg,NA,8
242,481,1,Rory,Guilday,,,L,"Chanhassen, MN",,United States,"Chanhassen, Minnesota",Chanhassen,Minnesota,United States,"Chanhassen, Minnesota",5'11,0,5-11,0,,242,Signed,2002-09-07,'02,2002-09-07,5,2,,5,Ottawa Charge,PWHL,5,1,1,D,,242,*,5'11,0,,NA,Rory Guilday,https://assets.leaguestat.com/pwhl/240x240/242.jpg,NA,8
219,415,1,Stephanie,Markowski,STEH-fuh-nee MAR-kow-skee,,L,"Edmonton, AB",AB,,"Edmonton, Alberta",Edmonton,Alberta,Canada,"Edmonton, Alberta",5'8,0,5-8,0,,219,Draftee,2001-08-24,'01,2001-08-24,5,2,,5,Ottawa Charge,PWHL,6,0,1,D,,219,&nbsp;,5'8,0,,NA,Stephanie Markowski,https://assets.leaguestat.com/pwhl/240x240/219.jpg,NA,8
289,533,1,Kathryn,Reilly,,,R,"Richmond, BC",BC,Canada,"Richmond, BC",Richmond,BC,Canada,"Richmond, BC",5'7,0,5-7,0,,289,Camp Invitee,2001-01-17,'01,2001-01-17,5,2,,5,Ottawa Charge,PWHL,8,1,1,D,,289,*,5'7,0,,NA,Kathryn Reilly,https://assets.leaguestat.com/pwhl/240x240/289.jpg,NA,8
288,532,1,Vita,Poniatovskaia,,,R,"Chelyabinsk, RUS",RUS,Russia,"Chelyabinsk, RUS, Russia",Chelyabinsk,RUS,Russia,"Chelyabinsk, RUS",5'8,0,5-8,0,,288,Reserve,2003-08-03,'03,2003-08-03,5,2,,5,Ottawa Charge,PWHL,9,1,1,D,,288,*,5'8,0,,NA,Vita Poniatovskaia,https://assets.leaguestat.com/pwhl/240x240/288.jpg,NA,8
101,129,1,Alexa,Vasko,AH-lehks-UH VAHS-koh,,L,"St. Catharines, ON",Ontario,Canada,"St. Catharines, Ontario",St. Catharines,Ontario,Canada,"St. Catharines, Ontario",5'5,0,5-5,0,,101,Signed,1999-02-07,'99,1999-02-07,5,2,,5,Ottawa Charge,PWHL,10,0,8,F,,101,&nbsp;,5'5,0,,NA,Alexa Vasko,https://assets.leaguestat.com/pwhl/240x240/101.jpg,NA,8
38,40,1,Brooke,Hobson, BRUHK HAWB-suhn,,L,"Prince Albert, SK",Saskatchewan,Canada,"Prince Albert, Saskatchewan",Prince Albert,Saskatchewan,Canada,"Prince Albert, Saskatchewan",5'6,0,5-6,0,,38,Signed,1999-05-27,'99,1999-05-27,5,2,,5,Ottawa Charge,PWHL,11,0,1,D,,38,&nbsp;,5'6,0,,NA,Brooke Hobson,https://assets.leaguestat.com/pwhl/240x240/38.jpg,NA,8
296,540,1,Olivia,Wallin,,,R,"Oakville, ON",ON,Canada,"Oakville, ON",Oakville,ON,Canada,"Oakville, ON",5'7,0,5-7,0,,296,Signed,2002-03-09,'02,2002-03-09,5,1,*,5,Ottawa Charge,PWHL,14,1,8,F,,296,*,5'7,0,,NA,Olivia Wallin,https://assets.leaguestat.com/pwhl/240x240/296.jpg,NA,8
318,589,1,Reece,Hunt,,,L,"Nelson, BC",,Canada,"Nelson, BC",Nelson,BC,Canada,"Nelson, BC",5'5,0,5-5,0,,318,Reserve,2001-03-19,'01,2001-03-19,5,2,,5,Ottawa Charge,PWHL,15,1,8,F,,318,*,5'5,0,,NA,Reece Hunt,https://assets.leaguestat.com/pwhl/240x240/318.jpg,NA,8
88,107,1,Kateřina,Mrázová,KAH-teh-REE-nuh MRAH-zoh-vuh,,L,"Kolín, CZE",CZE,,"Kolín, Czechia",Kolín,,Czechia,"Kolín, ",5'4,0,5-4,0,,88,Signed,1992-10-19,'92,1992-10-19,5,2,,5,Ottawa Charge,PWHL,16,0,8,F,,88,&nbsp;,5'4,0,,NA,Kateřina Mrázová,https://assets.leaguestat.com/pwhl/240x240/88.jpg,NA,8
57,59,1,Gabbie,Hughes,GAH-Bee HEWS,,L,"Lino Lakes, MN",Minnesota,,"Lino Lakes, Minnesota",Lino Lakes,Minnesota,United States,"Lino Lakes, Minnesota",5'9,0,5-9,0,,57,Signed,1999-10-04,'99,1999-10-04,5,2,,5,Ottawa Charge,PWHL,17,0,8,F,,57,&nbsp;,5'9,0,,NA,Gabbie Hughes,https://assets.leaguestat.com/pwhl/240x240/57.jpg,NA,8
58,60,1,Brianne,Jenner,BREE-an JEH-nuhr,,R,"Oakville, ON",Ontario,Canada,"Oakville, Ontario",Oakville,Ontario,Canada,"Oakville, Ontario",5'9,0,5-9,0,,58,Signed,1991-05-04,'91,1991-05-04,5,2,,5,Ottawa Charge,PWHL,19,0,8,F,,58,&nbsp;,5'9,0,,NA,Brianne Jenner,https://assets.leaguestat.com/pwhl/240x240/58.jpg,NA,8
217,413,1,Taylor,House,TAY-luhr HOUS,,L,"Joliet, IL",IL,,"Joliet, Illinois",Joliet,Illinois,United States,"Joliet, Illinois",5'10,0,5-10,0,,217,Draftee,1998-09-29,'98,1998-09-29,5,2,,5,Ottawa Charge,PWHL,22,0,8,F,,217,&nbsp;,5'10,0,,NA,Taylor House,https://assets.leaguestat.com/pwhl/240x240/217.jpg,NA,8
241,480,1,Sarah,Wozniewicz,,,R,"Cochrane, AB",,Canada,"Cochrane, Alberta",Cochrane,Alberta,Canada,"Cochrane, Alberta",5'7,0,5-7,0,,241,Signed,2003-08-25,'03,2003-08-25,5,2,,5,Ottawa Charge,PWHL,23,1,8,F,,241,*,5'7,0,,NA,Sarah Wozniewicz,https://assets.leaguestat.com/pwhl/240x240/241.jpg,NA,8
118,148,1,Emma,Greco,EH-muh GREH-koh,,L,"Burlington, ON",,,"Burlington, Ontario",Burlington,Ontario,Canada,"Burlington, Ontario",5'9,0,5-9,0,,118,Signed,1995-03-06,'95,1995-03-06,5,2,,5,Ottawa Charge,PWHL,25,0,1,D,,118,&nbsp;,5'9,0,,NA,Emma Greco,https://assets.leaguestat.com/pwhl/240x240/118.jpg,NA,8
53,55,1,Emily,Clark, EH-MIH-LEE KLAHRK,,L,"Saskatoon, SK",Saskatchewan,Canada,"Saskatoon, Saskatchewan",Saskatoon,Saskatchewan,Canada,"Saskatoon, Saskatchewan",5'7,0,5-7,0,,53,Signed,1995-11-28,'95,1995-11-28,5,2,,5,Ottawa Charge,PWHL,26,0,8,F,,53,&nbsp;,5'7,0,,NA,Emily Clark,https://assets.leaguestat.com/pwhl/240x240/53.jpg,NA,8
192,388,1,Brooke,McQuigge,,,L,"Bowmanville, ON",ON,,"Bowmanville, Ontario",Bowmanville,Ontario,Canada,"Bowmanville, Ontario","5'8""",0,"5-8""",0,,192,Signed,2000-06-09,'00,2000-06-09,5,2,,5,Ottawa Charge,PWHL,27,0,8,F,,192,&nbsp;,"5'8""",0,,NA,Brooke McQuigge,https://assets.leaguestat.com/pwhl/240x240/192.jpg,NA,8
286,530,1,Peyton,Hemp,,,R,"Andover, MN",Minnesota,United States,"Andover, Minnesota",Andover,Minnesota,United States,"Andover, Minnesota",5'5,0,5-5,0,,286,Camp Invitee,2003-05-15,'03,2003-05-15,5,2,,5,Ottawa Charge,PWHL,29,1,8,F,,286,*,5'5,0,"Ottawa (PWHL) 2024 Round: 4 (#29), Ottawa (PWHL) 2024 Round: 4 (#29)","list(id = ""2151"", person_id = ""530"", draft_round = ""4"", draft_date = """", draft_year = ""2024"", draft_rank = ""29"", draft_team = ""Ottawa"", draft_team_id = ""0"", draft_league = """", junior_team = """", show_on_roster = ""0"", draft_mode = ""4"", lang_id = ""1"", draft_type_id = ""1"", draft_type = ""PWHL"", draft_status = """")",Peyton Hemp,https://assets.leaguestat.com/pwhl/240x240/286.jpg,NA,8
260,504,1,Kaitlyn,Ross,,,L,"Red Cliff, AB",AB,Canada,"Red Cliff, Alberta",Red Cliff,Alberta,Canada,"Red Cliff, Alberta",5'7,0,5-7,0,,260,Signed,2001-06-12,'01,2001-06-12,5,2,,5,Ottawa Charge,PWHL,32,1,7,G,,260,*,5'7,0,,NA,Kaitlyn Ross,https://lscluster.hockeytech.com/img/nophoto.png,L,8
222,418,1,Gwyneth,Philips,GWIH-nihth FIH-lihps,,,"Athens, OH",OH,,"Athens, Ohio",Athens,Ohio,United States,"Athens, Ohio",5'7,0,5-7,0,,222,Signed,2000-09-17,'00,2000-09-17,5,2,,5,Ottawa Charge,PWHL,33,0,7,G,,222,&nbsp;,5'7,0,,NA,Gwyneth Philips,https://assets.leaguestat.com/pwhl/240x240/222.jpg,R,8
72,74,1,Rebecca,Leslie,RUH-beh-kuh LEHS-lee,,R,"Ottawa, ON",Ontario,,"Ottawa, Ontario",Ottawa,Ontario,Canada,"Ottawa, Ontario",5'6,0,5-6,0,,72,Signed,1996-05-08,'96,1996-05-08,5,2,,5,Ottawa Charge,PWHL,37,0,8,F,,72,&nbsp;,5'6,0,,NA,Rebecca Leslie,https://assets.leaguestat.com/pwhl/240x240/72.jpg,NA,8
233,465,1,Alexie,Guay,,,L,,,,,,,,,,,,0,,233,Reserve,2001-01-08,'01,2001-01-08,5,2,,5,Ottawa Charge,PWHL,42,0,1,D,,233,&nbsp;,,,,NA,Alexie Guay,https://lscluster.hockeytech.com/img/nophoto.png,NA,8
290,534,1,Kendra,Woodland,,,L,"Kamloops, BC",BC,Canada,"Kamloops, BC",Kamloops,BC,Canada,"Kamloops, BC",5'8,0,5-8,0,,290,None,2000-02-18,'00,2000-02-18,5,2,,5,Ottawa Charge,PWHL,70,1,7,G,,290,*,5'8,0,,NA,Kendra Woodland,https://assets.leaguestat.com/pwhl/240x240/290.jpg,L,8
240,479,1,Fanuza,Kadirova,,,L,"Kukmor, RUS",,Russia,"Kukmor, Russia",Kukmor,,Russia,"Kukmor, ",5'4,0,5-4,0,,240,Signed,1998-04-06,'98,1998-04-06,5,2,,5,Ottawa Charge,PWHL,71,0,8,F,,240,&nbsp;,5'4,0,,NA,Fanuza Kadirova,https://assets.leaguestat.com/pwhl/240x240/240.jpg,NA,8
115,145,1,Michela,Cava,MIH-kay-luh KAH-vuh,,R,"Thunder Bay, ON",,,"Thunder Bay, Ontario",Thunder Bay,Ontario,Canada,"Thunder Bay, Ontario",5'4,0,5-4,0,,115,Camp Invitee,1994-03-26,'94,1994-03-26,5,2,,5,Ottawa Charge,PWHL,86,0,8,F,,115,&nbsp;,5'4,0,,NA,Michela Cava,https://assets.leaguestat.com/pwhl/240x240/115.jpg,NA,8
223,419,1,Ronja,Savolainen,ROHN-yah SEH-voh-LIGH-nehn,,L,"Helsinki, FIN",FIN,,"Helsinki, Finland",Helsinki,,Finland,"Helsinki, ",5'10,0,5-10,0,,223,Signed,1997-11-29,'97,1997-11-29,5,2,,5,Ottawa Charge,PWHL,88,0,1,D,,223,&nbsp;,5'10,0,,NA,Ronja Savolainen,https://assets.leaguestat.com/pwhl/240x240/223.jpg,NA,8
319,604,1,Maggy,Burbidge,,,R,"Falmouth, NS",,,"Falmouth, NS, Nova Scotia","Falmouth, NS",Nova Scotia,Canada,"Falmouth, NS, Nova Scotia",5'5,0,5-5,0,,319,Camp Invitee,2001-01-13,'01,2001-01-13,5,2,,5,Ottawa Charge,PWHL,94,1,8,F,,319,*,5'5,0,,NA,Maggy Burbidge,https://lscluster.hockeytech.com/img/nophoto.png,NA,8
62,64,1,Aneta,Tejralová,AH-neh-TAH TEH-ruh-low-VAH,,L,"Prague, CZE",CZE,,"Prague, Czechia",Prague,,Czechia,"Prague, ",5'5,0,5-5,0,,62,Signed,1996-01-04,'96,1996-01-04,8,2,,8,Seattle Torrent,PWHL,2,0,1,D,,62,&nbsp;,5'5,0,,NA,Aneta Tejralová,https://assets.leaguestat.com/pwhl/240x240/62.jpg,NA,8
196,392,1,Cayla,Barnes,,,R,"Eastvale, CA",CA,,"Eastvale, California",Eastvale,California,United States,"Eastvale, California","5'2""",0,"5-2""",0,,196,None,1999-01-07,'99,1999-01-07,8,2,,8,Seattle Torrent,PWHL,3,0,1,D,,196,&nbsp;,"5'2""",0,,NA,Cayla Barnes,https://assets.leaguestat.com/pwhl/240x240/196.jpg,NA,8
203,399,1,Anna,Wilgren,,,L,"Hudson, WI",WI,,"Hudson, Wisconsin",Hudson,Wisconsin,United States,"Hudson, Wisconsin",5'8,0,5-8,0,,203,None,1999-11-10,'99,1999-11-10,8,2,,8,Seattle Torrent,PWHL,5,0,1,D,,203,&nbsp;,5'8,0,,NA,Anna Wilgren,https://assets.leaguestat.com/pwhl/240x240/203.jpg,NA,8
298,542,1,Emily,Zumwinkle,,,R,"Excelsior, MN",MN,United States,"Excelsior, MN",Excelsior,MN,United States,"Excelsior, MN",,0,,0,,298,None,2003-05-20,'03,2003-05-20,8,2,,8,Seattle Torrent,PWHL,6,1,1,D,,298,*,,0,,NA,Emily Zumwinkle,https://assets.leaguestat.com/pwhl/240x240/298.jpg,NA,8
291,535,1,Lily,Delianedis,,,L,"Edina, MN",MN,United States,"Edina, Minnesota",Edina,Minnesota,United States,"Edina, Minnesota",,0,,0,,291,None,2001-10-07,'01,2001-10-07,8,2,,8,Seattle Torrent,PWHL,7,1,8,F,,291,*,,0,,NA,Lily Delianedis,https://assets.leaguestat.com/pwhl/240x240/291.jpg,NA,8
142,175,1,Natalie,Snodgrass,NAT-uh-lee SNAWD-grahs,,L,"Eagan, MN",,,"Eagan, Minnesota",Eagan,Minnesota,United States,"Eagan, Minnesota","5'6""",0,"5-6""",0,,142,Signed,1998-12-17,'98,1998-12-17,8,2,,8,Seattle Torrent,PWHL,8,0,8,F,,142,&nbsp;,"5'6""",0,,NA,Natalie Snodgrass,https://assets.leaguestat.com/pwhl/240x240/142.jpg,NA,8
237,476,1,Jenna,Buglioni,,,R,"Port Moody, BC",,Canada,"Port Moody, British Columbia",Port Moody,British Columbia,Canada,"Port Moody, British Columbia",5'3,0,5-3,0,,237,Signed,2002-03-13,'02,2002-03-13,8,2,,8,Seattle Torrent,PWHL,10,1,8,F,,237,*,5'3,0,,NA,Jenna Buglioni,https://assets.leaguestat.com/pwhl/240x240/237.jpg,NA,8
2,4,1,Emily,Brown,EHM-IHL-EE BROWN,,L,"Blaine, MN",Minnesota,,"Blaine, Minnesota",Blaine,Minnesota,United States,"Blaine, Minnesota",5'7,0,5-7,0,,2,Signed,1998-12-30,'98,1998-12-30,8,2,,8,Seattle Torrent,PWHL,11,0,1,D,,2,&nbsp;,5'7,0,,NA,Emily Brown,https://assets.leaguestat.com/pwhl/240x240/2.jpg,NA,8
138,171,1,Mikyla,Grant-Mentis,,,L,"Brampton, ON",,,"Brampton, Ontario",Brampton,Ontario,Canada,"Brampton, Ontario",5'6,0,5-6,0,,138,None,1998-07-15,'98,1998-07-15,8,2,,8,Seattle Torrent,PWHL,13,0,8,F,,138,&nbsp;,5'6,0,,NA,Mikyla Grant-Mentis,https://assets.leaguestat.com/pwhl/240x240/138.jpg,NA,8
91,119,1,Brooke,Bryant,BRUHK BRIGH-uhnt,,R,"Linden, CA",California,United States,"Linden, California",Linden,California,United States,"Linden, California",5'6,0,5-6,0,,91,Signed,2000-08-22,'00,2000-08-22,8,2,,8,Seattle Torrent,PWHL,17,0,8,F,,91,&nbsp;,5'6,0,,NA,Brooke Bryant,https://assets.leaguestat.com/pwhl/240x240/91.jpg,NA,8
181,377,1,Hannah,Bilka,HAN-uh BIHL-KUH,,L,"Coppell, TX",TX,,"Coppell, Texas",Coppell,Texas,United States,"Coppell, Texas",5'5,0,5-5,0,,181,Signed,2001-03-24,'01,2001-03-24,8,2,,8,Seattle Torrent,PWHL,19,0,8,F,,181,&nbsp;,5'5,0,,NA,Hannah Bilka,https://assets.leaguestat.com/pwhl/240x240/181.jpg,NA,8
99,127,1,Mariah,Keopple,,,L,"Menomonie, WI",Wisconsin,,"Menomonie, Wisconsin",Menomonie,Wisconsin,United States,"Menomonie, Wisconsin",5'9,0,5-9,0,,99,None,2000-06-27,'00,2000-06-27,8,2,,8,Seattle Torrent,PWHL,20,0,1,D,,99,&nbsp;,5'9,0,,NA,Mariah Keopple,https://assets.leaguestat.com/pwhl/240x240/99.jpg,NA,8
13,15,1,Hilary,Knight,HILL-AH-REE NIGHT,,R,"Sun Valley, ID",Idaho,,"Sun Valley, Idaho",Sun Valley,Idaho,United States,"Sun Valley, Idaho",5'11,0,5-11,0,,13,Signed,1989-07-12,'89,1989-07-12,8,1,*,8,Seattle Torrent,PWHL,21,0,8,F,,13,&nbsp;,5'11,0,,NA,Hilary Knight,https://assets.leaguestat.com/pwhl/240x240/13.jpg,NA,8
294,538,1,Lyndie,Lobdell,,,R,"Aurora, IL",IL,United States,"Aurora, IL",Aurora,IL,United States,"Aurora, IL",,0,,0,,294,None,2002-09-01,'02,2002-09-01,8,2,,8,Seattle Torrent,PWHL,24,1,1,D,,294,*,,0,,NA,Lyndie Lobdell,https://assets.leaguestat.com/pwhl/240x240/294.jpg,NA,8
34,36,1,Alex,Carpenter,AL-ehx KAHR-pehn-tuhr,,L,"North Reading, MA",Massachusetts,,"North Reading, Massachusetts",North Reading,Massachusetts,United States,"North Reading, Massachusetts","5'7""",0,"5-7""",0,,34,Signed,1994-04-13,'94,1994-04-13,8,2,,8,Seattle Torrent,PWHL,25,0,8,F,,34,&nbsp;,"5'7""",0,,NA,Alex Carpenter,https://assets.leaguestat.com/pwhl/240x240/34.jpg,NA,8
208,404,1,Megan,Carter,MEH-gan CART-uhr,,L,"Milton, ON",ON,,"Milton, Ontario",Milton,Ontario,Canada,"Milton, Ontario",5'8,0,5-8,0,,208,Signed,2001-05-23,'01,2001-05-23,8,2,,8,Seattle Torrent,PWHL,27,0,1,D,,208,&nbsp;,5'8,0,,NA,Megan Carter,https://assets.leaguestat.com/pwhl/240x240/208.jpg,NA,8
156,191,1,Gabrielle,David,,,R,"Drummondville, QC",,,"Drummondville, Québec",Drummondville,Québec,Canada,"Drummondville, Québec",5'4,0,5-4,0,,156,None,1999-06-22,'99,1999-06-22,8,1,*,8,Seattle Torrent,PWHL,28,0,8,F,,156,&nbsp;,5'4,0,,NA,Gabrielle David,https://assets.leaguestat.com/pwhl/240x240/156.jpg,NA,8
155,188,1,Corinne,Schroeder,kohr-een SHROW-duhr,,R,"Elm Creek, MB",,,"Elm Creek, Manitoba",Elm Creek,Manitoba,Canada,"Elm Creek, Manitoba",5'11,0,5-11,0,,155,Signed,1999-08-17,'99,1999-08-17,8,2,,8,Seattle Torrent,PWHL,30,0,7,G,,155,&nbsp;,5'11,0,,NA,Corinne Schroeder,https://assets.leaguestat.com/pwhl/240x240/155.jpg,L,8
17,19,1,Theresa,Schafzahl,TUH-reh-zuh SHAWF-zahl,,L,"Weiz, AUT",AUT,,"Weiz, Austria",Weiz,,Austria,"Weiz, ",5'8,0,5-8,0,,17,Signed,2000-04-12,'00,2000-04-12,8,2,,8,Seattle Torrent,PWHL,37,0,3,LW,,17,&nbsp;,5'8,0,,NA,Theresa Schafzahl,https://assets.leaguestat.com/pwhl/240x240/17.jpg,NA,8
292,536,1,Jada,Habisch,,,R,"Buffalo, MN",MN,United States,"Buffalo, Minn",Buffalo,Minn,United States,"Buffalo, Minn",,0,,0,,292,None,2002-06-25,'02,2002-06-25,8,2,,8,Seattle Torrent,PWHL,52,1,8,F,,292,*,,0,,NA,Jada Habisch,https://assets.leaguestat.com/pwhl/240x240/292.jpg,NA,8
295,539,1,Marah,Wagner,,,L,"Seattle, WA",WA,United States,"Seattle, WA",Seattle,WA,United States,"Seattle, WA",,0,,0,,295,None,2000-10-19,'00,2000-10-19,8,2,,8,Seattle Torrent,PWHL,66,1,8,F,,295,*,,0,,NA,Marah Wagner,https://assets.leaguestat.com/pwhl/240x240/295.jpg,NA,8
134,167,1,Carly,Jackson,CAR-lee JAK-sun,,R,"Amherst, NS",,,"Amherst, Nova Scotia",Amherst,Nova Scotia,Canada,"Amherst, Nova Scotia","5'5""",0,"5-5""",0,,134,Signed,1997-06-23,'97,1997-06-23,8,2,,8,Seattle Torrent,PWHL,70,0,7,G,,134,&nbsp;,"5'5""",0,,NA,Carly Jackson,https://assets.leaguestat.com/pwhl/240x240/134.jpg,L,8
293,537,1,Sydney,Langseth,,,R,"Eden Prairie, MN",MN,United States,"Eden Prairie, Minnesota",Eden Prairie,Minnesota,United States,"Eden Prairie, Minnesota",,0,,0,,293,None,2002-01-29,'02,2002-01-29,8,2,,8,Seattle Torrent,PWHL,71,1,8,F,,293,*,,0,,NA,Sydney Langseth,https://assets.leaguestat.com/pwhl/240x240/293.jpg,NA,8
49,51,1,Lexie,Adzija,LEHKS-ee ah-JEE-uh,,L,"St. Thomas, ON",Ontario,Canada,"St. Thomas, Ontario",St. Thomas,Ontario,Canada,"St. Thomas, Ontario","5'10""",0,"5-10""",0,,49,Signed,2000-06-30,'00,2000-06-30,8,2,,8,Seattle Torrent,PWHL,78,0,8,F,,49,&nbsp;,"5'10""",0,"Ottawa (PWHL) 2023 Round: 11 (#65), Ottawa (PWHL) 2023 Round: 11 (#65)","list(id = ""295"", person_id = ""51"", draft_round = ""11"", draft_date = """", draft_year = ""2023"", draft_rank = ""65"", draft_team = ""Ottawa"", draft_team_id = ""0"", draft_league = """", junior_team = """", show_on_roster = ""1"", draft_mode = ""4"", lang_id = ""1"", draft_type_id = ""1"", draft_type = ""PWHL"", draft_status = """")",Lexie Adzija,https://assets.leaguestat.com/pwhl/240x240/49.jpg,NA,8
250,490,1,Hannah,Murphy,,,R,"Kingston, ON",ON,Canada,"Kingston, ON",Kingston,ON,Canada,"Kingston, ON",5'10,0,5-10,0,,250,Signed,2003-08-03,'03,2003-08-03,8,2,,8,Seattle Torrent,PWHL,83,1,7,G,,250,*,5'10,0,,NA,Hannah Murphy,https://assets.leaguestat.com/pwhl/240x240/250.jpg,L,8
210,406,1,Julia,Gosling,JOO-lee-uh GAWZ-lihng,,L,"London, ON",ON,,"London, Ontario",London,Ontario,Canada,"London, Ontario","5'10""",0,"5-10""",0,,210,Signed,2001-02-21,'01,2001-02-21,8,2,,8,Seattle Torrent,PWHL,88,0,8,F,,210,&nbsp;,"5'10""",0,,NA,Julia Gosling,https://assets.leaguestat.com/pwhl/240x240/210.jpg,NA,8
224,420,1,Danielle,Serdachny,DAN-yehl suhr-DAK-nee,,R,"Edmonton, AB",AB,,"Edmonton, Alberta",Edmonton,Alberta,Canada,"Edmonton, Alberta","5'9""",0,"5-9""",0,,224,Signed,2001-05-12,'01,2001-05-12,8,2,,8,Seattle Torrent,PWHL,92,0,8,F,,224,&nbsp;,"5'9""",0,,NA,Danielle Serdachny,https://assets.leaguestat.com/pwhl/240x240/224.jpg,NA,8
211,407,1,Raygan,Kirk,ray-GEHN kurk,,,"Ste. Anne, MB",MB,,"Ste. Anne, Manitoba",Ste. Anne,Manitoba,Canada,"Ste. Anne, Manitoba",5'8,0,5-8,0,,211,Signed,2001-03-11,'01,2001-03-11,6,2,,6,Toronto Sceptres,PWHL,1,0,7,G,,211,&nbsp;,5'8,0,,NA,Raygan Kirk,https://assets.leaguestat.com/pwhl/240x240/211.jpg,L,8
132,165,1,Jessica,Kondas,JEH-sih-KUH KAWN-duhs,,R,"Calgary, AB",,,"Calgary, Alberta",Calgary,Alberta,Canada,"Calgary, Alberta","5'9""",0,"5-9""",0,,132,Camp Invitee,2000-01-03,'00,2000-01-03,6,2,,6,Toronto Sceptres,PWHL,2,0,1,D,,132,&nbsp;,"5'9""",0,,NA,Jessica Kondas,https://assets.leaguestat.com/pwhl/240x240/132.jpg,NA,8
68,70,1,Kali,Flanagan,KAH-lee FLAN-uh-gehn,,R,"Burlington, MA",,,"Burlington, Massachussetts",Burlington,Massachussetts,United States,"Burlington, Massachussetts","5'4""",0,"5-4""",0,,68,Signed,1995-09-19,'95,1995-09-19,6,2,,6,Toronto Sceptres,PWHL,6,0,1,D,,68,&nbsp;,"5'4""",0,,NA,Kali Flanagan,https://assets.leaguestat.com/pwhl/240x240/68.jpg,NA,8
63,65,1,Daryl,Watts,DAIR-uhl WAHTS,,L,"Toronto, ON",Ontario,,"Toronto, Ontario",Toronto,Ontario,Canada,"Toronto, Ontario","5'6""",0,"5-6""",0,,63,Signed,1999-05-15,'99,1999-05-15,6,2,,6,Toronto Sceptres,PWHL,9,0,8,F,,63,&nbsp;,"5'6""",0,,NA,Daryl Watts,https://assets.leaguestat.com/pwhl/240x240/63.jpg,NA,8
311,555,1,Hanna,Baskin,,,L,"Minnetonka, MN",,,"Minnetonka, Minnesota",Minnetonka,Minnesota,United States,"Minnetonka, Minnesota",,0,,0,,311,None,2003-07-10,'03,2003-07-10,6,2,,6,Toronto Sceptres,PWHL,10,1,1,D,,311,*,,0,,NA,Hanna Baskin,https://assets.leaguestat.com/pwhl/240x240/311.jpg,NA,8
317,561,1,Kiara,Zanon,,,L,"Fairport, NY",,,"Fairport, New York",Fairport,New York,United States,"Fairport, New York",,0,,0,,317,None,2002-08-22,'02,2002-08-22,6,2,,6,Toronto Sceptres,PWHL,11,1,8,F,,317,*,,0,,NA,Kiara Zanon,https://assets.leaguestat.com/pwhl/240x240/317.jpg,NA,8
74,76,1,Allie,Munroe,AH-lee MUHN-roh,,L,"Yarmouth, NS",Nova Scotia,,"Yarmouth, Nova Scotia",Yarmouth,Nova Scotia,Canada,"Yarmouth, Nova Scotia","5'6""",0,"5-6""",0,,74,Signed,1997-04-20,'97,1997-04-20,6,2,,6,Toronto Sceptres,PWHL,12,0,1,D,,74,&nbsp;,"5'6""",0,,NA,Allie Munroe,https://assets.leaguestat.com/pwhl/240x240/74.jpg,NA,8
213,409,1,Anneke,Rankila,AH-nik-KUH REHN-kuh-lah,,R,"Lino Lakes, MN",MN,,"Lino Lakes, Minnesota",Lino Lakes,Minnesota,United States,"Lino Lakes, Minnesota",5'10,0,5-10,0,,213,Draftee,1999-11-10,'99,1999-11-10,6,2,,6,Toronto Sceptres,PWHL,13,0,8,F,,213,&nbsp;,5'10,0,,NA,Anneke Rankila,https://assets.leaguestat.com/pwhl/240x240/213.jpg,NA,8
67,69,1,Renata,Fast,REH-NAH-tuh FAST,,R,"Burlington, ON",Ontario,,"Burlington, Ontario",Burlington,Ontario,Canada,"Burlington, Ontario","5'7""",0,"5-7""",0,,67,Signed,1994-10-06,'94,1994-10-06,6,2,,6,Toronto Sceptres,PWHL,14,0,1,D,,67,&nbsp;,"5'7""",0,,NA,Renata Fast,https://assets.leaguestat.com/pwhl/240x240/67.jpg,NA,8
56,58,1,Savannah,Harmon,SAH-VAHN-UH HAR-mihn,,L,"Downers Grove, IL",Illinois,,"Downers Grove, Illinois",Downers Grove,Illinois,United States,"Downers Grove, Illinois","5'3""",0,"5-3""",0,,56,Signed,1995-10-27,'95,1995-10-27,6,2,,6,Toronto Sceptres,PWHL,15,0,1,D,,56,&nbsp;,"5'3""",0,,NA,Savannah Harmon,https://assets.leaguestat.com/pwhl/240x240/56.jpg,NA,8
315,559,1,Lauren,Messier,,,L,"Burlington, ON",,,"Burlington, Ontario",Burlington,Ontario,Canada,"Burlington, Ontario",,0,,0,,315,None,2003-07-03,'03,2003-07-03,6,2,,6,Toronto Sceptres,PWHL,16,1,8,F,,315,*,,0,,NA,Lauren Messier,https://assets.leaguestat.com/pwhl/240x240/315.jpg,NA,8
44,46,1,Ella,Shelton,EH-LUH SHEHL-tuhn,,L,"Ingersoll, ON",Ontario,,"Ingersoll, Ontario",Ingersoll,Ontario,Canada,"Ingersoll, Ontario","5'8""",0,"5-8""",0,,44,Signed,1998-01-19,'98,1998-01-19,6,2,,6,Toronto Sceptres,PWHL,17,0,1,D,,44,&nbsp;,"5'8""",0,,NA,Ella Shelton,https://assets.leaguestat.com/pwhl/240x240/44.jpg,NA,8
65,67,1,Jesse,Compher,JEH-see KUHM-fuhr,,R,"Northbrook, IL",Illinois,,"Northbrook, Illinois",Northbrook,Illinois,United States,"Northbrook, Illinois","5'8""",0,"5-8""",0,,65,Signed,1999-07-01,'99,1999-07-01,6,2,,6,Toronto Sceptres,PWHL,18,0,8,F,,65,&nbsp;,"5'8""",0,,NA,Jesse Compher,https://assets.leaguestat.com/pwhl/240x240/65.jpg,NA,8
313,557,1,Sara,Hjalmarsson,,,L,"Bankeryd, SWE",,,"Bankeryd, Sweden",Bankeryd,,Sweden,"Bankeryd, ",,0,,0,,313,None,1998-02-08,'98,1998-02-08,6,2,,6,Toronto Sceptres,PWHL,19,0,8,F,,313,&nbsp;,,0,,NA,Sara Hjalmarsson,https://assets.leaguestat.com/pwhl/240x240/313.jpg,NA,8
244,484,1,Emma,Gentry,,,L,"Alpena, MI",,United States,"Alpena, Michigan",Alpena,Michigan,United States,"Alpena, Michigan",5'11,0,5-11,0,,244,Signed,2002-10-23,'02,2002-10-23,6,2,,6,Toronto Sceptres,PWHL,20,1,8,F,,244,*,5'11,0,,NA,Emma Gentry,https://assets.leaguestat.com/pwhl/240x240/244.jpg,NA,8
54,56,1,Kristin,Della Rovere,,,R,"Caledon East, ON",Ontario,,"Caledon, Ontario",Caledon,Ontario,Canada,"Caledon, Ontario",,0,,0,,54,None,2000-11-30,'00,2000-11-30,6,2,,6,Toronto Sceptres,PWHL,21,0,8,F,,54,&nbsp;,,0,,NA,Kristin Della Rovere,https://assets.leaguestat.com/pwhl/240x240/54.jpg,NA,8
66,68,1,Maggie,Connors,MA-gee KAW-nuhrs,,L,"St. John's, NL",Newfoundland,,"St John's, Newfoundland",St John's,Newfoundland,Canada,"St John's, Newfoundland","5'6""",0,"5-6""",0,,66,Signed,2000-10-22,'00,2000-10-22,6,2,,6,Toronto Sceptres,PWHL,22,0,8,F,,66,&nbsp;,"5'6""",0,,NA,Maggie Connors,https://assets.leaguestat.com/pwhl/240x240/66.jpg,NA,8
100,128,1,Natalie,Spooner,NAH-TAH-LEE SPOO-NER,,R,"Scarborough, ON",Ontario,,"Scarborough, Ontario",Scarborough,Ontario,Canada,"Scarborough, Ontario",5'10,0,5-10,0,,100,Signed,1990-10-17,'90,1990-10-17,6,2,,6,Toronto Sceptres,PWHL,24,0,8,F,,100,&nbsp;,5'10,0,,NA,Natalie Spooner,https://assets.leaguestat.com/pwhl/240x240/100.jpg,NA,8
316,560,1,Clara,Van Wieren,,,L,"Okemos, MI",,,"Okemos, Michigan",Okemos,Michigan,United States,"Okemos, Michigan",,0,,0,,316,None,2002-01-25,'02,2002-01-25,6,2,,6,Toronto Sceptres,PWHL,25,1,8,F,,316,*,,0,,NA,Clara Van Wieren,https://assets.leaguestat.com/pwhl/240x240/316.jpg,NA,8
73,75,1,Emma,Maltais,EH-ma MAL-tay,,L,"Burlington, ON",Ontario,,"Burlington, Ontario",Burlington,Ontario,Canada,"Burlington, Ontario","5'3""",0,"5-3""",0,,73,Signed,1999-11-04,'99,1999-11-04,6,2,,6,Toronto Sceptres,PWHL,27,0,8,F,,73,&nbsp;,"5'3""",0,,NA,Emma Maltais,https://assets.leaguestat.com/pwhl/240x240/73.jpg,NA,8
85,104,1,Elaine,Chuli,,,L,"Waterford, ON",Ontario,,"Waterford, Ontario",Waterford,Ontario,Canada,"Waterford, Ontario",5'7,0,5-7,0,,85,None,1994-05-16,'94,1994-05-16,6,2,,6,Toronto Sceptres,PWHL,29,0,7,G,,85,&nbsp;,5'7,0,,NA,Elaine Chuli,https://assets.leaguestat.com/pwhl/240x240/85.jpg,L,8
76,78,1,Blayre,Turnbull,BLEHR TURN-bul,,R,"Stellarton, NS",Nova Scotia,,"Stellarton, Nova Scotia",Stellarton,Nova Scotia,Canada,"Stellarton, Nova Scotia","5'7""",0,"5-7""",0,,76,Signed,1993-07-15,'93,1993-07-15,6,2,,6,Toronto Sceptres,PWHL,40,0,8,F,,76,&nbsp;,"5'7""",0,,NA,Blayre Turnbull,https://assets.leaguestat.com/pwhl/240x240/76.jpg,NA,8
26,28,1,Claire,Dalton,,,R,"Toronto, ON",Ontario,,"Toronto, Ontario",Toronto,Ontario,Canada,"Toronto, Ontario","5'9""",0,"5-9""",0,,26,None,2000-03-20,'00,2000-03-20,6,2,,6,Toronto Sceptres,PWHL,42,0,8,F,,26,&nbsp;,"5'9""",0,,NA,Claire Dalton,https://assets.leaguestat.com/pwhl/240x240/26.jpg,NA,8
86,105,1,Emma,Woods,EH-muh WUDZ,,R,"Burford, ON",Ontario,,"Burford, Ontario",Burford,Ontario,Canada,"Burford, Ontario","5'7""",0,"5-7""",0,,86,Signed,1995-12-18,'95,1995-12-18,6,2,,6,Toronto Sceptres,PWHL,67,0,8,F,,86,&nbsp;,"5'7""",0,,NA,Emma Woods,https://assets.leaguestat.com/pwhl/240x240/86.jpg,NA,8
200,396,1,Anna,Kjellbin,,,R,"Göteberg, SWE",SWE,Sweden,"Göteberg, Sweden",Göteberg,,Sweden,"Göteberg, ","5'7""",0,"5-7""",0,,200,None,1994-03-16,'94,1994-03-16,6,2,,6,Toronto Sceptres,PWHL,71,0,1,D,,200,&nbsp;,"5'7""",0,,NA,Anna Kjellbin,https://assets.leaguestat.com/pwhl/240x240/200.jpg,NA,8
314,558,1,Jessie,McPherson,,,L,"Chatham, ON",,,"Chatham, Ontario",Chatham,Ontario,Canada,"Chatham, Ontario",,0,,0,,314,None,2002-12-20,'02,2002-12-20,6,2,,6,Toronto Sceptres,PWHL,91,1,7,G,,314,*,,0,,NA,Jessie McPherson,https://assets.leaguestat.com/pwhl/240x240/314.jpg,L,8
321,606,1,Sini,Karjalainen,,,L,"Posio, FIN",,,,,,,,"5'9""",,"5-9""",0,,321,Reserve,1999-01-30,'99,1999-01-30,9,2,,9,Vancouver Goldeneyes,PWHL,2,0,1,D,,321,&nbsp;,"5'9""",,,NA,Sini Karjalainen,https://lscluster.hockeytech.com/img/nophoto.png,NA,8
310,554,1,Madison,Samoskevich,,,L,"Sandy Hook, CT",,,"Sandy Hook, Connecticut",Sandy Hook,Connecticut,United States,"Sandy Hook, Connecticut",5'5,0,5-5,0,,310,Signed,2002-11-15,'02,2002-11-15,9,2,,9,Vancouver Goldeneyes,PWHL,7,1,5,LD,,310,*,5'5,0,,NA,Madison Samoskevich,https://assets.leaguestat.com/pwhl/240x240/310.jpg,NA,8
209,405,1,Izzy,Daniel,IH-zee DAN-yuhl,,R,"Minneapolis, MN",MN,,"Minneapolis, Minnesota",Minneapolis,Minnesota,United States,"Minneapolis, Minnesota","5'5""",0,"5-5""",0,,209,Signed,2000-09-29,'00,2000-09-29,9,2,,9,Vancouver Goldeneyes,PWHL,8,0,8,F,,209,&nbsp;,"5'5""",0,,NA,Izzy Daniel,https://assets.leaguestat.com/pwhl/240x240/209.jpg,NA,8
301,545,1,Katie,Chan,,,L,"Richmond, BC",,,"Richmond, British Columbia",Richmond,British Columbia,Canada,"Richmond, British Columbia",5'2,0,5-2,0,,301,Camp Invitee,2003-01-05,'03,2003-01-05,9,2,,9,Vancouver Goldeneyes,PWHL,9,1,8,F,,301,*,5'2,0,,NA,Katie Chan,https://assets.leaguestat.com/pwhl/240x240/301.jpg,NA,8
180,376,1,Sydney,Bard,SIHD-nee bahrd,,R,"New Hartford, NY",NY,,"New Hartford, New York",New Hartford,New York,United States,"New Hartford, New York",5'3,0,5-3,0,,180,Signed,2001-01-15,'01,2001-01-15,9,2,,9,Vancouver Goldeneyes,PWHL,11,0,1,D,,180,&nbsp;,5'3,0,,NA,Sydney Bard,https://assets.leaguestat.com/pwhl/240x240/180.jpg,NA,8
198,394,1,Jenn,Gardiner,,,L,"Surrey, BC",BC,,"Surrey, British Columbia",Surrey,British Columbia,Canada,"Surrey, British Columbia",5'6,0,5-6,0,,198,Camp Invitee,2001-09-18,'01,2001-09-18,9,2,,9,Vancouver Goldeneyes,PWHL,12,0,8,F,,198,&nbsp;,5'6,0,,NA,Jenn Gardiner,https://assets.leaguestat.com/pwhl/240x240/198.jpg,NA,8
161,196,1,Tereza,Vanišová, TAH-ree-zuh VAH-nee-soh-VUH,,L,"Strakonice, CZE",CZE,,"Strakonice, Czechia, Czechia",Strakonice,Czechia,Czechia,"Strakonice, Czechia",5'7,0,5-7,0,,161,Signed,1996-01-30,'96,1996-01-30,9,2,,9,Vancouver Goldeneyes,PWHL,13,0,8,F,,161,&nbsp;,5'7,0,,NA,Tereza Vanišová,https://assets.leaguestat.com/pwhl/240x240/161.jpg,NA,8
227,423,1,Gabby,Rosenthal,GAH-bee ROW-zehn-thahl,,R,"Blaine, MN",MN,,"Blaine , Minnesota",Blaine ,Minnesota,United States,"Blaine , Minnesota",5'7,0,5-7,0,,227,Camp Invitee,1999-09-13,'99,1999-09-13,9,2,,9,Vancouver Goldeneyes,PWHL,15,0,8,F,,227,&nbsp;,5'7,0,,NA,Gabby Rosenthal,https://assets.leaguestat.com/pwhl/240x240/227.jpg,NA,8
11,13,1,Sophie,Jaques,SOH-fee JAYKS,,R,"Toronto, ON",Ontario,,"Toronto, Ontario",Toronto,Ontario,Canada,"Toronto, Ontario",5'8,0,5-8,0,,11,Camp Invitee,2000-10-16,'00,2000-10-16,9,2,,9,Vancouver Goldeneyes,PWHL,16,0,1,D,,11,&nbsp;,5'8,0,,NA,Sophie Jaques,https://assets.leaguestat.com/pwhl/240x240/11.jpg,NA,8
140,173,1,Malia,Schneider,,,R,"Millarville, AB",,,"Millarville, Alberta",Millarville,Alberta,Canada,"Millarville, Alberta","5'6""",0,"5-6""",0,,140,Camp Invitee,1998-10-03,'98,1998-10-03,9,2,,9,Vancouver Goldeneyes,PWHL,18,0,8,F,,140,&nbsp;,"5'6""",0,,NA,Malia Schneider,https://assets.leaguestat.com/pwhl/240x240/140.jpg,NA,8
220,416,1,Mannon,McMahon,MA-nuhn mihk-MAN,,R,"Maple Grove, MN",MN,,"Maple Grove, Minnesota",Maple Grove,Minnesota,United States,"Maple Grove, Minnesota",5'7,0,5-7,0,,220,Draftee,2001-07-29,'01,2001-07-29,9,2,,9,Vancouver Goldeneyes,PWHL,19,0,8,F,,220,&nbsp;,5'7,0,,NA,Mannon McMahon,https://assets.leaguestat.com/pwhl/240x240/220.jpg,NA,8
75,77,1,Sarah,Nurse,SAIR-uh NUHRS,,L,"Hamilton, ON",Ontario,,"Hamilton, Ontario",Hamilton,Ontario,Canada,"Hamilton, Ontario",5'7,0,5-7,0,,75,Signed,1995-01-04,'95,1995-01-04,9,2,,9,Vancouver Goldeneyes,PWHL,20,0,8,F,,75,&nbsp;,5'7,0,,NA,Sarah Nurse,https://assets.leaguestat.com/pwhl/240x240/75.jpg,NA,8
50,52,1,Ashton,Bell,ASH-tuhn BEHL,,R,"Deloraine, MB",Manitoba,,"Deloraine, MB, Manitoba","Deloraine, MB",Manitoba,Canada,"Deloraine, MB, Manitoba","5'9""",0,"5-9""",0,,50,Signed,1999-12-07,'99,1999-12-07,9,2,,9,Vancouver Goldeneyes,PWHL,21,0,1,D,,50,&nbsp;,"5'9""",0,,NA,Ashton Bell,https://assets.leaguestat.com/pwhl/240x240/50.jpg,NA,8
114,144,1,Abby,Boreen,,,R,"Somerset, WI",WI,,"Somerset, Wisconsin",Somerset,Wisconsin,United States,"Somerset, Wisconsin",5'8,0,5-8,0,,114,Camp Invitee,2000-04-03,'00,2000-04-03,9,2,,9,Vancouver Goldeneyes,PWHL,22,0,8,F,,114,&nbsp;,5'8,0,,NA,Abby Boreen,https://assets.leaguestat.com/pwhl/240x240/114.jpg,NA,8
129,162,1,Mellissa,Channell-Watkins,Muh-LISS-uh CHAN-uhl WHAT-kins,,L,"Plymouth, MI",,,"Plymouth, Michigan",Plymouth,Michigan,United States,"Plymouth, Michigan",5'4,0,5-4,0,,129,Signed,1994-12-16,'94,1994-12-16,9,2,,9,Vancouver Goldeneyes,PWHL,23,0,1,D,,129,&nbsp;,5'4,0,,NA,Mellissa Channell-Watkins,https://assets.leaguestat.com/pwhl/240x240/129.jpg,NA,8
305,549,1,Nina,Jobst-Smith,,,R,"North Vancouver, BC",,,"North Vancouver, British Columbia",North Vancouver,British Columbia,Canada,"North Vancouver, British Columbia",5'7,0,5-7,0,,305,Camp Invitee,2001-08-30,'01,2001-08-30,9,2,,9,Vancouver Goldeneyes,PWHL,28,1,1,D,,305,*,5'7,0,,NA,Nina Jobst-Smith,https://assets.leaguestat.com/pwhl/240x240/305.jpg,NA,8
252,495,1,Michelle,Karvinen,,,L,"Rødovre, DEN",,,"Rødovre, Denmark, Denmark",Rødovre,Denmark,Denmark,"Rødovre, Denmark",5'6,0,5-6,0,,252,Signed,1990-03-27,'90,1990-03-27,9,2,,9,Vancouver Goldeneyes,PWHL,33,0,8,F,,252,&nbsp;,5'6,0,,NA,Michelle Karvinen,https://assets.leaguestat.com/pwhl/240x240/252.jpg,NA,8
89,108,1,Hannah,Miller,HAN-uh MIH-luhr,,L,"North Vancouver, BC ",British Columbia,,"North Vancouver, British Columbia",North Vancouver,British Columbia,Canada,"North Vancouver, British Columbia",5'9,0,5-9,0,,89,Signed,1996-02-16,'96,1996-02-16,9,2,,9,Vancouver Goldeneyes,PWHL,34,0,8,F,,89,&nbsp;,5'9,0,,NA,Hannah Miller,https://assets.leaguestat.com/pwhl/240x240/89.jpg,NA,8
309,553,1,Kimberly,Newell,,,L,"Burnaby, BC",,,"Burnaby, British Columbia",Burnaby,British Columbia,Canada,"Burnaby, British Columbia",5'9,0,5-9,0,,309,Camp Invitee,1995-10-04,'95,1995-10-04,9,2,,9,Vancouver Goldeneyes,PWHL,35,0,7,G,,309,&nbsp;,5'9,0,,NA,Kimberly Newell,https://assets.leaguestat.com/pwhl/240x240/309.jpg,L,8
59,61,1,Emerance,Maschmeyer,EH-muhr-ehns MASH-my-uhr,,L,"Bruderheim, AB",Alberta,,"Bruderheim, Alberta",Bruderheim,Alberta,Canada,"Bruderheim, Alberta",5'6,0,5-6,0,,59,Signed,1994-10-05,'94,1994-10-05,9,2,,9,Vancouver Goldeneyes,PWHL,38,0,7,G,,59,&nbsp;,5'6,0,,NA,Emerance Maschmeyer,https://assets.leaguestat.com/pwhl/240x240/59.jpg,L,8
169,204,1,Claire,Thompson,,,L,"Toronto, ON",,,"Toronto, Ontario",Toronto,Ontario,Canada,"Toronto, Ontario",5'8,0,5-8,0,,169,Camp Invitee,1998-01-28,'98,1998-01-28,9,2,,9,Vancouver Goldeneyes,PWHL,42,0,1,D,,169,&nbsp;,5'8,0,,NA,Claire Thompson,https://assets.leaguestat.com/pwhl/240x240/169.jpg,NA,8
64,66,1,Kristen,Campbell,KRIHS-tehn CAM-behl,,L,"Brandon, MB",Manitoba,,"Brandon, Manitoba",Brandon,Manitoba,Canada,"Brandon, Manitoba",5'10,0,5-10,0,,64,Signed,1997-11-30,'97,1997-11-30,9,2,,9,Vancouver Goldeneyes,PWHL,50,0,7,G,,64,&nbsp;,5'10,0,,NA,Kristen Campbell,https://assets.leaguestat.com/pwhl/240x240/64.jpg,L,8
248,488,1,Anna,Segedi,,,L,"Commerce Township, MI",,United States,"Commerce Township , Michigan",Commerce Township ,Michigan,United States,"Commerce Township , Michigan",5'5,0,5-5,0,,248,Signed,2000-12-20,'00,2000-12-20,9,1,*,9,Vancouver Goldeneyes,PWHL,51,1,8,F,,248,*,5'5,0,,NA,Anna Segedi,https://assets.leaguestat.com/pwhl/240x240/248.jpg,NA,8
306,550,1,Darcie,Lappan,,,L,"Kingston, ON",,,"Kingston, Ontario",Kingston,Ontario,Canada,"Kingston, Ontario",5'7,0,5-7,0,,306,Camp Invitee,2001-09-15,'01,2001-09-15,9,2,,9,Vancouver Goldeneyes,PWHL,72,1,8,F,,306,*,5'7,0,,NA,Darcie Lappan,https://assets.leaguestat.com/pwhl/240x240/306.jpg,NA,8
221,417,1,Anna,Meixner,AH-NAH mighks-NAH,,L,"Zell Am See, AUT",AUT,,"Zell Am See, Austria",Zell Am See,,Austria,"Zell Am See, ",5'3,0,5-3,0,,221,Signed,1994-06-16,'94,1994-06-16,9,2,,9,Vancouver Goldeneyes,PWHL,94,0,8,F,,221,&nbsp;,5'3,0,,NA,Anna Meixner,https://assets.leaguestat.com/pwhl/240x240/221.jpg,NA,8
239,478,1,Anna,Shokhina,,,L,"Novosinkovo, RUS",,Russia,"Novosinkovo, Russia",Novosinkovo,,Russia,"Novosinkovo, ",5'6,0,5-6,0,,239,Signed,1997-06-23,'97,1997-06-23,9,1,*,9,Vancouver Goldeneyes,PWHL,97,0,8,F,,239,&nbsp;,5'6,0,,NA,Anna Shokhina,https://assets.leaguestat.com/pwhl/240x240/239.jpg,NA,8
300,544,0,Brianna,Brooks,,,R,"Whitby, ON",,,"Whitby, Ontario",Whitby,Ontario,Canada,"Whitby, Ontario",5'9,0,5-9,0,,300,Camp Invitee,2002-06-28,'02,2002-06-28,9,2,,9,Vancouver Goldeneyes,PWHL,17,1,8,F,,300,*,5'9,0,,NA,Brianna Brooks,https://assets.leaguestat.com/pwhl/240x240/300.jpg,NA,8
52,54,1,Zoe,Boyd, ZOH-ee boy-d,,L,"Caledon East, ON",Ontario,,"Caledon East, Ontario",Caledon East,Ontario,Canada,"Caledon East, Ontario",5'8,0,5-8,0,,52,Signed,2000-08-09,'00,2000-08-09,1,1,*,1,Boston Fleet,PWHL,3,0,5,LD,,52,&nbsp;,5'8,0,,NA,Zoe Boyd,https://assets.leaguestat.com/pwhl/240x240/52.jpg,NA,9
12,14,1,Megan,Keller,MEH-GIHN KEH-LER,,L,"Farmington, MI",Michigan,,"Farmington, Michigan",Farmington,Michigan,United States,"Farmington, Michigan",5'11,0,5-11,0,,12,Signed,1996-05-01,'96,1996-05-01,1,1,*,1,Boston Fleet,PWHL,5,0,5,LD,,12,&nbsp;,5'11,0,,NA,Megan Keller,https://assets.leaguestat.com/pwhl/240x240/12.jpg,NA,9
182,378,1,Hadley,Hartmetz,HAHD-lee HAHRT-mahtz,,R,"Phoenixville, PA",PA,,"Phoenixville, Pennsylvania",Phoenixville,Pennsylvania,United States,"Phoenixville, Pennsylvania",5'5,0,5-5,0,,182,Signed,2001-03-25,'01,2001-03-25,1,1,*,1,Boston Fleet,PWHL,6,0,6,RD,,182,&nbsp;,5'5,0,,NA,Hadley Hartmetz,https://assets.leaguestat.com/pwhl/240x240/182.jpg,NA,9
254,498,1,Mia,Biotti,,,L,"Cambridge, MA",MA,United States,"Cambridge, Massachusetts",Cambridge,Massachusetts,United States,"Cambridge, Massachusetts",,0,,0,,254,Camp Invitee,2002-07-24,'02,2002-07-24,1,2,,1,Boston Fleet,PWHL,7,0,6,RD,,254,&nbsp;,,0,,NA,Mia Biotti,https://assets.leaguestat.com/pwhl/240x240/254.jpg,NA,9
246,486,1,Haley,Winn,,,R,"Rochester, NY",,United States,"Rochester, New York ",Rochester,New York ,United States,"Rochester, New York ",5'6,0,5-6,0,,246,Signed,2003-07-14,'03,2003-07-14,1,2,,1,Boston Fleet,PWHL,8,1,6,RD,,246,*,5'6,0,,NA,Haley Winn,https://assets.leaguestat.com/pwhl/240x240/246.jpg,NA,9
18,20,1,Sophie,Shirley,SO-FEE SHUHR-lee,,R,"Saskatoon, SK",Saskatchewan,,"Saskatoon, Saskatchewan",Saskatoon,Saskatchewan,Canada,"Saskatoon, Saskatchewan",5'9,0,5-9,0,,18,Signed,1999-06-30,'99,1999-06-30,1,1,*,1,Boston Fleet,PWHL,9,0,2,RW,,18,&nbsp;,5'9,0,,NA,Sophie Shirley,https://assets.leaguestat.com/pwhl/240x240/18.jpg,NA,9
15,17,1,Alina,Müller,AH-lee-na MEW-LER,,L,"Winterthur, SWI",SWI,Switzerland,"Winterthur, Switzerland",Winterthur,,Switzerland,"Winterthur, ",5'5,0,5-5,0,,15,Signed,1998-03-12,'98,1998-03-12,1,1,*,1,Boston Fleet,PWHL,11,0,4,C,,15,&nbsp;,5'5,0,,NA,Alina Müller,https://assets.leaguestat.com/pwhl/240x240/15.jpg,NA,9
97,125,1,Liz,Schepers,LIHZ SHEH-puhrs,,L,"Mound, MN",Minnesota,,"Mound , Minnesota",Mound ,Minnesota,United States,"Mound , Minnesota",5'7,0,5-7,0,,97,Signed,1999-02-13,'99,1999-02-13,1,1,*,1,Boston Fleet,PWHL,13,0,4,C,,97,&nbsp;,5'7,0,,NA,Liz Schepers,https://assets.leaguestat.com/pwhl/240x240/97.jpg,NA,9
256,500,1,Olivia,Mobley,,,R,"St. Louis Park, MN",MN,United States,"St. Louis Park, Minnesota",St. Louis Park,Minnesota,United States,"St. Louis Park, Minnesota",,0,,0,,256,Draftee,2001-10-28,'01,2001-10-28,1,2,,1,Boston Fleet,PWHL,15,1,2,RW,,256,*,,0,,NA,Olivia Mobley,https://assets.leaguestat.com/pwhl/240x240/256.jpg,NA,9
255,499,1,Riley,Brengman,,,R,"China Township, MI",MI,United States,"China Township, Michigan",China Township,Michigan,United States,"China Township, Michigan",,0,,0,,255,Draftee,2002-07-06,'02,2002-07-06,1,2,,1,Boston Fleet,PWHL,16,1,6,RD,,255,*,,0,,NA,Riley Brengman,https://assets.leaguestat.com/pwhl/240x240/255.jpg,NA,9
36,38,1,Jessie,Eldridge,jeh-see EHLD-rihdj,,R,"Barrie, ON",Ontario,,"Barrie, Ontario",Barrie,Ontario,Canada,"Barrie, Ontario","5'9""",0,"5-9""",0,,36,Signed,1997-12-17,'97,1997-12-17,1,2,,1,Boston Fleet,PWHL,18,0,8,F,,36,&nbsp;,"5'9""",0,,NA,Jessie Eldridge,https://assets.leaguestat.com/pwhl/240x240/36.jpg,NA,9
259,503,1,Abby,Newhook,,,R,"St John's, NL",NL,Canada,"St John's, Newfoundland",St John's,Newfoundland,Canada,"St John's, Newfoundland",,0,,0,,259,Draftee,2003-05-13,'03,2003-05-13,1,2,,1,Boston Fleet,PWHL,19,1,2,RW,,259,*,,0,,NA,Abby Newhook,https://assets.leaguestat.com/pwhl/240x240/259.jpg,NA,9
1,3,1,Hannah,Brandt,HA-nuh BRAN-T,,R,"Vadnais Heights, MN",Minnesota,,"Vadnais Heights, Minnesota",Vadnais Heights,Minnesota,United States,"Vadnais Heights, Minnesota",5'6,0,5-6,0,,1,Signed,1993-11-27,'93,1993-11-27,1,1,*,1,Boston Fleet,PWHL,20,0,4,C,,1,&nbsp;,5'6,0,,NA,Hannah Brandt,https://assets.leaguestat.com/pwhl/240x240/1.jpg,NA,9
212,408,1,Laura,Kluge,lohr-UH KLOO-geh,,L,"Berlin, GER",GER,,"Berlin, Germany",Berlin,,Germany,"Berlin, ",5'10,0,5-10,0,,212,Signed,1996-11-06,'96,1996-11-06,1,1,*,1,Boston Fleet,PWHL,25,0,3,LW,,212,&nbsp;,5'10,0,,NA,Laura Kluge,https://assets.leaguestat.com/pwhl/240x240/212.jpg,NA,9
243,483,1,Ella,Huber,,,L,"Northfield, IL",,,"Northfield, Illinois",Northfield,Illinois,United States,"Northfield, Illinois",5'5,0,5-5,0,,243,Signed,2002-12-18,'02,2002-12-18,1,2,,1,Boston Fleet,PWHL,26,1,3,LW,,243,*,5'5,0,,NA,Ella Huber,https://assets.leaguestat.com/pwhl/240x240/243.jpg,NA,9
183,379,1,Shay,Maloney,SHAY muh-LOW-nee,,R,"McHenry, IL",IL,,"McHenry, Illinois",McHenry,Illinois,United States,"McHenry, Illinois",5'9,0,5-9,0,,183,Signed,2000-01-13,'00,2000-01-13,1,1,*,1,Boston Fleet,PWHL,27,0,2,RW,,183,&nbsp;,5'9,0,,NA,Shay Maloney,https://assets.leaguestat.com/pwhl/240x240/183.jpg,NA,9
262,506,1,Amanda,Thiele,,,L,"Milford, MI",MI,United States,"Milford, Michigan",Milford,Michigan,United States,"Milford, Michigan",,0,,0,,262,Draftee,2002-07-30,'02,2002-07-30,1,2,,1,Boston Fleet,PWHL,30,1,7,G,,262,*,,0,,NA,Amanda Thiele,https://assets.leaguestat.com/pwhl/240x240/262.jpg,L,9
6,8,1,Aerin,Frankel,AIR-IN FRANK-uhl,,L,"Chappaqua, NY",New York,,"Chappaqua, New York",Chappaqua,New York,United States,"Chappaqua, New York",5'5,0,5-5,0,,6,Signed,1999-05-24,'99,1999-05-24,1,1,*,1,Boston Fleet,PWHL,31,0,7,G,,6,&nbsp;,5'5,0,,NA,Aerin Frankel,https://assets.leaguestat.com/pwhl/240x240/6.jpg,L,9
8,10,1,Loren,Gabel,LOR-en GAY-buhl,,L,"Kitchener, ON",Ontario,,"Kitchener, Ontario",Kitchener,Ontario,Canada,"Kitchener, Ontario",5'4,0,5-4,0,,8,Signed,1997-07-24,'97,1997-07-24,1,1,*,1,Boston Fleet,PWHL,36,0,3,LW,,8,&nbsp;,5'4,0,,NA,Loren Gabel,https://assets.leaguestat.com/pwhl/240x240/8.jpg,NA,9
41,43,1,Abbey,Levy,AH-BEE LEE-vee,,L,"Congers, NY",New York,,"Congers, New York",Congers,New York,United States,"Congers, New York",6'1,0,6-1,0,,41,Signed,2000-04-02,'00,2000-04-02,1,1,*,1,Boston Fleet,PWHL,39,0,7,G,,41,&nbsp;,6'1,0,,NA,Abbey Levy,https://assets.leaguestat.com/pwhl/240x240/41.jpg,L,9
149,182,1,Jill,Saulnier,JIHL SAWN-yeigh ,,L,"Halifax, NS",,,"Halifax, Nova Scotia",Halifax,Nova Scotia,Canada,"Halifax, Nova Scotia",5'5,0,5-5,0,,149,Signed,1992-03-07,'92,1992-03-07,1,1,*,1,Boston Fleet,PWHL,44,0,3,LW,,149,&nbsp;,5'5,0,,NA,Jill Saulnier,https://assets.leaguestat.com/pwhl/240x240/149.jpg,NA,9
16,18,1,Jamie Lee,Rattray,JAY-mee LEE RAH-tray,,L,"Kanata, ON",Ontario,,"Kanata, Ontario",Kanata,Ontario,Canada,"Kanata, Ontario",5'6,0,5-6,0,,16,Signed,1992-09-30,'92,1992-09-30,1,1,*,1,Boston Fleet,PWHL,47,0,2,RW,,16,&nbsp;,5'6,0,,NA,Jamie Lee Rattray,https://assets.leaguestat.com/pwhl/240x240/16.jpg,NA,9
232,428,1,Rylind,MacKinnon,RIGH-luhnd MUH-kih-nehn,,L,"Cranbrook, BC",,,"Cranbrook, British Columbia",Cranbrook,British Columbia,Canada,"Cranbrook, British Columbia",5'10,0,5-10,0,,232,Signed,2000-03-05,'00,2000-03-05,1,1,*,1,Boston Fleet,PWHL,53,0,5,LD,,232,&nbsp;,5'10,0,,NA,Rylind MacKinnon,https://assets.leaguestat.com/pwhl/240x240/232.jpg,NA,9
185,381,1,Daniela,Pejšová,DAN-yehl-UH  pay-SHOH-vuh,,L,"Teplice, CZE",CZE,,"Teplice, Czechia",Teplice,,Czechia,"Teplice, ",5'8,0,5-8,0,,185,Signed,2002-08-14,'02,2002-08-14,1,1,*,1,Boston Fleet,PWHL,55,0,5,LD,,185,&nbsp;,5'8,0,,NA,Daniela Pejšová,https://assets.leaguestat.com/pwhl/240x240/185.jpg,NA,9
78,95,1,Susanna,Tapani,SOO-zan-uh TAH-pah-nee,,L,"Turku, FIN",Finland,,"Turku, Finland",Turku,,Finland,"Turku, ",5'10,0,5-10,0,,78,Signed,1993-03-02,'93,1993-03-02,1,1,*,1,Boston Fleet,PWHL,77,0,4,C,,78,&nbsp;,5'10,0,,NA,Susanna Tapani,https://assets.leaguestat.com/pwhl/240x240/78.jpg,NA,9
214,410,1,Noemi,Neubauerová,NOH-weh-may NOY-bah-weh-roh-VUH,,R,"Prague, CZE",CZE,,"Prague, Czechia",Prague,,Czechia,"Prague, ","5'8""",0,"5-8""",0,,214,Draftee,1999-12-15,'99,1999-12-15,1,2,,1,Boston Fleet,PWHL,81,0,1,D,,214,&nbsp;,"5'8""",0,,NA,Noemi Neubauerová,https://assets.leaguestat.com/pwhl/240x240/214.jpg,NA,9
322,609,0,mia,biotti,,,R,,,,,,,,,,,,0,,322,None,,,,1,2,,1,Boston Fleet,PWHL,82,0,1,D,,322,&nbsp;,,,,NA,mia biotti,https://lscluster.hockeytech.com/img/nophoto.png,NA,9
166,201,1,Marlène,Boissonnault,,,L,"Dundee, NB",NB,Canada,"Dundee, New Brunswick",Dundee,New Brunswick,Canada,"Dundee, New Brunswick",,0,,0,,166,None,1997-06-19,'97,1997-06-19,2,2,,2,Minnesota Frost,PWHL,1,0,7,G,,166,&nbsp;,,0,,NA,Marlène Boissonnault,https://assets.leaguestat.com/pwhl/240x240/166.jpg,L,9
24,26,1,Lee,Stecklein,LEE STEHK-lighn,,L,"Roseville, MN",Minnesota,,"Roseville , Minnesota",Roseville ,Minnesota,United States,"Roseville , Minnesota","6'0""",0,"6-0""",0,,24,None,1994-04-23,'94,1994-04-23,2,2,,2,Minnesota Frost,PWHL,2,0,1,D,,24,&nbsp;,"6'0""",0,,NA,Lee Stecklein,https://assets.leaguestat.com/pwhl/240x240/24.jpg,NA,9
236,475,1,Kendall,Cooper,,,R,"Oakville, ON",,Canada,"Oakville, Ontario",Oakville,Ontario,Canada,"Oakville, Ontario","5'0""",0,"5-0""",0,,236,None,2002-05-19,'02,2002-05-19,2,2,,2,Minnesota Frost,PWHL,4,1,1,D,,236,*,"5'0""",0,,NA,Kendall Cooper,https://assets.leaguestat.com/pwhl/240x240/236.jpg,NA,9
167,202,1,Sidney,Morin,SIHD-nee MOHR-ihn,,R,"Minnetonka, MN",,,"Minnetonka, Minnesota",Minnetonka,Minnesota,United States,"Minnetonka, Minnesota",5'5,0,5-5,0,,167,Signed,1995-06-06,'95,1995-06-06,2,2,,2,Minnesota Frost,PWHL,5,0,1,D,,167,&nbsp;,5'5,0,,NA,Sidney Morin,https://assets.leaguestat.com/pwhl/240x240/167.jpg,NA,9
191,387,1,Katy,Knoll,,,R,"Amherst, NY",NY,,"Amherst, New York",Amherst,New York,United States,"Amherst, New York","5'7""",0,"5-7""",0,,191,Signed,2001-01-16,'01,2001-01-16,2,2,,2,Minnesota Frost,PWHL,6,0,8,F,,191,&nbsp;,"5'7""",0,,NA,Katy Knoll,https://assets.leaguestat.com/pwhl/240x240/191.jpg,NA,9
102,132,1,Claire,Butorac, KLEHR BOO-TOH-rack,,R,"Andover, MN",MN,,"Andover, Minnesota",Andover,Minnesota,United States,"Andover, Minnesota",5'6,0,5-6,0,,102,Signed,1999-09-24,'99,1999-09-24,2,2,,2,Minnesota Frost,PWHL,7,0,8,F,,102,&nbsp;,5'6,0,,NA,Claire Butorac,https://assets.leaguestat.com/pwhl/240x240/102.jpg,NA,9
126,159,1,Samantha,Cogan,SAH-MAN-tha KOH-guhn,,L,"Ottawa, ON",,,,,,,,"5'8""",,"5-8""",0,,126,Camp Invitee,1997-07-07,'97,1997-07-07,2,2,,2,Minnesota Frost,PWHL,8,0,8,F,,126,&nbsp;,"5'8""",,,NA,Samantha Cogan,https://assets.leaguestat.com/pwhl/240x240/126.jpg,NA,9
162,197,1,Madison,Bizal,,,L,"Elk River, MN",USA,,,,,,,,0,,0,,162,Camp Invitee,2000-01-25,'00,2000-01-25,2,2,,2,Minnesota Frost,PWHL,9,0,1,D,,162,&nbsp;,,0,,NA,Madison Bizal,https://assets.leaguestat.com/pwhl/240x240/162.jpg,NA,9
23,25,1,Kelly,Pannek,KEH-LEE PAH-nehk,,R,"Plymouth, MN",Minnesota,,"Plymouth, Minnesota",Plymouth,Minnesota,United States,"Plymouth, Minnesota","5'7""",0,"5-7""",0,,23,None,1995-12-29,'95,1995-12-29,2,2,,2,Minnesota Frost,PWHL,12,0,8,F,,23,&nbsp;,"5'7""",0,,NA,Kelly Pannek,https://assets.leaguestat.com/pwhl/240x240/23.jpg,NA,9
25,27,1,Grace,Zumwinkle,GRAYS ZUHM-wihnk-uhl,,R,"Excelsior, MN",Minnesota,,"Excelsior, Minnesota",Excelsior,Minnesota,United States,"Excelsior, Minnesota","5'9""",0,"5-9""",0,,25,None,1999-04-23,'99,1999-04-23,2,1,*,2,Minnesota Frost,PWHL,13,0,8,F,,25,&nbsp;,"5'9""",0,,NA,Grace Zumwinkle,https://assets.leaguestat.com/pwhl/240x240/25.jpg,NA,9
195,391,1,Dominique,Petrie,,,R,"Hermosa Beach, CA",CA,,"Hermosa Beach, California",Hermosa Beach,California,United States,"Hermosa Beach, California",5'7,0,5-7,0,,195,Signed,2001-01-21,'01,2001-01-21,2,2,,2,Minnesota Frost,PWHL,14,0,8,F,,195,&nbsp;,5'7,0,,NA,Dominique Petrie,https://assets.leaguestat.com/pwhl/240x240/195.jpg,NA,9
264,508,1,Brooke,Becker,,,R,"Orchard Park, NY",NY,United States,"Orchard Park, NY",Orchard Park,NY,United States,"Orchard Park, NY",,0,,0,,264,None,2002-05-30,'02,2002-05-30,2,2,,2,Minnesota Frost,PWHL,15,1,1,D,,264,*,,0,,NA,Brooke Becker,https://assets.leaguestat.com/pwhl/240x240/264.jpg,NA,9
37,39,1,Élizabeth,Giguère,EH-liz-uh-bet ZHIH-gair,,R,"Quebec City, QC",Quebec,,"Québec, Québec",Québec,Québec,Canada,"Québec, Québec",5'10,0,5-10,0,,37,Signed,1997-05-08,'97,1997-05-08,2,2,,2,Minnesota Frost,PWHL,18,0,8,F,,37,&nbsp;,5'10,0,,NA,Élizabeth Giguère,https://assets.leaguestat.com/pwhl/240x240/37.jpg,NA,9
188,384,1,Mae,Batherson,May BATH-ur-son,,L,"New Minas, NS",NS,,"New Minas , Nova Scotia",New Minas ,Nova Scotia,Canada,"New Minas , Nova Scotia",5'8,0,5-8,0,,188,Signed,2000-12-05,'00,2000-12-05,2,2,,2,Minnesota Frost,PWHL,21,0,1,D,,188,&nbsp;,5'8,0,,NA,Mae Batherson,https://assets.leaguestat.com/pwhl/240x240/188.jpg,NA,9
90,118,1,Natalie,Buchbinder,NAH-tuh-lee book-BIGHN-der,,R,"Fairport, NY",New York,,"Fairport, New York",Fairport,New York,United States,"Fairport, New York","5'8""",0,"5-8""",0,,90,None,1999-01-22,'99,1999-01-22,2,2,,2,Minnesota Frost,PWHL,22,0,1,D,,90,&nbsp;,"5'8""",0,,NA,Natalie Buchbinder,https://assets.leaguestat.com/pwhl/240x240/90.jpg,NA,9
269,513,1,Vanessa,Upson,,,L,"Stoney Creek, ON",ON,Canada,"Stoney Creek,, ON","Stoney Creek,",ON,Canada,"Stoney Creek,, ON",,0,,0,,269,None,2003-11-18,'03,2003-11-18,2,2,,2,Minnesota Frost,PWHL,24,1,8,F,,269,*,,0,,NA,Vanessa Upson,https://assets.leaguestat.com/pwhl/240x240/269.jpg,NA,9
20,22,1,Kendall,Coyne Schofield,KEHN-duhl KOIN SKOH-feeld,,L,"Palos Heights, IL",Illinois,,"Palos Heights, Illinois",Palos Heights,Illinois,United States,"Palos Heights, Illinois",5'2,0,5-2,0,,20,None,1992-05-25,'92,1992-05-25,2,2,,2,Minnesota Frost,PWHL,26,0,8,F,,20,&nbsp;,5'2,0,,NA,Kendall Coyne Schofield,https://assets.leaguestat.com/pwhl/240x240/20.jpg,NA,9
21,23,1,Taylor,Fox,TAY-luhr HIGH-zee,,R,"Lake City, MN",Minnesota,,"Lake City, Minnesota",Lake City,Minnesota,United States,"Lake City, Minnesota",5'10,0,5-10,0,,21,None,2000-03-17,'00,2000-03-17,2,1,*,2,Minnesota Frost,PWHL,27,0,8,F,,21,&nbsp;,5'10,0,,NA,Taylor Fox,https://assets.leaguestat.com/pwhl/240x240/21.jpg,NA,9
22,24,1,Nicole,Hensley,NIHK-ohl HEHNZ-lee,,L,"Lakewood, CO",Colorado,,"Lakewood, Colorado",Lakewood,Colorado,United States,"Lakewood, Colorado",5'7,0,5-7,0,,22,None,1994-06-23,'94,1994-06-23,2,2,,2,Minnesota Frost,PWHL,29,0,7,G,,22,&nbsp;,5'7,0,,NA,Nicole Hensley,https://assets.leaguestat.com/pwhl/240x240/22.jpg,L,9
60,62,1,Jincy,Roese,JIN-see ROWZ,,L,"O'Fallon, MO",Missouri,,"O'Fallon, Missouri ",O'Fallon,Missouri ,United States,"O'Fallon, Missouri ","5'6""",0,"5-6""",0,,60,Signed,1997-05-15,'97,1997-05-15,2,2,,2,Minnesota Frost,PWHL,33,0,1,D,,60,&nbsp;,"5'6""",0,,NA,Jincy Roese,https://assets.leaguestat.com/pwhl/240x240/60.jpg,NA,9
123,153,1,Maddie,Rooney,MAD-dee ROO-nee,,R,"Andover, MN",,,"Andover, Minnesota",Andover,Minnesota,United States,"Andover, Minnesota","5'5""",0,"5-5""",0,,123,None,1997-07-07,'97,1997-07-07,2,2,,2,Minnesota Frost,PWHL,35,0,7,G,,123,&nbsp;,"5'5""",0,,NA,Maddie Rooney,https://assets.leaguestat.com/pwhl/240x240/123.jpg,L,9
190,386,1,Klára,Hymlárová,,,L,"Opava, CZE",CZE,,"Opava, Czechia",Opava,,Czechia,"Opava, ",5'5,0,5-5,0,,190,None,1999-02-27,'99,1999-02-27,2,2,,2,Minnesota Frost,PWHL,71,0,8,F,,190,&nbsp;,5'5,0,,NA,Klára Hymlárová,https://assets.leaguestat.com/pwhl/240x240/190.jpg,NA,9
247,487,1,Abby,Hustler,,,L,"St. Louis, PEI",,Canada,"St. Louis, Prince Edward Island",St. Louis,Prince Edward Island,Canada,"St. Louis, Prince Edward Island",5'9,0,5-9,0,,247,Signed,2003-05-05,'03,2003-05-05,2,2,,2,Minnesota Frost,PWHL,74,1,8,F,,247,*,5'9,0,,NA,Abby Hustler,https://assets.leaguestat.com/pwhl/240x240/247.jpg,NA,9
189,385,1,Britta,Curl-Salemme,Britt—UH Curl Suh-LEMM-ee,,L,"Bismarck, ND",ND,,"Bismarck, North Dakota",Bismarck,North Dakota,United States,"Bismarck, North Dakota",5'9,0,5-9,0,,189,None,2000-03-20,'00,2000-03-20,2,2,,2,Minnesota Frost,PWHL,77,0,8,F,,189,&nbsp;,5'9,0,,NA,Britta Curl-Salemme,https://assets.leaguestat.com/pwhl/240x240/189.jpg,NA,9
263,507,1,Peyton,Anderson,,,L,"Arvada, CO",CO,United States,"Arvada, CO",Arvada,CO,United States,"Arvada, CO",,0,,0,,263,None,2001-04-18,'01,2001-04-18,2,2,,2,Minnesota Frost,PWHL,91,1,8,F,,263,*,,0,,NA,Peyton Anderson,https://assets.leaguestat.com/pwhl/240x240/263.jpg,NA,9
270,514,1,Megan,Warrener,,,L,"Stoney Creek, ON",ON ,Canada,"Stoney Creek , Ontario",Stoney Creek ,Ontario,Canada,"Stoney Creek , Ontario",5'6'',0,5-,0,,270,None,2003-07-03,'03,2003-07-03,3,2,,3,Montréal Victoire,PWHL,1,1,7,G,,270,*,5'6'',0,,NA,Megan Warrener,https://assets.leaguestat.com/pwhl/240x240/270.jpg,L,9
32,34,1,Laura,Stacey,STAY-see,,R,"Kleinburg, ON",Ontario,,"Kleinburg, Ontario",Kleinburg,Ontario,Canada,"Kleinburg, Ontario","5'10""",0,"5-10""",0,,32,None,1994-05-05,'94,1994-05-05,3,2,,3,Montréal Victoire,PWHL,7,0,8,F,,32,&nbsp;,"5'10""",0,,NA,Laura Stacey,https://assets.leaguestat.com/pwhl/240x240/32.jpg,NA,9
84,103,1,Kati,Tabin,,,L,"Winnipeg, MB",Manitoba,,"Winnipeg, Manitoba",Winnipeg,Manitoba,Canada,"Winnipeg, Manitoba","5'8""",0,"5-8""",0,,84,None,1997-04-21,'97,1997-04-21,3,2,,3,Montréal Victoire,PWHL,9,0,1,D,,84,&nbsp;,"5'8""",0,,NA,Kati Tabin,https://assets.leaguestat.com/pwhl/240x240/84.jpg,NA,9
42,44,1,Abby,Roque,AH-bee rawk,,R,"Sault Ste. Marie, MI",Michigan,,"Sault Ste. Marie, Michigan",Sault Ste. Marie,Michigan,United States,"Sault Ste. Marie, Michigan","5'7""",0,"5-7""",0,,42,Signed,1997-09-25,'97,1997-09-25,3,2,,3,Montréal Victoire,PWHL,11,0,8,F,,42,&nbsp;,"5'7""",0,,NA,Abby Roque,https://assets.leaguestat.com/pwhl/240x240/42.jpg,NA,9
39,41,1,Alexandra,Labelle,,,L,"St-Louis-de-Gonzague, QC",,Canada,"St-Louis-de-Gonzague, QC, Québec","St-Louis-de-Gonzague, QC",Québec,Canada,"St-Louis-de-Gonzague, QC, Québec",5'7,0,5-7,0,,39,None,1996-02-27,'96,1996-02-27,3,2,,3,Montréal Victoire,PWHL,13,0,8,F,,39,&nbsp;,5'7,0,,NA,Alexandra Labelle,https://assets.leaguestat.com/pwhl/240x240/39.jpg,NA,9
61,63,1,Hayley,Scamurra,HAY-LEE SKUH-more-uh,,L,"Buffalo, NY",New York,,"Buffalo, New York",Buffalo,New York,United States,"Buffalo, New York","5'8""",0,"5-8""",0,,61,Signed,1994-12-14,'94,1994-12-14,3,2,,3,Montréal Victoire,PWHL,16,0,8,F,,61,&nbsp;,"5'8""",0,,NA,Hayley Scamurra,https://assets.leaguestat.com/pwhl/240x240/61.jpg,NA,9
199,395,1,Dara,Greig,,,L,"Camden, NJ",NJ,,"Camden, New Jersey",Camden,New Jersey,United States,"Camden, New Jersey",5'7'',0,5-,0,,199,None,2000-12-30,'00,2000-12-30,3,1,*,3,Montréal Victoire,PWHL,17,0,8,F,,199,&nbsp;,5'7'',0,,NA,Dara Greig,https://assets.leaguestat.com/pwhl/240x240/199.jpg,NA,9
128,161,1,Kaitlin,Willoughby,KAYT-LIHN WILL-oh-bee ,,R,"Prince Albert, SK",,,"Prince Albert, Saskatchewan",Prince Albert,Saskatchewan,Canada,"Prince Albert, Saskatchewan","5'6""",0,"5-6""",0,,128,Camp Invitee,1995-03-26,'95,1995-03-26,3,2,,3,Montréal Victoire,PWHL,19,0,8,F,,128,&nbsp;,"5'6""",0,,NA,Kaitlin Willoughby,https://assets.leaguestat.com/pwhl/240x240/128.jpg,NA,9
98,126,1,Maureen,Murphy,,,R,"Buffalo, NY",New York,,"Buffalo, New York",Buffalo,New York,United States,"Buffalo, New York",5'4,0,5-4,0,,98,None,1999-12-15,'99,1999-12-15,3,1,*,3,Montréal Victoire,PWHL,21,0,8,F,,98,&nbsp;,5'4,0,,NA,Maureen Murphy,https://assets.leaguestat.com/pwhl/240x240/98.jpg,NA,9
5,7,1,Jessica,DiGirolamo,JESS-IH-KAH DEE-JER-RAWL-AH-MOH,,L,"Mississauga, ON",Ontario,,"Mississauga, Ontario",Mississauga,Ontario,Canada,"Mississauga, Ontario",5'9'',0,5-,0,,5,Signed,1999-02-13,'99,1999-02-13,3,2,,3,Montréal Victoire,PWHL,22,0,1,D,,5,&nbsp;,5'9'',0,,NA,Jessica DiGirolamo,https://assets.leaguestat.com/pwhl/240x240/5.jpg,NA,9
83,102,1,Erin,Ambrose,,,R,"Keswick, ON",Ontario,,"Keswick, Ontario",Keswick,Ontario,Canada,"Keswick, Ontario","5'5""",0,"5-5""",0,,83,None,1994-04-30,'94,1994-04-30,3,2,,3,Montréal Victoire,PWHL,23,0,1,D,,83,&nbsp;,"5'5""",0,,NA,Erin Ambrose,https://assets.leaguestat.com/pwhl/240x240/83.jpg,NA,9
201,397,1,Lina,Ljungblom,,,L,"Skövde, SWE",SWE,Sweden,"Skövde, Sweden",Skövde,,Sweden,"Skövde, ",5'9,0,5-9,0,,201,None,2001-10-15,'01,2001-10-15,3,2,,3,Montréal Victoire,PWHL,25,0,8,F,,201,&nbsp;,5'9,0,,NA,Lina Ljungblom,https://assets.leaguestat.com/pwhl/240x240/201.jpg,NA,9
4,6,1,Shiann,Darkangelo,SHIGH-an  DAHRK-an-juh-loh,,L,"Brighton, MI",Michigan,,"Brighton, Michigan",Brighton,Michigan,United States,"Brighton, Michigan","5'11""",0,"5-11""",0,,4,Signed,1993-11-28,'93,1993-11-28,3,2,,3,Montréal Victoire,PWHL,27,0,8,F,,4,&nbsp;,"5'11""",0,,NA,Shiann Darkangelo,https://assets.leaguestat.com/pwhl/240x240/4.jpg,NA,9
157,192,1,Catherine,Dubois,,,L,"Charlesbourg, QC",,,"Charlesbourg, Québec",Charlesbourg,Québec,Canada,"Charlesbourg, Québec","5'10""",0,"5-10""",0,,157,None,1995-07-29,'95,1995-07-29,3,2,,3,Montréal Victoire,PWHL,28,0,8,F,,157,&nbsp;,"5'10""",0,,NA,Catherine Dubois,https://assets.leaguestat.com/pwhl/240x240/157.jpg,NA,9
31,33,1,Marie-Philip,Poulin,,,L,"Beauceville, QC",QC,,"Beauceville, Québec",Beauceville,Québec,Canada,"Beauceville, Québec",5'7,0,5-7,0,,31,None,1991-03-28,'91,1991-03-28,3,1,*,3,Montréal Victoire,PWHL,29,0,8,F,,31,&nbsp;,5'7,0,,NA,Marie-Philip Poulin,https://assets.leaguestat.com/pwhl/240x240/31.jpg,NA,9
48,50,1,Sandra,Abstreiter,,,L,"Freising, GER",GER,Germany,"Freising, Germany",Freising,,Germany,"Freising, ","5'11""",0,"5-11""",0,,48,None,1998-07-23,'98,1998-07-23,3,2,,3,Montréal Victoire,PWHL,30,0,7,G,,48,&nbsp;,"5'11""",0,,NA,Sandra Abstreiter,https://assets.leaguestat.com/pwhl/240x240/48.jpg,L,9
28,30,1,Ann-Renée,Desbiens,,,L,"Clermont, QC",Quebec,,"Clermont, Québec",Clermont,Québec,Canada,"Clermont, Québec","5'9""",0,"5-9""",0,,28,None,1994-04-10,'94,1994-04-10,3,2,,3,Montréal Victoire,PWHL,35,0,7,G,,28,&nbsp;,"5'9""",0,,NA,Ann-Renée Desbiens,https://assets.leaguestat.com/pwhl/240x240/28.jpg,L,9
51,53,1,Amanda,Boulier,,,R,"Watertown, CT",Connecticut,,"Watertown, Connecticut",Watertown,Connecticut,United States,"Watertown, Connecticut","5'1""",0,"5-1""",0,,51,None,1993-03-30,'93,1993-03-30,3,2,,3,Montréal Victoire,PWHL,44,0,1,D,,51,&nbsp;,"5'1""",0,,NA,Amanda Boulier,https://assets.leaguestat.com/pwhl/240x240/51.jpg,NA,9
253,496,1,Nicole,Gosling,,,L,"London, ON",,,"London, Ontario",London,Ontario,,"London, Ontario",5'6,0,5-6,0,,253,Signed,2002-04-21,'02,2002-04-21,3,2,,3,Montréal Victoire,PWHL,61,1,1,D,,253,*,5'6,0,,NA,Nicole Gosling,https://assets.leaguestat.com/pwhl/240x240/253.jpg,NA,9
35,37,1,Jade,Downie-Landry,JAYD DOW-nee LAN-dree,,L,"St-Jean-sur-Richelieu, QC",Quebec,Canada,"St-Jean-sur-Richelieu, QC, Québec","St-Jean-sur-Richelieu, QC",Québec,Canada,"St-Jean-sur-Richelieu, QC, Québec",5'9,0,5-9,0,,35,Signed,1995-10-03,'95,1995-10-03,3,2,,3,Montréal Victoire,PWHL,77,0,8,F,,35,&nbsp;,5'9,0,,NA,Jade Downie-Landry,https://assets.leaguestat.com/pwhl/240x240/35.jpg,NA,9
272,516,1,Skylar,Irving,,,R,"Kingston, MA",,United States,"Kingston, Massachussetts",Kingston,Massachussetts,United States,"Kingston, Massachussetts",5'8'',0,5-,0,,272,None,2002-01-21,'02,2002-01-21,3,2,,3,Montréal Victoire,PWHL,88,1,8,F,,272,*,5'8'',0,,NA,Skylar Irving,https://assets.leaguestat.com/pwhl/240x240/272.jpg,NA,9
79,96,1,Maggie,Flaherty,MAIG-ee FLAIR-tee,,L,"Lakeville, MN",Minnesota,,"Lakeville, Minnesota",Lakeville,Minnesota,United States,"Lakeville, Minnesota",5'8,0,5-8,0,,79,None,2000-06-02,'00,2000-06-02,3,2,,3,Montréal Victoire,PWHL,91,0,1,D,,79,&nbsp;,5'8,0,,NA,Maggie Flaherty,https://assets.leaguestat.com/pwhl/240x240/79.jpg,NA,9
320,605,1,Nadia,Mattivi,,,L,"Baselga di Pinè, ITA",,Italy,"Baselga di Pinè, ITA , Italy","Baselga di Pinè, ITA ",,Italy,"Baselga di Pinè, ITA , ",5'9,0,5-9,0,,320,None,2000-05-02,'00,2000-05-02,3,2,,3,Montréal Victoire,PWHL,93,0,1,D,,320,&nbsp;,5'9,0,,NA,Nadia Mattivi,https://lscluster.hockeytech.com/img/nophoto.png,NA,9
274,518,1,Natálie,Mlýnková,,,L,"Zlin, CZE",,Czechia,"Zlin, Czechia, Czechia",Zlin,Czechia,Czechia,"Zlin, Czechia",5'3'',0,5-,0,,274,None,2001-05-24,'01,2001-05-24,3,2,,3,Montréal Victoire,PWHL,96,1,8,F,,274,*,5'3'',0,,NA,Natálie Mlýnková,https://assets.leaguestat.com/pwhl/240x240/274.jpg,NA,9
238,477,1,Sanni,Ahola,SUH-nee A-hoh-luh,,,"Helsinki, FIN",,Finland,"Helsinki, Finland",Helsinki,,Finland,"Helsinki, ",5'7,0,5-7,0,,238,Signed,2000-06-03,'00,2000-06-03,5,2,,5,Ottawa Charge,PWHL,1,1,7,G,,238,*,5'7,0,"Ottawa (PWHL) 2025 Round: 5 (#37), Ottawa (PWHL) 2025 Round: 5 (#37)","list(id = ""1917"", person_id = ""477"", draft_round = ""5"", draft_date = """", draft_year = ""2025"", draft_rank = ""37"", draft_team = ""Ottawa"", draft_team_id = ""0"", draft_league = """", junior_team = """", show_on_roster = ""1"", draft_mode = ""4"", lang_id = ""1"", draft_type_id = ""1"", draft_type = ""PWHL"", draft_status = """")",Sanni Ahola,https://assets.leaguestat.com/pwhl/240x240/238.jpg,L,9
71,73,1,Jocelyne,Larocque,JOSS-lihn LA-rawk  ,,L,"Ste. Anne, MB",Manitoba,,"Ste. Anne, Manitoba",Ste. Anne,Manitoba,Canada,"Ste. Anne, Manitoba",5'5,0,5-5,0,,71,Signed,1988-05-19,'88,1988-05-19,5,2,,5,Ottawa Charge,PWHL,3,0,1,D,,71,&nbsp;,5'5,0,,NA,Jocelyne Larocque,https://assets.leaguestat.com/pwhl/240x240/71.jpg,NA,9
242,481,1,Rory,Guilday,,,L,"Chanhassen, MN",,United States,"Chanhassen, Minnesota",Chanhassen,Minnesota,United States,"Chanhassen, Minnesota",5'11,0,5-11,0,,242,Signed,2002-09-07,'02,2002-09-07,5,2,,5,Ottawa Charge,PWHL,5,1,1,D,,242,*,5'11,0,,NA,Rory Guilday,https://assets.leaguestat.com/pwhl/240x240/242.jpg,NA,9
219,415,1,Stephanie,Markowski,STEH-fuh-nee MAR-kow-skee,,L,"Edmonton, AB",AB,,"Edmonton, Alberta",Edmonton,Alberta,Canada,"Edmonton, Alberta",5'8,0,5-8,0,,219,Draftee,2001-08-24,'01,2001-08-24,5,2,,5,Ottawa Charge,PWHL,6,0,1,D,,219,&nbsp;,5'8,0,,NA,Stephanie Markowski,https://assets.leaguestat.com/pwhl/240x240/219.jpg,NA,9
289,533,1,Kathryn,Reilly,,,R,"Richmond, BC",BC,Canada,"Richmond, BC",Richmond,BC,Canada,"Richmond, BC",5'7,0,5-7,0,,289,Camp Invitee,2001-01-17,'01,2001-01-17,5,2,,5,Ottawa Charge,PWHL,8,1,1,D,,289,*,5'7,0,,NA,Kathryn Reilly,https://assets.leaguestat.com/pwhl/240x240/289.jpg,NA,9
101,129,1,Alexa,Vasko,AH-lehks-UH VAHS-koh,,L,"St. Catharines, ON",Ontario,Canada,"St. Catharines, Ontario",St. Catharines,Ontario,Canada,"St. Catharines, Ontario",5'5,0,5-5,0,,101,Signed,1999-02-07,'99,1999-02-07,5,2,,5,Ottawa Charge,PWHL,10,0,8,F,,101,&nbsp;,5'5,0,,NA,Alexa Vasko,https://assets.leaguestat.com/pwhl/240x240/101.jpg,NA,9
38,40,1,Brooke,Hobson, BRUHK HAWB-suhn,,L,"Prince Albert, SK",Saskatchewan,Canada,"Prince Albert, Saskatchewan",Prince Albert,Saskatchewan,Canada,"Prince Albert, Saskatchewan",5'6,0,5-6,0,,38,Signed,1999-05-27,'99,1999-05-27,5,2,,5,Ottawa Charge,PWHL,11,0,1,D,,38,&nbsp;,5'6,0,,NA,Brooke Hobson,https://assets.leaguestat.com/pwhl/240x240/38.jpg,NA,9
296,540,1,Olivia,Wallin,,,R,"Oakville, ON",ON,Canada,"Oakville, ON",Oakville,ON,Canada,"Oakville, ON",5'7,0,5-7,0,,296,Signed,2002-03-09,'02,2002-03-09,5,1,*,5,Ottawa Charge,PWHL,14,1,8,F,,296,*,5'7,0,,NA,Olivia Wallin,https://assets.leaguestat.com/pwhl/240x240/296.jpg,NA,9
88,107,1,Kateřina,Mrázová,KAH-teh-REE-nuh MRAH-zoh-vuh,,L,"Kolín, CZE",CZE,,"Kolín, Czechia",Kolín,,Czechia,"Kolín, ",5'4,0,5-4,0,,88,Signed,1992-10-19,'92,1992-10-19,5,2,,5,Ottawa Charge,PWHL,16,0,8,F,,88,&nbsp;,5'4,0,,NA,Kateřina Mrázová,https://assets.leaguestat.com/pwhl/240x240/88.jpg,NA,9
57,59,1,Gabbie,Hughes,GAH-Bee HEWS,,L,"Lino Lakes, MN",Minnesota,,"Lino Lakes, Minnesota",Lino Lakes,Minnesota,United States,"Lino Lakes, Minnesota",5'9,0,5-9,0,,57,Signed,1999-10-04,'99,1999-10-04,5,2,,5,Ottawa Charge,PWHL,17,0,8,F,,57,&nbsp;,5'9,0,,NA,Gabbie Hughes,https://assets.leaguestat.com/pwhl/240x240/57.jpg,NA,9
217,413,1,Taylor,House,TAY-luhr HOUS,,L,"Joliet, IL",IL,,"Joliet, Illinois",Joliet,Illinois,United States,"Joliet, Illinois",5'10,0,5-10,0,,217,Draftee,1998-09-29,'98,1998-09-29,5,2,,5,Ottawa Charge,PWHL,22,0,8,F,,217,&nbsp;,5'10,0,,NA,Taylor House,https://assets.leaguestat.com/pwhl/240x240/217.jpg,NA,9
241,480,1,Sarah,Wozniewicz,,,R,"Cochrane, AB",,Canada,"Cochrane, Alberta",Cochrane,Alberta,Canada,"Cochrane, Alberta",5'7,0,5-7,0,,241,Signed,2003-08-25,'03,2003-08-25,5,2,,5,Ottawa Charge,PWHL,23,1,8,F,,241,*,5'7,0,,NA,Sarah Wozniewicz,https://assets.leaguestat.com/pwhl/240x240/241.jpg,NA,9
118,148,1,Emma,Greco,EH-muh GREH-koh,,L,"Burlington, ON",,,"Burlington, Ontario",Burlington,Ontario,Canada,"Burlington, Ontario",5'9,0,5-9,0,,118,Signed,1995-03-06,'95,1995-03-06,5,2,,5,Ottawa Charge,PWHL,25,0,1,D,,118,&nbsp;,5'9,0,,NA,Emma Greco,https://assets.leaguestat.com/pwhl/240x240/118.jpg,NA,9
53,55,1,Emily,Clark, EH-MIH-LEE KLAHRK,,L,"Saskatoon, SK",Saskatchewan,Canada,"Saskatoon, Saskatchewan",Saskatoon,Saskatchewan,Canada,"Saskatoon, Saskatchewan",5'7,0,5-7,0,,53,Signed,1995-11-28,'95,1995-11-28,5,2,,5,Ottawa Charge,PWHL,26,0,8,F,,53,&nbsp;,5'7,0,,NA,Emily Clark,https://assets.leaguestat.com/pwhl/240x240/53.jpg,NA,9
192,388,1,Brooke,McQuigge,,,L,"Bowmanville, ON",ON,,"Bowmanville, Ontario",Bowmanville,Ontario,Canada,"Bowmanville, Ontario","5'8""",0,"5-8""",0,,192,Signed,2000-06-09,'00,2000-06-09,5,2,,5,Ottawa Charge,PWHL,27,0,8,F,,192,&nbsp;,"5'8""",0,,NA,Brooke McQuigge,https://assets.leaguestat.com/pwhl/240x240/192.jpg,NA,9
286,530,1,Peyton,Hemp,,,R,"Andover, MN",Minnesota,United States,"Andover, Minnesota",Andover,Minnesota,United States,"Andover, Minnesota",5'5,0,5-5,0,,286,Camp Invitee,2003-05-15,'03,2003-05-15,5,2,,5,Ottawa Charge,PWHL,29,1,8,F,,286,*,5'5,0,"Ottawa (PWHL) 2024 Round: 4 (#29), Ottawa (PWHL) 2024 Round: 4 (#29)","list(id = ""2151"", person_id = ""530"", draft_round = ""4"", draft_date = """", draft_year = ""2024"", draft_rank = ""29"", draft_team = ""Ottawa"", draft_team_id = ""0"", draft_league = """", junior_team = """", show_on_roster = ""0"", draft_mode = ""4"", lang_id = ""1"", draft_type_id = ""1"", draft_type = ""PWHL"", draft_status = """")",Peyton Hemp,https://assets.leaguestat.com/pwhl/240x240/286.jpg,NA,9
222,418,1,Gwyneth,Philips,GWIH-nihth FIH-lihps,,,"Athens, OH",OH,,"Athens, Ohio",Athens,Ohio,United States,"Athens, Ohio",5'7,0,5-7,0,,222,Signed,2000-09-17,'00,2000-09-17,5,2,,5,Ottawa Charge,PWHL,33,0,7,G,,222,&nbsp;,5'7,0,,NA,Gwyneth Philips,https://assets.leaguestat.com/pwhl/240x240/222.jpg,R,9
72,74,1,Rebecca,Leslie,RUH-beh-kuh LEHS-lee,,R,"Ottawa, ON",Ontario,,"Ottawa, Ontario",Ottawa,Ontario,Canada,"Ottawa, Ontario",5'6,0,5-6,0,,72,Signed,1996-05-08,'96,1996-05-08,5,2,,5,Ottawa Charge,PWHL,37,0,8,F,,72,&nbsp;,5'6,0,,NA,Rebecca Leslie,https://assets.leaguestat.com/pwhl/240x240/72.jpg,NA,9
290,534,1,Kendra,Woodland,,,L,"Kamloops, BC",BC,Canada,"Kamloops, BC",Kamloops,BC,Canada,"Kamloops, BC",5'8,0,5-8,0,,290,None,2000-02-18,'00,2000-02-18,5,2,,5,Ottawa Charge,PWHL,70,1,7,G,,290,*,5'8,0,,NA,Kendra Woodland,https://assets.leaguestat.com/pwhl/240x240/290.jpg,L,9
240,479,1,Fanuza,Kadirova,,,L,"Kukmor, RUS",,Russia,"Kukmor, Russia",Kukmor,,Russia,"Kukmor, ",5'4,0,5-4,0,,240,Signed,1998-04-06,'98,1998-04-06,5,2,,5,Ottawa Charge,PWHL,71,0,8,F,,240,&nbsp;,5'4,0,,NA,Fanuza Kadirova,https://assets.leaguestat.com/pwhl/240x240/240.jpg,NA,9
115,145,1,Michela,Cava,MIH-kay-luh KAH-vuh,,R,"Thunder Bay, ON",,,"Thunder Bay, Ontario",Thunder Bay,Ontario,Canada,"Thunder Bay, Ontario",5'4,0,5-4,0,,115,Camp Invitee,1994-03-26,'94,1994-03-26,5,2,,5,Ottawa Charge,PWHL,86,0,8,F,,115,&nbsp;,5'4,0,,NA,Michela Cava,https://assets.leaguestat.com/pwhl/240x240/115.jpg,NA,9
223,419,1,Ronja,Savolainen,ROHN-yah SEH-voh-LIGH-nehn,,L,"Helsinki, FIN",FIN,,"Helsinki, Finland",Helsinki,,Finland,"Helsinki, ",5'10,0,5-10,0,,223,Signed,1997-11-29,'97,1997-11-29,5,2,,5,Ottawa Charge,PWHL,88,0,1,D,,223,&nbsp;,5'10,0,,NA,Ronja Savolainen,https://assets.leaguestat.com/pwhl/240x240/223.jpg,NA,9
410,700,1,Natalie,Stott,,,R,"Franklin, MA",,United States,"Franklin, MA, United States","Franklin, MA",,United States,"Franklin, MA, ","5'10""",,"5-10""",0,,410,Camp Invitee,2002-10-17,'02,2002-10-17,1,2,,1,Boston Fleet,PWHL,1,0,7,G,,410,&nbsp;,"5'10""",,,NA,Natalie Stott,https://lscluster.hockeytech.com/img/nophoto.png,L,10
336,623,1,Grace,Dwyer,,,L,"Wynnewood, PA",,United States,"Wynnewood, PA, United States","Wynnewood, PA",,United States,"Wynnewood, PA, ",5'8,,5-8,0,,336,None,2004-07-21,'04,2004-07-21,1,2,,1,Boston Fleet,PWHL,4,1,1,D,,336,*,5'8,,,NA,Grace Dwyer,https://assets.leaguestat.com/pwhl/240x240/336.jpg,NA,10
12,14,1,Megan,Keller,MEH-GIHN KEH-LER,,L,"Farmington, MI",Michigan,,"Farmington, Michigan",Farmington,Michigan,United States,"Farmington, Michigan",5'11,0,5-11,0,,12,Signed,1996-05-01,'96,1996-05-01,1,1,*,1,Boston Fleet,PWHL,5,0,5,LD,,12,&nbsp;,5'11,0,,NA,Megan Keller,https://assets.leaguestat.com/pwhl/240x240/12.jpg,NA,10
246,486,1,Haley,Winn,,,R,"Rochester, NY",,United States,"Rochester, New York ",Rochester,New York ,United States,"Rochester, New York ",5'6,0,5-6,0,,246,Signed,2003-07-14,'03,2003-07-14,1,2,,1,Boston Fleet,PWHL,8,0,6,RD,,246,&nbsp;,5'6,0,,NA,Haley Winn,https://assets.leaguestat.com/pwhl/240x240/246.jpg,NA,10
18,20,1,Sophie,Shirley,SO-FEE SHUHR-lee,,R,"Saskatoon, SK",Saskatchewan,,"Saskatoon, Saskatchewan",Saskatoon,Saskatchewan,Canada,"Saskatoon, Saskatchewan",5'9,0,5-9,0,,18,Signed,1999-06-30,'99,1999-06-30,1,2,,1,Boston Fleet,PWHL,9,0,2,RW,,18,&nbsp;,5'9,0,,NA,Sophie Shirley,https://assets.leaguestat.com/pwhl/240x240/18.jpg,NA,10
352,640,1,Leah,Stecker,,,R,"Randolph, NJ",,United States,"Randolph, NJ, United States","Randolph, NJ",,United States,"Randolph, NJ, ",5'9,,5-9,0,,352,Draftee,2003-11-13,'03,2003-11-13,1,2,,1,Boston Fleet,PWHL,10,1,1,D,,352,*,5'9,,,NA,Leah Stecker,https://assets.leaguestat.com/pwhl/240x240/352.jpg,NA,10
383,671,1,Jenna,Goodwin,,,L,"Sherwood Park, AB",,Canada,"Sherwood Park, AB, Canada","Sherwood Park, AB",,Canada,"Sherwood Park, AB, ",5'5,,5-5,0,,383,Draftee,2003-06-01,'03,2003-06-01,1,2,,1,Boston Fleet,PWHL,12,1,8,F,,383,*,5'5,,,NA,Jenna Goodwin,https://assets.leaguestat.com/pwhl/240x240/383.jpg,NA,10
97,125,1,Liz,Schepers,LIHZ SHEH-puhrs,,L,"Mound, MN",Minnesota,,"Mound , Minnesota",Mound ,Minnesota,United States,"Mound , Minnesota",5'7,0,5-7,0,,97,Signed,1999-02-13,'99,1999-02-13,1,1,*,1,Boston Fleet,PWHL,13,0,4,C,,97,&nbsp;,5'7,0,,NA,Liz Schepers,https://assets.leaguestat.com/pwhl/240x240/97.jpg,NA,10
256,500,1,Olivia,Mobley,,,R,"St. Louis Park, MN",MN,United States,"St. Louis Park, Minnesota",St. Louis Park,Minnesota,United States,"St. Louis Park, Minnesota",,0,,0,,256,Draftee,2001-10-28,'01,2001-10-28,1,2,,1,Boston Fleet,PWHL,15,0,2,RW,,256,&nbsp;,,0,,NA,Olivia Mobley,https://assets.leaguestat.com/pwhl/240x240/256.jpg,NA,10
8,10,1,Loren,Gabel,LOR-en GAY-buhl,,L,"Kitchener, ON",Ontario,,"Kitchener, Ontario",Kitchener,Ontario,Canada,"Kitchener, Ontario",5'4,0,5-4,0,,8,Signed,1997-07-24,'97,1997-07-24,1,2,,1,Boston Fleet,PWHL,18,0,3,LW,,8,&nbsp;,5'4,0,,NA,Loren Gabel,https://assets.leaguestat.com/pwhl/240x240/8.jpg,NA,10
259,503,1,Abby,Newhook,,,R,"St John's, NL",NL,Canada,"St John's, Newfoundland",St John's,Newfoundland,Canada,"St John's, Newfoundland",,0,,0,,259,Draftee,2003-05-13,'03,2003-05-13,1,2,,1,Boston Fleet,PWHL,19,0,2,RW,,259,&nbsp;,,0,,NA,Abby Newhook,https://assets.leaguestat.com/pwhl/240x240/259.jpg,NA,10
217,413,1,Taylor,House,TAY-luhr HOUS,,L,"Joliet, IL",IL,,"Joliet, Illinois",Joliet,Illinois,United States,"Joliet, Illinois",5'10,0,5-10,0,,217,Draftee,1998-09-29,'98,1998-09-29,1,2,,1,Boston Fleet,PWHL,22,0,8,F,,217,&nbsp;,5'10,0,,NA,Taylor House,https://assets.leaguestat.com/pwhl/240x240/217.jpg,NA,10
402,693,1,Luisa,Welcke,,,R,Baden-Baden,,Germany,"Baden-Baden, Germany",Baden-Baden,,Germany,"Baden-Baden, ","5'5""",,"5-5""",0,,402,Camp Invitee,2002-04-29,'02,2002-04-29,1,2,,1,Boston Fleet,PWHL,23,1,8,F,,402,*,"5'5""",,,NA,Luisa Welcke,https://lscluster.hockeytech.com/img/nophoto.png,NA,10
394,682,1,Maeve,Kelly,,,R,"Victoria, MN",,United States,"Victoria, MN, United States","Victoria, MN",,United States,"Victoria, MN, ",5'9,,5-9,0,,394,Draftee,2004-03-27,'04,2004-03-27,1,2,,1,Boston Fleet,PWHL,24,1,1,D,,394,*,5'9,,,NA,Maeve Kelly,https://assets.leaguestat.com/pwhl/240x240/394.jpg,NA,10
212,408,1,Laura,Kluge,lohr-UH KLOO-geh,,L,"Berlin, GER",GER,,"Berlin, Germany",Berlin,,Germany,"Berlin, ",5'10,0,5-10,0,,212,Signed,1996-11-06,'96,1996-11-06,1,2,,1,Boston Fleet,PWHL,25,0,3,LW,,212,&nbsp;,5'10,0,,NA,Laura Kluge,https://assets.leaguestat.com/pwhl/240x240/212.jpg,NA,10
243,483,1,Ella,Huber,,,L,"Northfield, IL",,,"Northfield, Illinois",Northfield,Illinois,United States,"Northfield, Illinois",5'5,0,5-5,0,,243,Signed,2002-12-18,'02,2002-12-18,1,2,,1,Boston Fleet,PWHL,26,0,3,LW,,243,&nbsp;,5'5,0,,NA,Ella Huber,https://assets.leaguestat.com/pwhl/240x240/243.jpg,NA,10
183,379,1,Shay,Maloney,SHAY muh-LOW-nee,,R,"McHenry, IL",IL,,"McHenry, Illinois",McHenry,Illinois,United States,"McHenry, Illinois",5'9,0,5-9,0,,183,Signed,2000-01-13,'00,2000-01-13,1,1,*,1,Boston Fleet,PWHL,27,0,2,RW,,183,&nbsp;,5'9,0,,NA,Shay Maloney,https://assets.leaguestat.com/pwhl/240x240/183.jpg,NA,10
51,53,1,Amanda,Boulier,,,R,"Watertown, CT",Connecticut,,"Watertown, Connecticut",Watertown,Connecticut,United States,"Watertown, Connecticut","5'1""",0,"5-1""",0,,51,None,1993-03-30,'93,1993-03-30,1,2,,1,Boston Fleet,PWHL,28,0,1,D,,51,&nbsp;,"5'1""",0,,NA,Amanda Boulier,https://assets.leaguestat.com/pwhl/240x240/51.jpg,NA,10
412,702,1,Lindsay,Reed,,,R,"New Vernon, NJ",,United States,"New Vernon, NJ, United States","New Vernon, NJ",,United States,"New Vernon, NJ, ","6'0""",,"6-0""",0,,412,Camp Invitee,2000-02-23,'00,2000-02-23,1,2,,1,Boston Fleet,PWHL,29,0,7,G,,412,&nbsp;,"6'0""",,,NA,Lindsay Reed,https://lscluster.hockeytech.com/img/nophoto.png,R,10
262,506,1,Amanda,Thiele,,,L,"Milford, MI",MI,United States,"Milford, Michigan",Milford,Michigan,United States,"Milford, Michigan",,0,,0,,262,Draftee,2002-07-30,'02,2002-07-30,1,2,,1,Boston Fleet,PWHL,30,0,7,G,,262,&nbsp;,,0,,NA,Amanda Thiele,https://assets.leaguestat.com/pwhl/240x240/262.jpg,L,10
6,8,1,Aerin,Frankel,AIR-IN FRANK-uhl,,L,"Chappaqua, NY",New York,,"Chappaqua, New York",Chappaqua,New York,United States,"Chappaqua, New York",5'5,0,5-5,0,,6,Signed,1999-05-24,'99,1999-05-24,1,1,*,1,Boston Fleet,PWHL,31,0,7,G,,6,&nbsp;,5'5,0,,NA,Aerin Frankel,https://assets.leaguestat.com/pwhl/240x240/6.jpg,L,10
413,703,1,Abby,Hornung,,,R,"Ashland, MA",,United States,"Ashland, MA, United States","Ashland, MA",,United States,"Ashland, MA, ","5'7""",,"5-7""",0,,413,Camp Invitee,2003-10-22,'03,2003-10-22,1,2,,1,Boston Fleet,PWHL,35,1,7,G,,413,*,"5'7""",,,NA,Abby Hornung,https://lscluster.hockeytech.com/img/nophoto.png,L,10
149,182,1,Jill,Saulnier,JIHL SAWN-yeigh ,,L,"Halifax, NS",,,"Halifax, Nova Scotia",Halifax,Nova Scotia,Canada,"Halifax, Nova Scotia",5'5,0,5-5,0,,149,Signed,1992-03-07,'92,1992-03-07,1,2,,1,Boston Fleet,PWHL,44,0,3,LW,,149,&nbsp;,5'5,0,,NA,Jill Saulnier,https://assets.leaguestat.com/pwhl/240x240/149.jpg,NA,10
232,428,1,Rylind,MacKinnon,RIGH-luhnd MUH-kih-nehn,,L,"Cranbrook, BC",,,"Cranbrook, British Columbia",Cranbrook,British Columbia,Canada,"Cranbrook, British Columbia",5'10,0,5-10,0,,232,Signed,2000-03-05,'00,2000-03-05,1,2,,1,Boston Fleet,PWHL,53,0,5,LD,,232,&nbsp;,5'10,0,,NA,Rylind MacKinnon,https://assets.leaguestat.com/pwhl/240x240/232.jpg,NA,10
403,694,1,Sarah,Marchand,,,L,"Belle River, ON",,Canada,"Belle River, ON, Canada","Belle River, ON",,Canada,"Belle River, ON, ","5'5""",,"5-5""",0,,403,Camp Invitee,2003-04-26,'03,2003-04-26,1,2,,1,Boston Fleet,PWHL,63,0,8,F,,403,&nbsp;,"5'5""",,,NA,Sarah Marchand,https://lscluster.hockeytech.com/img/nophoto.png,NA,10
46,48,1,Olivia,Zafuto,UH-lihv-ee-uh ZUH-foo-tow ,,L,"Niagara Falls, NY",New York,,"Niagara Falls, New York",Niagara Falls,New York,United States,"Niagara Falls, New York",5'6,0,5-6,0,,46,Camp Invitee,1997-01-25,'97,1997-01-25,1,2,,1,Boston Fleet,PWHL,73,0,5,LD,,46,&nbsp;,5'6,0,,NA,Olivia Zafuto,https://assets.leaguestat.com/pwhl/240x240/46.jpg,NA,10
371,659,1,Jaden,Bogden,,,R,"Edmonton, AB",,Canada,"Edmonton, AB, Canada","Edmonton, AB",,Canada,"Edmonton, AB, ",5'10,,5-10,0,,371,Draftee,2002-07-16,'02,2002-07-16,1,2,,1,Boston Fleet,PWHL,74,1,8,F,,371,*,5'10,,,NA,Jaden Bogden,https://assets.leaguestat.com/pwhl/240x240/371.jpg,NA,10
78,95,1,Susanna,Tapani,SOO-zan-uh TAH-pah-nee,,L,"Turku, FIN",Finland,,"Turku, Finland",Turku,,Finland,"Turku, ",5'10,0,5-10,0,,78,Signed,1993-03-02,'93,1993-03-02,1,2,,1,Boston Fleet,PWHL,77,0,4,C,,78,&nbsp;,5'10,0,,NA,Susanna Tapani,https://assets.leaguestat.com/pwhl/240x240/78.jpg,NA,10
405,696,1,Vivian,Hinch,,,L,"Vancouver, BC",,Canada,"Vancouver, BC, Canada","Vancouver, BC",,Canada,"Vancouver, BC, ","5'11""",,"5-11""",0,,405,Camp Invitee,2003-09-06,'03,2003-09-06,1,2,,1,Boston Fleet,PWHL,81,1,1,D,,405,*,"5'11""",,,NA,Vivian Hinch,https://lscluster.hockeytech.com/img/nophoto.png,NA,10
166,201,1,Marlène,Boissonnault,,,L,"Dundee, NB",NB,Canada,"Dundee, New Brunswick",Dundee,New Brunswick,Canada,"Dundee, New Brunswick",,0,,0,,166,None,1997-06-19,'97,1997-06-19,2,2,,2,Minnesota Frost,PWHL,1,0,7,G,,166,&nbsp;,,0,,NA,Marlène Boissonnault,https://assets.leaguestat.com/pwhl/240x240/166.jpg,L,10
24,26,1,Lee,Stecklein,LEE STEHK-lighn,,L,"Roseville, MN",Minnesota,,"Roseville , Minnesota",Roseville ,Minnesota,United States,"Roseville , Minnesota","6'0""",0,"6-0""",0,,24,None,1994-04-23,'94,1994-04-23,2,2,,2,Minnesota Frost,PWHL,2,0,1,D,,24,&nbsp;,"6'0""",0,,NA,Lee Stecklein,https://assets.leaguestat.com/pwhl/240x240/24.jpg,NA,10
302,546,1,Maddy,Clough,,,L,"Andover, MN",,,"Andover, Minnesota",Andover,Minnesota,United States,"Andover, Minnesota","5'3""",0,"5-3""",0,,302,Camp Invitee,2003-03-31,'03,2003-03-31,2,2,,2,Minnesota Frost,PWHL,3,0,1,D,,302,&nbsp;,"5'3""",0,,NA,Maddy Clough,https://assets.leaguestat.com/pwhl/240x240/302.jpg,NA,10
335,622,1,Sara,Swiderski,,,R,"Langley, BC",,Canada,"Langley, BC, Canada","Langley, BC",,Canada,"Langley, BC, ",5'9,,5-9,0,,335,None,2004-11-11,'04,2004-11-11,2,2,,2,Minnesota Frost,PWHL,4,1,1,D,,335,*,5'9,,,NA,Sara Swiderski,https://assets.leaguestat.com/pwhl/240x240/335.jpg,NA,10
167,202,1,Sidney,Morin,SIHD-nee MOHR-ihn,,R,"Minnetonka, MN",,,"Minnetonka, Minnesota",Minnetonka,Minnesota,United States,"Minnetonka, Minnesota",5'5,0,5-5,0,,167,Signed,1995-06-06,'95,1995-06-06,2,2,,2,Minnesota Frost,PWHL,5,0,1,D,,167,&nbsp;,5'5,0,,NA,Sidney Morin,https://assets.leaguestat.com/pwhl/240x240/167.jpg,NA,10
358,646,1,Maddy,Christian,,,L,"Elk River, MN",,United States,"Elk River, MN, United States","Elk River, MN",,United States,"Elk River, MN, ",5'7,,5-7,0,,358,Draftee,2003-12-24,'03,2003-12-24,2,2,,2,Minnesota Frost,PWHL,6,1,8,F,,358,*,5'7,,,NA,Maddy Christian,https://lscluster.hockeytech.com/img/nophoto.png,NA,10
102,132,1,Claire,Butorac, KLEHR BOO-TOH-rack,,R,"Andover, MN",MN,,"Andover, Minnesota",Andover,Minnesota,United States,"Andover, Minnesota",5'6,0,5-6,0,,102,Signed,1999-09-24,'99,1999-09-24,2,2,,2,Minnesota Frost,PWHL,7,0,8,F,,102,&nbsp;,5'6,0,,NA,Claire Butorac,https://assets.leaguestat.com/pwhl/240x240/102.jpg,NA,10
126,159,1,Samantha,Cogan,SAH-MAN-tha KOH-guhn,,L,"Ottawa, ON",,,,,,,,"5'8""",,"5-8""",0,,126,Camp Invitee,1997-07-07,'97,1997-07-07,2,2,,2,Minnesota Frost,PWHL,8,0,8,F,,126,&nbsp;,"5'8""",,,NA,Samantha Cogan,https://assets.leaguestat.com/pwhl/240x240/126.jpg,NA,10
415,705,1,Clara,Yuhn,,,R,"Grosse Pointe, MI",,United States,"Grosse Pointe, MI, United States","Grosse Pointe, MI",,United States,"Grosse Pointe, MI, ",5'9,,5-9,0,,415,None,2004-03-27,'04,2004-03-27,2,2,,2,Minnesota Frost,PWHL,9,0,8,F,,415,&nbsp;,5'9,,,NA,Clara Yuhn,https://lscluster.hockeytech.com/img/nophoto.png,NA,10
326,613,1,Lara,Beecher,,,R,"Buffalo, NY",New York,United States,"Buffalo, NY , United States","Buffalo, NY ",,United States,"Buffalo, NY , ",5'5,,5-5,0,,326,Draftee,2004-11-10,'04,2004-11-10,2,2,,2,Minnesota Frost,PWHL,10,1,8,F,,326,*,5'5,,,NA,Lara Beecher,https://assets.leaguestat.com/pwhl/240x240/326.jpg,NA,10
23,25,1,Kelly,Pannek,KEH-LEE PAH-nehk,,R,"Plymouth, MN",Minnesota,,"Plymouth, Minnesota",Plymouth,Minnesota,United States,"Plymouth, Minnesota","5'7""",0,"5-7""",0,,23,None,1995-12-29,'95,1995-12-29,2,2,,2,Minnesota Frost,PWHL,12,0,8,F,,23,&nbsp;,"5'7""",0,,NA,Kelly Pannek,https://assets.leaguestat.com/pwhl/240x240/23.jpg,NA,10
25,27,1,Grace,Zumwinkle,GRAYS ZUHM-wihnk-uhl,,R,"Excelsior, MN",Minnesota,,"Excelsior, Minnesota",Excelsior,Minnesota,United States,"Excelsior, Minnesota","5'9""",0,"5-9""",0,,25,None,1999-04-23,'99,1999-04-23,2,2,,2,Minnesota Frost,PWHL,13,0,8,F,,25,&nbsp;,"5'9""",0,,NA,Grace Zumwinkle,https://assets.leaguestat.com/pwhl/240x240/25.jpg,NA,10
195,391,1,Dominique,Petrie,,,R,"Hermosa Beach, CA",CA,,"Hermosa Beach, California",Hermosa Beach,California,United States,"Hermosa Beach, California",5'7,0,5-7,0,,195,Signed,2001-01-21,'01,2001-01-21,2,2,,2,Minnesota Frost,PWHL,14,0,8,F,,195,&nbsp;,5'7,0,,NA,Dominique Petrie,https://assets.leaguestat.com/pwhl/240x240/195.jpg,NA,10
421,711,1,Maddie,Posick,,,L,"Stoughton, WI",,United States,"Stoughton, WI, Belarus","Stoughton, WI",,Belarus,"Stoughton, WI, ",5'7,,5-7,0,,421,None,1999-06-16,'99,1999-06-16,2,2,,2,Minnesota Frost,PWHL,16,0,1,D,,421,&nbsp;,5'7,,,NA,Maddie Posick,https://lscluster.hockeytech.com/img/nophoto.png,NA,10
264,508,1,Brooke,Becker,,,R,"Orchard Park, NY",NY,United States,"Orchard Park, NY",Orchard Park,NY,United States,"Orchard Park, NY",,0,,0,,264,None,2002-05-30,'02,2002-05-30,2,2,,2,Minnesota Frost,PWHL,17,0,1,D,,264,&nbsp;,,0,,NA,Brooke Becker,https://assets.leaguestat.com/pwhl/240x240/264.jpg,NA,10
37,39,1,Élizabeth,Giguère,EH-liz-uh-bet ZHIH-gair,,R,"Quebec City, QC",Quebec,,"Québec, Québec",Québec,Québec,Canada,"Québec, Québec",5'10,0,5-10,0,,37,Signed,1997-05-08,'97,1997-05-08,2,2,,2,Minnesota Frost,PWHL,18,0,8,F,,37,&nbsp;,5'10,0,,NA,Élizabeth Giguère,https://assets.leaguestat.com/pwhl/240x240/37.jpg,NA,10
370,658,1,Tova,Henderson,,,L,"Richmond, BC",,Canada,"Richmond, BC, Canada","Richmond, BC",,Canada,"Richmond, BC, ",5'8,,5-8,0,,370,Draftee,2004-01-13,'04,2004-01-13,2,2,,2,Minnesota Frost,PWHL,19,1,1,D,,370,*,5'8,,,NA,Tova Henderson,https://assets.leaguestat.com/pwhl/240x240/370.jpg,NA,10
416,706,1,Ellie,Kaiser,,,R,"Westmont, IL",,United States,"Westmont, IL, United States","Westmont, IL",,United States,"Westmont, IL, ",5'8,,5-8,0,,416,None,2002-01-19,'02,2002-01-19,2,2,,2,Minnesota Frost,PWHL,20,0,8,F,,416,&nbsp;,5'8,,,NA,Ellie Kaiser,https://lscluster.hockeytech.com/img/nophoto.png,NA,10
90,118,1,Natalie,Buchbinder,NAH-tuh-lee book-BIGHN-der,,R,"Fairport, NY",New York,,"Fairport, New York",Fairport,New York,United States,"Fairport, New York","5'8""",0,"5-8""",0,,90,None,1999-01-22,'99,1999-01-22,2,2,,2,Minnesota Frost,PWHL,22,0,1,D,,90,&nbsp;,"5'8""",0,,NA,Natalie Buchbinder,https://assets.leaguestat.com/pwhl/240x240/90.jpg,NA,10
417,707,1,Nara,Elia,,,R,"Saskatoon, SK",,Canada,"Saskatoon, SK, Canada","Saskatoon, SK",,Canada,"Saskatoon, SK, ",5'7,,5-7,0,,417,None,1999-02-03,'99,1999-02-03,2,2,,2,Minnesota Frost,PWHL,24,0,8,F,,417,&nbsp;,5'7,,,NA,Nara Elia,https://lscluster.hockeytech.com/img/nophoto.png,NA,10
420,710,1,Lilli,Welcke,,,R,"Baden-Baden, GER",,Germany,"Baden-Baden, GER, Germany","Baden-Baden, GER",,Germany,"Baden-Baden, GER, ",5'7,,5-7,0,,420,None,2002-04-29,'02,2002-04-29,2,2,,2,Minnesota Frost,PWHL,25,0,8,F,,420,&nbsp;,5'7,,,NA,Lilli Welcke,https://lscluster.hockeytech.com/img/nophoto.png,NA,10
20,22,1,Kendall,Coyne Schofield,KEHN-duhl KOIN SKOH-feeld,,L,"Palos Heights, IL",Illinois,,"Palos Heights, Illinois",Palos Heights,Illinois,United States,"Palos Heights, Illinois",5'2,0,5-2,0,,20,None,1992-05-25,'92,1992-05-25,2,2,,2,Minnesota Frost,PWHL,26,0,8,F,,20,&nbsp;,5'2,0,,NA,Kendall Coyne Schofield,https://assets.leaguestat.com/pwhl/240x240/20.jpg,NA,10
21,23,1,Taylor,Fox,TAY-luhr HIGH-zee,,R,"Lake City, MN",Minnesota,,"Lake City, Minnesota",Lake City,Minnesota,United States,"Lake City, Minnesota",5'10,0,5-10,0,,21,None,2000-03-17,'00,2000-03-17,2,2,,2,Minnesota Frost,PWHL,27,0,8,F,,21,&nbsp;,5'10,0,,NA,Taylor Fox,https://assets.leaguestat.com/pwhl/240x240/21.jpg,NA,10
382,670,1,Daria,Gredzen,,,R,"Novosibirsk, RUS",,Russia,"Novosibirsk, Russia",Novosibirsk,,Russia,"Novosibirsk, ","5'9""",,"5-9""",0,,382,Signed,2004-03-23,'04,2004-03-23,2,2,,2,Minnesota Frost,PWHL,29,1,7,G,,382,*,"5'9""",,,NA,Daria Gredzen,https://assets.leaguestat.com/pwhl/240x240/382.jpg,R,10
422,712,1,Hope,Walinski,,,L,"Lincoln, RI",,United States,"Lincoln, RI, United States","Lincoln, RI",,United States,"Lincoln, RI, ",5'5,,5-5,0,,422,None,2003-07-28,'03,2003-07-28,2,2,,2,Minnesota Frost,PWHL,30,0,7,G,,422,&nbsp;,5'5,,,NA,Hope Walinski,https://lscluster.hockeytech.com/img/nophoto.png,L,10
123,153,1,Maddie,Rooney,MAD-dee ROO-nee,,R,"Andover, MN",,,"Andover, Minnesota",Andover,Minnesota,United States,"Andover, Minnesota","5'5""",0,"5-5""",0,,123,None,1997-07-07,'97,1997-07-07,2,2,,2,Minnesota Frost,PWHL,35,0,7,G,,123,&nbsp;,"5'5""",0,,NA,Maddie Rooney,https://assets.leaguestat.com/pwhl/240x240/123.jpg,L,10
346,634,1,Viivi,Vainikka,,,L,"Espoo, FIN",,Finland,"Espoo, Finland",Espoo,,Finland,"Espoo, ",5'5,,5-5,0,,346,Draftee,2001-12-23,'01,2001-12-23,2,2,,2,Minnesota Frost,PWHL,42,1,8,F,,346,*,5'5,,,NA,Viivi Vainikka,https://assets.leaguestat.com/pwhl/240x240/346.jpg,NA,10
190,386,1,Klára,Hymlárová,,,L,"Opava, CZE",CZE,,"Opava, Czechia",Opava,,Czechia,"Opava, ",5'5,0,5-5,0,,190,None,1999-02-27,'99,1999-02-27,2,2,,2,Minnesota Frost,PWHL,71,0,8,F,,190,&nbsp;,5'5,0,,NA,Klára Hymlárová,https://assets.leaguestat.com/pwhl/240x240/190.jpg,NA,10
165,200,1,Maude,Poulin-Labelle,,,L,"Sherbrooke, QC",,,,,,,,,,,0,,165,Camp Invitee,1999-11-23,'99,1999-11-23,2,2,,2,Minnesota Frost,PWHL,76,0,1,D,,165,&nbsp;,,,,NA,Maude Poulin-Labelle,https://assets.leaguestat.com/pwhl/240x240/165.jpg,NA,10
263,507,1,Peyton,Anderson,,,L,"Arvada, CO",CO,United States,"Arvada, CO",Arvada,CO,United States,"Arvada, CO",,0,,0,,263,None,2001-04-18,'01,2001-04-18,2,2,,2,Minnesota Frost,PWHL,91,0,8,F,,263,&nbsp;,,0,,NA,Peyton Anderson,https://assets.leaguestat.com/pwhl/240x240/263.jpg,NA,10
270,514,1,Megan,Warrener,,,L,"Stoney Creek, ON",ON ,Canada,"Stoney Creek , Ontario",Stoney Creek ,Ontario,Canada,"Stoney Creek , Ontario",5'6'',0,5-,0,,270,None,2003-07-03,'03,2003-07-03,3,2,,3,Montréal Victoire,PWHL,1,0,7,G,,270,&nbsp;,5'6'',0,,NA,Megan Warrener,https://assets.leaguestat.com/pwhl/240x240/270.jpg,L,10
361,649,1,Zoe,Uens,,,L,"Belleville, ON",,Canada,"Belleville, ON, Canada","Belleville, ON",,Canada,"Belleville, ON, ",5'9,,5-9,0,,361,Draftee,2003-11-12,'03,2003-11-12,3,2,,3,Montréal Victoire,PWHL,2,1,1,D,,361,*,5'9,,,NA,Zoe Uens,https://assets.leaguestat.com/pwhl/240x240/361.jpg,NA,10
399,690,1,Kianna,Roeske,,,R,"Paynesville, MN",,United States,"Paynesville, MN, United States","Paynesville, MN",,United States,"Paynesville, MN, ","5'5""",,"5-5""",0,,399,Camp Invitee,2004-05-20,'04,2004-05-20,3,2,,3,Montréal Victoire,PWHL,4,1,1,D,,399,*,"5'5""",,,NA,Kianna Roeske,https://lscluster.hockeytech.com/img/nophoto.png,NA,10
108,138,1,Samantha,Isbell,,,L,"Thunder Bay, ON",,,"Thunder Bay, Ontario",Thunder Bay,Ontario,Canada,"Thunder Bay, Ontario",5'7,0,5-7,0,,108,None,1998-02-17,'98,1998-02-17,3,2,,3,Montréal Victoire,PWHL,5,0,8,F,,108,&nbsp;,5'7,0,,NA,Samantha Isbell,https://assets.leaguestat.com/pwhl/240x240/108.jpg,NA,10
32,34,1,Laura,Stacey,STAY-see,,R,"Kleinburg, ON",Ontario,,"Kleinburg, Ontario",Kleinburg,Ontario,Canada,"Kleinburg, Ontario","5'10""",0,"5-10""",0,,32,None,1994-05-05,'94,1994-05-05,3,2,,3,Montréal Victoire,PWHL,7,0,8,F,,32,&nbsp;,"5'10""",0,,NA,Laura Stacey,https://assets.leaguestat.com/pwhl/240x240/32.jpg,NA,10
84,103,1,Kati,Tabin,,,L,"Winnipeg, MB",Manitoba,,"Winnipeg, Manitoba",Winnipeg,Manitoba,Canada,"Winnipeg, Manitoba","5'8""",0,"5-8""",0,,84,None,1997-04-21,'97,1997-04-21,3,2,,3,Montréal Victoire,PWHL,9,0,1,D,,84,&nbsp;,"5'8""",0,,NA,Kati Tabin,https://assets.leaguestat.com/pwhl/240x240/84.jpg,NA,10
42,44,1,Abby,Roque,AH-bee rawk,,R,"Sault Ste. Marie, MI",Michigan,,"Sault Ste. Marie, Michigan",Sault Ste. Marie,Michigan,United States,"Sault Ste. Marie, Michigan","5'7""",0,"5-7""",0,,42,Signed,1997-09-25,'97,1997-09-25,3,2,,3,Montréal Victoire,PWHL,11,0,8,F,,42,&nbsp;,"5'7""",0,,NA,Abby Roque,https://assets.leaguestat.com/pwhl/240x240/42.jpg,NA,10
271,515,1,Tamara,Giaquinto,,,R,"Toronto, ON",,Canada,"Toronto, Ontario",Toronto,Ontario,Canada,"Toronto, Ontario",5'6'',0,5-,0,,271,None,2002-03-29,'02,2002-03-29,3,2,,3,Montréal Victoire,PWHL,12,0,1,D,,271,&nbsp;,5'6'',0,,NA,Tamara Giaquinto,https://assets.leaguestat.com/pwhl/240x240/271.jpg,NA,10
39,41,1,Alexandra,Labelle,,,L,"St-Louis-de-Gonzague, QC",,Canada,"St-Louis-de-Gonzague, QC, Québec","St-Louis-de-Gonzague, QC",Québec,Canada,"St-Louis-de-Gonzague, QC, Québec",5'7,0,5-7,0,,39,None,1996-02-27,'96,1996-02-27,3,2,,3,Montréal Victoire,PWHL,13,0,8,F,,39,&nbsp;,5'7,0,,NA,Alexandra Labelle,https://assets.leaguestat.com/pwhl/240x240/39.jpg,NA,10
349,637,1,Avi,Adam,,,R,"Wolfville, NS",,Canada,"Wolfville, NS, Canada","Wolfville, NS",,Canada,"Wolfville, NS, ",5'9,,5-9,0,,349,Draftee,2004-08-15,'04,2004-08-15,3,2,,3,Montréal Victoire,PWHL,15,1,8,F,,349,*,5'9,,,NA,Avi Adam,https://assets.leaguestat.com/pwhl/240x240/349.jpg,NA,10
338,625,1,Petra,Nieminen,,,L,"Tampere, FIN",,Finland,"Tampere, Finland",Tampere,,Finland,"Tampere, ",5'7,,5-7,0,,338,Draftee,1999-05-04,'99,1999-05-04,3,2,,3,Montréal Victoire,PWHL,16,1,8,F,,338,*,5'7,,,NA,Petra Nieminen,https://assets.leaguestat.com/pwhl/240x240/338.jpg,NA,10
385,673,1,Erica,Rieder,,,L,"Regina, SK",,Canada,"Regina, SK, Canada","Regina, SK",,Canada,"Regina, SK, ",5'9,,5-9,0,,385,Draftee,1996-12-11,'96,1996-12-11,3,2,,3,Montréal Victoire,PWHL,17,1,1,D,,385,*,5'9,,,NA,Erica Rieder,https://assets.leaguestat.com/pwhl/240x240/385.jpg,NA,10
36,38,1,Jessie,Eldridge,jeh-see EHLD-rihdj,,R,"Barrie, ON",Ontario,,"Barrie, Ontario",Barrie,Ontario,Canada,"Barrie, Ontario","5'9""",0,"5-9""",0,,36,Signed,1997-12-17,'97,1997-12-17,3,2,,3,Montréal Victoire,PWHL,18,0,8,F,,36,&nbsp;,"5'9""",0,,NA,Jessie Eldridge,https://assets.leaguestat.com/pwhl/240x240/36.jpg,NA,10
128,161,1,Kaitlin,Willoughby,KAYT-LIHN WILL-oh-bee ,,R,"Prince Albert, SK",,,"Prince Albert, Saskatchewan",Prince Albert,Saskatchewan,Canada,"Prince Albert, Saskatchewan","5'6""",0,"5-6""",0,,128,Camp Invitee,1995-03-26,'95,1995-03-26,3,2,,3,Montréal Victoire,PWHL,19,0,8,F,,128,&nbsp;,"5'6""",0,,NA,Kaitlin Willoughby,https://assets.leaguestat.com/pwhl/240x240/128.jpg,NA,10
5,7,1,Jessica,DiGirolamo,JESS-IH-KAH DEE-JER-RAWL-AH-MOH,,L,"Mississauga, ON",Ontario,,"Mississauga, Ontario",Mississauga,Ontario,Canada,"Mississauga, Ontario",5'9'',0,5-,0,,5,Signed,1999-02-13,'99,1999-02-13,3,2,,3,Montréal Victoire,PWHL,22,0,1,D,,5,&nbsp;,5'9'',0,,NA,Jessica DiGirolamo,https://assets.leaguestat.com/pwhl/240x240/5.jpg,NA,10
400,691,1,Meredith,Jensen,,,R,"Lakeville, MN",,United States,"Lakeville, MN, United States","Lakeville, MN",,United States,"Lakeville, MN, ","5'8""",,"5-8""",0,,400,Camp Invitee,2004-06-30,'04,2004-06-30,3,2,,3,Montréal Victoire,PWHL,23,0,1,D,,400,&nbsp;,"5'8""",,,NA,Meredith Jensen,https://lscluster.hockeytech.com/img/nophoto.png,NA,10
201,397,1,Lina,Ljungblom,,,L,"Skövde, SWE",SWE,Sweden,"Skövde, Sweden",Skövde,,Sweden,"Skövde, ",5'9,0,5-9,0,,201,None,2001-10-15,'01,2001-10-15,3,2,,3,Montréal Victoire,PWHL,25,0,8,F,,201,&nbsp;,5'9,0,,NA,Lina Ljungblom,https://assets.leaguestat.com/pwhl/240x240/201.jpg,NA,10
73,75,1,Emma,Maltais,EH-ma MAL-tay,,L,"Burlington, ON",Ontario,,"Burlington, Ontario",Burlington,Ontario,Canada,"Burlington, Ontario","5'3""",0,"5-3""",0,,73,Signed,1999-11-04,'99,1999-11-04,3,2,,3,Montréal Victoire,PWHL,27,0,8,F,,73,&nbsp;,"5'3""",0,,NA,Emma Maltais,https://assets.leaguestat.com/pwhl/240x240/73.jpg,NA,10
157,192,1,Catherine,Dubois,,,L,"Charlesbourg, QC",,,"Charlesbourg, Québec",Charlesbourg,Québec,Canada,"Charlesbourg, Québec","5'10""",0,"5-10""",0,,157,None,1995-07-29,'95,1995-07-29,3,2,,3,Montréal Victoire,PWHL,28,0,8,F,,157,&nbsp;,"5'10""",0,,NA,Catherine Dubois,https://assets.leaguestat.com/pwhl/240x240/157.jpg,NA,10
31,33,1,Marie-Philip,Poulin,,,L,"Beauceville, QC",QC,,"Beauceville, Québec",Beauceville,Québec,Canada,"Beauceville, Québec",5'7,0,5-7,0,,31,None,1991-03-28,'91,1991-03-28,3,1,*,3,Montréal Victoire,PWHL,29,0,8,F,,31,&nbsp;,5'7,0,,NA,Marie-Philip Poulin,https://assets.leaguestat.com/pwhl/240x240/31.jpg,NA,10
373,661,1,Hailey,MacLeod,,,R,"Abbotsford, BC",,Canada,"Abbotsford, BC, Canada","Abbotsford, BC",,Canada,"Abbotsford, BC, ",6'0,,6-0,0,,373,Draftee,2004-06-12,'04,2004-06-12,3,2,,3,Montréal Victoire,PWHL,31,1,7,G,,373,*,6'0,,,NA,Hailey MacLeod,https://assets.leaguestat.com/pwhl/240x240/373.jpg,L,10
252,495,1,Michelle,Karvinen,,,L,"Rødovre, DEN",,,"Rødovre, Denmark, Denmark",Rødovre,Denmark,Denmark,"Rødovre, Denmark",5'6,0,5-6,0,,252,Signed,1990-03-27,'90,1990-03-27,3,2,,3,Montréal Victoire,PWHL,33,0,8,F,,252,&nbsp;,5'6,0,,NA,Michelle Karvinen,https://assets.leaguestat.com/pwhl/240x240/252.jpg,NA,10
28,30,1,Ann-Renée,Desbiens,,,L,"Clermont, QC",Quebec,,"Clermont, Québec",Clermont,Québec,Canada,"Clermont, Québec","5'9""",0,"5-9""",0,,28,None,1994-04-10,'94,1994-04-10,3,2,,3,Montréal Victoire,PWHL,35,0,7,G,,28,&nbsp;,"5'9""",0,,NA,Ann-Renée Desbiens,https://assets.leaguestat.com/pwhl/240x240/28.jpg,L,10
35,37,1,Jade,Downie-Landry,JAYD DOW-nee LAN-dree,,L,"St-Jean-sur-Richelieu, QC",Quebec,Canada,"St-Jean-sur-Richelieu, QC, Québec","St-Jean-sur-Richelieu, QC",Québec,Canada,"St-Jean-sur-Richelieu, QC, Québec",5'9,0,5-9,0,,35,Signed,1995-10-03,'95,1995-10-03,3,2,,3,Montréal Victoire,PWHL,77,0,8,F,,35,&nbsp;,5'9,0,,NA,Jade Downie-Landry,https://assets.leaguestat.com/pwhl/240x240/35.jpg,NA,10
272,516,1,Skylar,Irving,,,R,"Kingston, MA",,United States,"Kingston, Massachussetts",Kingston,Massachussetts,United States,"Kingston, Massachussetts",5'8'',0,5-,0,,272,None,2002-01-21,'02,2002-01-21,3,2,,3,Montréal Victoire,PWHL,88,0,8,F,,272,&nbsp;,5'8'',0,,NA,Skylar Irving,https://assets.leaguestat.com/pwhl/240x240/272.jpg,NA,10
79,96,1,Maggie,Flaherty,MAIG-ee FLAIR-tee,,L,"Lakeville, MN",Minnesota,,"Lakeville, Minnesota",Lakeville,Minnesota,United States,"Lakeville, Minnesota",5'8,0,5-8,0,,79,None,2000-06-02,'00,2000-06-02,3,2,,3,Montréal Victoire,PWHL,91,0,1,D,,79,&nbsp;,5'8,0,,NA,Maggie Flaherty,https://assets.leaguestat.com/pwhl/240x240/79.jpg,NA,10
320,605,1,Nadia,Mattivi,,,L,"Baselga di Pinè, ITA",,Italy,"Baselga di Pinè, ITA , Italy","Baselga di Pinè, ITA ",,Italy,"Baselga di Pinè, ITA , ",5'9,0,5-9,0,,320,None,2000-05-02,'00,2000-05-02,3,2,,3,Montréal Victoire,PWHL,93,0,1,D,,320,&nbsp;,5'9,0,,NA,Nadia Mattivi,https://lscluster.hockeytech.com/img/nophoto.png,NA,10
401,692,1,Maria,Batalova,,,L,Mezhdurechye,,Russia,"Mezhdurechye, Russia",Mezhdurechye,,Russia,"Mezhdurechye, ","5'8""",,"5-8""",0,,401,Camp Invitee,1996-05-03,'96,1996-05-03,3,2,,3,Montréal Victoire,PWHL,96,0,1,D,,401,&nbsp;,"5'8""",,,NA,Maria Batalova,https://lscluster.hockeytech.com/img/nophoto.png,NA,10
396,684,1,Émilie,Lavoie,,,L,"Beloeil, QC",,Canada,"Beloeil, QC, Canada","Beloeil, QC",,Canada,"Beloeil, QC, ",5'7,,5-7,0,,396,Draftee,2001-07-30,'01,2001-07-30,3,2,,3,Montréal Victoire,PWHL,98,1,8,F,,396,*,5'7,,,NA,Émilie Lavoie,https://assets.leaguestat.com/pwhl/240x240/396.jpg,NA,10
251,494,1,Dayle,Ross,,,R,"Spirit River, AB",,,"Spirit River, Alberta",Spirit River,Alberta,Canada,"Spirit River, Alberta",5'6,0,5-6,0,,251,Signed,2003-05-26,'03,2003-05-26,4,2,,4,New York Sirens,PWHL,2,0,1,D,,251,&nbsp;,5'6,0,,NA,Dayle Ross,https://assets.leaguestat.com/pwhl/240x240/251.jpg,NA,10
268,512,1,Cameron,Sikich,,,L,"Thornhill, ON",ON,Canada,"Thornhill, ON",Thornhill,ON,Canada,"Thornhill, ON",,0,,0,,268,None,2003-06-09,'03,2003-06-09,4,2,,4,New York Sirens,PWHL,3,0,1,D,,268,&nbsp;,,0,,NA,Cameron Sikich,https://lscluster.hockeytech.com/img/nophoto.png,NA,10
206,402,1,Elle,Hartje,EHL hartch-ee ,,L,"Detroit, MI ",MI,,"Detroit, Michigan",Detroit,Michigan,United States,"Detroit, Michigan",5'5,0,5-5,0,,206,Camp Invitee,2001-04-13,'01,2001-04-13,4,2,,4,New York Sirens,PWHL,4,0,8,F,,206,&nbsp;,5'5,0,,NA,Elle Hartje,https://assets.leaguestat.com/pwhl/240x240/206.jpg,NA,10
380,668,1,Grace,Wolfe,,,R,"Owatonna, MN",,United States,"Owatonna, MN, United States","Owatonna, MN",,United States,"Owatonna, MN, ",5'9,0,5-9,0,,380,Draftee,2003-03-05,'03,2003-03-05,4,2,,4,New York Sirens,PWHL,6,1,1,D,,380,*,5'9,0,,NA,Grace Wolfe,https://assets.leaguestat.com/pwhl/240x240/380.jpg,NA,10
333,620,1,Emma,Peschel,,,L,"Edina, MN",,United States,"Edina, MN, United States","Edina, MN",,United States,"Edina, MN, ",5'10,,5-10,0,,333,Draftee,2004-01-20,'04,2004-01-20,4,2,,4,New York Sirens,PWHL,7,1,1,D,,333,*,5'10,,,NA,Emma Peschel,https://assets.leaguestat.com/pwhl/240x240/333.jpg,NA,10
229,425,1,Maja,Nylén Persson,MIGH-uh NIH-lehn PEHR-suhn,,R,"Avesta, SWE",SWE,Sweden,"Avesta, Sweden",Avesta,,Sweden,"Avesta, ","5'5""",0,"5-5""",0,,229,None,2000-11-20,'00,2000-11-20,4,2,,4,New York Sirens,PWHL,8,0,1,D,,229,&nbsp;,"5'5""",0,,NA,Maja Nylén Persson,https://assets.leaguestat.com/pwhl/240x240/229.jpg,NA,10
205,401,1,Sarah,Fillier,SAIR-AH FIH-lee-AY,,R,"Georgetown, ON",ON,,"Georgetown, Ontario",Georgetown,Ontario,Canada,"Georgetown, Ontario",5'5,0,5-5,0,,205,Signed,2000-06-09,'00,2000-06-09,4,2,,4,New York Sirens,PWHL,10,0,8,F,,205,&nbsp;,5'5,0,,NA,Sarah Fillier,https://assets.leaguestat.com/pwhl/240x240/205.jpg,NA,10
283,527,1,Nicole,Vallario,,,L,"Lugano, SWI",,Switzerland,"Lugano, Switzerland",Lugano,,Switzerland,"Lugano, ",5'4,0,5-4,0,,283,None,2001-08-30,'01,2001-08-30,4,2,,4,New York Sirens,PWHL,11,0,1,D,,283,&nbsp;,5'4,0,,NA,Nicole Vallario,https://assets.leaguestat.com/pwhl/240x240/283.jpg,NA,10
87,106,1,Jaime,Bourbonnais,JAY-mee BUHR-buh-NAY,,R,"Mississauga, ON",Ontario,,"Mississauga,, Ontario","Mississauga,",Ontario,Canada,"Mississauga,, Ontario",5'7,0,5-7,0,,87,Signed,1998-09-09,'98,1998-09-09,4,2,,4,New York Sirens,PWHL,14,0,1,D,,87,&nbsp;,5'7,0,,NA,Jaime Bourbonnais,https://assets.leaguestat.com/pwhl/240x240/87.jpg,NA,10
207,403,1,Lauren,Bernard,LOR-ehn buhr-NARD,,L,"Madison, OH",OH,,"Madison , Ohio",Madison ,Ohio,United States,"Madison , Ohio",5'7,0,5-7,0,,207,Draftee,2001-07-15,'01,2001-07-15,4,2,,4,New York Sirens,PWHL,16,0,1,D,,207,&nbsp;,5'7,0,,NA,Lauren Bernard,https://assets.leaguestat.com/pwhl/240x240/207.jpg,NA,10
392,680,1,Naomi,Boucher,,,L,"Rimouski, QC",,Canada,"Rimouski, QC, Canada","Rimouski, QC",,Canada,"Rimouski, QC, ",5'6,,5-6,0,,392,Draftee,2003-10-17,'03,2003-10-17,4,2,,4,New York Sirens,PWHL,17,1,8,F,,392,*,5'6,,,NA,Naomi Boucher,https://assets.leaguestat.com/pwhl/240x240/392.jpg,NA,10
344,632,1,Elisa,Holopainen,,,L,"Tuusniemi, FIN",,Finland,"Tuusniemi, Finland",Tuusniemi,,Finland,"Tuusniemi, ",5'5,,5-5,0,,344,Draftee,2001-12-27,'01,2001-12-27,4,2,,4,New York Sirens,PWHL,18,1,8,F,,344,*,5'5,,,NA,Elisa Holopainen,https://assets.leaguestat.com/pwhl/240x240/344.jpg,NA,10
40,42,1,Paetyn,Levis,PAY-tuhn LEH-vihs,,R,"Rogers, MN",Minnesota,,"Rogers, Minnesota",Rogers,Minnesota,United States,"Rogers, Minnesota","5'5""",0,"5-5""",0,,40,Camp Invitee,1999-11-06,'99,1999-11-06,4,2,,4,New York Sirens,PWHL,19,0,8,F,,40,&nbsp;,"5'5""",0,,NA,Paetyn Levis,https://assets.leaguestat.com/pwhl/240x240/40.jpg,NA,10
85,104,1,Elaine,Chuli,,,L,"Waterford, ON",Ontario,,"Waterford, Ontario",Waterford,Ontario,Canada,"Waterford, Ontario",5'7,0,5-7,0,,85,None,1994-05-16,'94,1994-05-16,4,2,,4,New York Sirens,PWHL,20,0,7,G,,85,&nbsp;,5'7,0,,NA,Elaine Chuli,https://assets.leaguestat.com/pwhl/240x240/85.jpg,L,10
277,521,1,Anna,Bargman,,,L,"Boxford, MA",MA,United States,"Boxford, Massachussetts",Boxford,Massachussetts,United States,"Boxford, Massachussetts",5'8,0,5-8,0,,277,None,2002-08-07,'02,2002-08-07,4,2,,4,New York Sirens,PWHL,22,0,8,F,,277,&nbsp;,5'8,0,,NA,Anna Bargman,https://assets.leaguestat.com/pwhl/240x240/277.jpg,NA,10
368,656,1,Katelyn,Roberts,,,R,"Chanhassen, MN",,United States,"Chanhassen, MN, United States","Chanhassen, MN",,United States,"Chanhassen, MN, ",5'7,,5-7,0,,368,Draftee,2004-04-12,'04,2004-04-12,4,2,,4,New York Sirens,PWHL,23,1,8,F,,368,*,5'7,,,NA,Katelyn Roberts,https://assets.leaguestat.com/pwhl/240x240/368.jpg,NA,10
356,644,1,Carina,DiAntonio,,,L,"Mississauga, ON",,Canada,"Mississauga, ON, Canada","Mississauga, ON",,Canada,"Mississauga, ON, ",5'3,0,5-3,0,,356,Draftee,2004-01-19,'04,2004-01-19,4,2,,4,New York Sirens,PWHL,25,1,8,F,,356,*,5'3,0,,NA,Carina DiAntonio,https://assets.leaguestat.com/pwhl/240x240/356.jpg,NA,10
280,524,1,Casey,O'Brien,,,L,"Milton, MA",MA,United States,"Milton, Massachussetts",Milton,Massachussetts,United States,"Milton, Massachussetts",5'4,0,5-4,0,,280,None,2001-08-27,'01,2001-08-27,4,2,,4,New York Sirens,PWHL,26,0,8,F,,280,&nbsp;,5'4,0,,NA,Casey O'Brien,https://assets.leaguestat.com/pwhl/240x240/280.jpg,NA,10
47,49,1,Micah,Zandee-Hart,MIGHK-UH ZAN-dee HAHRT ,,L,"Saanichton, BC",BC,,"Saanichton, British Columbia",Saanichton,British Columbia,Canada,"Saanichton, British Columbia",5'8,0,5-8,0,,47,Signed,1997-01-13,'97,1997-01-13,4,2,,4,New York Sirens,PWHL,28,0,1,D,,47,&nbsp;,5'8,0,,NA,Micah Zandee-Hart,https://assets.leaguestat.com/pwhl/240x240/47.jpg,NA,10
204,400,1,Emmy,Fecteau,eh-MEE fehk-TOH,,L,Saint-Odilon-de-Cranbourn,QC,,"Saint-Odilon-de-Cranbourn, Québec",Saint-Odilon-de-Cranbourn,Québec,Canada,"Saint-Odilon-de-Cranbourn, Québec",5'6,0,5-6,0,,204,Camp Invitee,1999-04-07,'99,1999-04-07,4,2,,4,New York Sirens,PWHL,29,0,8,F,,204,&nbsp;,5'6,0,,NA,Emmy Fecteau,https://assets.leaguestat.com/pwhl/240x240/204.jpg,NA,10
414,704,1,Celina,Haider,,,L,"Rosenheim, GER",,Germany,"Rosenheim, GER, Germany","Rosenheim, GER",,Germany,"Rosenheim, GER, ",5'7,,5-7,0,,414,None,2000-07-20,'00,2000-07-20,4,2,,4,New York Sirens,PWHL,34,0,8,F,,414,&nbsp;,5'7,,,NA,Celina Haider,https://lscluster.hockeytech.com/img/nophoto.png,NA,10
449,739,1,Quinn,Kuntz,,,R,"Warroad, MN",,United States,"Warroad, MN, United States","Warroad, MN",,United States,"Warroad, MN, ",,,,0,,449,Camp Invitee,2001-02-17,'01,2001-02-17,4,2,,4,New York Sirens,PWHL,35,0,7,G,,449,&nbsp;,,,,NA,Quinn Kuntz,https://lscluster.hockeytech.com/img/nophoto.png,L,10
282,526,1,Callie,Shanahan,,,L,"Commerce Township, MI",MI,United States,"Commerce Township, Michigan",Commerce Township,Michigan,United States,"Commerce Township, Michigan",5'10,0,5-10,0,,282,Signed,2003-05-26,'03,2003-05-26,4,2,,4,New York Sirens,PWHL,37,0,7,G,,282,&nbsp;,5'10,0,,NA,Callie Shanahan,https://assets.leaguestat.com/pwhl/240x240/282.jpg,L,10
278,522,1,Kaley,Doyle,,,L,"Livonia, MI",MI,United States,"Livonia, Michigan",Livonia,Michigan,United States,"Livonia, Michigan",5'5,0,5-5,0,,278,None,2001-03-23,'01,2001-03-23,4,2,,4,New York Sirens,PWHL,39,0,7,G,,278,&nbsp;,5'5,0,,NA,Kaley Doyle,https://assets.leaguestat.com/pwhl/240x240/278.jpg,L,10
116,146,1,Clair,DeGeorge,,,L,"Anchorage, AK",AK,,"Anchorage, Alaska",Anchorage,Alaska,United States,"Anchorage, Alaska",5'11,0,5-11,0,,116,None,1999-06-07,'99,1999-06-07,4,2,,4,New York Sirens,PWHL,41,0,8,F,,116,&nbsp;,5'11,0,,NA,Clair DeGeorge,https://assets.leaguestat.com/pwhl/240x240/116.jpg,NA,10
104,134,1,Denisa,Křížová,DUH-nee-SAH SHISH-uh-vuh,,L,"Horní Cerekev, CZE",CZE,,"Horni Cerekev, Czechia, Czechia",Horni Cerekev,Czechia,Czechia,"Horni Cerekev, Czechia","5'5""",0,"5-5""",0,,104,Camp Invitee,1994-11-03,'94,1994-11-03,4,2,,4,New York Sirens,PWHL,44,0,8,F,,104,&nbsp;,"5'5""",0,,NA,Denisa Křížová,https://assets.leaguestat.com/pwhl/240x240/104.jpg,NA,10
81,100,1,Sarah,Bujold,,,L,"Riverview, NB",New Brunswick,,,,,,,,0,,0,,81,None,1996-02-26,'96,1996-02-26,4,2,,4,New York Sirens,PWHL,62,0,8,F,,81,&nbsp;,,0,,NA,Sarah Bujold,https://assets.leaguestat.com/pwhl/240x240/81.jpg,NA,10
398,686,1,Makenna,Webster,,,R,"St. Louis, MO",,,,,,,,"5'3""",,"5-3""",0,,398,Signed,2002-03-21,'02,2002-03-21,4,2,,4,New York Sirens,PWHL,86,0,8,F,,398,&nbsp;,"5'3""",,,NA,Makenna Webster,https://lscluster.hockeytech.com/img/nophoto.png,NA,10
245,485,1,Kristýna,Kaltounková,,,L,"Vlašim, CZE",CZE,Czechia,"Vlašim, CZE, Czechia",Vlašim,CZE,Czechia,"Vlašim, CZE",5'9,0,5-9,0,,245,Signed,2002-04-14,'02,2002-04-14,4,2,,4,New York Sirens,PWHL,98,0,8,F,,245,&nbsp;,5'9,0,"NY (PWHL) 2025 Round: 1 (#1), NY (PWHL) 2025 Round: 1 (#1)","list(id = ""1965"", person_id = ""485"", draft_round = ""1"", draft_date = """", draft_year = ""2025"", draft_rank = ""1"", draft_team = ""NY"", draft_team_id = ""0"", draft_league = """", junior_team = """", show_on_roster = ""0"", draft_mode = ""4"", lang_id = ""1"", draft_type_id = ""1"", draft_type = ""PWHL"", draft_status = """")",Kristýna Kaltounková,https://assets.leaguestat.com/pwhl/240x240/245.jpg,NA,10
238,477,1,Sanni,Ahola,SUH-nee A-hoh-luh,,,"Helsinki, FIN",,Finland,"Helsinki, Finland",Helsinki,,Finland,"Helsinki, ",5'7,0,5-7,0,,238,Signed,2000-06-03,'00,2000-06-03,5,2,,5,Ottawa Charge,PWHL,1,0,7,G,,238,&nbsp;,5'7,0,"Ottawa (PWHL) 2025 Round: 5 (#37), Ottawa (PWHL) 2025 Round: 5 (#37)","list(id = ""1917"", person_id = ""477"", draft_round = ""5"", draft_date = """", draft_year = ""2025"", draft_rank = ""37"", draft_team = ""Ottawa"", draft_team_id = ""0"", draft_league = """", junior_team = """", show_on_roster = ""1"", draft_mode = ""4"", lang_id = ""1"", draft_type_id = ""1"", draft_type = ""PWHL"", draft_status = """")",Sanni Ahola,https://assets.leaguestat.com/pwhl/240x240/238.jpg,L,10
71,73,1,Jocelyne,Larocque,JOSS-lihn LA-rawk  ,,L,"Ste. Anne, MB",Manitoba,,"Ste. Anne, Manitoba",Ste. Anne,Manitoba,Canada,"Ste. Anne, Manitoba",5'5,0,5-5,0,,71,Signed,1988-05-19,'88,1988-05-19,5,2,,5,Ottawa Charge,PWHL,3,0,1,D,,71,&nbsp;,5'5,0,,NA,Jocelyne Larocque,https://assets.leaguestat.com/pwhl/240x240/71.jpg,NA,10
372,660,1,Tory,Mariano,,,R,"West Seneca, NY",,United States,"West Seneca, NY, United States","West Seneca, NY",,United States,"West Seneca, NY, ",5'9,,5-9,0,,372,Draftee,2003-02-21,'03,2003-02-21,5,2,,5,Ottawa Charge,PWHL,4,1,1,D,,372,*,5'9,,,NA,Tory Mariano,https://assets.leaguestat.com/pwhl/240x240/372.jpg,NA,10
289,533,1,Kathryn,Reilly,,,R,"Richmond, BC",BC,Canada,"Richmond, BC",Richmond,BC,Canada,"Richmond, BC",5'7,0,5-7,0,,289,Camp Invitee,2001-01-17,'01,2001-01-17,5,2,,5,Ottawa Charge,PWHL,8,0,1,D,,289,&nbsp;,5'7,0,,NA,Kathryn Reilly,https://assets.leaguestat.com/pwhl/240x240/289.jpg,NA,10
237,476,1,Jenna,Buglioni,,,R,"Port Moody, BC",,Canada,"Port Moody, British Columbia",Port Moody,British Columbia,Canada,"Port Moody, British Columbia",5'3,0,5-3,0,,237,Signed,2002-03-13,'02,2002-03-13,5,2,,5,Ottawa Charge,PWHL,10,0,8,F,,237,&nbsp;,5'3,0,,NA,Jenna Buglioni,https://assets.leaguestat.com/pwhl/240x240/237.jpg,NA,10
38,40,1,Brooke,Hobson, BRUHK HAWB-suhn,,L,"Prince Albert, SK",Saskatchewan,Canada,"Prince Albert, Saskatchewan",Prince Albert,Saskatchewan,Canada,"Prince Albert, Saskatchewan",5'6,0,5-6,0,,38,Signed,1999-05-27,'99,1999-05-27,5,2,,5,Ottawa Charge,PWHL,11,0,1,D,,38,&nbsp;,5'6,0,,NA,Brooke Hobson,https://assets.leaguestat.com/pwhl/240x240/38.jpg,NA,10
409,699,1,Annalise,Wong,,,R,"Richmond, BC",,Canada,"Richmond, BC, Canada","Richmond, BC",,Canada,"Richmond, BC, ",,,,0,,409,None,2003-10-15,'03,2003-10-15,5,2,,5,Ottawa Charge,PWHL,13,0,8,F,,409,&nbsp;,,,,NA,Annalise Wong,https://lscluster.hockeytech.com/img/nophoto.png,NA,10
88,107,1,Kateřina,Mrázová,KAH-teh-REE-nuh MRAH-zoh-vuh,,L,"Kolín, CZE",CZE,,"Kolín, Czechia",Kolín,,Czechia,"Kolín, ",5'4,0,5-4,0,,88,Signed,1992-10-19,'92,1992-10-19,5,2,,5,Ottawa Charge,PWHL,16,0,8,F,,88,&nbsp;,5'4,0,,NA,Kateřina Mrázová,https://assets.leaguestat.com/pwhl/240x240/88.jpg,NA,10
57,59,1,Gabbie,Hughes,GAH-Bee HEWS,,L,"Lino Lakes, MN",Minnesota,,"Lino Lakes, Minnesota",Lino Lakes,Minnesota,United States,"Lino Lakes, Minnesota",5'9,0,5-9,0,,57,Signed,1999-10-04,'99,1999-10-04,5,2,,5,Ottawa Charge,PWHL,17,0,8,F,,57,&nbsp;,5'9,0,,NA,Gabbie Hughes,https://assets.leaguestat.com/pwhl/240x240/57.jpg,NA,10
348,636,1,Jordan,Ray,,,R,"Rockledge, FL",,United States,"Rockledge, FL, United States","Rockledge, FL",,United States,"Rockledge, FL, ",5'7,,5-7,0,,348,Draftee,2004-07-22,'04,2004-07-22,5,2,,5,Ottawa Charge,PWHL,19,1,8,F,,348,*,5'7,,,NA,Jordan Ray,https://assets.leaguestat.com/pwhl/240x240/348.jpg,NA,10
337,624,1,Vivian,Jungels,,,L,"Edina, MN",,United States,"Edina, MN, United States","Edina, MN",,United States,"Edina, MN, ",5'7,,5-7,0,,337,Draftee,2003-10-08,'03,2003-10-08,5,2,,5,Ottawa Charge,PWHL,20,1,1,D,,337,*,5'7,,,NA,Vivian Jungels,https://assets.leaguestat.com/pwhl/240x240/337.jpg,NA,10
288,532,1,Vita,Poniatovskaia,,,R,"Chelyabinsk, RUS",RUS,Russia,"Chelyabinsk, RUS, Russia",Chelyabinsk,RUS,Russia,"Chelyabinsk, RUS",5'8,0,5-8,0,,288,Reserve,2003-08-03,'03,2003-08-03,5,2,,5,Ottawa Charge,PWHL,21,0,1,D,,288,&nbsp;,5'8,0,,NA,Vita Poniatovskaia,https://assets.leaguestat.com/pwhl/240x240/288.jpg,NA,10
266,510,1,Madison,Mashuga,,,L,"Andover, MN",MN,United States,"Andover, MN",Andover,MN,United States,"Andover, MN",,0,,0,,266,None,2001-12-18,'01,2001-12-18,5,2,,5,Ottawa Charge,PWHL,22,0,8,F,,266,&nbsp;,,0,,NA,Madison Mashuga,https://lscluster.hockeytech.com/img/nophoto.png,NA,10
241,480,1,Sarah,Wozniewicz,,,R,"Cochrane, AB",,Canada,"Cochrane, Alberta",Cochrane,Alberta,Canada,"Cochrane, Alberta",5'7,0,5-7,0,,241,Signed,2003-08-25,'03,2003-08-25,5,2,,5,Ottawa Charge,PWHL,23,0,8,F,,241,&nbsp;,5'7,0,,NA,Sarah Wozniewicz,https://assets.leaguestat.com/pwhl/240x240/241.jpg,NA,10
395,683,1,Taylor,Otremba,,,R,"Lakeville, MN",,United States,"Lakeville, MN, United States","Lakeville, MN",,United States,"Lakeville, MN, ",,,,0,,395,None,2003-12-23,'03,2003-12-23,5,2,,5,Ottawa Charge,PWHL,24,0,8,F,,395,&nbsp;,,,,NA,Taylor Otremba,https://assets.leaguestat.com/pwhl/240x240/395.jpg,NA,10
118,148,1,Emma,Greco,EH-muh GREH-koh,,L,"Burlington, ON",,,"Burlington, Ontario",Burlington,Ontario,Canada,"Burlington, Ontario",5'9,0,5-9,0,,118,Signed,1995-03-06,'95,1995-03-06,5,2,,5,Ottawa Charge,PWHL,25,0,1,D,,118,&nbsp;,5'9,0,,NA,Emma Greco,https://assets.leaguestat.com/pwhl/240x240/118.jpg,NA,10
192,388,1,Brooke,McQuigge,,,L,"Bowmanville, ON",ON,,"Bowmanville, Ontario",Bowmanville,Ontario,Canada,"Bowmanville, Ontario","5'8""",0,"5-8""",0,,192,Signed,2000-06-09,'00,2000-06-09,5,2,,5,Ottawa Charge,PWHL,27,0,8,F,,192,&nbsp;,"5'8""",0,,NA,Brooke McQuigge,https://assets.leaguestat.com/pwhl/240x240/192.jpg,NA,10
260,504,1,Kaitlyn,Ross,,,L,"Red Cliff, AB",AB,Canada,"Red Cliff, Alberta",Red Cliff,Alberta,Canada,"Red Cliff, Alberta",5'7,0,5-7,0,,260,Signed,2001-06-12,'01,2001-06-12,5,2,,5,Ottawa Charge,PWHL,32,0,7,G,,260,&nbsp;,5'7,0,,NA,Kaitlyn Ross,https://lscluster.hockeytech.com/img/nophoto.png,L,10
222,418,1,Gwyneth,Philips,GWIH-nihth FIH-lihps,,,"Athens, OH",OH,,"Athens, Ohio",Athens,Ohio,United States,"Athens, Ohio",5'7,0,5-7,0,,222,Signed,2000-09-17,'00,2000-09-17,5,2,,5,Ottawa Charge,PWHL,33,0,7,G,,222,&nbsp;,5'7,0,,NA,Gwyneth Philips,https://assets.leaguestat.com/pwhl/240x240/222.jpg,R,10
360,648,1,Tereza,Pištěková,,,L,"Tabor, CZE",,Czechia,"Tabor, Czechia",Tabor,,Czechia,"Tabor, ",5'9,,5-9,0,,360,Draftee,2005-06-03,'05,2005-06-03,5,2,,5,Ottawa Charge,PWHL,34,1,8,F,,360,*,5'9,,,NA,Tereza Pištěková,https://assets.leaguestat.com/pwhl/240x240/360.jpg,NA,10
72,74,1,Rebecca,Leslie,RUH-beh-kuh LEHS-lee,,R,"Ottawa, ON",Ontario,,"Ottawa, Ontario",Ottawa,Ontario,Canada,"Ottawa, Ontario",5'6,0,5-6,0,,72,Signed,1996-05-08,'96,1996-05-08,5,2,,5,Ottawa Charge,PWHL,37,0,8,F,,72,&nbsp;,5'6,0,,NA,Rebecca Leslie,https://assets.leaguestat.com/pwhl/240x240/72.jpg,NA,10
411,701,1,Lyndsy,Acheson,,,L,"Summerland, BC",,Canada,"Summerland, BC, Canada","Summerland, BC",,Canada,"Summerland, BC, ",5'7,,5-7,0,,411,None,2002-11-28,'02,2002-11-28,5,2,,5,Ottawa Charge,PWHL,42,0,1,D,,411,&nbsp;,5'7,,,NA,Lyndsy Acheson,https://lscluster.hockeytech.com/img/nophoto.png,NA,10
290,534,1,Kendra,Woodland,,,L,"Kamloops, BC",BC,Canada,"Kamloops, BC",Kamloops,BC,Canada,"Kamloops, BC",5'8,0,5-8,0,,290,None,2000-02-18,'00,2000-02-18,5,2,,5,Ottawa Charge,PWHL,70,0,7,G,,290,&nbsp;,5'8,0,,NA,Kendra Woodland,https://assets.leaguestat.com/pwhl/240x240/290.jpg,L,10
240,479,1,Fanuza,Kadirova,,,L,"Kukmor, RUS",,Russia,"Kukmor, Russia",Kukmor,,Russia,"Kukmor, ",5'4,0,5-4,0,,240,Signed,1998-04-06,'98,1998-04-06,5,2,,5,Ottawa Charge,PWHL,71,0,8,F,,240,&nbsp;,5'4,0,,NA,Fanuza Kadirova,https://assets.leaguestat.com/pwhl/240x240/240.jpg,NA,10
199,395,1,Dara,Greig,,,L,"Camden, NJ",NJ,,"Camden, New Jersey",Camden,New Jersey,United States,"Camden, New Jersey",5'7'',0,5-,0,,199,None,2000-12-30,'00,2000-12-30,5,2,,5,Ottawa Charge,PWHL,77,0,8,F,,199,&nbsp;,5'7'',0,,NA,Dara Greig,https://assets.leaguestat.com/pwhl/240x240/199.jpg,NA,10
115,145,1,Michela,Cava,MIH-kay-luh KAH-vuh,,R,"Thunder Bay, ON",,,"Thunder Bay, Ontario",Thunder Bay,Ontario,Canada,"Thunder Bay, Ontario",5'4,0,5-4,0,,115,Camp Invitee,1994-03-26,'94,1994-03-26,5,2,,5,Ottawa Charge,PWHL,86,0,8,F,,115,&nbsp;,5'4,0,,NA,Michela Cava,https://assets.leaguestat.com/pwhl/240x240/115.jpg,NA,10
223,419,1,Ronja,Savolainen,ROHN-yah SEH-voh-LIGH-nehn,,L,"Helsinki, FIN",FIN,,"Helsinki, Finland",Helsinki,,Finland,"Helsinki, ",5'10,0,5-10,0,,223,Signed,1997-11-29,'97,1997-11-29,5,2,,5,Ottawa Charge,PWHL,88,0,1,D,,223,&nbsp;,5'10,0,,NA,Ronja Savolainen,https://assets.leaguestat.com/pwhl/240x240/223.jpg,NA,10
319,604,1,Maggy,Burbidge,,,R,"Falmouth, NS",,,"Falmouth, NS, Nova Scotia","Falmouth, NS",Nova Scotia,Canada,"Falmouth, NS, Nova Scotia",5'5,0,5-5,0,,319,Camp Invitee,2001-01-13,'01,2001-01-13,5,2,,5,Ottawa Charge,PWHL,94,0,8,F,,319,&nbsp;,5'5,0,,NA,Maggy Burbidge,https://lscluster.hockeytech.com/img/nophoto.png,NA,10
407,698,1,Michelle,Pasiechnyk,,,L,"Ottawa, ON",,Canada,"Ottawa, ON, Canada","Ottawa, ON",,Canada,"Ottawa, ON, ",5'9,,5-9,0,,407,None,2002-03-31,'02,2002-03-31,10,2,,10,PWHL Detroit,PWHL,1,0,7,G,,407,&nbsp;,5'9,,,NA,Michelle Pasiechnyk,https://lscluster.hockeytech.com/img/nophoto.png,L,10
388,676,1,Georgia,Schiff,,,L,"Montpelier, VT",,United States,"Montpelier, VT, United States","Montpelier, VT",,United States,"Montpelier, VT, ",5'9,,5-9,0,,388,Draftee,2004-03-27,'04,2004-03-27,10,2,,10,PWHL Detroit,PWHL,2,1,8,F,,388,*,5'9,,,NA,Georgia Schiff,https://assets.leaguestat.com/pwhl/240x240/388.jpg,NA,10
196,392,1,Cayla,Barnes,,,R,"Eastvale, CA",CA,,"Eastvale, California",Eastvale,California,United States,"Eastvale, California","5'2""",0,"5-2""",0,,196,None,1999-01-07,'99,1999-01-07,10,2,,10,PWHL Detroit,PWHL,3,0,1,D,,196,&nbsp;,"5'2""",0,,NA,Cayla Barnes,https://assets.leaguestat.com/pwhl/240x240/196.jpg,NA,10
254,498,1,Mia,Biotti,,,L,"Cambridge, MA",MA,United States,"Cambridge, Massachusetts",Cambridge,Massachusetts,United States,"Cambridge, Massachusetts",,0,,0,,254,Camp Invitee,2002-07-24,'02,2002-07-24,10,2,,10,PWHL Detroit,PWHL,4,0,6,RD,,254,&nbsp;,,0,,NA,Mia Biotti,https://assets.leaguestat.com/pwhl/240x240/254.jpg,NA,10
406,697,1,Kendra,Zuchotzki,,,L,,,,,,,,,5'6,,5-6,0,,406,None,2002-01-02,'02,2002-01-02,10,2,,10,PWHL Detroit,PWHL,6,0,1,D,,406,&nbsp;,5'6,,,NA,Kendra Zuchotzki,https://lscluster.hockeytech.com/img/nophoto.png,NA,10
219,415,1,Stephanie,Markowski,STEH-fuh-nee MAR-kow-skee,,L,"Edmonton, AB",AB,,"Edmonton, Alberta",Edmonton,Alberta,Canada,"Edmonton, Alberta",5'8,0,5-8,0,,219,Draftee,2001-08-24,'01,2001-08-24,10,2,,10,PWHL Detroit,PWHL,8,0,1,D,,219,&nbsp;,5'8,0,,NA,Stephanie Markowski,https://assets.leaguestat.com/pwhl/240x240/219.jpg,NA,10
63,65,1,Daryl,Watts,DAIR-uhl WAHTS,,L,"Toronto, ON",Ontario,,"Toronto, Ontario",Toronto,Ontario,Canada,"Toronto, Ontario","5'6""",0,"5-6""",0,,63,Signed,1999-05-15,'99,1999-05-15,10,2,,10,PWHL Detroit,PWHL,9,0,8,F,,63,&nbsp;,"5'6""",0,,NA,Daryl Watts,https://assets.leaguestat.com/pwhl/240x240/63.jpg,NA,10
180,376,1,Sydney,Bard,SIHD-nee bahrd,,R,"New Hartford, NY",NY,,"New Hartford, New York",New Hartford,New York,United States,"New Hartford, New York",5'3,0,5-3,0,,180,Signed,2001-01-15,'01,2001-01-15,10,2,,10,PWHL Detroit,PWHL,11,0,1,D,,180,&nbsp;,5'3,0,,NA,Sydney Bard,https://assets.leaguestat.com/pwhl/240x240/180.jpg,NA,10
347,635,1,Casey,Borgiel,,,R,"Port Huron, MI",,United States,"Port Huron, MI, United States","Port Huron, MI",,United States,"Port Huron, MI, ",5'7,,5-7,0,,347,Draftee,2004-06-14,'04,2004-06-14,10,2,,10,PWHL Detroit,PWHL,13,0,1,D,,347,&nbsp;,5'7,,,NA,Casey Borgiel,https://assets.leaguestat.com/pwhl/240x240/347.jpg,NA,10
296,540,1,Olivia,Wallin,,,R,"Oakville, ON",ON,Canada,"Oakville, ON",Oakville,ON,Canada,"Oakville, ON",5'7,0,5-7,0,,296,Signed,2002-03-09,'02,2002-03-09,10,2,,10,PWHL Detroit,PWHL,14,0,8,F,,296,&nbsp;,5'7,0,,NA,Olivia Wallin,https://assets.leaguestat.com/pwhl/240x240/296.jpg,NA,10
215,411,1,Jessica,Adolfsson,JEH-sih-kuh AY-dawlf-SUHN,,L,"Linköping, SWE",SWE,,"Linköping, Sweden",Linköping,,Sweden,"Linköping, ",5'9,0,5-9,0,,215,Reserve,1998-07-15,'98,1998-07-15,10,2,,10,PWHL Detroit,PWHL,15,0,1,D,,215,&nbsp;,5'9,0,,NA,Jessica Adolfsson,https://assets.leaguestat.com/pwhl/240x240/215.jpg,NA,10
364,652,1,Kyla,Josifovic,,,R,"Burlington, ON",,Canada,"Burlington, ON, Canada","Burlington, ON",,Canada,"Burlington, ON, ",5'11,,5-11,0,,364,Draftee,2003-08-06,'03,2003-08-06,10,2,,10,PWHL Detroit,PWHL,16,1,8,F,,364,*,5'11,,,NA,Kyla Josifovic,https://assets.leaguestat.com/pwhl/240x240/364.jpg,NA,10
9,11,1,Taylor,Girard,TAY-luhr JAH-rahrd,,L,"Macomb, MI",Michigan,,"Macomb, Michigan",Macomb,Michigan,United States,"Macomb, Michigan",5'10,0,5-10,0,,9,Signed,1998-07-17,'98,1998-07-17,10,2,,10,PWHL Detroit,PWHL,17,0,3,LW,,9,&nbsp;,5'10,0,,NA,Taylor Girard,https://assets.leaguestat.com/pwhl/240x240/9.jpg,NA,10
65,67,1,Jesse,Compher,JEH-see KUHM-fuhr,,R,"Northbrook, IL",Illinois,,"Northbrook, Illinois",Northbrook,Illinois,United States,"Northbrook, Illinois","5'8""",0,"5-8""",0,,65,Signed,1999-07-01,'99,1999-07-01,10,2,,10,PWHL Detroit,PWHL,18,0,8,F,,65,&nbsp;,"5'8""",0,,NA,Jesse Compher,https://assets.leaguestat.com/pwhl/240x240/65.jpg,NA,10
181,377,1,Hannah,Bilka,HAN-uh BIHL-KUH,,L,"Coppell, TX",TX,,"Coppell, Texas",Coppell,Texas,United States,"Coppell, Texas",5'5,0,5-5,0,,181,Signed,2001-03-24,'01,2001-03-24,10,2,,10,PWHL Detroit,PWHL,19,0,8,F,,181,&nbsp;,5'5,0,,NA,Hannah Bilka,https://assets.leaguestat.com/pwhl/240x240/181.jpg,NA,10
408,628,1,Andrea,Brändli,,,,"Zürich, SUI",,Switzerland,"Zürich, Switzerland",Zürich,,Switzerland,"Zürich, ",5'7,,5-7,0,,408,Draftee,1997-06-05,'97,1997-06-05,10,2,,10,PWHL Detroit,PWHL,20,1,7,G,,408,*,5'7,,,NA,Andrea Brändli,https://assets.leaguestat.com/pwhl/240x240/408.jpg,L,10
13,15,1,Hilary,Knight,HILL-AH-REE NIGHT,,R,"Sun Valley, ID",Idaho,,"Sun Valley, Idaho",Sun Valley,Idaho,United States,"Sun Valley, Idaho",5'11,0,5-11,0,,13,Signed,1989-07-12,'89,1989-07-12,10,2,,10,PWHL Detroit,PWHL,21,0,8,F,,13,&nbsp;,5'11,0,,NA,Hilary Knight,https://assets.leaguestat.com/pwhl/240x240/13.jpg,NA,10
129,162,1,Mellissa,Channell-Watkins,Muh-LISS-uh CHAN-uhl WHAT-kins,,L,"Plymouth, MI",,,"Plymouth, Michigan",Plymouth,Michigan,United States,"Plymouth, Michigan",5'4,0,5-4,0,,129,Signed,1994-12-16,'94,1994-12-16,10,2,,10,PWHL Detroit,PWHL,23,0,1,D,,129,&nbsp;,5'4,0,,NA,Mellissa Channell-Watkins,https://assets.leaguestat.com/pwhl/240x240/129.jpg,NA,10
269,513,1,Vanessa,Upson,,,L,"Stoney Creek, ON",ON,Canada,"Stoney Creek,, ON","Stoney Creek,",ON,Canada,"Stoney Creek,, ON",,0,,0,,269,None,2003-11-18,'03,2003-11-18,10,2,,10,PWHL Detroit,PWHL,24,0,8,F,,269,&nbsp;,,0,,NA,Vanessa Upson,https://assets.leaguestat.com/pwhl/240x240/269.jpg,NA,10
376,664,1,Sena,Catterall,,,L,"Montréal, QC",,Canada,"Montréal, QC, Canada","Montréal, QC",,Canada,"Montréal, QC, ",5'5,,5-5,0,,376,Draftee,2001-11-25,'01,2001-11-25,10,2,,10,PWHL Detroit,PWHL,25,1,8,F,,376,*,5'5,,,NA,Sena Catterall,https://assets.leaguestat.com/pwhl/240x240/376.jpg,NA,10
404,695,1,Gabby,Jones,,,R,"Westfield, MA",,United States,"Westfield, MA, United States","Westfield, MA",,United States,"Westfield, MA, ",5'4,,5-4,0,,404,Camp Invitee,1999-09-30,'99,1999-09-30,10,2,,10,PWHL Detroit,PWHL,26,0,8,F,,404,&nbsp;,5'4,,,NA,Gabby Jones,https://lscluster.hockeytech.com/img/nophoto.png,NA,10
4,6,1,Shiann,Darkangelo,SHIGH-an  DAHRK-an-juh-loh,,L,"Brighton, MI",Michigan,,"Brighton, Michigan",Brighton,Michigan,United States,"Brighton, Michigan","5'11""",0,"5-11""",0,,4,Signed,1993-11-28,'93,1993-11-28,10,2,,10,PWHL Detroit,PWHL,27,0,8,F,,4,&nbsp;,"5'11""",0,,NA,Shiann Darkangelo,https://assets.leaguestat.com/pwhl/240x240/4.jpg,NA,10
305,549,1,Nina,Jobst-Smith,,,R,"North Vancouver, BC",,,"North Vancouver, British Columbia",North Vancouver,British Columbia,Canada,"North Vancouver, British Columbia",5'7,0,5-7,0,,305,Camp Invitee,2001-08-30,'01,2001-08-30,10,2,,10,PWHL Detroit,PWHL,28,0,1,D,,305,&nbsp;,5'7,0,,NA,Nina Jobst-Smith,https://assets.leaguestat.com/pwhl/240x240/305.jpg,NA,10
323,610,1,Alice,Philbert,,,R,"St-Bruno-de-Montarville, ",,,,,,,,"5'6""",,"5-6""",0,,323,Signed,1996-11-10,'96,1996-11-10,10,2,,10,PWHL Detroit,PWHL,32,0,7,G,,323,&nbsp;,"5'6""",,,NA,Alice Philbert,https://lscluster.hockeytech.com/img/nophoto.png,L,10
359,647,1,MK,O'Brien,,,L,"Wilbraham, MA",,United States,"Wilbraham, MA, United States","Wilbraham, MA",,United States,"Wilbraham, MA, ",5'4,,5-4,0,,359,Draftee,2002-08-22,'02,2002-08-22,10,2,,10,PWHL Detroit,PWHL,47,1,8,F,,359,*,5'4,,,NA,MK O'Brien,https://assets.leaguestat.com/pwhl/240x240/359.jpg,NA,10
279,523,1,Kira,Juodikis,,,R,"LaSalle, ON",ON,Canada,"LaSalle, Ontario",LaSalle,Ontario,Canada,"LaSalle, Ontario",5'11,0,5-11,0,,279,None,2003-05-24,'03,2003-05-24,10,2,,10,PWHL Detroit,PWHL,55,0,8,F,,279,&nbsp;,5'11,0,,NA,Kira Juodikis,https://lscluster.hockeytech.com/img/nophoto.png,NA,10
141,174,1,Akane,Shiga,,,R,"Obihiro/Hokkaido, Japan",,,,,,,,,,,0,,141,None,2001-03-03,'01,2001-03-03,10,2,,10,PWHL Detroit,PWHL,71,0,8,F,,141,&nbsp;,,,,NA,Akane Shiga,https://assets.leaguestat.com/pwhl/240x240/141.jpg,NA,10
189,385,1,Britta,Curl-Salemme,Britt—UH Curl Suh-LEMM-ee,,L,"Bismarck, ND",ND,,"Bismarck, North Dakota",Bismarck,North Dakota,United States,"Bismarck, North Dakota",5'9,0,5-9,0,,189,None,2000-03-20,'00,2000-03-20,10,2,,10,PWHL Detroit,PWHL,77,0,8,F,,189,&nbsp;,5'9,0,,NA,Britta Curl-Salemme,https://assets.leaguestat.com/pwhl/240x240/189.jpg,NA,10
426,716,1,Maeve,Carey,,,R,"Gloucester, MA",,Canada,"Gloucester, MA, Canada","Gloucester, MA",,Canada,"Gloucester, MA, ","5'4""",,"5-4""",0,,426,Camp Invitee,2003-04-28,'03,2003-04-28,11,2,,11,PWHL Hamilton,PWHL,2,0,1,D,,426,&nbsp;,"5'4""",,,NA,Maeve Carey,https://lscluster.hockeytech.com/img/nophoto.png,NA,10
52,54,1,Zoe,Boyd, ZOH-ee boy-d,,L,"Caledon East, ON",Ontario,,"Caledon East, Ontario",Caledon East,Ontario,Canada,"Caledon East, Ontario",5'8,0,5-8,0,,52,Signed,2000-08-09,'00,2000-08-09,11,2,,11,PWHL Hamilton,PWHL,3,0,5,LD,,52,&nbsp;,5'8,0,,NA,Zoe Boyd,https://assets.leaguestat.com/pwhl/240x240/52.jpg,NA,10
427,717,1,Payten,Evans,,,L,"Calgary, AB",,Canada,"Calgary, AB, Canada","Calgary, AB",,Canada,"Calgary, AB, ","5'10""",,"5-10""",0,,427,Camp Invitee,2004-05-29,'04,2004-05-29,11,2,,11,PWHL Hamilton,PWHL,4,0,1,D,,427,&nbsp;,"5'10""",,,NA,Payten Evans,https://lscluster.hockeytech.com/img/nophoto.png,NA,10
286,530,1,Peyton,Hemp,,,R,"Andover, MN",Minnesota,United States,"Andover, Minnesota",Andover,Minnesota,United States,"Andover, Minnesota",5'5,0,5-5,0,,286,Camp Invitee,2003-05-15,'03,2003-05-15,11,2,,11,PWHL Hamilton,PWHL,5,0,8,F,,286,&nbsp;,5'5,0,"Ottawa (PWHL) 2024 Round: 4 (#29), Ottawa (PWHL) 2024 Round: 4 (#29)","list(id = ""2151"", person_id = ""530"", draft_round = ""4"", draft_date = """", draft_year = ""2024"", draft_rank = ""29"", draft_team = ""Ottawa"", draft_team_id = ""0"", draft_league = """", junior_team = """", show_on_roster = ""0"", draft_mode = ""4"", lang_id = ""1"", draft_type_id = ""1"", draft_type = ""PWHL"", draft_status = """")",Peyton Hemp,https://assets.leaguestat.com/pwhl/240x240/286.jpg,NA,10
418,708,1,Kate,Ham,,,R,"Hingham, MA",,United States,"Hingham, MA, United States","Hingham, MA",,United States,"Hingham, MA, ","5'8""",,"5-8""",0,,418,Camp Invitee,2003-06-29,'03,2003-06-29,11,2,,11,PWHL Hamilton,PWHL,7,0,8,F,,418,&nbsp;,"5'8""",,,NA,Kate Ham,https://lscluster.hockeytech.com/img/nophoto.png,NA,10
355,643,1,Elyssa,Biederman,,,R,"Franklin, MI",,United States,"Franklin, MI, United States","Franklin, MI",,United States,"Franklin, MI, ",5'1,,5-1,0,,355,Draftee,2004-07-14,'04,2004-07-14,11,2,,11,PWHL Hamilton,PWHL,8,1,8,F,,355,*,5'1,,,NA,Elyssa Biederman,https://assets.leaguestat.com/pwhl/240x240/355.jpg,NA,10
332,619,1,Nelli,Laitinen,,,L,"Lohja, FIN",,Finland,"Lohja, FIN, Finland","Lohja, FIN",,Finland,"Lohja, FIN, ",5'7,,5-7,0,,332,None,2002-04-29,'02,2002-04-29,11,2,,11,PWHL Hamilton,PWHL,9,1,1,D,,332,*,5'7,,,NA,Nelli Laitinen,https://assets.leaguestat.com/pwhl/240x240/332.jpg,NA,10
45,47,1,Kayla,Vespa,kay-LUH veh-SPUH,,L,"Hamilton, ON",Ontario,,"Hamilton, Ontario",Hamilton,Ontario,Canada,"Hamilton, Ontario","5'2""",0,"5-2""",0,,45,Camp Invitee,1997-04-01,'97,1997-04-01,11,2,,11,PWHL Hamilton,PWHL,10,0,8,F,,45,&nbsp;,"5'2""",0,,NA,Kayla Vespa,https://assets.leaguestat.com/pwhl/240x240/45.jpg,NA,10
15,17,1,Alina,Müller,AH-lee-na MEW-LER,,L,"Winterthur, SWI",SWI,Switzerland,"Winterthur, Switzerland",Winterthur,,Switzerland,"Winterthur, ",5'5,0,5-5,0,,15,Signed,1998-03-12,'98,1998-03-12,11,2,,11,PWHL Hamilton,PWHL,11,0,4,C,,15,&nbsp;,5'5,0,,NA,Alina Müller,https://assets.leaguestat.com/pwhl/240x240/15.jpg,NA,10
255,499,1,Riley,Brengman,,,R,"China Township, MI",MI,United States,"China Township, Michigan",China Township,Michigan,United States,"China Township, Michigan",,0,,0,,255,Draftee,2002-07-06,'02,2002-07-06,11,2,,11,PWHL Hamilton,PWHL,13,0,6,RD,,255,&nbsp;,,0,,NA,Riley Brengman,https://assets.leaguestat.com/pwhl/240x240/255.jpg,NA,10
101,129,1,Alexa,Vasko,AH-lehks-UH VAHS-koh,,L,"St. Catharines, ON",Ontario,Canada,"St. Catharines, Ontario",St. Catharines,Ontario,Canada,"St. Catharines, Ontario",5'5,0,5-5,0,,101,Signed,1999-02-07,'99,1999-02-07,11,2,,11,PWHL Hamilton,PWHL,14,0,8,F,,101,&nbsp;,5'5,0,,NA,Alexa Vasko,https://assets.leaguestat.com/pwhl/240x240/101.jpg,NA,10
213,409,1,Anneke,Rankila,AH-nik-KUH REHN-kuh-lah,,R,"Lino Lakes, MN",MN,,"Lino Lakes, Minnesota",Lino Lakes,Minnesota,United States,"Lino Lakes, Minnesota",5'10,0,5-10,0,,213,Draftee,1999-11-10,'99,1999-11-10,11,2,,11,PWHL Hamilton,PWHL,15,0,8,F,,213,&nbsp;,5'10,0,,NA,Anneke Rankila,https://assets.leaguestat.com/pwhl/240x240/213.jpg,NA,10
428,718,1,Cristina,Cavaliere,,,R,"Mississauga, ON",,Canada,"Mississauga, ON, Canada","Mississauga, ON",,Canada,"Mississauga, ON, ","5'5""",,"5-5""",0,,428,Camp Invitee,2004-03-26,'04,2004-03-26,11,2,,11,PWHL Hamilton,PWHL,16,0,1,D,,428,&nbsp;,"5'5""",,,NA,Cristina Cavaliere,https://lscluster.hockeytech.com/img/nophoto.png,NA,10
58,60,1,Brianne,Jenner,BREE-an JEH-nuhr,,R,"Oakville, ON",Ontario,Canada,"Oakville, Ontario",Oakville,Ontario,Canada,"Oakville, Ontario",5'9,0,5-9,0,,58,Signed,1991-05-04,'91,1991-05-04,11,2,,11,PWHL Hamilton,PWHL,19,0,8,F,,58,&nbsp;,5'9,0,,NA,Brianne Jenner,https://assets.leaguestat.com/pwhl/240x240/58.jpg,NA,10
230,426,1,Allyson,Simpson,ah-lih-suhn SIHMP-suhn,,R,"Frisco, TX",TX,,"Frisco, Texas",Frisco,Texas,United States,"Frisco, Texas","5'8""",0,"5-8""",0,,230,None,2000-12-20,'00,2000-12-20,11,2,,11,PWHL Hamilton,PWHL,20,0,1,D,,230,&nbsp;,"5'8""",0,,NA,Allyson Simpson,https://assets.leaguestat.com/pwhl/240x240/230.jpg,NA,10
343,631,1,Jade,Iginla,,,R,"Lake Country, BC",,Canada,"Lake Country, BC, Canada","Lake Country, BC",,Canada,"Lake Country, BC, ",5'8,,5-8,0,,343,Draftee,2004-10-18,'04,2004-10-18,11,2,,11,PWHL Hamilton,PWHL,21,1,8,F,,343,*,5'8,,,NA,Jade Iginla,https://assets.leaguestat.com/pwhl/240x240/343.jpg,NA,10
423,713,1,Sara,Stewart,,,L,"Antigonish, NS",,Canada,"Antigonish, NS, Canada","Antigonish, NS",,Canada,"Antigonish, NS, ","5'3""",,"5-3""",0,,423,Camp Invitee,2004-08-07,'04,2004-08-07,11,2,,11,PWHL Hamilton,PWHL,22,0,8,F,,423,&nbsp;,"5'3""",,,NA,Sara Stewart,https://lscluster.hockeytech.com/img/nophoto.png,NA,10
257,501,1,Olivia,Muhn,,,R,"Burlington, ON",ON,Canada,"Burlington, Ontario",Burlington,Ontario,Canada,"Burlington, Ontario",,0,,0,,257,Camp Invitee,2003-06-25,'03,2003-06-25,11,2,,11,PWHL Hamilton,PWHL,23,0,6,RD,,257,&nbsp;,,0,,NA,Olivia Muhn,https://lscluster.hockeytech.com/img/nophoto.png,NA,10
424,714,1,Brooke,Campbell,,,L,"Essex, ON",,Canada,"Essex, ON, Canada","Essex, ON",,Canada,"Essex, ON, ","5'6""",,"5-6""",0,,424,Camp Invitee,2004-08-24,'04,2004-08-24,11,2,,11,PWHL Hamilton,PWHL,24,0,8,F,,424,&nbsp;,"5'6""",,,NA,Brooke Campbell,https://lscluster.hockeytech.com/img/nophoto.png,NA,10
53,55,1,Emily,Clark, EH-MIH-LEE KLAHRK,,L,"Saskatoon, SK",Saskatchewan,Canada,"Saskatoon, Saskatchewan",Saskatoon,Saskatchewan,Canada,"Saskatoon, Saskatchewan",5'7,0,5-7,0,,53,Signed,1995-11-28,'95,1995-11-28,11,2,,11,PWHL Hamilton,PWHL,26,0,8,F,,53,&nbsp;,5'7,0,,NA,Emily Clark,https://assets.leaguestat.com/pwhl/240x240/53.jpg,NA,10
48,50,1,Sandra,Abstreiter,,,L,"Freising, GER",GER,Germany,"Freising, Germany",Freising,,Germany,"Freising, ","5'11""",0,"5-11""",0,,48,None,1998-07-23,'98,1998-07-23,11,2,,11,PWHL Hamilton,PWHL,30,0,7,G,,48,&nbsp;,"5'11""",0,,NA,Sandra Abstreiter,https://assets.leaguestat.com/pwhl/240x240/48.jpg,L,10
193,389,1,Lucy,Morgan,,,,"Mandan, ND",ND,,"Mandan, North Dakota",Mandan,North Dakota,United States,"Mandan, North Dakota",5'7,0,5-7,0,,193,None,2001-08-18,'01,2001-08-18,11,2,,11,PWHL Hamilton,PWHL,32,0,7,G,,193,&nbsp;,5'7,0,,NA,Lucy Morgan,https://assets.leaguestat.com/pwhl/240x240/193.jpg,R,10
379,667,1,Emma-Sofie,Nordström,,,R,"Herning, DEN",,Denmark,"Herning, Denmark",Herning,,Denmark,"Herning, ",5'10,,5-10,0,,379,Draftee,2002-11-05,'02,2002-11-05,11,2,,11,PWHL Hamilton,PWHL,33,1,7,G,,379,*,5'10,,,NA,Emma-Sofie Nordström,https://assets.leaguestat.com/pwhl/240x240/379.jpg,L,10
425,715,1,Joelle,Fiala,,,R,"Clavet, SK",,Canada,"Clavet, SK, Canada","Clavet, SK",,Canada,"Clavet, SK, ","5'7""",,"5-7""",0,,425,Camp Invitee,2001-12-22,'01,2001-12-22,11,2,,11,PWHL Hamilton,PWHL,37,0,8,F,,425,&nbsp;,"5'7""",,,NA,Joelle Fiala,https://lscluster.hockeytech.com/img/nophoto.png,NA,10
253,496,1,Nicole,Gosling,,,L,"London, ON",,,"London, Ontario",London,Ontario,,"London, Ontario",5'6,0,5-6,0,,253,Signed,2002-04-21,'02,2002-04-21,11,2,,11,PWHL Hamilton,PWHL,61,0,1,D,,253,&nbsp;,5'6,0,,NA,Nicole Gosling,https://assets.leaguestat.com/pwhl/240x240/253.jpg,NA,10
200,396,1,Anna,Kjellbin,,,R,"Göteberg, SWE",SWE,Sweden,"Göteberg, Sweden",Göteberg,,Sweden,"Göteberg, ","5'7""",0,"5-7""",0,,200,None,1994-03-16,'94,1994-03-16,11,2,,11,PWHL Hamilton,PWHL,71,0,1,D,,200,&nbsp;,"5'7""",0,,NA,Anna Kjellbin,https://assets.leaguestat.com/pwhl/240x240/200.jpg,NA,10
247,487,1,Abby,Hustler,,,L,"St. Louis, PEI",,Canada,"St. Louis, Prince Edward Island",St. Louis,Prince Edward Island,Canada,"St. Louis, Prince Edward Island",5'9,0,5-9,0,,247,Signed,2003-05-05,'03,2003-05-05,11,2,,11,PWHL Hamilton,PWHL,74,0,8,F,,247,&nbsp;,5'9,0,,NA,Abby Hustler,https://assets.leaguestat.com/pwhl/240x240/247.jpg,NA,10
228,424,1,Kayle,Osborne,KAY-lee AWZ-born,,,"Westport, ON ",ON,,"Westport, Ontario",Westport,Ontario,Canada,"Westport, Ontario","5'8""",0,"5-8""",0,,228,None,2002-02-28,'02,2002-02-28,11,2,,11,PWHL Hamilton,PWHL,82,0,7,G,,228,&nbsp;,"5'8""",0,,NA,Kayle Osborne,https://assets.leaguestat.com/pwhl/240x240/228.jpg,L,10
367,655,1,Megan,Woodworth,,,L,"Berwick, NS",,Canada,"Berwick, NS, Canada","Berwick, NS",,Canada,"Berwick, NS, ",5'4,,5-4,0,,367,Draftee,2003-07-22,'03,2003-07-22,11,2,,11,PWHL Hamilton,PWHL,91,1,8,F,,367,*,5'4,,,NA,Megan Woodworth,https://assets.leaguestat.com/pwhl/240x240/367.jpg,NA,10
391,679,1,Mya,Vaslet,,,L,"Stittsville, ON",,Canada,"Stittsville, ON, Canada","Stittsville, ON",,Canada,"Stittsville, ON, ",5'9,,5-9,0,,391,Draftee,2003-04-06,'03,2003-04-06,11,2,,11,PWHL Hamilton,PWHL,92,1,8,F,,391,*,5'9,,,NA,Mya Vaslet,https://assets.leaguestat.com/pwhl/240x240/391.jpg,NA,10
239,478,1,Anna,Shokhina,,,L,"Novosinkovo, RUS",,Russia,"Novosinkovo, Russia",Novosinkovo,,Russia,"Novosinkovo, ",5'6,0,5-6,0,,239,Signed,1997-06-23,'97,1997-06-23,11,2,,11,PWHL Hamilton,PWHL,97,0,8,F,,239,&nbsp;,5'6,0,,NA,Anna Shokhina,https://assets.leaguestat.com/pwhl/240x240/239.jpg,NA,10
236,475,1,Kendall,Cooper,,,R,"Oakville, ON",,Canada,"Oakville, Ontario",Oakville,Ontario,Canada,"Oakville, Ontario","5'0""",0,"5-0""",0,,236,None,2002-05-19,'02,2002-05-19,12,2,,12,PWHL Las Vegas,PWHL,4,0,1,D,,236,&nbsp;,"5'0""",0,,NA,Kendall Cooper,https://assets.leaguestat.com/pwhl/240x240/236.jpg,NA,10
191,387,1,Katy,Knoll,,,R,"Amherst, NY",NY,,"Amherst, New York",Amherst,New York,United States,"Amherst, New York","5'7""",0,"5-7""",0,,191,Signed,2001-01-16,'01,2001-01-16,12,2,,12,PWHL Las Vegas,PWHL,6,0,8,F,,191,&nbsp;,"5'7""",0,,NA,Katy Knoll,https://assets.leaguestat.com/pwhl/240x240/191.jpg,NA,10
162,197,1,Madison,Bizal,,,L,"Elk River, MN",USA,,,,,,,,0,,0,,162,Camp Invitee,2000-01-25,'00,2000-01-25,12,2,,12,PWHL Las Vegas,PWHL,7,0,1,D,,162,&nbsp;,,0,,NA,Madison Bizal,https://assets.leaguestat.com/pwhl/240x240/162.jpg,NA,10
142,175,1,Natalie,Snodgrass,NAT-uh-lee SNAWD-grahs,,L,"Eagan, MN",,,"Eagan, Minnesota",Eagan,Minnesota,United States,"Eagan, Minnesota","5'6""",0,"5-6""",0,,142,Signed,1998-12-17,'98,1998-12-17,12,2,,12,PWHL Las Vegas,PWHL,9,0,8,F,,142,&nbsp;,"5'6""",0,,NA,Natalie Snodgrass,https://assets.leaguestat.com/pwhl/240x240/142.jpg,NA,10
448,738,1,Méghane,Duchesne-Chalifoux,,,L,"Montreal, QC",,Canada,"Montreal, QC, Canada","Montreal, QC",,Canada,"Montreal, QC, ","5'3""",,"5-3""",0,,448,Camp Invitee,2002-08-15,'02,2002-08-15,12,2,,12,PWHL Las Vegas,PWHL,10,1,1,D,,448,*,"5'3""",,,NA,Méghane Duchesne-Chalifoux,https://lscluster.hockeytech.com/img/nophoto.png,NA,10
354,642,1,Josefin,Bouveng,,,L,Uppsala,,Sweden,"Uppsala, Sweden",Uppsala,,Sweden,"Uppsala, ",5'9,,5-9,0,,354,Draftee,2001-05-15,'01,2001-05-15,12,2,,12,PWHL Las Vegas,PWHL,11,1,8,F,,354,*,5'9,,,NA,Josefin Bouveng,https://assets.leaguestat.com/pwhl/240x240/354.jpg,NA,10
188,384,1,Mae,Batherson,May BATH-ur-son,,L,"New Minas, NS",NS,,"New Minas , Nova Scotia",New Minas ,Nova Scotia,Canada,"New Minas , Nova Scotia",5'8,0,5-8,0,,188,Signed,2000-12-05,'00,2000-12-05,12,2,,12,PWHL Las Vegas,PWHL,12,0,1,D,,188,&nbsp;,5'8,0,,NA,Mae Batherson,https://assets.leaguestat.com/pwhl/240x240/188.jpg,NA,10
140,173,1,Malia,Schneider,,,R,"Millarville, AB",,,"Millarville, Alberta",Millarville,Alberta,Canada,"Millarville, Alberta","5'6""",0,"5-6""",0,,140,Camp Invitee,1998-10-03,'98,1998-10-03,12,2,,12,PWHL Las Vegas,PWHL,13,0,8,F,,140,&nbsp;,"5'6""",0,,NA,Malia Schneider,https://assets.leaguestat.com/pwhl/240x240/140.jpg,NA,10
297,541,1,Lily,Yovetich,,,R,"Ottawa, ON",ON,Canada,"Ottawa, ON",Ottawa,ON,Canada,"Ottawa, ON",,0,,0,,297,None,2001-08-02,'01,2001-08-02,12,2,,12,PWHL Las Vegas,PWHL,14,0,1,D,,297,&nbsp;,,0,,NA,Lily Yovetich,https://lscluster.hockeytech.com/img/nophoto.png,NA,10
306,550,1,Darcie,Lappan,,,L,"Kingston, ON",,,"Kingston, Ontario",Kingston,Ontario,Canada,"Kingston, Ontario",5'7,0,5-7,0,,306,Camp Invitee,2001-09-15,'01,2001-09-15,12,2,,12,PWHL Las Vegas,PWHL,15,0,8,F,,306,&nbsp;,5'7,0,,NA,Darcie Lappan,https://assets.leaguestat.com/pwhl/240x240/306.jpg,NA,10
61,63,1,Hayley,Scamurra,HAY-LEE SKUH-more-uh,,L,"Buffalo, NY",New York,,"Buffalo, New York",Buffalo,New York,United States,"Buffalo, New York","5'8""",0,"5-8""",0,,61,Signed,1994-12-14,'94,1994-12-14,12,2,,12,PWHL Las Vegas,PWHL,16,0,8,F,,61,&nbsp;,"5'8""",0,,NA,Hayley Scamurra,https://assets.leaguestat.com/pwhl/240x240/61.jpg,NA,10
374,662,1,Kendall,Butze,,,L,"Cleveland, OH",,United States,"Cleveland, OH, United States","Cleveland, OH",,United States,"Cleveland, OH, ",5'3,,5-3,0,,374,Draftee,2003-08-03,'03,2003-08-03,12,2,,12,PWHL Las Vegas,PWHL,17,1,1,D,,374,*,5'3,,,NA,Kendall Butze,https://assets.leaguestat.com/pwhl/240x240/374.jpg,NA,10
339,626,1,Issy,Wunder,,,R,"Toronto, ON",,Canada,"Toronto, ON, Canada","Toronto, ON",,Canada,"Toronto, ON, ",5'11,,5-11,0,,339,Draftee,2003-12-15,'03,2003-12-15,12,2,,12,PWHL Las Vegas,PWHL,18,1,8,F,,339,*,5'11,,,NA,Issy Wunder,https://assets.leaguestat.com/pwhl/240x240/339.jpg,NA,10
117,147,1,Abby,Cook,,,R,"Kelowna, BC",,,,,,,,,,,0,,117,None,1998-05-12,'98,1998-05-12,12,2,,12,PWHL Las Vegas,PWHL,19,0,1,D,,117,&nbsp;,,,,NA,Abby Cook,https://assets.leaguestat.com/pwhl/240x240/117.jpg,NA,10
98,126,1,Maureen,Murphy,,,R,"Buffalo, NY",New York,,"Buffalo, New York",Buffalo,New York,United States,"Buffalo, New York",5'4,0,5-4,0,,98,None,1999-12-15,'99,1999-12-15,12,2,,12,PWHL Las Vegas,PWHL,21,0,8,F,,98,&nbsp;,5'4,0,,NA,Maureen Murphy,https://assets.leaguestat.com/pwhl/240x240/98.jpg,NA,10
329,616,1,Tessa,Janecke,,,L,"Orangeville, IL",,,"Orangeville, IL, United States","Orangeville, IL",,United States,"Orangeville, IL, ",5'8,,5-8,0,,329,None,2004-05-12,'04,2004-05-12,12,2,,12,PWHL Las Vegas,PWHL,22,1,8,F,,329,*,5'8,,,NA,Tessa Janecke,https://assets.leaguestat.com/pwhl/240x240/329.jpg,NA,10
83,102,1,Erin,Ambrose,,,R,"Keswick, ON",Ontario,,"Keswick, Ontario",Keswick,Ontario,Canada,"Keswick, Ontario","5'5""",0,"5-5""",0,,83,None,1994-04-30,'94,1994-04-30,12,2,,12,PWHL Las Vegas,PWHL,23,0,1,D,,83,&nbsp;,"5'5""",0,,NA,Erin Ambrose,https://assets.leaguestat.com/pwhl/240x240/83.jpg,NA,10
378,666,1,Alexis,Petford,,,R,"Balgonie, SK",,Canada,"Balgonie, SK, Canada","Balgonie, SK",,Canada,"Balgonie, SK, ",5'5,,5-5,0,,378,Draftee,2004-02-12,'04,2004-02-12,12,2,,12,PWHL Las Vegas,PWHL,24,1,8,F,,378,*,5'5,,,NA,Alexis Petford,https://assets.leaguestat.com/pwhl/240x240/378.jpg,NA,10
208,404,1,Megan,Carter,MEH-gan CART-uhr,,L,"Milton, ON",ON,,"Milton, Ontario",Milton,Ontario,Canada,"Milton, Ontario",5'8,0,5-8,0,,208,Signed,2001-05-23,'01,2001-05-23,12,2,,12,PWHL Las Vegas,PWHL,27,0,1,D,,208,&nbsp;,5'8,0,,NA,Megan Carter,https://assets.leaguestat.com/pwhl/240x240/208.jpg,NA,10
22,24,1,Nicole,Hensley,NIHK-ohl HEHNZ-lee,,L,"Lakewood, CO",Colorado,,"Lakewood, Colorado",Lakewood,Colorado,United States,"Lakewood, Colorado",5'7,0,5-7,0,,22,None,1994-06-23,'94,1994-06-23,12,2,,12,PWHL Las Vegas,PWHL,29,0,7,G,,22,&nbsp;,5'7,0,,NA,Nicole Hensley,https://assets.leaguestat.com/pwhl/240x240/22.jpg,L,10
216,412,1,Logan,Angers, loh-gahn AN-guhrs,,,"Winnipeg, MB",MB,,"Winnipeg, Manitoba",Winnipeg,Manitoba,Canada,"Winnipeg, Manitoba",6'0,0,6-0,0,,216,Signed,2000-01-07,'00,2000-01-07,12,2,,12,PWHL Las Vegas,PWHL,35,0,7,G,,216,&nbsp;,6'0,0,,NA,Logan Angers,https://assets.leaguestat.com/pwhl/240x240/216.jpg,R,10
121,151,1,Lauren,Bench,,,R,"Eagan, MN",,,,,,,,,,,0,,121,None,1997-11-21,'97,1997-11-21,12,2,,12,PWHL Las Vegas,PWHL,37,0,7,G,,121,&nbsp;,,,,NA,Lauren Bench,https://assets.leaguestat.com/pwhl/240x240/121.jpg,L,10
292,536,1,Jada,Habisch,,,R,"Buffalo, MN",MN,United States,"Buffalo, Minn",Buffalo,Minn,United States,"Buffalo, Minn",,0,,0,,292,None,2002-06-25,'02,2002-06-25,12,2,,12,PWHL Las Vegas,PWHL,52,0,8,F,,292,&nbsp;,,0,,NA,Jada Habisch,https://assets.leaguestat.com/pwhl/240x240/292.jpg,NA,10
194,390,1,Kaitlyn,O'Donohoe,,,R,"Atlanta, GA",USA,,"Atlanta, Georgia",Atlanta,Georgia,United States,"Atlanta, Georgia",5'7,0,5-7,0,,194,None,2001-09-20,'01,2001-09-20,12,2,,12,PWHL Las Vegas,PWHL,61,0,8,F,,194,&nbsp;,5'7,0,,NA,Kaitlyn O'Donohoe,https://assets.leaguestat.com/pwhl/240x240/194.jpg,NA,10
331,618,1,Lacey,Eden,,,R,"Annapolis, MD",,United States,"Annapolis, MD, United States","Annapolis, MD",,United States,"Annapolis, MD, ",5'8,,5-8,0,,331,Draftee,2002-05-02,'02,2002-05-02,12,2,,12,PWHL Las Vegas,PWHL,67,1,8,F,,331,*,5'8,,,NA,Lacey Eden,https://assets.leaguestat.com/pwhl/240x240/331.jpg,NA,10
293,537,1,Sydney,Langseth,,,R,"Eden Prairie, MN",MN,United States,"Eden Prairie, Minnesota",Eden Prairie,Minnesota,United States,"Eden Prairie, Minnesota",,0,,0,,293,None,2002-01-29,'02,2002-01-29,12,2,,12,PWHL Las Vegas,PWHL,71,0,8,F,,293,&nbsp;,,0,,NA,Sydney Langseth,https://assets.leaguestat.com/pwhl/240x240/293.jpg,NA,10
273,517,1,Maya,Labad,,,L,"Mascouche, QC",QC,Canada,"Mascouche, Quebec",Mascouche,Quebec,Canada,"Mascouche, Quebec",5'7'',0,5-,0,,273,None,2002-05-07,'02,2002-05-07,12,2,,12,PWHL Las Vegas,PWHL,77,0,8,F,,273,&nbsp;,5'7'',0,,NA,Maya Labad,https://assets.leaguestat.com/pwhl/240x240/273.jpg,NA,10
366,654,1,Saskia,Maurer,,,,"Rothenbach im Emmental, S",,Switzerland,"Rothenbach im Emmental, Switzerland",Rothenbach im Emmental,,Switzerland,"Rothenbach im Emmental, ",5'5,,5-5,0,,366,Draftee,2001-07-29,'01,2001-07-29,12,2,,12,PWHL Las Vegas,PWHL,92,1,7,G,,366,*,5'5,,,NA,Saskia Maurer,https://assets.leaguestat.com/pwhl/240x240/366.jpg,L,10
390,678,1,Sydney,Healey,,,L,"Arthur, ON",,Canada,"Arthur, ON, Canada","Arthur, ON",,Canada,"Arthur, ON, ",5'7,,5-7,0,,390,Draftee,2004-09-06,'04,2004-09-06,12,2,,12,PWHL Las Vegas,PWHL,93,1,8,F,,390,*,5'7,,,NA,Sydney Healey,https://assets.leaguestat.com/pwhl/240x240/390.jpg,NA,10
444,734,1,Millie Rose,Sirum,,,L,"Oslo, NOR",,Norway,"Oslo, NOR, Norway","Oslo, NOR",,Norway,"Oslo, NOR, ",5'10,0,5-10,0,,444,None,2000-11-02,'00,2000-11-02,13,2,,13,PWHL San Jose,PWHL,0,0,8,F,,444,&nbsp;,5'10,0,,NA,Millie Rose Sirum,https://lscluster.hockeytech.com/img/nophoto.png,NA,10
99,127,1,Mariah,Keopple,,,L,"Menomonie, WI",Wisconsin,,"Menomonie, Wisconsin",Menomonie,Wisconsin,United States,"Menomonie, Wisconsin",5'9,0,5-9,0,,99,None,2000-06-27,'00,2000-06-27,13,2,,13,PWHL San Jose,PWHL,2,0,1,D,,99,&nbsp;,5'9,0,,NA,Mariah Keopple,https://assets.leaguestat.com/pwhl/240x240/99.jpg,NA,10
447,737,1,Megan,McKay,,,L,"Zionsville, IN",,United States,"Zionsville, IN, United States","Zionsville, IN",,United States,"Zionsville, IN, ",5'10,0,5-10,0,,447,None,2003-06-20,'03,2003-06-20,13,2,,13,PWHL San Jose,PWHL,3,0,1,D,,447,&nbsp;,5'10,0,,NA,Megan McKay,https://lscluster.hockeytech.com/img/nophoto.png,NA,10
242,481,1,Rory,Guilday,,,L,"Chanhassen, MN",,United States,"Chanhassen, Minnesota",Chanhassen,Minnesota,United States,"Chanhassen, Minnesota",5'11,0,5-11,0,,242,Signed,2002-09-07,'02,2002-09-07,13,2,,13,PWHL San Jose,PWHL,5,0,1,D,,242,&nbsp;,5'11,0,,NA,Rory Guilday,https://assets.leaguestat.com/pwhl/240x240/242.jpg,NA,10
440,730,1,Evelyne,Blais-Savoie,,,R,"San Jose, CA",,United States,"San Jose, CA, United States","San Jose, CA",,United States,"San Jose, CA, ",5'9,0,5-9,0,,440,None,2002-11-22,'02,2002-11-22,13,2,,13,PWHL San Jose,PWHL,6,0,8,F,,440,&nbsp;,5'9,0,,NA,Evelyne Blais-Savoie,https://lscluster.hockeytech.com/img/nophoto.png,NA,10
147,180,1,Savannah,Norcross,,,R,"Lynn, MA",,,"Lynn, Massachusetts",Lynn,Massachusetts,United States,"Lynn, Massachusetts",5'7,0,5-7,0,,147,Camp Invitee,2000-06-10,'00,2000-06-10,13,2,,13,PWHL San Jose,PWHL,7,0,8,F,,147,&nbsp;,5'7,0,,NA,Savannah Norcross,https://assets.leaguestat.com/pwhl/240x240/147.jpg,NA,10
267,511,1,Ava,Rinker,,,R,"Elverson, PA",PA,United States,"Elverson, PA",Elverson,PA,United States,"Elverson, PA",,0,,0,,267,None,2002-11-25,'02,2002-11-25,13,2,,13,PWHL San Jose,PWHL,8,0,1,D,,267,&nbsp;,,0,,NA,Ava Rinker,https://assets.leaguestat.com/pwhl/240x240/267.jpg,NA,10
442,732,1,Rhea,Hicks,,,R,"Brampton, ON",,Canada,"Brampton, ON, Canada","Brampton, ON",,Canada,"Brampton, ON, ",5'5,0,5-5,0,,442,None,2004-10-04,'04,2004-10-04,13,2,,13,PWHL San Jose,PWHL,9,0,8,F,,442,&nbsp;,5'5,0,,NA,Rhea Hicks,https://lscluster.hockeytech.com/img/nophoto.png,NA,10
330,617,1,Laila,Edwards,,,R,"Cleveland Heights, OH",,United States,"Cleveland Heights, OH, United States","Cleveland Heights, OH",,United States,"Cleveland Heights, OH, ",6'1,,6-1,0,,330,Draftee,2004-01-25,'04,2004-01-25,13,2,,13,PWHL San Jose,PWHL,10,1,1,D,,330,*,6'1,,,NA,Laila Edwards,https://assets.leaguestat.com/pwhl/240x240/330.jpg,NA,10
446,736,1,Katina,Duscio,,,R,"Kitchener, ON",,Canada,"Kitchener, ON, Canada","Kitchener, ON",,Canada,"Kitchener, ON, ",5'9,0,5-9,0,,446,None,2003-01-12,'03,2003-01-12,13,2,,13,PWHL San Jose,PWHL,11,0,1,D,,446,&nbsp;,5'9,0,,NA,Katina Duscio,https://lscluster.hockeytech.com/img/nophoto.png,NA,10
365,653,1,Lily,Shannon,,,R,"Andover, MA",,United States,"Andover, MA, United States","Andover, MA",,United States,"Andover, MA, ",5'10,,5-10,0,,365,None,2003-08-21,'03,2003-08-21,13,2,,13,PWHL San Jose,PWHL,12,1,8,F,,365,*,5'10,,,NA,Lily Shannon,https://assets.leaguestat.com/pwhl/240x240/365.jpg,NA,10
443,733,1,Justine,Reyes,,,R,"Chino Hills, CA",,United States,"Chino Hills, CA, United States","Chino Hills, CA",,United States,"Chino Hills, CA, ",5'7,0,5-7,0,,443,None,1997-02-14,'97,1997-02-14,13,2,,13,PWHL San Jose,PWHL,14,0,8,F,,443,&nbsp;,5'7,0,,NA,Justine Reyes,https://lscluster.hockeytech.com/img/nophoto.png,NA,10
91,119,1,Brooke,Bryant,BRUHK BRIGH-uhnt,,R,"Linden, CA",California,United States,"Linden, California",Linden,California,United States,"Linden, California",5'6,0,5-6,0,,91,Signed,2000-08-22,'00,2000-08-22,13,2,,13,PWHL San Jose,PWHL,17,0,8,F,,91,&nbsp;,5'6,0,,NA,Brooke Bryant,https://assets.leaguestat.com/pwhl/240x240/91.jpg,NA,10
54,56,1,Kristin,Della Rovere,,,R,"Caledon East, ON",Ontario,,"Caledon, Ontario",Caledon,Ontario,Canada,"Caledon, Ontario",,0,,0,,54,None,2000-11-30,'00,2000-11-30,13,2,,13,PWHL San Jose,PWHL,19,0,8,F,,54,&nbsp;,,0,,NA,Kristin Della Rovere,https://assets.leaguestat.com/pwhl/240x240/54.jpg,NA,10
341,629,1,Sloane,Matthews,,,R,"Wayzata, MN",,United States,"Wayzata, MN, United States","Wayzata, MN",,United States,"Wayzata, MN, ",5'6,,5-6,0,,341,Draftee,2004-07-18,'04,2004-07-18,13,2,,13,PWHL San Jose,PWHL,20,1,8,F,,341,*,5'6,,,NA,Sloane Matthews,https://assets.leaguestat.com/pwhl/240x240/341.jpg,NA,10
66,68,1,Maggie,Connors,MA-gee KAW-nuhrs,,L,"St. John's, NL",Newfoundland,,"St John's, Newfoundland",St John's,Newfoundland,Canada,"St John's, Newfoundland","5'6""",0,"5-6""",0,,66,Signed,2000-10-22,'00,2000-10-22,13,2,,13,PWHL San Jose,PWHL,22,0,8,F,,66,&nbsp;,"5'6""",0,,NA,Maggie Connors,https://assets.leaguestat.com/pwhl/240x240/66.jpg,NA,10
249,489,1,Anne,Cherkowski,,,R,"Coldstream, BC",,Canada,"Coldstream,, British Columbia","Coldstream,",British Columbia,Canada,"Coldstream,, British Columbia",5’6”,0,,0,,249,None,2002-07-06,'02,2002-07-06,13,2,,13,PWHL San Jose,PWHL,24,0,8,F,,249,&nbsp;,5’6”,0,,NA,Anne Cherkowski,https://assets.leaguestat.com/pwhl/240x240/249.jpg,NA,10
285,529,1,Maddi,Wheeler,,,L,"Erinsville, ON",ON,Canada,"Erinsville, Ontario",Erinsville,Ontario,Canada,"Erinsville, Ontario",5'4,0,5-4,0,,285,None,2002-10-10,'02,2002-10-10,13,2,,13,PWHL San Jose,PWHL,28,0,8,F,,285,&nbsp;,5'4,0,,NA,Maddi Wheeler,https://assets.leaguestat.com/pwhl/240x240/285.jpg,NA,10
155,188,1,Corinne,Schroeder,kohr-een SHROW-duhr,,R,"Elm Creek, MB",,,"Elm Creek, Manitoba",Elm Creek,Manitoba,Canada,"Elm Creek, Manitoba",5'11,0,5-11,0,,155,Signed,1999-08-17,'99,1999-08-17,13,2,,13,PWHL San Jose,PWHL,30,0,7,G,,155,&nbsp;,5'11,0,,NA,Corinne Schroeder,https://assets.leaguestat.com/pwhl/240x240/155.jpg,L,10
41,43,1,Abbey,Levy,AH-BEE LEE-vee,,L,"Congers, NY",New York,,"Congers, New York",Congers,New York,United States,"Congers, New York",6'1,0,6-1,0,,41,Signed,2000-04-02,'00,2000-04-02,13,2,,13,PWHL San Jose,PWHL,39,0,7,G,,41,&nbsp;,6'1,0,,NA,Abbey Levy,https://assets.leaguestat.com/pwhl/240x240/41.jpg,L,10
30,32,1,Kristin,O'Neill,,,L,"Oakville, ON",Ontario,,"Oakville, Ontario",Oakville,Ontario,Canada,"Oakville, Ontario","5'4""",0,"5-4""",0,,30,None,1998-03-30,'98,1998-03-30,13,2,,13,PWHL San Jose,PWHL,43,0,8,F,,30,&nbsp;,"5'4""",0,,NA,Kristin O'Neill,https://assets.leaguestat.com/pwhl/240x240/30.jpg,NA,10
185,381,1,Daniela,Pejšová,DAN-yehl-UH  pay-SHOH-vuh,,L,"Teplice, CZE",CZE,,"Teplice, Czechia",Teplice,,Czechia,"Teplice, ",5'8,0,5-8,0,,185,Signed,2002-08-14,'02,2002-08-14,13,2,,13,PWHL San Jose,PWHL,55,0,5,LD,,185,&nbsp;,5'8,0,,NA,Daniela Pejšová,https://assets.leaguestat.com/pwhl/240x240/185.jpg,NA,10
377,665,1,Mckenna,Van Gelder,,,R,"Etobicoke, ON",,Canada,"Etobicoke, ON, Canada","Etobicoke, ON",,Canada,"Etobicoke, ON, ",5'6,,5-6,0,,377,Draftee,2004-01-24,'04,2004-01-24,13,2,,13,PWHL San Jose,PWHL,76,1,8,F,,377,*,5'6,,,NA,Mckenna Van Gelder,https://assets.leaguestat.com/pwhl/240x240/377.jpg,NA,10
445,735,1,Stephanie,Bourque,,,L,"Moncton, NB",,Canada,"Moncton, NB, Canada","Moncton, NB",,Canada,"Moncton, NB, ",5'4,0,5-4,0,,445,None,2004-04-02,'04,2004-04-02,13,2,,13,PWHL San Jose,PWHL,77,0,1,D,,445,&nbsp;,5'4,0,,NA,Stephanie Bourque,https://lscluster.hockeytech.com/img/nophoto.png,NA,10
182,378,1,Hadley,Hartmetz,HAHD-lee HAHRT-mahtz,,R,"Phoenixville, PA",PA,,"Phoenixville, Pennsylvania",Phoenixville,Pennsylvania,United States,"Phoenixville, Pennsylvania",5'5,0,5-5,0,,182,Signed,2001-03-25,'01,2001-03-25,13,2,,13,PWHL San Jose,PWHL,78,0,6,RD,,182,&nbsp;,5'5,0,,NA,Hadley Hartmetz,https://assets.leaguestat.com/pwhl/240x240/182.jpg,NA,10
353,641,1,Tia,Chan,,,,"Hamilton, ON",,Canada,"Hamilton, ON, Canada","Hamilton, ON",,Canada,"Hamilton, ON, ",5'6,,5-6,0,,353,Draftee,2002-09-03,'02,2002-09-03,13,2,,13,PWHL San Jose,PWHL,88,1,7,G,,353,*,5'6,,,NA,Tia Chan,https://assets.leaguestat.com/pwhl/240x240/353.jpg,R,10
389,677,1,Reichen,Kirchmair,,,L,"Oakville, ON",,Canada,"Oakville, ON, Canada","Oakville, ON",,Canada,"Oakville, ON, ",5'8,0,5-8,0,,389,Draftee,2004-01-16,'04,2004-01-16,13,2,,13,PWHL San Jose,PWHL,91,1,8,F,,389,*,5'8,0,,NA,Reichen Kirchmair,https://assets.leaguestat.com/pwhl/240x240/389.jpg,NA,10
441,731,1,Kennedy,Bobyck,,,L,"Regina, SK",,Canada,"Regina, SK, Canada","Regina, SK",,Canada,"Regina, SK, ",5'1,0,5-1,0,,441,None,2001-02-14,'01,2001-02-14,13,2,,13,PWHL San Jose,PWHL,95,0,8,F,,441,&nbsp;,5'1,0,,NA,Kennedy Bobyck,https://lscluster.hockeytech.com/img/nophoto.png,NA,10
274,518,1,Natálie,Mlýnková,,,L,"Zlin, CZE",,Czechia,"Zlin, Czechia, Czechia",Zlin,Czechia,Czechia,"Zlin, Czechia",5'3'',0,5-,0,,274,None,2001-05-24,'01,2001-05-24,13,2,,13,PWHL San Jose,PWHL,96,0,8,F,,274,&nbsp;,5'3'',0,,NA,Natálie Mlýnková,https://assets.leaguestat.com/pwhl/240x240/274.jpg,NA,10
387,675,1,Gabriella,Durante,,,R,"Calgary, AB",,Canada,"Calgary, AB, Canada","Calgary, AB",,Canada,"Calgary, AB, ",5'11,,5-11,0,,387,Draftee,2001-01-20,'01,2001-01-20,8,2,,8,Seattle Torrent,PWHL,1,1,7,G,,387,*,5'11,,,NA,Gabriella Durante,https://assets.leaguestat.com/pwhl/240x240/387.jpg,L,10
62,64,1,Aneta,Tejralová,AH-neh-TAH TEH-ruh-low-VAH,,L,"Prague, CZE",CZE,,"Prague, Czechia",Prague,,Czechia,"Prague, ",5'5,0,5-5,0,,62,Signed,1996-01-04,'96,1996-01-04,8,2,,8,Seattle Torrent,PWHL,2,0,1,D,,62,&nbsp;,5'5,0,,NA,Aneta Tejralová,https://assets.leaguestat.com/pwhl/240x240/62.jpg,NA,10
203,399,1,Anna,Wilgren,,,L,"Hudson, WI",WI,,"Hudson, Wisconsin",Hudson,Wisconsin,United States,"Hudson, Wisconsin",5'8,0,5-8,0,,203,None,1999-11-10,'99,1999-11-10,8,2,,8,Seattle Torrent,PWHL,5,0,1,D,,203,&nbsp;,5'8,0,,NA,Anna Wilgren,https://assets.leaguestat.com/pwhl/240x240/203.jpg,NA,10
298,542,1,Emily,Zumwinkle,,,R,"Excelsior, MN",MN,United States,"Excelsior, MN",Excelsior,MN,United States,"Excelsior, MN",,0,,0,,298,None,2003-05-20,'03,2003-05-20,8,2,,8,Seattle Torrent,PWHL,6,0,1,D,,298,&nbsp;,,0,,NA,Emily Zumwinkle,https://assets.leaguestat.com/pwhl/240x240/298.jpg,NA,10
291,535,1,Lily,Delianedis,,,L,"Edina, MN",MN,United States,"Edina, Minnesota",Edina,Minnesota,United States,"Edina, Minnesota",,0,,0,,291,None,2001-10-07,'01,2001-10-07,8,2,,8,Seattle Torrent,PWHL,7,0,8,F,,291,&nbsp;,,0,,NA,Lily Delianedis,https://assets.leaguestat.com/pwhl/240x240/291.jpg,NA,10
156,191,1,Gabrielle,David,,,R,"Drummondville, QC",,,"Drummondville, Québec",Drummondville,Québec,Canada,"Drummondville, Québec",5'4,0,5-4,0,,156,None,1999-06-22,'99,1999-06-22,8,2,,8,Seattle Torrent,PWHL,8,0,8,F,,156,&nbsp;,5'4,0,,NA,Gabrielle David,https://assets.leaguestat.com/pwhl/240x240/156.jpg,NA,10
438,728,1,Chavonne,Truter,,,R,"Uxbridge, ON",,Canada,"Uxbridge, ON, Canada","Uxbridge, ON",,Canada,"Uxbridge, ON, ",5'11,0,5-11,0,,438,None,2002-02-27,'02,2002-02-27,8,2,,8,Seattle Torrent,PWHL,10,0,8,F,,438,&nbsp;,5'11,0,,NA,Chavonne Truter,https://lscluster.hockeytech.com/img/nophoto.png,NA,10
2,4,1,Emily,Brown,EHM-IHL-EE BROWN,,L,"Blaine, MN",Minnesota,,"Blaine, Minnesota",Blaine,Minnesota,United States,"Blaine, Minnesota",5'7,0,5-7,0,,2,Signed,1998-12-30,'98,1998-12-30,8,2,,8,Seattle Torrent,PWHL,11,0,1,D,,2,&nbsp;,5'7,0,,NA,Emily Brown,https://assets.leaguestat.com/pwhl/240x240/2.jpg,NA,10
351,639,1,Emerson,Jarvis,,,R,"Mundare, AB",,Canada,"Mundare, AB, Canada","Mundare, AB",,Canada,"Mundare, AB, ",5'4,,5-4,0,,351,Draftee,2004-10-13,'04,2004-10-13,8,2,,8,Seattle Torrent,PWHL,12,1,8,F,,351,*,5'4,,,NA,Emerson Jarvis,https://assets.leaguestat.com/pwhl/240x240/351.jpg,NA,10
138,171,1,Mikyla,Grant-Mentis,,,L,"Brampton, ON",,,"Brampton, Ontario",Brampton,Ontario,Canada,"Brampton, Ontario",5'6,0,5-6,0,,138,None,1998-07-15,'98,1998-07-15,8,2,,8,Seattle Torrent,PWHL,13,0,8,F,,138,&nbsp;,5'6,0,,NA,Mikyla Grant-Mentis,https://assets.leaguestat.com/pwhl/240x240/138.jpg,NA,10
146,179,1,Alexa,Gruschow,,,R,"Mechanicsburg, PA",,,,,,,,,0,,0,,146,Camp Invitee,1994-04-16,'94,1994-04-16,8,2,,8,Seattle Torrent,PWHL,16,0,8,F,,146,&nbsp;,,0,,NA,Alexa Gruschow,https://assets.leaguestat.com/pwhl/240x240/146.jpg,NA,10
384,672,1,Neena,Brick,,,R,"Regina, SK",,Canada,"Regina, SK, Canada","Regina, SK",,Canada,"Regina, SK, ","5'8""",,"5-8""",0,,384,Draftee,2003-11-20,'03,2003-11-20,8,2,,8,Seattle Torrent,PWHL,17,0,8,F,,384,&nbsp;,"5'8""",,,NA,Neena Brick,https://assets.leaguestat.com/pwhl/240x240/384.jpg,NA,10
328,615,1,Abbey,Murphy,,,R,"Evergreen Park, IL ",,United States,"Evergreen Park, IL, United States","Evergreen Park, IL",,United States,"Evergreen Park, IL, ",5'5,,5-5,0,,328,Draftee,2002-04-14,'02,2002-04-14,8,2,,8,Seattle Torrent,PWHL,18,1,8,F,,328,*,5'5,,,NA,Abbey Murphy,https://assets.leaguestat.com/pwhl/240x240/328.jpg,NA,10
294,538,1,Lyndie,Lobdell,,,R,"Aurora, IL",IL,United States,"Aurora, IL",Aurora,IL,United States,"Aurora, IL",,0,,0,,294,None,2002-09-01,'02,2002-09-01,8,2,,8,Seattle Torrent,PWHL,24,0,1,D,,294,&nbsp;,,0,,NA,Lyndie Lobdell,https://assets.leaguestat.com/pwhl/240x240/294.jpg,NA,10
34,36,1,Alex,Carpenter,AL-ehx KAHR-pehn-tuhr,,L,"North Reading, MA",Massachusetts,,"North Reading, Massachusetts",North Reading,Massachusetts,United States,"North Reading, Massachusetts","5'7""",0,"5-7""",0,,34,Signed,1994-04-13,'94,1994-04-13,8,2,,8,Seattle Torrent,PWHL,25,0,8,F,,34,&nbsp;,"5'7""",0,,NA,Alex Carpenter,https://assets.leaguestat.com/pwhl/240x240/34.jpg,NA,10
363,651,1,Grace,Elliott,,,L,"Cloverdale, BC",,Canada,"Cloverdale, BC, Canada","Cloverdale, BC",,Canada,"Cloverdale, BC, ",6'2,,6-2,0,,363,Draftee,2003-06-19,'03,2003-06-19,8,2,,8,Seattle Torrent,PWHL,26,1,8,F,,363,*,6'2,,,NA,Grace Elliott,https://assets.leaguestat.com/pwhl/240x240/363.jpg,NA,10
214,410,1,Noemi,Neubauerová,NOH-weh-may NOY-bah-weh-roh-VUH,,R,"Prague, CZE",CZE,,"Prague, Czechia",Prague,,Czechia,"Prague, ","5'8""",0,"5-8""",0,,214,Draftee,1999-12-15,'99,1999-12-15,8,2,,8,Seattle Torrent,PWHL,28,0,1,D,,214,&nbsp;,"5'8""",0,,NA,Noemi Neubauerová,https://assets.leaguestat.com/pwhl/240x240/214.jpg,NA,10
340,627,1,Sydney,Morrow,,,R,"Darien, CT",,United States,"Darien, CT, United States","Darien, CT",,United States,"Darien, CT, ",5'7,,5-7,0,,340,Draftee,2004-04-12,'04,2004-04-12,8,2,,8,Seattle Torrent,PWHL,32,1,1,D,,340,*,5'7,,,NA,Sydney Morrow,https://assets.leaguestat.com/pwhl/240x240/340.jpg,NA,10
17,19,1,Theresa,Schafzahl,TUH-reh-zuh SHAWF-zahl,,L,"Weiz, AUT",AUT,,"Weiz, Austria",Weiz,,Austria,"Weiz, ",5'8,0,5-8,0,,17,Signed,2000-04-12,'00,2000-04-12,8,2,,8,Seattle Torrent,PWHL,37,0,3,LW,,17,&nbsp;,5'8,0,,NA,Theresa Schafzahl,https://assets.leaguestat.com/pwhl/240x240/17.jpg,NA,10
324,611,1,Emma,Nuutinen,,,L,"Vantaa, FIN",,,,,,,,"5'10""",,"5-10""",0,,324,Signed,1996-12-07,'96,1996-12-07,8,2,,8,Seattle Torrent,PWHL,61,0,2,RW,,324,&nbsp;,"5'10""",,,NA,Emma Nuutinen,https://lscluster.hockeytech.com/img/nophoto.png,NA,10
295,539,1,Marah,Wagner,,,L,"Seattle, WA",WA,United States,"Seattle, WA",Seattle,WA,United States,"Seattle, WA",,0,,0,,295,None,2000-10-19,'00,2000-10-19,8,2,,8,Seattle Torrent,PWHL,66,0,8,F,,295,&nbsp;,,0,,NA,Marah Wagner,https://assets.leaguestat.com/pwhl/240x240/295.jpg,NA,10
134,167,1,Carly,Jackson,CAR-lee JAK-sun,,R,"Amherst, NS",,,"Amherst, Nova Scotia",Amherst,Nova Scotia,Canada,"Amherst, Nova Scotia","5'5""",0,"5-5""",0,,134,Signed,1997-06-23,'97,1997-06-23,8,2,,8,Seattle Torrent,PWHL,70,0,7,G,,134,&nbsp;,"5'5""",0,,NA,Carly Jackson,https://assets.leaguestat.com/pwhl/240x240/134.jpg,L,10
439,729,1,Julia,Minotti,,,L,"Laval, QC",,Canada,"Laval, QC, Canada","Laval, QC",,Canada,"Laval, QC, ",5'8,0,5-8,0,,439,None,2002-02-18,'02,2002-02-18,8,2,,8,Seattle Torrent,PWHL,73,0,7,G,,439,&nbsp;,5'8,0,,NA,Julia Minotti,https://lscluster.hockeytech.com/img/nophoto.png,L,10
375,663,1,Gracie,Gilkyson,,,L,"Calgary, AB",,Canada,"Calgary, AB, Canada","Calgary, AB",,Canada,"Calgary, AB, ",5'7,,5-7,0,,375,Draftee,2003-03-04,'03,2003-03-04,8,2,,8,Seattle Torrent,PWHL,77,1,1,D,,375,*,5'7,,,NA,Gracie Gilkyson,https://assets.leaguestat.com/pwhl/240x240/375.jpg,NA,10
49,51,1,Lexie,Adzija,LEHKS-ee ah-JEE-uh,,L,"St. Thomas, ON",Ontario,Canada,"St. Thomas, Ontario",St. Thomas,Ontario,Canada,"St. Thomas, Ontario","5'10""",0,"5-10""",0,,49,Signed,2000-06-30,'00,2000-06-30,8,2,,8,Seattle Torrent,PWHL,78,0,8,F,,49,&nbsp;,"5'10""",0,"Ottawa (PWHL) 2023 Round: 11 (#65), Ottawa (PWHL) 2023 Round: 11 (#65)","list(id = ""295"", person_id = ""51"", draft_round = ""11"", draft_date = """", draft_year = ""2023"", draft_rank = ""65"", draft_team = ""Ottawa"", draft_team_id = ""0"", draft_league = """", junior_team = """", show_on_roster = ""1"", draft_mode = ""4"", lang_id = ""1"", draft_type_id = ""1"", draft_type = ""PWHL"", draft_status = """")",Lexie Adzija,https://assets.leaguestat.com/pwhl/240x240/49.jpg,NA,10
250,490,1,Hannah,Murphy,,,R,"Kingston, ON",ON,Canada,"Kingston, ON",Kingston,ON,Canada,"Kingston, ON",5'10,0,5-10,0,,250,Signed,2003-08-03,'03,2003-08-03,8,2,,8,Seattle Torrent,PWHL,83,0,7,G,,250,&nbsp;,5'10,0,,NA,Hannah Murphy,https://assets.leaguestat.com/pwhl/240x240/250.jpg,L,10
210,406,1,Julia,Gosling,JOO-lee-uh GAWZ-lihng,,L,"London, ON",ON,,"London, Ontario",London,Ontario,Canada,"London, Ontario","5'10""",0,"5-10""",0,,210,Signed,2001-02-21,'01,2001-02-21,8,2,,8,Seattle Torrent,PWHL,88,0,8,F,,210,&nbsp;,"5'10""",0,,NA,Julia Gosling,https://assets.leaguestat.com/pwhl/240x240/210.jpg,NA,10
224,420,1,Danielle,Serdachny,DAN-yehl suhr-DAK-nee,,R,"Edmonton, AB",AB,,"Edmonton, Alberta",Edmonton,Alberta,Canada,"Edmonton, Alberta","5'9""",0,"5-9""",0,,224,Signed,2001-05-12,'01,2001-05-12,8,2,,8,Seattle Torrent,PWHL,92,0,8,F,,224,&nbsp;,"5'9""",0,,NA,Danielle Serdachny,https://assets.leaguestat.com/pwhl/240x240/224.jpg,NA,10
211,407,1,Raygan,Kirk,ray-GEHN kurk,,,"Ste. Anne, MB",MB,,"Ste. Anne, Manitoba",Ste. Anne,Manitoba,Canada,"Ste. Anne, Manitoba",5'8,0,5-8,0,,211,Signed,2001-03-11,'01,2001-03-11,6,2,,6,Toronto Sceptres,PWHL,1,0,7,G,,211,&nbsp;,5'8,0,,NA,Raygan Kirk,https://assets.leaguestat.com/pwhl/240x240/211.jpg,L,10
132,165,1,Jessica,Kondas,JEH-sih-KUH KAWN-duhs,,R,"Calgary, AB",,,"Calgary, Alberta",Calgary,Alberta,Canada,"Calgary, Alberta","5'9""",0,"5-9""",0,,132,Camp Invitee,2000-01-03,'00,2000-01-03,6,2,,6,Toronto Sceptres,PWHL,2,0,1,D,,132,&nbsp;,"5'9""",0,,NA,Jessica Kondas,https://assets.leaguestat.com/pwhl/240x240/132.jpg,NA,10
68,70,1,Kali,Flanagan,KAH-lee FLAN-uh-gehn,,R,"Burlington, MA",,,"Burlington, Massachussetts",Burlington,Massachussetts,United States,"Burlington, Massachussetts","5'4""",0,"5-4""",0,,68,Signed,1995-09-19,'95,1995-09-19,6,2,,6,Toronto Sceptres,PWHL,6,0,1,D,,68,&nbsp;,"5'4""",0,,NA,Kali Flanagan,https://assets.leaguestat.com/pwhl/240x240/68.jpg,NA,10
369,657,1,Jane,Kuehl,,,R,"Edina, MN",,United States,"Edina, MN, United States","Edina, MN",,United States,"Edina, MN, ",5'6,,5-6,0,,369,Draftee,2003-10-18,'03,2003-10-18,6,2,,6,Toronto Sceptres,PWHL,7,1,8,F,,369,*,5'6,,,NA,Jane Kuehl,https://assets.leaguestat.com/pwhl/240x240/369.jpg,NA,10
345,633,1,Jamie,Nelson,,,L,"Andover, MN",,United States,"Andover, MN, United States","Andover, MN",,United States,"Andover, MN, ",5'8,,5-8,0,,345,Draftee,2002-06-13,'02,2002-06-13,6,2,,6,Toronto Sceptres,PWHL,9,1,8,F,,345,*,5'8,,,NA,Jamie Nelson,https://assets.leaguestat.com/pwhl/240x240/345.jpg,NA,10
311,555,1,Hanna,Baskin,,,L,"Minnetonka, MN",,,"Minnetonka, Minnesota",Minnetonka,Minnesota,United States,"Minnetonka, Minnesota",,0,,0,,311,None,2003-07-10,'03,2003-07-10,6,2,,6,Toronto Sceptres,PWHL,10,0,1,D,,311,&nbsp;,,0,,NA,Hanna Baskin,https://assets.leaguestat.com/pwhl/240x240/311.jpg,NA,10
317,561,1,Kiara,Zanon,,,L,"Fairport, NY",,,"Fairport, New York",Fairport,New York,United States,"Fairport, New York",,0,,0,,317,None,2002-08-22,'02,2002-08-22,6,2,,6,Toronto Sceptres,PWHL,11,0,8,F,,317,&nbsp;,,0,,NA,Kiara Zanon,https://assets.leaguestat.com/pwhl/240x240/317.jpg,NA,10
74,76,1,Allie,Munroe,AH-lee MUHN-roh,,L,"Yarmouth, NS",Nova Scotia,,"Yarmouth, Nova Scotia",Yarmouth,Nova Scotia,Canada,"Yarmouth, Nova Scotia","5'6""",0,"5-6""",0,,74,Signed,1997-04-20,'97,1997-04-20,6,2,,6,Toronto Sceptres,PWHL,12,0,1,D,,74,&nbsp;,"5'6""",0,,NA,Allie Munroe,https://assets.leaguestat.com/pwhl/240x240/74.jpg,NA,10
432,722,1,Lotti,Odnoga,,,L,Gyõr,,Hungary,"Gyõr, Hungary",Gyõr,,Hungary,"Gyõr, ","5'9""",,"5-9""",0,,432,Camp Invitee,1999-01-19,'99,1999-01-19,6,2,,6,Toronto Sceptres,PWHL,13,0,1,D,,432,&nbsp;,"5'9""",,,NA,Lotti Odnoga,https://lscluster.hockeytech.com/img/nophoto.png,NA,10
67,69,1,Renata,Fast,REH-NAH-tuh FAST,,R,"Burlington, ON",Ontario,,"Burlington, Ontario",Burlington,Ontario,Canada,"Burlington, Ontario","5'7""",0,"5-7""",0,,67,Signed,1994-10-06,'94,1994-10-06,6,2,,6,Toronto Sceptres,PWHL,14,0,1,D,,67,&nbsp;,"5'7""",0,,NA,Renata Fast,https://assets.leaguestat.com/pwhl/240x240/67.jpg,NA,10
429,719,1,Jessymaude,Drapeau,,,L,"Rivière-du-Loup, QC",,Canada,"Rivière-du-Loup, QC, Canada","Rivière-du-Loup, QC",,Canada,"Rivière-du-Loup, QC, ","5'6""",,"5-6""",0,,429,Camp Invitee,2000-08-02,'00,2000-08-02,6,2,,6,Toronto Sceptres,PWHL,15,0,8,F,,429,&nbsp;,"5'6""",,,NA,Jessymaude Drapeau,https://lscluster.hockeytech.com/img/nophoto.png,NA,10
315,559,1,Lauren,Messier,,,L,"Burlington, ON",,,"Burlington, Ontario",Burlington,Ontario,Canada,"Burlington, Ontario",,0,,0,,315,None,2003-07-03,'03,2003-07-03,6,2,,6,Toronto Sceptres,PWHL,16,0,8,F,,315,&nbsp;,,0,,NA,Lauren Messier,https://assets.leaguestat.com/pwhl/240x240/315.jpg,NA,10
44,46,1,Ella,Shelton,EH-LUH SHEHL-tuhn,,L,"Ingersoll, ON",Ontario,,"Ingersoll, Ontario",Ingersoll,Ontario,Canada,"Ingersoll, Ontario","5'8""",0,"5-8""",0,,44,Signed,1998-01-19,'98,1998-01-19,6,2,,6,Toronto Sceptres,PWHL,17,0,1,D,,44,&nbsp;,"5'8""",0,,NA,Ella Shelton,https://assets.leaguestat.com/pwhl/240x240/44.jpg,NA,10
313,557,1,Sara,Hjalmarsson,,,L,"Bankeryd, SWE",,,"Bankeryd, Sweden",Bankeryd,,Sweden,"Bankeryd, ",,0,,0,,313,None,1998-02-08,'98,1998-02-08,6,2,,6,Toronto Sceptres,PWHL,19,0,8,F,,313,&nbsp;,,0,,NA,Sara Hjalmarsson,https://assets.leaguestat.com/pwhl/240x240/313.jpg,NA,10
244,484,1,Emma,Gentry,,,L,"Alpena, MI",,United States,"Alpena, Michigan",Alpena,Michigan,United States,"Alpena, Michigan",5'11,0,5-11,0,,244,Signed,2002-10-23,'02,2002-10-23,6,2,,6,Toronto Sceptres,PWHL,20,0,8,F,,244,&nbsp;,5'11,0,,NA,Emma Gentry,https://assets.leaguestat.com/pwhl/240x240/244.jpg,NA,10
393,681,1,Alyssa,Regalado,,,L,"Mississauga, ON",,Canada,"Mississauga, ON, Canada","Mississauga, ON",,Canada,"Mississauga, ON, ",5'7,,5-7,0,,393,Draftee,2004-01-03,'04,2004-01-03,6,2,,6,Toronto Sceptres,PWHL,21,1,1,D,,393,*,5'7,,,NA,Alyssa Regalado,https://assets.leaguestat.com/pwhl/240x240/393.jpg,NA,10
433,723,1,Gabrielle,De Serres,,,R,"Mont-Royal, QC",,Canada,"Mont-Royal, QC, Canada","Mont-Royal, QC",,Canada,"Mont-Royal, QC, ","5'8""",,"5-8""",0,,433,Camp Invitee,1998-01-29,'98,1998-01-29,6,2,,6,Toronto Sceptres,PWHL,23,0,1,D,,433,&nbsp;,"5'8""",,,NA,Gabrielle De Serres,https://lscluster.hockeytech.com/img/nophoto.png,NA,10
100,128,1,Natalie,Spooner,NAH-TAH-LEE SPOO-NER,,R,"Scarborough, ON",Ontario,,"Scarborough, Ontario",Scarborough,Ontario,Canada,"Scarborough, Ontario",5'10,0,5-10,0,,100,Signed,1990-10-17,'90,1990-10-17,6,2,,6,Toronto Sceptres,PWHL,24,0,8,F,,100,&nbsp;,5'10,0,,NA,Natalie Spooner,https://assets.leaguestat.com/pwhl/240x240/100.jpg,NA,10
316,560,1,Clara,Van Wieren,,,L,"Okemos, MI",,,"Okemos, Michigan",Okemos,Michigan,United States,"Okemos, Michigan",,0,,0,,316,None,2002-01-25,'02,2002-01-25,6,2,,6,Toronto Sceptres,PWHL,25,0,8,F,,316,&nbsp;,,0,,NA,Clara Van Wieren,https://assets.leaguestat.com/pwhl/240x240/316.jpg,NA,10
430,720,1,Mathea,Fischer,,,R,Oslo,,Norway,"Oslo, Norway",Oslo,,Norway,"Oslo, ","5'7""",,"5-7""",0,,430,Camp Invitee,1997-10-08,'97,1997-10-08,6,2,,6,Toronto Sceptres,PWHL,26,0,8,F,,430,&nbsp;,"5'7""",,,NA,Mathea Fischer,https://lscluster.hockeytech.com/img/nophoto.png,NA,10
334,621,1,Kirsten,Simms,,,R,"Plymouth, MI",,United States,"Plymouth, MI, United States","Plymouth, MI",,United States,"Plymouth, MI, ",5'6,,5-6,0,,334,Draftee,2004-08-31,'04,2004-08-31,6,2,,6,Toronto Sceptres,PWHL,27,1,8,F,,334,*,5'6,,,NA,Kirsten Simms,https://assets.leaguestat.com/pwhl/240x240/334.jpg,NA,10
357,645,1,Brooke,Disher,,,L,"Fort St. John, BC",,Canada,"Fort St. John, BC, Canada","Fort St. John, BC",,Canada,"Fort St. John, BC, ",5'8,,5-8,0,,357,Draftee,2004-07-14,'04,2004-07-14,6,2,,6,Toronto Sceptres,PWHL,28,1,1,D,,357,*,5'8,,,NA,Brooke Disher,https://assets.leaguestat.com/pwhl/240x240/357.jpg,NA,10
325,612,1,Grace,Campbell,,,R,"Kensington, MD",,,,,,,,"5'7""",,"5-7""",0,,325,Signed,2003-04-15,'03,2003-04-15,6,2,,6,Toronto Sceptres,PWHL,31,0,7,G,,325,&nbsp;,"5'7""",,,NA,Grace Campbell,https://lscluster.hockeytech.com/img/nophoto.png,L,10
434,724,1,Calli,Hogarth,,,R,"Barrie, ON",,Canada,"Barrie, ON, Canada","Barrie, ON",,Canada,"Barrie, ON, ","6'0""",,"6-0""",0,,434,Camp Invitee,2004-05-17,'04,2004-05-17,6,2,,6,Toronto Sceptres,PWHL,41,0,7,G,,434,&nbsp;,"6'0""",,,NA,Calli Hogarth,https://lscluster.hockeytech.com/img/nophoto.png,L,10
26,28,1,Claire,Dalton,,,R,"Toronto, ON",Ontario,,"Toronto, Ontario",Toronto,Ontario,Canada,"Toronto, Ontario","5'9""",0,"5-9""",0,,26,None,2000-03-20,'00,2000-03-20,6,2,,6,Toronto Sceptres,PWHL,42,0,8,F,,26,&nbsp;,"5'9""",0,,NA,Claire Dalton,https://assets.leaguestat.com/pwhl/240x240/26.jpg,NA,10
16,18,1,Jamie Lee,Rattray,JAY-mee LEE RAH-tray,,L,"Kanata, ON",Ontario,,"Kanata, Ontario",Kanata,Ontario,Canada,"Kanata, Ontario",5'6,0,5-6,0,,16,Signed,1992-09-30,'92,1992-09-30,6,2,,6,Toronto Sceptres,PWHL,47,0,2,RW,,16,&nbsp;,5'6,0,,NA,Jamie Lee Rattray,https://assets.leaguestat.com/pwhl/240x240/16.jpg,NA,10
86,105,1,Emma,Woods,EH-muh WUDZ,,R,"Burford, ON",Ontario,,"Burford, Ontario",Burford,Ontario,Canada,"Burford, Ontario","5'7""",0,"5-7""",0,,86,Signed,1995-12-18,'95,1995-12-18,6,2,,6,Toronto Sceptres,PWHL,67,0,8,F,,86,&nbsp;,"5'7""",0,,NA,Emma Woods,https://assets.leaguestat.com/pwhl/240x240/86.jpg,NA,10
431,721,1,Michelle,Löwenhielm,,,L,Sollentuna,,Sweden,"Sollentuna, Sweden",Sollentuna,,Sweden,"Sollentuna, ","5'8""",,"5-8""",0,,431,Camp Invitee,1995-03-22,'95,1995-03-22,6,2,,6,Toronto Sceptres,PWHL,90,0,8,F,,431,&nbsp;,"5'8""",,,NA,Michelle Löwenhielm,https://lscluster.hockeytech.com/img/nophoto.png,NA,10
314,558,1,Jessie,McPherson,,,L,"Chatham, ON",,,"Chatham, Ontario",Chatham,Ontario,Canada,"Chatham, Ontario",,0,,0,,314,None,2002-12-20,'02,2002-12-20,6,2,,6,Toronto Sceptres,PWHL,91,0,7,G,,314,&nbsp;,,0,,NA,Jessie McPherson,https://assets.leaguestat.com/pwhl/240x240/314.jpg,L,10
437,727,1,Meadow,Carman,,,L,"Barton, NS",,Canada,"Barton, NS, Canada","Barton, NS",,Canada,"Barton, NS, ",5'10,0,5-10,0,,437,None,2000-10-05,'00,2000-10-05,9,2,,9,Vancouver Goldeneyes,PWHL,0,0,1,D,,437,&nbsp;,5'10,0,,NA,Meadow Carman,https://lscluster.hockeytech.com/img/nophoto.png,NA,10
327,614,1,KK,Harvey,,,L,"Pelham, NH",,,"Pelham, New Hampshire",Pelham,New Hampshire,United States,"Pelham, New Hampshire",5'8,,5-8,0,,327,Draftee,2002-10-14,'02,2002-10-14,9,2,,9,Vancouver Goldeneyes,PWHL,4,1,1,D,,327,*,5'8,,,NA,KK Harvey,https://assets.leaguestat.com/pwhl/240x240/327.jpg,NA,10
310,554,1,Madison,Samoskevich,,,L,"Sandy Hook, CT",,,"Sandy Hook, Connecticut",Sandy Hook,Connecticut,United States,"Sandy Hook, Connecticut",5'5,0,5-5,0,,310,Signed,2002-11-15,'02,2002-11-15,9,2,,9,Vancouver Goldeneyes,PWHL,7,0,8,F,,310,&nbsp;,5'5,0,,NA,Madison Samoskevich,https://assets.leaguestat.com/pwhl/240x240/310.jpg,NA,10
209,405,1,Izzy,Daniel,IH-zee DAN-yuhl,,R,"Minneapolis, MN",MN,,"Minneapolis, Minnesota",Minneapolis,Minnesota,United States,"Minneapolis, Minnesota","5'5""",0,"5-5""",0,,209,Signed,2000-09-29,'00,2000-09-29,9,2,,9,Vancouver Goldeneyes,PWHL,8,0,8,F,,209,&nbsp;,"5'5""",0,,NA,Izzy Daniel,https://assets.leaguestat.com/pwhl/240x240/209.jpg,NA,10
397,685,1,Laura,Fuoco,,,L,"Mississauga, ON",,Canada,"Mississauga, ON, Canada","Mississauga, ON",,Canada,"Mississauga, ON, ","5'11""",,"5-11""",0,,397,Signed,2003-04-16,'03,2003-04-16,9,2,,9,Vancouver Goldeneyes,PWHL,9,0,8,F,,397,&nbsp;,"5'11""",,,NA,Laura Fuoco,https://lscluster.hockeytech.com/img/nophoto.png,NA,10
436,726,1,Julia,Nearis,,,R,"Beverly, MA",,United States,"Beverly, MA, United States","Beverly, MA",,United States,"Beverly, MA, ",5'9,0,5-9,0,,436,None,1999-07-31,'99,1999-07-31,9,2,,9,Vancouver Goldeneyes,PWHL,10,0,8,F,,436,&nbsp;,5'9,0,,NA,Julia Nearis,https://lscluster.hockeytech.com/img/nophoto.png,NA,10
198,394,1,Jenn,Gardiner,,,L,"Surrey, BC",BC,,"Surrey, British Columbia",Surrey,British Columbia,Canada,"Surrey, British Columbia",5'6,0,5-6,0,,198,Camp Invitee,2001-09-18,'01,2001-09-18,9,2,,9,Vancouver Goldeneyes,PWHL,12,0,8,F,,198,&nbsp;,5'6,0,,NA,Jenn Gardiner,https://assets.leaguestat.com/pwhl/240x240/198.jpg,NA,10
161,196,1,Tereza,Vanišová, TAH-ree-zuh VAH-nee-soh-VUH,,L,"Strakonice, CZE",CZE,,"Strakonice, Czechia, Czechia",Strakonice,Czechia,Czechia,"Strakonice, Czechia",5'7,0,5-7,0,,161,Signed,1996-01-30,'96,1996-01-30,9,2,,9,Vancouver Goldeneyes,PWHL,13,0,8,F,,161,&nbsp;,5'7,0,,NA,Tereza Vanišová,https://assets.leaguestat.com/pwhl/240x240/161.jpg,NA,10
386,674,1,Ashley,Messier,,,R,"Wilcox, SK",,Canada,"Wilcox, SK, Canada","Wilcox, SK",,Canada,"Wilcox, SK, ",5'3,0,5-3,0,,386,None,2002-03-27,'02,2002-03-27,9,2,,9,Vancouver Goldeneyes,PWHL,14,1,1,D,,386,*,5'3,0,,NA,Ashley Messier,https://assets.leaguestat.com/pwhl/240x240/386.jpg,NA,10
227,423,1,Gabby,Rosenthal,GAH-bee ROW-zehn-thahl,,R,"Blaine, MN",MN,,"Blaine , Minnesota",Blaine ,Minnesota,United States,"Blaine , Minnesota",5'7,0,5-7,0,,227,Camp Invitee,1999-09-13,'99,1999-09-13,9,2,,9,Vancouver Goldeneyes,PWHL,15,0,8,F,,227,&nbsp;,5'7,0,,NA,Gabby Rosenthal,https://assets.leaguestat.com/pwhl/240x240/227.jpg,NA,10
11,13,1,Sophie,Jaques,SOH-fee JAYKS,,R,"Toronto, ON",Ontario,,"Toronto, Ontario",Toronto,Ontario,Canada,"Toronto, Ontario",5'8,0,5-8,0,,11,Camp Invitee,2000-10-16,'00,2000-10-16,9,2,,9,Vancouver Goldeneyes,PWHL,16,0,1,D,,11,&nbsp;,5'8,0,,NA,Sophie Jaques,https://assets.leaguestat.com/pwhl/240x240/11.jpg,NA,10
131,164,1,Olivia,Knowles,UH-lihv-ee-uh NOHLZ  ,,R,"Campbell River, BC",,,"Campbell River, British Columbia",Campbell River,British Columbia,Canada,"Campbell River, British Columbia",5'9,0,5-9,0,,131,Camp Invitee,1999-01-24,'99,1999-01-24,9,2,,9,Vancouver Goldeneyes,PWHL,18,0,1,D,,131,&nbsp;,5'9,0,,NA,Olivia Knowles,https://assets.leaguestat.com/pwhl/240x240/131.jpg,NA,10
220,416,1,Mannon,McMahon,MA-nuhn mihk-MAN,,R,"Maple Grove, MN",MN,,"Maple Grove, Minnesota",Maple Grove,Minnesota,United States,"Maple Grove, Minnesota",5'7,0,5-7,0,,220,Draftee,2001-07-29,'01,2001-07-29,9,2,,9,Vancouver Goldeneyes,PWHL,19,0,8,F,,220,&nbsp;,5'7,0,,NA,Mannon McMahon,https://assets.leaguestat.com/pwhl/240x240/220.jpg,NA,10
75,77,1,Sarah,Nurse,SAIR-uh NUHRS,,L,"Hamilton, ON",Ontario,,"Hamilton, Ontario",Hamilton,Ontario,Canada,"Hamilton, Ontario",5'7,0,5-7,0,,75,Signed,1995-01-04,'95,1995-01-04,9,2,,9,Vancouver Goldeneyes,PWHL,20,0,8,F,,75,&nbsp;,5'7,0,,NA,Sarah Nurse,https://assets.leaguestat.com/pwhl/240x240/75.jpg,NA,10
50,52,1,Ashton,Bell,ASH-tuhn BEHL,,R,"Deloraine, MB",Manitoba,,"Deloraine, MB, Manitoba","Deloraine, MB",Manitoba,Canada,"Deloraine, MB, Manitoba","5'9""",0,"5-9""",0,,50,Signed,1999-12-07,'99,1999-12-07,9,2,,9,Vancouver Goldeneyes,PWHL,21,0,1,D,,50,&nbsp;,"5'9""",0,,NA,Ashton Bell,https://assets.leaguestat.com/pwhl/240x240/50.jpg,NA,10
114,144,1,Abby,Boreen,,,R,"Somerset, WI",WI,,"Somerset, Wisconsin",Somerset,Wisconsin,United States,"Somerset, Wisconsin",5'8,0,5-8,0,,114,Camp Invitee,2000-04-03,'00,2000-04-03,9,2,,9,Vancouver Goldeneyes,PWHL,22,0,8,F,,114,&nbsp;,5'8,0,,NA,Abby Boreen,https://assets.leaguestat.com/pwhl/240x240/114.jpg,NA,10
342,630,1,Thea,Johansson,,,L,"Ljungby, SWE",,Sweden,"Ljungby, Sweden",Ljungby,,Sweden,"Ljungby, ",5'7,,5-7,0,,342,Draftee,2002-11-22,'02,2002-11-22,9,2,,9,Vancouver Goldeneyes,PWHL,23,1,8,F,,342,*,5'7,,,NA,Thea Johansson,https://assets.leaguestat.com/pwhl/240x240/342.jpg,NA,10
89,108,1,Hannah,Miller,HAN-uh MIH-luhr,,L,"North Vancouver, BC ",British Columbia,,"North Vancouver, British Columbia",North Vancouver,British Columbia,Canada,"North Vancouver, British Columbia",5'9,0,5-9,0,,89,Signed,1996-02-16,'96,1996-02-16,9,2,,9,Vancouver Goldeneyes,PWHL,34,0,8,F,,89,&nbsp;,5'9,0,,NA,Hannah Miller,https://assets.leaguestat.com/pwhl/240x240/89.jpg,NA,10
309,553,1,Kimberly,Newell,,,L,"Burnaby, BC",,,"Burnaby, British Columbia",Burnaby,British Columbia,Canada,"Burnaby, British Columbia",5'9,0,5-9,0,,309,Camp Invitee,1995-10-04,'95,1995-10-04,9,2,,9,Vancouver Goldeneyes,PWHL,35,0,7,G,,309,&nbsp;,5'9,0,,NA,Kimberly Newell,https://assets.leaguestat.com/pwhl/240x240/309.jpg,L,10
362,650,1,Katie,Desa,,,,"Pawcatuck, CT",,United States,"Pawcatuck, CT, United States","Pawcatuck, CT",,United States,"Pawcatuck, CT, ",5'8,0,5-8,0,,362,Draftee,2004-01-21,'04,2004-01-21,9,2,,9,Vancouver Goldeneyes,PWHL,37,0,7,G,,362,&nbsp;,5'8,0,,NA,Katie Desa,https://assets.leaguestat.com/pwhl/240x240/362.jpg,L,10
59,61,1,Emerance,Maschmeyer,EH-muhr-ehns MASH-my-uhr,,L,"Bruderheim, AB",Alberta,,"Bruderheim, Alberta",Bruderheim,Alberta,Canada,"Bruderheim, Alberta",5'6,0,5-6,0,,59,Signed,1994-10-05,'94,1994-10-05,9,2,,9,Vancouver Goldeneyes,PWHL,38,0,7,G,,59,&nbsp;,5'6,0,,NA,Emerance Maschmeyer,https://assets.leaguestat.com/pwhl/240x240/59.jpg,L,10
350,638,1,Jules,Constantinople,,,L,"East Haven, CT",,United States,"East Haven, CT, United States","East Haven, CT",,United States,"East Haven, CT, ",5'5,,5-5,0,,350,Draftee,2003-07-03,'03,2003-07-03,9,2,,9,Vancouver Goldeneyes,PWHL,41,1,1,D,,350,*,5'5,,,NA,Jules Constantinople,https://assets.leaguestat.com/pwhl/240x240/350.jpg,NA,10
233,465,1,Alexie,Guay,,,L,,,,,,,,,,,,0,,233,Reserve,2001-01-08,'01,2001-01-08,9,2,,9,Vancouver Goldeneyes,PWHL,42,0,1,D,,233,&nbsp;,,,,NA,Alexie Guay,https://lscluster.hockeytech.com/img/nophoto.png,NA,10
301,545,1,Katie,Chan,,,L,"Richmond, BC",,,"Richmond, British Columbia",Richmond,British Columbia,Canada,"Richmond, British Columbia",5'2,0,5-2,0,,301,Camp Invitee,2003-01-05,'03,2003-01-05,9,2,,9,Vancouver Goldeneyes,PWHL,49,0,8,F,,301,&nbsp;,5'2,0,,NA,Katie Chan,https://assets.leaguestat.com/pwhl/240x240/301.jpg,NA,10
64,66,1,Kristen,Campbell,KRIHS-tehn CAM-behl,,L,"Brandon, MB",Manitoba,,"Brandon, Manitoba",Brandon,Manitoba,Canada,"Brandon, Manitoba",5'10,0,5-10,0,,64,Signed,1997-11-30,'97,1997-11-30,9,2,,9,Vancouver Goldeneyes,PWHL,50,0,7,G,,64,&nbsp;,5'10,0,,NA,Kristen Campbell,https://assets.leaguestat.com/pwhl/240x240/64.jpg,L,10
248,488,1,Anna,Segedi,,,L,"Commerce Township, MI",,United States,"Commerce Township , Michigan",Commerce Township ,Michigan,United States,"Commerce Township , Michigan",5'5,0,5-5,0,,248,Signed,2000-12-20,'00,2000-12-20,9,2,,9,Vancouver Goldeneyes,PWHL,51,0,8,F,,248,&nbsp;,5'5,0,,NA,Anna Segedi,https://assets.leaguestat.com/pwhl/240x240/248.jpg,NA,10
299,543,1,Chanreet,Bassi,,,R,"Kelowna, BC",,,"Kelowna, BC, British Columbia","Kelowna, BC",British Columbia,Canada,"Kelowna, BC, British Columbia",5'7,0,5-7,0,,299,Camp Invitee,2001-11-27,'01,2001-11-27,9,2,,9,Vancouver Goldeneyes,PWHL,92,0,8,F,,299,&nbsp;,5'7,0,,NA,Chanreet Bassi,https://assets.leaguestat.com/pwhl/240x240/299.jpg,NA,10
82,101,1,Dominika,Lásková,,,R,"Prague, CZE",CZE,Czechia,"Prague, Czechia",Prague,,Czechia,"Prague, ",5'6,0,5-6,0,,82,None,1996-12-20,'96,1996-12-20,9,2,,9,Vancouver Goldeneyes,PWHL,96,0,1,D,,82,&nbsp;,5'6,0,,NA,Dominika Lásková,https://assets.leaguestat.com/pwhl/240x240/82.jpg,NA,10
