player_id,media_id,is_primary,url,thumb,title,width,height,uploaded
1,721,1,https://lscluster.hockeytech.com/player-media/pwhl/78dc9e0b720c2891c634d89eb85277c0.jpg,https://lscluster.hockeytech.com/player-media/pwhl/78dc9e0b720c2891c634d89eb85277c0.jpg,BOS_Brandt_20,400,600,2025-11-27 19:44:43
1,514,0,https://lscluster.hockeytech.com/player-media/pwhl/8b77adc3004fefa92ca0e32a363b2908.jpg,https://lscluster.hockeytech.com/player-media/pwhl/8b77adc3004fefa92ca0e32a363b2908.jpg,BOS_Brandt_20,800,1200,2025-11-26 20:52:37
1,439,0,https://lscluster.hockeytech.com/player-media/pwhl/7dd145196e6d3e8e7a5a87fa9ffb273d.jpg,https://lscluster.hockeytech.com/player-media/pwhl/7dd145196e6d3e8e7a5a87fa9ffb273d.jpg,Brandt,960,1200,2025-01-21 14:17:02
1,81,0,https://lscluster.hockeytech.com/player-media/pwhl/188c4e4d89db6cd32519c727d1ba7220.jpg,https://lscluster.hockeytech.com/player-media/pwhl/188c4e4d89db6cd32519c727d1ba7220.jpg,Brandt_Hannah,1992,2988,2023-11-25 20:37:39
10,89,1,https://lscluster.hockeytech.com/player-media/pwhl/358bf0219614f3517bfd53588ecc911e.jpg,https://lscluster.hockeytech.com/player-media/pwhl/358bf0219614f3517bfd53588ecc911e.jpg,Healy_Jess,1992,2988,2023-11-25 20:41:27
100,582,1,https://lscluster.hockeytech.com/player-media/pwhl/e8619793c6de0081442c9ee7aecb9fb7.jpg,https://lscluster.hockeytech.com/player-media/pwhl/e8619793c6de0081442c9ee7aecb9fb7.jpg,TOR_Spooner_24,400,600,2025-11-27 17:22:02
100,499,0,https://lscluster.hockeytech.com/player-media/pwhl/d7de8cd7f1216fa8a694f4c6e96f26d9.jpg,https://lscluster.hockeytech.com/player-media/pwhl/d7de8cd7f1216fa8a694f4c6e96f26d9.jpg,Spooner_Natalie_TOR,1000,1250,2025-11-22 16:35:13
100,431,0,https://lscluster.hockeytech.com/player-media/pwhl/41003f035bc68a765f3a8e0dc8494e54.jpg,https://lscluster.hockeytech.com/player-media/pwhl/41003f035bc68a765f3a8e0dc8494e54.jpg,Natalie_Spooner_PWHL_Sceptres_0160,3114,4668,2024-12-03 02:42:58
100,185,0,https://lscluster.hockeytech.com/player-media/pwhl/2b7aecf0f969a466c5f767a3f46f4e91.jpg,https://lscluster.hockeytech.com/player-media/pwhl/2b7aecf0f969a466c5f767a3f46f4e91.jpg,"Spooner, Natalie-2",1366,2048,2023-11-30 11:33:56
101,637,1,https://lscluster.hockeytech.com/player-media/pwhl/ec31fceb0cce5cda83462d9289d666eb.jpg,https://lscluster.hockeytech.com/player-media/pwhl/ec31fceb0cce5cda83462d9289d666eb.jpg,OTT_Vasko,400,600,2025-11-27 18:21:30
101,414,0,https://lscluster.hockeytech.com/player-media/pwhl/2e1bd093faf718ef0b8ce1582aa72e23.jpg,https://lscluster.hockeytech.com/player-media/pwhl/2e1bd093faf718ef0b8ce1582aa72e23.jpg,Vasko,1463,2048,2024-12-03 02:28:59
101,186,0,https://lscluster.hockeytech.com/player-media/pwhl/9916db6718b3e74662fecf76e0e265a8.jpg,https://lscluster.hockeytech.com/player-media/pwhl/9916db6718b3e74662fecf76e0e265a8.jpg,"Vasko,Alexa-2",1366,2048,2023-11-30 11:34:58
102,700,1,https://lscluster.hockeytech.com/player-media/pwhl/a94682e1134d2cb4394f4315daf27481.jpg,https://lscluster.hockeytech.com/player-media/pwhl/a94682e1134d2cb4394f4315daf27481.jpg,MIN_Butorac_7,400,600,2025-11-27 19:29:03
102,307,0,https://lscluster.hockeytech.com/player-media/pwhl/9213b9a910936b315844f01585dea19f.jpg,https://lscluster.hockeytech.com/player-media/pwhl/9213b9a910936b315844f01585dea19f.jpg,Butorac,1463,2048,2024-11-29 15:24:31
102,202,0,https://lscluster.hockeytech.com/player-media/pwhl/b69c559a6fa1dcac1f2af87e1e742273.jpg,https://lscluster.hockeytech.com/player-media/pwhl/b69c559a6fa1dcac1f2af87e1e742273.jpg,Claire Butorac 39081-2,1365,2048,2023-11-30 23:08:18
103,203,1,https://lscluster.hockeytech.com/player-media/pwhl/f0c4052bb797c7897ffe80863aef4209.jpg,https://lscluster.hockeytech.com/player-media/pwhl/f0c4052bb797c7897ffe80863aef4209.jpg,Sophia Kunin 39075-2,1365,2048,2023-12-02 16:28:38
104,710,1,https://lscluster.hockeytech.com/player-media/pwhl/b3728d9979c8b577deb917ad837796e2.jpg,https://lscluster.hockeytech.com/player-media/pwhl/b3728d9979c8b577deb917ad837796e2.jpg,MIN_Kr╠îi╠üz╠îova╠ü_41,400,600,2025-11-27 19:31:04
104,318,0,https://lscluster.hockeytech.com/player-media/pwhl/923ac721843648b637278b5ea4b17197.jpg,https://lscluster.hockeytech.com/player-media/pwhl/923ac721843648b637278b5ea4b17197.jpg,Křížová,1365,2048,2024-11-29 15:28:17
104,204,0,https://lscluster.hockeytech.com/player-media/pwhl/05a151cf831340eb9ab7a143a94c7689.jpg,https://lscluster.hockeytech.com/player-media/pwhl/05a151cf831340eb9ab7a143a94c7689.jpg,Denisa Krizova 39061-2,1365,2048,2023-12-02 16:32:04
105,205,1,https://lscluster.hockeytech.com/player-media/pwhl/c3390963322a063874ad102294f2faff.jpg,https://lscluster.hockeytech.com/player-media/pwhl/c3390963322a063874ad102294f2faff.jpg,Brittyn Fleming 39059-2,1365,2048,2023-12-02 16:34:14
106,206,1,https://lscluster.hockeytech.com/player-media/pwhl/d9c936676cfcbbf5b7cddbf36ccc762f.jpg,https://lscluster.hockeytech.com/player-media/pwhl/d9c936676cfcbbf5b7cddbf36ccc762f.jpg,Brand_McKenna,3200,4000,2023-12-04 12:23:09
107,207,1,https://lscluster.hockeytech.com/player-media/pwhl/1cc14bf492ce05471d0976759d79ff09.jpg,https://lscluster.hockeytech.com/player-media/pwhl/1cc14bf492ce05471d0976759d79ff09.jpg,Davis_Sammy,3200,4000,2023-12-04 12:25:14
108,623,1,https://lscluster.hockeytech.com/player-media/pwhl/84671b3db6a052ce169fe3e579f298fd.jpg,https://lscluster.hockeytech.com/player-media/pwhl/84671b3db6a052ce169fe3e579f298fd.jpg,OTT_Isbell,400,600,2025-11-27 18:17:13
108,404,0,https://lscluster.hockeytech.com/player-media/pwhl/a8df098931613f2d57a94f856f7b4b0f.jpg,https://lscluster.hockeytech.com/player-media/pwhl/a8df098931613f2d57a94f856f7b4b0f.jpg,Isbell,1463,2048,2024-12-03 02:22:29
108,208,0,https://lscluster.hockeytech.com/player-media/pwhl/192aa58ed967cfc8e017195cd3bf4c68.jpg,https://lscluster.hockeytech.com/player-media/pwhl/192aa58ed967cfc8e017195cd3bf4c68.jpg,Isbell_Sam,3200,4000,2023-12-04 12:26:51
109,209,1,https://lscluster.hockeytech.com/player-media/pwhl/a6b58fcc087625eb33ab316d9ff02325.jpg,https://lscluster.hockeytech.com/player-media/pwhl/a6b58fcc087625eb33ab316d9ff02325.jpg,Marvin_Gigi,3200,4000,2023-12-04 12:28:26
11,548,1,https://lscluster.hockeytech.com/player-media/pwhl/01eed5928da6f7dc074077c9a1e670e1.jpg,https://lscluster.hockeytech.com/player-media/pwhl/01eed5928da6f7dc074077c9a1e670e1.jpg,VAN_Jaques_16,400,600,2025-11-27 16:09:09
11,316,0,https://lscluster.hockeytech.com/player-media/pwhl/66a17908a22e1a6142124c665d7c8501.jpg,https://lscluster.hockeytech.com/player-media/pwhl/66a17908a22e1a6142124c665d7c8501.jpg,Jaques,1463,2048,2024-11-29 15:27:36
11,90,0,https://lscluster.hockeytech.com/player-media/pwhl/6aa20100081af0f9f47ba0e93462cf51.jpg,https://lscluster.hockeytech.com/player-media/pwhl/6aa20100081af0f9f47ba0e93462cf51.jpg,Jaques_Sophie,1992,2988,2023-11-25 20:41:47
110,295,1,https://lscluster.hockeytech.com/player-media/pwhl/41f1bcfdf2101d7a35a57a4ad557a745.jpg,https://lscluster.hockeytech.com/player-media/pwhl/41f1bcfdf2101d7a35a57a4ad557a745.jpg,Pelkey1,1894,2367,2024-11-28 04:01:31
110,210,0,https://lscluster.hockeytech.com/player-media/pwhl/73e572e98fde1e00ac1401a837a3aae7.jpg,https://lscluster.hockeytech.com/player-media/pwhl/73e572e98fde1e00ac1401a837a3aae7.jpg,Pelkey_Amanda,3200,4000,2023-12-04 12:29:42
111,211,1,https://lscluster.hockeytech.com/player-media/pwhl/cd9f674c9ebb7f58f76456c43d435fd7.jpg,https://lscluster.hockeytech.com/player-media/pwhl/cd9f674c9ebb7f58f76456c43d435fd7.jpg,Wenczkowski_Taylor,3200,4000,2023-12-04 12:31:12
112,212,1,https://lscluster.hockeytech.com/player-media/pwhl/2432b31af8c9c03c27b588056f2e4f30.jpg,https://lscluster.hockeytech.com/player-media/pwhl/2432b31af8c9c03c27b588056f2e4f30.jpg,MacInnis_Lauren,3200,4000,2023-12-04 12:32:24
114,540,1,https://lscluster.hockeytech.com/player-media/pwhl/054649becf64370e935d0895a451b008.jpg,https://lscluster.hockeytech.com/player-media/pwhl/054649becf64370e935d0895a451b008.jpg,VAN_Boreen_22,400,600,2025-11-27 16:05:19
114,356,0,https://lscluster.hockeytech.com/player-media/pwhl/77968b0379298d59c849b669efa27eef.jpg,https://lscluster.hockeytech.com/player-media/pwhl/77968b0379298d59c849b669efa27eef.jpg,BorrenAbigail_3376,3178,4767,2024-12-02 11:23:43
114,213,0,https://lscluster.hockeytech.com/player-media/pwhl/5e1fca2402621c72bf4c92acd18fcf3c.jpg,https://lscluster.hockeytech.com/player-media/pwhl/5e1fca2402621c72bf4c92acd18fcf3c.jpg,Abby Boreen 39056-2,1365,2048,2023-12-04 14:02:17
115,543,1,https://lscluster.hockeytech.com/player-media/pwhl/fe715e304c15773b0c0631ccea2656c5.jpg,https://lscluster.hockeytech.com/player-media/pwhl/fe715e304c15773b0c0631ccea2656c5.jpg,VAN_Cava_86,400,600,2025-11-27 16:07:17
115,308,0,https://lscluster.hockeytech.com/player-media/pwhl/501d08dba72d2ae727d389bd920a4b39.jpg,https://lscluster.hockeytech.com/player-media/pwhl/501d08dba72d2ae727d389bd920a4b39.jpg,Cava,1463,2048,2024-11-29 15:24:50
115,214,0,https://lscluster.hockeytech.com/player-media/pwhl/71d0a21057f926453ef99a608e7f5ce0.jpg,https://lscluster.hockeytech.com/player-media/pwhl/71d0a21057f926453ef99a608e7f5ce0.jpg,Michela Cava 39071-2,1365,2048,2023-12-04 14:04:46
116,567,1,https://lscluster.hockeytech.com/player-media/pwhl/8d5ba4ed3e459d683e930a6f6a4d54a4.jpg,https://lscluster.hockeytech.com/player-media/pwhl/8d5ba4ed3e459d683e930a6f6a4d54a4.jpg,TOR_DeGeorge_8,400,600,2025-11-27 17:16:29
116,484,0,https://lscluster.hockeytech.com/player-media/pwhl/b428ab85630611cb7a58aa2aba882331.jpg,https://lscluster.hockeytech.com/player-media/pwhl/b428ab85630611cb7a58aa2aba882331.jpg,DeGeorge_Clair_TOR,1000,1250,2025-11-22 16:17:18
116,362,0,https://lscluster.hockeytech.com/player-media/pwhl/7676fa29924ba0188653f548d1a6bcd0.jpg,https://lscluster.hockeytech.com/player-media/pwhl/7676fa29924ba0188653f548d1a6bcd0.jpg,DeGeorgeClair_0588,3338,5007,2024-12-02 11:25:42
118,547,1,https://lscluster.hockeytech.com/player-media/pwhl/555aa0c8569e0dd51eb5df601b6a9db2.jpg,https://lscluster.hockeytech.com/player-media/pwhl/555aa0c8569e0dd51eb5df601b6a9db2.jpg,VAN_Greco_25,400,600,2025-11-27 16:08:52
118,285,0,https://lscluster.hockeytech.com/player-media/pwhl/5baa17557eecd8be54909d19ed02901f.jpg,https://lscluster.hockeytech.com/player-media/pwhl/5baa17557eecd8be54909d19ed02901f.jpg,Greco,3310,4138,2024-11-28 03:55:28
118,217,0,https://lscluster.hockeytech.com/player-media/pwhl/6ec5320c65982a16aa3de055d27ee4f9.jpg,https://lscluster.hockeytech.com/player-media/pwhl/6ec5320c65982a16aa3de055d27ee4f9.jpg,Emma Greco 39079-2,1365,2048,2023-12-04 14:11:59
119,218,1,https://lscluster.hockeytech.com/player-media/pwhl/b83a5831920985819c47568ac70a185e.jpg,https://lscluster.hockeytech.com/player-media/pwhl/b83a5831920985819c47568ac70a185e.jpg,Dominique Kremer 39080-2,1365,2048,2023-12-04 14:14:46
12,727,1,https://lscluster.hockeytech.com/player-media/pwhl/004c47922f6cb6df4e2dce6ad16f966d.jpg,https://lscluster.hockeytech.com/player-media/pwhl/004c47922f6cb6df4e2dce6ad16f966d.jpg,BOS_Keller_5,400,600,2025-11-27 19:45:45
12,519,0,https://lscluster.hockeytech.com/player-media/pwhl/fdcd3aab407d334449d74fb66d2ab767.jpg,https://lscluster.hockeytech.com/player-media/pwhl/fdcd3aab407d334449d74fb66d2ab767.jpg,BOS_Keller_5,864,1200,2025-11-26 20:54:32
12,287,0,https://lscluster.hockeytech.com/player-media/pwhl/2c009aa63d4713bdb697bc496a903695.jpg,https://lscluster.hockeytech.com/player-media/pwhl/2c009aa63d4713bdb697bc496a903695.jpg,Keller,3117,3896,2024-11-28 03:57:32
12,91,0,https://lscluster.hockeytech.com/player-media/pwhl/9d86179a594ca60e8cca09f17b0414a4.jpg,https://lscluster.hockeytech.com/player-media/pwhl/9d86179a594ca60e8cca09f17b0414a4.jpg,Keller_Megan,1992,2988,2023-11-25 20:42:20
125,437,1,https://lscluster.hockeytech.com/player-media/pwhl/59dbb1eef19231729a690f26a1b01c93.png,https://lscluster.hockeytech.com/player-media/pwhl/59dbb1eef19231729a690f26a1b01c93.png,Bach,983,966,2024-12-31 17:07:33
125,416,0,https://lscluster.hockeytech.com/player-media/pwhl/ffc79c1fbea310582e31ece82d1c012f.jpg,https://lscluster.hockeytech.com/player-media/pwhl/ffc79c1fbea310582e31ece82d1c012f.jpg,Victoria_Bach_PWHL_Sceptres_1246,3875,5810,2024-12-03 02:30:15
125,270,0,https://lscluster.hockeytech.com/player-media/pwhl/3b26c54d011ee6691d24288e6da9c9d4.jpg,https://lscluster.hockeytech.com/player-media/pwhl/3b26c54d011ee6691d24288e6da9c9d4.jpg,HeatherPollock-PWHLTO-MediaDay-4867,936,1248,2024-04-17 18:09:16
126,418,1,https://lscluster.hockeytech.com/player-media/pwhl/7a4afa1934856a0dc2211788f5ed2e14.jpg,https://lscluster.hockeytech.com/player-media/pwhl/7a4afa1934856a0dc2211788f5ed2e14.jpg,Sam_Cogan_PWHL_Sceptres_3398,3590,5383,2024-12-03 02:31:29
126,223,0,https://lscluster.hockeytech.com/player-media/pwhl/5515b72da0b5dc32f25056e50e654778.jpg,https://lscluster.hockeytech.com/player-media/pwhl/5515b72da0b5dc32f25056e50e654778.jpg,"Cogan, Sam-2",1366,2048,2023-12-04 15:09:52
127,224,1,https://lscluster.hockeytech.com/player-media/pwhl/8e503b0adc8d7f8d1a588650a00a13ca.jpg,https://lscluster.hockeytech.com/player-media/pwhl/8e503b0adc8d7f8d1a588650a00a13ca.jpg,"Jones, Jess-2",1366,2048,2023-12-04 15:12:26
128,693,1,https://lscluster.hockeytech.com/player-media/pwhl/96f22a2b023c51bed94ee08e655047b2.jpg,https://lscluster.hockeytech.com/player-media/pwhl/96f22a2b023c51bed94ee08e655047b2.jpg,MTL_Willoughby_19,400,600,2025-11-27 19:10:47
128,445,0,https://lscluster.hockeytech.com/player-media/pwhl/ed2f788c3315b7021b10625f9d7d68d4.png,https://lscluster.hockeytech.com/player-media/pwhl/ed2f788c3315b7021b10625f9d7d68d4.png,Willoughby,1080,1080,2025-03-18 19:21:20
128,434,0,https://lscluster.hockeytech.com/player-media/pwhl/e7cb1dbac86118539289e08e1c558e61.jpg,https://lscluster.hockeytech.com/player-media/pwhl/e7cb1dbac86118539289e08e1c558e61.jpg,Kaitlin_Willoughby_PWHL_Sceptres_3517,3590,5383,2024-12-03 02:44:07
128,225,0,https://lscluster.hockeytech.com/player-media/pwhl/dea8588a55659c169c0dff0e594796c6.jpg,https://lscluster.hockeytech.com/player-media/pwhl/dea8588a55659c169c0dff0e594796c6.jpg,"Willougby, Kaitlin-2",1366,2048,2023-12-04 15:15:39
129,544,1,https://lscluster.hockeytech.com/player-media/pwhl/ec8bcf1c2033dbaa08e751f09ae3aa3a.jpg,https://lscluster.hockeytech.com/player-media/pwhl/ec8bcf1c2033dbaa08e751f09ae3aa3a.jpg,VAN_Channell-Watkins_23,400,600,2025-11-27 16:07:50
129,309,0,https://lscluster.hockeytech.com/player-media/pwhl/eb92c72ecf5aab75c0b7339e93581cdf.jpg,https://lscluster.hockeytech.com/player-media/pwhl/eb92c72ecf5aab75c0b7339e93581cdf.jpg,Channel,1463,2048,2024-11-29 15:25:13
129,227,0,https://lscluster.hockeytech.com/player-media/pwhl/d1c56365047c04dc4d6e6cc59e326a4a.jpg,https://lscluster.hockeytech.com/player-media/pwhl/d1c56365047c04dc4d6e6cc59e326a4a.jpg,"Channell, Melissa-2",1366,2048,2023-12-04 15:25:23
13,604,1,https://lscluster.hockeytech.com/player-media/pwhl/ad2a44753b92addaf8875db827fdab5a.jpg,https://lscluster.hockeytech.com/player-media/pwhl/ad2a44753b92addaf8875db827fdab5a.jpg,SEA_Knight_21,400,600,2025-11-27 17:52:23
13,288,0,https://lscluster.hockeytech.com/player-media/pwhl/3f91ff77cd7d094f6d9ff5f991459eab.jpg,https://lscluster.hockeytech.com/player-media/pwhl/3f91ff77cd7d094f6d9ff5f991459eab.jpg,Knight,3379,4224,2024-11-28 03:58:00
13,266,0,https://lscluster.hockeytech.com/player-media/pwhl/b8e366df7ee5db080ce3bfe414b5b5dc.jpg,https://lscluster.hockeytech.com/player-media/pwhl/b8e366df7ee5db080ce3bfe414b5b5dc.jpg,Hilary Knight 1 (1) (1),1598,2396,2024-01-24 15:31:41
131,652,1,https://lscluster.hockeytech.com/player-media/pwhl/66d09ce4c5b0a4736ce8d88b4df7ddef.jpg,https://lscluster.hockeytech.com/player-media/pwhl/66d09ce4c5b0a4736ce8d88b4df7ddef.jpg,NY_Knowles_9,400,600,2025-11-27 18:42:47
131,424,0,https://lscluster.hockeytech.com/player-media/pwhl/9370989336b6033831093dfcc3cf9c3d.jpg,https://lscluster.hockeytech.com/player-media/pwhl/9370989336b6033831093dfcc3cf9c3d.jpg,Olivia_Knowles_PWHL_Sceptres_0659,3373,5057,2024-12-03 02:38:21
131,228,0,https://lscluster.hockeytech.com/player-media/pwhl/7f8cf960ff4de60010093edb221fc36c.jpg,https://lscluster.hockeytech.com/player-media/pwhl/7f8cf960ff4de60010093edb221fc36c.jpg,"Knowles, Olivia-2",1366,2048,2023-12-04 15:30:44
132,576,1,https://lscluster.hockeytech.com/player-media/pwhl/be2515a56c6659d481462f225da2ba76.jpg,https://lscluster.hockeytech.com/player-media/pwhl/be2515a56c6659d481462f225da2ba76.jpg,TOR_Kondas_2,400,600,2025-11-27 17:19:52
132,493,0,https://lscluster.hockeytech.com/player-media/pwhl/11a3fbe50b7ca1f45f25da6ce77354b3.jpg,https://lscluster.hockeytech.com/player-media/pwhl/11a3fbe50b7ca1f45f25da6ce77354b3.jpg,Kondas_Jess_TOR,1000,1250,2025-11-22 16:28:00
132,425,0,https://lscluster.hockeytech.com/player-media/pwhl/8e9010da2e732f09580f9e678f98a64c.jpg,https://lscluster.hockeytech.com/player-media/pwhl/8e9010da2e732f09580f9e678f98a64c.jpg,Jess_Kondas_PWHL_Sceptres_2859,3576,5361,2024-12-03 02:38:48
132,229,0,https://lscluster.hockeytech.com/player-media/pwhl/6a407388af3100decf7d6c4caf84f3c8.jpg,https://lscluster.hockeytech.com/player-media/pwhl/6a407388af3100decf7d6c4caf84f3c8.jpg,"Kondas, Jess-2",1366,2048,2023-12-04 15:34:27
133,230,1,https://lscluster.hockeytech.com/player-media/pwhl/84a0f839bb692efb25341601cc263a85.jpg,https://lscluster.hockeytech.com/player-media/pwhl/84a0f839bb692efb25341601cc263a85.jpg,"Rougeau, Lauriane-2",1366,2048,2023-12-04 15:36:50
136,233,1,https://lscluster.hockeytech.com/player-media/pwhl/1a71f27645891dd54e5a5ec3315d312f.jpg,https://lscluster.hockeytech.com/player-media/pwhl/1a71f27645891dd54e5a5ec3315d312f.jpg,DEMERS_ROSALIE-2,1365,2048,2023-12-04 16:01:01
137,234,1,https://lscluster.hockeytech.com/player-media/pwhl/75d5c51a23551a5fd90c82a33632eaab.jpg,https://lscluster.hockeytech.com/player-media/pwhl/75d5c51a23551a5fd90c82a33632eaab.jpg,GARÁT-GASPARICS_FANNI -2,1365,2048,2023-12-04 16:02:48
138,600,1,https://lscluster.hockeytech.com/player-media/pwhl/b78444a50678c7525d90918940272ecb.jpg,https://lscluster.hockeytech.com/player-media/pwhl/b78444a50678c7525d90918940272ecb.jpg,SEA_Grant-Mentis_13,400,600,2025-11-27 17:51:16
138,366,1,https://lscluster.hockeytech.com/player-media/pwhl/03885e12d10e3df85ff04b4f7a815f91.jpg,https://lscluster.hockeytech.com/player-media/pwhl/03885e12d10e3df85ff04b4f7a815f91.jpg,Grant-MentisMikyla_3163,2844,4266,2024-12-02 11:27:24
138,235,0,https://lscluster.hockeytech.com/player-media/pwhl/5349eb5094dc8700b1d1a84e9e66cb5f.jpg,https://lscluster.hockeytech.com/player-media/pwhl/5349eb5094dc8700b1d1a84e9e66cb5f.jpg,GRANT-MENTIS_MIKYLA-2,1365,2048,2023-12-04 16:04:02
14,92,1,https://lscluster.hockeytech.com/player-media/pwhl/471c238fcf9cc5979c32e6e3e7524b14.jpg,https://lscluster.hockeytech.com/player-media/pwhl/471c238fcf9cc5979c32e6e3e7524b14.jpg,Kosta_Nicole,1992,2988,2023-11-25 20:42:43
141,238,1,https://lscluster.hockeytech.com/player-media/pwhl/c602446b6a051130dd9135b53f80562e.jpg,https://lscluster.hockeytech.com/player-media/pwhl/c602446b6a051130dd9135b53f80562e.jpg,SHIGA_AKANE-2,1365,2048,2023-12-04 16:08:42
142,610,1,https://lscluster.hockeytech.com/player-media/pwhl/f4a3c583ef040cd4aaf9dd863960d06b.jpg,https://lscluster.hockeytech.com/player-media/pwhl/f4a3c583ef040cd4aaf9dd863960d06b.jpg,SEA_Snodgrass_8,400,600,2025-11-27 17:55:19
142,411,0,https://lscluster.hockeytech.com/player-media/pwhl/ae7d13b53aa9f903c54f425b958de6aa.jpg,https://lscluster.hockeytech.com/player-media/pwhl/ae7d13b53aa9f903c54f425b958de6aa.jpg,Snodgrass,1463,2048,2024-12-03 02:27:33
142,239,0,https://lscluster.hockeytech.com/player-media/pwhl/094b367db04ee89e04cd7c9141246eb6.jpg,https://lscluster.hockeytech.com/player-media/pwhl/094b367db04ee89e04cd7c9141246eb6.jpg,SNODGRASS_NATALIE -2,1365,2048,2023-12-04 16:10:04
144,241,1,https://lscluster.hockeytech.com/player-media/pwhl/7a48bcd9a14451db6c72593c896d097f.jpg,https://lscluster.hockeytech.com/player-media/pwhl/7a48bcd9a14451db6c72593c896d097f.jpg,HOWRAN_VICTORIA-2,1365,2048,2023-12-04 16:13:10
146,243,1,https://lscluster.hockeytech.com/player-media/pwhl/ee16cdf436bbac0b7e576a6fb8a714e3.jpg,https://lscluster.hockeytech.com/player-media/pwhl/ee16cdf436bbac0b7e576a6fb8a714e3.jpg,Gruschow_Alexa-2,1638,2048,2023-12-04 16:26:29
147,654,1,https://lscluster.hockeytech.com/player-media/pwhl/4dc223062102f77af4c82e0e21535669.jpg,https://lscluster.hockeytech.com/player-media/pwhl/4dc223062102f77af4c82e0e21535669.jpg,NY_Norcross_7,400,600,2025-11-27 18:43:16
147,244,0,https://lscluster.hockeytech.com/player-media/pwhl/b121e875b02dafb54bd613d092b5922a.jpg,https://lscluster.hockeytech.com/player-media/pwhl/b121e875b02dafb54bd613d092b5922a.jpg,Norcross_Savannah-2,1638,2048,2023-12-04 16:29:21
148,245,1,https://lscluster.hockeytech.com/player-media/pwhl/d7191b0734412f2dd50a9a0641ba25ef.jpg,https://lscluster.hockeytech.com/player-media/pwhl/d7191b0734412f2dd50a9a0641ba25ef.jpg,Packer_Madison-2,1638,2048,2023-12-04 16:30:53
149,737,1,https://lscluster.hockeytech.com/player-media/pwhl/c5c47d339cd254791852f33766544db5.jpg,https://lscluster.hockeytech.com/player-media/pwhl/c5c47d339cd254791852f33766544db5.jpg,BOS_Saulnier_44,400,600,2025-11-27 19:47:54
149,528,0,https://lscluster.hockeytech.com/player-media/pwhl/a57773eb2856e143f8e4965ad1a13790.jpg,https://lscluster.hockeytech.com/player-media/pwhl/a57773eb2856e143f8e4965ad1a13790.jpg,BOS_Saulnier_44,775,1200,2025-11-26 21:18:04
149,442,1,https://lscluster.hockeytech.com/player-media/pwhl/ac33028854796c4cf9cf868d84d93d56.png,https://lscluster.hockeytech.com/player-media/pwhl/ac33028854796c4cf9cf868d84d93d56.png,Saulnier,1080,1080,2025-01-21 16:18:19
149,265,0,https://lscluster.hockeytech.com/player-media/pwhl/a72877ce5cf7251982c3019d29e1cb67.jpg,https://lscluster.hockeytech.com/player-media/pwhl/a72877ce5cf7251982c3019d29e1cb67.jpg,Saulnier_Jill,1290,1935,2024-01-17 20:27:11
15,733,1,https://lscluster.hockeytech.com/player-media/pwhl/fa82ed3b07c6e55f26a8365523558bec.jpg,https://lscluster.hockeytech.com/player-media/pwhl/fa82ed3b07c6e55f26a8365523558bec.jpg,BOS_M├╝ller_11,400,600,2025-11-27 19:47:07
15,524,0,https://lscluster.hockeytech.com/player-media/pwhl/d6fa541229d4cea83d6ccb3345a69f86.jpg,https://lscluster.hockeytech.com/player-media/pwhl/d6fa541229d4cea83d6ccb3345a69f86.jpg,BOS_M├╝ller_11,800,1200,2025-11-26 21:16:39
15,293,0,https://lscluster.hockeytech.com/player-media/pwhl/a7369f8712b59cb4720895d2d9b8d584.jpg,https://lscluster.hockeytech.com/player-media/pwhl/a7369f8712b59cb4720895d2d9b8d584.jpg,Muller,3340,4175,2024-11-28 04:00:14
15,93,0,https://lscluster.hockeytech.com/player-media/pwhl/22449e500d2742a03604fe9758994c6c.jpg,https://lscluster.hockeytech.com/player-media/pwhl/22449e500d2742a03604fe9758994c6c.jpg,Muller_Alina,1992,2988,2023-11-25 20:43:21
150,330,1,https://lscluster.hockeytech.com/player-media/pwhl/46a050dcab45b4b42a61dfa6a3bd31a7.jpg,https://lscluster.hockeytech.com/player-media/pwhl/46a050dcab45b4b42a61dfa6a3bd31a7.jpg,Baker_1913,1463,2048,2024-12-02 01:37:05
150,246,0,https://lscluster.hockeytech.com/player-media/pwhl/23f273d579427a20ef906353adb0cca3.jpg,https://lscluster.hockeytech.com/player-media/pwhl/23f273d579427a20ef906353adb0cca3.jpg,Baker_Taylor-2,1638,2048,2023-12-04 16:34:44
152,248,1,https://lscluster.hockeytech.com/player-media/pwhl/4d7edae5cdef46615a9fd204d5d9cc00.jpg,https://lscluster.hockeytech.com/player-media/pwhl/4d7edae5cdef46615a9fd204d5d9cc00.jpg,Fällman_Johanna-2,1638,2048,2023-12-04 16:39:04
153,249,1,https://lscluster.hockeytech.com/player-media/pwhl/9e842e800534659a27547002afcf90cd.jpg,https://lscluster.hockeytech.com/player-media/pwhl/9e842e800534659a27547002afcf90cd.jpg,Olivier_Carley-2,1638,2048,2023-12-04 16:40:12
156,361,1,https://lscluster.hockeytech.com/player-media/pwhl/d3c4bae644b577909668e8d8f9bc963e.jpg,https://lscluster.hockeytech.com/player-media/pwhl/d3c4bae644b577909668e8d8f9bc963e.jpg,DavidGabrielle_2141,3368,5053,2024-12-02 11:25:24
156,253,0,https://lscluster.hockeytech.com/player-media/pwhl/56aeb9bd6eed00867b28bac93cb6595b.jpg,https://lscluster.hockeytech.com/player-media/pwhl/56aeb9bd6eed00867b28bac93cb6595b.jpg,DavidGabrielle_ 9-2,2048,2048,2023-12-04 17:02:36
157,674,1,https://lscluster.hockeytech.com/player-media/pwhl/b940f6f7690cc3c3ffd645cda3477fae.jpg,https://lscluster.hockeytech.com/player-media/pwhl/b940f6f7690cc3c3ffd645cda3477fae.jpg,MTL_Dubois_28,400,600,2025-11-27 19:06:38
157,364,0,https://lscluster.hockeytech.com/player-media/pwhl/b48ed8eb1dd66af2c912f21413830888.jpg,https://lscluster.hockeytech.com/player-media/pwhl/b48ed8eb1dd66af2c912f21413830888.jpg,DuboisCatherine_1178,3275,4912,2024-12-02 11:26:40
157,254,0,https://lscluster.hockeytech.com/player-media/pwhl/ce80ea04ba33d2e380981ce4bd608b1b.jpg,https://lscluster.hockeytech.com/player-media/pwhl/ce80ea04ba33d2e380981ce4bd608b1b.jpg,DuboisCatherine_ 5-2,2048,2048,2023-12-04 17:05:08
158,255,1,https://lscluster.hockeytech.com/player-media/pwhl/b493f3566673b6fa83b6e06c76782de3.jpg,https://lscluster.hockeytech.com/player-media/pwhl/b493f3566673b6fa83b6e06c76782de3.jpg,LefortSarah_ 1-2,2048,2048,2023-12-04 17:12:52
159,256,1,https://lscluster.hockeytech.com/player-media/pwhl/fa8a66e73d5fabc0d907593f292fc2bd.jpg,https://lscluster.hockeytech.com/player-media/pwhl/fa8a66e73d5fabc0d907593f292fc2bd.jpg,LumLeah_ 7-2,2048,2048,2023-12-04 17:17:48
16,736,1,https://lscluster.hockeytech.com/player-media/pwhl/ec5432349bb9b6870b4efc7b1066bc0e.jpg,https://lscluster.hockeytech.com/player-media/pwhl/ec5432349bb9b6870b4efc7b1066bc0e.jpg,BOS_Rattray_47,400,600,2025-11-27 19:47:44
16,527,0,https://lscluster.hockeytech.com/player-media/pwhl/a1dad75af66b16c9b9798ddb3f999659.jpg,https://lscluster.hockeytech.com/player-media/pwhl/a1dad75af66b16c9b9798ddb3f999659.jpg,BOS_Rattray_47,806,1200,2025-11-26 21:17:40
16,298,0,https://lscluster.hockeytech.com/player-media/pwhl/08038f1681480ebff5717f93fa80d216.jpg,https://lscluster.hockeytech.com/player-media/pwhl/08038f1681480ebff5717f93fa80d216.jpg,Rattray,2954,3692,2024-11-28 04:03:02
16,94,0,https://lscluster.hockeytech.com/player-media/pwhl/25f572e4ff91cbe45a9270c5f05b0ce2.jpg,https://lscluster.hockeytech.com/player-media/pwhl/25f572e4ff91cbe45a9270c5f05b0ce2.jpg,Rattray_Jamie Lee,1992,2988,2023-11-25 20:43:44
160,257,1,https://lscluster.hockeytech.com/player-media/pwhl/e7c9af6eaa9dd3861f8d5b6bdcf46ee8.jpg,https://lscluster.hockeytech.com/player-media/pwhl/e7c9af6eaa9dd3861f8d5b6bdcf46ee8.jpg,PoznikoffAlex_ 15-2,2048,2048,2023-12-04 17:20:43
161,511,1,https://lscluster.hockeytech.com/player-media/pwhl/69a1164126d00470c59fd82004ecc5a7.jpg,https://lscluster.hockeytech.com/player-media/pwhl/69a1164126d00470c59fd82004ecc5a7.jpg,VAN_Vanisova13,400,600,2025-11-26 20:08:39
161,413,0,https://lscluster.hockeytech.com/player-media/pwhl/daa37df6b9bf9fc2ab142aedbf8061e5.jpg,https://lscluster.hockeytech.com/player-media/pwhl/daa37df6b9bf9fc2ab142aedbf8061e5.jpg,Vanišová,1463,2048,2024-12-03 02:28:41
161,258,0,https://lscluster.hockeytech.com/player-media/pwhl/0920831f5e31703f8cf79408868eadc7.jpg,https://lscluster.hockeytech.com/player-media/pwhl/0920831f5e31703f8cf79408868eadc7.jpg,VanisovaTereza_ 2-2,2048,2048,2023-12-04 17:22:59
162,697,1,https://lscluster.hockeytech.com/player-media/pwhl/d0a6248379ecfdd949598117e2c49b98.jpg,https://lscluster.hockeytech.com/player-media/pwhl/d0a6248379ecfdd949598117e2c49b98.jpg,MIN_Bizal_9,400,600,2025-11-27 19:28:29
162,259,0,https://lscluster.hockeytech.com/player-media/pwhl/004f063eca8579dbcd8c746d9cc34845.jpg,https://lscluster.hockeytech.com/player-media/pwhl/004f063eca8579dbcd8c746d9cc34845.jpg,BizalMadison_ 12-2,2048,2048,2023-12-04 17:24:29
163,360,1,https://lscluster.hockeytech.com/player-media/pwhl/18eac846e89109edb067377ef7118a5d.jpg,https://lscluster.hockeytech.com/player-media/pwhl/18eac846e89109edb067377ef7118a5d.jpg,DaoustCatherine_1425,3275,4912,2024-12-02 11:25:00
163,260,0,https://lscluster.hockeytech.com/player-media/pwhl/6d28e2ea55ea75e51000d81d05e79471.jpg,https://lscluster.hockeytech.com/player-media/pwhl/6d28e2ea55ea75e51000d81d05e79471.jpg,DaoustCatherine_ 5-2,2048,2048,2023-12-04 17:29:29
164,261,1,https://lscluster.hockeytech.com/player-media/pwhl/e6040edc75bcf62b242fd7a6baadb6fb.jpg,https://lscluster.hockeytech.com/player-media/pwhl/e6040edc75bcf62b242fd7a6baadb6fb.jpg,LaganiereBrigitte_ 9-2,2048,2048,2023-12-04 17:32:37
165,297,1,https://lscluster.hockeytech.com/player-media/pwhl/7dea378a91cedc9d5d14b1222802322c.jpg,https://lscluster.hockeytech.com/player-media/pwhl/7dea378a91cedc9d5d14b1222802322c.jpg,Poulin-Labelle,2860,3575,2024-11-28 04:02:37
165,272,0,https://lscluster.hockeytech.com/player-media/pwhl/b626231a4d67c91f40367bd6f646fa5c.jpg,https://lscluster.hockeytech.com/player-media/pwhl/b626231a4d67c91f40367bd6f646fa5c.jpg,HeatherPollock-MaudePoulinLabelle-MediaDay-4583,1638,2185,2024-04-17 19:51:33
165,271,0,https://lscluster.hockeytech.com/player-media/pwhl/fd8417fe00fb847c0dbae9a44b671438.jpg,https://lscluster.hockeytech.com/player-media/pwhl/fd8417fe00fb847c0dbae9a44b671438.jpg,HeatherPollock-MaudePoulinLabelle-MediaDay-4583,1638,2185,2024-04-17 18:09:44
167,711,1,https://lscluster.hockeytech.com/player-media/pwhl/46eb6c6fcabe8e16c1def0b5b7c0c16d.jpg,https://lscluster.hockeytech.com/player-media/pwhl/46eb6c6fcabe8e16c1def0b5b7c0c16d.jpg,MIN_Morin_5,400,600,2025-11-27 19:31:46
167,292,0,https://lscluster.hockeytech.com/player-media/pwhl/926d90bdb7407e7c55cef2472bde1d9f.jpg,https://lscluster.hockeytech.com/player-media/pwhl/926d90bdb7407e7c55cef2472bde1d9f.jpg,Morin,3104,3880,2024-11-28 03:59:48
167,268,0,https://lscluster.hockeytech.com/player-media/pwhl/f5c191990313b1339664e67317f7159e.jpg,https://lscluster.hockeytech.com/player-media/pwhl/f5c191990313b1339664e67317f7159e.jpg,Sidney Morin 2 (1) (1),1730,2596,2024-01-24 15:34:09
168,264,1,https://lscluster.hockeytech.com/player-media/pwhl/e22cb3ff70339e5151661ea2ec38d08e.jpg,https://lscluster.hockeytech.com/player-media/pwhl/e22cb3ff70339e5151661ea2ec38d08e.jpg,DaoustMelodie_ 13-2,2048,2048,2023-12-04 18:55:42
169,561,1,https://lscluster.hockeytech.com/player-media/pwhl/069280dda52c6737c6c826625774cda1.jpg,https://lscluster.hockeytech.com/player-media/pwhl/069280dda52c6737c6c826625774cda1.jpg,VAN_Thompson_42,400,600,2025-11-27 16:14:41
169,327,0,https://lscluster.hockeytech.com/player-media/pwhl/73fcec6a8af3e2dfeec5a771c1c70a8e.jpg,https://lscluster.hockeytech.com/player-media/pwhl/73fcec6a8af3e2dfeec5a771c1c70a8e.jpg,Thompson,1463,2048,2024-12-02 01:34:58
17,738,1,https://lscluster.hockeytech.com/player-media/pwhl/593d8e9764fa5fd7d3b11565ad32cbff.jpg,https://lscluster.hockeytech.com/player-media/pwhl/593d8e9764fa5fd7d3b11565ad32cbff.jpg,BOS_Schafzahl_17,400,600,2025-11-27 19:48:05
17,529,0,https://lscluster.hockeytech.com/player-media/pwhl/39c1a13a9d6c3c1efdbfcc59a841eed4.jpg,https://lscluster.hockeytech.com/player-media/pwhl/39c1a13a9d6c3c1efdbfcc59a841eed4.jpg,BOS_Schafzahl_17,800,1200,2025-11-26 21:18:26
17,299,0,https://lscluster.hockeytech.com/player-media/pwhl/b466750dde326b923cf62c712d24aab9.jpg,https://lscluster.hockeytech.com/player-media/pwhl/b466750dde326b923cf62c712d24aab9.jpg,Schafzahl,3024,3780,2024-11-28 04:03:33
17,269,0,https://lscluster.hockeytech.com/player-media/pwhl/991c67f5cb94d88f1b96ceec56d282c9.jpg,https://lscluster.hockeytech.com/player-media/pwhl/991c67f5cb94d88f1b96ceec56d282c9.jpg,Theresa Schafzahl 1 (1) (1),1852,2778,2024-01-24 15:34:38
175,276,1,https://lscluster.hockeytech.com/player-media/pwhl/5c7ff130772e7fd41ffc4378d73a82d3.jpg,https://lscluster.hockeytech.com/player-media/pwhl/5c7ff130772e7fd41ffc4378d73a82d3.jpg,Babstock,3642,4553,2024-11-28 03:47:41
18,740,1,https://lscluster.hockeytech.com/player-media/pwhl/4fbdbb88e6aa30ad40a455e8e05394d0.jpg,https://lscluster.hockeytech.com/player-media/pwhl/4fbdbb88e6aa30ad40a455e8e05394d0.jpg,BOS_Shirley_9,400,600,2025-11-27 19:48:28
18,531,0,https://lscluster.hockeytech.com/player-media/pwhl/9ac794b8832fa1eb0d44be7e0c76e1cd.jpg,https://lscluster.hockeytech.com/player-media/pwhl/9ac794b8832fa1eb0d44be7e0c76e1cd.jpg,BOS_Shirley_9,800,1200,2025-11-26 21:19:06
18,440,0,https://lscluster.hockeytech.com/player-media/pwhl/a0c3510357246f96e1e78b5b3819f256.jpg,https://lscluster.hockeytech.com/player-media/pwhl/a0c3510357246f96e1e78b5b3819f256.jpg,Shirley,960,1200,2025-01-21 14:17:30
18,95,0,https://lscluster.hockeytech.com/player-media/pwhl/4960045fa35bfe913942c65a3a80bb70.jpg,https://lscluster.hockeytech.com/player-media/pwhl/4960045fa35bfe913942c65a3a80bb70.jpg,Shirley_Sophie,1992,2988,2023-11-25 20:44:08
180,538,1,https://lscluster.hockeytech.com/player-media/pwhl/47990caeb5da40f2a6ec2a80d3279740.jpg,https://lscluster.hockeytech.com/player-media/pwhl/47990caeb5da40f2a6ec2a80d3279740.jpg,VAN_Bard_11,400,600,2025-11-27 16:04:35
180,277,0,https://lscluster.hockeytech.com/player-media/pwhl/9a0382f6c0172c97ac16a0dad3c01727.jpg,https://lscluster.hockeytech.com/player-media/pwhl/9a0382f6c0172c97ac16a0dad3c01727.jpg,Bard,2938,3672,2024-11-28 03:48:13
181,591,1,https://lscluster.hockeytech.com/player-media/pwhl/079086d7f20dab643597fba68b9766da.jpg,https://lscluster.hockeytech.com/player-media/pwhl/079086d7f20dab643597fba68b9766da.jpg,SEA_Bilka_19,400,600,2025-11-27 17:48:16
181,278,0,https://lscluster.hockeytech.com/player-media/pwhl/ad25dcbe5b81ca0ccc768cd1e46937a4.jpg,https://lscluster.hockeytech.com/player-media/pwhl/ad25dcbe5b81ca0ccc768cd1e46937a4.jpg,Bilka,2943,3679,2024-11-28 03:49:19
183,731,1,https://lscluster.hockeytech.com/player-media/pwhl/1df9aa7f61072034fa1b6ddcf0c2615d.jpg,https://lscluster.hockeytech.com/player-media/pwhl/1df9aa7f61072034fa1b6ddcf0c2615d.jpg,BOS_Maloney_27,400,600,2025-11-27 19:46:42
183,522,0,https://lscluster.hockeytech.com/player-media/pwhl/b52ad0ac71591563053422204bebe114.jpg,https://lscluster.hockeytech.com/player-media/pwhl/b52ad0ac71591563053422204bebe114.jpg,BOS_Maloney_27,800,1200,2025-11-26 21:10:34
183,290,0,https://lscluster.hockeytech.com/player-media/pwhl/50355c87d018fd9e48bcaa8c16506c56.jpg,https://lscluster.hockeytech.com/player-media/pwhl/50355c87d018fd9e48bcaa8c16506c56.jpg,Maloney,3113,3891,2024-11-28 03:58:52
185,735,1,https://lscluster.hockeytech.com/player-media/pwhl/8bb5bc0accc513027e454cc2c2f345c3.jpg,https://lscluster.hockeytech.com/player-media/pwhl/8bb5bc0accc513027e454cc2c2f345c3.jpg,BOS_Pej┼íov├í_55,400,600,2025-11-27 19:47:34
185,526,0,https://lscluster.hockeytech.com/player-media/pwhl/0a3e567c03dedd49f7a1ec147d39c82b.jpg,https://lscluster.hockeytech.com/player-media/pwhl/0a3e567c03dedd49f7a1ec147d39c82b.jpg,BOS_Pej┼íov├í_55,800,1200,2025-11-26 21:17:22
185,294,0,https://lscluster.hockeytech.com/player-media/pwhl/daa766c9532d512db7ef8ea2491280d1.jpg,https://lscluster.hockeytech.com/player-media/pwhl/daa766c9532d512db7ef8ea2491280d1.jpg,Pejsova,1463,2048,2024-11-28 04:00:54
187,302,1,https://lscluster.hockeytech.com/player-media/pwhl/6cac69a9d67b1c446135a5cdb4139104.jpg,https://lscluster.hockeytech.com/player-media/pwhl/6cac69a9d67b1c446135a5cdb4139104.jpg,Akervik,1463,2048,2024-11-29 15:22:02
188,695,1,https://lscluster.hockeytech.com/player-media/pwhl/693af646030dc70c497e752ac036c4b0.jpg,https://lscluster.hockeytech.com/player-media/pwhl/693af646030dc70c497e752ac036c4b0.jpg,MIN_Batherson_21,400,600,2025-11-27 19:28:13
188,274,0,https://lscluster.hockeytech.com/player-media/pwhl/516f5d64514a5a869e5cd8030a3edb00.jpg,https://lscluster.hockeytech.com/player-media/pwhl/516f5d64514a5a869e5cd8030a3edb00.jpg,Batherson,1463,2048,2024-11-21 20:27:41
189,703,1,https://lscluster.hockeytech.com/player-media/pwhl/ac0a461715e77cc664d620b7e8aadbbd.jpg,https://lscluster.hockeytech.com/player-media/pwhl/ac0a461715e77cc664d620b7e8aadbbd.jpg,MIN_Curl-Salemme_77,400,600,2025-11-27 19:29:40
189,311,0,https://lscluster.hockeytech.com/player-media/pwhl/95390d939daf173299dabd07e2abd991.jpg,https://lscluster.hockeytech.com/player-media/pwhl/95390d939daf173299dabd07e2abd991.jpg,Curl,1463,2048,2024-11-29 15:25:51
190,708,1,https://lscluster.hockeytech.com/player-media/pwhl/9715d24366b57969fe6677bbdcd376ed.jpg,https://lscluster.hockeytech.com/player-media/pwhl/9715d24366b57969fe6677bbdcd376ed.jpg,MIN_Hymlarova_71,400,600,2025-11-27 19:30:40
190,315,0,https://lscluster.hockeytech.com/player-media/pwhl/4a4e03d17b76af5d3d92f2043f75159b.jpg,https://lscluster.hockeytech.com/player-media/pwhl/4a4e03d17b76af5d3d92f2043f75159b.jpg,Hymlárová,1463,2048,2024-11-29 15:27:12
191,709,1,https://lscluster.hockeytech.com/player-media/pwhl/1fd5d13d0791f23713ac14e278443093.jpg,https://lscluster.hockeytech.com/player-media/pwhl/1fd5d13d0791f23713ac14e278443093.jpg,MIN_Knoll_6,400,600,2025-11-27 19:30:51
191,317,0,https://lscluster.hockeytech.com/player-media/pwhl/c44e76fe2edc0889c689743eb1d4b1a5.jpg,https://lscluster.hockeytech.com/player-media/pwhl/c44e76fe2edc0889c689743eb1d4b1a5.jpg,Knoll,1463,2048,2024-11-29 15:27:58
192,553,1,https://lscluster.hockeytech.com/player-media/pwhl/b8b4eb29dbb9544e8a652334efe634b8.jpg,https://lscluster.hockeytech.com/player-media/pwhl/b8b4eb29dbb9544e8a652334efe634b8.jpg,VAN_McQuigge_26,400,600,2025-11-27 16:11:30
192,320,0,https://lscluster.hockeytech.com/player-media/pwhl/4c00d79435e2a22fdf115bde642f5a17.jpg,https://lscluster.hockeytech.com/player-media/pwhl/4c00d79435e2a22fdf115bde642f5a17.jpg,McQuigge,1463,2048,2024-12-02 01:32:13
194,712,1,https://lscluster.hockeytech.com/player-media/pwhl/41755b88ea9a00ccd1e43e2adb814bbe.jpg,https://lscluster.hockeytech.com/player-media/pwhl/41755b88ea9a00ccd1e43e2adb814bbe.jpg,MIN_O\'Donohoe_11,400,600,2025-11-27 19:31:56
194,321,0,https://lscluster.hockeytech.com/player-media/pwhl/789960b12b60da9f847fd4a0aaa51c0f.jpg,https://lscluster.hockeytech.com/player-media/pwhl/789960b12b60da9f847fd4a0aaa51c0f.jpg,O\'Donohoe,1463,2048,2024-12-02 01:32:44
195,714,1,https://lscluster.hockeytech.com/player-media/pwhl/a8ecbfad6d723fb55dc1978d3fbb490f.jpg,https://lscluster.hockeytech.com/player-media/pwhl/a8ecbfad6d723fb55dc1978d3fbb490f.jpg,MIN_Petrie_14,400,600,2025-11-27 19:32:25
195,323,0,https://lscluster.hockeytech.com/player-media/pwhl/9115508f5e9411299c94e0c924b7f448.jpg,https://lscluster.hockeytech.com/player-media/pwhl/9115508f5e9411299c94e0c924b7f448.jpg,Petrie,1463,2048,2024-12-02 01:33:28
196,590,1,https://lscluster.hockeytech.com/player-media/pwhl/ee39a1b6f3901c1f0e5c6aff00cc3795.jpg,https://lscluster.hockeytech.com/player-media/pwhl/ee39a1b6f3901c1f0e5c6aff00cc3795.jpg,SEA_Barnes_3,400,600,2025-11-27 17:47:53
196,355,0,https://lscluster.hockeytech.com/player-media/pwhl/0adfd231bcfa64f97dc36da6d15f77a4.jpg,https://lscluster.hockeytech.com/player-media/pwhl/0adfd231bcfa64f97dc36da6d15f77a4.jpg,BarnesCayla_0694,3338,5007,2024-12-02 11:23:24
198,546,1,https://lscluster.hockeytech.com/player-media/pwhl/f868ee35ddcfefb189ab79aa2e486ec9.jpg,https://lscluster.hockeytech.com/player-media/pwhl/f868ee35ddcfefb189ab79aa2e486ec9.jpg,VAN_Gardiner_12,400,600,2025-11-27 16:08:33
198,365,0,https://lscluster.hockeytech.com/player-media/pwhl/785a966b5fd1d6630eaca56d2960d6ac.jpg,https://lscluster.hockeytech.com/player-media/pwhl/785a966b5fd1d6630eaca56d2960d6ac.jpg,GardinerJennifer_1529,3275,4913,2024-12-02 11:26:59
199,678,1,https://lscluster.hockeytech.com/player-media/pwhl/d783fdd83c076eb6b732d8b7170531e1.jpg,https://lscluster.hockeytech.com/player-media/pwhl/d783fdd83c076eb6b732d8b7170531e1.jpg,MTL_Greig_17,400,600,2025-11-27 19:07:24
199,367,0,https://lscluster.hockeytech.com/player-media/pwhl/600a5c0d22e1d44b100b3a752114274f.jpg,https://lscluster.hockeytech.com/player-media/pwhl/600a5c0d22e1d44b100b3a752114274f.jpg,GreigDara_0371,3533,5300,2024-12-02 11:27:47
2,592,1,https://lscluster.hockeytech.com/player-media/pwhl/8d41619617ae8def06c1ce0fd9fe6d91.jpg,https://lscluster.hockeytech.com/player-media/pwhl/8d41619617ae8def06c1ce0fd9fe6d91.jpg,SEA_Brown_11,400,600,2025-11-27 17:48:39
2,279,0,https://lscluster.hockeytech.com/player-media/pwhl/b993a23d13f077c413a398c568c5a39b.jpg,https://lscluster.hockeytech.com/player-media/pwhl/b993a23d13f077c413a398c568c5a39b.jpg,Brown,3377,4221,2024-11-28 03:50:28
2,2,0,https://lscluster.hockeytech.com/player-media/pwhl/a79804928a3dd9a0e02cefb35ae5bdbc.jpg,https://lscluster.hockeytech.com/player-media/pwhl/a79804928a3dd9a0e02cefb35ae5bdbc.jpg,Brown_Emily,1066,1600,2023-11-23 14:21:36
20,702,1,https://lscluster.hockeytech.com/player-media/pwhl/617b2a092ab386020b8b25a67afc8ca8.jpg,https://lscluster.hockeytech.com/player-media/pwhl/617b2a092ab386020b8b25a67afc8ca8.jpg,MIN_CoyneSchofield_26,400,600,2025-11-27 19:29:23
20,310,0,https://lscluster.hockeytech.com/player-media/pwhl/192e03455686db7c0b79a83a73182547.jpg,https://lscluster.hockeytech.com/player-media/pwhl/192e03455686db7c0b79a83a73182547.jpg,Coyne,1463,2048,2024-11-29 15:25:34
20,20,0,https://lscluster.hockeytech.com/player-media/pwhl/9c737db34401835d8d11ee75bb39e680.jpg,https://lscluster.hockeytech.com/player-media/pwhl/9c737db34401835d8d11ee75bb39e680.jpg,Coyne Schofield_Kendall,196,294,2023-11-23 14:29:23
200,575,1,https://lscluster.hockeytech.com/player-media/pwhl/11d29749f84dfb7a51d07c6fa012e90f.jpg,https://lscluster.hockeytech.com/player-media/pwhl/11d29749f84dfb7a51d07c6fa012e90f.jpg,TOR_ Kjellbin_71,400,600,2025-11-27 17:19:32
200,492,0,https://lscluster.hockeytech.com/player-media/pwhl/eec1e234fafda71a104658ef78252dc9.jpg,https://lscluster.hockeytech.com/player-media/pwhl/eec1e234fafda71a104658ef78252dc9.jpg,Kjellbin_Anna_TOR,1000,1250,2025-11-22 16:27:04
200,446,0,https://lscluster.hockeytech.com/player-media/pwhl/0ad59b161ef8916d531ac38ba9c04c95.png,https://lscluster.hockeytech.com/player-media/pwhl/0ad59b161ef8916d531ac38ba9c04c95.png,Kjellbin,864,1005,2025-03-18 19:21:57
200,368,0,https://lscluster.hockeytech.com/player-media/pwhl/a1c08521c6281fd68f6dca7ae1cd5c68.jpg,https://lscluster.hockeytech.com/player-media/pwhl/a1c08521c6281fd68f6dca7ae1cd5c68.jpg,KjellbinAnna_2746,2924,4386,2024-12-02 11:28:09
201,682,1,https://lscluster.hockeytech.com/player-media/pwhl/3f6578fc39b39532553768fed4ebb9f3.jpg,https://lscluster.hockeytech.com/player-media/pwhl/3f6578fc39b39532553768fed4ebb9f3.jpg,MTL_Ljungblom_25,400,600,2025-11-27 19:08:06
201,369,0,https://lscluster.hockeytech.com/player-media/pwhl/09557be654e5e189309283c9c589747d.jpg,https://lscluster.hockeytech.com/player-media/pwhl/09557be654e5e189309283c9c589747d.jpg,LjungblomLina_2941,3157,4736,2024-12-02 11:28:30
202,685,1,https://lscluster.hockeytech.com/player-media/pwhl/3f520592613cb4fbdb378a7bb0d6ad7f.jpg,https://lscluster.hockeytech.com/player-media/pwhl/3f520592613cb4fbdb378a7bb0d6ad7f.jpg,MTL_Nadeau_51,400,600,2025-11-27 19:09:01
202,370,0,https://lscluster.hockeytech.com/player-media/pwhl/a5c6575a9fc22a37e3f1fdb69836300b.jpg,https://lscluster.hockeytech.com/player-media/pwhl/a5c6575a9fc22a37e3f1fdb69836300b.jpg,NadeauKellyAnn_0468,3338,5007,2024-12-02 11:29:24
203,613,1,https://lscluster.hockeytech.com/player-media/pwhl/75cd64e3957a389a5a6341edf09dee73.jpg,https://lscluster.hockeytech.com/player-media/pwhl/75cd64e3957a389a5a6341edf09dee73.jpg,SEA_Wilgren_5,400,600,2025-11-27 17:56:27
203,371,0,https://lscluster.hockeytech.com/player-media/pwhl/d294a580b6b76707dd7466479bfe78ea.jpg,https://lscluster.hockeytech.com/player-media/pwhl/d294a580b6b76707dd7466479bfe78ea.jpg,WilgrenAnna_2837,3157,4736,2024-12-02 11:29:51
204,646,1,https://lscluster.hockeytech.com/player-media/pwhl/9eab517d110318a97c16bc9a8344cbd7.jpg,https://lscluster.hockeytech.com/player-media/pwhl/9eab517d110318a97c16bc9a8344cbd7.jpg,NY_Fecteau_29,400,600,2025-11-27 18:41:39
204,336,0,https://lscluster.hockeytech.com/player-media/pwhl/c8f042532e5be1a3800b3933317eab3c.jpg,https://lscluster.hockeytech.com/player-media/pwhl/c8f042532e5be1a3800b3933317eab3c.jpg,Fecteau_3418,1463,2048,2024-12-02 01:39:28
205,647,1,https://lscluster.hockeytech.com/player-media/pwhl/a108ad29aca97cf754056012fbe0c7c7.jpg,https://lscluster.hockeytech.com/player-media/pwhl/a108ad29aca97cf754056012fbe0c7c7.jpg,NY_Fillier_10,400,600,2025-11-27 18:41:50
205,331,0,https://lscluster.hockeytech.com/player-media/pwhl/41252667a50588746ecffc223f593d55.jpg,https://lscluster.hockeytech.com/player-media/pwhl/41252667a50588746ecffc223f593d55.jpg,Fillier_9079,1463,2048,2024-12-02 01:37:33
206,650,1,https://lscluster.hockeytech.com/player-media/pwhl/3c9d12fa386c84511cd582f07b4bb750.jpg,https://lscluster.hockeytech.com/player-media/pwhl/3c9d12fa386c84511cd582f07b4bb750.jpg,NY_Hartje_4,400,600,2025-11-27 18:42:24
206,338,0,https://lscluster.hockeytech.com/player-media/pwhl/1f7fac5b1c00505779f157eb0ad8119c.jpg,https://lscluster.hockeytech.com/player-media/pwhl/1f7fac5b1c00505779f157eb0ad8119c.jpg,Hartje_4197,1463,2048,2024-12-02 01:40:27
207,642,1,https://lscluster.hockeytech.com/player-media/pwhl/541ee664ec4a8682ad2d49ecea28c94b.jpg,https://lscluster.hockeytech.com/player-media/pwhl/541ee664ec4a8682ad2d49ecea28c94b.jpg,NY_Bernard_16,400,600,2025-11-27 18:40:53
207,506,0,https://lscluster.hockeytech.com/player-media/pwhl/e21663c25564e3094d4df0543dc94776.jpg,https://lscluster.hockeytech.com/player-media/pwhl/e21663c25564e3094d4df0543dc94776.jpg,NY_Bernard_16,1812,2623,2025-11-24 17:23:45
207,387,0,https://lscluster.hockeytech.com/player-media/pwhl/b14a48ed706e138abc015e3ccce1332c.jpg,https://lscluster.hockeytech.com/player-media/pwhl/b14a48ed706e138abc015e3ccce1332c.jpg,Lauren_Bernard_PWHL_Sceptres_1878,3568,5350,2024-12-02 11:39:04
208,596,1,https://lscluster.hockeytech.com/player-media/pwhl/694dbe1019ad1a5e8cb13cc370fed87b.jpg,https://lscluster.hockeytech.com/player-media/pwhl/694dbe1019ad1a5e8cb13cc370fed87b.jpg,SEA_Carter_27,400,600,2025-11-27 17:50:03
208,386,0,https://lscluster.hockeytech.com/player-media/pwhl/95cad08013cff6284d77a08b754e0cde.jpg,https://lscluster.hockeytech.com/player-media/pwhl/95cad08013cff6284d77a08b754e0cde.jpg,Megan_Carter_PWHL_Sceptres_3200,3494,5239,2024-12-02 11:38:33
209,545,1,https://lscluster.hockeytech.com/player-media/pwhl/104a30879c5380ba11ed3f75abe4d12e.jpg,https://lscluster.hockeytech.com/player-media/pwhl/104a30879c5380ba11ed3f75abe4d12e.jpg,VAN_Daniel_8,400,600,2025-11-27 16:08:12
209,385,0,https://lscluster.hockeytech.com/player-media/pwhl/945eae52dfabdb5c18c3b79a6f215766.jpg,https://lscluster.hockeytech.com/player-media/pwhl/945eae52dfabdb5c18c3b79a6f215766.jpg,Izzy_Daniel_PWHL_Sceptres_0960,3373,5057,2024-12-02 11:38:05
21,705,1,https://lscluster.hockeytech.com/player-media/pwhl/c9cb1a0ebeced3159c7251154df5fd9f.jpg,https://lscluster.hockeytech.com/player-media/pwhl/c9cb1a0ebeced3159c7251154df5fd9f.jpg,MIN_Heise_27,400,600,2025-11-27 19:30:02
21,313,0,https://lscluster.hockeytech.com/player-media/pwhl/5efa6c9c0b197835bb39551473f49ca6.jpg,https://lscluster.hockeytech.com/player-media/pwhl/5efa6c9c0b197835bb39551473f49ca6.jpg,Heise,1463,2048,2024-11-29 15:26:32
21,103,0,https://lscluster.hockeytech.com/player-media/pwhl/c32545d47f125bb1de41af7397ee7323.jpg,https://lscluster.hockeytech.com/player-media/pwhl/c32545d47f125bb1de41af7397ee7323.jpg,Taylor Heise 39077,2244,3365,2023-11-25 21:09:04
210,599,1,https://lscluster.hockeytech.com/player-media/pwhl/721d5b35fcbe85231d3c43f4166e5393.jpg,https://lscluster.hockeytech.com/player-media/pwhl/721d5b35fcbe85231d3c43f4166e5393.jpg,SEA_Gosling_88,400,600,2025-11-27 17:50:58
210,384,0,https://lscluster.hockeytech.com/player-media/pwhl/c18ccaf5f4853aa5d5f950621bb0f2d9.jpg,https://lscluster.hockeytech.com/player-media/pwhl/c18ccaf5f4853aa5d5f950621bb0f2d9.jpg,Julia_Gosling_PWHL_Sceptres_1387,3674,5509,2024-12-02 11:37:45
212,728,1,https://lscluster.hockeytech.com/player-media/pwhl/2ff458d1b94464e152438d484aa9f33d.jpg,https://lscluster.hockeytech.com/player-media/pwhl/2ff458d1b94464e152438d484aa9f33d.jpg,BOS_Kluge_25,400,600,2025-11-27 19:45:57
212,520,0,https://lscluster.hockeytech.com/player-media/pwhl/0e02c5096b86d9796b3f59390d998f0c.jpg,https://lscluster.hockeytech.com/player-media/pwhl/0e02c5096b86d9796b3f59390d998f0c.jpg,BOS_Kluge_25,814,1200,2025-11-26 20:54:51
212,444,0,https://lscluster.hockeytech.com/player-media/pwhl/e1b7323cd75102ba8c21bd7d28103ed3.jpg,https://lscluster.hockeytech.com/player-media/pwhl/e1b7323cd75102ba8c21bd7d28103ed3.jpg,Laura_Kluge_PWHL_Sceptres_1550,3568,5350,2025-02-11 19:07:19
213,381,1,https://lscluster.hockeytech.com/player-media/pwhl/c3d9e5089ad51063030c61f6cde83fe0.jpg,https://lscluster.hockeytech.com/player-media/pwhl/c3d9e5089ad51063030c61f6cde83fe0.jpg,Anneke_Rankila_PWHL_Sceptres_2735,3404,5104,2024-12-02 11:34:21
214,382,1,https://lscluster.hockeytech.com/player-media/pwhl/bff19f0eee29a6967b8ed48eb534a855.jpg,https://lscluster.hockeytech.com/player-media/pwhl/bff19f0eee29a6967b8ed48eb534a855.jpg,Noemi_Neubauerova_PWHL_Sceptres_2040,3568,5350,2024-12-02 11:36:16
215,372,1,https://lscluster.hockeytech.com/player-media/pwhl/1dc8d05cdb34db83bce409481add13b7.jpg,https://lscluster.hockeytech.com/player-media/pwhl/1dc8d05cdb34db83bce409481add13b7.jpg,Adolfsson,1463,2048,2024-12-02 11:30:26
217,620,1,https://lscluster.hockeytech.com/player-media/pwhl/286e072fbb75dfe518b84de62f28b088.jpg,https://lscluster.hockeytech.com/player-media/pwhl/286e072fbb75dfe518b84de62f28b088.jpg,OTT_House,400,600,2025-11-27 18:13:09
217,374,0,https://lscluster.hockeytech.com/player-media/pwhl/86a4df686ab9c3008d3bf02aa142af3e.jpg,https://lscluster.hockeytech.com/player-media/pwhl/86a4df686ab9c3008d3bf02aa142af3e.jpg,House,1463,2048,2024-12-02 11:31:24
219,628,1,https://lscluster.hockeytech.com/player-media/pwhl/4394247e6308945761cd726c3d32434e.jpg,https://lscluster.hockeytech.com/player-media/pwhl/4394247e6308945761cd726c3d32434e.jpg,OTT_Markowski,400,600,2025-11-27 18:19:14
219,375,0,https://lscluster.hockeytech.com/player-media/pwhl/49ff036083e9767794375f645a7d78d5.jpg,https://lscluster.hockeytech.com/player-media/pwhl/49ff036083e9767794375f645a7d78d5.jpg,Markowski,1463,2048,2024-12-02 11:31:49
220,629,1,https://lscluster.hockeytech.com/player-media/pwhl/27b59affd33d5b2e39e41e8594719974.jpg,https://lscluster.hockeytech.com/player-media/pwhl/27b59affd33d5b2e39e41e8594719974.jpg,OTT_McMahon,400,600,2025-11-27 18:19:27
220,376,0,https://lscluster.hockeytech.com/player-media/pwhl/40524af751a8e36ebd30adb71df11f23.jpg,https://lscluster.hockeytech.com/player-media/pwhl/40524af751a8e36ebd30adb71df11f23.jpg,McMahon,1463,2048,2024-12-02 11:32:04
221,630,1,https://lscluster.hockeytech.com/player-media/pwhl/6d2f2f36447669f4747d5f9cde6e2878.jpg,https://lscluster.hockeytech.com/player-media/pwhl/6d2f2f36447669f4747d5f9cde6e2878.jpg,OTT_Meixner,400,600,2025-11-27 18:19:43
221,377,0,https://lscluster.hockeytech.com/player-media/pwhl/74c407ecb98692d955d3e8a14d507a10.jpg,https://lscluster.hockeytech.com/player-media/pwhl/74c407ecb98692d955d3e8a14d507a10.jpg,Meixner,1463,2048,2024-12-02 11:32:25
223,635,1,https://lscluster.hockeytech.com/player-media/pwhl/e5771a12e4399f388950215404aeb5ed.jpg,https://lscluster.hockeytech.com/player-media/pwhl/e5771a12e4399f388950215404aeb5ed.jpg,OTT_Savolainen,400,600,2025-11-27 18:20:55
223,379,0,https://lscluster.hockeytech.com/player-media/pwhl/ce1454cedb0190c44fb477f9207fa95f.jpg,https://lscluster.hockeytech.com/player-media/pwhl/ce1454cedb0190c44fb477f9207fa95f.jpg,Savolaninen,1463,2048,2024-12-02 11:33:02
224,609,1,https://lscluster.hockeytech.com/player-media/pwhl/d80324f7d599c69e65ec3b3f230b1308.jpg,https://lscluster.hockeytech.com/player-media/pwhl/d80324f7d599c69e65ec3b3f230b1308.jpg,SEA_Serdachny_92,400,600,2025-11-27 17:54:59
224,380,0,https://lscluster.hockeytech.com/player-media/pwhl/b0a0eeec968919da8a1e30c1232aa2a3.jpg,https://lscluster.hockeytech.com/player-media/pwhl/b0a0eeec968919da8a1e30c1232aa2a3.jpg,Serdachny,1463,2048,2024-12-02 11:33:16
227,557,1,https://lscluster.hockeytech.com/player-media/pwhl/db5370a851d13f1e8dea442767191659.jpg,https://lscluster.hockeytech.com/player-media/pwhl/db5370a851d13f1e8dea442767191659.jpg,VAN_Rosenthal_15,400,600,2025-11-27 16:12:53
227,345,0,https://lscluster.hockeytech.com/player-media/pwhl/b8eeb402d39d0de4ae04d5f805981764.jpg,https://lscluster.hockeytech.com/player-media/pwhl/b8eeb402d39d0de4ae04d5f805981764.jpg,Rosenthal_6280,1463,2048,2024-12-02 01:42:58
229,655,1,https://lscluster.hockeytech.com/player-media/pwhl/74a51e6eacddccedb2ce50b6a7b662c8.jpg,https://lscluster.hockeytech.com/player-media/pwhl/74a51e6eacddccedb2ce50b6a7b662c8.jpg,NY_NylenPersson_8,400,600,2025-11-27 18:43:28
229,342,0,https://lscluster.hockeytech.com/player-media/pwhl/5c7d9a68d854ab89c5d0a99a19350d62.jpg,https://lscluster.hockeytech.com/player-media/pwhl/5c7d9a68d854ab89c5d0a99a19350d62.jpg,Nylén Person_7897,1463,2048,2024-12-02 01:41:54
23,713,1,https://lscluster.hockeytech.com/player-media/pwhl/bc691933551a45a9bbc609cc8a0727c5.jpg,https://lscluster.hockeytech.com/player-media/pwhl/bc691933551a45a9bbc609cc8a0727c5.jpg,MIN_Pannek_12,400,600,2025-11-27 19:32:12
23,322,0,https://lscluster.hockeytech.com/player-media/pwhl/a20d9e0d28f2a08d15eb1a95c9c81101.jpg,https://lscluster.hockeytech.com/player-media/pwhl/a20d9e0d28f2a08d15eb1a95c9c81101.jpg,Pannek,1463,2048,2024-12-02 01:33:08
23,105,0,https://lscluster.hockeytech.com/player-media/pwhl/fb5681e238083b364b8b37175fcc676f.jpg,https://lscluster.hockeytech.com/player-media/pwhl/fb5681e238083b364b8b37175fcc676f.jpg,Kelly Pannek 39063,1950,2925,2023-11-25 21:10:30
230,662,1,https://lscluster.hockeytech.com/player-media/pwhl/b1b9fa857b86be8aabbda66320cb0cd0.jpg,https://lscluster.hockeytech.com/player-media/pwhl/b1b9fa857b86be8aabbda66320cb0cd0.jpg,NY_Simpson_20,400,600,2025-11-27 18:45:05
230,349,0,https://lscluster.hockeytech.com/player-media/pwhl/c75f6a5813b933069938f848e6401a49.jpg,https://lscluster.hockeytech.com/player-media/pwhl/c75f6a5813b933069938f848e6401a49.jpg,Simpson_8255,1365,2048,2024-12-02 01:44:41
231,350,1,https://lscluster.hockeytech.com/player-media/pwhl/59443e1c7f8d96d1940fd17b1924aa63.jpg,https://lscluster.hockeytech.com/player-media/pwhl/59443e1c7f8d96d1940fd17b1924aa63.jpg,Tulus_7597,1463,2048,2024-12-02 01:49:02
232,730,1,https://lscluster.hockeytech.com/player-media/pwhl/a0c3c72a8f3a3f48cfd596dd8ab7cb46.jpg,https://lscluster.hockeytech.com/player-media/pwhl/a0c3c72a8f3a3f48cfd596dd8ab7cb46.jpg,BOS_MacKinnon_53,400,600,2025-11-27 19:46:30
232,521,0,https://lscluster.hockeytech.com/player-media/pwhl/e0d739b5f7159a123aba97506efedfe4.jpg,https://lscluster.hockeytech.com/player-media/pwhl/e0d739b5f7159a123aba97506efedfe4.jpg,BOS_MacKinnon_53,800,1200,2025-11-26 21:10:17
232,388,0,https://lscluster.hockeytech.com/player-media/pwhl/19bfa74d3359aa4cebf224a5e697f94b.jpg,https://lscluster.hockeytech.com/player-media/pwhl/19bfa74d3359aa4cebf224a5e697f94b.jpg,Rylind_MacKinnon_PWHL_Sceptres_1701,1100,1649,2024-12-02 11:44:29
237,594,1,https://lscluster.hockeytech.com/player-media/pwhl/a534a732e6e0544b84d98959e715bafb.jpg,https://lscluster.hockeytech.com/player-media/pwhl/a534a732e6e0544b84d98959e715bafb.jpg,SEA_Buglioni_10,400,600,2025-11-27 17:49:28
237,452,0,https://lscluster.hockeytech.com/player-media/pwhl/780df77727a70a4a0a22219b09288b7a.jpg,https://lscluster.hockeytech.com/player-media/pwhl/780df77727a70a4a0a22219b09288b7a.jpg,Buglioni,2097,2097,2025-09-12 17:13:18
239,636,1,https://lscluster.hockeytech.com/player-media/pwhl/15bfcb1bab379b4d29805508017cd598.jpg,https://lscluster.hockeytech.com/player-media/pwhl/15bfcb1bab379b4d29805508017cd598.jpg,OTT_Shokhina,400,600,2025-11-27 18:21:10
24,717,1,https://lscluster.hockeytech.com/player-media/pwhl/b4e28f67d8cb02e150fb3d74bfd48e39.jpg,https://lscluster.hockeytech.com/player-media/pwhl/b4e28f67d8cb02e150fb3d74bfd48e39.jpg,MIN_Stecklein_2,400,600,2025-11-27 19:32:58
24,326,0,https://lscluster.hockeytech.com/player-media/pwhl/0288e14cb00067b4fef4096630d767be.jpg,https://lscluster.hockeytech.com/player-media/pwhl/0288e14cb00067b4fef4096630d767be.jpg,Stecklein,1463,2048,2024-12-02 01:34:31
24,106,0,https://lscluster.hockeytech.com/player-media/pwhl/8309e68f24d8023bcd53afe707108406.jpg,https://lscluster.hockeytech.com/player-media/pwhl/8309e68f24d8023bcd53afe707108406.jpg,Lee Stecklein 39067,1955,2933,2023-11-25 21:10:55
240,625,1,https://lscluster.hockeytech.com/player-media/pwhl/4549b4e54141afc6d2e56ec8e588b99d.jpg,https://lscluster.hockeytech.com/player-media/pwhl/4549b4e54141afc6d2e56ec8e588b99d.jpg,OTT_Kadirova,400,600,2025-11-27 18:18:22
241,640,1,https://lscluster.hockeytech.com/player-media/pwhl/e650fa800beb16c1638a4fa0be9e567d.jpg,https://lscluster.hockeytech.com/player-media/pwhl/e650fa800beb16c1638a4fa0be9e567d.jpg,OTT_Wozniewicz,400,600,2025-11-27 18:22:10
241,456,0,https://lscluster.hockeytech.com/player-media/pwhl/2698212f5be8024f27701e768cac3525.jpg,https://lscluster.hockeytech.com/player-media/pwhl/2698212f5be8024f27701e768cac3525.jpg,Wozniewicz,1552,1552,2025-09-12 17:35:52
242,617,1,https://lscluster.hockeytech.com/player-media/pwhl/e573f0a3cdea4a301d4f36b2c4887fb7.jpg,https://lscluster.hockeytech.com/player-media/pwhl/e573f0a3cdea4a301d4f36b2c4887fb7.jpg,OTT_Guilday,400,600,2025-11-27 18:12:23
242,457,0,https://lscluster.hockeytech.com/player-media/pwhl/77e50de8a542942ff244462f9db3b1f1.jpg,https://lscluster.hockeytech.com/player-media/pwhl/77e50de8a542942ff244462f9db3b1f1.jpg,Rory Gilday Cropped,2168,2168,2025-09-12 17:40:02
245,651,1,https://lscluster.hockeytech.com/player-media/pwhl/51966aefe39569f513ccdde41019c44d.jpg,https://lscluster.hockeytech.com/player-media/pwhl/51966aefe39569f513ccdde41019c44d.jpg,NY_Kaltounkova_98,400,600,2025-11-27 18:42:34
245,450,0,https://lscluster.hockeytech.com/player-media/pwhl/60bc2faeb30a9f215a89d7b6a237aa4e.jpg,https://lscluster.hockeytech.com/player-media/pwhl/60bc2faeb30a9f215a89d7b6a237aa4e.jpg,Kaltounková-Kristýna Cropped,2019,2019,2025-09-12 17:11:58
248,560,1,https://lscluster.hockeytech.com/player-media/pwhl/17f575c812a43bf8ace25b9799ebc8b9.jpg,https://lscluster.hockeytech.com/player-media/pwhl/17f575c812a43bf8ace25b9799ebc8b9.jpg,VAN_Segedi_51,400,600,2025-11-27 16:14:14
248,455,0,https://lscluster.hockeytech.com/player-media/pwhl/6118edd87ed212cd3667c580bd31dc1d.jpg,https://lscluster.hockeytech.com/player-media/pwhl/6118edd87ed212cd3667c580bd31dc1d.jpg,Segedi,1932,1932,2025-09-12 17:25:20
249,644,1,https://lscluster.hockeytech.com/player-media/pwhl/08624238dd621bf14b80449134955774.jpg,https://lscluster.hockeytech.com/player-media/pwhl/08624238dd621bf14b80449134955774.jpg,NY_Cherkowski_24,400,600,2025-11-27 18:41:14
249,507,0,https://lscluster.hockeytech.com/player-media/pwhl/9b483ae26babd31e21ed1f71b6b8f06d.jpg,https://lscluster.hockeytech.com/player-media/pwhl/9b483ae26babd31e21ed1f71b6b8f06d.jpg,NY_Cherkowski_24,1659,2364,2025-11-24 17:28:39
249,449,0,https://lscluster.hockeytech.com/player-media/pwhl/79a1ca4b4ebcd4a1d35f6f27a011da95.jpg,https://lscluster.hockeytech.com/player-media/pwhl/79a1ca4b4ebcd4a1d35f6f27a011da95.jpg,Cherkowski,1580,1580,2025-09-12 17:09:55
25,718,1,https://lscluster.hockeytech.com/player-media/pwhl/9c3afa3cfcda2d270c134dee7e63e491.jpg,https://lscluster.hockeytech.com/player-media/pwhl/9c3afa3cfcda2d270c134dee7e63e491.jpg,MIN_Zumwinkle_13,400,600,2025-11-27 19:33:13
25,328,0,https://lscluster.hockeytech.com/player-media/pwhl/33b73dd1845c9926dd6508d7b473fc7b.jpg,https://lscluster.hockeytech.com/player-media/pwhl/33b73dd1845c9926dd6508d7b473fc7b.jpg,Zumwinkle,1463,2048,2024-12-02 01:35:32
25,107,0,https://lscluster.hockeytech.com/player-media/pwhl/086f04b591cd622c71023d83fc69e7e3.jpg,https://lscluster.hockeytech.com/player-media/pwhl/086f04b591cd622c71023d83fc69e7e3.jpg,Grace Zumwinkle 39062,2070,3106,2023-11-25 21:11:17
252,550,1,https://lscluster.hockeytech.com/player-media/pwhl/d303c2ffa7929246d3321e3231ac54bc.jpg,https://lscluster.hockeytech.com/player-media/pwhl/d303c2ffa7929246d3321e3231ac54bc.jpg,VAN_Karvinen_33,400,600,2025-11-27 16:10:14
252,460,0,https://lscluster.hockeytech.com/player-media/pwhl/f9e826acb155d288c96aa1ba8b3a5f9f.png,https://lscluster.hockeytech.com/player-media/pwhl/f9e826acb155d288c96aa1ba8b3a5f9f.png,PWHL,400,400,2025-10-06 15:41:07
253,677,1,https://lscluster.hockeytech.com/player-media/pwhl/c6533ee124d31693a4f0d608de236f2d.jpg,https://lscluster.hockeytech.com/player-media/pwhl/c6533ee124d31693a4f0d608de236f2d.jpg,MTL_Gosling_61,400,600,2025-11-27 19:07:13
253,462,0,https://lscluster.hockeytech.com/player-media/pwhl/7a8800ce83f290569ee65c8c4247389a.png,https://lscluster.hockeytech.com/player-media/pwhl/7a8800ce83f290569ee65c8c4247389a.png,PWHL Logo HockeyTech Placeholder W,400,400,2025-10-10 17:42:54
26,566,1,https://lscluster.hockeytech.com/player-media/pwhl/fae838ddcd5e02aef15d956d7faaee06.jpg,https://lscluster.hockeytech.com/player-media/pwhl/fae838ddcd5e02aef15d956d7faaee06.jpg,TOR_Dalton_42,400,600,2025-11-27 17:15:45
26,483,0,https://lscluster.hockeytech.com/player-media/pwhl/a687f87c07662c264dc6956a5e6ae23d.jpg,https://lscluster.hockeytech.com/player-media/pwhl/a687f87c07662c264dc6956a5e6ae23d.jpg,Dalton_Claire_TOR,1000,1250,2025-11-22 16:16:24
26,359,0,https://lscluster.hockeytech.com/player-media/pwhl/3f42dada8c5e0a0829f6945cf979ccf6.jpg,https://lscluster.hockeytech.com/player-media/pwhl/3f42dada8c5e0a0829f6945cf979ccf6.jpg,DaltonClaire_1664,3275,4913,2024-12-02 11:24:42
26,123,0,https://lscluster.hockeytech.com/player-media/pwhl/25d26723649cc8f44ebf34ddcefd90cc.jpg,https://lscluster.hockeytech.com/player-media/pwhl/25d26723649cc8f44ebf34ddcefd90cc.jpg,DaltonClaire_ 7,1918,2877,2023-11-25 22:10:00
27,280,1,https://lscluster.hockeytech.com/player-media/pwhl/51f438b15404620bab5bbea31623b9b9.jpg,https://lscluster.hockeytech.com/player-media/pwhl/51f438b15404620bab5bbea31623b9b9.jpg,Dempsey,3155,3944,2024-11-28 03:50:54
27,124,0,https://lscluster.hockeytech.com/player-media/pwhl/7ea962b36a1e0b8fc7d32eeb376d014a.jpg,https://lscluster.hockeytech.com/player-media/pwhl/7ea962b36a1e0b8fc7d32eeb376d014a.jpg,DempseyJillian_ 9,1999,2999,2023-11-25 22:10:24
272,679,1,https://lscluster.hockeytech.com/player-media/pwhl/b60ec799e95ff47b44febd1f559652cc.jpg,https://lscluster.hockeytech.com/player-media/pwhl/b60ec799e95ff47b44febd1f559652cc.jpg,MTL_Irving_88,400,600,2025-11-27 19:07:35
274,683,1,https://lscluster.hockeytech.com/player-media/pwhl/5c5ecc8b6464a322f0a5840432d44f62.jpg,https://lscluster.hockeytech.com/player-media/pwhl/5c5ecc8b6464a322f0a5840432d44f62.jpg,MTL_Mlynkova_96,400,600,2025-11-27 19:08:36
277,641,1,https://lscluster.hockeytech.com/player-media/pwhl/5b6ca95f2936ae693ea927a869f2ca3e.jpg,https://lscluster.hockeytech.com/player-media/pwhl/5b6ca95f2936ae693ea927a869f2ca3e.jpg,NY_Bargman_22,400,600,2025-11-27 18:40:42
277,505,0,https://lscluster.hockeytech.com/player-media/pwhl/c9a1657fb94c334da6496c686eee5c15.jpg,https://lscluster.hockeytech.com/player-media/pwhl/c9a1657fb94c334da6496c686eee5c15.jpg,NY_Bargman_22,1000,1263,2025-11-24 17:21:37
280,656,1,https://lscluster.hockeytech.com/player-media/pwhl/fe3c1163fe0d492d7bfc2e84ebb9f341.jpg,https://lscluster.hockeytech.com/player-media/pwhl/fe3c1163fe0d492d7bfc2e84ebb9f341.jpg,NY_O\'Brien_26,400,600,2025-11-27 18:43:43
280,509,0,https://lscluster.hockeytech.com/player-media/pwhl/dcbb1cbc531314f48bbca3a7cda39fba.jpg,https://lscluster.hockeytech.com/player-media/pwhl/dcbb1cbc531314f48bbca3a7cda39fba.jpg,NY_O\'Brien_26,1941,2872,2025-11-24 17:31:12
285,665,1,https://lscluster.hockeytech.com/player-media/pwhl/85cbbd802a9d289df667a6510204ea55.jpg,https://lscluster.hockeytech.com/player-media/pwhl/85cbbd802a9d289df667a6510204ea55.jpg,NY_Wheeler_18,400,600,2025-11-27 18:45:40
286,618,1,https://lscluster.hockeytech.com/player-media/pwhl/461554776642935d9d3008ac934b86f2.jpg,https://lscluster.hockeytech.com/player-media/pwhl/461554776642935d9d3008ac934b86f2.jpg,OTT_Hemp,400,600,2025-11-27 18:12:36
288,633,1,https://lscluster.hockeytech.com/player-media/pwhl/17eba8ed57901cd8c48c479b73c93f9b.jpg,https://lscluster.hockeytech.com/player-media/pwhl/17eba8ed57901cd8c48c479b73c93f9b.jpg,OTT_Poniatovskaia,400,600,2025-11-27 18:20:24
289,634,1,https://lscluster.hockeytech.com/player-media/pwhl/66f0227400c8ba4995b06432e2afec16.jpg,https://lscluster.hockeytech.com/player-media/pwhl/66f0227400c8ba4995b06432e2afec16.jpg,OTT_Reilly,400,600,2025-11-27 18:20:36
29,392,1,https://lscluster.hockeytech.com/player-media/pwhl/5d3259e002d6ee95371306c42b00eab6.jpg,https://lscluster.hockeytech.com/player-media/pwhl/5d3259e002d6ee95371306c42b00eab6.jpg,MarchmentKennedy_0269,3096,4644,2024-12-03 02:15:54
29,126,0,https://lscluster.hockeytech.com/player-media/pwhl/cb088b53d46eb40d9fb898e4f9908e42.jpg,https://lscluster.hockeytech.com/player-media/pwhl/cb088b53d46eb40d9fb898e4f9908e42.jpg,MarchmentKennedy_ 3,1929,2893,2023-11-25 22:11:16
291,597,1,https://lscluster.hockeytech.com/player-media/pwhl/5837b1b39683b2b07f104336f9915037.jpg,https://lscluster.hockeytech.com/player-media/pwhl/5837b1b39683b2b07f104336f9915037.jpg,SEA_Delainedis_7,400,600,2025-11-27 17:50:21
292,601,1,https://lscluster.hockeytech.com/player-media/pwhl/51e57f1f898fe6cc2bb743083d668331.jpg,https://lscluster.hockeytech.com/player-media/pwhl/51e57f1f898fe6cc2bb743083d668331.jpg,SEA_Habisch_52,400,600,2025-11-27 17:51:32
293,605,1,https://lscluster.hockeytech.com/player-media/pwhl/0c42c78aee8b1e891638882936fe88d7.jpg,https://lscluster.hockeytech.com/player-media/pwhl/0c42c78aee8b1e891638882936fe88d7.jpg,SEA_Langseth_71,400,600,2025-11-27 17:52:41
294,606,1,https://lscluster.hockeytech.com/player-media/pwhl/3306f4758a807b41d874a66819f0f600.jpg,https://lscluster.hockeytech.com/player-media/pwhl/3306f4758a807b41d874a66819f0f600.jpg,SEA_Lobdell_24,400,600,2025-11-27 17:52:58
295,612,1,https://lscluster.hockeytech.com/player-media/pwhl/bde177aeb647255dd0bc338ba0541d37.jpg,https://lscluster.hockeytech.com/player-media/pwhl/bde177aeb647255dd0bc338ba0541d37.jpg,SEA_Wagner_66,400,600,2025-11-27 17:56:10
3,82,1,https://lscluster.hockeytech.com/player-media/pwhl/afb005b72df7befaf90b7553d134e540.jpg,https://lscluster.hockeytech.com/player-media/pwhl/afb005b72df7befaf90b7553d134e540.jpg,Buckles_Emma,1989,2984,2023-11-25 20:38:19
30,657,1,https://lscluster.hockeytech.com/player-media/pwhl/58839f2cde5b5a4122aa95561e0e2de6.jpg,https://lscluster.hockeytech.com/player-media/pwhl/58839f2cde5b5a4122aa95561e0e2de6.jpg,NY_O\'Neill_43,400,600,2025-11-27 18:43:55
30,394,0,https://lscluster.hockeytech.com/player-media/pwhl/a57a0529f60ab3637c4e297ebad70b9b.jpg,https://lscluster.hockeytech.com/player-media/pwhl/a57a0529f60ab3637c4e297ebad70b9b.jpg,ONeillKristin_1296,3275,4913,2024-12-03 02:17:07
30,127,0,https://lscluster.hockeytech.com/player-media/pwhl/6a1ab2de0f267001b032ca4cc7ebd7b4.jpg,https://lscluster.hockeytech.com/player-media/pwhl/6a1ab2de0f267001b032ca4cc7ebd7b4.jpg,ONeilKristin_ 9,1871,2807,2023-11-25 22:11:38
301,536,1,https://lscluster.hockeytech.com/player-media/pwhl/e1a1e6c39cdafddb99e54f4a404a059e.jpg,https://lscluster.hockeytech.com/player-media/pwhl/e1a1e6c39cdafddb99e54f4a404a059e.jpg,VAN_Chan_9,400,600,2025-11-27 03:49:17
306,551,1,https://lscluster.hockeytech.com/player-media/pwhl/b153a478707406b0538f2ac697d5c198.jpg,https://lscluster.hockeytech.com/player-media/pwhl/b153a478707406b0538f2ac697d5c198.jpg,VAN_Lappan_72,400,600,2025-11-27 16:10:36
306,469,0,https://lscluster.hockeytech.com/player-media/pwhl/01f5ef1eb1c8e9500a0e9c94046c6e88.png,https://lscluster.hockeytech.com/player-media/pwhl/01f5ef1eb1c8e9500a0e9c94046c6e88.png,PWHL Logo HockeyTech Placeholder W,400,400,2025-10-16 22:37:31
31,686,1,https://lscluster.hockeytech.com/player-media/pwhl/a65f359651bf42425bf9dc59c097ad54.jpg,https://lscluster.hockeytech.com/player-media/pwhl/a65f359651bf42425bf9dc59c097ad54.jpg,MTL_Poulin_29,400,600,2025-11-27 19:09:15
31,395,0,https://lscluster.hockeytech.com/player-media/pwhl/0990cb7f080738f1ad94f4eb28df2663.jpg,https://lscluster.hockeytech.com/player-media/pwhl/0990cb7f080738f1ad94f4eb28df2663.jpg,PoulinMariePhilip_0160,2883,4324,2024-12-03 02:17:41
31,128,0,https://lscluster.hockeytech.com/player-media/pwhl/232c9211e2125c3817088124f244e634.jpg,https://lscluster.hockeytech.com/player-media/pwhl/232c9211e2125c3817088124f244e634.jpg,PoulinMariePhilip_ 11,1906,2860,2023-11-25 22:12:01
310,588,1,https://lscluster.hockeytech.com/player-media/pwhl/fb3609c9c6f8ac8c6c99fe3c877c57f9.jpg,https://lscluster.hockeytech.com/player-media/pwhl/fb3609c9c6f8ac8c6c99fe3c877c57f9.jpg,VAN_Samoskevich_7 - 2,400,600,2025-11-27 17:28:39
310,464,0,https://lscluster.hockeytech.com/player-media/pwhl/2d7c29a2d1803bf17248034f22e4a11c.png,https://lscluster.hockeytech.com/player-media/pwhl/2d7c29a2d1803bf17248034f22e4a11c.png,PWHL Logo HockeyTech Placeholder W,400,400,2025-10-16 22:34:29
32,689,1,https://lscluster.hockeytech.com/player-media/pwhl/8f2cfc4ae2e9d123d0837cf5b42ca333.jpg,https://lscluster.hockeytech.com/player-media/pwhl/8f2cfc4ae2e9d123d0837cf5b42ca333.jpg,MTL_Stacey_7,400,600,2025-11-27 19:09:48
32,396,0,https://lscluster.hockeytech.com/player-media/pwhl/19438e357d1d8b0e3775c15a8db2fde0.jpg,https://lscluster.hockeytech.com/player-media/pwhl/19438e357d1d8b0e3775c15a8db2fde0.jpg,StaceyLaura_1761,3141,4712,2024-12-03 02:18:09
32,129,0,https://lscluster.hockeytech.com/player-media/pwhl/d8c81474049f48e1f1de25f343c25e66.jpg,https://lscluster.hockeytech.com/player-media/pwhl/d8c81474049f48e1f1de25f343c25e66.jpg,StaceyLaura_ 15,1918,2877,2023-11-25 22:12:22
33,329,1,https://lscluster.hockeytech.com/player-media/pwhl/cbe2513e9da1d406d73e1f765c308613.jpg,https://lscluster.hockeytech.com/player-media/pwhl/cbe2513e9da1d406d73e1f765c308613.jpg,Aurard_2791,1463,2048,2024-12-02 01:36:19
33,130,0,https://lscluster.hockeytech.com/player-media/pwhl/e9725e4451d22af1aefba32a8c0a908a.jpg,https://lscluster.hockeytech.com/player-media/pwhl/e9725e4451d22af1aefba32a8c0a908a.jpg,Aurard_Chloe,1862,2793,2023-11-26 00:21:05
34,595,1,https://lscluster.hockeytech.com/player-media/pwhl/0c148d08e79ea5808a936c321a431564.jpg,https://lscluster.hockeytech.com/player-media/pwhl/0c148d08e79ea5808a936c321a431564.jpg,SEA_Carpenter_25,400,600,2025-11-27 17:49:46
34,333,0,https://lscluster.hockeytech.com/player-media/pwhl/08ea753058242beb4b6d6ce718ea0447.jpg,https://lscluster.hockeytech.com/player-media/pwhl/08ea753058242beb4b6d6ce718ea0447.jpg,Carpenter_9459,1463,2048,2024-12-02 01:38:23
34,132,0,https://lscluster.hockeytech.com/player-media/pwhl/f190fc5a5deed4baf09bd311fc6afe4c.jpg,https://lscluster.hockeytech.com/player-media/pwhl/f190fc5a5deed4baf09bd311fc6afe4c.jpg,Carpenter_Alex,1606,2410,2023-11-26 00:21:41
35,673,1,https://lscluster.hockeytech.com/player-media/pwhl/bdbfaf7d979cb4a3000f816f3803de6f.jpg,https://lscluster.hockeytech.com/player-media/pwhl/bdbfaf7d979cb4a3000f816f3803de6f.jpg,MTL_Dowine-Landry_77,400,600,2025-11-27 19:06:24
35,334,0,https://lscluster.hockeytech.com/player-media/pwhl/987bf82e16ae40a3df2d3ac30f6146c6.jpg,https://lscluster.hockeytech.com/player-media/pwhl/987bf82e16ae40a3df2d3ac30f6146c6.jpg,Downie-Landry_3146,1463,2048,2024-12-02 01:38:43
35,133,0,https://lscluster.hockeytech.com/player-media/pwhl/dd30d493d43040ab9b16f80d84bd8eb1.jpg,https://lscluster.hockeytech.com/player-media/pwhl/dd30d493d43040ab9b16f80d84bd8eb1.jpg,Downie-Landry_Jade,1728,2592,2023-11-26 00:22:03
36,598,1,https://lscluster.hockeytech.com/player-media/pwhl/179d2a994a491aeeb5eb331572396953.jpg,https://lscluster.hockeytech.com/player-media/pwhl/179d2a994a491aeeb5eb331572396953.jpg,SEA_Eldridge_9,400,600,2025-11-27 17:50:41
36,335,0,https://lscluster.hockeytech.com/player-media/pwhl/25171aec6a782bdb6c8d644c1dfb4a57.jpg,https://lscluster.hockeytech.com/player-media/pwhl/25171aec6a782bdb6c8d644c1dfb4a57.jpg,Eldridge_5595,1463,2048,2024-12-02 01:39:03
36,134,0,https://lscluster.hockeytech.com/player-media/pwhl/d96f1b508ba3ce16726e5a6d120e8e5c.jpg,https://lscluster.hockeytech.com/player-media/pwhl/d96f1b508ba3ce16726e5a6d120e8e5c.jpg,Eldridge_Jessie,1728,2593,2023-11-26 00:22:25
37,704,1,https://lscluster.hockeytech.com/player-media/pwhl/297f95f0789eccc77de78efc4ee6e66d.jpg,https://lscluster.hockeytech.com/player-media/pwhl/297f95f0789eccc77de78efc4ee6e66d.jpg,MIN_Giguere,400,600,2025-11-27 19:29:52
37,337,0,https://lscluster.hockeytech.com/player-media/pwhl/8b8df73ab7ee29134a94d3e685e2a7b3.jpg,https://lscluster.hockeytech.com/player-media/pwhl/8b8df73ab7ee29134a94d3e685e2a7b3.jpg,Giguère_2503,1463,2048,2024-12-02 01:39:52
37,135,0,https://lscluster.hockeytech.com/player-media/pwhl/8bb31296e230597e95e092e58029ac38.jpg,https://lscluster.hockeytech.com/player-media/pwhl/8bb31296e230597e95e092e58029ac38.jpg,Giguere_Elizabeth,1862,2793,2023-11-26 00:22:50
38,619,1,https://lscluster.hockeytech.com/player-media/pwhl/a85340abb1d04dec52c8b533d8f05797.jpg,https://lscluster.hockeytech.com/player-media/pwhl/a85340abb1d04dec52c8b533d8f05797.jpg,OTT_Hobson,400,600,2025-11-27 18:12:57
38,339,0,https://lscluster.hockeytech.com/player-media/pwhl/a58199d10f22777e8bd62f5745c9c02d.jpg,https://lscluster.hockeytech.com/player-media/pwhl/a58199d10f22777e8bd62f5745c9c02d.jpg,Hobson_4924,1463,2048,2024-12-02 01:40:50
38,136,0,https://lscluster.hockeytech.com/player-media/pwhl/3962d2e39696aee1288cd54957fdf876.jpg,https://lscluster.hockeytech.com/player-media/pwhl/3962d2e39696aee1288cd54957fdf876.jpg,Hobson_Brooke,1862,2793,2023-11-26 00:23:13
39,681,1,https://lscluster.hockeytech.com/player-media/pwhl/1a2eda78302491d35c610d8e027291e8.jpg,https://lscluster.hockeytech.com/player-media/pwhl/1a2eda78302491d35c610d8e027291e8.jpg,MTL_Labelle_13,400,600,2025-11-27 19:07:55
39,390,0,https://lscluster.hockeytech.com/player-media/pwhl/a60e53ccedc48fdc2cbfc00fede58546.jpg,https://lscluster.hockeytech.com/player-media/pwhl/a60e53ccedc48fdc2cbfc00fede58546.jpg,LabelleAlexandra_2233,3124,4687,2024-12-03 02:14:53
39,137,0,https://lscluster.hockeytech.com/player-media/pwhl/2726a452b8580a9fc391efd136cb1a92.jpg,https://lscluster.hockeytech.com/player-media/pwhl/2726a452b8580a9fc391efd136cb1a92.jpg,Labelle_Alexandra,1862,2793,2023-11-26 00:23:46
4,670,1,https://lscluster.hockeytech.com/player-media/pwhl/ae067eaf8b3a2f73d203c0925a408285.jpg,https://lscluster.hockeytech.com/player-media/pwhl/ae067eaf8b3a2f73d203c0925a408285.jpg,MTL_Darkangelo_27,400,600,2025-11-27 19:05:29
4,401,0,https://lscluster.hockeytech.com/player-media/pwhl/b5cf26026d4ddc7ad7452cd963e728a9.jpg,https://lscluster.hockeytech.com/player-media/pwhl/b5cf26026d4ddc7ad7452cd963e728a9.jpg,Darkangelo,1463,2048,2024-12-03 02:20:52
4,83,0,https://lscluster.hockeytech.com/player-media/pwhl/a94c138c2ea261231ef8b319ce30bdc1.jpg,https://lscluster.hockeytech.com/player-media/pwhl/a94c138c2ea261231ef8b319ce30bdc1.jpg,Darkangelo_Shiann,1986,2979,2023-11-25 20:38:45
40,653,1,https://lscluster.hockeytech.com/player-media/pwhl/bdaf03ee7201357b741924d4e3ee4732.jpg,https://lscluster.hockeytech.com/player-media/pwhl/bdaf03ee7201357b741924d4e3ee4732.jpg,NY_Levis_19,400,600,2025-11-27 18:42:58
40,340,0,https://lscluster.hockeytech.com/player-media/pwhl/b3698cab54277d55e0ad690203657f82.jpg,https://lscluster.hockeytech.com/player-media/pwhl/b3698cab54277d55e0ad690203657f82.jpg,Levis_6718,1463,2048,2024-12-02 01:41:09
40,138,0,https://lscluster.hockeytech.com/player-media/pwhl/6166726eacfab1f1b99d175d4677ab50.jpg,https://lscluster.hockeytech.com/player-media/pwhl/6166726eacfab1f1b99d175d4677ab50.jpg,Levis_Paetyn,1859,2788,2023-11-26 00:24:22
42,687,1,https://lscluster.hockeytech.com/player-media/pwhl/449ac3f95314825b13fe1b00cb0c2ccb.jpg,https://lscluster.hockeytech.com/player-media/pwhl/449ac3f95314825b13fe1b00cb0c2ccb.jpg,MTL_Roque_11,400,600,2025-11-27 19:09:24
42,344,0,https://lscluster.hockeytech.com/player-media/pwhl/3b6ede52328ea13463dd6b6e0920043b.jpg,https://lscluster.hockeytech.com/player-media/pwhl/3b6ede52328ea13463dd6b6e0920043b.jpg,Roque_3924,1463,2048,2024-12-02 01:42:36
42,140,0,https://lscluster.hockeytech.com/player-media/pwhl/cbf7ddc16ade6c3bd686c11df1150103.jpg,https://lscluster.hockeytech.com/player-media/pwhl/cbf7ddc16ade6c3bd686c11df1150103.jpg,Roque_Abby,1862,2793,2023-11-26 00:29:35
44,581,1,https://lscluster.hockeytech.com/player-media/pwhl/08563e1967934357bcbc1b5660900f7a.jpg,https://lscluster.hockeytech.com/player-media/pwhl/08563e1967934357bcbc1b5660900f7a.jpg,TOR_Shelton_17,400,600,2025-11-27 17:21:40
44,498,0,https://lscluster.hockeytech.com/player-media/pwhl/30ac540334b5b8a2fcfe4142f131884c.jpg,https://lscluster.hockeytech.com/player-media/pwhl/30ac540334b5b8a2fcfe4142f131884c.jpg,Shelton_Ella_TOR,1000,1250,2025-11-22 16:34:13
44,348,0,https://lscluster.hockeytech.com/player-media/pwhl/65d92c13f30a7862c13c17d791a97b6b.jpg,https://lscluster.hockeytech.com/player-media/pwhl/65d92c13f30a7862c13c17d791a97b6b.jpg,Shelton_10092,1463,2048,2024-12-02 01:44:07
44,142,0,https://lscluster.hockeytech.com/player-media/pwhl/cb98547fc8ac2f550573fe6b59de5088.jpg,https://lscluster.hockeytech.com/player-media/pwhl/cb98547fc8ac2f550573fe6b59de5088.jpg,Shelton_Ella,1862,2793,2023-11-26 00:30:22
45,664,1,https://lscluster.hockeytech.com/player-media/pwhl/aab17e5c0f2de060a28250462416f246.jpg,https://lscluster.hockeytech.com/player-media/pwhl/aab17e5c0f2de060a28250462416f246.jpg,NY_Vespa_81,400,600,2025-11-27 18:45:29
45,351,0,https://lscluster.hockeytech.com/player-media/pwhl/f9078596177cba5c6e6fe22bf973ad85.jpg,https://lscluster.hockeytech.com/player-media/pwhl/f9078596177cba5c6e6fe22bf973ad85.jpg,Vespa_0506,1463,2048,2024-12-02 01:49:20
45,143,0,https://lscluster.hockeytech.com/player-media/pwhl/86870079f77fc3886d4b3c05bc914116.jpg,https://lscluster.hockeytech.com/player-media/pwhl/86870079f77fc3886d4b3c05bc914116.jpg,Vespa_Kayla,1997,2995,2023-11-26 00:30:44
46,746,1,https://lscluster.hockeytech.com/player-media/pwhl/835f833f7dff74a01a3b35edf3920865.jpg,https://lscluster.hockeytech.com/player-media/pwhl/835f833f7dff74a01a3b35edf3920865.jpg,BOS_Zafuto_73,400,600,2025-11-27 19:49:49
46,535,0,https://lscluster.hockeytech.com/player-media/pwhl/c5afc670d89d8497e4555e907f49ba5b.jpg,https://lscluster.hockeytech.com/player-media/pwhl/c5afc670d89d8497e4555e907f49ba5b.jpg,BOS_Zafuto_73,800,1200,2025-11-26 21:20:14
46,441,0,https://lscluster.hockeytech.com/player-media/pwhl/3a2ca0e70d55e47a4e90c54da094c475.jpg,https://lscluster.hockeytech.com/player-media/pwhl/3a2ca0e70d55e47a4e90c54da094c475.jpg,Zafuto,960,1200,2025-01-21 14:18:58
46,145,0,https://lscluster.hockeytech.com/player-media/pwhl/2870ae07aad56902cd7379c7b54081dc.jpg,https://lscluster.hockeytech.com/player-media/pwhl/2870ae07aad56902cd7379c7b54081dc.jpg,Zafuto_Olivia,1859,2788,2023-11-26 00:32:25
47,666,1,https://lscluster.hockeytech.com/player-media/pwhl/c20a715e62ed2708102a01d0afdcbe60.jpg,https://lscluster.hockeytech.com/player-media/pwhl/c20a715e62ed2708102a01d0afdcbe60.jpg,NY_Zandee-Hart_28,400,600,2025-11-27 18:45:51
47,352,0,https://lscluster.hockeytech.com/player-media/pwhl/ea21276b925ff23cf6e75d05994b93c7.jpg,https://lscluster.hockeytech.com/player-media/pwhl/ea21276b925ff23cf6e75d05994b93c7.jpg,Zandee-Hart_4672,1463,2048,2024-12-02 01:49:47
47,146,0,https://lscluster.hockeytech.com/player-media/pwhl/44764f287bae41df2381677400a75304.jpg,https://lscluster.hockeytech.com/player-media/pwhl/44764f287bae41df2381677400a75304.jpg,Zandee-Hart_Micah,1862,2793,2023-11-26 00:32:43
49,589,1,https://lscluster.hockeytech.com/player-media/pwhl/7b1ba2953741e99fc5e4e4c72e74849a.jpg,https://lscluster.hockeytech.com/player-media/pwhl/7b1ba2953741e99fc5e4e4c72e74849a.jpg,SEA_Adzija_78,400,600,2025-11-27 17:47:35
49,275,0,https://lscluster.hockeytech.com/player-media/pwhl/97fd6119c4f5a9df057fa247a0f46368.jpg,https://lscluster.hockeytech.com/player-media/pwhl/97fd6119c4f5a9df057fa247a0f46368.jpg,Adzija,3094,3868,2024-11-28 03:46:42
49,148,0,https://lscluster.hockeytech.com/player-media/pwhl/c1ba63a066c0ae9ac61faac8b470ac02.jpg,https://lscluster.hockeytech.com/player-media/pwhl/c1ba63a066c0ae9ac61faac8b470ac02.jpg,ADZIJA_LEXIE,2490,3735,2023-11-26 00:55:43
5,672,1,https://lscluster.hockeytech.com/player-media/pwhl/fdd1c9abf1dc5c1550a79ab735d9cefe.jpg,https://lscluster.hockeytech.com/player-media/pwhl/fdd1c9abf1dc5c1550a79ab735d9cefe.jpg,MTL_DiGrolamo_22,400,600,2025-11-27 19:06:04
5,281,0,https://lscluster.hockeytech.com/player-media/pwhl/a91b85071c48b46b5c2dada98493abe0.jpg,https://lscluster.hockeytech.com/player-media/pwhl/a91b85071c48b46b5c2dada98493abe0.jpg,DiGirolamo,3367,4209,2024-11-28 03:51:24
5,84,0,https://lscluster.hockeytech.com/player-media/pwhl/d2a5e886b16855c670bd9357028a104e.jpg,https://lscluster.hockeytech.com/player-media/pwhl/d2a5e886b16855c670bd9357028a104e.jpg,DiGirolamo_Jessica,1992,2988,2023-11-25 20:39:11
50,539,1,https://lscluster.hockeytech.com/player-media/pwhl/16f56826867566b6ed6823eaae80c062.jpg,https://lscluster.hockeytech.com/player-media/pwhl/16f56826867566b6ed6823eaae80c062.jpg,VAN_Bell_21,400,600,2025-11-27 16:05:02
50,398,0,https://lscluster.hockeytech.com/player-media/pwhl/47aad3a5e14baede0f608bb2db97391a.jpg,https://lscluster.hockeytech.com/player-media/pwhl/47aad3a5e14baede0f608bb2db97391a.jpg,Bell,1463,2048,2024-12-03 02:19:50
50,149,0,https://lscluster.hockeytech.com/player-media/pwhl/2ac8f3cf7d3b6048306a94d36146afbc.jpg,https://lscluster.hockeytech.com/player-media/pwhl/2ac8f3cf7d3b6048306a94d36146afbc.jpg,BELL_ASHTON,2305,3457,2023-11-26 01:01:04
51,669,1,https://lscluster.hockeytech.com/player-media/pwhl/5f4dd8500806349a8ecab6e9e4d3f84d.jpg,https://lscluster.hockeytech.com/player-media/pwhl/5f4dd8500806349a8ecab6e9e4d3f84d.jpg,MTL_Boulier_44,400,600,2025-11-27 19:05:19
51,357,0,https://lscluster.hockeytech.com/player-media/pwhl/9d899764172ae1849c20ba5baa12f4ac.jpg,https://lscluster.hockeytech.com/player-media/pwhl/9d899764172ae1849c20ba5baa12f4ac.jpg,BoulierAmanda_3040,2966,4449,2024-12-02 11:24:00
51,150,0,https://lscluster.hockeytech.com/player-media/pwhl/d334c562ac585054e521344d52e8858a.jpg,https://lscluster.hockeytech.com/player-media/pwhl/d334c562ac585054e521344d52e8858a.jpg,BOULIER_AMANDA,2315,3472,2023-11-26 01:01:22
52,720,1,https://lscluster.hockeytech.com/player-media/pwhl/9a2031d32093dfd808154e5edc4c137e.jpg,https://lscluster.hockeytech.com/player-media/pwhl/9a2031d32093dfd808154e5edc4c137e.jpg,BOS_Boyd_3,400,600,2025-11-27 19:44:33
52,513,0,https://lscluster.hockeytech.com/player-media/pwhl/040c8b895ec9e2384a006a233b3825b1.jpg,https://lscluster.hockeytech.com/player-media/pwhl/040c8b895ec9e2384a006a233b3825b1.jpg,BOS_Boyd_3,800,1200,2025-11-26 20:52:23
52,399,0,https://lscluster.hockeytech.com/player-media/pwhl/d70a73204d25f1c4023959135fcd8aa4.jpg,https://lscluster.hockeytech.com/player-media/pwhl/d70a73204d25f1c4023959135fcd8aa4.jpg,Boyd,1463,2048,2024-12-03 02:20:05
52,151,0,https://lscluster.hockeytech.com/player-media/pwhl/53d81da26efd9e36fa0191d11eb33746.jpg,https://lscluster.hockeytech.com/player-media/pwhl/53d81da26efd9e36fa0191d11eb33746.jpg,BOYD_ZOE,2315,3472,2023-11-26 01:01:40
53,616,1,https://lscluster.hockeytech.com/player-media/pwhl/5e1018447efaa244ca11eb0ce0372ff0.jpg,https://lscluster.hockeytech.com/player-media/pwhl/5e1018447efaa244ca11eb0ce0372ff0.jpg,OTT_Clark,400,600,2025-11-27 18:12:03
53,400,0,https://lscluster.hockeytech.com/player-media/pwhl/1e3c0129342cb05a8c286bc3017ff689.jpg,https://lscluster.hockeytech.com/player-media/pwhl/1e3c0129342cb05a8c286bc3017ff689.jpg,Clark,1463,2048,2024-12-03 02:20:24
53,152,0,https://lscluster.hockeytech.com/player-media/pwhl/3ea083ec8bc326f9989ddc29b7683757.jpg,https://lscluster.hockeytech.com/player-media/pwhl/3ea083ec8bc326f9989ddc29b7683757.jpg,CLARK_EMILY,2486,3729,2023-11-26 01:02:00
54,568,1,https://lscluster.hockeytech.com/player-media/pwhl/7c344098a78f6e1b3895450759d57f7c.jpg,https://lscluster.hockeytech.com/player-media/pwhl/7c344098a78f6e1b3895450759d57f7c.jpg,TOR_Della_Rovere_21,400,600,2025-11-27 17:16:54
54,485,0,https://lscluster.hockeytech.com/player-media/pwhl/a666052af519ac68dd96c674c88a73fd.jpg,https://lscluster.hockeytech.com/player-media/pwhl/a666052af519ac68dd96c674c88a73fd.jpg,DellaRovere_Kristin_TOR,1000,1250,2025-11-22 16:18:18
54,153,0,https://lscluster.hockeytech.com/player-media/pwhl/2fa64a4f75d7ce8f53b7d612f404231d.jpg,https://lscluster.hockeytech.com/player-media/pwhl/2fa64a4f75d7ce8f53b7d612f404231d.jpg,DELLA ROVERE_KRISTIN,2490,3735,2023-11-26 01:02:23
55,154,1,https://lscluster.hockeytech.com/player-media/pwhl/6def956d59ab71c9d5ed989d88140db3.jpg,https://lscluster.hockeytech.com/player-media/pwhl/6def956d59ab71c9d5ed989d88140db3.jpg,GILMORE_BECCA,2490,3735,2023-11-26 01:02:43
56,572,1,https://lscluster.hockeytech.com/player-media/pwhl/fd01b273feadef6d157bd5a7db96a28e.jpg,https://lscluster.hockeytech.com/player-media/pwhl/fd01b273feadef6d157bd5a7db96a28e.jpg,TOR_Harmon_15,400,600,2025-11-27 17:18:28
56,489,0,https://lscluster.hockeytech.com/player-media/pwhl/59475870d88d09d226b74b134f2d2e76.jpg,https://lscluster.hockeytech.com/player-media/pwhl/59475870d88d09d226b74b134f2d2e76.jpg,Harmon_Savannah_TOR,1000,1250,2025-11-22 16:23:51
56,435,0,https://lscluster.hockeytech.com/player-media/pwhl/3543dd0095125690d59b44509663f103.png,https://lscluster.hockeytech.com/player-media/pwhl/3543dd0095125690d59b44509663f103.png,Harmon,1010,1080,2024-12-31 17:01:55
56,402,0,https://lscluster.hockeytech.com/player-media/pwhl/db3293c94ceeecd061acf99efc8d3b0e.jpg,https://lscluster.hockeytech.com/player-media/pwhl/db3293c94ceeecd061acf99efc8d3b0e.jpg,Harmon,1463,2048,2024-12-03 02:21:17
56,155,0,https://lscluster.hockeytech.com/player-media/pwhl/82c029063187056120c7cd7cbf33799d.jpg,https://lscluster.hockeytech.com/player-media/pwhl/82c029063187056120c7cd7cbf33799d.jpg,HARMON_SAVANNAH,2490,3735,2023-11-26 01:03:04
57,621,1,https://lscluster.hockeytech.com/player-media/pwhl/a360eae824de0c3be72623b7a2bd0468.jpg,https://lscluster.hockeytech.com/player-media/pwhl/a360eae824de0c3be72623b7a2bd0468.jpg,OTT_Hughes,400,600,2025-11-27 18:13:29
57,403,0,https://lscluster.hockeytech.com/player-media/pwhl/bc13ac7fdcd424ab3f8e025fc5cdc956.jpg,https://lscluster.hockeytech.com/player-media/pwhl/bc13ac7fdcd424ab3f8e025fc5cdc956.jpg,Hughes,1463,2048,2024-12-03 02:21:50
57,156,0,https://lscluster.hockeytech.com/player-media/pwhl/da687f4d920515111d7401345e155f9d.jpg,https://lscluster.hockeytech.com/player-media/pwhl/da687f4d920515111d7401345e155f9d.jpg,HUGHES_GABBIE,2490,3735,2023-11-26 01:03:26
58,624,1,https://lscluster.hockeytech.com/player-media/pwhl/ff0e3552dca0c0f9b25c14d87c6d4a62.jpg,https://lscluster.hockeytech.com/player-media/pwhl/ff0e3552dca0c0f9b25c14d87c6d4a62.jpg,OTT_Jenner,400,600,2025-11-27 18:18:08
58,405,0,https://lscluster.hockeytech.com/player-media/pwhl/a645bddc94c71f8f94d99ee34a1300f0.jpg,https://lscluster.hockeytech.com/player-media/pwhl/a645bddc94c71f8f94d99ee34a1300f0.jpg,Jenner,1365,2048,2024-12-03 02:23:53
58,157,0,https://lscluster.hockeytech.com/player-media/pwhl/6b1aae9f566ed8cbfbc4736cd26641de.jpg,https://lscluster.hockeytech.com/player-media/pwhl/6b1aae9f566ed8cbfbc4736cd26641de.jpg,JENNER_BRIANNE,2302,3453,2023-11-26 01:03:49
60,659,1,https://lscluster.hockeytech.com/player-media/pwhl/f84d0fd02a99371d5ed1e67e58eab77d.jpg,https://lscluster.hockeytech.com/player-media/pwhl/f84d0fd02a99371d5ed1e67e58eab77d.jpg,NY_Roese_71,400,600,2025-11-27 18:44:20
60,409,0,https://lscluster.hockeytech.com/player-media/pwhl/0d1e2188de119a493f1c598e5c1b168c.jpg,https://lscluster.hockeytech.com/player-media/pwhl/0d1e2188de119a493f1c598e5c1b168c.jpg,Roese-Dunne,1463,2048,2024-12-03 02:26:35
60,160,0,https://lscluster.hockeytech.com/player-media/pwhl/21294c2000d15f828b055a86dc6fccdd.jpg,https://lscluster.hockeytech.com/player-media/pwhl/21294c2000d15f828b055a86dc6fccdd.jpg,ROESE_JINCY,2476,3714,2023-11-26 01:04:56
61,688,1,https://lscluster.hockeytech.com/player-media/pwhl/bb2b9ded770f6ba1a73e8bb669faa4ea.jpg,https://lscluster.hockeytech.com/player-media/pwhl/bb2b9ded770f6ba1a73e8bb669faa4ea.jpg,MTL_Scamurra_16,400,600,2025-11-27 19:09:35
61,436,0,https://lscluster.hockeytech.com/player-media/pwhl/67329647964e5a9da9d22432667f2bcb.png,https://lscluster.hockeytech.com/player-media/pwhl/67329647964e5a9da9d22432667f2bcb.png,Scamurra,987,1065,2024-12-31 17:03:11
61,410,0,https://lscluster.hockeytech.com/player-media/pwhl/e25a95feb18164767d1bda513e44c0c8.jpg,https://lscluster.hockeytech.com/player-media/pwhl/e25a95feb18164767d1bda513e44c0c8.jpg,Scamurra,1463,2048,2024-12-03 02:27:13
61,161,0,https://lscluster.hockeytech.com/player-media/pwhl/295e1c21f00ae2148b3dfeb89aa63928.jpg,https://lscluster.hockeytech.com/player-media/pwhl/295e1c21f00ae2148b3dfeb89aa63928.jpg,SCAMURRA_HAYLEY,2473,3709,2023-11-26 01:05:19
62,611,1,https://lscluster.hockeytech.com/player-media/pwhl/866a99d572de7422b69bf3be4b084254.jpg,https://lscluster.hockeytech.com/player-media/pwhl/866a99d572de7422b69bf3be4b084254.jpg,SEA_Tejralov├í_2,400,600,2025-11-27 17:55:53
62,412,0,https://lscluster.hockeytech.com/player-media/pwhl/d3ded11a2a8d4f084227369f78dd714a.jpg,https://lscluster.hockeytech.com/player-media/pwhl/d3ded11a2a8d4f084227369f78dd714a.jpg,Tejralová,1463,2048,2024-12-03 02:28:02
62,162,0,https://lscluster.hockeytech.com/player-media/pwhl/a02810890036b8cf3ac48fd43d70dff0.jpg,https://lscluster.hockeytech.com/player-media/pwhl/a02810890036b8cf3ac48fd43d70dff0.jpg,TEJRALOVÁ_ANETA,2302,3453,2023-11-26 01:05:53
63,585,1,https://lscluster.hockeytech.com/player-media/pwhl/f1d22786987978ef6dbb5bf5da67aab5.jpg,https://lscluster.hockeytech.com/player-media/pwhl/f1d22786987978ef6dbb5bf5da67aab5.jpg,TOR_Watts_9,400,600,2025-11-27 17:23:15
63,502,0,https://lscluster.hockeytech.com/player-media/pwhl/d242b095dd09286e7c8253dfe2e2dc47.jpg,https://lscluster.hockeytech.com/player-media/pwhl/d242b095dd09286e7c8253dfe2e2dc47.jpg,Watts2,1000,1250,2025-11-22 16:37:19
63,433,0,https://lscluster.hockeytech.com/player-media/pwhl/8b9948b6458add3d4f75cbfa1960b083.jpg,https://lscluster.hockeytech.com/player-media/pwhl/8b9948b6458add3d4f75cbfa1960b083.jpg,Daryl_Watts_PWHL_Sceptres_2509,3574,5359,2024-12-03 02:43:46
63,163,0,https://lscluster.hockeytech.com/player-media/pwhl/1d4698fa67697e1446ee37dee0a2b5e6.jpg,https://lscluster.hockeytech.com/player-media/pwhl/1d4698fa67697e1446ee37dee0a2b5e6.jpg,WATTS_DARYL,2152,3228,2023-11-26 01:06:13
65,564,1,https://lscluster.hockeytech.com/player-media/pwhl/f6cad9dc79182958b592a1921c24926c.jpg,https://lscluster.hockeytech.com/player-media/pwhl/f6cad9dc79182958b592a1921c24926c.jpg,TOR_Compher_18,400,600,2025-11-27 17:15:07
65,481,0,https://lscluster.hockeytech.com/player-media/pwhl/d721136d868f6b24fa83c0554f3f69c6.jpg,https://lscluster.hockeytech.com/player-media/pwhl/d721136d868f6b24fa83c0554f3f69c6.jpg,Compher_Jesse_TOR,1000,1250,2025-11-22 16:14:33
65,419,0,https://lscluster.hockeytech.com/player-media/pwhl/843e99a1dbbc22400d2e3a1ecbe165b5.jpg,https://lscluster.hockeytech.com/player-media/pwhl/843e99a1dbbc22400d2e3a1ecbe165b5.jpg,Jesse_Compher_PWHL_Sceptres_3042,3590,5383,2024-12-03 02:34:01
65,190,0,https://lscluster.hockeytech.com/player-media/pwhl/fb53086b9ff62e1e2e9ea85c5dc7d879.jpg,https://lscluster.hockeytech.com/player-media/pwhl/fb53086b9ff62e1e2e9ea85c5dc7d879.jpg,"Compher, Jesse -2",1366,2048,2023-11-30 12:48:29
66,565,1,https://lscluster.hockeytech.com/player-media/pwhl/487e71277bb5df3dc187740d97b16e62.jpg,https://lscluster.hockeytech.com/player-media/pwhl/487e71277bb5df3dc187740d97b16e62.jpg,TOR_Connors_22,400,600,2025-11-27 17:15:26
66,482,0,https://lscluster.hockeytech.com/player-media/pwhl/68e93b4f5a0b5cba9a23259d33add33c.jpg,https://lscluster.hockeytech.com/player-media/pwhl/68e93b4f5a0b5cba9a23259d33add33c.jpg,Connors_Maggie_TOR,1000,1250,2025-11-22 16:15:24
66,420,0,https://lscluster.hockeytech.com/player-media/pwhl/2c7b70a11aa4b9560ea4c08550bf67ab.jpg,https://lscluster.hockeytech.com/player-media/pwhl/2c7b70a11aa4b9560ea4c08550bf67ab.jpg,Maggie_Connors_PWHL_Sceptres_4146,4044,6063,2024-12-03 02:35:02
66,191,0,https://lscluster.hockeytech.com/player-media/pwhl/e27b9cb6df966666bfaf2994866bcd56.jpg,https://lscluster.hockeytech.com/player-media/pwhl/e27b9cb6df966666bfaf2994866bcd56.jpg,"Connors, Maggie-2",1366,2048,2023-11-30 12:49:02
67,569,1,https://lscluster.hockeytech.com/player-media/pwhl/667dfbd28b75db392be1c97ec90be68b.jpg,https://lscluster.hockeytech.com/player-media/pwhl/667dfbd28b75db392be1c97ec90be68b.jpg,TOR_Fast_14,400,600,2025-11-27 17:17:23
67,486,0,https://lscluster.hockeytech.com/player-media/pwhl/3657e1fc76c1dd1f77c31725fbccd519.jpg,https://lscluster.hockeytech.com/player-media/pwhl/3657e1fc76c1dd1f77c31725fbccd519.jpg,Fast_Renata_TOR,1000,1250,2025-11-22 16:20:20
67,421,0,https://lscluster.hockeytech.com/player-media/pwhl/8263df878be8a36fde33509bb9b5f424.jpg,https://lscluster.hockeytech.com/player-media/pwhl/8263df878be8a36fde33509bb9b5f424.jpg,Renata_Fast_PWHL_Sceptres_2206,3524,5284,2024-12-03 02:35:42
67,192,0,https://lscluster.hockeytech.com/player-media/pwhl/edd061c42429868172eaef82943c123b.jpg,https://lscluster.hockeytech.com/player-media/pwhl/edd061c42429868172eaef82943c123b.jpg,"Fast, Renata-2",1366,2048,2023-11-30 12:50:06
68,570,1,https://lscluster.hockeytech.com/player-media/pwhl/49a0882c8c959413b35637c24e7eb9a2.jpg,https://lscluster.hockeytech.com/player-media/pwhl/49a0882c8c959413b35637c24e7eb9a2.jpg,TOR_Flanagan_06,400,600,2025-11-27 17:17:44
68,487,0,https://lscluster.hockeytech.com/player-media/pwhl/a1243f87bcb5a4382760dfbbd00a27f6.jpg,https://lscluster.hockeytech.com/player-media/pwhl/a1243f87bcb5a4382760dfbbd00a27f6.jpg,Flanagan_Kali_TOR,1000,1250,2025-11-22 16:21:16
68,422,0,https://lscluster.hockeytech.com/player-media/pwhl/fc3ab0b2e5e89382738c480da06712b9.jpg,https://lscluster.hockeytech.com/player-media/pwhl/fc3ab0b2e5e89382738c480da06712b9.jpg,Kali_Flanagan_PWHL_Sceptres_3804,3590,5383,2024-12-03 02:36:20
68,193,0,https://lscluster.hockeytech.com/player-media/pwhl/964a554ee898b142be5e4627ba67a7b0.jpg,https://lscluster.hockeytech.com/player-media/pwhl/964a554ee898b142be5e4627ba67a7b0.jpg,"Flanagan, Kali-2",1366,2048,2023-11-30 12:50:53
69,194,1,https://lscluster.hockeytech.com/player-media/pwhl/0cd54a2f73f59926ea6145570ff242fa.jpg,https://lscluster.hockeytech.com/player-media/pwhl/0cd54a2f73f59926ea6145570ff242fa.jpg,"Howard, Brit-2",1366,2048,2023-11-30 12:51:33
7,86,1,https://lscluster.hockeytech.com/player-media/pwhl/21465ed49def94e6aa86e7cc13d0aabf.jpg,https://lscluster.hockeytech.com/player-media/pwhl/21465ed49def94e6aa86e7cc13d0aabf.jpg,Fratkin_Kaleigh,1989,2984,2023-11-25 20:40:01
71,626,1,https://lscluster.hockeytech.com/player-media/pwhl/e9f5227481b6844e74d6601d4b1fab12.jpg,https://lscluster.hockeytech.com/player-media/pwhl/e9f5227481b6844e74d6601d4b1fab12.jpg,OTT_Larocque,400,600,2025-11-27 18:18:42
71,438,0,https://lscluster.hockeytech.com/player-media/pwhl/0ef66c182962a0921bc116240f6c581c.png,https://lscluster.hockeytech.com/player-media/pwhl/0ef66c182962a0921bc116240f6c581c.png,Larocque,875,953,2024-12-31 17:09:19
71,426,0,https://lscluster.hockeytech.com/player-media/pwhl/cae03654585214d4a1d2c0fd91b376c2.jpg,https://lscluster.hockeytech.com/player-media/pwhl/cae03654585214d4a1d2c0fd91b376c2.jpg,Jocelyne_Larocque_PWHL_Sceptres_1096,3373,5057,2024-12-03 02:39:48
71,71,0,https://lscluster.hockeytech.com/player-media/pwhl/935e08075365abbdf5d7b648c0f32e2f.jpg,https://lscluster.hockeytech.com/player-media/pwhl/935e08075365abbdf5d7b648c0f32e2f.jpg,Larocque_Jocelyn,1230,1845,2023-11-23 14:45:27
72,627,1,https://lscluster.hockeytech.com/player-media/pwhl/754313d9770ccdb67bcb31e4468b5cb5.jpg,https://lscluster.hockeytech.com/player-media/pwhl/754313d9770ccdb67bcb31e4468b5cb5.jpg,OTT_Leslie,400,600,2025-11-27 18:19:01
72,406,0,https://lscluster.hockeytech.com/player-media/pwhl/a537c6494e3f4b24b2525d3aa698ff0a.jpg,https://lscluster.hockeytech.com/player-media/pwhl/a537c6494e3f4b24b2525d3aa698ff0a.jpg,Leslie,1463,2048,2024-12-03 02:24:19
72,72,0,https://lscluster.hockeytech.com/player-media/pwhl/0269f02b7c870827f88650692650d783.jpg,https://lscluster.hockeytech.com/player-media/pwhl/0269f02b7c870827f88650692650d783.jpg,Leslie_Rebecca,2089,3134,2023-11-23 14:45:41
73,577,1,https://lscluster.hockeytech.com/player-media/pwhl/b6dd97194dfa1595beed1f72c25d43ae.jpg,https://lscluster.hockeytech.com/player-media/pwhl/b6dd97194dfa1595beed1f72c25d43ae.jpg,TOR_Maltias_27,400,600,2025-11-27 17:20:14
73,494,0,https://lscluster.hockeytech.com/player-media/pwhl/edf3731cb2437f10c0e4a60fe326bc39.jpg,https://lscluster.hockeytech.com/player-media/pwhl/edf3731cb2437f10c0e4a60fe326bc39.jpg,Maltais_Emma_TOR,1000,1250,2025-11-22 16:28:48
73,427,0,https://lscluster.hockeytech.com/player-media/pwhl/d08a066a6ccee5431aabf179b7f5d489.jpg,https://lscluster.hockeytech.com/player-media/pwhl/d08a066a6ccee5431aabf179b7f5d489.jpg,Emma_Maltais_PWHL_Sceptres_3934,3590,5383,2024-12-03 02:40:25
73,196,0,https://lscluster.hockeytech.com/player-media/pwhl/596e0468a1fe8719e35ef240b1f529b3.jpg,https://lscluster.hockeytech.com/player-media/pwhl/596e0468a1fe8719e35ef240b1f529b3.jpg,"Maltais, Emma-2",1366,2048,2023-11-30 12:55:11
74,580,1,https://lscluster.hockeytech.com/player-media/pwhl/b474bcef7bcc7ae481a1a0d8587f76c6.jpg,https://lscluster.hockeytech.com/player-media/pwhl/b474bcef7bcc7ae481a1a0d8587f76c6.jpg,TOR_Munroe_12,400,600,2025-11-27 17:21:22
74,497,0,https://lscluster.hockeytech.com/player-media/pwhl/7a72c489f19390d9d0b9bfba2e5d94c4.jpg,https://lscluster.hockeytech.com/player-media/pwhl/7a72c489f19390d9d0b9bfba2e5d94c4.jpg,Munroe_Allie_TOR,1000,1250,2025-11-22 16:33:24
74,429,0,https://lscluster.hockeytech.com/player-media/pwhl/dcec44e68a01bdf1c8a4424436a639df.jpg,https://lscluster.hockeytech.com/player-media/pwhl/dcec44e68a01bdf1c8a4424436a639df.jpg,Allie_Munroe_PWHL_Sceptres_3680,3590,5383,2024-12-03 02:41:20
74,198,0,https://lscluster.hockeytech.com/player-media/pwhl/fc010bbf437c629b176999f75e7c851f.jpg,https://lscluster.hockeytech.com/player-media/pwhl/fc010bbf437c629b176999f75e7c851f.jpg,"Munroe, Allie-2",1366,2048,2023-11-30 12:58:08
75,556,1,https://lscluster.hockeytech.com/player-media/pwhl/66742b00fe9d456be6a091e734d21803.jpg,https://lscluster.hockeytech.com/player-media/pwhl/66742b00fe9d456be6a091e734d21803.jpg,VAN_Nurse_20,400,600,2025-11-27 16:12:33
75,430,0,https://lscluster.hockeytech.com/player-media/pwhl/3ac5a6c9289fee061f9b63b9c75080d5.jpg,https://lscluster.hockeytech.com/player-media/pwhl/3ac5a6c9289fee061f9b63b9c75080d5.jpg,Sarah_Nurse_PWHL_Sceptres_0368,3268,4899,2024-12-03 02:42:30
75,199,0,https://lscluster.hockeytech.com/player-media/pwhl/84ade91bc3ee55c5d1c6acbfc4c39923.jpg,https://lscluster.hockeytech.com/player-media/pwhl/84ade91bc3ee55c5d1c6acbfc4c39923.jpg,"Nurse, Sarah-2",1366,2048,2023-11-30 12:58:50
76,583,1,https://lscluster.hockeytech.com/player-media/pwhl/84ccabdd1c3320468c694c5611c62159.jpg,https://lscluster.hockeytech.com/player-media/pwhl/84ccabdd1c3320468c694c5611c62159.jpg,TOR_Turnbull_40,400,600,2025-11-27 17:22:31
76,500,0,https://lscluster.hockeytech.com/player-media/pwhl/7110759601ba77bbed32e96eac35edfd.jpg,https://lscluster.hockeytech.com/player-media/pwhl/7110759601ba77bbed32e96eac35edfd.jpg,Turnbull_Blayre_TOR,1000,1250,2025-11-22 16:36:05
76,432,0,https://lscluster.hockeytech.com/player-media/pwhl/63d57bae0a5a3d38e4e6a032f97ed58f.jpg,https://lscluster.hockeytech.com/player-media/pwhl/63d57bae0a5a3d38e4e6a032f97ed58f.jpg,Blayre_Turnbull_PWHL_Sceptres_0488,3142,4710,2024-12-03 02:43:26
76,200,0,https://lscluster.hockeytech.com/player-media/pwhl/5a2b113618c82f8a6fd5b32552ebc8ef.jpg,https://lscluster.hockeytech.com/player-media/pwhl/5a2b113618c82f8a6fd5b32552ebc8ef.jpg,"Turnbull, Blayre-2",1366,2048,2023-11-30 12:59:31
78,741,1,https://lscluster.hockeytech.com/player-media/pwhl/151a97170ad94f82f85405021b31c893.jpg,https://lscluster.hockeytech.com/player-media/pwhl/151a97170ad94f82f85405021b31c893.jpg,BOS_Tapani_77,400,600,2025-11-27 19:48:42
78,532,0,https://lscluster.hockeytech.com/player-media/pwhl/0ceb64424da50f3a95da63b06135be1c.jpg,https://lscluster.hockeytech.com/player-media/pwhl/0ceb64424da50f3a95da63b06135be1c.jpg,BOS_Tapani_77,756,1200,2025-11-26 21:19:23
78,301,0,https://lscluster.hockeytech.com/player-media/pwhl/63ecca9134839059b57983c7d079e7be.jpg,https://lscluster.hockeytech.com/player-media/pwhl/63ecca9134839059b57983c7d079e7be.jpg,Tapani,3173,3966,2024-11-28 04:05:17
78,111,0,https://lscluster.hockeytech.com/player-media/pwhl/6b9af7a0b2e843ce71af2ca5f1ca8f80.jpg,https://lscluster.hockeytech.com/player-media/pwhl/6b9af7a0b2e843ce71af2ca5f1ca8f80.jpg,Susanna Tapani 39078,2051,3076,2023-11-25 21:27:12
79,675,1,https://lscluster.hockeytech.com/player-media/pwhl/7ca0ea486ba594630b7168d40f8f16e7.jpg,https://lscluster.hockeytech.com/player-media/pwhl/7ca0ea486ba594630b7168d40f8f16e7.jpg,MTL_Flarherty_91,400,600,2025-11-27 19:06:50
79,312,0,https://lscluster.hockeytech.com/player-media/pwhl/4700888669e50839b8d5b48ba26d0239.jpg,https://lscluster.hockeytech.com/player-media/pwhl/4700888669e50839b8d5b48ba26d0239.jpg,Flaherty,1463,2048,2024-11-29 15:26:10
79,112,0,https://lscluster.hockeytech.com/player-media/pwhl/68b3715dcf6cd03da0ed3ba3dbef046e.jpg,https://lscluster.hockeytech.com/player-media/pwhl/68b3715dcf6cd03da0ed3ba3dbef046e.jpg,Maggie Flaherty 39070,2112,3168,2023-11-25 21:30:41
8,724,1,https://lscluster.hockeytech.com/player-media/pwhl/b6dfa310d4d4fe73f648dae66277248e.jpg,https://lscluster.hockeytech.com/player-media/pwhl/b6dfa310d4d4fe73f648dae66277248e.jpg,BOS_Gabel_36,400,600,2025-11-27 19:45:12
8,516,0,https://lscluster.hockeytech.com/player-media/pwhl/523611de4ca070ac32e3473f12f6c50f.jpg,https://lscluster.hockeytech.com/player-media/pwhl/523611de4ca070ac32e3473f12f6c50f.jpg,BOS_Gabel_36,800,1200,2025-11-26 20:53:26
8,283,0,https://lscluster.hockeytech.com/player-media/pwhl/0cac6c17f93631a2d0b380d62d24787a.jpg,https://lscluster.hockeytech.com/player-media/pwhl/0cac6c17f93631a2d0b380d62d24787a.jpg,Gabel,3230,4037,2024-11-28 03:54:00
8,87,0,https://lscluster.hockeytech.com/player-media/pwhl/7fc8ec5cbfc765a9cfbd43923e3253c8.jpg,https://lscluster.hockeytech.com/player-media/pwhl/7fc8ec5cbfc765a9cfbd43923e3253c8.jpg,Gabel_Loren,1989,2984,2023-11-25 20:40:25
80,117,1,https://lscluster.hockeytech.com/player-media/pwhl/b4d04148e15f6b335f9c2c3ede994683.jpg,https://lscluster.hockeytech.com/player-media/pwhl/b4d04148e15f6b335f9c2c3ede994683.jpg,BettezAnnSophie_ 13,1918,2877,2023-11-25 21:50:31
81,118,1,https://lscluster.hockeytech.com/player-media/pwhl/d77e673df9628d680af542ac33c6b8ef.jpg,https://lscluster.hockeytech.com/player-media/pwhl/d77e673df9628d680af542ac33c6b8ef.jpg,Bujold_Sarah,849,1274,2023-11-25 21:56:38
82,391,1,https://lscluster.hockeytech.com/player-media/pwhl/76fe2332797b9c54f014abac19019ff9.jpg,https://lscluster.hockeytech.com/player-media/pwhl/76fe2332797b9c54f014abac19019ff9.jpg,LaskovaDominika_2420,3324,4987,2024-12-03 02:15:15
82,119,0,https://lscluster.hockeytech.com/player-media/pwhl/cc29389898d4bd740eb6bf868d850cd6.jpg,https://lscluster.hockeytech.com/player-media/pwhl/cc29389898d4bd740eb6bf868d850cd6.jpg,LaskovaDomonika_ 6,1916,2873,2023-11-25 22:04:31
83,668,1,https://lscluster.hockeytech.com/player-media/pwhl/0ded9fac0f9b41f09e633f9a44bec2e9.jpg,https://lscluster.hockeytech.com/player-media/pwhl/0ded9fac0f9b41f09e633f9a44bec2e9.jpg,MTL_Ambrose_23,400,600,2025-11-27 19:05:03
83,354,0,https://lscluster.hockeytech.com/player-media/pwhl/f044f3cb4d627d7ebf9c5790a8f66e6a.jpg,https://lscluster.hockeytech.com/player-media/pwhl/f044f3cb4d627d7ebf9c5790a8f66e6a.jpg,AmbroseErin_0803,3047,4571,2024-12-02 11:23:05
83,120,0,https://lscluster.hockeytech.com/player-media/pwhl/140dd0c07bc92581399ad97ec11692d1.jpg,https://lscluster.hockeytech.com/player-media/pwhl/140dd0c07bc92581399ad97ec11692d1.jpg,AmbroseErin_ 11,1929,2893,2023-11-25 22:05:57
84,690,1,https://lscluster.hockeytech.com/player-media/pwhl/f7c5afdcce9d64ca35c337e469d17a1b.jpg,https://lscluster.hockeytech.com/player-media/pwhl/f7c5afdcce9d64ca35c337e469d17a1b.jpg,MTL_Tabin_9,400,600,2025-11-27 19:10:00
84,397,0,https://lscluster.hockeytech.com/player-media/pwhl/df44f30bda251dac95dff93d80153d25.jpg,https://lscluster.hockeytech.com/player-media/pwhl/df44f30bda251dac95dff93d80153d25.jpg,TabinKati_2319 1,3324,4987,2024-12-03 02:18:55
84,121,0,https://lscluster.hockeytech.com/player-media/pwhl/862589eadb90868ceee5420c90cc5aa2.jpg,https://lscluster.hockeytech.com/player-media/pwhl/862589eadb90868ceee5420c90cc5aa2.jpg,TabinKati_,1918,2877,2023-11-25 22:07:32
86,586,1,https://lscluster.hockeytech.com/player-media/pwhl/b9cb187fb7427c59e9582668b25fd990.jpg,https://lscluster.hockeytech.com/player-media/pwhl/b9cb187fb7427c59e9582668b25fd990.jpg,TOR_Woods_67,400,600,2025-11-27 17:23:35
86,503,0,https://lscluster.hockeytech.com/player-media/pwhl/56cab2e9fd206ac9e97e1f50dea46563.jpg,https://lscluster.hockeytech.com/player-media/pwhl/56cab2e9fd206ac9e97e1f50dea46563.jpg,Woods_Emma_TOR,1000,1250,2025-11-22 16:38:03
86,415,0,https://lscluster.hockeytech.com/player-media/pwhl/457d850975e06ef4cbe98efa48fe71b5.jpg,https://lscluster.hockeytech.com/player-media/pwhl/457d850975e06ef4cbe98efa48fe71b5.jpg,Emma_Woods_PWHL_Sceptres_0852,3373,5057,2024-12-03 02:29:56
86,201,0,https://lscluster.hockeytech.com/player-media/pwhl/03bcf8d1bb731a748f487f60dc342361.jpg,https://lscluster.hockeytech.com/player-media/pwhl/03bcf8d1bb731a748f487f60dc342361.jpg,HS-556-2,1957,2048,2023-11-30 13:07:49
86,144,0,https://lscluster.hockeytech.com/player-media/pwhl/c8c13274f24f061e8a92b3e9c6bd75bc.jpg,https://lscluster.hockeytech.com/player-media/pwhl/c8c13274f24f061e8a92b3e9c6bd75bc.jpg,Woods_Emma,1891,2836,2023-11-26 00:32:01
87,643,1,https://lscluster.hockeytech.com/player-media/pwhl/15b0dfd2e3ecb31e40b0ee0015dc3aac.jpg,https://lscluster.hockeytech.com/player-media/pwhl/15b0dfd2e3ecb31e40b0ee0015dc3aac.jpg,NY_Bourbonnais_14,400,600,2025-11-27 18:41:05
87,332,0,https://lscluster.hockeytech.com/player-media/pwhl/4b9a4231ba5493cf6f0cdf6c64487f55.jpg,https://lscluster.hockeytech.com/player-media/pwhl/4b9a4231ba5493cf6f0cdf6c64487f55.jpg,Bourbonnais_8702,1463,2048,2024-12-02 01:38:04
87,131,0,https://lscluster.hockeytech.com/player-media/pwhl/fc949213b2d566f04dcf66f1f39a05b1.jpg,https://lscluster.hockeytech.com/player-media/pwhl/fc949213b2d566f04dcf66f1f39a05b1.jpg,Bourbonnais_Jaime,1711,2567,2023-11-26 00:21:22
88,631,1,https://lscluster.hockeytech.com/player-media/pwhl/782a668408fa28be7e6eca2ff6a68795.jpg,https://lscluster.hockeytech.com/player-media/pwhl/782a668408fa28be7e6eca2ff6a68795.jpg,OTT_Mrazova,400,600,2025-11-27 18:19:56
88,408,0,https://lscluster.hockeytech.com/player-media/pwhl/070246f1d9753c1d5ebd67f61725c192.jpg,https://lscluster.hockeytech.com/player-media/pwhl/070246f1d9753c1d5ebd67f61725c192.jpg,Mrazova,1463,2048,2024-12-03 02:26:08
88,159,0,https://lscluster.hockeytech.com/player-media/pwhl/c8071a65a4b97d4db0949874bbd5e7c2.jpg,https://lscluster.hockeytech.com/player-media/pwhl/c8071a65a4b97d4db0949874bbd5e7c2.jpg,Mrazova_Katerina,2473,3709,2023-11-26 01:04:33
89,554,1,https://lscluster.hockeytech.com/player-media/pwhl/690a97ea6177720da6dcfd41f39d6a98.jpg,https://lscluster.hockeytech.com/player-media/pwhl/690a97ea6177720da6dcfd41f39d6a98.jpg,VAN_Miller_34,400,600,2025-11-27 16:11:52
89,428,0,https://lscluster.hockeytech.com/player-media/pwhl/74be2678ff2f95d883d070edc26d1754.jpg,https://lscluster.hockeytech.com/player-media/pwhl/74be2678ff2f95d883d070edc26d1754.jpg,Hannah_Miller_PWHL_Sceptres_4317,3738,5605,2024-12-03 02:40:51
89,197,0,https://lscluster.hockeytech.com/player-media/pwhl/80c61a698e6f58f0b03c57b7a98635e9.jpg,https://lscluster.hockeytech.com/player-media/pwhl/80c61a698e6f58f0b03c57b7a98635e9.jpg,"Miller,Hannah-2",1366,2048,2023-11-30 12:57:32
9,649,1,https://lscluster.hockeytech.com/player-media/pwhl/a15d87ff138e7d3dab47b3de2ff70f83.jpg,https://lscluster.hockeytech.com/player-media/pwhl/a15d87ff138e7d3dab47b3de2ff70f83.jpg,NY_Girard_17,400,600,2025-11-27 18:42:14
9,648,0,https://lscluster.hockeytech.com/player-media/pwhl/83d893301061959c4f85517c6ccf3642.jpg,https://lscluster.hockeytech.com/player-media/pwhl/83d893301061959c4f85517c6ccf3642.jpg,NY_Fillier_10,400,600,2025-11-27 18:42:01
9,443,0,https://lscluster.hockeytech.com/player-media/pwhl/9553535e0190e8997f14f325f1aa190c.png,https://lscluster.hockeytech.com/player-media/pwhl/9553535e0190e8997f14f325f1aa190c.png,Girard,1080,1080,2025-01-21 16:19:02
9,88,0,https://lscluster.hockeytech.com/player-media/pwhl/f6a6c5855d2d9fd9ff15d7017709a7dd.jpg,https://lscluster.hockeytech.com/player-media/pwhl/f6a6c5855d2d9fd9ff15d7017709a7dd.jpg,Girard_Taylor,1992,2988,2023-11-25 20:41:03
90,699,1,https://lscluster.hockeytech.com/player-media/pwhl/e906b35c1cd15c41e3b1430791f14785.jpg,https://lscluster.hockeytech.com/player-media/pwhl/e906b35c1cd15c41e3b1430791f14785.jpg,MIN_Buchbinder_22,400,600,2025-11-27 19:28:53
90,306,0,https://lscluster.hockeytech.com/player-media/pwhl/68a62a4e2e620ddb37b78e456e1302a2.jpg,https://lscluster.hockeytech.com/player-media/pwhl/68a62a4e2e620ddb37b78e456e1302a2.jpg,Buchbinder,1463,2048,2024-11-29 15:24:11
90,177,0,https://lscluster.hockeytech.com/player-media/pwhl/d692c4ec7875de0a884579dde408de2e.jpg,https://lscluster.hockeytech.com/player-media/pwhl/d692c4ec7875de0a884579dde408de2e.jpg,Natalie Buchbinder 39083-2,1365,2048,2023-11-30 11:29:35
91,593,1,https://lscluster.hockeytech.com/player-media/pwhl/cd99035df63ff1d2b20e3ad4df6a4153.jpg,https://lscluster.hockeytech.com/player-media/pwhl/cd99035df63ff1d2b20e3ad4df6a4153.jpg,SEA_Bryant_17,400,600,2025-11-27 17:49:10
91,305,0,https://lscluster.hockeytech.com/player-media/pwhl/6c2b68aec2c578401ef0a7cc6659dc05.jpg,https://lscluster.hockeytech.com/player-media/pwhl/6c2b68aec2c578401ef0a7cc6659dc05.jpg,Bryant,1463,2048,2024-11-29 15:23:54
91,176,0,https://lscluster.hockeytech.com/player-media/pwhl/c98c62ba0d09d1e862d21a1afeb5d23b.jpg,https://lscluster.hockeytech.com/player-media/pwhl/c98c62ba0d09d1e862d21a1afeb5d23b.jpg,Brooke Bryant 39082 (1)-2,1365,2048,2023-11-30 11:29:05
92,304,1,https://lscluster.hockeytech.com/player-media/pwhl/3dc64945da8c6f1ddf12d3f450850747.jpg,https://lscluster.hockeytech.com/player-media/pwhl/3dc64945da8c6f1ddf12d3f450850747.jpg,Brodt,1463,2048,2024-11-29 15:23:35
92,175,0,https://lscluster.hockeytech.com/player-media/pwhl/410f30ba0cc939e5287f3b782c7cfa95.jpg,https://lscluster.hockeytech.com/player-media/pwhl/410f30ba0cc939e5287f3b782c7cfa95.jpg,Sydney Brodt 39076-2,1365,2048,2023-11-30 11:10:37
97,739,1,https://lscluster.hockeytech.com/player-media/pwhl/209406bfc24c6a18cf8d5da71438ea78.jpg,https://lscluster.hockeytech.com/player-media/pwhl/209406bfc24c6a18cf8d5da71438ea78.jpg,BOS_Schepers_13,400,600,2025-11-27 19:48:15
97,530,0,https://lscluster.hockeytech.com/player-media/pwhl/be623dabbac580fa2f3acd1458746c06.jpg,https://lscluster.hockeytech.com/player-media/pwhl/be623dabbac580fa2f3acd1458746c06.jpg,BOS_Schepers_13,778,1200,2025-11-26 21:18:44
97,325,0,https://lscluster.hockeytech.com/player-media/pwhl/79c7b5a047df9be1acb59f5da25f17c2.jpg,https://lscluster.hockeytech.com/player-media/pwhl/79c7b5a047df9be1acb59f5da25f17c2.jpg,Schepers,1463,2048,2024-12-02 01:34:14
97,182,0,https://lscluster.hockeytech.com/player-media/pwhl/9c1045ee257a74a0c382562fad7d7f55.jpg,https://lscluster.hockeytech.com/player-media/pwhl/9c1045ee257a74a0c382562fad7d7f55.jpg,Liz Schepers 39068-2,1365,2048,2023-11-30 11:31:35
98,684,1,https://lscluster.hockeytech.com/player-media/pwhl/0217e9379262e763830780cda78ece05.jpg,https://lscluster.hockeytech.com/player-media/pwhl/0217e9379262e763830780cda78ece05.jpg,MTL_Murphy_21,400,600,2025-11-27 19:08:49
98,393,0,https://lscluster.hockeytech.com/player-media/pwhl/426dc37a9c5122e3710e6ff2b91a093a.jpg,https://lscluster.hockeytech.com/player-media/pwhl/426dc37a9c5122e3710e6ff2b91a093a.jpg,MurphyMaureen_2020,2927,4391,2024-12-03 02:16:30
98,187,0,https://lscluster.hockeytech.com/player-media/pwhl/4e83ca6c7eaa635f083ea73327278c8c.jpg,https://lscluster.hockeytech.com/player-media/pwhl/4e83ca6c7eaa635f083ea73327278c8c.jpg,MurphyMaureen_ 1-3,2048,1975,2023-11-30 11:36:57
99,603,1,https://lscluster.hockeytech.com/player-media/pwhl/795d4468fc63b9e8560565d6010e070d.jpg,https://lscluster.hockeytech.com/player-media/pwhl/795d4468fc63b9e8560565d6010e070d.jpg,SEA_Keopple_20,400,600,2025-11-27 17:52:05
99,389,0,https://lscluster.hockeytech.com/player-media/pwhl/b48d80807904dee231d5689c230a23bb.jpg,https://lscluster.hockeytech.com/player-media/pwhl/b48d80807904dee231d5689c230a23bb.jpg,KeoppleMariah_3259,3048,4573,2024-12-03 02:09:14
99,188,0,https://lscluster.hockeytech.com/player-media/pwhl/6ff0af77a97b907ed78100c4d413fa19.jpg,https://lscluster.hockeytech.com/player-media/pwhl/6ff0af77a97b907ed78100c4d413fa19.jpg,KeoppleMariah_ 10-3,1777,2048,2023-11-30 11:38:36
