transaction_type,title,ttype,ttype_text,transaction_date,transaction_time,formatted_transaction_date,timezone,player_id,response1,response2,first_name,last_name,player_name,position,team_id,team_city,team_name,team_code,division,team_logo,detail,season_id
2,Signed,1,ADD,2024-03-20,16:08:17,03/20/2024,Canada/Eastern,175,,,Kelly,Babstock,Kelly Babstock (RW),RW,1,Boston,PWHL Boston,BOS,PWHL,https://assets.leaguestat.com/pwhl/logos/1.png,Signed,1
2,Signed,1,ADD,2024-03-20,16:11:13,03/20/2024,Canada/Eastern,176,,,Caitrin,Lonergan,Caitrin Lonergan (F),F,1,Boston,PWHL Boston,BOS,PWHL,https://assets.leaguestat.com/pwhl/logos/1.png,Signed,1
2,Signed,1,ADD,2024-03-20,16:13:18,03/20/2024,Canada/Eastern,139,,,Liliane,Perreault,Liliane Perreault (F),F,3,Montreal,PWHL Montreal,MTL,PWHL,https://assets.leaguestat.com/pwhl/logos/3.png,Signed,1
2,Signed,1,ADD,2024-03-20,16:14:36,03/20/2024,Canada/Eastern,177,,,Brooke,Stacey,Brooke Stacey (F),F,3,Montreal,PWHL Montreal,MTL,PWHL,https://assets.leaguestat.com/pwhl/logos/3.png,Signed,1
2,Signed,1,ADD,2024-03-20,17:31:42,03/20/2024,Canada/Eastern,4,,,Shiann,Darkangelo,Shiann Darkangelo (F),F,5,Ottawa,PWHL Ottawa,OTT,PWHL,https://assets.leaguestat.com/pwhl/logos/5.png,Signed,1
2,Signed,1,ADD,2024-03-20,16:24:58,03/20/2024,Canada/Eastern,112,,,Lauren,MacInnis,Lauren MacInnis (D),D,5,Ottawa,PWHL Ottawa,OTT,PWHL,https://assets.leaguestat.com/pwhl/logos/5.png,Signed,1
2,Signed,1,ADD,2024-03-20,16:18:47,03/20/2024,Canada/Eastern,178,,,Audrey-Ann,Veilette,Audrey-Ann Veilette (F),F,5,Ottawa,PWHL Ottawa,OTT,PWHL,https://assets.leaguestat.com/pwhl/logos/5.png,Signed,1
4,Traded from,0,DEL,2024-03-18,18:06:00,03/18/2024,America/Toronto,49,PWHL Boston,Ashley McLellan,Lexie,Adzija,Lexie Adzija (F),F,1,Boston,PWHL Boston,BOS,PWHL,https://assets.leaguestat.com/pwhl/logos/1.png,Traded from PWHL Boston,1
3,Traded to,1,ADD,2024-03-18,16:00:00,03/18/2024,America/Toronto,51,PWHL OTTAWA,Ashley McLellan ,Amanda,Boulier,Amanda Boulier (D),D,3,Montreal,PWHL Montreal,MTL,PWHL,https://assets.leaguestat.com/pwhl/logos/3.png,Traded to PWHL OTTAWA,1
3,Traded to,1,ADD,2024-03-18,16:00:00,03/18/2024,America/Toronto,4,PWHL Boston,Ashley McLellan ,Shiann,Darkangelo,Shiann Darkangelo (F),F,5,Ottawa,PWHL Ottawa,OTT,PWHL,https://assets.leaguestat.com/pwhl/logos/5.png,Traded to PWHL Boston,1
3,Traded to,1,ADD,2024-03-18,16:00:00,03/18/2024,America/Toronto,161,PWHL MONTRÉAL,Ashley McLellan ,Tereza,Vanišová,Tereza Vanišová (F),F,5,Ottawa,PWHL Ottawa,OTT,PWHL,https://assets.leaguestat.com/pwhl/logos/5.png,Traded to PWHL MONTRÉAL,1
2,Signed,1,ADD,2024-03-16,18:40:25,03/16/2024,Canada/Eastern,108,,,Samantha,Isbell,Samantha Isbell (F),F,5,Ottawa,PWHL Ottawa,OTT,PWHL,https://assets.leaguestat.com/pwhl/logos/5.png,Signed,1
2,Signed,1,ADD,2024-03-10,17:24:00,03/10/2024,America/Toronto,138,Reserve Player Contract,Ashley McLellan ,Mikyla,Grant-Mentis,Mikyla Grant-Mentis (F),F,3,Montreal,PWHL Montreal,MTL,PWHL,https://assets.leaguestat.com/pwhl/logos/3.png,Signed to Reserve Player Contract,1
2,Signed,1,ADD,2024-03-07,17:23:00,03/07/2024,America/Toronto,108,,Ashley McLellan ,Samantha,Isbell,Samantha Isbell (F),F,5,Ottawa,PWHL Ottawa,OTT,PWHL,https://assets.leaguestat.com/pwhl/logos/5.png,Signed,1
2,Signed,1,ADD,2024-03-06,14:24:11,03/06/2024,Canada/Eastern,174,,,Jordan,Colliton,Jordan Colliton (D),D,5,Ottawa,PWHL Ottawa,OTT,PWHL,https://assets.leaguestat.com/pwhl/logos/5.png,Signed,1
4,Traded from,0,DEL,2024-02-19,21:10:00,02/19/2024,America/Toronto,144,Released,Ashley McLellan,Victoria,Howran,Victoria Howran (D),D,5,Ottawa,PWHL Ottawa,OTT,PWHL,https://assets.leaguestat.com/pwhl/logos/5.png,Traded from Released,1
2,Signed,1,ADD,2024-01-31,21:37:00,01/31/2024,America/Toronto,3,,Ashley McLellan ,Emma,Buckles,Emma Buckles (D),D,5,Ottawa,PWHL Ottawa,OTT,PWHL,https://assets.leaguestat.com/pwhl/logos/5.png,Signed,1
2,Signed,1,ADD,2024-01-13,13:38:56,01/13/2024,Canada/Eastern,170,,,Rachel,Flanagan,Rachel Flanagan (D),D,6,Toronto,PWHL Toronto,TOR,PWHL,https://assets.leaguestat.com/pwhl/logos/6.png,Signed,1
2,Signed,1,ADD,2024-01-13,13:44:37,01/13/2024,Canada/Eastern,173,,,Brad,Kirkwood,Brad Kirkwood (D),D,6,Toronto,PWHL Toronto,TOR,PWHL,https://assets.leaguestat.com/pwhl/logos/6.png,Signed,1
2,Signed,1,ADD,2024-01-13,13:43:15,01/13/2024,Canada/Eastern,172,,,Stefanie,Thomson,Stefanie Thomson (D),D,6,Toronto,PWHL Toronto,TOR,PWHL,https://assets.leaguestat.com/pwhl/logos/6.png,Signed,1
2,Signed,1,ADD,2023-12-04,12:22:07,12/04/2023,Canada/Eastern,106,,,McKenna,Brand,McKenna Brand (F),F,1,Boston,PWHL Boston,BOS,PWHL,https://assets.leaguestat.com/pwhl/logos/1.png,Signed,2
2,Signed,1,ADD,2023-12-04,12:23:59,12/04/2023,Canada/Eastern,107,,,Sammy,Davis,Sammy Davis (F),F,1,Boston,PWHL Boston,BOS,PWHL,https://assets.leaguestat.com/pwhl/logos/1.png,Signed,2
2,Signed,1,ADD,2023-12-04,12:25:52,12/04/2023,Canada/Eastern,108,,,Samantha,Isbell,Samantha Isbell (F),F,1,Boston,PWHL Boston,BOS,PWHL,https://assets.leaguestat.com/pwhl/logos/1.png,Signed,2
2,Signed,1,ADD,2023-12-04,12:33:07,12/04/2023,Canada/Eastern,113,,,Cami,Kronish,Cami Kronish (G),G,1,Boston,PWHL Boston,BOS,PWHL,https://assets.leaguestat.com/pwhl/logos/1.png,Signed,2
2,Signed,1,ADD,2023-12-04,12:31:46,12/04/2023,Canada/Eastern,112,,,Lauren,MacInnis,Lauren MacInnis (D),D,1,Boston,PWHL Boston,BOS,PWHL,https://assets.leaguestat.com/pwhl/logos/1.png,Signed,2
2,Signed,1,ADD,2023-12-04,12:27:29,12/04/2023,Canada/Eastern,109,,,Gigi,Marvin,Gigi Marvin (F),F,1,Boston,PWHL Boston,BOS,PWHL,https://assets.leaguestat.com/pwhl/logos/1.png,Signed,2
2,Signed,1,ADD,2023-12-04,12:29:00,12/04/2023,Canada/Eastern,110,,,Amanda,Pelkey,Amanda Pelkey (LW),LW,1,Boston,PWHL Boston,BOS,PWHL,https://assets.leaguestat.com/pwhl/logos/1.png,Signed,2
2,Signed,1,ADD,2023-12-04,12:30:32,12/04/2023,Canada/Eastern,111,,,Taylor,Wenczkowski,Taylor Wenczkowski (F),F,1,Boston,PWHL Boston,BOS,PWHL,https://assets.leaguestat.com/pwhl/logos/1.png,Signed,2
2,Signed,1,ADD,2023-12-04,14:20:38,12/04/2023,Canada/Eastern,121,,,Lauren,Bench,Lauren Bench (G),G,2,Minnesota,PWHL Minnesota,MIN,PWHL,https://assets.leaguestat.com/pwhl/logos/2.jpg,Signed,2
2,Signed,1,ADD,2023-12-04,14:01:47,12/04/2023,Canada/Eastern,114,,,Abby,Boreen,Abby Boreen (F),F,2,Minnesota,PWHL Minnesota,MIN,PWHL,https://assets.leaguestat.com/pwhl/logos/2.jpg,Signed,2
2,Signed,1,ADD,2023-12-04,14:03:29,12/04/2023,Canada/Eastern,115,,,Michela,Cava,Michela Cava (F),F,2,Minnesota,PWHL Minnesota,MIN,PWHL,https://assets.leaguestat.com/pwhl/logos/2.jpg,Signed,2
2,Signed,1,ADD,2023-12-04,14:08:31,12/04/2023,Canada/Eastern,117,,,Abby,Cook,Abby Cook (D),D,2,Minnesota,PWHL Minnesota,MIN,PWHL,https://assets.leaguestat.com/pwhl/logos/2.jpg,Signed,2
2,Signed,1,ADD,2023-12-04,14:06:02,12/04/2023,Canada/Eastern,116,,,Clair,DeGeorge,Clair DeGeorge (F),F,2,Minnesota,PWHL Minnesota,MIN,PWHL,https://assets.leaguestat.com/pwhl/logos/2.jpg,Signed,2
2,Signed,1,ADD,2023-12-04,14:11:09,12/04/2023,Canada/Eastern,118,,,Emma,Greco,Emma Greco (D),D,2,Minnesota,PWHL Minnesota,MIN,PWHL,https://assets.leaguestat.com/pwhl/logos/2.jpg,Signed,2
2,Signed,1,ADD,2023-12-04,14:14:08,12/04/2023,Canada/Eastern,119,,,Dominique,Kremer,Dominique Kremer (D),D,2,Minnesota,PWHL Minnesota,MIN,PWHL,https://assets.leaguestat.com/pwhl/logos/2.jpg,Signed,2
2,Signed,1,ADD,2023-12-04,14:23:37,12/04/2023,Canada/Eastern,122,,,Amanda,Leveille,Amanda Leveille (G),G,2,Minnesota,PWHL Minnesota,MIN,PWHL,https://assets.leaguestat.com/pwhl/logos/2.jpg,Signed,2
2,Signed,1,ADD,2023-12-04,18:47:11,12/04/2023,Canada/Eastern,167,,,Sidney,Morin,Sidney Morin (D),D,2,Minnesota,PWHL Minnesota,MIN,PWHL,https://assets.leaguestat.com/pwhl/logos/2.jpg,Signed,2
2,Signed,1,ADD,2023-12-04,14:17:12,12/04/2023,Canada/Eastern,120,,,Nikki,Nightengale,Nikki Nightengale (D),D,2,Minnesota,PWHL Minnesota,MIN,PWHL,https://assets.leaguestat.com/pwhl/logos/2.jpg,Signed,2
2,Signed,1,ADD,2023-12-04,14:26:12,12/04/2023,Canada/Eastern,123,,,Maddie,Rooney,Maddie Rooney (G),G,2,Minnesota,PWHL Minnesota,MIN,PWHL,https://assets.leaguestat.com/pwhl/logos/2.jpg,Signed,2
2,Signed,1,ADD,2023-12-04,17:23:52,12/04/2023,Canada/Eastern,162,,,Madison,Bizal,Madison Bizal (D),D,3,Montreal,PWHL Montreal,MON,PWHL,https://assets.leaguestat.com/pwhl/logos/3.png,Signed,2
2,Signed,1,ADD,2023-12-04,17:36:19,12/04/2023,Canada/Eastern,166,,,Marlène,Boissonnault,Marlène Boissonnault (G),G,3,Montreal,PWHL Montreal,MON,PWHL,https://assets.leaguestat.com/pwhl/logos/3.png,Signed,2
2,Signed,1,ADD,2023-12-04,17:28:28,12/04/2023,Canada/Eastern,163,,,Catherine,Daoust,Catherine Daoust (D),D,3,Montreal,PWHL Montreal,MON,PWHL,https://assets.leaguestat.com/pwhl/logos/3.png,Signed,2
2,Signed,1,ADD,2023-12-04,18:52:18,12/04/2023,Canada/Eastern,168,,,Mélodie,Daoust,Mélodie Daoust (F),F,3,Montreal,PWHL Montreal,MON,PWHL,https://assets.leaguestat.com/pwhl/logos/3.png,Signed,2
2,Signed,1,ADD,2023-12-04,17:00:24,12/04/2023,Canada/Eastern,156,,,Gabrielle,David,Gabrielle David (F),F,3,Montreal,PWHL Montreal,MON,PWHL,https://assets.leaguestat.com/pwhl/logos/3.png,Signed,2
2,Signed,1,ADD,2023-12-04,17:04:04,12/04/2023,Canada/Eastern,157,,,Catherine,Dubois,Catherine Dubois (F),F,3,Montreal,PWHL Montreal,MON,PWHL,https://assets.leaguestat.com/pwhl/logos/3.png,Signed,2
2,Signed,1,ADD,2023-12-04,17:31:21,12/04/2023,Canada/Eastern,164,,,Brigitte,Laganière,Brigitte Laganière (D),D,3,Montreal,PWHL Montreal,MON,PWHL,https://assets.leaguestat.com/pwhl/logos/3.png,Signed,2
2,Signed,1,ADD,2023-12-04,17:10:11,12/04/2023,Canada/Eastern,158,,,Sarah,Lefort,Sarah Lefort (F),F,3,Montreal,PWHL Montreal,MON,PWHL,https://assets.leaguestat.com/pwhl/logos/3.png,Signed,2
2,Signed,1,ADD,2023-12-04,17:14:28,12/04/2023,Canada/Eastern,159,,,Leah,Lum,Leah Lum (F),F,3,Montreal,PWHL Montreal,MON,PWHL,https://assets.leaguestat.com/pwhl/logos/3.png,Signed,2
2,Signed,1,ADD,2023-12-04,17:34:36,12/04/2023,Canada/Eastern,165,,,Maude,Poulin-Labelle,Maude Poulin-Labelle (D),D,3,Montreal,PWHL Montreal,MON,PWHL,https://assets.leaguestat.com/pwhl/logos/3.png,Signed,2
2,Signed,1,ADD,2023-12-04,17:19:54,12/04/2023,Canada/Eastern,160,,,Alexandra,Poznikoff,Alexandra Poznikoff (F),F,3,Montreal,PWHL Montreal,MON,PWHL,https://assets.leaguestat.com/pwhl/logos/3.png,Signed,2
2,Signed,1,ADD,2023-12-04,17:22:07,12/04/2023,Canada/Eastern,161,,,Tereza,Vanišová,Tereza Vanišová (F),F,3,Montreal,PWHL Montreal,MON,PWHL,https://assets.leaguestat.com/pwhl/logos/3.png,Signed,2
2,Signed,1,ADD,2023-12-04,16:34:06,12/04/2023,Canada/Eastern,150,,,Taylor,Baker,Taylor Baker (D),D,4,New York,PWHL New York,NY,PWHL,https://assets.leaguestat.com/pwhl/logos/4.png,Signed,2
2,Signed,1,ADD,2023-12-04,16:35:22,12/04/2023,Canada/Eastern,151,,,Emily,Curlett,Emily Curlett (D),D,4,New York,PWHL New York,NY,PWHL,https://assets.leaguestat.com/pwhl/logos/4.png,Signed,2
2,Signed,1,ADD,2023-12-04,16:37:47,12/04/2023,Canada/Eastern,152,,,Johanna,Fällman,Johanna Fällman (D),D,4,New York,PWHL New York,NY,PWHL,https://assets.leaguestat.com/pwhl/logos/4.png,Signed,2
2,Signed,1,ADD,2023-12-04,16:25:02,12/04/2023,Canada/Eastern,146,,,Alexa,Gruschow,Alexa Gruschow (F),F,4,New York,PWHL New York,NY,PWHL,https://assets.leaguestat.com/pwhl/logos/4.png,Signed,2
2,Signed,1,ADD,2023-12-04,16:28:34,12/04/2023,Canada/Eastern,147,,,Savannah,Norcross,Savannah Norcross (F),F,4,New York,PWHL New York,NY,PWHL,https://assets.leaguestat.com/pwhl/logos/4.png,Signed,2
2,Signed,1,ADD,2023-12-04,16:39:42,12/04/2023,Canada/Eastern,153,,,Carley,Olivier,Carley Olivier (D),D,4,New York,PWHL New York,NY,PWHL,https://assets.leaguestat.com/pwhl/logos/4.png,Signed,2
2,Signed,1,ADD,2023-12-04,16:29:55,12/04/2023,Canada/Eastern,148,,,Madison,Packer,Madison Packer (F),F,4,New York,PWHL New York,NY,PWHL,https://assets.leaguestat.com/pwhl/logos/4.png,Signed,2
2,Signed,1,ADD,2023-12-04,16:40:49,12/04/2023,Canada/Eastern,154,,,Lindsey,Post,Lindsey Post (G),G,4,New York,PWHL New York,NY,PWHL,https://assets.leaguestat.com/pwhl/logos/4.png,Signed,2
2,Signed,1,ADD,2023-12-04,16:31:53,12/04/2023,Canada/Eastern,149,,,Jill,Saulnier,Jill Saulnier (LW),LW,4,New York,PWHL New York,NY,PWHL,https://assets.leaguestat.com/pwhl/logos/4.png,Signed,2
2,Signed,1,ADD,2023-12-04,16:42:15,12/04/2023,Canada/Eastern,155,,,Corinne,Schroeder,Corinne Schroeder (G),G,4,New York,PWHL New York,NY,PWHL,https://assets.leaguestat.com/pwhl/logos/4.png,Signed,2
2,Signed,1,ADD,2023-12-04,16:11:00,12/04/2023,Canada/Eastern,143,,,Taylor,Davison,Taylor Davison (D),D,5,Ottawa,PWHL Ottawa,OTT,PWHL,https://assets.leaguestat.com/pwhl/logos/5.png,Signed,2
2,Signed,1,ADD,2023-12-04,15:53:27,12/04/2023,Canada/Eastern,136,,,Rosalie,Demers,Rosalie Demers (F),F,5,Ottawa,PWHL Ottawa,OTT,PWHL,https://assets.leaguestat.com/pwhl/logos/5.png,Signed,2
2,Signed,1,ADD,2023-12-04,16:02:20,12/04/2023,Canada/Eastern,137,,,Fanni,Garát-Gasparics,Fanni Garát-Gasparics (F),F,5,Ottawa,PWHL Ottawa,OTT,PWHL,https://assets.leaguestat.com/pwhl/logos/5.png,Signed,2
2,Signed,1,ADD,2023-12-04,16:03:26,12/04/2023,Canada/Eastern,138,,,Mikyla,Grant-Mentis,Mikyla Grant-Mentis (F),F,5,Ottawa,PWHL Ottawa,OTT,PWHL,https://assets.leaguestat.com/pwhl/logos/5.png,Signed,2
2,Signed,1,ADD,2023-12-04,16:12:35,12/04/2023,Canada/Eastern,144,,,Victoria,Howran,Victoria Howran (D),D,5,Ottawa,PWHL Ottawa,OTT,PWHL,https://assets.leaguestat.com/pwhl/logos/5.png,Signed,2
2,Signed,1,ADD,2023-12-04,16:13:58,12/04/2023,Canada/Eastern,145,,,Rachel,McQuigge,Rachel McQuigge (G),G,5,Ottawa,PWHL Ottawa,OTT,PWHL,https://assets.leaguestat.com/pwhl/logos/5.png,Signed,2
2,Signed,1,ADD,2023-12-04,16:05:17,12/04/2023,Canada/Eastern,139,,,Liliane,Perreault,Liliane Perreault (F),F,5,Ottawa,PWHL Ottawa,OTT,PWHL,https://assets.leaguestat.com/pwhl/logos/5.png,Signed,2
2,Signed,1,ADD,2023-12-04,16:06:24,12/04/2023,Canada/Eastern,140,,,Malia,Schneider,Malia Schneider (F),F,5,Ottawa,PWHL Ottawa,OTT,PWHL,https://assets.leaguestat.com/pwhl/logos/5.png,Signed,2
2,Signed,1,ADD,2023-12-04,16:07:47,12/04/2023,Canada/Eastern,141,,,Akane,Shiga,Akane Shiga (F),F,5,Ottawa,PWHL Ottawa,OTT,PWHL,https://assets.leaguestat.com/pwhl/logos/5.png,Signed,2
2,Signed,1,ADD,2023-12-04,16:09:15,12/04/2023,Canada/Eastern,142,,,Natalie,Snodgrass,Natalie Snodgrass (F),F,5,Ottawa,PWHL Ottawa,OTT,PWHL,https://assets.leaguestat.com/pwhl/logos/5.png,Signed,2
2,Signed,1,ADD,2023-12-04,15:02:01,12/04/2023,Canada/Eastern,125,,,Victoria,Bach,Victoria Bach (F),F,6,Toronto,PWHL Toronto,TOR,PWHL,https://assets.leaguestat.com/pwhl/logos/6.png,Signed,2
2,Signed,1,ADD,2023-12-04,15:16:32,12/04/2023,Canada/Eastern,129,,,Mellissa,Channell-Watkins,Mellissa Channell-Watkins (D),D,6,Toronto,PWHL Toronto,TOR,PWHL,https://assets.leaguestat.com/pwhl/logos/6.png,Signed,2
2,Signed,1,ADD,2023-12-04,15:03:53,12/04/2023,Canada/Eastern,126,,,Samantha,Cogan,Samantha Cogan (F),F,6,Toronto,PWHL Toronto,TOR,PWHL,https://assets.leaguestat.com/pwhl/logos/6.png,Signed,2
2,Signed,1,ADD,2023-12-04,15:39:44,12/04/2023,Canada/Eastern,134,,,Carly,Jackson,Carly Jackson (G),G,6,Toronto,PWHL Toronto,TOR,PWHL,https://assets.leaguestat.com/pwhl/logos/6.png,Signed,2
2,Signed,1,ADD,2023-12-04,15:11:51,12/04/2023,Canada/Eastern,127,,,Jess,Jones,Jess Jones (F),F,6,Toronto,PWHL Toronto,TOR,PWHL,https://assets.leaguestat.com/pwhl/logos/6.png,Signed,2
2,Signed,1,ADD,2023-12-04,15:19:21,12/04/2023,Canada/Eastern,130,,,Emma,Keenan,Emma Keenan (D),D,6,Toronto,PWHL Toronto,TOR,PWHL,https://assets.leaguestat.com/pwhl/logos/6.png,Signed,2
2,Signed,1,ADD,2023-12-04,15:26:11,12/04/2023,Canada/Eastern,131,,,Olivia,Knowles,Olivia Knowles (D),D,6,Toronto,PWHL Toronto,TOR,PWHL,https://assets.leaguestat.com/pwhl/logos/6.png,Signed,2
2,Signed,1,ADD,2023-12-04,15:33:21,12/04/2023,Canada/Eastern,132,,,Jessica,Kondas,Jessica Kondas (D),D,6,Toronto,PWHL Toronto,TOR,PWHL,https://assets.leaguestat.com/pwhl/logos/6.png,Signed,2
2,Signed,1,ADD,2023-12-04,15:43:30,12/04/2023,Canada/Eastern,135,,,Amanda,Mäkelä,Amanda Mäkelä (G),G,6,Toronto,PWHL Toronto,TOR,PWHL,https://assets.leaguestat.com/pwhl/logos/6.png,Signed,2
2,Signed,1,ADD,2023-12-04,15:35:27,12/04/2023,Canada/Eastern,133,,,Lauriane,Rougeau,Lauriane Rougeau (D),D,6,Toronto,PWHL Toronto,TOR,PWHL,https://assets.leaguestat.com/pwhl/logos/6.png,Signed,2
2,Signed,1,ADD,2023-12-04,18:59:13,12/04/2023,Canada/Eastern,169,,,Claire,Thompson,Claire Thompson (D),D,6,Toronto,PWHL Toronto,TOR,PWHL,https://assets.leaguestat.com/pwhl/logos/6.png,Signed,2
2,Signed,1,ADD,2023-12-04,15:15:02,12/04/2023,Canada/Eastern,128,,,Kaitlin,Willoughby,Kaitlin Willoughby (F),F,6,Toronto,PWHL Toronto,TOR,PWHL,https://assets.leaguestat.com/pwhl/logos/6.png,Signed,2
2,Signed,1,ADD,2023-12-02,16:33:40,12/02/2023,Canada/Eastern,105,,,Brittyn,Fleming,Brittyn Fleming (F),F,2,Minnesota,PWHL Minnesota,MIN,PWHL,https://assets.leaguestat.com/pwhl/logos/2.jpg,Signed,2
2,Signed,1,ADD,2023-12-02,16:30:31,12/02/2023,Canada/Eastern,104,,,Denisa,Křížová,Denisa Křížová (F),F,2,Minnesota,PWHL Minnesota,MIN,PWHL,https://assets.leaguestat.com/pwhl/logos/2.jpg,Signed,2
2,Signed,1,ADD,2023-12-02,16:25:01,12/02/2023,Canada/Eastern,103,,,Sophia,Kunin,Sophia Kunin (F),F,2,Minnesota,PWHL Minnesota,MIN,PWHL,https://assets.leaguestat.com/pwhl/logos/2.jpg,Signed,2
2,Signed,1,ADD,2023-11-30,23:05:37,11/30/2023,Canada/Eastern,102,,,Claire,Butorac,Claire Butorac (F),F,2,Minnesota,PWHL Minnesota,MIN,PWHL,https://assets.leaguestat.com/pwhl/logos/2.jpg,Signed,2
2,Signed,1,ADD,2023-11-30,10:38:28,11/30/2023,Canada/Eastern,99,,,Mariah,Keopple,Mariah Keopple (D),D,3,Montreal,PWHL Montreal,MON,PWHL,https://assets.leaguestat.com/pwhl/logos/3.png,Signed,2
2,Signed,1,ADD,2023-11-30,10:34:06,11/30/2023,Canada/Eastern,98,,,Maureen,Murphy,Maureen Murphy (F),F,3,Montreal,PWHL Montreal,MON,PWHL,https://assets.leaguestat.com/pwhl/logos/3.png,Signed,2
2,Signed,1,ADD,2023-11-30,10:45:55,11/30/2023,Canada/Eastern,100,,,Natalie,Spooner,Natalie Spooner (F),F,6,Toronto,PWHL Toronto,TOR,PWHL,https://assets.leaguestat.com/pwhl/logos/6.png,Signed,2
2,Signed,1,ADD,2023-11-30,10:48:11,11/30/2023,Canada/Eastern,101,,,Alexa,Vasko,Alexa Vasko (F),F,6,Toronto,PWHL Toronto,TOR,PWHL,https://assets.leaguestat.com/pwhl/logos/6.png,Signed,2
2,Signed,1,ADD,2024-11-05,14:02:05,11/05/2024,Canada/Eastern,232,,,Rylind,MacKinnon,Rylind MacKinnon (LD),LD,6,Toronto,Toronto Sceptres,TOR,PWHL,https://assets.leaguestat.com/pwhl/logos/6.png,Signed,4
2,Signed,1,ADD,2024-11-01,15:03:35,11/01/2024,Canada/Eastern,41,,,Abbey,Levy,Abbey Levy (G),G,4,New York,New York Sirens,NY,PWHL,https://assets.leaguestat.com/pwhl/logos/4.png,Signed,4
2,Signed,1,ADD,2024-11-01,15:04:08,11/01/2024,Canada/Eastern,147,,,Savannah,Norcross,Savannah Norcross (F),F,4,New York,New York Sirens,NY,PWHL,https://assets.leaguestat.com/pwhl/logos/4.png,Signed,4
2,Signed,1,ADD,2024-11-01,15:04:58,11/01/2024,Canada/Eastern,148,,,Madison,Packer,Madison Packer (F),F,4,New York,New York Sirens,NY,PWHL,https://assets.leaguestat.com/pwhl/logos/4.png,Signed,4
2,Signed,1,ADD,2024-11-01,15:05:12,11/01/2024,Canada/Eastern,42,,,Abby,Roque,Abby Roque (F),F,4,New York,New York Sirens,NY,PWHL,https://assets.leaguestat.com/pwhl/logos/4.png,Signed,4
2,Signed,1,ADD,2024-11-01,15:05:41,11/01/2024,Canada/Eastern,149,,,Jill,Saulnier,Jill Saulnier (LW),LW,4,New York,New York Sirens,NY,PWHL,https://assets.leaguestat.com/pwhl/logos/4.png,Signed,4
2,Signed,1,ADD,2024-11-01,15:05:59,11/01/2024,Canada/Eastern,155,,,Corinne,Schroeder,Corinne Schroeder (G),G,4,New York,New York Sirens,NY,PWHL,https://assets.leaguestat.com/pwhl/logos/4.png,Signed,4
2,Signed,1,ADD,2024-11-01,15:07:47,11/01/2024,Canada/Eastern,44,,,Ella,Shelton,Ella Shelton (D),D,4,New York,New York Sirens,NY,PWHL,https://assets.leaguestat.com/pwhl/logos/4.png,Signed,4
2,Signed,1,ADD,2024-11-01,15:08:26,11/01/2024,Canada/Eastern,45,,,Kayla,Vespa,Kayla Vespa (F),F,4,New York,New York Sirens,NY,PWHL,https://assets.leaguestat.com/pwhl/logos/4.png,Signed,4
2,Signed,1,ADD,2024-11-01,15:08:42,11/01/2024,Canada/Eastern,46,,,Olivia,Zafuto,Olivia Zafuto (LD),LD,4,New York,New York Sirens,NY,PWHL,https://assets.leaguestat.com/pwhl/logos/4.png,Signed,4
2,Signed,1,ADD,2024-11-01,15:08:59,11/01/2024,Canada/Eastern,47,,,Micah,Zandee-Hart,Micah Zandee-Hart (D),D,4,New York,New York Sirens,NY,PWHL,https://assets.leaguestat.com/pwhl/logos/4.png,Signed,4
2,Signed,1,ADD,2024-10-17,10:02:08,10/17/2024,Canada/Eastern,50,,,Ashton,Bell,Ashton Bell (D),D,5,Ottawa,Ottawa Charge,OTT,PWHL,https://assets.leaguestat.com/pwhl/logos/5.png,Signed,4
2,Signed,1,ADD,2024-10-17,10:02:49,10/17/2024,Canada/Eastern,52,,,Zoe,Boyd,Zoe Boyd (LD),LD,5,Ottawa,Ottawa Charge,OTT,PWHL,https://assets.leaguestat.com/pwhl/logos/5.png,Signed,4
2,Signed,1,ADD,2024-10-17,10:03:11,10/17/2024,Canada/Eastern,53,,,Emily,Clark,Emily Clark (F),F,5,Ottawa,Ottawa Charge,OTT,PWHL,https://assets.leaguestat.com/pwhl/logos/5.png,Signed,4
2,Signed,1,ADD,2024-10-17,10:03:30,10/17/2024,Canada/Eastern,4,,,Shiann,Darkangelo,Shiann Darkangelo (F),F,5,Ottawa,Ottawa Charge,OTT,PWHL,https://assets.leaguestat.com/pwhl/logos/5.png,Signed,4
2,Signed,1,ADD,2024-10-17,10:03:49,10/17/2024,Canada/Eastern,56,,,Savannah,Harmon,Savannah Harmon (D),D,5,Ottawa,Ottawa Charge,OTT,PWHL,https://assets.leaguestat.com/pwhl/logos/5.png,Signed,4
2,Signed,1,ADD,2024-10-17,10:04:07,10/17/2024,Canada/Eastern,57,,,Gabbie,Hughes,Gabbie Hughes (F),F,5,Ottawa,Ottawa Charge,OTT,PWHL,https://assets.leaguestat.com/pwhl/logos/5.png,Signed,4
2,Signed,1,ADD,2024-10-17,10:04:22,10/17/2024,Canada/Eastern,108,,,Samantha,Isbell,Samantha Isbell (F),F,5,Ottawa,Ottawa Charge,OTT,PWHL,https://assets.leaguestat.com/pwhl/logos/5.png,Signed,4
2,Signed,1,ADD,2024-10-17,10:04:36,10/17/2024,Canada/Eastern,58,,,Brianne,Jenner,Brianne Jenner (F),F,5,Ottawa,Ottawa Charge,OTT,PWHL,https://assets.leaguestat.com/pwhl/logos/5.png,Signed,4
2,Signed,1,ADD,2024-10-17,10:05:03,10/17/2024,Canada/Eastern,72,,,Rebecca,Leslie,Rebecca Leslie (F),F,5,Ottawa,Ottawa Charge,OTT,PWHL,https://assets.leaguestat.com/pwhl/logos/5.png,Signed,4
2,Signed,1,ADD,2024-10-17,10:05:20,10/17/2024,Canada/Eastern,59,,,Emerance,Maschmeyer,Emerance Maschmeyer (G),G,5,Ottawa,Ottawa Charge,OTT,PWHL,https://assets.leaguestat.com/pwhl/logos/5.png,Signed,4
2,Signed,1,ADD,2024-10-17,10:05:54,10/17/2024,Canada/Eastern,88,,,Kateřina,Mrázová,Kateřina Mrázová (F),F,5,Ottawa,Ottawa Charge,OTT,PWHL,https://assets.leaguestat.com/pwhl/logos/5.png,Signed,4
2,Signed,1,ADD,2024-10-17,10:06:23,10/17/2024,Canada/Eastern,60,,,Jincy,Roese,Jincy Roese (D),D,5,Ottawa,Ottawa Charge,OTT,PWHL,https://assets.leaguestat.com/pwhl/logos/5.png,Signed,4
2,Signed,1,ADD,2024-10-17,10:13:08,10/17/2024,Canada/Eastern,61,,,Hayley,Scamurra,Hayley Scamurra (F),F,5,Ottawa,Ottawa Charge,OTT,PWHL,https://assets.leaguestat.com/pwhl/logos/5.png,Signed,4
2,Signed,1,ADD,2024-10-17,10:07:35,10/17/2024,Canada/Eastern,142,,,Natalie,Snodgrass,Natalie Snodgrass (F),F,5,Ottawa,Ottawa Charge,OTT,PWHL,https://assets.leaguestat.com/pwhl/logos/5.png,Signed,4
2,Signed,1,ADD,2024-10-17,10:07:52,10/17/2024,Canada/Eastern,62,,,Aneta,Tejralová,Aneta Tejralová (D),D,5,Ottawa,Ottawa Charge,OTT,PWHL,https://assets.leaguestat.com/pwhl/logos/5.png,Signed,4
2,Signed,1,ADD,2024-10-17,10:08:02,10/17/2024,Canada/Eastern,161,,,Tereza,Vanišová,Tereza Vanišová (F),F,5,Ottawa,Ottawa Charge,OTT,PWHL,https://assets.leaguestat.com/pwhl/logos/5.png,Signed,4
2,Signed,1,ADD,2024-10-17,10:08:12,10/17/2024,Canada/Eastern,101,,,Alexa,Vasko,Alexa Vasko (F),F,5,Ottawa,Ottawa Charge,OTT,PWHL,https://assets.leaguestat.com/pwhl/logos/5.png,Signed,4
2,Signed,1,ADD,2024-10-17,10:15:03,10/17/2024,Canada/Eastern,125,,,Victoria,Bach,Victoria Bach (F),F,6,Toronto,Toronto Sceptres,TOR,PWHL,https://assets.leaguestat.com/pwhl/logos/6.png,Signed,4
2,Signed,1,ADD,2024-10-17,10:15:18,10/17/2024,Canada/Eastern,64,,,Kristen,Campbell,Kristen Campbell (G),G,6,Toronto,Toronto Sceptres,TOR,PWHL,https://assets.leaguestat.com/pwhl/logos/6.png,Signed,4
2,Signed,1,ADD,2024-10-17,10:15:34,10/17/2024,Canada/Eastern,126,,,Samantha,Cogan,Samantha Cogan (F),F,6,Toronto,Toronto Sceptres,TOR,PWHL,https://assets.leaguestat.com/pwhl/logos/6.png,Signed,4
2,Signed,1,ADD,2024-10-17,10:15:53,10/17/2024,Canada/Eastern,65,,,Jesse,Compher,Jesse Compher (F),F,6,Toronto,Toronto Sceptres,TOR,PWHL,https://assets.leaguestat.com/pwhl/logos/6.png,Signed,4
2,Signed,1,ADD,2024-10-17,10:16:02,10/17/2024,Canada/Eastern,66,,,Maggie,Connors,Maggie Connors (F),F,6,Toronto,Toronto Sceptres,TOR,PWHL,https://assets.leaguestat.com/pwhl/logos/6.png,Signed,4
2,Signed,1,ADD,2024-10-17,10:16:23,10/17/2024,Canada/Eastern,67,,,Renata,Fast,Renata Fast (D),D,6,Toronto,Toronto Sceptres,TOR,PWHL,https://assets.leaguestat.com/pwhl/logos/6.png,Signed,4
2,Signed,1,ADD,2024-10-17,10:16:31,10/17/2024,Canada/Eastern,68,,,Kali,Flanagan,Kali Flanagan (D),D,6,Toronto,Toronto Sceptres,TOR,PWHL,https://assets.leaguestat.com/pwhl/logos/6.png,Signed,4
2,Signed,1,ADD,2024-10-17,10:16:53,10/17/2024,Canada/Eastern,134,,,Carly,Jackson,Carly Jackson (G),G,6,Toronto,Toronto Sceptres,TOR,PWHL,https://assets.leaguestat.com/pwhl/logos/6.png,Signed,4
2,Signed,1,ADD,2024-10-17,10:17:46,10/17/2024,Canada/Eastern,131,,,Olivia,Knowles,Olivia Knowles (D),D,6,Toronto,Toronto Sceptres,TOR,PWHL,https://assets.leaguestat.com/pwhl/logos/6.png,Signed,4
2,Signed,1,ADD,2024-10-17,10:18:00,10/17/2024,Canada/Eastern,132,,,Jessica,Kondas,Jessica Kondas (D),D,6,Toronto,Toronto Sceptres,TOR,PWHL,https://assets.leaguestat.com/pwhl/logos/6.png,Signed,4
2,Signed,1,ADD,2024-10-17,10:18:09,10/17/2024,Canada/Eastern,71,,,Jocelyne,Larocque,Jocelyne Larocque (D),D,6,Toronto,Toronto Sceptres,TOR,PWHL,https://assets.leaguestat.com/pwhl/logos/6.png,Signed,4
2,Signed,1,ADD,2024-10-17,10:18:29,10/17/2024,Canada/Eastern,73,,,Emma,Maltais,Emma Maltais (F),F,6,Toronto,Toronto Sceptres,TOR,PWHL,https://assets.leaguestat.com/pwhl/logos/6.png,Signed,4
2,Signed,1,ADD,2024-10-17,10:18:47,10/17/2024,Canada/Eastern,89,,,Hannah,Miller,Hannah Miller (F),F,6,Toronto,Toronto Sceptres,TOR,PWHL,https://assets.leaguestat.com/pwhl/logos/6.png,Signed,4
2,Signed,1,ADD,2024-10-17,10:18:57,10/17/2024,Canada/Eastern,74,,,Allie,Munroe,Allie Munroe (D),D,6,Toronto,Toronto Sceptres,TOR,PWHL,https://assets.leaguestat.com/pwhl/logos/6.png,Signed,4
2,Signed,1,ADD,2024-10-17,10:19:16,10/17/2024,Canada/Eastern,75,,,Sarah,Nurse,Sarah Nurse (F),F,6,Toronto,Toronto Sceptres,TOR,PWHL,https://assets.leaguestat.com/pwhl/logos/6.png,Signed,4
2,Signed,1,ADD,2024-10-17,10:19:35,10/17/2024,Canada/Eastern,100,,,Natalie,Spooner,Natalie Spooner (F),F,6,Toronto,Toronto Sceptres,TOR,PWHL,https://assets.leaguestat.com/pwhl/logos/6.png,Signed,4
2,Signed,1,ADD,2024-10-17,10:20:14,10/17/2024,Canada/Eastern,76,,,Blayre,Turnbull,Blayre Turnbull (F),F,6,Toronto,Toronto Sceptres,TOR,PWHL,https://assets.leaguestat.com/pwhl/logos/6.png,Signed,4
2,Signed,1,ADD,2024-10-17,10:20:31,10/17/2024,Canada/Eastern,63,,,Daryl,Watts,Daryl Watts (F),F,6,Toronto,Toronto Sceptres,TOR,PWHL,https://assets.leaguestat.com/pwhl/logos/6.png,Signed,4
2,Signed,1,ADD,2024-10-17,10:20:41,10/17/2024,Canada/Eastern,128,,,Kaitlin,Willoughby,Kaitlin Willoughby (F),F,6,Toronto,Toronto Sceptres,TOR,PWHL,https://assets.leaguestat.com/pwhl/logos/6.png,Signed,4
2,Signed,1,ADD,2024-10-17,10:20:51,10/17/2024,Canada/Eastern,86,,,Emma,Woods,Emma Woods (F),F,6,Toronto,Toronto Sceptres,TOR,PWHL,https://assets.leaguestat.com/pwhl/logos/6.png,Signed,4
2,Signed,1,ADD,2024-10-15,19:42:57,10/15/2024,Canada/Eastern,169,,,Claire,Thompson,Claire Thompson (D),D,2,Minnesota,Minnesota Frost,MIN,PWHL,https://assets.leaguestat.com/pwhl/logos/2.jpg,Signed,4
2,Signed,1,ADD,2024-10-15,19:53:52,10/15/2024,Canada/Eastern,33,,,Chloé,Aurard-Bushee,Chloé Aurard-Bushee (F),F,4,New York,New York Sirens,NY,PWHL,https://assets.leaguestat.com/pwhl/logos/4.png,Signed,4
2,Signed,1,ADD,2024-10-15,19:54:14,10/15/2024,Canada/Eastern,150,,,Taylor,Baker,Taylor Baker (D),D,4,New York,New York Sirens,NY,PWHL,https://assets.leaguestat.com/pwhl/logos/4.png,Signed,4
2,Signed,1,ADD,2024-10-15,19:55:18,10/15/2024,Canada/Eastern,87,,,Jaime,Bourbonnais,Jaime Bourbonnais (D),D,4,New York,New York Sirens,NY,PWHL,https://assets.leaguestat.com/pwhl/logos/4.png,Signed,4
2,Signed,1,ADD,2024-10-15,19:55:37,10/15/2024,Canada/Eastern,34,,,Alex,Carpenter,Alex Carpenter (F),F,4,New York,New York Sirens,NY,PWHL,https://assets.leaguestat.com/pwhl/logos/4.png,Signed,4
2,Signed,1,ADD,2024-10-15,19:56:19,10/15/2024,Canada/Eastern,35,,,Jade,Downie-Landry,Jade Downie-Landry (F),F,4,New York,New York Sirens,NY,PWHL,https://assets.leaguestat.com/pwhl/logos/4.png,Signed,4
2,Signed,1,ADD,2024-10-15,19:56:33,10/15/2024,Canada/Eastern,36,,,Jessie,Eldridge,Jessie Eldridge (F),F,4,New York,New York Sirens,NY,PWHL,https://assets.leaguestat.com/pwhl/logos/4.png,Signed,4
2,Signed,1,ADD,2024-10-15,19:57:06,10/15/2024,Canada/Eastern,37,,,Élizabeth,Giguère,Élizabeth Giguère (F),F,4,New York,New York Sirens,NY,PWHL,https://assets.leaguestat.com/pwhl/logos/4.png,Signed,4
2,Signed,1,ADD,2024-10-15,19:57:22,10/15/2024,Canada/Eastern,146,,,Alexa,Gruschow,Alexa Gruschow (F),F,4,New York,New York Sirens,NY,PWHL,https://assets.leaguestat.com/pwhl/logos/4.png,Signed,4
2,Signed,1,ADD,2024-10-15,19:57:49,10/15/2024,Canada/Eastern,38,,,Brooke,Hobson,Brooke Hobson (D),D,4,New York,New York Sirens,NY,PWHL,https://assets.leaguestat.com/pwhl/logos/4.png,Signed,4
2,Signed,1,ADD,2024-10-15,19:58:11,10/15/2024,Canada/Eastern,40,,,Paetyn,Levis,Paetyn Levis (F),F,4,New York,New York Sirens,NY,PWHL,https://assets.leaguestat.com/pwhl/logos/4.png,Signed,4
2,Signed,1,ADD,2024-10-11,16:02:51,10/11/2024,Canada/Eastern,49,,,Lexie,Adzija,Lexie Adzija (F),F,1,Boston,Boston Fleet,BOS,PWHL,https://assets.leaguestat.com/pwhl/logos/1.png,Signed,4
2,Signed,1,ADD,2024-10-11,16:04:36,10/11/2024,Canada/Eastern,27,,,Jillian,Dempsey,Jillian Dempsey (LW),LW,1,Boston,Boston Fleet,BOS,PWHL,https://assets.leaguestat.com/pwhl/logos/1.png,Signed,4
2,Signed,1,ADD,2024-10-11,16:05:05,10/11/2024,Canada/Eastern,118,,,Emma,Greco,Emma Greco (D),D,1,Boston,Boston Fleet,BOS,PWHL,https://assets.leaguestat.com/pwhl/logos/1.png,Signed,4
2,Signed,1,ADD,2024-10-11,16:06:32,10/11/2024,Canada/Eastern,165,,,Maude,Poulin-Labelle,Maude Poulin-Labelle (D),D,1,Boston,Boston Fleet,BOS,PWHL,https://assets.leaguestat.com/pwhl/logos/1.png,Signed,4
2,Signed,1,ADD,2024-10-11,16:07:26,10/11/2024,Canada/Eastern,19,,,Emma,Söderberg,Emma Söderberg (G),G,1,Boston,Boston Fleet,BOS,PWHL,https://assets.leaguestat.com/pwhl/logos/1.png,Signed,4
2,Signed,1,ADD,2025-03-31,16:32:23,03/31/2025,Canada/Eastern,197,,,Tricia,Deguire,Tricia Deguire (G),G,3,Montréal,Montréal Victoire,MTL,PWHL,https://assets.leaguestat.com/pwhl/logos/3.png,Signed,5
2,Signed,1,ADD,2025-03-25,22:00:45,03/25/2025,Canada/Eastern,166,,,Marlène,Boissonnault,Marlène Boissonnault (G),G,2,Minnesota,Minnesota Frost,MIN,PWHL,https://assets.leaguestat.com/pwhl/logos/2.jpg,Signed,5
4,Traded from,0,DEL,2025-03-21,14:15:00,03/21/2025,America/Toronto,200,Toronto,BL,Anna,Kjellbin,Anna Kjellbin (D),D,3,Montréal,Montréal Victoire,MTL,PWHL,https://assets.leaguestat.com/pwhl/logos/3.png,Traded from Toronto,5
2,Signed,1,ADD,2025-03-14,14:35:51,03/14/2025,Canada/Eastern,193,,,Lucy,Morgan,Lucy Morgan (G),G,5,Ottawa,Ottawa Charge,OTT,PWHL,https://assets.leaguestat.com/pwhl/logos/5.png,Signed,5
4,Traded from,0,DEL,2025-03-13,,03/13/2025,Canada/Eastern,200,,,Anna,Kjellbin,Anna Kjellbin (D),D,3,Montréal,Montréal Victoire,MTL,PWHL,https://assets.leaguestat.com/pwhl/logos/3.png,Traded from ,5
2,Signed,1,ADD,2025-03-13,21:44:40,03/13/2025,Canada/Eastern,128,,,Kaitlin,Willoughby,Kaitlin Willoughby (F),F,3,Montréal,Montréal Victoire,MTL,PWHL,https://assets.leaguestat.com/pwhl/logos/3.png,Signed,5
3,Traded to,1,ADD,2025-03-13,,03/13/2025,Canada/Eastern,128,,,Kaitlin,Willoughby,Kaitlin Willoughby (F),F,3,Montréal,Montréal Victoire,MTL,PWHL,https://assets.leaguestat.com/pwhl/logos/3.png,Traded to ,5
3,Traded to,1,ADD,2025-03-13,,03/13/2025,Canada/Eastern,200,,,Anna,Kjellbin,Anna Kjellbin (D),D,6,Toronto,Toronto Sceptres,TOR,PWHL,https://assets.leaguestat.com/pwhl/logos/6.png,Traded to ,5
4,Traded from,0,DEL,2025-03-13,,03/13/2025,Canada/Eastern,128,,,Kaitlin,Willoughby,Kaitlin Willoughby (F),F,6,Toronto,Toronto Sceptres,TOR,PWHL,https://assets.leaguestat.com/pwhl/logos/6.png,Traded from ,5
2,Signed,1,ADD,2025-03-11,12:00:00,03/11/2025,America/Toronto,207,,Burton Lee,Lauren,Bernard,Lauren Bernard (D),D,4,New York,New York Sirens,NY,PWHL,https://assets.leaguestat.com/pwhl/logos/4.png,Signed,5
2,Signed,1,ADD,2025-02-11,19:06:40,02/11/2025,Canada/Eastern,212,,,Laura,Kluge,Laura Kluge (LW),LW,6,Toronto,Toronto Sceptres,TOR,PWHL,https://assets.leaguestat.com/pwhl/logos/6.png,Signed,5
4,Traded from,0,DEL,2025-01-21,,01/21/2025,Canada/Eastern,9,,,Taylor,Girard,Taylor Girard (LW),LW,1,Boston,Boston Fleet,BOS,PWHL,https://assets.leaguestat.com/pwhl/logos/1.png,Traded from ,5
3,Traded to,1,ADD,2025-01-21,,01/21/2025,Canada/Eastern,149,,,Jill,Saulnier,Jill Saulnier (LW),LW,1,Boston,Boston Fleet,BOS,PWHL,https://assets.leaguestat.com/pwhl/logos/1.png,Traded to ,5
3,Traded to,1,ADD,2025-01-21,,01/21/2025,Canada/Eastern,9,,,Taylor,Girard,Taylor Girard (LW),LW,4,New York,New York Sirens,NY,PWHL,https://assets.leaguestat.com/pwhl/logos/4.png,Traded to ,5
4,Traded from,0,DEL,2025-01-21,,01/21/2025,Canada/Eastern,149,,,Jill,Saulnier,Jill Saulnier (LW),LW,4,New York,New York Sirens,NY,PWHL,https://assets.leaguestat.com/pwhl/logos/4.png,Traded from ,5
1,Retired,0,DEL,2025-01-04,21:33:00,01/04/2025,America/Toronto,150,,,Taylor,Baker,Taylor Baker (D),D,4,New York,New York Sirens,NY,PWHL,https://assets.leaguestat.com/pwhl/logos/4.png,Retired,5
3,Traded to,1,ADD,2024-12-30,,12/30/2024,Canada/Eastern,125,,,Victoria,Bach,Victoria Bach (F),F,5,Ottawa,Ottawa Charge,OTT,PWHL,https://assets.leaguestat.com/pwhl/logos/5.png,Traded to ,5
4,Traded from,0,DEL,2024-12-30,,12/30/2024,Canada/Eastern,56,,,Savannah,Harmon,Savannah Harmon (D),D,5,Ottawa,Ottawa Charge,OTT,PWHL,https://assets.leaguestat.com/pwhl/logos/5.png,Traded from ,5
3,Traded to,1,ADD,2024-12-30,,12/30/2024,Canada/Eastern,71,,,Jocelyne,Larocque,Jocelyne Larocque (D),D,5,Ottawa,Ottawa Charge,OTT,PWHL,https://assets.leaguestat.com/pwhl/logos/5.png,Traded to ,5
4,Traded from,0,DEL,2024-12-30,,12/30/2024,Canada/Eastern,61,,,Hayley,Scamurra,Hayley Scamurra (F),F,5,Ottawa,Ottawa Charge,OTT,PWHL,https://assets.leaguestat.com/pwhl/logos/5.png,Traded from ,5
4,Traded from,0,DEL,2024-12-30,,12/30/2024,Canada/Eastern,125,,,Victoria,Bach,Victoria Bach (F),F,6,Toronto,Toronto Sceptres,TOR,PWHL,https://assets.leaguestat.com/pwhl/logos/6.png,Traded from ,5
3,Traded to,1,ADD,2024-12-30,,12/30/2024,Canada/Eastern,56,,,Savannah,Harmon,Savannah Harmon (D),D,6,Toronto,Toronto Sceptres,TOR,PWHL,https://assets.leaguestat.com/pwhl/logos/6.png,Traded to ,5
4,Traded from,0,DEL,2024-12-30,,12/30/2024,Canada/Eastern,71,,,Jocelyne,Larocque,Jocelyne Larocque (D),D,6,Toronto,Toronto Sceptres,TOR,PWHL,https://assets.leaguestat.com/pwhl/logos/6.png,Traded from ,5
3,Traded to,1,ADD,2024-12-30,,12/30/2024,Canada/Eastern,61,,,Hayley,Scamurra,Hayley Scamurra (F),F,6,Toronto,Toronto Sceptres,TOR,PWHL,https://assets.leaguestat.com/pwhl/logos/6.png,Traded to ,5
2,Signed,1,ADD,2024-12-07,14:09:09,12/07/2024,Canada/Eastern,131,,,Olivia,Knowles,Olivia Knowles (D),D,4,New York,New York Sirens,NY,PWHL,https://assets.leaguestat.com/pwhl/logos/4.png,Signed,5
2,Signed,1,ADD,2025-10-16,16:35:34,10/16/2025,Canada/Eastern,175,,,Kelly,Babstock,Kelly Babstock (RW),RW,1,Boston,Boston Fleet,BOS,PWHL,https://assets.leaguestat.com/pwhl/logos/1.png,Signed,7
2,Signed,1,ADD,2025-10-16,16:35:07,10/16/2025,Canada/Eastern,46,,,Olivia,Zafuto,Olivia Zafuto (LD),LD,1,Boston,Boston Fleet,BOS,PWHL,https://assets.leaguestat.com/pwhl/logos/1.png,Signed,7
2,Signed,1,ADD,2025-10-10,17:41:13,10/10/2025,Canada/Eastern,253,,,Nicole,Gosling,Nicole Gosling (D),D,3,Montréal,Montréal Victoire,MTL,PWHL,https://assets.leaguestat.com/pwhl/logos/3.png,Signed,7
2,Signed,1,ADD,2025-09-12,18:40:56,09/12/2025,Canada/Eastern,166,,,Marlène,Boissonnault,Marlène Boissonnault (G),G,1,Boston,Boston Fleet,BOS,PWHL,https://assets.leaguestat.com/pwhl/logos/1.png,Signed,7
2,Signed,1,ADD,2025-09-12,18:41:37,09/12/2025,Canada/Eastern,39,,,Alexandra,Labelle,Alexandra Labelle (F),F,3,Montréal,Montréal Victoire,MTL,PWHL,https://assets.leaguestat.com/pwhl/logos/3.png,Signed,7
2,Signed,1,ADD,2025-09-12,13:10:28,09/12/2025,Canada/Eastern,249,,,Anne,Cherkowski,Anne Cherkowski (F),F,4,New York,New York Sirens,NY,PWHL,https://assets.leaguestat.com/pwhl/logos/4.png,Signed,7
2,Signed,1,ADD,2025-09-12,18:42:05,09/12/2025,Canada/Eastern,250,,,Hannah,Murphy,Hannah Murphy (G),G,8,Seattle,Seattle Torrent,SEA,PWHL,https://assets.leaguestat.com/pwhl/logos/8.png,Signed,7
2,Signed,1,ADD,2025-09-11,14:25:09,09/11/2025,Canada/Eastern,246,,,Haley,Winn,Haley Winn (RD),RD,1,Boston,Boston Fleet,BOS,PWHL,https://assets.leaguestat.com/pwhl/logos/1.png,Signed,7
2,Signed,1,ADD,2025-09-11,14:26:46,09/11/2025,Canada/Eastern,247,,,Abby,Hustler,Abby Hustler (F),F,2,Minnesota,Minnesota Frost,MIN,PWHL,https://assets.leaguestat.com/pwhl/logos/2.jpg,Signed,7
2,Signed,1,ADD,2025-09-11,14:29:22,09/11/2025,Canada/Eastern,248,,,Anna,Segedi,Anna Segedi (F),F,2,Minnesota,Minnesota Frost,MIN,PWHL,https://assets.leaguestat.com/pwhl/logos/2.jpg,Signed,7
2,Signed,1,ADD,2025-09-09,18:50:11,09/09/2025,Canada/Eastern,245,,,Kristýna,Kaltounková,Kristýna Kaltounková (F),F,4,New York,New York Sirens,NY,PWHL,https://assets.leaguestat.com/pwhl/logos/4.png,Signed,7
2,Signed,1,ADD,2025-08-19,18:11:59,08/19/2025,Canada/Eastern,244,,,Emma,Gentry,Emma Gentry (F),F,6,Toronto,Toronto Sceptres,TOR,PWHL,https://assets.leaguestat.com/pwhl/logos/6.png,Signed,7
2,Signed,1,ADD,2025-07-28,14:12:02,07/28/2025,Canada/Eastern,8,,,Loren,Gabel,Loren Gabel (LW),LW,1,Boston,Boston Fleet,BOS,PWHL,https://assets.leaguestat.com/pwhl/logos/1.png,Signed,7
2,Signed,1,ADD,2025-07-16,12:36:53,07/16/2025,Canada/Eastern,240,,,Fanuza,Kadirova,Fanuza Kadirova (F),F,5,Ottawa,Ottawa Charge,OTT,PWHL,https://assets.leaguestat.com/pwhl/logos/5.png,Signed,7
2,Signed,1,ADD,2025-07-16,12:35:04,07/16/2025,Canada/Eastern,239,,,Anna,Shokhina,Anna Shokhina (F),F,5,Ottawa,Ottawa Charge,OTT,PWHL,https://assets.leaguestat.com/pwhl/logos/5.png,Signed,7
2,Signed,1,ADD,2025-07-16,12:44:22,07/16/2025,Canada/Eastern,241,,,Sarah,Wozniewicz,Sarah Wozniewicz (F),F,5,Ottawa,Ottawa Charge,OTT,PWHL,https://assets.leaguestat.com/pwhl/logos/5.png,Signed,7
2,Signed,1,ADD,2025-07-15,20:06:50,07/15/2025,Canada/Eastern,183,,,Shay,Maloney,Shay Maloney (RW),RW,1,Boston,Boston Fleet,BOS,PWHL,https://assets.leaguestat.com/pwhl/logos/1.png,Signed,7
2,Signed,1,ADD,2025-07-10,18:31:17,07/10/2025,Canada/Eastern,128,,,Kaitlin,Willoughby,Kaitlin Willoughby (F),F,3,Montréal,Montréal Victoire,MTL,PWHL,https://assets.leaguestat.com/pwhl/logos/3.png,Signed,7
2,Signed,1,ADD,2025-07-10,18:29:30,07/10/2025,Canada/Eastern,205,,,Sarah,Fillier,Sarah Fillier (F),F,4,New York,New York Sirens,NY,PWHL,https://assets.leaguestat.com/pwhl/logos/4.png,Signed,7
2,Signed,1,ADD,2025-07-10,18:37:52,07/10/2025,Canada/Eastern,215,,,Jessica,Adolfsson,Jessica Adolfsson (D),D,5,Ottawa,Ottawa Charge,OTT,PWHL,https://assets.leaguestat.com/pwhl/logos/5.png,Signed,7
2,Signed,1,ADD,2025-07-10,18:37:40,07/10/2025,Canada/Eastern,216,,,Logan,Angers,Logan Angers (G),G,5,Ottawa,Ottawa Charge,OTT,PWHL,https://assets.leaguestat.com/pwhl/logos/5.png,Signed,7
2,Signed,1,ADD,2025-07-10,18:37:24,07/10/2025,Canada/Eastern,108,,,Samantha,Isbell,Samantha Isbell (F),F,5,Ottawa,Ottawa Charge,OTT,PWHL,https://assets.leaguestat.com/pwhl/logos/5.png,Signed,7
2,Signed,1,ADD,2025-07-10,14:44:40,07/10/2025,Canada/Eastern,134,,,Carly,Jackson,Carly Jackson (G),G,8,Seattle,Seattle Torrent,SEA,PWHL,https://assets.leaguestat.com/pwhl/logos/8.png,Signed,7
2,Signed,1,ADD,2025-07-10,22:38:55,07/10/2025,Canada/Eastern,203,,,Anna,Wilgren,Anna Wilgren (D),D,8,Seattle,Seattle Torrent,SEA,PWHL,https://assets.leaguestat.com/pwhl/logos/8.png,Signed,7
2,Signed,1,ADD,2025-06-27,16:47:24,06/27/2025,Canada/Eastern,102,,,Claire,Butorac,Claire Butorac (F),F,2,Minnesota,Minnesota Frost,MIN,PWHL,https://assets.leaguestat.com/pwhl/logos/2.jpg,Signed,7
2,Signed,1,ADD,2025-06-27,18:17:58,06/27/2025,Canada/Eastern,42,,,Abby,Roque,Abby Roque (F),F,3,Montréal,Montréal Victoire,MTL,PWHL,https://assets.leaguestat.com/pwhl/logos/3.png,Signed,7
2,Signed,1,ADD,2025-06-27,18:19:12,06/27/2025,Canada/Eastern,30,,,Kristin,O'Neill,Kristin O'Neill (F),F,4,New York,New York Sirens,NY,PWHL,https://assets.leaguestat.com/pwhl/logos/4.png,Signed,7
2,Signed,1,ADD,2025-06-27,18:21:04,06/27/2025,Canada/Eastern,116,,,Clair,DeGeorge,Clair DeGeorge (F),F,6,Toronto,Toronto Sceptres,TOR,PWHL,https://assets.leaguestat.com/pwhl/logos/6.png,Signed,7
2,Signed,1,ADD,2025-06-27,18:21:41,06/27/2025,Canada/Eastern,44,,,Ella,Shelton,Ella Shelton (D),D,6,Toronto,Toronto Sceptres,TOR,PWHL,https://assets.leaguestat.com/pwhl/logos/6.png,Signed,7
2,Signed,1,ADD,2025-06-27,18:22:19,06/27/2025,Canada/Eastern,64,,,Kristen,Campbell,Kristen Campbell (G),G,9,Vancouver,Vancouver Goldeneyes,VAN,PWHL,https://assets.leaguestat.com/pwhl/logos/9.png,Signed,7
2,Signed,1,ADD,2025-06-23,10:19:28,06/23/2025,Canada/Eastern,52,,,Zoe,Boyd,Zoe Boyd (LD),LD,1,Boston,Boston Fleet,BOS,PWHL,https://assets.leaguestat.com/pwhl/logos/1.png,Signed,7
2,Signed,1,ADD,2025-06-23,10:20:05,06/23/2025,Canada/Eastern,212,,,Laura,Kluge,Laura Kluge (LW),LW,1,Boston,Boston Fleet,BOS,PWHL,https://assets.leaguestat.com/pwhl/logos/1.png,Signed,7
2,Signed,1,ADD,2025-06-23,10:19:36,06/23/2025,Canada/Eastern,41,,,Abbey,Levy,Abbey Levy (G),G,1,Boston,Boston Fleet,BOS,PWHL,https://assets.leaguestat.com/pwhl/logos/1.png,Signed,7
2,Signed,1,ADD,2025-06-23,10:19:53,06/23/2025,Canada/Eastern,232,,,Rylind,MacKinnon,Rylind MacKinnon (LD),LD,1,Boston,Boston Fleet,BOS,PWHL,https://assets.leaguestat.com/pwhl/logos/1.png,Signed,7
2,Signed,1,ADD,2025-06-23,10:20:19,06/23/2025,Canada/Eastern,167,,,Sidney,Morin,Sidney Morin (D),D,2,Minnesota,Minnesota Frost,MIN,PWHL,https://assets.leaguestat.com/pwhl/logos/2.jpg,Signed,7
2,Signed,1,ADD,2025-06-23,10:20:31,06/23/2025,Canada/Eastern,35,,,Jade,Downie-Landry,Jade Downie-Landry (F),F,3,Montréal,Montréal Victoire,MTL,PWHL,https://assets.leaguestat.com/pwhl/logos/3.png,Signed,7
2,Signed,1,ADD,2025-06-23,10:20:39,06/23/2025,Canada/Eastern,79,,,Maggie,Flaherty,Maggie Flaherty (D),D,3,Montréal,Montréal Victoire,MTL,PWHL,https://assets.leaguestat.com/pwhl/logos/3.png,Signed,7
2,Signed,1,ADD,2025-06-23,10:20:51,06/23/2025,Canada/Eastern,207,,,Lauren,Bernard,Lauren Bernard (D),D,4,New York,New York Sirens,NY,PWHL,https://assets.leaguestat.com/pwhl/logos/4.png,Signed,7
2,Signed,1,ADD,2025-06-23,10:16:13,06/23/2025,Canada/Eastern,147,,,Savannah,Norcross,Savannah Norcross (F),F,4,New York,New York Sirens,NY,PWHL,https://assets.leaguestat.com/pwhl/logos/4.png,Signed,7
2,Signed,1,ADD,2025-06-23,10:20:58,06/23/2025,Canada/Eastern,45,,,Kayla,Vespa,Kayla Vespa (F),F,4,New York,New York Sirens,NY,PWHL,https://assets.leaguestat.com/pwhl/logos/4.png,Signed,7
2,Signed,1,ADD,2025-06-23,10:17:38,06/23/2025,Canada/Eastern,235,,,Emma,Bergesen,Emma Bergesen (D),D,5,Ottawa,Ottawa Charge,OTT,PWHL,https://assets.leaguestat.com/pwhl/logos/5.png,Signed,7
2,Signed,1,ADD,2025-06-23,10:21:15,06/23/2025,Canada/Eastern,38,,,Brooke,Hobson,Brooke Hobson (D),D,5,Ottawa,Ottawa Charge,OTT,PWHL,https://assets.leaguestat.com/pwhl/logos/5.png,Signed,7
2,Signed,1,ADD,2025-06-23,10:21:27,06/23/2025,Canada/Eastern,138,,,Mikyla,Grant-Mentis,Mikyla Grant-Mentis (F),F,8,Seattle,Seattle Torrent,SEA,PWHL,https://assets.leaguestat.com/pwhl/logos/8.png,Signed,7
2,Signed,1,ADD,2025-06-23,10:21:56,06/23/2025,Canada/Eastern,132,,,Jessica,Kondas,Jessica Kondas (D),D,6,Toronto,Toronto Sceptres,TOR,PWHL,https://assets.leaguestat.com/pwhl/logos/6.png,Signed,7
2,Signed,1,ADD,2025-06-20,18:32:12,06/20/2025,Canada/Eastern,48,,,Sandra,Abstreiter,Sandra Abstreiter (G),G,3,Montréal,Montréal Victoire,MTL,PWHL,https://assets.leaguestat.com/pwhl/logos/3.png,Signed,7
2,Signed,1,ADD,2025-06-20,18:32:40,06/20/2025,Canada/Eastern,5,,,Jessica,DiGirolamo,Jessica DiGirolamo (D),D,3,Montréal,Montréal Victoire,MTL,PWHL,https://assets.leaguestat.com/pwhl/logos/3.png,Signed,7
2,Signed,1,ADD,2025-06-20,18:32:22,06/20/2025,Canada/Eastern,157,,,Catherine,Dubois,Catherine Dubois (F),F,3,Montréal,Montréal Victoire,MTL,PWHL,https://assets.leaguestat.com/pwhl/logos/3.png,Signed,7
2,Signed,1,ADD,2025-06-20,18:33:19,06/20/2025,Canada/Eastern,68,,,Kali,Flanagan,Kali Flanagan (D),D,5,Ottawa,Ottawa Charge,OTT,PWHL,https://assets.leaguestat.com/pwhl/logos/5.png,Signed,7
2,Signed,1,ADD,2025-06-20,18:33:02,06/20/2025,Canada/Eastern,37,,,Élizabeth,Giguère,Élizabeth Giguère (F),F,5,Ottawa,Ottawa Charge,OTT,PWHL,https://assets.leaguestat.com/pwhl/logos/5.png,Signed,7
2,Signed,1,ADD,2025-06-20,14:56:09,06/20/2025,Canada/Eastern,138,,,Mikyla,Grant-Mentis,Mikyla Grant-Mentis (F),F,8,Seattle,Seattle Torrent,SEA,PWHL,https://assets.leaguestat.com/pwhl/logos/8.png,Signed,7
2,Signed,1,ADD,2025-06-19,10:04:54,06/19/2025,Canada/Eastern,33,,,Chloé,Aurard-Bushee,Chloé Aurard-Bushee (F),F,1,Boston,Boston Fleet,BOS,PWHL,https://assets.leaguestat.com/pwhl/logos/1.png,Signed,7
2,Signed,1,ADD,2025-06-19,10:05:09,06/19/2025,Canada/Eastern,97,,,Liz,Schepers,Liz Schepers (C),C,1,Boston,Boston Fleet,BOS,PWHL,https://assets.leaguestat.com/pwhl/logos/1.png,Signed,7
2,Signed,1,ADD,2025-06-19,10:05:48,06/19/2025,Canada/Eastern,9,,,Taylor,Girard,Taylor Girard (LW),LW,4,New York,New York Sirens,NY,PWHL,https://assets.leaguestat.com/pwhl/logos/4.png,Signed,7
2,Signed,1,ADD,2025-06-19,10:06:49,06/19/2025,Canada/Eastern,60,,,Jincy,Roese,Jincy Roese (D),D,4,New York,New York Sirens,NY,PWHL,https://assets.leaguestat.com/pwhl/logos/4.png,Signed,7
2,Signed,1,ADD,2025-06-19,10:07:06,06/19/2025,Canada/Eastern,217,,,Taylor,House,Taylor House (F),F,5,Ottawa,Ottawa Charge,OTT,PWHL,https://assets.leaguestat.com/pwhl/logos/5.png,Signed,7
2,Signed,1,ADD,2025-06-19,10:07:18,06/19/2025,Canada/Eastern,72,,,Rebecca,Leslie,Rebecca Leslie (F),F,5,Ottawa,Ottawa Charge,OTT,PWHL,https://assets.leaguestat.com/pwhl/logos/5.png,Signed,7
2,Signed,1,ADD,2025-06-19,10:07:39,06/19/2025,Canada/Eastern,142,,,Natalie,Snodgrass,Natalie Snodgrass (F),F,8,Seattle,Seattle Torrent,SEA,PWHL,https://assets.leaguestat.com/pwhl/logos/8.png,Signed,7
2,Signed,1,ADD,2025-06-19,10:07:59,06/19/2025,Canada/Eastern,66,,,Maggie,Connors,Maggie Connors (F),F,6,Toronto,Toronto Sceptres,TOR,PWHL,https://assets.leaguestat.com/pwhl/logos/6.png,Signed,7
2,Signed,1,ADD,2025-06-18,03:16:47,06/18/2025,Canada/Eastern,149,,,Jill,Saulnier,Jill Saulnier (LW),LW,1,Boston,Boston Fleet,BOS,PWHL,https://assets.leaguestat.com/pwhl/logos/1.png,Signed,7
2,Signed,1,ADD,2025-06-18,03:17:04,06/18/2025,Canada/Eastern,17,,,Theresa,Schafzahl,Theresa Schafzahl (LW),LW,1,Boston,Boston Fleet,BOS,PWHL,https://assets.leaguestat.com/pwhl/logos/1.png,Signed,7
2,Signed,1,ADD,2025-06-18,03:16:07,06/18/2025,Canada/Eastern,78,,,Susanna,Tapani,Susanna Tapani (C),C,1,Boston,Boston Fleet,BOS,PWHL,https://assets.leaguestat.com/pwhl/logos/1.png,Signed,7
2,Signed,1,ADD,2025-06-18,03:17:25,06/18/2025,Canada/Eastern,90,,,Natalie,Buchbinder,Natalie Buchbinder (D),D,2,Minnesota,Minnesota Frost,MIN,PWHL,https://assets.leaguestat.com/pwhl/logos/2.jpg,Signed,7
2,Signed,1,ADD,2025-06-18,03:17:36,06/18/2025,Canada/Eastern,123,,,Maddie,Rooney,Maddie Rooney (G),G,2,Minnesota,Minnesota Frost,MIN,PWHL,https://assets.leaguestat.com/pwhl/logos/2.jpg,Signed,7
2,Signed,1,ADD,2025-06-18,03:18:20,06/18/2025,Canada/Eastern,4,,,Shiann,Darkangelo,Shiann Darkangelo (F),F,3,Montréal,Montréal Victoire,MTL,PWHL,https://assets.leaguestat.com/pwhl/logos/3.png,Signed,7
2,Signed,1,ADD,2025-06-18,03:18:09,06/18/2025,Canada/Eastern,61,,,Hayley,Scamurra,Hayley Scamurra (F),F,3,Montréal,Montréal Victoire,MTL,PWHL,https://assets.leaguestat.com/pwhl/logos/3.png,Signed,7
2,Signed,1,ADD,2025-06-18,03:17:57,06/18/2025,Canada/Eastern,84,,,Kati,Tabin,Kati Tabin (D),D,3,Montréal,Montréal Victoire,MTL,PWHL,https://assets.leaguestat.com/pwhl/logos/3.png,Signed,7
2,Signed,1,ADD,2025-06-18,03:18:55,06/18/2025,Canada/Eastern,49,,,Lexie,Adzija,Lexie Adzija (F),F,8,Seattle,Seattle Torrent,SEA,PWHL,https://assets.leaguestat.com/pwhl/logos/8.png,Signed,7
2,Signed,1,ADD,2025-06-18,03:18:39,06/18/2025,Canada/Eastern,99,,,Mariah,Keopple,Mariah Keopple (D),D,8,Seattle,Seattle Torrent,SEA,PWHL,https://assets.leaguestat.com/pwhl/logos/8.png,Signed,7
2,Signed,1,ADD,2025-06-18,03:20:52,06/18/2025,Canada/Eastern,85,,,Elaine,Chuli,Elaine Chuli (G),G,6,Toronto,Toronto Sceptres,TOR,PWHL,https://assets.leaguestat.com/pwhl/logos/6.png,Signed,7
2,Signed,1,ADD,2025-06-18,03:20:43,06/18/2025,Canada/Eastern,65,,,Jesse,Compher,Jesse Compher (F),F,6,Toronto,Toronto Sceptres,TOR,PWHL,https://assets.leaguestat.com/pwhl/logos/6.png,Signed,7
2,Signed,1,ADD,2025-06-18,03:21:04,06/18/2025,Canada/Eastern,26,,,Claire,Dalton,Claire Dalton (F),F,6,Toronto,Toronto Sceptres,TOR,PWHL,https://assets.leaguestat.com/pwhl/logos/6.png,Signed,7
2,Signed,1,ADD,2025-06-18,03:20:34,06/18/2025,Canada/Eastern,100,,,Natalie,Spooner,Natalie Spooner (F),F,6,Toronto,Toronto Sceptres,TOR,PWHL,https://assets.leaguestat.com/pwhl/logos/6.png,Signed,7
4,Traded from,0,DEL,2025-06-18,16:43:00,06/18/2025,America/Toronto,50,PWHL Vancouver,BL,Ashton,Bell,Ashton Bell (D),D,9,Vancouver,Vancouver Goldeneyes,VAN,PWHL,https://assets.leaguestat.com/pwhl/logos/9.png,Traded from PWHL Vancouver,7
2,Signed,1,ADD,2025-06-18,03:19:29,06/18/2025,Canada/Eastern,115,,,Michela,Cava,Michela Cava (F),F,9,Vancouver,Vancouver Goldeneyes,VAN,PWHL,https://assets.leaguestat.com/pwhl/logos/9.png,Signed,7
2,Signed,1,ADD,2025-06-18,03:20:03,06/18/2025,Canada/Eastern,129,,,Mellissa,Channell-Watkins,Mellissa Channell-Watkins (D),D,9,Vancouver,Vancouver Goldeneyes,VAN,PWHL,https://assets.leaguestat.com/pwhl/logos/9.png,Signed,7
2,Signed,1,ADD,2025-06-18,03:20:12,06/18/2025,Canada/Eastern,118,,,Emma,Greco,Emma Greco (D),D,9,Vancouver,Vancouver Goldeneyes,VAN,PWHL,https://assets.leaguestat.com/pwhl/logos/9.png,Signed,7
2,Signed,1,ADD,2025-06-18,03:19:19,06/18/2025,Canada/Eastern,89,,,Hannah,Miller,Hannah Miller (F),F,9,Vancouver,Vancouver Goldeneyes,VAN,PWHL,https://assets.leaguestat.com/pwhl/logos/9.png,Signed,7
2,Signed,1,ADD,2025-06-18,03:19:42,06/18/2025,Canada/Eastern,161,,,Tereza,Vanišová,Tereza Vanišová (F),F,9,Vancouver,Vancouver Goldeneyes,VAN,PWHL,https://assets.leaguestat.com/pwhl/logos/9.png,Signed,7
2,Signed,1,ADD,2025-06-17,14:06:56,06/17/2025,Canada/Eastern,89,,,Hannah,Miller,Hannah Miller (F),F,9,Vancouver,Vancouver Goldeneyes,VAN,PWHL,https://assets.leaguestat.com/pwhl/logos/9.png,Signed,7
2,Signed,1,ADD,2025-06-13,01:01:18,06/13/2025,Canada/Eastern,196,,,Cayla,Barnes,Cayla Barnes (D),D,8,Seattle,Seattle Torrent,SEA,PWHL,https://assets.leaguestat.com/pwhl/logos/8.png,Signed,7
2,Signed,1,ADD,2025-06-13,01:04:18,06/13/2025,Canada/Eastern,181,,,Hannah,Bilka,Hannah Bilka (F),F,8,Seattle,Seattle Torrent,SEA,PWHL,https://assets.leaguestat.com/pwhl/logos/8.png,Signed,7
2,Signed,1,ADD,2025-06-13,01:05:20,06/13/2025,Canada/Eastern,2,,,Emily,Brown,Emily Brown (D),D,8,Seattle,Seattle Torrent,SEA,PWHL,https://assets.leaguestat.com/pwhl/logos/8.png,Signed,7
2,Signed,1,ADD,2025-06-13,01:01:35,06/13/2025,Canada/Eastern,34,,,Alex,Carpenter,Alex Carpenter (F),F,8,Seattle,Seattle Torrent,SEA,PWHL,https://assets.leaguestat.com/pwhl/logos/8.png,Signed,7
2,Signed,1,ADD,2025-06-13,01:05:09,06/13/2025,Canada/Eastern,208,,,Megan,Carter,Megan Carter (D),D,8,Seattle,Seattle Torrent,SEA,PWHL,https://assets.leaguestat.com/pwhl/logos/8.png,Signed,7
2,Signed,1,ADD,2025-06-13,01:04:34,06/13/2025,Canada/Eastern,36,,,Jessie,Eldridge,Jessie Eldridge (F),F,8,Seattle,Seattle Torrent,SEA,PWHL,https://assets.leaguestat.com/pwhl/logos/8.png,Signed,7
2,Signed,1,ADD,2025-06-13,01:04:48,06/13/2025,Canada/Eastern,210,,,Julia,Gosling,Julia Gosling (F),F,8,Seattle,Seattle Torrent,SEA,PWHL,https://assets.leaguestat.com/pwhl/logos/8.png,Signed,7
2,Signed,1,ADD,2025-06-13,01:00:13,06/13/2025,Canada/Eastern,13,,,Hilary,Knight,Hilary Knight (F),F,8,Seattle,Seattle Torrent,SEA,PWHL,https://assets.leaguestat.com/pwhl/logos/8.png,Signed,7
2,Signed,1,ADD,2025-06-13,01:01:55,06/13/2025,Canada/Eastern,155,,,Corinne,Schroeder,Corinne Schroeder (G),G,8,Seattle,Seattle Torrent,SEA,PWHL,https://assets.leaguestat.com/pwhl/logos/8.png,Signed,7
2,Signed,1,ADD,2025-06-13,01:00:42,06/13/2025,Canada/Eastern,224,,,Danielle,Serdachny,Danielle Serdachny (F),F,8,Seattle,Seattle Torrent,SEA,PWHL,https://assets.leaguestat.com/pwhl/logos/8.png,Signed,7
2,Signed,1,ADD,2025-06-13,01:04:02,06/13/2025,Canada/Eastern,62,,,Aneta,Tejralová,Aneta Tejralová (D),D,8,Seattle,Seattle Torrent,SEA,PWHL,https://assets.leaguestat.com/pwhl/logos/8.png,Signed,7
2,Signed,1,ADD,2025-06-13,01:08:22,06/13/2025,Canada/Eastern,180,,,Sydney,Bard,Sydney Bard (D),D,9,Vancouver,Vancouver Goldeneyes,VAN,PWHL,https://assets.leaguestat.com/pwhl/logos/9.png,Signed,7
2,Signed,1,ADD,2025-06-13,01:06:47,06/13/2025,Canada/Eastern,50,,,Ashton,Bell,Ashton Bell (D),D,9,Vancouver,Vancouver Goldeneyes,VAN,PWHL,https://assets.leaguestat.com/pwhl/logos/9.png,Signed,7
2,Signed,1,ADD,2025-06-13,01:07:11,06/13/2025,Canada/Eastern,114,,,Abby,Boreen,Abby Boreen (F),F,9,Vancouver,Vancouver Goldeneyes,VAN,PWHL,https://assets.leaguestat.com/pwhl/logos/9.png,Signed,7
2,Signed,1,ADD,2025-06-13,01:07:28,06/13/2025,Canada/Eastern,209,,,Izzy,Daniel,Izzy Daniel (F),F,9,Vancouver,Vancouver Goldeneyes,VAN,PWHL,https://assets.leaguestat.com/pwhl/logos/9.png,Signed,7
2,Signed,1,ADD,2025-06-13,01:06:38,06/13/2025,Canada/Eastern,198,,,Jenn,Gardiner,Jenn Gardiner (F),F,9,Vancouver,Vancouver Goldeneyes,VAN,PWHL,https://assets.leaguestat.com/pwhl/logos/9.png,Signed,7
2,Signed,1,ADD,2025-06-13,01:05:55,06/13/2025,Canada/Eastern,11,,,Sophie,Jaques,Sophie Jaques (D),D,9,Vancouver,Vancouver Goldeneyes,VAN,PWHL,https://assets.leaguestat.com/pwhl/logos/9.png,Signed,7
2,Signed,1,ADD,2025-06-13,01:07:59,06/13/2025,Canada/Eastern,104,,,Denisa,Křížová,Denisa Křížová (F),F,9,Vancouver,Vancouver Goldeneyes,VAN,PWHL,https://assets.leaguestat.com/pwhl/logos/9.png,Signed,7
2,Signed,1,ADD,2025-06-13,01:06:07,06/13/2025,Canada/Eastern,59,,,Emerance,Maschmeyer,Emerance Maschmeyer (G),G,9,Vancouver,Vancouver Goldeneyes,VAN,PWHL,https://assets.leaguestat.com/pwhl/logos/9.png,Signed,7
2,Signed,1,ADD,2025-06-13,01:07:00,06/13/2025,Canada/Eastern,192,,,Brooke,McQuigge,Brooke McQuigge (F),F,9,Vancouver,Vancouver Goldeneyes,VAN,PWHL,https://assets.leaguestat.com/pwhl/logos/9.png,Signed,7
2,Signed,1,ADD,2025-06-13,01:06:19,06/13/2025,Canada/Eastern,75,,,Sarah,Nurse,Sarah Nurse (F),F,9,Vancouver,Vancouver Goldeneyes,VAN,PWHL,https://assets.leaguestat.com/pwhl/logos/9.png,Signed,7
2,Signed,1,ADD,2025-06-13,01:07:41,06/13/2025,Canada/Eastern,227,,,Gabby,Rosenthal,Gabby Rosenthal (F),F,9,Vancouver,Vancouver Goldeneyes,VAN,PWHL,https://assets.leaguestat.com/pwhl/logos/9.png,Signed,7
2,Signed,1,ADD,2025-06-13,01:05:45,06/13/2025,Canada/Eastern,169,,,Claire,Thompson,Claire Thompson (D),D,9,Vancouver,Vancouver Goldeneyes,VAN,PWHL,https://assets.leaguestat.com/pwhl/logos/9.png,Signed,7
2,Signed,1,ADD,2026-04-01,22:32:53,04/01/2026,Canada/Eastern,214,,,Noemi,Neubauerová,Noemi Neubauerová (D),D,1,Boston,Boston Fleet,BOS,PWHL,https://assets.leaguestat.com/pwhl/logos/1.png,Signed,8
2,Signed,1,ADD,2026-04-01,16:25:36,04/01/2026,Canada/Eastern,126,,,Samantha,Cogan,Samantha Cogan (F),F,2,Minnesota,Minnesota Frost,MIN,PWHL,https://assets.leaguestat.com/pwhl/logos/2.jpg,Signed,8
2,Signed,1,ADD,2026-04-01,16:50:15,04/01/2026,Canada/Eastern,81,,,Sarah,Bujold,Sarah Bujold (F),F,4,New York,New York Sirens,NY,PWHL,https://assets.leaguestat.com/pwhl/logos/4.png,Signed,8
2,Signed,1,ADD,2026-04-01,16:50:57,04/01/2026,Canada/Eastern,279,,,Kira,Juodikis,Kira Juodikis (F),F,4,New York,New York Sirens,NY,PWHL,https://assets.leaguestat.com/pwhl/logos/4.png,Signed,8
2,Signed,1,ADD,2026-04-01,16:27:35,04/01/2026,Canada/Eastern,233,,,Alexie,Guay,Alexie Guay (D),D,5,Ottawa,Ottawa Charge,OTT,PWHL,https://assets.leaguestat.com/pwhl/logos/5.png,Signed,8
2,Signed,1,ADD,2026-04-01,16:28:59,04/01/2026,Canada/Eastern,213,,,Anneke,Rankila,Anneke Rankila (F),F,6,Toronto,Toronto Sceptres,TOR,PWHL,https://assets.leaguestat.com/pwhl/logos/6.png,Signed,8
2,Signed,1,ADD,2026-04-01,16:30:13,04/01/2026,Canada/Eastern,321,,,Sini,Karjalainen,Sini Karjalainen (D),D,9,Vancouver,Vancouver Goldeneyes,VAN,PWHL,https://assets.leaguestat.com/pwhl/logos/9.png,Signed,8
2,Signed,1,ADD,2026-03-30,19:44:45,03/30/2026,Canada/Eastern,60,,,Jincy,Roese,Jincy Roese (D),D,2,Minnesota,Minnesota Frost,MIN,PWHL,https://assets.leaguestat.com/pwhl/logos/2.jpg,Signed,8
2,Signed,1,ADD,2026-03-30,19:45:29,03/30/2026,Canada/Eastern,104,,,Denisa,Křížová,Denisa Křížová (F),F,4,New York,New York Sirens,NY,PWHL,https://assets.leaguestat.com/pwhl/logos/4.png,Signed,8
2,Signed,1,ADD,2026-03-25,15:08:59,03/25/2026,Canada/Eastern,320,,,Nadia,Mattivi,Nadia Mattivi (D),D,3,Montréal,Montréal Victoire,MTL,PWHL,https://assets.leaguestat.com/pwhl/logos/3.png,Signed,8
2,Signed,1,ADD,2026-03-17,00:26:35,03/17/2026,Canada/Eastern,36,,,Jessie,Eldridge,Jessie Eldridge (F),F,1,Boston,Boston Fleet,BOS,PWHL,https://assets.leaguestat.com/pwhl/logos/1.png,Signed,8
4,Traded from,0,DEL,2026-03-17,,03/17/2026,Canada/Eastern,17,,,Theresa,Schafzahl,Theresa Schafzahl (LW),LW,1,Boston,Boston Fleet,BOS,PWHL,https://assets.leaguestat.com/pwhl/logos/1.png,Traded from ,8
3,Traded to,1,ADD,2026-03-17,,03/17/2026,Canada/Eastern,17,,,Theresa,Schafzahl,Theresa Schafzahl (LW),LW,8,Seattle,Seattle Torrent,SEA,PWHL,https://assets.leaguestat.com/pwhl/logos/8.png,Traded to ,8
2,Signed,1,ADD,2026-03-17,00:27:19,03/17/2026,Canada/Eastern,17,,,Theresa,Schafzahl,Theresa Schafzahl (LW),LW,8,Seattle,Seattle Torrent,SEA,PWHL,https://assets.leaguestat.com/pwhl/logos/8.png,Signed,8
2,Signed,1,ADD,2026-02-28,15:33:06,02/28/2026,Canada/Eastern,319,,,Maggy,Burbidge,Maggy Burbidge (F),F,5,Ottawa,Ottawa Charge,OTT,PWHL,https://assets.leaguestat.com/pwhl/logos/5.png,Signed,8
1,Retired,0,DEL,2026-01-30,17:35:00,01/30/2026,America/Toronto,108,,BL,Samantha,Isbell,Samantha Isbell (F),F,5,Ottawa,Ottawa Charge,OTT,PWHL,https://assets.leaguestat.com/pwhl/logos/5.png,Retired,8
2,Signed,1,ADD,2026-01-19,01:31:44,01/19/2026,Canada/Eastern,115,,,Michela,Cava,Michela Cava (F),F,5,Ottawa,Ottawa Charge,OTT,PWHL,https://assets.leaguestat.com/pwhl/logos/5.png,Signed,8
2,Signed,1,ADD,2026-01-19,01:32:03,01/19/2026,Canada/Eastern,118,,,Emma,Greco,Emma Greco (D),D,5,Ottawa,Ottawa Charge,OTT,PWHL,https://assets.leaguestat.com/pwhl/logos/5.png,Signed,8
4,Traded from,0,DEL,2026-01-19,,01/19/2026,Canada/Eastern,220,,,Mannon,McMahon,Mannon McMahon (F),F,5,Ottawa,Ottawa Charge,OTT,PWHL,https://assets.leaguestat.com/pwhl/logos/5.png,Traded from ,8
4,Traded from,0,DEL,2026-01-19,,01/19/2026,Canada/Eastern,220,,,Mannon,McMahon,Mannon McMahon (F),F,5,Ottawa,Ottawa Charge,OTT,PWHL,https://assets.leaguestat.com/pwhl/logos/5.png,Traded from ,8
2,Signed,1,ADD,2026-01-19,01:32:16,01/19/2026,Canada/Eastern,192,,,Brooke,McQuigge,Brooke McQuigge (F),F,5,Ottawa,Ottawa Charge,OTT,PWHL,https://assets.leaguestat.com/pwhl/logos/5.png,Signed,8
2,Signed,1,ADD,2026-01-19,01:33:33,01/19/2026,Canada/Eastern,220,,,Mannon,McMahon,Mannon McMahon (F),F,9,Vancouver,Vancouver Goldeneyes,VAN,PWHL,https://assets.leaguestat.com/pwhl/logos/9.png,Signed,8
3,Traded to,1,ADD,2026-01-19,,01/19/2026,Canada/Eastern,220,,,Mannon,McMahon,Mannon McMahon (F),F,9,Vancouver,Vancouver Goldeneyes,VAN,PWHL,https://assets.leaguestat.com/pwhl/logos/9.png,Traded to ,8
3,Traded to,1,ADD,2026-01-19,,01/19/2026,Canada/Eastern,220,,,Mannon,McMahon,Mannon McMahon (F),F,9,Vancouver,Vancouver Goldeneyes,VAN,PWHL,https://assets.leaguestat.com/pwhl/logos/9.png,Traded to ,8
2,Signed,1,ADD,2026-01-19,01:33:21,01/19/2026,Canada/Eastern,221,,,Anna,Meixner,Anna Meixner (F),F,9,Vancouver,Vancouver Goldeneyes,VAN,PWHL,https://assets.leaguestat.com/pwhl/logos/9.png,Signed,8
2,Signed,1,ADD,2026-01-19,01:33:10,01/19/2026,Canada/Eastern,239,,,Anna,Shokhina,Anna Shokhina (F),F,9,Vancouver,Vancouver Goldeneyes,VAN,PWHL,https://assets.leaguestat.com/pwhl/logos/9.png,Signed,8
2,Signed,1,ADD,2025-11-28,18:19:28,11/28/2025,Canada/Eastern,91,,,Brooke,Bryant,Brooke Bryant (F),F,8,Seattle,Seattle Torrent,SEA,PWHL,https://assets.leaguestat.com/pwhl/logos/8.png,Signed,8
2,Signed,1,ADD,2025-11-26,17:33:06,11/26/2025,Canada/Eastern,318,,,Reece,Hunt,Reece Hunt (F),F,5,Ottawa,Ottawa Charge,OTT,PWHL,https://assets.leaguestat.com/pwhl/logos/5.png,Signed,8
2,Signed,1,ADD,2025-11-20,20:21:21,11/20/2025,Canada/Eastern,37,,,Élizabeth,Giguère,Élizabeth Giguère (F),F,2,Minnesota,Minnesota Frost,MIN,PWHL,https://assets.leaguestat.com/pwhl/logos/2.jpg,Signed,8
1,Retired,0,DEL,2026-05-06,19:24:00,05/06/2026,America/Toronto,322,,,mia,biotti,mia biotti (D),D,1,Boston,Boston Fleet,BOS,PWHL,https://assets.leaguestat.com/pwhl/logos/1.png,Retired,9
1,Retired,0,DEL,2026-05-02,11:54:00,05/02/2026,America/Toronto,322,,,mia,biotti,mia biotti (D),D,1,Boston,Boston Fleet,BOS,PWHL,https://assets.leaguestat.com/pwhl/logos/1.png,Retired,9
2,Signed,1,ADD,2026-04-30,19:50:30,04/30/2026,Canada/Eastern,322,,,mia,biotti,mia biotti (D),D,1,Boston,Boston Fleet,BOS,PWHL,https://assets.leaguestat.com/pwhl/logos/1.png,Signed,9
2,Signed,1,ADD,2026-04-30,19:51:01,04/30/2026,Canada/Eastern,254,,,Mia,Biotti,Mia Biotti (RD),RD,1,Boston,Boston Fleet,BOS,PWHL,https://assets.leaguestat.com/pwhl/logos/1.png,Signed,9
1,Retired,0,DEL,2026-04-30,20:13:00,04/30/2026,America/Toronto,322,,,mia,biotti,mia biotti (D),D,1,Boston,Boston Fleet,BOS,PWHL,https://assets.leaguestat.com/pwhl/logos/1.png,Retired,9
2,Signed,1,ADD,2026-10-07,15:20:15,10/07/2026,Canada/Eastern,405,,,Vivian,Hinch,Vivian Hinch (D),D,1,Boston,Boston Fleet,BOS,PWHL,https://assets.leaguestat.com/pwhl/logos/1.png,Signed,10
2,Signed,1,ADD,2026-10-07,15:42:13,10/07/2026,Canada/Eastern,413,,,Abby,Hornung,Abby Hornung (G),G,1,Boston,Boston Fleet,BOS,PWHL,https://assets.leaguestat.com/pwhl/logos/1.png,Signed,10
2,Signed,1,ADD,2026-10-07,15:15:30,10/07/2026,Canada/Eastern,403,,,Sarah,Marchand,Sarah Marchand (F),F,1,Boston,Boston Fleet,BOS,PWHL,https://assets.leaguestat.com/pwhl/logos/1.png,Signed,10
2,Signed,1,ADD,2026-10-07,15:40:31,10/07/2026,Canada/Eastern,412,,,Lindsay,Reed,Lindsay Reed (G),G,1,Boston,Boston Fleet,BOS,PWHL,https://assets.leaguestat.com/pwhl/logos/1.png,Signed,10
2,Signed,1,ADD,2026-10-07,15:31:59,10/07/2026,Canada/Eastern,410,,,Natalie,Stott,Natalie Stott (G),G,1,Boston,Boston Fleet,BOS,PWHL,https://assets.leaguestat.com/pwhl/logos/1.png,Signed,10
2,Signed,1,ADD,2026-10-07,15:11:42,10/07/2026,Canada/Eastern,402,,,Luisa,Welcke,Luisa Welcke (F),F,1,Boston,Boston Fleet,BOS,PWHL,https://assets.leaguestat.com/pwhl/logos/1.png,Signed,10
2,Signed,1,ADD,2026-10-07,15:20:00,10/07/2026,Canada/Eastern,46,,,Olivia,Zafuto,Olivia Zafuto (LD),LD,1,Boston,Boston Fleet,BOS,PWHL,https://assets.leaguestat.com/pwhl/logos/1.png,Signed,10
2,Signed,1,ADD,2026-10-07,15:57:56,10/07/2026,Canada/Eastern,302,,,Maddy,Clough,Maddy Clough (D),D,2,Minnesota,Minnesota Frost,MIN,PWHL,https://assets.leaguestat.com/pwhl/logos/2.jpg,Signed,10
2,Signed,1,ADD,2026-10-07,15:53:40,10/07/2026,Canada/Eastern,417,,,Nara,Elia,Nara Elia (F),F,2,Minnesota,Minnesota Frost,MIN,PWHL,https://assets.leaguestat.com/pwhl/logos/2.jpg,Signed,10
2,Signed,1,ADD,2026-10-07,15:52:03,10/07/2026,Canada/Eastern,416,,,Ellie,Kaiser,Ellie Kaiser (F),F,2,Minnesota,Minnesota Frost,MIN,PWHL,https://assets.leaguestat.com/pwhl/logos/2.jpg,Signed,10
2,Signed,1,ADD,2026-10-07,15:58:41,10/07/2026,Canada/Eastern,421,,,Maddie,Posick,Maddie Posick (D),D,2,Minnesota,Minnesota Frost,MIN,PWHL,https://assets.leaguestat.com/pwhl/logos/2.jpg,Signed,10
2,Signed,1,ADD,2026-10-07,16:00:34,10/07/2026,Canada/Eastern,165,,,Maude,Poulin-Labelle,Maude Poulin-Labelle (D),D,2,Minnesota,Minnesota Frost,MIN,PWHL,https://assets.leaguestat.com/pwhl/logos/2.jpg,Signed,10
2,Signed,1,ADD,2026-10-07,16:01:04,10/07/2026,Canada/Eastern,422,,,Hope,Walinski,Hope Walinski (G),G,2,Minnesota,Minnesota Frost,MIN,PWHL,https://assets.leaguestat.com/pwhl/logos/2.jpg,Signed,10
2,Signed,1,ADD,2026-10-07,15:55:52,10/07/2026,Canada/Eastern,420,,,Lilli,Welcke,Lilli Welcke (F),F,2,Minnesota,Minnesota Frost,MIN,PWHL,https://assets.leaguestat.com/pwhl/logos/2.jpg,Signed,10
2,Signed,1,ADD,2026-10-07,15:50:10,10/07/2026,Canada/Eastern,415,,,Clara,Yuhn,Clara Yuhn (F),F,2,Minnesota,Minnesota Frost,MIN,PWHL,https://assets.leaguestat.com/pwhl/logos/2.jpg,Signed,10
2,Signed,1,ADD,2026-10-07,14:56:54,10/07/2026,Canada/Eastern,401,,,Maria,Batalova,Maria Batalova (D),D,3,Montréal,Montréal Victoire,MTL,PWHL,https://assets.leaguestat.com/pwhl/logos/3.png,Signed,10
2,Signed,1,ADD,2026-10-07,14:50:00,10/07/2026,Canada/Eastern,272,,,Skylar,Irving,Skylar Irving (F),F,3,Montréal,Montréal Victoire,MTL,PWHL,https://assets.leaguestat.com/pwhl/logos/3.png,Signed,10
2,Signed,1,ADD,2026-10-07,14:48:59,10/07/2026,Canada/Eastern,108,,,Samantha,Isbell,Samantha Isbell (F),F,3,Montréal,Montréal Victoire,MTL,PWHL,https://assets.leaguestat.com/pwhl/logos/3.png,Signed,10
2,Signed,1,ADD,2026-10-07,14:53:23,10/07/2026,Canada/Eastern,400,,,Meredith,Jensen,Meredith Jensen (D),D,3,Montréal,Montréal Victoire,MTL,PWHL,https://assets.leaguestat.com/pwhl/logos/3.png,Signed,10
2,Signed,1,ADD,2026-10-07,14:50:43,10/07/2026,Canada/Eastern,399,,,Kianna,Roeske,Kianna Roeske (D),D,3,Montréal,Montréal Victoire,MTL,PWHL,https://assets.leaguestat.com/pwhl/logos/3.png,Signed,10
2,Signed,1,ADD,2026-10-07,15:43:59,10/07/2026,Canada/Eastern,81,,,Sarah,Bujold,Sarah Bujold (F),F,4,New York,New York Sirens,NY,PWHL,https://assets.leaguestat.com/pwhl/logos/4.png,Signed,10
2,Signed,1,ADD,2026-10-07,15:44:52,10/07/2026,Canada/Eastern,414,,,Celina,Haider,Celina Haider (F),F,4,New York,New York Sirens,NY,PWHL,https://assets.leaguestat.com/pwhl/logos/4.png,Signed,10
2,Signed,1,ADD,2026-10-07,23:46:54,10/07/2026,Canada/Eastern,449,,,Quinn,Kuntz,Quinn Kuntz (G),G,4,New York,New York Sirens,NY,PWHL,https://assets.leaguestat.com/pwhl/logos/4.png,Signed,10
2,Signed,1,ADD,2026-10-07,15:47:29,10/07/2026,Canada/Eastern,280,,,Casey,O'Brien,Casey O'Brien (F),F,4,New York,New York Sirens,NY,PWHL,https://assets.leaguestat.com/pwhl/logos/4.png,Signed,10
2,Signed,1,ADD,2026-10-07,15:48:17,10/07/2026,Canada/Eastern,268,,,Cameron,Sikich,Cameron Sikich (D),D,4,New York,New York Sirens,NY,PWHL,https://assets.leaguestat.com/pwhl/logos/4.png,Signed,10
2,Signed,1,ADD,2026-10-07,15:32:48,10/07/2026,Canada/Eastern,411,,,Lyndsy,Acheson,Lyndsy Acheson (D),D,5,Ottawa,Ottawa Charge,OTT,PWHL,https://assets.leaguestat.com/pwhl/logos/5.png,Signed,10
2,Signed,1,ADD,2026-10-07,15:31:25,10/07/2026,Canada/Eastern,266,,,Madison,Mashuga,Madison Mashuga (F),F,5,Ottawa,Ottawa Charge,OTT,PWHL,https://assets.leaguestat.com/pwhl/logos/5.png,Signed,10
2,Signed,1,ADD,2026-10-07,15:35:02,10/07/2026,Canada/Eastern,260,,,Kaitlyn,Ross,Kaitlyn Ross (G),G,5,Ottawa,Ottawa Charge,OTT,PWHL,https://assets.leaguestat.com/pwhl/logos/5.png,Signed,10
2,Signed,1,ADD,2026-10-07,15:29:21,10/07/2026,Canada/Eastern,409,,,Annalise,Wong,Annalise Wong (F),F,5,Ottawa,Ottawa Charge,OTT,PWHL,https://assets.leaguestat.com/pwhl/logos/5.png,Signed,10
2,Signed,1,ADD,2026-10-07,15:23:07,10/07/2026,Canada/Eastern,215,,,Jessica,Adolfsson,Jessica Adolfsson (D),D,10,Detroit,PWHL Detroit,DET,PWHL,https://assets.leaguestat.com/pwhl/logos/10.png,Signed,10
2,Signed,1,ADD,2026-10-07,15:15:59,10/07/2026,Canada/Eastern,404,,,Gabby,Jones,Gabby Jones (F),F,10,Detroit,PWHL Detroit,DET,PWHL,https://assets.leaguestat.com/pwhl/logos/10.png,Signed,10
2,Signed,1,ADD,2026-10-07,15:20:08,10/07/2026,Canada/Eastern,279,,,Kira,Juodikis,Kira Juodikis (F),F,10,Detroit,PWHL Detroit,DET,PWHL,https://assets.leaguestat.com/pwhl/logos/10.png,Signed,10
2,Signed,1,ADD,2026-10-07,15:23:54,10/07/2026,Canada/Eastern,407,,,Michelle,Pasiechnyk,Michelle Pasiechnyk (G),G,10,Detroit,PWHL Detroit,DET,PWHL,https://assets.leaguestat.com/pwhl/logos/10.png,Signed,10
2,Signed,1,ADD,2026-10-07,15:14:47,10/07/2026,Canada/Eastern,269,,,Vanessa,Upson,Vanessa Upson (F),F,10,Detroit,PWHL Detroit,DET,PWHL,https://assets.leaguestat.com/pwhl/logos/10.png,Signed,10
2,Signed,1,ADD,2026-10-07,15:21:23,10/07/2026,Canada/Eastern,406,,,Kendra,Zuchotzki,Kendra Zuchotzki (D),D,10,Detroit,PWHL Detroit,DET,PWHL,https://assets.leaguestat.com/pwhl/logos/10.png,Signed,10
2,Signed,1,ADD,2026-10-07,16:21:53,10/07/2026,Canada/Eastern,48,,,Sandra,Abstreiter,Sandra Abstreiter (G),G,11,Hamilton,PWHL Hamilton,HAM,PWHL,https://assets.leaguestat.com/pwhl/logos/11.png,Signed,10
2,Signed,1,ADD,2026-10-07,16:11:19,10/07/2026,Canada/Eastern,424,,,Brooke,Campbell,Brooke Campbell (F),F,11,Hamilton,PWHL Hamilton,HAM,PWHL,https://assets.leaguestat.com/pwhl/logos/11.png,Signed,10
2,Signed,1,ADD,2026-10-07,16:15:32,10/07/2026,Canada/Eastern,426,,,Maeve,Carey,Maeve Carey (D),D,11,Hamilton,PWHL Hamilton,HAM,PWHL,https://assets.leaguestat.com/pwhl/logos/11.png,Signed,10
2,Signed,1,ADD,2026-10-07,16:19:22,10/07/2026,Canada/Eastern,428,,,Cristina,Cavaliere,Cristina Cavaliere (D),D,11,Hamilton,PWHL Hamilton,HAM,PWHL,https://assets.leaguestat.com/pwhl/logos/11.png,Signed,10
2,Signed,1,ADD,2026-10-07,16:17:04,10/07/2026,Canada/Eastern,427,,,Payten,Evans,Payten Evans (D),D,11,Hamilton,PWHL Hamilton,HAM,PWHL,https://assets.leaguestat.com/pwhl/logos/11.png,Signed,10
2,Signed,1,ADD,2026-10-07,16:13:40,10/07/2026,Canada/Eastern,425,,,Joelle,Fiala,Joelle Fiala (F),F,11,Hamilton,PWHL Hamilton,HAM,PWHL,https://assets.leaguestat.com/pwhl/logos/11.png,Signed,10
2,Signed,1,ADD,2026-10-07,15:55:35,10/07/2026,Canada/Eastern,418,,,Kate,Ham,Kate Ham (F),F,11,Hamilton,PWHL Hamilton,HAM,PWHL,https://assets.leaguestat.com/pwhl/logos/11.png,Signed,10
2,Signed,1,ADD,2026-10-07,16:22:08,10/07/2026,Canada/Eastern,193,,,Lucy,Morgan,Lucy Morgan (G),G,11,Hamilton,PWHL Hamilton,HAM,PWHL,https://assets.leaguestat.com/pwhl/logos/11.png,Signed,10
2,Signed,1,ADD,2026-10-07,16:21:08,10/07/2026,Canada/Eastern,257,,,Olivia,Muhn,Olivia Muhn (RD),RD,11,Hamilton,PWHL Hamilton,HAM,PWHL,https://assets.leaguestat.com/pwhl/logos/11.png,Signed,10
2,Signed,1,ADD,2026-10-07,16:04:39,10/07/2026,Canada/Eastern,213,,,Anneke,Rankila,Anneke Rankila (F),F,11,Hamilton,PWHL Hamilton,HAM,PWHL,https://assets.leaguestat.com/pwhl/logos/11.png,Signed,10
2,Signed,1,ADD,2026-10-07,16:07:20,10/07/2026,Canada/Eastern,423,,,Sara,Stewart,Sara Stewart (F),F,11,Hamilton,PWHL Hamilton,HAM,PWHL,https://assets.leaguestat.com/pwhl/logos/11.png,Signed,10
2,Signed,1,ADD,2026-10-07,21:38:44,10/07/2026,Canada/Eastern,216,,,Logan,Angers,Logan Angers (G),G,12,Las Vegas,PWHL Las Vegas,VEG,PWHL,https://assets.leaguestat.com/pwhl/logos/12.png,Signed,10
2,Signed,1,ADD,2026-10-07,21:39:08,10/07/2026,Canada/Eastern,121,,,Lauren,Bench,Lauren Bench (G),G,12,Las Vegas,PWHL Las Vegas,VEG,PWHL,https://assets.leaguestat.com/pwhl/logos/12.png,Signed,10
2,Signed,1,ADD,2026-10-07,21:38:01,10/07/2026,Canada/Eastern,117,,,Abby,Cook,Abby Cook (D),D,12,Las Vegas,PWHL Las Vegas,VEG,PWHL,https://assets.leaguestat.com/pwhl/logos/12.png,Signed,10
2,Signed,1,ADD,2026-10-07,21:34:45,10/07/2026,Canada/Eastern,448,,,Méghane,Duchesne-Chalifoux,Méghane Duchesne-Chalifoux (D),D,12,Las Vegas,PWHL Las Vegas,VEG,PWHL,https://assets.leaguestat.com/pwhl/logos/12.png,Signed,10
2,Signed,1,ADD,2026-10-07,21:34:03,10/07/2026,Canada/Eastern,273,,,Maya,Labad,Maya Labad (F),F,12,Las Vegas,PWHL Las Vegas,VEG,PWHL,https://assets.leaguestat.com/pwhl/logos/12.png,Signed,10
2,Signed,1,ADD,2026-10-07,21:33:23,10/07/2026,Canada/Eastern,194,,,Kaitlyn,O'Donohoe,Kaitlyn O'Donohoe (F),F,12,Las Vegas,PWHL Las Vegas,VEG,PWHL,https://assets.leaguestat.com/pwhl/logos/12.png,Signed,10
2,Signed,1,ADD,2026-10-07,21:31:44,10/07/2026,Canada/Eastern,140,,,Malia,Schneider,Malia Schneider (F),F,12,Las Vegas,PWHL Las Vegas,VEG,PWHL,https://assets.leaguestat.com/pwhl/logos/12.png,Signed,10
2,Signed,1,ADD,2026-10-07,21:37:25,10/07/2026,Canada/Eastern,297,,,Lily,Yovetich,Lily Yovetich (D),D,12,Las Vegas,PWHL Las Vegas,VEG,PWHL,https://assets.leaguestat.com/pwhl/logos/12.png,Signed,10
2,Signed,1,ADD,2026-10-07,18:18:52,10/07/2026,Canada/Eastern,440,,,Evelyne,Blais-Savoie,Evelyne Blais-Savoie (F),F,13,San Jose,PWHL San Jose,SJ,PWHL,https://assets.leaguestat.com/pwhl/logos/13.png,Signed,10
2,Signed,1,ADD,2026-10-07,18:20:06,10/07/2026,Canada/Eastern,441,,,Kennedy,Bobyck,Kennedy Bobyck (F),F,13,San Jose,PWHL San Jose,SJ,PWHL,https://assets.leaguestat.com/pwhl/logos/13.png,Signed,10
2,Signed,1,ADD,2026-10-07,18:26:13,10/07/2026,Canada/Eastern,445,,,Stephanie,Bourque,Stephanie Bourque (D),D,13,San Jose,PWHL San Jose,SJ,PWHL,https://assets.leaguestat.com/pwhl/logos/13.png,Signed,10
2,Signed,1,ADD,2026-10-07,18:27:10,10/07/2026,Canada/Eastern,446,,,Katina,Duscio,Katina Duscio (D),D,13,San Jose,PWHL San Jose,SJ,PWHL,https://assets.leaguestat.com/pwhl/logos/13.png,Signed,10
2,Signed,1,ADD,2026-10-07,18:21:17,10/07/2026,Canada/Eastern,442,,,Rhea,Hicks,Rhea Hicks (F),F,13,San Jose,PWHL San Jose,SJ,PWHL,https://assets.leaguestat.com/pwhl/logos/13.png,Signed,10
2,Signed,1,ADD,2026-10-07,18:28:32,10/07/2026,Canada/Eastern,447,,,Megan,McKay,Megan McKay (D),D,13,San Jose,PWHL San Jose,SJ,PWHL,https://assets.leaguestat.com/pwhl/logos/13.png,Signed,10
2,Signed,1,ADD,2026-10-07,18:23:00,10/07/2026,Canada/Eastern,147,,,Savannah,Norcross,Savannah Norcross (F),F,13,San Jose,PWHL San Jose,SJ,PWHL,https://assets.leaguestat.com/pwhl/logos/13.png,Signed,10
2,Signed,1,ADD,2026-10-07,18:23:21,10/07/2026,Canada/Eastern,443,,,Justine,Reyes,Justine Reyes (F),F,13,San Jose,PWHL San Jose,SJ,PWHL,https://assets.leaguestat.com/pwhl/logos/13.png,Signed,10
2,Signed,1,ADD,2026-10-07,18:29:26,10/07/2026,Canada/Eastern,267,,,Ava,Rinker,Ava Rinker (D),D,13,San Jose,PWHL San Jose,SJ,PWHL,https://assets.leaguestat.com/pwhl/logos/13.png,Signed,10
2,Signed,1,ADD,2026-10-07,18:24:56,10/07/2026,Canada/Eastern,444,,,Millie Rose,Sirum,Millie Rose Sirum (F),F,13,San Jose,PWHL San Jose,SJ,PWHL,https://assets.leaguestat.com/pwhl/logos/13.png,Signed,10
2,Signed,1,ADD,2026-10-07,18:13:50,10/07/2026,Canada/Eastern,146,,,Alexa,Gruschow,Alexa Gruschow (F),F,8,Seattle,Seattle Torrent,SEA,PWHL,https://assets.leaguestat.com/pwhl/logos/8.png,Signed,10
2,Signed,1,ADD,2026-10-07,18:17:08,10/07/2026,Canada/Eastern,439,,,Julia,Minotti,Julia Minotti (G),G,8,Seattle,Seattle Torrent,SEA,PWHL,https://assets.leaguestat.com/pwhl/logos/8.png,Signed,10
2,Signed,1,ADD,2026-10-07,18:14:32,10/07/2026,Canada/Eastern,438,,,Chavonne,Truter,Chavonne Truter (F),F,8,Seattle,Seattle Torrent,SEA,PWHL,https://assets.leaguestat.com/pwhl/logos/8.png,Signed,10
2,Signed,1,ADD,2026-10-07,18:16:05,10/07/2026,Canada/Eastern,295,,,Marah,Wagner,Marah Wagner (F),F,8,Seattle,Seattle Torrent,SEA,PWHL,https://assets.leaguestat.com/pwhl/logos/8.png,Signed,10
2,Signed,1,ADD,2026-10-07,18:16:38,10/07/2026,Canada/Eastern,298,,,Emily,Zumwinkle,Emily Zumwinkle (D),D,8,Seattle,Seattle Torrent,SEA,PWHL,https://assets.leaguestat.com/pwhl/logos/8.png,Signed,10
2,Signed,1,ADD,2026-10-07,16:34:47,10/07/2026,Canada/Eastern,311,,,Hanna,Baskin,Hanna Baskin (D),D,6,Toronto,Toronto Sceptres,TOR,PWHL,https://assets.leaguestat.com/pwhl/logos/6.png,Signed,10
2,Signed,1,ADD,2026-10-07,16:36:56,10/07/2026,Canada/Eastern,433,,,Gabrielle,De Serres,Gabrielle De Serres (D),D,6,Toronto,Toronto Sceptres,TOR,PWHL,https://assets.leaguestat.com/pwhl/logos/6.png,Signed,10
2,Signed,1,ADD,2026-10-07,16:24:17,10/07/2026,Canada/Eastern,429,,,Jessymaude,Drapeau,Jessymaude Drapeau (F),F,6,Toronto,Toronto Sceptres,TOR,PWHL,https://assets.leaguestat.com/pwhl/logos/6.png,Signed,10
2,Signed,1,ADD,2026-10-07,16:27:44,10/07/2026,Canada/Eastern,430,,,Mathea,Fischer,Mathea Fischer (F),F,6,Toronto,Toronto Sceptres,TOR,PWHL,https://assets.leaguestat.com/pwhl/logos/6.png,Signed,10
2,Signed,1,ADD,2026-10-07,16:26:43,10/07/2026,Canada/Eastern,313,,,Sara,Hjalmarsson,Sara Hjalmarsson (F),F,6,Toronto,Toronto Sceptres,TOR,PWHL,https://assets.leaguestat.com/pwhl/logos/6.png,Signed,10
2,Signed,1,ADD,2026-10-07,16:38:34,10/07/2026,Canada/Eastern,434,,,Calli,Hogarth,Calli Hogarth (G),G,6,Toronto,Toronto Sceptres,TOR,PWHL,https://assets.leaguestat.com/pwhl/logos/6.png,Signed,10
2,Signed,1,ADD,2026-10-07,16:32:57,10/07/2026,Canada/Eastern,431,,,Michelle,Löwenhielm,Michelle Löwenhielm (F),F,6,Toronto,Toronto Sceptres,TOR,PWHL,https://assets.leaguestat.com/pwhl/logos/6.png,Signed,10
2,Signed,1,ADD,2026-10-07,16:35:11,10/07/2026,Canada/Eastern,432,,,Lotti,Odnoga,Lotti Odnoga (D),D,6,Toronto,Toronto Sceptres,TOR,PWHL,https://assets.leaguestat.com/pwhl/logos/6.png,Signed,10
2,Signed,1,ADD,2026-10-07,16:27:11,10/07/2026,Canada/Eastern,316,,,Clara,Van Wieren,Clara Van Wieren (F),F,6,Toronto,Toronto Sceptres,TOR,PWHL,https://assets.leaguestat.com/pwhl/logos/6.png,Signed,10
2,Signed,1,ADD,2026-10-07,16:23:44,10/07/2026,Canada/Eastern,317,,,Kiara,Zanon,Kiara Zanon (F),F,6,Toronto,Toronto Sceptres,TOR,PWHL,https://assets.leaguestat.com/pwhl/logos/6.png,Signed,10
2,Signed,1,ADD,2026-10-07,18:02:26,10/07/2026,Canada/Eastern,299,,,Chanreet,Bassi,Chanreet Bassi (F),F,9,Vancouver,Vancouver Goldeneyes,VAN,PWHL,https://assets.leaguestat.com/pwhl/logos/9.png,Signed,10
2,Signed,1,ADD,2026-10-07,18:10:19,10/07/2026,Canada/Eastern,437,,,Meadow,Carman,Meadow Carman (D),D,9,Vancouver,Vancouver Goldeneyes,VAN,PWHL,https://assets.leaguestat.com/pwhl/logos/9.png,Signed,10
2,Signed,1,ADD,2026-10-07,18:12:29,10/07/2026,Canada/Eastern,362,,,Katie,Desa,Katie Desa (G),G,9,Vancouver,Vancouver Goldeneyes,VAN,PWHL,https://assets.leaguestat.com/pwhl/logos/9.png,Signed,10
2,Signed,1,ADD,2026-10-07,18:11:35,10/07/2026,Canada/Eastern,233,,,Alexie,Guay,Alexie Guay (D),D,9,Vancouver,Vancouver Goldeneyes,VAN,PWHL,https://assets.leaguestat.com/pwhl/logos/9.png,Signed,10
2,Signed,1,ADD,2026-10-07,18:12:05,10/07/2026,Canada/Eastern,131,,,Olivia,Knowles,Olivia Knowles (D),D,9,Vancouver,Vancouver Goldeneyes,VAN,PWHL,https://assets.leaguestat.com/pwhl/logos/9.png,Signed,10
2,Signed,1,ADD,2026-10-07,18:08:24,10/07/2026,Canada/Eastern,436,,,Julia,Nearis,Julia Nearis (F),F,9,Vancouver,Vancouver Goldeneyes,VAN,PWHL,https://assets.leaguestat.com/pwhl/logos/9.png,Signed,10
2,Signed,1,ADD,2026-10-07,18:13:00,10/07/2026,Canada/Eastern,309,,,Kimberly,Newell,Kimberly Newell (G),G,9,Vancouver,Vancouver Goldeneyes,VAN,PWHL,https://assets.leaguestat.com/pwhl/logos/9.png,Signed,10
2,Signed,1,ADD,2026-10-07,18:09:47,10/07/2026,Canada/Eastern,310,,,Madison,Samoskevich,Madison Samoskevich (F),F,9,Vancouver,Vancouver Goldeneyes,VAN,PWHL,https://assets.leaguestat.com/pwhl/logos/9.png,Signed,10
2,Signed,1,ADD,2026-10-05,19:49:31,10/05/2026,Canada/Eastern,20,,,Kendall,Coyne Schofield,Kendall Coyne Schofield (F),F,2,Minnesota,Minnesota Frost,MIN,PWHL,https://assets.leaguestat.com/pwhl/logos/2.jpg,Signed,10
2,Signed,1,ADD,2026-08-27,19:32:02,08/27/2026,Canada/Eastern,384,,,Neena,Brick,Neena Brick (F),F,8,Seattle,Seattle Torrent,SEA,PWHL,https://assets.leaguestat.com/pwhl/logos/8.png,Signed,10
2,Signed,1,ADD,2026-08-17,16:32:01,08/17/2026,Canada/Eastern,252,,,Michelle,Karvinen,Michelle Karvinen (F),F,3,Montréal,Montréal Victoire,MTL,PWHL,https://assets.leaguestat.com/pwhl/logos/3.png,Signed,10
2,Signed,1,ADD,2026-08-17,15:03:16,08/17/2026,Canada/Eastern,347,,,Casey,Borgiel,Casey Borgiel (D),D,10,Detroit,PWHL Detroit,DET,PWHL,https://assets.leaguestat.com/pwhl/logos/10.png,Signed,10
2,Signed,1,ADD,2026-08-17,16:30:57,08/17/2026,Canada/Eastern,141,,,Akane,Shiga,Akane Shiga (F),F,10,Detroit,PWHL Detroit,DET,PWHL,https://assets.leaguestat.com/pwhl/logos/10.png,Signed,10
2,Signed,1,ADD,2026-07-30,19:16:18,07/30/2026,Canada/Eastern,319,,,Maggy,Burbidge,Maggy Burbidge (F),F,5,Ottawa,Ottawa Charge,OTT,PWHL,https://assets.leaguestat.com/pwhl/logos/5.png,Signed,10
2,Signed,1,ADD,2026-07-23,15:07:45,07/23/2026,Canada/Eastern,398,,,Makenna,Webster,Makenna Webster (F),F,4,New York,New York Sirens,NY,PWHL,https://assets.leaguestat.com/pwhl/logos/4.png,Signed,10
2,Signed,1,ADD,2026-07-20,17:35:24,07/20/2026,Canada/Eastern,259,,,Abby,Newhook,Abby Newhook (RW),RW,1,Boston,Boston Fleet,BOS,PWHL,https://assets.leaguestat.com/pwhl/logos/1.png,Signed,10
2,Signed,1,ADD,2026-07-20,17:37:46,07/20/2026,Canada/Eastern,241,,,Sarah,Wozniewicz,Sarah Wozniewicz (F),F,5,Ottawa,Ottawa Charge,OTT,PWHL,https://assets.leaguestat.com/pwhl/logos/5.png,Signed,10
2,Signed,1,ADD,2026-07-20,17:38:08,07/20/2026,Canada/Eastern,239,,,Anna,Shokhina,Anna Shokhina (F),F,11,Hamilton,PWHL Hamilton,HAM,PWHL,https://assets.leaguestat.com/pwhl/logos/11.png,Signed,10
2,Signed,1,ADD,2026-07-20,17:36:02,07/20/2026,Canada/Eastern,397,,,Laura,Fuoco,Laura Fuoco (F),F,9,Vancouver,Vancouver Goldeneyes,VAN,PWHL,https://assets.leaguestat.com/pwhl/logos/9.png,Signed,10
2,Signed,1,ADD,2026-07-16,14:53:40,07/16/2026,Canada/Eastern,383,,,Jenna,Goodwin,Jenna Goodwin (F),F,1,Boston,Boston Fleet,BOS,PWHL,https://assets.leaguestat.com/pwhl/logos/1.png,Signed,10
2,Signed,1,ADD,2026-07-16,15:15:49,07/16/2026,Canada/Eastern,394,,,Maeve,Kelly,Maeve Kelly (D),D,1,Boston,Boston Fleet,BOS,PWHL,https://assets.leaguestat.com/pwhl/logos/1.png,Signed,10
2,Signed,1,ADD,2026-07-16,14:47:16,07/16/2026,Canada/Eastern,380,,,Grace,Wolfe,Grace Wolfe (D),D,1,Boston,Boston Fleet,BOS,PWHL,https://assets.leaguestat.com/pwhl/logos/1.png,Signed,10
2,Signed,1,ADD,2026-07-16,14:52:06,07/16/2026,Canada/Eastern,382,,,Daria,Gredzen,Daria Gredzen (G),G,2,Minnesota,Minnesota Frost,MIN,PWHL,https://assets.leaguestat.com/pwhl/logos/2.jpg,Signed,10
2,Signed,1,ADD,2026-07-16,15:19:10,07/16/2026,Canada/Eastern,396,,,Émilie,Lavoie,Émilie Lavoie (F),F,3,Montréal,Montréal Victoire,MTL,PWHL,https://assets.leaguestat.com/pwhl/logos/3.png,Signed,10
2,Signed,1,ADD,2026-07-16,14:57:17,07/16/2026,Canada/Eastern,385,,,Erica,Rieder,Erica Rieder (D),D,3,Montréal,Montréal Victoire,MTL,PWHL,https://assets.leaguestat.com/pwhl/logos/3.png,Signed,10
2,Signed,1,ADD,2026-07-16,15:10:28,07/16/2026,Canada/Eastern,392,,,Naomi,Boucher,Naomi Boucher (F),F,4,New York,New York Sirens,NY,PWHL,https://assets.leaguestat.com/pwhl/logos/4.png,Signed,10
2,Signed,1,ADD,2026-07-16,14:55:25,07/16/2026,Canada/Eastern,384,,,Neena,Brick,Neena Brick (F),F,5,Ottawa,Ottawa Charge,OTT,PWHL,https://assets.leaguestat.com/pwhl/logos/5.png,Signed,10
2,Signed,1,ADD,2026-07-16,15:17:51,07/16/2026,Canada/Eastern,395,,,Taylor,Otremba,Taylor Otremba (F),F,5,Ottawa,Ottawa Charge,OTT,PWHL,https://assets.leaguestat.com/pwhl/logos/5.png,Signed,10
2,Signed,1,ADD,2026-07-16,15:02:16,07/16/2026,Canada/Eastern,388,,,Georgia,Schiff,Georgia Schiff (F),F,10,Detroit,PWHL Detroit,DET,PWHL,https://assets.leaguestat.com/pwhl/logos/10.png,Signed,10
2,Signed,1,ADD,2026-07-16,14:44:15,07/16/2026,Canada/Eastern,379,,,Emma-Sofie,Nordström,Emma-Sofie Nordström (G),G,11,Hamilton,PWHL Hamilton,HAM,PWHL,https://assets.leaguestat.com/pwhl/logos/11.png,Signed,10
2,Signed,1,ADD,2026-07-16,15:08:28,07/16/2026,Canada/Eastern,391,,,Mya,Vaslet,Mya Vaslet (F),F,11,Hamilton,PWHL Hamilton,HAM,PWHL,https://assets.leaguestat.com/pwhl/logos/11.png,Signed,10
2,Signed,1,ADD,2026-07-16,15:06:34,07/16/2026,Canada/Eastern,390,,,Sydney,Healey,Sydney Healey (F),F,12,Las Vegas,PWHL Las Vegas,VEG,PWHL,https://assets.leaguestat.com/pwhl/logos/12.png,Signed,10
2,Signed,1,ADD,2026-07-16,15:04:29,07/16/2026,Canada/Eastern,389,,,Reichen,Kirchmair,Reichen Kirchmair (F),F,13,San Jose,PWHL San Jose,SJ,PWHL,https://assets.leaguestat.com/pwhl/logos/13.png,Signed,10
2,Signed,1,ADD,2026-07-16,15:00:54,07/16/2026,Canada/Eastern,387,,,Gabriella,Durante,Gabriella Durante (G),G,8,Seattle,Seattle Torrent,SEA,PWHL,https://assets.leaguestat.com/pwhl/logos/8.png,Signed,10
2,Signed,1,ADD,2026-07-16,14:49:54,07/16/2026,Canada/Eastern,381,,,Emerson,O'Leary,Emerson O'Leary (F),F,6,Toronto,Toronto Sceptres,TOR,PWHL,https://assets.leaguestat.com/pwhl/logos/6.png,Signed,10
2,Signed,1,ADD,2026-07-16,15:13:52,07/16/2026,Canada/Eastern,393,,,Alyssa,Regalado,Alyssa Regalado (D),D,6,Toronto,Toronto Sceptres,TOR,PWHL,https://assets.leaguestat.com/pwhl/logos/6.png,Signed,10
2,Signed,1,ADD,2026-07-16,14:58:51,07/16/2026,Canada/Eastern,386,,,Ashley,Messier,Ashley Messier (D),D,9,Vancouver,Vancouver Goldeneyes,VAN,PWHL,https://assets.leaguestat.com/pwhl/logos/9.png,Signed,10
2,Signed,1,ADD,2026-07-15,15:46:50,07/15/2026,Canada/Eastern,371,,,Jaden,Bogden,Jaden Bogden (F),F,1,Boston,Boston Fleet,BOS,PWHL,https://assets.leaguestat.com/pwhl/logos/1.png,Signed,10
2,Signed,1,ADD,2026-07-15,15:50:56,07/15/2026,Canada/Eastern,372,,,Tory,Mariano,Tory Mariano (D),D,1,Boston,Boston Fleet,BOS,PWHL,https://assets.leaguestat.com/pwhl/logos/1.png,Signed,10
2,Signed,1,ADD,2026-07-15,15:31:04,07/15/2026,Canada/Eastern,368,,,Katelyn,Roberts,Katelyn Roberts (F),F,1,Boston,Boston Fleet,BOS,PWHL,https://assets.leaguestat.com/pwhl/logos/1.png,Signed,10
2,Signed,1,ADD,2026-07-15,15:41:35,07/15/2026,Canada/Eastern,370,,,Tova,Henderson,Tova Henderson (D),D,2,Minnesota,Minnesota Frost,MIN,PWHL,https://assets.leaguestat.com/pwhl/logos/2.jpg,Signed,10
2,Signed,1,ADD,2026-07-15,15:59:15,07/15/2026,Canada/Eastern,373,,,Hailey,MacLeod,Hailey MacLeod (G),G,3,Montréal,Montréal Victoire,MTL,PWHL,https://assets.leaguestat.com/pwhl/logos/3.png,Signed,10
2,Signed,1,ADD,2026-07-15,16:21:44,07/15/2026,Canada/Eastern,376,,,Sena,Catterall,Sena Catterall (F),F,10,Detroit,PWHL Detroit,DET,PWHL,https://assets.leaguestat.com/pwhl/logos/10.png,Signed,10
2,Signed,1,ADD,2026-07-15,16:08:35,07/15/2026,Canada/Eastern,374,,,Kendall,Butze,Kendall Butze (D),D,12,Las Vegas,PWHL Las Vegas,VEG,PWHL,https://assets.leaguestat.com/pwhl/logos/12.png,Signed,10
2,Signed,1,ADD,2026-07-15,16:27:15,07/15/2026,Canada/Eastern,378,,,Alexis,Petford,Alexis Petford (F),F,12,Las Vegas,PWHL Las Vegas,VEG,PWHL,https://assets.leaguestat.com/pwhl/logos/12.png,Signed,10
2,Signed,1,ADD,2026-07-15,16:24:39,07/15/2026,Canada/Eastern,377,,,Mckenna,Van Gelder,Mckenna Van Gelder (F),F,13,San Jose,PWHL San Jose,SJ,PWHL,https://assets.leaguestat.com/pwhl/logos/13.png,Signed,10
2,Signed,1,ADD,2026-07-15,16:17:41,07/15/2026,Canada/Eastern,375,,,Gracie,Gilkyson,Gracie Gilkyson (D),D,8,Seattle,Seattle Torrent,SEA,PWHL,https://assets.leaguestat.com/pwhl/logos/8.png,Signed,10
2,Signed,1,ADD,2026-07-15,15:38:14,07/15/2026,Canada/Eastern,369,,,Jane,Kuehl,Jane Kuehl (F),F,6,Toronto,Toronto Sceptres,TOR,PWHL,https://assets.leaguestat.com/pwhl/logos/6.png,Signed,10
2,Signed,1,ADD,2026-07-10,15:34:32,07/10/2026,Canada/Eastern,240,,,Fanuza,Kadirova,Fanuza Kadirova (F),F,5,Ottawa,Ottawa Charge,OTT,PWHL,https://assets.leaguestat.com/pwhl/logos/5.png,Signed,10
2,Signed,1,ADD,2026-07-09,20:50:22,07/09/2026,Canada/Eastern,293,,,Sydney,Langseth,Sydney Langseth (F),F,12,Las Vegas,PWHL Las Vegas,VEG,PWHL,https://assets.leaguestat.com/pwhl/logos/12.png,Signed,10
2,Signed,1,ADD,2026-07-09,20:49:31,07/09/2026,Canada/Eastern,91,,,Brooke,Bryant,Brooke Bryant (F),F,13,San Jose,PWHL San Jose,SJ,PWHL,https://assets.leaguestat.com/pwhl/logos/13.png,Signed,10
2,Signed,1,ADD,2026-07-07,19:48:40,07/07/2026,Canada/Eastern,166,,,Marlène,Boissonnault,Marlène Boissonnault (G),G,2,Minnesota,Minnesota Frost,MIN,PWHL,https://assets.leaguestat.com/pwhl/logos/2.jpg,Signed,10
2,Signed,1,ADD,2026-07-07,19:49:05,07/07/2026,Canada/Eastern,72,,,Rebecca,Leslie,Rebecca Leslie (F),F,5,Ottawa,Ottawa Charge,OTT,PWHL,https://assets.leaguestat.com/pwhl/logos/5.png,Signed,10
2,Signed,1,ADD,2026-07-06,14:22:22,07/06/2026,Canada/Eastern,200,,,Anna,Kjellbin,Anna Kjellbin (D),D,11,Hamilton,PWHL Hamilton,HAM,PWHL,https://assets.leaguestat.com/pwhl/logos/11.png,Signed,10
2,Signed,1,ADD,2026-07-06,19:34:04,07/06/2026,Canada/Eastern,325,,,Grace,Campbell,Grace Campbell (G),G,6,Toronto,Toronto Sceptres,TOR,PWHL,https://assets.leaguestat.com/pwhl/logos/6.png,Signed,10
2,Signed,1,ADD,2026-07-06,19:33:16,07/06/2026,Canada/Eastern,132,,,Jessica,Kondas,Jessica Kondas (D),D,6,Toronto,Toronto Sceptres,TOR,PWHL,https://assets.leaguestat.com/pwhl/logos/6.png,Signed,10
2,Signed,1,ADD,2026-06-26,18:05:42,06/26/2026,Canada/Eastern,238,,,Sanni,Ahola,Sanni Ahola (G),G,5,Ottawa,Ottawa Charge,OTT,PWHL,https://assets.leaguestat.com/pwhl/logos/5.png,Signed,10
2,Signed,1,ADD,2026-06-26,18:05:56,06/26/2026,Canada/Eastern,288,,,Vita,Poniatovskaia,Vita Poniatovskaia (D),D,5,Ottawa,Ottawa Charge,OTT,PWHL,https://assets.leaguestat.com/pwhl/logos/5.png,Signed,10
2,Signed,1,ADD,2026-06-26,18:05:17,06/26/2026,Canada/Eastern,162,,,Madison,Bizal,Madison Bizal (D),D,12,Las Vegas,PWHL Las Vegas,VEG,PWHL,https://assets.leaguestat.com/pwhl/logos/12.png,Signed,10
2,Signed,1,ADD,2026-06-26,18:05:04,06/26/2026,Canada/Eastern,306,,,Darcie,Lappan,Darcie Lappan (F),F,12,Las Vegas,PWHL Las Vegas,VEG,PWHL,https://assets.leaguestat.com/pwhl/logos/12.png,Signed,10
2,Signed,1,ADD,2026-06-24,20:24:26,06/24/2026,Canada/Eastern,271,,,Tamara,Giaquinto,Tamara Giaquinto (D),D,3,Montréal,Montréal Victoire,MTL,PWHL,https://assets.leaguestat.com/pwhl/logos/3.png,Signed,10
2,Signed,1,ADD,2026-06-24,20:24:55,06/24/2026,Canada/Eastern,73,,,Emma,Maltais,Emma Maltais (F),F,3,Montréal,Montréal Victoire,MTL,PWHL,https://assets.leaguestat.com/pwhl/logos/3.png,Signed,10
2,Signed,1,ADD,2026-06-24,20:24:39,06/24/2026,Canada/Eastern,270,,,Megan,Warrener,Megan Warrener (G),G,3,Montréal,Montréal Victoire,MTL,PWHL,https://assets.leaguestat.com/pwhl/logos/3.png,Signed,10
2,Signed,1,ADD,2026-06-24,20:25:27,06/24/2026,Canada/Eastern,291,,,Lily,Delianedis,Lily Delianedis (F),F,8,Seattle,Seattle Torrent,SEA,PWHL,https://assets.leaguestat.com/pwhl/logos/8.png,Signed,10
2,Signed,1,ADD,2026-06-24,20:25:34,06/24/2026,Canada/Eastern,294,,,Lyndie,Lobdell,Lyndie Lobdell (D),D,8,Seattle,Seattle Torrent,SEA,PWHL,https://assets.leaguestat.com/pwhl/logos/8.png,Signed,10
2,Signed,1,ADD,2026-06-24,20:25:46,06/24/2026,Canada/Eastern,214,,,Noemi,Neubauerová,Noemi Neubauerová (D),D,8,Seattle,Seattle Torrent,SEA,PWHL,https://assets.leaguestat.com/pwhl/logos/8.png,Signed,10
2,Signed,1,ADD,2026-06-23,14:40:10,06/23/2026,Canada/Eastern,323,,,Alice,Philbert,Alice Philbert (G),G,10,Detroit,PWHL Detroit,DET,PWHL,https://assets.leaguestat.com/pwhl/logos/10.png,Signed,10
2,Signed,1,ADD,2026-06-23,14:39:46,06/23/2026,Canada/Eastern,296,,,Olivia,Wallin,Olivia Wallin (F),F,10,Detroit,PWHL Detroit,DET,PWHL,https://assets.leaguestat.com/pwhl/logos/10.png,Signed,10
2,Signed,1,ADD,2026-06-23,14:44:16,06/23/2026,Canada/Eastern,324,,,Emma,Nuutinen,Emma Nuutinen (RW),RW,8,Seattle,Seattle Torrent,SEA,PWHL,https://assets.leaguestat.com/pwhl/logos/8.png,Signed,10
2,Signed,1,ADD,2026-06-22,14:07:18,06/22/2026,Canada/Eastern,51,,,Amanda,Boulier,Amanda Boulier (D),D,1,Boston,Boston Fleet,BOS,PWHL,https://assets.leaguestat.com/pwhl/logos/1.png,Signed,10
2,Signed,1,ADD,2026-06-22,14:07:54,06/22/2026,Canada/Eastern,8,,,Loren,Gabel,Loren Gabel (LW),LW,1,Boston,Boston Fleet,BOS,PWHL,https://assets.leaguestat.com/pwhl/logos/1.png,Signed,10
2,Signed,1,ADD,2026-06-22,14:07:08,06/22/2026,Canada/Eastern,217,,,Taylor,House,Taylor House (F),F,1,Boston,Boston Fleet,BOS,PWHL,https://assets.leaguestat.com/pwhl/logos/1.png,Signed,10
2,Signed,1,ADD,2026-06-22,17:16:26,06/22/2026,Canada/Eastern,243,,,Ella,Huber,Ella Huber (LW),LW,1,Boston,Boston Fleet,BOS,PWHL,https://assets.leaguestat.com/pwhl/logos/1.png,Signed,10
2,Signed,1,ADD,2026-06-22,14:07:43,06/22/2026,Canada/Eastern,212,,,Laura,Kluge,Laura Kluge (LW),LW,1,Boston,Boston Fleet,BOS,PWHL,https://assets.leaguestat.com/pwhl/logos/1.png,Signed,10
2,Signed,1,ADD,2026-06-22,14:07:30,06/22/2026,Canada/Eastern,232,,,Rylind,MacKinnon,Rylind MacKinnon (LD),LD,1,Boston,Boston Fleet,BOS,PWHL,https://assets.leaguestat.com/pwhl/logos/1.png,Signed,10
2,Signed,1,ADD,2026-06-22,14:08:31,06/22/2026,Canada/Eastern,263,,,Peyton,Anderson,Peyton Anderson (F),F,2,Minnesota,Minnesota Frost,MIN,PWHL,https://assets.leaguestat.com/pwhl/logos/2.jpg,Signed,10
2,Signed,1,ADD,2026-06-22,14:08:20,06/22/2026,Canada/Eastern,264,,,Brooke,Becker,Brooke Becker (D),D,2,Minnesota,Minnesota Frost,MIN,PWHL,https://assets.leaguestat.com/pwhl/logos/2.jpg,Signed,10
2,Signed,1,ADD,2026-06-22,14:09:11,06/22/2026,Canada/Eastern,102,,,Claire,Butorac,Claire Butorac (F),F,2,Minnesota,Minnesota Frost,MIN,PWHL,https://assets.leaguestat.com/pwhl/logos/2.jpg,Signed,10
2,Signed,1,ADD,2026-06-22,14:08:51,06/22/2026,Canada/Eastern,126,,,Samantha,Cogan,Samantha Cogan (F),F,2,Minnesota,Minnesota Frost,MIN,PWHL,https://assets.leaguestat.com/pwhl/logos/2.jpg,Signed,10
2,Signed,1,ADD,2026-06-22,14:08:42,06/22/2026,Canada/Eastern,37,,,Élizabeth,Giguère,Élizabeth Giguère (F),F,2,Minnesota,Minnesota Frost,MIN,PWHL,https://assets.leaguestat.com/pwhl/logos/2.jpg,Signed,10
2,Signed,1,ADD,2026-06-22,14:09:03,06/22/2026,Canada/Eastern,190,,,Klára,Hymlárová,Klára Hymlárová (F),F,2,Minnesota,Minnesota Frost,MIN,PWHL,https://assets.leaguestat.com/pwhl/logos/2.jpg,Signed,10
2,Signed,1,ADD,2026-06-22,14:10:46,06/22/2026,Canada/Eastern,35,,,Jade,Downie-Landry,Jade Downie-Landry (F),F,3,Montréal,Montréal Victoire,MTL,PWHL,https://assets.leaguestat.com/pwhl/logos/3.png,Signed,10
2,Signed,1,ADD,2026-06-22,14:10:25,06/22/2026,Canada/Eastern,36,,,Jessie,Eldridge,Jessie Eldridge (F),F,3,Montréal,Montréal Victoire,MTL,PWHL,https://assets.leaguestat.com/pwhl/logos/3.png,Signed,10
2,Signed,1,ADD,2026-06-22,14:10:38,06/22/2026,Canada/Eastern,39,,,Alexandra,Labelle,Alexandra Labelle (F),F,3,Montréal,Montréal Victoire,MTL,PWHL,https://assets.leaguestat.com/pwhl/logos/3.png,Signed,10
2,Signed,1,ADD,2026-06-22,14:11:09,06/22/2026,Canada/Eastern,320,,,Nadia,Mattivi,Nadia Mattivi (D),D,3,Montréal,Montréal Victoire,MTL,PWHL,https://assets.leaguestat.com/pwhl/logos/3.png,Signed,10
2,Signed,1,ADD,2026-06-22,14:11:21,06/22/2026,Canada/Eastern,42,,,Abby,Roque,Abby Roque (F),F,3,Montréal,Montréal Victoire,MTL,PWHL,https://assets.leaguestat.com/pwhl/logos/3.png,Signed,10
2,Signed,1,ADD,2026-06-22,14:11:01,06/22/2026,Canada/Eastern,128,,,Kaitlin,Willoughby,Kaitlin Willoughby (F),F,3,Montréal,Montréal Victoire,MTL,PWHL,https://assets.leaguestat.com/pwhl/logos/3.png,Signed,10
2,Signed,1,ADD,2026-06-22,14:13:27,06/22/2026,Canada/Eastern,277,,,Anna,Bargman,Anna Bargman (F),F,4,New York,New York Sirens,NY,PWHL,https://assets.leaguestat.com/pwhl/logos/4.png,Signed,10
2,Signed,1,ADD,2026-06-22,14:12:22,06/22/2026,Canada/Eastern,207,,,Lauren,Bernard,Lauren Bernard (D),D,4,New York,New York Sirens,NY,PWHL,https://assets.leaguestat.com/pwhl/logos/4.png,Signed,10
2,Signed,1,ADD,2026-06-22,14:11:46,06/22/2026,Canada/Eastern,85,,,Elaine,Chuli,Elaine Chuli (G),G,4,New York,New York Sirens,NY,PWHL,https://assets.leaguestat.com/pwhl/logos/4.png,Signed,10
2,Signed,1,ADD,2026-06-22,14:12:13,06/22/2026,Canada/Eastern,116,,,Clair,DeGeorge,Clair DeGeorge (F),F,4,New York,New York Sirens,NY,PWHL,https://assets.leaguestat.com/pwhl/logos/4.png,Signed,10
2,Signed,1,ADD,2026-06-22,14:12:34,06/22/2026,Canada/Eastern,278,,,Kaley,Doyle,Kaley Doyle (G),G,4,New York,New York Sirens,NY,PWHL,https://assets.leaguestat.com/pwhl/logos/4.png,Signed,10
2,Signed,1,ADD,2026-06-22,14:12:01,06/22/2026,Canada/Eastern,104,,,Denisa,Křížová,Denisa Křížová (F),F,4,New York,New York Sirens,NY,PWHL,https://assets.leaguestat.com/pwhl/logos/4.png,Signed,10
2,Signed,1,ADD,2026-06-22,14:12:56,06/22/2026,Canada/Eastern,251,,,Dayle,Ross,Dayle Ross (D),D,4,New York,New York Sirens,NY,PWHL,https://assets.leaguestat.com/pwhl/logos/4.png,Signed,10
2,Signed,1,ADD,2026-06-22,14:13:04,06/22/2026,Canada/Eastern,282,,,Callie,Shanahan,Callie Shanahan (G),G,4,New York,New York Sirens,NY,PWHL,https://assets.leaguestat.com/pwhl/logos/4.png,Signed,10
2,Signed,1,ADD,2026-06-22,14:13:16,06/22/2026,Canada/Eastern,283,,,Nicole,Vallario,Nicole Vallario (D),D,4,New York,New York Sirens,NY,PWHL,https://assets.leaguestat.com/pwhl/logos/4.png,Signed,10
2,Signed,1,ADD,2026-06-22,17:13:12,06/22/2026,Canada/Eastern,237,,,Jenna,Buglioni,Jenna Buglioni (F),F,5,Ottawa,Ottawa Charge,OTT,PWHL,https://assets.leaguestat.com/pwhl/logos/5.png,Signed,10
2,Signed,1,ADD,2026-06-22,14:14:14,06/22/2026,Canada/Eastern,199,,,Dara,Greig,Dara Greig (F),F,5,Ottawa,Ottawa Charge,OTT,PWHL,https://assets.leaguestat.com/pwhl/logos/5.png,Signed,10
2,Signed,1,ADD,2026-06-22,14:20:10,06/22/2026,Canada/Eastern,38,,,Brooke,Hobson,Brooke Hobson (D),D,5,Ottawa,Ottawa Charge,OTT,PWHL,https://assets.leaguestat.com/pwhl/logos/5.png,Signed,10
2,Signed,1,ADD,2026-06-22,14:20:00,06/22/2026,Canada/Eastern,192,,,Brooke,McQuigge,Brooke McQuigge (F),F,5,Ottawa,Ottawa Charge,OTT,PWHL,https://assets.leaguestat.com/pwhl/logos/5.png,Signed,10
2,Signed,1,ADD,2026-06-22,14:20:38,06/22/2026,Canada/Eastern,254,,,Mia,Biotti,Mia Biotti (RD),RD,10,Detroit,PWHL Detroit,DET,PWHL,https://assets.leaguestat.com/pwhl/logos/10.png,Signed,10
2,Signed,1,ADD,2026-06-22,14:21:01,06/22/2026,Canada/Eastern,129,,,Mellissa,Channell-Watkins,Mellissa Channell-Watkins (D),D,10,Detroit,PWHL Detroit,DET,PWHL,https://assets.leaguestat.com/pwhl/logos/10.png,Signed,10
2,Signed,1,ADD,2026-06-22,17:17:23,06/22/2026,Canada/Eastern,13,,,Hilary,Knight,Hilary Knight (F),F,10,Detroit,PWHL Detroit,DET,PWHL,https://assets.leaguestat.com/pwhl/logos/10.png,Signed,10
2,Signed,1,ADD,2026-06-22,14:20:49,06/22/2026,Canada/Eastern,219,,,Stephanie,Markowski,Stephanie Markowski (D),D,10,Detroit,PWHL Detroit,DET,PWHL,https://assets.leaguestat.com/pwhl/logos/10.png,Signed,10
2,Signed,1,ADD,2026-06-22,14:26:58,06/22/2026,Canada/Eastern,101,,,Alexa,Vasko,Alexa Vasko (F),F,11,Hamilton,PWHL Hamilton,HAM,PWHL,https://assets.leaguestat.com/pwhl/logos/11.png,Signed,10
2,Signed,1,ADD,2026-06-22,14:26:31,06/22/2026,Canada/Eastern,45,,,Kayla,Vespa,Kayla Vespa (F),F,11,Hamilton,PWHL Hamilton,HAM,PWHL,https://assets.leaguestat.com/pwhl/logos/11.png,Signed,10
2,Signed,1,ADD,2026-06-22,14:27:33,06/22/2026,Canada/Eastern,292,,,Jada,Habisch,Jada Habisch (F),F,12,Las Vegas,PWHL Las Vegas,VEG,PWHL,https://assets.leaguestat.com/pwhl/logos/12.png,Signed,10
2,Signed,1,ADD,2026-06-22,14:28:05,06/22/2026,Canada/Eastern,191,,,Katy,Knoll,Katy Knoll (F),F,12,Las Vegas,PWHL Las Vegas,VEG,PWHL,https://assets.leaguestat.com/pwhl/logos/12.png,Signed,10
2,Signed,1,ADD,2026-06-22,14:27:19,06/22/2026,Canada/Eastern,142,,,Natalie,Snodgrass,Natalie Snodgrass (F),F,12,Las Vegas,PWHL Las Vegas,VEG,PWHL,https://assets.leaguestat.com/pwhl/logos/12.png,Signed,10
2,Signed,1,ADD,2026-06-22,14:28:39,06/22/2026,Canada/Eastern,54,,,Kristin,Della Rovere,Kristin Della Rovere (F),F,13,San Jose,PWHL San Jose,SJ,PWHL,https://assets.leaguestat.com/pwhl/logos/13.png,Signed,10
2,Signed,1,ADD,2026-06-22,14:28:47,06/22/2026,Canada/Eastern,41,,,Abbey,Levy,Abbey Levy (G),G,13,San Jose,PWHL San Jose,SJ,PWHL,https://assets.leaguestat.com/pwhl/logos/13.png,Signed,10
2,Signed,1,ADD,2026-06-22,17:10:32,06/22/2026,Canada/Eastern,2,,,Emily,Brown,Emily Brown (D),D,8,Seattle,Seattle Torrent,SEA,PWHL,https://assets.leaguestat.com/pwhl/logos/8.png,Signed,10
2,Signed,1,ADD,2026-06-22,17:09:47,06/22/2026,Canada/Eastern,156,,,Gabrielle,David,Gabrielle David (F),F,8,Seattle,Seattle Torrent,SEA,PWHL,https://assets.leaguestat.com/pwhl/logos/8.png,Signed,10
2,Signed,1,ADD,2026-06-22,17:10:06,06/22/2026,Canada/Eastern,134,,,Carly,Jackson,Carly Jackson (G),G,8,Seattle,Seattle Torrent,SEA,PWHL,https://assets.leaguestat.com/pwhl/logos/8.png,Signed,10
2,Signed,1,ADD,2026-06-22,17:10:23,06/22/2026,Canada/Eastern,17,,,Theresa,Schafzahl,Theresa Schafzahl (LW),LW,8,Seattle,Seattle Torrent,SEA,PWHL,https://assets.leaguestat.com/pwhl/logos/8.png,Signed,10
2,Signed,1,ADD,2026-06-22,17:10:41,06/22/2026,Canada/Eastern,62,,,Aneta,Tejralová,Aneta Tejralová (D),D,8,Seattle,Seattle Torrent,SEA,PWHL,https://assets.leaguestat.com/pwhl/logos/8.png,Signed,10
2,Signed,1,ADD,2026-06-22,17:11:50,06/22/2026,Canada/Eastern,26,,,Claire,Dalton,Claire Dalton (F),F,6,Toronto,Toronto Sceptres,TOR,PWHL,https://assets.leaguestat.com/pwhl/logos/6.png,Signed,10
2,Signed,1,ADD,2026-06-22,17:11:31,06/22/2026,Canada/Eastern,315,,,Lauren,Messier,Lauren Messier (F),F,6,Toronto,Toronto Sceptres,TOR,PWHL,https://assets.leaguestat.com/pwhl/logos/6.png,Signed,10
2,Signed,1,ADD,2026-06-22,17:11:39,06/22/2026,Canada/Eastern,74,,,Allie,Munroe,Allie Munroe (D),D,6,Toronto,Toronto Sceptres,TOR,PWHL,https://assets.leaguestat.com/pwhl/logos/6.png,Signed,10
2,Signed,1,ADD,2026-06-22,17:11:13,06/22/2026,Canada/Eastern,16,,,Jamie Lee,Rattray,Jamie Lee Rattray (RW),RW,6,Toronto,Toronto Sceptres,TOR,PWHL,https://assets.leaguestat.com/pwhl/logos/6.png,Signed,10
2,Signed,1,ADD,2026-06-22,17:11:24,06/22/2026,Canada/Eastern,86,,,Emma,Woods,Emma Woods (F),F,6,Toronto,Toronto Sceptres,TOR,PWHL,https://assets.leaguestat.com/pwhl/logos/6.png,Signed,10
2,Signed,1,ADD,2026-06-22,17:15:49,06/22/2026,Canada/Eastern,114,,,Abby,Boreen,Abby Boreen (F),F,9,Vancouver,Vancouver Goldeneyes,VAN,PWHL,https://assets.leaguestat.com/pwhl/logos/9.png,Signed,10
2,Signed,1,ADD,2026-06-22,17:12:26,06/22/2026,Canada/Eastern,301,,,Katie,Chan,Katie Chan (F),F,9,Vancouver,Vancouver Goldeneyes,VAN,PWHL,https://assets.leaguestat.com/pwhl/logos/9.png,Signed,10
2,Signed,1,ADD,2026-06-22,17:12:17,06/22/2026,Canada/Eastern,82,,,Dominika,Lásková,Dominika Lásková (D),D,9,Vancouver,Vancouver Goldeneyes,VAN,PWHL,https://assets.leaguestat.com/pwhl/logos/9.png,Signed,10
2,Signed,1,ADD,2026-06-19,19:08:38,06/19/2026,Canada/Eastern,256,,,Olivia,Mobley,Olivia Mobley (RW),RW,1,Boston,Boston Fleet,BOS,PWHL,https://assets.leaguestat.com/pwhl/logos/1.png,Signed,10
2,Signed,1,ADD,2026-06-19,19:10:12,06/19/2026,Canada/Eastern,149,,,Jill,Saulnier,Jill Saulnier (LW),LW,1,Boston,Boston Fleet,BOS,PWHL,https://assets.leaguestat.com/pwhl/logos/1.png,Signed,10
2,Signed,1,ADD,2026-06-19,19:10:22,06/19/2026,Canada/Eastern,18,,,Sophie,Shirley,Sophie Shirley (RW),RW,1,Boston,Boston Fleet,BOS,PWHL,https://assets.leaguestat.com/pwhl/logos/1.png,Signed,10
2,Signed,1,ADD,2026-06-19,19:08:49,06/19/2026,Canada/Eastern,262,,,Amanda,Thiele,Amanda Thiele (G),G,1,Boston,Boston Fleet,BOS,PWHL,https://assets.leaguestat.com/pwhl/logos/1.png,Signed,10
2,Signed,1,ADD,2026-06-19,19:09:33,06/19/2026,Canada/Eastern,71,,,Jocelyne,Larocque,Jocelyne Larocque (D),D,5,Ottawa,Ottawa Charge,OTT,PWHL,https://assets.leaguestat.com/pwhl/logos/5.png,Signed,10
2,Signed,1,ADD,2026-06-19,19:09:19,06/19/2026,Canada/Eastern,88,,,Kateřina,Mrázová,Kateřina Mrázová (F),F,5,Ottawa,Ottawa Charge,OTT,PWHL,https://assets.leaguestat.com/pwhl/logos/5.png,Signed,10
2,Signed,1,ADD,2026-06-19,19:09:45,06/19/2026,Canada/Eastern,289,,,Kathryn,Reilly,Kathryn Reilly (D),D,5,Ottawa,Ottawa Charge,OTT,PWHL,https://assets.leaguestat.com/pwhl/logos/5.png,Signed,10
2,Signed,1,ADD,2026-06-19,19:09:55,06/19/2026,Canada/Eastern,290,,,Kendra,Woodland,Kendra Woodland (G),G,5,Ottawa,Ottawa Charge,OTT,PWHL,https://assets.leaguestat.com/pwhl/logos/5.png,Signed,10
2,Signed,1,ADD,2026-06-19,19:07:33,06/19/2026,Canada/Eastern,26,,,Claire,Dalton,Claire Dalton (F),F,6,Toronto,Toronto Sceptres,TOR,PWHL,https://assets.leaguestat.com/pwhl/logos/6.png,Signed,10
2,Signed,1,ADD,2026-06-19,19:07:48,06/19/2026,Canada/Eastern,220,,,Mannon,McMahon,Mannon McMahon (F),F,9,Vancouver,Vancouver Goldeneyes,VAN,PWHL,https://assets.leaguestat.com/pwhl/logos/9.png,Signed,10
2,Signed,1,ADD,2026-06-19,19:08:22,06/19/2026,Canada/Eastern,227,,,Gabby,Rosenthal,Gabby Rosenthal (F),F,9,Vancouver,Vancouver Goldeneyes,VAN,PWHL,https://assets.leaguestat.com/pwhl/logos/9.png,Signed,10
2,Signed,1,ADD,2026-06-16,11:38:42,06/16/2026,Canada/Eastern,243,,,Ella,Huber,Ella Huber (LW),LW,10,Detroit,PWHL Detroit,DET,PWHL,https://assets.leaguestat.com/pwhl/logos/10.png,Signed,10
2,Signed,1,ADD,2026-06-16,11:36:27,06/16/2026,Canada/Eastern,286,,,Peyton,Hemp,Peyton Hemp (F),F,11,Hamilton,PWHL Hamilton,HAM,PWHL,https://assets.leaguestat.com/pwhl/logos/11.png,Signed,10
2,Signed,1,ADD,2026-06-16,11:38:14,06/16/2026,Canada/Eastern,114,,,Abby,Boreen,Abby Boreen (F),F,12,Las Vegas,PWHL Las Vegas,VEG,PWHL,https://assets.leaguestat.com/pwhl/logos/12.png,Signed,10
2,Signed,1,ADD,2026-06-15,12:46:30,06/15/2026,Canada/Eastern,24,,,Lee,Stecklein,Lee Stecklein (D),D,2,Minnesota,Minnesota Frost,MIN,PWHL,https://assets.leaguestat.com/pwhl/logos/2.jpg,Signed,10
2,Signed,1,ADD,2026-06-15,12:42:03,06/15/2026,Canada/Eastern,4,,,Shiann,Darkangelo,Shiann Darkangelo (F),F,10,Detroit,PWHL Detroit,DET,PWHL,https://assets.leaguestat.com/pwhl/logos/10.png,Signed,10
2,Signed,1,ADD,2026-06-15,20:59:05,06/15/2026,Canada/Eastern,243,,,Ella,Huber,Ella Huber (LW),LW,10,Detroit,PWHL Detroit,DET,PWHL,https://assets.leaguestat.com/pwhl/logos/10.png,Signed,10
2,Signed,1,ADD,2026-06-15,12:40:04,06/15/2026,Canada/Eastern,305,,,Nina,Jobst-Smith,Nina Jobst-Smith (D),D,10,Detroit,PWHL Detroit,DET,PWHL,https://assets.leaguestat.com/pwhl/logos/10.png,Signed,10
2,Signed,1,ADD,2026-06-15,12:41:01,06/15/2026,Canada/Eastern,255,,,Riley,Brengman,Riley Brengman (RD),RD,11,Hamilton,PWHL Hamilton,HAM,PWHL,https://assets.leaguestat.com/pwhl/logos/11.png,Signed,10
2,Signed,1,ADD,2026-06-15,12:40:44,06/15/2026,Canada/Eastern,247,,,Abby,Hustler,Abby Hustler (F),F,11,Hamilton,PWHL Hamilton,HAM,PWHL,https://assets.leaguestat.com/pwhl/logos/11.png,Signed,10
2,Signed,1,ADD,2026-06-15,12:41:14,06/15/2026,Canada/Eastern,230,,,Allyson,Simpson,Allyson Simpson (D),D,11,Hamilton,PWHL Hamilton,HAM,PWHL,https://assets.leaguestat.com/pwhl/logos/11.png,Signed,10
2,Signed,1,ADD,2026-06-15,12:45:27,06/15/2026,Canada/Eastern,98,,,Maureen,Murphy,Maureen Murphy (F),F,12,Las Vegas,PWHL Las Vegas,VEG,PWHL,https://assets.leaguestat.com/pwhl/logos/12.png,Signed,10
2,Signed,1,ADD,2026-06-15,12:46:04,06/15/2026,Canada/Eastern,99,,,Mariah,Keopple,Mariah Keopple (D),D,13,San Jose,PWHL San Jose,SJ,PWHL,https://assets.leaguestat.com/pwhl/logos/13.png,Signed,10
2,Signed,1,ADD,2026-06-15,12:41:44,06/15/2026,Canada/Eastern,274,,,Natálie,Mlýnková,Natálie Mlýnková (F),F,13,San Jose,PWHL San Jose,SJ,PWHL,https://assets.leaguestat.com/pwhl/logos/13.png,Signed,10
2,Signed,1,ADD,2026-06-15,12:37:47,06/15/2026,Canada/Eastern,185,,,Daniela,Pejšová,Daniela Pejšová (LD),LD,13,San Jose,PWHL San Jose,SJ,PWHL,https://assets.leaguestat.com/pwhl/logos/13.png,Signed,10
2,Signed,1,ADD,2026-06-12,14:10:49,06/12/2026,Canada/Eastern,25,,,Grace,Zumwinkle,Grace Zumwinkle (F),F,2,Minnesota,Minnesota Frost,MIN,PWHL,https://assets.leaguestat.com/pwhl/logos/2.jpg,Signed,10
2,Signed,1,ADD,2026-06-12,02:05:20,06/12/2026,Canada/Eastern,9,,,Taylor,Girard,Taylor Girard (LW),LW,10,Detroit,PWHL Detroit,DET,PWHL,https://assets.leaguestat.com/pwhl/logos/10.png,Signed,10
2,Signed,1,ADD,2026-06-11,01:35:00,06/11/2026,Canada/Eastern,78,,,Susanna,Tapani,Susanna Tapani (C),C,1,Boston,Boston Fleet,BOS,PWHL,https://assets.leaguestat.com/pwhl/logos/1.png,Signed,10
2,Signed,1,ADD,2026-06-11,01:39:03,06/11/2026,Canada/Eastern,79,,,Maggie,Flaherty,Maggie Flaherty (D),D,3,Montréal,Montréal Victoire,MTL,PWHL,https://assets.leaguestat.com/pwhl/logos/3.png,Signed,10
2,Signed,1,ADD,2026-06-11,01:39:29,06/11/2026,Canada/Eastern,180,,,Sydney,Bard,Sydney Bard (D),D,10,Detroit,PWHL Detroit,DET,PWHL,https://assets.leaguestat.com/pwhl/logos/10.png,Signed,10
2,Signed,1,ADD,2026-06-11,17:52:47,06/11/2026,Canada/Eastern,52,,,Zoe,Boyd,Zoe Boyd (LD),LD,11,Hamilton,PWHL Hamilton,HAM,PWHL,https://assets.leaguestat.com/pwhl/logos/11.png,Signed,10
2,Signed,1,ADD,2026-06-11,01:33:59,06/11/2026,Canada/Eastern,208,,,Megan,Carter,Megan Carter (D),D,12,Las Vegas,PWHL Las Vegas,VEG,PWHL,https://assets.leaguestat.com/pwhl/logos/12.png,Signed,10
2,Signed,1,ADD,2026-06-11,01:39:47,06/11/2026,Canada/Eastern,22,,,Nicole,Hensley,Nicole Hensley (G),G,12,Las Vegas,PWHL Las Vegas,VEG,PWHL,https://assets.leaguestat.com/pwhl/logos/12.png,Signed,10
2,Signed,1,ADD,2026-06-11,01:33:18,06/11/2026,Canada/Eastern,13,,,Hilary,Knight,Hilary Knight (F),F,12,Las Vegas,PWHL Las Vegas,VEG,PWHL,https://assets.leaguestat.com/pwhl/logos/12.png,Signed,10
2,Signed,1,ADD,2026-06-11,17:47:52,06/11/2026,Canada/Eastern,66,,,Maggie,Connors,Maggie Connors (F),F,13,San Jose,PWHL San Jose,SJ,PWHL,https://assets.leaguestat.com/pwhl/logos/13.png,Signed,10
2,Signed,1,ADD,2026-06-11,01:38:32,06/11/2026,Canada/Eastern,182,,,Hadley,Hartmetz,Hadley Hartmetz (RD),RD,13,San Jose,PWHL San Jose,SJ,PWHL,https://assets.leaguestat.com/pwhl/logos/13.png,Signed,10
2,Signed,1,ADD,2026-06-11,01:34:35,06/11/2026,Canada/Eastern,210,,,Julia,Gosling,Julia Gosling (F),F,8,Seattle,Seattle Torrent,SEA,PWHL,https://assets.leaguestat.com/pwhl/logos/8.png,Signed,10
2,Signed,1,ADD,2026-06-11,17:45:50,06/11/2026,Canada/Eastern,68,,,Kali,Flanagan,Kali Flanagan (D),D,6,Toronto,Toronto Sceptres,TOR,PWHL,https://assets.leaguestat.com/pwhl/logos/6.png,Signed,10
2,Signed,1,ADD,2026-06-11,01:40:44,06/11/2026,Canada/Eastern,209,,,Izzy,Daniel,Izzy Daniel (F),F,9,Vancouver,Vancouver Goldeneyes,VAN,PWHL,https://assets.leaguestat.com/pwhl/logos/9.png,Signed,10
2,Signed,1,ADD,2026-06-11,01:40:31,06/11/2026,Canada/Eastern,198,,,Jenn,Gardiner,Jenn Gardiner (F),F,9,Vancouver,Vancouver Goldeneyes,VAN,PWHL,https://assets.leaguestat.com/pwhl/logos/9.png,Signed,10
2,Signed,1,ADD,2026-06-09,10:31:49,06/09/2026,Canada/Eastern,83,,,Erin,Ambrose,Erin Ambrose (D),D,12,Las Vegas,PWHL Las Vegas,VEG,PWHL,https://assets.leaguestat.com/pwhl/logos/12.png,Signed,10
2,Signed,1,ADD,2026-06-09,10:32:18,06/09/2026,Canada/Eastern,61,,,Hayley,Scamurra,Hayley Scamurra (F),F,12,Las Vegas,PWHL Las Vegas,VEG,PWHL,https://assets.leaguestat.com/pwhl/logos/12.png,Signed,10
2,Signed,1,ADD,2026-06-09,10:28:43,06/09/2026,Canada/Eastern,285,,,Maddi,Wheeler,Maddi Wheeler (F),F,13,San Jose,PWHL San Jose,SJ,PWHL,https://assets.leaguestat.com/pwhl/logos/13.png,Signed,10
2,Signed,1,ADD,2026-06-08,20:35:53,06/08/2026,Canada/Eastern,65,,,Jesse,Compher,Jesse Compher (F),F,10,Detroit,PWHL Detroit,DET,PWHL,https://assets.leaguestat.com/pwhl/logos/10.png,Signed,10
2,Signed,1,ADD,2026-06-07,17:53:30,06/07/2026,Canada/Eastern,53,,,Emily,Clark,Emily Clark (F),F,11,Hamilton,PWHL Hamilton,HAM,PWHL,https://assets.leaguestat.com/pwhl/logos/11.png,Signed,10
2,Signed,1,ADD,2026-06-07,17:54:05,06/07/2026,Canada/Eastern,253,,,Nicole,Gosling,Nicole Gosling (D),D,11,Hamilton,PWHL Hamilton,HAM,PWHL,https://assets.leaguestat.com/pwhl/logos/11.png,Signed,10
2,Signed,1,ADD,2026-06-07,17:54:28,06/07/2026,Canada/Eastern,15,,,Alina,Müller,Alina Müller (C),C,11,Hamilton,PWHL Hamilton,HAM,PWHL,https://assets.leaguestat.com/pwhl/logos/11.png,Signed,10
2,Signed,1,ADD,2026-06-07,17:56:26,06/07/2026,Canada/Eastern,188,,,Mae,Batherson,Mae Batherson (D),D,12,Las Vegas,PWHL Las Vegas,VEG,PWHL,https://assets.leaguestat.com/pwhl/logos/12.png,Signed,10
2,Signed,1,ADD,2026-06-07,17:56:43,06/07/2026,Canada/Eastern,236,,,Kendall,Cooper,Kendall Cooper (D),D,12,Las Vegas,PWHL Las Vegas,VEG,PWHL,https://assets.leaguestat.com/pwhl/logos/12.png,Signed,10
2,Signed,1,ADD,2026-06-07,17:55:42,06/07/2026,Canada/Eastern,249,,,Anne,Cherkowski,Anne Cherkowski (F),F,13,San Jose,PWHL San Jose,SJ,PWHL,https://assets.leaguestat.com/pwhl/logos/13.png,Signed,10
2,Signed,1,ADD,2026-06-07,17:55:24,06/07/2026,Canada/Eastern,30,,,Kristin,O'Neill,Kristin O'Neill (F),F,13,San Jose,PWHL San Jose,SJ,PWHL,https://assets.leaguestat.com/pwhl/logos/13.png,Signed,10
2,Signed,1,ADD,2026-06-06,02:51:25,06/06/2026,Canada/Eastern,196,,,Cayla,Barnes,Cayla Barnes (D),D,10,Detroit,PWHL Detroit,DET,PWHL,https://assets.leaguestat.com/pwhl/logos/10.png,Signed,10
2,Signed,1,ADD,2026-06-06,02:51:46,06/06/2026,Canada/Eastern,181,,,Hannah,Bilka,Hannah Bilka (F),F,10,Detroit,PWHL Detroit,DET,PWHL,https://assets.leaguestat.com/pwhl/logos/10.png,Signed,10
2,Signed,1,ADD,2026-06-06,02:51:57,06/06/2026,Canada/Eastern,189,,,Britta,Curl-Salemme,Britta Curl-Salemme (F),F,10,Detroit,PWHL Detroit,DET,PWHL,https://assets.leaguestat.com/pwhl/logos/10.png,Signed,10
2,Signed,1,ADD,2026-06-06,02:52:07,06/06/2026,Canada/Eastern,63,,,Daryl,Watts,Daryl Watts (F),F,10,Detroit,PWHL Detroit,DET,PWHL,https://assets.leaguestat.com/pwhl/logos/10.png,Signed,10
2,Signed,1,ADD,2026-06-06,02:52:48,06/06/2026,Canada/Eastern,58,,,Brianne,Jenner,Brianne Jenner (F),F,11,Hamilton,PWHL Hamilton,HAM,PWHL,https://assets.leaguestat.com/pwhl/logos/11.png,Signed,10
2,Signed,1,ADD,2026-06-06,02:53:09,06/06/2026,Canada/Eastern,228,,,Kayle,Osborne,Kayle Osborne (G),G,11,Hamilton,PWHL Hamilton,HAM,PWHL,https://assets.leaguestat.com/pwhl/logos/11.png,Signed,10
2,Signed,1,ADD,2026-06-06,02:50:22,06/06/2026,Canada/Eastern,242,,,Rory,Guilday,Rory Guilday (D),D,13,San Jose,PWHL San Jose,SJ,PWHL,https://assets.leaguestat.com/pwhl/logos/13.png,Signed,10
2,Signed,1,ADD,2026-06-06,02:50:33,06/06/2026,Canada/Eastern,155,,,Corinne,Schroeder,Corinne Schroeder (G),G,13,San Jose,PWHL San Jose,SJ,PWHL,https://assets.leaguestat.com/pwhl/logos/13.png,Signed,10
2,Signed,1,ADD,2026-06-04,01:22:41,06/04/2026,Canada/Eastern,21,,,Taylor,Fox,Taylor Fox (F),F,2,Minnesota,Minnesota Frost,MIN,PWHL,https://assets.leaguestat.com/pwhl/logos/2.jpg,Signed,10
2,Signed,1,ADD,2026-06-04,01:22:58,06/04/2026,Canada/Eastern,23,,,Kelly,Pannek,Kelly Pannek (F),F,2,Minnesota,Minnesota Frost,MIN,PWHL,https://assets.leaguestat.com/pwhl/logos/2.jpg,Signed,10
2,Signed,1,ADD,2026-06-04,01:25:09,06/04/2026,Canada/Eastern,211,,,Raygan,Kirk,Raygan Kirk (G),G,6,Toronto,Toronto Sceptres,TOR,PWHL,https://assets.leaguestat.com/pwhl/logos/6.png,Signed,10
2,Signed,1,ADD,2026-06-03,02:13:15,06/03/2026,Canada/Eastern,87,,,Jaime,Bourbonnais,Jaime Bourbonnais (D),D,4,New York,New York Sirens,NY,PWHL,https://assets.leaguestat.com/pwhl/logos/4.png,Signed,10
2,Signed,1,ADD,2026-06-03,02:14:15,06/03/2026,Canada/Eastern,204,,,Emmy,Fecteau,Emmy Fecteau (F),F,4,New York,New York Sirens,NY,PWHL,https://assets.leaguestat.com/pwhl/logos/4.png,Signed,10
2,Signed,1,ADD,2026-06-03,02:14:32,06/03/2026,Canada/Eastern,205,,,Sarah,Fillier,Sarah Fillier (F),F,4,New York,New York Sirens,NY,PWHL,https://assets.leaguestat.com/pwhl/logos/4.png,Signed,10
2,Signed,1,ADD,2026-06-03,02:14:52,06/03/2026,Canada/Eastern,206,,,Elle,Hartje,Elle Hartje (F),F,4,New York,New York Sirens,NY,PWHL,https://assets.leaguestat.com/pwhl/logos/4.png,Signed,10
2,Signed,1,ADD,2026-06-03,02:15:06,06/03/2026,Canada/Eastern,245,,,Kristýna,Kaltounková,Kristýna Kaltounková (F),F,4,New York,New York Sirens,NY,PWHL,https://assets.leaguestat.com/pwhl/logos/4.png,Signed,10
2,Signed,1,ADD,2026-06-03,02:15:18,06/03/2026,Canada/Eastern,40,,,Paetyn,Levis,Paetyn Levis (F),F,4,New York,New York Sirens,NY,PWHL,https://assets.leaguestat.com/pwhl/logos/4.png,Signed,10
2,Signed,1,ADD,2026-06-03,02:15:31,06/03/2026,Canada/Eastern,229,,,Maja,Nylén Persson,Maja Nylén Persson (D),D,4,New York,New York Sirens,NY,PWHL,https://assets.leaguestat.com/pwhl/logos/4.png,Signed,10
2,Signed,1,ADD,2026-06-03,02:15:47,06/03/2026,Canada/Eastern,228,,,Kayle,Osborne,Kayle Osborne (G),G,4,New York,New York Sirens,NY,PWHL,https://assets.leaguestat.com/pwhl/logos/4.png,Signed,10
2,Signed,1,ADD,2026-06-03,02:15:59,06/03/2026,Canada/Eastern,230,,,Allyson,Simpson,Allyson Simpson (D),D,4,New York,New York Sirens,NY,PWHL,https://assets.leaguestat.com/pwhl/logos/4.png,Signed,10
2,Signed,1,ADD,2026-06-03,02:16:13,06/03/2026,Canada/Eastern,47,,,Micah,Zandee-Hart,Micah Zandee-Hart (D),D,4,New York,New York Sirens,NY,PWHL,https://assets.leaguestat.com/pwhl/logos/4.png,Signed,10
2,Signed,1,ADD,2026-06-03,02:18:17,06/03/2026,Canada/Eastern,49,,,Lexie,Adzija,Lexie Adzija (F),F,8,Seattle,Seattle Torrent,SEA,PWHL,https://assets.leaguestat.com/pwhl/logos/8.png,Signed,10
2,Signed,1,ADD,2026-06-03,02:18:36,06/03/2026,Canada/Eastern,181,,,Hannah,Bilka,Hannah Bilka (F),F,8,Seattle,Seattle Torrent,SEA,PWHL,https://assets.leaguestat.com/pwhl/logos/8.png,Signed,10
2,Signed,1,ADD,2026-06-03,02:18:49,06/03/2026,Canada/Eastern,237,,,Jenna,Buglioni,Jenna Buglioni (F),F,8,Seattle,Seattle Torrent,SEA,PWHL,https://assets.leaguestat.com/pwhl/logos/8.png,Signed,10
2,Signed,1,ADD,2026-06-03,01:53:09,06/03/2026,Canada/Eastern,34,,,Alex,Carpenter,Alex Carpenter (F),F,8,Seattle,Seattle Torrent,SEA,PWHL,https://assets.leaguestat.com/pwhl/logos/8.png,Signed,10
2,Signed,1,ADD,2026-06-03,02:19:02,06/03/2026,Canada/Eastern,138,,,Mikyla,Grant-Mentis,Mikyla Grant-Mentis (F),F,8,Seattle,Seattle Torrent,SEA,PWHL,https://assets.leaguestat.com/pwhl/logos/8.png,Signed,10
2,Signed,1,ADD,2026-06-03,02:19:16,06/03/2026,Canada/Eastern,250,,,Hannah,Murphy,Hannah Murphy (G),G,8,Seattle,Seattle Torrent,SEA,PWHL,https://assets.leaguestat.com/pwhl/logos/8.png,Signed,10
2,Signed,1,ADD,2026-06-03,02:19:32,06/03/2026,Canada/Eastern,155,,,Corinne,Schroeder,Corinne Schroeder (G),G,8,Seattle,Seattle Torrent,SEA,PWHL,https://assets.leaguestat.com/pwhl/logos/8.png,Signed,10
2,Signed,1,ADD,2026-06-03,02:19:43,06/03/2026,Canada/Eastern,224,,,Danielle,Serdachny,Danielle Serdachny (F),F,8,Seattle,Seattle Torrent,SEA,PWHL,https://assets.leaguestat.com/pwhl/logos/8.png,Signed,10
2,Signed,1,ADD,2026-06-03,02:19:54,06/03/2026,Canada/Eastern,203,,,Anna,Wilgren,Anna Wilgren (D),D,8,Seattle,Seattle Torrent,SEA,PWHL,https://assets.leaguestat.com/pwhl/logos/8.png,Signed,10
2,Signed,1,ADD,2026-06-03,19:49:03,06/03/2026,Canada/Eastern,67,,,Renata,Fast,Renata Fast (D),D,6,Toronto,Toronto Sceptres,TOR,PWHL,https://assets.leaguestat.com/pwhl/logos/6.png,Signed,10
2,Signed,1,ADD,2026-06-03,02:20:25,06/03/2026,Canada/Eastern,244,,,Emma,Gentry,Emma Gentry (F),F,6,Toronto,Toronto Sceptres,TOR,PWHL,https://assets.leaguestat.com/pwhl/logos/6.png,Signed,10
2,Signed,1,ADD,2026-06-03,02:20:36,06/03/2026,Canada/Eastern,314,,,Jessie,McPherson,Jessie McPherson (G),G,6,Toronto,Toronto Sceptres,TOR,PWHL,https://assets.leaguestat.com/pwhl/logos/6.png,Signed,10
2,Signed,1,ADD,2026-06-03,02:20:47,06/03/2026,Canada/Eastern,44,,,Ella,Shelton,Ella Shelton (D),D,6,Toronto,Toronto Sceptres,TOR,PWHL,https://assets.leaguestat.com/pwhl/logos/6.png,Signed,10
2,Signed,1,ADD,2026-06-03,02:20:56,06/03/2026,Canada/Eastern,100,,,Natalie,Spooner,Natalie Spooner (F),F,6,Toronto,Toronto Sceptres,TOR,PWHL,https://assets.leaguestat.com/pwhl/logos/6.png,Signed,10
2,Signed,1,ADD,2026-06-03,02:21:40,06/03/2026,Canada/Eastern,50,,,Ashton,Bell,Ashton Bell (D),D,9,Vancouver,Vancouver Goldeneyes,VAN,PWHL,https://assets.leaguestat.com/pwhl/logos/9.png,Signed,10
2,Signed,1,ADD,2026-06-03,02:21:49,06/03/2026,Canada/Eastern,114,,,Abby,Boreen,Abby Boreen (F),F,9,Vancouver,Vancouver Goldeneyes,VAN,PWHL,https://assets.leaguestat.com/pwhl/logos/9.png,Signed,10
2,Signed,1,ADD,2026-06-03,02:21:59,06/03/2026,Canada/Eastern,64,,,Kristen,Campbell,Kristen Campbell (G),G,9,Vancouver,Vancouver Goldeneyes,VAN,PWHL,https://assets.leaguestat.com/pwhl/logos/9.png,Signed,10
2,Signed,1,ADD,2026-06-03,02:22:11,06/03/2026,Canada/Eastern,11,,,Sophie,Jaques,Sophie Jaques (D),D,9,Vancouver,Vancouver Goldeneyes,VAN,PWHL,https://assets.leaguestat.com/pwhl/logos/9.png,Signed,10
2,Signed,1,ADD,2026-06-03,02:22:35,06/03/2026,Canada/Eastern,59,,,Emerance,Maschmeyer,Emerance Maschmeyer (G),G,9,Vancouver,Vancouver Goldeneyes,VAN,PWHL,https://assets.leaguestat.com/pwhl/logos/9.png,Signed,10
2,Signed,1,ADD,2026-06-03,02:22:43,06/03/2026,Canada/Eastern,89,,,Hannah,Miller,Hannah Miller (F),F,9,Vancouver,Vancouver Goldeneyes,VAN,PWHL,https://assets.leaguestat.com/pwhl/logos/9.png,Signed,10
2,Signed,1,ADD,2026-06-03,01:53:39,06/03/2026,Canada/Eastern,75,,,Sarah,Nurse,Sarah Nurse (F),F,9,Vancouver,Vancouver Goldeneyes,VAN,PWHL,https://assets.leaguestat.com/pwhl/logos/9.png,Signed,10
2,Signed,1,ADD,2026-06-03,02:22:56,06/03/2026,Canada/Eastern,248,,,Anna,Segedi,Anna Segedi (F),F,9,Vancouver,Vancouver Goldeneyes,VAN,PWHL,https://assets.leaguestat.com/pwhl/logos/9.png,Signed,10
2,Signed,1,ADD,2026-06-03,02:23:08,06/03/2026,Canada/Eastern,161,,,Tereza,Vanišová,Tereza Vanišová (F),F,9,Vancouver,Vancouver Goldeneyes,VAN,PWHL,https://assets.leaguestat.com/pwhl/logos/9.png,Signed,10
