year,geo_id,midblock,lat,lon,aadt
2022,__3ZA3M5,TRIM RD btwn HENN DR & NAVAN RD (__3ZA3M5),45.425194,-75.42903,3073
2022,__3ZA1D8,TRIM RD btwn NAVAN RD & WALL RD (__3ZA1D8),45.436672,-75.435372,5892
2022,__3ZA5N6,EDEN AVE btwn LINCOLN AVE & RICHMOND RD (__3ZA5N6),45.392218,-75.752144,167
2022,__3ZAAT1,PARKGLEN DR btwn ANDOVER PL & PARKGLEN CRT (__3ZAAT1),45.346739,-75.755334,773
2022,__3ZA538,BENLEA DR btwn KIDGROVE GDN & WOODFIELD DR (__3ZA538),45.332931,-75.747016,612
2022,__3ZA4A4,EDGEWOOD AVE btwn LINCOLN AVE & RICHMOND RD (__3ZA4A4),45.392536,-75.751314,279
2022,__3ZA4A3,LINCOLN AVE btwn EDEN AVE & END (__3ZA4A3),45.391496,-75.752477,164
2022,__3ZAAUZ,WITHROW AVE btwn RUTHERFORD ST & SUFFOLK ST (__3ZAAUZ),45.349583,-75.750957,550
2022,__3ZA36T,RIVERSIDE DR btwn BAYPORT PRIV & MOONEY'S BAY PL (__3ZA36T),45.365492,-75.688951,23510
2022,__3ZAAV4,CHESTERTON DR btwn MULVAGH AVE & SOUTHVIEW CRES (__3ZAAV4),45.3523,-75.728547,3997
2022,__3ZA57I,KATHLEEN CRES btwn AMY ST & RANDALL JAMES DR (__3ZA57I),45.268291,-75.908213,457
2022,__3ZA5UX,LONGLEAF DR btwn GLADEWOODS PL & PINEGLADE CRES (__3ZA5UX),45.441639,-75.53074,2049
2022,__3ZA8XS,CRICHTON ST btwn DUFFERIN RD & KEEFER ST (__3ZA8XS),45.440138,-75.684715,1731
2022,__3ZBN6N,PICCADILLY AVE btwn BASSETT LANE & PERTHSHIRE PRIV (__3ZBN6N),45.396307,-75.74023,326
2022,__3ZAAIU,ARMSTRONG ST btwn GARLAND ST & MERTON ST (__3ZAAIU),45.405289,-75.724356,1051
2022,__3ZAAJK,LADOUCEUR ST btwn GARLAND ST & MERTON ST (__3ZAAJK),45.405838,-75.72497,260
2022,__3ZA9H9,PLEASANT PARK RD btwn CABOT ST & RIVERSIDE DR (__3ZA9H9),45.392698,-75.672103,3665
2022,__3ZA0G2,ARMSTRONG ST btwn HINCHEY AVE & PARKDALE AVE (__3ZA0G2),45.402254,-75.728914,1686
2022,__7NLO9P,MAYFAIR AVE btwn DALKEITH PRIV & WELLINGTON ST W (__7NLO9P),45.397426,-75.739652,209
2022,__3ZA9WG,REVELSTOKE DR btwn KAMLOOPS AVE & RIVERSIDE DR (__3ZA9WG),45.356529,-75.691959,757
2022,__3ZA9DR,KAMLOOPS AVE btwn DOROTHEA DR & REVELSTOKE DR (__3ZA9DR),45.355362,-75.693626,346
2022,__3ZA9GR,SOUTHMORE DR    E btwn LINTON RD & THORNDALE DR (__3ZA9GR),45.363713,-75.67038,575
2022,__3ZACJZ,MARTIN ST btwn COCKBURN ST & KING ST (__3ZACJZ),45.193789,-75.831891,232
2022,__4V3I6X,AQUAVIEW DR btwn CLERMONT CRES & CLERMONT CRES (__4V3I6X),45.45871,-75.46824,1113
2022,__3ZAYG3,PORTOBELLO BLVD btwn CHAREST WAY & SCALA AVE (__3ZAYG3),45.463698,-75.4666,4272
2022,__8XI21B,STORMWIND AVE btwn PORTOBELLO BLVD & TERRAPIN TERR (__8XI21B),45.451251,-75.464472,1712
2022,__8IAXFZ,PORTOBELLO BLVD btwn SUMMER DAYS WALK/STORMWIND AVE & SUMMER SKY ST (__8IAXFZ),45.450572,-75.462624,817
2022,__4LKB1C,SCALA AVE btwn MELETTE CRES & MELETTE CRES (__4LKB1C),45.462267,-75.467838,953
2022,__4LK0RA,SCALA AVE btwn NEWCARLISLE CRES & SWALLOWTAIL CRES (__4LK0RA),45.464565,-75.462028,1286
2022,__5Z1RRW,LAKERIDGE DR btwn BRANTHAVEN ST & GOLDENBROOK WAY (__5Z1RRW),45.447853,-75.474941,734
2022,__3ZACEX,PORTOBELLO BLVD btwn AQUAVIEW DR & CAPREOL ST (__3ZACEX),45.457753,-75.465901,2883
2022,__3ZACEQ,NANTES ST btwn BEROT LANE & BRIANNA WAY (__3ZACEQ),45.459219,-75.462516,881
2022,__4V7SWX,MILLENNIUM BLVD btwn END & TRIM RD (__4V7SWX),45.466297,-75.448604,1090
2022,__3ZAAIK,KEYWORTH AVE btwn CLEARVIEW AVE & PONTIAC ST (__3ZAAIK),45.404234,-75.747113,167
2022,__3ZA0RW,COLDREY AVE btwn KENZIE ST & MERIVALE RD (__3ZA0RW),45.382942,-75.735046,1114
2022,__3ZA0YS,JAVA ST btwn CLARENDON AVE & MAYFAIR AVE (__3ZA0YS),45.394603,-75.736401,178
2022,__3ZA4QN,GLADSTONE AVE btwn BEVERLEY AVE & PARKDALE AVE (__3ZA4QN),45.399728,-75.727202,4641
2022,__3ZA07T,SWITZER AVE btwn END & KIRKWOOD AVE (__3ZA07T),45.385341,-75.742227,127
2022,__3ZA0K8,IONA ST btwn CLARENDON AVE & MAYFAIR AVE (__3ZA0K8),45.393938,-75.736001,384
2022,__3ZA4PK,PARKDALE AVE btwn HWY417 IC122 RAMP51 & SHERWOOD DR (__3ZA4PK),45.39648,-75.726515,9806
2022,__3ZA01L,HARMER AVE   N btwn JAVA ST & KENORA ST (__3ZA01L),45.396261,-75.732163,657
2022,__3ZA0OU,COLDREY AVE btwn KIRKWOOD AVE & LAPERRIERE AVE (__3ZA0OU),45.38058,-75.740551,896
2022,__3ZA4PY,HOLLAND AVE btwn BYRON AVE & WELLINGTON ST W (__3ZA4PY),45.398857,-75.731419,7068
2022,__3ZAZV9,VARENNES BLVD btwn COMO CRES & SHEENBORO CRES (__3ZAZV9),45.47826,-75.47378,2991
2022,__3ZA5UM,PRINCESS LOUISE DR btwn DEANCOURT CRES & HANCOCK CRES (1) (__3ZA5UM),45.479456,-75.486038,3579
2022,__3ZA6XA,MERKLEY DR btwn APOLLO WAY & WILKIE DR (__3ZA6XA),45.472633,-75.488979,2455
2022,__3ZA6B0,WILKIE DR btwn CAMINITI CRES & CAMINITI CRES (__3ZA6B0),45.47317,-75.482619,459
2022,__3ZAZ61,TEMPO ST btwn DUPLANTE AVE & LAUNAY AVE (__3ZAZ61),45.480326,-75.473099,934
2022,__3ZA1VQ,DEANCOURT CRES btwn BRIARFIELD CRES & PRINCESS LOUISE DR (1) (__3ZA1VQ),45.479389,-75.487418,704
2022,__58PEVH,PROVENCE AVE btwn BALLANTYNE DR & MULDER AVE (__58PEVH),45.470084,-75.46058,2456
2022,__3ZA5UA,NORTHLANDS DR btwn SACRAMENTO DR & SUNLAND DR (__3ZA5UA),45.469771,-75.476054,1908
2022,__3ZA5ST,GARDENWAY DR btwn LATOUR CRES & OAKLAWN CRES (__3ZA5ST),45.465987,-75.486361,2287
2022,__3ZA189,PORTOBELLO BLVD btwn GARDENWAY DR & VALIN ST (__3ZA189),45.472786,-75.470138,6404
2022,__3ZA0RC,ADMIRAL AVE btwn ANNA AVE & CRERAR AVE (__3ZA0RC),45.383856,-75.729429,410
2022,__3ZAALI,INVERNESS AVE btwn GOODWIN AVE & NORMANDY CRES (__3ZAALI),45.358937,-75.712673,741
2022,__3ZA0RU,ANNA AVE btwn ADMIRAL AVE & MARSHALL AVE (__3ZA0RU),45.382273,-75.730424,757
2022,__3ZA36P,PRINCE OF WALES DR btwn FALAISE RD (1) & NORMANDY CRES (__3ZA36P),45.359696,-75.699926,13135
2022,__3ZAAP9,CORAL AVE btwn BARLYN AVE & TWIN TER (__3ZAAP9),45.366179,-75.72163,308
2022,__3ZAAQW,ARNOT RD btwn DYNES RD & FISHER AVE (__3ZAAQW),45.367503,-75.712969,225
2022,__3ZA0CP,FALAISE RD btwn CLAYMOR AVE & SENIO AVE (__3ZA0CP),45.360813,-75.702295,966
2022,__3ZAAPL,BARLYN AVE btwn CORAL AVE & HILLIARD AVE (__3ZAAPL),45.365555,-75.720483,548
2022,__3ZA30SA,FISHER AVE btwn 220 S OF TRENT ST & TRENT ST (__3ZA30SA),45.378726,-75.720763,13624
2022,__3ZA0Y1,HILSON AVE btwn LYMAN ST & MULVIHILL AVE (__3ZA0Y1),45.394668,-75.74482,556
2022,__3ZA9HB,HOPEWELL AVE btwn BANK ST & GROSVENOR AVE (__3ZA9HB),45.393074,-75.684216,543
2022,__3ZA93M,LYON ST    S btwn FIRST AVE & GLEBE AVE (__3ZA93M),45.403581,-75.692254,813
2022,__3ZA9IW,SUNNYSIDE AVE btwn BANK ST & GROSVENOR AVE (__3ZA9IW),45.393725,-75.68467,2582
2022,__3ZA3NY,BANK ST btwn GROVE AVE & OSSINGTON AVE (__3ZA3NY),45.392127,-75.68174,9047
2022,__3ZA3N4,BANK ST btwn HOPEWELL AVE & SUNNYSIDE AVE (__3ZA3N4),45.393902,-75.683215,8474
2022,__3ZA314,BOOTH ST btwn BALSAM ST & GLADSTONE AVE (__3ZA314),45.40612,-75.708537,6085
2022,__3ZBN60,O'CONNOR ST btwn FIRST AVE & GLEBE AVE (__3ZBN60),45.406222,-75.685861,2133
2022,__3ZA95N,FIRST AVE btwn O'CONNOR ST & QUEEN ELIZABETH DRWY (__3ZA95N),45.406568,-75.683824,430
2022,__3ZA91G,FIRST AVE btwn CHRYSLER ST & PERCY ST (__3ZA91G),45.401471,-75.696291,815
2022,__3ZA1DW,ORLEANS BLVD btwn BROKEN OAK DR & ST. LOUIS DR (__3ZA1DW),45.481083,-75.540381,4396
2022,__3ZA7JC,DECARIE DR btwn CHATEAU CRES & JEANNE D'ARC BLVD N (__3ZA7JC),45.483004,-75.52713,1090
2022,__3ZA6BI,JEANNE D'ARC BLVD  N btwn ORLEANS BLVD & PADDLER WAY (__3ZA6BI),45.478063,-75.541829,6765
2022,__3ZBN6F,FIFTH AVE btwn MONK ST & RALPH ST (__3ZBN6F),45.400856,-75.689496,1707
2022,__3ZA68O,FORTUNE DR btwn ST. MORITZ CRT & VINEYARD DR (__3ZA68O),45.472568,-75.546921,1886
2022,__3ZA7KG,JEANNE D'ARC BLVD btwn CATTAIL WAY & LAWNSBERRY DR (__3ZA7KG),45.486919,-75.514618,20244
2022,__3ZA68Y,VOYAGEUR DR btwn DRIFTWOOD CRES E & VINEYARD DR (__3ZA68Y),45.473654,-75.553394,1857
2022,__3ZA0VQ,CAMBRIDGE ST    N btwn CHRISTIE ST & GLADSTONE AVE (__3ZA0VQ),45.408405,-75.705082,447
2022,__3ZA977,ARLINGTON AVE btwn BANK ST & KENT ST (__3ZA977),45.40979,-75.693363,3191
2022,__3ZA7JA,BILBERRY DR btwn DU BOIS AVE N & JEANNE D'ARC BLVD N (__3ZA7JA),45.482906,-75.522732,1841
2022,__3ZA3PQ,CATHERINE ST btwn BANK ST & KENT ST (__3ZA3PQ),45.409146,-75.692932,5278
2022,__3ZA3PP,KENT ST btwn ARLINGTON AVE & CATHERINE ST (__3ZA3PP),45.409101,-75.694027,7697
2022,__3ZA80L,PERCY ST btwn FLORENCE ST & JAMES ST (__3ZA80L),45.409966,-75.701949,1102
2022,__3ZA96X,ECHO DR btwn GRAHAM AVE & HAZEL ST (__3ZA96X),45.409567,-75.680726,407
2022,__3ZBOFH,MANN AVE btwn RUSSELL AVE & TURN LANE (__3ZBOFH),45.419871,-75.675111,5079
2022,__3ZA7BF,YORK ST btwn BEAUSOLEIL DR & END (__3ZA7BF),45.432361,-75.683223,273
2022,__3ZA5L3,BUCKLAND RD btwn ROCKDALE RD & ST. JULIE ST (__3ZA5L3),45.355572,-75.353263,347
2022,__3ZABYR,REGINA ST btwn CROYDON AVE & DON ST (__3ZABYR),45.365982,-75.790656,2072
2022,__4TZO67,LANARK AVE btwn BEECHGROVE AVE & BRIARWAY PRIV (__4TZO67),45.398269,-75.753297,1649
2022,__3ZBOMS,GLOUCESTER ST btwn BAY ST & PERCY ST (__3ZBOMS),45.41524,-75.705189,1030
2022,__3ZA7Y6,CLOVELLY RD btwn DONOVAN CRT & MONTREAL RD (__3ZA7Y6),45.446726,-75.612323,294
2022,__3ZA4Z7C,MOODIE DR (__3ZA4Z7C),45.34657,-75.844012,6487
2022,__3ZA2S4,MARIONVILLE RD btwn BISSON RD(NORTH DUNDAS TWP) & GREGOIRE RD (__3ZA2S4),45.179198,-75.360286,620
2022,__3ZA1RT,FELLOWS RD btwn DRURY LANE & WESTBURY RD (__3ZA1RT),45.352458,-75.768638,483
2022,__3ZAZLS,STONEHAVEN DR btwn GRASSY PLAINS DR & SUMMITVIEW DR (__3ZAZLS),45.280857,-75.842686,483
2022,__3ZA27S,REGIONAL ROAD 174 btwn CANAAN RD & MCTEER RD (__3ZA27S),45.523415,-75.340784,3973
2022,__3ZAZ7I,ASHLEY CARDILL LANE btwn DONWEL DR & SHAUNA CRES (__3ZAZ7I),45.254821,-75.555329,710
2022,__7NHFJC,RIVER RUN AVE btwn HALF MOON BAY & PARK GLADE WAY (__7NHFJC),45.254998,-75.739824,2169
2022,__3ZBOPO,BROADVIEW AVE btwn TILLBURY AVE & WELLESLEY AVE (__3ZBOPO),45.378869,-75.755516,3828
2022,__3ZA9P5,CLEMENTINE BLVD btwn APOLYDOR AVE & GUERTIN AVE (__3ZA9P5),45.381368,-75.673991,1703
2022,__3ZBOU4,DOW'S LAKE RD btwn CRESCENT HGTS & MADAWASKA DR (__3ZBOU4),45.397416,-75.700819,725
2022,__3ZA9KU,LAKESIDE AVE btwn BRONSON AVE & QUEEN ELIZABETH DRWY (__3ZA9KU),45.39611,-75.698466,1032
2022,__3ZA9LE,MADAWASKA DR btwn BRONSON AVE & DOW'S LAKE RD (__3ZA9LE),45.398117,-75.699388,654
2022,__3ZA9M0,KIPPEWA DR btwn BRONSON AVE & DOW'S LAKE RD (__3ZA9M0),45.398938,-75.700174,296
2022,__3ZA0TC,CLOVER ST btwn GREGG ST & HERON RD (__3ZA0TC),45.37698,-75.67643,710
2022,__3ZA0TA,JUNCTION AVE btwn GREGG ST & HERON RD (__3ZA0TA),45.376899,-75.677379,443
2022,__3ZBOUA,BELANGER AVE btwn BANK ST & CLEMENTINE BLVD (__3ZBOUA),45.383673,-75.673041,1560
2022,__3ZA86B,GILLES ST btwn RICHARD AVE & SECORD AVE (__3ZA86B),45.379425,-75.671025,236
2022,__3ZA873,ROCKINGHAM AVE btwn BANK ST & CLEMENTINE BLVD (__3ZA873),45.382653,-75.672556,608
2022,__3ZA9XD,TRAVERSE DR btwn NEEDHAM CRES & YARMOUTH CRES (__3ZA9XD),45.371457,-75.669801,294
2022,__3ZBORU,BROOKFIELD RD btwn CLEMENTINE BLVD & HUNTLEY AVE (__3ZBORU),45.374315,-75.67354,601
2022,__3ZA9YR,KALADAR AVE btwn BROOKFIELD RD & GREGG ST (__3ZA9YR),45.375804,-75.671151,2692
2022,__3ZA0T1,CLEMENTINE BLVD btwn BROOKFIELD RD & GREGG ST (__3ZA0T1),45.375314,-75.67316,455
2022,__3ZA4NP,WOODROFFE AVE btwn ANTHONY AVE & SAVILLE ROW (__3ZA4NP),45.374483,-75.773212,11133
2022,__3ZA3GY,MAITLAND AVE btwn HWY417 IC126 RAMP52 & HWY417 IC126 RAMP63 (__3ZA3GY),45.370439,-75.75461,21478
2022,__3ZAZYB,GREENBANK RD btwn HWY417 IC129 RAMP35 & PINECREST RD (__3ZAZYB),45.349219,-75.78968,21393
2022,__3ZA7DN,CATHCART ST btwn CUMBERLAND ST & DALHOUSIE ST (__3ZA7DN),45.43395,-75.693955,429
2022,__3ZA7O6,EASTVALE DR btwn BICKERTON AVE & KENDER AVE (__3ZA7O6),45.456747,-75.594915,1612
2022,__3ZA79E,NASKAPI DR btwn LUDGATE CRT & MARQUIS AVE (__3ZA79E),45.449158,-75.602362,1190
2022,__3ZA7JS,MEADOWBROOK RD btwn CEDARCROFT CRES & CEDARCROFT CRES (__3ZA7JS),45.424152,-75.610905,2449
2022,__3ZA9YT,CEDARWOOD DR btwn BAYCREST DR & WALKLEY RD (__3ZA9YT),45.376532,-75.653201,2503
2022,__3ZA2P0,BRANT ST btwn BRANT ST & MCARTHUR AVE (__3ZA2P0),45.431068,-75.6504,1494
2022,__3ZA9KH,BRISTOL AVE btwn BELMONT AVE & FENTIMAN AVE (__3ZA9KH),45.395676,-75.675787,289
2022,__3ZA9DP,MCCARTHY RD btwn PLANTE DR & SOUTHMORE DR W (__3ZA9DP),45.357655,-75.673119,6620
2022,__3ZA0IW,IONA ST btwn HILSON AVE & KIRKWOOD AVE (__3ZA0IW),45.390953,-75.743376,1237
2022,__3ZAASV,VIEWMOUNT DR btwn OAKRIDGE BLVD & PALSEN ST (__3ZAASV),45.344212,-75.746962,3236
2022,__3ZA0IT,HILSON AVE btwn CLARE ST & IONA ST (__3ZA0IT),45.390412,-75.742253,719
2022,__3ZBOOP,CLARE ST btwn BROADHEAD AVE & WESTHAVEN CRES (__3ZBOOP),45.38864,-75.745052,2529
2022,__3ZA0J5,TWEEDSMUIR AVE (__3ZA0J5),45.393443,-75.749794,941
2022,__3ZA1WW,TWEEDSMUIR AVE (__3ZA1WW),45.392647,-75.749329,931
2022,__3ZA4LO,RICHMOND RD btwn HWY417 IC130 RAMP26 & HWY417 IC130 RAMP35 (__3ZA4LO),45.345817,-75.805485,19624
2022,__3ZA45I,DOW ST btwn OLD CARRIAGE CRT & OLD CARRIAGE CRT (__3ZA45I),45.237306,-75.476291,440
2022,__3ZA45J,DOW ST btwn ANDREW SIMPSON DR & OLD CARRIAGE CRT (__3ZA45J),45.238754,-75.477538,253
2022,__3ZAAYL,TIVERTON DR btwn BELIVEAU ST & KILMORY CRES (__3ZAAYL),45.357142,-75.723985,614
2022,__3ZA2KC,TROJAN AVE btwn DAN AVE & GARDENVALE RD (__3ZA2KC),45.432993,-75.637516,149
2022,__3ZBO2I,BORTHWICK AVE btwn BURN ST & GARDENVALE RD (__3ZBO2I),45.434701,-75.637298,166
2022,__3ZA37Y,WALKLEY RD btwn THORNDALE DR & WEXFORD WAY (__3ZA37Y),45.365539,-75.675287,12456
2022,__3ZA37W,WALKLEY RD btwn MCCARTHY RD & SPRINGLAND DR (__3ZA37W),45.363212,-75.680612,12670
2022,__3ZA371,WALKLEY RD btwn AIRPORT PKWY & SOUTHMORE DR E (__3ZA371),45.367449,-75.670549,16016
2022,__3ZA9G6,PROVOST DR btwn MARCEL ST & THORNDALE DR (__3ZA9G6),45.364447,-75.674273,400
2022,__3ZA9G0,THORNDALE DR btwn PROVOST DR & WALKLEY RD (__3ZA9G0),45.365212,-75.674149,549
2022,__3ZA9F5,SOUTHMORE DR    E btwn LINTON RD & WELLAND ST (__3ZA9F5),45.361978,-75.671209,479
2022,__3ZA5UT,SUNSET BLVD btwn OLD PRESCOTT RD & TRANQUIL GT (__3ZA5UT),45.273676,-75.580963,174
2022,__42HS4T,VALIN ST btwn LUESBY CRES & PROVENCE AVE (__42HS4T),45.471583,-75.459445,2988
2022,__49PV5N,HALTON TER btwn DUNOLLIE CRES & PENRITH ST (__49PV5N),45.354741,-75.941377,1721
2022,__3ZA34U,ELGIN ST btwn GILMOUR ST & LEWIS ST (__3ZA34U),45.416382,-75.689113,8116
2022,__3ZA6V8,SPRINGHILL RD btwn 8TH LINE RD & 9TH LINE RD (__3ZA6V8),45.205921,-75.443591,342
2022,__3ZAB3X,DESMOND AVE btwn BRACO ST & CARBROOKE ST (__3ZAB3X),45.300703,-75.880241,760
2022,__3ZA0OH,LAPERRIERE AVE btwn COLDREY AVE & LARKIN ST (__3ZA0OH),45.378658,-75.740625,6242
2022,__3ZBO82,MEADOWBREEZE DR btwn FERNBROOK PL & WHEATLAND AVE (__3ZBO82),45.274987,-75.854336,1160
2022,__3ZAADJ,SAVILLE ROW btwn NEEPAWA AVE & PRINCE CHARLES RD (__3ZAADJ),45.375684,-75.768913,2572
2022,__3ZAACD,SAVILLE ROW btwn HAYMARKET ST & NEEPAWA AVE (__3ZAACD),45.374983,-75.769127,1969
2022,__3ZA9KM,BROADWAY AVE btwn FINDLAY AVE & TORRINGTON PL (__3ZA9KM),45.395379,-75.69422,1229
2022,__3ZA9M5,FIFTH AVE btwn CHRYSLER ST & PERCY ST (__3ZA9M5),45.398947,-75.694197,2265
2022,__3ZA79F,ROTHWELL DR btwn NASKAPI DR & WICK CRES (__3ZA79F),45.449812,-75.606944,734
2022,__3ATNV8,LEIKIN DR btwn ESCADE DR & ROSETTA AVE (__3ATNV8),45.287827,-75.709402,1698
2022,__3ZA162,HARRY DOUGLAS DR btwn IBER RD & QUARTZ CRES (__3ZA162),45.274456,-75.903951,1196
2022,__77AX1J,BIRCHLAND CRES btwn BIRCHLAND CRES & WEST RIDGE DR (__77AX1J),45.249175,-75.927651,631
2022,__5RG4JY,FLEWELLYN RD btwn CONLEY RD & NO NAME (__5RG4JY),45.228497,-75.917257,2408
2022,__3ZAAPU,TARA DR btwn MAITLAND AVE & WOODSIDE DR (__3ZAAPU),45.365582,-75.751291,499
2022,__3ZA5A7,RIDEAUCREST DR btwn MARKLAND CRES & NEWBOROUGH CRES (__3ZA5A7),45.286078,-75.716788,1859
2022,__3ZBORR,ANOKA ST btwn BANK ST & EDGE HILL PL (__3ZBORR),45.377982,-75.665722,213
2022,__3ZAA44,LEXINGTON ST btwn GRIFFITH WAY & HUDSON AVE (__3ZAA44),45.369736,-75.710697,122
2022,__3ZABC3,ABBOTT ST    W btwn JONATHAN PACK ST & STITT ST (__3ZABC3),45.255041,-75.926411,2137
2022,__7OBPY7,OVERBERG WAY btwn ARRITA ST & Continuation of OVERBERG WAY (__7OBPY7),,,163
2022,__3ZA3IJ,FALLOWFIELD RD btwn HOLITMAN DR & WOLFGANG DR (__3ZA3IJ),45.290847,-75.750696,18550
2022,__8AO8TE,BRIDGEPORT AVE btwn ALABASTER HTS  & CONCH WAY (__8AO8TE),,,1508
2022,__3ZA9F6,FIELDING DR btwn COWAN CRES & COWAN CRES (__3ZA9F6),45.361747,-75.677225,969
2022,__827GEQ,TAPADERO AVE btwn CAVESSON ST & EQUINE WAY (__827GEQ),45.274181,-75.884448,863
2022,__3ZBOIH,DUMAURIER AVE btwn ALENMEDE CRES & RAMSEY CRES (__3ZBOIH),45.347209,-75.795333,1910
2022,__3ZACHJ,CASTLEFRANK RD btwn CASTLE GLEN CRES & TERRY FOX DR (__3ZACHJ),45.285359,-75.885055,4358
2022,__3ZACOC,CONDUCTOR AVE btwn BEVERLY ST & HOBIN ST (__3ZACOC),45.261781,-75.930493,103
2022,e___2HNH,KELLY FARM DR btwn BARRETT FARM DR & TROLLIUS WAY (e___2HNH),,,3465
2022,__3ZBOC1,FOURTH LINE RD btwn PHELAN RD W & POLLOCK RD (__3ZBOC1),45.149384,-75.73862,1549
2022,__4OEHEX,SCAMPTON DR btwn PORTADOWN CRES & PORTADOWN CRES (__4OEHEX),45.349447,-75.942905,280
2022,__3ZA92Z,THIRD AVE btwn BANK ST & LYON ST S (__3ZA92Z),45.402496,-75.689663,1194
2022,__3ZAAV6,CHESTERTON DR btwn SOUTHVIEW CRES & SOUTHVIEW CRES (__3ZAAV6),45.351992,-75.726809,3189
2022,__3ZBPKC,KLONDIKE RD btwn ROY ERRINGTON WAY & WALLSEND AVE (__3ZBPKC),45.348461,-75.942784,1955
2022,__3ZA5TS,BEAUREGARD CRES btwn MONTCREST DR & MONTCREST DR (__3ZA5TS),45.482623,-75.479339,148
2022,__3ZBPKS,HENN DR btwn LOEPER ST & LOEPER ST (__3ZBPKS),45.423763,-75.423307,300
2022,e___2HYB,MALAHAT WAY btwn ABBOTT ST    E & EGO TERR (e___2HYB),45.282016,-75.891981,247
2022,__54M2Q9,FLETCHER CIRC btwn KEYROCK DR & TORBEC AVE (__54M2Q9),45.319646,-75.929319,594
2022,__3ZA3YNA,TENTH LINE RD (__3ZA3YNA),45.471751,-75.494217,21317
2022,__3ZA66E,LUMBERMAN WAY btwn BONAVENTURE TER & CALUMET LANE (__3ZA66E),45.469596,-75.533619,1034
2022,__3ZA2IV,WHALINGS CIRC (__3ZA2IV),45.261198,-75.941321,688
2022,__3ZA1YM,MCCURDY DR btwn PATCH WAY & SICARD WAY (__3ZA1YM),45.298827,-75.898635,1031
2022,__3ZA0VB,ECCLES ST btwn BOOTH ST & ROCHESTER ST (__3ZA0VB),45.40867,-75.710903,337
2022,__3ZA32D,BOOTH ST btwn ELM ST & SPRUCE ST (__3ZA32D),45.410471,-75.711172,4433
2022,__3ZA05G,FAIRMONT AVE btwn DUHAMEL ST & GLADSTONE AVE (__3ZA05G),45.402092,-75.722057,1289
2022,__3ZA93F,PERCY ST btwn GLENDALE AVE & RENFREW AVE (__3ZA93F),45.404857,-75.697716,1019
2022,__3ZA02S,LANARK AVE btwn BEECHGROVE AVE & CHURCHILL AVE N (__3ZA02S),45.397338,-75.755687,1503
2022,__5GN1JO,STATEWOOD DR btwn BRADY AVE & MALKOWSKI ST (__5GN1JO),45.343937,-75.939767,397
2022,__3ZA5DG,TENNYSON ST btwn DEERLANE AVE & MAYO AVE (__3ZA5DG),45.325094,-75.709673,233
2022,__3ZA0GA,LEBRETON ST    S btwn DANIEL MCCANN ST & PLYMOUTH ST (__3ZA0GA),45.402775,-75.705058,611
2022,__3ZBOWD,BOLTON ST btwn DALHOUSIE ST & PARENT AVE (__3ZBOWD),45.433752,-75.696488,728
2022,__3ZABSS,GRADY CRES btwn JANSEN RD & MCCLELLAN RD (__3ZABSS),45.328809,-75.793063,162
2022,__3ZA14D,NORICE ST btwn DARLY PL & GLENRIDGE RD (__3ZA14D),45.3478,-75.733666,648
2022,__3ZA4I1,MAITLAND AVE btwn HENRY FARM DR & TERREBONNE DR (__3ZA4I1),45.363695,-75.745212,24361
2022,__3ZA8JP,HENDERSON AVE btwn LAURIER AVE E & OSGOODE ST (__3ZA8JP),45.424875,-75.681337,1148
2022,__3ZA7LS,JEANNE D'ARC BLVD btwn KINGLET WAY & MILLROAD WAY (__3ZA7LS),45.487633,-75.512916,4062
2022,__3ZBN8P,JEANNE D'ARC BLVD  N btwn AVIGNON CRT & DECARIE DR (__3ZBN8P),45.482319,-75.528531,8226
2022,__3ZA75D,PLEASANT PARK RD btwn CORNISH ST & VALLEY DR (__3ZA75D),45.394727,-75.625621,5253
2022,__3ZA8JZ,PRINCE ALBERT ST btwn LOLA ST & NAUGHTON ST (__3ZA8JZ),45.424645,-75.65098,451
2022,__3ZA8KT,EDITH AVE btwn GLYNN AVE & KING GEORGE ST (__3ZA8KT),45.425966,-75.655035,832
2022,__3ZA9JF,AYLMER AVE btwn BANK ST & GALT ST (__3ZA9JF),45.395368,-75.684738,2153
2022,e___2IN5,CASA GRANDE CIR btwn CASA GRANDE CIR & CASA GRANDE CIR (e___2IN5),45.443865,-75.482787,209
2022,__3ZA18P,NORTH SERVICE RD btwn ROSSIGNOL CRES & TRIM RD (__3ZA18P),45.494661,-75.491591,2173
2022,__3ZAAED,ABINGDON DR btwn COSTELLO AVE & TRIMBLE CRES (__3ZAAED),45.335298,-75.791027,530
2022,__3ZABF1,HADLEY CIRC btwn TANGLEWOOD DR & WAREHAM ST (__3ZABF1),45.32117,-75.830373,488
2022,__3ZAASU,DAVID DR btwn HOWDEN AVE & WOODROFFE AVE (__3ZAASU),45.343867,-75.757075,1485
2022,__3ZAAS3,SULLIVAN AVE btwn DAVID DR & HOWDEN AVE (__3ZAAS3),45.344874,-75.753212,418
2022,__3ZAAN9,NORMANDY CRES btwn APELDOORN AVE & CLAYMOR AVE (__3ZAAN9),45.362431,-75.705102,635
2022,e___2HP4,AXIS WAY btwn FERN CASEY ST & LYNN VALLEY TERR (e___2HP4),45.438784,-75.509383,1616
2022,e___2HV5,HEPATICA WAY btwn GENEVRIERS ST & MAGNOLIA ST (e___2HV5),45.44625,-75.483161,217
2022,e___2HV1,HEPATICA WAY btwn DES AUBEPINES DR & MAGNOLIA ST (e___2HV1),45.444805,-75.482901,230
2022,__3ZA3M4,NAVAN RD (__3ZA3M4),45.424671,-75.435633,3806
2022,__42HNW4,NAVAN RD btwn INNES RD & ORLEANS BLVD (__42HNW4),45.434696,-75.537391,13779
2022,__3ZA3XS,NAVAN RD btwn CANARY ST & MILTON RD (__3ZA3XS),45.420973,-75.449852,7025
2022,__3ZA3Y0,NAVAN RD btwn CANARY ST & TENTH LINE RD (__3ZA3Y0),45.421936,-75.459532,7507
2022,__3ZA3Q3,BANK ST btwn JAMES ST & WAVERLEY ST (__3ZA3Q3),45.413275,-75.694568,8996
2022,__3ZA3BB,SOMERSET ST    W btwn BAY ST & LYON ST N (__3ZA3BB),45.413289,-75.701388,6897
2022,__3ZA341,SOMERSET ST    W btwn ELGIN ST & METCALFE ST (__3ZA341),45.417437,-75.69136,3845
2022,__3ZA3B9,GLADSTONE AVE btwn BRONSON AVE & PERCY ST (__3ZA3B9),45.40847,-75.702453,6683
2022,__3ZA3QC,GLADSTONE AVE btwn ELGIN ST & METCALFE ST (__3ZA3QC),45.414232,-75.688595,2839
2022,__3ZA8XI,GENEST ST btwn MARIER AVE & ST. CHARLES ST (__3ZA8XI),45.440384,-75.670663,370
2022,__3ZA8XX,ALICE ST btwn DAGMAR AVE & VACHON AVE (__3ZA8XX),45.440177,-75.669452,527
2022,__3ZAAIZ,BAYSWATER AVE btwn LAUREL ST & SOMERSET ST W (__3ZAAIZ),45.405489,-75.719953,3431
2022,__3ZA42DB,MARCH RD btwn 280 S OF CARLING AVE/GATEWAY MALL SC & TERON RD (__3ZA42DB),45.335296,-75.907342,25148
2022,__3ZACT4,JOCK TR btwn MUNSTER RD & WOOD'S RD (__3ZACT4),45.130938,-75.914509,102
2022,__3ZABO9,MIDLAND CRES btwn HALLOWELL CRT & MOSS CRT (__3ZABO9),45.321978,-75.780611,307
2022,__3ZA0CV,BENJAMIN AVE btwn BLYTHDALE RD & FAIRLAWN AVE (__3ZA0CV),45.364278,-75.765735,230
2022,__49AYVZ,TAUVETTE ST (__49AYVZ),45.430849,-75.574243,645
2022,__3ZA5QH,GREENLAND RD btwn PINE VALLEY CRT & VENTURI BLVD (__3ZA5QH),45.469373,-76.031172,518
2022,__3ZA42C,MARCH RD btwn HERZBERG RD & TERON RD (__3ZA42C),45.333386,-75.899409,25319
2022,__3ZA3XQ,RIDEAU ST btwn CHARLOTTE ST & WURTEMBURG ST (__3ZA3XQ),45.432986,-75.675579,5109
2022,__3ZBPLT,RIDEAU ST btwn MONTREAL RD & RIDEAU PL (__3ZBPLT),45.433398,-75.672007,14984
2022,__3ZA1LA,RIDEAU ST btwn RIDEAU PL & WURTEMBURG ST (__3ZA1LA),45.433639,-75.673851,13839
2022,__3ZBOI9,MALVERN DR btwn THISTLEDOWN CRT & TRIPP CRES (__3ZBOI9),45.282031,-75.756369,5083
2022,__3ZA9P3,JEFFERSON ST btwn ARIZONA AVE & LORRAINE AVE (__3ZA9P3),45.381326,-75.644527,2354
2022,__3ZA6V9,9TH LINE RD btwn SPRINGHILL RD & VICTORIA ST (__3ZA6V9),45.227889,-75.4419,419
2022,__3ZAZ7M,DONWEL DR btwn BUSH DR & STEPHANIE ANNE DR (__3ZAZ7M),45.254861,-75.557256,226
2022,__8JUUSV,LOMBARDY DR btwn LOGAN FARM DR & REIDS LANE (__8JUUSV),45.149589,-75.607161,177
2022,__3ZAZFL,BLAIR RD btwn OR174 IC112 RAMP26 & OR174 IC112 RAMP52 (__3ZAZFL),45.431732,-75.605558,28212
2022,__3ZA2E1,BLAIR RD btwn MEADOWBROOK RD & OR174 IC112 RAMP15 (__3ZA2E1),45.428761,-75.60218,21748
2022,__3ZBN93,BLAIR RD btwn BEAVERPOND DR & LAURA PRIV (__3ZBN93),45.424407,-75.598465,15831
2022,__3ZA9IT,WILLARD ST btwn BELMONT AVE & SUNNYSIDE AVE (__3ZA9IT),45.393908,-75.682077,306
2022,__3ZA9IL,BELMONT AVE btwn BANK ST & WILLARD ST (__3ZA9IL),45.393034,-75.682065,952
2022,e___2JWG,DECOEUR DR btwn DE L'ESTURGEON ST & MOUNTAIN SORREL WAY (e___2JWG),,,3513
2022,__3ZA0IN,DAWSON AVE btwn IONA ST & WESLEY AVE (__3ZA0IN),45.391454,-75.745121,105
2022,__3ZA9I4,FAIRBAIRN ST btwn BELMONT AVE & SUNNYSIDE AVE (__3ZA9I4),45.394256,-75.681224,176
2022,__3ZA8HL,PRESLAND RD btwn FRANCES ST & NAUGHTON ST (__3ZA8HL),45.424017,-75.648259,759
2022,__3ZA9I7,BELLWOOD AVE btwn BELMONT AVE & SUNNYSIDE AVE (__3ZA9I7),45.394742,-75.680039,85
2022,__8IAYIU,TERRY FOX DR btwn HUNTSVILLE DR & OLD SECOND LINE RD (__8IAYIU),45.330036,-75.950502,12279
2022,__51NOTD,TERRY FOX DR btwn RICHARDSON SIDE RD & TILLSONBURG ST (__51NOTD),45.313267,-75.936974,14221
2022,e___2JH1,LIVERY ST btwn BALIKUN HTS & GINSENG TERR (e___2JH1),45.272549,-75.890547,659
2022,e___2J44,ACONITUM WAY btwn BARRETT FARM DR & LAVATERA ST (e___2J44),,,261
2022,__3ZA5JH,RENSHAW AVE btwn KEARNSLEY WAY & STONEPATH CRES (__3ZA5JH),45.260686,-75.938915,1124
2022,__3ZAC9H,DONALD B. MUNRO DR btwn DIAMONDVIEW RD & VAUGHAN SIDE RD (__3ZAC9H),45.335141,-76.080246,1217
2022,__3ZACD8,DONALD B. MUNRO DR btwn JOHN SHAW RD & WILLIAM HODGINS LANE (__3ZACD8),45.343595,-76.104405,849
2022,__7JQ7ID,SPRUCE RIDGE RD btwn HAZELDEAN RD & RICHARDSON SIDE RD (__7JQ7ID),45.257995,-75.997874,800
2022,__3ZBPNH,CHARTWELL AVE btwn CRAIGMOHR CRT & MIDPARK WAY (__3ZBPNH),45.332996,-75.766208,408
2022,__4WKBR1,LLOYDALEX CRES btwn ECHO POND WAY & ECHOWOODS AVE (__4WKBR1),45.271357,-75.94221,569
2022,__3ZACQT,NEIL AVE btwn CARP RD & MCCOOEYE LANE (__3ZACQT),45.268559,-75.934904,253
2022,__4TYA7Z,FRIENDLY CRES (__4TYA7Z),45.250849,-75.900779,118
2022,__3ZA6F7,VINEYARD DR btwn BEAUJOLAIS CRES & BURGUNDY LANE (__3ZA6F7),45.468753,-75.553991,877
2022,__3ZA88E,PLEASANT PARK RD btwn DELMAR DR & DORVAL AVE (__3ZA88E),45.393731,-75.641725,3481
2022,__3ZA372,RIVERSIDE DR btwn HOG'S BACK RD & RIDGEWOOD AVE (__3ZA372),45.370309,-75.690365,25796
2022,__3ZA71F,MANOTICK STATION RD btwn HERBERTS CORNERS RD & SNAKE ISLAND RD (__3ZA71F),45.196215,-75.589141,1514
2022,__3ZA9QM,FEATHERSTON DR btwn WYNDALE CRES & WYNDALE CRES (__3ZA9QM),45.382914,-75.64681,1688
2022,__3ZA2KT,MCMASTER AVE btwn ASTER ST & VIRGINIA DR (__3ZA2KT),45.387071,-75.646184,187
2022,__3ZA9YO,BROOKFIELD RD btwn CLEMENTINE BLVD & FALCON AVE (__3ZA9YO),45.374383,-75.672516,805
2022,__3ZA9XG,KALADAR AVE btwn DARTMOUTH AVE & TRAVERSE DR (__3ZA9XG),45.372813,-75.670705,510
2022,__3ZBOFO,HERON RD btwn BAYCREST DR & FINN CRT (__3ZBOFO),45.379476,-75.654873,20216
2022,__3ZA0SL,KITCHENER AVE btwn COCHRANE ST & JASPER AVE (__3ZA0SL),45.368662,-75.655132,2334
2022,__3ZA9YH,HEATHERINGTON RD btwn ALBION RD N & BANNERHILL PRIV (__3ZA9YH),45.373121,-75.648731,2529
2022,__3ZA9QQ,RANDALL AVE btwn RALSTON ST & RIDGECREST PL (__3ZA9QQ),45.382963,-75.664712,892
2022,__3ZA0SC,NOTTING HILL AVE btwn HAMPSTEAD PL & VANCOUVER AVE (__3ZA0SC),45.370808,-75.656846,187
2022,__3ZA3JH,MACFARLANE RD btwn GREENSIDE AVE & O'DONNELL CRT (__3ZA3JH),45.329472,-75.705025,3549
2022,__3ZA3IW,MACFARLANE RD btwn BRISBANE RD & PINEGLEN CRES (__3ZA3IW),45.326966,-75.710741,3511
2022,__3ZA1VC,PIKE ST btwn CASTLEGREEN PRIV & HUNTERSFIELD DR (__3ZA1VC),45.363942,-75.626898,1921
2022,__67PTNB,FINDLAY CREEK DR btwn BRADWELL WAY & GOLDEN SEDGE WAY (__67PTNB),45.315206,-75.605962,5503
2022,__3ZA08A,HIGHLAND AVE btwn BYRON AVE & KENWOOD AVE (__3ZA08A),45.387582,-75.759306,282
2022,__3ZA083,BROADVIEW AVE btwn BYRON AVE & KENWOOD AVE (__3ZA083),45.387167,-75.76015,1535
2022,__3ZA08J,DENBURY AVE btwn BYRON AVE & KENWOOD AVE (__3ZA08J),45.386273,-75.761895,384
2022,__3ZA07J,FRASER AVE btwn BYRON AVE & CROSSFIELD AVE (__3ZA07J),45.385314,-75.762471,744
2022,__3ZAA3J,HEMMINGWOOD WAY btwn DRAFFIN CRT & NORTHGATE ST (__3ZAA3J),45.345412,-75.769571,1793
2022,__3ZA25N,WOODROFFE AVE btwn HWY417 IC127 RAMP35 & HWY417 IC127 RAMP63 (__3ZA25N),45.360998,-75.768197,25819
2022,e___2J6X,DUN SKIPPER DR btwn KELLY FARM DR & PINGWI PL (e___2J6X),,,1669
2022,__3ZABC2,LIARD ST btwn JOHN SIDNEY CRES N & SUNRAY CRES (__3ZABC2),45.254876,-75.906813,691
2022,__3ZACN9,LIARD ST btwn BASSWOOD AVE & STITTSVILLE MAIN ST (__3ZACN9),45.254088,-75.911733,662
2022,__3ZA3SF,LEITRIM RD btwn BANK ST & FENTON RD (__3ZA3SF),45.326768,-75.608894,11463
2022,__8PNKGU,ROTARY WAY btwn FERNSIDE ST & SUNBURST ST (__8PNKGU),,,1184
2022,__3ZA9XV,TAPIOLA CRES btwn TAMMELA CRT & WHITE CLOVER PRIV (__3ZA9XV),45.363825,-75.641076,1374
2022,__3ZA3CM,LEES AVE btwn HWY417 IC118 RAMP45 & TRANSIT (__3ZA3CM),45.415299,-75.671797,7809
2022,__3ZA945,LYON ST    S btwn POWELL AVE & RENFREW AVE (__3ZA945),45.405542,-75.693858,970
2022,__3ZA056,CLEARVIEW AVE btwn ISLAND PARK DR & REMIC AVE (__3ZA056),45.401334,-75.749564,1689
2022,__3ZA4Z2,CARLING AVE btwn BAYFIELD AVE & BURKE RD (__3ZA4Z2),45.340901,-75.890159,9007
2022,__3ZA4Z6A,CARLING AVE btwn BURKE RD & DEFENSE  RESEARCH COMPLEX (__3ZA4Z6A),45.343668,-75.883745,8902
2022,__3ZA933,GLEBE AVE btwn BANK ST & LYON ST S (__3ZA933),45.404548,-75.691072,1427
2022,__3ZA10N,BURMA RD btwn DRAYTON PRIV & PROVENDER AVE (__3ZA10N),45.449097,-75.625739,1586
2022,__3ZA4GE,CRICHTON ST btwn ELECTRIC ST & THE MEWS LANE (__3ZA4GE),45.439273,-75.681328,3512
2022,__3ZBON0,HINTON AVE   S btwn KENILWORTH ST & SHERWOOD DR (__3ZBON0),45.394779,-75.72779,160
2022,__3ZA097,BUELL ST btwn HILSON AVE & PARKVIEW RD (__3ZA097),45.388589,-75.74076,417
2022,__3ZA8RV,LONDON TER btwn GEORGETON PRIV & HEMLOCK RD (__3ZA8RV),45.450967,-75.650645,1067
2022,__3ZA0JH,WESLEY AVE btwn BEVAN AVE & TWEEDSMUIR AVE (__3ZA0JH),45.391869,-75.747682,562
2022,__3ZAA7C,BREN-MAUR RD btwn EISENHOWER CRES & NEWLAND DR (__3ZAA7C),45.266612,-75.718934,474
2022,e___2MQM,POPLIN ST btwn SPRATT RD & STOCKHOLM PRIV (e___2MQM),45.270914,-75.689472,1068
2022,__4YT1LV,WILBERT COX DR (__4YT1LV),45.282569,-75.997089,85
2022,__3ZBN8V,RENAUD RD btwn NAVAN RD & WHITE ST (__3ZBN8V),45.432957,-75.509438,3996
2022,__3ZA6ED,RICHER DR btwn LEGAULT ST & NOTRE DAME ST (__3ZA6ED),45.466813,-75.528002,266
2022,__3ZA4GQ,BASKINS BEACH RD btwn END & WREN ST (__3ZA4GQ),45.479182,-76.006993,170
2022,__3ZAC23,BASKINS BEACH RD btwn WREN ST & WREN ST (__3ZAC23),45.477578,-76.000627,182
2022,__3ZABTI,MCCLELLAN RD btwn PAULA CRES & PAULA CRES (__3ZABTI),45.330187,-75.7934,1310
2022,__3ZA2O3,BAYFIELD AVE btwn CARLING AVE & HERZBERG RD (__3ZA2O3),45.338763,-75.894847,362
2022,__3ZA7H2,MEADOW DR (__3ZA7H2),45.262093,-75.555766,126
2022,e___2KNQ,DECOEUR DR btwn AQUARIUM AVE/GUPPY GROVE & SCULPIN ST (e___2KNQ),,,2895
2022,__4CZONJ,FINN CRT btwn COLBERT CRES & COLBERT CRES (__4CZONJ),45.377831,-75.656645,416
2022,__3ZAARH,SUNNYCREST DR btwn MARSON ST & WILLETH AVE (__3ZAARH),45.368795,-75.720541,480
2022,__3ZBOD0,KIRKWOOD AVE btwn LAPERRIERE AVE & WOODWARD AVE (__3ZBOD0),45.379761,-75.737038,10201
2022,__3ZA3AI,KIRKWOOD AVE btwn COLDREY AVE & LAPERRIERE AVE (__3ZA3AI),45.38082,-75.737978,10244
2022,__45KTKE,PARKIN CIRC btwn MAASS GT & STEDMAN ST (__45KTKE),45.343018,-75.635344,189
2022,__3ZAZAI,PETER MORAND CRES btwn END & ROGER GUINDON AVE (__3ZAZAI),45.403611,-75.643319,381
2022,__3ZA2WC,BURNT LANDS RD btwn MARCH RD & VAUGHAN SIDE RD (__3ZA2WC),45.271354,-76.153198,210
2022,__3ZA6WJ,MARIONVILLE RD btwn 8TH LINE RD & 9TH LINE RD (__3ZA6WJ),45.156366,-75.414608,489
2022,__3ZA8L8,BORTOLOTTI CRES btwn BRADSHAW CRES & BRADSHAW CRES (__3ZA8L8),45.422412,-75.609101,182
2022,e___1G0P,WARMSTONE DR btwn CENTO WAY & ROSEHILL AVE (e___1G0P),45.284957,-75.921733,585
2022,__3ZAA60,MAPLEHILL WAY btwn HAZELWOOD WAY & PRINCE OF WALES DR (__3ZAA60),45.250263,-75.709271,102
2022,__3ZA3FF,DUNROBIN RD btwn CONSTANCE BAY RD & KINBURN SIDE RD (__3ZA3FF),45.46836,-76.082768,6073
2022,__3ZBOWZ,MARIER AVE btwn CARILLON ST & DESCHAMPS AVE (__3ZBOWZ),45.437266,-75.662132,4355
2022,__3ZBOWW,MARIER AVE btwn ETHEL ST & MONTFORT ST (__3ZBOWW),45.438434,-75.663048,3926
2022,__5A7MC7,AQUAVIEW DR btwn BEAUCACHE PRIV & LOUIS TOSCANO DR (__5A7MC7),45.453037,-75.478661,969
2022,__5Z1T0B,WORTHAM WAY btwn CLARINGTON AVE & SARABELLA ST (__5Z1T0B),45.451736,-75.4728,86
2022,__6REWP9,RYWALK CIRC (__6REWP9),45.357618,-75.637843,109
2022,__3ZA7LC,CENTREPARK DR btwn BEARBROOK RD & SILVER ASPEN CRES (__3ZA7LC),45.433366,-75.567517,141
2022,__3ZA035,BEECH ST btwn BAYSWATER AVE & BREEZEHILL AVE S (__3ZA035),45.398945,-75.715298,881
2022,__3ZA31L,ROCHESTER ST btwn GLADSTONE AVE & HWY417 IC121B RAMP16 (__3ZA31L),45.404528,-75.709268,10283
2022,__3ZA6KF,CLEROUX CRES btwn INNES RD & ORIENT PARK DR (__3ZA6KF),45.436596,-75.550398,382
2022,__3ZBPIW,ST. PIERRE ST btwn ROCQUE ST & ST. JOSEPH BLVD (__3ZBPIW),45.474352,-75.521595,407
2022,__3ZA2G9,COLONIAL RD btwn DELSON DR & FRANK KENNY RD (__3ZA2G9),45.422563,-75.414251,4628
2022,__3ZA04M,BAYSWATER AVE btwn FERN AVE & OAKVALE AVE (__3ZA04M),45.399687,-75.716482,1989
2022,__3ZAAIA,BREEZEHILL AVE   N btwn LAUREL ST & SOMERSET ST W (__3ZAAIA),45.405856,-75.718715,815
2022,__3ZA31S,GLADSTONE AVE btwn PRESTON ST & ROCHESTER ST (__3ZA31S),45.404961,-75.710838,7259
2022,__86L61O,SUMMERHILL ST btwn GOLDEN SPRINGS CRES E & MATTINGLY WAY/GOLDEN SPRINGS CRES (__86L61O),45.266774,-75.695495,980
2022,__3ZA3H3,MITCH OWENS RD btwn LIMEBANK RD & SPRATT RD (__3ZA3H3),45.241051,-75.659127,11595
2022,__3ZA7HW,PARKWAY RD btwn GOOD ST & KESWICK DR (__3ZA7HW),45.261206,-75.564247,2887
2022,__86L61E,BRIAN GOOD AVE btwn HAWKESWOOD DR & SUMMERHILL ST (__86L61E),45.267239,-75.692424,1504
2022,__3ZACCH,CORKERY RD btwn MANION RD & MARCH RD (__3ZACCH),45.272167,-76.08529,348
2022,e___2HJX,DES SOLDATS-RIENDEAU ST btwn LAMPREY ST & RIVER MIST RD (e___2HJX),45.242682,-75.735791,524
2022,__3EX1Y6,GOLDENEYE WAY btwn ANTIQUE CRT & ROCKY HARBOUR CRES (__3EX1Y6),45.281386,-75.683662,802
2022,__3ZA5P6,LONG ISLAND RD btwn CINDY HILL CRES & WATERPARK PL (__3ZA5P6),45.237692,-75.691395,1141
2022,__3ZA39Q,BRIDGE ST btwn ARTHUR CRES & WEST RIVER DR (__3ZA39Q),45.229253,-75.682416,14129
2022,__6KE629,MOODIE DR btwn ARNOLD DR & SONGBIRD PRIV (__6KE629),45.311276,-75.826929,2826
2022,__3ZA5CB,AMIENS ST btwn BLACKHEATH ST & DUFORD DR (__3ZA5CB),45.471741,-75.507816,2296
2022,__3ZAZVG,LONGLEAF DR btwn APPLE LEAF WAY & ORLEANS BLVD (__3ZAZVG),45.437769,-75.528896,666
2022,__3ZA6E0,CARRIERE ST btwn MICHAELSEM ST & ORLEANS BLVD (__3ZA6E0),45.465987,-75.524613,1048
2022,__3ZA6DT,BEAUSEJOUR DR btwn BARRINGTON ST & ORLEANS BLVD (__3ZA6DT),45.459088,-75.523629,3513
2022,__3ZA6WY,PRESTWICK DR btwn GALLOWAY DR & PAYETTE DR (__3ZA6WY),45.468603,-75.497448,1915
2022,e___2ICA,DES AUBEPINES DR btwn DECOEUR DR & HYSSOP ST/YELLOWCRESS WAY (e___2ICA),45.447061,-75.485715,1766
2022,e___2HVN,DECOEUR DR btwn DES AUBEPINES DR & MAGNOLIA ST (e___2HVN),45.447067,-75.483582,2648
2022,e___2HP3,FERN CASEY ST btwn AXIS WAY & LOCUST RIDGE (e___2HP3),45.438035,-75.507302,3525
2022,__3ZA6QZ,SUNVIEW DR btwn DES EPINETTES AVE & DES PERDRIX CRES (__3ZA6QZ),45.460099,-75.511213,1863
2022,__3ZA6XD,DUFORD DR btwn CHARTRAND AVE & FRASER PK (__3ZA6XD),45.472586,-75.511339,2085
2022,__3ZAAVF,WITHROW AVE btwn BASSANO ST & PENDER ST (__3ZAAVF),45.353117,-75.741596,496
2022,__3ZA9WR,TRAPPER'S RD btwn ALDERWOOD ST & FARRIERS LANE (__3ZA9WR),45.34619,-75.643489,923
2022,__4O3KAZ,OWLS CABIN AVE btwn CANYON WALK DR & FEATHER MOSS WAY (__4O3KAZ),45.287035,-75.681296,207
2022,__4QVZS3,CLARIDGE DR btwn CLENNING ST & UPNEY DR (__4QVZS3),45.285608,-75.73304,2193
2022,__3ZBN85,ST. GEORGES ST btwn GALLOWAY DR & GLENEAGLES AVE (__3ZBN85),45.469026,-75.502399,1974
2022,__3ZAB12,PALOMINO DR btwn CHICKASAW CRES S & ROTHESAY DR (__3ZAB12),45.294228,-75.869525,1188
2022,__3ZA3V2,KING EDWARD AVE btwn DALY AVE & STEWART ST (__3ZA3V2),45.427179,-75.684505,13596
2022,__3ZAALG,ALBANY DR btwn EMERALD AVE & HANBURY ST (__3ZAALG),45.359348,-75.754361,339
2022,__3ZAACU,WOODLAND AVE btwn BYRON AVE & MIDWAY AVE (__3ZAACU),45.373021,-75.777419,149
2022,__3ZA0LI,LONG ISLAND RD btwn RIVERSIDE CRES & SUNRISE AVE (__3ZA0LI),45.232912,-75.686627,1582
2022,__3ZA705,EASTVALE DR btwn LOYOLA AVE & OGILVIE RD (__3ZA705),45.45197,-75.595157,3193
2022,__3ZA8P3,ROSEBELLA AVE btwn CONROY RD & EIGHTH ST (__3ZA8P3),45.353024,-75.616052,1413
2022,__3ZACOP,CARLETON CATHCART ST btwn BRADLEY ST & RALPHPARK ST (__3ZACOP),45.256004,-75.913042,473
2022,__3ZA9MT,MONK ST btwn ERNIE BRADY LANE & WOODLAWN AVE (__3ZA9MT),45.398649,-75.686765,1397
2022,__3ZA7XS,CROWNHILL ST btwn SEGUIN ST & SUMAC ST (__3ZA7XS),45.444308,-75.608935,786
2022,e___2KKW,VIVERA PL btwn CLIO ST & MERRILLL ST (e___2KKW),,,154
2022,__3ZABDO,PICKFORD DR btwn KOFFMAN CRT & SHATNER GT (__3ZABDO),45.307176,-75.880495,1008
2022,__3ZA3A3,BEECHWOOD AVE btwn GREEN AVE & MARQUETTE AVE (__3ZA3A3),45.443155,-75.670687,10866
2022,__3ZA8ON,BADEN AVE btwn AUTUMNWOOD ST & AUTUMNWOOD ST (__3ZA8ON),45.341044,-75.638394,191
2022,__3ZAZNO,MARSHWOOD RD btwn DEERTAIL LANE & VAUGHAN SIDE RD (__3ZAZNO),45.31697,-76.140995,84
2022,__3ZA4XL,CARBERY DR (__3ZA4XL),45.262549,-75.916307,361
2022,__3ZBNG1,BRITANNIA RD btwn CONN ST & PRISCILLA ST (__3ZBNG1),45.362815,-75.794615,1207
2022,__3ZA9KT,SUNNYSIDE AVE btwn BELLWOOD AVE & RIVERDALE AVE (__3ZA9KT),45.395825,-75.679553,3878
2022,__3ZBOYM,NORTH RIVER RD btwn GLYNN AVE & OLGA ST (__3ZBOYM),45.42514,-75.666312,2148
2022,__3ZA16W,KELLY AVE btwn MONCTON RD & NEVILLE ST (__3ZA16W),45.353901,-75.789953,1022
2022,__3ZA0EM,KERR AVE btwn BOYD AVE & NADOLNY SACHS PRIV (__3ZA0EM),45.376905,-75.752081,2012
2022,__3ZAA6N,KERR AVE btwn DENISON CRES & REX AVE (__3ZAA6N),45.375836,-75.755492,451
2022,__3ZABSG,CONOVER ST btwn CHARING RD & ELVASTON AVE (__3ZABSG),45.330384,-75.772293,950
2022,__3ZA6HI,SARSFIELD RD btwn COLONIAL RD & LARMOURS RD (__3ZA6HI),45.438742,-75.342649,268
2022,__3ZABUR,NEVILLE ST btwn CLARENDA ST & KELLY AVE (__3ZABUR),45.354852,-75.789354,915
2022,__4FP8A8,CHAPMAN MILLS DR btwn SUMMERLINE GT & WOODROFFE AVE (__4FP8A8),45.273955,-75.718557,2842
2022,__3ZA8EX,PEACH TREE LANE btwn KAREN WAY & MEADOW PARK PL (__3ZA8EX),45.447976,-75.649813,87
2022,__6XF94A,COLONNADE RD    N btwn COLONNADE RD & CORINTH PRIV (__6XF94A),45.344674,-75.715867,5329
2022,__3ZAA5Y,CALDWELL AVE btwn MEDFORD ST & MORISSET AVE (__3ZAA5Y),45.372187,-75.737542,2407
2022,__3ZAZTU,SPRATT RD btwn CANYON WALK DR & SHORELINE DR (__3ZAZTU),45.279811,-75.687154,5608
2022,__3ZA9MB,MONK ST btwn HOLMWOOD AVE & TACKABERRY LANE (__3ZA9MB),45.399348,-75.687173,1619
2022,__3ZBOWM,ST. CHARLES ST btwn BARRETTE ST & LAVAL ST (__3ZBOWM),45.44027,-75.673004,411
2022,__3ZA9L7,SOUTHERN DR btwn BRISTOL AVE & RIVERDALE AVE (__3ZA9L7),45.39726,-75.678101,285
2022,__3ZBO4F,CHARBONNEAU ST btwn SCHOUTEN DR & SCHOUTEN DR (__3ZBO4F),45.465566,-75.502259,65
2022,__3ZAAOA,MILLBROOK CRES btwn DEER PARK RD & GREENWICH AVE (__3ZAAOA),45.364196,-75.718037,148
2022,__3ZAAOE,MILLBROOK CRES btwn DEER PARK RD & HILLIARD AVE (__3ZAAOE),45.364841,-75.718567,651
2022,__3ZA6RD,DES EPINETTES AVE btwn COTTONWOOD CRES & LAFRANCE DR (__3ZA6RD),45.464756,-75.496786,4722
2022,__30XHQS,BLUE WILLOW CRES btwn DES GRANDS CHAMPS & LONGWATER ST (__30XHQS),45.435243,-75.528806,715
2022,__3ZAAPS,HILLIARD AVE btwn MILLBROOK CRES & VANSON AVE (__3ZAAPS),45.366163,-75.716516,272
2022,__3ZAAQY,HILLIARD AVE btwn OAKWOOD AVE & VANSON AVE (__3ZAAQY),45.367839,-75.715652,480
2022,__3ZAAO6,HILLIARD AVE btwn BARLYN AVE & LYALL ST (__3ZAAO6),45.364279,-75.720551,355
2022,__3ZA1D3,BELLA VISTA DR btwn MEADOW LANE RD & TED KELLY LANE (__3ZA1D3),45.512285,-75.460071,101
2022,__3ZABWO,GREENVIEW AVE btwn CARLING AVE & DON ST (__3ZABWO),45.361369,-75.795963,744
2022,__3ZA8JV,QUEEN MARY ST btwn MARION AVE & VANIER PKWY (__3ZA8JV),45.424408,-75.663176,2023
2022,__3ZA78Y,SAUNDERSON DR btwn HAIG DR & RAGLAN AVE (__3ZA78Y),45.401909,-75.633234,883
2022,__3ZA781,CUBA AVE btwn HUTTON AVE & RUSSELL RD (__3ZA781),45.401773,-75.628891,698
2022,__3ZA3K2,SAUMURE RD btwn DEVINE RD & INDIAN CREEK RD (__3ZA3K2),45.366654,-75.265008,1864
2022,__3ZA87M,ORLANDO AVE btwn DENVER AVE & GIBSON ST (__3ZA87M),45.381222,-75.659482,165
2022,__3ZA4FZ,NORTH RIVER RD btwn PRINCE ALBERT ST & PRINDIVILLE ST (__3ZA4FZ),45.423836,-75.665684,962
2022,__3ZAC46,DAVID MANCHESTER RD btwn MCGEE SIDE RD & NORTHSHIRE DR (__3ZAC46),45.293036,-76.018239,95
2022,__3ZA5V7,DAVID MANCHESTER RD btwn FALCON BROOK RD & RICHARDSON SIDE RD (__3ZA5V7),45.279074,-76.000892,439
2022,__8PNLQZ,CARINA CRES btwn LOCHNAW PRIV & SHANLY PRIV (__8PNLQZ),45.254479,-75.735428,341
2022,__6OE77W,CEDAR CREEK DR (__6OE77W),45.317253,-75.595459,1611
2022,__8176PK,MANCINI WAY btwn INFUSION PRIV E & INFUSION PRIV W (__8176PK),45.269977,-75.733642,298
2022,__3ZA05M,EDGAR ST btwn FAIRMONT AVE & IRVING AVE (__3ZA05M),45.400557,-75.720505,139
2022,__3ZA6PC,LEGRAND CRES btwn WENDLER TER & WILDFLOWER DR (2) (__3ZA6PC),45.458093,-75.504303,179
2022,__74S5VG,COBBLE HILL DR btwn POPPLEWELL CRES & POPPLEWELL CRES (__74S5VG),45.270809,-75.779897,1013
2022,__42HLTD,LUESBY CRES btwn VALIN ST & WINSOME TER (__42HLTD),45.472265,-75.460337,217
2022,__49P4W2,WINSOME TER btwn BRASSEUR CRES & LUESBY CRES (__49P4W2),45.473062,-75.462188,384
2022,__5RGOTF,OLD PRESCOTT RD btwn LAKE FOREST WALK & SPARKLING LAKE WAY (__5RGOTF),45.267322,-75.573444,5050
2022,__3ZA0QB,LAPERRIERE AVE btwn ADDISON ST & MERIVALE RD (__3ZA0QB),45.381504,-75.734072,707
2022,__3ZA336,SLATER ST btwn BAY ST & COMMISSIONER ST (__3ZA336),45.416304,-75.706855,3344
2022,__3ZA3PZ,MAIN ST btwn EVELYN AVE & SPRINGHURST AVE (__3ZA3PZ),45.410803,-75.678999,10958
2022,__3ZA0PW,BAY ST btwn GLOUCESTER ST & NEPEAN ST (__3ZA0PW),45.415245,-75.704072,1018
2022,__3ZA0WZ,EMPRESS AVE btwn PRIMROSE AVE & SOMERSET ST W (__3ZA0WZ),45.411198,-75.709182,337
2022,__3ZA8AQ,NEPEAN ST btwn KENT ST & LYON ST N (__3ZA8AQ),45.415981,-75.701232,734
2022,__3ZA8FB,GRAHAM AVE btwn ECHO DR & MAIN ST (__3ZA8FB),45.411664,-75.681047,555
2022,__3ZA777,COLSON AVE btwn HAIG DR & SAUNDERSON DR (__3ZA777),45.399039,-75.632392,148
2022,__3ZA0HF,RAVENHILL AVE btwn CHURCHILL AVE N & EDISON AVE (__3ZA0HF),45.390219,-75.753203,162
2022,__3ZA0ZT,HILSON AVE btwn LYMAN ST & RICHMOND RD (__3ZA0ZT),45.395382,-75.745251,556
2022,__3ZBOZD,CANTERBURY AVE btwn ARCH ST & PLESSER ST (__3ZBOZD),45.389171,-75.628934,3076
2022,__3ZBOZ3,DWIGHT CRES btwn DWIGHT PL (2) & TAWNEY RD (__3ZBOZ3),45.396562,-75.616554,171
2022,__3ZA75N,TAWNEY RD btwn DWIGHT CRES & FURBY AVE (__3ZA75N),45.394262,-75.616319,604
2022,__3ZA736,ARCH ST btwn FLEMING AVE & HOLT CRES (__3ZA736),45.391333,-75.630889,1697
2022,__3ZA773,SAUNDERSON DR btwn COLSON AVE & OLYMPIA CRES (__3ZA773),45.398944,-75.62947,2277
2022,__3ZA9IF,PLEASANT PARK RD btwn ELMSIDE AVE & OXBOW AVE (__3ZA9IF),45.394229,-75.646184,4578
2022,__3ZA5B7,RIDGEBROOK DR btwn ERIC CRES & NORTHDALE ST (__3ZA5B7),45.422878,-75.605354,710
2022,__3ZA242,RIVERSIDE DR btwn FROBISHER LANE & HINCKS LANE (__3ZA242),45.405844,-75.664082,169
2022,__3ZA940,LINDSAY ST btwn ACTON ST & DRAKE AVE (__3ZA940),45.406953,-75.652301,237
2022,__3ZA5M2B,BLOHM DR btwn 68 N OF BRISTON PRIV & LORRY GREENBERG DR (__3ZA5M2B),45.369184,-75.619889,2800
2022,__3ZA464,BLOHM DR btwn JOHNSTON RD & SAI CRES (__3ZA464),45.375108,-75.6078,2753
2022,__3ZA947,KNOX CRES btwn ACTON ST & DRAKE AVE (__3ZA947),45.406334,-75.653015,630
2022,__3ZA49E,ST. LAURENT BLVD btwn CONROY RD & THURSTON DR (__3ZA49E),45.382531,-75.624283,3505
2022,__3ZA731,ST. LAURENT BLVD btwn JOLIFFE ST & SUSAN ST (__3ZA731),45.391462,-75.618914,12457
2022,__3ZA8LD,BEAVERPOND DR btwn APPLETON DR (2) & HALLMARK PL (__3ZA8LD),45.42281,-75.600695,446
2022,__3ZA5QW,BEAUSEJOUR DR btwn AUTUMN RIDGE DR & AUTUMN RIDGE DR (__3ZA5QW),45.458148,-75.532011,1869
2022,__3ZA66F,GREY NUNS DR btwn FRIAR GT & SUNDOWN CRES (__3ZA66F),45.469579,-75.537156,1208
2022,__3ATF82,DEN HAAG DR btwn BOREALIS CRES & DES PIONNIERS PRIV (__3ATF82),45.43998,-75.630546,1565
2022,__3ZA7VQ,MATHESON RD btwn ALBORO CRES & ALBORO CRES (__3ZA7VQ),45.43621,-75.622153,1421
2022,__3ZA610,WILLOWBARK DR btwn DES TREFLIERES GDN & FOREST VALLEY DR (__3ZA610),45.448774,-75.53755,913
2022,__3ZA8SX,LEVIS AVE btwn BEGIN ST & DUPUIS ST (__3ZA8SX),45.435302,-75.660339,1422
2022,__3ZA8K2,QUEEN MARY ST btwn ALESTHER ST & BERNARD ST (__3ZA8K2),45.425983,-75.641003,1268
2022,__3ZA7B5,MONTGOMERY ST btwn MONTREAL RD & SELKIRK ST (__3ZA7B5),45.432565,-75.667812,1560
2022,__3ZA7B8,OLMSTEAD ST btwn GLADU ST & MAPLE ST (__3ZA7B8),45.432339,-75.660671,3393
2022,__3ZA3WB,MCARTHUR AVE btwn BRANT ST & IRWIN MILLER ST (__3ZA3WB),45.431943,-75.6517,9522
2022,__3ZA8LQ,FRANCES ST btwn LAWSON AVE & NEWMAN AVE (__3ZA8LQ),45.427237,-75.647592,1407
2022,__3ZA4AH,KING GEORGE ST btwn QUILL ST & VERA ST (__3ZA4AH),45.425342,-75.658871,122
2022,__3ZA2CAA,COVENTRY RD btwn BELFAST RD & ST. LAURENT SC WEST (__3ZA2CAA),45.421758,-75.644231,10574
2022,__3ZA8Q5,BUENA VISTA RD btwn MANOR AVE & SPRINGFIELD RD (__3ZA8Q5),45.450971,-75.680535,1153
2022,__3ZBOVT,BRAEMAR ST btwn GLASGOW CRES & GLASGOW CRES (__3ZBOVT),45.450796,-75.655418,455
2022,__3ZA8E9,MARIPOSA AVE btwn BUCHAN RD & SPRINGFIELD RD (__3ZA8E9),45.448486,-75.677428,1269
2022,__3ZBOV2,GLENWOOD AVE btwn ASHBURY RD & ROXBOROUGH AVE (__3ZBOV2),45.447708,-75.674973,432
2022,__3ZBOWN,VAUGHAN ST btwn BERTRAND ST & MACKAY ST (__3ZBOWN),45.44031,-75.678272,636
2022,__3ZA8PD,SPRINGFIELD RD btwn BUENA VISTA RD & PARK RD (__3ZA8PD),45.45046,-75.679023,1258
2022,__3ZBOFP,HEMLOCK RD btwn BRAEMAR ST & THORNWOOD RD (__3ZBOFP),45.449542,-75.656178,11831
2022,__3ZA7DD,LAJOIE ST btwn FRONTENAC ST & RICHELIEU AVE (__3ZA7DD),45.434775,-75.658686,865
2022,__3ZBOXL,BEAUSOLEIL DR btwn COBOURG ST & YORK ST (__3ZBOXL),45.431865,-75.681386,1245
2022,__3ZAAMZ,AGINCOURT RD btwn MALLARD AVE & NAVAHO DR (__3ZAAMZ),45.360955,-75.751369,887
2022,__3ZA62R,FOREST VALLEY DR btwn DES RAVINS PL & DES RAVINS PL (__3ZA62R),45.451827,-75.538435,4197
2022,__3ZA62Z,MEADOWGLEN DR btwn MEADOWFIELD PL & MEADOWHILL CRES (__3ZA62Z),45.451808,-75.542228,1692
2022,__3ZA9TG,GILMOUR ST btwn ELGIN ST & METCALFE ST (__3ZA9TG),45.416133,-75.690254,1073
2022,__3ZA1IH,LISGAR ST btwn CARTIER ST & END (__3ZA1IH),45.420223,-75.688993,311
2022,__3ZA7D2,OLD ST. PATRICK ST btwn BEAUSOLEIL DR & PATRO ST (__3ZA7D2),45.434561,-75.684092,1628
2022,__3ZAAWY,ROSSLAND AVE btwn MERIVALE RD & ST. HELEN'S PL (__3ZAAWY),45.354346,-75.736803,1018
2022,__3ZBOYN,OSGOODE ST btwn HENDERSON AVE & NELSON ST (__3ZBOYN),45.424241,-75.680196,968
2022,__3ZA8FD,EVELYN AVE btwn MAIN ST & ROSEMERE AVE (__3ZA8FD),45.411731,-75.67813,461
2022,__3ZA6SD,BOUNDARY RD btwn END & RUSSELL RD (__3ZA6SD),45.374689,-75.458997,169
2022,__3ZA2ZM,ROCKDALE RD btwn ALCIDE AVE & BUCKLAND RD (__3ZA2ZM),45.35493,-75.352338,2622
2022,__3ZA7WC,CARSON'S RD btwn BERMUDA AVE & CHARLESWOOD AVE (__3ZA7WC),45.442972,-75.629184,1779
2022,__3ZA5EZ,CAROLA ST btwn KNOXDALE RD & NEWHAVEN ST (__3ZA5EZ),45.328684,-75.760886,340
2022,__3ZBOV8,SPRINGFIELD RD btwn LINDENLEA RD/DURHAM PRIV & ROCKCLIFFE WAY (__3ZBOV8),45.445334,-75.677705,2485
2022,__3ZA9TE,MACLAREN ST btwn METCALFE ST & O'CONNOR ST (__3ZA9TE),45.415963,-75.692812,1023
2022,__3ZAZMP,CELESTE WAY btwn BALLANTYNE DR & VENUS AVE (__3ZAZMP),45.470608,-75.463607,195
2022,__3ZA8A5,STE. CECILE ST btwn BEECHWOOD AVE & GENEST ST (__3ZA8A5),45.442264,-75.670041,446
2022,__3ZABNH,ANWATIN ST btwn ARNOLD DR & MOODIE DR (__3ZABNH),45.313453,-75.826331,209
2022,__3ZACBL,DONALD B. MUNRO DR btwn CARRYS SIDE RD & GRANTS SIDE RD (__3ZACBL),45.376447,-76.168734,712
2022,__3ZA8YR,ST. DENIS ST btwn GRANVILLE ST & STE. ANNE ST (__3ZA8YR),45.441001,-75.658021,432
2022,__3ZA0CQ,SENIO AVE btwn FALAISE RD & NORMANDY CRES (__3ZA0CQ),45.362312,-75.70213,133
2022,__3ZA0CM,BEDBROOKE ST btwn DUBLIN AVE & IRIS ST (__3ZA0CM),45.359382,-75.764851,326
2022,__3ZA0CR,BEL-AIR DR btwn BEDBROOKE ST & FIELD ST (__3ZA0CR),45.361337,-75.764617,659
2022,__3ZA8YQ,ST. DENIS ST btwn BRADLEY AVE & STE. ANNE ST (__3ZA8YQ),45.440849,-75.660257,274
2022,__3ZA8YM,ST. DENIS ST btwn BRADLEY AVE & TABOR AVE (__3ZA8YM),45.440716,-75.662301,226
2022,__6UQV2L,RIVERSEDGE CRES btwn TRAILGATE ST & TRAILGATE ST (__6UQV2L),45.278496,-75.698247,238
2022,e___2ITI,KILBIRNIE DR btwn ALEX POLOWIN AVE & RIVER MIST RD (e___2ITI),,,1711
2022,__7JQ6AO,RAVENSWOOD WAY btwn ASHENVALE WAY & ESPRIT DR (__7JQ6AO),45.449331,-75.466577,253
2022,__7JQ609,MIRABEAU TERR btwn BOISDALE WALK & VALLIER WAY (__7JQ609),,,97
2022,__3ZABRB,GRADY CRES btwn JANSEN RD & JANSEN RD (__3ZABRB),45.327827,-75.794817,43
2022,__3ZABR8,JANSEN RD btwn GRADY CRES & HOBART CRES (__3ZABR8),45.327628,-75.793048,381
2022,__6UQV18,RIVERSEDGE CRES (__6UQV18),45.276757,-75.69956,81
2022,__3ZA8ZZ,YORK ST EB btwn BY WARD MARKET SQ & SUSSEX DR (__3ZA8ZZ),45.427618,-75.693918,2562
2022,__7JQ6A9,GRAND CANAL ST btwn NUTGROVE AVE & RIVER ROCK AVE (__7JQ6A9),45.249017,-75.742641,3204
2022,__3ZA0JB,IONA ST btwn BRENNAN AVE & ISLAND PARK DR (__3ZA0JB),45.39269,-75.740031,1574
2022,__3ZABMV,THIRD LINE RD    N btwn CARSONBY RD W & CENTURY RD W (__3ZABMV),45.176169,-75.738613,174
2022,__3ZA520,NEWHAVEN ST btwn CAROLA ST & ROUNDHAY DR (__3ZA520),45.328264,-75.762437,833
2022,__3ZA0KM,IONA ST btwn ISLAND PARK DR & PICCADILLY AVE (__3ZA0KM),45.393042,-75.738913,970
2022,__3ZA68P,JEANNE D'ARC BLVD  N btwn VINEYARD DR & VOYAGEUR DR (__3ZA68P),45.474041,-75.548482,10308
2022,__3ZA3TO,STAGECOACH RD btwn GOLDEN ASH LANE & JACK PINE CRES (__3ZA3TO),45.258387,-75.595156,7502
2022,__3ZA3TL,STAGECOACH RD btwn GREELY WEST DR & JACK PINE CRES (__3ZA3TL),45.253381,-75.592106,6758
2022,__3ZA38T,RIVER RD btwn KILBY LANE & WATERFRONT CRT (__3ZA38T),45.203638,-75.640927,5294
2022,__3ZA87Q,LORRAINE AVE btwn JEFFERSON ST & PALM ST (__3ZA87Q),45.381124,-75.642421,446
2022,__86L6YY,BRIAN GOOD AVE btwn HAWKESWOOD DR & POPLIN ST (__86L6YY),45.268761,-75.692103,2726
2022,__3ZACVF,CAMPBELL REID CRT (__3ZACVF),45.374401,-75.957385,202
2022,__3ZAZDC,SECOND AVE btwn O'CONNOR ST & QUEEN ELIZABETH DRWY (__3ZAZDC),45.405814,-75.68363,468
2022,__3ZA7LY,GRAVELLE CRES btwn INNES RD & INNES RD (__3ZA7LY),45.430586,-75.570578,111
2022,__3ZA19X,WINDWOOD PL btwn ARBOURWOOD DR & RANCHWOOD WAY (__3ZA19X),45.446635,-75.532026,334
2022,__45C2PR,VALIN ST btwn GLANDRIEL CRES & TIMBERTRAIL TER (__45C2PR),45.474838,-75.450832,1181
2022,__673XY6,TRIM RD btwn MONTMERE AVE & PINNACLE ST (__673XY6),45.461434,-75.44912,5296
2022,__5VIR2R,TRIM RD btwn MILLENNIUM BLVD & SALZBURG DR (__5VIR2R),45.466927,-75.4522,8123
2022,__5JY39D,EVERLASTING CRES btwn KERRIA WALK & SULTAN ST (__5JY39D),45.48343,-75.471982,143
2022,__5JY39N,EVERLASTING CRES btwn KERRIA WALK & SULTAN ST (__5JY39N),45.483936,-75.469686,424
2022,__3ZAA52,RIDDELL AVE   N btwn CARLING AVE & LENESTER AVE (__3ZAA52),45.373836,-75.757881,422
2022,__3ZAA61,WEMBLEY AVE btwn BROMLEY RD & WINDERMERE AVE (__3ZAA61),45.376997,-75.759689,236
2022,__3ZBO3A,DECARIE DR btwn CHAMPLAIN ST & GRENOBLE CRES (__3ZBO3A),45.485967,-75.522648,1037
2022,__3ZA7DW,BLAKE BLVD btwn LACASSE AVE & LAFONTAINE AVE (__3ZA7DW),45.434065,-75.655642,1075
2022,__5QEFH3,INNES RD btwn TRIM RD & VALIN ST (__5QEFH3),45.471467,-75.451064,10337
2022,__3ZA3M1,OLD MONTREAL RD btwn KING ARTHUR ST & QUIGLEY HILL RD (__3ZA3M1),45.505968,-75.436648,2682
2022,__3ZA07Q,BROADVIEW AVE btwn KENWOOD AVE & PRINCETON AVE (__3ZA07Q),45.385412,-75.759178,860
2022,__3ZA2P9,BLAKE BLVD btwn BLAKE BLVD & JEAN TALON ST (__3ZA2P9),45.43426,-75.651396,1137
2022,__3ZA65Y,DOWSER ST btwn GLEN ST & MANDOR CRES (__3ZA65Y),45.235347,-75.47958,141
2022,__3ZACV0,KLONDIKE RD btwn MARCH VALLEY RD & MARCONI AVE (__3ZACV0),45.361047,-75.923217,624
2022,__3ZA6LI,NICKERSON WAY btwn BEN ROYAL AVE & REMINGTON WAY (__3ZA6LI),45.26569,-75.568975,83
2022,__5DXO01,PARKWAY (THE) btwn CALLAGHAN PRIV & OAKES WD (__5DXO01),45.323459,-75.897889,1719
2022,__3ZABWW,AHEARN AVE btwn CROFT ST & FARROW ST (__3ZABWW),45.360901,-75.800874,219
2022,__6KE4J1A,WOODRIDGE CRES btwn BAYSHORE DR & BAYSHORE PS (__6KE4J1A),45.351627,-75.809677,3029
2022,__3ZABK8,GRENON AVE btwn NOREN AVE & NOREN AVE (__3ZABK8),45.352922,-75.795313,365
2022,__3ZAA33,CORKSTOWN RD btwn BURNBROOK CRES & WESTDALE AVE (__3ZAA33),45.347189,-75.823593,1228
2022,__3ZABK9,QUEENSVIEW DR btwn END & PINECREST RD (__3ZABK9),45.353269,-75.786575,5883
2022,__3ZABJA,REGENCY TER btwn BLOOMSBURY CRES & END (__3ZABJA),45.348842,-75.771623,581
2022,__3ZABUF,SEVERN AVE btwn ARKELL ST & CONNAUGHT AVE (__3ZABUF),45.356897,-75.7828,717
2022,__3ZA4M2,PINECREST RD btwn KELLY AVE & ST. STEPHEN'S ST (__3ZA4M2),45.353906,-75.792293,16511
2022,__3ZA1R4,PARKHAVEN AVE btwn DRESDEN CRES & DRESDEN CRES (__3ZA1R4),45.363025,-75.77606,360
2022,__3ZABX4,GEORGINA DR btwn EDGEWORTH AVE & ROSEWOOD AVE (__3ZABX4),45.364178,-75.779602,2005
2022,__3ZABUM,ELMIRA DR btwn COBDEN RD & LAMBETH WALK (__3ZABUM),45.353845,-75.776906,1041
2022,__3ZA0AP,CENTREPOINTE DR (__3ZA0AP),45.346053,-75.765559,6195
2022,__3ZA0AQ,CONSTELLATION CRES btwn CENTREPOINTE DR & TURN LANE (__3ZA0AQ),45.347371,-75.764064,1028
2022,__3ZA0QG,DENBURY AVE btwn DOVERCOURT AVE & KEENAN AVE (__3ZA0QG),45.381909,-75.75948,652
2022,__3ZA4OJ,CHURCHILL AVE   N btwn KENWOOD AVE & RAVENHILL AVE (__3ZA4OJ),45.389642,-75.75231,9590
2022,__3ZBN9U,RICHMOND RD btwn EDEN AVE & EDGEWOOD AVE (__3ZBN9U),45.392924,-75.752045,8767
2022,__3ZAAE2,KNIGHTSBRIDGE RD btwn LOCKHART AVE & WOODROFFE AVE (__3ZAAE2),45.376943,-75.773498,1229
2022,__4IHRZT,KERR AVE btwn BROADVIEW AVE & NADOLNY SACHS PRIV (__4IHRZT),45.376536,-75.753349,1864
2022,__3ZAAWF,FIELD ST btwn CHECKERS RD & MAJOR ST (__3ZAAWF),45.354944,-75.762718,255
2022,__3ZA4YU,KNOXDALE RD btwn CREMONA CRES & SKIPTON RD (__3ZA4YU),45.327927,-75.767359,3656
2022,__3ZAALE,LAZARD ST btwn DUBLIN AVE & IRIS ST (__3ZAALE),45.359742,-75.763956,172
2022,__3ZA0CS,BEL-AIR DR btwn FIELD ST & GARFIELD AVE (__3ZA0CS),45.363059,-75.761367,1112
2022,__61W6SH,PERCIFOR WAY btwn LEITA PL & WHISPERING WINDS WAY (__61W6SH),,,950
2022,__6R2LAO,BRASSEUR CRES btwn DESTINY PRIV & WINSOME TER (__6R2LAO),45.472997,-75.460219,150
2022,__3ZA81N,DONALD ST (__3ZA81N),45.428157,-75.650848,6837
2022,__3ZA815,DONALD ST btwn OKEE ST & TELFORD AVE (__3ZA815),45.428663,-75.643869,6941
2022,__3ZA6BA,AMIENS ST btwn PRESTONE DR & PRESTWICK DR (__3ZA6BA),45.473054,-75.500079,2376
2022,__3ZA6B8,AMIENS ST btwn PRESTONE DR & ST. GEORGES ST (__3ZA6B8),45.473178,-75.50271,1798
2022,__34IY21,PENDERBROOK AVE btwn TRADEWINDS DR & WINDING WAY (__34IY21),45.284767,-75.701044,154
2022,__5Z1S6F,NESTLETON ST btwn CORBRIDGE ST & WORTHAM WAY (__5Z1S6F),45.453033,-75.471379,635
2022,__3ZA66A,BELCOURT BLVD btwn LEBLANC DR & NOTRE DAME ST (__3ZA66A),45.469729,-75.52064,4054
2022,__3ZAZ9Z,BELCOURT BLVD btwn TOULOUSE CRES & TOULOUSE CRES (__3ZAZ9Z),45.463671,-75.517324,2822
2022,__727TGH,GRACEWOOD CRES btwn CREEKVIEW WAY E & FINDLAY CREEK DR E (__727TGH),45.313289,-75.611371,428
2022,__5GN1H7,FORESTBROOK ST btwn BEAM ST & WOODMILL TER (__5GN1H7),45.343445,-75.936131,47
2022,__4VGRKC,SPRINGRIDGE DR btwn HEATHERSTONE CRES & PEPPERGRASS RD (__4VGRKC),45.481948,-75.466919,701
2022,__4VGRNH,SPRINGRIDGE DR btwn LOBELIA WAY & PEPPERGRASS RD (__4VGRNH),45.480209,-75.463863,1352
2022,e___2HDH,ALLIUM ST btwn BARTONIA CIR & BARTONIA CIR (e___2HDH),45.440912,-75.488485,174
2022,__3ZA5SX,LATOUR CRES btwn GARDENWAY DR & GARDENWAY DR (__3ZA5SX),45.466844,-75.488395,158
2022,__4BBDP0,PEBBLE TRAIL WAY (__4BBDP0),45.262815,-75.588063,347
2022,__3ZA5S2,GARDENWAY DR btwn ESPLANADE AVE & THICKET WAY (__3ZA5S2),45.465556,-75.480366,1358
2022,__3ZAZ4S,CANYON WALK DR btwn MOUNTAIN MEADOWS CRES & OTTER TAIL CRES (__3ZAZ4S),45.284583,-75.688652,1265
2022,__3ZAC4A,MCGEE SIDE RD btwn DIAMONDVIEW RD & WILLIAM MOONEY RD (__3ZAC4A),45.302053,-76.016216,554
2022,__3ZAANF,WALLFORD WAY btwn BEAVERTON AVE & PARTHIA AVE (__3ZAANF),45.362732,-75.725418,422
2022,__3ZBOKH,FARLANE BLVD btwn KINGSMILL ST & WALLFORD WAY (__3ZBOKH),45.362888,-75.723019,670
2022,__3ZAAPT,DEER PARK RD btwn ATTWOOD CRES & ATTWOOD CRES (__3ZAAPT),45.365468,-75.7161,1484
2022,__3ZA78J,HAMLET RD btwn HAIG DR & SAUNDERSON DR (__3ZA78J),45.399706,-75.632602,331
2022,__3ZA34N,WOODROFFE AVE btwn ADIRONDACK DR & FIELD ST (__3ZA34N),45.35408,-75.764374,33083
2022,__3ZAASK,VIEWMOUNT DR btwn NORICE ST & PALSEN ST (__3ZAASK),45.343421,-75.74636,2611
2022,__4QG7RR,WOODLAND AVE btwn HALLDON PL & LAWN AVE (__4QG7RR),45.370081,-75.775785,680
2022,__3ZA8K3,CHAPEL ST btwn LAURIER AVE E & OSGOODE ST (__3ZA8K3),45.42654,-75.677334,1220
2022,__3ZA8J2,NELSON ST btwn LAURIER AVE E & OSGOODE ST (__3ZA8J2),45.425242,-75.68045,983
2022,__3ZA8JD,SWEETLAND AVE btwn LAURIER AVE E & OSGOODE ST (__3ZA8JD),45.425678,-75.679426,896
2022,__3ZA8KN,RUSSELL AVE btwn LAURIER AVE E & OSGOODE ST (__3ZA8KN),45.426109,-75.678393,525
2022,__3ZA8LL,GOULBURN AVE btwn LAURIER AVE E & OSGOODE ST (__3ZA8LL),45.427281,-75.675594,426
2022,__3ZA7UC,CUMMINGS AVE btwn BURN ST & GARDENVALE RD (__3ZA7UC),45.434886,-75.636438,4388
2022,__3ZACD2,DIAMONDVIEW RD btwn BAIRD SIDE RD & THOMAS A. DOLAN PKWY (__3ZACD2),45.376398,-76.121957,813
2022,__3ZACLX,EQUESTRIAN DR btwn POMMEL CRES & STABLE WAY (__3ZACLX),45.286824,-75.864963,1204
2022,__3ZA5CM,ARBUSTE AVE btwn JONQUILLE WAY & SEQUOIA DR (__3ZA5CM),45.500084,-75.452617,38
2022,__3ZAC61,ASHTON STATION RD btwn ASHTON STATION RD & GLENASHTON RD (BECKWITH TWP) (__3ZAC61),45.149172,-76.02358,348
2022,__3ZA0VK,BALMORAL DR btwn LIMEBANK RD & RIVER RD (__3ZA0VK),45.314275,-75.690183,162
2022,__3ZA559,BEN ROYAL AVE btwn ALDERGROVE WAY & NICKERSON WAY (__3ZA559),45.264498,-75.570628,257
2022,__5SPTFU,BREEZY HEIGHTS RD (__5SPTFU),45.343586,-76.197953,79
2022,__3ZACJW,HAMILTON ST btwn COLONEL MURRAY ST & MCBEAN ST (__3ZACJW),45.193397,-75.83649,217
2022,__3ZACJ1,COLONEL MURRAY ST btwn HAMILTON ST & PERTH ST (__3ZACJ1),45.194528,-75.836655,627
2022,__3ZABWM,ELMHURST ST btwn DUNDEE AVE & IVANHOE AVE (__3ZABWM),45.359466,-75.789188,757
2022,__7YK17E,ERIC CZAPNIK WAY btwn Continuation of ERIC CZAPNIK WAY & ST. JOSEPH ST (__7YK17E),45.484636,-75.499639,337
2022,__3ZA1NV,LEAVER AVE btwn BEAVER RDG & ELEANOR DR (__3ZA1NV),45.360785,-75.73162,683
2022,__3ZA6HA,MCVAGH RD btwn BURTON RD & DEVINE RD (__3ZA6HA),45.333784,-75.380361,325
2022,__3ZAC5L,MOONSTONE RD btwn ROTHBOURNE RD & WALGREEN RD (__3ZAC5L),45.265888,-75.961091,865
2022,__3ZA4SI,UPPER DWYER HILL RD btwn GRAINGER PARK RD & KINBURN SIDE RD (__3ZA4SI),45.348713,-76.228301,1360
2022,__7NLO4P,PICCADILLY AVE btwn PERTHSHIRE PRIV & WELLINGTON ST W (__7NLO4P),45.397359,-75.740873,307
2022,__3ZA5O6,ST. EMMANUEL TER (__3ZA5O6),45.476389,-75.542123,228
2022,__3ZA487,GALETTA SIDE RD btwn LUNNEY RD & OTTAWA ROAD 29 (__3ZA487),45.383841,-76.320092,607
2022,__3ZBNCI,LEACOCK DR btwn LEACOCK WAY & TIFFANY CRES (__3ZBNCI),45.323876,-75.903032,1241
2022,__3ZA14O,IRVING AVE btwn EDGAR ST & GLADSTONE AVE (__3ZA14O),45.401288,-75.720401,112
2022,__3ZA9NG,ROBINSON AVE btwn HURDMAN RD & LEES AVE (__3ZA9NG),45.418424,-75.666456,241
2022,__3ZA5A4,MARKLAND CRES btwn LEWISTON AVE & ROBLYN WAY (__3ZA5A4),45.282154,-75.719934,253
2023,__3Z0BKQ,PRESTONE DR btwn RIVER RIDGE CRES & RIVER RIDGE CRES (__3Z0BKQ),45.479887,-75.503994,2176
2023,__3Z0BF5,RAMSAYVILLE RD btwn LEITRIM RD & PIPERVILLE RD (__3Z0BF5),45.341448,-75.551157,4725
2023,__3Z0CHT,PARKWAY RD btwn GOOD ST & KESWICK DR (__3Z0CHT),45.261206,-75.564247,3275
2023,__3Z09JE,TENTH LINE RD btwn WALL RD & NAVAN RD (__3Z09JE),45.428416,-75.469246,4845
2023,__3Z00FS,OAKLAND AVE btwn WILTON LANE & MONK ST (__3Z00FS),45.397928,-75.687001,257
2023,__3Z0AD6,FRANK KENNY RD btwn MCFADDEN RD & RUSSELL RD (__3Z0AD6),45.387052,-75.388459,5351
2023,__4CZRM2,WATERBRIDGE DR btwn CRESTWAY DR & OLDFIELD ST (__4CZRM2),45.282259,-75.712744,865
2023,__3Z09XI,CHURCHILL AVE btwn IRENE CRES & CURRELL AVE (__3Z09XI),45.382678,-75.748081,9084
2023,__3Z06ET,MAIN ST btwn TORONTO ST & RIDEAU RIVER DR (__3Z06ET),45.400655,-75.673165,14047
2023,__3Z0GCG,MALCOLM PL btwn NORICE ST & FIELDROW ST (__3Z0GCG),45.344399,-75.741172,852
2023,__3Z0E3F,KILBORN AVE btwn MCQUAIG ST & OLD LILAC LANE (__3Z0E3F),45.386395,-75.665604,4055
2023,__3Z08JV,COLONEL BY DR btwn UNIVERSITY RD & BRONSON AVE SB ON RAMP 43 (__3Z08JV),45.386333,-75.699419,9119
2023,__3Z0GLP,HINTON AVE btwn ARMSTRONG ST & WELLINGTON ST (__3Z0GLP),45.400751,-75.731387,639
2023,__3Z094T,DUNROBIN RD btwn KINBURN SIDE RD & VANCES SIDE RD (__3Z094T),45.451984,-76.061816,2707
2023,__3Z0GR9,CENTREPOINTE DR btwn PINETRAIL CRES & KENTSDALE DR (__3Z0GR9),45.339701,-75.761719,3697
2023,__3Z0EDN,SECOND AVE btwn PERCY ST & LYON ST (__3Z0EDN),45.40194,-75.693094,932
2023,__3Z0EGV,CLEGG ST btwn DRUMMOND ST & GLENORA ST (__3Z0EGV),45.405686,-75.677688,3119
2023,__3Z0GIP,LANARK AVE btwn BEECHGROVE AVE & CHURCHILL AVE (__3Z0GIP),45.397346,-75.755657,1020
2023,__3Z06M3,PIETY HILL WAY btwn SARA CRT & NARBONNE CRT (__3Z06M3),45.263754,-75.825871,190
2023,__3Z0F6U,WOODWARD AVE btwn KENZIE ST & MERIVALE RD (__3Z0F6U),45.380386,-75.734662,345
2023,__3Z0F4J,BROADVIEW AVE btwn TILLBURY AVE & WELLESLEY AVE (__3Z0F4J),45.378869,-75.755516,4260
2023,__33D5WA,GOLFLINKS DR btwn BENTGRASS GR & BRACEWOOD WAY (__33D5WA),45.257692,-75.723906,2029
2023,__3Z0EVJ,HOLMWOOD AVE btwn GORDON ST & TORRINGTON PL (__3Z0EVJ),45.3966,-75.694409,1180
2023,__3ZAIFZ,OLD COLONY RD btwn COURTNEY RD & ROTHESAY DR (__3ZAIFZ),45.29033,-75.876332,570
2023,__3Z0CLA,RENAUD RD btwn SADDLERIDGE DR & PAGE RD (__3Z0CLA),45.429169,-75.51846,8659
2023,__3Z08IA,COLONEL BY DR btwn ROSEDALE AVE & ECHO DR (__3Z08IA),45.395774,-75.687603,10468
2023,__3Z0C9D,TAWNEY RD btwn BALHARRIE AVE & MAYWOOD ST (__3Z0C9D),45.396712,-75.619509,838
2023,__3Z0C8B,TAWNEY RD btwn DWIGHT CRES & DWIGHT CRES (__3Z0C8B),45.395711,-75.616981,443
2023,__3Z07HA,BLOOMINGTON ST btwn ST. BERNARD ST & VICTORIA HEIGHTS CRES (__3Z07HA),45.350811,-75.626408,87
2023,__3Z0G5N,POPLAR ST btwn ROCHESTER ST & BOOTH ST (__3Z0G5N),45.407509,-75.710195,435
2023,__3Z0BA7,AMIENS ST btwn MARIETTE ST & QUEENSWOOD CRES (__3Z0BA7),45.472286,-75.505804,2841
2023,__3Z0G5X,INVERNESS AVE btwn GOODWIN AVE & NORMANDY CRES (__3Z0G5X),45.358937,-75.712671,940
2023,__3Z0C78,JOLIFFE ST btwn TUPPER AVE & MELFORT ST (__3Z0C78),45.394026,-75.613456,323
2023,__3ZAH7F,TOMPKINS ST btwn SHELDON AVE & TOBIN AVE (__3ZAH7F),45.346126,-75.780626,235
2023,__3ZAH1V,LOCKHART AVE btwn PRINCE CHARLES RD & NEEPAWA AVE (__3ZAH1V),45.375986,-75.771801,661
2023,__3ZAI6C,KAKULU RD btwn VANSTONE DR & BARROW CRES (__3ZAI6C),45.310035,-75.886629,2482
2023,__3Z0B6Y,FORTUNE DR btwn STE. THERESE LANE & ST. DUNSTANS PL (__3Z0B6Y),45.472482,-75.539858,1662
2023,__3Z0A6S,QUEEN VICTORIA ST btwn CRICHTON ST & AVON LANE (__3Z0A6S),45.441417,-75.687956,268
2023,__3Z09R5,RIVERSIDE DR btwn BAYPORT PRIV & MOONEY'S BAY PL (__3Z09R5),45.365504,-75.688902,26925
2023,__3Z0F6I,SHILLINGTON AVE btwn PANET ST & SILVER ST (__3Z0F6I),45.379513,-75.73125,2606
2023,__3Z0D7B,BESSERER ST btwn CUMBERLAND ST & KING EDWARD AVE (__3Z0D7B),45.427725,-75.686144,1877
2023,__54PK4I,SHORELINE DR btwn WILD SHORE CRES & SUGAR MAPLE DR (__54PK4I),45.274001,-75.696183,520
2023,__3Z07MP,BAYVIEW DR btwn RITCHIE AVE & SPINNAKER WAY (__3Z07MP),45.499495,-76.103579,566
2023,__3Z08J0,QUEEN ELIZABETH DRWY EB btwn TORRINGTON PL & QUEEN ELIZABETH DRWY SPLIT (__3Z08J0),45.394232,-75.694481,7394
2023,__3Z0EMG,RIVIERA DR btwn APPLE TREE LANE & CHELSEA DR (__3Z0EMG),45.447165,-75.647322,303
2023,__3Z0D2H,MORIN ST btwn ST. LAURENT BLVD & COTE ST (__3Z0D2H),45.438119,-75.646378,589
2023,__3ZAH03,FOXFIELD DR btwn FALK AVE & HENFIELD AVE (__3ZAH03),45.284023,-75.751602,2669
2023,__3ZAH9O,COBDEN RD btwn BADGER CRES & BADGER CRES (__3ZAH9O),45.349707,-75.776504,2337
2023,__3Z07MK,FOXVIEW PL btwn BRUNEL ST & MONTREAL RD (__3Z07MK),45.448346,-75.630389,263
2023,__3Z07AA,GEORGE-ETIENNE CARTIER PKWY btwn AVIATION PKWY RAMPS & BIRCH AVE EXT/GEORGE-ETIENNE CARTIER PKWY  RAMP (__3Z07AA),45.459678,-75.656769,10584
2023,__8XJQEH,GEORGE-ETIENNE CARTIER PKWY btwn ACACIA AVE & HILLSDALE RD (__8XJQEH),45.456469,-75.67846,11124
2023,__3ATF8M,DEN HAAG DR btwn BOREALIS CRES & DES PIONNIERS PRIV (__3ATF8M),45.439963,-75.630535,1890
2023,__8JUUWZ,GEORGE-ETIENNE CARTIER PKWY btwn HILLSDALE RD & BIRCH AVE EXT/GEORGE-ETIENNE PKWY (__8JUUWZ),45.457408,-75.669253,10584
2023,__3Z0E7R,LISGAR ST btwn ELGIN ST & CARTIER ST (__3Z0E7R),45.419604,-75.690485,1352
2023,__3Z00FT,WILTON CRES btwn OAKLAND AVE & MONK ST (__3Z00FT),45.397164,-75.686908,554
2023,e___2HQ9,QUEEN ELIZABETH DRWY btwn FIFTH AVE & PRINCESS PATRICIA WAY (e___2HQ9),45.402805,-75.681211,7746
2023,__3Z0EH3,CORONATION AVE btwn CHOMLEY CRES & WEYBURN ST (__3Z0EH3),45.410353,-75.644354,2491
2023,__3Z0AWO,HOLITMAN DR btwn THARE CRES & FOXFIELD DR (__3Z0AWO),45.290534,-75.747647,744
2023,__3Z07FJ,STEEPLE CHASE DR btwn CLYDESDALE AVE & SPRINGWATER DR (__3Z07FJ),45.296057,-75.860673,3407
2023,__3Z08GF,LAURIER AVE btwn BLACKBURN AVE & GOULBURN AVE (__3Z08GF),45.427909,-75.676723,5680
2023,__3Z0D6D,CRICHTON ST btwn UNION ST & QUEEN VICTORIA ST (__3Z0D6D),45.441437,-75.688959,2010
2023,__3Z08QL,BANK ST btwn MASON ST & MEADOW DR (__3Z08QL),45.271818,-75.565733,10771
2023,__3Z0DQQ,LOLA ST btwn COLUMBUS AVE & GLYNN AVE (__3Z0DQQ),45.426825,-75.652594,3140
2023,__3Z0GV1,IROQUOIS RD btwn CARLING AVE & LENESTER AVE (__3Z0GV1),45.370322,-75.766461,752
2023,__3Z0D5M,MACKAY ST btwn IVY CRES & VAUGHAN ST (__3Z0D5M),45.43981,-75.679012,3380
2023,__37ZO6N,CALAVERAS AVE btwn PLUMAS GT & PALMADEO DR (__37ZO6N),45.279897,-75.73365,526
2023,__3ZAH7L,MORRISON DR btwn CONSUL AVE & HICKSON CRES (__3ZAH7L),45.34391,-75.797375,1548
2023,__3Z00NR,KNOXDALE RD btwn SKIPTON RD & CREMONA CRES (__3Z00NR),45.327927,-75.767359,4385
2023,__3Z0DPX,QUEEN MARY ST btwn ISIDORE ST & BERNARD ST (__3Z0DPX),45.425784,-75.643862,1708
2023,__3Z0897,MAIN ST btwn ELLIOT AVE & CENTENNIAL BLVD (__3Z0897),45.402026,-75.673983,16100
2023,__3Z0CCX,NASKAPI DR btwn LUDGATE CRT & MARQUIS AVE (__3Z0CCX),45.449158,-75.602362,1319
2023,__3Z0AE3,FAUBERT ST btwn SPARKLE ST & OLD MONTREAL RD (__3Z0AE3),45.51782,-75.405655,1208
2023,__3Z0GXP,SHERBOURNE RD btwn COURTENAY AVE & WINDERMERE AVE (__3Z0GXP),45.377149,-75.762745,2464
2023,__3ZAHCV,RIDGEFIELD CRES btwn ELMSLEY CRES & CHERRYWOOD DR (__3ZAHCV),45.317831,-75.818337,908
2023,__3Z05Z9,ASHPARK CRES btwn ASHPARK CRES & END (__3Z05Z9),45.361263,-75.63794,129
2023,__3Z05GN,FALCONCREST CRT btwn ROSSIGNOL CRES & END (__3Z05GN),45.490097,-75.497805,95
2023,__3Z0FVS,LEDBURY AVE btwn BANFF AVE & END (__3Z0FVS),45.365742,-75.655865,301
2023,__3Z0EC4,CLAREY AVE btwn BANK ST & END (__3Z0EC4),45.400938,-75.685653,261
2023,__3ZAH64,ROCKWAY CRES btwn ROCKWAY CRES & END (__3ZAH64),45.341736,-75.779067,464
2023,e___2LNW,ZINNIA WAY btwn HYDRANGEA AVE & NUMA WAY (e___2LNW),45.256555,-75.693874,160
2023,__3ZAIO6,REGINA ST btwn LINCOLN HEIGHTS RD & ASSALY RD (__3ZAIO6),45.367442,-75.787857,551
2023,__3Z00VU,BLOHM DR btwn JOHNSTON RD & SAI CRES (__3Z00VU),45.375129,-75.607771,3242
2023,__3Z08JN,GEORGE-ETIENNE CARTIER PKWY btwn GL/OO BOUNDARY & ST. JOSEPH BLVD (__3Z08JN),45.466212,-75.58668,5566
2023,__3ZAHOI,AERO DR btwn FAIRFIELD ST & INKSTER ST (__3ZAHOI),45.344996,-75.819325,380
2023,__3Z08TC,BEARBROOK RD btwn Continuation of BEARBROOK RD & WESTPARK DR (__3Z08TC),45.445386,-75.576681,7721
2023,__3ZAH4H,ASHGROVE CRES btwn LINDHURST CRES & MOORCROFT RD (__3ZAH4H),45.336254,-75.777108,743
2023,__4V3I7S,AQUAVIEW DR btwn LAVOIE ST & SCHUBERT CIR (__4V3I7S),45.457815,-75.470876,1474
2023,__3Z0EWI,MADAWASKA DR btwn DOW'S LAKE RD & BRONSON AVE (__3Z0EWI),45.39813,-75.699435,612
2023,__3Z0085,RIDEAU TERR btwn NOEL ST & DURHAM PRIV (__3Z0085),45.444001,-75.679371,900
2023,__3Z0AJ3,KNUDSON DR btwn SHERK CRES & MORENZ TERR (__3Z0AJ3),45.318744,-75.903251,2451
2023,__3Z0EW4,FOURTH AVE btwn BRONSON AVE & CHRYSLER ST (__3Z0EW4),45.398698,-75.696906,733
2023,__3Z0GR6,CENTREPOINTE DR btwn MAPLE VIEW CRES & PINETRAIL CRES (__3Z0GR6),45.338541,-75.762395,3168
2023,__3Z00U5,ASHPARK CRES btwn ASHPARK CRES & CAHILL DR S/ROSEGARDEN CRES (__3Z00U5),45.360234,-75.637698,250
2023,__3Z0C1K,MARCHAND ST btwn PARISIEN ST & KENASTON ST (__3Z0C1K),45.418479,-75.626384,843
2023,__3Z0EFT,PERCY ST btwn GLENDALE AVE & RENFREW AVE (__3Z0EFT),45.404857,-75.697716,807
2023,__3Z07N5,WINCANTON DR btwn LAWLER CRES & LAWLER CRES (__3Z07N5),45.489978,-75.500959,131
2023,__3Z0AIW,CENTREPOINTE DR btwn PALISADE ST & DALECROFT CRES (__3Z0AIW),45.337917,-75.767681,2632
2023,__3EX1OY,SCOUT ST btwn JENSCOTT PRIV & NIKI WAY (__3EX1OY),45.364608,-75.739066,418
2023,__3Z0AKL,CHARLEMAGNE BLVD btwn ORCHARDVIEW AVE & BOTTRIELL WAY (__3Z0AKL),45.469301,-75.483439,6179
2023,__3Z08UP,JEANNE D'ARC BLVD btwn WOODCLIFFE PRIV & HENRI LAUZON ST (__3Z08UP),45.461637,-75.534145,17907
2023,__51MDZT,VALIN ST btwn WINSOME TERR & PROVENCE AVE (__51MDZT),45.471717,-75.461936,3633
2023,__3Z0EKZ,MACKAY ST btwn THOMAS ST & CHARLES ST (__3Z0EKZ),45.443339,-75.691284,1615
2023,__3Z08XX,WALKLEY RD btwn HARDING RD & HALIFAX DR (__3Z08XX),45.386312,-75.623997,26742
2023,__8OJCMX,CAMBRIAN RD btwn REGATTA AVE & GREENBANK RD (__8OJCMX),45.251985,-75.738754,11668
2023,__3Z09CP,KIRKWOOD AVE btwn IONA ST & CLARE ST (__3Z09CP),45.389936,-75.743553,8542
2023,__3Z05XX,CENTRAL PARK DR btwn STATEN WAY & CEDAR PARK ST (__3Z05XX),45.368027,-75.737612,1541
2023,__3Z0ERG,BELMONT AVE btwn WILLARD ST & FAIRBAIRN ST (__3Z0ERG),45.393379,-75.681198,1058
2023,__3Z08XA,MARCH RD btwn KLONDIKE RD & MORGAN'S GRANT WAY (__3Z08XA),45.352242,-75.928937,16566
2023,__3ZAHXZ,JOCKVALE RD btwn WEYBRIDGE DR & TARTAN DR (__3ZAHXZ),45.272259,-75.759226,11385
2023,__3Z089D,MAIN ST btwn MASON TERR & RIVERDALE AVE (__3Z089D),45.403255,-75.674666,13388
2023,__3Z0EDV,RIVERDALE AVE btwn GLENVIEW AVE & MAIN ST (__3Z0EDV),45.402298,-75.675153,4768
2023,__3Z061K,MELFORT ST btwn JOLIFFE ST & HOWLAND AVE (__3Z061K),45.393896,-75.611881,310
2023,__3ZAJXU,OLD SECOND LINE RD btwn THOMAS A. DOLAN PKWY & MURPHY SIDE RD (__3ZAJXU),45.399421,-76.017974,986
2023,__68NB4A,RENAUD RD btwn PERCIFOR WAY & SADDLERIDGE DR (__68NB4A),45.427381,-75.522666,7018
2023,__3ZAHFR,MCCLELLAN RD btwn RIVERBROOK RD & CAMWOOD CRES (__3ZAHFR),45.325365,-75.785987,2680
2023,__3Z0C6L,FOLEY AVE btwn DAKOTA AVE & ST. LAURENT BLVD (__3Z0C6L),45.390131,-75.619156,783
2023,__4CZRVF,CRESTWAY DR btwn WATERBRIDGE DR & OLDFIELD ST (__4CZRVF),45.283671,-75.712714,3461
2023,__3Z0DAA,PLAYFAIR DR btwn BEATTIE AVE & DELMAR DR (__3Z0DAA),45.390908,-75.642486,713
2023,__3Z07N0,LAWLER CRES btwn WINCANTON DR & WINCANTON DR (__3Z07N0),45.489201,-75.500717,123
2023,__3Z0BAF,MERKLEY DR btwn WILKIE DR W & APOLLO WAY (__3Z0BAF),45.473747,-75.486723,2323
2023,__3Z08ZH,HAWTHORNE AVE btwn COLONEL BY DR & MAIN ST (__3Z08ZH),45.412234,-75.681443,8983
2023,__3Z0DXU,BIRCH AVE btwn POND ST & FARNHAM CRES (__3Z0DXU),45.452707,-75.663043,1130
2023,__3Z09NL,BAYVIEW RD btwn O'MEARA ST & ARMSTRONG ST (__3Z09NL),45.407508,-75.722624,4447
2023,__3Z0FG7,REID AVE btwn ORRIN AVE & KENILWORTH ST (__3Z0FG7),45.396082,-75.721874,318
2023,__3Z0FN8,VAN VLIET RD btwn BRANDYWINE CRT & HEENAN TERR (__3Z0FN8),45.22743,-75.677371,548
2023,__3Z08UB,ANDERSON RD btwn PIPERVILLE RD & THUNDER RD (__3Z08UB),45.334095,-75.519294,2486
2023,__3Z0FRR,PLANTE DR btwn AVOCADO ST & MINA LANE (__3Z0FRR),45.357012,-75.663441,496
2023,__3Z0EAI,ALTA VISTA DR btwn AYERS AVE & RIDGEMONT AVE (__3Z0EAI),45.375468,-75.660824,7188
2023,__3Z0AIT,CENTREPOINTE DR btwn DALECROFT CRES & ARBORDALE CRES (__3Z0AIT),45.338013,-75.763949,2966
2023,__49MBX6,VALIN ST btwn JERSEY ST & LIBERTY WAY (__49MBX6),45.473588,-75.46653,4496
2023,__6XCRDH,ALBION RD btwn ALADDIN LANE & MAPLE KEY PRIV (__6XCRDH),45.339548,-75.63482,6281
2023,__8IAYQ6,ROB LYTLE'S LANE btwn COUNTRY MEADOW DR & MARCH RD (__8IAYQ6),45.311013,-76.064171,265
2023,__3ZAIVK,PIETY HILL WAY btwn DANBY CRT & GOODFELLOW CRT (__3ZAIVK),45.263342,-75.822079,194
2023,__3Z0DZD,LACASSE AVE btwn LEVIS AVE & PATTON ST (__3Z0DZD),45.436231,-75.657004,832
2023,__3Z0EL8,LISGAR RD btwn PRINCESS AVE & MAPLE LANE (__3Z0EL8),45.445571,-75.68239,2117
2023,__67PTM7,WHITE ALDER AVE btwn WIDGEON WAY & FLAT SEDGE CRES (__67PTM7),45.32217,-75.601986,885
2023,__3Z0G9X,FARLANE BLVD btwn ELEANOR DR & WALLFORD WAY (__3Z0G9X),45.364034,-75.724353,1128
2023,__3Z0GA5,DYNES RD btwn ARNOT RD & CLAYMOR AVE (__3Z0GA5),45.367819,-75.710151,2278
2023,__3Z0G9T,CLINE CRES btwn WHITMORE AVE & SHERMAN DR (__3Z0G9T),45.363262,-75.756685,122
2023,__45KOYD,APPLEFORD ST btwn MILLGREEN CRES & MILLGREEN CRES (__45KOYD),45.440349,-75.604716,1276
2023,__3ZAIKZ,SEVERN AVE btwn ARKELL ST & CONNAUGHT AVE (__3ZAIKZ),45.356897,-75.7828,569
2023,__3ZAHLO,SAVILLE ROW btwn BLACK FRIARS RD & SHERBOURNE RD (__3ZAHLO),45.377657,-75.768169,2554
2023,__3Z00OT,DWYER HILL RD btwn PADEN RD & DONNELLY DR (__3Z00OT),44.988897,-75.80617,1111
2023,__3Z08DV,HUNT CLUB RD btwn LORRY GREENBERG DR & PIKE ST (__3Z08DV),45.361076,-75.62864,24507
2023,__3Z0DHR,BOLTON ST btwn PARENT AVE & DALHOUSIE ST (__3Z0DHR),45.433752,-75.696488,667
2023,__3ZAH7K,BRIAN CRES btwn NANAIMO DR & BEAUMARIS DR (__3ZAH7K),45.343375,-75.799259,789
2023,__3Z0C74,JOLIFFE ST btwn AUDREY AVE & TAWNEY RD (__3Z0C74),45.392962,-75.616796,564
2023,__3Z00OW,MOODIE DR btwn HWY417 IC134 RAMP53 & TIMM DR (__3Z00OW),45.331343,-75.838537,14098
2023,__3Z0EJH,GRANVILLE ST btwn BOUDREAU ST & GRANDMAITRE ST (__3Z0EJH),45.442595,-75.656874,594
2023,__3ZAHN4,CENTREPOINTE DR btwn HEMMINGWOOD WAY & NORWICH WAY (__3ZAHN4),45.344242,-75.773753,3989
2023,__3Z0A9D,DEERLANE AVE btwn BRISBANE RD & GREENSIDE AVE (__3Z0A9D),45.326815,-75.706625,59
2023,__3Z0GM7,BROADVIEW AVE btwn PRINCETON AVE & AVONDALE AVE (__3Z0GM7),45.3838,-75.75828,2562
2023,__3Z0DMS,NORTH RIVER RD btwn GLYNN AVE & OLGA ST (__3Z0DMS),45.42514,-75.666312,1231
2023,__3Z0DGD,CENTENNIAL BLVD btwn BULLOCK AVE & RIDEAU GARDEN DR (__3Z0DGD),45.402827,-75.670993,543
2023,__3ZAINI,BRITANNIA RD btwn CONN ST & PRISCILLA ST (__3ZAINI),45.362811,-75.794633,1680
2023,__3Z093L,DUNROBIN RD btwn PORCUPINE TRL & THOMAS A. DOLAN PKWY (__3Z093L),45.423991,-76.022835,6422
2023,__4QG7RS,WOODLAND AVE btwn LAWN AVE & HALLDON PL (__4QG7RS),45.370091,-75.775746,647
2023,__3Z0BGT,THUNDER RD btwn RAMSAYVILLE RD & ANDERSON RD (__3Z0BGT),45.321022,-75.526018,889
2023,__3Z05Z0,ASHPARK CRES btwn CAHILL DR N & ASHPARK CRES (__3Z05Z0),45.360774,-75.638665,218
2023,__3Z064S,PIERRETTE DR btwn LOCKWOOD LANE & ERNSIDE CRES E (__3Z064S),45.516286,-75.380432,161
2023,__5DXO02,PARKWAY (THE) btwn OAKES WD & CALLAGHAN PRIV (__5DXO02),45.323558,-75.897708,1679
2023,__3Z0F6H,LAROSE AVE btwn KIRKWOOD AVE & MERIVALE RD (__3Z0F6H),45.379593,-75.734556,243
2023,__3Z0BNV,PRESTWICK DR btwn SUMMERLANDS CRES & SUMMERLANDS CRES (__3Z0BNV),45.462093,-75.492534,3245
2023,__3Z0BAB,AMIENS ST btwn ST. GEORGES ST & PRESTONE DR (__3Z0BAB),45.473183,-75.502691,2286
2023,__3ZAIN5,POULIN AVE btwn DON ST & CONN ST (__3ZAIN5),45.364157,-75.792627,3503
2023,__3ZAJ3P,CONSTANCE BAY RD btwn BAIRD ST & WOODS RD (__3ZAJ3P),45.485171,-76.075085,1972
2023,__3Z0EX5,OSSINGTON AVE btwn GROSVENOR AVE & BANK ST (__3Z0EX5),45.391353,-75.682706,984
2023,__308IY4,ESPRIT DR btwn CHARDONNAY DR & AQUAVIEW DR (__308IY4),45.458528,-75.47562,3106
2023,__6NDGV5,MARAVISTA DR btwn FOSTERBROOK WAY & CEDARVIEW RD (__6NDGV5),45.27056,-75.77617,3198
2023,__3Z0D5Z,ST. CHARLES ST btwn BARRETTE ST & LAVAL ST (__3Z0D5Z),45.44027,-75.673004,692
2023,__3Z0EC0,THIRD AVE btwn PERCY ST & LYON ST (__3Z0EC0),45.401307,-75.692586,1086
2023,__3Z0B68,EDGAR-BRAULT ST btwn ST. JOSEPH BLVD & RIDGEGATE ST (__3Z0B68),45.473149,-75.518241,964
2023,__39TDB3,QUEEN ELIZABETH DRWY btwn LAURIER AVE EB OFF RAMP & SOMERSET ST (__39TDB3),45.421122,-75.687166,2760
2023,__3Z0CRF,HALIFAX DR btwn BINGHAM ST & DAKOTA AVE (__3Z0CRF),45.38879,-75.62347,4051
2023,__3ZAJ0L,WOODKILTON RD btwn KILMAURS SIDE RD & KINBURN SIDE RD (__3ZAJ0L),45.464467,-76.102194,524
2023,__3Z0BD2,CHAMPNEUF DR btwn CEDAR MILLS RD & WESTPORT CRES (__3Z0BD2),45.46384,-75.521507,422
2023,__3Z0GL6,CLEARVIEW AVE btwn LATCHFORD RD & REMIC AVE (__3Z0GL6),45.400569,-75.749907,1409
2023,__3Z09N9,BOOTH ST btwn ELM ST & SPRUCE ST (__3Z09N9),45.410475,-75.71116,3852
2023,__3Z00SU,SEYTON DR btwn WESTCLIFFE RD & FLORIZEL AVE (__3Z00SU),45.315406,-75.837046,1419
2023,__3Z0GC3,GLENRIDGE RD btwn SPRING GARDEN AVE & WOLMSLEY CRES (__3Z0GC3),45.343981,-75.733848,748
2023,__3Z09ZE,MARCH RD btwn SOLANDT RD & STATION RD (__3Z09ZE),45.34074,-75.914346,26920
2023,__3Z09ZF,MARCH RD btwn TERRY FOX DR & SOLANDT RD (__3Z09ZF),45.345939,-75.920927,21785
2023,__4RPCLF,SCALA AVE btwn LICHEN AVE & ST. BRUNO ST (__4RPCLF),45.46256,-75.472798,1495
2023,__3Z0G0H,CAMEO DR btwn GREYROCK CRES & CASTLE HILL CRES (__3Z0G0H),45.364828,-75.74294,571
2023,__3Z08JZ,QUEEN ELIZABETH DRWY btwn CRESCENT HTS & LAKESIDE AVE (__3Z08JZ),45.396043,-75.700299,6892
2023,__3Z0AGO,QUEENSBURY DR btwn GRENADIER WAY & DOULTON GT (__3Z0AGO),45.283377,-75.726747,2626
2023,__3Z00AY,WALDEN DR btwn BURGER GT & SLADE CRES (__3Z00AY),45.328589,-75.917673,1417
2023,__3Z0CSQ,MAXIME ST btwn EUGENE ST & MEADOWBROOK RD (__3Z0CSQ),45.426522,-75.610065,416
2023,__3Z0G97,AGINCOURT RD btwn ALBANY DR & MAITLAND AVE (__3Z0G97),45.365354,-75.752774,1321
2023,__3ZAHHP,CORDOVA ST btwn LOTTA AVE & DE LA COTE-DES-NEIGES RD (__3ZAHHP),45.353819,-75.746717,1840
2023,__3Z0D1D,DESCHAMPS AVE btwn EMOND ST & HANNAH ST (__3Z0D1D),45.436724,-75.665003,2583
2023,__3Z05YO,STONEHAVEN DR btwn GRASSY PLAINS DR & SUMMITVIEW DR (__3Z05YO),45.28084,-75.842595,8995
2023,__3Z0ECX,FOURTH AVE btwn PERCY ST & LYON ST (__3Z0ECX),45.400673,-75.692049,1089
2023,__3Z0E4H,KILBORN AVE btwn OLD LILAC LANE & CROCUS AVE (__3Z0E4H),45.386491,-75.664463,3836
2023,__3Z0566,PARKWAY RD btwn ERBMILL LANE & MILES CRES (__3Z0566),45.283849,-75.510036,1125
2023,__3Z0GIQ,FAIRMONT AVE btwn HEREFORD PL & WOODSTOCK ST (__3Z0GIQ),45.397555,-75.719264,1820
2023,__3Z0GW7,CLYDE AVE btwn DOHENY ST & DOBBIE ST (__3Z0GW7),45.377125,-75.748965,8085
2023,__3Z05BK,JOHN QUINN RD btwn PARKWAY RD & IVESON DR (__3Z05BK),45.273378,-75.520978,2333
2023,__3ZAIUR,CRAIG HENRY DR btwn MARKHAM AVE & CONOVER ST (__3ZAIUR),45.33229,-75.772412,3137
2023,__3Z0ADH,SAND RD btwn RUSSELL RD & DEVINE RD (__3Z0ADH),45.353051,-75.389919,194
2023,__3Z0GWS,TRENTON AVE btwn PRINCE ST & SILVER ST (__3Z0GWS),45.376123,-75.729223,618
2023,__589XKP,MEANDERING BROOK DR btwn EMERALD POND PRIV & STEDMAN ST (__589XKP),45.342859,-75.628422,577
2023,__8JUTDG,REGATTA AVE btwn BRAMBLING WAY & EGRET WAY (__8JUTDG),45.24896,-75.736664,280
2023,__3ZAIJ8,NEVILLE ST btwn CLARENDA ST & KELLY AVE (__3ZAIJ8),45.354853,-75.789355,1041
2023,__3Z08KK,QUEEN ELIZABETH DRWY btwn MONKLAND AVE & LINDEN TERR (__3Z08KK),45.409095,-75.682292,8302
2023,__3Z080Q,BANK ST btwn PATTERSON AVE & POWELL AVE (__3Z080Q),45.406759,-75.690508,12836
2023,__3Z074U,BASELINE RD btwn MCWATTERS RD & ROCKWAY CRES (__3Z074U),45.343009,-75.783066,23361
2023,__3Z0EJS,JOHN ST btwn THOMAS ST & CHARLES ST (__3Z0EJS),45.442027,-75.692114,1041
2023,__3Z07O3,PORTOBELLO BLVD btwn GARDENWAY DR & NESTING WAY (__3Z07O3),45.470132,-75.468538,7272
2023,__3Z0GJ0,ADELINE ST btwn NORFOLK AVE & ROCHESTER ST (__3Z0GJ0),45.399106,-75.706858,944
2023,__3Z0GIC,TYNDALL ST btwn HINTON AVE & HAMILTON AVE (__3Z0GIC),45.398023,-75.729163,2922
2023,__3Z0GTT,ARGUE DR btwn SEYMOUR AVE & LEONA AVE (__3Z0GTT),45.353486,-75.716337,296
2023,__3Z0ANL,GARDENWAY DR btwn NORTHLANDS DR & SATURN CRES (__3Z0ANL),45.468718,-75.473894,2089
2023,__3Z0FB6,ANDERSON ST btwn ROCHESTER ST & BOOTH ST (__3Z0FB6),45.408106,-75.710587,144
2023,__3Z0FIX,HAZEL ST btwn DRUMMOND ST & GLENORA ST (__3Z0FIX),45.408153,-75.679119,465
2023,__3Z0DP4,LOLA ST btwn GLYNN AVE & KING GEORGE ST (__3Z0DP4),45.426145,-75.652502,3302
2023,__3Z00PX,ROBERTSON RD btwn HAANEL DR & MILL HILL RD (__3Z00PX),45.314309,-75.851876,16244
2023,__3Z0D39,MONTFORT ST btwn PARK ST & BRADLEY AVE (__3Z0D39),45.438862,-75.661348,1516
2023,__3Z0ECL,PAUL ANKA DR btwn SAMPLE RD & SAMPLE RD (__3Z0ECL),45.345679,-75.674102,1834
2023,__3Z08F3,CHARLOTTE ST btwn WILBROD ST & LAURIER AVE (__3Z08F3),45.4298,-75.673794,7385
2023,__3Z09L3,GLADSTONE AVE btwn BREEZEHILL AVE & LORETTA AVE (__3Z09L3),45.40315,-75.716339,5424
2023,__3Z0BAE,AMIENS ST btwn PRESTONE DR & PRESTWICK DR (__3Z0BAE),45.473054,-75.500079,2291
2023,__3Z0C2V,NASKAPI DR btwn BEACONWOOD DR & BEACONWOOD DR (__3Z0C2V),45.448296,-75.596897,2143
2023,__3ZAHJ9,CRAIG HENRY DR btwn BERTONA ST & SOVEREIGN AVE (__3ZAHJ9),45.335111,-75.760103,3564
2023,__3ZAH8U,RYAN DR btwn TOMPKINS ST & SODERLIND ST (__3ZAH8U),45.347477,-75.78051,940
2023,__3Z0GBE,VIEWMOUNT DR btwn FIELDROW ST & DONLAND AVE (__3Z0GBE),45.342028,-75.745293,3263
2023,__3Z0B8Q,MERKLEY DR btwn MATHIEU WAY & CARRIGAN DR (__3Z0B8Q),45.474807,-75.480221,2701
2023,__3Z0GZB,BAYSWATER AVE btwn LAUREL ST & GLADSTONE AVE (__3Z0GZB),45.403529,-75.718804,3495
2023,__3Z0GZA,LEBRETON ST btwn DANIEL MCCANN ST & PLYMOUTH ST (__3Z0GZA),45.402775,-75.705058,910
2023,__3Z0DL0,COLONEL BY DR btwn DALY AVE/MACKENZIE AVE & MAIN ST (__3Z0DL0),45.421013,-75.6842,11165
2023,__3Z08J5,QUEEN ELIZABETH DRWY btwn DELAWARE AVE & FRANK ST (__3Z08J5),45.417028,-75.681749,4171
2023,__6REWPD,DUNSTON TERR btwn RYWALK CIR & HUNT CLUB RD (__6REWPD),45.357044,-75.639828,365
2023,__3Z09HF,CHARLOTTE ST btwn BESSERER ST & DALY AVE (__3Z09HF),45.431784,-75.675472,7910
2023,__3Z0D5R,MARIER AVE btwn STE. MONIQUE ST & DES PERES BLANCS AVE (__3Z0D5R),45.440242,-75.666671,3378
2023,__5WHGXP,KENNEVALE DR btwn AMAR LANE & LAMPLIGHTERS DR (__5WHGXP),45.265894,-75.774142,2865
2023,__3ZAHC8,RIDGEFIELD CRES btwn EVERGREEN DR & CHERRYWOOD DR (__3ZAHC8),45.319576,-75.819106,1559
2023,__3Z0EN6,ROXBOROUGH AVE btwn ACACIA AVE & JULIANA RD (__3Z0EN6),45.448234,-75.672402,91
2023,__3Z0D25,MARIER AVE btwn ETHEL ST & CARILLON ST (__3Z0D25),45.43785,-75.66259,2035
2023,e___2IN3,SWEETVALLEY DR btwn BROADLEAF ST & TENTH LINE RD (e___2IN3),45.44463,-75.480209,2108
2023,__3Z08JQ,GEORGE-ETIENNE CARTIER PKWY btwn LISGAR RD & ACACIA AVE (__3Z08JQ),45.455697,-75.685336,11143
2023,__3Z00NL,GIBBARD AVE btwn GREENBANK RD & ATKINSON GT (__3Z00NL),45.324169,-75.776145,2315
2023,__3Z0A0K,PROMENADE AVE btwn GREENSIDE AVE & BLAZER AVE (__3Z0A0K),45.328517,-75.703864,377
2023,__3Z0GDI,DAVID DR btwn HOWDEN AVE & SULLIVAN AVE (__3Z0GDI),45.344648,-75.75504,1206
2023,__3ZAH4D,ASHGROVE CRES btwn CARLAW AVE & GLENBROOK WAY (__3ZAH4D),45.338478,-75.776399,252
2023,__3Z087N,MONTREAL RD btwn DE L'EGLISE ST & ST. LAURENT BLVD (__3Z087N),45.440295,-75.64931,15176
2023,__3Z0EV9,SOUTHERN DR btwn RIVERDALE AVE & BRISTOL AVE (__3Z0EV9),45.397257,-75.678124,165
2023,__3Z0GLB,SMIRLE AVE btwn SCOTT ST & SPENCER ST (__3Z0GLB),45.40161,-75.736855,289
2023,__3Z09LT,GLADSTONE AVE btwn SPADINA AVE & BAYSWATER AVE (__3Z09LT),45.402384,-75.718844,3015
2023,__3Z0E6E,CARTIER ST btwn SOMERSET ST & MACLAREN ST (__3Z0E6E),45.418332,-75.68814,2214
2023,__3Z0EB0,GILLESPIE CRES btwn WELBY CRT & BUCKINGHAM PRIV (__3Z0EB0),45.344377,-75.689004,434
2023,__3Z08FM,OSGOODE MAIN ST btwn VANCE ST & LOGAN FARM DR (__3Z08FM),45.147756,-75.602979,3232
2023,__3Z0EQ7,AYLMER AVE btwn FULTON AVE & CARLYLE AVE (__3Z0EQ7),45.392032,-75.692756,597
2023,__3Z0AAG,MCTEER RD btwn REGIONAL ROAD 174 & CANAAN RD (__3Z0AAG),45.523645,-75.340972,37
2023,__3ZAHOM,CENTREPOINTE DR btwn CONSTELLATION DR & HEMMINGWOOD WAY (__3ZAHOM),45.347206,-75.767247,6642
2023,__6REWQH,MARITIME WAY btwn KANATA AVE & GREAT LAKES AVE (__6REWQH),45.313111,-75.903583,2607
2023,__3Z0BP2,THUNDER RD btwn FARMERS WAY & HALL RD (__3Z0BP2),45.339035,-75.481176,743
2023,__3Z0FM9,EASTMAN AVE btwn GADDIS CRT & POTTER DR (__3Z0FM9),45.221223,-75.680649,1006
2023,__3Z065J,SIMARD DR btwn CHAPEL PARK PRIV & BROUSSEAU CRES (__3Z065J),45.451906,-75.520339,466
2023,__3Z0FGN,HARMER AVE btwn JAVA ST & IONA ST (__3Z0FGN),45.395588,-75.731745,527
2023,__3ZAHNT,CENTREPOINTE DR btwn SUMMERWALK PL & MARBLE ARCH CRES (__3ZAHNT),45.340393,-75.772252,2949
2023,__3Z08QN,BANK ST btwn MITCH OWENS RD & MARCO ST (__3Z08QN),45.277838,-75.568849,12663
2023,__3Z074T,RICHMOND RD btwn JOHN SUTHERLAND DR & HOLLY ACRES RD (__3Z074T),45.339877,-75.809371,20243
2023,__3Z0DBF,BLASDELL AVE btwn CAMELIA AVE & WINGHAM PL (__3Z0DBF),45.453786,-75.652446,514
2023,__6REWSX,MONTMORENCY WAY btwn VIENNA TERR N & SPARKMAN AVE (__6REWSX),45.447873,-75.478412,332
2023,__3Z09GY,GALETTA SIDE RD btwn DARWIN ST & TYNDAL ST (__3Z09GY),45.424078,-76.257192,2512
2023,__3ZAH56,BEAUMARIS DR btwn ESQUIMAULT AVE & DRAPER PL (__3ZAH56),45.339974,-75.797974,480
2023,__3Z0GWE,LAPERRIERE AVE btwn CHURCHILL AVE & MCBRIDE ST (__3Z0GWE),45.377149,-75.744057,8324
2023,__3Z0A9P,TENNYSON ST btwn MAYO AVE & SILVERWOOD RD (__3Z0A9P),45.324326,-75.709237,767
2023,__3Z06RE,MANN AVE btwn SENTIER PRIV & CHAPEL ST (__3Z06RE),45.420706,-75.673107,4881
2023,__3Z08HE,ROCKDALE RD btwn BUCKLAND RD & ALCIDE AVE (__3Z08HE),45.354933,-75.352339,2631
2023,__6REWRB,MONTMORENCY WAY btwn SPARKMAN AVE & BRANTHAVEN ST (__6REWRB),45.448158,-75.477505,655
2023,__3Z06G1,MOUNTSHANNON DR btwn JAMES LONG CRT & ORISKA WAY (__3Z06G1),45.291869,-75.737575,3578
2023,__6NGPQU,BANDELIER WAY btwn OVERLAND DR & STITTSVILLE MAIN ST (__6NGPQU),45.273422,-75.932704,932
2023,__3Z088K,KING EDWARD AVE btwn MARIE CURIE PRIV & TEMPLETON ST (__3Z088K),45.421296,-75.679529,17181
2023,__3Z0C1B,BLAIR RD btwn NICOL ST & MONTREAL RD (__3Z0C1B),45.447494,-75.615684,2983
2023,__3Z054H,GEORGE-ETIENNE CARTIER PKWY btwn LISGAR RD & BUENA VISTA RD (__3Z054H),45.452279,-75.687797,9365
2023,__4V3IBN,AQUAVIEW DR btwn SERRANO ST & LAKEPOINTE DR (__4V3IBN),45.455194,-75.482254,3191
2023,__67PTNP,WHITE ALDER AVE btwn MANGROVE CRES & BULRUSH CRES (__67PTNP),45.319882,-75.60612,1166
2023,__3ZAJJX,HOBIN ST btwn BELTON AVE & KINTAIL CRT (__3ZAJJX),45.266071,-75.932794,1828
2023,__3Z0ELD,MAPLE LANE btwn MINTO PL & HOWICK ST (__3Z0ELD),45.445602,-75.681133,1149
2023,__3Z09AG,FAIRLAWN AVE btwn FOX CRES & ESTERLAWN PRIV (__3Z09AG),45.368351,-75.769797,2857
2023,__3Z0GSR,CENTREPOINTE DR btwn HEMMINGWOOD WAY & CONSTELLATION DR (__3Z0GSR),45.346043,-75.765578,7403
2023,__3Z0EHT,BOTSFORD ST btwn SHELLEY AVE & CHADBURN AVE (__3Z0EHT),45.407841,-75.639537,588
2023,__3ZAHMC,VALLEY STREAM DR btwn SHADOW CRT & SANDCASTLE DR (__3ZAHMC),45.332944,-75.801586,733
2023,__3Z0EZQ,TEMPLETON ST btwn BLACKBURN AVE & GOULBURN AVE (__3Z0EZQ),45.423139,-75.67266,649
2023,__3Z0DK0,NIXON DR btwn CABIN RD & TAYLOR WAY (__3Z0DK0),45.147213,-75.618659,3362
2023,__6XCEY6,CAHILL DR btwn ROSEGARDEN CRES & SOLERA CIR (__6XCEY6),45.359322,-75.638513,2103
2023,__3Z07A0,GEORGE-ETIENNE CARTIER PKWY btwn AVIATION PKWY RAMPS & POLARIS AVE (__3Z07A0),45.458253,-75.637899,5555
2023,__3ZAHJB,CRAIG HENRY DR btwn ALDRIDGE WAY & JACK AARON DR (__3ZAHJB),45.334427,-75.767746,2441
2023,__3Z0GBB,VIEWMOUNT DR btwn GLENMANOR DR & GLENRIDGE RD (__3Z0GBB),45.342159,-75.733878,4487
2023,__3Z0EWQ,WOODLAWN AVE btwn WILTON LANE & MONK ST (__3Z0EWQ),45.398447,-75.687837,263
2023,__3Z0EW5,RIVERDALE AVE btwn ECHO DR & GLENVIEW AVE (__3Z0EW5),45.400069,-75.677243,4904
2023,__3Z0C0Y,OTHELLO AVE btwn WINGATE DR & CHAPMAN BLVD (__3Z0C0Y),45.398436,-75.625012,3620
2023,__3Z073I,RIDEAU RIVER DR btwn BELMONT AVE & FENTIMAN AVE (__3Z073I),45.396341,-75.6741,133
2023,__3Z0C1I,STAR TOP RD btwn CYRVILLE RD & ALGOMA RD (__3Z0C1I),45.418783,-75.617471,4247
2023,__3Z05VU,SEYTON DR btwn HAMMILL CRT & HAMMILL CRT (__3Z05VU),45.317411,-75.836247,1000
2023,__3Z0AMC,LONGLEAF DR btwn MONTCLAIR AVE & GLADEWOODS PL (__3Z0AMC),45.440697,-75.531324,1661
2023,__49PV6L,HALTON TERR btwn EDGEMOORE CRES & MUSKEGO CRES (__49PV6L),45.353831,-75.942806,1471
2023,__3ZAIFF,JOHNWOODS ST btwn JOSEPH CIR & HAZELDEAN RD (__3ZAIFF),45.278043,-75.92271,2935
2023,__3Z0D5N,VAUGHAN ST btwn MACKAY ST & BERTRAND ST (__3Z0D5N),45.440308,-75.678273,576
2023,__3Z0AVT,BENLEA DR btwn CARDIGAN DR & BRYDON CRT (__3Z0AVT),45.33236,-75.741123,644
2023,__3ZAHNZ,CENTREPOINTE DR btwn CIMARRON CRES & HYDE PARK WAY (__3ZAHNZ),45.342564,-75.773168,3439
2023,__3Z0DJZ,ELIZABETH ST btwn JILL ST & ANNETTE ST (__3Z0DJZ),45.14348,-75.604432,544
2023,__3Z0FCK,ECCLES ST btwn ROCHESTER ST & BOOTH ST (__3Z0FCK),45.40867,-75.710903,252
2023,__67PTOG,WHITE ALDER AVE btwn SPARTINA ST & BUFFLEHEAD WAY (__67PTOG),45.317049,-75.609848,768
2023,__3Z0F47,TRENT ST btwn BAKERVALE DR & FISHER AVE (__3Z0F47),45.379441,-75.72177,1446
2023,__3Z06X6,CENTRAL PARK DR btwn WHITESTONE DR & CRYSTAL PARK CRES (__3Z06X6),45.369057,-75.735918,1545
2023,__3Z05B3,MANOTICK MAIN ST btwn MAHOGANY HARBOUR LANE & ANTOCHI LANE/BRIDGEPORT AVE (__3Z05B3),45.219637,-75.675175,6371
2023,__3Z082T,PRINCE OF WALES DR btwn RUSSVERN DR & DANBURY WAY (__3Z082T),45.140547,-75.714429,3324
2023,__3Z0C05,DAUPHIN RD btwn HAMLET RD & TWEED AVE (__3Z0C05),45.398534,-75.637988,3236
2023,__42HS1T,SCULLY WAY btwn MULDER AVE & BRASSEUR CRES (__42HS1T),45.471068,-75.456639,301
2023,__3Z0563,WHITESTONE DR btwn CEDAR PARK ST & TRUMP AVE (__3Z0563),45.370457,-75.737735,455
2023,__61W6SL,FRANK CAULEY WAY btwn LAKERIDGE DR & OAKCREST WAY (__61W6SL),45.445054,-75.471285,242
2023,__8A9OPG,FERNSIDE ST btwn LOOSESTRIFE WAY & TEASEL WAY (__8A9OPG),45.32744,-75.590795,378
2023,__3Z0GMU,FAIRMONT AVE btwn DUHAMEL ST & GLADSTONE AVE (__3Z0GMU),45.402095,-75.722059,1060
2023,__3Z0G60,ERINDALE DR btwn FORLAN DR & AINSLEY DR (__3Z0G60),45.360471,-75.747476,2043
2023,__3Z0BNE,PRESTWICK DR btwn LAMOUREUX DR & PRAIRIES AVE (__3Z0BNE),45.463975,-75.494071,3702
2023,__3ZAJBI,STONEWAY DR btwn FOREST GATE WAY & MOUNTAIN ASH DR (__3ZAJBI),45.289205,-75.716948,2339
2023,__3Z0DYT,COBOURG ST btwn OLD TOWN PRIV & DESJARDINS AVE (__3Z0DYT),45.435124,-75.681107,5027
2023,__3Z07R5,LOCHELAND CRES btwn WITTINGHAM DR & NEW DEIGHTON CRES (__3Z07R5),45.285993,-75.723421,185
2023,__67PTL8,JOSHUA ST btwn PIN ROUGE WAY & GOSSAMER ST (__67PTL8),45.425778,-75.518802,1415
2023,__3Z06QR,WILTON LANE btwn OAKLAND AVE & MONK ST (__3Z06QR),45.39753,-75.686894,14
2023,__3Z09XW,BEECHWOOD AVE btwn JOLLIET AVE & CORONA AVE (__3Z09XW),45.44413,-75.670408,10688
2023,__3Z0097,BRAE CRES btwn MCCUAIG DR & HENRY GOULBURN WAY (__3Z0097),45.249635,-75.919658,661
2023,__3Z09YP,BRONSON AVE btwn UNIVERSITY RD & BREWER WAY (__3Z09YP),45.388463,-75.692662,25220
2023,__3Z0B91,CHARLEMAGNE BLVD btwn BOTTRIELL WAY & PRINCESS LOUISE DR (__3Z0B91),45.477862,-75.48832,7252
2023,__3Z0FMW,LENA AVE btwn BRAVAR DR & NEILUS LANE (__3Z0FMW),45.241331,-75.699012,294
2023,__3Z0FH5,LINDEN TERR btwn O'CONNOR ST & QUEEN ELIZABETH DRWY (__3Z0FH5),45.407853,-75.684314,310
2023,__3Z008I,BUCKHAMS BAY RD btwn DUNROBIN RD & HIGHVIEW DR (__3Z008I),45.492746,-76.110092,302
2023,__3Z0GCB,VIEWMOUNT DR btwn OAKRIDGE BLVD & PALSEN ST (__3Z0GCB),45.344212,-75.746962,3202
2023,__3Z0CFU,LACASSE AVE btwn BLAKE BLVD & MCARTHUR AVE (__3Z0CFU),45.432807,-75.656367,1430
2023,__6REWRM,HARVEST VALLEY AVE btwn SPARKMAN AVE & GOLDENBROOK WAY (__6REWRM),45.445686,-75.475982,4798
2023,__3ZAH57,DRAPER PL btwn BEAUMARIS DR & DONNINGTON PL (__3ZAH57),45.339231,-75.797007,313
2023,__3Z0BDT,CHAMPNEUF DR btwn ZACHARY ST & LUNENBERG CRES (__3Z0BDT),45.462032,-75.519052,506
2023,__3Z0EPV,GILMOUR ST btwn LYON ST & KENT ST (__3Z0EPV),45.412737,-75.698472,2491
2023,__3Z0A4N,WHITEROCK ST btwn HUNTINGDALE CRT & MATHESON RD (__3Z0A4N),45.432759,-75.625842,390
2023,__3Z0A6Q,KEEFER ST btwn AVON LANE & MACKAY ST (__3Z0A6Q),45.44132,-75.685714,290
2023,__3Z0D63,SPRINGFIELD RD btwn PUTMAN AVE & BERTRAND ST (__3Z0D63),45.441603,-75.676813,4488
2023,__3Z0BO9,PRESTWICK DR btwn PAYETTE DR & DUVAL LANE (__3Z0BO9),45.466833,-75.497684,2957
2023,__3ZAH6R,MORRISON DR btwn STONE CRES & STONE CRES (__3ZAH6R),45.340989,-75.795746,1986
2023,e___2HES,CLEARBROOK DR btwn BISSETT WAY/HIGHPOINTE CRES & PIAZZA CIR (e___2HES),45.273525,-75.730418,2846
2023,__3Z0FS2,SOUTHMORE DR btwn RANKIN ST & MCCARTHY RD (__3Z0FS2),45.360006,-75.676026,1242
2023,__3Z09W5,MERIVALE RD btwn RAVEN AVE & LAROSE AVE (__3Z09W5),45.379648,-75.7333,11227
2023,__3ZAII7,CRAIG HENRY DR btwn ELVASTON AVE & WADE CRT (__3ZAII7),45.330519,-75.779877,3488
2023,__3Z0A3Z,ROCKLANE DR btwn WHITEMARSH CRES & OLD SECOND LINE RD (__3Z0A3Z),45.376403,-75.989347,226
2023,__3Z08F6,SUSSEX DR btwn ST. ANDREW ST & GUIGUES AVE (__3Z08F6),45.430192,-75.697421,14175
2023,__3Z0848,BLACKBURN HAMLET BYPASS EB btwn NAVAN RD & INNES RD E (__3Z0848),45.437407,-75.542043,22461
2023,__3Z0872,INNES RD btwn COX COUNTRY RD & O'TOOLE RD (__3Z0872),45.477025,-75.429535,4827
2023,__3Z07OT,PORTOBELLO BLVD btwn GARDENWAY DR & VALIN ST (__3Z07OT),45.472763,-75.470137,6040
2023,__3ZAJ0V,BAYVIEW DR btwn LEN PURCELL DR & BISHOP DAVIS DR (__3ZAJ0V),45.493486,-76.094655,960
2023,__3ZAH4Y,MEADOWBANK DR btwn GREENBANK RD & CROFTON RD (__3ZAH4Y),45.338248,-75.783734,1274
2023,__3Z0FOA,HUNTER'S POINT CRES btwn FARRIERS LANE & BRIDLE PATH DR (__3Z0FOA),45.347825,-75.646808,345
2023,__3Z08WA,MONTREAL RD btwn FOXBOROUGH PRIV & OGILVIE RD (__3Z08WA),45.446396,-75.596336,16074
2023,__6E55PD,KEYROCK DR btwn MIRO WAY & DOYON AVE (__6E55PD),45.323223,-75.932973,1103
2023,__3Z0C7P,MELFORT ST btwn HOWLAND AVE & MAGNUS AVE (__3Z0C7P),45.392779,-75.611167,423
2023,__3Z0BC6,HUNTER'S RUN DR btwn HENRI LAUZON ST & BEAUSEJOUR DR (__3Z0BC6),45.460153,-75.530576,2224
2023,e___2HEM,EARL ARMSTRONG RD btwn BRIAN GOOD AVE & SPRATT RD (e___2HEM),45.271399,-75.691325,19215
2023,__3ZAIG3,BRAE CRES btwn NORWAY SPRUCE ST & DONEGAL RD (__3ZAIG3),45.251581,-75.913948,904
2023,__3Z0GOW,HARROLD PL S/W LEG btwn HARROLD PL WEST LOOP & VETERAN AVE S (__3Z0GOW),45.385805,-75.730104,63
2023,__3Z0FO9,UPLANDS DR btwn PAUL ANKA DR & SHEARWATER PRIV (__3Z0FO9),45.348009,-75.673296,2798
2023,__3Z086V,KING EDWARD AVE btwn BOLTON ST & CATHCART ST (__3Z086V),45.435287,-75.691409,30808
2023,__3Z09W6,KIRKWOOD AVE btwn LAPERRIERE AVE & WOODWARD AVE (__3Z09W6),45.37976,-75.737021,10060
2023,__3ZAJTX,MCCURDY DR btwn THIESSEN CRES & NAISMITH CRES (__3ZAJTX),45.30392,-75.900247,1402
2023,__3Z085E,MONTREAL RD btwn MONTGOMERY ST & PALACE ST (__3Z085E),45.433533,-75.668157,10552
2023,__3Z0DS3,PITTAWAY AVE btwn NOTMAN WAY & BLOHM DR (__3Z0DS3),45.371206,-75.6142,194
2023,__3Z0AVG,CRAIG HENRY DR btwn WOODVALE GR & KNOXDALE RD (__3Z0AVG),45.333089,-75.756496,5246
2023,__3ZAH65,NANAIMO DR btwn MOHAWK CRES & MOHAWK CRES (__3ZAH65),45.341841,-75.803725,2180
2023,__3Z0AKR,GARDENWAY DR btwn LATOUR CRES & OAKLAWN CRES (__3Z0AKR),45.465987,-75.486361,2500
2023,__3Z0EEI,SECOND AVE btwn LYON ST & BANK ST (__3Z0EEI),45.403146,-75.690105,1036
2023,__3Z0BYE,FOREST VALLEY DR btwn DES RAVINS PL & DES RAVINS PL (__3Z0BYE),45.451864,-75.538503,4321
2023,__3Z0B3R,8TH LINE RD btwn LLOYD GRAHAM AVE & BYRON ST (__3Z0B3R),45.23461,-75.47213,3466
2023,__3ZAH4K,HARRISON ST btwn BARNES CRES & DAYTON CRES (__3ZAH4K),45.337058,-75.787643,935
2023,__3Z0A6L,KEEFER ST btwn STANLEY AVE & RIVER LANE (__3Z0A6L),45.439837,-75.68663,212
2023,__3ZAI0V,CASTLEFRANK RD btwn TERRY FOX DR & CASTLE GLEN CRES (__3ZAI0V),45.28536,-75.885052,4167
2023,__3Z00A0,KNUDSON DR btwn SHAUGHNESSY CRES & GOULDING CRES (__3Z00A0),45.323488,-75.914342,3485
2023,__5RGO52,DOZOIS RD btwn MITCH OWENS RD & LONGSHADOW ST (__5RGO52),45.24534,-75.647865,3050
2023,__3ZAHNW,NANAIMO DR btwn ALEUTIAN RD & MOHAWK CRES (__3ZAHNW),45.341889,-75.805278,2497
2023,__3Z0CJ3,ST. LOUIS DR btwn HIAWATHA PARK RD & BUCKSKIN WAY (__3Z0CJ3),45.481042,-75.544924,1793
2023,__3ZAJBM,NANTES ST btwn BEROT LANE & IVANY WAY (__3ZAJBM),45.457928,-75.461267,1171
2023,__3Z0G83,AMESBROOKE DR btwn FORLAN DR & MAITLAND AVE (__3Z0G83),45.362978,-75.747547,270
2023,__3ZAJ2Y,ALLBIRCH RD btwn SHADY LANE & BISHOP DAVIS DR (__3ZAJ2Y),45.489258,-76.084333,1380
2023,__3ZAH34,ASHGROVE CRES btwn WESTFIELD CRES & LINDHURST CRES (__3ZAH34),45.335621,-75.780918,1448
2023,__4O3JPY,BERRIGAN DR btwn CROXLEY WAY & CLARIDGE DR (__4O3JPY),45.279445,-75.738571,4679
2023,__3Z0A5O,MOUNTSHANNON DR btwn EARL MULLIGAN DR & WOODFORD WAY (__3Z0A5O),45.291797,-75.734362,1631
2023,__67PTM1,WHITE ALDER AVE btwn FLAT SEDGE CRES & BUTTONBUSH WAY (__67PTM1),45.322259,-75.600352,885
2023,__3Z0DT9,ALBION RD btwn BADEN AVE & ALADDIN LANE (__3Z0DT9),45.340964,-75.635634,6795
2023,__3Z0F6R,WOODWARD AVE btwn KIRKWOOD AVE & KENZIE ST (__3Z0F6R),45.379637,-75.736362,318
2023,__3ZAHBX,CHURCH ST btwn LENIDA DR & CAROLIN CRT (__3ZAHBX),45.127829,-75.717085,1292
2023,__3Z0DOT,QUEEN MARY ST btwn NORTH RIVER RD & MARION AVE (__3Z0DOT),45.424279,-75.664931,2134
2023,__3Z0B09,VOYAGEUR DR btwn FAIRWINDS TERR & EASTPORT DR (__3Z0B09),45.478827,-75.555255,302
2023,__3Z0GW0,BLACK FRIARS RD btwn SAVILLE ROW & MANITOU DR (__3Z0GW0),45.37653,-75.766966,148
2023,__5J15MX,MAXWELL BRIDGE RD btwn FORDELL AVE & ARNCLIFFE AVE (__5J15MX),45.36256,-75.928897,291
2023,__3Z0G7L,AGINCOURT RD btwn NAVAHO DR & MALLARD AVE (__3Z0G7L),45.360955,-75.751369,933
2023,__3Z0944,FISHER AVE btwn NORMANDY CRES & VIEWMOUNT DR (__3Z0944),45.355677,-75.70746,13893
2023,__3ZAITG,PICKFORD DR btwn STURSBERG WAY & HARMON WAY (__3ZAITG),45.305216,-75.887802,1364
2023,__8IAYQM,MARKETPLACE AVE btwn RIOCAN AVE & SUE HOLLOWAY DR (__8IAYQM),45.270755,-75.740672,6808
2023,__3Z0DLG,RANGE RD btwn SOMERSET ST & TEMPLETON ST (__3Z0DLG),45.424797,-75.671141,2241
2023,__3Z05V3,STRANDHERD DR btwn CLARIDGE DR & BEATRICE DR (__3Z05V3),45.275958,-75.729669,30366
2023,__3Z0C6B,TAWNEY RD btwn HEATON AVE & SUSAN ST (__3Z0C6B),45.39189,-75.615722,815
2023,__3ZAH2E,SAVILLE ROW btwn PRINCE CHARLES RD & BLACK FRIARS RD (__3ZAH2E),45.376389,-75.768732,2481
2023,__3Z0EXL,AVENUE RD btwn GLENVIEW AVE & SOUTHERN DR (__3Z0EXL),45.399212,-75.674667,156
2023,__3Z07L0,KELLY AVE btwn MONCTON RD & NEVILLE ST (__3Z07L0),45.353894,-75.789975,1039
2023,__3Z0DOR,HENDERSON AVE btwn LAURIER AVE & OSGOODE ST (__3Z0DOR),45.424871,-75.681327,846
2023,__3Z070O,MARCH RD btwn HOWIE RD & JACOB'S GT (__3Z070O),45.295377,-76.084996,9325
2023,__3ZAH76,RECTOR AVE btwn STANTON RD & SOUTHWOOD DR (__3ZAH76),45.345117,-75.782235,332
2023,__3Z0G8W,NAVAHO DR btwn AGINCOURT RD & CANNON CRES (__3Z0G8W),45.361905,-75.753156,1772
2023,__3Z0G9H,NAVAHO DR btwn TARA DR & WOODSIDE DR (__3Z0G9H),45.362619,-75.750605,1423
2023,__3Z0FF4,WORKMAN AVE btwn ROYAL AVE & CHURCHILL AVE (__3Z0FF4),45.394921,-75.756262,844
2023,__30KGJ4,KITTIWAKE DR btwn CHANTILLY GT & WILDERNESS WAY (__30KGJ4),45.268107,-75.945177,1574
2023,__4BQ6F9,JOHNSTON RD btwn ALLANFORD AVE & ROWALLEN PL (__4BQ6F9),45.370404,-75.628112,5780
2023,__3Z0BUR,ST. GEORGES ST btwn WARDEN AVE & ROXDALE AVE (__3Z0BUR),45.470893,-75.503456,1712
2023,__3ZAHZZ,WOODLAND AVE btwn BYRON AVE & MIDWAY AVE (__3ZAHZZ),45.373011,-75.777396,205
2023,__3Z0GO7,HARROLD PL N/W LEG btwn VETERAN AVE N & HARROLD PL WEST LOOP (__3Z0GO7),45.385986,-75.730272,79
2023,__3Z0FJ2,ARLINGTON AVE btwn KENT ST & BANK ST (__3Z0FJ2),45.40979,-75.693363,2788
2023,__3Z0B2Q,8TH LINE RD btwn VAN RENS ST & GLENWOOD DR (__3Z0B2Q),45.227915,-75.468638,1648
2023,__4TZOAE,LANARK AVE btwn ELLENDALE CRES & METROPOLE PRIV (__4TZOAE),45.399202,-75.749679,856
2023,__3ZAHDV,RIDGEFIELD CRES btwn EVERGREEN DR & LONGWOOD AVE (__3ZAHDV),45.32129,-75.821159,1431
2023,__3Z08YI,BLAIR RD btwn MOWAT ST & APPLEFORD ST (__3Z08YI),45.441807,-75.612601,10957
2024,__3Z0086,CRICHTON ST btwn THE MEWS LANE & ELECTRIC ST (__3Z0086),45.439281,-75.681328,4213
2024,__3AHCFH,CROWNHILL ST btwn APPLEFORD ST & DUNHAM ST (__3AHCFH),45.438309,-75.605675,1626
2024,__3Z0CXK,CROWNHILL ST btwn BLAIR RD & DUNHAM ST (__3Z0CXK),45.436695,-75.608192,825
2024,__3ZAIDL,CRYSTAL BEACH DR btwn ULLSWATER DR & SOLVA DR (__3ZAIDL),45.348759,-75.835251,588
2024,__3Z0CW1,CUMMINGS AVE btwn BURN ST & GARDENVALE RD (__3Z0CW1),45.434895,-75.636444,4832
2024,__4BQ6XO,CUMMINGS AVE btwn SNOW ST & BURLEIGH PRIV (__4BQ6XO),45.430565,-75.634079,6211
2024,__3Z0018,DANFORTH AVE btwn ROOSEVELT AVE & CHURCHILL AVE (__3Z0018),45.390789,-75.754829,914
2024,__3Z0C05,DAUPHIN RD btwn HAMLET RD & TWEED AVE (__3Z0C05),45.39856,-75.638,3284
2024,__3Z0GFL,DAVID DR btwn INDIAN RD & ROWLEY AVE (__3Z0GFL),45.348881,-75.743256,279
2024,__3ZAHH9,DE LA COTE-DES-NEIGES RD btwn BASSANO ST & PENDER ST (__3ZAHH9),45.354939,-75.743141,121
2024,__3Z0D1T,DE L'EGLISE ST btwn COLLEGE CIR & COTE ST (__3Z0D1T),45.43623,-75.64962,1838
2024,__3Z06A9,DEANCOURT CRES btwn BRIARFIELD CRES & PRINCESS LOUISE DR (__3Z06A9),45.479397,-75.487419,911
2024,__3Z0CKS,DECARIE DR btwn CHATEAU CRES & CHATEAU CRES (__3Z0CKS),45.483898,-75.52787,1176
2024,e___2HVN,DECOEUR DR btwn DES AUBEPINES DR & MAGNOLIA ST (e___2HVN),45.447075,-75.483582,4253
2024,__3Z06DA,DEERFOX DR btwn RYLAND ST & WOODROFFE AVE (__3Z06DA),45.280277,-75.722626,1922
2024,__3Z0CPP,DELONG DR btwn KAYMAR DR & MELDRUM AVE (__3Z0CPP),45.456642,-75.610085,431
2024,__3Z05YZ,DELSON DR btwn VILLEROY CRES & BARNWELL CRES E (__3Z05YZ),45.418098,-75.416367,122
2024,__3ATF8M,DEN HAAG DR btwn BOREALIS CRES & DES PIONNIERS PRIV (__3ATF8M),45.439991,-75.630547,1932
2024,__3Z0F6N,DENBURY AVE btwn DOVERCOURT AVE & TILLBURY AVE (__3Z0F6N),45.380184,-75.75853,320
2024,__3Z0F72,DENBURY AVE btwn KEENAN AVE & DOVERCOURT AVE (__3Z0F72),45.381916,-75.759483,695
2024,__3Z0GN0,DENBURY AVE btwn KENWOOD AVE & CROSSFIELD AVE (__3Z0GN0),45.385006,-75.7612,464
2024,e___2HJX,DES SOLDATS-RIENDEAU ST btwn LAMPREY ST & RIVER MIST RD (e___2HJX),45.242691,-75.735794,555
2024,__3ZAITK,DESMOND AVE btwn BRACO ST & CARBROOKE ST (__3ZAITK),45.300713,-75.880241,835
2024,__45KVDZ,DEVONWOOD CIR btwn TUNDRA SWAN BAY & HATCHLEY RD (__45KVDZ),45.321117,-75.598244,310
2024,__3ZAJ49,DIAMONDVIEW RD btwn DONALD B. MUNRO DR & OLD COACH RD (__3ZAJ49),45.34687,-76.084526,1462
2024,__3ZAJAZ,DIAMONDVIEW RD btwn THOMAS A. DOLAN PKWY & OLD COACH RD (__3ZAJAZ),45.360779,-76.100418,1164
2024,__3Z07JH,DOMINION AVE btwn TAY ST & BERKLEY AVE (__3Z07JH),45.391701,-75.759567,144
2024,__3Z0ASU,DONALD B. MUNRO DR btwn FALLDOWN LANE & CARP RD (__3Z0ASU),45.344749,-76.037209,951
2024,__3Z05SM,DONALD ST btwn BARNABY PRIV & TELFORD AVE (__3Z05SM),45.428509,-75.646095,8792
2024,__3Z0D79,DONALD ST btwn VERA ST & QUILL ST (__3Z0D79),45.427563,-75.659225,7693
2024,__3Z00OR,DONNELLY DR btwn DWYER HILL RD & BURRITTS AVE (__3Z00OR),44.983471,-75.798622,1786
2024,__3Z0E5J,DORSET DR btwn BEAUMONT RD & DELMAR DR (__3Z0E5J),45.388844,-75.642151,148
2024,__3Z0GN7,DOVERCOURT AVE btwn CHURCHILL AVE & TWEEDSMUIR AVE (__3Z0GN7),45.384922,-75.747185,603
2024,__3Z0F78,DOVERCOURT AVE btwn HILLCREST AVE & BROADVIEW AVE (__3Z0F78),45.381435,-75.757507,2087
2024,__3Z0F60,DOVERCOURT AVE btwn WINDERMERE AVE & WESTMINSTER AVE (__3Z0F60),45.380142,-75.762299,1626
2024,__3Z0BHH,DOZOIS RD btwn LONGSHADOW ST & RIDEAU BEND CRES (__3Z0BHH),45.243252,-75.646614,2957
2024,__3ZAH6J,DRAPER AVE btwn MORRISON DR & CORNELL ST (__3ZAH6J),45.340557,-75.793312,1149
2024,__3ZAJSG,DRESSLER DR btwn DRAINIE DR & TAMBLYN CRES (__3ZAJSG),45.30217,-75.893936,249
2024,__3Z0DKA,DREW HENRY DR btwn WILD CHERRY DR & PHILIP ST (__3Z0DKA),45.148411,-75.598213,636
2024,__3Z0BVK,DUFORD DR btwn FRASER PK & CHARTRAND AVE (__3Z0BVK),45.472595,-75.511345,928
2024,__3Z0BTE,DUFORD DR btwn LACROIX AVE & LACROIX AVE (__3Z0BTE),45.470394,-75.508438,928
2024,__8UZZ38,DUNDONALD DR btwn RIVER MIST RD & ANDRE AUDET AVE (__8UZZ38),45.245224,-75.735107,2953
2024,__3Z093L,DUNROBIN RD btwn PORCUPINE TRL & THOMAS A. DOLAN PKWY (__3Z093L),45.424007,-76.02285,5837
2024,__3Z0824,DUNROBIN RD btwn VANCES SIDE RD & PORCUPINE TRL (__3Z0824),45.434067,-76.036568,5165
2024,__3Z056E,DUPLANTE AVE btwn SENATEURS WAY & STOJKO ST (__3Z056E),45.478634,-75.471596,328
2024,__3Z0C8C,DWIGHT CRES btwn TAWNEY RD S & DWIGHT PL (__3Z0C8C),45.395252,-75.615112,176
2024,__3Z0GA5,DYNES RD btwn ARNOT RD & CLAYMOR AVE (__3Z0GA5),45.367828,-75.710152,2963
2024,__3Z06FRB,EAGLESON RD btwn FERNBANK RD & 240 S OF CADENCE GT/COPE DR (__3Z06FRB),45.279434,-75.863258,15484
2024,__3Z00PV,EAGLESON RD btwn KAKULU RD & SHATNER GT (__3Z00PV),45.309006,-75.879524,24617
2024,__3Z0CMF,EASTPARK DR btwn WEDGEWOOD CRES & WEDGEWOOD CRES (__3Z0CMF),45.435532,-75.55864,940
2024,__3Z0CTG,EASTVALE DR btwn FILLMORE CRES & EASTVALE CRT (__3Z0CTG),45.460468,-75.596703,2231
2024,__3Z0FIO,ECHO DR btwn GRAHAM AVE & HAZEL ST (__3Z0FIO),45.409576,-75.680725,161
2024,__3Z00FJ,EDEN AVE btwn RICHMOND RD & LINCOLN AVE (__3Z00FJ),45.392227,-75.752144,137
2024,__3Z0EAT,EDGE HILL PL btwn ANOKA ST & COLLINS AVE (__3Z0EAT),45.377754,-75.664169,436
2024,__3Z0F0Y,EDGE HILL PL btwn ERIE AVE & GRASMERE CRES (__3Z0F0Y),45.37479,-75.663696,601
2024,__3Z0F00,EDGE HILL PL btwn PORTLAND AVE & ERIE AVE (__3Z0F00),45.37571,-75.663857,426
2024,__3Z07KH,EDGECLIFFE AVE btwn CALDWELL AVE & CAVAN ST (__3Z07KH),45.374638,-75.737816,1285
2024,__3Z0017,EDGEWOOD AVE btwn RICHMOND RD & LINCOLN AVE (__3Z0017),45.392544,-75.75132,295
2024,__3ZAIOZ,EDGEWORTH AVE btwn LAWN AVE & CARLING AVE (__3ZAIOZ),45.367779,-75.779961,984
2024,__3Z0F7W,EDISON AVE btwn GREENWOOD AVE & TILLBURY AVE (__3Z0F7W),45.382107,-75.748863,262
2024,__3Z0D7O,EDITH AVE btwn DONALD ST & COLUMBUS AVE (__3Z0D7O),45.427437,-75.65522,281
2024,__3Z0EWP,ELLA ST btwn GORDON ST & CAPITAL PK (__3Z0EWP),45.398102,-75.69458,127
2024,__3ZAIJ3,ELMIRA DR btwn COBDEN RD & LAMBETH WALK (__3ZAIJ3),45.353855,-75.776909,1255
2024,__3Z0CZI,ELMRIDGE DR btwn ELMSMERE RD & BETHAMY LANE (__3Z0CZI),45.443172,-75.599319,845
2024,__3Z0FCP,EMMERSON AVE btwn PARKDALE AVE & FORWARD AVE (__3Z0FCP),45.409939,-75.7341,36
2024,__3Z068P,EMPIRE GROVE ST btwn SPARTAN GROVE ST & COURTLAND GROVE CRES (__3Z068P),45.24387,-75.591606,127
2024,__3Z07KM,EPWORTH AVE btwn BASSANO ST & PENDER ST (__3Z07KM),45.351883,-75.740623,690
2024,__3ZAI4D,ETTA ST btwn FERNBANK RD & STITTSVILLE MAIN ST (__3ZAI4D),45.245552,-75.913872,84
2024,__3Z0EZ2,EVANS BLVD btwn EVANS PL & RENFIELD RD (__3Z0EZ2),45.379681,-75.665787,450
2024,__3Z0D9K,EVE ST btwn SPARTAN AVE & FULLERTON AVE (__3Z0D9K),45.429047,-75.65522,185
2024,__3Z0EPL,EVELYN AVE btwn MAIN ST & ROSEMERE AVE (__3Z0EPL),45.411739,-75.678131,602
2024,__5JY390,EVERLASTING CRES btwn SULTAN ST & KERRIA WALK (__5JY390),45.48344,-75.471985,363
2024,__6ZT41V,FAIRLAKES WAY btwn BEVINGTON WALK & STONEHAM PL N (__6ZT41V),45.444542,-75.477364,167
2024,__3Z09AG,FAIRLAWN AVE btwn FOX CRES & ESTERLAWN PRIV (__3Z09AG),45.368359,-75.769829,3708
2024,__4N78E2,FAIRPARK DR btwn CRESTHAVEN DR & SUNVALE WAY (__4N78E2),45.275234,-75.708328,577
2024,__4N78FP,FAIRPARK DR btwn LEN LUNNEY CRES & BRANCHWOOD ST (__4N78FP),45.275955,-75.70652,808
2024,__3Z0GBZ,FALAISE RD btwn GOODWIN AVE & NORMANDY CRES (__3Z0GBZ),45.357296,-75.712029,617
2024,__3ZAHIC,FALAISE RD btwn PHILLIP DR & GOODWIN AVE (__3ZAHIC),45.356468,-75.713943,539
2024,__3ZAJ2P,FARM LANE btwn TORWOOD DR & FORESTVIEW LANE (__3ZAJ2P),45.480717,-76.024384,406
2024,__3Z0DCO,FARNHAM CRES btwn BEDFORD CRES & ARUNDEL AVE (__3Z0DCO),45.4543,-75.657631,90
2024,__3Z00DS,FEATHERSTON DR btwn SHAREL DR & BOGEN PL (__3Z00DS),45.386211,-75.636703,3246
2024,__3Z0E10,FEATHERSTON DR btwn WYNDALE CRES & WYNDALE CRES (__3Z0E10),45.382923,-75.646812,2054
2024,__3Z0671,FELLOWS RD btwn DRURY LANE & WESTBURY RD (__3Z0671),45.352467,-75.768639,537
2024,e___2HPS,FERN CASEY ST btwn RENAUD RD & LOCUST RIDGE (e___2HPS),45.435814,-75.505959,2738
2024,__3ZAHI1,FIELD ST btwn MAJOR ST & BERWICK AVE (__3ZAHI1),45.356667,-75.761475,292
2024,__3Z0FT8,FIELDING DR btwn COWAN CRES & COWAN CRES (__3Z0FT8),45.361755,-75.677231,969
2024,__3Z0BQO,FIELDOWN ST btwn MOFFATT DR & LOOKOUT DR (__3Z0BQO),45.512901,-75.40847,120
2024,__3Z0GDH,FIELDROW ST btwn MALCOLM PL & PERRY ST (__3Z0GDH),45.344765,-75.738846,721
2024,__3Z0EWA,FIFTH AVE btwn CHRYSLER ST & PERCY ST (__3Z0EWA),45.398956,-75.694199,3134
2024,__3Z0EC1,FIFTH AVE btwn RALPH ST & MONK ST (__3Z0EC1),45.400864,-75.689499,2269
2024,__51MYXG,FINDLAY CREEK DR btwn BRADWELL WAY & NETLEY CIR (__51MYXG),45.315464,-75.603401,5802
2024,__3Z0EG8,FIRST AVE btwn O'CONNOR ST & QUEEN ELIZABETH DRWY (__3Z0EG8),45.406578,-75.683823,372
2024,__3Z06D9,FISHER AVE btwn MEADOWLANDS DR & URBISCI PRIV (__3Z06D9),45.361721,-75.710899,13826
2024,__3Z09F2,FITZROY ST btwn SHIRREFF ST & WILLIAMSON ST (__3Z09F2),45.472031,-76.213699,465
2024,__3ZAJ1X,FLEWELLYN RD btwn ORMROD RD & DWYER HILL RD (__3ZAJ1X),45.167412,-76.015503,3835
2024,__3ZAI9O,FLEWELLYN RD btwn POPLARWOOD AVE & SHEA RD (__3ZAI9O),45.243793,-75.892479,3533
2024,__3ZAI9U,FLEWELLYN RD btwn SHEA RD & FAULKNER TRL (__3ZAI9U),45.251423,-75.880447,2694
2024,__3Z07TW,FLEWELLYN RD btwn STITTSVILLE MAIN ST & FORESTGROVE DR (__3Z07TW),45.236305,-75.904289,3579
2024,__3ZAJ6Y,FLEWELLYN RD btwn WORLEY ST & ORMROD RD (__3ZAJ6Y),45.158638,-76.029686,1288
2024,__3Z078W,FOREST PARK AVE btwn DEER PARK RD & FOREST PARK AVE (__3Z078W),45.364643,-75.713783,125
2024,__3ZAINL,FOREST ST btwn RICHMOND RD & BOND ST (__3ZAINL),45.363556,-75.78907,476
2024,__3Z00WI,FORESTGLADE CRES btwn BLOHM DR & NOBLETON AVE (__3Z00WI),45.373806,-75.601547,830
2024,__3ZAIAD,FORTUNE ST btwn HAMILTON ST & MARTIN ST (__3ZAIAD),45.188663,-75.841965,1155
2024,__3Z0GSC,FOUR SEASONS DR btwn VIEWMOUNT DR & SHADETREE CRES (__3Z0GSC),45.3517,-75.711823,871
2024,__3Z0EW4,FOURTH AVE btwn BRONSON AVE & CHRYSLER ST (__3Z0EW4),45.398705,-75.696915,781
2024,__3Z0ECX,FOURTH AVE btwn PERCY ST & LYON ST (__3Z0ECX),45.400684,-75.692047,954
2024,__3Z099R,FOURTH LINE RD btwn CHURCH ST & COMMUNITY WAY (__3Z099R),45.129913,-75.714218,2624
2024,__3Z099Z,FOURTH LINE RD btwn PRINCE OF WALES DR & ANDREW ST (__3Z099Z),45.132515,-75.717392,4524
2024,__3Z0DQY,FRANCES ST btwn NEWMAN AVE & LAWSON AVE (__3Z0DQY),45.427246,-75.647591,1400
2024,__3Z0F6K,FRASER AVE btwn DOVERCOURT AVE & TILLBURY AVE (__3Z0F6K),45.379932,-75.75946,1418
2024,__3Z0EXZ,FREDERICK PL btwn JACKSON AVE & CAMBRIDGE ST (__3Z0EXZ),45.399639,-75.701027,285
2024,__3Z0D9L,FULLERTON AVE btwn EVE ST & LOLA ST (__3Z0D9L),45.428757,-75.654045,185
2024,__3Z0GHL,KENILWORTH ST btwn BARRIE AVE & GWYNNE AVE (__3Z0GHL),45.396294,-75.720116,650
2024,__3Z0FE8,KENILWORTH ST btwn HINTON AVE & HAMILTON AVE (__3Z0FE8),45.39426,-75.726913,652
2024,__3Z0B9B,KENNEDY LANE btwn MONICA CRES & MONICA CRES (__3Z0B9B),45.478493,-75.504707,418
2024,__3ZAIV5,KENNEVALE DR btwn PICKWICK DR & WHEELER ST (__3ZAIV5),45.268547,-75.766495,2424
2024,__3Z0FF6,KENORA ST btwn MAYFAIR AVE S & CLARENDON AVE (__3Z0FF6),45.395298,-75.736824,130
2024,__3Z0APJ,KENWOOD AVE btwn COLE AVE & ROOSEVELT AVE (__3Z0APJ),45.387794,-75.75544,376
2024,__3Z0GW9,KERR AVE btwn NADOLNY SACHS PRIV & BOYD AVE (__3Z0GW9),45.376915,-75.752083,1687
2024,__3Z0G2O,KEYWORTH AVE btwn PONTIAC ST & CLEARVIEW AVE (__3Z0G2O),45.404243,-75.747116,291
2024,__3Z0DBU,KILBARRY CRES btwn AVA RD & ARUNDEL AVE (__3Z0DBU),45.453762,-75.656738,82
2024,__54YKPP,KILBIRNIE DR btwn LECANTO TERR & ONEIDA TERR (__54YKPP),45.243454,-75.7239,1435
2024,__3ZAJ0N,KILMAURS SIDE RD btwn STONECREST RD & TORBOLTON RIDGE RD (__3ZAJ0N),45.461605,-76.134148,790
2024,e___1G34,KILSPINDIE RIDGE btwn FERGUSLEA LANE & LOCHHOUSE WALK (e___1G34),45.2523,-75.714745,397
2024,__3Z09FL,KINBURN SIDE RD btwn BECKS RD & STONECREST RD (__3Z09FL),45.434544,-76.11927,1290
2024,__3Z09GM,KINBURN SIDE RD btwn DONALD B. MUNRO DR & MARY ST (__3Z09GM),45.389462,-76.192337,1799
2024,__3Z09GP,KINBURN SIDE RD btwn LOGGERS WAY & JOHN SHAW RD (__3Z09GP),45.395779,-76.182152,1353
2024,__3Z09GN,KINBURN SIDE RD btwn MARY ST & MARIA ST (__3Z09GN),45.390682,-76.190422,1640
2024,__3Z001I,KING GEORGE ST btwn VERA ST & QUILL ST (__3Z001I),45.42535,-75.658875,201
2024,__3Z0GBR,KINGSMERE AVE btwn LENESTER AVE & STRATHMORE BLVD (__3Z0GBR),45.368805,-75.764069,331
2024,__3Z09CK,KIRKWOOD AVE btwn BUELL ST & DEVONSHIRE PL (__3Z09CK),45.387871,-75.742317,5271
2024,__3Z0FWI,KITCHENER AVE btwn BANFF AVE & COCHRANE ST (__3Z0FWI),45.367783,-75.657372,2676
2024,__4O077Z,KITTIWAKE DR btwn ABACA WAY & ABAKA WAY/DEW GT (__4O077Z),45.264977,-75.94561,1256
2024,__4TYF6Y,KITTIWAKE DR btwn SMOKETREE CRES & SIROCCO CRES (__4TYF6Y),45.266468,-75.947456,1302
2024,__3ZAH3H,KNIGHTSBRIDGE RD btwn WOODROFFE AVE & LOCKHART AVE (__3ZAH3H),45.376953,-75.773499,1217
2024,__3Z0COW,LA VERENDRYE DR btwn GAINES DR & MELDRUM AVE (__3Z0COW),45.454735,-75.605537,1378
2024,__3Z0CPG,LA VERENDRYE DR btwn GLENFERN AVE & WOODGLEN CRES (__3Z0CPG),45.458275,-75.606369,951
2024,__3Z0B8Y,LACOMBE DR btwn TACHE WAY & TACHE WAY (__3Z0B8Y),45.475948,-75.482918,87
2024,__3Z0DIL,LAJOIE ST btwn FRONTENAC ST & RICHELIEU AVE (__3Z0DIL),45.434784,-75.658691,737
2024,__5Z1RRU,LAKERIDGE DR btwn BRANTHAVEN ST & GOLDENBROOK WAY (__5Z1RRU),45.447861,-75.474945,1024
2024,__4TZO68,LANARK AVE btwn BEECHGROVE AVE & BRIARWAY PRIV (__4TZO68),45.398277,-75.753296,1715
2024,__3Z0D3O,LANDRY ST btwn ALICE ST & ST. CHARLES ST (__3Z0D3O),45.43848,-75.671219,1122
2024,__7EYG7B,LANGRELL CRES btwn CHAPMAN MILLS DR & BISSETT WAY/CORMACK CIR (__7EYG7B),45.272213,-75.731621,177
2024,__3Z07MW,LANGSTAFF DR btwn CAVANAGH DR & DONALD B. MUNRO DR (__3Z07MW),45.345642,-76.031258,1308
2024,__3Z07AE,LARCH CRES btwn CHAMPLAIN ST N/TERRANOVA DR & CHAMPLAIN ST S (__3Z07AE),45.488132,-75.519981,63
2024,__3ZAH0I,LARKIN DR btwn ETTRICK CRES & ETTRICK CRES (__3ZAH0I),45.282078,-75.763893,2056
2024,__3ZAH09,LARKIN DR btwn SHANEL PL & TRIPP CRES E (__3ZAH09),45.284496,-75.760002,2204
2024,__3Z0ACI,LARMOURS RD btwn LAFLEUR RD & SARSFIELD RD (__3Z0ACI),45.438145,-75.332626,50
2024,__3Z0BWV,LAWNSBERRY DR btwn KINGLET WAY & MOCKINGBIRD DR (__3Z0BWV),45.486179,-75.510696,618
2024,__3Z0BTM,LAWRENCE ST btwn 8TH LINE RD & ALFALFA ST (__3Z0BTM),45.166451,-75.447098,166
2024,__3Z0B4V,LAWRENCE ST btwn BOYD RD & MORNINGSIDE AVE (__3Z0B4V),45.16198,-75.458923,314
2024,__3Z0G6W,LAZARD ST btwn DUBLIN AVE & IRIS ST (__3Z0G6W),45.359753,-75.763954,111
2024,__61W6PU,LEAMINGTON WAY btwn BALINROAN CRES & GARRITY CRES (__61W6PU),45.268276,-75.731354,584
2024,__3Z0F5V,LEBRETON ST btwn CARLING AVE & HENRY ST (__3Z0F5V),45.400772,-75.703865,754
2024,__3Z09TZ,LEITRIM RD btwn ADASTRA RD/BOWESVILLE RD & LIMEBANK RD (__3Z09TZ),45.30407,-75.662018,14518
2024,__3Z0904,LENESTER AVE btwn DUBERRY ST & WOODROFFE AVE (__3Z0904),45.366116,-75.770424,4468
2024,__3Z0DY5,LEVIS AVE btwn BEGIN ST & DUPUIS ST (__3Z0DY5),45.43531,-75.660339,711
2024,__807KJC,LILY POND ST btwn MEADOWBREEZE DR & CROWNRIDGE DR (__807KJC),45.275375,-75.84996,182
2024,__3Z0BH2,LIMEBANK RD btwn SPRATT RD & EARL ARMSTRONG RD (__3Z0BH2),45.284805,-75.669113,11763
2024,__3Z0FUU,LINTON RD btwn SOUTHMORE DR E & THORNDALE DR (__3Z0FUU),45.363361,-75.669373,94
2024,__3Z0FDU,LISGAR ST btwn PERCY ST & BAY ST (__3Z0FDU),45.413967,-75.70414,676
2024,e___2JH2,LIVERY ST btwn BALIKUN HTS & PALFREY WAY (e___2JH2),45.273228,-75.891396,512
2024,__3ZAH3I,LOCKHART AVE btwn HONEYWELL AVE & KNIGHTSBRIDGE RD (__3ZAH3I),45.377556,-75.772713,369
2024,__3ZAJTG,LOGGERS WAY btwn LATIMER AVE & DONALD B. MUNRO DR (__3ZAJTG),45.386604,-76.181946,365
2024,__3ZAJUM,LOGGERS WAY btwn RABBIT PATH & KINBURN SIDE RD (__3ZAJUM),45.395477,-76.19503,323
2024,__3ZAJVI,LOGGERS WAY btwn RIDDLEDALE RD & HUNT LINE RD (__3ZAJVI),45.420246,-76.225754,155
2024,__3Z0D9P,LOLA ST btwn SPARTAN AVE & FULLERTON AVE (__3Z0D9P),45.429203,-75.652962,3916
2024,__3Z0DXY,LONDON TERR btwn HEMLOCK RD & GEORGETON PRIV (__3Z0DXY),45.450977,-75.65065,1177
2024,__3Z0AHS,LONG ISLAND RD btwn CINDY HILL CRES & WATERPARK PL (__3Z0AHS),45.237701,-75.691399,1249
2024,__3Z098W,LONGFIELDS DR btwn KILSPINDIE RIDGE & PRINCE OF WALES DR (__3Z098W),45.248501,-75.713791,11318
2024,e___2HEC,LONGFIELDS DR btwn MOUNTSHANNON DR & SILVER SAGE AVE (e___2HEC),45.285599,-75.740265,4371
2024,__3Z050P,LONGLEAF DR btwn ORLEANS BLVD & APPLE LEAF WAY (__3Z050P),45.437778,-75.5289,960
2024,__3Z007D,LORNE AVE btwn ALBERT ST & PRIMROSE AVE (__3Z007D),45.412491,-75.711304,292
2024,__3Z06B1,LORRY GREENBERG DR btwn PIKE ST & FINLAND PRIV (__3Z06B1),45.365479,-75.627312,2436
2024,__3ZAHJJ,LOTTA AVE btwn PENDER ST & ST. HELEN'S PL (__3ZAHJJ),45.356487,-75.741447,1276
2024,__3Z0CD7,LOYOLA AVE btwn DE SALABERRY ST & EASTVALE DR (__3Z0CD7),45.452168,-75.592056,3092
2024,__3Z08MW,LYCEE PL btwn END & HINCKS LANE (__3Z08MW),45.406483,-75.663986,2210
2024,__3Z0EGB,LYON ST btwn CHAMBERLAIN AVE & RENFREW AVE (__3Z0EGB),45.406418,-75.694572,304
2024,__3Z0EEE,LYON ST btwn CLEMOW AVE & GLEBE AVE (__3Z0EEE),45.404278,-75.692818,1165
2024,__3Z0EEH,LYON ST btwn FIRST AVE & SECOND AVE (__3Z0EEH),45.402931,-75.691719,777
2024,__3Z0EEW,LYON ST btwn GLEBE AVE & FIRST AVE (__3Z0EEW),45.403591,-75.692253,1598
2024,__3Z0EDP,LYON ST btwn THIRD AVE & FOURTH AVE (__3Z0EDP),45.401676,-75.690674,328
2024,__3Z083Q,MACFARLANE RD btwn BELLEDUNE ST & PINEGLEN CRES (__3Z083Q),45.325729,-75.713615,4929
2024,__3Z083E,MACFARLANE RD btwn GREENSIDE AVE & O'DONNELL CRT (__3Z083E),45.329479,-75.705025,4657
2024,__4B1JE2,MACHARDY RD btwn STEEN LANE & GALETTA SIDE RD (__4B1JE2),45.42601,-76.28038,23
2024,__3Z0D5M,MACKAY ST btwn IVY CRES & VAUGHAN ST (__3Z0D5M),45.439819,-75.679016,1930
2024,__5SPK8X,MADAWASKA BLVD btwn CONNIFER LANE & OTTAWA ROAD 29 (__5SPK8X),45.426163,-76.323952,6757
2024,e___1G6D,MAESTRO AVE btwn BRISOTE LANE & LIMNOS LANE (e___1G6D),45.285828,-75.929741,82
2024,__3Z07LN,MAITLAND ST btwn ROYAL YORK ST W & BURKE ST (__3Z07LN),45.185345,-75.835243,194
2024,__3Z0A0M,MAJESTIC DR btwn KELVIN CRES & KELVIN CRES (__3Z0A0M),45.327923,-75.759552,729
2024,__3ZAHIZ,MAJOR ST btwn BERWICK AVE & FIELD ST (__3ZAHIZ),45.355907,-75.762909,1274
2024,__3Z0736,MALARTIC AVE btwn ST. LAURENT BLVD & SLADEN AVE (__3Z0736),45.440018,-75.644951,681
2024,__3ZAHVO,MALVERN DR btwn CHALICE CRT & SHERWAY DR (__3ZAHVO),45.281429,-75.761841,1922
2024,__3Z09UJ,MANOTICK MAIN ST btwn CURRIER ST & EASTMAN AVE (__3Z09UJ),45.223045,-75.680946,6990
2024,__3Z0AG7,MANOTICK STATION RD btwn ELKWOOD DR & DEERMEADOW DR (__3Z0AG7),45.233894,-75.610733,1884
2024,__3ZAJSP,MAPLE GROVE RD btwn JARLAN TERR & MCCURDY DR (__3ZAJSP),45.300037,-75.902527,2607
2024,__6O5EZU,MAPLE GROVE RD btwn MONTSERRAT ST & LEVECHE WAY (__6O5EZU),45.287365,-75.922791,3911
2024,__3Z05SF,MAPLE STAND WAY btwn FOREST GATE WAY & OAK GROVE ST (__3Z05SF),45.28978,-75.717804,257
2024,__3Z00RNA,MARCH RD btwn 280 S OF CARLING AVE/STATION RD & CARLING AVE/STATION RD (__3Z00RNA),45.337582,-75.910332,25774
2024,__3Z00RNB,MARCH RD btwn 280 S OF CARLING AVE/STATION RD & TERON RD (__3Z00RNB),45.335281,-75.90731,27119
2024,__3Z070O,MARCH RD btwn HOWIE RD & JACOB'S GT (__3Z070O),45.295383,-76.085007,9431
2024,__5J15TF,MARCONI AVE btwn STREAMSIDE CRES & STREAMSIDE CRES (__5J15TF),45.360504,-75.929802,1920
2024,__3Z07BK,MARIONVILLE RD btwn GREGOIRE RD & BISSON RD(NORTH DUNDAS TWP) (__3Z07BK),45.179207,-75.360291,639
2024,__3Z0ENC,MARIPOSA AVE btwn SPRINGFIELD RD & BUCHAN RD (__3Z0ENC),45.448494,-75.677429,1299
2024,__3Z06EZ,MARKLAND CRES btwn LEWISTON AVE & NEWBOROUGH CRES (__3Z06EZ),45.283306,-75.716919,383
2024,__3Z0EE5,MARLOWE CRES btwn GLENGARRY RD & BELGRAVE RD (__3Z0EE5),45.403751,-75.673866,538
2024,__3Z0EHK,MARLOWE CRES btwn LETCHWORTH RD & BURNHAM RD (__3Z0EHK),45.405575,-75.67495,559
2024,__3ZAIB9,MARTIN ST btwn MCBEAN ST & COLONEL MURRAY ST (__3ZAIB9),45.192024,-75.834747,562
2024,__3Z0CWG,MATHESON RD btwn ALBORO CRES & ALBORO CRES (__3Z0CWG),45.436218,-75.622154,1265
2024,__3Z0CSQ,MAXIME ST btwn EUGENE ST & MEADOWBROOK RD (__3Z0CSQ),45.426537,-75.610092,243
2024,__3Z00QY,MCBEAN ST btwn BURKE ST & OTTAWA ST (__3Z00QY),45.186237,-75.828735,3547
2024,__3Z00Q5,MCBEAN ST btwn HAMILTON ST & MARTIN ST (__3Z00Q5),45.192272,-75.836319,4208
2024,__3Z0FQG,MCCARTHY RD btwn SOUTHMORE DR & PLANTE DR (__3Z0FQG),45.357666,-75.673119,8484
2024,__3ZAJTY,MCCURDY DR btwn MCLAUGHLIN CRES & THIESSEN CRES (__3ZAJTY),45.304028,-75.901314,1367
2024,__3Z0AJM,MCGIBBON DR btwn KIRKPATRICK CRT & ROBARTS CRES (__3Z0AJM),45.308098,-75.903152,954
2024,__3ZAIQM,MCKITRICK DR btwn SUMNER ST & MELANIE CRES (__3ZAIQM),45.292782,-75.885269,831
2024,__3Z073Q,MCMASTER AVE btwn ASTER ST & VIRGINIA DR (__3Z073Q),45.387081,-75.646187,279
2024,__3Z0CHY,MEADOW DR btwn SHIELDS DR & MEADOW DR (__3Z0CHY),45.262104,-75.555771,413
2024,__3Z06DN,MEADOWBREEZE DR btwn FERNBROOK PL & GRASSY PLAINS DR (__3Z06DN),45.276741,-75.854782,1122
2024,__3Z0CJS,MEADOWBROOK RD btwn CEDARCROFT CRES & CEDARCROFT CRES (__3Z0CJS),45.42416,-75.610909,3211
2024,__3Z0DQC,MEADOWBROOK RD btwn EASTCLIFFE WAY & PROGRESS PL (__3Z0DQC),45.421913,-75.611137,2579
2024,__3Z0BZN,MEADOWGLEN DR btwn MEADOWFIELD PL & MEADOWHILL CRES (__3Z0BZN),45.451817,-75.542229,1549
2024,__3Z096K,MEADOWLANDS DR btwn CHESTERTON DR & TIVERTON DR (__3Z096K),45.354946,-75.729698,10765
2024,__589XKP,MEANDERING BROOK DR btwn EMERALD POND PRIV & STEDMAN ST (__589XKP),45.342827,-75.628395,590
2024,__3Z0FPP,BRAMPTON ST btwn ALDERWOOD ST & ALBION RD (__3Z0FPP),45.348598,-75.640923,407
2024,__5U31VX,BREANNA CARDILL ST btwn CURLY LANE & OLD PRESCOTT RD (__5U31VX),45.247478,-75.562454,862
2024,__3Z0G1L,BREEZEHILL AVE btwn LAUREL ST & GLADSTONE AVE (__3Z0G1L),45.403919,-75.717567,1011
2024,__3Z0GKK,BREEZEHILL AVE btwn NOLAN AVE & BEECH ST (__3Z0GKK),45.399467,-75.714867,440
2024,__3ZAHTM,BREN-MAUR RD btwn BARCHAM CRES/GEDDES WAY & BARCHAM CRES/TEMAGAMI DR (__3ZAHTM),45.266247,-75.726509,335
2024,__3Z0B24,BRENTWOOD AVE btwn MCKENDRY DR & VICTORIA ST (__3Z0B24),45.232986,-75.482925,203
2024,__86L61E,BRIAN GOOD AVE btwn SUMMERHILL ST & HAWKESWOOD DR (__86L61E),45.26725,-75.692429,1915
2024,__3Z05DB,BRICKLAND DR btwn LOOKOUT DR & FIELDOWN ST (__3Z05DB),45.50946,-75.40731,104
2024,__3Z09U9,BRIDGE ST btwn WEST RIVER DR & ARTHUR CRES (__3Z09U9),45.229263,-75.682419,9700
2024,__3Z0F6G,BRIERWOOD AVE btwn DOVERCOURT AVE & PARR AVE (__3Z0F6G),45.381325,-75.754593,126
2024,__3Z0GOT,BRIERWOOD AVE btwn KENWOOD AVE & PRINCETON AVE (__3Z0GOT),45.386185,-75.757362,119
2024,__3Z07IG,BROADHEAD AVE btwn IONA ST & CLARE ST (__3Z07IG),45.389099,-75.745949,431
2024,__3Z0F7C,BROADVIEW AVE btwn AVONDALE AVE & DOVERCOURT AVE (__3Z0F7C),45.382328,-75.757454,2422
2024,__3Z0GPU,BROADVIEW AVE btwn BYRON AVE & KENWOOD AVE (__3Z0GPU),45.387177,-75.760155,2021
2024,__3Z0GNB,BROADVIEW AVE btwn KENWOOD AVE & PRINCETON AVE (__3Z0GNB),45.385422,-75.759178,1875
2024,__3Z07KP,BROADVIEW AVE btwn NADOLNY SACHS PRIV & ERNEST AVE (__3Z07KP),45.374481,-75.752785,1018
2024,__3Z0GM7,BROADVIEW AVE btwn PRINCETON AVE & AVONDALE AVE (__3Z0GM7),45.383808,-75.758286,2246
2024,__3Z0F4J,BROADVIEW AVE btwn TILLBURY AVE & WELLESLEY AVE (__3Z0F4J),45.378876,-75.755516,3765
2024,__78U8SOA,BROOKFIELD RD btwn RIVERSIDE DR & 200 W OF FLANNERY DR (__78U8SOA),45.373219,-75.688828,9147
2024,__3Z0DZU,BRUYERE ST btwn ROSE ST & FORSEY ST (__3Z0DZU),45.43568,-75.687531,131
2024,__3Z00C9,BUCKLAND RD btwn STE. JULIE ST & ROCKDALE RD (__3Z00C9),45.355583,-75.353264,222
2024,__3Z0DW5,BUENA VISTA RD btwn MANOR AVE & SPRINGFIELD RD (__3Z0DW5),45.450981,-75.680534,1253
2024,__67PTOE,BUFFLEHEAD WAY btwn GOLDEN SEDGE WAY & SPARTINA ST (__67PTOE),45.31654,-75.608665,201
2024,__3Z00ZC,BULLOCK AVE btwn CENTENNIAL BLVD & ELLIOT AVE (__3Z00ZC),45.403061,-75.671387,344
2024,__3Z0EDU,BULLOCK AVE btwn TORONTO ST & CENTENNIAL BLVD (__3Z0EDU),45.402126,-75.671661,119
2024,__8A9OPM,BUNCHBERRY WAY btwn ROCKROSE WAY & CREEKVIEW WAY (__8A9OPM),45.314381,-75.61541,150
2024,__3ZAIAB,BURKE ST btwn MCBEAN ST & COLONEL MURRAY ST S (__3ZAIAB),45.187786,-75.82943,540
2024,__3Z0FCQ,BURNSIDE AVE btwn FORWARD AVE & HINCHEY AVE (__3Z0FCQ),45.408688,-75.732178,3025
2024,__3Z07F2,BURNT LANDS RD btwn VAUGHAN SIDE RD & MARCH RD (__3Z07F2),45.271362,-76.153198,137
2024,__3Z0FR5,CAHILL DR btwn SOUTHGATE RD & PEBBLE RD (__3Z0FR5),45.357285,-75.648361,2169
2024,e___2IZT,CAMBIE RD btwn SERENADE CRES & TAURUS PL (e___2IZT),45.270203,-75.685547,1564
2024,__3Z0FBX,CAMBRIDGE ST btwn CHRISTIE ST & GLADSTONE AVE (__3Z0FBX),45.408413,-75.705086,366
2024,__3Z0AO0,CAMERON AVE btwn MARCO LANE & OSBORNE ST (__3Z0AO0),45.389751,-75.684845,779
2024,__3Z0DF1,CAMERON AVE btwn SENECA ST & LEONARD AVE (__3Z0DF1),45.388988,-75.686722,744
2024,__3Z0DAB,CAMERON AVE btwn WENDOVER AVE & HARVARD AVE (__3Z0DAB),45.390911,-75.681999,1252
2024,__3Z052N,CAMPEAU DR btwn HAWKSTONE GT & TERON RD/COLCHESTER SQ (__3Z052N),45.32222,-75.892586,8360
2024,__3Z06QF,CAMPEAU DR btwn HERLIHEY WAY & KANATA AVE (__3Z06QF),45.312084,-75.916527,11546
2024,__3Z0AJX,CAMPEAU DR btwn KANATA AVE & STONECROFT TERR (__3Z0AJX),45.314983,-75.911865,7364
2024,__3Z0AAY,CANAAN RD btwn REGIONAL ROAD 174 & WILHAVEN DR (__3Z0AAY),45.516777,-75.330994,2260
2024,__3ZAJ7M,CANON SMITH DR btwn OLD BIRCH RD & AYLWIN RD (__3ZAJ7M),45.486858,-76.213707,403
2024,__3Z07UH,CANTER BLVD btwn ROWLEY AVE & BAYNE AVE (__3Z07UH),45.351452,-75.738861,195
2024,__3Z0C59,CANTERBURY AVE btwn ARCH ST & PLESSER ST (__3Z0C59),45.389179,-75.628937,3178
2024,__3Z0D2Y,CARILLON ST btwn DUROCHER ST & HANNAH ST (__3Z0D2Y),45.43734,-75.665527,644
2024,__3ZAH5N,CARLAW AVE btwn MEADOWBANK DR & ASHGROVE CRES (__3ZAH5N),45.338696,-75.778282,68
2024,__3Z090Q,CARLING AVE btwn NAUTICA PRIV & CARLING AVE SPLIT (__3Z090Q),45.349335,-75.823959,11475
2024,__3Z0A0O,CAROLA ST btwn NEWHAVEN ST & KNOXDALE RD (__3Z0A0O),45.328693,-75.760887,366
2024,__3Z074P,CARP RD btwn DONALD B. MUNRO DR & RIVINGTON ST (__3Z074P),45.343575,-76.03463,4946
2024,__3Z08Z0,CARP RD btwn FALLDOWN LANE & DONALD B. MUNRO DR (__3Z08Z0),45.345333,-76.036781,3343
2024,__3Z0749,CARP RD btwn JUANITA AVE & FALLDOWN LANE (__3Z0749),45.347652,-76.039658,3325
2024,__3Z0CY0,CARSON'S RD btwn BERMUDA AVE & CHARLESWOOD AVE (__3Z0CY0),45.442982,-75.629189,2380
2024,__3Z0E64,CARTIER ST btwn MACLAREN ST & GILMOUR ST (__3Z0E64),45.41769,-75.687576,2612
2024,__3Z0CUH,CASEY AVE btwn EASTVALE DR & BICKERTON AVE (__3Z0CUH),45.459755,-75.595245,1803
2024,__3Z0805,CATHERINE ST btwn KENT ST & BANK ST (__3Z0805),45.409153,-75.692932,10942
2024,__45KVAL,CEDAR CREEK DR btwn FINDLAY CREEK DR & HILLMAN MARSH WAY (__45KVAL),45.318935,-75.596855,5610
2024,__3Z0C1G,CEDAR RD btwn BECKENHAM LANE S & ROTHWELL DR (__3Z0C1G),45.446991,-75.607376,1110
2024,__78U7I8,CEDARSTONE ST btwn ROCHELLE DR & CORNDAV WAY (__78U7I8),45.193783,-75.84684,482
2024,__3Z0CMX,CENTREPARK DR btwn SILVER ASPEN CRES & SILVER ASPEN CRES (__3Z0CMX),45.434479,-75.569771,485
2024,__3ZAHOM,CENTREPOINTE DR btwn GEMINI WAY & HEMMINGWOOD WAY (__3ZAHOM),45.347218,-75.76725,7427
2024,__3Z088I,CHAPEL CRES btwn MANN AVE & WIGGINS PRIV (__3Z088I),45.420528,-75.672272,1926
2024,__3Z09Z0,CHAPEL CRES btwn WIGGINS PRIV & LEES AVE (__3Z09Z0),45.419102,-75.671066,1926
2024,__3Z0ALI,CHARLEMAGNE BLVD btwn MARINOFF WAY & WATTERS RD (__3Z0ALI),45.478565,-75.481354,5099
2024,__3Z0AKG,CHARLEMAGNE BLVD btwn MERKLEY DR & WATTERS RD (__3Z0AKG),45.47678,-75.478828,6253
2024,__3Z0DAQ,CHESLEY ST btwn WENDOVER AVE & HARVARD AVE (__3Z0DAQ),45.39019,-75.681213,176
2024,__3Z0GTH,CHESTERTON DR btwn BOWHILL AVE & ASSINIBOINE DR (__3Z0GTH),45.351887,-75.721481,2534
2024,__3Z0GS6,CHESTERTON DR btwn JUNIPER CRT & VIEWMOUNT DR (__3Z0GS6),45.349564,-75.717308,2182
2024,__3ZAJRJ,CHIMO DR btwn MCCLURE CRES & MCCLURE CRES (__3ZAJRJ),45.309891,-75.89518,1509
2024,__3ZAHBU,CHURCH ST btwn LENIDA DR & LENIDA DR (__3ZAHBU),45.126076,-75.718437,1091
2024,__3Z09CN,CHURCHILL AVE btwn RAVENHILL AVE & KENWOOD AVE (__3Z09CN),45.389652,-75.752312,8510
2024,__3Z06TR,CITY CENTRE AVE btwn SPRUCE ST W & END (__3Z06TR),45.407963,-75.717262,578
2024,__3ZAIKT,CLARENDA ST btwn NEVILLE ST & MOSSDALE ST (__3ZAIKT),45.355846,-75.788216,968
2024,__3Z0FG9,CLARENDON AVE btwn BYRON AVE & KENORA ST (__3Z0FG9),45.396095,-75.735535,1099
2024,__3Z0EC4,CLAREY AVE btwn BANK ST & END (__3Z0EC4),45.40097,-75.685669,262
2024,__3ZAJEO,CLARIDGE DR btwn GENTIAN HTS & SLEAFORD GT (__3ZAJEO),45.286819,-75.727821,3580
2024,__3Z0D2K,CLARKE AVE btwn ST. LAURENT BLVD & CLAUDE ST (__3Z0D2K),45.437473,-75.643005,2579
2024,__3Z0AAN,CLAYTON RD btwn RUSSELL RD & DEVINE RD (__3Z0AAN),45.377827,-75.31044,39
2024,__8JUTE0,CLEARBROOK DR btwn SILVERSTONE WAY & PIAZZA CIR (__8JUTE0),45.273403,-75.733627,3244
2024,__3Z0G14,CLEARVIEW AVE btwn KEYWORTH AVE & COWLEY AVE (__3Z0G14),45.403587,-75.746025,512
2024,__3Z0EGV,CLEGG ST btwn DRUMMOND ST & GLENORA ST (__3Z0EGV),45.405693,-75.677689,3193
2024,__3Z00ZB,CLEGG ST btwn MARLOWE CRES & TELMON ST (__3Z00ZB),45.406948,-75.674789,849
2024,__3Z0645,CLEROUX CRES btwn ORIENT PARK DR & KEMPLANE CRT (__3Z0645),45.435543,-75.545509,352
2024,__3Z0G9T,CLINE CRES btwn WHITMORE AVE & SHERMAN DR (__3Z0G9T),45.363266,-75.756699,124
2024,__3ZAH9S,COBDEN RD btwn EDWIN CRES & BADGER CRES (__3ZAH9S),45.35038,-75.776924,2723
2024,__3Z0F9I,COCHRANE ST btwn VANCOUVER AVE & PAARDEBURGH AVE (__3Z0F9I),45.369343,-75.657036,152
2024,__3Z0F8J,COLDREY AVE btwn KENZIE ST & MERIVALE RD (__3Z0F8J),45.38295,-75.735046,1436
2024,__3Z0859,COLONIAL RD btwn DESSAINT ST & SARSFIELD RD (__3Z0859),45.441307,-75.346352,3731
2024,__3ZAHZ6,COMPTON AVE btwn ANTHONY AVE & FLOWER AVE (__3ZAHZ6),45.373917,-75.773987,206
2024,__3ZAJM1,CONLEY RD btwn MANSFIELD RD & BLEEKS RD (__3ZAJM1),45.187042,-75.914726,303
2024,__3Z08DY,CONROY RD btwn LORRY GREENBERG DR & HUNT CLUB RD (__3Z08DY),45.36734,-75.620865,14837
2024,__3Z08D3,CONROY RD btwn THURSTON DR & JOHNSTON RD (__3Z08D3),45.375565,-75.625389,13567
2024,__3ZAJ3P,CONSTANCE BAY RD btwn BAIRD ST & WOODS RD (__3ZAJ3P),45.48518,-76.075089,1621
2024,__3Z003X,CONSTANCE BAY RD btwn WILLAND LANE & MONTY DR (__3Z003X),45.48138,-76.080772,3243
2024,__8JUUW0,CONSTELLATION DR btwn CENTREPOINTE DR & NAVAHO DR (__8JUUW0),45.3466,-75.763809,1734
2024,__3ZAHIT,CORDOVA ST btwn CHIPPEWA AVE & STARWOOD RD (__3ZAHIT),45.355637,-75.748276,3166
2024,__3Z0GGW,CORDOVA ST btwn RITA AVE & WITHROW AVE (__3Z0GGW),45.352028,-75.745186,1393
2024,__3ZAJ9M,CORKERY RD btwn MARCH RD & MANION RD (__3ZAJ9M),45.272175,-76.085289,481
2024,__3ZAHOW,CORKSTOWN RD btwn BURNBROOK CRES & WESTDALE AVE (__3ZAHOW),45.347198,-75.823593,1298
2024,__3ZAI3L,CORKSTOWN RD btwn MOODIE DR & CRYSTAL BEACH DR (__3ZAI3L),45.341568,-75.836746,1935
2024,__3Z0EH3,CORONATION AVE btwn CHOMLEY CRES & WEYBURN ST (__3Z0EH3),45.410366,-75.644386,2711
2024,__3ZAHNJ,COSTELLO AVE btwn MONTEREY DR & ABINGDON DR (__3ZAHNJ),45.33514,-75.79467,332
2024,__3ZAISR,COUNTRY LANE W btwn VILLAGE GR & SURREY LANE (__3ZAISR),45.298328,-75.877525,348
2024,__3Z0AFN,COX COUNTRY RD btwn WILHAVEN DR & INNES RD (__3Z0AFN),45.484772,-75.443336,1543
2024,__3ZAJ5P,CRAIG'S SIDE RD btwn FARMLAND RD & CARP RD (__3ZAJ5P),45.351097,-76.05558,311
2024,__3ZAHGY,CRAMER DR btwn DEXTER DR & SUNDANCE CRT (__3ZAHGY),45.327271,-75.787407,395
2024,__3ZAHG8,CREMONA CRES btwn CONOVER ST & TIFFON PL (__3ZAHG8),45.328663,-75.770309,128
2024,__3Z0GOE,CRERAR AVE btwn ANNA AVE & STEVENSON AVE (__3Z0GOE),45.3862,-75.72686,1072
2024,__4CZRNM,CRESTHAVEN DR btwn BAYPOINTE CRES & VERSILIA DR (__4CZRNM),45.283588,-75.707146,1925
2024,__4N78GT,CRESTHAVEN DR btwn GROVEHURST DR & SUNVALE WAY (__4N78GT),45.277691,-75.710663,1728
2024,__7N38U7,CRESTHAVEN DR btwn WOODROFFE AVE & SERENA WAY (__7N38U7),45.271019,-75.715149,6028
2024,__3ATNS7,CRESTWAY DR btwn CRESTHAVEN DR/LEIKIN DR & GRAND GALA DR (__3ATNS7),45.286209,-75.706764,2801
2024,__3ZAJGG,CRESTWAY DR btwn GRAND GALA DR & PRINCE OF WALES DR (__3ZAJGG),45.286484,-75.703979,3226
2024,__4CZWVH,CRESTWAY DR btwn HATHAWAY DR & WATERBRIDGE DR (__4CZWVH),45.281166,-75.714386,4611
2024,__30LKUI,CRESTWAY DR btwn STRANDHERD DR & GROVEHURST DR (__30LKUI),45.277462,-75.715553,5708
2024,__3Z0B2F,8TH LINE RD btwn UNITED AVE & RUSSELL ST (__3Z0B2F),45.233772,-75.471695,2545
2024,__3Z0B2Q,8TH LINE RD btwn VAN RENS ST & GLENWOOD DR (__3Z0B2Q),45.227928,-75.468643,1790
2024,__3Z07AG,9TH LINE RD btwn PARKWAY RD & MITCH OWENS RD (__3Z07AG),45.305355,-75.483582,719
2024,__54PPHL,ABBOTT ST btwn GRANITE RIDGE DR & TALLTREE CRES (__54PPHL),45.269413,-75.903336,7117
2024,__3ZAI5X,ABBOTT ST btwn JONATHAN PACK ST & STITTSVILLE MAIN ST (__3ZAI5X),45.256931,-75.923439,2368
2024,__3Z001O,ABERDEEN ST btwn PRESTON ST & ROCHESTER ST (__3Z001O),45.4016,-75.708824,1889
2024,__3Z0EL4,ACACIA AVE btwn MONTROSE AVE & OAKHILL RD (__3Z0EL4),45.445316,-75.672691,1019
2024,e___1GDI,ACCEPTANCE PL btwn HOPE SIDE RD & MEADOWBREEZE DR (e___1GDI),45.276005,-75.840912,2244
2024,__3Z0F83,ADMIRAL AVE btwn CRERAR AVE & ANNA AVE (__3Z0F83),45.383865,-75.729431,599
2024,__3Z0G7L,AGINCOURT RD btwn NAVAHO DR & MALLARD AVE (__3Z0G7L),45.360966,-75.751373,920
2024,__3ZAIMO,AHEARN AVE btwn CROFT ST & FARROW ST (__3ZAIMO),45.360909,-75.800873,626
2024,__3Z0G9P,ALBANY DR btwn CLINE CRES & EDGELAND PL (__3Z0G9P),45.36314,-75.75441,482
2024,__3Z0FSR,ALBION RD btwn BRENDA CRES & CAHILL DR (__3Z0FSR),45.360188,-75.646523,3765
2024,__4V3YKO,ALBION RD btwn GOLDENSTAR PRIV & KITCHENER AVE (__4V3YKO),45.370144,-75.652168,3212
2024,__3Z0F0M,ALBION RD btwn LILIBET CRES N & HEATHERINGTON RD (__3Z0F0M),45.372334,-75.653412,3694
2024,__3Z0E87,ALDERWOOD ST btwn WYLDEWOOD ST & TRAPPER'S RD (__3Z0E87),45.346382,-75.641167,919
2024,__3Z0D3S,ALFRED ST btwn MONTFORT ST & MONTREAL RD (__3Z0D3S),45.43914,-75.6549,1170
2024,__3Z0D5T,ALICE ST btwn DAGMAR AVE & VACHON AVE (__3Z0D5T),45.440186,-75.669456,406
2024,__3Z055H,ALLANFORD AVE btwn BALLYMORE AVE & ARISTA CRT (__3Z055H),45.371372,-75.625504,464
2024,__3ATN9X,AMBIANCE DR btwn CORONET AVE & ROSETTA AVE (__3ATN9X),45.28817,-75.707077,287
2024,__37BA5P,AMETHYST CRES btwn GRANITE RIDGE DR & GRANITE RIDGE DR (__37BA5P),45.271744,-75.910568,115
2024,__3Z0BP6,AMIENS ST btwn BLACKHEATH ST & MARIETTE ST (__3Z0BP6),45.472042,-75.506699,3076
2024,__3Z0GOD,ANNA AVE btwn CARLING AVE & CRERAR AVE (__3Z0GOD),45.387222,-75.728012,508
2024,__3Z0F8H,ANNA AVE btwn MARSHALL AVE & ADMIRAL AVE (__3Z0F8H),45.382282,-75.730423,924
2024,__3Z0EAV,ANOKA ST btwn BANK ST & EDGE HILL PL (__3Z0EAV),45.377991,-75.665726,258
2024,__3Z0G81,APELDOORN AVE btwn MEADOWLANDS DR & NORMANDY CRES (__3Z0G81),45.363266,-75.706703,338
2024,__3Z0G7P,APELDOORN AVE btwn NORMANDY CRES & FALAISE RD (__3Z0G7P),45.361145,-75.704826,312
2024,__3Z06Z1,APPLE TREE LANE btwn KAREN WAY & RIVIERA DR (__3Z06Z1),45.447315,-75.648277,202
2024,__3Z0C6W,ARCH ST btwn HOLT CRES & FLEMING AVE (__3Z0C6W),45.391342,-75.63089,1922
2024,__3Z0E1V,ARIZONA AVE btwn JEFFERSON ST & FLORIDA AVE (__3Z0E1V),45.381714,-75.644073,207
2024,__3Z0GU6,ARNHEM ST btwn GREENBRIAR AVE & NORMANDY CRES (__3Z0GU6),45.364319,-75.704208,183
2024,__3Z0GA4,ARNOT RD btwn FISHER AVE & DYNES RD (__3Z0GA4),45.367512,-75.712975,352
2024,__3Z0DCD,ARUNDEL AVE btwn KILBARRY CRES & BRAEMAR ST (__3Z0DCD),45.454746,-75.656197,207
2024,__3ZAH4H,ASHGROVE CRES btwn LINDHURST CRES & MOORCROFT RD (__3ZAH4H),45.336262,-75.777107,671
2024,__3ZAH34,ASHGROVE CRES btwn WESTFIELD CRES & LINDHURST CRES (__3ZAH34),45.335629,-75.780922,1443
2024,__3Z05Z0,ASHPARK CRES btwn CAHILL DR N & ASHPARK CRES (__3Z05Z0),45.360775,-75.638687,279
2024,__3ZAJ6W,ASHTON STATION RD btwn ORMROD RD & OLD MILL RD (BECKWITH TWP) (__3ZAJ6W),45.158386,-76.034592,1163
2024,__807KJG,AUTUMNFIELD ST btwn MEADOWBREEZE DR & CROWNRIDGE DR (__807KJG),45.274502,-75.848755,184
2024,__3Z0DBT,AVA RD btwn FARNHAM CRES & KILBARRY CRES (__3Z0DBT),45.453056,-75.657494,98
2024,__3Z0FRT,AVOCADO ST btwn LOON LANE & BOURBON ST (__3Z0FRT),45.356247,-75.666161,121
2024,__3Z09S7,BANK ST btwn BANK ST EXTENSION & JOHNSTON RD (__3Z09S7),45.363312,-75.658859,31785
2024,e___2LRS,BANK ST btwn EXHIBITION WAY & WILTON CRES (e___2LRS),45.398247,-75.685661,15509
2024,__3Z09S6A,BANK ST btwn JOHNSTON RD & SOUTHKEYS SC (__3Z09S6A),45.358852,-75.655777,22833
2024,__3Z08QL,BANK ST btwn MASON ST & MEADOW DR (__3Z08QL),45.271866,-75.565758,10172
2024,__3Z08QK,BANK ST btwn MEADOW DR & PARKWAY RD (__3Z08QK),45.26519,-75.560593,9366
2024,__3Z08Q9,BANK ST btwn ORVILLE KEMP ST & LEITRIM RD (__3Z08Q9),45.332561,-75.600731,23642
2024,__811W3P,BANK ST btwn PHILNOR ST & EVENING SHADOW AVE (__811W3P),45.260284,-75.548378,9139
2024,__3Z08P8,BANK ST btwn POPHAM ST & LAWRENCE ST (__3Z08P8),45.161736,-75.462479,5410
2024,__3Z075K,BANK ST btwn RIDEAU RD & MITCH OWENS RD (__3Z075K),45.289066,-75.575577,13314
2024,__3Z088B,BANK ST btwn SUNNYSIDE AVE & HOPEWELL AVE (__3Z088B),45.393909,-75.68322,8520
2024,__3Z07GO,BANKFIELD RD btwn FIRST LINE RD & POTTER DR/LOCKMASTER CRES (__3Z07GO),45.222485,-75.704979,9247
2024,__3Z0G0L,BARLYN AVE btwn CORAL AVE & HILLIARD AVE (__3Z0G0L),45.365562,-75.72049,590
2024,__3Z074U,BASELINE RD btwn MCWATTERS RD & ROCKWAY CRES (__3Z074U),45.343029,-75.783073,26351
2024,__3ZAHJN,BASSANO ST btwn CHIPPEWA AVE & STARWOOD RD (__3ZAHJN),45.356579,-75.746063,635
2024,__3Z0EH0,BAY ST btwn GILMOUR ST & JAMES ST (__3Z0EH0),45.411335,-75.700798,714
2024,__3Z0EHG,BAY ST btwn MACLAREN ST & GILMOUR ST (__3Z0EHG),45.411999,-75.701355,1399
2024,__3Z0GZB,BAYSWATER AVE btwn LAUREL ST & GLADSTONE AVE (__3Z0GZB),45.403542,-75.718811,4302
2024,__3ZAJ9F,BAYVIEW DR btwn RITCHIE AVE & DORIS CURRIE RD (__3ZAJ9F),45.507378,-76.109184,680
2024,__3ZAJCS,BAYWOOD DR btwn ARROWWOOD DR & BRIGHTSIDE AVE (__3ZAJCS),45.249268,-75.907166,712
2024,__3Z08TC,BEARBROOK RD btwn Continuation of BEARBROOK RD & WESTPARK DR (__3Z08TC),45.441551,-75.574066,5327
2024,__3Z08TB,BEARBROOK RD btwn WESTPARK DR N & NORTHPARK DR (__3Z08TB),45.440144,-75.56881,3881
2024,__3ZAJGB,BEATRICE DR btwn BERRIGAN DR & CALAVERAS AVE (__3ZAJGB),45.281723,-75.730202,3201
2024,__3Z0AF4,BEATRICE DR btwn BLACKPOOL LANE & BURNTWOOD AVE (__3Z0AF4),45.284466,-75.731537,2362
2024,__3ZAJG4,BEATRICE DR btwn CALAVERAS AVE & GLEESON WAY (__3ZAJG4),45.280602,-75.72921,2993
2024,__5Z1GV3,BEATRICE DR btwn CHAPMAN MILLS DR & DRAGON PARK DR (__5Z1GV3),45.270817,-75.725304,1164
2024,__3Z0DA0,BEATTIE AVE btwn PLAYFAIR DR & DELMAR DR (__3Z0DA0),45.391594,-75.643188,95
2024,__3Z0E5I,BEAUMONT RD btwn PLAYFAIR DR & DORSET DR (__3Z0E5I),45.389751,-75.64418,208
2024,__3Z0AIM,BEAUSEJOUR DR btwn AUTUMN RIDGE DR & AUTUMN RIDGE DR (__3Z0AIM),45.458157,-75.532013,1839
2024,__3Z0BC5,BEAUSEJOUR DR btwn ORLEANS BLVD & BARRINGTON ST (__3Z0BC5),45.459095,-75.523628,4140
2024,__3Z0CFY,BEAUSOLEIL DR btwn COBOURG ST & LITTLE LONDON PRIV (__3Z0CFY),45.432003,-75.681175,1591
2024,__3ZAHW2,BEAVER RDG btwn EAGLE LANE & WARBONNET DR (__3ZAHW2),45.358631,-75.7267,734
2024,__3Z0DRN,BEAVERPOND DR btwn HALLMARK PL & APPLETON DR S (__3Z0DRN),45.422817,-75.6007,388
2024,__3Z07ZX,BEAVERTAIL RD btwn RICHARDSON SIDE RD & WHITETAIL DR (__3Z07ZX),45.256233,-76.01722,374
2024,__3Z0EFS,BECKWITH RD btwn MARLOWE CRES & ONSLOW CRES (__3Z0EFS),45.405106,-75.673164,149
2024,__3ZAIDK,BEDALE DR btwn HARROGATE PL & STILL WATER DR (__3ZAIDK),45.348793,-75.831207,406
2024,__3Z0GJ7,BEECH ST btwn BAYSWATER AVE & BREEZEHILL AVE (__3Z0GJ7),45.398956,-75.715302,1824
2024,__3ZAJIY,BEECHFERN DR btwn HESSE CRES & WINTERGREEN DR (__3ZAJIY),45.263203,-75.92337,533
2024,__3Z09XP,BEECHWOOD AVE btwn CHAPLEAU AVE & PUTMAN AVE (__3Z09XP),45.441826,-75.672188,9565
2024,__3Z087U,BEECHWOOD AVE btwn DOUGLAS AVE & LANGEVIN AVE (__3Z087U),45.440434,-75.675011,9658
2024,__3Z06V7,BEECHWOOD AVE btwn OAKHILL RD & HEMLOCK RD (__3Z06V7),45.445324,-75.669868,8960
2024,__3Z0GU5,BEL-AIR DR btwn FIELD ST & GARFIELD AVE (__3Z0GU5),45.363068,-75.761368,1397
2024,__3Z0G9G,BEL-AIR DR btwn GARFIELD AVE & GARFIELD AVE (__3Z0G9G),45.365623,-75.756752,1214
2024,__3Z0EI2,BELFAST RD btwn TREMBLAY RD & TRAINYARDS DR (__3Z0EI2),45.416138,-75.646141,10634
2024,__3Z0FBY,BELL ST btwn CHRISTIE ST & WILLOW ST (__3Z0FBY),45.40818,-75.706856,468
2024,__3Z0F5Z,BELL ST btwn PLYMOUTH ST & HENRY ST (__3Z0F5Z),45.402866,-75.703636,585
2024,__3ZAI6V,BELLEVIEW DR btwn VANSTONE DR & PINEVIEW RD (__3ZAI6V),45.309177,-75.885651,258
2024,__3Z07JI,BERKLEY AVE btwn DOMINION AVE & TAY ST (__3Z07JI),45.391739,-75.758766,770
2024,__3ZAJI3,BEVERLY ST btwn EMBER GLOW CRT & STITTSVILLE MAIN ST (__3ZAJI3),45.26252,-75.926704,1539
2024,__3Z0AMH,BIDEFORD ST btwn SHAWINIGAN ST & ROBERVAL AVE (__3Z0AMH),45.479939,-75.477814,4952
2024,__3Z0CJA,BILBERRY DR btwn CHANTENAY DR & JEANNE D'ARC BLVD (__3Z0CJA),45.482914,-75.532906,1042
2024,__3Z0CJF,BILBERRY DR btwn JEANNE D'ARC BLVD & DU BOIS AVE N (__3Z0CJF),45.482914,-75.522736,1637
2024,__3Z0B0C,BILBERRY DR btwn JEANNE D'ARC BLVD & DU BOIS AVE S (__3Z0B0C),45.478802,-75.529922,1843
2024,__3Z0CJW,BILBERRY DR btwn TITANIUM PRIV & DU BOIS AVE (__3Z0CJW),45.481281,-75.524292,1404
2024,__3ZAH2G,BLACK FRIARS RD btwn KNIGHTSBRIDGE RD & DOVERCOURT AVE (__3ZAH2G),45.377052,-75.771042,204
2024,__8JUUV8,BLACKLEAF DR btwn RANNOCH PRIV/SUNITA CRES & TREADWAY PRIV (__8JUUV8),45.249271,-75.731941,674
2024,__3Z00VA,BLOHM DR btwn HUNTERSWOOD CRES & WINNEGREEN CRT (__3Z00VA),45.374928,-75.602951,2531
2024,__3Z00VB,BLOHM DR btwn PICASSO DR & WINNEGREEN CRT (__3Z00VB),45.373817,-75.602959,3713
2024,__3Z00V3,BLOHM DR btwn SAI CRES & HUNTERSWOOD CRES (__3Z00V3),45.375626,-75.604294,2803
2024,__3Z07HA,BLOOMINGTON ST btwn ST. BERNARD ST & VICTORIA HEIGHTS CRES (__3Z07HA),45.350811,-75.626404,85
2024,__3Z0E4G,BLOSSOM DR btwn BEGONIA AVE & WINTHER AVE (__3Z0E4G),45.388912,-75.669289,881
2024,__3Z0DHG,BOLTON ST btwn DALHOUSIE ST & CUMBERLAND ST (__3Z0DHG),45.434616,-75.694389,614
2024,__3Z0DHR,BOLTON ST btwn DALHOUSIE ST & GILBERTE-PAQUETTE AVE (__3Z0DHR),45.433762,-75.696487,1112
2024,__3Z09MU,BOOTH ST btwn BALSAM ST & GLADSTONE AVE (__3Z09MU),45.406128,-75.708542,5502
2024,__86L65U,BORBRIDGE AVE btwn EARNSCLIFFE GROVE/STARGAZER CRES & GUERNSEY PL/STARGAZER CRES (__86L65U),45.26366,-75.69458,1220
2024,__3Z07TF,BORRISOKANE RD btwn CAMBRIAN RD & STRANDHERD DR (__3Z07TF),45.251427,-75.764305,14629
2024,__3Z0BUC,BOTTRIELL WAY btwn HOSKINS CRES & MERKLEY DR (__3Z0BUC),45.473755,-75.491371,3755
2024,__3Z0BPT,BOUNDARY RD btwn END & RUSSELL RD (__3Z0BPT),45.374699,-75.459,158
2024,__3Z0GGL,BOWHILL AVE btwn HILLHURST PL & CHESTERTON DR (__3Z0GGL),45.351669,-75.723602,204
2024,__3Z07U8,BOYD RD btwn DALGLEISH RD & BANK ST (__3Z07U8),45.156986,-75.452225,67
2024,__8IAYKA,BRADY AVE btwn OLD SECOND LINE RD & HUNTERBROOK ST (__8IAYKA),45.343575,-75.941696,1061
2024,__3Z0DBK,BRAEMAR ST btwn AVA RD & JEFFREY AVE (__3Z0DBK),45.452934,-75.655884,106
2024,__3Z0DWO,BRAEMAR ST btwn GLASGOW CRES & GLASGOW CRES (__3Z0DWO),45.450806,-75.655418,409
2024,__3Z0B6Z,MEDOC CRT btwn END & VINEYARD DR (__3Z0B6Z),45.472775,-75.5495,166
2024,__3Z0GON,MELBOURNE AVE btwn PRINCETON AVE & AVONDALE AVE (__3Z0GON),45.385933,-75.752296,273
2024,__3Z0EXO,MELGUND AVE btwn RALPH ST & MONK ST (__3Z0EXO),45.399635,-75.688797,420
2024,__3Z0GLA,MELROSE AVE btwn WELLINGTON ST & GLADSTONE AVE (__3Z0GLA),45.402096,-75.724297,468
2024,__3Z09W0,MERIVALE RD btwn DOVER CRES & WOODWARD AVE (__3Z09W0),45.380657,-75.7332,13876
2024,__3Z09XJ,MERIVALE RD btwn LEASIDE AVE & COLDREY AVE (__3Z09XJ),45.383381,-75.73275,13216
2024,__3Z09OG,MERIVALE RD btwn VIEWMOUNT DR & COLONNADE RD (__3Z09OG),45.342045,-75.728271,21507
2024,__3Z0BAF,MERKLEY DR btwn WILKIE DR W & APOLLO WAY (__3Z0BAF),45.47374,-75.486778,2622
2024,__3ZAI0P,MICHAEL COWPLAND DR btwn DIDSBURY RD & TERENCE MATTHEWS CRES (__3ZAI0P),45.284039,-75.8769,1438
2024,__3Z07UW,MICHAEL ST btwn BELFAST RD & NEWMARKET ST (__3Z07UW),45.410809,-75.625923,6847
2024,__3ZAH2J,MICHELE DR btwn PENNY DR & GRENON AVE (__3ZAH2J),45.355034,-75.800415,1265
2024,__3Z087D,MILTON RD btwn SMITH RD & PERRAULT RD (__3Z087D),45.401608,-75.435539,5503
2024,__3Z08SV,MITCH OWENS RD btwn YORKS CORNERS RD & HALL RD (__3Z08SV),45.324165,-75.463295,3632
2024,__3ZAJVX,MOHRS RD btwn END & HUXLEY ST (__3ZAJVX),45.426891,-76.258011,36
2024,__3ZAJVJ,MOHRS RD btwn GALETTA SIDE RD & RIDDLEDALE RD (__3ZAJVJ),45.421177,-76.250031,17
2024,__3ZAJTE,MOHRS RD btwn YUCKS LANE & KINBURN SIDE RD (__3ZAJTE),45.392738,-76.213966,63
2024,__3Z0ECY,MONK ST btwn THORNTON AVE & MELGUND AVE (__3Z0ECY),45.400421,-75.68782,964
2024,__3ZAH4S,MONTEREY DR btwn COSTELLO AVE & ABINGDON DR (__3ZAH4S),45.337116,-75.794243,2173
2024,__3ZAH4C,MONTEREY DR btwn GUTHRIE ST & HARRISON ST (__3ZAH4C),45.338535,-75.790245,2343
2024,__3Z0D3E,MONTFORT ST btwn BRADLEY AVE & STE. ANNE AVE (__3Z0D3E),45.438957,-75.659943,1626
2024,__3Z0CF3,MONTGOMERY ST btwn MONTREAL RD & SELKIRK ST (__3Z0CF3),45.432575,-75.667816,1321
2024,__6KE620,MOODIE DR btwn ARNOLD DR & SONGBIRD PRIV (__6KE620),45.311283,-75.826935,3205
2024,__3Z00NY,MOODIE DR btwn BRIDE PRIV & MCKENNA CASEY DR (__3Z00NY),45.26004,-75.797211,4513
2024,__3Z00MA,MOODIE DR btwn WEST HUNT CLUB RD & ALTI PL (__3Z00MA),45.288517,-75.813873,5080
2024,__3ZAIRC,MORRENA RD btwn ABBOTSFORD RD & ABBOTSFORD RD (__3ZAIRC),45.296768,-75.885124,271
2024,__3Z0EWV,MORRIS ST btwn FIFTH AVE & HOLMWOOD AVE (__3Z0EWV),45.399002,-75.691299,220
2024,__3ZAH8H,MORRISON DR btwn DRAPER AVE & GREENBANK RD (__3ZAH8H),45.345917,-75.78968,2341
2024,__3Z0A5O,MOUNTSHANNON DR btwn EARL MULLIGAN DR & WOODFORD WAY (__3Z0A5O),45.291752,-75.734352,2162
2024,__3Z0FPJ,MOZART CRT NORTH LEG btwn MOZART CRT & BRAMPTON ST (__3Z0FPJ),45.348846,-75.643112,412
2024,__3ZAHHK,MULVAGH AVE btwn CHESTERTON DR & WALGATE AVE (__3ZAHHK),45.353531,-75.728371,385
2024,__3Z0926,MUNSTER RD btwn BLEEKS RD & DOGWOOD DR (__3Z0926),45.163921,-75.938728,1463
2024,__3Z0CGX,MUTUAL ST btwn DE L'EGLISE ST & MAY ST (__3Z0CGX),45.433064,-75.646866,181
2024,__3ZAJA6,NANTES ST btwn BRIANNA WAY & BEROT LANE (__3ZAJA6),45.459229,-75.462517,1000
2024,__3Z0C2V,NASKAPI DR btwn BEACONWOOD DR & BEACONWOOD DR (__3Z0C2V),45.448307,-75.596901,1969
2024,__3Z0CCX,NASKAPI DR btwn LUDGATE CRT & MARQUIS AVE (__3Z0CCX),45.449169,-75.602364,1025
2024,__3Z0G61,NAVAHO DR btwn IRIS ST & LAXTON CRES N (__3Z0G61),45.359833,-75.758072,2131
2024,__3Z09JG,NAVAN RD btwn MER BLEUE RD & DIAMOND WAY (__3Z09JG),45.424931,-75.485466,6617
2024,__3ZAJJC,NEIL AVE btwn CARP RD & MCCOOEYE LANE (__3ZAJJC),45.26857,-75.934906,289
2024,__3Z0CFN,NELSON ST btwn CLARENCE ST & YORK ST (__3Z0CFN),45.431679,-75.685829,900
2024,__3Z0DO4,NELSON ST btwn LAURIER AVE & OSGOODE ST (__3Z0DO4),45.425251,-75.68045,1201
2024,__3Z0ANW,NICOLET WAY btwn NORTHLANDS DR & MCCALLUM DR (__3Z0ANW),45.471581,-75.474747,150
2024,__3Z08EY,NIXON DR btwn RIVER RD & SNAKE ISLAND RD (__3Z08EY),45.161358,-75.628517,7988
2024,__3Z0FXQ,NORA ST btwn KIRKWOOD AVE & HILSON AVE (__3Z0FXQ),45.391537,-75.743706,101
2024,__3Z0GZK,NORICE ST btwn SULLIVAN AVE & BROOK LANE (__3Z0GZK),45.341602,-75.74836,1098
2024,__3Z0GKG,NORMAN ST btwn PRESTON ST & ROCHESTER ST (__3Z0GKG),45.400291,-75.708015,557
2024,__3Z0GUN,NORMANDY CRES btwn FISHER AVE & ORTONA AVE S (__3Z0GUN),45.356464,-75.706749,938
2024,__3Z0FOK,NORTH DR btwn WEST AVE & HILLTOP DR (__3Z0FOK),45.231056,-75.688248,194
2024,__3Z0ANJ,NORTHLANDS DR btwn SACRAMENTO DR & SUNLAND DR (__3Z0ANJ),45.46978,-75.476059,2011
2024,__3Z0CNX,NORTHPARK DR btwn BURNDALE RD & RIDGEBURN GT (__3Z0CNX),45.436611,-75.563782,594
2024,__3Z0BFQ,NOTRE DAME ST btwn RICHER DR & LEBLANC DR (__3Z0BFQ),45.468376,-75.52739,801
2024,__3Z0B5Y,NOTRE DAME ST btwn ST. JEAN ST & BELCOURT BLVD (__3Z0B5Y),45.470028,-75.523056,387
2024,__3Z0F9A,NOTTING HILL AVE btwn HAMPSTEAD PL & VANCOUVER AVE (__3Z0F9A),45.370819,-75.656845,227
2024,__67PUTE,OAK CREEK RD btwn MCGEE SIDE RD & NEWILL PL (__67PUTE),45.313511,-75.973831,412
2024,__3Z0EG7,O'CONNOR ST btwn GLEBE AVE & FIRST AVE (__3Z0EG7),45.406231,-75.68586,2551
2024,__3Z0CQQ,OGILVIE RD btwn EASTVALE DR & GLENFERN AVE (__3Z0CQQ),45.459484,-75.60186,1295
2024,__3Z08W7,OGILVIE RD btwn ELMRIDGE DR & GREGORY CRT (__3Z08W7),45.444263,-75.595726,9620
2024,__3ZAJP0,OLD CARP RD btwn OLD SECOND LINE RD & MARCHBROOK CIR (__3ZAJP0),45.353237,-75.947266,1118
2024,__3Z074A,OLD MONTREAL RD btwn DAIRY DR/AVEIA PRIV & GRAND-CHENE CRT (__3Z074A),45.492676,-75.471085,9387
2024,__3Z08I1,OLD MONTREAL RD btwn ST. PETER ST & GLASFORD ST (__3Z08I1),45.51725,-75.408096,3970
2024,e___2JUA,OLD PRESCOTT RD btwn LAKE TRAIL RD & BREANNA CARDILL ST (e___2JUA),45.246994,-75.561691,1791
2024,__8IAYV5,OLD RICHMOND RD btwn SANIBEL PRIV & SEYTON DR (__8IAYV5),45.311344,-75.829323,7469
2024,__3Z00PF,OLD RICHMOND RD btwn STEEPLE HILL CRES & PIETY HILL WAY (__3Z00PF),45.266273,-75.829216,6251
2024,__3Z0DH9,OLD ST. PATRICK ST btwn BEAUSOLEIL DR & PATRO ST (__3Z0DH9),45.43457,-75.684097,1579
2024,__3Z0CF6,OLMSTEAD ST btwn MAPLE ST & GLADU ST (__3Z0CF6),45.432346,-75.660675,2456
2024,__3Z0B7M,ORLEANS BLVD btwn FORTUNE DR & LUMBERMAN WAY (__3Z0B7M),45.473454,-75.534019,10530
2024,__42HME0,ORLEANS BLVD btwn NAVAN RD & BLUE WILLOW CRES W/DES GRANDS-CHAMP WAY (__42HME0),45.434746,-75.530502,6148
2024,__3Z07U4,ORLEANS BLVD btwn ST. LOUIS DR & BROKEN OAK DR (__3Z07U4),45.481091,-75.540382,4277
2024,__3ZAJ54,ORVILLE ST btwn RALPHPARK ST & BRADLEY ST (__3ZAJ54),45.25959,-75.917198,637
2024,__3Z08FK,OSGOODE MAIN ST btwn ELIZABETH ST & VANCE ST (__3Z08FK),45.146671,-75.605354,2991
2024,__3Z0DP9,OSGOODE ST btwn CHAPEL ST & BLACKBURN AVE (__3Z0DP9),45.425915,-75.676231,683
2024,__3ZAI2J,OTTAWA ST btwn KING ST & EAGLESON RD (__3ZAI2J),45.190144,-75.819412,2099
2024,__3Z0FQ5,OWL DR btwn AVOCADO ST & PIGEON TERR (__3Z0FQ5),45.354328,-75.666138,907
2024,__3Z0B0P,PADDLER WAY btwn VOYAGEUR DR & LONG BOW GT (__3Z0B0P),45.477699,-75.546379,241
2024,__3Z051L,PANMURE RD btwn BREEZY HEIGHTS RD & MARSHWOOD RD (__3Z051L),45.327515,-76.170685,958
2024,__3Z09DV,PARKDALE AVE btwn HWY417 IC122 RAMP51 & SHERWOOD DR (__3Z09DV),45.396481,-75.726517,10280
2024,__3Z09DI,PARKDALE AVE btwn KENILWORTH ST & HUTCHISON AVE (__3Z09DI),45.394367,-75.725243,8627
2024,__3Z09C1,PARKDALE AVE btwn RUSKIN ST & INGLEWOOD PL (__3Z09C1),45.392738,-75.724274,7296
2024,__3ZAH39,PARKFIELD CRES btwn ASHGROVE CRES & ASHGROVE CRES (__3ZAH39),45.336956,-75.777473,288
2024,__3Z067B,PARKHAVEN AVE btwn DRESDEN CRES & DRESDEN CRES (__3Z067B),45.363033,-75.776062,312
2024,__3Z0CHT,PARKWAY RD btwn GOOD ST & KESWICK DR (__3Z0CHT),45.261215,-75.564247,2854
2024,__3Z0B1Z,PARKWAY RD btwn NASHDALE DR & NASHDALE DR (__3Z0B1Z),45.289921,-75.495468,607
2024,__6REWON,PAUL METIVIER DR btwn GLENDORE ST & TAPESTRY DR (__6REWON),45.269707,-75.721458,4861
2024,__61W6Q2,PAUL METIVIER DR btwn HAILEYBURY ST/LEAMINGTON WAY & TEMAGAMI DR (__61W6Q2),45.267269,-75.72805,4442
2024,__3Z0FSI,PEBBLE RD btwn SOUTH KEYS PL & CAHILL DR (__3Z0FSI),45.359047,-75.648567,338
2024,__3Z00QC,PERTH ST btwn COCKBURN ST & KING ST (__3Z00QC),45.196594,-75.835358,12850
2024,__3Z00Q7,PERTH ST btwn NIXON FARM DR & LENNOX ST (__3Z00Q7),45.193005,-75.841026,10958
2024,__3Z00Q2,PERTH ST btwn QUEEN CHARLOTTE ST N & FORTUNE ST (__3Z00Q2),45.190254,-75.845345,9291
2024,__3Z0AA6,PIERRETTE DR btwn DES TREMBLES AVE E & LOCKWOOD LANE E (__3Z0AA6),45.517597,-75.381256,153
2024,__3Z0AEN,PIERRETTE DR btwn LOCKWOOD LANE & ERNSIDE CRES W (__3Z0AEN),45.515705,-75.383881,86
2024,__45C2UR,PINE VISTA DR btwn SIESTA CRT & SIESTA CRT (__45C2UR),45.47406,-75.446823,470
2024,__3Z09A1,PINECREST RD btwn ST. STEPHEN'S ST & KELLY AVE (__3Z09A1),45.353916,-75.792297,17706
2024,__3Z0AM9,PINEGLADE CRES btwn ORLEANS BLVD & LONGLEAF DR (__3Z0AM9),45.44302,-75.53363,355
2024,__3Z0BP5,PIPERVILLE RD btwn ANDERSON RD & FARMERS WAY (__3Z0BP5),45.346962,-75.512886,1277
2024,__54M5QM,PIPERVILLE RD btwn RAMSAYVILLE RD & COUNTRY TRAIL PRIV (__54M5QM),45.337612,-75.535889,2039
2024,__3Z0FPC,PLANTE DR btwn PATTERMEAD CRES & WAXWING DR (__3Z0FPC),45.349968,-75.661034,809
2024,__3Z0DA9,PLAYFAIR DR btwn BEAUMONT RD & BEATTIE AVE (__3Z0DA9),45.390774,-75.644524,747
2024,__3Z0DA8,PLAYFAIR DR btwn DUNKIRK CRES & BEAUMONT RD (__3Z0DA8),45.390709,-75.645393,564
2024,__3Z0ES4,PLEASANT PARK RD btwn OXBOW AVE & ELMSIDE AVE (__3Z0ES4),45.394238,-75.646187,4391
2024,__33D6NC,PONDHOLLOW WAY btwn SILVERTHORN CRT & GOLFLINKS DR (__33D6NC),45.259052,-75.722481,449
2024,__3Z0G1Q,PONTIAC ST btwn PATRICIA AVE & KEYWORTH AVE (__3Z0G1Q),45.404816,-75.748489,147
2024,__3Z07OT,PORTOBELLO BLVD btwn GARDENWAY DR & VALIN ST (__3Z07OT),45.472794,-75.470139,6932
2024,__3Z05TP,PORTOBELLO BLVD btwn SCALA AVE & CHAREST WAY (__3Z05TP),45.463707,-75.466599,5040
2024,__8IAXFZ,PORTOBELLO BLVD btwn SUMMER DAYS WALK/STORMWIND AVE & SUMMER SKY ST (__8IAXFZ),45.450581,-75.462624,1316
2024,__4VGUJE,PORTRUSH AVE btwn HAYLOCK WAY & CLARIDGE DR (__4VGUJE),45.276917,-75.736763,269
2024,__4VGUKN,PORTRUSH AVE btwn LONGFIELDS DR & HAYLOCK WAY (__4VGUKN),45.275997,-75.739082,318
2024,__8JUUVF,PRESTIGE CIR btwn PRESTIGE CIR & PRESTIGE CIR (__8JUUVF),45.4911,-75.495796,618
2024,__3Z09DB,PRESTON ST btwn ADELINE ST & SIDNEY ST (__3Z09DB),45.398365,-75.708153,6578
2024,__3Z09EY,PRESTON ST btwn NORMAN ST & PAMILLA ST (__3Z09EY),45.399647,-75.708946,5828
2024,__3Z09LP,PRESTON ST btwn YOUNG ST & GEORGE ST W (__3Z09LP),45.402287,-75.710533,1858
2024,__3Z0BTZ,PRESTWICK DR btwn PAYETTE DR & GALLOWAY DR (__3Z0BTZ),45.468613,-75.497452,2665
2024,__3Z0BNV,PRESTWICK DR btwn SUMMERLANDS CRES & SUMMERLANDS CRES (__3Z0BNV),45.462139,-75.492531,3690
2024,__3Z0994,PRINCE OF WALES DR btwn JAMES CRAIG ST & RUSSVERN DR (__3Z0994),45.136497,-75.715096,3283
2024,__3ZAJ05,STONECREST RD btwn KINBURN SIDE RD & NEEDHAMS SIDE RD (__3ZAJ05),45.42683,-76.101013,406
2024,__3Z0AGF,STONEHAVEN DR btwn BRIDLEWOOD DR & TAMARA WAY (__3Z0AGF),45.29068,-75.861191,10203
2024,__3Z05YO,STONEHAVEN DR btwn GRASSY PLAINS DR & SUMMITVIEW DR (__3Z05YO),45.280865,-75.84269,11636
2024,__4LVKHR,STONEHAVEN DR btwn STONEMEADOW DR & BRIDLE PARK DR (__4LVKHR),45.286385,-75.846718,7483
2024,__3Z05SG,STONEWAY DR btwn FOREST GATE WAY W & LOCHELAND CRES (__3Z05SG),45.288361,-75.7211,2893
2024,__3Z07RW,STONEWAY DR btwn WINDHURST DR & LEWISTON AVE (__3Z07RW),45.281895,-75.718407,3241
2024,__8XI21B,STORMWIND AVE btwn TERRAPIN TERR & PORTOBELLO BLVD (__8XI21B),45.45126,-75.464478,1924
2024,e___2K3E,STRANDHERD DR btwn AURA AVE & CHAPMAN MILLS DR/FRASER FIELDS WAY (e___2K3E),45.262684,-75.760063,17915
2024,__6ZT4M2,STRASBOURG ST btwn ROCHEFORT CIR & BRIAN COBURN BLVD (__6ZT4M2),45.449585,-75.48716,1817
2024,__3Z0GBC,SULLIVAN AVE btwn OAKRIDGE BLVD & WESTWOOD DR (__3Z0GBC),45.342102,-75.751091,760
2024,__3Z0GY6,SULLIVAN AVE btwn WHITEHILL AVE & PARKER AVE E (__3Z0GY6),45.339703,-75.747017,1187
2024,__5JY302,SULTAN ST btwn EVERLASTING CRES & EVERLASTING CRES (__5JY302),45.484097,-75.471054,384
2024,e___2HSJ,SUMMERGAZE ST btwn SHIMMERTON CIR & SUMMITVIEW DR (e___2HSJ),45.277264,-75.839813,1042
2024,__86L61T,SUMMERHILL ST btwn GOLDEN SPRINGS CRES & ARDMORE ST (__86L61T),45.266846,-75.694206,1106
2024,__3Z0BNU,SUMMERLANDS CRES btwn PRESTWICK DR & PRESTWICK DR (__3Z0BNU),45.462997,-75.49575,166
2024,__3Z0EPE,SUMMIT AVE btwn TEDDER AVE & VERGER PL (__3Z0EPE),45.391315,-75.658997,248
2024,__3Z0AMF,SUNLAND DR btwn LAUZON ST & LAUZON ST (__3Z0AMF),45.468384,-75.477547,224
2024,__3Z0ESI,SUNNYSIDE AVE btwn GROSVENOR AVE & BANK ST (__3Z0ESI),45.393734,-75.684669,3354
2024,__3Z0BDL,SUNVIEW DR btwn DREAM CRT & DES PERDRIX CRES/DREAM CRT (__3Z0BDL),45.461502,-75.512489,1909
2024,__3Z0GNE,SWITZER AVE btwn END & KIRKWOOD AVE (__3Z0GNE),45.385349,-75.742233,104
2024,__6XB3ZT,TACOM CIR btwn TACOM CIR & TACOM CIR (__6XB3ZT),45.27388,-75.717148,188
2024,__3Z0FUX,TAPIOLA CRES btwn ALLIANCE PRIV & CRIMSON GT (__3Z0FUX),45.363277,-75.642426,1308
2024,__67PYNK,TARTAN DR btwn HOULAHAN ST & HARTHILL WAY (__67PYNK),45.261799,-75.7659,1855
2024,__3ZAHT4,TARTAN DR btwn OPAL LANE & TOWNSEND DR (__3ZAHT4),45.267788,-75.757019,3105
2024,__3ZAIMQ,TAVISTOCK RD btwn SACKVILLE ST & ELMHURST ST (__3ZAIMQ),45.36124,-75.785278,1148
2024,__3Z0C8L,TAWNEY RD btwn FURBY AVE & DWIGHT CRES (__3Z0C8L),45.394272,-75.616318,530
2024,__3Z0C6B,TAWNEY RD btwn HEATON AVE & SUSAN ST (__3Z0C6B),45.391907,-75.61573,825
2024,__3Z0CEI,TELFORD AVE btwn SIROIS AVE & ALESTHER ST (__3Z0CEI),45.430466,-75.64534,616
2024,__3Z06JN,TEMPO ST btwn LAUNAY AVE & DUPLANTE AVE/LYNX CRES (__3Z06JN),45.480335,-75.473099,1217
2024,__3ZAIEW,TERENCE MATTHEWS CRES btwn DENZIL DOYLE CRT & MICHAEL COWPLAND DR (__3ZAIEW),45.287121,-75.870674,1010
2024,__3ZAJOE,TERON RD btwn BREWER HUNT WAY & CARLING AVE (__3ZAJOE),45.337635,-75.901596,2076
2024,__8XI21I,TERRAPIN TERR btwn CAPUCHON WAY & CARACOLE WAY (__8XI21I),45.452015,-75.466324,455
2024,__8EOC8P,TERRY FOX DR btwn KANATA AVE & DIDSBURY RD (__8EOC8P),45.309742,-75.927498,19470
2024,__3Z0ED6,THIRD AVE btwn LYON ST & BANK ST (__3Z0ED6),45.402504,-75.689667,1712
2024,__3ZAJ60,THOMAS A. DOLAN PKWY btwn RACHELL WAY & DIAMONDVIEW RD (__3ZAJ60),45.363819,-76.110695,651
2024,__3Z0FUG,THORNDALE DR btwn WALKLEY RD & PROVOST DR (__3Z0FUG),45.365219,-75.674149,591
2024,__3Z0EX2,THORNTON AVE btwn RALPH ST & MONK ST (__3Z0EX2),45.400261,-75.689171,464
2024,__3Z0DWM,THORNWOOD RD btwn LONSDALE RD & DUNLOE AVE (__3Z0DWM),45.450695,-75.6577,273
2024,__3ZAH6G,THORSON AVE btwn MCWATTERS RD & STANTON RD (__3ZAH6G),45.343414,-75.784363,627
2024,__3Z06OR,THURSTON DR btwn ST. LAURENT BLVD & THOMAS SPRATT PL (__3Z06OR),45.382759,-75.619591,1308
2024,__3Z0F4E,TILLBURY AVE btwn HILLCREST AVE & BROADVIEW AVE (__3Z0F4E),45.379543,-75.75647,1025
2024,__3Z0F4V,TILLBURY AVE btwn WESTMINSTER AVE & MANSFIELD AVE (__3Z0F4V),45.378681,-75.760391,491
2024,__8IGF4J,TOMPKINS AVE btwn MAJOR RD & VIEILLE-CASERNE PRIV (__8IGF4J),45.473606,-75.509148,1409
2024,__3Z0DG7,TORONTO ST btwn MAIN ST & BULLOCK AVE (__3Z0DG7),45.401325,-75.672638,195
2024,__8IAXGZ,TRAILSEDGE WAY btwn TRAILSEDGE WAY & END (__8IAXGZ),45.430965,-75.515656,19
2024,__3Z09Z4,TREMBLAY RD btwn AVENUE R & AVENUE S (__3Z09Z4),45.419003,-75.641983,1697
2024,__3ZAHQF,TRENTON AVE btwn MERIVALE RD & PRINCE ST (__3ZAHQF),45.375103,-75.731544,1197
2024,__3Z0879,TRIM RD btwn HENN DR & SMITH RD (__3Z0879),45.422897,-75.427795,5261
2024,e___1GGC,TRIM RD btwn SPRINGRIDGE DR & SPRINGRIDGE DR (e___1GGC),45.479416,-75.467049,15006
2024,__4VGR1U,TRIM RD btwn WATTERS RD & SPRINGRIDGE DR (__4VGR1U),45.482197,-75.471527,15813
2024,__3EAKSI,TRUDEAU AVE btwn CASSANDRA ST & ROLLIN PL (__3EAKSI),45.355125,-75.34436,346
2024,__3ZAIDT,ULLSWATER DR btwn CONNISTON AVE & NEWGALE ST (__3ZAIDT),45.349865,-75.838974,249
2024,__3Z0EB7,UPLANDS DR btwn COUNTRY CLUB DR & ARCHER SQ (__3Z0EB7),45.344471,-75.686577,3704
2024,__3Z0FO9,UPLANDS DR btwn PAUL ANKA DR & SHEARWATER PRIV (__3Z0FO9),45.348038,-75.673302,3308
2024,__3Z09GS,UPPER DWYER HILL RD btwn PANMURE RD & MANTIL SIDE RD (__3Z09GS),45.313549,-76.182541,1813
2024,__3Z0ANY,VALIN ST btwn CHARLEMAGNE BLVD & NORTHLANDS DR (__3Z0ANY),45.473743,-75.476578,5098
2024,__51MDZT,VALIN ST btwn WINSOME TERR & PROVENCE AVE (__51MDZT),45.471733,-75.461967,3569
2024,__3Z0C6E,VALLEY DR btwn DUNELM ST & GOREN AVE (__3Z0C6E),45.391907,-75.621841,284
2024,__3Z0G63,VALMARIE AVE btwn NORMANDY CRES & FALAISE RD (__3Z0G63),45.360596,-75.706062,144
2024,__3Z050H,VARENNES BLVD btwn SHEENBORO CRES & COMO CRES (__3Z050H),45.478268,-75.473785,3549
2024,__3ZAJOL,VARLEY DR btwn ALFRED CASSON WAY & JACKSON CRT (__3ZAJOL),45.33292,-75.907539,1120
2024,__3Z0D5N,VAUGHAN ST btwn MACKAY ST & BERTRAND ST (__3Z0D5N),45.440319,-75.678276,646
2024,__3Z0GOF,VETERAN AVE btwn HARROLD PL & HARROLD PL (__3Z0GOF),45.386158,-75.729637,372
2024,__3Z08S9,VICTORIA ST btwn GLEN ST & HUME ST (__3Z08S9),45.23402,-75.477234,5134
2024,__3Z0GF1,VIEWMOUNT DR btwn COACH HOUSE GT & COOLSPRING CRES (__3Z0GF1),45.349987,-75.71286,4578
2024,__3Z0GSN,VIEWMOUNT DR btwn MERIVALE RD & GRANT CARMAN DR (__3Z0GSN),45.344524,-75.727821,5318
2024,__3Z0GSU,VIEWMOUNT DR btwn SAGINAW CRES & ONONDAGA CRT (__3Z0GSU),45.346458,-75.718773,5133
2024,__3Z0GPT,VISCOUNT AVE btwn MERIVALE RD & VETERAN AVE (__3Z0GPT),45.386528,-75.731049,132
2024,__3Z0B1H,VISENEAU DR btwn SIMARD DR & LARMOND AVE (__3Z0B1H),45.454643,-75.521553,1654
2024,__5Z1ROH,VISTAPARK DR btwn CLARINGTON AVE & SARABELLA ST (__5Z1ROH),45.450684,-75.471924,959
2024,__3Z0B6E,VOYAGEUR DR btwn VINEYARD DR & DRIFTWOOD CRES (__3Z0B6E),45.473663,-75.553398,1845
2024,__3Z00MO,WALDEN DR btwn CHARLESWORTH CRT & IRONSIDE CRT (__3Z00MO),45.327831,-75.923462,1964
2024,__3Z09SA,WALKLEY RD btwn WEXFORD WAY & THORNDALE DR (__3Z09SA),45.365547,-75.675293,17001
2024,__3Z0BQ6,WALL RD btwn TRIM RD & FRANK KENNY RD (__3Z0BQ6),45.449306,-75.432808,1618
2024,__3Z0DF5,WARRINGTON DR btwn WENDOVER AVE & RALEIGH ST (__3Z0DF5),45.389309,-75.681122,121
2024,__4CZRM0,WATERBRIDGE DR btwn CRESTHAVEN DR & OLDFIELD ST (__4CZRM0),45.281487,-75.709892,831
2024,__3ZAIJB,WATSON ST btwn FALLIS AVE & ST. STEPHEN'S ST (__3ZAIJB),45.355305,-75.794266,196
2024,__3ZAH19,WATSON ST btwn ST. STEPHEN'S ST & DUMAURIER AVE (__3ZAH19),45.353058,-75.79303,342
2024,__3Z0ALD,WATTERS RD btwn SHAWINIGAN ST & ROBERVAL AVE (__3Z0ALD),45.479717,-75.477135,4952
2024,__3Z0DFC,WENDOVER AVE btwn CAMERON AVE & CHESLEY ST (__3Z0DFC),45.390358,-75.681969,183
2024,__6R1U2T,WEST RIDGE DR btwn BARRACKS WAY & DALEWOOD CRES (__6R1U2T),45.242451,-75.915237,1635
2024,__3Z0FL3,WEST RIVER DR btwn ELIZABETH AVE & BRIDGE ST (__3Z0FL3),45.229324,-75.683403,604
2024,__3Z0C91,WESTON DR btwn HAIG DR & CAMROSE ST (__3Z0C91),45.395947,-75.635475,250
2024,__3Z0C90,WESTON DR btwn TILSON ST & CORRY ST (__3Z0C90),45.396408,-75.628952,419
2024,__3Z0CNK,WESTPARK DR btwn PARKWOOD CRES & HIGHPARK CRES (__3Z0CNK),45.436218,-75.571037,550
2024,__3Z0BXU,WESTPARK DR btwn VALEWOOD CRES & VALEWOOD CRES (__3Z0BXU),45.439095,-75.572105,779
2024,__3Z0044,WEYBRIDGE DR btwn MANNINGTON CRT & KENNEVALE DR (__3Z0044),45.271767,-75.766983,1766
2024,__3Z0AXZ,WHEATLAND AVE btwn WHEATLAND AVE & WHEATLAND AVE (__3Z0AXZ),45.276413,-75.853195,286
2024,__67PTMM,WHITE ALDER AVE btwn FLAT SEDGE CRES & STALWART CRES (__67PTMM),45.322968,-75.598656,2102
2024,__67PTNP,WHITE ALDER AVE btwn MANGROVE CRES & BULRUSH CRES (__67PTNP),45.319889,-75.606125,1308
2024,__67PTOG,WHITE ALDER AVE btwn SPARTINA ST & BUFFLEHEAD WAY (__67PTOG),45.316963,-75.609833,871
2024,__67PTMF,WHITE ALDER AVE btwn WIDGEON WAY & WIDGEON WAY (__67PTMF),45.32172,-75.604576,1031
2024,__3Z0G7Y,WHITMORE AVE btwn CLINE CRES & CLINE CRES (__3Z0G7Y),45.36166,-75.757965,155
2024,__3Z0G7I,WHITMORE AVE btwn IRIS ST & CLINE CRES (__3Z0G7I),45.359898,-75.759171,490
2024,__67PTMA,WIDGEON WAY btwn WHITE ALDER AVE & WHITE ALDER AVE (__67PTMA),45.321312,-75.6026,276
2024,__3Z0003,WILDPINE CRT btwn STITTSVILLE MAIN ST & END (__3Z0003),45.265362,-75.926842,216
2024,__3Z0BQH,WILHAVEN DR btwn MINOGUE CRES & DUNNING RD (__3Z0BQH),45.502918,-75.399948,557
2024,__3Z0BAD,WILKIE DR btwn CAMINITI CRES & CAMINITI CRES (__3Z0BAD),45.473179,-75.48262,387
2024,__3ZAIP0,WILLOW GLEN DR btwn HAWLEY CRES & HAWLEY CRES (__3ZAIP0),45.291622,-75.86792,209
2024,__3Z0BYU,WILLOWBARK DR btwn DES TREFLIERES GDN & FOREST VALLEY DR (__3Z0BYU),45.448784,-75.537552,726
2024,__3Z0FE4,WINONA AVE btwn ASHTON AVE & ELMGROVE AVE (__3Z0FE4),45.394203,-75.753952,423
2024,__4CZOFG,WISTERIA CRES btwn VINTAGE LANE & MOSSWOOD CRT (__4CZOFG),45.340935,-75.669792,297
2024,__4CZOFV,WISTERIA CRES btwn VINTAGE LANE & MOSSWOOD CRT (__4CZOFV),45.339241,-75.670547,167
2024,__3ZAHHC,WITHROW AVE btwn ST. HELEN'S PL & MERIVALE RD (__3ZAHHC),45.355045,-75.737061,1610
2024,__3Z0D7Q,WOLFFDALE CRES btwn BARRY ST & ALESTHER ST (__3Z0D7Q),45.427292,-75.641449,117
2024,__3Z0D8P,WOLFFDALE CRES btwn OKEE ST & ALESTHER ST (__3Z0D8P),45.427994,-75.641708,139
2024,__3ZAJ02,WOODKILTON RD btwn RIVERWOOD DR & GALETTA SIDE RD (__3ZAJ02),45.502808,-76.154366,421
2024,__3Z0838,WOODROFFE AVE btwn SLACK RD & GRENFELL CRES (__3Z0838),45.313633,-75.73983,29254
2024,__3Z083G,WOODROFFE AVE btwn VAAN DR & PINELAND AVE (__3Z083G),45.3209,-75.744141,25684
2024,__3Z0G6Q,WOODSIDE DR btwn NAVAHO DR & AINSLEY DR (__3Z0G6Q),45.360809,-75.749031,154
2024,__3Z09JY,YORKS CORNERS RD btwn CLELLAND WAY & SOUTH BRANCH ST (__3Z09JY),45.22905,-75.415207,325
2024,__3ZAHVE,GAGE CRES btwn FERGUSON ST & AINSLEY DR (__3ZAHVE),45.357616,-75.750679,185
2024,__3Z09GV,GALETTA SIDE RD btwn MACHARDY RD & DARWIN ST (__3Z09GV),45.419907,-76.262863,2741
2024,__3Z0AKR,GARDENWAY DR btwn LATOUR CRES & OAKLAWN CRES (__3Z0AKR),45.465996,-75.486366,2657
2024,__3Z06AI,GARDENWAY DR btwn SATURN CRES & SATURN CRES (__3Z06AI),45.469601,-75.47184,984
2024,__3Z0DDK,GASPE AVE btwn ST. LAURENT BLVD & CAMELIA AVE (__3Z0DDK),45.455456,-75.654526,357
2024,__3Z0F8Y,GENERAL AVE btwn ANNA AVE & ANNA AVE/CROWN CRES (__3Z0F8Y),45.383423,-75.725815,79
2024,__3Z0D4C,GENEST ST btwn ST. CHARLES ST & MARIER AVE (__3Z0D4C),45.440392,-75.670662,421
2024,__3ZAIN4,GEORGINA DR btwn ROSEWOOD AVE & EDGEWORTH AVE (__3ZAIN4),45.364185,-75.779602,172
2024,__3ZAIN9,GEORGINA DR btwn WHITEHAVEN CRES & PARKHAVEN AVE (__3ZAIN9),45.364487,-75.777191,2373
2024,__3Z09MV,GLADSTONE AVE btwn BOOTH ST & LEBRETON ST (__3Z09MV),45.406178,-75.707825,6686
2024,__3Z09E3,GLADSTONE AVE btwn PARKDALE AVE & BEVERLEY AVE (__3Z09E3),45.399738,-75.727203,4668
2024,__3Z09MJ,GLADSTONE AVE btwn PRESTON ST & ROCHESTER ST (__3Z09MJ),45.404968,-75.710838,5592
2024,__3Z09K0,GLADSTONE AVE btwn SHERBROOKE AVE & MELROSE AVE (__3Z09K0),45.400711,-75.723938,6858
2024,__3Z001S,GLEBE AVE btwn BRONSON AVE & PERCY ST (__3Z001S),45.401768,-75.697739,1244
2024,__3Z0BAM,GLEN KNOLLS DR btwn LONG BOW GT & BROKEN OAK DR (__3Z0BAM),45.478668,-75.541901,275
2024,__3Z0B23,GLEN ST btwn BYRON ST & LAURIE LANE (__3Z0B23),45.231762,-75.476524,478
2024,__3Z0CQH,GLENFERN AVE btwn LA VERENDRYE DR & GLENHURST CRES (__3Z0CQH),45.457832,-75.604591,1021
2024,__3Z0ENN,GLENWOOD AVE btwn ROXBOROUGH AVE & ASHBURY RD (__3Z0ENN),45.447716,-75.674973,420
2024,__3Z0FDY,GLOUCESTER ST btwn PERCY ST & BAY ST (__3Z0FDY),45.415249,-75.705193,1351
2024,__3Z002K,GOLDEN AVE btwn DOVERCOURT AVE & PARR AVE (__3Z002K),45.381634,-75.753624,201
2024,__3Z0GOA,GOLDEN AVE btwn KENWOOD AVE & PRINCETON AVE (__3Z0GOA),45.386501,-75.756538,395
2024,__3EX1Y7,GOLDENEYE WAY btwn ROCKY HARBOUR CRES & ANTIQUE CRT (__3EX1Y7),45.281395,-75.683662,714
2024,__3Z00EZ,GOTH AVE btwn GOTHWOOD PL & SUGAR CANE LANE (__3Z00EZ),45.347363,-75.63356,566
2024,__3Z0EPJ,GRAHAM AVE btwn ECHO DR & MAIN ST (__3Z0EPJ),45.411674,-75.681053,509
2024,__37BAGS,GRANITE RIDGE DR btwn DOLOMITE ST & FELDSPAR CRES (__37BAGS),45.27142,-75.907646,1811
2024,__3Z0GDT,GRANT CARMAN DR btwn MEADOWLANDS DR & FAMILY BROWN LANE (__3Z0GDT),45.3508,-75.729721,4708
2024,__3ZAJ8K,GRANTS SIDE RD btwn DONALD B. MUNRO DR & JOHN SHAW RD (__3ZAJ8K),45.375259,-76.155663,32
2024,__3Z07JV,GRASMERE CRES btwn ANOKA ST & COLLINS AVE (__3Z07JV),45.377876,-75.662392,277
2024,__3Z0F09,GRASMERE CRES btwn ERIE AVE & PORTLAND AVE (__3Z0F09),45.375755,-75.662071,236
2024,__3Z0AHV,GREELY WEST DR btwn WADDION DR & CORNFIELD CRES (__3Z0AHV),45.250805,-75.595917,172
2024,__3ZAHAX,GREENBANK RD btwn BARNSDALE RD & VIEWBANK RD (__3ZAHAX),45.230385,-75.722717,2745
2024,__3Z00NQ,GREENBANK RD btwn CANFIELD RD & BELLMAN DR (__3Z00NQ),45.328411,-75.780739,21918
2024,__3Z099E,GREENBANK RD btwn HARRISON ST & BANNER RD (__3Z099E),45.333794,-75.783875,24889
2024,__3Z08IQ,GREGOIRE RD btwn BOUCHARD ST(RUSSELL TWP) & MARIONVILLE RD (__3Z08IQ),45.183884,-75.354332,751
2024,__3Z0AXH,GRENFELL CRES btwn BURNBANK ST & CAPITAL DR (__3Z0AXH),45.320435,-75.721634,968
2024,__3ZAH9F,GRENON AVE btwn NOREN AVE & NOREN AVE (__3ZAH9F),45.352932,-75.795319,562
2024,__3Z0B5P,GREY NUNS DR btwn FRIAR GT & SUNDOWN CRES (__3Z0B5P),45.469589,-75.537155,1172
2024,__3Z0BE9,GREY NUNS DR btwn HARVEST CRES & HARVEST CRES (__3Z0BE9),45.467834,-75.542076,1202
2024,__3Z0CIV,GREY'S CREEK RD btwn SNAKE ISLAND RD & END (__3Z0CIV),45.214642,-75.516121,187
2024,__3Z0FZO,GWYNNE AVE btwn LAURENTIAN PL & CARLING AVE (__3Z0FZO),45.394165,-75.718124,127
2024,__3ZAI86,HADLEY CIR btwn TANGLEWOOD DR & WAREHAM ST (__3ZAI86),45.321178,-75.830376,392
2024,__3Z0BPY,HALL RD btwn THUNDER RD & MITCH OWENS RD (__3Z0BPY),45.33437,-75.465271,65
2024,__3Z0D22,HANNAH ST btwn ETHEL ST & CARILLON ST (__3Z0D22),45.437714,-75.664688,3096
2024,__3ZAJU8,HARBOUR ST btwn CREEK DR & FITZROY ST (__3ZAJU8),45.471298,-76.216461,300
2024,__3Z0GAG,HARE AVE btwn LENESTER AVE & HARMANY AVE (__3Z0GAG),45.368683,-75.762589,579
2024,__3Z0FV2,HARKNESS AVE btwn WEXFORD WAY & AVONCOURT WAY (__3Z0FV2),45.366859,-75.675125,299
2024,__3Z0FGF,HARMER AVE btwn KENORA ST & JAVA ST (__3Z0FGF),45.396271,-75.732162,717
2024,__3Z0GE8,HARRIS PL btwn INDIAN RD & ROWLEY AVE (__3Z0GE8),45.348232,-75.742767,187
2024,__3Z0GF8,HARRIS PL btwn PETER ST & JOAN ST (__3Z0GF8),45.350163,-75.737831,132
2024,__3Z0GD6,HARRIS PL btwn WITHROW AVE & INDIAN RD (__3Z0GD6),45.346581,-75.747078,197
2024,__3ZAH4K,HARRISON ST btwn BARNES CRES & DAYTON CRES (__3ZAH4K),45.337067,-75.787643,863
2024,__3Z0GO7,HARROLD PL N/W LEG btwn VETERAN AVE N & HARROLD PL WEST LOOP (__3Z0GO7),45.385994,-75.730278,184
2024,__3Z0GOW,HARROLD PL S/W LEG btwn HARROLD PL WEST LOOP & VETERAN AVE S (__3Z0GOW),45.385815,-75.73011,170
2024,__37BZX0,HARRY DOUGLAS DR btwn GALENA CRT & QUARTZ CRES (__37BZX0),45.274158,-75.907837,857
2024,__3Z07LF,HARRY DOUGLAS DR btwn QUARTZ CRES & IBER RD (__3Z07LF),45.274464,-75.903954,1229
2024,__3Z0DFB,HARVARD AVE btwn CHESLEY ST & RALEIGH ST (__3Z0DFB),45.39011,-75.680443,148
2024,__3Z06XW,HEARST WAY btwn ROBERGE CRES & COHEN AVE (__3Z06XW),45.316803,-75.89035,1000
2024,__3Z0E06,HEATHERINGTON RD btwn ALBION RD & BANNERHILL PRIV (__3Z0E06),45.373131,-75.648735,1796
2024,__3Z09X3,HEMLOCK RD btwn THORNWOOD RD & BRAEMAR ST (__3Z09X3),45.449551,-75.656181,10536
2024,__3Z0DH7,HENEY ST btwn COBOURG ST & CHARLOTTE ST (__3Z0DH7),45.434238,-75.678818,484
2024,__3ZAH0L,HENFIELD AVE btwn SCOVA CRES S & FOXHILL WAY (__3ZAH0L),45.282791,-75.750412,244
2024,__5RFC5Q,HERON RD btwn ALTA VISTA DR & FINN CRT (__5RFC5Q),45.379169,-75.659035,21760
2024,__3ZAJOF,HERZBERG RD btwn CARLING AVE & BAYFIELD AVE (__3ZAJOF),45.338539,-75.89695,5855
2024,__3ZAJCN,HIGHBURY PARK DR btwn VIA SAN MARINO ST & VERONA AVE (__3ZAJCN),45.27943,-75.746376,3716
2024,__3Z0F68,HIGHLAND AVE btwn DOVERCOURT AVE & TILLBURY AVE (__3Z0F68),45.380981,-75.755493,201
2024,__3Z0GMF,HIGHLAND AVE btwn PRINCETON AVE & AVONDALE AVE (__3Z0GMF),45.38422,-75.757355,186
2024,__3Z002M,HIGHLAND AVE btwn TILLBURY AVE & WELLESLEY AVE (__3Z002M),45.379147,-75.75396,562
2024,__3Z071P,HIGHMONT CRT btwn GOLDRIDGE DR & KANATA AVE (__3Z071P),45.314758,-75.919739,153
2024,__3Z0F6S,HILLCREST AVE btwn DOVERCOURT AVE & TILLBURY AVE (__3Z0F6S),45.380367,-75.757477,104
2024,__3Z0GN5,HILLCREST AVE btwn KENWOOD AVE & PRINCETON AVE (__3Z0GN5),45.385059,-75.760101,144
2024,__3Z075E,HILLSIDE DR btwn END & MONTREAL RD (__3Z075E),45.442272,-75.645058,355
2024,__3ZAJI1,HOBIN ST btwn PULLMAN AVE & LANIGAN CRES (__3ZAJI1),45.262348,-75.932266,1282
2024,__3Z08KR,HOG'S BACK RD btwn COLONEL BY DR & RIVERSIDE DR (__3Z08KR),45.371758,-75.694695,11855
2024,__3Z09DSB,HOLLAND AVE btwn TYNDALL ST & 95 N OF SHERWOOD DR (__3Z09DSB),45.396805,-75.730171,7736
2024,__3Z0ERT,HOPEWELL AVE btwn GROSVENOR AVE & BANK ST (__3Z0ERT),45.393082,-75.684219,842
2024,__3Z0AD4,HORIZON DR btwn VISTA AVE & VARS ST (__3Z0AD4),45.358662,-75.351509,242
2024,__5JZN2Q,HORSESHOE CRES btwn MOJAVE CRES & CHEROKEE WAY (__5JZN2Q),45.276646,-75.930748,1006
2024,__5JZN2M,HORSESHOE CRES btwn STITTSVILLE MAIN ST & MOJAVE CRES N (__5JZN2M),45.276703,-75.931786,284
2024,__44Z94X,HUNTCLIFF PL btwn MARABROOKE ST & HARBOUR VIEW ST (__44Z94X),45.269619,-75.710953,86
2024,__3Z0DR2,HUNTERSFIELD DR btwn BURLINGTON CRES & BURLINGTON CRES (__3Z0DR2),45.364285,-75.624802,444
2024,__3Z00UU,HUNTERSFIELD DR btwn NEWPORT CRES & NEWPORT CRES (__3Z00UU),45.362766,-75.628448,798
2024,__3Z00V9,HUNTERSWOOD CRES NORTH LEG btwn HUNTERSWOOD CRES & FOLKWAY GT (__3Z00V9),45.37759,-75.601013,277
2024,__3Z0922,HUNTLEY RD btwn CORLYN GT & FLEWELLYN RD (__3Z0922),45.232254,-75.902733,5523
2024,__3ZAJRN,HUNTMAR DR btwn OLD CARP RD & BRADLEY SIDE RD (__3ZAJRN),45.326035,-75.966682,4176
2024,__3Z07VQ,HUNTMAR DR btwn PALLADIUM DR & MAPLE GROVE RD (__3Z07VQ),45.291866,-75.92411,13102
2024,__6FWVHY,HUNTSVILLE DR btwn BATTERSEA CRES & HUNTSVILLE DR (__6FWVHY),45.314816,-75.93483,1798
2024,__6FWUGC,HUNTSVILLE DR btwn HUNTSVILLE DR SPLIT & WALLACEBURG CRT (__6FWUGC),45.315804,-75.935799,1514
2024,__8JUTGM,HUNTSVILLE DR btwn TERRY FOX DR & ESCARPMENT CRES/TERRANE PL (__8JUTGM),45.318104,-75.94397,1910
2024,__3Z0FXS,INGLEWOOD PL btwn HINTON AVE & HAMILTON AVE (__3Z0FXS),45.391666,-75.725334,572
2024,__3Z0G5X,INVERNESS AVE btwn GOODWIN AVE & NORMANDY CRES (__3Z0G5X),45.358944,-75.712677,880
2024,__3Z0FZX,IONA ST btwn MAYFAIR AVE S & CLARENDON AVE (__3Z0FZX),45.393948,-75.736,376
2024,__3Z0FZN,IONA ST btwn PICCADILLY AVE & MAYFAIR AVE (__3Z0FZN),45.393356,-75.737946,671
2024,__3ZAHKP,JAMES CRAIG ST btwn ANDREW ST & PRINCE OF WALES DR (__3ZAHKP),45.133877,-75.715317,304
2024,__3Z0093,JAMES LEWIS AVE btwn BRIGHTSIDE AVE & HARTSMERE DR (__3Z0093),45.251167,-75.905624,149
2024,__3Z0EPH,JAMES ST btwn BAY ST & LYON ST (__3Z0EPH),45.411331,-75.69976,266
2024,__3Z0EH6,JAMES ST btwn BRONSON AVE & PERCY ST (__3Z0EH6),45.409824,-75.703369,262
2024,__3Z0CY4,JASMINE CRES btwn OGILVIE RD & BEAVERHILL DR (__3Z0CY4),45.442692,-75.595993,1240
2024,__3Z0FE0,JAVA ST btwn MAYFAIR AVE S & CLARENDON AVE (__3Z0FE0),45.394611,-75.736404,190
2024,__3Z0CLT,JEANNE D'ARC BLVD btwn LAWNSBERRY DR & CATTAIL WAY (__3Z0CLT),45.486927,-75.514618,3932
2024,__3Z07N8,JEANNE D'ARC BLVD btwn ROSSIGNOL CRES & ROSSIGNOL CRES (__3Z07N8),45.490601,-75.501282,3643
2024,__3Z0DB9,JEFFREY AVE btwn BRAEMAR ST & ST. LAURENT BLVD (__3Z0DB9),45.453728,-75.654991,77
2024,__3Z0DJ3,JILL ST btwn ANNETTE ST & ELIZABETH ST (__3Z0DJ3),45.14373,-75.606209,183
2024,__3ZAJ0D,JOHN SHAW RD btwn GRANTS SIDE RD & SNOWBIRD LANE (__3ZAJ0D),45.368801,-76.135925,104
2024,__3Z00VM,JOHNSTON RD btwn BASLAW DR W & CELLINI CRT (__3Z00VM),45.375912,-75.614105,2116
2024,__3Z0C2X,JOHNSTON RD btwn LANGSTROM CRES & EWING ST (__3Z0C2X),45.374264,-75.621445,4558
2024,__3Z0E05,KALADAR AVE btwn TRAVERSE DR & DARTMOUTH AVE (__3Z0E05),45.372822,-75.670708,610
2024,__72870O,KANATA AVE btwn KEYROCK DR/STIKINE DR & PETRA PRIV (__72870O),45.320713,-75.927071,3882
2024,__3Z0ENM,KAREN WAY btwn PEACH TREE LANE & APPLE TREE LANE (__3Z0ENM),45.447472,-75.648949,132
2024,__3Z0AZ6,KATHLEEN CRES btwn RANDALL JAMES DR & AMY ST (__3Z0AZ6),45.268299,-75.908218,413
2024,__3ZAJU9,KEDEY ST btwn CREEK DR & FITZROY ST (__3ZAJU9),45.471764,-76.215675,209
2024,__3Z0F5K,KEENAN AVE btwn WAVELL AVE & GAINSBOROUGH AVE (__3Z0F5K),45.381298,-75.765198,762
2024,__3Z0CP8,KENDER AVE btwn INGRAM CRES & DUTTON CRES (__3Z0CP8),45.456955,-75.596535,1204
2024,__3Z0AMU,PRINCESS LOUISE DR btwn DEANCOURT CRES & HANCOCK CRES N (__3Z0AMU),45.479961,-75.486046,3883
2024,__3Z0GN6,PRINCETON AVE btwn HILLCREST AVE & BROADVIEW AVE (__3Z0GN6),45.384369,-75.75914,652
2024,__3Z0API,PRINCETON AVE btwn ROOSEVELT AVE & MELBOURNE AVE (__3Z0API),45.386501,-75.753326,1463
2024,__58PEVI,PROVENCE AVE btwn MULDER AVE & BALLANTYNE DR (__58PEVI),45.470093,-75.460579,2940
2024,__3ZAJIO,PULLMAN AVE btwn HOBIN ST & BEVERLY ST (__3ZAJIO),45.261108,-75.93161,187
2024,__3Z0DP7,QUEEN MARY ST btwn BERNARD ST & ALESTHER ST (__3Z0DP7),45.425991,-75.641006,2084
2024,__3ZAH9G,QUEENSVIEW DR btwn PINECREST RD & END (__3ZAH9G),45.353279,-75.786575,5426
2024,__3Z0CU1,QUINCY AVE btwn RIVERSHORE CRES & OGILVIE RD (__3Z0CU1),45.461418,-75.604607,1406
2024,__3ZAJUQ,RABBIT PATH btwn LOGGERS WAY & JOHN SHAW RD (__3ZAJUQ),45.409081,-76.20015,62
2024,__3Z0DTN,RAJ TERR btwn MANJU ST & EWING ST (__3Z0DTN),45.372387,-75.621086,243
2024,__3Z0D09,RALEIGH ST btwn WARRINGTON DR & HARVARD AVE (__3Z0D09),45.389488,-75.680473,62
2024,__3Z0EXN,RALPH ST btwn THORNTON AVE & MELGUND AVE (__3Z0EXN),45.399475,-75.690155,606
2024,__3Z0E1E,RANDALL AVE btwn RALSTON ST & RIDGECREST PL (__3Z0E1E),45.382973,-75.664711,1021
2024,__3Z0FWV,RAVENHILL AVE btwn EDISON AVE & CHURCHILL AVE (__3Z0FWV),45.390228,-75.753204,344
2024,__3Z0ECF,REGENT ST btwn BANK ST & HOWICK PL (__3Z0ECF),45.401348,-75.68644,433
2024,__3ZAIOU,REGINA ST btwn DON ST & CROYDON AVE (__3ZAIOU),45.36599,-75.790657,1967
2024,e___2H99,RENAUD RD btwn FERN CASEY ST & WHITE ST (e___2H99),45.435177,-75.504242,4753
2024,__3Z09C8,RICHMOND RD btwn EDEN AVE & EDGEWOOD AVE (__3Z09C8),45.392933,-75.752045,8203
2024,__3Z09DX,RICHMOND RD btwn PATRICIA AVE & LEIGHTON TERR (__3Z09DX),45.396538,-75.743774,8783
2024,__7N1IU3,RIDDLEDALE RD btwn MOHRS RD & LOGGERS WAY (__7N1IU3),45.422913,-76.241257,32
2024,__3Z0FK5,RIDEAU FOREST DR btwn RIVER RD & SHYLO CRES (__3Z0FK5),45.221676,-75.654434,691
2024,__3Z073H,RIDEAU GARDEN DR btwn BULLOCK AVE & CENTENNIAL BLVD (__3Z073H),45.401131,-75.671028,105
2024,__3Z0084,RIDEAU TERR btwn DURHAM PRIV & SPRINGFIELD RD (__3Z0084),45.443855,-75.678116,1251
2024,__3Z0EKE,RIDEAU TERR btwn RIDGEWAY WAY & LAMBTON AVE (__3Z0EKE),45.443756,-75.674309,671
2024,__3Z09VY,RIDEAU VALLEY DR btwn COMMODORE DR & KARS RECTORY ST (__3Z09VY),45.152161,-75.648026,1332
2024,__3Z06CR,RIDEAUCREST DR btwn ROBLYN WAY & COTTINGHAM ST (__3Z06CR),45.285282,-75.720963,2833
2024,__3Z0A7I,RIDGEBROOK DR btwn ERIC CRES & NORTHDALE ST (__3Z0A7I),45.422886,-75.605354,591
2024,__3Z0CNQ,RIDGEBURN GT btwn BURNDALE RD & DICEMAN CRES (__3Z0CNQ),45.435741,-75.561821,993
2024,__3Z0FAQ,RIDGEMONT AVE btwn BANK ST & EDGE HILL PL (__3Z0FAQ),45.376648,-75.665268,364
2024,__3Z0FAS,RIDGEMONT AVE btwn EDGE HILL PL & GRASMERE CRES (__3Z0FAS),45.376793,-75.663124,370
2024,e___2HKI,RIVER MIST RD btwn DAMSELFLY WAY & DES SOLDATS-RIENDEAU ST (e___2HKI),45.242119,-75.734627,2026
2024,__8OJCQQ,RIVER MIST RD btwn DUNLIN RIDGE/EXCURSION WAY & EGRET WAY (__8OJCQQ),45.247486,-75.738434,2995
2024,__8PNLJR,RIVER MIST RD btwn WHITE ARCTIC & DUNDONALD DR (__8PNLJR),45.245407,-75.736771,2315
2024,__3Z08E9,RIVER RD btwn OSGOODE MAIN ST & DALMENY RD (__3Z08E9),45.122623,-75.620659,2561
2024,__737L2Q,RIVER RUN AVE btwn DOVETAIL HTS & GRAND CANAL ST (__737L2Q),45.252502,-75.74662,2296
2024,__8OJCMA,RIVERBOAT HTS btwn MILLARS SOUND WAY & RIVER RUN AVE (__8OJCMA),45.253548,-75.745323,516
2024,__3Z0EU3,RIVERDALE AVE btwn SUNNYSIDE AVE & SOUTHERN DR (__3Z0EU3),45.396717,-75.67907,5271
2024,__807KJE,RIVERTREE ST btwn MEADOWBREEZE DR & CROWNRIDGE DR (__807KJE),45.274952,-75.849335,213
2024,__8IAYQ6,ROB LYTLE'S LANE btwn COUNTRY MEADOW DR & MARCH RD (__8IAYQ6),45.31102,-76.064171,283
2024,__3Z09LB,ROCHESTER ST btwn GLADSTONE AVE & HWY417 IC121B RAMP16 (__3Z09LB),45.404537,-75.709274,8045
2024,__3Z08HE,ROCKDALE RD btwn BUCKLAND RD & ALCIDE AVE (__3Z08HE),45.354939,-75.352341,2445
2024,__3Z08HF,ROCKDALE RD btwn HORIZON DR & BUCKLAND RD (__3Z08HF),45.356968,-75.353455,2592
2024,__3ZAH64,ROCKWAY CRES btwn ROCKWAY CRES & END (__3ZAH64),45.341957,-75.779243,676
2024,__3Z099S,ROGER STEVENS DR btwn CRAIGHURST DR & PERKINS DR (__3Z099S),45.130096,-75.720215,4000
2024,__8IAYUG,ROMINA ST btwn ARRITA ST & ARTESA PRIV (__8IAYUG),45.273239,-75.863823,1218
2024,__3Z002H,ROOSEVELT AVE btwn AVONDALE AVE & DOVERCOURT AVE (__3Z002H),45.384087,-75.752602,1116
2024,__3Z066Y,ROOSEVELT AVE btwn END & RICHMOND RD (__3Z066Y),45.391842,-75.757767,517
2024,__3Z001G,ROOSEVELT AVE btwn PRINCETON AVE & AVONDALE AVE (__3Z001G),45.385563,-75.753487,827
2024,__3Z0DVP,ROSEBELLA AVE btwn SIXTH ST & EIGHTH ST (__3Z0DVP),45.351086,-75.620834,1670
2024,__3Z07Q2,ROSEFIRE DR btwn GLENWOOD DR & KELSEY ST (__3Z07Q2),45.22784,-75.463135,236
2024,__3Z0GLU,ROSEMOUNT AVE btwn WELLINGTON ST & GLADSTONE AVE (__3Z0GLU),45.401268,-75.725807,1527
2024,__3ZAH2H,ROSEVIEW AVE btwn CARLING AVE & MICHELE DR (__3ZAH2H),45.354897,-75.803192,1234
2024,__3ZAHHZ,ROSSLAND AVE btwn ST. HELEN'S PL & MERIVALE RD (__3ZAHHZ),45.354355,-75.736809,771
2024,__8A9OQ3,ROTARY WAY btwn TEASEL WAY & FERNSIDE ST (__8A9OQ3),45.327278,-75.588318,1347
2024,__3Z0A1W,ROTHBURY CRES btwn DRAYTON PRIV & PROVENDER AVE (__3Z0A1W),45.449013,-75.627419,129
2024,__3ZAIA9,ROYAL YORK ST btwn FORTUNE ST & MAITLAND ST (__3ZAIA9),45.185612,-75.8368,442
2024,__3Z0FY6,RUSKIN ST btwn HINTON AVE & HAMILTON AVE (__3Z0FY6),45.392937,-75.726112,714
2024,__3Z0FEY,RUSKIN ST btwn MACFARLANE AVE & MELROSE AVE/REID AVE (__3Z0FEY),45.394333,-75.721428,1765
2024,__3Z09KW,RUSSELL RD btwn WAY ST & BOUNDARY RD (__3Z09KW),45.371655,-75.464958,3549
2024,__3Z0A4Y,SABLE RIDGE DR btwn COURTYARD CRES & COURTYARD CRES (__3Z0A4Y),45.357597,-75.633247,264
2024,__3Z0A41,SABLE RIDGE DR btwn HUNT CLUB RD & SABLE RIDGE DR (__3Z0A41),45.359146,-75.631386,1644
2024,__3Z077Q,SALISBURY ST btwn DEUGO ST & VILLAGEVIEW PRIV (__3Z077Q),45.344418,-76.029037,302
2024,__3ZAHZD,SAVILLE ROW btwn WOODROFFE AVE & LOCKHART AVE (__3ZAHZD),45.3736,-75.771568,2216
2024,__4LKB1E,SCALA AVE btwn MELETTE CRES & MELETTE CRES (__4LKB1E),45.462276,-75.467842,1378
2024,__4LK0RB,SCALA AVE btwn SWALLOWTAIL CRES & NEWCARLISLE CRES (__4LK0RB),45.464573,-75.462029,1265
2024,__3Z0AN0,SCARLET CRT btwn SCARLET CRT & LORRY GREENBERG DR (__3Z0AN0),45.360653,-75.633247,354
2024,__3ZAJCT,SCULLY WAY btwn MULDER AVE & MULDER AVE (__3ZAJCT),45.469872,-75.459167,147
2024,__3Z0EEI,SECOND AVE btwn LYON ST & BANK ST (__3Z0EEI),45.403172,-75.690117,1319
2024,__3ZAIKZ,SEVERN AVE btwn ARKELL ST & CONNAUGHT AVE (__3ZAIKZ),45.356907,-75.782799,651
2024,__3Z00SO,SEYTON DR btwn FORESTVIEW CRES & FORESTVIEW CRES (__3Z00SO),45.314095,-75.834167,1171
2024,__4FODOQ,SEYTON DR btwn TYRRELL PL & WIFFEN PRIV (__4FODOQ),45.315018,-75.832176,1409
2024,__3Z0E8V,SHANEGAL CRES btwn DOWNPATRICK RD & DOWNPATRICK RD (__3Z0E8V),45.343925,-75.660774,74
2024,__3ZAIFV,SHELDRAKE DR btwn MORTON DR & BINSCARTH CRES (__3ZAIFV),45.290352,-75.883064,629
2024,__3Z0GXP,SHERBOURNE RD btwn COURTENAY AVE & WINDERMERE AVE (__3Z0GXP),45.377174,-75.762756,2490
2024,__3ZAHL6,SHERBOURNE RD btwn KNIGHTSBRIDGE RD & REDWOOD AVE (__3ZAHL6),45.379562,-75.768364,1746
2024,__3Z0G7C,SHERMAN DR btwn NAVAHO DR & CLINE CRES (__3Z0G7C),45.36211,-75.756531,136
2024,__3Z0GHM,SHERWOOD DR btwn CIVIC PL & LARCHWOOD AVE (__3Z0GHM),45.396347,-75.716034,3647
2024,__3Z0FG6,SHERWOOD DR btwn HAMILTON AVE & PARKDALE AVE (__3Z0FG6),45.395889,-75.726746,1370
2024,__3Z0GIK,SHERWOOD DR btwn REID AVE & BARRIE AVE (__3Z0GIK),45.397144,-75.721741,1876
2024,__3Z057Z,SHORELINE DR btwn OWL VALLEY DR & SPRATT RD (__3Z057Z),45.277382,-75.688896,1546
2024,__3Z00E8,SIXTH ST btwn ST. BERNARD ST & BELLMANOR CRT (__3Z00E8),45.351452,-75.623573,1662
2024,__3Z09O3,SLATER ST btwn COMMISSIONER ST & BAY ST (__3Z09O3),45.416313,-75.706856,5396
2024,__3ZAH9N,SODERLIND ST btwn SUDBURY AVE & PLACID ST (__3ZAH9N),45.349697,-75.780235,614
2024,__8XI26Y,SOLSTICE WAY btwn SOLEIL AVE & CALLA LILY TERR/SUNLIT CIR (__8XI26Y),45.45089,-75.460609,834
2024,__5Z1RMR,SOUTHFIELD WAY btwn BRANTHAVEN ST & ST. ALEXI WALK (__5Z1RMR),45.448551,-75.478729,2268
2024,__3Z0FRB,SOUTHGATE RD btwn CLEARWATER CRES & CLEARWATER CRES (__3Z0FRB),45.35862,-75.652344,1157
2024,__3Z0FTM,SOUTHMORE DR btwn MCCARTHY RD & WELLAND ST (__3Z0FTM),45.361015,-75.673561,674
2024,__3Z0FVJ,SOUTHMORE DR btwn THORNDALE DR & RAND AVE (__3Z0FVJ),45.365299,-75.670265,1040
2024,__3Z0CMJ,SOUTHPARK DR btwn WOODBURN DR & INNES RD (__3Z0CMJ),45.43195,-75.56765,981
2024,__3Z0D0L,SPARTAN AVE btwn LOLA ST & BRANT ST (__3Z0D0L),45.429665,-75.651619,392
2024,__3Z06VM,SPARTAN GROVE ST btwn BLACK STALLION WAY & PRINCIOTTA ST (__3Z06VM),45.244091,-75.595711,689
2024,__3EX1UH,SPRATT RD btwn HOLLOW TRAIL GT & CANYON WALK DR (__3EX1UH),45.284527,-75.681808,4116
2024,e___2HEF,SPRATT RD btwn LIMEBANK RD & BOOTHFIELD ST (e___2HEF),45.289429,-75.66996,2462
2024,__3Z0571,SPRATT RD btwn SHORELINE DR & SHORELINE DR (__3Z0571),45.275459,-75.689331,4811
2024,__3Z0GC5,SPRING GARDEN AVE btwn LARGO CRES & LARGO CRES (__3Z0GC5),45.343483,-75.736908,305
2024,__3Z0DV0,SPRINGFIELD RD btwn BUENA VISTA RD & PARK RD (__3Z0DV0),45.45047,-75.679024,1132
2024,__3Z0ELV,SPRINGFIELD RD btwn ROCKCLIFFE WAY & LINDENLEA RD/DURHAM PRIV (__3Z0ELV),45.445343,-75.677704,2821
2024,__3Z0EH7,SPRINGHURST AVE btwn MAIN ST & ROSEMERE AVE (__3Z0EH7),45.410809,-75.677589,436
2024,__3Z0FUS,SPRINGLAND DR btwn FLANNERY DR & WALTON CRT (__3Z0FUS),45.363026,-75.684479,2653
2024,__7JQ7IE,SPRUCE RIDGE RD btwn RICHARDSON SIDE RD & HAZELDEAN RD (__7JQ7IE),45.258003,-75.997879,783
2024,__3Z00G8,ST. BERNARD ST btwn BLOOMINGTON ST & SIXTH ST (__3Z00G8),45.351749,-75.625435,957
2024,__3Z0BT3,ST. GEORGES ST btwn GLENEAGLES AVE & GALLOWAY DR (__3Z0BT3),45.469036,-75.502403,1966
2024,__3Z00YC,ST. LAURENT BLVD btwn CONROY RD & THURSTON DR (__3Z00YC),45.382542,-75.624283,3830
2024,__3Z0C6P,ST. LAURENT BLVD btwn JOLIFFE ST & SUSAN ST (__3Z0C6P),45.391472,-75.618919,11469
2024,__3Z09HX,ST. PATRICK ST btwn PARENT AVE & DALHOUSIE ST (__3Z09HX),45.430485,-75.693703,3221
2024,__3Z09HR,ST. PATRICK ST btwn SUSSEX DR & PARENT AVE (__3Z09HR),45.429695,-75.69558,2967
2024,__3Z0D4O,STANLEY AVE btwn KEEFER ST & RIVER LANE (__3Z0D4O),45.439083,-75.685074,1283
2024,__3ZAIVW,STEEPLE HILL CRES btwn OLD RICHMOND RD & PIETY HILL WAY (__3ZAIVW),45.266052,-75.825142,247
2024,__3Z0GPP,STEVENSON AVE btwn CARLING AVE & CRERAR AVE (__3Z0GPP),45.387539,-75.727119,176
2024,__3ZAHOL,STILL WATER DR btwn HARROGATE PL & ERSKINE PL (__3ZAHOL),45.346672,-75.828064,207
2024,__3Z08MX,STITTSVILLE MAIN ST btwn ANDREW ALEXANDER CRT & MCCANN ST (__3Z08MX),45.26017,-75.922676,14087
2024,__3Z091W,STITTSVILLE MAIN ST btwn EAST HEALEY AVE & FLEWELLYN RD (__3Z091W),45.236816,-75.908493,6567
2025,e___2JRR,CELESTIAL GROVE btwn PROXIMA TERR & ALCOR TERR (e___2JRR),45.251205,-75.751976,320
2025,__3Z00AN,BEVERLY ST btwn DELAMERE DR & BIRDSTONE AVE (__3Z00AN),45.258957,-75.932365,1196
2025,__3Z06YU,SHORELINE DR btwn COVEHEAD CRES/RAINFOREST DR & COVEHEAD CRES/TOTEM DR (__3Z06YU),45.27763,-75.691978,941
2025,__6N4TCF,TERMINAL AVE btwn RAILMARKET PRIV & SANDFORD FLEMING AVE (__6N4TCF),45.414581,-75.652519,8047
2025,__3ZAH28,BRADFORD ST btwn CASSELS ST & ROWATT ST (__3ZAH28),45.371395,-75.801338,239
2025,__3Z0DVR,QUEENSDALE AVE btwn EIGHTH ST & CONROY RD (__3Z0DVR),45.352032,-75.614456,2230
2025,__3Z0080,NOEL ST btwn TAYLOR LANE & RIDEAU TERR (__3Z0080),45.442425,-75.680504,167
2025,__3Z07X4,MALIBU TERR btwn FISHER AVE & AMBRIDGE WAY (__3Z07X4),45.369678,-75.714897,521
2025,__3Z0D90,TELFORD AVE btwn ALESTHER ST & DUNBRACK ST (__3Z0D90),45.429699,-75.645233,613
2025,__3Z0DHS,DALHOUSIE ST btwn BOLTON ST & CATHCART ST (__3Z0DHS),45.433804,-75.695328,6216
2025,e___2LRS,BANK ST btwn EXHIBITION WAY & WILTON CRES (e___2LRS),45.398239,-75.685631,11801
2025,__3Z0FDF,WOODFIELD DR btwn BENLEA DR & LANSFIELD WAY (__3Z0FDF),45.333805,-75.745697,3595
2025,__3Z0GTT,ARGUE DR btwn SEYMOUR AVE & LEONA AVE (__3Z0GTT),45.35358,-75.716133,338
2025,__3Z0AVT,BENLEA DR btwn CARDIGAN DR & BRYDON CRT (__3Z0AVT),45.332611,-75.740623,572
2025,__3Z0ER3,PLEASANT PARK RD btwn CAVENDISH RD & ALTA VISTA DR (__3Z0ER3),45.392982,-75.663788,3966
2025,__3Z0FQI,MCCARTHY RD btwn PIGEON TERR & CAHILL DR W (__3Z0FQI),45.35062,-75.665306,4917
2025,__5WHA31,KOCHAR DR btwn MADHU CRES & AMITA CRES (__5WHA31),45.358601,-75.697174,306
2025,__3Z0E9U,LEOPOLDS DR btwn REVELSTOKE DR & RIVERSIDE DR (__3Z0E9U),45.352673,-75.695282,275
2025,__3Z0D7M,DALY AVE btwn CUMBERLAND ST & KING EDWARD AVE (__3Z0D7M),45.427113,-75.685646,922
2025,e___1GDI,ACCEPTANCE PL btwn HOPE SIDE RD & MEADOWBREEZE DR (e___1GDI),45.275993,-75.840904,1847
2025,e___2KAJ,ATRIUM RIDGE btwn SCORPIO MEWS & BRIAN GOOD AVE (e___2KAJ),45.261055,-75.693649,1022
2025,__3ZAIID,CHARING RD btwn WOLVERTON CRES & WOLVERTON CRES (__3ZAIID),45.330685,-75.770416,425
2025,__3Z0DM6,ALESTHER ST btwn WOLFFDALE CRES & WOLFFDALE CRES (__3Z0DM6),45.427708,-75.64064,1428
2025,__3Z0DQY,FRANCES ST btwn NEWMAN AVE & LAWSON AVE (__3Z0DQY),45.42709,-75.647545,1262
2025,__3Z0DY5,LEVIS AVE btwn BEGIN ST & DUPUIS ST (__3Z0DY5),45.435303,-75.660339,573
2025,__3Z0G49,LYNDALE AVE btwn PARKDALE AVE & FORWARD AVE (__3Z0G49),45.406857,-75.732208,584
2025,__3Z0G4H,HINCHEY AVE btwn LYNDALE AVE & SCOTT ST (__3Z0G4H),45.406059,-75.73011,861
2025,__3Z0G4S,CARRUTHERS AVE btwn LYNDALE AVE & STONEHURST AVE (__3Z0G4S),45.40694,-75.729538,419
2025,__3Z07KB,FORWARD AVE btwn EMMERSON AVE & BURNSIDE AVE (__3Z07KB),45.40958,-75.733284,507
2025,__3Z0FBG,BURNSIDE AVE btwn PARKDALE AVE & FORWARD AVE (__3Z0FBG),45.408394,-75.733124,2725
2025,__3Z0DYT,COBOURG ST btwn OLD TOWN PRIV & DESJARDINS AVE (__3Z0DYT),45.435162,-75.68116,5699
2025,__3Z0CGG,COBOURG ST btwn HENEY ST & BEAUSOLEIL DR (__3Z0CGG),45.433605,-75.679291,5276
2025,__3Z0G1R,CLEARVIEW AVE btwn PATRICIA AVE N & DANIEL AVE (__3Z0G1R),45.403008,-75.747986,645
2025,__3ZAJ0O,STONECREST RD btwn GALETTA SIDE RD & KILMAURS SIDE RD (__3ZAJ0O),45.468784,-76.153122,368
2025,__3ZAJ0B,STONECREST RD btwn KILMAURS SIDE RD & HARDWOOD DR (__3ZAJ0B),45.451935,-76.133514,388
2025,__3Z06I1,DUNROBIN RD btwn GALETTA SIDE RD & BAIRD'S GRANT LANE (__3Z06I1),45.500561,-76.127815,1610
2025,__3Z0AM3,SUNSET BLVD btwn LAKES PARK DR & TRANQUIL GT (__3Z0AM3),45.271168,-75.586304,301
2025,__3ZAI3U,ARNOLD DR btwn MOODIE DR & RIDGEFIELD CRES (__3ZAI3U),45.312775,-75.825363,1100
2025,__4WKBRS,LLOYDALEX CRES btwn ECHO POND WAY & ECHOWOODS AVE (__4WKBRS),45.271244,-75.941902,589
2025,__3Z0571,SPRATT RD btwn SHORELINE DR & SHORELINE DR (__3Z0571),45.274849,-75.689682,4122
2025,__3ZAJI3,BEVERLY ST btwn EMBER GLOW CRT & STITTSVILLE MAIN ST (__3ZAJI3),45.262489,-75.926682,1317
2025,__3ZAJTK,DRESSLER DR btwn DRAINIE DR & DRAINIE DR (__3ZAJTK),45.303307,-75.894066,346
2025,__3ZAJTT,CASTLEFRANK RD btwn KAKULU RD & HUNGERFORD GT (__3ZAJTT),45.304306,-75.895721,7569
2025,__3Z05AP,WEST RIDGE DR btwn DELAMERE DR & HAZELDEAN RD (__3Z05AP),45.262665,-75.942093,7237
2025,__3Z09NB,ALBERT ST btwn CITY CENTRE AVE & PRESTON ST (__3Z09NB),45.410873,-75.71743,8451
2025,__3Z0GRN,FAIR OAKS CRES btwn SOVEREIGN AVE & FAIR OAKS CRES LOOP W (__3Z0GRN),45.335682,-75.757339,104
2025,__3Z0EJ5,PUTMAN AVE btwn IVY CRES & VAUGHAN ST (__3Z0EJ5),45.44239,-75.677895,216
2025,__3Z0ELQ,LAMBTON AVE btwn LINDENLEA RD & ROCKCLIFFE WAY (__3Z0ELQ),45.444862,-75.673538,83
2025,__3Z06ZH,RIVERSIDE DR btwn KIMBERWICK CRES & MALHOTRA CRT (__3Z06ZH),45.342972,-75.690948,23763
2025,e___2HN6,BARRETT FARM DR btwn ANGELONIA CRES & MOONFLOWER CRES (e___2HN6),45.325073,-75.607285,2420
2025,e___2IWF,SORA WAY btwn KELLY FARM DR & SAGEBRUSH CRES (e___2IWF),45.313351,-75.596107,574
2025,__727TF8,CREEKVIEW WAY btwn BUNCHBERRY WAY & GRACEWOOD CRES (__727TF8),45.313259,-75.614159,284
2025,__8XI26Y,SOLSTICE WAY btwn SOLEIL AVE & CALLA LILY TERR/SUNLIT CIR (__8XI26Y),45.450893,-75.460617,853
2025,__3Z09O4,COMMISSIONER ST btwn WELLINGTON ST & ALBERT ST (__3Z09O4),45.416439,-75.709824,491
2025,__3Z0B25,JOHN QUINN RD btwn STONE SCHOOL RD & BANK ST (__3Z0B25),45.236443,-75.500496,2457
2025,__3Z0C20,HIGH RD btwn EARL ARMSTRONG RD & ALBION RD (__3Z0C20),45.298225,-75.615326,3987
2025,__37VXUQ,CLARIDGE DR btwn RODEO DR & PORTRUSH AVE (__37VXUQ),45.277767,-75.735458,2551
2025,__3ZAIVW,STEEPLE HILL CRES btwn OLD RICHMOND RD & PIETY HILL WAY (__3ZAIVW),45.266594,-75.826073,246
2025,e___2IZ4,RALPH HENNESSY AVE btwn CRESCENDO PRIV & MARKDALE TERR (e___2IZ4),45.273754,-75.682762,3318
2025,__3Z0B6V,FORTUNE DR btwn ST. JEROME CRES & STE. THERESE LANE (__3Z0B6V),45.47187,-75.541222,1893
2025,__3Z0ABE,WATSON RD btwn DUNNING RD & SARSFIELD RD (__3Z0ABE),45.4244,-75.343063,362
2025,__3Z0878,COLONIAL RD btwn FRANK KENNY RD & ROCKDALE RD (__3Z0878),45.425304,-75.402367,4841
2025,__3ZAHUB,FABLE ST btwn MALVERN DR & BLUERIDGE CRT (__3ZAHUB),45.277866,-75.764702,3527
2025,e___2JRT,ALCOR TERR btwn CELESTIAL GROVE & APHELION CRES (e___2JRT),45.249352,-75.752472,183
2025,__3Z0FNS,ANN ST btwn MAPLE AVE & TIGHE ST (__3Z0FNS),45.225346,-75.685814,2489
2025,__3ZAJLK,SAVAGE DR btwn HAZELDEAN RD & IVA ST (__3ZAJLK),45.277229,-75.919106,488
2025,__3Z009L,SAVAGE DR btwn IVA ST & GREER ST (__3Z009L),45.274933,-75.916039,273
2025,e___2HZL,NORDMANN FIR CRT btwn CRANESBILL RD & END (e___2HZL),45.286667,-75.895622,157
2025,e___2IUA,FERNBANK RD btwn ROBERT GRANT AVE & ROUNCEY RD (e___2IUA),45.26572,-75.882973,14288
2025,__3Z0G7Z,HIGWOOD DR btwn BUFFALO CIR & KINGSMILL ST (__3Z0G7Z),45.360756,-75.722466,866
2025,__3ZAHF6,HOBART CRES S btwn ESTELLE CRES & JANSEN RD (__3ZAHF6),45.325871,-75.792206,355
2025,__3Z09RP,UPLANDS DR btwn DOWNPATRICK RD & BREADNER BLVD (__3Z09RP),45.339798,-75.662895,9611
2025,__3Z0D8S,MARGUERITE AVE btwn WOLFF ST & ONTARIO ST (__3Z0D8S),45.428165,-75.665886,1341
2025,__3Z0CX9,DUNHAM ST btwn CORLISS ST & CLAVER ST (__3Z0CX9),45.438793,-75.608421,340
2025,__3Z0BUR,ST. GEORGES ST btwn WARDEN AVE & ROXDALE AVE (__3Z0BUR),45.470894,-75.503456,1928
2025,__3Z05GP,RIDGEGATE ST btwn EDGAR-BRAULT ST & BELLETERRE ST (__3Z05GP),45.473701,-75.515694,1530
2025,e___2K2C,CENTURY RD btwn OFFLEY RD & TRESTLE ST (e___2K2C),45.213215,-75.675781,1799
2025,__4CPJIA,NORTH BLUFF DR btwn GREY SEAL CIR & GOLDENEYE WAY (__4CPJIA),45.284122,-75.675781,2272
2025,__3Z0GSO,VIEWMOUNT DR btwn OVERLAKE DR & BISCAYNE CRES (__3Z0GSO),45.345089,-75.72142,5963
2025,__3Z0725,DEVON ST btwn KEATS AVE & SHELLEY AVE (__3Z0725),45.406471,-75.6427,133
2025,__3Z0EG2,CHAUCER AVE btwn SHELLEY AVE & KEATS AVE (__3Z0EG2),45.406582,-75.640396,137
2025,__3Z0F6Q,EMPEROR AVE btwn HOLLINGTON ST & BAKERVALE DR (__3Z0F6Q),45.380451,-75.725601,495
2025,__3Z0F32,PANET ST btwn CHRISTINE AVE & EMPEROR AVE (__3Z0F32),45.37801,-75.732033,442
2025,__3Z0F6J,BAKERVALE DR btwn DORCHESTER AVE & TRENT ST (__3Z0F6J),45.379993,-75.722687,272
2025,__3Z0GJ5,FERNDALE AVE btwn CHURCHILL AVE & SELBY AVE (__3Z0GJ5),45.399593,-75.75589,112
2025,__3Z001C,LOWER BYRON AVE btwn ROOSEVELT AVE & END (__3Z001C),45.390213,-75.755501,41
2025,__3Z001E,ROOSEVELT AVE btwn RAVENHILL AVE & KENWOOD AVE (__3Z001E),45.388664,-75.755379,628
2025,__3Z0FZ2,ATHLONE AVE btwn SCOTT ST & RICHMOND RD (__3Z0FZ2),45.39476,-75.751648,940
2025,__3Z07IF,LINCOLN AVE btwn EDEN AVE & EDGEWOOD AVE (__3Z07IF),45.391861,-75.75135,231
2025,__3Z0G8Y,MARYGROVE CIR btwn END & TERREBONNE DR (__3Z0G8Y),45.362526,-75.74511,58
2025,__3Z0G7H,HENRY FARM DR btwn TERREBONNE DR & BASELINE RD (__3Z0G7H),45.360542,-75.745117,768
2025,__3ZAHH3,STARWOOD RD btwn END & CORDOVA ST (__3ZAHH3),45.354832,-75.749168,454
2025,__3Z0DF6,SENECA ST btwn GROVE AVE & OSSINGTON AVE (__3Z0DF6),45.389435,-75.688248,788
2025,__3Z0EQI,CAMERON AVE btwn BANK ST & BELLWOOD AVE (__3Z0EQI),45.391495,-75.680466,911
2025,__3Z0DF1,CAMERON AVE btwn SENECA ST & LEONARD AVE (__3Z0DF1),45.388859,-75.687019,832
2025,__3Z0DL7,RUSSELL AVE btwn OSGOODE ST & SOMERSET ST (__3Z0DL7),45.424484,-75.677017,1005
2025,__3Z0B64,DUFORD DR btwn BELLETERRE ST & CHARLEBOIS AVE (__3Z0B64),45.472767,-75.513504,2403
2025,__3Z0AHM,MORNINGVIEW ST btwn TOONEY DR & DELORME AVE (__3Z0AHM),45.455917,-75.510666,776
2025,__4VGR1U,TRIM RD btwn WATTERS RD & SPRINGRIDGE DR (__4VGR1U),45.48243,-75.471786,18210
2025,__3Z06AE,INNES RD btwn ORCHARDVIEW AVE & PORTOBELLO BLVD (__3Z06AE),45.465805,-75.471588,18338
2025,__3Z0724,BROWNING AVE btwn DEVON ST & CHAUCER AVE (__3Z0724),45.405033,-75.642166,84
2025,__3Z06BO,PULLEN AVE btwn SHELLEY AVE & THIRSK ST (__3Z06BO),45.406769,-75.636139,118
2025,__3Z0DO2,PRINCE ALBERT ST btwn LOLA ST & NAUGHTON ST (__3Z0DO2),45.424614,-75.651299,428
2025,__3Z0DOF,PRINCE ALBERT ST btwn ISIDORE ST & BERNARD ST (__3Z0DOF),45.425098,-75.64431,1699
2025,__3Z0DPM,QUEEN MARY ST btwn LOLA ST & NAUGHTON ST (__3Z0DPM),45.425285,-75.65107,1643
2025,__3Z09XA,HERON RD btwn BAYCREST DR & SANDALWOOD DR (__3Z09XA),45.379753,-75.650856,9035
2025,__3Z05TP,PORTOBELLO BLVD btwn SCALA AVE & CHAREST WAY (__3Z05TP),45.463753,-75.466415,4928
2025,__3Z0E63,MACLAREN ST btwn ELGIN ST & CARTIER ST (__3Z0E63),45.417603,-75.688835,698
2025,__3Z0CFO,YORK ST btwn NELSON ST & BEAUSOLEIL DR (__3Z0CFO),45.43169,-75.684792,1420
2025,__3Z0D7G,BEAUDRY ST btwn DONALD ST & RENE-DORE WAY (__3Z0D7G),45.429123,-75.656258,1095
2025,__589WDZ,STEDMAN ST btwn PARKIN CIR & MEANDERING BROOK DR (__589WDZ),45.342209,-75.632866,665
2025,e___2K7A,PASEANA PL btwn GIDRAN CIR & GIDRAN CIR (e___2K7A),45.27422,-75.878036,276
2025,e___1G1P,COPE DR btwn ATLAS TERR & PASEANA PL (e___1G1P),45.274315,-75.875565,6616
2025,__8IAYSG,FIRST LINE RD btwn DUNBLANE WAY & MCMANUS AVE (__8IAYSG),45.211159,-75.707214,2120
2025,__3ZAJ9M,CORKERY RD btwn MARCH RD & MANION RD (__3ZAJ9M),45.271973,-76.085266,455
2025,__3Z0GL2,BEECH ST btwn PRESTON ST & ROCHESTER ST (__3Z0GL2),45.400875,-75.708626,1251
2025,__3Z0F7K,SHILLINGTON AVE btwn HOLLINGTON ST & ADMIRAL AVE (__3Z0F7K),45.380825,-75.728226,2432
2025,__3Z0EB1,PAUL ANKA DR btwn BOONE CRES & LILLICO DR (__3Z0EB1),45.344109,-75.672188,2188
2025,e___2IS0,FAMEFLOWER ST btwn ENSATINA CRES N/DEVARIO CRES & DEVARIO CRES (e___2IS0),45.242153,-75.739883,1111
2025,__6E55NE,ABETTI RDG btwn ESPIN HTS N & ESPIN HTS S/URBANCREST PRIV (__6E55NE),45.257797,-75.7314,1557
2025,__3Z0COQ,CLANCY ST btwn MELDRUM AVE & GAINES DR (__3Z0COQ),45.453903,-75.606308,95
2025,__3Z0FQJ,CAHILL DR btwn MCCARTHY RD & OWL DR (__3Z0FQJ),45.35136,-75.663925,1245
2025,__3Z0GZB,BAYSWATER AVE btwn LAUREL ST & GLADSTONE AVE (__3Z0GZB),45.40353,-75.718803,1697
2025,__3Z0E3V,MCQUAIG ST btwn KILBORN AVE & MICMAC ST (__3Z0E3V),45.385975,-75.666084,116
2025,__3Z0BHQ,LIMEBANK RD btwn EARL ARMSTRONG RD & RIDEAU RD (__3Z0BHQ),45.269993,-75.661476,5790
2025,__3Z07UF,TRIM RD btwn WALL RD & NAVAN RD (__3Z07UF),45.436131,-75.435066,2851
2025,e___2LXB,SWEETVALLEY DR btwn MUDMINNOW CRES & MUDMINNOW CRES (e___2LXB),45.441498,-75.479515,413
2025,__87LHON,GERRY LALONDE DR btwn PETRICHOR CRES & PETRICHOR CRES/STRASBOURG ST (__87LHON),45.45216,-75.489983,2380
2025,__3Z0DH9,OLD ST. PATRICK ST btwn BEAUSOLEIL DR & PATRO ST (__3Z0DH9),45.434395,-75.684494,1673
2025,__3Z0EIG,BOUDREAU ST btwn DUFORD ST & GRANVILLE ST (__3Z0EIG),45.441845,-75.657509,1022
2025,__3ZAH1U,ANTHONY AVE btwn COMPTON AVE & WOODROFFE AVE (__3ZAH1U),45.375553,-75.774368,230
2025,__3ZAH1Y,LOCKHART AVE btwn KNIGHTSBRIDGE RD & PRINCE CHARLES RD (__3ZAH1Y),45.376831,-75.772301,851
2025,__3Z0GAI,CLYDE AVE btwn CASTLE HILL CRES & BONNIE CRES (__3Z0GAI),45.367512,-75.74334,741
2025,e___1G9D,SANTOLINA ST btwn SWEETBAY CIR & MAPLE GROVE RD (e___1G9D),45.284088,-75.926888,1497
2025,__3ZAILK,MAPLEWOOD AVE btwn CRESTHILL ST & STUART KETTLES ST (__3ZAILK),45.357979,-75.790001,1624
2025,__3ZAHOW,CORKSTOWN RD btwn BURNBROOK CRES & WESTDALE AVE (__3ZAHOW),45.347179,-75.82357,1587
2025,__3Z0EGX,KEATS AVE btwn ORCHID DR & CHAUCER AVE (__3Z0EGX),45.405834,-75.641121,80
2025,__3Z0G8Z,TERREBONNE DR btwn MARYGROVE CIR & MAITLAND AVE (__3Z0G8Z),45.362522,-75.744301,581
2025,__3Z0EQL,GROVE AVE btwn GROSVENOR AVE & BANK ST (__3Z0EQL),45.392017,-75.682823,507
2025,__3Z09SJ,HERON RD EB btwn DATA CENTRE RD & JUNCTION AVE (__3Z09SJ),45.37764,-75.679749,21813
2025,__3Z0D0B,LEONARD AVE btwn CAMERON AVE & OSSINGTON AVE (__3Z0D0B),45.389595,-75.686127,743
2025,__3Z0E31,MCROBIE AVE btwn ALTA VISTA DR & BRAESIDE AVE (__3Z0E31),45.385822,-75.661827,100
2025,__3Z0GDG,DAVID DR btwn WITHROW AVE & INDIAN RD (__3Z0GDG),45.34716,-75.747726,368
2025,__3Z0G5P,INVERNESS AVE btwn WIGAN DR & BOWMOOR AVE (__3Z0G5P),45.358303,-75.720673,1285
2025,__3Z0GS3,ASSINIBOINE DR btwn REDPINE DR & CHESTERTON DR (__3Z0GS3),45.34993,-75.723358,316
2025,__3Z0BRD,THUNDER RD btwn HALL RD & BOUNDARY RD (__3Z0BRD),45.347202,-75.451836,1528
2025,e___2HYY,ABBOTT ST btwn LANCELEAF WAY/MALAHAT WAY & PONDEROSA ST (e___2HYY),45.281975,-75.890633,4793
2025,__3Z0DW5,BUENA VISTA RD btwn MANOR AVE & SPRINGFIELD RD (__3Z0DW5),45.450962,-75.680695,681
2025,__3Z0DXR,LAKEWAY DR btwn BLENHEIM DR & POND ST (__3Z0DXR),45.452324,-75.664253,247
2025,__3Z0FM7,EASTMAN AVE btwn END & GADDIS CRT (__3Z0FM7),45.221638,-75.68248,1287
2025,__6O5EHZ,VENDEVALE AVE btwn LEVECHE WAY & END (__6O5EHZ),45.286797,-75.922203,178
2025,__3Z0DHM,NORTH RIVER RD btwn WAYLING AVE & MARK AVE (__3Z0DHM),45.433887,-75.670509,1240
2025,__3Z0DHD,NORTH RIVER RD btwn TUDOR PL & WAYLING AVE (__3Z0DHD),45.434978,-75.671181,770
2025,__3Z00NA,PERTH ST btwn SHEA RD & EAGLESON RD (__3Z00NA),45.202789,-75.825623,14253
2025,__3ZAJP0,OLD CARP RD btwn OLD SECOND LINE RD & MARCHBROOK CIR (__3ZAJP0),45.35289,-75.947754,1758
2025,__3Z092N,STITTSVILLE MAIN ST btwn HOBIN ST & BEVERLY ST (__3Z092N),45.264133,-75.927452,12533
2025,__3ZAI5X,ABBOTT ST btwn JONATHAN PACK ST & STITTSVILLE MAIN ST (__3ZAI5X),45.256939,-75.923393,2127
2025,__3ZAIG1,BRIGADE AVE btwn CHERRY DR & SUNNYSIDE DR (__3ZAIG1),45.251453,-75.910622,275
2025,__3Z0FRI,PLANTE DR btwn OWL DR & IMPALA CRES (__3Z0FRI),45.355324,-75.670471,709
2025,__3Z0EW9,HOLMWOOD AVE btwn RALPH ST & MONK ST (__3Z0EW9),45.399055,-75.688393,4053
2025,__4O083G,HERZBERG RD btwn SANDHILL RD/MARCH VALLEY RD & TERRY FOX DR (__4O083G),45.348457,-75.902847,62
2025,__3ZAIFU,WILLOW GLEN DR btwn WINDBROOK CRES & WINDBROOK CRES (__3ZAIFU),45.289616,-75.867805,683
2025,__8OCG8Y,KINGHAVEN CRES btwn STONEHAVEN DR & KINGHAVEN CRES (__8OCG8Y),45.292145,-75.854828,256
2025,__3Z093W,MARCH RD btwn DONALD B. MUNRO DR & TALL FOREST DR (__3Z093W),45.343891,-76.008789,6151
2025,__3Z0BQ6,WALL RD btwn TRIM RD & FRANK KENNY RD (__3Z0BQ6),45.449295,-75.432846,2001
2025,__3Z0CY1,GREENACRE CRES btwn ELMRIDGE DR & BURFIELD AVE (__3Z0CY1),45.442394,-75.600876,198
2025,__3Z0CP0,STILES CRES btwn BICKERTON AVE & BICKERTON AVE (__3Z0CP0),45.458073,-75.594017,90
2025,__3Z0730,SKYWAY ST btwn GARDENVALE RD & SHANE ST (__3Z0730),45.434013,-75.634651,81
2025,__54YEF3,MANOTICK STATION RD btwn MITCH OWENS RD & PEBBLEWOODS DR (__54YEF3),45.251648,-75.621788,3983
2025,__3Z0FK2,POTTER DR btwn WATTERSON ST & DOCTOR LEACH DR (__3Z0FK2),45.217789,-75.688202,918
2025,__3ZAJM7,COLDSTREAM DR btwn BUTTERWICK ST & COLDSTREAM CRT (__3ZAJM7),45.162712,-75.934029,141
2025,__3Z094Q,DWYER HILL RD btwn BLEEKS RD & COPELAND RD (__3Z094Q),45.142017,-75.963646,4090
2025,__3Z0C41,CABIN RD btwn NIXON DR & GORDON MURDOCK RD (__3Z0C41),45.156807,-75.607071,761
2025,__8AQXY3,CENTURY RD btwn FIRST LINE RD & OFFLEY RD (__8AQXY3),45.206665,-75.69239,2360
2025,__3Z0D24,STE. ANNE AVE btwn MONTFORT ST & MONTREAL RD (__3Z0D24),45.43821,-75.65831,1222
2025,__3Z0GU7,NORMANDY CRES btwn ARNHEM ST & SENIO AVE (__3Z0GU7),45.363449,-75.702774,617
2025,__3Z0G8O,NORMANDY CRES btwn VALMARIE AVE & APELDOORN AVE (__3Z0G8O),45.361885,-75.706352,699
2025,__3Z0CFV,DALHOUSIE ST btwn ST. ANDREW ST & GUIGUES AVE (__3Z0CFV),45.431824,-75.693657,5905
2025,__3Z0CFM,CLARENCE ST btwn KING EDWARD AVE & NELSON ST (__3Z0CFM),45.431679,-75.686821,424
2025,__3Z0DMT,SOMERSET ST btwn GOULBURN AVE & MARLBOROUGH AVE (__3Z0DMT),45.425034,-75.673119,861
2025,__3Z0DU5,KINGSDALE AVE btwn MAVIS ST & BANK ST (__3Z0DU5),45.347389,-75.627899,437
2025,__3Z0CE1,DALHOUSIE ST btwn ST. PATRICK ST & MURRAY ST (__3Z0CE1),45.430542,-75.692558,5364
2025,__3ZAI1B,RICHLAND DR btwn LONGRIDGE CRT & LULWORTH CRT (__3ZAI1B),45.180054,-75.823738,215
2025,__3Z09UN,MANOTICK MAIN ST btwn HIGHCROFT DR & MAPLE AVE (__3Z09UN),45.226704,-75.686798,15110
2025,__3Z0FZH,HILSON AVE btwn BYRON AVE & WESLEY AVE (__3Z0FZH),45.393398,-75.744064,503
2025,__3Z0GNQ,PRINCETON AVE btwn DENBURY AVE & HILLCREST AVE (__3Z0GNQ),45.383957,-75.760155,488
2025,__3Z0EM6,SPRINGFIELD RD btwn MARIPOSA AVE & MAPLE LANE (__3Z0EM6),45.447002,-75.678123,1238
2025,__3Z07J8,KENNEDY LANE btwn MAJOR RD & SAULT ST (__3Z07J8),45.476669,-75.51136,1227
2025,__5UW3C4,MONTMERE AVE btwn PLAINHILL DR & ARROWGRASS WAY (__5UW3C4),45.461018,-75.454269,1202
2025,__5IBY9P,HENRI LAUZON ST btwn GREENRIDGE ST & BRYARTON ST (__5IBY9P),45.463318,-75.532303,813
2025,__3Z055U,FERNBANK RD btwn EDENWYLDE DR & SHEA RD (__3Z055U),45.255966,-75.898849,10728
2025,__3ZAI5O,FERNBANK RD btwn LIARD ST/HARTSMERE DR & EDENWYLDE DR (__3ZAI5O),45.253052,-75.903633,9054
2025,__3Z0CUV,FILLMORE CRES btwn MONSON CRES & MONSON CRES (__3Z0CUV),45.461563,-75.595444,284
2025,__3Z09RW,HUNT CLUB RD btwn MCCARTHY RD & AIRPORT PKWY/HUNT CLUB RAMP 36/53 (__3Z09RW),45.348598,-75.658783,29274
2025,__3ZAHP8,HUDSON AVE btwn LEXINGTON ST & MORLEY BLVD (__3ZAHP8),45.370693,-75.710579,87
2025,__3Z00QD,PERTH ST btwn KING ST & LUNDY'S LANE (__3Z00QD),45.197826,-75.833412,17178
2025,__8XI23O,NESTLETON ST btwn CORBRIDGE ST & CAPUCHON WAY (__8XI23O),45.453598,-75.469803,755
2025,__3Z0FCK,ECCLES ST btwn ROCHESTER ST & BOOTH ST (__3Z0FCK),45.408669,-75.710907,340
2025,__3Z07WV,RIVER LANE btwn KEEFER ST & STANLEY AVE (__3Z07WV),45.439541,-75.684547,73
2025,__3Z0D6R,ST. DENIS ST btwn STE. ANNE AVE & GRANVILLE ST (__3Z0D6R),45.440956,-75.657784,423
2025,__3ZAJIR,CONDUCTOR AVE btwn HOBIN ST & BEVERLY ST (__3ZAJIR),45.261688,-75.93042,133
2025,e___2KRF,EMBANKMENT ST btwn BOBOLINK RIDGE & PINNER RD (e___2KRF),45.269115,-75.892982,206
2025,__5IBYOR,HENRI LAUZON ST btwn FORESTCREST ST & GREENRIDGE ST (__5IBYOR),45.464146,-75.533195,433
2025,__3Z0093,JAMES LEWIS AVE btwn BRIGHTSIDE AVE & HARTSMERE DR (__3Z0093),45.25116,-75.905624,199
2025,__3Z0BLW,WALL RD btwn FRANCOIS ST & TENTH LINE RD (__3Z0BLW),45.43251,-75.480316,1767
2025,__3ZAKHH,CRESTWAY DR btwn CRESTHAVEN DR/LEIKIN DR & OLDFIELD ST (__3ZAKHH),45.285179,-75.70961,3775
2025,__3Z0043,WEYBRIDGE DR btwn RADCLIFFE GT & MANNINGTON CRT (__3Z0043),45.271622,-75.7687,1345
2025,__3Z0GQA,GOLDEN AVE btwn BYRON AVE & RAVENHILL AVE (__3Z0GQA),45.389046,-75.758026,860
2025,__3Z0GIT,CIVIC PL btwn BEECH ST & OLD IRVING PL (__3Z0GIT),45.397846,-75.716637,842
2025,__3Z0FO0,WOODTHRUSH GR btwn UPLANDS DR & FOX HUNT AVE (__3Z0FO0),45.347187,-75.682671,3869
2025,__8JUUWO,JEANNE D'ARC BLVD btwn PRESTIGE CIR & PARKROSE PRIV (__8JUUWO),45.492813,-75.494781,2882
2025,__3Z06YV,SHORELINE DR btwn RAINFOREST DR & OWL VALLEY DR (__3Z06YV),45.277771,-75.689995,1556
2025,__74S5VG,COBBLE HILL DR btwn POPPLEWELL CRES N & POPPLEWELL CRES S (__74S5VG),45.270645,-75.77977,954
2025,__6NDG57,COBBLE HILL DR btwn CHESAPEAKE CRES & COPPERFIELD CRES (__6NDG57),45.268028,-75.777779,1479
2025,e___2L00,DE LA BONNE-RENOMMEE AVE btwn KANASHTAGE TERR & CARDINAL CREEK DR (e___2L00),45.503372,-75.467819,275
2025,__3Z0EQV,CAVENDISH RD btwn PLEASANT PARK RD & MOUNTBATTEN AVE (__3Z0EQV),45.392365,-75.664886,1678
2025,__3ZAHA2,BARNSDALE RD btwn GREENBANK RD & PRINCE OF WALES DR (__3ZAHA2),45.23793,-75.720078,10228
2025,__3Z07TC,BARNSDALE RD btwn MOODIE DR & TRAIL RD/WILLIAM MCEWEN DR (__3Z07TC),45.221191,-75.762161,5652
2025,__3ZAJVJ,MOHRS RD btwn GALETTA SIDE RD & RIDDLEDALE RD (__3ZAJVJ),45.421326,-76.250854,70
2025,__3Z0BRB,CANARY ST btwn COLOMBO CRT & MILTON RD (__3Z0BRB),45.420017,-75.448593,59
2025,__3Z0F7S,SHILLINGTON AVE btwn ADMIRAL AVE & SPROULE ST (__3Z0F7S),45.381207,-75.727386,2435
2025,__3Z0D55,MACKAY ST btwn NOEL ST & IVY CRES (__3Z0D55),45.440208,-75.680908,1846
2025,__3Z0D2K,CLARKE AVE btwn ST. LAURENT BLVD & CLAUDE ST (__3Z0D2K),45.437538,-75.642906,2290
2025,__3Z0CX5,PLUMBER AVE btwn METZ CRES & CLOSSE WAY (__3Z0CX5),45.438366,-75.625832,551
2025,__3Z0BFW,RIDGE RD btwn RAMSAYVILLE RD & ANDERSON RD (__3Z0BFW),45.395039,-75.568146,1844
2025,__3Z06GZ,MOUNTSHANNON DR btwn DAVENTRY CRES & SUTCLIFFE TERR (__3Z06GZ),45.290424,-75.738724,2274
2025,e___2LOD,CAPPAMORE DR btwn CLOYNE CRES & CLOYNE CRES (e___2LOD),45.236809,-75.729385,3395
2025,__3Z0A0M,MAJESTIC DR btwn KELVIN CRES & KELVIN CRES (__3Z0A0M),45.327934,-75.759644,765
2025,e___2K3K,DE LAMARCHE AVE btwn INNES RD & DE L'ARGONAUT CIR/CREVIER WALK (e___2K3K),45.446201,-75.523659,3689
2025,__3Z0FE6,MULVIHILL AVE btwn KIRKWOOD AVE & HILSON AVE (__3Z0FE6),45.394154,-75.745308,174
2025,__3Z0FEU,BYRON AVE btwn HILSON AVE & KENSINGTON AVE (__3Z0FEU),45.394062,-75.74324,5839
2025,__3ZAHEG,PARKLAND CRES btwn SELLERS WAY & RIVERBROOK RD (__3ZAHEG),45.324844,-75.788559,413
2025,__828HJZ,CEDARSTONE ST btwn BALD EAGLE CRES & ROCHELLE DR (__828HJZ),45.193295,-75.847946,325
2025,__3Z0FPL,TWYFORD ST btwn MCCARTHY RD & CAHILL DR W (__3Z0FPL),45.349152,-75.668358,442
2025,__3Z0FI0,ALTA VISTA DR btwn CALEDON ST & DALE AVE (__3Z0FI0),45.409531,-75.6576,11994
2025,__3ZAJKQ,SPRINGBROOK DR btwn TORREY PINES CRT & DEER MOSS TRL (__3ZAJKQ),45.271069,-75.918114,3282
2025,__7N2DH3,MAPLE GROVE RD btwn GRENADINE ST & MONTSERRAT ST/WARMSTONE DR (__7N2DH3),45.285465,-75.925758,2651
2025,e___2HEM,EARL ARMSTRONG RD btwn BRIAN GOOD AVE & SPRATT RD (e___2HEM),45.2714,-75.691322,20926
2025,__3Z0GEA,WITHROW AVE btwn SUFFOLK ST & PARKGLEN DR (__3Z0GEA),45.347977,-75.751793,685
2025,__3ZAI5A,PICKFORD DR btwn STURSBERG WAY & BUJOLD CRT (__3ZAI5A),45.306129,-75.888519,1745
2025,__3Z08DU,CONROY RD btwn CONROY RD & ROSEBELLA AVE (__3Z08DU),45.358013,-75.615349,13379
2025,__3Z0GZN,SUNNYMEDE AVE btwn KEYWORTH AVE & COWLEY AVE (__3Z0GZN),45.401642,-75.744919,200
2025,__3Z07IB,PATRICIA AVE btwn PONTIAC ST & CLEARVIEW AVE (__3Z07IB),45.403889,-75.749008,113
2025,__3Z0GLD,CARLETON AVE btwn SUNNYMEDE AVE & AMANDA AVE (__3Z0GLD),45.401402,-75.742973,716
2025,__3Z0GLN,AMANDA AVE btwn KEYWORTH AVE & COWLEY AVE (__3Z0GLN),45.400105,-75.744041,696
2025,__3Z0GMQ,NORTHWESTERN AVE btwn CLEARVIEW AVE & AMANDA AVE (__3Z0GMQ),45.402645,-75.742447,614
2025,__3Z0EKE,RIDEAU TERR btwn RIDGEWAY WAY & LAMBTON AVE (__3Z0EKE),45.443802,-75.67411,683
2025,__3Z0F59,PERCY ST btwn COOPER ST & SOMERSET ST (__3Z0F59),45.412613,-75.704124,1052
2025,__3Z0EL1,ROCKCLIFFE WAY btwn MIDDLETON DR & LINDENLEA RD (__3Z0EL1),45.445015,-75.676025,94
2025,__3Z0DWQ,BIRCH AVE btwn POND ST & EASTBOURNE AVE (__3Z0DWQ),45.451157,-75.663063,1244
2025,__3Z0DB0,BIRCH AVE btwn FARNHAM CRES & GEORGE-ETIENNE CARTIER PKWY (__3Z0DB0),45.454659,-75.662064,901
2025,__3Z0DWT,EASTBOURNE AVE btwn DUNVEGAN RD & THORNWOOD RD (__3Z0DWT),45.451336,-75.659515,206
2025,__3Z0DWO,BRAEMAR ST btwn GLASGOW CRES & GLASGOW CRES (__3Z0DWO),45.450794,-75.655418,340
2025,__3Z0DCY,ARUNDEL AVE btwn MERRIMAN AVE & FARNHAM CRES (__3Z0DCY),45.454533,-75.659073,149
2025,__4CPKP0,EARL ARMSTRONG RD btwn CANYON WALK DR & SHORELINE DR (__4CPKP0),45.275517,-75.681709,18140
2025,__5SPCQK,EARL ARMSTRONG RD btwn CANYON WALK DR/PORTICO WAY & LIMEBANK RD (__5SPCQK),45.278473,-75.674194,15729
2025,__3Z0BHY,EARL ARMSTRONG RD btwn LIMEBANK RD & BOWESVILLE RD (__3Z0BHY),45.289089,-75.646698,6845
2025,__8IAYKL,OLD SECOND LINE RD btwn BRADY AVE & TERRY FOX DR (__8IAYKL),45.341702,-75.940483,5673
2025,__3ZAJPS,OLD SECOND LINE RD btwn GOWARD DR & KLONDIKE RD (__3ZAJPS),45.347755,-75.948181,3201
2025,__8IAYLM,OLD SECOND LINE RD btwn FORESTBROOK ST & BRADY AVE (__8IAYLM),45.343895,-75.943268,5063
2025,__3Z0AMO,PROVENDER AVE btwn BURMA RD & ROTHBURY CRES (__3Z0AMO),45.44878,-75.626434,950
2025,__3Z0DWP,LONSDALE RD btwn JUSTIN AVE & THORNWOOD RD (__3Z0DWP),45.450783,-75.658936,103
2025,__3Z0DVB,DUNLOE AVE btwn JUSTIN AVE & THORNWOOD RD (__3Z0DVB),45.450119,-75.65873,116
2025,__3ZAJL5,BLACK'S SIDE RD btwn RIDINGVIEW CRES & FLEWELLYN RD (__3ZAJL5),45.232571,-75.918846,492
2025,__3ZAJIA,BELTON AVE btwn HOBIN ST & LANIGAN CRES (__3ZAJIA),45.264702,-75.934204,249
2025,__3ZAJ0E,DIAMONDVIEW RD btwn KINBURN SIDE RD & BAIRD SIDE RD (__3ZAJ0E),45.400585,-76.152977,771
2025,__3Z0BF7,RAMSAYVILLE RD btwn WHYTE SIDE RD & LEITRIM RD (__3Z0BF7),45.360222,-75.561798,4110
2025,__3Z08UF,LEITRIM RD btwn ANDERSON RD & RAMSAYVILLE RD (__3Z08UF),45.355194,-75.545967,3849
2025,__3Z05B3,MANOTICK MAIN ST btwn MAHOGANY HARBOUR LANE & ANTOCHI LANE/BRIDGEPORT AVE (__3Z05B3),45.21954,-75.674988,9313
2025,__3Z0ETY,BILLINGS AVE btwn RONALD AVE & HIGHRIDGE AVE (__3Z0ETY),45.395077,-75.653046,293
2025,__4O077Z,KITTIWAKE DR btwn ABACA WAY & ABAKA WAY/DEW GT (__4O077Z),45.264889,-75.945595,1236
2025,__3ZAHZG,LOCKHART AVE btwn NEEPAWA AVE & SAVILLE ROW (__3ZAHZG),45.374687,-75.771042,869
2025,__3ZAH3I,LOCKHART AVE btwn HONEYWELL AVE & KNIGHTSBRIDGE RD (__3ZAH3I),45.377548,-75.772713,417
2025,__3Z0GSG,VIEWMOUNT DR btwn HOMESTEAD ST & OLD COUNTRY GT (__3Z0GSG),45.351963,-75.709541,5021
2025,__3Z0GTL,VIEWMOUNT DR btwn FARM GATE CRES & OLD COUNTRY GT (__3Z0GTL),45.353245,-75.70916,4615
2025,__3Z0E14,RIDGECREST PL btwn RANDALL AVE & DOWLER AVE (__3Z0E14),45.382698,-75.663277,528
2025,__3Z0CBP,RUSSELL RD btwn THIRSK ST & EVEREST PRIV (__3Z0CBP),45.405125,-75.63369,8056
2025,__3Z0ED0,FOURTH AVE btwn BANK ST & O'CONNOR ST (__3Z0ED0),45.40316,-75.685997,776
2025,__3Z0EE8,SECOND AVE btwn BANK ST & O'CONNOR ST (__3Z0EE8),45.404217,-75.687485,673
2025,__37BAGS,GRANITE RIDGE DR btwn DOLOMITE ST & FELDSPAR CRES (__37BAGS),45.27158,-75.907654,2095
2025,__3Z0882,RIVERSIDE DR SB btwn RIVERSIDE DR NB RAMP FROM EB TO WB & NEIL WAY (__3Z0882),45.390766,-75.675201,26063
2025,__3Z0881,RIVERSIDE DR NB btwn RIVERSIDE DR NB RAMP FROM EB TO WB & NEIL WAY (__3Z0881),45.39072,-75.674767,17510
2025,__3Z064S,PIERRETTE DR btwn LOCKWOOD LANE & ERNSIDE CRES E (__3Z064S),45.516083,-75.380333,108
2025,__3Z0BC8,BEAUSEJOUR DR btwn BOYER RD & KAMOURASKA CIR (__3Z0BC8),45.459351,-75.527771,1475
2025,__3Z0BDO,BEAUSEJOUR DR btwn KINDERSLEY AVE & BELCOURT BLVD (__3Z0BDO),45.461414,-75.516754,3084
2025,__3Z0ESD,BILLINGS AVE btwn WESTLANE RD & ALTA VISTA DR (__3Z0ESD),45.394318,-75.663414,291
2025,e___2MPK,PAINE AVE btwn ERAMOSA CRES & COCO PL (e___2MPK),45.306881,-75.935158,680
2025,__3ZAH3H,KNIGHTSBRIDGE RD btwn WOODROFFE AVE & LOCKHART AVE (__3ZAH3H),45.376942,-75.773499,1101
2025,__3Z09BO,WOODROFFE AVE btwn ANTHONY AVE & SAVILLE ROW (__3Z09BO),45.374317,-75.773094,9631
2025,__3Z0E89,TRAPPER'S RD btwn FARRIERS LANE & ALDERWOOD ST (__3Z0E89),45.346489,-75.643463,918
2025,__3Z0FWO,COLMAN ST btwn BASSWOOD CRES & CROMWELL DR (__3Z0FWO),45.368904,-75.679092,253
2025,__6E55NL,HALF MOON BAY btwn TUCANA WAY & ESPIN HTS (__6E55NL),45.257961,-75.733238,760
2025,__827GGQ,CAVESSON ST btwn PERCHERON WAY & EQUINE WAY (__827GGQ),45.27317,-75.885254,782
2025,__3ZAJH4,CARLETON CATHCART ST btwn RALPHPARK ST & BRADLEY ST (__3ZAJH4),45.256004,-75.91304,571
2025,e___1GEU,ROUNCEY RD btwn DANZIG TERR & WESTPHALIAN AVE (e___1GEU),45.277607,-75.882416,2124
2025,e___1G1X,ROUNCEY RD btwn DANZIG TERR/GRONNGEN ST & BOULONNAIS GROVE/CONDADO CRES N (e___1G1X),45.27589,-75.880836,2328
2025,__3Z0AE7,OLD MONTREAL RD btwn BARNETT DR & PIERRETTE DR (__3Z0AE7),45.51825,-75.393921,1781
2025,__3Z08M0,OLD MONTREAL RD btwn FAMILLE-LAPORTE AVE & COX COUNTY RD/TED KELLY LANE (__3Z08M0),45.501537,-75.4599,4481
2025,__3Z06UR,ROGER STEVENS DR btwn HWY416 IC49 RAMP24 & SECOND LINE RD (__3Z06UR),45.148983,-75.673752,6755
2025,__3Z09UC,ROGER STEVENS DR btwn SECOND LINE RD & DORACK DR (__3Z09UC),45.153393,-75.664551,6816
2025,__3Z0AG0,GORDON MURDOCK RD btwn CABIN RD & LOMBARDY DR (__3Z0AG0),45.158558,-75.597603,796
2025,__3Z0GBP,CASTLE HILL CRES btwn BONNIE CRES & CLYDE AVE (__3Z0GBP),45.36853,-75.746353,480
2025,__3Z0GGX,WITHROW AVE btwn CORDOVA ST & BASSANO ST (__3Z0GGX),45.352184,-75.743813,511
2025,__3Z0F8B,WISEMAN CRES btwn CROMWELL DR & CROMWELL DR (__3Z0F8B),45.3689,-75.674614,68
2025,__3Z0FV8,BASSWOOD CRES btwn COLMAN ST & KINCAID CRT (__3Z0FV8),45.36729,-75.678391,56
2025,__3Z0EZH,PRESLAND RD btwn END & FORESTLANE PRIV (__3Z0EZH),45.422714,-75.659889,322
2025,__3Z0ELV,SPRINGFIELD RD btwn ROCKCLIFFE WAY & LINDENLEA RD/DURHAM PRIV (__3Z0ELV),45.445324,-75.677704,2195
2025,__3Z0EJ4,SPRINGFIELD RD btwn RIDEAU TERR & PUTMAN AVE (__3Z0EJ4),45.443077,-75.677177,4075
2025,__3Z05GX,SPRINGFIELD RD btwn BERTRAND ST & SCHOOLHOUSE PRIV (__3Z05GX),45.440716,-75.676582,4127
2025,e___2MST,ELEVATION RD btwn CHILLERTON DR/STURNIDAE ST & EPOCH ST/RUGOSA ST (e___2MST),45.238129,-75.745697,792
2025,__8OJCPE,EGRET WAY btwn RIVER MIST RD & PENNANT AVE (__8OJCPE),45.247505,-75.737297,705
2025,__3Z0GAP,CORAL AVE btwn BARLYN AVE & WILLETH AVE (__3Z0GAP),45.366566,-75.720749,298
2025,__3Z0GAU,WILLETH AVE btwn LIPSTAN AVE & CORAL AVE (__3Z0GAU),45.366894,-75.720436,246
2025,__3ZAH1R,NEEPAWA AVE btwn LOCKHART AVE & SAVILLE ROW (__3ZAH1R),45.375504,-75.770599,235
2025,__3Z07TL,SUNNYBROOKE DR btwn BRIDGESTONE DR & GRASSY PLAINS DR (__3Z07TL),45.277832,-75.857063,156
2025,__3Z07AE,LARCH CRES btwn CHAMPLAIN ST N/TERRANOVA DR & CHAMPLAIN ST S (__3Z07AE),45.487881,-75.520653,58
2025,e___2L0Z,DE LA FAMILLE-LAPORTE AVE btwn DE SAINTONGE LANE & KEINOUCHE PL (e___2L0Z),45.501503,-75.464622,774
2025,__3Z0BAY,JEANNE D'ARC BLVD btwn MILLWOOD CRT & BILBERRY DR (__3Z0BAY),45.480221,-75.534187,8564
2025,__30LQYB,ESPRIT DR btwn CHARDONNAY DR & DU PLATEAU ST (__30LQYB),45.461147,-75.47625,3769
2025,__45I7FQ,ESPRIT DR btwn AQUAVIEW DR & GALLERIA CIR (__45I7FQ),45.455376,-75.473938,2325
2025,__3Z0GT9,VIEWMOUNT DR btwn FARM GATE CRES & FARM GATE CRES (__3Z0GT9),45.354343,-75.708679,4952
2025,__3ZAJ81,DIAMONDVIEW RD btwn MARCH RD & MCGEE SIDE RD (__3ZAJ81),45.303516,-76.030701,648
2025,__3Z0AZ0,FOREST CREEK DR btwn JACQUELINE CRES & JACQUELINE CRES (__3Z0AZ0),45.26976,-75.913017,384
2025,__3Z0AZ7,FOREST CREEK DR btwn KATHLEEN CRES & AMY ST (__3Z0AZ7),45.268177,-75.911064,383
2025,e___2IPF,DEFENCE ST btwn COPE DR & HALIBURTON HTS (e___2IPF),45.27042,-75.884605,879
2025,e___2KQG,COPE DR btwn FINSBURY AVE & EMBANKMENT ST (e___2KQG),45.267422,-75.892845,2651
2025,__3ZAIMH,ALPINE AVE btwn CARLING AVE & ELMHURST ST (__3ZAIMH),45.36132,-75.788574,1162
2025,__3Z0F3G,COURTENAY AVE btwn DOVERCOURT AVE & SHERBOURNE RD (__3Z0F3G),45.377865,-75.764915,291
2025,__3ZAHZB,ANCASTER AVE btwn JOANNE AVE & MIDWAY AVE (__3ZAHZB),45.373459,-75.774605,361
2025,__3Z0B89,TOMPKINS AVE btwn CARAVEL CRES/MCEACHERN CRES & CARAVEL CRES/MCEACHERN CRES (__3Z0B89),45.475574,-75.504532,2485
2025,__3Z06N4,CARAVEL CRES btwn TOMPKINS AVE/MCEACHERN CRES & TOMPKINS AVE/MCEACHERN CRES (__3Z06N4),45.47657,-75.505348,213
2025,__8XI22E,WATERFERN WAY btwn ESPRIT DR & STORMWIND AVE (__8XI22E),45.451321,-75.467369,457
2025,__3Z00GP,ST. EMMANUEL TERR WEST LEG btwn ST. EMMANUEL TERR & BERNICE CRT (__3Z00GP),45.476208,-75.541901,79
2025,__3Z0ANQ,NORTHLANDS DR btwn NICOLET WAY & SUNLAND DR (__3Z0ANQ),45.472446,-75.47541,1716
2025,e___2HL0,DE LA FAMILLE-LAPORTE AVE btwn DE LA MINOTERIE RDG & OLD MONTREAL RD (e___2HL0),45.497036,-75.471054,2139
2025,__3Z07T5,POULIN AVE btwn HOWE ST & VIOLET ST (__3Z07T5),45.366341,-75.793961,1624
2025,__3ZAIOP,REGINA ST btwn POULIN AVE & DON ST (__3ZAIOP),45.365486,-75.792137,2088
2025,__3Z09A2,RICHMOND RD btwn GRENON AVE & MARIELLE CRT (__3Z09A2),45.355217,-75.796944,13765
2025,__3ZAIEN,GRANDVIEW RD btwn JAY ST & NESBITT ST (__3ZAIEN),45.359482,-75.853279,598
2025,__3Z0FW6,RUSKIN ST btwn RUSKIN ST & FAIRFAX AVE (__3Z0FW6),45.391457,-75.731781,234
2025,__3Z0GXI,MCBRIDE ST btwn LAPERRIERE AVE & WOODWARD AVE (__3Z0GXI),45.377228,-75.742874,1449
2025,__3Z0GZK,NORICE ST btwn SULLIVAN AVE & BROOK LANE (__3Z0GZK),45.342068,-75.747772,1412
2025,e___2MSN,OBSIDIAN ST btwn PARNIAN PRIV & CHILLERTON DR (e___2MSN),45.240398,-75.743347,1162
2025,__3Z090R,RICHMOND RD btwn RIDGEVALLEY DR & NE/OO BOUNDARY (__3Z090R),45.349854,-75.801697,16802
2025,__4TRKSX,DEMETER ST btwn GOSNELL TERR & LUDLOWE ST (__4TRKSX),45.474384,-75.463501,386
2025,__3Z09KI,TENTH LINE RD btwn HARVEST VALLEY AVE/SWEETVALLEY DR & WALL RD (__3Z09KI),45.443398,-75.477798,6661
2025,e___2JR6,APOLUNE ST btwn ATIMA CIR & NOKOMIS PL (e___2JR6),45.250954,-75.755547,2159
2025,__3Z080F,MAIN ST btwn EVELYN AVE & SPRINGHURST AVE (__3Z080F),45.410702,-75.678947,7725
2025,__61W6QO,TEMAGAMI DR btwn CHAPMAN MILLS DR & SPRINGTON CRES/TEMISKAMING CRES (__61W6QO),45.270683,-75.727577,688
2025,__61W6QR,TEMAGAMI DR btwn SPRINGTON CRES/TEMISKAMING CRES & FOXRIDGE WAY/SUNNINGDALE WAY (__61W6QR),45.270084,-75.72715,722
2025,__61W6QZ,TEMAGAMI DR btwn TEMISKAMING CRES & SPRINGTON CRES/VENTANNA WAY (__61W6QZ),45.268909,-75.726364,911
2025,__61W6P7,TEMAGAMI DR btwn SPRINGTON CRES/VENTANNA WAY & PAUL METIVIER DR (__61W6P7),45.268322,-75.725975,1003
2025,__3ZAJ3C,RIDGETOP RD btwn DUNHAVEN DR & THOMAS A. DOLAN PKWY (__3ZAJ3C),45.407932,-76.052109,248
2025,e___2K2D,CAMBRIAN RD btwn APOLUNE ST & SEELEY'S BAY ST (e___2K2D),45.2481,-75.748489,9255
2025,__51NJWE,KILBIRNIE DR btwn CAIRNSMORE CIR & DUNDONALD DR (__51NJWE),45.24884,-75.726364,3234
2025,__54O6AQ,KILBIRNIE DR btwn DUNDONALD DR & OSNABROOK PRIV (__54O6AQ),45.247551,-75.725357,1630
2025,e___2ITL,KILBIRNIE DR btwn BREAKSTONE RD & GREENBANK RD (e___2ITL),45.241959,-75.7304,3345
2025,__3ZAHVY,TRIPP CRES btwn VENTNOR WAY & MALVERN DR (__3ZAHVY),45.28178,-75.757439,192
2025,__3Z0AKL,CHARLEMAGNE BLVD btwn ORCHARDVIEW AVE & BOTTRIELL WAY (__3Z0AKL),45.469505,-75.483315,6819
2025,__3Z060Z,RUSSELL RD btwn WALKLEY RD & HAWTHORNE RD/RUSSELL RD (__3Z060Z),45.391113,-75.606316,19093
2025,e___2HBR,BANK ST btwn GRAND AVE & ORANGE BLOSSOM PRIV (e___2HBR),45.349148,-75.627998,14461
2025,__3Z0D63,SPRINGFIELD RD btwn PUTMAN AVE & BERTRAND ST (__3Z0D63),45.441601,-75.676811,2714
2025,__5GM3KL,WINSOME TERR btwn BRASSEUR CRES & END (__5GM3KL),45.473656,-75.461426,720
2025,__3Z0059,ARMADALE CRES btwn MERNER AVE & MERNER AVE (__3Z0059),45.264915,-75.770721,35
2025,__3Z09LG,PARKDALE AVE btwn SCOTT ST & BULLMAN ST (__3Z09LG),45.404434,-75.731331,7112
2025,__3Z0AZB,RANDALL JAMES DR btwn FOREST CREEK DR & KATHLEEN CRES (__3Z0AZB),45.270821,-75.911255,595
2025,__3ZAHYC,EDGEWORTH AVE btwn MAYFLOWER PRIV & LAWN AVE (__3ZAHYC),45.369186,-75.780746,726
2025,__3Z0D2O,DESCHAMPS AVE btwn OLMSTEAD ST & MARIER AVE (__3Z0D2O),45.436909,-75.662613,934
2025,__3Z0FI2,PRETORIA AVE btwn CHAMBERLAIN AVE & O'CONNOR ST (__3Z0FI2),45.408607,-75.689758,1117
2025,__3Z0DWM,THORNWOOD RD btwn LONSDALE RD & DUNLOE AVE (__3Z0DWM),45.450687,-75.657692,221
2025,__3Z00QB,PERTH ST btwn HUNTLEY RD & COCKBURN ST (__3Z00QB),45.195831,-75.836548,15949
2025,__7IFXQH,TEMPLEFORD AVE btwn PEPPERVILLE CRES & REGIMENT AVE (__7IFXQH),45.277473,-75.869293,1670
2025,__3Z0FGN,HARMER AVE btwn JAVA ST & IONA ST (__3Z0FGN),45.395588,-75.731743,486
2025,__3Z002M,HIGHLAND AVE btwn TILLBURY AVE & WELLESLEY AVE (__3Z002M),45.379238,-75.753975,986
2025,__5WHGQE,ANJANA CIR btwn COBBLE HILL DR & TARTARUGA LANE (__5WHGQE),45.263554,-75.774178,643
2025,__3Z0G6M,AINSLEY DR btwn TARA DR & WOODSIDE DR (__3Z0G6M),45.358749,-75.748566,896
2025,e___2HNJ,NEPETA CRES btwn BARRETT FARM DR & BARRETT FARM DR (e___2HNJ),45.325153,-75.610794,142
2025,__3ZAI3N,CRYSTAL BEACH DR btwn STILL WATER DR & CORKSTOWN RD (__3ZAI3N),45.344498,-75.830811,1634
2025,__3Z097T,MAITLAND AVE btwn TARA DR & ERINDALE DR (__3Z097T),45.365162,-75.749527,22311
2025,__3Z0GCL,FIELDROW ST btwn VIEWMOUNT DR & MALCOLM PL (__3Z0GCL),45.343102,-75.743164,767
2025,__3Z0BAF,MERKLEY DR btwn WILKIE DR W & APOLLO WAY (__3Z0BAF),45.473656,-75.486801,2939
2025,__3Z08DM,LESTER RD btwn MEANDERING BROOK DR & BANK ST (__3Z08DM),45.342152,-75.622749,9430
2025,__3Z0F8E,CROMWELL DR btwn WISEMAN CRES & WISEMAN CRES (__3Z0F8E),45.369057,-75.673157,407
2025,__8IAYQF,ALBION RD btwn FINDLAY CREEK DR & HIGH RD (__8IAYQF),45.301487,-75.612785,13113
2025,__5DB6SR,PLEASANT PARK RD btwn RODNEY CRES & CAVENDISH RD (__5DB6SR),45.39278,-75.666748,5453
2025,__3Z0EJL,STANLEY AVE btwn SUSSEX DR & THOMAS ST (__3Z0EJL),45.441776,-75.693764,1240
2025,__3Z0EMG,RIVIERA DR btwn APPLE TREE LANE & CHELSEA DR (__3Z0EMG),45.447094,-75.647629,315
2025,__3Z057Z,SHORELINE DR btwn OWL VALLEY DR & SPRATT RD (__3Z057Z),45.27734,-75.688705,2261
2025,__3Z06DA,DEERFOX DR btwn RYLAND ST & WOODROFFE AVE (__3Z06DA),45.280224,-75.72274,1940
2025,__3Z0EFS,BECKWITH RD btwn MARLOWE CRES & ONSLOW CRES (__3Z0EFS),45.405029,-75.673401,93
2025,__3Z0ED8,ELLIOT AVE btwn MAIN ST & MARLOWE CRES (__3Z0ED8),45.402565,-75.673706,139
2025,__3Z06XW,HEARST WAY btwn ROBERGE CRES & COHEN AVE (__3Z06XW),45.316647,-75.890175,1293
2025,__3Z080H,CHAMBERLAIN AVE btwn IMPERIAL AVE & PERCY ST (__3Z080H),45.404839,-75.699867,8593
2025,__3Z09BB,MERIVALE RD EXTENSION btwn MERIVALE RD & VISCOUNT AVE (__3Z09BB),45.386131,-75.73204,6633
2025,__6O5XP1,ROSEHILL AVE btwn HARMATTAN AVE & HELM CIR (__6O5XP1),45.289185,-75.917549,1956
2025,__6O5XXL,ROSEHILL AVE btwn HELM CIR & TRAMONTANA PL (__6O5XXL),45.288242,-75.916466,1688
2025,e___1GA3,SPRINGBEAUTY AVE btwn BEATRICE DR & CORALROOT AVE (e___1GA3),45.287563,-75.731903,491
2025,e___2JOX,MIKINAK RD btwn BAREILLE-SNOW ST & MICHAEL STOQUA ST (e___2JOX),45.451626,-75.631538,1870
2025,e___2I54,CODD'S RD btwn MIKINAK RD & CODD'S RD (e___2I54),45.450634,-75.633675,4535
2025,__3ZAIPH,FOX CRES btwn DUBERRY ST & FAIRLAWN AVE (__3ZAIPH),45.368916,-75.770538,746
2025,__3Z0F69,WINDERMERE AVE btwn KEENAN AVE & DOVERCOURT AVE (__3Z0F69),45.380844,-75.76326,723
2025,__3Z0GJ7,BEECH ST btwn BAYSWATER AVE & BREEZEHILL AVE (__3Z0GJ7),45.398945,-75.715302,1397
2025,__3ZAHG8,CREMONA CRES btwn CONOVER ST & TIFFON PL (__3ZAHG8),45.32827,-75.770164,136
2025,__3Z0EGV,CLEGG ST btwn DRUMMOND ST & GLENORA ST (__3Z0EGV),45.405685,-75.677689,4340
2025,e___2IWB,KELLY FARM DR btwn KESTREL ST & MIIKANA RD (e___2IWB),45.311214,-75.596451,3548
2025,__45C8OG,MIIKANA RD btwn CEDAR CREEK DR & KELLY FARM DR (__45C8OG),45.311325,-75.595146,2338
2025,__3Z0D3R,CRICHTON ST btwn VAUGHAN ST & ST. PATRICK ST (__3Z0D3R),45.438572,-75.678276,4218
2025,__3ZAJBI,STONEWAY DR btwn FOREST GATE WAY & MOUNTAIN ASH DR (__3ZAJBI),45.289082,-75.716492,2408
2025,__3Z05SG,STONEWAY DR btwn FOREST GATE WAY W & LOCHELAND CRES (__3Z05SG),45.288307,-75.720779,2912
2025,__3Z07RW,STONEWAY DR btwn WINDHURST DR & LEWISTON AVE (__3Z07RW),45.281986,-75.718132,3470
2025,__3Z06CR,RIDEAUCREST DR btwn ROBLYN WAY & COTTINGHAM ST (__3Z06CR),45.285286,-75.720894,2878
2025,__3Z07CK,MANOTICK MAIN ST btwn BANKFIELD RD & HIGHCROFT DR (__3Z07CK),45.227844,-75.688774,14164
2025,__3Z00QC,PERTH ST btwn COCKBURN ST & KING ST (__3Z00QC),45.196587,-75.83535,14272
2025,e___2ISJ,COPE DR btwn DEFENCE ST & YELLOWTAILWALK (e___2ISJ),45.270664,-75.886215,3408
2025,e___2KRH,COPE DR btwn EMBANKMENT ST & ROUNCEY RD (e___2KRH),45.267761,-75.891296,3408
2025,__3Z07I1,BEAVERBROOK RD btwn VARLEY DR & BEAVERBROOK LANE (__3Z07I1),45.327492,-75.904068,4073
2025,__3Z08HF,ROCKDALE RD btwn HORIZON DR & BUCKLAND RD (__3Z08HF),45.356956,-75.353455,2664
2025,__3Z0D5M,MACKAY ST btwn IVY CRES & VAUGHAN ST (__3Z0D5M),45.439808,-75.679008,2354
2025,__3Z093L,DUNROBIN RD btwn PORCUPINE TRL & THOMAS A. DOLAN PKWY (__3Z093L),45.423115,-76.021606,5894
2025,__3Z0DHH,BEAUSOLEIL DR btwn OLD ST. PATRICK ST & MURRAY ST (__3Z0DHH),45.433598,-75.685371,1554
2025,__727TFB,CREEKVIEW WAY btwn ROCKROSE WAY & BUNCHBERRY WAY (__727TFB),45.312935,-75.615105,365
2025,__67PTMA,WIDGEON WAY btwn WHITE ALDER AVE & WHITE ALDER AVE (__67PTMA),45.321411,-75.602844,246
2025,__3Z0D7H,STANLEY AVE btwn THOMAS ST & CHARLES ST (__3Z0D7H),45.441387,-75.692513,1225
2025,e___2HKI,RIVER MIST RD btwn DAMSELFLY WAY & DES SOLDATS-RIENDEAU ST (e___2HKI),45.242119,-75.734604,3060
2025,__3ZAH10,ROSEVIEW AVE btwn MICHELE DR & PENNY DR (__3ZAH10),45.353035,-75.802124,162
2025,__3ZAJQ9,KATIMAVIK RD btwn MCGIBBON DR & CASTLEFRANK RD (__3ZAJQ9),45.308205,-75.899727,6654
2025,__3ZAJS1,CASTLEFRANK RD btwn PARSONS RIDGE RD & MCCURDY DR (__3ZAJS1),45.301647,-75.894524,10653
2025,__3Z0BL2,MER BLEUE RD btwn RENAUD RD & DU PALAIS ST (__3Z0BL2),45.436176,-75.493019,3973
2025,__827GD8,TAPADERO AVE btwn LIVERY ST & continuation of TAPADERO AVE (__827GD8),45.277351,-75.886894,2241
2025,__3ZAIT9,VICKERS WAY btwn LOMBARDO DR & HEWITT WAY (__3ZAIT9),45.304153,-75.884163,331
2025,__3Z0GSR,CENTREPOINTE DR btwn HEMMINGWOOD WAY & CONSTELLATION DR (__3Z0GSR),45.346031,-75.765572,9099
2025,__3Z00NQ,GREENBANK RD btwn CANFIELD RD & BELLMAN DR (__3Z00NQ),45.328457,-75.780739,23740
2025,__51MDZT,VALIN ST btwn WINSOME TERR & PROVENCE AVE (__51MDZT),45.471752,-75.461906,4630
2025,__3Z08UI,ORLEANS BLVD btwn BEAUSEJOUR DR & BOYER RD (__3Z08UI),45.45438,-75.528809,14880
2025,__3Z082V,RIVER RD btwn RIDEAU RD & KNOTT CRES (__3Z082V),45.244553,-75.691521,7335
2025,__3Z0AZE,GRENADIER WAY btwn QUEENSBURY DR & BURNLEY CRT (__3Z0AZE),45.282028,-75.727234,258
2025,__3ZAH6J,DRAPER AVE btwn MORRISON DR & CORNELL ST (__3ZAH6J),45.340263,-75.794205,1527
2025,__3ZAH6X,DRAPER AVE btwn CORNELL ST & LISA AVE (__3ZAH6X),45.3423,-75.790131,3028
2025,__3ZAH70,SOUTHWOOD DR btwn RYAN DR & RECTOR AVE (__3ZAH70),45.346073,-75.782158,2025
2025,__5WHGXP,KENNEVALE DR btwn AMAR LANE & LAMPLIGHTERS DR (__5WHGXP),45.265896,-75.774139,3138
2025,__3Z0DT9,ALBION RD btwn BADEN AVE & ALADDIN LANE (__3Z0DT9),45.340626,-75.635445,8103
2025,__3ZAHXF,SHERWAY DR btwn BERKSHIRE WAY & ALDGATE CRES (__3ZAHXF),45.274326,-75.761368,2007
2025,__3Z0GFI,COACH HOUSE GT btwn VIEWMOUNT DR & COOLSPRING CRES (__3Z0GFI),45.348961,-75.713928,102
2025,__3Z0E9S,ALBION RD btwn DES MESANGES DR & FORGE ST (__3Z0E9S),45.351967,-75.641945,9064
2025,e___5KVF,CURRAGLASS WALK btwn BILLRIAN CRES & BILLRIAN CRES (e___5KVF),45.284744,-75.936577,426
2025,__3Z08YE,QUEEN ST btwn BRONSON AVE & BAY ST (__3Z08YE),45.417568,-75.707756,3176
2025,__3ZAH6F,MCWATTERS RD btwn LISA AVE & THORSON AVE (__3ZAH6F),45.343361,-75.786415,3092
2025,__3ZAH8H,MORRISON DR btwn DRAPER AVE & GREENBANK RD (__3ZAH8H),45.345909,-75.789673,3058
2025,__3Z09W5,MERIVALE RD btwn RAVEN AVE & LAROSE AVE (__3Z09W5),45.379654,-75.733292,14663
2025,__3ZAHV2,LEXINGTON ST btwn GRIFFITH WAY & MORLEY BLVD (__3ZAHV2),45.369949,-75.707672,144
2025,__3Z0G1Z,LORETTA AVE btwn LAUREL ST & GLADSTONE AVE (__3Z0G1Z),45.404472,-75.716431,1064
2025,__3Z05C0,HEMLO CRES btwn GOLDRIDGE DR E & GRENGOLD WAY (__3Z05C0),45.31321,-75.920425,213
2025,__3Z05C8,GRENGOLD WAY btwn AFTON PL & HEMLO CRES (__3Z05C8),45.312916,-75.921867,162
2025,__3Z00WM,GOLDRIDGE DR btwn HEMLO CRES & AFTON PL (__3Z00WM),45.313194,-75.923286,1571
2025,__3Z0CRF,HALIFAX DR btwn BINGHAM ST & DAKOTA AVE (__3Z0CRF),45.388603,-75.622971,4008
2025,__5Z1V8H,CITIPLACE DR btwn PRADO PRIV & COLONNADE RD N (__5Z1V8H),45.34761,-75.70768,874
2025,__58HTYX,ROCKDALE RD btwn FORCED RD & FARISITA DR (__58HTYX),45.360401,-75.355339,2628
2025,__495WH8,FORESTCREST ST btwn GREENRIDGE ST & BRYARTON ST (__495WH8),45.462086,-75.534485,133
2025,__495WI4,FORESTCREST ST btwn BRYARTON ST & BRYARTON ST (__495WI4),45.461918,-75.532845,927
2025,__3Z08CO,SMYTH RD btwn EDGECOMBE ST & HAIG DR (__3Z08CO),45.400215,-75.63591,14722
2025,__3Z0AMI,WATTERS RD btwn ROBERVAL AVE & CHARLEMAGNE BLVD (__3Z0AMI),45.478405,-75.478928,5314
2025,__3Z095Y,MEADOWLANDS DR btwn BROOK LANE & WITHROW AVE (__3Z095Y),45.344902,-75.749222,12262
2025,__3Z096U,MEADOWLANDS DR btwn EAGLE LANE & BELIVEAU ST (__3Z096U),45.358028,-75.725975,11778
2025,__3Z0A7O,JEANNE D'ARC BLVD btwn KINGLET WAY & KINGFISHER CRES (__3Z0A7O),45.48777,-75.511856,3553
2025,__3Z08E6,DALMENY RD btwn NIXON DR & GORDON MURDOCK RD (__3Z08E6),45.120186,-75.590111,1628
2025,__3Z0EEP,THIRD AVE btwn BANK ST & O'CONNOR ST (__3Z0EEP),45.403488,-75.687271,1637
2025,__67PTOG,WHITE ALDER AVE btwn SPARTINA ST & BUFFLEHEAD WAY (__67PTOG),45.316959,-75.60968,899
2025,e___2IN5,CASA GRANDE CIR btwn CASA GRANDE CIR & CASA GRANDE CIR (e___2IN5),45.443459,-75.482155,364
2025,e___5KL6,CHAKRA ST btwn AFFINITY PRIV & NAMASTE WALK (e___5KL6),45.261856,-75.754944,62
2025,__49PVVG,GOWARD DR btwn OLD SECOND LINE RD & OAKSIDE CRES (__49PVVG),45.350094,-75.948929,617
2025,__7JQ6BU,NUTGROVE AVE btwn DOWITCHER GROVE & BAYNES SOUND WAY (__7JQ6BU),45.248169,-75.743561,202
2025,__3Z0GHP,CIVIC PL btwn SHERWOOD DR & OLD IRVING PL (__3Z0GHP),45.39703,-75.716316,827
2025,__3ZAHWV,GRANTON AVE btwn BASSANO ST & PENDER ST (__3ZAHWV),45.357933,-75.74572,147
2025,__3Z0EXY,SECOND AVE btwn BRONSON AVE & CHRYSLER ST (__3Z0EXY),45.399883,-75.698128,999
2025,__3Z0DO5,BLACKBURN AVE btwn OSGOODE ST & SOMERSET ST (__3Z0DO5),45.425293,-75.675087,502
2025,__3Z09JE,TENTH LINE RD btwn WALL RD & NAVAN RD (__3Z09JE),45.427399,-75.468674,4666
2025,__3Z0EEL,ELLIOT AVE btwn MARLOWE CRES & BULLOCK AVE (__3Z0EEL),45.40316,-75.672203,218
2025,__3Z096R,FISHER AVE btwn FALAISE RD & NORMANDY CRES (__3Z096R),45.357296,-75.708359,15137
2025,__3Z0BMT,WILDFLOWER DR btwn LECLAIR CRES & LEGRAND CRES (__3Z0BMT),45.458927,-75.502777,1849
2025,__3Z06EK,INNES RD btwn PROVENCE AVE & TRIM RD (__3Z06EK),45.469719,-75.45739,14459
2025,__3ZAI9C,EQUESTRIAN DR btwn RIDING WAY & FOXLEIGH CRES (__3ZAI9C),45.281967,-75.86274,4303
2025,__3Z0E0S,MELFA CRES btwn PRINCE OF WALES DR N & MINAKI AVE (__3Z0E0S),45.36578,-75.699982,431
2025,__3Z0DLQ,PRINCE ALBERT ST btwn NORTH RIVER RD & MARION AVE (__3Z0DLQ),45.423649,-75.664757,161
2025,__3Z086N,BOTELER ST btwn DALHOUSIE ST & GILBERTE-PAQUETTE AVE (__3Z086N),45.434402,-75.696968,9168
2025,__3Z0B6W,VINEYARD DR btwn SAUTERNE PK & MEDOC CRT (__3Z0B6W),45.471931,-75.548813,2070
2025,__3Z0B5T,VINEYARD DR btwn SAUTERNE PK & SAUTERNE PK (__3Z0B5T),45.470081,-75.548302,1844
2025,__3Z0GC9,BROOK LANE btwn OAKRIDGE BLVD & OAKRIDGE BLVD (__3Z0GC9),45.343697,-75.74894,303
2025,__3Z057X,SHORELINE DR btwn GREEN GABLES LANE/WILDMINT SQ & HOT SPRINGS WAY (__3Z057X),45.276375,-75.68605,1885
2025,__67PTNP,WHITE ALDER AVE btwn MANGROVE CRES & BULRUSH CRES (__67PTNP),45.319881,-75.606117,1495
2025,__67PTMF,WHITE ALDER AVE btwn WIDGEON WAY & WIDGEON WAY (__67PTMF),45.32159,-75.604309,961
2025,__67PTM7,WHITE ALDER AVE btwn WIDGEON WAY & FLAT SEDGE CRES (__67PTM7),45.322174,-75.60199,1240
2025,__67PTMM,WHITE ALDER AVE btwn FLAT SEDGE CRES & STALWART CRES (__67PTMM),45.322956,-75.598656,1648
2025,__67PTOY,BUFFLEHEAD WAY btwn WHITE ALDER AVE & GOLDEN SEDGE WAY (__67PTOY),45.318054,-75.609016,246
2025,__3Z0CA9,HAIG DR btwn RAGLAN AVE & SAUNDERSON DR (__3Z0CA9),45.402042,-75.634453,3237
2025,__3Z0EPL,EVELYN AVE btwn MAIN ST & ROSEMERE AVE (__3Z0EPL),45.411732,-75.678131,620
2025,__3Z0EPK,ROSEMERE AVE btwn EVELYN AVE & SPRINGHURST AVE (__3Z0EPK),45.411728,-75.67672,462
2025,__3ZAHSE,TARTAN DR btwn ALFA ST & RUETER ST (__3ZAHSE),45.265278,-75.762146,290
2025,e___5J7D,MESA DR btwn FINIAL WAY & PERSEUS AVE (e___5J7D),45.25069,-75.757751,270
2025,__3Z0FW4,DAWSON AVE btwn WESLEY AVE & IONA ST (__3Z0FW4),45.391453,-75.745125,141
2025,__3Z0F7H,WESTMINSTER AVE btwn KEENAN AVE & DOVERCOURT AVE (__3Z0F7H),45.381119,-75.762276,221
2025,__3ZAH4K,HARRISON ST btwn BARNES CRES & DAYTON CRES (__3ZAH4K),45.337063,-75.787605,1310
2025,__3ZAH4C,MONTEREY DR btwn GUTHRIE ST & HARRISON ST (__3ZAH4C),45.338455,-75.790451,2426
2025,__3ZAH6R,MORRISON DR btwn STONE CRES & STONE CRES (__3ZAH6R),45.340988,-75.795746,2348
2025,e___2HE3,LONGFIELDS DR btwn HIGHBURY PARK DR & VIA VERONA AVE (e___2HE3),45.281525,-75.744133,9010
2025,__3ZAHC0,LONGWOOD AVE btwn OLD RICHMOND RD & HARWICK CRES (__3ZAHC0),45.319107,-75.826263,759
2025,__8AO8UL,SPINDRIFT CIR btwn TRESTLE ST & SPINDRIFT CIR (__8AO8UL),45.215061,-75.672493,146
2025,__3Z06TQ,ELM ST btwn END & PRESTON ST (__3Z06TQ),45.409546,-75.715546,101
2025,__4FP99Q,BREANNA CARDILL ST btwn ALDERSHOT ST & CURLY LANE (__4FP99Q),45.246891,-75.563728,807
2025,__3Z050Y,DUFORD DR btwn BELLETERRE ST & JAMISON AVE (__3Z050Y),45.474564,-75.514381,2032
2025,e___2HK5,DE LA BAIE-DES-CASTORS ST btwn MASHKIG AVE & MASHKIG AVE (e___2HK5),45.499889,-75.473145,207
2025,__3Z0B0C,BILBERRY DR btwn JEANNE D'ARC BLVD & DU BOIS AVE S (__3Z0B0C),45.47855,-75.528694,1433
2025,__3Z0CJW,BILBERRY DR btwn TITANIUM PRIV & DU BOIS AVE (__3Z0CJW),45.48148,-75.523697,1194
2025,__3Z0CJA,BILBERRY DR btwn CHANTENAY DR & JEANNE D'ARC BLVD (__3Z0CJA),45.483227,-75.53286,874
2025,__3Z059M,WEST RIDGE DR btwn STEGGALL CRES & STEGGALL CRES (__3Z059M),45.259323,-75.938347,6020
2025,e___2HDF,RIVER RD btwn SUMMERHILL ST & BORBRIDGE AVE (e___2HDF),45.264229,-75.700775,13686
2025,e___2HDE,RIVER RD btwn EARL ARMSTRONG RD & SUMMERHILL ST (e___2HDE),45.267197,-75.70089,14790
2025,__3Z0GB1,KINGSBURY AVE btwn GLENMANOR DR & GLENMANOR DR (__3Z0GB1),45.341808,-75.732162,100
2025,__3Z09TA,RIVER RD btwn RIDEAU FOREST DR & KILBY LANE (__3Z09TA),45.214703,-75.657616,4490
2025,__3Z09TG,RIVER RD btwn ROYAL PALM CRES & RIDEAU FOREST DR (__3Z09TG),45.220566,-75.66436,4779
2025,__3Z09CY,HOLLAND AVE btwn RUSKIN ST & INGLEWOOD PL (__3Z09CY),45.391914,-75.727226,7920
2025,__3Z0GU4,BEL-AIR DR btwn BEDBROOKE ST & FIELD ST (__3Z0GU4),45.361343,-75.764565,792
2025,__3Z0GUX,BEDBROOKE ST btwn DUBLIN AVE & IRIS ST (__3Z0GUX),45.359478,-75.764915,223
2025,__3Z0DWJ,ACACIA AVE btwn BUENA VISTA RD & BUCHAN RD (__3Z0DWJ),45.450607,-75.675819,623
2025,__3Z07O1,NESTING WAY btwn PETITE LANE & NESTING WAY (__3Z07O1),45.468483,-75.468643,517
2025,__3Z00OJ,MCBEAN ST btwn RICHLAND DR & DOBSON LANE (__3Z00OJ),45.175522,-75.817741,2104
2025,__45I8J3,GALLERIA CIR NORTH LEG btwn GALLERIA CIR & BLUEBELL ST (__45I8J3),45.454979,-75.471893,279
2025,e___5JBO,DE LA PETANQUE CRES btwn DU VENTOUX AVE & DU VENTOUX AVE (e___5JBO),45.464035,-75.457153,136
2025,__3Z0EHQ,CLEGG ST btwn MAIN ST & MARLOWE CRES (__3Z0EHQ),45.406414,-75.676041,1680
2025,__3Z0D4O,STANLEY AVE btwn KEEFER ST & RIVER LANE (__3Z0D4O),45.439137,-75.684303,1443
2025,__3ZAHPL,BAYSHORE DR btwn WOODRIDGE CRES & WOODRIDGE CRES (__3ZAHPL),45.351082,-75.806328,11475
2025,__3Z09S9,WALKLEY RD btwn SPRINGLAND DR & MCCARTHY RD (__3Z09S9),45.363113,-75.680992,18803
2025,__3Z0EDW,CENTENNIAL BLVD btwn BULLOCK AVE & MAIN ST (__3Z0EDW),45.402088,-75.672768,567
2025,__3Z0EHM,RAYMOND ST btwn HWY417 IC121A RAMP16 & BRONSON AVE (__3Z0EHM),45.405231,-75.702538,8429
2025,__3Z0BA2,FARMERS WAY btwn LEITRIM RD & PIPERVILLE RD (__3Z0BA2),45.362839,-75.514046,389
2025,__3Z0BNZ,PRESTWICK DR btwn PRAIRIES AVE & SUMMERLANDS CRES N (__3Z0BNZ),45.463139,-75.493019,4020
2025,__3Z0BL4,RENAUD RD btwn ASCENDER AVE & MER BLEUE RD (__3Z0BL4),45.437439,-75.498795,6170
2025,__3Z0A07,CANAAN RD btwn ETIENNE RD & COLONIAL RD (__3Z0A07),45.469494,-75.302917,300
2025,__3Z0AFK,O'TOOLE RD btwn WILHAVEN DR & INNES RD (__3Z0AFK),45.492619,-75.429008,277
2025,__3ZAJ39,MARCHURST RD btwn THOMAS A. DOLAN PKWY & JOHN ASELFORD DRWY (__3ZAJ39),45.398552,-76.039047,824
2025,__3ZAJWE,MARCHURST RD btwn RIDGESIDE FARM DR & MARCH RD (__3ZAJWE),45.361469,-75.988953,1941
2025,__3Z09GM,KINBURN SIDE RD btwn DONALD B. MUNRO DR & MARY ST (__3Z09GM),45.389519,-76.19223,1912
2025,__3ZAJ9P,OLD ALMONTE RD btwn HOWIE RD & BEAVERTAIL RD (__3ZAJ9P),45.265915,-76.042984,1061
2025,__3Z07VQ,HUNTMAR DR btwn PALLADIUM DR & MAPLE GROVE RD (__3Z07VQ),45.292332,-75.924706,13722
2025,__3E4JGZ,LAURIER AVE btwn LAURIER AVE W/RIDEAU CANAL OVERPASS & NICHOLAS ST (__3E4JGZ),45.422894,-75.688431,12857
2025,__3ZAHB7,ARNOLD DR btwn ARBEATHA ST & ANWATIN ST (__3ZAHB7),45.314465,-75.825119,1139
2025,__3Z0DP7,QUEEN MARY ST btwn BERNARD ST & ALESTHER ST (__3Z0DP7),45.425983,-75.641006,1699
2025,__3Z0DQR,VINCENT MASSEY AVE btwn DU PERE CHARLEBOIS AVE & NAUGHTON ST (__3Z0DQR),45.426617,-75.650894,271
2025,__3Z072U,DU PERE CHARLEBOIS AVE btwn MONSEIGNEUR-LEMIEUX AVE & VINCENT MASSEY AVE (__3Z072U),45.426895,-75.65152,166
2025,__3Z0DQU,PAUL-EMILE-LAMARCHE AVE btwn VINCENT MASSEY AVE & MONSEIGNEUR-LEMIEUX AVE (__3Z0DQU),45.427013,-75.649223,461
2025,__3Z0D72,MONSEIGNEUR-LEMIEUX AVE btwn DU PERE CHARLEBOIS AVE & PAUL-EMILE-LAMARCHE AVE (__3Z0D72),45.427402,-75.650444,101
2025,__3Z0DX6,EASTBOURNE AVE btwn AVA RD & BARCLAY RD (__3Z0DX6),45.452393,-75.655418,509
2025,__3Z0DDN,FINTER ST btwn END & ST. LAURENT BLVD (__3Z0DDN),45.45557,-75.655586,37
2025,__3Z09R6,PRINCE OF WALES DR btwn NESBITT PL & MELFA CRES (__3Z09R6),45.366276,-75.700859,15121
2025,__3ZAJIU,COACH AVE btwn LANIGAN CRES & BEVERLY ST (__3ZAJIU),45.262363,-75.92952,331
2025,__3Z0EJH,GRANVILLE ST btwn BOUDREAU ST & GRANDMAITRE ST (__3Z0EJH),45.44236,-75.656876,598
2025,__3Z00NR,KNOXDALE RD btwn SKIPTON RD & CREMONA CRES (__3Z00NR),45.327927,-75.767357,4438
2025,e___2J6Y,DUN SKIPPER DR btwn MINIKAN ST & KELLY FARM DR (e___2J6Y),45.307617,-75.594742,1166
2025,__8PNKG4,ROTARY WAY btwn KINGSWELL ST & LAGUNA ST (__8PNKG4),45.329002,-75.593765,3100
2025,__3Z0B5L,COUSINEAU ST btwn DUSSERRE ST & ST. JOSEPH BLVD (__3Z0B5L),45.469975,-75.529594,141
2025,__3Z0DV3,ST. BARBARA ST btwn LEVADIA AVE & EUREKA AVE (__3Z0DV3),45.354656,-75.627121,124
2025,__30KG3P,WHITESTONE DR btwn GRAMMERCY PK & SCOUT ST (__30KG3P),45.365936,-75.736992,206
2025,__3EX12U,GOLDENEYE WAY btwn ANTIQUE CRT & BOW VALLEY DR (__3EX12U),45.281528,-75.68161,1124
2025,__3Z0D5P,CANTIN ST btwn MONTFORT ST & ST. DENIS ST (__3Z0D5P),45.441135,-75.654373,583
2025,__3Z0DAM,GROVE AVE btwn SENECA ST & LEONARD AVE (__3Z0DAM),45.390045,-75.687614,363
2025,__3Z07TK,SPUR AVE btwn MILNER DOWNS CRES & EQUESTRIAN DR (__3Z07TK),45.281628,-75.856812,776
2025,__3Z0FO9,UPLANDS DR btwn PAUL ANKA DR & SHEARWATER PRIV (__3Z0FO9),45.347939,-75.673172,3815
2025,__3Z0D6T,ST. DENIS ST btwn GRANVILLE ST & ALFRED ST (__3Z0D6T),45.441013,-75.656013,604
2025,__3Z0D40,ALFRED ST btwn MONTFORT ST & ST. DENIS ST (__3Z0D40),45.440613,-75.655411,115
2025,__3ZAIO2,FOX CRES btwn MOUNTAINVIEW AVE & WINNINGTON AVE (__3ZAIO2),45.36697,-75.77404,514
2025,__3Z0GA4,ARNOT RD btwn FISHER AVE & DYNES RD (__3Z0GA4),45.367882,-75.712845,350
2025,__3ZAICV,DONNELLY DR btwn GILROY RD & MILL POND LANE (__3ZAICV),44.97678,-75.813889,1755
2025,__3Z00OQ,DONNELLY DR btwn MILL POND LANE & DWYER HILL RD (__3Z00OQ),44.983139,-75.799988,1785
2025,__3Z0GF5,DAVID DR btwn ROWLEY AVE & JOAN ST (__3Z0GF5),45.350235,-75.739799,259
2025,e___2IS9,FAMEFLOWER ST btwn DES SOLDATS-RIENDEAU ST & DEVARIO CRES (e___2IS9),45.241589,-75.739433,984
2025,e___1G07,COBBLE HILL DR btwn BARRY HELMAN CRES/FERGUS CRES N & BARRY HELMAN CRES/FERGUS CRES S (e___1G07),45.273899,-75.783051,1638
2025,__3Z0EQ4,ROSLYN AVE btwn AYLMER AVE & WOODBINE PL (__3Z0EQ4),45.392529,-75.689827,100
2025,__3Z00LU,STONEMEADOW DR btwn BIRCHBANK CRES & SPRINGCREEK CRES (__3Z00LU),45.288727,-75.845955,954
2025,__3ZAJPH,HERZBERG RD btwn LEGGET DR & CARLING AVE (__3ZAJPH),45.340885,-75.898338,8513
2025,__3Z0GAN,BELLAMY ST btwn EIFFEL AVE & DEBRA AVE (__3Z0GAN),45.367229,-75.707451,173
2025,__3Z07L6,WYLIE AVE btwn OAKLEY AVE & CARLING AVE (__3Z07L6),45.355598,-75.807098,43
2025,__3Z09KM,JEANNE D'ARC BLVD btwn DES EPINETTES AVE & SAPINIER ST (__3Z09KM),45.458549,-75.507126,17771
2025,__3Z0DDM,SANDRIDGE RD btwn PLACEL RD & BLENHEIM DR (__3Z0DDM),45.455528,-75.6651,500
2025,__3Z0EML,ACACIA AVE btwn WOOD AVE & MAPLE LANE (__3Z0EML),45.446293,-75.672737,1004
2025,__3ZAH5L,BEAUMARIS DR btwn DRAPER PL & QUALICUM ST (__3ZAH5L),45.338764,-75.797302,344
2025,__3Z0GTE,CHECKERS RD btwn CALDER AVE & FIELD ST (__3Z0GTE),45.355732,-75.763939,408
2025,__3Z07LY,CHECKERS RD btwn BEL-AIR DR & IRIS ST (__3Z07LY),45.359428,-75.765984,724
2025,__3ZAHK8,MACKEY RD btwn GALLAGHER RD & MALAKOFF RD (__3ZAHK8),45.074833,-75.752533,109
2025,__3Z0D85,BY WARD MARKET SQ btwn CLARENCE ST & YORK ST (__3Z0D85),45.428379,-75.693413,64
2025,__3Z0FHS,DRUMMOND ST btwn HAZEL ST & HERRIDGE ST (__3Z0FHS),45.407444,-75.679245,246
2025,__3Z0E64,CARTIER ST btwn MACLAREN ST & GILMOUR ST (__3Z0E64),45.417679,-75.687576,1742
2025,__3Z0DOR,HENDERSON AVE btwn LAURIER AVE & OSGOODE ST (__3Z0DOR),45.425121,-75.681541,679
2025,__3Z0CKI,JEANNE D'ARC BLVD btwn DECARIE DR & BILBERRY DR (__3Z0CKI),45.482792,-75.524872,5638
2025,__3Z0BUC,BOTTRIELL WAY btwn HOSKINS CRES & MERKLEY DR (__3Z0BUC),45.47348,-75.49099,3307
2025,__3Z0E3W,MICMAC ST btwn MCQUAIG ST & ALTA VISTA DR (__3Z0E3W),45.385796,-75.663727,94
2025,e___2J2W,MOUNT NEBO WAY btwn RALPH HENNESSY AVE & PATHFINDER WAY (e___2J2W),45.27177,-75.679863,518
2025,e___2IZT,CAMBIE RD btwn SERENADE CRES & TAURUS PL (e___2IZT),45.270191,-75.685547,1295
2025,__3Z0661,HIGHCROFT AVE btwn BYRON PL & KENWOOD AVE (__3Z0661),45.390236,-75.751541,151
2025,__3Z0FG2,PICCADILLY AVE btwn PERTHSHIRE PRIV & BASSETT LANE (__3Z0FG2),45.396305,-75.740227,273
2025,__3Z0C6N,VALLEY DR btwn GOREN AVE & DAKOTA AVE (__3Z0C6N),45.390686,-75.620422,531
2025,__3Z0EFF,GLEBE AVE btwn BANK ST & O'CONNOR ST (__3Z0EFF),45.405869,-75.687874,693
2025,__3Z0AWT,GRENFELL CRES btwn WOODROFFE AVE & PRATT AVE (__3Z0AWT),45.312153,-75.733627,638
2025,__3Z0FMH,MCLEAN CRES btwn DRISCOLL DR & HARTWELL RD (__3Z0FMH),45.238045,-75.700142,185
2025,__8UY846,SHIRLEY'S BROOK DR btwn SANDHILL RD & MOSAIC PRIV (__8UY846),45.35305,-75.92305,2236
2025,__3Z0G9R,AGINCOURT RD btwn ALBANY DR & CANNON CRES (__3Z0G9R),45.363228,-75.752655,1509
2025,__3Z0GW5,SILVER ST btwn SUMMERVILLE AVE & TRENTON AVE (__3Z0GW5),45.376904,-75.728409,503
2025,__6REWOF,PAUL METIVIER DR btwn TEMAGAMI DR & BEATRICE DR (__6REWOF),45.268398,-75.724815,5877
2025,__3Z06NC,RIVERSIDE DR NB btwn SAN REMO PRIV & INDUSTRIAL AVE (__3Z06NC),45.411011,-75.659805,33078
2025,__3Z0ERS,GROSVENOR AVE btwn SUNNYSIDE AVE & HOPEWELL AVE (__3Z0ERS),45.392902,-75.685677,1157
2025,__3ZAIV2,KENNEVALE DR btwn HENNEPIN ST & PICKWICK DR (__3ZAIV2),45.268063,-75.76725,3033
2025,__3Z0E3L,ORILLIA ST btwn MCQUAIG ST & ALTA VISTA DR (__3Z0E3L),45.385071,-75.663696,95
2025,__3Z06NA,KIMBERWICK CRES btwn CHANCELLOR CRT & QUINTERRA CRT (__3Z06NA),45.340416,-75.694206,332
2025,__3Z08AI,BANK ST btwn FLORA ST & ARGYLE AVE (__3Z08AI),45.410671,-75.692749,8429
2025,__3Z0F8F,ULSTER CRES btwn CROMWELL DR & CROMWELL DR (__3Z0F8F),45.369026,-75.677597,53
2025,__3Z0C06,TWEED AVE btwn DAUPHIN RD & HAMLET RD (__3Z0C06),45.398663,-75.636612,100
2025,__3Z0CAQ,HAMLET RD btwn DAUPHIN RD & TWEED AVE (__3Z0CAQ),45.399384,-75.63707,169
2025,__3Z0CAT,HAMLET RD btwn TWEED AVE & HAIG DR (__3Z0CAT),45.399517,-75.635078,336
2025,__3Z0CRM,RYDER ST btwn FEATHERSTON DR & CONNECTICUT AVE (__3Z0CRM),45.384342,-75.636108,3152
2025,__5I62X6,MARCONI AVE btwn APPLECROSS CRES/KINGHORN CRES & KINGHORN CRES/MACARA CRES (__5I62X6),45.356789,-75.923775,2194
2025,__3ZAJPD,KLONDIKE RD btwn MARCONI AVE & MARCH VALLEY RD (__3ZAJPD),45.3606,-75.923859,608
2025,__3ZAJPA,KLONDIKE RD btwn MARCH RD & SANDHILL RD (__3ZAJPA),45.356152,-75.930832,2437
2025,__5VHJJ0,SPRUCE ST btwn CITY CENTRE AVE & TUSCAN PRIV (__5VHJJ0),45.40836,-75.716896,283
2025,__3Z0CYK,CROWNHILL ST btwn STEEL ST & APPLEFORD ST (__3Z0CYK),45.440964,-75.607124,1058
2025,__3Z0DX0,STE. ANNE AVE btwn LAVERGNE ST & ST. JACQUES ST (__3Z0DX0),45.441887,-75.659424,508
2025,e___2J3Y,BRAMBLING WAY btwn DOWITCHER GROVE & GRAND CANAL ST (e___2J3Y),45.247738,-75.742714,256
2025,__54XYWU,ST. PATRICK ST btwn COBOURG ST & VANIER PKWY (__54XYWU),45.436783,-75.679756,18833
2025,__8176PX,COPE DR btwn PASEANA PL & TERRY FOX DR (__8176PX),45.275654,-75.873566,6025
2025,__3ZAIZH,ST. REMY DR btwn JERRILYNN CRES & LANGHOLM CRES (__3ZAIZH),45.280849,-75.768669,516
2025,__3ZAIYA,JERRILYNN CRES btwn ST. REMY DR & ST. REMY DR (__3ZAIYA),45.280659,-75.77021,68
2025,__45KTKB,PARKIN CIR btwn MAASS GT & STEDMAN ST (__45KTKB),45.342789,-75.635498,736
2025,__3Z0DLU,GOULBURN AVE btwn SOMERSET ST & TEMPLETON ST (__3Z0DLU),45.423901,-75.672745,524
2025,__3Z0ESI,SUNNYSIDE AVE btwn GROSVENOR AVE & BANK ST (__3Z0ESI),45.393951,-75.684174,3367
2025,__3Z0ERT,HOPEWELL AVE btwn GROSVENOR AVE & BANK ST (__3Z0ERT),45.393253,-75.683762,563
2025,__3Z0GQC,ATHLONE AVE btwn WESLEY AVE & END (__3Z0GQC),45.390057,-75.748932,246
2025,__3Z0GJE,FOSTER ST btwn PARKDALE AVE & BEVERLEY AVE (__3Z0GJE),45.399075,-75.72718,318
2025,__3Z0GJO,SIMS AVE btwn PARKDALE AVE & BEVERLEY AVE (__3Z0GJO),45.398666,-75.726494,354
2025,__3Z0EU3,RIVERDALE AVE btwn SUNNYSIDE AVE & SOUTHERN DR (__3Z0EU3),45.396763,-75.679031,5436
2025,__3Z083M,MERIVALE RD btwn MACFARLANE RD & BROOKDALE AVE (__3Z083M),45.322544,-75.717163,11886
2025,__3Z0DGD,CENTENNIAL BLVD btwn BULLOCK AVE & RIDEAU GARDEN DR (__3Z0DGD),45.402828,-75.67099,253
2025,__3Z0821,RIVER RD btwn HONEY GABLES DR & RYEBURN DR (__3Z0821),45.282558,-75.693939,14623
2025,__3Z0AHS,LONG ISLAND RD btwn CINDY HILL CRES & WATERPARK PL (__3Z0AHS),45.237423,-75.691086,1951
2025,__3Z0GB3,DONNA ST btwn OAKRIDGE BLVD & SULLIVAN AVE (__3Z0GB3),45.341862,-75.754456,146
2025,__7IFXSJ,COPE DR btwn NORTHGRAVES CRES & AKERSON RD (__7IFXSJ),45.279945,-75.868454,10089
2025,e___2HET,HOPE SIDE RD btwn ACCEPTANCE PL & OLD RICHMOND RD (e___2HET),45.276066,-75.838631,15196
2025,__3Z09WG,MERIVALE RD btwn LAPERRIERE AVE & LEASIDE AVE (__3Z09WG),45.382294,-75.732971,12053
2025,e___2HPO,ENCLAVE WALK btwn PIN CHERRY GROVE & PIN CHERRY GROVE (e___2HPO),45.435291,-75.506851,166
2025,__3Z0AHB,RADISSON WAY btwn AMYOT AVE & POTVIN AVE (__3Z0AHB),45.481754,-75.550224,589
2025,__3ZAI1A,RICHLAND DR btwn LULWORTH CRT & MCBEAN ST (__3ZAI1A),45.179054,-75.821762,2130
2025,__3Z0DSW,BLOHM DR btwn NOTMAN WAY & PITTAWAY AVE (__3Z0DSW),45.369892,-75.613625,1981
2025,__3Z08Z8,MERIVALE RD btwn CASSONE CRT & PINEGLEN CRES (__3Z08Z8),45.32135,-75.716469,12740
2025,__3Z00Q0,PERTH ST btwn MCBEAN ST & COLONEL MURRAY ST (__3Z00Q0),45.194901,-75.838028,16966
2025,__3Z0E3A,KILBORN AVE btwn BLOSSOM DR & BEAVER AVE (__3Z0E3A),45.386196,-75.668549,4467
2025,__3Z0DDX,BAYCREST DR btwn HERON RD & CEDARWOOD DR (__3Z0DDX),45.379005,-75.652603,5011
2025,__3Z0F6F,LAPERRIERE AVE btwn ADDISON ST & KENZIE ST (__3Z0F6F),45.380741,-75.735794,1440
2025,__3Z0DNP,CLAUDE ST btwn CLARKE AVE & BURN ST (__3Z0DNP),45.43655,-75.640793,634
2025,__3Z0FHX,DRAKE AVE btwn LINDSAY ST & NEIGHBOURHOOD WAY (__3Z0FHX),45.408096,-75.653938,526
2025,__3Z0EVP,FAIRBANKS AVE btwn FAIRCREST RD & ROGER RD (__3Z0EVP),45.397449,-75.658157,917
2025,__3Z0F7Q,DOVERCOURT AVE btwn FRASER AVE & DENBURY AVE (__3Z0F7Q),45.380917,-75.759445,2795
2025,__3Z0GI2,CHAMPAGNE AVE btwn BEECH ST & HICKORY ST (__3Z0GI2),45.398613,-75.711609,1845
2025,__5WHGWI,COBBLE HILL DR btwn AMAR LANE & LAMPLIGHTERS DR (__5WHGWI),45.26453,-75.773163,389
2025,__4YT1QD,COUNTRY MEADOW DR btwn BEARHILL RD & COUNTRY CARRIAGE WAY (__4YT1QD),45.308006,-76.077812,87
2025,e___2HR8,SUMMITVIEW DR btwn WILLOWDUSK ST & PINELOCK ST (e___2HR8),45.278408,-75.839554,1163
2025,__3Z0EE9,MCGILLIVRAY ST btwn MCNAUGHTON AVE & MERRITT AVE (__3Z0EE9),45.404377,-75.678726,536
2025,__3Z0EFO,MCNAUGHTON AVE btwn MCGILLIVRAY ST & MERRITT AVE (__3Z0EFO),45.404957,-75.67775,207
2025,__8IAXGT,TRAILSEDGE WAY btwn PAGE RD & CONTOUR ST (__8IAXGT),45.434086,-75.518936,914
2025,__6BV8TK,KNOTRIDGE ST btwn BROADRIDGE CRES & PERRODALE WALK (__6BV8TK),45.42725,-75.511475,309
2025,__3Z0GLR,ROSS AVE btwn SCOTT ST & SPENCER ST (__3Z0GLR),45.400894,-75.738785,358
2025,__4CZRHB,ANFIELD CRES btwn OLDFIELD ST & OLDFIELD ST (__4CZRHB),45.283333,-75.710121,95
2025,__3Z0G0G,BONNIE CRES btwn GLENMOUNT AVE & GREENLAWN CRES (__3Z0G0G),45.366039,-75.745552,461
2025,__3Z0F9H,NOTTING HILL AVE btwn BANK ST & BANFF AVE (__3Z0F9H),45.368999,-75.661324,333
2025,__6REWPV,SOLERA CIR btwn DUNSTON TERR & CAHILL DR (__6REWPV),45.358574,-75.638939,391
2025,__3ZAJP2,ALLENBY RD btwn GATESHEAD AVE & COLLINGWOOD CRES (__3ZAJP2),45.349537,-75.929665,651
2025,__308HF9,FLAMBOROUGH WAY btwn KEIGHLEY CIR & MERSEY DR (__308HF9),45.35273,-75.934067,2149
2025,__3Z00WS,GOLDRIDGE DR btwn STIKINE DR & BLACKDOME CRES (__3Z00WS),45.318058,-75.923492,2564
2025,__3Z0DFF,DELMAR DR btwn DEVLIN CRES & PLAYFAIR DR (__3Z0DFF),45.390675,-75.640778,1913
2025,__3Z090L,HOLLY ACRES RD btwn HWY 417 WB RAMP/TRANSITWAY & HWY416 IC75C RAMP24 (__3Z090L),45.344128,-75.812981,7231
2025,__3Z0EJ9,PUTMAN AVE btwn LANGEVIN AVE & CHAMPLAIN AVE (__3Z0EJ9),45.442368,-75.6745,588
2025,__3Z0C0S,HAIG DR btwn DAUPHIN RD & QUINLAN RD (__3Z0C0S),45.397728,-75.636345,2946
2025,e___2HAQ,DERBEYSHIRE ST btwn MARCH RD & TERBOL CRT (e___2HAQ),45.374653,-75.968414,183
2025,__3Z0C8D,HAIG DR btwn FAIRDALE AVE & CORK ST (__3Z0C8D),45.394917,-75.636856,6030
2025,__3Z0C7U,HAIG DR btwn ELLEN AVE & SANDRA AVE (__3Z0C7U),45.392857,-75.636429,6679
2025,__3Z0C6Y,HAIG DR btwn HANEY AVE & FLEMING AVE (__3Z0C6Y),45.391266,-75.635757,6821
2025,__3Z05VE,8TH LINE RD btwn IVESON DR & ALBERT BOUWERS CIR (__3Z05VE),45.277653,-75.495232,2468
2025,__3Z0F1R,SECOND LINE RD btwn PHELAN RD & ROGER STEVENS DR (__3Z0F1R),45.157146,-75.679924,325
2025,__3Z0GBY,SUNNYCREST DR btwn MARSON ST & HILLIARD AVE (__3Z0GBY),45.369991,-75.717743,645
2025,__3Z0G5Q,BEAVER RDG btwn COMMANCHE DR & LEAVER AVE (__3Z0G5Q),45.358685,-75.731842,1331
2025,__3Z0GDA,PALSEN ST btwn OAKRIDGE BLVD & CALVERT ST (__3Z0GDA),45.346203,-75.740326,545
2025,__3Z0GEM,PARKGLEN DR btwn ANDOVER PL & PARKGLEN CRT (__3Z0GEM),45.346703,-75.755569,1038
2025,__3ZAIUT,BANNER RD btwn KEPPLER CRES & PARKMOUNT CRES (__3ZAIUT),45.332325,-75.786751,2512
2025,__45C2R9,PINE VISTA DR btwn RUSTIC HILLS CRES & RUSTIC HILLS CRES (__45C2R9),45.473118,-75.450363,91
2025,__3Z0AKE,DES EPINETTES AVE btwn TURNBERRY RD & WAYSIDE CRT (__3Z0AKE),45.462368,-75.504822,6638
2025,__3Z0DAS,MOUNTBATTEN AVE btwn BLOSSOM DR & CAVENDISH RD (__3Z0DAS),45.39164,-75.667206,654
2025,__3ZAHTM,BREN-MAUR RD btwn BARCHAM CRES/GEDDES WAY & BARCHAM CRES/TEMAGAMI DR (__3ZAHTM),45.266296,-75.726349,296
2025,__3Z0AFB,SHANDON AVE btwn GRANDFIELD LANE & EARL MULLIGAN DR (__3Z0AFB),45.294605,-75.733673,160
2025,__3Z0AFG,EARL MULLIGAN DR btwn SHANDON AVE & WOODGATE WAY (__3Z0AFG),45.293655,-75.732452,5871
2025,__3Z08N3,ISABELLA ST btwn METCALFE ST & ELGIN ST (__3Z08N3),45.411083,-75.685646,15857
2025,__3Z0DA7,GROVE AVE btwn LEONARD AVE & GROSVENOR AVE (__3Z0DA7),45.390884,-75.685585,427
2025,__3Z0EWH,SOUTHERN DR btwn BRISTOL AVE & AVENUE RD (__3Z0EWH),45.398506,-75.675194,314
2025,__3Z0B1B,THUNDER RD btwn ANDERSON RD & FARMERS WAY (__3Z0B1B),45.329201,-75.505943,1091
2025,__3Z09JN,VICTORIA ST btwn 9TH LINE RD & YORKS CORNERS RD (__3Z09JN),45.24868,-75.442726,4209
2025,__3Z0GWD,CHATELAIN AVE btwn CAVAN ST & KIRKWOOD AVE (__3Z0GWD),45.377239,-75.735794,195
2025,__3ZAH4Y,MEADOWBANK DR btwn GREENBANK RD & CROFTON RD (__3ZAH4Y),45.338188,-75.783745,869
2025,e___2JTJ,PROXIMA TERR btwn PERSEUS AVE & CELESTIAL GROVE (e___2JTJ),45.252064,-75.753426,102
2025,__3Z0CGB,CUMBERLAND ST btwn BRUYERE ST & ST. ANDREW ST (__3Z0CGB),45.433426,-75.691986,1606
2025,__3Z0CGO,CUMBERLAND ST btwn ST. ANDREW ST & GUIGUES AVE (__3Z0CGO),45.432812,-75.691467,816
2025,__3ZAILH,HIGH ST btwn CARLING AVE & RICHMOND RD (__3ZAILH),45.357765,-75.795753,419
2025,__3Z0G7S,NORMANDY CRES btwn FISHER AVE & ORTONA AVE N (__3Z0G7S),45.360569,-75.709343,886
2025,__3Z0G6B,FIELD ST btwn DUBLIN AVE & IRIS ST (__3Z0G6B),45.360191,-75.762657,684
2025,__3Z0GB6,VIEWMOUNT DR btwn ALDERCREST DR & PARKSIDE CRES (__3Z0GB6),45.341228,-75.738708,3625
2025,__3ZAIEG,BALLANTRAE WAY btwn GLAMORGAN DR & ARDAGH GT (__3ZAIEG),45.288418,-75.877121,140
2025,__3Z0DBH,SPRINGFIELD RD btwn THOROLD RD & HILLCREST RD (__3Z0DBH),45.452866,-75.679543,261
2025,__3Z0EGW,ORCHID DR btwn KEATS AVE & SHELLEY AVE (__3Z0EGW),45.406487,-75.641617,133
2025,__3Z0B65,FORTUNE DR btwn LEACROSS PRIV & ST. MORITZ CRT (__3Z0B65),45.472523,-75.546516,1734
2025,__3Z0E88,DOWNPATRICK RD btwn WYMAN CRES & WYMAN PL (__3Z0E88),45.346252,-75.660828,1809
2025,e___1G0D,COBBLE HILL DR btwn NEWBURGH PL & ODESSA WAY (e___1G0D),45.275055,-75.785011,1857
2025,__5UW3XP,CLUBMOSS AVE btwn COMFREY CRES & COMFREY CRES (__5UW3XP),45.4576,-75.458786,170
2025,__3Z0EM9,MAPLE LANE btwn ASHBURY PL & ELMDALE LANE (__3Z0EM9),45.446529,-75.675781,469
2025,__3Z0ENC,MARIPOSA AVE btwn SPRINGFIELD RD & BUCHAN RD (__3Z0ENC),45.448486,-75.677422,966
2025,__7287NY,VANIER PKWY NB btwn BEECHWOOD AVE/ST. PATRICK ST & MEILLEUR PRIV (__7287NY),45.437931,-75.675591,22043
2025,__3Z0962,MEADOWLANDS DR btwn BELIVEAU ST & BEAVER RIDGE (__3Z0962),45.359154,-75.723389,11879
2025,__86L65M,BORBRIDGE AVE btwn RIVER RD & ORBITOR LANE (__86L65M),45.263115,-75.69931,1881
2025,__4LK2QX,NIXON FARM DR btwn CEDARSTONE ST & PERTH ST (__4LK2QX),45.194153,-75.844093,1165
2025,__3ZAIA8,FORTUNE ST btwn MARTIN ST & ROYAL YORK ST (__3ZAIA8),45.186562,-75.839272,1185
2025,__3Z0D0X,STEWART ST btwn AUGUSTA ST & COBOURG ST (__3Z0D0X),45.429905,-75.677032,502
2025,__67PTL1,SPRING VALLEY DR btwn KNOTRIDGE ST & NAVAN RD (__67PTL1),45.428837,-75.513237,2045
2025,__3Z0BW7,JEANNE D'ARC BLVD btwn KINGFISHER CRES & SINGLETON WAY (__3Z0BW7),45.487644,-75.509712,3894
2025,__3Z0DVJ,D'AOUST AVE btwn TIMBERMILL ST & ST. BERNARD ST (__3Z0DVJ),45.34919,-75.634377,1032
2025,__3ZAHXX,WESSEX RD btwn AMHERST CRES & GLACIER ST (__3ZAHXX),45.273293,-75.752892,3299
2025,__3Z0GTY,ADIRONDACK DR btwn DOMALATCHY PL & WOODROFFE AVE (__3Z0GTY),45.353474,-75.765427,177
2025,__3Z0BJX,AMBERWOOD CRES btwn CHESSWOOD CRT & EDENBROOK CRT (__3Z0BJX),45.320778,-75.706802,914
2025,__3Z0C8K,TUPPER AVE btwn JOLIFFE ST & RUSSELL RD (__3Z0C8K),45.39447,-75.61396,387
2025,__3Z00VW,TAJ CRT btwn TAJ CRT & TAJ CRT (__3Z00VW),45.373074,-75.608475,140
2025,__3Z0DQX,COLUMBUS AVE btwn VERA ST & QUILL ST (__3Z0DQX),45.426739,-75.659065,145
2025,__3Z0DPD,QUILL ST btwn COLUMBUS AVE & GLYNN AVE (__3Z0DPD),45.426472,-75.657623,707
2025,__3Z0EOW,LISGAR RD btwn PARK RD & BUENA VISTA RD (__3Z0EOW),45.449944,-75.685585,740
2025,__3Z0B6C,FORTUNE DR btwn ST. DUNSTANS PL & STE. THERESE LANE (__3Z0B6C),45.473366,-75.53904,1727
2025,__3ZAHC8,RIDGEFIELD CRES btwn EVERGREEN DR & CHERRYWOOD DR (__3ZAHC8),45.319626,-75.819145,587
2025,__4QEYCC,QUEENSTON DR btwn DR. NEELIN DR & LUNDY'S LANE (__4QEYCC),45.198811,-75.834908,509
2025,__3Z0AIA,CENTREPOINTE DR btwn MARBLE ARCH CRES & STRATHBURY ST (__3Z0AIA),45.339458,-75.771347,3147
2025,__4LVKHR,STONEHAVEN DR btwn STONEMEADOW DR & BRIDLE PARK DR (__4LVKHR),45.285786,-75.846367,6748
2025,__3Z05YO,STONEHAVEN DR btwn GRASSY PLAINS DR & SUMMITVIEW DR (__3Z05YO),45.281109,-75.843063,10760
2025,__3Z05SF,MAPLE STAND WAY btwn FOREST GATE WAY & OAK GROVE ST (__3Z05SF),45.289883,-75.717575,235
2025,__3Z0CJE,JEANNE D'ARC BLVD btwn AVIGNON CRT & DECARIE DR (__3Z0CJE),45.482304,-75.529144,5556
