FSA,Bracket,Number
A0A,"Under $5,000",2550
A0A,"$5,000 to $9,999",2350
A0A,"$10,000 to $14,999",3610
A0A,"$15,000 to $19,999",4580
A0A,"$20,000 to $24,999",3970
A0A,"$25,000 to $29,999",2700
A0A,"$30,000 to $34,999",2500
A0A,"$35,000 to $39,999",2400
A0A,"$40,000 to $44,999",2040
A0A,"$45,000 to $49,999",1850
A0A,"$50,000 to $54,999",1450
A0A,"$55,000 to $59,999",1290
A0A,"$60,000 to $69,999",1900
A0A,"$70,000 to $79,999",1470
A0A,"$80,000 to $89,999",1040
A0A,"$90,000 to $99,999",830
A0A,"$100,000 to $149,999",2240
A0A,"$150,000 to $249,999",780
A0A,"$250,000 and over",150
A0B,"Under $5,000",1020
A0B,"$5,000 to $9,999",920
A0B,"$10,000 to $14,999",1580
A0B,"$15,000 to $19,999",2170
A0B,"$20,000 to $24,999",1880
A0B,"$25,000 to $29,999",1360
A0B,"$30,000 to $34,999",1150
A0B,"$35,000 to $39,999",1120
A0B,"$40,000 to $44,999",900
A0B,"$45,000 to $49,999",820
A0B,"$50,000 to $54,999",620
A0B,"$55,000 to $59,999",530
A0B,"$60,000 to $69,999",770
A0B,"$70,000 to $79,999",560
A0B,"$80,000 to $89,999",430
A0B,"$90,000 to $99,999",350
A0B,"$100,000 to $149,999",880
A0B,"$150,000 to $249,999",310
A0B,"$250,000 and over",60
A0C,"Under $5,000",630
A0C,"$5,000 to $9,999",610
A0C,"$10,000 to $14,999",1120
A0C,"$15,000 to $19,999",1500
A0C,"$20,000 to $24,999",1320
A0C,"$25,000 to $29,999",910
A0C,"$30,000 to $34,999",790
A0C,"$35,000 to $39,999",750
A0C,"$40,000 to $44,999",610
A0C,"$45,000 to $49,999",500
A0C,"$50,000 to $54,999",380
A0C,"$55,000 to $59,999",310
A0C,"$60,000 to $69,999",400
A0C,"$70,000 to $79,999",260
A0C,"$80,000 to $89,999",170
A0C,"$90,000 to $99,999",130
A0C,"$100,000 to $149,999",360
A0C,"$150,000 to $249,999",80
A0C,"$250,000 and over",10
A0E,"Under $5,000",1200
A0E,"$5,000 to $9,999",1160
A0E,"$10,000 to $14,999",1900
A0E,"$15,000 to $19,999",2360
A0E,"$20,000 to $24,999",2320
A0E,"$25,000 to $29,999",1330
A0E,"$30,000 to $34,999",1170
A0E,"$35,000 to $39,999",1050
A0E,"$40,000 to $44,999",950
A0E,"$45,000 to $49,999",780
A0E,"$50,000 to $54,999",600
A0E,"$55,000 to $59,999",560
A0E,"$60,000 to $69,999",920
A0E,"$70,000 to $79,999",640
A0E,"$80,000 to $89,999",520
A0E,"$90,000 to $99,999",400
A0E,"$100,000 to $149,999",1040
A0E,"$150,000 to $249,999",320
A0E,"$250,000 and over",40
A0G,"Under $5,000",2040
A0G,"$5,000 to $9,999",1630
A0G,"$10,000 to $14,999",3480
A0G,"$15,000 to $19,999",4340
A0G,"$20,000 to $24,999",3350
A0G,"$25,000 to $29,999",2300
A0G,"$30,000 to $34,999",2160
A0G,"$35,000 to $39,999",1930
A0G,"$40,000 to $44,999",1610
A0G,"$45,000 to $49,999",1290
A0G,"$50,000 to $54,999",1070
A0G,"$55,000 to $59,999",860
A0G,"$60,000 to $69,999",1230
A0G,"$70,000 to $79,999",820
A0G,"$80,000 to $89,999",610
A0G,"$90,000 to $99,999",480
A0G,"$100,000 to $149,999",1060
A0G,"$150,000 to $249,999",320
A0G,"$250,000 and over",60
A0H,"Under $5,000",1470
A0H,"$5,000 to $9,999",940
A0H,"$10,000 to $14,999",1630
A0H,"$15,000 to $19,999",1980
A0H,"$20,000 to $24,999",1780
A0H,"$25,000 to $29,999",1120
A0H,"$30,000 to $34,999",1000
A0H,"$35,000 to $39,999",920
A0H,"$40,000 to $44,999",760
A0H,"$45,000 to $49,999",620
A0H,"$50,000 to $54,999",530
A0H,"$55,000 to $59,999",440
A0H,"$60,000 to $69,999",620
A0H,"$70,000 to $79,999",410
A0H,"$80,000 to $89,999",280
A0H,"$90,000 to $99,999",210
A0H,"$100,000 to $149,999",560
A0H,"$150,000 to $249,999",100
A0H,"$250,000 and over",30
A0J,"Under $5,000",500
A0J,"$5,000 to $9,999",430
A0J,"$10,000 to $14,999",800
A0J,"$15,000 to $19,999",980
A0J,"$20,000 to $24,999",820
A0J,"$25,000 to $29,999",540
A0J,"$30,000 to $34,999",390
A0J,"$35,000 to $39,999",350
A0J,"$40,000 to $44,999",310
A0J,"$45,000 to $49,999",300
A0J,"$50,000 to $54,999",210
A0J,"$55,000 to $59,999",150
A0J,"$60,000 to $69,999",290
A0J,"$70,000 to $79,999",190
A0J,"$80,000 to $89,999",160
A0J,"$90,000 to $99,999",130
A0J,"$100,000 to $149,999",280
A0J,"$150,000 to $249,999",120
A0J,"$250,000 and over",20
A0K,"Under $5,000",1180
A0K,"$5,000 to $9,999",1120
A0K,"$10,000 to $14,999",2220
A0K,"$15,000 to $19,999",3010
A0K,"$20,000 to $24,999",2320
A0K,"$25,000 to $29,999",1780
A0K,"$30,000 to $34,999",1650
A0K,"$35,000 to $39,999",1530
A0K,"$40,000 to $44,999",1170
A0K,"$45,000 to $49,999",1050
A0K,"$50,000 to $54,999",870
A0K,"$55,000 to $59,999",750
A0K,"$60,000 to $69,999",1050
A0K,"$70,000 to $79,999",750
A0K,"$80,000 to $89,999",550
A0K,"$90,000 to $99,999",410
A0K,"$100,000 to $149,999",990
A0K,"$150,000 to $249,999",270
A0K,"$250,000 and over",50
A0L,"Under $5,000",340
A0L,"$5,000 to $9,999",310
A0L,"$10,000 to $14,999",540
A0L,"$15,000 to $19,999",660
A0L,"$20,000 to $24,999",630
A0L,"$25,000 to $29,999",430
A0L,"$30,000 to $34,999",480
A0L,"$35,000 to $39,999",450
A0L,"$40,000 to $44,999",380
A0L,"$45,000 to $49,999",340
A0L,"$50,000 to $54,999",320
A0L,"$55,000 to $59,999",270
A0L,"$60,000 to $69,999",370
A0L,"$70,000 to $79,999",290
A0L,"$80,000 to $89,999",200
A0L,"$90,000 to $99,999",180
A0L,"$100,000 to $149,999",330
A0L,"$150,000 to $249,999",80
A0L,"$250,000 and over",20
A0M,"Under $5,000",290
A0M,"$5,000 to $9,999",250
A0M,"$10,000 to $14,999",470
A0M,"$15,000 to $19,999",590
A0M,"$20,000 to $24,999",610
A0M,"$25,000 to $29,999",440
A0M,"$30,000 to $34,999",330
A0M,"$35,000 to $39,999",300
A0M,"$40,000 to $44,999",260
A0M,"$45,000 to $49,999",190
A0M,"$50,000 to $54,999",160
A0M,"$55,000 to $59,999",210
A0M,"$60,000 to $69,999",340
A0M,"$70,000 to $79,999",230
A0M,"$80,000 to $89,999",180
A0M,"$90,000 to $99,999",110
A0M,"$100,000 to $149,999",190
A0M,"$150,000 to $249,999",60
A0M,"$250,000 and over",10
A0N,"Under $5,000",890
A0N,"$5,000 to $9,999",810
A0N,"$10,000 to $14,999",1460
A0N,"$15,000 to $19,999",1980
A0N,"$20,000 to $24,999",1340
A0N,"$25,000 to $29,999",940
A0N,"$30,000 to $34,999",920
A0N,"$35,000 to $39,999",770
A0N,"$40,000 to $44,999",590
A0N,"$45,000 to $49,999",480
A0N,"$50,000 to $54,999",370
A0N,"$55,000 to $59,999",310
A0N,"$60,000 to $69,999",480
A0N,"$70,000 to $79,999",290
A0N,"$80,000 to $89,999",210
A0N,"$90,000 to $99,999",170
A0N,"$100,000 to $149,999",330
A0N,"$150,000 to $249,999",80
A0N,"$250,000 and over",10
A0P,"Under $5,000",1320
A0P,"$5,000 to $9,999",570
A0P,"$10,000 to $14,999",570
A0P,"$15,000 to $19,999",570
A0P,"$20,000 to $24,999",500
A0P,"$25,000 to $29,999",460
A0P,"$30,000 to $34,999",460
A0P,"$35,000 to $39,999",440
A0P,"$40,000 to $44,999",430
A0P,"$45,000 to $49,999",440
A0P,"$50,000 to $54,999",410
A0P,"$55,000 to $59,999",350
A0P,"$60,000 to $69,999",630
A0P,"$70,000 to $79,999",500
A0P,"$80,000 to $89,999",420
A0P,"$90,000 to $99,999",400
A0P,"$100,000 to $149,999",960
A0P,"$150,000 to $249,999",250
A0P,"$250,000 and over",60
A0R,"Under $5,000",130
A0R,"$5,000 to $9,999",60
A0R,"$10,000 to $14,999",70
A0R,"$15,000 to $19,999",70
A0R,"$20,000 to $24,999",80
A0R,"$25,000 to $29,999",80
A0R,"$30,000 to $34,999",80
A0R,"$35,000 to $39,999",80
A0R,"$40,000 to $44,999",80
A0R,"$45,000 to $49,999",90
A0R,"$50,000 to $54,999",60
A0R,"$55,000 to $59,999",50
A0R,"$60,000 to $69,999",90
A0R,"$70,000 to $79,999",100
A0R,"$80,000 to $89,999",80
A0R,"$90,000 to $99,999",110
A0R,"$100,000 to $149,999",430
A0R,"$150,000 to $249,999",250
A0R,"$250,000 and over",20
A1A,"Under $5,000",1610
A1A,"$5,000 to $9,999",1170
A1A,"$10,000 to $14,999",1400
A1A,"$15,000 to $19,999",1410
A1A,"$20,000 to $24,999",1520
A1A,"$25,000 to $29,999",1180
A1A,"$30,000 to $34,999",1210
A1A,"$35,000 to $39,999",1170
A1A,"$40,000 to $44,999",1110
A1A,"$45,000 to $49,999",1240
A1A,"$50,000 to $54,999",960
A1A,"$55,000 to $59,999",890
A1A,"$60,000 to $69,999",1500
A1A,"$70,000 to $79,999",1320
A1A,"$80,000 to $89,999",1000
A1A,"$90,000 to $99,999",850
A1A,"$100,000 to $149,999",2150
A1A,"$150,000 to $249,999",990
A1A,"$250,000 and over",550
A1B,"Under $5,000",1960
A1B,"$5,000 to $9,999",1330
A1B,"$10,000 to $14,999",1490
A1B,"$15,000 to $19,999",1290
A1B,"$20,000 to $24,999",1110
A1B,"$25,000 to $29,999",860
A1B,"$30,000 to $34,999",750
A1B,"$35,000 to $39,999",720
A1B,"$40,000 to $44,999",650
A1B,"$45,000 to $49,999",660
A1B,"$50,000 to $54,999",540
A1B,"$55,000 to $59,999",460
A1B,"$60,000 to $69,999",790
A1B,"$70,000 to $79,999",640
A1B,"$80,000 to $89,999",480
A1B,"$90,000 to $99,999",390
A1B,"$100,000 to $149,999",1050
A1B,"$150,000 to $249,999",500
A1B,"$250,000 and over",260
A1C,"Under $5,000",940
A1C,"$5,000 to $9,999",810
A1C,"$10,000 to $14,999",1160
A1C,"$15,000 to $19,999",1000
A1C,"$20,000 to $24,999",850
A1C,"$25,000 to $29,999",570
A1C,"$30,000 to $34,999",540
A1C,"$35,000 to $39,999",490
A1C,"$40,000 to $44,999",510
A1C,"$45,000 to $49,999",450
A1C,"$50,000 to $54,999",350
A1C,"$55,000 to $59,999",330
A1C,"$60,000 to $69,999",460
A1C,"$70,000 to $79,999",410
A1C,"$80,000 to $89,999",300
A1C,"$90,000 to $99,999",250
A1C,"$100,000 to $149,999",580
A1C,"$150,000 to $249,999",230
A1C,"$250,000 and over",180
A1E,"Under $5,000",1420
A1E,"$5,000 to $9,999",1240
A1E,"$10,000 to $14,999",1890
A1E,"$15,000 to $19,999",1970
A1E,"$20,000 to $24,999",1890
A1E,"$25,000 to $29,999",1400
A1E,"$30,000 to $34,999",1340
A1E,"$35,000 to $39,999",1290
A1E,"$40,000 to $44,999",1270
A1E,"$45,000 to $49,999",1220
A1E,"$50,000 to $54,999",920
A1E,"$55,000 to $59,999",770
A1E,"$60,000 to $69,999",1280
A1E,"$70,000 to $79,999",1060
A1E,"$80,000 to $89,999",750
A1E,"$90,000 to $99,999",570
A1E,"$100,000 to $149,999",1350
A1E,"$150,000 to $249,999",450
A1E,"$250,000 and over",170
A1G,"Under $5,000",220
A1G,"$5,000 to $9,999",240
A1G,"$10,000 to $14,999",310
A1G,"$15,000 to $19,999",350
A1G,"$20,000 to $24,999",360
A1G,"$25,000 to $29,999",260
A1G,"$30,000 to $34,999",280
A1G,"$35,000 to $39,999",310
A1G,"$40,000 to $44,999",280
A1G,"$45,000 to $49,999",270
A1G,"$50,000 to $54,999",200
A1G,"$55,000 to $59,999",200
A1G,"$60,000 to $69,999",280
A1G,"$70,000 to $79,999",240
A1G,"$80,000 to $89,999",170
A1G,"$90,000 to $99,999",140
A1G,"$100,000 to $149,999",330
A1G,"$150,000 to $249,999",100
A1G,"$250,000 and over",30
A1H,"Under $5,000",240
A1H,"$5,000 to $9,999",170
A1H,"$10,000 to $14,999",180
A1H,"$15,000 to $19,999",180
A1H,"$20,000 to $24,999",170
A1H,"$25,000 to $29,999",150
A1H,"$30,000 to $34,999",160
A1H,"$35,000 to $39,999",180
A1H,"$40,000 to $44,999",150
A1H,"$45,000 to $49,999",210
A1H,"$50,000 to $54,999",160
A1H,"$55,000 to $59,999",180
A1H,"$60,000 to $69,999",330
A1H,"$70,000 to $79,999",300
A1H,"$80,000 to $89,999",230
A1H,"$90,000 to $99,999",250
A1H,"$100,000 to $149,999",670
A1H,"$150,000 to $249,999",300
A1H,"$250,000 and over",110
A1K,"Under $5,000",540
A1K,"$5,000 to $9,999",440
A1K,"$10,000 to $14,999",570
A1K,"$15,000 to $19,999",550
A1K,"$20,000 to $24,999",590
A1K,"$25,000 to $29,999",430
A1K,"$30,000 to $34,999",520
A1K,"$35,000 to $39,999",530
A1K,"$40,000 to $44,999",510
A1K,"$45,000 to $49,999",490
A1K,"$50,000 to $54,999",490
A1K,"$55,000 to $59,999",400
A1K,"$60,000 to $69,999",700
A1K,"$70,000 to $79,999",560
A1K,"$80,000 to $89,999",460
A1K,"$90,000 to $99,999",370
A1K,"$100,000 to $149,999",1060
A1K,"$150,000 to $249,999",440
A1K,"$250,000 and over",170
A1L,"Under $5,000",800
A1L,"$5,000 to $9,999",710
A1L,"$10,000 to $14,999",860
A1L,"$15,000 to $19,999",820
A1L,"$20,000 to $24,999",860
A1L,"$25,000 to $29,999",730
A1L,"$30,000 to $34,999",750
A1L,"$35,000 to $39,999",780
A1L,"$40,000 to $44,999",810
A1L,"$45,000 to $49,999",860
A1L,"$50,000 to $54,999",730
A1L,"$55,000 to $59,999",790
A1L,"$60,000 to $69,999",1190
A1L,"$70,000 to $79,999",1070
A1L,"$80,000 to $89,999",890
A1L,"$90,000 to $99,999",750
A1L,"$100,000 to $149,999",2050
A1L,"$150,000 to $249,999",750
A1L,"$250,000 and over",200
A1M,"Under $5,000",370
A1M,"$5,000 to $9,999",300
A1M,"$10,000 to $14,999",370
A1M,"$15,000 to $19,999",380
A1M,"$20,000 to $24,999",430
A1M,"$25,000 to $29,999",340
A1M,"$30,000 to $34,999",310
A1M,"$35,000 to $39,999",300
A1M,"$40,000 to $44,999",310
A1M,"$45,000 to $49,999",320
A1M,"$50,000 to $54,999",280
A1M,"$55,000 to $59,999",240
A1M,"$60,000 to $69,999",430
A1M,"$70,000 to $79,999",380
A1M,"$80,000 to $89,999",280
A1M,"$90,000 to $99,999",240
A1M,"$100,000 to $149,999",670
A1M,"$150,000 to $249,999",300
A1M,"$250,000 and over",130
A1N,"Under $5,000",910
A1N,"$5,000 to $9,999",860
A1N,"$10,000 to $14,999",1290
A1N,"$15,000 to $19,999",1330
A1N,"$20,000 to $24,999",1470
A1N,"$25,000 to $29,999",1200
A1N,"$30,000 to $34,999",1260
A1N,"$35,000 to $39,999",1170
A1N,"$40,000 to $44,999",1180
A1N,"$45,000 to $49,999",1150
A1N,"$50,000 to $54,999",940
A1N,"$55,000 to $59,999",860
A1N,"$60,000 to $69,999",1330
A1N,"$70,000 to $79,999",1050
A1N,"$80,000 to $89,999",700
A1N,"$90,000 to $99,999",550
A1N,"$100,000 to $149,999",1260
A1N,"$150,000 to $249,999",390
A1N,"$250,000 and over",140
A1S,"Under $5,000",300
A1S,"$5,000 to $9,999",290
A1S,"$10,000 to $14,999",430
A1S,"$15,000 to $19,999",450
A1S,"$20,000 to $24,999",410
A1S,"$25,000 to $29,999",330
A1S,"$30,000 to $34,999",320
A1S,"$35,000 to $39,999",330
A1S,"$40,000 to $44,999",320
A1S,"$45,000 to $49,999",290
A1S,"$50,000 to $54,999",270
A1S,"$55,000 to $59,999",220
A1S,"$60,000 to $69,999",360
A1S,"$70,000 to $79,999",280
A1S,"$80,000 to $89,999",190
A1S,"$90,000 to $99,999",150
A1S,"$100,000 to $149,999",410
A1S,"$150,000 to $249,999",140
A1S,"$250,000 and over",30
A1V,"Under $5,000",510
A1V,"$5,000 to $9,999",510
A1V,"$10,000 to $14,999",660
A1V,"$15,000 to $19,999",740
A1V,"$20,000 to $24,999",790
A1V,"$25,000 to $29,999",620
A1V,"$30,000 to $34,999",590
A1V,"$35,000 to $39,999",540
A1V,"$40,000 to $44,999",530
A1V,"$45,000 to $49,999",490
A1V,"$50,000 to $54,999",380
A1V,"$55,000 to $59,999",370
A1V,"$60,000 to $69,999",590
A1V,"$70,000 to $79,999",460
A1V,"$80,000 to $89,999",390
A1V,"$90,000 to $99,999",300
A1V,"$100,000 to $149,999",700
A1V,"$150,000 to $249,999",270
A1V,"$250,000 and over",120
A1W,"Under $5,000",490
A1W,"$5,000 to $9,999",400
A1W,"$10,000 to $14,999",560
A1W,"$15,000 to $19,999",660
A1W,"$20,000 to $24,999",660
A1W,"$25,000 to $29,999",490
A1W,"$30,000 to $34,999",490
A1W,"$35,000 to $39,999",460
A1W,"$40,000 to $44,999",480
A1W,"$45,000 to $49,999",470
A1W,"$50,000 to $54,999",420
A1W,"$55,000 to $59,999",390
A1W,"$60,000 to $69,999",660
A1W,"$70,000 to $79,999",520
A1W,"$80,000 to $89,999",400
A1W,"$90,000 to $99,999",320
A1W,"$100,000 to $149,999",840
A1W,"$150,000 to $249,999",290
A1W,"$250,000 and over",90
A1X,"Under $5,000",720
A1X,"$5,000 to $9,999",540
A1X,"$10,000 to $14,999",860
A1X,"$15,000 to $19,999",920
A1X,"$20,000 to $24,999",910
A1X,"$25,000 to $29,999",730
A1X,"$30,000 to $34,999",760
A1X,"$35,000 to $39,999",670
A1X,"$40,000 to $44,999",630
A1X,"$45,000 to $49,999",670
A1X,"$50,000 to $54,999",540
A1X,"$55,000 to $59,999",520
A1X,"$60,000 to $69,999",800
A1X,"$70,000 to $79,999",680
A1X,"$80,000 to $89,999",510
A1X,"$90,000 to $99,999",370
A1X,"$100,000 to $149,999",930
A1X,"$150,000 to $249,999",260
A1X,"$250,000 and over",60
A1Y,"Under $5,000",290
A1Y,"$5,000 to $9,999",280
A1Y,"$10,000 to $14,999",470
A1Y,"$15,000 to $19,999",560
A1Y,"$20,000 to $24,999",530
A1Y,"$25,000 to $29,999",360
A1Y,"$30,000 to $34,999",340
A1Y,"$35,000 to $39,999",270
A1Y,"$40,000 to $44,999",230
A1Y,"$45,000 to $49,999",210
A1Y,"$50,000 to $54,999",170
A1Y,"$55,000 to $59,999",130
A1Y,"$60,000 to $69,999",190
A1Y,"$70,000 to $79,999",160
A1Y,"$80,000 to $89,999",110
A1Y,"$90,000 to $99,999",90
A1Y,"$100,000 to $149,999",230
A1Y,"$150,000 to $249,999",90
A1Y,"$250,000 and over",20
A2A,"Under $5,000",540
A2A,"$5,000 to $9,999",440
A2A,"$10,000 to $14,999",610
A2A,"$15,000 to $19,999",650
A2A,"$20,000 to $24,999",660
A2A,"$25,000 to $29,999",500
A2A,"$30,000 to $34,999",500
A2A,"$35,000 to $39,999",480
A2A,"$40,000 to $44,999",420
A2A,"$45,000 to $49,999",430
A2A,"$50,000 to $54,999",320
A2A,"$55,000 to $59,999",300
A2A,"$60,000 to $69,999",420
A2A,"$70,000 to $79,999",320
A2A,"$80,000 to $89,999",270
A2A,"$90,000 to $99,999",210
A2A,"$100,000 to $149,999",500
A2A,"$150,000 to $249,999",180
A2A,"$250,000 and over",60
A2B,"Under $5,000",270
A2B,"$5,000 to $9,999",250
A2B,"$10,000 to $14,999",460
A2B,"$15,000 to $19,999",470
A2B,"$20,000 to $24,999",480
A2B,"$25,000 to $29,999",310
A2B,"$30,000 to $34,999",290
A2B,"$35,000 to $39,999",260
A2B,"$40,000 to $44,999",240
A2B,"$45,000 to $49,999",180
A2B,"$50,000 to $54,999",100
A2B,"$55,000 to $59,999",110
A2B,"$60,000 to $69,999",180
A2B,"$70,000 to $79,999",100
A2B,"$80,000 to $89,999",80
A2B,"$90,000 to $99,999",60
A2B,"$100,000 to $149,999",140
A2B,"$150,000 to $249,999",40
A2B,"$250,000 and over",10
A2H,"Under $5,000",1230
A2H,"$5,000 to $9,999",1200
A2H,"$10,000 to $14,999",1660
A2H,"$15,000 to $19,999",1930
A2H,"$20,000 to $24,999",2180
A2H,"$25,000 to $29,999",1540
A2H,"$30,000 to $34,999",1360
A2H,"$35,000 to $39,999",1300
A2H,"$40,000 to $44,999",1230
A2H,"$45,000 to $49,999",1090
A2H,"$50,000 to $54,999",960
A2H,"$55,000 to $59,999",800
A2H,"$60,000 to $69,999",1220
A2H,"$70,000 to $79,999",890
A2H,"$80,000 to $89,999",700
A2H,"$90,000 to $99,999",510
A2H,"$100,000 to $149,999",1190
A2H,"$150,000 to $249,999",310
A2H,"$250,000 and over",140
A2N,"Under $5,000",490
A2N,"$5,000 to $9,999",510
A2N,"$10,000 to $14,999",840
A2N,"$15,000 to $19,999",830
A2N,"$20,000 to $24,999",710
A2N,"$25,000 to $29,999",490
A2N,"$30,000 to $34,999",450
A2N,"$35,000 to $39,999",380
A2N,"$40,000 to $44,999",400
A2N,"$45,000 to $49,999",390
A2N,"$50,000 to $54,999",260
A2N,"$55,000 to $59,999",260
A2N,"$60,000 to $69,999",350
A2N,"$70,000 to $79,999",250
A2N,"$80,000 to $89,999",190
A2N,"$90,000 to $99,999",160
A2N,"$100,000 to $149,999",370
A2N,"$150,000 to $249,999",100
A2N,"$250,000 and over",30
A2V,"Under $5,000",310
A2V,"$5,000 to $9,999",240
A2V,"$10,000 to $14,999",250
A2V,"$15,000 to $19,999",210
A2V,"$20,000 to $24,999",240
A2V,"$25,000 to $29,999",240
A2V,"$30,000 to $34,999",280
A2V,"$35,000 to $39,999",240
A2V,"$40,000 to $44,999",210
A2V,"$45,000 to $49,999",200
A2V,"$50,000 to $54,999",180
A2V,"$55,000 to $59,999",160
A2V,"$60,000 to $69,999",270
A2V,"$70,000 to $79,999",240
A2V,"$80,000 to $89,999",230
A2V,"$90,000 to $99,999",200
A2V,"$100,000 to $149,999",1220
A2V,"$150,000 to $249,999",680
A2V,"$250,000 and over",50
A5A,"Under $5,000",420
A5A,"$5,000 to $9,999",360
A5A,"$10,000 to $14,999",570
A5A,"$15,000 to $19,999",740
A5A,"$20,000 to $24,999",660
A5A,"$25,000 to $29,999",540
A5A,"$30,000 to $34,999",430
A5A,"$35,000 to $39,999",420
A5A,"$40,000 to $44,999",340
A5A,"$45,000 to $49,999",310
A5A,"$50,000 to $54,999",260
A5A,"$55,000 to $59,999",240
A5A,"$60,000 to $69,999",360
A5A,"$70,000 to $79,999",250
A5A,"$80,000 to $89,999",200
A5A,"$90,000 to $99,999",140
A5A,"$100,000 to $149,999",510
A5A,"$150,000 to $249,999",150
A5A,"$250,000 and over",40
A8A,"Under $5,000",380
A8A,"$5,000 to $9,999",330
A8A,"$10,000 to $14,999",530
A8A,"$15,000 to $19,999",690
A8A,"$20,000 to $24,999",690
A8A,"$25,000 to $29,999",450
A8A,"$30,000 to $34,999",400
A8A,"$35,000 to $39,999",370
A8A,"$40,000 to $44,999",290
A8A,"$45,000 to $49,999",270
A8A,"$50,000 to $54,999",190
A8A,"$55,000 to $59,999",180
A8A,"$60,000 to $69,999",270
A8A,"$70,000 to $79,999",190
A8A,"$80,000 to $89,999",130
A8A,"$90,000 to $99,999",110
A8A,"$100,000 to $149,999",290
A8A,"$150,000 to $249,999",80
A8A,"$250,000 and over",20
C0A,"Under $5,000",2370
C0A,"$5,000 to $9,999",1910
C0A,"$10,000 to $14,999",2340
C0A,"$15,000 to $19,999",3010
C0A,"$20,000 to $24,999",3290
C0A,"$25,000 to $29,999",2840
C0A,"$30,000 to $34,999",2940
C0A,"$35,000 to $39,999",2690
C0A,"$40,000 to $44,999",2480
C0A,"$45,000 to $49,999",2270
C0A,"$50,000 to $54,999",1770
C0A,"$55,000 to $59,999",1620
C0A,"$60,000 to $69,999",2430
C0A,"$70,000 to $79,999",1690
C0A,"$80,000 to $89,999",1330
C0A,"$90,000 to $99,999",780
C0A,"$100,000 to $149,999",1410
C0A,"$150,000 to $249,999",500
C0A,"$250,000 and over",180
C0B,"Under $5,000",1240
C0B,"$5,000 to $9,999",1110
C0B,"$10,000 to $14,999",1660
C0B,"$15,000 to $19,999",2160
C0B,"$20,000 to $24,999",2440
C0B,"$25,000 to $29,999",2100
C0B,"$30,000 to $34,999",1980
C0B,"$35,000 to $39,999",2010
C0B,"$40,000 to $44,999",1700
C0B,"$45,000 to $49,999",1510
C0B,"$50,000 to $54,999",1230
C0B,"$55,000 to $59,999",1020
C0B,"$60,000 to $69,999",1390
C0B,"$70,000 to $79,999",940
C0B,"$80,000 to $89,999",680
C0B,"$90,000 to $99,999",440
C0B,"$100,000 to $149,999",710
C0B,"$150,000 to $249,999",270
C0B,"$250,000 and over",110
C1A,"Under $5,000",1810
C1A,"$5,000 to $9,999",1240
C1A,"$10,000 to $14,999",1610
C1A,"$15,000 to $19,999",2030
C1A,"$20,000 to $24,999",2180
C1A,"$25,000 to $29,999",1760
C1A,"$30,000 to $34,999",1610
C1A,"$35,000 to $39,999",1350
C1A,"$40,000 to $44,999",1100
C1A,"$45,000 to $49,999",1060
C1A,"$50,000 to $54,999",870
C1A,"$55,000 to $59,999",780
C1A,"$60,000 to $69,999",1210
C1A,"$70,000 to $79,999",870
C1A,"$80,000 to $89,999",640
C1A,"$90,000 to $99,999",430
C1A,"$100,000 to $149,999",810
C1A,"$150,000 to $249,999",300
C1A,"$250,000 and over",190
C1B,"Under $5,000",680
C1B,"$5,000 to $9,999",540
C1B,"$10,000 to $14,999",600
C1B,"$15,000 to $19,999",650
C1B,"$20,000 to $24,999",740
C1B,"$25,000 to $29,999",670
C1B,"$30,000 to $34,999",700
C1B,"$35,000 to $39,999",630
C1B,"$40,000 to $44,999",630
C1B,"$45,000 to $49,999",630
C1B,"$50,000 to $54,999",550
C1B,"$55,000 to $59,999",510
C1B,"$60,000 to $69,999",800
C1B,"$70,000 to $79,999",660
C1B,"$80,000 to $89,999",520
C1B,"$90,000 to $99,999",340
C1B,"$100,000 to $149,999",660
C1B,"$150,000 to $249,999",230
C1B,"$250,000 and over",110
C1C,"Under $5,000",200
C1C,"$5,000 to $9,999",190
C1C,"$10,000 to $14,999",220
C1C,"$15,000 to $19,999",310
C1C,"$20,000 to $24,999",350
C1C,"$25,000 to $29,999",300
C1C,"$30,000 to $34,999",290
C1C,"$35,000 to $39,999",270
C1C,"$40,000 to $44,999",250
C1C,"$45,000 to $49,999",250
C1C,"$50,000 to $54,999",220
C1C,"$55,000 to $59,999",150
C1C,"$60,000 to $69,999",260
C1C,"$70,000 to $79,999",180
C1C,"$80,000 to $89,999",150
C1C,"$90,000 to $99,999",80
C1C,"$100,000 to $149,999",140
C1C,"$150,000 to $249,999",40
C1C,"$250,000 and over",10
C1E,"Under $5,000",810
C1E,"$5,000 to $9,999",540
C1E,"$10,000 to $14,999",600
C1E,"$15,000 to $19,999",670
C1E,"$20,000 to $24,999",720
C1E,"$25,000 to $29,999",650
C1E,"$30,000 to $34,999",650
C1E,"$35,000 to $39,999",600
C1E,"$40,000 to $44,999",540
C1E,"$45,000 to $49,999",530
C1E,"$50,000 to $54,999",450
C1E,"$55,000 to $59,999",440
C1E,"$60,000 to $69,999",670
C1E,"$70,000 to $79,999",520
C1E,"$80,000 to $89,999",390
C1E,"$90,000 to $99,999",270
C1E,"$100,000 to $149,999",490
C1E,"$150,000 to $249,999",170
C1E,"$250,000 and over",100
C1N,"Under $5,000",760
C1N,"$5,000 to $9,999",700
C1N,"$10,000 to $14,999",980
C1N,"$15,000 to $19,999",1370
C1N,"$20,000 to $24,999",1520
C1N,"$25,000 to $29,999",1230
C1N,"$30,000 to $34,999",1060
C1N,"$35,000 to $39,999",990
C1N,"$40,000 to $44,999",960
C1N,"$45,000 to $49,999",870
C1N,"$50,000 to $54,999",690
C1N,"$55,000 to $59,999",580
C1N,"$60,000 to $69,999",850
C1N,"$70,000 to $79,999",580
C1N,"$80,000 to $89,999",440
C1N,"$90,000 to $99,999",250
C1N,"$100,000 to $149,999",420
C1N,"$150,000 to $249,999",150
C1N,"$250,000 and over",80
B0C,"Under $5,000",70
B0C,"$5,000 to $9,999",130
B0C,"$10,000 to $14,999",140
B0C,"$15,000 to $19,999",220
B0C,"$20,000 to $24,999",250
B0C,"$25,000 to $29,999",210
B0C,"$30,000 to $34,999",270
B0C,"$35,000 to $39,999",190
B0C,"$40,000 to $44,999",130
B0C,"$45,000 to $49,999",120
B0C,"$50,000 to $54,999",120
B0C,"$55,000 to $59,999",80
B0C,"$60,000 to $69,999",90
B0C,"$70,000 to $79,999",80
B0C,"$80,000 to $89,999",60
B0C,"$90,000 to $99,999",40
B0C,"$100,000 to $149,999",70
B0C,"$150,000 to $249,999",30
B0C,"$250,000 and over",20
B0E,"Under $5,000",2050
B0E,"$5,000 to $9,999",1370
B0E,"$10,000 to $14,999",1470
B0E,"$15,000 to $19,999",2050
B0E,"$20,000 to $24,999",2430
B0E,"$25,000 to $29,999",1600
B0E,"$30,000 to $34,999",1500
B0E,"$35,000 to $39,999",1540
B0E,"$40,000 to $44,999",1210
B0E,"$45,000 to $49,999",1090
B0E,"$50,000 to $54,999",890
B0E,"$55,000 to $59,999",690
B0E,"$60,000 to $69,999",1110
B0E,"$70,000 to $79,999",810
B0E,"$80,000 to $89,999",570
B0E,"$90,000 to $99,999",370
B0E,"$100,000 to $149,999",730
B0E,"$150,000 to $249,999",240
B0E,"$250,000 and over",80
B0H,"Under $5,000",600
B0H,"$5,000 to $9,999",550
B0H,"$10,000 to $14,999",650
B0H,"$15,000 to $19,999",950
B0H,"$20,000 to $24,999",890
B0H,"$25,000 to $29,999",590
B0H,"$30,000 to $34,999",540
B0H,"$35,000 to $39,999",560
B0H,"$40,000 to $44,999",450
B0H,"$45,000 to $49,999",380
B0H,"$50,000 to $54,999",350
B0H,"$55,000 to $59,999",290
B0H,"$60,000 to $69,999",450
B0H,"$70,000 to $79,999",320
B0H,"$80,000 to $89,999",260
B0H,"$90,000 to $99,999",160
B0H,"$100,000 to $149,999",300
B0H,"$150,000 to $249,999",100
B0H,"$250,000 and over",40
B0J,"Under $5,000",2230
B0J,"$5,000 to $9,999",2070
B0J,"$10,000 to $14,999",2380
B0J,"$15,000 to $19,999",2870
B0J,"$20,000 to $24,999",3630
B0J,"$25,000 to $29,999",2380
B0J,"$30,000 to $34,999",2370
B0J,"$35,000 to $39,999",2000
B0J,"$40,000 to $44,999",1880
B0J,"$45,000 to $49,999",1780
B0J,"$50,000 to $54,999",1390
B0J,"$55,000 to $59,999",1260
B0J,"$60,000 to $69,999",1980
B0J,"$70,000 to $79,999",1530
B0J,"$80,000 to $89,999",1150
B0J,"$90,000 to $99,999",740
B0J,"$100,000 to $149,999",1410
B0J,"$150,000 to $249,999",480
B0J,"$250,000 and over",190
B0K,"Under $5,000",2220
B0K,"$5,000 to $9,999",2150
B0K,"$10,000 to $14,999",2270
B0K,"$15,000 to $19,999",2650
B0K,"$20,000 to $24,999",3300
B0K,"$25,000 to $29,999",2110
B0K,"$30,000 to $34,999",2010
B0K,"$35,000 to $39,999",1900
B0K,"$40,000 to $44,999",1750
B0K,"$45,000 to $49,999",1550
B0K,"$50,000 to $54,999",1280
B0K,"$55,000 to $59,999",1030
B0K,"$60,000 to $69,999",1540
B0K,"$70,000 to $79,999",1150
B0K,"$80,000 to $89,999",880
B0K,"$90,000 to $99,999",560
B0K,"$100,000 to $149,999",1030
B0K,"$150,000 to $249,999",320
B0K,"$250,000 and over",100
B0L,"Under $5,000",140
B0L,"$5,000 to $9,999",140
B0L,"$10,000 to $14,999",180
B0L,"$15,000 to $19,999",240
B0L,"$20,000 to $24,999",230
B0L,"$25,000 to $29,999",170
B0L,"$30,000 to $34,999",160
B0L,"$35,000 to $39,999",130
B0L,"$40,000 to $44,999",130
B0L,"$45,000 to $49,999",120
B0L,"$50,000 to $54,999",80
B0L,"$55,000 to $59,999",60
B0L,"$60,000 to $69,999",90
B0L,"$70,000 to $79,999",50
B0L,"$80,000 to $89,999",40
B0L,"$90,000 to $99,999",30
B0L,"$100,000 to $149,999",40
B0L,"$150,000 to $249,999",10
B0L,"$250,000 and over",10
B0M,"Under $5,000",1010
B0M,"$5,000 to $9,999",1030
B0M,"$10,000 to $14,999",1180
B0M,"$15,000 to $19,999",1450
B0M,"$20,000 to $24,999",1520
B0M,"$25,000 to $29,999",1000
B0M,"$30,000 to $34,999",960
B0M,"$35,000 to $39,999",970
B0M,"$40,000 to $44,999",830
B0M,"$45,000 to $49,999",790
B0M,"$50,000 to $54,999",560
B0M,"$55,000 to $59,999",460
B0M,"$60,000 to $69,999",680
B0M,"$70,000 to $79,999",490
B0M,"$80,000 to $89,999",340
B0M,"$90,000 to $99,999",220
B0M,"$100,000 to $149,999",360
B0M,"$150,000 to $249,999",100
B0M,"$250,000 and over",40
B0N,"Under $5,000",2760
B0N,"$5,000 to $9,999",2090
B0N,"$10,000 to $14,999",2250
B0N,"$15,000 to $19,999",2740
B0N,"$20,000 to $24,999",3280
B0N,"$25,000 to $29,999",2260
B0N,"$30,000 to $34,999",2080
B0N,"$35,000 to $39,999",2000
B0N,"$40,000 to $44,999",1840
B0N,"$45,000 to $49,999",1640
B0N,"$50,000 to $54,999",1420
B0N,"$55,000 to $59,999",1240
B0N,"$60,000 to $69,999",1930
B0N,"$70,000 to $79,999",1450
B0N,"$80,000 to $89,999",1070
B0N,"$90,000 to $99,999",730
B0N,"$100,000 to $149,999",1180
B0N,"$150,000 to $249,999",310
B0N,"$250,000 and over",90
B0P,"Under $5,000",2530
B0P,"$5,000 to $9,999",2200
B0P,"$10,000 to $14,999",2490
B0P,"$15,000 to $19,999",2890
B0P,"$20,000 to $24,999",3220
B0P,"$25,000 to $29,999",2360
B0P,"$30,000 to $34,999",2280
B0P,"$35,000 to $39,999",2060
B0P,"$40,000 to $44,999",1860
B0P,"$45,000 to $49,999",1750
B0P,"$50,000 to $54,999",1340
B0P,"$55,000 to $59,999",1200
B0P,"$60,000 to $69,999",2080
B0P,"$70,000 to $79,999",1690
B0P,"$80,000 to $89,999",1160
B0P,"$90,000 to $99,999",700
B0P,"$100,000 to $149,999",1180
B0P,"$150,000 to $249,999",320
B0P,"$250,000 and over",150
B0R,"Under $5,000",360
B0R,"$5,000 to $9,999",310
B0R,"$10,000 to $14,999",440
B0R,"$15,000 to $19,999",530
B0R,"$20,000 to $24,999",610
B0R,"$25,000 to $29,999",360
B0R,"$30,000 to $34,999",380
B0R,"$35,000 to $39,999",320
B0R,"$40,000 to $44,999",290
B0R,"$45,000 to $49,999",270
B0R,"$50,000 to $54,999",200
B0R,"$55,000 to $59,999",170
B0R,"$60,000 to $69,999",240
B0R,"$70,000 to $79,999",180
B0R,"$80,000 to $89,999",120
B0R,"$90,000 to $99,999",60
B0R,"$100,000 to $149,999",130
B0R,"$150,000 to $249,999",50
B0R,"$250,000 and over",20
B0S,"Under $5,000",1250
B0S,"$5,000 to $9,999",1150
B0S,"$10,000 to $14,999",1310
B0S,"$15,000 to $19,999",1690
B0S,"$20,000 to $24,999",1750
B0S,"$25,000 to $29,999",1150
B0S,"$30,000 to $34,999",1100
B0S,"$35,000 to $39,999",910
B0S,"$40,000 to $44,999",810
B0S,"$45,000 to $49,999",690
B0S,"$50,000 to $54,999",540
B0S,"$55,000 to $59,999",420
B0S,"$60,000 to $69,999",630
B0S,"$70,000 to $79,999",510
B0S,"$80,000 to $89,999",360
B0S,"$90,000 to $99,999",210
B0S,"$100,000 to $149,999",360
B0S,"$150,000 to $249,999",110
B0S,"$250,000 and over",40
B0T,"Under $5,000",960
B0T,"$5,000 to $9,999",920
B0T,"$10,000 to $14,999",1070
B0T,"$15,000 to $19,999",1320
B0T,"$20,000 to $24,999",1560
B0T,"$25,000 to $29,999",950
B0T,"$30,000 to $34,999",820
B0T,"$35,000 to $39,999",790
B0T,"$40,000 to $44,999",690
B0T,"$45,000 to $49,999",580
B0T,"$50,000 to $54,999",490
B0T,"$55,000 to $59,999",410
B0T,"$60,000 to $69,999",570
B0T,"$70,000 to $79,999",420
B0T,"$80,000 to $89,999",310
B0T,"$90,000 to $99,999",190
B0T,"$100,000 to $149,999",420
B0T,"$150,000 to $249,999",150
B0T,"$250,000 and over",50
B0V,"Under $5,000",380
B0V,"$5,000 to $9,999",380
B0V,"$10,000 to $14,999",470
B0V,"$15,000 to $19,999",640
B0V,"$20,000 to $24,999",660
B0V,"$25,000 to $29,999",430
B0V,"$30,000 to $34,999",300
B0V,"$35,000 to $39,999",290
B0V,"$40,000 to $44,999",270
B0V,"$45,000 to $49,999",200
B0V,"$50,000 to $54,999",170
B0V,"$55,000 to $59,999",150
B0V,"$60,000 to $69,999",200
B0V,"$70,000 to $79,999",140
B0V,"$80,000 to $89,999",100
B0V,"$90,000 to $99,999",70
B0V,"$100,000 to $149,999",120
B0V,"$150,000 to $249,999",50
B0V,"$250,000 and over",20
B0W,"Under $5,000",1470
B0W,"$5,000 to $9,999",1570
B0W,"$10,000 to $14,999",1970
B0W,"$15,000 to $19,999",2520
B0W,"$20,000 to $24,999",2780
B0W,"$25,000 to $29,999",1730
B0W,"$30,000 to $34,999",1560
B0W,"$35,000 to $39,999",1470
B0W,"$40,000 to $44,999",1330
B0W,"$45,000 to $49,999",1170
B0W,"$50,000 to $54,999",890
B0W,"$55,000 to $59,999",740
B0W,"$60,000 to $69,999",1180
B0W,"$70,000 to $79,999",940
B0W,"$80,000 to $89,999",730
B0W,"$90,000 to $99,999",490
B0W,"$100,000 to $149,999",1020
B0W,"$150,000 to $249,999",330
B0W,"$250,000 and over",80
B1A,"Under $5,000",910
B1A,"$5,000 to $9,999",1310
B1A,"$10,000 to $14,999",1050
B1A,"$15,000 to $19,999",1220
B1A,"$20,000 to $24,999",1510
B1A,"$25,000 to $29,999",1030
B1A,"$30,000 to $34,999",950
B1A,"$35,000 to $39,999",820
B1A,"$40,000 to $44,999",660
B1A,"$45,000 to $49,999",580
B1A,"$50,000 to $54,999",420
B1A,"$55,000 to $59,999",370
B1A,"$60,000 to $69,999",550
B1A,"$70,000 to $79,999",360
B1A,"$80,000 to $89,999",300
B1A,"$90,000 to $99,999",210
B1A,"$100,000 to $149,999",350
B1A,"$150,000 to $249,999",90
B1A,"$250,000 and over",20
B1B,"Under $5,000",40
B1B,"$5,000 to $9,999",80
B1B,"$10,000 to $14,999",90
B1B,"$15,000 to $19,999",80
B1B,"$20,000 to $24,999",140
B1B,"$25,000 to $29,999",90
B1B,"$30,000 to $34,999",80
B1B,"$35,000 to $39,999",70
B1B,"$40,000 to $44,999",70
B1B,"$45,000 to $49,999",50
B1B,"$50,000 to $54,999",40
B1B,"$55,000 to $59,999",40
B1B,"$60,000 to $69,999",50
B1B,"$70,000 to $79,999",40
B1B,"$80,000 to $89,999",30
B1B,"$90,000 to $99,999",20
B1B,"$100,000 to $149,999",40
B1B,"$150,000 to $249,999",20
B1B,"$250,000 and over",10
B1C,"Under $5,000",50
B1C,"$5,000 to $9,999",80
B1C,"$10,000 to $14,999",90
B1C,"$15,000 to $19,999",130
B1C,"$20,000 to $24,999",150
B1C,"$25,000 to $29,999",100
B1C,"$30,000 to $34,999",140
B1C,"$35,000 to $39,999",150
B1C,"$40,000 to $44,999",110
B1C,"$45,000 to $49,999",80
B1C,"$50,000 to $54,999",70
B1C,"$55,000 to $59,999",70
B1C,"$60,000 to $69,999",90
B1C,"$70,000 to $79,999",60
B1C,"$80,000 to $89,999",50
B1C,"$90,000 to $99,999",20
B1C,"$100,000 to $149,999",60
B1C,"$150,000 to $249,999",40
B1C,"$250,000 and over",10
B1E,"Under $5,000",100
B1E,"$5,000 to $9,999",160
B1E,"$10,000 to $14,999",110
B1E,"$15,000 to $19,999",130
B1E,"$20,000 to $24,999",160
B1E,"$25,000 to $29,999",110
B1E,"$30,000 to $34,999",100
B1E,"$35,000 to $39,999",90
B1E,"$40,000 to $44,999",70
B1E,"$45,000 to $49,999",50
B1E,"$50,000 to $54,999",50
B1E,"$55,000 to $59,999",40
B1E,"$60,000 to $69,999",60
B1E,"$70,000 to $79,999",40
B1E,"$80,000 to $89,999",40
B1E,"$90,000 to $99,999",30
B1E,"$100,000 to $149,999",40
B1E,"$150,000 to $249,999",10
B1E,"$250,000 and over",0
B1G,"Under $5,000",90
B1G,"$5,000 to $9,999",160
B1G,"$10,000 to $14,999",120
B1G,"$15,000 to $19,999",180
B1G,"$20,000 to $24,999",230
B1G,"$25,000 to $29,999",140
B1G,"$30,000 to $34,999",110
B1G,"$35,000 to $39,999",110
B1G,"$40,000 to $44,999",90
B1G,"$45,000 to $49,999",70
B1G,"$50,000 to $54,999",60
B1G,"$55,000 to $59,999",50
B1G,"$60,000 to $69,999",70
B1G,"$70,000 to $79,999",50
B1G,"$80,000 to $89,999",30
B1G,"$90,000 to $99,999",30
B1G,"$100,000 to $149,999",50
B1G,"$150,000 to $249,999",10
B1G,"$250,000 and over",0
B1H,"Under $5,000",460
B1H,"$5,000 to $9,999",820
B1H,"$10,000 to $14,999",700
B1H,"$15,000 to $19,999",740
B1H,"$20,000 to $24,999",1010
B1H,"$25,000 to $29,999",670
B1H,"$30,000 to $34,999",580
B1H,"$35,000 to $39,999",560
B1H,"$40,000 to $44,999",420
B1H,"$45,000 to $49,999",340
B1H,"$50,000 to $54,999",280
B1H,"$55,000 to $59,999",250
B1H,"$60,000 to $69,999",360
B1H,"$70,000 to $79,999",250
B1H,"$80,000 to $89,999",200
B1H,"$90,000 to $99,999",160
B1H,"$100,000 to $149,999",230
B1H,"$150,000 to $249,999",60
B1H,"$250,000 and over",10
B1J,"Under $5,000",40
B1J,"$5,000 to $9,999",30
B1J,"$10,000 to $14,999",70
B1J,"$15,000 to $19,999",70
B1J,"$20,000 to $24,999",80
B1J,"$25,000 to $29,999",60
B1J,"$30,000 to $34,999",60
B1J,"$35,000 to $39,999",60
B1J,"$40,000 to $44,999",60
B1J,"$45,000 to $49,999",60
B1J,"$50,000 to $54,999",40
B1J,"$55,000 to $59,999",60
B1J,"$60,000 to $69,999",70
B1J,"$70,000 to $79,999",40
B1J,"$80,000 to $89,999",30
B1J,"$90,000 to $99,999",30
B1J,"$100,000 to $149,999",60
B1J,"$150,000 to $249,999",20
B1J,"$250,000 and over",20
B1K,"Under $5,000",120
B1K,"$5,000 to $9,999",140
B1K,"$10,000 to $14,999",160
B1K,"$15,000 to $19,999",200
B1K,"$20,000 to $24,999",270
B1K,"$25,000 to $29,999",180
B1K,"$30,000 to $34,999",180
B1K,"$35,000 to $39,999",180
B1K,"$40,000 to $44,999",160
B1K,"$45,000 to $49,999",160
B1K,"$50,000 to $54,999",110
B1K,"$55,000 to $59,999",100
B1K,"$60,000 to $69,999",180
B1K,"$70,000 to $79,999",140
B1K,"$80,000 to $89,999",110
B1K,"$90,000 to $99,999",80
B1K,"$100,000 to $149,999",120
B1K,"$150,000 to $249,999",50
B1K,"$250,000 and over",20
B1L,"Under $5,000",190
B1L,"$5,000 to $9,999",200
B1L,"$10,000 to $14,999",280
B1L,"$15,000 to $19,999",290
B1L,"$20,000 to $24,999",380
B1L,"$25,000 to $29,999",250
B1L,"$30,000 to $34,999",280
B1L,"$35,000 to $39,999",270
B1L,"$40,000 to $44,999",250
B1L,"$45,000 to $49,999",210
B1L,"$50,000 to $54,999",200
B1L,"$55,000 to $59,999",170
B1L,"$60,000 to $69,999",270
B1L,"$70,000 to $79,999",240
B1L,"$80,000 to $89,999",170
B1L,"$90,000 to $99,999",140
B1L,"$100,000 to $149,999",220
B1L,"$150,000 to $249,999",70
B1L,"$250,000 and over",30
B1M,"Under $5,000",120
B1M,"$5,000 to $9,999",80
B1M,"$10,000 to $14,999",60
B1M,"$15,000 to $19,999",80
B1M,"$20,000 to $24,999",120
B1M,"$25,000 to $29,999",80
B1M,"$30,000 to $34,999",70
B1M,"$35,000 to $39,999",60
B1M,"$40,000 to $44,999",60
B1M,"$45,000 to $49,999",60
B1M,"$50,000 to $54,999",50
B1M,"$55,000 to $59,999",40
B1M,"$60,000 to $69,999",60
B1M,"$70,000 to $79,999",50
B1M,"$80,000 to $89,999",50
B1M,"$90,000 to $99,999",30
B1M,"$100,000 to $149,999",60
B1M,"$150,000 to $249,999",20
B1M,"$250,000 and over",0
B1N,"Under $5,000",390
B1N,"$5,000 to $9,999",500
B1N,"$10,000 to $14,999",460
B1N,"$15,000 to $19,999",500
B1N,"$20,000 to $24,999",530
B1N,"$25,000 to $29,999",420
B1N,"$30,000 to $34,999",400
B1N,"$35,000 to $39,999",320
B1N,"$40,000 to $44,999",290
B1N,"$45,000 to $49,999",220
B1N,"$50,000 to $54,999",170
B1N,"$55,000 to $59,999",120
B1N,"$60,000 to $69,999",190
B1N,"$70,000 to $79,999",130
B1N,"$80,000 to $89,999",90
B1N,"$90,000 to $99,999",50
B1N,"$100,000 to $149,999",70
B1N,"$150,000 to $249,999",20
B1N,"$250,000 and over",10
B1P,"Under $5,000",1880
B1P,"$5,000 to $9,999",1420
B1P,"$10,000 to $14,999",1270
B1P,"$15,000 to $19,999",1410
B1P,"$20,000 to $24,999",1430
B1P,"$25,000 to $29,999",950
B1P,"$30,000 to $34,999",860
B1P,"$35,000 to $39,999",820
B1P,"$40,000 to $44,999",670
B1P,"$45,000 to $49,999",530
B1P,"$50,000 to $54,999",430
B1P,"$55,000 to $59,999",350
B1P,"$60,000 to $69,999",590
B1P,"$70,000 to $79,999",440
B1P,"$80,000 to $89,999",300
B1P,"$90,000 to $99,999",220
B1P,"$100,000 to $149,999",380
B1P,"$150,000 to $249,999",90
B1P,"$250,000 and over",50
B1R,"Under $5,000",190
B1R,"$5,000 to $9,999",190
B1R,"$10,000 to $14,999",240
B1R,"$15,000 to $19,999",250
B1R,"$20,000 to $24,999",320
B1R,"$25,000 to $29,999",220
B1R,"$30,000 to $34,999",230
B1R,"$35,000 to $39,999",250
B1R,"$40,000 to $44,999",240
B1R,"$45,000 to $49,999",210
B1R,"$50,000 to $54,999",150
B1R,"$55,000 to $59,999",150
B1R,"$60,000 to $69,999",250
B1R,"$70,000 to $79,999",180
B1R,"$80,000 to $89,999",170
B1R,"$90,000 to $99,999",100
B1R,"$100,000 to $149,999",190
B1R,"$150,000 to $249,999",50
B1R,"$250,000 and over",20
B1S,"Under $5,000",960
B1S,"$5,000 to $9,999",420
B1S,"$10,000 to $14,999",410
B1S,"$15,000 to $19,999",580
B1S,"$20,000 to $24,999",630
B1S,"$25,000 to $29,999",380
B1S,"$30,000 to $34,999",430
B1S,"$35,000 to $39,999",400
B1S,"$40,000 to $44,999",340
B1S,"$45,000 to $49,999",310
B1S,"$50,000 to $54,999",260
B1S,"$55,000 to $59,999",240
B1S,"$60,000 to $69,999",360
B1S,"$70,000 to $79,999",260
B1S,"$80,000 to $89,999",240
B1S,"$90,000 to $99,999",170
B1S,"$100,000 to $149,999",300
B1S,"$150,000 to $249,999",110
B1S,"$250,000 and over",80
B1T,"Under $5,000",20
B1T,"$5,000 to $9,999",20
B1T,"$10,000 to $14,999",20
B1T,"$15,000 to $19,999",30
B1T,"$20,000 to $24,999",30
B1T,"$25,000 to $29,999",20
B1T,"$30,000 to $34,999",20
B1T,"$35,000 to $39,999",20
B1T,"$40,000 to $44,999",30
B1T,"$45,000 to $49,999",20
B1T,"$50,000 to $54,999",10
B1T,"$55,000 to $59,999",10
B1T,"$60,000 to $69,999",20
B1T,"$70,000 to $79,999",20
B1T,"$80,000 to $89,999",10
B1T,"$90,000 to $99,999",10
B1T,"$100,000 to $149,999",10
B1T,"$150,000 to $249,999",10
B1T,"$250,000 and over",0
B1V,"Under $5,000",300
B1V,"$5,000 to $9,999",480
B1V,"$10,000 to $14,999",470
B1V,"$15,000 to $19,999",470
B1V,"$20,000 to $24,999",580
B1V,"$25,000 to $29,999",390
B1V,"$30,000 to $34,999",330
B1V,"$35,000 to $39,999",400
B1V,"$40,000 to $44,999",280
B1V,"$45,000 to $49,999",250
B1V,"$50,000 to $54,999",210
B1V,"$55,000 to $59,999",190
B1V,"$60,000 to $69,999",240
B1V,"$70,000 to $79,999",150
B1V,"$80,000 to $89,999",120
B1V,"$90,000 to $99,999",60
B1V,"$100,000 to $149,999",140
B1V,"$150,000 to $249,999",30
B1V,"$250,000 and over",10
B1W,"Under $5,000",1750
B1W,"$5,000 to $9,999",90
B1W,"$10,000 to $14,999",90
B1W,"$15,000 to $19,999",150
B1W,"$20,000 to $24,999",40
B1W,"$25,000 to $29,999",30
B1W,"$30,000 to $34,999",10
B1W,"$35,000 to $39,999",10
B1W,"$40,000 to $44,999",10
B1W,"$45,000 to $49,999",10
B1W,"$50,000 to $54,999",0
B1W,"$55,000 to $59,999",0
B1W,"$60,000 to $69,999",10
B1W,"$70,000 to $79,999",0
B1W,"$80,000 to $89,999",0
B1W,"$90,000 to $99,999",0
B1W,"$100,000 to $149,999",0
B1W,"$150,000 to $249,999",0
B1W,"$250,000 and over",0
B1X,"Under $5,000",30
B1X,"$5,000 to $9,999",40
B1X,"$10,000 to $14,999",50
B1X,"$15,000 to $19,999",50
B1X,"$20,000 to $24,999",70
B1X,"$25,000 to $29,999",60
B1X,"$30,000 to $34,999",50
B1X,"$35,000 to $39,999",40
B1X,"$40,000 to $44,999",40
B1X,"$45,000 to $49,999",50
B1X,"$50,000 to $54,999",30
B1X,"$55,000 to $59,999",30
B1X,"$60,000 to $69,999",50
B1X,"$70,000 to $79,999",30
B1X,"$80,000 to $89,999",30
B1X,"$90,000 to $99,999",20
B1X,"$100,000 to $149,999",20
B1X,"$150,000 to $249,999",10
B1X,"$250,000 and over",10
B1Y,"Under $5,000",230
B1Y,"$5,000 to $9,999",340
B1Y,"$10,000 to $14,999",390
B1Y,"$15,000 to $19,999",430
B1Y,"$20,000 to $24,999",530
B1Y,"$25,000 to $29,999",390
B1Y,"$30,000 to $34,999",360
B1Y,"$35,000 to $39,999",370
B1Y,"$40,000 to $44,999",320
B1Y,"$45,000 to $49,999",250
B1Y,"$50,000 to $54,999",220
B1Y,"$55,000 to $59,999",200
B1Y,"$60,000 to $69,999",340
B1Y,"$70,000 to $79,999",210
B1Y,"$80,000 to $89,999",210
B1Y,"$90,000 to $99,999",100
B1Y,"$100,000 to $149,999",200
B1Y,"$150,000 to $249,999",50
B1Y,"$250,000 and over",20
B2A,"Under $5,000",350
B2A,"$5,000 to $9,999",560
B2A,"$10,000 to $14,999",550
B2A,"$15,000 to $19,999",650
B2A,"$20,000 to $24,999",810
B2A,"$25,000 to $29,999",530
B2A,"$30,000 to $34,999",520
B2A,"$35,000 to $39,999",450
B2A,"$40,000 to $44,999",430
B2A,"$45,000 to $49,999",320
B2A,"$50,000 to $54,999",240
B2A,"$55,000 to $59,999",220
B2A,"$60,000 to $69,999",310
B2A,"$70,000 to $79,999",230
B2A,"$80,000 to $89,999",180
B2A,"$90,000 to $99,999",120
B2A,"$100,000 to $149,999",190
B2A,"$150,000 to $249,999",50
B2A,"$250,000 and over",20
B2C,"Under $5,000",20
B2C,"$5,000 to $9,999",10
B2C,"$10,000 to $14,999",20
B2C,"$15,000 to $19,999",20
B2C,"$20,000 to $24,999",30
B2C,"$25,000 to $29,999",20
B2C,"$30,000 to $34,999",20
B2C,"$35,000 to $39,999",20
B2C,"$40,000 to $44,999",20
B2C,"$45,000 to $49,999",20
B2C,"$50,000 to $54,999",10
B2C,"$55,000 to $59,999",20
B2C,"$60,000 to $69,999",10
B2C,"$70,000 to $79,999",10
B2C,"$80,000 to $89,999",10
B2C,"$90,000 to $99,999",10
B2C,"$100,000 to $149,999",10
B2C,"$150,000 to $249,999",0
B2C,"$250,000 and over",0
B2E,"Under $5,000",0
B2E,"$5,000 to $9,999",10
B2E,"$10,000 to $14,999",0
B2E,"$15,000 to $19,999",0
B2E,"$20,000 to $24,999",10
B2E,"$25,000 to $29,999",10
B2E,"$30,000 to $34,999",0
B2E,"$35,000 to $39,999",0
B2E,"$40,000 to $44,999",0
B2E,"$45,000 to $49,999",0
B2E,"$50,000 to $54,999",0
B2E,"$55,000 to $59,999",0
B2E,"$60,000 to $69,999",0
B2E,"$70,000 to $79,999",0
B2E,"$80,000 to $89,999",0
B2E,"$90,000 to $99,999",0
B2E,"$100,000 to $149,999",0
B2E,"$150,000 to $249,999",0
B2E,"$250,000 and over",0
B2G,"Under $5,000",740
B2G,"$5,000 to $9,999",740
B2G,"$10,000 to $14,999",740
B2G,"$15,000 to $19,999",900
B2G,"$20,000 to $24,999",1060
B2G,"$25,000 to $29,999",750
B2G,"$30,000 to $34,999",750
B2G,"$35,000 to $39,999",750
B2G,"$40,000 to $44,999",710
B2G,"$45,000 to $49,999",640
B2G,"$50,000 to $54,999",560
B2G,"$55,000 to $59,999",470
B2G,"$60,000 to $69,999",700
B2G,"$70,000 to $79,999",570
B2G,"$80,000 to $89,999",480
B2G,"$90,000 to $99,999",330
B2G,"$100,000 to $149,999",630
B2G,"$150,000 to $249,999",230
B2G,"$250,000 and over",90
B2H,"Under $5,000",690
B2H,"$5,000 to $9,999",900
B2H,"$10,000 to $14,999",860
B2H,"$15,000 to $19,999",1040
B2H,"$20,000 to $24,999",1250
B2H,"$25,000 to $29,999",830
B2H,"$30,000 to $34,999",760
B2H,"$35,000 to $39,999",790
B2H,"$40,000 to $44,999",670
B2H,"$45,000 to $49,999",590
B2H,"$50,000 to $54,999",520
B2H,"$55,000 to $59,999",410
B2H,"$60,000 to $69,999",700
B2H,"$70,000 to $79,999",520
B2H,"$80,000 to $89,999",400
B2H,"$90,000 to $99,999",280
B2H,"$100,000 to $149,999",540
B2H,"$150,000 to $249,999",200
B2H,"$250,000 and over",100
B2J,"Under $5,000",10
B2J,"$5,000 to $9,999",0
B2J,"$10,000 to $14,999",10
B2J,"$15,000 to $19,999",0
B2J,"$20,000 to $24,999",0
B2J,"$25,000 to $29,999",10
B2J,"$30,000 to $34,999",0
B2J,"$35,000 to $39,999",10
B2J,"$40,000 to $44,999",10
B2J,"$45,000 to $49,999",0
B2J,"$50,000 to $54,999",0
B2J,"$55,000 to $59,999",0
B2J,"$60,000 to $69,999",0
B2J,"$70,000 to $79,999",0
B2J,"$80,000 to $89,999",0
B2J,"$90,000 to $99,999",0
B2J,"$100,000 to $149,999",0
B2J,"$150,000 to $249,999",0
B2J,"$250,000 and over",0
B2N,"Under $5,000",1390
B2N,"$5,000 to $9,999",1380
B2N,"$10,000 to $14,999",1310
B2N,"$15,000 to $19,999",1500
B2N,"$20,000 to $24,999",1830
B2N,"$25,000 to $29,999",1200
B2N,"$30,000 to $34,999",1120
B2N,"$35,000 to $39,999",980
B2N,"$40,000 to $44,999",910
B2N,"$45,000 to $49,999",830
B2N,"$50,000 to $54,999",700
B2N,"$55,000 to $59,999",560
B2N,"$60,000 to $69,999",840
B2N,"$70,000 to $79,999",640
B2N,"$80,000 to $89,999",500
B2N,"$90,000 to $99,999",330
B2N,"$100,000 to $149,999",540
B2N,"$150,000 to $249,999",220
B2N,"$250,000 and over",100
B2R,"Under $5,000",100
B2R,"$5,000 to $9,999",90
B2R,"$10,000 to $14,999",80
B2R,"$15,000 to $19,999",110
B2R,"$20,000 to $24,999",120
B2R,"$25,000 to $29,999",110
B2R,"$30,000 to $34,999",110
B2R,"$35,000 to $39,999",110
B2R,"$40,000 to $44,999",110
B2R,"$45,000 to $49,999",140
B2R,"$50,000 to $54,999",90
B2R,"$55,000 to $59,999",90
B2R,"$60,000 to $69,999",160
B2R,"$70,000 to $79,999",150
B2R,"$80,000 to $89,999",130
B2R,"$90,000 to $99,999",90
B2R,"$100,000 to $149,999",220
B2R,"$150,000 to $249,999",90
B2R,"$250,000 and over",50
B2S,"Under $5,000",370
B2S,"$5,000 to $9,999",350
B2S,"$10,000 to $14,999",350
B2S,"$15,000 to $19,999",360
B2S,"$20,000 to $24,999",460
B2S,"$25,000 to $29,999",370
B2S,"$30,000 to $34,999",380
B2S,"$35,000 to $39,999",400
B2S,"$40,000 to $44,999",330
B2S,"$45,000 to $49,999",350
B2S,"$50,000 to $54,999",330
B2S,"$55,000 to $59,999",260
B2S,"$60,000 to $69,999",460
B2S,"$70,000 to $79,999",360
B2S,"$80,000 to $89,999",340
B2S,"$90,000 to $99,999",190
B2S,"$100,000 to $149,999",400
B2S,"$150,000 to $249,999",100
B2S,"$250,000 and over",10
B2T,"Under $5,000",800
B2T,"$5,000 to $9,999",680
B2T,"$10,000 to $14,999",680
B2T,"$15,000 to $19,999",730
B2T,"$20,000 to $24,999",770
B2T,"$25,000 to $29,999",660
B2T,"$30,000 to $34,999",720
B2T,"$35,000 to $39,999",740
B2T,"$40,000 to $44,999",670
B2T,"$45,000 to $49,999",680
B2T,"$50,000 to $54,999",550
B2T,"$55,000 to $59,999",580
B2T,"$60,000 to $69,999",960
B2T,"$70,000 to $79,999",830
B2T,"$80,000 to $89,999",810
B2T,"$90,000 to $99,999",570
B2T,"$100,000 to $149,999",1470
B2T,"$150,000 to $249,999",550
B2T,"$250,000 and over",190
B2V,"Under $5,000",540
B2V,"$5,000 to $9,999",490
B2V,"$10,000 to $14,999",480
B2V,"$15,000 to $19,999",520
B2V,"$20,000 to $24,999",560
B2V,"$25,000 to $29,999",520
B2V,"$30,000 to $34,999",520
B2V,"$35,000 to $39,999",560
B2V,"$40,000 to $44,999",510
B2V,"$45,000 to $49,999",590
B2V,"$50,000 to $54,999",460
B2V,"$55,000 to $59,999",430
B2V,"$60,000 to $69,999",810
B2V,"$70,000 to $79,999",690
B2V,"$80,000 to $89,999",680
B2V,"$90,000 to $99,999",410
B2V,"$100,000 to $149,999",820
B2V,"$150,000 to $249,999",220
B2V,"$250,000 and over",60
B2W,"Under $5,000",1540
B2W,"$5,000 to $9,999",1350
B2W,"$10,000 to $14,999",1380
B2W,"$15,000 to $19,999",1500
B2W,"$20,000 to $24,999",1820
B2W,"$25,000 to $29,999",1620
B2W,"$30,000 to $34,999",1670
B2W,"$35,000 to $39,999",1820
B2W,"$40,000 to $44,999",1700
B2W,"$45,000 to $49,999",1700
B2W,"$50,000 to $54,999",1400
B2W,"$55,000 to $59,999",1310
B2W,"$60,000 to $69,999",2120
B2W,"$70,000 to $79,999",1670
B2W,"$80,000 to $89,999",1340
B2W,"$90,000 to $99,999",910
B2W,"$100,000 to $149,999",1640
B2W,"$150,000 to $249,999",490
B2W,"$250,000 and over",150
B2X,"Under $5,000",640
B2X,"$5,000 to $9,999",620
B2X,"$10,000 to $14,999",640
B2X,"$15,000 to $19,999",570
B2X,"$20,000 to $24,999",660
B2X,"$25,000 to $29,999",550
B2X,"$30,000 to $34,999",570
B2X,"$35,000 to $39,999",530
B2X,"$40,000 to $44,999",500
B2X,"$45,000 to $49,999",500
B2X,"$50,000 to $54,999",460
B2X,"$55,000 to $59,999",420
B2X,"$60,000 to $69,999",670
B2X,"$70,000 to $79,999",560
B2X,"$80,000 to $89,999",500
B2X,"$90,000 to $99,999",330
B2X,"$100,000 to $149,999",600
B2X,"$150,000 to $249,999",220
B2X,"$250,000 and over",80
B2Y,"Under $5,000",790
B2Y,"$5,000 to $9,999",860
B2Y,"$10,000 to $14,999",820
B2Y,"$15,000 to $19,999",910
B2Y,"$20,000 to $24,999",1070
B2Y,"$25,000 to $29,999",780
B2Y,"$30,000 to $34,999",760
B2Y,"$35,000 to $39,999",710
B2Y,"$40,000 to $44,999",680
B2Y,"$45,000 to $49,999",660
B2Y,"$50,000 to $54,999",510
B2Y,"$55,000 to $59,999",460
B2Y,"$60,000 to $69,999",770
B2Y,"$70,000 to $79,999",640
B2Y,"$80,000 to $89,999",540
B2Y,"$90,000 to $99,999",360
B2Y,"$100,000 to $149,999",650
B2Y,"$150,000 to $249,999",210
B2Y,"$250,000 and over",70
B2Z,"Under $5,000",390
B2Z,"$5,000 to $9,999",400
B2Z,"$10,000 to $14,999",430
B2Z,"$15,000 to $19,999",500
B2Z,"$20,000 to $24,999",520
B2Z,"$25,000 to $29,999",390
B2Z,"$30,000 to $34,999",390
B2Z,"$35,000 to $39,999",410
B2Z,"$40,000 to $44,999",410
B2Z,"$45,000 to $49,999",390
B2Z,"$50,000 to $54,999",340
B2Z,"$55,000 to $59,999",300
B2Z,"$60,000 to $69,999",490
B2Z,"$70,000 to $79,999",410
B2Z,"$80,000 to $89,999",330
B2Z,"$90,000 to $99,999",230
B2Z,"$100,000 to $149,999",450
B2Z,"$150,000 to $249,999",90
B2Z,"$250,000 and over",30
B3A,"Under $5,000",1170
B3A,"$5,000 to $9,999",1510
B3A,"$10,000 to $14,999",1270
B3A,"$15,000 to $19,999",1280
B3A,"$20,000 to $24,999",1450
B3A,"$25,000 to $29,999",1190
B3A,"$30,000 to $34,999",1160
B3A,"$35,000 to $39,999",1070
B3A,"$40,000 to $44,999",980
B3A,"$45,000 to $49,999",850
B3A,"$50,000 to $54,999",700
B3A,"$55,000 to $59,999",560
B3A,"$60,000 to $69,999",940
B3A,"$70,000 to $79,999",720
B3A,"$80,000 to $89,999",540
B3A,"$90,000 to $99,999",390
B3A,"$100,000 to $149,999",690
B3A,"$150,000 to $249,999",240
B3A,"$250,000 and over",100
B3B,"Under $5,000",140
B3B,"$5,000 to $9,999",80
B3B,"$10,000 to $14,999",70
B3B,"$15,000 to $19,999",80
B3B,"$20,000 to $24,999",90
B3B,"$25,000 to $29,999",70
B3B,"$30,000 to $34,999",90
B3B,"$35,000 to $39,999",70
B3B,"$40,000 to $44,999",70
B3B,"$45,000 to $49,999",70
B3B,"$50,000 to $54,999",60
B3B,"$55,000 to $59,999",50
B3B,"$60,000 to $69,999",60
B3B,"$70,000 to $79,999",60
B3B,"$80,000 to $89,999",40
B3B,"$90,000 to $99,999",30
B3B,"$100,000 to $149,999",40
B3B,"$150,000 to $249,999",20
B3B,"$250,000 and over",30
B3E,"Under $5,000",330
B3E,"$5,000 to $9,999",270
B3E,"$10,000 to $14,999",310
B3E,"$15,000 to $19,999",340
B3E,"$20,000 to $24,999",370
B3E,"$25,000 to $29,999",320
B3E,"$30,000 to $34,999",360
B3E,"$35,000 to $39,999",330
B3E,"$40,000 to $44,999",340
B3E,"$45,000 to $49,999",320
B3E,"$50,000 to $54,999",270
B3E,"$55,000 to $59,999",260
B3E,"$60,000 to $69,999",440
B3E,"$70,000 to $79,999",340
B3E,"$80,000 to $89,999",290
B3E,"$90,000 to $99,999",200
B3E,"$100,000 to $149,999",360
B3E,"$150,000 to $249,999",100
B3E,"$250,000 and over",30
B3G,"Under $5,000",520
B3G,"$5,000 to $9,999",460
B3G,"$10,000 to $14,999",490
B3G,"$15,000 to $19,999",500
B3G,"$20,000 to $24,999",620
B3G,"$25,000 to $29,999",490
B3G,"$30,000 to $34,999",520
B3G,"$35,000 to $39,999",540
B3G,"$40,000 to $44,999",570
B3G,"$45,000 to $49,999",530
B3G,"$50,000 to $54,999",450
B3G,"$55,000 to $59,999",400
B3G,"$60,000 to $69,999",620
B3G,"$70,000 to $79,999",570
B3G,"$80,000 to $89,999",550
B3G,"$90,000 to $99,999",260
B3G,"$100,000 to $149,999",400
B3G,"$150,000 to $249,999",80
B3G,"$250,000 and over",20
B3H,"Under $5,000",2060
B3H,"$5,000 to $9,999",1090
B3H,"$10,000 to $14,999",860
B3H,"$15,000 to $19,999",860
B3H,"$20,000 to $24,999",860
B3H,"$25,000 to $29,999",590
B3H,"$30,000 to $34,999",510
B3H,"$35,000 to $39,999",520
B3H,"$40,000 to $44,999",510
B3H,"$45,000 to $49,999",490
B3H,"$50,000 to $54,999",420
B3H,"$55,000 to $59,999",370
B3H,"$60,000 to $69,999",660
B3H,"$70,000 to $79,999",610
B3H,"$80,000 to $89,999",500
B3H,"$90,000 to $99,999",430
B3H,"$100,000 to $149,999",1060
B3H,"$150,000 to $249,999",870
B3H,"$250,000 and over",630
B3J,"Under $5,000",1150
B3J,"$5,000 to $9,999",400
B3J,"$10,000 to $14,999",400
B3J,"$15,000 to $19,999",560
B3J,"$20,000 to $24,999",430
B3J,"$25,000 to $29,999",320
B3J,"$30,000 to $34,999",280
B3J,"$35,000 to $39,999",280
B3J,"$40,000 to $44,999",270
B3J,"$45,000 to $49,999",230
B3J,"$50,000 to $54,999",230
B3J,"$55,000 to $59,999",200
B3J,"$60,000 to $69,999",370
B3J,"$70,000 to $79,999",330
B3J,"$80,000 to $89,999",260
B3J,"$90,000 to $99,999",170
B3J,"$100,000 to $149,999",370
B3J,"$150,000 to $249,999",200
B3J,"$250,000 and over",170
B3K,"Under $5,000",1460
B3K,"$5,000 to $9,999",1480
B3K,"$10,000 to $14,999",1120
B3K,"$15,000 to $19,999",1250
B3K,"$20,000 to $24,999",1410
B3K,"$25,000 to $29,999",980
B3K,"$30,000 to $34,999",1000
B3K,"$35,000 to $39,999",970
B3K,"$40,000 to $44,999",850
B3K,"$45,000 to $49,999",860
B3K,"$50,000 to $54,999",700
B3K,"$55,000 to $59,999",640
B3K,"$60,000 to $69,999",1080
B3K,"$70,000 to $79,999",950
B3K,"$80,000 to $89,999",740
B3K,"$90,000 to $99,999",530
B3K,"$100,000 to $149,999",920
B3K,"$150,000 to $249,999",290
B3K,"$250,000 and over",140
B3L,"Under $5,000",1410
B3L,"$5,000 to $9,999",1030
B3L,"$10,000 to $14,999",870
B3L,"$15,000 to $19,999",990
B3L,"$20,000 to $24,999",1000
B3L,"$25,000 to $29,999",780
B3L,"$30,000 to $34,999",770
B3L,"$35,000 to $39,999",740
B3L,"$40,000 to $44,999",640
B3L,"$45,000 to $49,999",630
B3L,"$50,000 to $54,999",600
B3L,"$55,000 to $59,999",490
B3L,"$60,000 to $69,999",850
B3L,"$70,000 to $79,999",740
B3L,"$80,000 to $89,999",550
B3L,"$90,000 to $99,999",450
B3L,"$100,000 to $149,999",950
B3L,"$150,000 to $249,999",410
B3L,"$250,000 and over",150
B3M,"Under $5,000",2790
B3M,"$5,000 to $9,999",1780
B3M,"$10,000 to $14,999",1760
B3M,"$15,000 to $19,999",1800
B3M,"$20,000 to $24,999",2040
B3M,"$25,000 to $29,999",1620
B3M,"$30,000 to $34,999",1740
B3M,"$35,000 to $39,999",1710
B3M,"$40,000 to $44,999",1550
B3M,"$45,000 to $49,999",1430
B3M,"$50,000 to $54,999",1190
B3M,"$55,000 to $59,999",1090
B3M,"$60,000 to $69,999",1680
B3M,"$70,000 to $79,999",1350
B3M,"$80,000 to $89,999",1070
B3M,"$90,000 to $99,999",710
B3M,"$100,000 to $149,999",1440
B3M,"$150,000 to $249,999",560
B3M,"$250,000 and over",230
B3N,"Under $5,000",930
B3N,"$5,000 to $9,999",660
B3N,"$10,000 to $14,999",660
B3N,"$15,000 to $19,999",720
B3N,"$20,000 to $24,999",800
B3N,"$25,000 to $29,999",650
B3N,"$30,000 to $34,999",700
B3N,"$35,000 to $39,999",690
B3N,"$40,000 to $44,999",650
B3N,"$45,000 to $49,999",620
B3N,"$50,000 to $54,999",510
B3N,"$55,000 to $59,999",470
B3N,"$60,000 to $69,999",760
B3N,"$70,000 to $79,999",610
B3N,"$80,000 to $89,999",450
B3N,"$90,000 to $99,999",360
B3N,"$100,000 to $149,999",700
B3N,"$150,000 to $249,999",310
B3N,"$250,000 and over",160
B3P,"Under $5,000",570
B3P,"$5,000 to $9,999",490
B3P,"$10,000 to $14,999",470
B3P,"$15,000 to $19,999",540
B3P,"$20,000 to $24,999",570
B3P,"$25,000 to $29,999",440
B3P,"$30,000 to $34,999",460
B3P,"$35,000 to $39,999",480
B3P,"$40,000 to $44,999",420
B3P,"$45,000 to $49,999",440
B3P,"$50,000 to $54,999",360
B3P,"$55,000 to $59,999",320
B3P,"$60,000 to $69,999",560
B3P,"$70,000 to $79,999",450
B3P,"$80,000 to $89,999",350
B3P,"$90,000 to $99,999",250
B3P,"$100,000 to $149,999",490
B3P,"$150,000 to $249,999",220
B3P,"$250,000 and over",110
B3R,"Under $5,000",620
B3R,"$5,000 to $9,999",780
B3R,"$10,000 to $14,999",610
B3R,"$15,000 to $19,999",560
B3R,"$20,000 to $24,999",650
B3R,"$25,000 to $29,999",480
B3R,"$30,000 to $34,999",450
B3R,"$35,000 to $39,999",470
B3R,"$40,000 to $44,999",350
B3R,"$45,000 to $49,999",360
B3R,"$50,000 to $54,999",250
B3R,"$55,000 to $59,999",220
B3R,"$60,000 to $69,999",340
B3R,"$70,000 to $79,999",260
B3R,"$80,000 to $89,999",180
B3R,"$90,000 to $99,999",120
B3R,"$100,000 to $149,999",180
B3R,"$150,000 to $249,999",40
B3R,"$250,000 and over",0
B3S,"Under $5,000",1020
B3S,"$5,000 to $9,999",590
B3S,"$10,000 to $14,999",640
B3S,"$15,000 to $19,999",680
B3S,"$20,000 to $24,999",830
B3S,"$25,000 to $29,999",600
B3S,"$30,000 to $34,999",710
B3S,"$35,000 to $39,999",710
B3S,"$40,000 to $44,999",700
B3S,"$45,000 to $49,999",680
B3S,"$50,000 to $54,999",560
B3S,"$55,000 to $59,999",470
B3S,"$60,000 to $69,999",770
B3S,"$70,000 to $79,999",630
B3S,"$80,000 to $89,999",450
B3S,"$90,000 to $99,999",330
B3S,"$100,000 to $149,999",550
B3S,"$150,000 to $249,999",180
B3S,"$250,000 and over",80
B3T,"Under $5,000",820
B3T,"$5,000 to $9,999",710
B3T,"$10,000 to $14,999",770
B3T,"$15,000 to $19,999",730
B3T,"$20,000 to $24,999",920
B3T,"$25,000 to $29,999",720
B3T,"$30,000 to $34,999",770
B3T,"$35,000 to $39,999",800
B3T,"$40,000 to $44,999",800
B3T,"$45,000 to $49,999",800
B3T,"$50,000 to $54,999",640
B3T,"$55,000 to $59,999",620
B3T,"$60,000 to $69,999",1090
B3T,"$70,000 to $79,999",860
B3T,"$80,000 to $89,999",870
B3T,"$90,000 to $99,999",500
B3T,"$100,000 to $149,999",910
B3T,"$150,000 to $249,999",210
B3T,"$250,000 and over",50
B3V,"Under $5,000",300
B3V,"$5,000 to $9,999",270
B3V,"$10,000 to $14,999",280
B3V,"$15,000 to $19,999",300
B3V,"$20,000 to $24,999",300
B3V,"$25,000 to $29,999",300
B3V,"$30,000 to $34,999",290
B3V,"$35,000 to $39,999",280
B3V,"$40,000 to $44,999",290
B3V,"$45,000 to $49,999",270
B3V,"$50,000 to $54,999",260
B3V,"$55,000 to $59,999",230
B3V,"$60,000 to $69,999",330
B3V,"$70,000 to $79,999",290
B3V,"$80,000 to $89,999",230
B3V,"$90,000 to $99,999",190
B3V,"$100,000 to $149,999",300
B3V,"$150,000 to $249,999",110
B3V,"$250,000 and over",40
B3Z,"Under $5,000",830
B3Z,"$5,000 to $9,999",700
B3Z,"$10,000 to $14,999",680
B3Z,"$15,000 to $19,999",750
B3Z,"$20,000 to $24,999",810
B3Z,"$25,000 to $29,999",630
B3Z,"$30,000 to $34,999",680
B3Z,"$35,000 to $39,999",700
B3Z,"$40,000 to $44,999",660
B3Z,"$45,000 to $49,999",720
B3Z,"$50,000 to $54,999",570
B3Z,"$55,000 to $59,999",610
B3Z,"$60,000 to $69,999",970
B3Z,"$70,000 to $79,999",950
B3Z,"$80,000 to $89,999",890
B3Z,"$90,000 to $99,999",630
B3Z,"$100,000 to $149,999",1330
B3Z,"$150,000 to $249,999",470
B3Z,"$250,000 and over",150
B4A,"Under $5,000",1220
B4A,"$5,000 to $9,999",800
B4A,"$10,000 to $14,999",800
B4A,"$15,000 to $19,999",770
B4A,"$20,000 to $24,999",810
B4A,"$25,000 to $29,999",730
B4A,"$30,000 to $34,999",740
B4A,"$35,000 to $39,999",700
B4A,"$40,000 to $44,999",780
B4A,"$45,000 to $49,999",830
B4A,"$50,000 to $54,999",650
B4A,"$55,000 to $59,999",590
B4A,"$60,000 to $69,999",1040
B4A,"$70,000 to $79,999",910
B4A,"$80,000 to $89,999",870
B4A,"$90,000 to $99,999",600
B4A,"$100,000 to $149,999",1340
B4A,"$150,000 to $249,999",670
B4A,"$250,000 and over",350
B4B,"Under $5,000",950
B4B,"$5,000 to $9,999",660
B4B,"$10,000 to $14,999",590
B4B,"$15,000 to $19,999",550
B4B,"$20,000 to $24,999",570
B4B,"$25,000 to $29,999",560
B4B,"$30,000 to $34,999",500
B4B,"$35,000 to $39,999",510
B4B,"$40,000 to $44,999",510
B4B,"$45,000 to $49,999",550
B4B,"$50,000 to $54,999",480
B4B,"$55,000 to $59,999",450
B4B,"$60,000 to $69,999",800
B4B,"$70,000 to $79,999",780
B4B,"$80,000 to $89,999",750
B4B,"$90,000 to $99,999",620
B4B,"$100,000 to $149,999",1370
B4B,"$150,000 to $249,999",640
B4B,"$250,000 and over",250
B4C,"Under $5,000",910
B4C,"$5,000 to $9,999",840
B4C,"$10,000 to $14,999",880
B4C,"$15,000 to $19,999",940
B4C,"$20,000 to $24,999",1210
B4C,"$25,000 to $29,999",1000
B4C,"$30,000 to $34,999",1010
B4C,"$35,000 to $39,999",1100
B4C,"$40,000 to $44,999",960
B4C,"$45,000 to $49,999",940
B4C,"$50,000 to $54,999",770
B4C,"$55,000 to $59,999",690
B4C,"$60,000 to $69,999",1070
B4C,"$70,000 to $79,999",840
B4C,"$80,000 to $89,999",630
B4C,"$90,000 to $99,999",410
B4C,"$100,000 to $149,999",600
B4C,"$150,000 to $249,999",140
B4C,"$250,000 and over",30
B4E,"Under $5,000",860
B4E,"$5,000 to $9,999",850
B4E,"$10,000 to $14,999",860
B4E,"$15,000 to $19,999",880
B4E,"$20,000 to $24,999",1020
B4E,"$25,000 to $29,999",870
B4E,"$30,000 to $34,999",920
B4E,"$35,000 to $39,999",890
B4E,"$40,000 to $44,999",830
B4E,"$45,000 to $49,999",820
B4E,"$50,000 to $54,999",640
B4E,"$55,000 to $59,999",630
B4E,"$60,000 to $69,999",1110
B4E,"$70,000 to $79,999",990
B4E,"$80,000 to $89,999",850
B4E,"$90,000 to $99,999",550
B4E,"$100,000 to $149,999",1000
B4E,"$150,000 to $249,999",210
B4E,"$250,000 and over",40
B4G,"Under $5,000",230
B4G,"$5,000 to $9,999",190
B4G,"$10,000 to $14,999",190
B4G,"$15,000 to $19,999",220
B4G,"$20,000 to $24,999",250
B4G,"$25,000 to $29,999",200
B4G,"$30,000 to $34,999",230
B4G,"$35,000 to $39,999",230
B4G,"$40,000 to $44,999",230
B4G,"$45,000 to $49,999",230
B4G,"$50,000 to $54,999",210
B4G,"$55,000 to $59,999",200
B4G,"$60,000 to $69,999",300
B4G,"$70,000 to $79,999",290
B4G,"$80,000 to $89,999",250
B4G,"$90,000 to $99,999",140
B4G,"$100,000 to $149,999",300
B4G,"$150,000 to $249,999",60
B4G,"$250,000 and over",20
B4H,"Under $5,000",700
B4H,"$5,000 to $9,999",840
B4H,"$10,000 to $14,999",870
B4H,"$15,000 to $19,999",1120
B4H,"$20,000 to $24,999",1260
B4H,"$25,000 to $29,999",850
B4H,"$30,000 to $34,999",750
B4H,"$35,000 to $39,999",660
B4H,"$40,000 to $44,999",630
B4H,"$45,000 to $49,999",600
B4H,"$50,000 to $54,999",450
B4H,"$55,000 to $59,999",370
B4H,"$60,000 to $69,999",520
B4H,"$70,000 to $79,999",380
B4H,"$80,000 to $89,999",340
B4H,"$90,000 to $99,999",210
B4H,"$100,000 to $149,999",370
B4H,"$150,000 to $249,999",110
B4H,"$250,000 and over",40
B4N,"Under $5,000",1030
B4N,"$5,000 to $9,999",1080
B4N,"$10,000 to $14,999",1140
B4N,"$15,000 to $19,999",1290
B4N,"$20,000 to $24,999",1560
B4N,"$25,000 to $29,999",1100
B4N,"$30,000 to $34,999",910
B4N,"$35,000 to $39,999",970
B4N,"$40,000 to $44,999",830
B4N,"$45,000 to $49,999",760
B4N,"$50,000 to $54,999",550
B4N,"$55,000 to $59,999",510
B4N,"$60,000 to $69,999",780
B4N,"$70,000 to $79,999",600
B4N,"$80,000 to $89,999",450
B4N,"$90,000 to $99,999",280
B4N,"$100,000 to $149,999",510
B4N,"$150,000 to $249,999",170
B4N,"$250,000 and over",70
B4P,"Under $5,000",570
B4P,"$5,000 to $9,999",490
B4P,"$10,000 to $14,999",480
B4P,"$15,000 to $19,999",500
B4P,"$20,000 to $24,999",590
B4P,"$25,000 to $29,999",370
B4P,"$30,000 to $34,999",420
B4P,"$35,000 to $39,999",370
B4P,"$40,000 to $44,999",350
B4P,"$45,000 to $49,999",320
B4P,"$50,000 to $54,999",290
B4P,"$55,000 to $59,999",220
B4P,"$60,000 to $69,999",370
B4P,"$70,000 to $79,999",310
B4P,"$80,000 to $89,999",220
B4P,"$90,000 to $99,999",160
B4P,"$100,000 to $149,999",340
B4P,"$150,000 to $249,999",150
B4P,"$250,000 and over",60
B4R,"Under $5,000",140
B4R,"$5,000 to $9,999",160
B4R,"$10,000 to $14,999",140
B4R,"$15,000 to $19,999",130
B4R,"$20,000 to $24,999",180
B4R,"$25,000 to $29,999",160
B4R,"$30,000 to $34,999",170
B4R,"$35,000 to $39,999",160
B4R,"$40,000 to $44,999",160
B4R,"$45,000 to $49,999",140
B4R,"$50,000 to $54,999",130
B4R,"$55,000 to $59,999",100
B4R,"$60,000 to $69,999",200
B4R,"$70,000 to $79,999",130
B4R,"$80,000 to $89,999",100
B4R,"$90,000 to $99,999",50
B4R,"$100,000 to $149,999",130
B4R,"$150,000 to $249,999",20
B4R,"$250,000 and over",0
B4V,"Under $5,000",1150
B4V,"$5,000 to $9,999",1060
B4V,"$10,000 to $14,999",1290
B4V,"$15,000 to $19,999",1600
B4V,"$20,000 to $24,999",2000
B4V,"$25,000 to $29,999",1240
B4V,"$30,000 to $34,999",1170
B4V,"$35,000 to $39,999",1110
B4V,"$40,000 to $44,999",970
B4V,"$45,000 to $49,999",880
B4V,"$50,000 to $54,999",740
B4V,"$55,000 to $59,999",650
B4V,"$60,000 to $69,999",960
B4V,"$70,000 to $79,999",680
B4V,"$80,000 to $89,999",550
B4V,"$90,000 to $99,999",330
B4V,"$100,000 to $149,999",600
B4V,"$150,000 to $249,999",170
B4V,"$250,000 and over",90
B5A,"Under $5,000",1000
B5A,"$5,000 to $9,999",1070
B5A,"$10,000 to $14,999",1050
B5A,"$15,000 to $19,999",1470
B5A,"$20,000 to $24,999",1510
B5A,"$25,000 to $29,999",1080
B5A,"$30,000 to $34,999",950
B5A,"$35,000 to $39,999",860
B5A,"$40,000 to $44,999",690
B5A,"$45,000 to $49,999",580
B5A,"$50,000 to $54,999",470
B5A,"$55,000 to $59,999",400
B5A,"$60,000 to $69,999",570
B5A,"$70,000 to $79,999",440
B5A,"$80,000 to $89,999",360
B5A,"$90,000 to $99,999",240
B5A,"$100,000 to $149,999",430
B5A,"$150,000 to $249,999",160
B5A,"$250,000 and over",60
B6L,"Under $5,000",720
B6L,"$5,000 to $9,999",600
B6L,"$10,000 to $14,999",720
B6L,"$15,000 to $19,999",740
B6L,"$20,000 to $24,999",890
B6L,"$25,000 to $29,999",690
B6L,"$30,000 to $34,999",650
B6L,"$35,000 to $39,999",660
B6L,"$40,000 to $44,999",600
B6L,"$45,000 to $49,999",610
B6L,"$50,000 to $54,999",460
B6L,"$55,000 to $59,999",410
B6L,"$60,000 to $69,999",690
B6L,"$70,000 to $79,999",530
B6L,"$80,000 to $89,999",430
B6L,"$90,000 to $99,999",270
B6L,"$100,000 to $149,999",510
B6L,"$150,000 to $249,999",160
B6L,"$250,000 and over",60
B9A,"Under $5,000",240
B9A,"$5,000 to $9,999",290
B9A,"$10,000 to $14,999",250
B9A,"$15,000 to $19,999",330
B9A,"$20,000 to $24,999",380
B9A,"$25,000 to $29,999",260
B9A,"$30,000 to $34,999",260
B9A,"$35,000 to $39,999",230
B9A,"$40,000 to $44,999",210
B9A,"$45,000 to $49,999",180
B9A,"$50,000 to $54,999",150
B9A,"$55,000 to $59,999",140
B9A,"$60,000 to $69,999",200
B9A,"$70,000 to $79,999",190
B9A,"$80,000 to $89,999",120
B9A,"$90,000 to $99,999",80
B9A,"$100,000 to $149,999",160
B9A,"$150,000 to $249,999",50
B9A,"$250,000 and over",20
E1A,"Under $5,000",2290
E1A,"$5,000 to $9,999",2210
E1A,"$10,000 to $14,999",2180
E1A,"$15,000 to $19,999",2510
E1A,"$20,000 to $24,999",2880
E1A,"$25,000 to $29,999",2270
E1A,"$30,000 to $34,999",2310
E1A,"$35,000 to $39,999",2360
E1A,"$40,000 to $44,999",2300
E1A,"$45,000 to $49,999",2100
E1A,"$50,000 to $54,999",1830
E1A,"$55,000 to $59,999",1510
E1A,"$60,000 to $69,999",2520
E1A,"$70,000 to $79,999",1950
E1A,"$80,000 to $89,999",1630
E1A,"$90,000 to $99,999",1060
E1A,"$100,000 to $149,999",2030
E1A,"$150,000 to $249,999",740
E1A,"$250,000 and over",280
E1B,"Under $5,000",880
E1B,"$5,000 to $9,999",900
E1B,"$10,000 to $14,999",940
E1B,"$15,000 to $19,999",1120
E1B,"$20,000 to $24,999",1370
E1B,"$25,000 to $29,999",1120
E1B,"$30,000 to $34,999",1100
E1B,"$35,000 to $39,999",1270
E1B,"$40,000 to $44,999",1170
E1B,"$45,000 to $49,999",1070
E1B,"$50,000 to $54,999",860
E1B,"$55,000 to $59,999",720
E1B,"$60,000 to $69,999",1140
E1B,"$70,000 to $79,999",760
E1B,"$80,000 to $89,999",700
E1B,"$90,000 to $99,999",430
E1B,"$100,000 to $149,999",720
E1B,"$150,000 to $249,999",260
E1B,"$250,000 and over",90
E1C,"Under $5,000",1690
E1C,"$5,000 to $9,999",2000
E1C,"$10,000 to $14,999",1690
E1C,"$15,000 to $19,999",1930
E1C,"$20,000 to $24,999",2120
E1C,"$25,000 to $29,999",1680
E1C,"$30,000 to $34,999",1450
E1C,"$35,000 to $39,999",1440
E1C,"$40,000 to $44,999",1210
E1C,"$45,000 to $49,999",1060
E1C,"$50,000 to $54,999",740
E1C,"$55,000 to $59,999",600
E1C,"$60,000 to $69,999",890
E1C,"$70,000 to $79,999",570
E1C,"$80,000 to $89,999",440
E1C,"$90,000 to $99,999",260
E1C,"$100,000 to $149,999",440
E1C,"$150,000 to $249,999",190
E1C,"$250,000 and over",60
E1E,"Under $5,000",570
E1E,"$5,000 to $9,999",570
E1E,"$10,000 to $14,999",560
E1E,"$15,000 to $19,999",690
E1E,"$20,000 to $24,999",780
E1E,"$25,000 to $29,999",610
E1E,"$30,000 to $34,999",600
E1E,"$35,000 to $39,999",620
E1E,"$40,000 to $44,999",560
E1E,"$45,000 to $49,999",530
E1E,"$50,000 to $54,999",430
E1E,"$55,000 to $59,999",390
E1E,"$60,000 to $69,999",560
E1E,"$70,000 to $79,999",440
E1E,"$80,000 to $89,999",350
E1E,"$90,000 to $99,999",230
E1E,"$100,000 to $149,999",380
E1E,"$150,000 to $249,999",150
E1E,"$250,000 and over",80
E1G,"Under $5,000",1260
E1G,"$5,000 to $9,999",1030
E1G,"$10,000 to $14,999",1030
E1G,"$15,000 to $19,999",1100
E1G,"$20,000 to $24,999",1170
E1G,"$25,000 to $29,999",1030
E1G,"$30,000 to $34,999",1100
E1G,"$35,000 to $39,999",1160
E1G,"$40,000 to $44,999",1160
E1G,"$45,000 to $49,999",1140
E1G,"$50,000 to $54,999",960
E1G,"$55,000 to $59,999",860
E1G,"$60,000 to $69,999",1330
E1G,"$70,000 to $79,999",1110
E1G,"$80,000 to $89,999",920
E1G,"$90,000 to $99,999",550
E1G,"$100,000 to $149,999",1150
E1G,"$150,000 to $249,999",400
E1G,"$250,000 and over",180
E1H,"Under $5,000",340
E1H,"$5,000 to $9,999",340
E1H,"$10,000 to $14,999",420
E1H,"$15,000 to $19,999",490
E1H,"$20,000 to $24,999",560
E1H,"$25,000 to $29,999",470
E1H,"$30,000 to $34,999",400
E1H,"$35,000 to $39,999",520
E1H,"$40,000 to $44,999",420
E1H,"$45,000 to $49,999",400
E1H,"$50,000 to $54,999",340
E1H,"$55,000 to $59,999",250
E1H,"$60,000 to $69,999",420
E1H,"$70,000 to $79,999",270
E1H,"$80,000 to $89,999",210
E1H,"$90,000 to $99,999",140
E1H,"$100,000 to $149,999",270
E1H,"$150,000 to $249,999",100
E1H,"$250,000 and over",50
E1J,"Under $5,000",160
E1J,"$5,000 to $9,999",140
E1J,"$10,000 to $14,999",190
E1J,"$15,000 to $19,999",210
E1J,"$20,000 to $24,999",210
E1J,"$25,000 to $29,999",170
E1J,"$30,000 to $34,999",190
E1J,"$35,000 to $39,999",200
E1J,"$40,000 to $44,999",190
E1J,"$45,000 to $49,999",200
E1J,"$50,000 to $54,999",150
E1J,"$55,000 to $59,999",140
E1J,"$60,000 to $69,999",220
E1J,"$70,000 to $79,999",160
E1J,"$80,000 to $89,999",120
E1J,"$90,000 to $99,999",90
E1J,"$100,000 to $149,999",150
E1J,"$150,000 to $249,999",60
E1J,"$250,000 and over",20
E1N,"Under $5,000",540
E1N,"$5,000 to $9,999",660
E1N,"$10,000 to $14,999",680
E1N,"$15,000 to $19,999",850
E1N,"$20,000 to $24,999",910
E1N,"$25,000 to $29,999",710
E1N,"$30,000 to $34,999",650
E1N,"$35,000 to $39,999",700
E1N,"$40,000 to $44,999",620
E1N,"$45,000 to $49,999",520
E1N,"$50,000 to $54,999",400
E1N,"$55,000 to $59,999",410
E1N,"$60,000 to $69,999",580
E1N,"$70,000 to $79,999",370
E1N,"$80,000 to $89,999",340
E1N,"$90,000 to $99,999",150
E1N,"$100,000 to $149,999",270
E1N,"$150,000 to $249,999",70
E1N,"$250,000 and over",30
E1V,"Under $5,000",750
E1V,"$5,000 to $9,999",700
E1V,"$10,000 to $14,999",840
E1V,"$15,000 to $19,999",1030
E1V,"$20,000 to $24,999",1050
E1V,"$25,000 to $29,999",800
E1V,"$30,000 to $34,999",760
E1V,"$35,000 to $39,999",690
E1V,"$40,000 to $44,999",620
E1V,"$45,000 to $49,999",570
E1V,"$50,000 to $54,999",490
E1V,"$55,000 to $59,999",460
E1V,"$60,000 to $69,999",700
E1V,"$70,000 to $79,999",530
E1V,"$80,000 to $89,999",500
E1V,"$90,000 to $99,999",260
E1V,"$100,000 to $149,999",410
E1V,"$150,000 to $249,999",140
E1V,"$250,000 and over",60
E1W,"Under $5,000",250
E1W,"$5,000 to $9,999",330
E1W,"$10,000 to $14,999",460
E1W,"$15,000 to $19,999",760
E1W,"$20,000 to $24,999",680
E1W,"$25,000 to $29,999",470
E1W,"$30,000 to $34,999",460
E1W,"$35,000 to $39,999",500
E1W,"$40,000 to $44,999",360
E1W,"$45,000 to $49,999",320
E1W,"$50,000 to $54,999",200
E1W,"$55,000 to $59,999",170
E1W,"$60,000 to $69,999",260
E1W,"$70,000 to $79,999",220
E1W,"$80,000 to $89,999",190
E1W,"$90,000 to $99,999",120
E1W,"$100,000 to $149,999",240
E1W,"$150,000 to $249,999",80
E1W,"$250,000 and over",30
E1X,"Under $5,000",600
E1X,"$5,000 to $9,999",970
E1X,"$10,000 to $14,999",1050
E1X,"$15,000 to $19,999",1610
E1X,"$20,000 to $24,999",1190
E1X,"$25,000 to $29,999",950
E1X,"$30,000 to $34,999",930
E1X,"$35,000 to $39,999",1030
E1X,"$40,000 to $44,999",760
E1X,"$45,000 to $49,999",620
E1X,"$50,000 to $54,999",450
E1X,"$55,000 to $59,999",340
E1X,"$60,000 to $69,999",540
E1X,"$70,000 to $79,999",360
E1X,"$80,000 to $89,999",350
E1X,"$90,000 to $99,999",160
E1X,"$100,000 to $149,999",360
E1X,"$150,000 to $249,999",80
E1X,"$250,000 and over",30
E2A,"Under $5,000",1060
E2A,"$5,000 to $9,999",1120
E2A,"$10,000 to $14,999",1130
E2A,"$15,000 to $19,999",1550
E2A,"$20,000 to $24,999",1690
E2A,"$25,000 to $29,999",1110
E2A,"$30,000 to $34,999",990
E2A,"$35,000 to $39,999",990
E2A,"$40,000 to $44,999",790
E2A,"$45,000 to $49,999",750
E2A,"$50,000 to $54,999",600
E2A,"$55,000 to $59,999",470
E2A,"$60,000 to $69,999",670
E2A,"$70,000 to $79,999",520
E2A,"$80,000 to $89,999",460
E2A,"$90,000 to $99,999",290
E2A,"$100,000 to $149,999",520
E2A,"$150,000 to $249,999",210
E2A,"$250,000 and over",80
E2E,"Under $5,000",930
E2E,"$5,000 to $9,999",840
E2E,"$10,000 to $14,999",860
E2E,"$15,000 to $19,999",820
E2E,"$20,000 to $24,999",1010
E2E,"$25,000 to $29,999",800
E2E,"$30,000 to $34,999",760
E2E,"$35,000 to $39,999",830
E2E,"$40,000 to $44,999",840
E2E,"$45,000 to $49,999",820
E2E,"$50,000 to $54,999",650
E2E,"$55,000 to $59,999",630
E2E,"$60,000 to $69,999",1100
E2E,"$70,000 to $79,999",920
E2E,"$80,000 to $89,999",920
E2E,"$90,000 to $99,999",570
E2E,"$100,000 to $149,999",1540
E2E,"$150,000 to $249,999",710
E2E,"$250,000 and over",310
E2G,"Under $5,000",240
E2G,"$5,000 to $9,999",190
E2G,"$10,000 to $14,999",220
E2G,"$15,000 to $19,999",270
E2G,"$20,000 to $24,999",290
E2G,"$25,000 to $29,999",250
E2G,"$30,000 to $34,999",230
E2G,"$35,000 to $39,999",230
E2G,"$40,000 to $44,999",210
E2G,"$45,000 to $49,999",200
E2G,"$50,000 to $54,999",180
E2G,"$55,000 to $59,999",150
E2G,"$60,000 to $69,999",280
E2G,"$70,000 to $79,999",250
E2G,"$80,000 to $89,999",230
E2G,"$90,000 to $99,999",140
E2G,"$100,000 to $149,999",370
E2G,"$150,000 to $249,999",140
E2G,"$250,000 and over",50
E2H,"Under $5,000",280
E2H,"$5,000 to $9,999",250
E2H,"$10,000 to $14,999",260
E2H,"$15,000 to $19,999",220
E2H,"$20,000 to $24,999",290
E2H,"$25,000 to $29,999",240
E2H,"$30,000 to $34,999",240
E2H,"$35,000 to $39,999",200
E2H,"$40,000 to $44,999",180
E2H,"$45,000 to $49,999",160
E2H,"$50,000 to $54,999",160
E2H,"$55,000 to $59,999",120
E2H,"$60,000 to $69,999",220
E2H,"$70,000 to $79,999",190
E2H,"$80,000 to $89,999",160
E2H,"$90,000 to $99,999",110
E2H,"$100,000 to $149,999",250
E2H,"$150,000 to $249,999",180
E2H,"$250,000 and over",120
E2J,"Under $5,000",880
E2J,"$5,000 to $9,999",800
E2J,"$10,000 to $14,999",940
E2J,"$15,000 to $19,999",1150
E2J,"$20,000 to $24,999",1430
E2J,"$25,000 to $29,999",1090
E2J,"$30,000 to $34,999",950
E2J,"$35,000 to $39,999",1000
E2J,"$40,000 to $44,999",870
E2J,"$45,000 to $49,999",690
E2J,"$50,000 to $54,999",610
E2J,"$55,000 to $59,999",480
E2J,"$60,000 to $69,999",720
E2J,"$70,000 to $79,999",490
E2J,"$80,000 to $89,999",370
E2J,"$90,000 to $99,999",200
E2J,"$100,000 to $149,999",390
E2J,"$150,000 to $249,999",80
E2J,"$250,000 and over",10
E2K,"Under $5,000",1360
E2K,"$5,000 to $9,999",1200
E2K,"$10,000 to $14,999",1120
E2K,"$15,000 to $19,999",1200
E2K,"$20,000 to $24,999",1320
E2K,"$25,000 to $29,999",920
E2K,"$30,000 to $34,999",850
E2K,"$35,000 to $39,999",850
E2K,"$40,000 to $44,999",710
E2K,"$45,000 to $49,999",650
E2K,"$50,000 to $54,999",520
E2K,"$55,000 to $59,999",420
E2K,"$60,000 to $69,999",640
E2K,"$70,000 to $79,999",540
E2K,"$80,000 to $89,999",430
E2K,"$90,000 to $99,999",280
E2K,"$100,000 to $149,999",570
E2K,"$150,000 to $249,999",240
E2K,"$250,000 and over",100
E2L,"Under $5,000",570
E2L,"$5,000 to $9,999",880
E2L,"$10,000 to $14,999",620
E2L,"$15,000 to $19,999",740
E2L,"$20,000 to $24,999",670
E2L,"$25,000 to $29,999",460
E2L,"$30,000 to $34,999",380
E2L,"$35,000 to $39,999",380
E2L,"$40,000 to $44,999",270
E2L,"$45,000 to $49,999",260
E2L,"$50,000 to $54,999",180
E2L,"$55,000 to $59,999",170
E2L,"$60,000 to $69,999",260
E2L,"$70,000 to $79,999",200
E2L,"$80,000 to $89,999",140
E2L,"$90,000 to $99,999",90
E2L,"$100,000 to $149,999",200
E2L,"$150,000 to $249,999",80
E2L,"$250,000 and over",50
E2M,"Under $5,000",910
E2M,"$5,000 to $9,999",910
E2M,"$10,000 to $14,999",980
E2M,"$15,000 to $19,999",1080
E2M,"$20,000 to $24,999",1400
E2M,"$25,000 to $29,999",1050
E2M,"$30,000 to $34,999",1010
E2M,"$35,000 to $39,999",1040
E2M,"$40,000 to $44,999",980
E2M,"$45,000 to $49,999",880
E2M,"$50,000 to $54,999",720
E2M,"$55,000 to $59,999",600
E2M,"$60,000 to $69,999",990
E2M,"$70,000 to $79,999",720
E2M,"$80,000 to $89,999",640
E2M,"$90,000 to $99,999",360
E2M,"$100,000 to $149,999",810
E2M,"$150,000 to $249,999",230
E2M,"$250,000 and over",50
E2N,"Under $5,000",190
E2N,"$5,000 to $9,999",230
E2N,"$10,000 to $14,999",210
E2N,"$15,000 to $19,999",260
E2N,"$20,000 to $24,999",290
E2N,"$25,000 to $29,999",230
E2N,"$30,000 to $34,999",240
E2N,"$35,000 to $39,999",280
E2N,"$40,000 to $44,999",260
E2N,"$45,000 to $49,999",210
E2N,"$50,000 to $54,999",170
E2N,"$55,000 to $59,999",130
E2N,"$60,000 to $69,999",240
E2N,"$70,000 to $79,999",190
E2N,"$80,000 to $89,999",170
E2N,"$90,000 to $99,999",100
E2N,"$100,000 to $149,999",230
E2N,"$150,000 to $249,999",70
E2N,"$250,000 and over",10
E2P,"Under $5,000",60
E2P,"$5,000 to $9,999",40
E2P,"$10,000 to $14,999",50
E2P,"$15,000 to $19,999",80
E2P,"$20,000 to $24,999",100
E2P,"$25,000 to $29,999",80
E2P,"$30,000 to $34,999",90
E2P,"$35,000 to $39,999",80
E2P,"$40,000 to $44,999",90
E2P,"$45,000 to $49,999",70
E2P,"$50,000 to $54,999",60
E2P,"$55,000 to $59,999",50
E2P,"$60,000 to $69,999",70
E2P,"$70,000 to $79,999",50
E2P,"$80,000 to $89,999",30
E2P,"$90,000 to $99,999",30
E2P,"$100,000 to $149,999",30
E2P,"$150,000 to $249,999",10
E2P,"$250,000 and over",0
E2R,"Under $5,000",0
E2R,"$5,000 to $9,999",0
E2R,"$10,000 to $14,999",0
E2R,"$15,000 to $19,999",0
E2R,"$20,000 to $24,999",0
E2R,"$25,000 to $29,999",0
E2R,"$30,000 to $34,999",0
E2R,"$35,000 to $39,999",0
E2R,"$40,000 to $44,999",0
E2R,"$45,000 to $49,999",0
E2R,"$50,000 to $54,999",0
E2R,"$55,000 to $59,999",0
E2R,"$60,000 to $69,999",0
E2R,"$70,000 to $79,999",0
E2R,"$80,000 to $89,999",0
E2R,"$90,000 to $99,999",0
E2R,"$100,000 to $149,999",0
E2R,"$150,000 to $249,999",0
E2R,"$250,000 and over",0
E2S,"Under $5,000",360
E2S,"$5,000 to $9,999",320
E2S,"$10,000 to $14,999",350
E2S,"$15,000 to $19,999",350
E2S,"$20,000 to $24,999",440
E2S,"$25,000 to $29,999",370
E2S,"$30,000 to $34,999",340
E2S,"$35,000 to $39,999",390
E2S,"$40,000 to $44,999",370
E2S,"$45,000 to $49,999",340
E2S,"$50,000 to $54,999",270
E2S,"$55,000 to $59,999",230
E2S,"$60,000 to $69,999",350
E2S,"$70,000 to $79,999",270
E2S,"$80,000 to $89,999",230
E2S,"$90,000 to $99,999",160
E2S,"$100,000 to $149,999",370
E2S,"$150,000 to $249,999",90
E2S,"$250,000 and over",20
E2V,"Under $5,000",810
E2V,"$5,000 to $9,999",550
E2V,"$10,000 to $14,999",570
E2V,"$15,000 to $19,999",610
E2V,"$20,000 to $24,999",710
E2V,"$25,000 to $29,999",600
E2V,"$30,000 to $34,999",520
E2V,"$35,000 to $39,999",590
E2V,"$40,000 to $44,999",560
E2V,"$45,000 to $49,999",580
E2V,"$50,000 to $54,999",490
E2V,"$55,000 to $59,999",490
E2V,"$60,000 to $69,999",1360
E2V,"$70,000 to $79,999",1000
E2V,"$80,000 to $89,999",640
E2V,"$90,000 to $99,999",320
E2V,"$100,000 to $149,999",460
E2V,"$150,000 to $249,999",80
E2V,"$250,000 and over",30
E3A,"Under $5,000",1980
E3A,"$5,000 to $9,999",1460
E3A,"$10,000 to $14,999",1540
E3A,"$15,000 to $19,999",1610
E3A,"$20,000 to $24,999",1800
E3A,"$25,000 to $29,999",1510
E3A,"$30,000 to $34,999",1420
E3A,"$35,000 to $39,999",1490
E3A,"$40,000 to $44,999",1440
E3A,"$45,000 to $49,999",1300
E3A,"$50,000 to $54,999",1030
E3A,"$55,000 to $59,999",920
E3A,"$60,000 to $69,999",1520
E3A,"$70,000 to $79,999",1130
E3A,"$80,000 to $89,999",950
E3A,"$90,000 to $99,999",540
E3A,"$100,000 to $149,999",1080
E3A,"$150,000 to $249,999",320
E3A,"$250,000 and over",70
E3B,"Under $5,000",2710
E3B,"$5,000 to $9,999",2040
E3B,"$10,000 to $14,999",1830
E3B,"$15,000 to $19,999",2030
E3B,"$20,000 to $24,999",2190
E3B,"$25,000 to $29,999",1780
E3B,"$30,000 to $34,999",1720
E3B,"$35,000 to $39,999",1620
E3B,"$40,000 to $44,999",1580
E3B,"$45,000 to $49,999",1570
E3B,"$50,000 to $54,999",1230
E3B,"$55,000 to $59,999",1130
E3B,"$60,000 to $69,999",2000
E3B,"$70,000 to $79,999",1670
E3B,"$80,000 to $89,999",1390
E3B,"$90,000 to $99,999",850
E3B,"$100,000 to $149,999",1830
E3B,"$150,000 to $249,999",740
E3B,"$250,000 and over",340
E3C,"Under $5,000",550
E3C,"$5,000 to $9,999",430
E3C,"$10,000 to $14,999",470
E3C,"$15,000 to $19,999",500
E3C,"$20,000 to $24,999",520
E3C,"$25,000 to $29,999",460
E3C,"$30,000 to $34,999",470
E3C,"$35,000 to $39,999",510
E3C,"$40,000 to $44,999",580
E3C,"$45,000 to $49,999",580
E3C,"$50,000 to $54,999",490
E3C,"$55,000 to $59,999",490
E3C,"$60,000 to $69,999",800
E3C,"$70,000 to $79,999",640
E3C,"$80,000 to $89,999",640
E3C,"$90,000 to $99,999",400
E3C,"$100,000 to $149,999",810
E3C,"$150,000 to $249,999",250
E3C,"$250,000 and over",80
E3E,"Under $5,000",400
E3E,"$5,000 to $9,999",190
E3E,"$10,000 to $14,999",190
E3E,"$15,000 to $19,999",220
E3E,"$20,000 to $24,999",210
E3E,"$25,000 to $29,999",160
E3E,"$30,000 to $34,999",140
E3E,"$35,000 to $39,999",200
E3E,"$40,000 to $44,999",190
E3E,"$45,000 to $49,999",180
E3E,"$50,000 to $54,999",150
E3E,"$55,000 to $59,999",130
E3E,"$60,000 to $69,999",250
E3E,"$70,000 to $79,999",240
E3E,"$80,000 to $89,999",190
E3E,"$90,000 to $99,999",140
E3E,"$100,000 to $149,999",280
E3E,"$150,000 to $249,999",130
E3E,"$250,000 and over",30
E3G,"Under $5,000",440
E3G,"$5,000 to $9,999",430
E3G,"$10,000 to $14,999",360
E3G,"$15,000 to $19,999",450
E3G,"$20,000 to $24,999",470
E3G,"$25,000 to $29,999",350
E3G,"$30,000 to $34,999",360
E3G,"$35,000 to $39,999",400
E3G,"$40,000 to $44,999",420
E3G,"$45,000 to $49,999",370
E3G,"$50,000 to $54,999",330
E3G,"$55,000 to $59,999",270
E3G,"$60,000 to $69,999",500
E3G,"$70,000 to $79,999",410
E3G,"$80,000 to $89,999",320
E3G,"$90,000 to $99,999",210
E3G,"$100,000 to $149,999",460
E3G,"$150,000 to $249,999",140
E3G,"$250,000 and over",30
E3L,"Under $5,000",420
E3L,"$5,000 to $9,999",570
E3L,"$10,000 to $14,999",620
E3L,"$15,000 to $19,999",740
E3L,"$20,000 to $24,999",760
E3L,"$25,000 to $29,999",630
E3L,"$30,000 to $34,999",520
E3L,"$35,000 to $39,999",450
E3L,"$40,000 to $44,999",380
E3L,"$45,000 to $49,999",340
E3L,"$50,000 to $54,999",280
E3L,"$55,000 to $59,999",210
E3L,"$60,000 to $69,999",380
E3L,"$70,000 to $79,999",260
E3L,"$80,000 to $89,999",220
E3L,"$90,000 to $99,999",120
E3L,"$100,000 to $149,999",240
E3L,"$150,000 to $249,999",60
E3L,"$250,000 and over",20
E3N,"Under $5,000",650
E3N,"$5,000 to $9,999",910
E3N,"$10,000 to $14,999",900
E3N,"$15,000 to $19,999",1290
E3N,"$20,000 to $24,999",1210
E3N,"$25,000 to $29,999",980
E3N,"$30,000 to $34,999",880
E3N,"$35,000 to $39,999",830
E3N,"$40,000 to $44,999",670
E3N,"$45,000 to $49,999",630
E3N,"$50,000 to $54,999",450
E3N,"$55,000 to $59,999",390
E3N,"$60,000 to $69,999",480
E3N,"$70,000 to $79,999",360
E3N,"$80,000 to $89,999",330
E3N,"$90,000 to $99,999",210
E3N,"$100,000 to $149,999",310
E3N,"$150,000 to $249,999",100
E3N,"$250,000 and over",40
E3V,"Under $5,000",490
E3V,"$5,000 to $9,999",760
E3V,"$10,000 to $14,999",720
E3V,"$15,000 to $19,999",1040
E3V,"$20,000 to $24,999",1130
E3V,"$25,000 to $29,999",790
E3V,"$30,000 to $34,999",710
E3V,"$35,000 to $39,999",680
E3V,"$40,000 to $44,999",590
E3V,"$45,000 to $49,999",600
E3V,"$50,000 to $54,999",430
E3V,"$55,000 to $59,999",350
E3V,"$60,000 to $69,999",520
E3V,"$70,000 to $79,999",390
E3V,"$80,000 to $89,999",330
E3V,"$90,000 to $99,999",200
E3V,"$100,000 to $149,999",340
E3V,"$150,000 to $249,999",120
E3V,"$250,000 and over",50
E3Y,"Under $5,000",330
E3Y,"$5,000 to $9,999",390
E3Y,"$10,000 to $14,999",540
E3Y,"$15,000 to $19,999",640
E3Y,"$20,000 to $24,999",610
E3Y,"$25,000 to $29,999",460
E3Y,"$30,000 to $34,999",430
E3Y,"$35,000 to $39,999",440
E3Y,"$40,000 to $44,999",400
E3Y,"$45,000 to $49,999",320
E3Y,"$50,000 to $54,999",260
E3Y,"$55,000 to $59,999",230
E3Y,"$60,000 to $69,999",310
E3Y,"$70,000 to $79,999",220
E3Y,"$80,000 to $89,999",180
E3Y,"$90,000 to $99,999",90
E3Y,"$100,000 to $149,999",190
E3Y,"$150,000 to $249,999",50
E3Y,"$250,000 and over",10
E3Z,"Under $5,000",190
E3Z,"$5,000 to $9,999",260
E3Z,"$10,000 to $14,999",260
E3Z,"$15,000 to $19,999",370
E3Z,"$20,000 to $24,999",370
E3Z,"$25,000 to $29,999",260
E3Z,"$30,000 to $34,999",230
E3Z,"$35,000 to $39,999",230
E3Z,"$40,000 to $44,999",220
E3Z,"$45,000 to $49,999",190
E3Z,"$50,000 to $54,999",150
E3Z,"$55,000 to $59,999",130
E3Z,"$60,000 to $69,999",180
E3Z,"$70,000 to $79,999",130
E3Z,"$80,000 to $89,999",120
E3Z,"$90,000 to $99,999",60
E3Z,"$100,000 to $149,999",140
E3Z,"$150,000 to $249,999",50
E3Z,"$250,000 and over",20
E4A,"Under $5,000",170
E4A,"$5,000 to $9,999",190
E4A,"$10,000 to $14,999",240
E4A,"$15,000 to $19,999",290
E4A,"$20,000 to $24,999",340
E4A,"$25,000 to $29,999",220
E4A,"$30,000 to $34,999",160
E4A,"$35,000 to $39,999",160
E4A,"$40,000 to $44,999",140
E4A,"$45,000 to $49,999",110
E4A,"$50,000 to $54,999",80
E4A,"$55,000 to $59,999",100
E4A,"$60,000 to $69,999",140
E4A,"$70,000 to $79,999",90
E4A,"$80,000 to $89,999",70
E4A,"$90,000 to $99,999",40
E4A,"$100,000 to $149,999",50
E4A,"$150,000 to $249,999",10
E4A,"$250,000 and over",0
E4B,"Under $5,000",230
E4B,"$5,000 to $9,999",270
E4B,"$10,000 to $14,999",290
E4B,"$15,000 to $19,999",430
E4B,"$20,000 to $24,999",450
E4B,"$25,000 to $29,999",300
E4B,"$30,000 to $34,999",260
E4B,"$35,000 to $39,999",250
E4B,"$40,000 to $44,999",190
E4B,"$45,000 to $49,999",170
E4B,"$50,000 to $54,999",140
E4B,"$55,000 to $59,999",120
E4B,"$60,000 to $69,999",170
E4B,"$70,000 to $79,999",120
E4B,"$80,000 to $89,999",90
E4B,"$90,000 to $99,999",60
E4B,"$100,000 to $149,999",80
E4B,"$150,000 to $249,999",20
E4B,"$250,000 and over",10
E4C,"Under $5,000",110
E4C,"$5,000 to $9,999",120
E4C,"$10,000 to $14,999",140
E4C,"$15,000 to $19,999",200
E4C,"$20,000 to $24,999",210
E4C,"$25,000 to $29,999",130
E4C,"$30,000 to $34,999",100
E4C,"$35,000 to $39,999",120
E4C,"$40,000 to $44,999",110
E4C,"$45,000 to $49,999",90
E4C,"$50,000 to $54,999",80
E4C,"$55,000 to $59,999",80
E4C,"$60,000 to $69,999",90
E4C,"$70,000 to $79,999",60
E4C,"$80,000 to $89,999",50
E4C,"$90,000 to $99,999",30
E4C,"$100,000 to $149,999",60
E4C,"$150,000 to $249,999",20
E4C,"$250,000 and over",0
E4E,"Under $5,000",500
E4E,"$5,000 to $9,999",510
E4E,"$10,000 to $14,999",620
E4E,"$15,000 to $19,999",720
E4E,"$20,000 to $24,999",790
E4E,"$25,000 to $29,999",580
E4E,"$30,000 to $34,999",510
E4E,"$35,000 to $39,999",470
E4E,"$40,000 to $44,999",460
E4E,"$45,000 to $49,999",360
E4E,"$50,000 to $54,999",310
E4E,"$55,000 to $59,999",250
E4E,"$60,000 to $69,999",380
E4E,"$70,000 to $79,999",270
E4E,"$80,000 to $89,999",220
E4E,"$90,000 to $99,999",140
E4E,"$100,000 to $149,999",270
E4E,"$150,000 to $249,999",100
E4E,"$250,000 and over",40
E4G,"Under $5,000",150
E4G,"$5,000 to $9,999",120
E4G,"$10,000 to $14,999",180
E4G,"$15,000 to $19,999",200
E4G,"$20,000 to $24,999",210
E4G,"$25,000 to $29,999",180
E4G,"$30,000 to $34,999",160
E4G,"$35,000 to $39,999",150
E4G,"$40,000 to $44,999",120
E4G,"$45,000 to $49,999",120
E4G,"$50,000 to $54,999",90
E4G,"$55,000 to $59,999",80
E4G,"$60,000 to $69,999",120
E4G,"$70,000 to $79,999",80
E4G,"$80,000 to $89,999",70
E4G,"$90,000 to $99,999",40
E4G,"$100,000 to $149,999",60
E4G,"$150,000 to $249,999",20
E4G,"$250,000 and over",10
E4H,"Under $5,000",210
E4H,"$5,000 to $9,999",220
E4H,"$10,000 to $14,999",240
E4H,"$15,000 to $19,999",340
E4H,"$20,000 to $24,999",390
E4H,"$25,000 to $29,999",280
E4H,"$30,000 to $34,999",270
E4H,"$35,000 to $39,999",270
E4H,"$40,000 to $44,999",240
E4H,"$45,000 to $49,999",200
E4H,"$50,000 to $54,999",140
E4H,"$55,000 to $59,999",140
E4H,"$60,000 to $69,999",170
E4H,"$70,000 to $79,999",110
E4H,"$80,000 to $89,999",60
E4H,"$90,000 to $99,999",40
E4H,"$100,000 to $149,999",90
E4H,"$150,000 to $249,999",20
E4H,"$250,000 and over",10
E4J,"Under $5,000",250
E4J,"$5,000 to $9,999",280
E4J,"$10,000 to $14,999",290
E4J,"$15,000 to $19,999",370
E4J,"$20,000 to $24,999",430
E4J,"$25,000 to $29,999",290
E4J,"$30,000 to $34,999",300
E4J,"$35,000 to $39,999",300
E4J,"$40,000 to $44,999",240
E4J,"$45,000 to $49,999",200
E4J,"$50,000 to $54,999",170
E4J,"$55,000 to $59,999",170
E4J,"$60,000 to $69,999",230
E4J,"$70,000 to $79,999",130
E4J,"$80,000 to $89,999",130
E4J,"$90,000 to $99,999",50
E4J,"$100,000 to $149,999",90
E4J,"$150,000 to $249,999",20
E4J,"$250,000 and over",10
E4K,"Under $5,000",290
E4K,"$5,000 to $9,999",260
E4K,"$10,000 to $14,999",280
E4K,"$15,000 to $19,999",400
E4K,"$20,000 to $24,999",380
E4K,"$25,000 to $29,999",330
E4K,"$30,000 to $34,999",320
E4K,"$35,000 to $39,999",370
E4K,"$40,000 to $44,999",350
E4K,"$45,000 to $49,999",300
E4K,"$50,000 to $54,999",270
E4K,"$55,000 to $59,999",240
E4K,"$60,000 to $69,999",320
E4K,"$70,000 to $79,999",200
E4K,"$80,000 to $89,999",180
E4K,"$90,000 to $99,999",130
E4K,"$100,000 to $149,999",150
E4K,"$150,000 to $249,999",30
E4K,"$250,000 and over",20
E4L,"Under $5,000",420
E4L,"$5,000 to $9,999",340
E4L,"$10,000 to $14,999",460
E4L,"$15,000 to $19,999",510
E4L,"$20,000 to $24,999",580
E4L,"$25,000 to $29,999",410
E4L,"$30,000 to $34,999",410
E4L,"$35,000 to $39,999",410
E4L,"$40,000 to $44,999",360
E4L,"$45,000 to $49,999",340
E4L,"$50,000 to $54,999",250
E4L,"$55,000 to $59,999",200
E4L,"$60,000 to $69,999",320
E4L,"$70,000 to $79,999",250
E4L,"$80,000 to $89,999",230
E4L,"$90,000 to $99,999",130
E4L,"$100,000 to $149,999",300
E4L,"$150,000 to $249,999",100
E4L,"$250,000 and over",30
E4M,"Under $5,000",110
E4M,"$5,000 to $9,999",120
E4M,"$10,000 to $14,999",130
E4M,"$15,000 to $19,999",180
E4M,"$20,000 to $24,999",190
E4M,"$25,000 to $29,999",130
E4M,"$30,000 to $34,999",130
E4M,"$35,000 to $39,999",110
E4M,"$40,000 to $44,999",90
E4M,"$45,000 to $49,999",70
E4M,"$50,000 to $54,999",60
E4M,"$55,000 to $59,999",40
E4M,"$60,000 to $69,999",70
E4M,"$70,000 to $79,999",50
E4M,"$80,000 to $89,999",30
E4M,"$90,000 to $99,999",20
E4M,"$100,000 to $149,999",40
E4M,"$150,000 to $249,999",20
E4M,"$250,000 and over",10
E4N,"Under $5,000",140
E4N,"$5,000 to $9,999",170
E4N,"$10,000 to $14,999",270
E4N,"$15,000 to $19,999",370
E4N,"$20,000 to $24,999",410
E4N,"$25,000 to $29,999",350
E4N,"$30,000 to $34,999",350
E4N,"$35,000 to $39,999",360
E4N,"$40,000 to $44,999",240
E4N,"$45,000 to $49,999",200
E4N,"$50,000 to $54,999",150
E4N,"$55,000 to $59,999",130
E4N,"$60,000 to $69,999",180
E4N,"$70,000 to $79,999",100
E4N,"$80,000 to $89,999",70
E4N,"$90,000 to $99,999",40
E4N,"$100,000 to $149,999",100
E4N,"$150,000 to $249,999",30
E4N,"$250,000 and over",10
E4P,"Under $5,000",550
E4P,"$5,000 to $9,999",650
E4P,"$10,000 to $14,999",770
E4P,"$15,000 to $19,999",1170
E4P,"$20,000 to $24,999",1320
E4P,"$25,000 to $29,999",1050
E4P,"$30,000 to $34,999",970
E4P,"$35,000 to $39,999",970
E4P,"$40,000 to $44,999",920
E4P,"$45,000 to $49,999",750
E4P,"$50,000 to $54,999",640
E4P,"$55,000 to $59,999",540
E4P,"$60,000 to $69,999",820
E4P,"$70,000 to $79,999",600
E4P,"$80,000 to $89,999",440
E4P,"$90,000 to $99,999",310
E4P,"$100,000 to $149,999",490
E4P,"$150,000 to $249,999",160
E4P,"$250,000 and over",70
E4R,"Under $5,000",240
E4R,"$5,000 to $9,999",280
E4R,"$10,000 to $14,999",350
E4R,"$15,000 to $19,999",530
E4R,"$20,000 to $24,999",500
E4R,"$25,000 to $29,999",390
E4R,"$30,000 to $34,999",420
E4R,"$35,000 to $39,999",440
E4R,"$40,000 to $44,999",430
E4R,"$45,000 to $49,999",370
E4R,"$50,000 to $54,999",300
E4R,"$55,000 to $59,999",240
E4R,"$60,000 to $69,999",350
E4R,"$70,000 to $79,999",270
E4R,"$80,000 to $89,999",220
E4R,"$90,000 to $99,999",120
E4R,"$100,000 to $149,999",240
E4R,"$150,000 to $249,999",70
E4R,"$250,000 and over",30
E4S,"Under $5,000",350
E4S,"$5,000 to $9,999",420
E4S,"$10,000 to $14,999",530
E4S,"$15,000 to $19,999",700
E4S,"$20,000 to $24,999",690
E4S,"$25,000 to $29,999",550
E4S,"$30,000 to $34,999",510
E4S,"$35,000 to $39,999",520
E4S,"$40,000 to $44,999",410
E4S,"$45,000 to $49,999",360
E4S,"$50,000 to $54,999",270
E4S,"$55,000 to $59,999",200
E4S,"$60,000 to $69,999",270
E4S,"$70,000 to $79,999",220
E4S,"$80,000 to $89,999",170
E4S,"$90,000 to $99,999",90
E4S,"$100,000 to $149,999",150
E4S,"$150,000 to $249,999",40
E4S,"$250,000 and over",20
E4T,"Under $5,000",130
E4T,"$5,000 to $9,999",150
E4T,"$10,000 to $14,999",160
E4T,"$15,000 to $19,999",230
E4T,"$20,000 to $24,999",190
E4T,"$25,000 to $29,999",160
E4T,"$30,000 to $34,999",130
E4T,"$35,000 to $39,999",160
E4T,"$40,000 to $44,999",130
E4T,"$45,000 to $49,999",100
E4T,"$50,000 to $54,999",70
E4T,"$55,000 to $59,999",50
E4T,"$60,000 to $69,999",60
E4T,"$70,000 to $79,999",50
E4T,"$80,000 to $89,999",40
E4T,"$90,000 to $99,999",20
E4T,"$100,000 to $149,999",30
E4T,"$150,000 to $249,999",10
E4T,"$250,000 and over",0
E4V,"Under $5,000",170
E4V,"$5,000 to $9,999",190
E4V,"$10,000 to $14,999",250
E4V,"$15,000 to $19,999",310
E4V,"$20,000 to $24,999",360
E4V,"$25,000 to $29,999",280
E4V,"$30,000 to $34,999",290
E4V,"$35,000 to $39,999",300
E4V,"$40,000 to $44,999",270
E4V,"$45,000 to $49,999",230
E4V,"$50,000 to $54,999",200
E4V,"$55,000 to $59,999",160
E4V,"$60,000 to $69,999",240
E4V,"$70,000 to $79,999",150
E4V,"$80,000 to $89,999",120
E4V,"$90,000 to $99,999",60
E4V,"$100,000 to $149,999",100
E4V,"$150,000 to $249,999",20
E4V,"$250,000 and over",10
E4W,"Under $5,000",1020
E4W,"$5,000 to $9,999",470
E4W,"$10,000 to $14,999",520
E4W,"$15,000 to $19,999",830
E4W,"$20,000 to $24,999",750
E4W,"$25,000 to $29,999",580
E4W,"$30,000 to $34,999",550
E4W,"$35,000 to $39,999",470
E4W,"$40,000 to $44,999",410
E4W,"$45,000 to $49,999",280
E4W,"$50,000 to $54,999",200
E4W,"$55,000 to $59,999",150
E4W,"$60,000 to $69,999",220
E4W,"$70,000 to $79,999",150
E4W,"$80,000 to $89,999",140
E4W,"$90,000 to $99,999",90
E4W,"$100,000 to $149,999",120
E4W,"$150,000 to $249,999",40
E4W,"$250,000 and over",10
E4X,"Under $5,000",110
E4X,"$5,000 to $9,999",160
E4X,"$10,000 to $14,999",230
E4X,"$15,000 to $19,999",340
E4X,"$20,000 to $24,999",290
E4X,"$25,000 to $29,999",200
E4X,"$30,000 to $34,999",220
E4X,"$35,000 to $39,999",250
E4X,"$40,000 to $44,999",190
E4X,"$45,000 to $49,999",150
E4X,"$50,000 to $54,999",110
E4X,"$55,000 to $59,999",90
E4X,"$60,000 to $69,999",100
E4X,"$70,000 to $79,999",70
E4X,"$80,000 to $89,999",50
E4X,"$90,000 to $99,999",30
E4X,"$100,000 to $149,999",50
E4X,"$150,000 to $249,999",20
E4X,"$250,000 and over",0
E4Y,"Under $5,000",160
E4Y,"$5,000 to $9,999",190
E4Y,"$10,000 to $14,999",230
E4Y,"$15,000 to $19,999",370
E4Y,"$20,000 to $24,999",360
E4Y,"$25,000 to $29,999",200
E4Y,"$30,000 to $34,999",220
E4Y,"$35,000 to $39,999",210
E4Y,"$40,000 to $44,999",170
E4Y,"$45,000 to $49,999",130
E4Y,"$50,000 to $54,999",120
E4Y,"$55,000 to $59,999",80
E4Y,"$60,000 to $69,999",100
E4Y,"$70,000 to $79,999",80
E4Y,"$80,000 to $89,999",50
E4Y,"$90,000 to $99,999",20
E4Y,"$100,000 to $149,999",30
E4Y,"$150,000 to $249,999",10
E4Y,"$250,000 and over",0
E4Z,"Under $5,000",350
E4Z,"$5,000 to $9,999",300
E4Z,"$10,000 to $14,999",340
E4Z,"$15,000 to $19,999",420
E4Z,"$20,000 to $24,999",510
E4Z,"$25,000 to $29,999",380
E4Z,"$30,000 to $34,999",310
E4Z,"$35,000 to $39,999",340
E4Z,"$40,000 to $44,999",280
E4Z,"$45,000 to $49,999",250
E4Z,"$50,000 to $54,999",220
E4Z,"$55,000 to $59,999",150
E4Z,"$60,000 to $69,999",220
E4Z,"$70,000 to $79,999",170
E4Z,"$80,000 to $89,999",130
E4Z,"$90,000 to $99,999",60
E4Z,"$100,000 to $149,999",90
E4Z,"$150,000 to $249,999",30
E4Z,"$250,000 and over",20
E5A,"Under $5,000",120
E5A,"$5,000 to $9,999",130
E5A,"$10,000 to $14,999",130
E5A,"$15,000 to $19,999",150
E5A,"$20,000 to $24,999",160
E5A,"$25,000 to $29,999",130
E5A,"$30,000 to $34,999",90
E5A,"$35,000 to $39,999",100
E5A,"$40,000 to $44,999",70
E5A,"$45,000 to $49,999",70
E5A,"$50,000 to $54,999",60
E5A,"$55,000 to $59,999",40
E5A,"$60,000 to $69,999",80
E5A,"$70,000 to $79,999",40
E5A,"$80,000 to $89,999",30
E5A,"$90,000 to $99,999",10
E5A,"$100,000 to $149,999",30
E5A,"$150,000 to $249,999",10
E5A,"$250,000 and over",0
E5B,"Under $5,000",150
E5B,"$5,000 to $9,999",160
E5B,"$10,000 to $14,999",160
E5B,"$15,000 to $19,999",210
E5B,"$20,000 to $24,999",210
E5B,"$25,000 to $29,999",190
E5B,"$30,000 to $34,999",150
E5B,"$35,000 to $39,999",170
E5B,"$40,000 to $44,999",140
E5B,"$45,000 to $49,999",140
E5B,"$50,000 to $54,999",130
E5B,"$55,000 to $59,999",80
E5B,"$60,000 to $69,999",160
E5B,"$70,000 to $79,999",140
E5B,"$80,000 to $89,999",110
E5B,"$90,000 to $99,999",70
E5B,"$100,000 to $149,999",160
E5B,"$150,000 to $249,999",50
E5B,"$250,000 and over",30
E5C,"Under $5,000",210
E5C,"$5,000 to $9,999",240
E5C,"$10,000 to $14,999",220
E5C,"$15,000 to $19,999",280
E5C,"$20,000 to $24,999",340
E5C,"$25,000 to $29,999",240
E5C,"$30,000 to $34,999",260
E5C,"$35,000 to $39,999",270
E5C,"$40,000 to $44,999",240
E5C,"$45,000 to $49,999",200
E5C,"$50,000 to $54,999",150
E5C,"$55,000 to $59,999",130
E5C,"$60,000 to $69,999",170
E5C,"$70,000 to $79,999",140
E5C,"$80,000 to $89,999",110
E5C,"$90,000 to $99,999",70
E5C,"$100,000 to $149,999",150
E5C,"$150,000 to $249,999",50
E5C,"$250,000 and over",10
E5E,"Under $5,000",0
E5E,"$5,000 to $9,999",0
E5E,"$10,000 to $14,999",0
E5E,"$15,000 to $19,999",0
E5E,"$20,000 to $24,999",0
E5E,"$25,000 to $29,999",0
E5E,"$30,000 to $34,999",0
E5E,"$35,000 to $39,999",0
E5E,"$40,000 to $44,999",0
E5E,"$45,000 to $49,999",0
E5E,"$50,000 to $54,999",0
E5E,"$55,000 to $59,999",0
E5E,"$60,000 to $69,999",0
E5E,"$70,000 to $79,999",0
E5E,"$80,000 to $89,999",0
E5E,"$90,000 to $99,999",0
E5E,"$100,000 to $149,999",0
E5E,"$150,000 to $249,999",0
E5E,"$250,000 and over",0
E5G,"Under $5,000",150
E5G,"$5,000 to $9,999",110
E5G,"$10,000 to $14,999",130
E5G,"$15,000 to $19,999",180
E5G,"$20,000 to $24,999",200
E5G,"$25,000 to $29,999",150
E5G,"$30,000 to $34,999",130
E5G,"$35,000 to $39,999",110
E5G,"$40,000 to $44,999",120
E5G,"$45,000 to $49,999",90
E5G,"$50,000 to $54,999",70
E5G,"$55,000 to $59,999",70
E5G,"$60,000 to $69,999",90
E5G,"$70,000 to $79,999",100
E5G,"$80,000 to $89,999",70
E5G,"$90,000 to $99,999",40
E5G,"$100,000 to $149,999",170
E5G,"$150,000 to $249,999",90
E5G,"$250,000 and over",20
E5H,"Under $5,000",130
E5H,"$5,000 to $9,999",190
E5H,"$10,000 to $14,999",160
E5H,"$15,000 to $19,999",180
E5H,"$20,000 to $24,999",250
E5H,"$25,000 to $29,999",190
E5H,"$30,000 to $34,999",180
E5H,"$35,000 to $39,999",200
E5H,"$40,000 to $44,999",170
E5H,"$45,000 to $49,999",120
E5H,"$50,000 to $54,999",110
E5H,"$55,000 to $59,999",70
E5H,"$60,000 to $69,999",120
E5H,"$70,000 to $79,999",100
E5H,"$80,000 to $89,999",70
E5H,"$90,000 to $99,999",30
E5H,"$100,000 to $149,999",90
E5H,"$150,000 to $249,999",20
E5H,"$250,000 and over",10
E5J,"Under $5,000",90
E5J,"$5,000 to $9,999",100
E5J,"$10,000 to $14,999",90
E5J,"$15,000 to $19,999",130
E5J,"$20,000 to $24,999",130
E5J,"$25,000 to $29,999",90
E5J,"$30,000 to $34,999",100
E5J,"$35,000 to $39,999",110
E5J,"$40,000 to $44,999",90
E5J,"$45,000 to $49,999",90
E5J,"$50,000 to $54,999",90
E5J,"$55,000 to $59,999",80
E5J,"$60,000 to $69,999",110
E5J,"$70,000 to $79,999",90
E5J,"$80,000 to $89,999",60
E5J,"$90,000 to $99,999",50
E5J,"$100,000 to $149,999",110
E5J,"$150,000 to $249,999",20
E5J,"$250,000 and over",10
E5K,"Under $5,000",350
E5K,"$5,000 to $9,999",280
E5K,"$10,000 to $14,999",320
E5K,"$15,000 to $19,999",340
E5K,"$20,000 to $24,999",400
E5K,"$25,000 to $29,999",390
E5K,"$30,000 to $34,999",320
E5K,"$35,000 to $39,999",380
E5K,"$40,000 to $44,999",360
E5K,"$45,000 to $49,999",370
E5K,"$50,000 to $54,999",280
E5K,"$55,000 to $59,999",240
E5K,"$60,000 to $69,999",390
E5K,"$70,000 to $79,999",360
E5K,"$80,000 to $89,999",270
E5K,"$90,000 to $99,999",170
E5K,"$100,000 to $149,999",400
E5K,"$150,000 to $249,999",130
E5K,"$250,000 and over",30
E5L,"Under $5,000",200
E5L,"$5,000 to $9,999",170
E5L,"$10,000 to $14,999",180
E5L,"$15,000 to $19,999",190
E5L,"$20,000 to $24,999",220
E5L,"$25,000 to $29,999",180
E5L,"$30,000 to $34,999",180
E5L,"$35,000 to $39,999",170
E5L,"$40,000 to $44,999",140
E5L,"$45,000 to $49,999",140
E5L,"$50,000 to $54,999",120
E5L,"$55,000 to $59,999",80
E5L,"$60,000 to $69,999",110
E5L,"$70,000 to $79,999",80
E5L,"$80,000 to $89,999",50
E5L,"$90,000 to $99,999",30
E5L,"$100,000 to $149,999",50
E5L,"$150,000 to $249,999",20
E5L,"$250,000 and over",0
E5M,"Under $5,000",120
E5M,"$5,000 to $9,999",110
E5M,"$10,000 to $14,999",120
E5M,"$15,000 to $19,999",170
E5M,"$20,000 to $24,999",150
E5M,"$25,000 to $29,999",130
E5M,"$30,000 to $34,999",100
E5M,"$35,000 to $39,999",110
E5M,"$40,000 to $44,999",100
E5M,"$45,000 to $49,999",90
E5M,"$50,000 to $54,999",70
E5M,"$55,000 to $59,999",50
E5M,"$60,000 to $69,999",110
E5M,"$70,000 to $79,999",70
E5M,"$80,000 to $89,999",60
E5M,"$90,000 to $99,999",40
E5M,"$100,000 to $149,999",60
E5M,"$150,000 to $249,999",20
E5M,"$250,000 and over",0
E5N,"Under $5,000",590
E5N,"$5,000 to $9,999",600
E5N,"$10,000 to $14,999",660
E5N,"$15,000 to $19,999",740
E5N,"$20,000 to $24,999",790
E5N,"$25,000 to $29,999",650
E5N,"$30,000 to $34,999",570
E5N,"$35,000 to $39,999",590
E5N,"$40,000 to $44,999",570
E5N,"$45,000 to $49,999",490
E5N,"$50,000 to $54,999",440
E5N,"$55,000 to $59,999",380
E5N,"$60,000 to $69,999",620
E5N,"$70,000 to $79,999",470
E5N,"$80,000 to $89,999",390
E5N,"$90,000 to $99,999",260
E5N,"$100,000 to $149,999",570
E5N,"$150,000 to $249,999",160
E5N,"$250,000 and over",40
E5P,"Under $5,000",160
E5P,"$5,000 to $9,999",140
E5P,"$10,000 to $14,999",170
E5P,"$15,000 to $19,999",190
E5P,"$20,000 to $24,999",210
E5P,"$25,000 to $29,999",160
E5P,"$30,000 to $34,999",130
E5P,"$35,000 to $39,999",140
E5P,"$40,000 to $44,999",120
E5P,"$45,000 to $49,999",120
E5P,"$50,000 to $54,999",100
E5P,"$55,000 to $59,999",60
E5P,"$60,000 to $69,999",120
E5P,"$70,000 to $79,999",70
E5P,"$80,000 to $89,999",60
E5P,"$90,000 to $99,999",30
E5P,"$100,000 to $149,999",80
E5P,"$150,000 to $249,999",30
E5P,"$250,000 and over",10
E5R,"Under $5,000",80
E5R,"$5,000 to $9,999",80
E5R,"$10,000 to $14,999",100
E5R,"$15,000 to $19,999",140
E5R,"$20,000 to $24,999",150
E5R,"$25,000 to $29,999",100
E5R,"$30,000 to $34,999",70
E5R,"$35,000 to $39,999",80
E5R,"$40,000 to $44,999",80
E5R,"$45,000 to $49,999",70
E5R,"$50,000 to $54,999",50
E5R,"$55,000 to $59,999",50
E5R,"$60,000 to $69,999",70
E5R,"$70,000 to $79,999",40
E5R,"$80,000 to $89,999",50
E5R,"$90,000 to $99,999",10
E5R,"$100,000 to $149,999",60
E5R,"$150,000 to $249,999",10
E5R,"$250,000 and over",0
E5S,"Under $5,000",80
E5S,"$5,000 to $9,999",70
E5S,"$10,000 to $14,999",90
E5S,"$15,000 to $19,999",120
E5S,"$20,000 to $24,999",140
E5S,"$25,000 to $29,999",100
E5S,"$30,000 to $34,999",110
E5S,"$35,000 to $39,999",90
E5S,"$40,000 to $44,999",110
E5S,"$45,000 to $49,999",110
E5S,"$50,000 to $54,999",80
E5S,"$55,000 to $59,999",50
E5S,"$60,000 to $69,999",80
E5S,"$70,000 to $79,999",60
E5S,"$80,000 to $89,999",60
E5S,"$90,000 to $99,999",40
E5S,"$100,000 to $149,999",90
E5S,"$150,000 to $249,999",20
E5S,"$250,000 and over",10
E5T,"Under $5,000",190
E5T,"$5,000 to $9,999",160
E5T,"$10,000 to $14,999",200
E5T,"$15,000 to $19,999",250
E5T,"$20,000 to $24,999",250
E5T,"$25,000 to $29,999",170
E5T,"$30,000 to $34,999",160
E5T,"$35,000 to $39,999",170
E5T,"$40,000 to $44,999",140
E5T,"$45,000 to $49,999",120
E5T,"$50,000 to $54,999",100
E5T,"$55,000 to $59,999",90
E5T,"$60,000 to $69,999",130
E5T,"$70,000 to $79,999",100
E5T,"$80,000 to $89,999",70
E5T,"$90,000 to $99,999",40
E5T,"$100,000 to $149,999",90
E5T,"$150,000 to $249,999",20
E5T,"$250,000 and over",10
E5V,"Under $5,000",40
E5V,"$5,000 to $9,999",30
E5V,"$10,000 to $14,999",30
E5V,"$15,000 to $19,999",60
E5V,"$20,000 to $24,999",60
E5V,"$25,000 to $29,999",30
E5V,"$30,000 to $34,999",40
E5V,"$35,000 to $39,999",40
E5V,"$40,000 to $44,999",40
E5V,"$45,000 to $49,999",40
E5V,"$50,000 to $54,999",20
E5V,"$55,000 to $59,999",20
E5V,"$60,000 to $69,999",30
E5V,"$70,000 to $79,999",30
E5V,"$80,000 to $89,999",20
E5V,"$90,000 to $99,999",20
E5V,"$100,000 to $149,999",40
E5V,"$150,000 to $249,999",20
E5V,"$250,000 and over",0
E6A,"Under $5,000",100
E6A,"$5,000 to $9,999",80
E6A,"$10,000 to $14,999",80
E6A,"$15,000 to $19,999",120
E6A,"$20,000 to $24,999",100
E6A,"$25,000 to $29,999",60
E6A,"$30,000 to $34,999",70
E6A,"$35,000 to $39,999",70
E6A,"$40,000 to $44,999",60
E6A,"$45,000 to $49,999",60
E6A,"$50,000 to $54,999",50
E6A,"$55,000 to $59,999",50
E6A,"$60,000 to $69,999",40
E6A,"$70,000 to $79,999",30
E6A,"$80,000 to $89,999",20
E6A,"$90,000 to $99,999",10
E6A,"$100,000 to $149,999",20
E6A,"$150,000 to $249,999",0
E6A,"$250,000 and over",0
E6B,"Under $5,000",100
E6B,"$5,000 to $9,999",90
E6B,"$10,000 to $14,999",110
E6B,"$15,000 to $19,999",130
E6B,"$20,000 to $24,999",130
E6B,"$25,000 to $29,999",90
E6B,"$30,000 to $34,999",90
E6B,"$35,000 to $39,999",100
E6B,"$40,000 to $44,999",90
E6B,"$45,000 to $49,999",70
E6B,"$50,000 to $54,999",50
E6B,"$55,000 to $59,999",40
E6B,"$60,000 to $69,999",50
E6B,"$70,000 to $79,999",40
E6B,"$80,000 to $89,999",30
E6B,"$90,000 to $99,999",20
E6B,"$100,000 to $149,999",30
E6B,"$150,000 to $249,999",10
E6B,"$250,000 and over",0
E6C,"Under $5,000",130
E6C,"$5,000 to $9,999",120
E6C,"$10,000 to $14,999",130
E6C,"$15,000 to $19,999",150
E6C,"$20,000 to $24,999",140
E6C,"$25,000 to $29,999",130
E6C,"$30,000 to $34,999",130
E6C,"$35,000 to $39,999",130
E6C,"$40,000 to $44,999",120
E6C,"$45,000 to $49,999",100
E6C,"$50,000 to $54,999",70
E6C,"$55,000 to $59,999",80
E6C,"$60,000 to $69,999",90
E6C,"$70,000 to $79,999",80
E6C,"$80,000 to $89,999",50
E6C,"$90,000 to $99,999",40
E6C,"$100,000 to $149,999",40
E6C,"$150,000 to $249,999",10
E6C,"$250,000 and over",0
E6E,"Under $5,000",110
E6E,"$5,000 to $9,999",90
E6E,"$10,000 to $14,999",90
E6E,"$15,000 to $19,999",120
E6E,"$20,000 to $24,999",130
E6E,"$25,000 to $29,999",90
E6E,"$30,000 to $34,999",90
E6E,"$35,000 to $39,999",80
E6E,"$40,000 to $44,999",70
E6E,"$45,000 to $49,999",50
E6E,"$50,000 to $54,999",50
E6E,"$55,000 to $59,999",30
E6E,"$60,000 to $69,999",50
E6E,"$70,000 to $79,999",30
E6E,"$80,000 to $89,999",20
E6E,"$90,000 to $99,999",20
E6E,"$100,000 to $149,999",30
E6E,"$150,000 to $249,999",10
E6E,"$250,000 and over",0
E6G,"Under $5,000",150
E6G,"$5,000 to $9,999",120
E6G,"$10,000 to $14,999",160
E6G,"$15,000 to $19,999",190
E6G,"$20,000 to $24,999",210
E6G,"$25,000 to $29,999",180
E6G,"$30,000 to $34,999",130
E6G,"$35,000 to $39,999",140
E6G,"$40,000 to $44,999",130
E6G,"$45,000 to $49,999",120
E6G,"$50,000 to $54,999",90
E6G,"$55,000 to $59,999",70
E6G,"$60,000 to $69,999",110
E6G,"$70,000 to $79,999",90
E6G,"$80,000 to $89,999",80
E6G,"$90,000 to $99,999",60
E6G,"$100,000 to $149,999",120
E6G,"$150,000 to $249,999",20
E6G,"$250,000 and over",10
E6H,"Under $5,000",80
E6H,"$5,000 to $9,999",70
E6H,"$10,000 to $14,999",70
E6H,"$15,000 to $19,999",110
E6H,"$20,000 to $24,999",110
E6H,"$25,000 to $29,999",80
E6H,"$30,000 to $34,999",70
E6H,"$35,000 to $39,999",70
E6H,"$40,000 to $44,999",60
E6H,"$45,000 to $49,999",50
E6H,"$50,000 to $54,999",50
E6H,"$55,000 to $59,999",30
E6H,"$60,000 to $69,999",50
E6H,"$70,000 to $79,999",30
E6H,"$80,000 to $89,999",30
E6H,"$90,000 to $99,999",20
E6H,"$100,000 to $149,999",40
E6H,"$150,000 to $249,999",10
E6H,"$250,000 and over",10
E6J,"Under $5,000",70
E6J,"$5,000 to $9,999",80
E6J,"$10,000 to $14,999",80
E6J,"$15,000 to $19,999",100
E6J,"$20,000 to $24,999",100
E6J,"$25,000 to $29,999",100
E6J,"$30,000 to $34,999",70
E6J,"$35,000 to $39,999",70
E6J,"$40,000 to $44,999",50
E6J,"$45,000 to $49,999",40
E6J,"$50,000 to $54,999",50
E6J,"$55,000 to $59,999",30
E6J,"$60,000 to $69,999",60
E6J,"$70,000 to $79,999",30
E6J,"$80,000 to $89,999",20
E6J,"$90,000 to $99,999",20
E6J,"$100,000 to $149,999",30
E6J,"$150,000 to $249,999",10
E6J,"$250,000 and over",0
E6K,"Under $5,000",190
E6K,"$5,000 to $9,999",180
E6K,"$10,000 to $14,999",180
E6K,"$15,000 to $19,999",260
E6K,"$20,000 to $24,999",270
E6K,"$25,000 to $29,999",200
E6K,"$30,000 to $34,999",230
E6K,"$35,000 to $39,999",230
E6K,"$40,000 to $44,999",180
E6K,"$45,000 to $49,999",200
E6K,"$50,000 to $54,999",150
E6K,"$55,000 to $59,999",110
E6K,"$60,000 to $69,999",200
E6K,"$70,000 to $79,999",110
E6K,"$80,000 to $89,999",110
E6K,"$90,000 to $99,999",60
E6K,"$100,000 to $149,999",140
E6K,"$150,000 to $249,999",30
E6K,"$250,000 and over",10
E6L,"Under $5,000",290
E6L,"$5,000 to $9,999",210
E6L,"$10,000 to $14,999",280
E6L,"$15,000 to $19,999",330
E6L,"$20,000 to $24,999",330
E6L,"$25,000 to $29,999",260
E6L,"$30,000 to $34,999",260
E6L,"$35,000 to $39,999",240
E6L,"$40,000 to $44,999",260
E6L,"$45,000 to $49,999",210
E6L,"$50,000 to $54,999",180
E6L,"$55,000 to $59,999",140
E6L,"$60,000 to $69,999",260
E6L,"$70,000 to $79,999",160
E6L,"$80,000 to $89,999",130
E6L,"$90,000 to $99,999",60
E6L,"$100,000 to $149,999",140
E6L,"$150,000 to $249,999",50
E6L,"$250,000 and over",10
E7A,"Under $5,000",160
E7A,"$5,000 to $9,999",190
E7A,"$10,000 to $14,999",260
E7A,"$15,000 to $19,999",310
E7A,"$20,000 to $24,999",360
E7A,"$25,000 to $29,999",290
E7A,"$30,000 to $34,999",240
E7A,"$35,000 to $39,999",250
E7A,"$40,000 to $44,999",230
E7A,"$45,000 to $49,999",180
E7A,"$50,000 to $54,999",150
E7A,"$55,000 to $59,999",110
E7A,"$60,000 to $69,999",160
E7A,"$70,000 to $79,999",90
E7A,"$80,000 to $89,999",70
E7A,"$90,000 to $99,999",40
E7A,"$100,000 to $149,999",70
E7A,"$150,000 to $249,999",20
E7A,"$250,000 and over",10
E7B,"Under $5,000",220
E7B,"$5,000 to $9,999",310
E7B,"$10,000 to $14,999",410
E7B,"$15,000 to $19,999",470
E7B,"$20,000 to $24,999",530
E7B,"$25,000 to $29,999",390
E7B,"$30,000 to $34,999",340
E7B,"$35,000 to $39,999",350
E7B,"$40,000 to $44,999",320
E7B,"$45,000 to $49,999",280
E7B,"$50,000 to $54,999",230
E7B,"$55,000 to $59,999",230
E7B,"$60,000 to $69,999",290
E7B,"$70,000 to $79,999",230
E7B,"$80,000 to $89,999",150
E7B,"$90,000 to $99,999",90
E7B,"$100,000 to $149,999",150
E7B,"$150,000 to $249,999",30
E7B,"$250,000 and over",10
E7C,"Under $5,000",260
E7C,"$5,000 to $9,999",280
E7C,"$10,000 to $14,999",330
E7C,"$15,000 to $19,999",460
E7C,"$20,000 to $24,999",450
E7C,"$25,000 to $29,999",350
E7C,"$30,000 to $34,999",310
E7C,"$35,000 to $39,999",330
E7C,"$40,000 to $44,999",290
E7C,"$45,000 to $49,999",270
E7C,"$50,000 to $54,999",200
E7C,"$55,000 to $59,999",150
E7C,"$60,000 to $69,999",250
E7C,"$70,000 to $79,999",150
E7C,"$80,000 to $89,999",160
E7C,"$90,000 to $99,999",70
E7C,"$100,000 to $149,999",130
E7C,"$150,000 to $249,999",30
E7C,"$250,000 and over",10
E7E,"Under $5,000",210
E7E,"$5,000 to $9,999",250
E7E,"$10,000 to $14,999",330
E7E,"$15,000 to $19,999",390
E7E,"$20,000 to $24,999",390
E7E,"$25,000 to $29,999",270
E7E,"$30,000 to $34,999",240
E7E,"$35,000 to $39,999",280
E7E,"$40,000 to $44,999",230
E7E,"$45,000 to $49,999",200
E7E,"$50,000 to $54,999",160
E7E,"$55,000 to $59,999",130
E7E,"$60,000 to $69,999",190
E7E,"$70,000 to $79,999",140
E7E,"$80,000 to $89,999",90
E7E,"$90,000 to $99,999",50
E7E,"$100,000 to $149,999",70
E7E,"$150,000 to $249,999",10
E7E,"$250,000 and over",10
E7G,"Under $5,000",250
E7G,"$5,000 to $9,999",250
E7G,"$10,000 to $14,999",310
E7G,"$15,000 to $19,999",380
E7G,"$20,000 to $24,999",360
E7G,"$25,000 to $29,999",290
E7G,"$30,000 to $34,999",210
E7G,"$35,000 to $39,999",190
E7G,"$40,000 to $44,999",150
E7G,"$45,000 to $49,999",170
E7G,"$50,000 to $54,999",120
E7G,"$55,000 to $59,999",120
E7G,"$60,000 to $69,999",140
E7G,"$70,000 to $79,999",90
E7G,"$80,000 to $89,999",60
E7G,"$90,000 to $99,999",40
E7G,"$100,000 to $149,999",50
E7G,"$150,000 to $249,999",10
E7G,"$250,000 and over",0
E7H,"Under $5,000",800
E7H,"$5,000 to $9,999",340
E7H,"$10,000 to $14,999",360
E7H,"$15,000 to $19,999",480
E7H,"$20,000 to $24,999",470
E7H,"$25,000 to $29,999",320
E7H,"$30,000 to $34,999",310
E7H,"$35,000 to $39,999",250
E7H,"$40,000 to $44,999",220
E7H,"$45,000 to $49,999",200
E7H,"$50,000 to $54,999",150
E7H,"$55,000 to $59,999",100
E7H,"$60,000 to $69,999",160
E7H,"$70,000 to $79,999",110
E7H,"$80,000 to $89,999",70
E7H,"$90,000 to $99,999",40
E7H,"$100,000 to $149,999",100
E7H,"$150,000 to $249,999",30
E7H,"$250,000 and over",10
E7J,"Under $5,000",130
E7J,"$5,000 to $9,999",100
E7J,"$10,000 to $14,999",120
E7J,"$15,000 to $19,999",160
E7J,"$20,000 to $24,999",170
E7J,"$25,000 to $29,999",110
E7J,"$30,000 to $34,999",120
E7J,"$35,000 to $39,999",130
E7J,"$40,000 to $44,999",120
E7J,"$45,000 to $49,999",80
E7J,"$50,000 to $54,999",80
E7J,"$55,000 to $59,999",60
E7J,"$60,000 to $69,999",80
E7J,"$70,000 to $79,999",50
E7J,"$80,000 to $89,999",40
E7J,"$90,000 to $99,999",20
E7J,"$100,000 to $149,999",30
E7J,"$150,000 to $249,999",20
E7J,"$250,000 and over",0
E7K,"Under $5,000",150
E7K,"$5,000 to $9,999",150
E7K,"$10,000 to $14,999",160
E7K,"$15,000 to $19,999",160
E7K,"$20,000 to $24,999",230
E7K,"$25,000 to $29,999",140
E7K,"$30,000 to $34,999",120
E7K,"$35,000 to $39,999",160
E7K,"$40,000 to $44,999",140
E7K,"$45,000 to $49,999",110
E7K,"$50,000 to $54,999",100
E7K,"$55,000 to $59,999",50
E7K,"$60,000 to $69,999",80
E7K,"$70,000 to $79,999",60
E7K,"$80,000 to $89,999",40
E7K,"$90,000 to $99,999",20
E7K,"$100,000 to $149,999",40
E7K,"$150,000 to $249,999",20
E7K,"$250,000 and over",0
E7L,"Under $5,000",320
E7L,"$5,000 to $9,999",310
E7L,"$10,000 to $14,999",340
E7L,"$15,000 to $19,999",400
E7L,"$20,000 to $24,999",410
E7L,"$25,000 to $29,999",300
E7L,"$30,000 to $34,999",260
E7L,"$35,000 to $39,999",310
E7L,"$40,000 to $44,999",250
E7L,"$45,000 to $49,999",230
E7L,"$50,000 to $54,999",170
E7L,"$55,000 to $59,999",170
E7L,"$60,000 to $69,999",220
E7L,"$70,000 to $79,999",150
E7L,"$80,000 to $89,999",150
E7L,"$90,000 to $99,999",60
E7L,"$100,000 to $149,999",140
E7L,"$150,000 to $249,999",40
E7L,"$250,000 and over",30
E7M,"Under $5,000",730
E7M,"$5,000 to $9,999",670
E7M,"$10,000 to $14,999",630
E7M,"$15,000 to $19,999",700
E7M,"$20,000 to $24,999",780
E7M,"$25,000 to $29,999",600
E7M,"$30,000 to $34,999",550
E7M,"$35,000 to $39,999",570
E7M,"$40,000 to $44,999",480
E7M,"$45,000 to $49,999",440
E7M,"$50,000 to $54,999",360
E7M,"$55,000 to $59,999",260
E7M,"$60,000 to $69,999",450
E7M,"$70,000 to $79,999",270
E7M,"$80,000 to $89,999",260
E7M,"$90,000 to $99,999",170
E7M,"$100,000 to $149,999",290
E7M,"$150,000 to $249,999",100
E7M,"$250,000 and over",50
E7N,"Under $5,000",190
E7N,"$5,000 to $9,999",200
E7N,"$10,000 to $14,999",190
E7N,"$15,000 to $19,999",230
E7N,"$20,000 to $24,999",220
E7N,"$25,000 to $29,999",170
E7N,"$30,000 to $34,999",160
E7N,"$35,000 to $39,999",190
E7N,"$40,000 to $44,999",180
E7N,"$45,000 to $49,999",130
E7N,"$50,000 to $54,999",100
E7N,"$55,000 to $59,999",90
E7N,"$60,000 to $69,999",120
E7N,"$70,000 to $79,999",80
E7N,"$80,000 to $89,999",70
E7N,"$90,000 to $99,999",40
E7N,"$100,000 to $149,999",90
E7N,"$150,000 to $249,999",30
E7N,"$250,000 and over",10
E7P,"Under $5,000",210
E7P,"$5,000 to $9,999",230
E7P,"$10,000 to $14,999",230
E7P,"$15,000 to $19,999",290
E7P,"$20,000 to $24,999",290
E7P,"$25,000 to $29,999",180
E7P,"$30,000 to $34,999",170
E7P,"$35,000 to $39,999",200
E7P,"$40,000 to $44,999",170
E7P,"$45,000 to $49,999",180
E7P,"$50,000 to $54,999",160
E7P,"$55,000 to $59,999",120
E7P,"$60,000 to $69,999",150
E7P,"$70,000 to $79,999",110
E7P,"$80,000 to $89,999",60
E7P,"$90,000 to $99,999",40
E7P,"$100,000 to $149,999",70
E7P,"$150,000 to $249,999",30
E7P,"$250,000 and over",20
E8A,"Under $5,000",130
E8A,"$5,000 to $9,999",210
E8A,"$10,000 to $14,999",270
E8A,"$15,000 to $19,999",310
E8A,"$20,000 to $24,999",350
E8A,"$25,000 to $29,999",250
E8A,"$30,000 to $34,999",220
E8A,"$35,000 to $39,999",230
E8A,"$40,000 to $44,999",250
E8A,"$45,000 to $49,999",210
E8A,"$50,000 to $54,999",140
E8A,"$55,000 to $59,999",110
E8A,"$60,000 to $69,999",150
E8A,"$70,000 to $79,999",100
E8A,"$80,000 to $89,999",80
E8A,"$90,000 to $99,999",40
E8A,"$100,000 to $149,999",50
E8A,"$150,000 to $249,999",20
E8A,"$250,000 and over",10
E8B,"Under $5,000",100
E8B,"$5,000 to $9,999",140
E8B,"$10,000 to $14,999",170
E8B,"$15,000 to $19,999",230
E8B,"$20,000 to $24,999",270
E8B,"$25,000 to $29,999",170
E8B,"$30,000 to $34,999",160
E8B,"$35,000 to $39,999",160
E8B,"$40,000 to $44,999",140
E8B,"$45,000 to $49,999",120
E8B,"$50,000 to $54,999",80
E8B,"$55,000 to $59,999",70
E8B,"$60,000 to $69,999",110
E8B,"$70,000 to $79,999",60
E8B,"$80,000 to $89,999",30
E8B,"$90,000 to $99,999",20
E8B,"$100,000 to $149,999",20
E8B,"$150,000 to $249,999",10
E8B,"$250,000 and over",0
E8C,"Under $5,000",310
E8C,"$5,000 to $9,999",230
E8C,"$10,000 to $14,999",230
E8C,"$15,000 to $19,999",280
E8C,"$20,000 to $24,999",400
E8C,"$25,000 to $29,999",240
E8C,"$30,000 to $34,999",210
E8C,"$35,000 to $39,999",210
E8C,"$40,000 to $44,999",180
E8C,"$45,000 to $49,999",150
E8C,"$50,000 to $54,999",110
E8C,"$55,000 to $59,999",100
E8C,"$60,000 to $69,999",120
E8C,"$70,000 to $79,999",60
E8C,"$80,000 to $89,999",70
E8C,"$90,000 to $99,999",30
E8C,"$100,000 to $149,999",50
E8C,"$150,000 to $249,999",20
E8C,"$250,000 and over",0
E8E,"Under $5,000",220
E8E,"$5,000 to $9,999",250
E8E,"$10,000 to $14,999",310
E8E,"$15,000 to $19,999",390
E8E,"$20,000 to $24,999",470
E8E,"$25,000 to $29,999",350
E8E,"$30,000 to $34,999",350
E8E,"$35,000 to $39,999",350
E8E,"$40,000 to $44,999",310
E8E,"$45,000 to $49,999",270
E8E,"$50,000 to $54,999",230
E8E,"$55,000 to $59,999",160
E8E,"$60,000 to $69,999",230
E8E,"$70,000 to $79,999",170
E8E,"$80,000 to $89,999",170
E8E,"$90,000 to $99,999",70
E8E,"$100,000 to $149,999",130
E8E,"$150,000 to $249,999",40
E8E,"$250,000 and over",10
E8G,"Under $5,000",170
E8G,"$5,000 to $9,999",240
E8G,"$10,000 to $14,999",240
E8G,"$15,000 to $19,999",340
E8G,"$20,000 to $24,999",230
E8G,"$25,000 to $29,999",190
E8G,"$30,000 to $34,999",180
E8G,"$35,000 to $39,999",160
E8G,"$40,000 to $44,999",120
E8G,"$45,000 to $49,999",90
E8G,"$50,000 to $54,999",70
E8G,"$55,000 to $59,999",50
E8G,"$60,000 to $69,999",70
E8G,"$70,000 to $79,999",40
E8G,"$80,000 to $89,999",40
E8G,"$90,000 to $99,999",20
E8G,"$100,000 to $149,999",50
E8G,"$150,000 to $249,999",20
E8G,"$250,000 and over",0
E8J,"Under $5,000",270
E8J,"$5,000 to $9,999",300
E8J,"$10,000 to $14,999",380
E8J,"$15,000 to $19,999",530
E8J,"$20,000 to $24,999",540
E8J,"$25,000 to $29,999",380
E8J,"$30,000 to $34,999",380
E8J,"$35,000 to $39,999",390
E8J,"$40,000 to $44,999",330
E8J,"$45,000 to $49,999",260
E8J,"$50,000 to $54,999",230
E8J,"$55,000 to $59,999",160
E8J,"$60,000 to $69,999",240
E8J,"$70,000 to $79,999",190
E8J,"$80,000 to $89,999",130
E8J,"$90,000 to $99,999",70
E8J,"$100,000 to $149,999",130
E8J,"$150,000 to $249,999",40
E8J,"$250,000 and over",10
E8K,"Under $5,000",390
E8K,"$5,000 to $9,999",450
E8K,"$10,000 to $14,999",580
E8K,"$15,000 to $19,999",780
E8K,"$20,000 to $24,999",740
E8K,"$25,000 to $29,999",570
E8K,"$30,000 to $34,999",560
E8K,"$35,000 to $39,999",520
E8K,"$40,000 to $44,999",470
E8K,"$45,000 to $49,999",410
E8K,"$50,000 to $54,999",310
E8K,"$55,000 to $59,999",250
E8K,"$60,000 to $69,999",400
E8K,"$70,000 to $79,999",300
E8K,"$80,000 to $89,999",270
E8K,"$90,000 to $99,999",120
E8K,"$100,000 to $149,999",260
E8K,"$150,000 to $249,999",80
E8K,"$250,000 and over",30
E8L,"Under $5,000",130
E8L,"$5,000 to $9,999",140
E8L,"$10,000 to $14,999",210
E8L,"$15,000 to $19,999",290
E8L,"$20,000 to $24,999",210
E8L,"$25,000 to $29,999",150
E8L,"$30,000 to $34,999",150
E8L,"$35,000 to $39,999",170
E8L,"$40,000 to $44,999",150
E8L,"$45,000 to $49,999",100
E8L,"$50,000 to $54,999",70
E8L,"$55,000 to $59,999",80
E8L,"$60,000 to $69,999",80
E8L,"$70,000 to $79,999",50
E8L,"$80,000 to $89,999",50
E8L,"$90,000 to $99,999",20
E8L,"$100,000 to $149,999",50
E8L,"$150,000 to $249,999",10
E8L,"$250,000 and over",0
E8M,"Under $5,000",100
E8M,"$5,000 to $9,999",150
E8M,"$10,000 to $14,999",160
E8M,"$15,000 to $19,999",250
E8M,"$20,000 to $24,999",190
E8M,"$25,000 to $29,999",140
E8M,"$30,000 to $34,999",130
E8M,"$35,000 to $39,999",150
E8M,"$40,000 to $44,999",100
E8M,"$45,000 to $49,999",80
E8M,"$50,000 to $54,999",60
E8M,"$55,000 to $59,999",40
E8M,"$60,000 to $69,999",60
E8M,"$70,000 to $79,999",50
E8M,"$80,000 to $89,999",50
E8M,"$90,000 to $99,999",30
E8M,"$100,000 to $149,999",40
E8M,"$150,000 to $249,999",10
E8M,"$250,000 and over",0
E8N,"Under $5,000",80
E8N,"$5,000 to $9,999",130
E8N,"$10,000 to $14,999",200
E8N,"$15,000 to $19,999",340
E8N,"$20,000 to $24,999",280
E8N,"$25,000 to $29,999",180
E8N,"$30,000 to $34,999",160
E8N,"$35,000 to $39,999",190
E8N,"$40,000 to $44,999",150
E8N,"$45,000 to $49,999",90
E8N,"$50,000 to $54,999",60
E8N,"$55,000 to $59,999",60
E8N,"$60,000 to $69,999",70
E8N,"$70,000 to $79,999",70
E8N,"$80,000 to $89,999",50
E8N,"$90,000 to $99,999",20
E8N,"$100,000 to $149,999",40
E8N,"$150,000 to $249,999",10
E8N,"$250,000 and over",0
E8P,"Under $5,000",140
E8P,"$5,000 to $9,999",230
E8P,"$10,000 to $14,999",270
E8P,"$15,000 to $19,999",420
E8P,"$20,000 to $24,999",300
E8P,"$25,000 to $29,999",250
E8P,"$30,000 to $34,999",250
E8P,"$35,000 to $39,999",260
E8P,"$40,000 to $44,999",190
E8P,"$45,000 to $49,999",150
E8P,"$50,000 to $54,999",110
E8P,"$55,000 to $59,999",100
E8P,"$60,000 to $69,999",110
E8P,"$70,000 to $79,999",70
E8P,"$80,000 to $89,999",60
E8P,"$90,000 to $99,999",50
E8P,"$100,000 to $149,999",100
E8P,"$150,000 to $249,999",20
E8P,"$250,000 and over",0
E8R,"Under $5,000",180
E8R,"$5,000 to $9,999",250
E8R,"$10,000 to $14,999",270
E8R,"$15,000 to $19,999",430
E8R,"$20,000 to $24,999",330
E8R,"$25,000 to $29,999",220
E8R,"$30,000 to $34,999",250
E8R,"$35,000 to $39,999",250
E8R,"$40,000 to $44,999",180
E8R,"$45,000 to $49,999",130
E8R,"$50,000 to $54,999",80
E8R,"$55,000 to $59,999",60
E8R,"$60,000 to $69,999",90
E8R,"$70,000 to $79,999",60
E8R,"$80,000 to $89,999",40
E8R,"$90,000 to $99,999",20
E8R,"$100,000 to $149,999",40
E8R,"$150,000 to $249,999",10
E8R,"$250,000 and over",0
E8S,"Under $5,000",170
E8S,"$5,000 to $9,999",290
E8S,"$10,000 to $14,999",360
E8S,"$15,000 to $19,999",530
E8S,"$20,000 to $24,999",380
E8S,"$25,000 to $29,999",300
E8S,"$30,000 to $34,999",300
E8S,"$35,000 to $39,999",370
E8S,"$40,000 to $44,999",260
E8S,"$45,000 to $49,999",190
E8S,"$50,000 to $54,999",150
E8S,"$55,000 to $59,999",100
E8S,"$60,000 to $69,999",180
E8S,"$70,000 to $79,999",130
E8S,"$80,000 to $89,999",130
E8S,"$90,000 to $99,999",80
E8S,"$100,000 to $149,999",130
E8S,"$150,000 to $249,999",70
E8S,"$250,000 and over",30
E8T,"Under $5,000",180
E8T,"$5,000 to $9,999",310
E8T,"$10,000 to $14,999",410
E8T,"$15,000 to $19,999",780
E8T,"$20,000 to $24,999",530
E8T,"$25,000 to $29,999",380
E8T,"$30,000 to $34,999",410
E8T,"$35,000 to $39,999",490
E8T,"$40,000 to $44,999",340
E8T,"$45,000 to $49,999",250
E8T,"$50,000 to $54,999",180
E8T,"$55,000 to $59,999",130
E8T,"$60,000 to $69,999",200
E8T,"$70,000 to $79,999",140
E8T,"$80,000 to $89,999",120
E8T,"$90,000 to $99,999",80
E8T,"$100,000 to $149,999",160
E8T,"$150,000 to $249,999",80
E8T,"$250,000 and over",30
E9A,"Under $5,000",70
E9A,"$5,000 to $9,999",100
E9A,"$10,000 to $14,999",140
E9A,"$15,000 to $19,999",240
E9A,"$20,000 to $24,999",180
E9A,"$25,000 to $29,999",130
E9A,"$30,000 to $34,999",190
E9A,"$35,000 to $39,999",240
E9A,"$40,000 to $44,999",130
E9A,"$45,000 to $49,999",140
E9A,"$50,000 to $54,999",80
E9A,"$55,000 to $59,999",60
E9A,"$60,000 to $69,999",90
E9A,"$70,000 to $79,999",60
E9A,"$80,000 to $89,999",50
E9A,"$90,000 to $99,999",30
E9A,"$100,000 to $149,999",60
E9A,"$150,000 to $249,999",10
E9A,"$250,000 and over",10
E9B,"Under $5,000",120
E9B,"$5,000 to $9,999",150
E9B,"$10,000 to $14,999",170
E9B,"$15,000 to $19,999",250
E9B,"$20,000 to $24,999",180
E9B,"$25,000 to $29,999",130
E9B,"$30,000 to $34,999",130
E9B,"$35,000 to $39,999",130
E9B,"$40,000 to $44,999",120
E9B,"$45,000 to $49,999",90
E9B,"$50,000 to $54,999",100
E9B,"$55,000 to $59,999",80
E9B,"$60,000 to $69,999",110
E9B,"$70,000 to $79,999",50
E9B,"$80,000 to $89,999",60
E9B,"$90,000 to $99,999",30
E9B,"$100,000 to $149,999",40
E9B,"$150,000 to $249,999",10
E9B,"$250,000 and over",0
E9C,"Under $5,000",140
E9C,"$5,000 to $9,999",150
E9C,"$10,000 to $14,999",190
E9C,"$15,000 to $19,999",230
E9C,"$20,000 to $24,999",220
E9C,"$25,000 to $29,999",120
E9C,"$30,000 to $34,999",110
E9C,"$35,000 to $39,999",110
E9C,"$40,000 to $44,999",80
E9C,"$45,000 to $49,999",90
E9C,"$50,000 to $54,999",70
E9C,"$55,000 to $59,999",50
E9C,"$60,000 to $69,999",100
E9C,"$70,000 to $79,999",60
E9C,"$80,000 to $89,999",40
E9C,"$90,000 to $99,999",30
E9C,"$100,000 to $149,999",50
E9C,"$150,000 to $249,999",10
E9C,"$250,000 and over",0
E9E,"Under $5,000",350
E9E,"$5,000 to $9,999",220
E9E,"$10,000 to $14,999",240
E9E,"$15,000 to $19,999",340
E9E,"$20,000 to $24,999",310
E9E,"$25,000 to $29,999",240
E9E,"$30,000 to $34,999",220
E9E,"$35,000 to $39,999",210
E9E,"$40,000 to $44,999",180
E9E,"$45,000 to $49,999",150
E9E,"$50,000 to $54,999",130
E9E,"$55,000 to $59,999",100
E9E,"$60,000 to $69,999",160
E9E,"$70,000 to $79,999",120
E9E,"$80,000 to $89,999",90
E9E,"$90,000 to $99,999",50
E9E,"$100,000 to $149,999",90
E9E,"$150,000 to $249,999",20
E9E,"$250,000 and over",10
E9G,"Under $5,000",780
E9G,"$5,000 to $9,999",300
E9G,"$10,000 to $14,999",380
E9G,"$15,000 to $19,999",550
E9G,"$20,000 to $24,999",370
E9G,"$25,000 to $29,999",300
E9G,"$30,000 to $34,999",330
E9G,"$35,000 to $39,999",370
E9G,"$40,000 to $44,999",220
E9G,"$45,000 to $49,999",170
E9G,"$50,000 to $54,999",110
E9G,"$55,000 to $59,999",90
E9G,"$60,000 to $69,999",150
E9G,"$70,000 to $79,999",90
E9G,"$80,000 to $89,999",80
E9G,"$90,000 to $99,999",40
E9G,"$100,000 to $149,999",70
E9G,"$150,000 to $249,999",20
E9G,"$250,000 and over",0
E9H,"Under $5,000",150
E9H,"$5,000 to $9,999",220
E9H,"$10,000 to $14,999",290
E9H,"$15,000 to $19,999",400
E9H,"$20,000 to $24,999",280
E9H,"$25,000 to $29,999",240
E9H,"$30,000 to $34,999",250
E9H,"$35,000 to $39,999",290
E9H,"$40,000 to $44,999",190
E9H,"$45,000 to $49,999",100
E9H,"$50,000 to $54,999",60
E9H,"$55,000 to $59,999",60
E9H,"$60,000 to $69,999",70
E9H,"$70,000 to $79,999",50
E9H,"$80,000 to $89,999",40
E9H,"$90,000 to $99,999",20
E9H,"$100,000 to $149,999",40
E9H,"$150,000 to $249,999",10
E9H,"$250,000 and over",0
G0A,"Under $5,000",3100
G0A,"$5,000 to $9,999",2930
G0A,"$10,000 to $14,999",4310
G0A,"$15,000 to $19,999",5340
G0A,"$20,000 to $24,999",5540
G0A,"$25,000 to $29,999",4020
G0A,"$30,000 to $34,999",4120
G0A,"$35,000 to $39,999",4440
G0A,"$40,000 to $44,999",4330
G0A,"$45,000 to $49,999",4260
G0A,"$50,000 to $54,999",3520
G0A,"$55,000 to $59,999",3060
G0A,"$60,000 to $69,999",4880
G0A,"$70,000 to $79,999",3890
G0A,"$80,000 to $89,999",2890
G0A,"$90,000 to $99,999",1770
G0A,"$100,000 to $149,999",3390
G0A,"$150,000 to $249,999",1040
G0A,"$250,000 and over",490
G0C,"Under $5,000",2840
G0C,"$5,000 to $9,999",2240
G0C,"$10,000 to $14,999",3870
G0C,"$15,000 to $19,999",4910
G0C,"$20,000 to $24,999",4140
G0C,"$25,000 to $29,999",3020
G0C,"$30,000 to $34,999",2900
G0C,"$35,000 to $39,999",2910
G0C,"$40,000 to $44,999",2520
G0C,"$45,000 to $49,999",2270
G0C,"$50,000 to $54,999",1680
G0C,"$55,000 to $59,999",1330
G0C,"$60,000 to $69,999",1860
G0C,"$70,000 to $79,999",1280
G0C,"$80,000 to $89,999",1080
G0C,"$90,000 to $99,999",570
G0C,"$100,000 to $149,999",1080
G0C,"$150,000 to $249,999",340
G0C,"$250,000 and over",170
G0E,"Under $5,000",230
G0E,"$5,000 to $9,999",270
G0E,"$10,000 to $14,999",410
G0E,"$15,000 to $19,999",570
G0E,"$20,000 to $24,999",530
G0E,"$25,000 to $29,999",320
G0E,"$30,000 to $34,999",270
G0E,"$35,000 to $39,999",240
G0E,"$40,000 to $44,999",250
G0E,"$45,000 to $49,999",210
G0E,"$50,000 to $54,999",170
G0E,"$55,000 to $59,999",140
G0E,"$60,000 to $69,999",170
G0E,"$70,000 to $79,999",100
G0E,"$80,000 to $89,999",70
G0E,"$90,000 to $99,999",60
G0E,"$100,000 to $149,999",90
G0E,"$150,000 to $249,999",20
G0E,"$250,000 and over",10
G0G,"Under $5,000",2260
G0G,"$5,000 to $9,999",630
G0G,"$10,000 to $14,999",840
G0G,"$15,000 to $19,999",900
G0G,"$20,000 to $24,999",780
G0G,"$25,000 to $29,999",620
G0G,"$30,000 to $34,999",750
G0G,"$35,000 to $39,999",780
G0G,"$40,000 to $44,999",610
G0G,"$45,000 to $49,999",600
G0G,"$50,000 to $54,999",600
G0G,"$55,000 to $59,999",450
G0G,"$60,000 to $69,999",730
G0G,"$70,000 to $79,999",500
G0G,"$80,000 to $89,999",420
G0G,"$90,000 to $99,999",430
G0G,"$100,000 to $149,999",1350
G0G,"$150,000 to $249,999",550
G0G,"$250,000 and over",40
G0H,"Under $5,000",1270
G0H,"$5,000 to $9,999",500
G0H,"$10,000 to $14,999",700
G0H,"$15,000 to $19,999",820
G0H,"$20,000 to $24,999",730
G0H,"$25,000 to $29,999",470
G0H,"$30,000 to $34,999",440
G0H,"$35,000 to $39,999",450
G0H,"$40,000 to $44,999",450
G0H,"$45,000 to $49,999",390
G0H,"$50,000 to $54,999",270
G0H,"$55,000 to $59,999",250
G0H,"$60,000 to $69,999",370
G0H,"$70,000 to $79,999",290
G0H,"$80,000 to $89,999",220
G0H,"$90,000 to $99,999",190
G0H,"$100,000 to $149,999",430
G0H,"$150,000 to $249,999",60
G0H,"$250,000 and over",20
G0J,"Under $5,000",1400
G0J,"$5,000 to $9,999",1450
G0J,"$10,000 to $14,999",2530
G0J,"$15,000 to $19,999",3390
G0J,"$20,000 to $24,999",2700
G0J,"$25,000 to $29,999",1840
G0J,"$30,000 to $34,999",1680
G0J,"$35,000 to $39,999",1570
G0J,"$40,000 to $44,999",1470
G0J,"$45,000 to $49,999",1250
G0J,"$50,000 to $54,999",990
G0J,"$55,000 to $59,999",790
G0J,"$60,000 to $69,999",1100
G0J,"$70,000 to $79,999",790
G0J,"$80,000 to $89,999",550
G0J,"$90,000 to $99,999",250
G0J,"$100,000 to $149,999",520
G0J,"$150,000 to $249,999",120
G0J,"$250,000 and over",40
G0K,"Under $5,000",440
G0K,"$5,000 to $9,999",510
G0K,"$10,000 to $14,999",820
G0K,"$15,000 to $19,999",1050
G0K,"$20,000 to $24,999",890
G0K,"$25,000 to $29,999",680
G0K,"$30,000 to $34,999",650
G0K,"$35,000 to $39,999",670
G0K,"$40,000 to $44,999",710
G0K,"$45,000 to $49,999",580
G0K,"$50,000 to $54,999",490
G0K,"$55,000 to $59,999",390
G0K,"$60,000 to $69,999",550
G0K,"$70,000 to $79,999",390
G0K,"$80,000 to $89,999",280
G0K,"$90,000 to $99,999",170
G0K,"$100,000 to $149,999",270
G0K,"$150,000 to $249,999",70
G0K,"$250,000 and over",20
G0L,"Under $5,000",2300
G0L,"$5,000 to $9,999",2640
G0L,"$10,000 to $14,999",4650
G0L,"$15,000 to $19,999",5600
G0L,"$20,000 to $24,999",5320
G0L,"$25,000 to $29,999",3700
G0L,"$30,000 to $34,999",3560
G0L,"$35,000 to $39,999",3650
G0L,"$40,000 to $44,999",3380
G0L,"$45,000 to $49,999",2950
G0L,"$50,000 to $54,999",2400
G0L,"$55,000 to $59,999",1880
G0L,"$60,000 to $69,999",2590
G0L,"$70,000 to $79,999",1720
G0L,"$80,000 to $89,999",1350
G0L,"$90,000 to $99,999",730
G0L,"$100,000 to $149,999",1260
G0L,"$150,000 to $249,999",360
G0L,"$250,000 and over",170
G0M,"Under $5,000",1350
G0M,"$5,000 to $9,999",1390
G0M,"$10,000 to $14,999",2510
G0M,"$15,000 to $19,999",2790
G0M,"$20,000 to $24,999",2870
G0M,"$25,000 to $29,999",2180
G0M,"$30,000 to $34,999",2070
G0M,"$35,000 to $39,999",2050
G0M,"$40,000 to $44,999",1890
G0M,"$45,000 to $49,999",1780
G0M,"$50,000 to $54,999",1450
G0M,"$55,000 to $59,999",1130
G0M,"$60,000 to $69,999",1600
G0M,"$70,000 to $79,999",1120
G0M,"$80,000 to $89,999",710
G0M,"$90,000 to $99,999",350
G0M,"$100,000 to $149,999",550
G0M,"$150,000 to $249,999",200
G0M,"$250,000 and over",90
G0N,"Under $5,000",780
G0N,"$5,000 to $9,999",860
G0N,"$10,000 to $14,999",1550
G0N,"$15,000 to $19,999",1740
G0N,"$20,000 to $24,999",1800
G0N,"$25,000 to $29,999",1120
G0N,"$30,000 to $34,999",1110
G0N,"$35,000 to $39,999",1050
G0N,"$40,000 to $44,999",1110
G0N,"$45,000 to $49,999",1030
G0N,"$50,000 to $54,999",820
G0N,"$55,000 to $59,999",640
G0N,"$60,000 to $69,999",880
G0N,"$70,000 to $79,999",570
G0N,"$80,000 to $89,999",410
G0N,"$90,000 to $99,999",210
G0N,"$100,000 to $149,999",360
G0N,"$150,000 to $249,999",160
G0N,"$250,000 and over",60
G0P,"Under $5,000",290
G0P,"$5,000 to $9,999",320
G0P,"$10,000 to $14,999",560
G0P,"$15,000 to $19,999",620
G0P,"$20,000 to $24,999",520
G0P,"$25,000 to $29,999",440
G0P,"$30,000 to $34,999",390
G0P,"$35,000 to $39,999",370
G0P,"$40,000 to $44,999",380
G0P,"$45,000 to $49,999",320
G0P,"$50,000 to $54,999",230
G0P,"$55,000 to $59,999",230
G0P,"$60,000 to $69,999",280
G0P,"$70,000 to $79,999",170
G0P,"$80,000 to $89,999",130
G0P,"$90,000 to $99,999",70
G0P,"$100,000 to $149,999",130
G0P,"$150,000 to $249,999",40
G0P,"$250,000 and over",30
G0R,"Under $5,000",3140
G0R,"$5,000 to $9,999",3340
G0R,"$10,000 to $14,999",5980
G0R,"$15,000 to $19,999",7110
G0R,"$20,000 to $24,999",7190
G0R,"$25,000 to $29,999",4990
G0R,"$30,000 to $34,999",4630
G0R,"$35,000 to $39,999",4840
G0R,"$40,000 to $44,999",4730
G0R,"$45,000 to $49,999",4660
G0R,"$50,000 to $54,999",3670
G0R,"$55,000 to $59,999",3050
G0R,"$60,000 to $69,999",4360
G0R,"$70,000 to $79,999",2840
G0R,"$80,000 to $89,999",2030
G0R,"$90,000 to $99,999",1070
G0R,"$100,000 to $149,999",1740
G0R,"$150,000 to $249,999",540
G0R,"$250,000 and over",250
G0S,"Under $5,000",2230
G0S,"$5,000 to $9,999",2570
G0S,"$10,000 to $14,999",4280
G0S,"$15,000 to $19,999",5000
G0S,"$20,000 to $24,999",5110
G0S,"$25,000 to $29,999",3860
G0S,"$30,000 to $34,999",3670
G0S,"$35,000 to $39,999",4110
G0S,"$40,000 to $44,999",4080
G0S,"$45,000 to $49,999",3800
G0S,"$50,000 to $54,999",3200
G0S,"$55,000 to $59,999",2650
G0S,"$60,000 to $69,999",3810
G0S,"$70,000 to $79,999",2710
G0S,"$80,000 to $89,999",1910
G0S,"$90,000 to $99,999",1040
G0S,"$100,000 to $149,999",1690
G0S,"$150,000 to $249,999",500
G0S,"$250,000 and over",220
G0T,"Under $5,000",650
G0T,"$5,000 to $9,999",670
G0T,"$10,000 to $14,999",1030
G0T,"$15,000 to $19,999",1300
G0T,"$20,000 to $24,999",1310
G0T,"$25,000 to $29,999",900
G0T,"$30,000 to $34,999",810
G0T,"$35,000 to $39,999",700
G0T,"$40,000 to $44,999",710
G0T,"$45,000 to $49,999",620
G0T,"$50,000 to $54,999",570
G0T,"$55,000 to $59,999",420
G0T,"$60,000 to $69,999",660
G0T,"$70,000 to $79,999",440
G0T,"$80,000 to $89,999",350
G0T,"$90,000 to $99,999",230
G0T,"$100,000 to $149,999",450
G0T,"$150,000 to $249,999",100
G0T,"$250,000 and over",20
G0V,"Under $5,000",850
G0V,"$5,000 to $9,999",720
G0V,"$10,000 to $14,999",1150
G0V,"$15,000 to $19,999",1280
G0V,"$20,000 to $24,999",1250
G0V,"$25,000 to $29,999",980
G0V,"$30,000 to $34,999",920
G0V,"$35,000 to $39,999",940
G0V,"$40,000 to $44,999",910
G0V,"$45,000 to $49,999",860
G0V,"$50,000 to $54,999",720
G0V,"$55,000 to $59,999",640
G0V,"$60,000 to $69,999",1050
G0V,"$70,000 to $79,999",780
G0V,"$80,000 to $89,999",500
G0V,"$90,000 to $99,999",330
G0V,"$100,000 to $149,999",740
G0V,"$150,000 to $249,999",170
G0V,"$250,000 and over",50
G0W,"Under $5,000",4380
G0W,"$5,000 to $9,999",1730
G0W,"$10,000 to $14,999",2300
G0W,"$15,000 to $19,999",2580
G0W,"$20,000 to $24,999",2410
G0W,"$25,000 to $29,999",1650
G0W,"$30,000 to $34,999",1560
G0W,"$35,000 to $39,999",1500
G0W,"$40,000 to $44,999",1410
G0W,"$45,000 to $49,999",1410
G0W,"$50,000 to $54,999",1130
G0W,"$55,000 to $59,999",910
G0W,"$60,000 to $69,999",1480
G0W,"$70,000 to $79,999",1110
G0W,"$80,000 to $89,999",770
G0W,"$90,000 to $99,999",480
G0W,"$100,000 to $149,999",1090
G0W,"$150,000 to $249,999",260
G0W,"$250,000 and over",60
G0X,"Under $5,000",2820
G0X,"$5,000 to $9,999",2610
G0X,"$10,000 to $14,999",4140
G0X,"$15,000 to $19,999",4990
G0X,"$20,000 to $24,999",4960
G0X,"$25,000 to $29,999",3490
G0X,"$30,000 to $34,999",3140
G0X,"$35,000 to $39,999",3190
G0X,"$40,000 to $44,999",3190
G0X,"$45,000 to $49,999",2890
G0X,"$50,000 to $54,999",2360
G0X,"$55,000 to $59,999",1850
G0X,"$60,000 to $69,999",2810
G0X,"$70,000 to $79,999",1920
G0X,"$80,000 to $89,999",1450
G0X,"$90,000 to $99,999",890
G0X,"$100,000 to $149,999",1560
G0X,"$150,000 to $249,999",430
G0X,"$250,000 and over",170
G0Y,"Under $5,000",390
G0Y,"$5,000 to $9,999",410
G0Y,"$10,000 to $14,999",740
G0Y,"$15,000 to $19,999",820
G0Y,"$20,000 to $24,999",860
G0Y,"$25,000 to $29,999",560
G0Y,"$30,000 to $34,999",550
G0Y,"$35,000 to $39,999",550
G0Y,"$40,000 to $44,999",550
G0Y,"$45,000 to $49,999",480
G0Y,"$50,000 to $54,999",390
G0Y,"$55,000 to $59,999",280
G0Y,"$60,000 to $69,999",380
G0Y,"$70,000 to $79,999",270
G0Y,"$80,000 to $89,999",160
G0Y,"$90,000 to $99,999",100
G0Y,"$100,000 to $149,999",180
G0Y,"$150,000 to $249,999",40
G0Y,"$250,000 and over",30
G0Z,"Under $5,000",420
G0Z,"$5,000 to $9,999",450
G0Z,"$10,000 to $14,999",680
G0Z,"$15,000 to $19,999",780
G0Z,"$20,000 to $24,999",740
G0Z,"$25,000 to $29,999",540
G0Z,"$30,000 to $34,999",510
G0Z,"$35,000 to $39,999",480
G0Z,"$40,000 to $44,999",510
G0Z,"$45,000 to $49,999",390
G0Z,"$50,000 to $54,999",350
G0Z,"$55,000 to $59,999",270
G0Z,"$60,000 to $69,999",400
G0Z,"$70,000 to $79,999",230
G0Z,"$80,000 to $89,999",160
G0Z,"$90,000 to $99,999",110
G0Z,"$100,000 to $149,999",160
G0Z,"$150,000 to $249,999",50
G0Z,"$250,000 and over",30
G1B,"Under $5,000",500
G1B,"$5,000 to $9,999",500
G1B,"$10,000 to $14,999",810
G1B,"$15,000 to $19,999",780
G1B,"$20,000 to $24,999",780
G1B,"$25,000 to $29,999",670
G1B,"$30,000 to $34,999",810
G1B,"$35,000 to $39,999",870
G1B,"$40,000 to $44,999",920
G1B,"$45,000 to $49,999",970
G1B,"$50,000 to $54,999",800
G1B,"$55,000 to $59,999",730
G1B,"$60,000 to $69,999",1180
G1B,"$70,000 to $79,999",930
G1B,"$80,000 to $89,999",780
G1B,"$90,000 to $99,999",480
G1B,"$100,000 to $149,999",730
G1B,"$150,000 to $249,999",150
G1B,"$250,000 and over",50
G1C,"Under $5,000",1010
G1C,"$5,000 to $9,999",1150
G1C,"$10,000 to $14,999",1730
G1C,"$15,000 to $19,999",2140
G1C,"$20,000 to $24,999",2350
G1C,"$25,000 to $29,999",1780
G1C,"$30,000 to $34,999",1860
G1C,"$35,000 to $39,999",2120
G1C,"$40,000 to $44,999",2050
G1C,"$45,000 to $49,999",2150
G1C,"$50,000 to $54,999",1730
G1C,"$55,000 to $59,999",1550
G1C,"$60,000 to $69,999",2330
G1C,"$70,000 to $79,999",1840
G1C,"$80,000 to $89,999",1510
G1C,"$90,000 to $99,999",950
G1C,"$100,000 to $149,999",1550
G1C,"$150,000 to $249,999",420
G1C,"$250,000 and over",180
G1E,"Under $5,000",870
G1E,"$5,000 to $9,999",1050
G1E,"$10,000 to $14,999",1710
G1E,"$15,000 to $19,999",2080
G1E,"$20,000 to $24,999",2160
G1E,"$25,000 to $29,999",1660
G1E,"$30,000 to $34,999",1610
G1E,"$35,000 to $39,999",1710
G1E,"$40,000 to $44,999",1540
G1E,"$45,000 to $49,999",1510
G1E,"$50,000 to $54,999",1190
G1E,"$55,000 to $59,999",980
G1E,"$60,000 to $69,999",1460
G1E,"$70,000 to $79,999",1000
G1E,"$80,000 to $89,999",720
G1E,"$90,000 to $99,999",460
G1E,"$100,000 to $149,999",630
G1E,"$150,000 to $249,999",220
G1E,"$250,000 and over",90
G1G,"Under $5,000",770
G1G,"$5,000 to $9,999",830
G1G,"$10,000 to $14,999",1200
G1G,"$15,000 to $19,999",1280
G1G,"$20,000 to $24,999",1490
G1G,"$25,000 to $29,999",1230
G1G,"$30,000 to $34,999",1260
G1G,"$35,000 to $39,999",1540
G1G,"$40,000 to $44,999",1440
G1G,"$45,000 to $49,999",1480
G1G,"$50,000 to $54,999",1130
G1G,"$55,000 to $59,999",1050
G1G,"$60,000 to $69,999",1620
G1G,"$70,000 to $79,999",1220
G1G,"$80,000 to $89,999",960
G1G,"$90,000 to $99,999",580
G1G,"$100,000 to $149,999",900
G1G,"$150,000 to $249,999",250
G1G,"$250,000 and over",100
G1H,"Under $5,000",960
G1H,"$5,000 to $9,999",1060
G1H,"$10,000 to $14,999",1710
G1H,"$15,000 to $19,999",1960
G1H,"$20,000 to $24,999",2410
G1H,"$25,000 to $29,999",1890
G1H,"$30,000 to $34,999",1890
G1H,"$35,000 to $39,999",2030
G1H,"$40,000 to $44,999",1840
G1H,"$45,000 to $49,999",1730
G1H,"$50,000 to $54,999",1340
G1H,"$55,000 to $59,999",1190
G1H,"$60,000 to $69,999",1640
G1H,"$70,000 to $79,999",1150
G1H,"$80,000 to $89,999",910
G1H,"$90,000 to $99,999",540
G1H,"$100,000 to $149,999",690
G1H,"$150,000 to $249,999",220
G1H,"$250,000 and over",80
G1J,"Under $5,000",930
G1J,"$5,000 to $9,999",1300
G1J,"$10,000 to $14,999",1790
G1J,"$15,000 to $19,999",2000
G1J,"$20,000 to $24,999",1940
G1J,"$25,000 to $29,999",1440
G1J,"$30,000 to $34,999",1410
G1J,"$35,000 to $39,999",1330
G1J,"$40,000 to $44,999",1170
G1J,"$45,000 to $49,999",1000
G1J,"$50,000 to $54,999",810
G1J,"$55,000 to $59,999",650
G1J,"$60,000 to $69,999",920
G1J,"$70,000 to $79,999",680
G1J,"$80,000 to $89,999",470
G1J,"$90,000 to $99,999",250
G1J,"$100,000 to $149,999",370
G1J,"$150,000 to $249,999",90
G1J,"$250,000 and over",30
G1K,"Under $5,000",750
G1K,"$5,000 to $9,999",1140
G1K,"$10,000 to $14,999",1500
G1K,"$15,000 to $19,999",1510
G1K,"$20,000 to $24,999",1270
G1K,"$25,000 to $29,999",930
G1K,"$30,000 to $34,999",870
G1K,"$35,000 to $39,999",970
G1K,"$40,000 to $44,999",860
G1K,"$45,000 to $49,999",800
G1K,"$50,000 to $54,999",700
G1K,"$55,000 to $59,999",590
G1K,"$60,000 to $69,999",900
G1K,"$70,000 to $79,999",640
G1K,"$80,000 to $89,999",480
G1K,"$90,000 to $99,999",310
G1K,"$100,000 to $149,999",510
G1K,"$150,000 to $249,999",150
G1K,"$250,000 and over",70
G1L,"Under $5,000",810
G1L,"$5,000 to $9,999",1110
G1L,"$10,000 to $14,999",1630
G1L,"$15,000 to $19,999",1960
G1L,"$20,000 to $24,999",1720
G1L,"$25,000 to $29,999",1260
G1L,"$30,000 to $34,999",1330
G1L,"$35,000 to $39,999",1350
G1L,"$40,000 to $44,999",1160
G1L,"$45,000 to $49,999",1050
G1L,"$50,000 to $54,999",800
G1L,"$55,000 to $59,999",660
G1L,"$60,000 to $69,999",980
G1L,"$70,000 to $79,999",670
G1L,"$80,000 to $89,999",510
G1L,"$90,000 to $99,999",250
G1L,"$100,000 to $149,999",370
G1L,"$150,000 to $249,999",80
G1L,"$250,000 and over",30
G1M,"Under $5,000",700
G1M,"$5,000 to $9,999",880
G1M,"$10,000 to $14,999",1300
G1M,"$15,000 to $19,999",1600
G1M,"$20,000 to $24,999",1810
G1M,"$25,000 to $29,999",1260
G1M,"$30,000 to $34,999",1140
G1M,"$35,000 to $39,999",1190
G1M,"$40,000 to $44,999",1070
G1M,"$45,000 to $49,999",1040
G1M,"$50,000 to $54,999",740
G1M,"$55,000 to $59,999",680
G1M,"$60,000 to $69,999",990
G1M,"$70,000 to $79,999",650
G1M,"$80,000 to $89,999",480
G1M,"$90,000 to $99,999",280
G1M,"$100,000 to $149,999",490
G1M,"$150,000 to $249,999",110
G1M,"$250,000 and over",50
G1N,"Under $5,000",300
G1N,"$5,000 to $9,999",400
G1N,"$10,000 to $14,999",670
G1N,"$15,000 to $19,999",750
G1N,"$20,000 to $24,999",710
G1N,"$25,000 to $29,999",520
G1N,"$30,000 to $34,999",510
G1N,"$35,000 to $39,999",520
G1N,"$40,000 to $44,999",430
G1N,"$45,000 to $49,999",370
G1N,"$50,000 to $54,999",300
G1N,"$55,000 to $59,999",230
G1N,"$60,000 to $69,999",390
G1N,"$70,000 to $79,999",200
G1N,"$80,000 to $89,999",160
G1N,"$90,000 to $99,999",100
G1N,"$100,000 to $149,999",110
G1N,"$150,000 to $249,999",30
G1N,"$250,000 and over",10
G1P,"Under $5,000",570
G1P,"$5,000 to $9,999",580
G1P,"$10,000 to $14,999",850
G1P,"$15,000 to $19,999",1030
G1P,"$20,000 to $24,999",1220
G1P,"$25,000 to $29,999",960
G1P,"$30,000 to $34,999",1010
G1P,"$35,000 to $39,999",1130
G1P,"$40,000 to $44,999",980
G1P,"$45,000 to $49,999",980
G1P,"$50,000 to $54,999",820
G1P,"$55,000 to $59,999",640
G1P,"$60,000 to $69,999",950
G1P,"$70,000 to $79,999",650
G1P,"$80,000 to $89,999",460
G1P,"$90,000 to $99,999",260
G1P,"$100,000 to $149,999",370
G1P,"$150,000 to $249,999",80
G1P,"$250,000 and over",20
G1R,"Under $5,000",680
G1R,"$5,000 to $9,999",640
G1R,"$10,000 to $14,999",870
G1R,"$15,000 to $19,999",1080
G1R,"$20,000 to $24,999",1020
G1R,"$25,000 to $29,999",760
G1R,"$30,000 to $34,999",710
G1R,"$35,000 to $39,999",750
G1R,"$40,000 to $44,999",740
G1R,"$45,000 to $49,999",810
G1R,"$50,000 to $54,999",620
G1R,"$55,000 to $59,999",640
G1R,"$60,000 to $69,999",920
G1R,"$70,000 to $79,999",720
G1R,"$80,000 to $89,999",620
G1R,"$90,000 to $99,999",410
G1R,"$100,000 to $149,999",750
G1R,"$150,000 to $249,999",340
G1R,"$250,000 and over",210
G1S,"Under $5,000",1060
G1S,"$5,000 to $9,999",830
G1S,"$10,000 to $14,999",1120
G1S,"$15,000 to $19,999",1470
G1S,"$20,000 to $24,999",1510
G1S,"$25,000 to $29,999",1050
G1S,"$30,000 to $34,999",980
G1S,"$35,000 to $39,999",1180
G1S,"$40,000 to $44,999",1110
G1S,"$45,000 to $49,999",1200
G1S,"$50,000 to $54,999",1090
G1S,"$55,000 to $59,999",940
G1S,"$60,000 to $69,999",1710
G1S,"$70,000 to $79,999",1410
G1S,"$80,000 to $89,999",1060
G1S,"$90,000 to $99,999",780
G1S,"$100,000 to $149,999",1740
G1S,"$150,000 to $249,999",820
G1S,"$250,000 and over",490
G1T,"Under $5,000",350
G1T,"$5,000 to $9,999",250
G1T,"$10,000 to $14,999",250
G1T,"$15,000 to $19,999",270
G1T,"$20,000 to $24,999",270
G1T,"$25,000 to $29,999",200
G1T,"$30,000 to $34,999",170
G1T,"$35,000 to $39,999",180
G1T,"$40,000 to $44,999",200
G1T,"$45,000 to $49,999",240
G1T,"$50,000 to $54,999",190
G1T,"$55,000 to $59,999",220
G1T,"$60,000 to $69,999",340
G1T,"$70,000 to $79,999",370
G1T,"$80,000 to $89,999",290
G1T,"$90,000 to $99,999",250
G1T,"$100,000 to $149,999",690
G1T,"$150,000 to $249,999",480
G1T,"$250,000 and over",470
G1V,"Under $5,000",1770
G1V,"$5,000 to $9,999",1040
G1V,"$10,000 to $14,999",1320
G1V,"$15,000 to $19,999",1340
G1V,"$20,000 to $24,999",1350
G1V,"$25,000 to $29,999",970
G1V,"$30,000 to $34,999",930
G1V,"$35,000 to $39,999",970
G1V,"$40,000 to $44,999",860
G1V,"$45,000 to $49,999",1010
G1V,"$50,000 to $54,999",820
G1V,"$55,000 to $59,999",680
G1V,"$60,000 to $69,999",1040
G1V,"$70,000 to $79,999",780
G1V,"$80,000 to $89,999",650
G1V,"$90,000 to $99,999",390
G1V,"$100,000 to $149,999",860
G1V,"$150,000 to $249,999",430
G1V,"$250,000 and over",310
G1W,"Under $5,000",980
G1W,"$5,000 to $9,999",800
G1W,"$10,000 to $14,999",960
G1W,"$15,000 to $19,999",1030
G1W,"$20,000 to $24,999",1070
G1W,"$25,000 to $29,999",930
G1W,"$30,000 to $34,999",950
G1W,"$35,000 to $39,999",1020
G1W,"$40,000 to $44,999",1060
G1W,"$45,000 to $49,999",1130
G1W,"$50,000 to $54,999",900
G1W,"$55,000 to $59,999",820
G1W,"$60,000 to $69,999",1380
G1W,"$70,000 to $79,999",1130
G1W,"$80,000 to $89,999",930
G1W,"$90,000 to $99,999",720
G1W,"$100,000 to $149,999",1440
G1W,"$150,000 to $249,999",590
G1W,"$250,000 and over",350
G1X,"Under $5,000",1160
G1X,"$5,000 to $9,999",940
G1X,"$10,000 to $14,999",1260
G1X,"$15,000 to $19,999",1260
G1X,"$20,000 to $24,999",1520
G1X,"$25,000 to $29,999",1210
G1X,"$30,000 to $34,999",1200
G1X,"$35,000 to $39,999",1310
G1X,"$40,000 to $44,999",1240
G1X,"$45,000 to $49,999",1410
G1X,"$50,000 to $54,999",1180
G1X,"$55,000 to $59,999",1100
G1X,"$60,000 to $69,999",1520
G1X,"$70,000 to $79,999",1230
G1X,"$80,000 to $89,999",1040
G1X,"$90,000 to $99,999",740
G1X,"$100,000 to $149,999",1400
G1X,"$150,000 to $249,999",600
G1X,"$250,000 and over",320
G1Y,"Under $5,000",440
G1Y,"$5,000 to $9,999",370
G1Y,"$10,000 to $14,999",500
G1Y,"$15,000 to $19,999",480
G1Y,"$20,000 to $24,999",440
G1Y,"$25,000 to $29,999",390
G1Y,"$30,000 to $34,999",410
G1Y,"$35,000 to $39,999",500
G1Y,"$40,000 to $44,999",490
G1Y,"$45,000 to $49,999",650
G1Y,"$50,000 to $54,999",610
G1Y,"$55,000 to $59,999",550
G1Y,"$60,000 to $69,999",930
G1Y,"$70,000 to $79,999",790
G1Y,"$80,000 to $89,999",740
G1Y,"$90,000 to $99,999",590
G1Y,"$100,000 to $149,999",1130
G1Y,"$150,000 to $249,999",450
G1Y,"$250,000 and over",260
G2A,"Under $5,000",550
G2A,"$5,000 to $9,999",510
G2A,"$10,000 to $14,999",740
G2A,"$15,000 to $19,999",770
G2A,"$20,000 to $24,999",820
G2A,"$25,000 to $29,999",660
G2A,"$30,000 to $34,999",700
G2A,"$35,000 to $39,999",790
G2A,"$40,000 to $44,999",800
G2A,"$45,000 to $49,999",850
G2A,"$50,000 to $54,999",690
G2A,"$55,000 to $59,999",660
G2A,"$60,000 to $69,999",990
G2A,"$70,000 to $79,999",850
G2A,"$80,000 to $89,999",710
G2A,"$90,000 to $99,999",420
G2A,"$100,000 to $149,999",760
G2A,"$150,000 to $249,999",180
G2A,"$250,000 and over",100
G2B,"Under $5,000",800
G2B,"$5,000 to $9,999",870
G2B,"$10,000 to $14,999",1290
G2B,"$15,000 to $19,999",1390
G2B,"$20,000 to $24,999",1540
G2B,"$25,000 to $29,999",1220
G2B,"$30,000 to $34,999",1180
G2B,"$35,000 to $39,999",1400
G2B,"$40,000 to $44,999",1380
G2B,"$45,000 to $49,999",1320
G2B,"$50,000 to $54,999",1170
G2B,"$55,000 to $59,999",1030
G2B,"$60,000 to $69,999",1560
G2B,"$70,000 to $79,999",1150
G2B,"$80,000 to $89,999",900
G2B,"$90,000 to $99,999",610
G2B,"$100,000 to $149,999",990
G2B,"$150,000 to $249,999",260
G2B,"$250,000 and over",90
G2C,"Under $5,000",330
G2C,"$5,000 to $9,999",300
G2C,"$10,000 to $14,999",500
G2C,"$15,000 to $19,999",580
G2C,"$20,000 to $24,999",690
G2C,"$25,000 to $29,999",490
G2C,"$30,000 to $34,999",550
G2C,"$35,000 to $39,999",650
G2C,"$40,000 to $44,999",640
G2C,"$45,000 to $49,999",690
G2C,"$50,000 to $54,999",570
G2C,"$55,000 to $59,999",490
G2C,"$60,000 to $69,999",830
G2C,"$70,000 to $79,999",710
G2C,"$80,000 to $89,999",620
G2C,"$90,000 to $99,999",390
G2C,"$100,000 to $149,999",730
G2C,"$150,000 to $249,999",180
G2C,"$250,000 and over",50
G2E,"Under $5,000",650
G2E,"$5,000 to $9,999",660
G2E,"$10,000 to $14,999",960
G2E,"$15,000 to $19,999",1130
G2E,"$20,000 to $24,999",1230
G2E,"$25,000 to $29,999",1020
G2E,"$30,000 to $34,999",1010
G2E,"$35,000 to $39,999",1190
G2E,"$40,000 to $44,999",1110
G2E,"$45,000 to $49,999",1240
G2E,"$50,000 to $54,999",1030
G2E,"$55,000 to $59,999",990
G2E,"$60,000 to $69,999",1370
G2E,"$70,000 to $79,999",1130
G2E,"$80,000 to $89,999",880
G2E,"$90,000 to $99,999",580
G2E,"$100,000 to $149,999",1060
G2E,"$150,000 to $249,999",270
G2E,"$250,000 and over",90
G2G,"Under $5,000",340
G2G,"$5,000 to $9,999",420
G2G,"$10,000 to $14,999",500
G2G,"$15,000 to $19,999",480
G2G,"$20,000 to $24,999",560
G2G,"$25,000 to $29,999",480
G2G,"$30,000 to $34,999",490
G2G,"$35,000 to $39,999",550
G2G,"$40,000 to $44,999",540
G2G,"$45,000 to $49,999",620
G2G,"$50,000 to $54,999",490
G2G,"$55,000 to $59,999",500
G2G,"$60,000 to $69,999",770
G2G,"$70,000 to $79,999",600
G2G,"$80,000 to $89,999",480
G2G,"$90,000 to $99,999",330
G2G,"$100,000 to $149,999",620
G2G,"$150,000 to $249,999",180
G2G,"$250,000 and over",70
G2J,"Under $5,000",70
G2J,"$5,000 to $9,999",70
G2J,"$10,000 to $14,999",110
G2J,"$15,000 to $19,999",140
G2J,"$20,000 to $24,999",220
G2J,"$25,000 to $29,999",170
G2J,"$30,000 to $34,999",180
G2J,"$35,000 to $39,999",190
G2J,"$40,000 to $44,999",170
G2J,"$45,000 to $49,999",200
G2J,"$50,000 to $54,999",170
G2J,"$55,000 to $59,999",150
G2J,"$60,000 to $69,999",210
G2J,"$70,000 to $79,999",150
G2J,"$80,000 to $89,999",90
G2J,"$90,000 to $99,999",60
G2J,"$100,000 to $149,999",130
G2J,"$150,000 to $249,999",40
G2J,"$250,000 and over",40
G2K,"Under $5,000",340
G2K,"$5,000 to $9,999",280
G2K,"$10,000 to $14,999",390
G2K,"$15,000 to $19,999",470
G2K,"$20,000 to $24,999",560
G2K,"$25,000 to $29,999",560
G2K,"$30,000 to $34,999",510
G2K,"$35,000 to $39,999",630
G2K,"$40,000 to $44,999",660
G2K,"$45,000 to $49,999",720
G2K,"$50,000 to $54,999",590
G2K,"$55,000 to $59,999",580
G2K,"$60,000 to $69,999",860
G2K,"$70,000 to $79,999",750
G2K,"$80,000 to $89,999",600
G2K,"$90,000 to $99,999",390
G2K,"$100,000 to $149,999",790
G2K,"$150,000 to $249,999",280
G2K,"$250,000 and over",180
G2L,"Under $5,000",470
G2L,"$5,000 to $9,999",460
G2L,"$10,000 to $14,999",670
G2L,"$15,000 to $19,999",700
G2L,"$20,000 to $24,999",780
G2L,"$25,000 to $29,999",610
G2L,"$30,000 to $34,999",640
G2L,"$35,000 to $39,999",790
G2L,"$40,000 to $44,999",720
G2L,"$45,000 to $49,999",840
G2L,"$50,000 to $54,999",690
G2L,"$55,000 to $59,999",620
G2L,"$60,000 to $69,999",980
G2L,"$70,000 to $79,999",770
G2L,"$80,000 to $89,999",680
G2L,"$90,000 to $99,999",450
G2L,"$100,000 to $149,999",760
G2L,"$150,000 to $249,999",250
G2L,"$250,000 and over",80
G2M,"Under $5,000",150
G2M,"$5,000 to $9,999",170
G2M,"$10,000 to $14,999",210
G2M,"$15,000 to $19,999",220
G2M,"$20,000 to $24,999",230
G2M,"$25,000 to $29,999",220
G2M,"$30,000 to $34,999",230
G2M,"$35,000 to $39,999",270
G2M,"$40,000 to $44,999",260
G2M,"$45,000 to $49,999",290
G2M,"$50,000 to $54,999",270
G2M,"$55,000 to $59,999",240
G2M,"$60,000 to $69,999",370
G2M,"$70,000 to $79,999",270
G2M,"$80,000 to $89,999",300
G2M,"$90,000 to $99,999",190
G2M,"$100,000 to $149,999",300
G2M,"$150,000 to $249,999",80
G2M,"$250,000 and over",20
G2N,"Under $5,000",250
G2N,"$5,000 to $9,999",220
G2N,"$10,000 to $14,999",360
G2N,"$15,000 to $19,999",370
G2N,"$20,000 to $24,999",420
G2N,"$25,000 to $29,999",340
G2N,"$30,000 to $34,999",390
G2N,"$35,000 to $39,999",430
G2N,"$40,000 to $44,999",470
G2N,"$45,000 to $49,999",450
G2N,"$50,000 to $54,999",360
G2N,"$55,000 to $59,999",380
G2N,"$60,000 to $69,999",590
G2N,"$70,000 to $79,999",470
G2N,"$80,000 to $89,999",360
G2N,"$90,000 to $99,999",220
G2N,"$100,000 to $149,999",310
G2N,"$150,000 to $249,999",70
G2N,"$250,000 and over",20
G3A,"Under $5,000",700
G3A,"$5,000 to $9,999",700
G3A,"$10,000 to $14,999",840
G3A,"$15,000 to $19,999",830
G3A,"$20,000 to $24,999",880
G3A,"$25,000 to $29,999",670
G3A,"$30,000 to $34,999",690
G3A,"$35,000 to $39,999",840
G3A,"$40,000 to $44,999",820
G3A,"$45,000 to $49,999",980
G3A,"$50,000 to $54,999",830
G3A,"$55,000 to $59,999",810
G3A,"$60,000 to $69,999",1360
G3A,"$70,000 to $79,999",1160
G3A,"$80,000 to $89,999",980
G3A,"$90,000 to $99,999",760
G3A,"$100,000 to $149,999",1670
G3A,"$150,000 to $249,999",690
G3A,"$250,000 and over",430
G3B,"Under $5,000",310
G3B,"$5,000 to $9,999",290
G3B,"$10,000 to $14,999",310
G3B,"$15,000 to $19,999",290
G3B,"$20,000 to $24,999",240
G3B,"$25,000 to $29,999",230
G3B,"$30,000 to $34,999",250
G3B,"$35,000 to $39,999",250
G3B,"$40,000 to $44,999",290
G3B,"$45,000 to $49,999",320
G3B,"$50,000 to $54,999",290
G3B,"$55,000 to $59,999",290
G3B,"$60,000 to $69,999",510
G3B,"$70,000 to $79,999",420
G3B,"$80,000 to $89,999",430
G3B,"$90,000 to $99,999",310
G3B,"$100,000 to $149,999",800
G3B,"$150,000 to $249,999",350
G3B,"$250,000 and over",220
G3C,"Under $5,000",340
G3C,"$5,000 to $9,999",300
G3C,"$10,000 to $14,999",400
G3C,"$15,000 to $19,999",420
G3C,"$20,000 to $24,999",360
G3C,"$25,000 to $29,999",370
G3C,"$30,000 to $34,999",360
G3C,"$35,000 to $39,999",400
G3C,"$40,000 to $44,999",430
G3C,"$45,000 to $49,999",480
G3C,"$50,000 to $54,999",430
G3C,"$55,000 to $59,999",390
G3C,"$60,000 to $69,999",670
G3C,"$70,000 to $79,999",550
G3C,"$80,000 to $89,999",480
G3C,"$90,000 to $99,999",310
G3C,"$100,000 to $149,999",590
G3C,"$150,000 to $249,999",170
G3C,"$250,000 and over",60
G3E,"Under $5,000",510
G3E,"$5,000 to $9,999",510
G3E,"$10,000 to $14,999",650
G3E,"$15,000 to $19,999",660
G3E,"$20,000 to $24,999",710
G3E,"$25,000 to $29,999",600
G3E,"$30,000 to $34,999",690
G3E,"$35,000 to $39,999",720
G3E,"$40,000 to $44,999",790
G3E,"$45,000 to $49,999",870
G3E,"$50,000 to $54,999",760
G3E,"$55,000 to $59,999",690
G3E,"$60,000 to $69,999",1120
G3E,"$70,000 to $79,999",960
G3E,"$80,000 to $89,999",800
G3E,"$90,000 to $99,999",480
G3E,"$100,000 to $149,999",770
G3E,"$150,000 to $249,999",160
G3E,"$250,000 and over",40
G3G,"Under $5,000",310
G3G,"$5,000 to $9,999",310
G3G,"$10,000 to $14,999",490
G3G,"$15,000 to $19,999",510
G3G,"$20,000 to $24,999",550
G3G,"$25,000 to $29,999",460
G3G,"$30,000 to $34,999",520
G3G,"$35,000 to $39,999",570
G3G,"$40,000 to $44,999",600
G3G,"$45,000 to $49,999",590
G3G,"$50,000 to $54,999",480
G3G,"$55,000 to $59,999",430
G3G,"$60,000 to $69,999",730
G3G,"$70,000 to $79,999",550
G3G,"$80,000 to $89,999",360
G3G,"$90,000 to $99,999",230
G3G,"$100,000 to $149,999",300
G3G,"$150,000 to $249,999",40
G3G,"$250,000 and over",20
G3H,"Under $5,000",300
G3H,"$5,000 to $9,999",310
G3H,"$10,000 to $14,999",520
G3H,"$15,000 to $19,999",550
G3H,"$20,000 to $24,999",610
G3H,"$25,000 to $29,999",480
G3H,"$30,000 to $34,999",480
G3H,"$35,000 to $39,999",520
G3H,"$40,000 to $44,999",510
G3H,"$45,000 to $49,999",510
G3H,"$50,000 to $54,999",440
G3H,"$55,000 to $59,999",420
G3H,"$60,000 to $69,999",640
G3H,"$70,000 to $79,999",470
G3H,"$80,000 to $89,999",340
G3H,"$90,000 to $99,999",240
G3H,"$100,000 to $149,999",360
G3H,"$150,000 to $249,999",90
G3H,"$250,000 and over",30
G3J,"Under $5,000",330
G3J,"$5,000 to $9,999",310
G3J,"$10,000 to $14,999",430
G3J,"$15,000 to $19,999",490
G3J,"$20,000 to $24,999",510
G3J,"$25,000 to $29,999",440
G3J,"$30,000 to $34,999",480
G3J,"$35,000 to $39,999",550
G3J,"$40,000 to $44,999",530
G3J,"$45,000 to $49,999",580
G3J,"$50,000 to $54,999",510
G3J,"$55,000 to $59,999",430
G3J,"$60,000 to $69,999",760
G3J,"$70,000 to $79,999",650
G3J,"$80,000 to $89,999",420
G3J,"$90,000 to $99,999",250
G3J,"$100,000 to $149,999",390
G3J,"$150,000 to $249,999",70
G3J,"$250,000 and over",20
G3K,"Under $5,000",590
G3K,"$5,000 to $9,999",630
G3K,"$10,000 to $14,999",770
G3K,"$15,000 to $19,999",820
G3K,"$20,000 to $24,999",810
G3K,"$25,000 to $29,999",700
G3K,"$30,000 to $34,999",800
G3K,"$35,000 to $39,999",900
G3K,"$40,000 to $44,999",930
G3K,"$45,000 to $49,999",980
G3K,"$50,000 to $54,999",860
G3K,"$55,000 to $59,999",840
G3K,"$60,000 to $69,999",1490
G3K,"$70,000 to $79,999",1170
G3K,"$80,000 to $89,999",900
G3K,"$90,000 to $99,999",580
G3K,"$100,000 to $149,999",810
G3K,"$150,000 to $249,999",140
G3K,"$250,000 and over",50
G3L,"Under $5,000",360
G3L,"$5,000 to $9,999",420
G3L,"$10,000 to $14,999",710
G3L,"$15,000 to $19,999",860
G3L,"$20,000 to $24,999",890
G3L,"$25,000 to $29,999",580
G3L,"$30,000 to $34,999",570
G3L,"$35,000 to $39,999",650
G3L,"$40,000 to $44,999",590
G3L,"$45,000 to $49,999",560
G3L,"$50,000 to $54,999",460
G3L,"$55,000 to $59,999",390
G3L,"$60,000 to $69,999",630
G3L,"$70,000 to $79,999",460
G3L,"$80,000 to $89,999",290
G3L,"$90,000 to $99,999",190
G3L,"$100,000 to $149,999",270
G3L,"$150,000 to $249,999",80
G3L,"$250,000 and over",30
G3M,"Under $5,000",200
G3M,"$5,000 to $9,999",270
G3M,"$10,000 to $14,999",410
G3M,"$15,000 to $19,999",460
G3M,"$20,000 to $24,999",650
G3M,"$25,000 to $29,999",420
G3M,"$30,000 to $34,999",400
G3M,"$35,000 to $39,999",400
G3M,"$40,000 to $44,999",350
G3M,"$45,000 to $49,999",380
G3M,"$50,000 to $54,999",280
G3M,"$55,000 to $59,999",220
G3M,"$60,000 to $69,999",320
G3M,"$70,000 to $79,999",270
G3M,"$80,000 to $89,999",200
G3M,"$90,000 to $99,999",110
G3M,"$100,000 to $149,999",240
G3M,"$150,000 to $249,999",70
G3M,"$250,000 and over",10
G3N,"Under $5,000",330
G3N,"$5,000 to $9,999",300
G3N,"$10,000 to $14,999",360
G3N,"$15,000 to $19,999",440
G3N,"$20,000 to $24,999",450
G3N,"$25,000 to $29,999",370
G3N,"$30,000 to $34,999",430
G3N,"$35,000 to $39,999",450
G3N,"$40,000 to $44,999",510
G3N,"$45,000 to $49,999",470
G3N,"$50,000 to $54,999",440
G3N,"$55,000 to $59,999",420
G3N,"$60,000 to $69,999",770
G3N,"$70,000 to $79,999",720
G3N,"$80,000 to $89,999",500
G3N,"$90,000 to $99,999",280
G3N,"$100,000 to $149,999",480
G3N,"$150,000 to $249,999",150
G3N,"$250,000 and over",80
G3S,"Under $5,000",210
G3S,"$5,000 to $9,999",160
G3S,"$10,000 to $14,999",190
G3S,"$15,000 to $19,999",190
G3S,"$20,000 to $24,999",180
G3S,"$25,000 to $29,999",160
G3S,"$30,000 to $34,999",190
G3S,"$35,000 to $39,999",200
G3S,"$40,000 to $44,999",210
G3S,"$45,000 to $49,999",230
G3S,"$50,000 to $54,999",200
G3S,"$55,000 to $59,999",230
G3S,"$60,000 to $69,999",500
G3S,"$70,000 to $79,999",490
G3S,"$80,000 to $89,999",330
G3S,"$90,000 to $99,999",190
G3S,"$100,000 to $149,999",300
G3S,"$150,000 to $249,999",70
G3S,"$250,000 and over",20
G3Z,"Under $5,000",250
G3Z,"$5,000 to $9,999",310
G3Z,"$10,000 to $14,999",470
G3Z,"$15,000 to $19,999",680
G3Z,"$20,000 to $24,999",650
G3Z,"$25,000 to $29,999",450
G3Z,"$30,000 to $34,999",460
G3Z,"$35,000 to $39,999",440
G3Z,"$40,000 to $44,999",450
G3Z,"$45,000 to $49,999",370
G3Z,"$50,000 to $54,999",290
G3Z,"$55,000 to $59,999",240
G3Z,"$60,000 to $69,999",370
G3Z,"$70,000 to $79,999",280
G3Z,"$80,000 to $89,999",180
G3Z,"$90,000 to $99,999",90
G3Z,"$100,000 to $149,999",200
G3Z,"$150,000 to $249,999",80
G3Z,"$250,000 and over",40
G4A,"Under $5,000",90
G4A,"$5,000 to $9,999",130
G4A,"$10,000 to $14,999",170
G4A,"$15,000 to $19,999",240
G4A,"$20,000 to $24,999",280
G4A,"$25,000 to $29,999",190
G4A,"$30,000 to $34,999",200
G4A,"$35,000 to $39,999",210
G4A,"$40,000 to $44,999",200
G4A,"$45,000 to $49,999",180
G4A,"$50,000 to $54,999",150
G4A,"$55,000 to $59,999",110
G4A,"$60,000 to $69,999",140
G4A,"$70,000 to $79,999",90
G4A,"$80,000 to $89,999",60
G4A,"$90,000 to $99,999",50
G4A,"$100,000 to $149,999",80
G4A,"$150,000 to $249,999",20
G4A,"$250,000 and over",10
G4R,"Under $5,000",1800
G4R,"$5,000 to $9,999",850
G4R,"$10,000 to $14,999",1070
G4R,"$15,000 to $19,999",1070
G4R,"$20,000 to $24,999",1180
G4R,"$25,000 to $29,999",840
G4R,"$30,000 to $34,999",830
G4R,"$35,000 to $39,999",750
G4R,"$40,000 to $44,999",700
G4R,"$45,000 to $49,999",720
G4R,"$50,000 to $54,999",600
G4R,"$55,000 to $59,999",530
G4R,"$60,000 to $69,999",880
G4R,"$70,000 to $79,999",650
G4R,"$80,000 to $89,999",560
G4R,"$90,000 to $99,999",440
G4R,"$100,000 to $149,999",1550
G4R,"$150,000 to $249,999",460
G4R,"$250,000 and over",130
G4S,"Under $5,000",260
G4S,"$5,000 to $9,999",190
G4S,"$10,000 to $14,999",260
G4S,"$15,000 to $19,999",250
G4S,"$20,000 to $24,999",280
G4S,"$25,000 to $29,999",230
G4S,"$30,000 to $34,999",260
G4S,"$35,000 to $39,999",230
G4S,"$40,000 to $44,999",270
G4S,"$45,000 to $49,999",230
G4S,"$50,000 to $54,999",170
G4S,"$55,000 to $59,999",190
G4S,"$60,000 to $69,999",260
G4S,"$70,000 to $79,999",220
G4S,"$80,000 to $89,999",150
G4S,"$90,000 to $99,999",120
G4S,"$100,000 to $149,999",390
G4S,"$150,000 to $249,999",70
G4S,"$250,000 and over",10
G4T,"Under $5,000",350
G4T,"$5,000 to $9,999",440
G4T,"$10,000 to $14,999",930
G4T,"$15,000 to $19,999",1090
G4T,"$20,000 to $24,999",920
G4T,"$25,000 to $29,999",810
G4T,"$30,000 to $34,999",930
G4T,"$35,000 to $39,999",1080
G4T,"$40,000 to $44,999",780
G4T,"$45,000 to $49,999",680
G4T,"$50,000 to $54,999",550
G4T,"$55,000 to $59,999",400
G4T,"$60,000 to $69,999",560
G4T,"$70,000 to $79,999",410
G4T,"$80,000 to $89,999",320
G4T,"$90,000 to $99,999",230
G4T,"$100,000 to $149,999",470
G4T,"$150,000 to $249,999",230
G4T,"$250,000 and over",50
G4V,"Under $5,000",270
G4V,"$5,000 to $9,999",350
G4V,"$10,000 to $14,999",630
G4V,"$15,000 to $19,999",770
G4V,"$20,000 to $24,999",620
G4V,"$25,000 to $29,999",400
G4V,"$30,000 to $34,999",390
G4V,"$35,000 to $39,999",380
G4V,"$40,000 to $44,999",300
G4V,"$45,000 to $49,999",280
G4V,"$50,000 to $54,999",190
G4V,"$55,000 to $59,999",170
G4V,"$60,000 to $69,999",260
G4V,"$70,000 to $79,999",150
G4V,"$80,000 to $89,999",140
G4V,"$90,000 to $99,999",60
G4V,"$100,000 to $149,999",140
G4V,"$150,000 to $249,999",40
G4V,"$250,000 and over",10
G4W,"Under $5,000",490
G4W,"$5,000 to $9,999",640
G4W,"$10,000 to $14,999",1080
G4W,"$15,000 to $19,999",1390
G4W,"$20,000 to $24,999",1310
G4W,"$25,000 to $29,999",800
G4W,"$30,000 to $34,999",800
G4W,"$35,000 to $39,999",770
G4W,"$40,000 to $44,999",740
G4W,"$45,000 to $49,999",750
G4W,"$50,000 to $54,999",610
G4W,"$55,000 to $59,999",420
G4W,"$60,000 to $69,999",640
G4W,"$70,000 to $79,999",420
G4W,"$80,000 to $89,999",360
G4W,"$90,000 to $99,999",240
G4W,"$100,000 to $149,999",400
G4W,"$150,000 to $249,999",120
G4W,"$250,000 and over",40
G4X,"Under $5,000",570
G4X,"$5,000 to $9,999",720
G4X,"$10,000 to $14,999",980
G4X,"$15,000 to $19,999",1170
G4X,"$20,000 to $24,999",1070
G4X,"$25,000 to $29,999",820
G4X,"$30,000 to $34,999",890
G4X,"$35,000 to $39,999",880
G4X,"$40,000 to $44,999",910
G4X,"$45,000 to $49,999",830
G4X,"$50,000 to $54,999",720
G4X,"$55,000 to $59,999",550
G4X,"$60,000 to $69,999",820
G4X,"$70,000 to $79,999",510
G4X,"$80,000 to $89,999",430
G4X,"$90,000 to $99,999",230
G4X,"$100,000 to $149,999",390
G4X,"$150,000 to $249,999",140
G4X,"$250,000 and over",50
G4Z,"Under $5,000",340
G4Z,"$5,000 to $9,999",300
G4Z,"$10,000 to $14,999",430
G4Z,"$15,000 to $19,999",460
G4Z,"$20,000 to $24,999",570
G4Z,"$25,000 to $29,999",410
G4Z,"$30,000 to $34,999",450
G4Z,"$35,000 to $39,999",510
G4Z,"$40,000 to $44,999",490
G4Z,"$45,000 to $49,999",500
G4Z,"$50,000 to $54,999",420
G4Z,"$55,000 to $59,999",330
G4Z,"$60,000 to $69,999",500
G4Z,"$70,000 to $79,999",430
G4Z,"$80,000 to $89,999",390
G4Z,"$90,000 to $99,999",300
G4Z,"$100,000 to $149,999",700
G4Z,"$150,000 to $249,999",150
G4Z,"$250,000 and over",40
G5A,"Under $5,000",310
G5A,"$5,000 to $9,999",360
G5A,"$10,000 to $14,999",600
G5A,"$15,000 to $19,999",720
G5A,"$20,000 to $24,999",750
G5A,"$25,000 to $29,999",550
G5A,"$30,000 to $34,999",500
G5A,"$35,000 to $39,999",520
G5A,"$40,000 to $44,999",510
G5A,"$45,000 to $49,999",440
G5A,"$50,000 to $54,999",330
G5A,"$55,000 to $59,999",270
G5A,"$60,000 to $69,999",380
G5A,"$70,000 to $79,999",250
G5A,"$80,000 to $89,999",190
G5A,"$90,000 to $99,999",120
G5A,"$100,000 to $149,999",200
G5A,"$150,000 to $249,999",60
G5A,"$250,000 and over",30
G5B,"Under $5,000",290
G5B,"$5,000 to $9,999",230
G5B,"$10,000 to $14,999",350
G5B,"$15,000 to $19,999",340
G5B,"$20,000 to $24,999",340
G5B,"$25,000 to $29,999",280
G5B,"$30,000 to $34,999",270
G5B,"$35,000 to $39,999",250
G5B,"$40,000 to $44,999",210
G5B,"$45,000 to $49,999",230
G5B,"$50,000 to $54,999",200
G5B,"$55,000 to $59,999",140
G5B,"$60,000 to $69,999",260
G5B,"$70,000 to $79,999",230
G5B,"$80,000 to $89,999",220
G5B,"$90,000 to $99,999",150
G5B,"$100,000 to $149,999",640
G5B,"$150,000 to $249,999",200
G5B,"$250,000 and over",20
G5C,"Under $5,000",350
G5C,"$5,000 to $9,999",470
G5C,"$10,000 to $14,999",680
G5C,"$15,000 to $19,999",730
G5C,"$20,000 to $24,999",920
G5C,"$25,000 to $29,999",620
G5C,"$30,000 to $34,999",560
G5C,"$35,000 to $39,999",620
G5C,"$40,000 to $44,999",570
G5C,"$45,000 to $49,999",550
G5C,"$50,000 to $54,999",440
G5C,"$55,000 to $59,999",400
G5C,"$60,000 to $69,999",580
G5C,"$70,000 to $79,999",450
G5C,"$80,000 to $89,999",360
G5C,"$90,000 to $99,999",330
G5C,"$100,000 to $149,999",770
G5C,"$150,000 to $249,999",120
G5C,"$250,000 and over",40
G5H,"Under $5,000",260
G5H,"$5,000 to $9,999",290
G5H,"$10,000 to $14,999",620
G5H,"$15,000 to $19,999",730
G5H,"$20,000 to $24,999",650
G5H,"$25,000 to $29,999",410
G5H,"$30,000 to $34,999",400
G5H,"$35,000 to $39,999",340
G5H,"$40,000 to $44,999",320
G5H,"$45,000 to $49,999",290
G5H,"$50,000 to $54,999",200
G5H,"$55,000 to $59,999",180
G5H,"$60,000 to $69,999",290
G5H,"$70,000 to $79,999",200
G5H,"$80,000 to $89,999",140
G5H,"$90,000 to $99,999",70
G5H,"$100,000 to $149,999",140
G5H,"$150,000 to $249,999",30
G5H,"$250,000 and over",10
G5J,"Under $5,000",210
G5J,"$5,000 to $9,999",270
G5J,"$10,000 to $14,999",490
G5J,"$15,000 to $19,999",600
G5J,"$20,000 to $24,999",590
G5J,"$25,000 to $29,999",370
G5J,"$30,000 to $34,999",290
G5J,"$35,000 to $39,999",290
G5J,"$40,000 to $44,999",310
G5J,"$45,000 to $49,999",320
G5J,"$50,000 to $54,999",210
G5J,"$55,000 to $59,999",190
G5J,"$60,000 to $69,999",260
G5J,"$70,000 to $79,999",230
G5J,"$80,000 to $89,999",190
G5J,"$90,000 to $99,999",80
G5J,"$100,000 to $149,999",150
G5J,"$150,000 to $249,999",60
G5J,"$250,000 and over",20
G5L,"Under $5,000",1100
G5L,"$5,000 to $9,999",1210
G5L,"$10,000 to $14,999",2030
G5L,"$15,000 to $19,999",2530
G5L,"$20,000 to $24,999",2650
G5L,"$25,000 to $29,999",1860
G5L,"$30,000 to $34,999",1740
G5L,"$35,000 to $39,999",1740
G5L,"$40,000 to $44,999",1560
G5L,"$45,000 to $49,999",1520
G5L,"$50,000 to $54,999",1120
G5L,"$55,000 to $59,999",970
G5L,"$60,000 to $69,999",1370
G5L,"$70,000 to $79,999",970
G5L,"$80,000 to $89,999",730
G5L,"$90,000 to $99,999",420
G5L,"$100,000 to $149,999",770
G5L,"$150,000 to $249,999",230
G5L,"$250,000 and over",120
G5M,"Under $5,000",240
G5M,"$5,000 to $9,999",280
G5M,"$10,000 to $14,999",420
G5M,"$15,000 to $19,999",450
G5M,"$20,000 to $24,999",430
G5M,"$25,000 to $29,999",430
G5M,"$30,000 to $34,999",400
G5M,"$35,000 to $39,999",470
G5M,"$40,000 to $44,999",480
G5M,"$45,000 to $49,999",470
G5M,"$50,000 to $54,999",410
G5M,"$55,000 to $59,999",350
G5M,"$60,000 to $69,999",560
G5M,"$70,000 to $79,999",470
G5M,"$80,000 to $89,999",370
G5M,"$90,000 to $99,999",250
G5M,"$100,000 to $149,999",470
G5M,"$150,000 to $249,999",110
G5M,"$250,000 and over",50
G5N,"Under $5,000",270
G5N,"$5,000 to $9,999",280
G5N,"$10,000 to $14,999",420
G5N,"$15,000 to $19,999",430
G5N,"$20,000 to $24,999",480
G5N,"$25,000 to $29,999",380
G5N,"$30,000 to $34,999",400
G5N,"$35,000 to $39,999",450
G5N,"$40,000 to $44,999",420
G5N,"$45,000 to $49,999",450
G5N,"$50,000 to $54,999",370
G5N,"$55,000 to $59,999",340
G5N,"$60,000 to $69,999",570
G5N,"$70,000 to $79,999",420
G5N,"$80,000 to $89,999",360
G5N,"$90,000 to $99,999",210
G5N,"$100,000 to $149,999",390
G5N,"$150,000 to $249,999",150
G5N,"$250,000 and over",70
G5R,"Under $5,000",640
G5R,"$5,000 to $9,999",770
G5R,"$10,000 to $14,999",1350
G5R,"$15,000 to $19,999",1610
G5R,"$20,000 to $24,999",1700
G5R,"$25,000 to $29,999",1190
G5R,"$30,000 to $34,999",1250
G5R,"$35,000 to $39,999",1220
G5R,"$40,000 to $44,999",1090
G5R,"$45,000 to $49,999",1000
G5R,"$50,000 to $54,999",860
G5R,"$55,000 to $59,999",710
G5R,"$60,000 to $69,999",1030
G5R,"$70,000 to $79,999",700
G5R,"$80,000 to $89,999",590
G5R,"$90,000 to $99,999",280
G5R,"$100,000 to $149,999",600
G5R,"$150,000 to $249,999",190
G5R,"$250,000 and over",110
G5T,"Under $5,000",100
G5T,"$5,000 to $9,999",140
G5T,"$10,000 to $14,999",250
G5T,"$15,000 to $19,999",250
G5T,"$20,000 to $24,999",300
G5T,"$25,000 to $29,999",190
G5T,"$30,000 to $34,999",190
G5T,"$35,000 to $39,999",150
G5T,"$40,000 to $44,999",150
G5T,"$45,000 to $49,999",170
G5T,"$50,000 to $54,999",130
G5T,"$55,000 to $59,999",90
G5T,"$60,000 to $69,999",110
G5T,"$70,000 to $79,999",80
G5T,"$80,000 to $89,999",60
G5T,"$90,000 to $99,999",30
G5T,"$100,000 to $149,999",50
G5T,"$150,000 to $249,999",20
G5T,"$250,000 and over",0
G5V,"Under $5,000",420
G5V,"$5,000 to $9,999",460
G5V,"$10,000 to $14,999",900
G5V,"$15,000 to $19,999",1000
G5V,"$20,000 to $24,999",1070
G5V,"$25,000 to $29,999",710
G5V,"$30,000 to $34,999",710
G5V,"$35,000 to $39,999",770
G5V,"$40,000 to $44,999",700
G5V,"$45,000 to $49,999",620
G5V,"$50,000 to $54,999",460
G5V,"$55,000 to $59,999",370
G5V,"$60,000 to $69,999",470
G5V,"$70,000 to $79,999",320
G5V,"$80,000 to $89,999",250
G5V,"$90,000 to $99,999",130
G5V,"$100,000 to $149,999",230
G5V,"$150,000 to $249,999",70
G5V,"$250,000 and over",40
G5X,"Under $5,000",220
G5X,"$5,000 to $9,999",220
G5X,"$10,000 to $14,999",440
G5X,"$15,000 to $19,999",510
G5X,"$20,000 to $24,999",510
G5X,"$25,000 to $29,999",350
G5X,"$30,000 to $34,999",340
G5X,"$35,000 to $39,999",390
G5X,"$40,000 to $44,999",350
G5X,"$45,000 to $49,999",320
G5X,"$50,000 to $54,999",260
G5X,"$55,000 to $59,999",230
G5X,"$60,000 to $69,999",290
G5X,"$70,000 to $79,999",210
G5X,"$80,000 to $89,999",160
G5X,"$90,000 to $99,999",80
G5X,"$100,000 to $149,999",150
G5X,"$150,000 to $249,999",40
G5X,"$250,000 and over",20
G5Y,"Under $5,000",790
G5Y,"$5,000 to $9,999",950
G5Y,"$10,000 to $14,999",1980
G5Y,"$15,000 to $19,999",1960
G5Y,"$20,000 to $24,999",2070
G5Y,"$25,000 to $29,999",1490
G5Y,"$30,000 to $34,999",1380
G5Y,"$35,000 to $39,999",1300
G5Y,"$40,000 to $44,999",1320
G5Y,"$45,000 to $49,999",1230
G5Y,"$50,000 to $54,999",980
G5Y,"$55,000 to $59,999",820
G5Y,"$60,000 to $69,999",1150
G5Y,"$70,000 to $79,999",800
G5Y,"$80,000 to $89,999",560
G5Y,"$90,000 to $99,999",320
G5Y,"$100,000 to $149,999",510
G5Y,"$150,000 to $249,999",160
G5Y,"$250,000 and over",90
G5Z,"Under $5,000",240
G5Z,"$5,000 to $9,999",260
G5Z,"$10,000 to $14,999",430
G5Z,"$15,000 to $19,999",460
G5Z,"$20,000 to $24,999",460
G5Z,"$25,000 to $29,999",380
G5Z,"$30,000 to $34,999",350
G5Z,"$35,000 to $39,999",350
G5Z,"$40,000 to $44,999",370
G5Z,"$45,000 to $49,999",360
G5Z,"$50,000 to $54,999",280
G5Z,"$55,000 to $59,999",280
G5Z,"$60,000 to $69,999",420
G5Z,"$70,000 to $79,999",360
G5Z,"$80,000 to $89,999",230
G5Z,"$90,000 to $99,999",130
G5Z,"$100,000 to $149,999",250
G5Z,"$150,000 to $249,999",90
G5Z,"$250,000 and over",60
G6A,"Under $5,000",80
G6A,"$5,000 to $9,999",90
G6A,"$10,000 to $14,999",140
G6A,"$15,000 to $19,999",90
G6A,"$20,000 to $24,999",100
G6A,"$25,000 to $29,999",110
G6A,"$30,000 to $34,999",110
G6A,"$35,000 to $39,999",100
G6A,"$40,000 to $44,999",90
G6A,"$45,000 to $49,999",110
G6A,"$50,000 to $54,999",100
G6A,"$55,000 to $59,999",90
G6A,"$60,000 to $69,999",160
G6A,"$70,000 to $79,999",130
G6A,"$80,000 to $89,999",110
G6A,"$90,000 to $99,999",50
G6A,"$100,000 to $149,999",100
G6A,"$150,000 to $249,999",40
G6A,"$250,000 and over",20
G6B,"Under $5,000",240
G6B,"$5,000 to $9,999",410
G6B,"$10,000 to $14,999",600
G6B,"$15,000 to $19,999",740
G6B,"$20,000 to $24,999",820
G6B,"$25,000 to $29,999",500
G6B,"$30,000 to $34,999",490
G6B,"$35,000 to $39,999",420
G6B,"$40,000 to $44,999",490
G6B,"$45,000 to $49,999",420
G6B,"$50,000 to $54,999",330
G6B,"$55,000 to $59,999",280
G6B,"$60,000 to $69,999",390
G6B,"$70,000 to $79,999",270
G6B,"$80,000 to $89,999",210
G6B,"$90,000 to $99,999",90
G6B,"$100,000 to $149,999",180
G6B,"$150,000 to $249,999",60
G6B,"$250,000 and over",30
G6C,"Under $5,000",210
G6C,"$5,000 to $9,999",230
G6C,"$10,000 to $14,999",400
G6C,"$15,000 to $19,999",380
G6C,"$20,000 to $24,999",390
G6C,"$25,000 to $29,999",350
G6C,"$30,000 to $34,999",360
G6C,"$35,000 to $39,999",420
G6C,"$40,000 to $44,999",420
G6C,"$45,000 to $49,999",450
G6C,"$50,000 to $54,999",350
G6C,"$55,000 to $59,999",320
G6C,"$60,000 to $69,999",520
G6C,"$70,000 to $79,999",390
G6C,"$80,000 to $89,999",300
G6C,"$90,000 to $99,999",180
G6C,"$100,000 to $149,999",320
G6C,"$150,000 to $249,999",110
G6C,"$250,000 and over",30
G6E,"Under $5,000",360
G6E,"$5,000 to $9,999",490
G6E,"$10,000 to $14,999",800
G6E,"$15,000 to $19,999",900
G6E,"$20,000 to $24,999",1010
G6E,"$25,000 to $29,999",760
G6E,"$30,000 to $34,999",670
G6E,"$35,000 to $39,999",770
G6E,"$40,000 to $44,999",790
G6E,"$45,000 to $49,999",750
G6E,"$50,000 to $54,999",600
G6E,"$55,000 to $59,999",550
G6E,"$60,000 to $69,999",800
G6E,"$70,000 to $79,999",600
G6E,"$80,000 to $89,999",460
G6E,"$90,000 to $99,999",240
G6E,"$100,000 to $149,999",410
G6E,"$150,000 to $249,999",140
G6E,"$250,000 and over",70
G6G,"Under $5,000",660
G6G,"$5,000 to $9,999",960
G6G,"$10,000 to $14,999",1520
G6G,"$15,000 to $19,999",1800
G6G,"$20,000 to $24,999",2160
G6G,"$25,000 to $29,999",1300
G6G,"$30,000 to $34,999",1170
G6G,"$35,000 to $39,999",1220
G6G,"$40,000 to $44,999",1030
G6G,"$45,000 to $49,999",990
G6G,"$50,000 to $54,999",760
G6G,"$55,000 to $59,999",750
G6G,"$60,000 to $69,999",890
G6G,"$70,000 to $79,999",600
G6G,"$80,000 to $89,999",390
G6G,"$90,000 to $99,999",210
G6G,"$100,000 to $149,999",430
G6G,"$150,000 to $249,999",140
G6G,"$250,000 and over",70
G6H,"Under $5,000",230
G6H,"$5,000 to $9,999",290
G6H,"$10,000 to $14,999",550
G6H,"$15,000 to $19,999",590
G6H,"$20,000 to $24,999",720
G6H,"$25,000 to $29,999",500
G6H,"$30,000 to $34,999",440
G6H,"$35,000 to $39,999",430
G6H,"$40,000 to $44,999",390
G6H,"$45,000 to $49,999",370
G6H,"$50,000 to $54,999",300
G6H,"$55,000 to $59,999",270
G6H,"$60,000 to $69,999",330
G6H,"$70,000 to $79,999",210
G6H,"$80,000 to $89,999",130
G6H,"$90,000 to $99,999",70
G6H,"$100,000 to $149,999",110
G6H,"$150,000 to $249,999",30
G6H,"$250,000 and over",10
G6J,"Under $5,000",370
G6J,"$5,000 to $9,999",370
G6J,"$10,000 to $14,999",470
G6J,"$15,000 to $19,999",500
G6J,"$20,000 to $24,999",510
G6J,"$25,000 to $29,999",430
G6J,"$30,000 to $34,999",470
G6J,"$35,000 to $39,999",530
G6J,"$40,000 to $44,999",590
G6J,"$45,000 to $49,999",590
G6J,"$50,000 to $54,999",480
G6J,"$55,000 to $59,999",440
G6J,"$60,000 to $69,999",730
G6J,"$70,000 to $79,999",550
G6J,"$80,000 to $89,999",430
G6J,"$90,000 to $99,999",300
G6J,"$100,000 to $149,999",500
G6J,"$150,000 to $249,999",100
G6J,"$250,000 and over",30
G6K,"Under $5,000",240
G6K,"$5,000 to $9,999",280
G6K,"$10,000 to $14,999",350
G6K,"$15,000 to $19,999",360
G6K,"$20,000 to $24,999",350
G6K,"$25,000 to $29,999",300
G6K,"$30,000 to $34,999",310
G6K,"$35,000 to $39,999",350
G6K,"$40,000 to $44,999",370
G6K,"$45,000 to $49,999",390
G6K,"$50,000 to $54,999",360
G6K,"$55,000 to $59,999",290
G6K,"$60,000 to $69,999",560
G6K,"$70,000 to $79,999",510
G6K,"$80,000 to $89,999",430
G6K,"$90,000 to $99,999",280
G6K,"$100,000 to $149,999",540
G6K,"$150,000 to $249,999",180
G6K,"$250,000 and over",60
G6L,"Under $5,000",520
G6L,"$5,000 to $9,999",710
G6L,"$10,000 to $14,999",1120
G6L,"$15,000 to $19,999",1340
G6L,"$20,000 to $24,999",1460
G6L,"$25,000 to $29,999",950
G6L,"$30,000 to $34,999",950
G6L,"$35,000 to $39,999",1000
G6L,"$40,000 to $44,999",940
G6L,"$45,000 to $49,999",790
G6L,"$50,000 to $54,999",610
G6L,"$55,000 to $59,999",510
G6L,"$60,000 to $69,999",650
G6L,"$70,000 to $79,999",450
G6L,"$80,000 to $89,999",280
G6L,"$90,000 to $99,999",160
G6L,"$100,000 to $149,999",240
G6L,"$150,000 to $249,999",80
G6L,"$250,000 and over",40
G6P,"Under $5,000",890
G6P,"$5,000 to $9,999",1330
G6P,"$10,000 to $14,999",2530
G6P,"$15,000 to $19,999",3050
G6P,"$20,000 to $24,999",3220
G6P,"$25,000 to $29,999",2050
G6P,"$30,000 to $34,999",1780
G6P,"$35,000 to $39,999",1710
G6P,"$40,000 to $44,999",1550
G6P,"$45,000 to $49,999",1330
G6P,"$50,000 to $54,999",1050
G6P,"$55,000 to $59,999",860
G6P,"$60,000 to $69,999",1170
G6P,"$70,000 to $79,999",840
G6P,"$80,000 to $89,999",530
G6P,"$90,000 to $99,999",290
G6P,"$100,000 to $149,999",500
G6P,"$150,000 to $249,999",220
G6P,"$250,000 and over",90
G6R,"Under $5,000",160
G6R,"$5,000 to $9,999",200
G6R,"$10,000 to $14,999",260
G6R,"$15,000 to $19,999",270
G6R,"$20,000 to $24,999",270
G6R,"$25,000 to $29,999",230
G6R,"$30,000 to $34,999",210
G6R,"$35,000 to $39,999",230
G6R,"$40,000 to $44,999",240
G6R,"$45,000 to $49,999",230
G6R,"$50,000 to $54,999",180
G6R,"$55,000 to $59,999",150
G6R,"$60,000 to $69,999",260
G6R,"$70,000 to $79,999",210
G6R,"$80,000 to $89,999",160
G6R,"$90,000 to $99,999",130
G6R,"$100,000 to $149,999",170
G6R,"$150,000 to $249,999",50
G6R,"$250,000 and over",10
G6S,"Under $5,000",160
G6S,"$5,000 to $9,999",210
G6S,"$10,000 to $14,999",310
G6S,"$15,000 to $19,999",340
G6S,"$20,000 to $24,999",420
G6S,"$25,000 to $29,999",310
G6S,"$30,000 to $34,999",300
G6S,"$35,000 to $39,999",290
G6S,"$40,000 to $44,999",300
G6S,"$45,000 to $49,999",260
G6S,"$50,000 to $54,999",190
G6S,"$55,000 to $59,999",220
G6S,"$60,000 to $69,999",280
G6S,"$70,000 to $79,999",190
G6S,"$80,000 to $89,999",170
G6S,"$90,000 to $99,999",100
G6S,"$100,000 to $149,999",170
G6S,"$150,000 to $249,999",60
G6S,"$250,000 and over",30
G6T,"Under $5,000",330
G6T,"$5,000 to $9,999",410
G6T,"$10,000 to $14,999",560
G6T,"$15,000 to $19,999",560
G6T,"$20,000 to $24,999",600
G6T,"$25,000 to $29,999",540
G6T,"$30,000 to $34,999",540
G6T,"$35,000 to $39,999",550
G6T,"$40,000 to $44,999",610
G6T,"$45,000 to $49,999",530
G6T,"$50,000 to $54,999",500
G6T,"$55,000 to $59,999",440
G6T,"$60,000 to $69,999",660
G6T,"$70,000 to $79,999",550
G6T,"$80,000 to $89,999",390
G6T,"$90,000 to $99,999",200
G6T,"$100,000 to $149,999",410
G6T,"$150,000 to $249,999",120
G6T,"$250,000 and over",50
G6V,"Under $5,000",970
G6V,"$5,000 to $9,999",1210
G6V,"$10,000 to $14,999",1890
G6V,"$15,000 to $19,999",2320
G6V,"$20,000 to $24,999",2750
G6V,"$25,000 to $29,999",1940
G6V,"$30,000 to $34,999",1820
G6V,"$35,000 to $39,999",1880
G6V,"$40,000 to $44,999",1820
G6V,"$45,000 to $49,999",1920
G6V,"$50,000 to $54,999",1440
G6V,"$55,000 to $59,999",1200
G6V,"$60,000 to $69,999",1810
G6V,"$70,000 to $79,999",1250
G6V,"$80,000 to $89,999",980
G6V,"$90,000 to $99,999",590
G6V,"$100,000 to $149,999",1020
G6V,"$150,000 to $249,999",380
G6V,"$250,000 and over",190
G6W,"Under $5,000",730
G6W,"$5,000 to $9,999",760
G6W,"$10,000 to $14,999",1220
G6W,"$15,000 to $19,999",1360
G6W,"$20,000 to $24,999",1580
G6W,"$25,000 to $29,999",1310
G6W,"$30,000 to $34,999",1230
G6W,"$35,000 to $39,999",1390
G6W,"$40,000 to $44,999",1330
G6W,"$45,000 to $49,999",1390
G6W,"$50,000 to $54,999",1140
G6W,"$55,000 to $59,999",980
G6W,"$60,000 to $69,999",1610
G6W,"$70,000 to $79,999",1200
G6W,"$80,000 to $89,999",1030
G6W,"$90,000 to $99,999",570
G6W,"$100,000 to $149,999",1110
G6W,"$150,000 to $249,999",360
G6W,"$250,000 and over",140
G6X,"Under $5,000",250
G6X,"$5,000 to $9,999",320
G6X,"$10,000 to $14,999",450
G6X,"$15,000 to $19,999",510
G6X,"$20,000 to $24,999",670
G6X,"$25,000 to $29,999",500
G6X,"$30,000 to $34,999",520
G6X,"$35,000 to $39,999",600
G6X,"$40,000 to $44,999",550
G6X,"$45,000 to $49,999",600
G6X,"$50,000 to $54,999",500
G6X,"$55,000 to $59,999",440
G6X,"$60,000 to $69,999",610
G6X,"$70,000 to $79,999",410
G6X,"$80,000 to $89,999",330
G6X,"$90,000 to $99,999",190
G6X,"$100,000 to $149,999",310
G6X,"$150,000 to $249,999",70
G6X,"$250,000 and over",30
G6Y,"Under $5,000",180
G6Y,"$5,000 to $9,999",210
G6Y,"$10,000 to $14,999",300
G6Y,"$15,000 to $19,999",260
G6Y,"$20,000 to $24,999",280
G6Y,"$25,000 to $29,999",240
G6Y,"$30,000 to $34,999",240
G6Y,"$35,000 to $39,999",240
G6Y,"$40,000 to $44,999",270
G6Y,"$45,000 to $49,999",300
G6Y,"$50,000 to $54,999",280
G6Y,"$55,000 to $59,999",260
G6Y,"$60,000 to $69,999",410
G6Y,"$70,000 to $79,999",350
G6Y,"$80,000 to $89,999",330
G6Y,"$90,000 to $99,999",200
G6Y,"$100,000 to $149,999",410
G6Y,"$150,000 to $249,999",150
G6Y,"$250,000 and over",70
G6Z,"Under $5,000",740
G6Z,"$5,000 to $9,999",740
G6Z,"$10,000 to $14,999",980
G6Z,"$15,000 to $19,999",1020
G6Z,"$20,000 to $24,999",1140
G6Z,"$25,000 to $29,999",950
G6Z,"$30,000 to $34,999",1010
G6Z,"$35,000 to $39,999",1120
G6Z,"$40,000 to $44,999",1140
G6Z,"$45,000 to $49,999",1320
G6Z,"$50,000 to $54,999",1070
G6Z,"$55,000 to $59,999",1020
G6Z,"$60,000 to $69,999",1640
G6Z,"$70,000 to $79,999",1430
G6Z,"$80,000 to $89,999",1150
G6Z,"$90,000 to $99,999",700
G6Z,"$100,000 to $149,999",1460
G6Z,"$150,000 to $249,999",400
G6Z,"$250,000 and over",150
G7A,"Under $5,000",780
G7A,"$5,000 to $9,999",790
G7A,"$10,000 to $14,999",970
G7A,"$15,000 to $19,999",1050
G7A,"$20,000 to $24,999",1050
G7A,"$25,000 to $29,999",900
G7A,"$30,000 to $34,999",890
G7A,"$35,000 to $39,999",970
G7A,"$40,000 to $44,999",1100
G7A,"$45,000 to $49,999",1200
G7A,"$50,000 to $54,999",990
G7A,"$55,000 to $59,999",920
G7A,"$60,000 to $69,999",1560
G7A,"$70,000 to $79,999",1330
G7A,"$80,000 to $89,999",1240
G7A,"$90,000 to $99,999",830
G7A,"$100,000 to $149,999",1710
G7A,"$150,000 to $249,999",600
G7A,"$250,000 and over",280
G7B,"Under $5,000",620
G7B,"$5,000 to $9,999",780
G7B,"$10,000 to $14,999",1140
G7B,"$15,000 to $19,999",1260
G7B,"$20,000 to $24,999",1380
G7B,"$25,000 to $29,999",990
G7B,"$30,000 to $34,999",1010
G7B,"$35,000 to $39,999",1000
G7B,"$40,000 to $44,999",970
G7B,"$45,000 to $49,999",910
G7B,"$50,000 to $54,999",700
G7B,"$55,000 to $59,999",590
G7B,"$60,000 to $69,999",950
G7B,"$70,000 to $79,999",690
G7B,"$80,000 to $89,999",530
G7B,"$90,000 to $99,999",350
G7B,"$100,000 to $149,999",730
G7B,"$150,000 to $249,999",170
G7B,"$250,000 and over",40
G7G,"Under $5,000",620
G7G,"$5,000 to $9,999",710
G7G,"$10,000 to $14,999",1040
G7G,"$15,000 to $19,999",1120
G7G,"$20,000 to $24,999",1210
G7G,"$25,000 to $29,999",960
G7G,"$30,000 to $34,999",810
G7G,"$35,000 to $39,999",900
G7G,"$40,000 to $44,999",910
G7G,"$45,000 to $49,999",880
G7G,"$50,000 to $54,999",670
G7G,"$55,000 to $59,999",630
G7G,"$60,000 to $69,999",870
G7G,"$70,000 to $79,999",630
G7G,"$80,000 to $89,999",500
G7G,"$90,000 to $99,999",310
G7G,"$100,000 to $149,999",700
G7G,"$150,000 to $249,999",190
G7G,"$250,000 and over",70
G7H,"Under $5,000",1240
G7H,"$5,000 to $9,999",1170
G7H,"$10,000 to $14,999",1790
G7H,"$15,000 to $19,999",2240
G7H,"$20,000 to $24,999",2420
G7H,"$25,000 to $29,999",1590
G7H,"$30,000 to $34,999",1390
G7H,"$35,000 to $39,999",1430
G7H,"$40,000 to $44,999",1390
G7H,"$45,000 to $49,999",1410
G7H,"$50,000 to $54,999",1090
G7H,"$55,000 to $59,999",920
G7H,"$60,000 to $69,999",1390
G7H,"$70,000 to $79,999",1090
G7H,"$80,000 to $89,999",860
G7H,"$90,000 to $99,999",560
G7H,"$100,000 to $149,999",1270
G7H,"$150,000 to $249,999",520
G7H,"$250,000 and over",290
G7J,"Under $5,000",470
G7J,"$5,000 to $9,999",750
G7J,"$10,000 to $14,999",990
G7J,"$15,000 to $19,999",1070
G7J,"$20,000 to $24,999",1030
G7J,"$25,000 to $29,999",810
G7J,"$30,000 to $34,999",800
G7J,"$35,000 to $39,999",770
G7J,"$40,000 to $44,999",740
G7J,"$45,000 to $49,999",680
G7J,"$50,000 to $54,999",560
G7J,"$55,000 to $59,999",500
G7J,"$60,000 to $69,999",760
G7J,"$70,000 to $79,999",550
G7J,"$80,000 to $89,999",430
G7J,"$90,000 to $99,999",280
G7J,"$100,000 to $149,999",580
G7J,"$150,000 to $249,999",210
G7J,"$250,000 and over",90
G7K,"Under $5,000",20
G7K,"$5,000 to $9,999",30
G7K,"$10,000 to $14,999",30
G7K,"$15,000 to $19,999",30
G7K,"$20,000 to $24,999",40
G7K,"$25,000 to $29,999",50
G7K,"$30,000 to $34,999",40
G7K,"$35,000 to $39,999",40
G7K,"$40,000 to $44,999",40
G7K,"$45,000 to $49,999",40
G7K,"$50,000 to $54,999",40
G7K,"$55,000 to $59,999",30
G7K,"$60,000 to $69,999",40
G7K,"$70,000 to $79,999",30
G7K,"$80,000 to $89,999",20
G7K,"$90,000 to $99,999",20
G7K,"$100,000 to $149,999",20
G7K,"$150,000 to $249,999",0
G7K,"$250,000 and over",0
G7N,"Under $5,000",230
G7N,"$5,000 to $9,999",180
G7N,"$10,000 to $14,999",290
G7N,"$15,000 to $19,999",340
G7N,"$20,000 to $24,999",330
G7N,"$25,000 to $29,999",280
G7N,"$30,000 to $34,999",280
G7N,"$35,000 to $39,999",300
G7N,"$40,000 to $44,999",300
G7N,"$45,000 to $49,999",300
G7N,"$50,000 to $54,999",290
G7N,"$55,000 to $59,999",250
G7N,"$60,000 to $69,999",380
G7N,"$70,000 to $79,999",340
G7N,"$80,000 to $89,999",270
G7N,"$90,000 to $99,999",160
G7N,"$100,000 to $149,999",440
G7N,"$150,000 to $249,999",100
G7N,"$250,000 and over",50
G7P,"Under $5,000",340
G7P,"$5,000 to $9,999",300
G7P,"$10,000 to $14,999",410
G7P,"$15,000 to $19,999",460
G7P,"$20,000 to $24,999",490
G7P,"$25,000 to $29,999",370
G7P,"$30,000 to $34,999",350
G7P,"$35,000 to $39,999",360
G7P,"$40,000 to $44,999",390
G7P,"$45,000 to $49,999",330
G7P,"$50,000 to $54,999",310
G7P,"$55,000 to $59,999",290
G7P,"$60,000 to $69,999",430
G7P,"$70,000 to $79,999",280
G7P,"$80,000 to $89,999",210
G7P,"$90,000 to $99,999",150
G7P,"$100,000 to $149,999",390
G7P,"$150,000 to $249,999",80
G7P,"$250,000 and over",30
G7S,"Under $5,000",640
G7S,"$5,000 to $9,999",710
G7S,"$10,000 to $14,999",970
G7S,"$15,000 to $19,999",1020
G7S,"$20,000 to $24,999",1210
G7S,"$25,000 to $29,999",950
G7S,"$30,000 to $34,999",940
G7S,"$35,000 to $39,999",960
G7S,"$40,000 to $44,999",1010
G7S,"$45,000 to $49,999",1080
G7S,"$50,000 to $54,999",960
G7S,"$55,000 to $59,999",840
G7S,"$60,000 to $69,999",1250
G7S,"$70,000 to $79,999",840
G7S,"$80,000 to $89,999",790
G7S,"$90,000 to $99,999",510
G7S,"$100,000 to $149,999",1070
G7S,"$150,000 to $249,999",320
G7S,"$250,000 and over",110
G7T,"Under $5,000",40
G7T,"$5,000 to $9,999",30
G7T,"$10,000 to $14,999",50
G7T,"$15,000 to $19,999",50
G7T,"$20,000 to $24,999",50
G7T,"$25,000 to $29,999",60
G7T,"$30,000 to $34,999",50
G7T,"$35,000 to $39,999",60
G7T,"$40,000 to $44,999",70
G7T,"$45,000 to $49,999",60
G7T,"$50,000 to $54,999",80
G7T,"$55,000 to $59,999",60
G7T,"$60,000 to $69,999",100
G7T,"$70,000 to $79,999",90
G7T,"$80,000 to $89,999",50
G7T,"$90,000 to $99,999",40
G7T,"$100,000 to $149,999",110
G7T,"$150,000 to $249,999",20
G7T,"$250,000 and over",0
G7X,"Under $5,000",970
G7X,"$5,000 to $9,999",1320
G7X,"$10,000 to $14,999",1930
G7X,"$15,000 to $19,999",2190
G7X,"$20,000 to $24,999",2170
G7X,"$25,000 to $29,999",1570
G7X,"$30,000 to $34,999",1370
G7X,"$35,000 to $39,999",1420
G7X,"$40,000 to $44,999",1330
G7X,"$45,000 to $49,999",1280
G7X,"$50,000 to $54,999",1030
G7X,"$55,000 to $59,999",880
G7X,"$60,000 to $69,999",1190
G7X,"$70,000 to $79,999",790
G7X,"$80,000 to $89,999",570
G7X,"$90,000 to $99,999",390
G7X,"$100,000 to $149,999",790
G7X,"$150,000 to $249,999",220
G7X,"$250,000 and over",80
G7Y,"Under $5,000",30
G7Y,"$5,000 to $9,999",20
G7Y,"$10,000 to $14,999",40
G7Y,"$15,000 to $19,999",50
G7Y,"$20,000 to $24,999",50
G7Y,"$25,000 to $29,999",30
G7Y,"$30,000 to $34,999",30
G7Y,"$35,000 to $39,999",30
G7Y,"$40,000 to $44,999",30
G7Y,"$45,000 to $49,999",40
G7Y,"$50,000 to $54,999",40
G7Y,"$55,000 to $59,999",40
G7Y,"$60,000 to $69,999",50
G7Y,"$70,000 to $79,999",20
G7Y,"$80,000 to $89,999",20
G7Y,"$90,000 to $99,999",20
G7Y,"$100,000 to $149,999",30
G7Y,"$150,000 to $249,999",10
G7Y,"$250,000 and over",0
G7Z,"Under $5,000",100
G7Z,"$5,000 to $9,999",100
G7Z,"$10,000 to $14,999",140
G7Z,"$15,000 to $19,999",150
G7Z,"$20,000 to $24,999",150
G7Z,"$25,000 to $29,999",120
G7Z,"$30,000 to $34,999",130
G7Z,"$35,000 to $39,999",140
G7Z,"$40,000 to $44,999",140
G7Z,"$45,000 to $49,999",150
G7Z,"$50,000 to $54,999",120
G7Z,"$55,000 to $59,999",110
G7Z,"$60,000 to $69,999",190
G7Z,"$70,000 to $79,999",130
G7Z,"$80,000 to $89,999",100
G7Z,"$90,000 to $99,999",70
G7Z,"$100,000 to $149,999",190
G7Z,"$150,000 to $249,999",40
G7Z,"$250,000 and over",20
G8A,"Under $5,000",230
G8A,"$5,000 to $9,999",260
G8A,"$10,000 to $14,999",390
G8A,"$15,000 to $19,999",460
G8A,"$20,000 to $24,999",470
G8A,"$25,000 to $29,999",360
G8A,"$30,000 to $34,999",340
G8A,"$35,000 to $39,999",320
G8A,"$40,000 to $44,999",310
G8A,"$45,000 to $49,999",310
G8A,"$50,000 to $54,999",250
G8A,"$55,000 to $59,999",230
G8A,"$60,000 to $69,999",290
G8A,"$70,000 to $79,999",230
G8A,"$80,000 to $89,999",160
G8A,"$90,000 to $99,999",110
G8A,"$100,000 to $149,999",250
G8A,"$150,000 to $249,999",50
G8A,"$250,000 and over",10
G8B,"Under $5,000",850
G8B,"$5,000 to $9,999",1090
G8B,"$10,000 to $14,999",1630
G8B,"$15,000 to $19,999",1760
G8B,"$20,000 to $24,999",1940
G8B,"$25,000 to $29,999",1340
G8B,"$30,000 to $34,999",1230
G8B,"$35,000 to $39,999",1240
G8B,"$40,000 to $44,999",1180
G8B,"$45,000 to $49,999",1120
G8B,"$50,000 to $54,999",910
G8B,"$55,000 to $59,999",750
G8B,"$60,000 to $69,999",950
G8B,"$70,000 to $79,999",700
G8B,"$80,000 to $89,999",600
G8B,"$90,000 to $99,999",390
G8B,"$100,000 to $149,999",790
G8B,"$150,000 to $249,999",200
G8B,"$250,000 and over",80
G8C,"Under $5,000",160
G8C,"$5,000 to $9,999",160
G8C,"$10,000 to $14,999",220
G8C,"$15,000 to $19,999",190
G8C,"$20,000 to $24,999",200
G8C,"$25,000 to $29,999",170
G8C,"$30,000 to $34,999",190
G8C,"$35,000 to $39,999",180
G8C,"$40,000 to $44,999",200
G8C,"$45,000 to $49,999",240
G8C,"$50,000 to $54,999",210
G8C,"$55,000 to $59,999",190
G8C,"$60,000 to $69,999",250
G8C,"$70,000 to $79,999",220
G8C,"$80,000 to $89,999",210
G8C,"$90,000 to $99,999",160
G8C,"$100,000 to $149,999",300
G8C,"$150,000 to $249,999",90
G8C,"$250,000 and over",20
G8E,"Under $5,000",180
G8E,"$5,000 to $9,999",150
G8E,"$10,000 to $14,999",250
G8E,"$15,000 to $19,999",280
G8E,"$20,000 to $24,999",250
G8E,"$25,000 to $29,999",220
G8E,"$30,000 to $34,999",210
G8E,"$35,000 to $39,999",210
G8E,"$40,000 to $44,999",190
G8E,"$45,000 to $49,999",200
G8E,"$50,000 to $54,999",160
G8E,"$55,000 to $59,999",140
G8E,"$60,000 to $69,999",200
G8E,"$70,000 to $79,999",120
G8E,"$80,000 to $89,999",120
G8E,"$90,000 to $99,999",80
G8E,"$100,000 to $149,999",170
G8E,"$150,000 to $249,999",40
G8E,"$250,000 and over",20
G8G,"Under $5,000",140
G8G,"$5,000 to $9,999",170
G8G,"$10,000 to $14,999",270
G8G,"$15,000 to $19,999",330
G8G,"$20,000 to $24,999",310
G8G,"$25,000 to $29,999",230
G8G,"$30,000 to $34,999",200
G8G,"$35,000 to $39,999",240
G8G,"$40,000 to $44,999",210
G8G,"$45,000 to $49,999",210
G8G,"$50,000 to $54,999",160
G8G,"$55,000 to $59,999",160
G8G,"$60,000 to $69,999",200
G8G,"$70,000 to $79,999",140
G8G,"$80,000 to $89,999",80
G8G,"$90,000 to $99,999",60
G8G,"$100,000 to $149,999",160
G8G,"$150,000 to $249,999",30
G8G,"$250,000 and over",10
G8H,"Under $5,000",420
G8H,"$5,000 to $9,999",500
G8H,"$10,000 to $14,999",720
G8H,"$15,000 to $19,999",800
G8H,"$20,000 to $24,999",890
G8H,"$25,000 to $29,999",610
G8H,"$30,000 to $34,999",580
G8H,"$35,000 to $39,999",600
G8H,"$40,000 to $44,999",480
G8H,"$45,000 to $49,999",500
G8H,"$50,000 to $54,999",390
G8H,"$55,000 to $59,999",310
G8H,"$60,000 to $69,999",460
G8H,"$70,000 to $79,999",370
G8H,"$80,000 to $89,999",240
G8H,"$90,000 to $99,999",150
G8H,"$100,000 to $149,999",260
G8H,"$150,000 to $249,999",90
G8H,"$250,000 and over",40
G8J,"Under $5,000",220
G8J,"$5,000 to $9,999",220
G8J,"$10,000 to $14,999",290
G8J,"$15,000 to $19,999",320
G8J,"$20,000 to $24,999",300
G8J,"$25,000 to $29,999",230
G8J,"$30,000 to $34,999",220
G8J,"$35,000 to $39,999",210
G8J,"$40,000 to $44,999",200
G8J,"$45,000 to $49,999",210
G8J,"$50,000 to $54,999",150
G8J,"$55,000 to $59,999",160
G8J,"$60,000 to $69,999",220
G8J,"$70,000 to $79,999",140
G8J,"$80,000 to $89,999",110
G8J,"$90,000 to $99,999",60
G8J,"$100,000 to $149,999",130
G8J,"$150,000 to $249,999",30
G8J,"$250,000 and over",20
G8K,"Under $5,000",490
G8K,"$5,000 to $9,999",480
G8K,"$10,000 to $14,999",700
G8K,"$15,000 to $19,999",820
G8K,"$20,000 to $24,999",870
G8K,"$25,000 to $29,999",520
G8K,"$30,000 to $34,999",550
G8K,"$35,000 to $39,999",520
G8K,"$40,000 to $44,999",480
G8K,"$45,000 to $49,999",500
G8K,"$50,000 to $54,999",390
G8K,"$55,000 to $59,999",350
G8K,"$60,000 to $69,999",530
G8K,"$70,000 to $79,999",430
G8K,"$80,000 to $89,999",350
G8K,"$90,000 to $99,999",190
G8K,"$100,000 to $149,999",310
G8K,"$150,000 to $249,999",80
G8K,"$250,000 and over",50
G8L,"Under $5,000",590
G8L,"$5,000 to $9,999",680
G8L,"$10,000 to $14,999",1130
G8L,"$15,000 to $19,999",1360
G8L,"$20,000 to $24,999",1400
G8L,"$25,000 to $29,999",850
G8L,"$30,000 to $34,999",750
G8L,"$35,000 to $39,999",800
G8L,"$40,000 to $44,999",660
G8L,"$45,000 to $49,999",640
G8L,"$50,000 to $54,999",540
G8L,"$55,000 to $59,999",420
G8L,"$60,000 to $69,999",690
G8L,"$70,000 to $79,999",510
G8L,"$80,000 to $89,999",410
G8L,"$90,000 to $99,999",220
G8L,"$100,000 to $149,999",390
G8L,"$150,000 to $249,999",130
G8L,"$250,000 and over",50
G8M,"Under $5,000",210
G8M,"$5,000 to $9,999",240
G8M,"$10,000 to $14,999",360
G8M,"$15,000 to $19,999",430
G8M,"$20,000 to $24,999",400
G8M,"$25,000 to $29,999",270
G8M,"$30,000 to $34,999",280
G8M,"$35,000 to $39,999",280
G8M,"$40,000 to $44,999",270
G8M,"$45,000 to $49,999",230
G8M,"$50,000 to $54,999",200
G8M,"$55,000 to $59,999",170
G8M,"$60,000 to $69,999",330
G8M,"$70,000 to $79,999",240
G8M,"$80,000 to $89,999",140
G8M,"$90,000 to $99,999",70
G8M,"$100,000 to $149,999",150
G8M,"$150,000 to $249,999",40
G8M,"$250,000 and over",20
G8N,"Under $5,000",90
G8N,"$5,000 to $9,999",120
G8N,"$10,000 to $14,999",170
G8N,"$15,000 to $19,999",220
G8N,"$20,000 to $24,999",190
G8N,"$25,000 to $29,999",130
G8N,"$30,000 to $34,999",140
G8N,"$35,000 to $39,999",140
G8N,"$40,000 to $44,999",110
G8N,"$45,000 to $49,999",140
G8N,"$50,000 to $54,999",90
G8N,"$55,000 to $59,999",90
G8N,"$60,000 to $69,999",140
G8N,"$70,000 to $79,999",80
G8N,"$80,000 to $89,999",70
G8N,"$90,000 to $99,999",30
G8N,"$100,000 to $149,999",110
G8N,"$150,000 to $249,999",20
G8N,"$250,000 and over",0
G8P,"Under $5,000",270
G8P,"$5,000 to $9,999",290
G8P,"$10,000 to $14,999",400
G8P,"$15,000 to $19,999",400
G8P,"$20,000 to $24,999",490
G8P,"$25,000 to $29,999",300
G8P,"$30,000 to $34,999",310
G8P,"$35,000 to $39,999",300
G8P,"$40,000 to $44,999",260
G8P,"$45,000 to $49,999",260
G8P,"$50,000 to $54,999",310
G8P,"$55,000 to $59,999",270
G8P,"$60,000 to $69,999",490
G8P,"$70,000 to $79,999",430
G8P,"$80,000 to $89,999",270
G8P,"$90,000 to $99,999",230
G8P,"$100,000 to $149,999",470
G8P,"$150,000 to $249,999",110
G8P,"$250,000 and over",40
G8T,"Under $5,000",1040
G8T,"$5,000 to $9,999",1400
G8T,"$10,000 to $14,999",2270
G8T,"$15,000 to $19,999",2740
G8T,"$20,000 to $24,999",2890
G8T,"$25,000 to $29,999",1910
G8T,"$30,000 to $34,999",1750
G8T,"$35,000 to $39,999",1630
G8T,"$40,000 to $44,999",1510
G8T,"$45,000 to $49,999",1330
G8T,"$50,000 to $54,999",1020
G8T,"$55,000 to $59,999",770
G8T,"$60,000 to $69,999",1090
G8T,"$70,000 to $79,999",700
G8T,"$80,000 to $89,999",470
G8T,"$90,000 to $99,999",290
G8T,"$100,000 to $149,999",450
G8T,"$150,000 to $249,999",120
G8T,"$250,000 and over",50
G8V,"Under $5,000",360
G8V,"$5,000 to $9,999",340
G8V,"$10,000 to $14,999",540
G8V,"$15,000 to $19,999",530
G8V,"$20,000 to $24,999",570
G8V,"$25,000 to $29,999",480
G8V,"$30,000 to $34,999",510
G8V,"$35,000 to $39,999",540
G8V,"$40,000 to $44,999",510
G8V,"$45,000 to $49,999",540
G8V,"$50,000 to $54,999",400
G8V,"$55,000 to $59,999",380
G8V,"$60,000 to $69,999",610
G8V,"$70,000 to $79,999",460
G8V,"$80,000 to $89,999",360
G8V,"$90,000 to $99,999",260
G8V,"$100,000 to $149,999",480
G8V,"$150,000 to $249,999",130
G8V,"$250,000 and over",50
G8W,"Under $5,000",380
G8W,"$5,000 to $9,999",410
G8W,"$10,000 to $14,999",610
G8W,"$15,000 to $19,999",670
G8W,"$20,000 to $24,999",810
G8W,"$25,000 to $29,999",570
G8W,"$30,000 to $34,999",540
G8W,"$35,000 to $39,999",570
G8W,"$40,000 to $44,999",580
G8W,"$45,000 to $49,999",600
G8W,"$50,000 to $54,999",460
G8W,"$55,000 to $59,999",400
G8W,"$60,000 to $69,999",610
G8W,"$70,000 to $79,999",470
G8W,"$80,000 to $89,999",400
G8W,"$90,000 to $99,999",250
G8W,"$100,000 to $149,999",500
G8W,"$150,000 to $249,999",170
G8W,"$250,000 and over",60
G8Y,"Under $5,000",1410
G8Y,"$5,000 to $9,999",1400
G8Y,"$10,000 to $14,999",1910
G8Y,"$15,000 to $19,999",2170
G8Y,"$20,000 to $24,999",2440
G8Y,"$25,000 to $29,999",1780
G8Y,"$30,000 to $34,999",1620
G8Y,"$35,000 to $39,999",1800
G8Y,"$40,000 to $44,999",1640
G8Y,"$45,000 to $49,999",1760
G8Y,"$50,000 to $54,999",1430
G8Y,"$55,000 to $59,999",1210
G8Y,"$60,000 to $69,999",1840
G8Y,"$70,000 to $79,999",1330
G8Y,"$80,000 to $89,999",1130
G8Y,"$90,000 to $99,999",700
G8Y,"$100,000 to $149,999",1380
G8Y,"$150,000 to $249,999",490
G8Y,"$250,000 and over",230
G8Z,"Under $5,000",830
G8Z,"$5,000 to $9,999",790
G8Z,"$10,000 to $14,999",1040
G8Z,"$15,000 to $19,999",1180
G8Z,"$20,000 to $24,999",1230
G8Z,"$25,000 to $29,999",890
G8Z,"$30,000 to $34,999",760
G8Z,"$35,000 to $39,999",700
G8Z,"$40,000 to $44,999",670
G8Z,"$45,000 to $49,999",640
G8Z,"$50,000 to $54,999",460
G8Z,"$55,000 to $59,999",360
G8Z,"$60,000 to $69,999",510
G8Z,"$70,000 to $79,999",350
G8Z,"$80,000 to $89,999",240
G8Z,"$90,000 to $99,999",130
G8Z,"$100,000 to $149,999",260
G8Z,"$150,000 to $249,999",90
G8Z,"$250,000 and over",60
G9A,"Under $5,000",770
G9A,"$5,000 to $9,999",1410
G9A,"$10,000 to $14,999",1880
G9A,"$15,000 to $19,999",2230
G9A,"$20,000 to $24,999",2110
G9A,"$25,000 to $29,999",1280
G9A,"$30,000 to $34,999",1060
G9A,"$35,000 to $39,999",1010
G9A,"$40,000 to $44,999",920
G9A,"$45,000 to $49,999",750
G9A,"$50,000 to $54,999",620
G9A,"$55,000 to $59,999",450
G9A,"$60,000 to $69,999",640
G9A,"$70,000 to $79,999",470
G9A,"$80,000 to $89,999",290
G9A,"$90,000 to $99,999",190
G9A,"$100,000 to $149,999",290
G9A,"$150,000 to $249,999",80
G9A,"$250,000 and over",50
G9B,"Under $5,000",640
G9B,"$5,000 to $9,999",680
G9B,"$10,000 to $14,999",900
G9B,"$15,000 to $19,999",1030
G9B,"$20,000 to $24,999",1080
G9B,"$25,000 to $29,999",890
G9B,"$30,000 to $34,999",800
G9B,"$35,000 to $39,999",1020
G9B,"$40,000 to $44,999",930
G9B,"$45,000 to $49,999",960
G9B,"$50,000 to $54,999",780
G9B,"$55,000 to $59,999",660
G9B,"$60,000 to $69,999",1050
G9B,"$70,000 to $79,999",840
G9B,"$80,000 to $89,999",680
G9B,"$90,000 to $99,999",440
G9B,"$100,000 to $149,999",950
G9B,"$150,000 to $249,999",350
G9B,"$250,000 and over",180
G9C,"Under $5,000",140
G9C,"$5,000 to $9,999",130
G9C,"$10,000 to $14,999",150
G9C,"$15,000 to $19,999",150
G9C,"$20,000 to $24,999",180
G9C,"$25,000 to $29,999",160
G9C,"$30,000 to $34,999",130
G9C,"$35,000 to $39,999",170
G9C,"$40,000 to $44,999",180
G9C,"$45,000 to $49,999",200
G9C,"$50,000 to $54,999",190
G9C,"$55,000 to $59,999",130
G9C,"$60,000 to $69,999",240
G9C,"$70,000 to $79,999",190
G9C,"$80,000 to $89,999",150
G9C,"$90,000 to $99,999",110
G9C,"$100,000 to $149,999",220
G9C,"$150,000 to $249,999",60
G9C,"$250,000 and over",20
G9H,"Under $5,000",480
G9H,"$5,000 to $9,999",540
G9H,"$10,000 to $14,999",750
G9H,"$15,000 to $19,999",910
G9H,"$20,000 to $24,999",1020
G9H,"$25,000 to $29,999",710
G9H,"$30,000 to $34,999",690
G9H,"$35,000 to $39,999",710
G9H,"$40,000 to $44,999",680
G9H,"$45,000 to $49,999",670
G9H,"$50,000 to $54,999",530
G9H,"$55,000 to $59,999",470
G9H,"$60,000 to $69,999",770
G9H,"$70,000 to $79,999",530
G9H,"$80,000 to $89,999",410
G9H,"$90,000 to $99,999",260
G9H,"$100,000 to $149,999",490
G9H,"$150,000 to $249,999",190
G9H,"$250,000 and over",60
G9N,"Under $5,000",630
G9N,"$5,000 to $9,999",1040
G9N,"$10,000 to $14,999",1590
G9N,"$15,000 to $19,999",1820
G9N,"$20,000 to $24,999",1740
G9N,"$25,000 to $29,999",1010
G9N,"$30,000 to $34,999",920
G9N,"$35,000 to $39,999",900
G9N,"$40,000 to $44,999",740
G9N,"$45,000 to $49,999",740
G9N,"$50,000 to $54,999",520
G9N,"$55,000 to $59,999",430
G9N,"$60,000 to $69,999",550
G9N,"$70,000 to $79,999",320
G9N,"$80,000 to $89,999",250
G9N,"$90,000 to $99,999",130
G9N,"$100,000 to $149,999",210
G9N,"$150,000 to $249,999",60
G9N,"$250,000 and over",30
G9P,"Under $5,000",390
G9P,"$5,000 to $9,999",510
G9P,"$10,000 to $14,999",780
G9P,"$15,000 to $19,999",910
G9P,"$20,000 to $24,999",1050
G9P,"$25,000 to $29,999",690
G9P,"$30,000 to $34,999",670
G9P,"$35,000 to $39,999",730
G9P,"$40,000 to $44,999",640
G9P,"$45,000 to $49,999",700
G9P,"$50,000 to $54,999",510
G9P,"$55,000 to $59,999",420
G9P,"$60,000 to $69,999",630
G9P,"$70,000 to $79,999",400
G9P,"$80,000 to $89,999",300
G9P,"$90,000 to $99,999",160
G9P,"$100,000 to $149,999",260
G9P,"$150,000 to $249,999",100
G9P,"$250,000 and over",50
G9R,"Under $5,000",70
G9R,"$5,000 to $9,999",90
G9R,"$10,000 to $14,999",140
G9R,"$15,000 to $19,999",130
G9R,"$20,000 to $24,999",140
G9R,"$25,000 to $29,999",130
G9R,"$30,000 to $34,999",110
G9R,"$35,000 to $39,999",130
G9R,"$40,000 to $44,999",130
G9R,"$45,000 to $49,999",140
G9R,"$50,000 to $54,999",90
G9R,"$55,000 to $59,999",80
G9R,"$60,000 to $69,999",130
G9R,"$70,000 to $79,999",110
G9R,"$80,000 to $89,999",90
G9R,"$90,000 to $99,999",50
G9R,"$100,000 to $149,999",80
G9R,"$150,000 to $249,999",30
G9R,"$250,000 and over",10
G9T,"Under $5,000",540
G9T,"$5,000 to $9,999",810
G9T,"$10,000 to $14,999",1200
G9T,"$15,000 to $19,999",1580
G9T,"$20,000 to $24,999",1620
G9T,"$25,000 to $29,999",1040
G9T,"$30,000 to $34,999",920
G9T,"$35,000 to $39,999",950
G9T,"$40,000 to $44,999",890
G9T,"$45,000 to $49,999",830
G9T,"$50,000 to $54,999",660
G9T,"$55,000 to $59,999",460
G9T,"$60,000 to $69,999",650
G9T,"$70,000 to $79,999",410
G9T,"$80,000 to $89,999",330
G9T,"$90,000 to $99,999",160
G9T,"$100,000 to $149,999",300
G9T,"$150,000 to $249,999",100
G9T,"$250,000 and over",60
G9X,"Under $5,000",460
G9X,"$5,000 to $9,999",600
G9X,"$10,000 to $14,999",690
G9X,"$15,000 to $19,999",830
G9X,"$20,000 to $24,999",920
G9X,"$25,000 to $29,999",570
G9X,"$30,000 to $34,999",590
G9X,"$35,000 to $39,999",600
G9X,"$40,000 to $44,999",570
G9X,"$45,000 to $49,999",540
G9X,"$50,000 to $54,999",440
G9X,"$55,000 to $59,999",330
G9X,"$60,000 to $69,999",500
G9X,"$70,000 to $79,999",370
G9X,"$80,000 to $89,999",340
G9X,"$90,000 to $99,999",240
G9X,"$100,000 to $149,999",350
G9X,"$150,000 to $249,999",70
G9X,"$250,000 and over",30
H0M,"Under $5,000",1100
H0M,"$5,000 to $9,999",80
H0M,"$10,000 to $14,999",30
H0M,"$15,000 to $19,999",70
H0M,"$20,000 to $24,999",30
H0M,"$25,000 to $29,999",30
H0M,"$30,000 to $34,999",20
H0M,"$35,000 to $39,999",0
H0M,"$40,000 to $44,999",10
H0M,"$45,000 to $49,999",10
H0M,"$50,000 to $54,999",10
H0M,"$55,000 to $59,999",10
H0M,"$60,000 to $69,999",0
H0M,"$70,000 to $79,999",0
H0M,"$80,000 to $89,999",0
H0M,"$90,000 to $99,999",0
H0M,"$100,000 to $149,999",0
H0M,"$150,000 to $249,999",0
H0M,"$250,000 and over",0
H1A,"Under $5,000",1430
H1A,"$5,000 to $9,999",1460
H1A,"$10,000 to $14,999",2030
H1A,"$15,000 to $19,999",2180
H1A,"$20,000 to $24,999",2300
H1A,"$25,000 to $29,999",1810
H1A,"$30,000 to $34,999",1700
H1A,"$35,000 to $39,999",1820
H1A,"$40,000 to $44,999",1820
H1A,"$45,000 to $49,999",1760
H1A,"$50,000 to $54,999",1380
H1A,"$55,000 to $59,999",1230
H1A,"$60,000 to $69,999",1760
H1A,"$70,000 to $79,999",1330
H1A,"$80,000 to $89,999",1040
H1A,"$90,000 to $99,999",620
H1A,"$100,000 to $149,999",1090
H1A,"$150,000 to $249,999",270
H1A,"$250,000 and over",80
H1B,"Under $5,000",930
H1B,"$5,000 to $9,999",1040
H1B,"$10,000 to $14,999",1450
H1B,"$15,000 to $19,999",1460
H1B,"$20,000 to $24,999",1510
H1B,"$25,000 to $29,999",1120
H1B,"$30,000 to $34,999",1110
H1B,"$35,000 to $39,999",1180
H1B,"$40,000 to $44,999",1100
H1B,"$45,000 to $49,999",960
H1B,"$50,000 to $54,999",750
H1B,"$55,000 to $59,999",730
H1B,"$60,000 to $69,999",1030
H1B,"$70,000 to $79,999",660
H1B,"$80,000 to $89,999",490
H1B,"$90,000 to $99,999",300
H1B,"$100,000 to $149,999",500
H1B,"$150,000 to $249,999",90
H1B,"$250,000 and over",30
H1C,"Under $5,000",860
H1C,"$5,000 to $9,999",630
H1C,"$10,000 to $14,999",840
H1C,"$15,000 to $19,999",890
H1C,"$20,000 to $24,999",730
H1C,"$25,000 to $29,999",640
H1C,"$30,000 to $34,999",610
H1C,"$35,000 to $39,999",670
H1C,"$40,000 to $44,999",650
H1C,"$45,000 to $49,999",620
H1C,"$50,000 to $54,999",530
H1C,"$55,000 to $59,999",480
H1C,"$60,000 to $69,999",820
H1C,"$70,000 to $79,999",580
H1C,"$80,000 to $89,999",540
H1C,"$90,000 to $99,999",320
H1C,"$100,000 to $149,999",620
H1C,"$150,000 to $249,999",180
H1C,"$250,000 and over",70
H1E,"Under $5,000",2400
H1E,"$5,000 to $9,999",2240
H1E,"$10,000 to $14,999",3150
H1E,"$15,000 to $19,999",3510
H1E,"$20,000 to $24,999",3680
H1E,"$25,000 to $29,999",2620
H1E,"$30,000 to $34,999",2320
H1E,"$35,000 to $39,999",2340
H1E,"$40,000 to $44,999",2060
H1E,"$45,000 to $49,999",1900
H1E,"$50,000 to $54,999",1550
H1E,"$55,000 to $59,999",1250
H1E,"$60,000 to $69,999",1940
H1E,"$70,000 to $79,999",1330
H1E,"$80,000 to $89,999",1110
H1E,"$90,000 to $99,999",710
H1E,"$100,000 to $149,999",1250
H1E,"$150,000 to $249,999",420
H1E,"$250,000 and over",170
H1G,"Under $5,000",3690
H1G,"$5,000 to $9,999",3700
H1G,"$10,000 to $14,999",4180
H1G,"$15,000 to $19,999",4680
H1G,"$20,000 to $24,999",4360
H1G,"$25,000 to $29,999",3370
H1G,"$30,000 to $34,999",2860
H1G,"$35,000 to $39,999",2430
H1G,"$40,000 to $44,999",2120
H1G,"$45,000 to $49,999",1690
H1G,"$50,000 to $54,999",1280
H1G,"$55,000 to $59,999",990
H1G,"$60,000 to $69,999",1320
H1G,"$70,000 to $79,999",820
H1G,"$80,000 to $89,999",580
H1G,"$90,000 to $99,999",290
H1G,"$100,000 to $149,999",570
H1G,"$150,000 to $249,999",150
H1G,"$250,000 and over",60
H1H,"Under $5,000",3050
H1H,"$5,000 to $9,999",2560
H1H,"$10,000 to $14,999",2960
H1H,"$15,000 to $19,999",3320
H1H,"$20,000 to $24,999",3410
H1H,"$25,000 to $29,999",2400
H1H,"$30,000 to $34,999",2130
H1H,"$35,000 to $39,999",1820
H1H,"$40,000 to $44,999",1600
H1H,"$45,000 to $49,999",1300
H1H,"$50,000 to $54,999",920
H1H,"$55,000 to $59,999",780
H1H,"$60,000 to $69,999",1040
H1H,"$70,000 to $79,999",680
H1H,"$80,000 to $89,999",470
H1H,"$90,000 to $99,999",270
H1H,"$100,000 to $149,999",440
H1H,"$150,000 to $249,999",100
H1H,"$250,000 and over",50
H1J,"Under $5,000",660
H1J,"$5,000 to $9,999",520
H1J,"$10,000 to $14,999",660
H1J,"$15,000 to $19,999",740
H1J,"$20,000 to $24,999",800
H1J,"$25,000 to $29,999",640
H1J,"$30,000 to $34,999",510
H1J,"$35,000 to $39,999",550
H1J,"$40,000 to $44,999",500
H1J,"$45,000 to $49,999",460
H1J,"$50,000 to $54,999",380
H1J,"$55,000 to $59,999",350
H1J,"$60,000 to $69,999",530
H1J,"$70,000 to $79,999",370
H1J,"$80,000 to $89,999",300
H1J,"$90,000 to $99,999",180
H1J,"$100,000 to $149,999",380
H1J,"$150,000 to $249,999",150
H1J,"$250,000 and over",70
H1K,"Under $5,000",2520
H1K,"$5,000 to $9,999",1890
H1K,"$10,000 to $14,999",2270
H1K,"$15,000 to $19,999",2280
H1K,"$20,000 to $24,999",2190
H1K,"$25,000 to $29,999",1750
H1K,"$30,000 to $34,999",1690
H1K,"$35,000 to $39,999",1740
H1K,"$40,000 to $44,999",1620
H1K,"$45,000 to $49,999",1500
H1K,"$50,000 to $54,999",1170
H1K,"$55,000 to $59,999",1070
H1K,"$60,000 to $69,999",1670
H1K,"$70,000 to $79,999",1310
H1K,"$80,000 to $89,999",1040
H1K,"$90,000 to $99,999",700
H1K,"$100,000 to $149,999",1390
H1K,"$150,000 to $249,999",410
H1K,"$250,000 and over",180
H1L,"Under $5,000",1850
H1L,"$5,000 to $9,999",1880
H1L,"$10,000 to $14,999",2390
H1L,"$15,000 to $19,999",2410
H1L,"$20,000 to $24,999",2500
H1L,"$25,000 to $29,999",1840
H1L,"$30,000 to $34,999",1770
H1L,"$35,000 to $39,999",1800
H1L,"$40,000 to $44,999",1690
H1L,"$45,000 to $49,999",1570
H1L,"$50,000 to $54,999",1250
H1L,"$55,000 to $59,999",1000
H1L,"$60,000 to $69,999",1660
H1L,"$70,000 to $79,999",1190
H1L,"$80,000 to $89,999",840
H1L,"$90,000 to $99,999",530
H1L,"$100,000 to $149,999",1020
H1L,"$150,000 to $249,999",210
H1L,"$250,000 and over",70
H1M,"Under $5,000",1740
H1M,"$5,000 to $9,999",1390
H1M,"$10,000 to $14,999",1800
H1M,"$15,000 to $19,999",1960
H1M,"$20,000 to $24,999",2260
H1M,"$25,000 to $29,999",1750
H1M,"$30,000 to $34,999",1610
H1M,"$35,000 to $39,999",1570
H1M,"$40,000 to $44,999",1480
H1M,"$45,000 to $49,999",1400
H1M,"$50,000 to $54,999",1100
H1M,"$55,000 to $59,999",980
H1M,"$60,000 to $69,999",1520
H1M,"$70,000 to $79,999",1120
H1M,"$80,000 to $89,999",830
H1M,"$90,000 to $99,999",520
H1M,"$100,000 to $149,999",1150
H1M,"$150,000 to $249,999",390
H1M,"$250,000 and over",140
H1N,"Under $5,000",1620
H1N,"$5,000 to $9,999",1310
H1N,"$10,000 to $14,999",1650
H1N,"$15,000 to $19,999",1810
H1N,"$20,000 to $24,999",1780
H1N,"$25,000 to $29,999",1330
H1N,"$30,000 to $34,999",1290
H1N,"$35,000 to $39,999",1300
H1N,"$40,000 to $44,999",1210
H1N,"$45,000 to $49,999",1010
H1N,"$50,000 to $54,999",780
H1N,"$55,000 to $59,999",740
H1N,"$60,000 to $69,999",1100
H1N,"$70,000 to $79,999",790
H1N,"$80,000 to $89,999",670
H1N,"$90,000 to $99,999",410
H1N,"$100,000 to $149,999",730
H1N,"$150,000 to $249,999",190
H1N,"$250,000 and over",50
H1P,"Under $5,000",1400
H1P,"$5,000 to $9,999",990
H1P,"$10,000 to $14,999",1200
H1P,"$15,000 to $19,999",1480
H1P,"$20,000 to $24,999",1470
H1P,"$25,000 to $29,999",1040
H1P,"$30,000 to $34,999",920
H1P,"$35,000 to $39,999",910
H1P,"$40,000 to $44,999",800
H1P,"$45,000 to $49,999",700
H1P,"$50,000 to $54,999",570
H1P,"$55,000 to $59,999",420
H1P,"$60,000 to $69,999",720
H1P,"$70,000 to $79,999",480
H1P,"$80,000 to $89,999",400
H1P,"$90,000 to $99,999",260
H1P,"$100,000 to $149,999",470
H1P,"$150,000 to $249,999",200
H1P,"$250,000 and over",90
H1R,"Under $5,000",2520
H1R,"$5,000 to $9,999",1800
H1R,"$10,000 to $14,999",2200
H1R,"$15,000 to $19,999",2250
H1R,"$20,000 to $24,999",2360
H1R,"$25,000 to $29,999",1830
H1R,"$30,000 to $34,999",1600
H1R,"$35,000 to $39,999",1450
H1R,"$40,000 to $44,999",1380
H1R,"$45,000 to $49,999",1120
H1R,"$50,000 to $54,999",1000
H1R,"$55,000 to $59,999",710
H1R,"$60,000 to $69,999",1150
H1R,"$70,000 to $79,999",790
H1R,"$80,000 to $89,999",590
H1R,"$90,000 to $99,999",370
H1R,"$100,000 to $149,999",740
H1R,"$150,000 to $249,999",280
H1R,"$250,000 and over",120
H1S,"Under $5,000",2400
H1S,"$5,000 to $9,999",1550
H1S,"$10,000 to $14,999",1920
H1S,"$15,000 to $19,999",2030
H1S,"$20,000 to $24,999",2360
H1S,"$25,000 to $29,999",1690
H1S,"$30,000 to $34,999",1390
H1S,"$35,000 to $39,999",1340
H1S,"$40,000 to $44,999",1170
H1S,"$45,000 to $49,999",960
H1S,"$50,000 to $54,999",760
H1S,"$55,000 to $59,999",640
H1S,"$60,000 to $69,999",970
H1S,"$70,000 to $79,999",610
H1S,"$80,000 to $89,999",480
H1S,"$90,000 to $99,999",290
H1S,"$100,000 to $149,999",560
H1S,"$150,000 to $249,999",190
H1S,"$250,000 and over",90
H1T,"Under $5,000",2260
H1T,"$5,000 to $9,999",1660
H1T,"$10,000 to $14,999",2210
H1T,"$15,000 to $19,999",2240
H1T,"$20,000 to $24,999",2220
H1T,"$25,000 to $29,999",1660
H1T,"$30,000 to $34,999",1470
H1T,"$35,000 to $39,999",1520
H1T,"$40,000 to $44,999",1360
H1T,"$45,000 to $49,999",1310
H1T,"$50,000 to $54,999",1050
H1T,"$55,000 to $59,999",900
H1T,"$60,000 to $69,999",1380
H1T,"$70,000 to $79,999",1070
H1T,"$80,000 to $89,999",820
H1T,"$90,000 to $99,999",540
H1T,"$100,000 to $149,999",1160
H1T,"$150,000 to $249,999",450
H1T,"$250,000 and over",220
H1V,"Under $5,000",1120
H1V,"$5,000 to $9,999",1410
H1V,"$10,000 to $14,999",1630
H1V,"$15,000 to $19,999",1680
H1V,"$20,000 to $24,999",1300
H1V,"$25,000 to $29,999",1080
H1V,"$30,000 to $34,999",970
H1V,"$35,000 to $39,999",1010
H1V,"$40,000 to $44,999",970
H1V,"$45,000 to $49,999",860
H1V,"$50,000 to $54,999",750
H1V,"$55,000 to $59,999",680
H1V,"$60,000 to $69,999",1100
H1V,"$70,000 to $79,999",810
H1V,"$80,000 to $89,999",680
H1V,"$90,000 to $99,999",460
H1V,"$100,000 to $149,999",870
H1V,"$150,000 to $249,999",240
H1V,"$250,000 and over",60
H1W,"Under $5,000",1720
H1W,"$5,000 to $9,999",2020
H1W,"$10,000 to $14,999",2290
H1W,"$15,000 to $19,999",2260
H1W,"$20,000 to $24,999",1980
H1W,"$25,000 to $29,999",1620
H1W,"$30,000 to $34,999",1460
H1W,"$35,000 to $39,999",1470
H1W,"$40,000 to $44,999",1340
H1W,"$45,000 to $49,999",1190
H1W,"$50,000 to $54,999",1050
H1W,"$55,000 to $59,999",800
H1W,"$60,000 to $69,999",1380
H1W,"$70,000 to $79,999",1100
H1W,"$80,000 to $89,999",800
H1W,"$90,000 to $99,999",470
H1W,"$100,000 to $149,999",790
H1W,"$150,000 to $249,999",220
H1W,"$250,000 and over",60
H1X,"Under $5,000",1840
H1X,"$5,000 to $9,999",1650
H1X,"$10,000 to $14,999",2120
H1X,"$15,000 to $19,999",2390
H1X,"$20,000 to $24,999",2130
H1X,"$25,000 to $29,999",1530
H1X,"$30,000 to $34,999",1480
H1X,"$35,000 to $39,999",1430
H1X,"$40,000 to $44,999",1330
H1X,"$45,000 to $49,999",1190
H1X,"$50,000 to $54,999",1010
H1X,"$55,000 to $59,999",870
H1X,"$60,000 to $69,999",1380
H1X,"$70,000 to $79,999",1090
H1X,"$80,000 to $89,999",920
H1X,"$90,000 to $99,999",560
H1X,"$100,000 to $149,999",1190
H1X,"$150,000 to $249,999",340
H1X,"$250,000 and over",130
H1Y,"Under $5,000",1240
H1Y,"$5,000 to $9,999",1250
H1Y,"$10,000 to $14,999",1620
H1Y,"$15,000 to $19,999",1790
H1Y,"$20,000 to $24,999",1800
H1Y,"$25,000 to $29,999",1260
H1Y,"$30,000 to $34,999",1290
H1Y,"$35,000 to $39,999",1310
H1Y,"$40,000 to $44,999",1250
H1Y,"$45,000 to $49,999",1170
H1Y,"$50,000 to $54,999",1010
H1Y,"$55,000 to $59,999",830
H1Y,"$60,000 to $69,999",1490
H1Y,"$70,000 to $79,999",1190
H1Y,"$80,000 to $89,999",1050
H1Y,"$90,000 to $99,999",690
H1Y,"$100,000 to $149,999",1470
H1Y,"$150,000 to $249,999",550
H1Y,"$250,000 and over",210
H1Z,"Under $5,000",3350
H1Z,"$5,000 to $9,999",2990
H1Z,"$10,000 to $14,999",3430
H1Z,"$15,000 to $19,999",3500
H1Z,"$20,000 to $24,999",2830
H1Z,"$25,000 to $29,999",2360
H1Z,"$30,000 to $34,999",1920
H1Z,"$35,000 to $39,999",1630
H1Z,"$40,000 to $44,999",1350
H1Z,"$45,000 to $49,999",950
H1Z,"$50,000 to $54,999",690
H1Z,"$55,000 to $59,999",560
H1Z,"$60,000 to $69,999",800
H1Z,"$70,000 to $79,999",430
H1Z,"$80,000 to $89,999",310
H1Z,"$90,000 to $99,999",160
H1Z,"$100,000 to $149,999",250
H1Z,"$150,000 to $249,999",40
H1Z,"$250,000 and over",10
H2A,"Under $5,000",1780
H2A,"$5,000 to $9,999",1460
H2A,"$10,000 to $14,999",1740
H2A,"$15,000 to $19,999",1700
H2A,"$20,000 to $24,999",1510
H2A,"$25,000 to $29,999",1140
H2A,"$30,000 to $34,999",990
H2A,"$35,000 to $39,999",920
H2A,"$40,000 to $44,999",790
H2A,"$45,000 to $49,999",680
H2A,"$50,000 to $54,999",500
H2A,"$55,000 to $59,999",450
H2A,"$60,000 to $69,999",650
H2A,"$70,000 to $79,999",470
H2A,"$80,000 to $89,999",340
H2A,"$90,000 to $99,999",220
H2A,"$100,000 to $149,999",360
H2A,"$150,000 to $249,999",90
H2A,"$250,000 and over",20
H2B,"Under $5,000",1180
H2B,"$5,000 to $9,999",960
H2B,"$10,000 to $14,999",1210
H2B,"$15,000 to $19,999",1370
H2B,"$20,000 to $24,999",1250
H2B,"$25,000 to $29,999",990
H2B,"$30,000 to $34,999",910
H2B,"$35,000 to $39,999",820
H2B,"$40,000 to $44,999",820
H2B,"$45,000 to $49,999",740
H2B,"$50,000 to $54,999",570
H2B,"$55,000 to $59,999",490
H2B,"$60,000 to $69,999",740
H2B,"$70,000 to $79,999",600
H2B,"$80,000 to $89,999",470
H2B,"$90,000 to $99,999",280
H2B,"$100,000 to $149,999",560
H2B,"$150,000 to $249,999",170
H2B,"$250,000 and over",60
H2C,"Under $5,000",1060
H2C,"$5,000 to $9,999",880
H2C,"$10,000 to $14,999",1020
H2C,"$15,000 to $19,999",1110
H2C,"$20,000 to $24,999",1130
H2C,"$25,000 to $29,999",830
H2C,"$30,000 to $34,999",800
H2C,"$35,000 to $39,999",800
H2C,"$40,000 to $44,999",790
H2C,"$45,000 to $49,999",770
H2C,"$50,000 to $54,999",600
H2C,"$55,000 to $59,999",550
H2C,"$60,000 to $69,999",960
H2C,"$70,000 to $79,999",770
H2C,"$80,000 to $89,999",630
H2C,"$90,000 to $99,999",370
H2C,"$100,000 to $149,999",900
H2C,"$150,000 to $249,999",390
H2C,"$250,000 and over",160
H2E,"Under $5,000",1780
H2E,"$5,000 to $9,999",1590
H2E,"$10,000 to $14,999",1930
H2E,"$15,000 to $19,999",2080
H2E,"$20,000 to $24,999",1680
H2E,"$25,000 to $29,999",1310
H2E,"$30,000 to $34,999",1170
H2E,"$35,000 to $39,999",1110
H2E,"$40,000 to $44,999",1050
H2E,"$45,000 to $49,999",900
H2E,"$50,000 to $54,999",720
H2E,"$55,000 to $59,999",610
H2E,"$60,000 to $69,999",920
H2E,"$70,000 to $79,999",680
H2E,"$80,000 to $89,999",570
H2E,"$90,000 to $99,999",320
H2E,"$100,000 to $149,999",590
H2E,"$150,000 to $249,999",150
H2E,"$250,000 and over",50
H2G,"Under $5,000",1110
H2G,"$5,000 to $9,999",1140
H2G,"$10,000 to $14,999",1430
H2G,"$15,000 to $19,999",1540
H2G,"$20,000 to $24,999",1340
H2G,"$25,000 to $29,999",1080
H2G,"$30,000 to $34,999",980
H2G,"$35,000 to $39,999",910
H2G,"$40,000 to $44,999",920
H2G,"$45,000 to $49,999",930
H2G,"$50,000 to $54,999",760
H2G,"$55,000 to $59,999",670
H2G,"$60,000 to $69,999",1170
H2G,"$70,000 to $79,999",970
H2G,"$80,000 to $89,999",810
H2G,"$90,000 to $99,999",480
H2G,"$100,000 to $149,999",1080
H2G,"$150,000 to $249,999",330
H2G,"$250,000 and over",120
H2H,"Under $5,000",730
H2H,"$5,000 to $9,999",660
H2H,"$10,000 to $14,999",850
H2H,"$15,000 to $19,999",940
H2H,"$20,000 to $24,999",760
H2H,"$25,000 to $29,999",640
H2H,"$30,000 to $34,999",600
H2H,"$35,000 to $39,999",650
H2H,"$40,000 to $44,999",640
H2H,"$45,000 to $49,999",640
H2H,"$50,000 to $54,999",560
H2H,"$55,000 to $59,999",510
H2H,"$60,000 to $69,999",790
H2H,"$70,000 to $79,999",730
H2H,"$80,000 to $89,999",570
H2H,"$90,000 to $99,999",340
H2H,"$100,000 to $149,999",820
H2H,"$150,000 to $249,999",260
H2H,"$250,000 and over",90
H2J,"Under $5,000",1630
H2J,"$5,000 to $9,999",1270
H2J,"$10,000 to $14,999",1380
H2J,"$15,000 to $19,999",1410
H2J,"$20,000 to $24,999",1240
H2J,"$25,000 to $29,999",1100
H2J,"$30,000 to $34,999",1000
H2J,"$35,000 to $39,999",1010
H2J,"$40,000 to $44,999",1010
H2J,"$45,000 to $49,999",930
H2J,"$50,000 to $54,999",880
H2J,"$55,000 to $59,999",800
H2J,"$60,000 to $69,999",1500
H2J,"$70,000 to $79,999",1300
H2J,"$80,000 to $89,999",1160
H2J,"$90,000 to $99,999",840
H2J,"$100,000 to $149,999",1980
H2J,"$150,000 to $249,999",860
H2J,"$250,000 and over",380
H2K,"Under $5,000",1840
H2K,"$5,000 to $9,999",2030
H2K,"$10,000 to $14,999",2390
H2K,"$15,000 to $19,999",2310
H2K,"$20,000 to $24,999",1820
H2K,"$25,000 to $29,999",1470
H2K,"$30,000 to $34,999",1340
H2K,"$35,000 to $39,999",1360
H2K,"$40,000 to $44,999",1230
H2K,"$45,000 to $49,999",1110
H2K,"$50,000 to $54,999",990
H2K,"$55,000 to $59,999",850
H2K,"$60,000 to $69,999",1340
H2K,"$70,000 to $79,999",960
H2K,"$80,000 to $89,999",840
H2K,"$90,000 to $99,999",500
H2K,"$100,000 to $149,999",980
H2K,"$150,000 to $249,999",260
H2K,"$250,000 and over",70
H2L,"Under $5,000",1740
H2L,"$5,000 to $9,999",1620
H2L,"$10,000 to $14,999",1870
H2L,"$15,000 to $19,999",2000
H2L,"$20,000 to $24,999",1510
H2L,"$25,000 to $29,999",1120
H2L,"$30,000 to $34,999",1090
H2L,"$35,000 to $39,999",1040
H2L,"$40,000 to $44,999",990
H2L,"$45,000 to $49,999",960
H2L,"$50,000 to $54,999",830
H2L,"$55,000 to $59,999",760
H2L,"$60,000 to $69,999",1260
H2L,"$70,000 to $79,999",1070
H2L,"$80,000 to $89,999",870
H2L,"$90,000 to $99,999",610
H2L,"$100,000 to $149,999",1400
H2L,"$150,000 to $249,999",580
H2L,"$250,000 and over",320
H2M,"Under $5,000",1010
H2M,"$5,000 to $9,999",930
H2M,"$10,000 to $14,999",1110
H2M,"$15,000 to $19,999",1210
H2M,"$20,000 to $24,999",1100
H2M,"$25,000 to $29,999",860
H2M,"$30,000 to $34,999",800
H2M,"$35,000 to $39,999",860
H2M,"$40,000 to $44,999",800
H2M,"$45,000 to $49,999",790
H2M,"$50,000 to $54,999",670
H2M,"$55,000 to $59,999",620
H2M,"$60,000 to $69,999",1030
H2M,"$70,000 to $79,999",840
H2M,"$80,000 to $89,999",730
H2M,"$90,000 to $99,999",440
H2M,"$100,000 to $149,999",930
H2M,"$150,000 to $249,999",320
H2M,"$250,000 and over",120
H2N,"Under $5,000",610
H2N,"$5,000 to $9,999",470
H2N,"$10,000 to $14,999",540
H2N,"$15,000 to $19,999",550
H2N,"$20,000 to $24,999",520
H2N,"$25,000 to $29,999",410
H2N,"$30,000 to $34,999",350
H2N,"$35,000 to $39,999",290
H2N,"$40,000 to $44,999",280
H2N,"$45,000 to $49,999",240
H2N,"$50,000 to $54,999",200
H2N,"$55,000 to $59,999",150
H2N,"$60,000 to $69,999",220
H2N,"$70,000 to $79,999",160
H2N,"$80,000 to $89,999",150
H2N,"$90,000 to $99,999",70
H2N,"$100,000 to $149,999",120
H2N,"$150,000 to $249,999",30
H2N,"$250,000 and over",10
H2P,"Under $5,000",770
H2P,"$5,000 to $9,999",720
H2P,"$10,000 to $14,999",910
H2P,"$15,000 to $19,999",860
H2P,"$20,000 to $24,999",790
H2P,"$25,000 to $29,999",660
H2P,"$30,000 to $34,999",670
H2P,"$35,000 to $39,999",630
H2P,"$40,000 to $44,999",620
H2P,"$45,000 to $49,999",600
H2P,"$50,000 to $54,999",570
H2P,"$55,000 to $59,999",510
H2P,"$60,000 to $69,999",850
H2P,"$70,000 to $79,999",650
H2P,"$80,000 to $89,999",590
H2P,"$90,000 to $99,999",370
H2P,"$100,000 to $149,999",690
H2P,"$150,000 to $249,999",190
H2P,"$250,000 and over",70
H2R,"Under $5,000",1280
H2R,"$5,000 to $9,999",1120
H2R,"$10,000 to $14,999",1380
H2R,"$15,000 to $19,999",1660
H2R,"$20,000 to $24,999",1360
H2R,"$25,000 to $29,999",1030
H2R,"$30,000 to $34,999",940
H2R,"$35,000 to $39,999",980
H2R,"$40,000 to $44,999",940
H2R,"$45,000 to $49,999",900
H2R,"$50,000 to $54,999",780
H2R,"$55,000 to $59,999",770
H2R,"$60,000 to $69,999",1330
H2R,"$70,000 to $79,999",1050
H2R,"$80,000 to $89,999",870
H2R,"$90,000 to $99,999",590
H2R,"$100,000 to $149,999",1200
H2R,"$150,000 to $249,999",440
H2R,"$250,000 and over",190
H2S,"Under $5,000",1460
H2S,"$5,000 to $9,999",1340
H2S,"$10,000 to $14,999",1670
H2S,"$15,000 to $19,999",1940
H2S,"$20,000 to $24,999",1570
H2S,"$25,000 to $29,999",1190
H2S,"$30,000 to $34,999",1130
H2S,"$35,000 to $39,999",1110
H2S,"$40,000 to $44,999",1160
H2S,"$45,000 to $49,999",1070
H2S,"$50,000 to $54,999",1040
H2S,"$55,000 to $59,999",860
H2S,"$60,000 to $69,999",1500
H2S,"$70,000 to $79,999",1220
H2S,"$80,000 to $89,999",1070
H2S,"$90,000 to $99,999",730
H2S,"$100,000 to $149,999",1510
H2S,"$150,000 to $249,999",570
H2S,"$250,000 and over",230
H2T,"Under $5,000",1050
H2T,"$5,000 to $9,999",930
H2T,"$10,000 to $14,999",1030
H2T,"$15,000 to $19,999",1250
H2T,"$20,000 to $24,999",960
H2T,"$25,000 to $29,999",700
H2T,"$30,000 to $34,999",600
H2T,"$35,000 to $39,999",590
H2T,"$40,000 to $44,999",550
H2T,"$45,000 to $49,999",500
H2T,"$50,000 to $54,999",480
H2T,"$55,000 to $59,999",430
H2T,"$60,000 to $69,999",760
H2T,"$70,000 to $79,999",630
H2T,"$80,000 to $89,999",590
H2T,"$90,000 to $99,999",390
H2T,"$100,000 to $149,999",1040
H2T,"$150,000 to $249,999",440
H2T,"$250,000 and over",190
H2V,"Under $5,000",2360
H2V,"$5,000 to $9,999",1560
H2V,"$10,000 to $14,999",1640
H2V,"$15,000 to $19,999",1580
H2V,"$20,000 to $24,999",1380
H2V,"$25,000 to $29,999",1170
H2V,"$30,000 to $34,999",980
H2V,"$35,000 to $39,999",870
H2V,"$40,000 to $44,999",810
H2V,"$45,000 to $49,999",810
H2V,"$50,000 to $54,999",750
H2V,"$55,000 to $59,999",730
H2V,"$60,000 to $69,999",1120
H2V,"$70,000 to $79,999",1070
H2V,"$80,000 to $89,999",840
H2V,"$90,000 to $99,999",730
H2V,"$100,000 to $149,999",1960
H2V,"$150,000 to $249,999",1360
H2V,"$250,000 and over",1270
H2W,"Under $5,000",900
H2W,"$5,000 to $9,999",680
H2W,"$10,000 to $14,999",720
H2W,"$15,000 to $19,999",750
H2W,"$20,000 to $24,999",600
H2W,"$25,000 to $29,999",430
H2W,"$30,000 to $34,999",400
H2W,"$35,000 to $39,999",380
H2W,"$40,000 to $44,999",370
H2W,"$45,000 to $49,999",330
H2W,"$50,000 to $54,999",320
H2W,"$55,000 to $59,999",290
H2W,"$60,000 to $69,999",470
H2W,"$70,000 to $79,999",400
H2W,"$80,000 to $89,999",330
H2W,"$90,000 to $99,999",220
H2W,"$100,000 to $149,999",600
H2W,"$150,000 to $249,999",320
H2W,"$250,000 and over",150
H2X,"Under $5,000",3120
H2X,"$5,000 to $9,999",1790
H2X,"$10,000 to $14,999",1740
H2X,"$15,000 to $19,999",1590
H2X,"$20,000 to $24,999",1060
H2X,"$25,000 to $29,999",740
H2X,"$30,000 to $34,999",630
H2X,"$35,000 to $39,999",570
H2X,"$40,000 to $44,999",560
H2X,"$45,000 to $49,999",530
H2X,"$50,000 to $54,999",470
H2X,"$55,000 to $59,999",370
H2X,"$60,000 to $69,999",750
H2X,"$70,000 to $79,999",580
H2X,"$80,000 to $89,999",460
H2X,"$90,000 to $99,999",310
H2X,"$100,000 to $149,999",780
H2X,"$150,000 to $249,999",390
H2X,"$250,000 and over",200
H2Y,"Under $5,000",230
H2Y,"$5,000 to $9,999",200
H2Y,"$10,000 to $14,999",250
H2Y,"$15,000 to $19,999",200
H2Y,"$20,000 to $24,999",140
H2Y,"$25,000 to $29,999",90
H2Y,"$30,000 to $34,999",80
H2Y,"$35,000 to $39,999",100
H2Y,"$40,000 to $44,999",100
H2Y,"$45,000 to $49,999",90
H2Y,"$50,000 to $54,999",90
H2Y,"$55,000 to $59,999",100
H2Y,"$60,000 to $69,999",170
H2Y,"$70,000 to $79,999",200
H2Y,"$80,000 to $89,999",140
H2Y,"$90,000 to $99,999",120
H2Y,"$100,000 to $149,999",390
H2Y,"$150,000 to $249,999",280
H2Y,"$250,000 and over",270
H2Z,"Under $5,000",320
H2Z,"$5,000 to $9,999",210
H2Z,"$10,000 to $14,999",280
H2Z,"$15,000 to $19,999",270
H2Z,"$20,000 to $24,999",130
H2Z,"$25,000 to $29,999",100
H2Z,"$30,000 to $34,999",100
H2Z,"$35,000 to $39,999",70
H2Z,"$40,000 to $44,999",80
H2Z,"$45,000 to $49,999",90
H2Z,"$50,000 to $54,999",70
H2Z,"$55,000 to $59,999",60
H2Z,"$60,000 to $69,999",130
H2Z,"$70,000 to $79,999",110
H2Z,"$80,000 to $89,999",100
H2Z,"$90,000 to $99,999",80
H2Z,"$100,000 to $149,999",210
H2Z,"$150,000 to $249,999",120
H2Z,"$250,000 and over",100
H3A,"Under $5,000",1090
H3A,"$5,000 to $9,999",310
H3A,"$10,000 to $14,999",240
H3A,"$15,000 to $19,999",240
H3A,"$20,000 to $24,999",160
H3A,"$25,000 to $29,999",120
H3A,"$30,000 to $34,999",100
H3A,"$35,000 to $39,999",80
H3A,"$40,000 to $44,999",90
H3A,"$45,000 to $49,999",90
H3A,"$50,000 to $54,999",70
H3A,"$55,000 to $59,999",80
H3A,"$60,000 to $69,999",140
H3A,"$70,000 to $79,999",120
H3A,"$80,000 to $89,999",100
H3A,"$90,000 to $99,999",80
H3A,"$100,000 to $149,999",250
H3A,"$150,000 to $249,999",180
H3A,"$250,000 and over",150
H3B,"Under $5,000",1390
H3B,"$5,000 to $9,999",820
H3B,"$10,000 to $14,999",5820
H3B,"$15,000 to $19,999",4200
H3B,"$20,000 to $24,999",1400
H3B,"$25,000 to $29,999",450
H3B,"$30,000 to $34,999",230
H3B,"$35,000 to $39,999",170
H3B,"$40,000 to $44,999",140
H3B,"$45,000 to $49,999",120
H3B,"$50,000 to $54,999",90
H3B,"$55,000 to $59,999",80
H3B,"$60,000 to $69,999",130
H3B,"$70,000 to $79,999",120
H3B,"$80,000 to $89,999",90
H3B,"$90,000 to $99,999",60
H3B,"$100,000 to $149,999",200
H3B,"$150,000 to $249,999",170
H3B,"$250,000 and over",190
H3C,"Under $5,000",1380
H3C,"$5,000 to $9,999",590
H3C,"$10,000 to $14,999",620
H3C,"$15,000 to $19,999",540
H3C,"$20,000 to $24,999",430
H3C,"$25,000 to $29,999",410
H3C,"$30,000 to $34,999",440
H3C,"$35,000 to $39,999",410
H3C,"$40,000 to $44,999",440
H3C,"$45,000 to $49,999",460
H3C,"$50,000 to $54,999",470
H3C,"$55,000 to $59,999",420
H3C,"$60,000 to $69,999",930
H3C,"$70,000 to $79,999",910
H3C,"$80,000 to $89,999",800
H3C,"$90,000 to $99,999",640
H3C,"$100,000 to $149,999",1670
H3C,"$150,000 to $249,999",830
H3C,"$250,000 and over",500
H3E,"Under $5,000",1790
H3E,"$5,000 to $9,999",870
H3E,"$10,000 to $14,999",850
H3E,"$15,000 to $19,999",870
H3E,"$20,000 to $24,999",860
H3E,"$25,000 to $29,999",680
H3E,"$30,000 to $34,999",610
H3E,"$35,000 to $39,999",660
H3E,"$40,000 to $44,999",590
H3E,"$45,000 to $49,999",690
H3E,"$50,000 to $54,999",610
H3E,"$55,000 to $59,999",570
H3E,"$60,000 to $69,999",1000
H3E,"$70,000 to $79,999",950
H3E,"$80,000 to $89,999",810
H3E,"$90,000 to $99,999",590
H3E,"$100,000 to $149,999",1890
H3E,"$150,000 to $249,999",1340
H3E,"$250,000 and over",1060
H3G,"Under $5,000",1860
H3G,"$5,000 to $9,999",630
H3G,"$10,000 to $14,999",580
H3G,"$15,000 to $19,999",490
H3G,"$20,000 to $24,999",370
H3G,"$25,000 to $29,999",270
H3G,"$30,000 to $34,999",260
H3G,"$35,000 to $39,999",230
H3G,"$40,000 to $44,999",250
H3G,"$45,000 to $49,999",220
H3G,"$50,000 to $54,999",210
H3G,"$55,000 to $59,999",210
H3G,"$60,000 to $69,999",400
H3G,"$70,000 to $79,999",350
H3G,"$80,000 to $89,999",240
H3G,"$90,000 to $99,999",180
H3G,"$100,000 to $149,999",570
H3G,"$150,000 to $249,999",450
H3G,"$250,000 and over",520
H3H,"Under $5,000",4440
H3H,"$5,000 to $9,999",1940
H3H,"$10,000 to $14,999",1930
H3H,"$15,000 to $19,999",1530
H3H,"$20,000 to $24,999",1020
H3H,"$25,000 to $29,999",740
H3H,"$30,000 to $34,999",630
H3H,"$35,000 to $39,999",570
H3H,"$40,000 to $44,999",570
H3H,"$45,000 to $49,999",510
H3H,"$50,000 to $54,999",470
H3H,"$55,000 to $59,999",410
H3H,"$60,000 to $69,999",640
H3H,"$70,000 to $79,999",540
H3H,"$80,000 to $89,999",400
H3H,"$90,000 to $99,999",300
H3H,"$100,000 to $149,999",640
H3H,"$150,000 to $249,999",350
H3H,"$250,000 and over",330
H3J,"Under $5,000",960
H3J,"$5,000 to $9,999",960
H3J,"$10,000 to $14,999",1000
H3J,"$15,000 to $19,999",890
H3J,"$20,000 to $24,999",560
H3J,"$25,000 to $29,999",400
H3J,"$30,000 to $34,999",330
H3J,"$35,000 to $39,999",310
H3J,"$40,000 to $44,999",300
H3J,"$45,000 to $49,999",280
H3J,"$50,000 to $54,999",250
H3J,"$55,000 to $59,999",240
H3J,"$60,000 to $69,999",400
H3J,"$70,000 to $79,999",330
H3J,"$80,000 to $89,999",280
H3J,"$90,000 to $99,999",230
H3J,"$100,000 to $149,999",640
H3J,"$150,000 to $249,999",380
H3J,"$250,000 and over",210
H3K,"Under $5,000",930
H3K,"$5,000 to $9,999",1080
H3K,"$10,000 to $14,999",1190
H3K,"$15,000 to $19,999",1140
H3K,"$20,000 to $24,999",840
H3K,"$25,000 to $29,999",600
H3K,"$30,000 to $34,999",560
H3K,"$35,000 to $39,999",550
H3K,"$40,000 to $44,999",490
H3K,"$45,000 to $49,999",490
H3K,"$50,000 to $54,999",400
H3K,"$55,000 to $59,999",320
H3K,"$60,000 to $69,999",620
H3K,"$70,000 to $79,999",550
H3K,"$80,000 to $89,999",500
H3K,"$90,000 to $99,999",340
H3K,"$100,000 to $149,999",830
H3K,"$150,000 to $249,999",360
H3K,"$250,000 and over",180
H3L,"Under $5,000",1470
H3L,"$5,000 to $9,999",1140
H3L,"$10,000 to $14,999",1270
H3L,"$15,000 to $19,999",1290
H3L,"$20,000 to $24,999",1130
H3L,"$25,000 to $29,999",890
H3L,"$30,000 to $34,999",890
H3L,"$35,000 to $39,999",840
H3L,"$40,000 to $44,999",800
H3L,"$45,000 to $49,999",740
H3L,"$50,000 to $54,999",630
H3L,"$55,000 to $59,999",580
H3L,"$60,000 to $69,999",990
H3L,"$70,000 to $79,999",700
H3L,"$80,000 to $89,999",640
H3L,"$90,000 to $99,999",440
H3L,"$100,000 to $149,999",1130
H3L,"$150,000 to $249,999",520
H3L,"$250,000 and over",280
H3M,"Under $5,000",1310
H3M,"$5,000 to $9,999",1020
H3M,"$10,000 to $14,999",1230
H3M,"$15,000 to $19,999",1380
H3M,"$20,000 to $24,999",1170
H3M,"$25,000 to $29,999",860
H3M,"$30,000 to $34,999",720
H3M,"$35,000 to $39,999",640
H3M,"$40,000 to $44,999",530
H3M,"$45,000 to $49,999",510
H3M,"$50,000 to $54,999",400
H3M,"$55,000 to $59,999",350
H3M,"$60,000 to $69,999",530
H3M,"$70,000 to $79,999",410
H3M,"$80,000 to $89,999",340
H3M,"$90,000 to $99,999",240
H3M,"$100,000 to $149,999",590
H3M,"$150,000 to $249,999",240
H3M,"$250,000 and over",110
H3N,"Under $5,000",4030
H3N,"$5,000 to $9,999",3410
H3N,"$10,000 to $14,999",3240
H3N,"$15,000 to $19,999",3520
H3N,"$20,000 to $24,999",2620
H3N,"$25,000 to $29,999",1740
H3N,"$30,000 to $34,999",1430
H3N,"$35,000 to $39,999",1150
H3N,"$40,000 to $44,999",860
H3N,"$45,000 to $49,999",630
H3N,"$50,000 to $54,999",460
H3N,"$55,000 to $59,999",350
H3N,"$60,000 to $69,999",500
H3N,"$70,000 to $79,999",330
H3N,"$80,000 to $89,999",230
H3N,"$90,000 to $99,999",140
H3N,"$100,000 to $149,999",220
H3N,"$150,000 to $249,999",70
H3N,"$250,000 and over",20
H3P,"Under $5,000",860
H3P,"$5,000 to $9,999",450
H3P,"$10,000 to $14,999",470
H3P,"$15,000 to $19,999",430
H3P,"$20,000 to $24,999",380
H3P,"$25,000 to $29,999",320
H3P,"$30,000 to $34,999",250
H3P,"$35,000 to $39,999",240
H3P,"$40,000 to $44,999",240
H3P,"$45,000 to $49,999",260
H3P,"$50,000 to $54,999",240
H3P,"$55,000 to $59,999",210
H3P,"$60,000 to $69,999",360
H3P,"$70,000 to $79,999",380
H3P,"$80,000 to $89,999",320
H3P,"$90,000 to $99,999",230
H3P,"$100,000 to $149,999",810
H3P,"$150,000 to $249,999",770
H3P,"$250,000 and over",790
H3R,"Under $5,000",900
H3R,"$5,000 to $9,999",470
H3R,"$10,000 to $14,999",460
H3R,"$15,000 to $19,999",430
H3R,"$20,000 to $24,999",370
H3R,"$25,000 to $29,999",310
H3R,"$30,000 to $34,999",240
H3R,"$35,000 to $39,999",250
H3R,"$40,000 to $44,999",240
H3R,"$45,000 to $49,999",240
H3R,"$50,000 to $54,999",230
H3R,"$55,000 to $59,999",200
H3R,"$60,000 to $69,999",360
H3R,"$70,000 to $79,999",340
H3R,"$80,000 to $89,999",270
H3R,"$90,000 to $99,999",250
H3R,"$100,000 to $149,999",780
H3R,"$150,000 to $249,999",710
H3R,"$250,000 and over",840
H3S,"Under $5,000",4110
H3S,"$5,000 to $9,999",2720
H3S,"$10,000 to $14,999",2790
H3S,"$15,000 to $19,999",2750
H3S,"$20,000 to $24,999",2100
H3S,"$25,000 to $29,999",1960
H3S,"$30,000 to $34,999",1650
H3S,"$35,000 to $39,999",1360
H3S,"$40,000 to $44,999",1120
H3S,"$45,000 to $49,999",980
H3S,"$50,000 to $54,999",740
H3S,"$55,000 to $59,999",570
H3S,"$60,000 to $69,999",810
H3S,"$70,000 to $79,999",640
H3S,"$80,000 to $89,999",460
H3S,"$90,000 to $99,999",360
H3S,"$100,000 to $149,999",690
H3S,"$150,000 to $249,999",410
H3S,"$250,000 and over",310
H3T,"Under $5,000",2080
H3T,"$5,000 to $9,999",990
H3T,"$10,000 to $14,999",980
H3T,"$15,000 to $19,999",930
H3T,"$20,000 to $24,999",650
H3T,"$25,000 to $29,999",520
H3T,"$30,000 to $34,999",470
H3T,"$35,000 to $39,999",410
H3T,"$40,000 to $44,999",400
H3T,"$45,000 to $49,999",350
H3T,"$50,000 to $54,999",310
H3T,"$55,000 to $59,999",260
H3T,"$60,000 to $69,999",430
H3T,"$70,000 to $79,999",340
H3T,"$80,000 to $89,999",280
H3T,"$90,000 to $99,999",160
H3T,"$100,000 to $149,999",440
H3T,"$150,000 to $249,999",220
H3T,"$250,000 and over",190
H3V,"Under $5,000",1040
H3V,"$5,000 to $9,999",470
H3V,"$10,000 to $14,999",470
H3V,"$15,000 to $19,999",460
H3V,"$20,000 to $24,999",400
H3V,"$25,000 to $29,999",310
H3V,"$30,000 to $34,999",270
H3V,"$35,000 to $39,999",290
H3V,"$40,000 to $44,999",260
H3V,"$45,000 to $49,999",240
H3V,"$50,000 to $54,999",220
H3V,"$55,000 to $59,999",210
H3V,"$60,000 to $69,999",330
H3V,"$70,000 to $79,999",270
H3V,"$80,000 to $89,999",180
H3V,"$90,000 to $99,999",110
H3V,"$100,000 to $149,999",270
H3V,"$150,000 to $249,999",80
H3V,"$250,000 and over",40
H3W,"Under $5,000",3410
H3W,"$5,000 to $9,999",2240
H3W,"$10,000 to $14,999",2540
H3W,"$15,000 to $19,999",2840
H3W,"$20,000 to $24,999",2150
H3W,"$25,000 to $29,999",2010
H3W,"$30,000 to $34,999",1710
H3W,"$35,000 to $39,999",1390
H3W,"$40,000 to $44,999",1080
H3W,"$45,000 to $49,999",850
H3W,"$50,000 to $54,999",660
H3W,"$55,000 to $59,999",500
H3W,"$60,000 to $69,999",840
H3W,"$70,000 to $79,999",610
H3W,"$80,000 to $89,999",450
H3W,"$90,000 to $99,999",340
H3W,"$100,000 to $149,999",720
H3W,"$150,000 to $249,999",430
H3W,"$250,000 and over",310
H3X,"Under $5,000",2160
H3X,"$5,000 to $9,999",1300
H3X,"$10,000 to $14,999",1500
H3X,"$15,000 to $19,999",1500
H3X,"$20,000 to $24,999",1270
H3X,"$25,000 to $29,999",1080
H3X,"$30,000 to $34,999",900
H3X,"$35,000 to $39,999",910
H3X,"$40,000 to $44,999",820
H3X,"$45,000 to $49,999",750
H3X,"$50,000 to $54,999",650
H3X,"$55,000 to $59,999",550
H3X,"$60,000 to $69,999",950
H3X,"$70,000 to $79,999",850
H3X,"$80,000 to $89,999",700
H3X,"$90,000 to $99,999",450
H3X,"$100,000 to $149,999",1260
H3X,"$150,000 to $249,999",840
H3X,"$250,000 and over",880
H3Y,"Under $5,000",770
H3Y,"$5,000 to $9,999",370
H3Y,"$10,000 to $14,999",370
H3Y,"$15,000 to $19,999",320
H3Y,"$20,000 to $24,999",270
H3Y,"$25,000 to $29,999",230
H3Y,"$30,000 to $34,999",220
H3Y,"$35,000 to $39,999",220
H3Y,"$40,000 to $44,999",130
H3Y,"$45,000 to $49,999",180
H3Y,"$50,000 to $54,999",150
H3Y,"$55,000 to $59,999",170
H3Y,"$60,000 to $69,999",300
H3Y,"$70,000 to $79,999",310
H3Y,"$80,000 to $89,999",230
H3Y,"$90,000 to $99,999",200
H3Y,"$100,000 to $149,999",740
H3Y,"$150,000 to $249,999",850
H3Y,"$250,000 and over",1610
H3Z,"Under $5,000",1070
H3Z,"$5,000 to $9,999",520
H3Z,"$10,000 to $14,999",550
H3Z,"$15,000 to $19,999",570
H3Z,"$20,000 to $24,999",540
H3Z,"$25,000 to $29,999",370
H3Z,"$30,000 to $34,999",320
H3Z,"$35,000 to $39,999",350
H3Z,"$40,000 to $44,999",350
H3Z,"$45,000 to $49,999",350
H3Z,"$50,000 to $54,999",290
H3Z,"$55,000 to $59,999",270
H3Z,"$60,000 to $69,999",500
H3Z,"$70,000 to $79,999",480
H3Z,"$80,000 to $89,999",380
H3Z,"$90,000 to $99,999",290
H3Z,"$100,000 to $149,999",900
H3Z,"$150,000 to $249,999",750
H3Z,"$250,000 and over",860
H4A,"Under $5,000",2010
H4A,"$5,000 to $9,999",1360
H4A,"$10,000 to $14,999",1540
H4A,"$15,000 to $19,999",1590
H4A,"$20,000 to $24,999",1230
H4A,"$25,000 to $29,999",1040
H4A,"$30,000 to $34,999",930
H4A,"$35,000 to $39,999",800
H4A,"$40,000 to $44,999",840
H4A,"$45,000 to $49,999",800
H4A,"$50,000 to $54,999",750
H4A,"$55,000 to $59,999",610
H4A,"$60,000 to $69,999",1140
H4A,"$70,000 to $79,999",990
H4A,"$80,000 to $89,999",880
H4A,"$90,000 to $99,999",620
H4A,"$100,000 to $149,999",1720
H4A,"$150,000 to $249,999",1170
H4A,"$250,000 and over",790
H4B,"Under $5,000",2390
H4B,"$5,000 to $9,999",1470
H4B,"$10,000 to $14,999",1550
H4B,"$15,000 to $19,999",1520
H4B,"$20,000 to $24,999",1320
H4B,"$25,000 to $29,999",1040
H4B,"$30,000 to $34,999",850
H4B,"$35,000 to $39,999",820
H4B,"$40,000 to $44,999",760
H4B,"$45,000 to $49,999",680
H4B,"$50,000 to $54,999",550
H4B,"$55,000 to $59,999",440
H4B,"$60,000 to $69,999",710
H4B,"$70,000 to $79,999",560
H4B,"$80,000 to $89,999",470
H4B,"$90,000 to $99,999",350
H4B,"$100,000 to $149,999",800
H4B,"$150,000 to $249,999",420
H4B,"$250,000 and over",200
H4C,"Under $5,000",1000
H4C,"$5,000 to $9,999",1010
H4C,"$10,000 to $14,999",1130
H4C,"$15,000 to $19,999",1170
H4C,"$20,000 to $24,999",910
H4C,"$25,000 to $29,999",690
H4C,"$30,000 to $34,999",670
H4C,"$35,000 to $39,999",640
H4C,"$40,000 to $44,999",610
H4C,"$45,000 to $49,999",600
H4C,"$50,000 to $54,999",530
H4C,"$55,000 to $59,999",480
H4C,"$60,000 to $69,999",890
H4C,"$70,000 to $79,999",680
H4C,"$80,000 to $89,999",570
H4C,"$90,000 to $99,999",400
H4C,"$100,000 to $149,999",900
H4C,"$150,000 to $249,999",340
H4C,"$250,000 and over",170
H4E,"Under $5,000",2250
H4E,"$5,000 to $9,999",2010
H4E,"$10,000 to $14,999",2290
H4E,"$15,000 to $19,999",2350
H4E,"$20,000 to $24,999",2170
H4E,"$25,000 to $29,999",1620
H4E,"$30,000 to $34,999",1460
H4E,"$35,000 to $39,999",1410
H4E,"$40,000 to $44,999",1410
H4E,"$45,000 to $49,999",1220
H4E,"$50,000 to $54,999",980
H4E,"$55,000 to $59,999",880
H4E,"$60,000 to $69,999",1250
H4E,"$70,000 to $79,999",970
H4E,"$80,000 to $89,999",740
H4E,"$90,000 to $99,999",480
H4E,"$100,000 to $149,999",930
H4E,"$150,000 to $249,999",200
H4E,"$250,000 and over",80
H4G,"Under $5,000",1870
H4G,"$5,000 to $9,999",1810
H4G,"$10,000 to $14,999",2110
H4G,"$15,000 to $19,999",2200
H4G,"$20,000 to $24,999",1940
H4G,"$25,000 to $29,999",1480
H4G,"$30,000 to $34,999",1420
H4G,"$35,000 to $39,999",1390
H4G,"$40,000 to $44,999",1340
H4G,"$45,000 to $49,999",1200
H4G,"$50,000 to $54,999",1080
H4G,"$55,000 to $59,999",910
H4G,"$60,000 to $69,999",1460
H4G,"$70,000 to $79,999",1120
H4G,"$80,000 to $89,999",840
H4G,"$90,000 to $99,999",590
H4G,"$100,000 to $149,999",1080
H4G,"$150,000 to $249,999",300
H4G,"$250,000 and over",100
H4H,"Under $5,000",970
H4H,"$5,000 to $9,999",930
H4H,"$10,000 to $14,999",1570
H4H,"$15,000 to $19,999",1260
H4H,"$20,000 to $24,999",1120
H4H,"$25,000 to $29,999",900
H4H,"$30,000 to $34,999",830
H4H,"$35,000 to $39,999",900
H4H,"$40,000 to $44,999",850
H4H,"$45,000 to $49,999",820
H4H,"$50,000 to $54,999",680
H4H,"$55,000 to $59,999",620
H4H,"$60,000 to $69,999",990
H4H,"$70,000 to $79,999",750
H4H,"$80,000 to $89,999",650
H4H,"$90,000 to $99,999",460
H4H,"$100,000 to $149,999",930
H4H,"$150,000 to $249,999",290
H4H,"$250,000 and over",110
H4J,"Under $5,000",1890
H4J,"$5,000 to $9,999",1360
H4J,"$10,000 to $14,999",1390
H4J,"$15,000 to $19,999",1740
H4J,"$20,000 to $24,999",1160
H4J,"$25,000 to $29,999",1010
H4J,"$30,000 to $34,999",830
H4J,"$35,000 to $39,999",750
H4J,"$40,000 to $44,999",610
H4J,"$45,000 to $49,999",520
H4J,"$50,000 to $54,999",420
H4J,"$55,000 to $59,999",340
H4J,"$60,000 to $69,999",520
H4J,"$70,000 to $79,999",360
H4J,"$80,000 to $89,999",340
H4J,"$90,000 to $99,999",240
H4J,"$100,000 to $149,999",460
H4J,"$150,000 to $249,999",200
H4J,"$250,000 and over",90
H4K,"Under $5,000",900
H4K,"$5,000 to $9,999",590
H4K,"$10,000 to $14,999",780
H4K,"$15,000 to $19,999",880
H4K,"$20,000 to $24,999",810
H4K,"$25,000 to $29,999",550
H4K,"$30,000 to $34,999",450
H4K,"$35,000 to $39,999",390
H4K,"$40,000 to $44,999",380
H4K,"$45,000 to $49,999",380
H4K,"$50,000 to $54,999",310
H4K,"$55,000 to $59,999",290
H4K,"$60,000 to $69,999",470
H4K,"$70,000 to $79,999",330
H4K,"$80,000 to $89,999",310
H4K,"$90,000 to $99,999",240
H4K,"$100,000 to $149,999",560
H4K,"$150,000 to $249,999",360
H4K,"$250,000 and over",250
H4L,"Under $5,000",4030
H4L,"$5,000 to $9,999",2550
H4L,"$10,000 to $14,999",2990
H4L,"$15,000 to $19,999",3070
H4L,"$20,000 to $24,999",2500
H4L,"$25,000 to $29,999",1990
H4L,"$30,000 to $34,999",1660
H4L,"$35,000 to $39,999",1560
H4L,"$40,000 to $44,999",1350
H4L,"$45,000 to $49,999",1160
H4L,"$50,000 to $54,999",920
H4L,"$55,000 to $59,999",820
H4L,"$60,000 to $69,999",1250
H4L,"$70,000 to $79,999",980
H4L,"$80,000 to $89,999",770
H4L,"$90,000 to $99,999",590
H4L,"$100,000 to $149,999",1150
H4L,"$150,000 to $249,999",400
H4L,"$250,000 and over",160
H4M,"Under $5,000",1220
H4M,"$5,000 to $9,999",740
H4M,"$10,000 to $14,999",800
H4M,"$15,000 to $19,999",880
H4M,"$20,000 to $24,999",710
H4M,"$25,000 to $29,999",570
H4M,"$30,000 to $34,999",530
H4M,"$35,000 to $39,999",470
H4M,"$40,000 to $44,999",420
H4M,"$45,000 to $49,999",440
H4M,"$50,000 to $54,999",330
H4M,"$55,000 to $59,999",310
H4M,"$60,000 to $69,999",510
H4M,"$70,000 to $79,999",380
H4M,"$80,000 to $89,999",310
H4M,"$90,000 to $99,999",250
H4M,"$100,000 to $149,999",610
H4M,"$150,000 to $249,999",330
H4M,"$250,000 and over",170
H4N,"Under $5,000",4120
H4N,"$5,000 to $9,999",2460
H4N,"$10,000 to $14,999",2450
H4N,"$15,000 to $19,999",2440
H4N,"$20,000 to $24,999",1950
H4N,"$25,000 to $29,999",1560
H4N,"$30,000 to $34,999",1330
H4N,"$35,000 to $39,999",1220
H4N,"$40,000 to $44,999",1000
H4N,"$45,000 to $49,999",920
H4N,"$50,000 to $54,999",770
H4N,"$55,000 to $59,999",590
H4N,"$60,000 to $69,999",900
H4N,"$70,000 to $79,999",620
H4N,"$80,000 to $89,999",460
H4N,"$90,000 to $99,999",300
H4N,"$100,000 to $149,999",590
H4N,"$150,000 to $249,999",170
H4N,"$250,000 and over",60
H4P,"Under $5,000",1040
H4P,"$5,000 to $9,999",510
H4P,"$10,000 to $14,999",650
H4P,"$15,000 to $19,999",540
H4P,"$20,000 to $24,999",420
H4P,"$25,000 to $29,999",380
H4P,"$30,000 to $34,999",360
H4P,"$35,000 to $39,999",340
H4P,"$40,000 to $44,999",290
H4P,"$45,000 to $49,999",280
H4P,"$50,000 to $54,999",230
H4P,"$55,000 to $59,999",240
H4P,"$60,000 to $69,999",380
H4P,"$70,000 to $79,999",310
H4P,"$80,000 to $89,999",270
H4P,"$90,000 to $99,999",190
H4P,"$100,000 to $149,999",420
H4P,"$150,000 to $249,999",180
H4P,"$250,000 and over",120
H4R,"Under $5,000",2700
H4R,"$5,000 to $9,999",1450
H4R,"$10,000 to $14,999",1640
H4R,"$15,000 to $19,999",1690
H4R,"$20,000 to $24,999",1510
H4R,"$25,000 to $29,999",1120
H4R,"$30,000 to $34,999",1020
H4R,"$35,000 to $39,999",1020
H4R,"$40,000 to $44,999",960
H4R,"$45,000 to $49,999",900
H4R,"$50,000 to $54,999",740
H4R,"$55,000 to $59,999",730
H4R,"$60,000 to $69,999",1220
H4R,"$70,000 to $79,999",1070
H4R,"$80,000 to $89,999",910
H4R,"$90,000 to $99,999",720
H4R,"$100,000 to $149,999",2050
H4R,"$150,000 to $249,999",1130
H4R,"$250,000 and over",710
H4S,"Under $5,000",60
H4S,"$5,000 to $9,999",30
H4S,"$10,000 to $14,999",30
H4S,"$15,000 to $19,999",20
H4S,"$20,000 to $24,999",20
H4S,"$25,000 to $29,999",20
H4S,"$30,000 to $34,999",20
H4S,"$35,000 to $39,999",20
H4S,"$40,000 to $44,999",20
H4S,"$45,000 to $49,999",20
H4S,"$50,000 to $54,999",20
H4S,"$55,000 to $59,999",20
H4S,"$60,000 to $69,999",30
H4S,"$70,000 to $79,999",30
H4S,"$80,000 to $89,999",20
H4S,"$90,000 to $99,999",10
H4S,"$100,000 to $149,999",50
H4S,"$150,000 to $249,999",20
H4S,"$250,000 and over",10
H4T,"Under $5,000",20
H4T,"$5,000 to $9,999",10
H4T,"$10,000 to $14,999",10
H4T,"$15,000 to $19,999",0
H4T,"$20,000 to $24,999",0
H4T,"$25,000 to $29,999",0
H4T,"$30,000 to $34,999",0
H4T,"$35,000 to $39,999",0
H4T,"$40,000 to $44,999",0
H4T,"$45,000 to $49,999",0
H4T,"$50,000 to $54,999",0
H4T,"$55,000 to $59,999",10
H4T,"$60,000 to $69,999",0
H4T,"$70,000 to $79,999",0
H4T,"$80,000 to $89,999",0
H4T,"$90,000 to $99,999",0
H4T,"$100,000 to $149,999",0
H4T,"$150,000 to $249,999",10
H4T,"$250,000 and over",10
H4V,"Under $5,000",1960
H4V,"$5,000 to $9,999",1340
H4V,"$10,000 to $14,999",1510
H4V,"$15,000 to $19,999",1590
H4V,"$20,000 to $24,999",1480
H4V,"$25,000 to $29,999",1110
H4V,"$30,000 to $34,999",940
H4V,"$35,000 to $39,999",910
H4V,"$40,000 to $44,999",790
H4V,"$45,000 to $49,999",650
H4V,"$50,000 to $54,999",540
H4V,"$55,000 to $59,999",450
H4V,"$60,000 to $69,999",750
H4V,"$70,000 to $79,999",520
H4V,"$80,000 to $89,999",450
H4V,"$90,000 to $99,999",300
H4V,"$100,000 to $149,999",660
H4V,"$150,000 to $249,999",330
H4V,"$250,000 and over",170
H4W,"Under $5,000",2250
H4W,"$5,000 to $9,999",1430
H4W,"$10,000 to $14,999",1590
H4W,"$15,000 to $19,999",1720
H4W,"$20,000 to $24,999",1590
H4W,"$25,000 to $29,999",1160
H4W,"$30,000 to $34,999",1060
H4W,"$35,000 to $39,999",940
H4W,"$40,000 to $44,999",870
H4W,"$45,000 to $49,999",860
H4W,"$50,000 to $54,999",750
H4W,"$55,000 to $59,999",580
H4W,"$60,000 to $69,999",990
H4W,"$70,000 to $79,999",820
H4W,"$80,000 to $89,999",620
H4W,"$90,000 to $99,999",510
H4W,"$100,000 to $149,999",1270
H4W,"$150,000 to $249,999",830
H4W,"$250,000 and over",620
H4X,"Under $5,000",460
H4X,"$5,000 to $9,999",310
H4X,"$10,000 to $14,999",320
H4X,"$15,000 to $19,999",340
H4X,"$20,000 to $24,999",310
H4X,"$25,000 to $29,999",230
H4X,"$30,000 to $34,999",210
H4X,"$35,000 to $39,999",200
H4X,"$40,000 to $44,999",190
H4X,"$45,000 to $49,999",170
H4X,"$50,000 to $54,999",170
H4X,"$55,000 to $59,999",130
H4X,"$60,000 to $69,999",290
H4X,"$70,000 to $79,999",240
H4X,"$80,000 to $89,999",180
H4X,"$90,000 to $99,999",190
H4X,"$100,000 to $149,999",470
H4X,"$150,000 to $249,999",360
H4X,"$250,000 and over",290
H4Z,"Under $5,000",0
H4Z,"$5,000 to $9,999",0
H4Z,"$10,000 to $14,999",0
H4Z,"$15,000 to $19,999",0
H4Z,"$20,000 to $24,999",0
H4Z,"$25,000 to $29,999",0
H4Z,"$30,000 to $34,999",0
H4Z,"$35,000 to $39,999",0
H4Z,"$40,000 to $44,999",0
H4Z,"$45,000 to $49,999",0
H4Z,"$50,000 to $54,999",0
H4Z,"$55,000 to $59,999",0
H4Z,"$60,000 to $69,999",0
H4Z,"$70,000 to $79,999",0
H4Z,"$80,000 to $89,999",0
H4Z,"$90,000 to $99,999",0
H4Z,"$100,000 to $149,999",0
H4Z,"$150,000 to $249,999",0
H4Z,"$250,000 and over",0
H5B,"Under $5,000",0
H5B,"$5,000 to $9,999",10
H5B,"$10,000 to $14,999",10
H5B,"$15,000 to $19,999",10
H5B,"$20,000 to $24,999",0
H5B,"$25,000 to $29,999",10
H5B,"$30,000 to $34,999",10
H5B,"$35,000 to $39,999",0
H5B,"$40,000 to $44,999",0
H5B,"$45,000 to $49,999",0
H5B,"$50,000 to $54,999",0
H5B,"$55,000 to $59,999",0
H5B,"$60,000 to $69,999",0
H5B,"$70,000 to $79,999",0
H5B,"$80,000 to $89,999",0
H5B,"$90,000 to $99,999",0
H5B,"$100,000 to $149,999",10
H5B,"$150,000 to $249,999",0
H5B,"$250,000 and over",10
H7A,"Under $5,000",1160
H7A,"$5,000 to $9,999",940
H7A,"$10,000 to $14,999",1240
H7A,"$15,000 to $19,999",1240
H7A,"$20,000 to $24,999",1200
H7A,"$25,000 to $29,999",1070
H7A,"$30,000 to $34,999",970
H7A,"$35,000 to $39,999",1080
H7A,"$40,000 to $44,999",1040
H7A,"$45,000 to $49,999",1000
H7A,"$50,000 to $54,999",840
H7A,"$55,000 to $59,999",720
H7A,"$60,000 to $69,999",1140
H7A,"$70,000 to $79,999",830
H7A,"$80,000 to $89,999",730
H7A,"$90,000 to $99,999",430
H7A,"$100,000 to $149,999",780
H7A,"$150,000 to $249,999",210
H7A,"$250,000 and over",70
H7B,"Under $5,000",120
H7B,"$5,000 to $9,999",100
H7B,"$10,000 to $14,999",150
H7B,"$15,000 to $19,999",160
H7B,"$20,000 to $24,999",150
H7B,"$25,000 to $29,999",130
H7B,"$30,000 to $34,999",150
H7B,"$35,000 to $39,999",130
H7B,"$40,000 to $44,999",140
H7B,"$45,000 to $49,999",140
H7B,"$50,000 to $54,999",110
H7B,"$55,000 to $59,999",120
H7B,"$60,000 to $69,999",190
H7B,"$70,000 to $79,999",130
H7B,"$80,000 to $89,999",110
H7B,"$90,000 to $99,999",50
H7B,"$100,000 to $149,999",120
H7B,"$150,000 to $249,999",30
H7B,"$250,000 and over",10
H7C,"Under $5,000",420
H7C,"$5,000 to $9,999",370
H7C,"$10,000 to $14,999",540
H7C,"$15,000 to $19,999",530
H7C,"$20,000 to $24,999",640
H7C,"$25,000 to $29,999",440
H7C,"$30,000 to $34,999",400
H7C,"$35,000 to $39,999",400
H7C,"$40,000 to $44,999",380
H7C,"$45,000 to $49,999",340
H7C,"$50,000 to $54,999",290
H7C,"$55,000 to $59,999",230
H7C,"$60,000 to $69,999",420
H7C,"$70,000 to $79,999",280
H7C,"$80,000 to $89,999",240
H7C,"$90,000 to $99,999",150
H7C,"$100,000 to $149,999",280
H7C,"$150,000 to $249,999",80
H7C,"$250,000 and over",40
H7E,"Under $5,000",1320
H7E,"$5,000 to $9,999",1130
H7E,"$10,000 to $14,999",1480
H7E,"$15,000 to $19,999",1390
H7E,"$20,000 to $24,999",1500
H7E,"$25,000 to $29,999",1220
H7E,"$30,000 to $34,999",1150
H7E,"$35,000 to $39,999",1220
H7E,"$40,000 to $44,999",1120
H7E,"$45,000 to $49,999",1140
H7E,"$50,000 to $54,999",1030
H7E,"$55,000 to $59,999",890
H7E,"$60,000 to $69,999",1420
H7E,"$70,000 to $79,999",1200
H7E,"$80,000 to $89,999",1080
H7E,"$90,000 to $99,999",690
H7E,"$100,000 to $149,999",1580
H7E,"$150,000 to $249,999",730
H7E,"$250,000 and over",440
H7G,"Under $5,000",1240
H7G,"$5,000 to $9,999",1120
H7G,"$10,000 to $14,999",1370
H7G,"$15,000 to $19,999",1690
H7G,"$20,000 to $24,999",1550
H7G,"$25,000 to $29,999",1280
H7G,"$30,000 to $34,999",1130
H7G,"$35,000 to $39,999",1110
H7G,"$40,000 to $44,999",960
H7G,"$45,000 to $49,999",960
H7G,"$50,000 to $54,999",750
H7G,"$55,000 to $59,999",620
H7G,"$60,000 to $69,999",1040
H7G,"$70,000 to $79,999",760
H7G,"$80,000 to $89,999",580
H7G,"$90,000 to $99,999",380
H7G,"$100,000 to $149,999",690
H7G,"$150,000 to $249,999",270
H7G,"$250,000 and over",100
H7H,"Under $5,000",670
H7H,"$5,000 to $9,999",570
H7H,"$10,000 to $14,999",770
H7H,"$15,000 to $19,999",710
H7H,"$20,000 to $24,999",710
H7H,"$25,000 to $29,999",570
H7H,"$30,000 to $34,999",590
H7H,"$35,000 to $39,999",640
H7H,"$40,000 to $44,999",630
H7H,"$45,000 to $49,999",660
H7H,"$50,000 to $54,999",570
H7H,"$55,000 to $59,999",520
H7H,"$60,000 to $69,999",810
H7H,"$70,000 to $79,999",650
H7H,"$80,000 to $89,999",590
H7H,"$90,000 to $99,999",340
H7H,"$100,000 to $149,999",670
H7H,"$150,000 to $249,999",170
H7H,"$250,000 and over",50
H7J,"Under $5,000",100
H7J,"$5,000 to $9,999",90
H7J,"$10,000 to $14,999",100
H7J,"$15,000 to $19,999",130
H7J,"$20,000 to $24,999",130
H7J,"$25,000 to $29,999",120
H7J,"$30,000 to $34,999",80
H7J,"$35,000 to $39,999",110
H7J,"$40,000 to $44,999",90
H7J,"$45,000 to $49,999",90
H7J,"$50,000 to $54,999",80
H7J,"$55,000 to $59,999",80
H7J,"$60,000 to $69,999",130
H7J,"$70,000 to $79,999",120
H7J,"$80,000 to $89,999",90
H7J,"$90,000 to $99,999",60
H7J,"$100,000 to $149,999",110
H7J,"$150,000 to $249,999",60
H7J,"$250,000 and over",30
H7K,"Under $5,000",1130
H7K,"$5,000 to $9,999",980
H7K,"$10,000 to $14,999",1260
H7K,"$15,000 to $19,999",1280
H7K,"$20,000 to $24,999",1240
H7K,"$25,000 to $29,999",980
H7K,"$30,000 to $34,999",940
H7K,"$35,000 to $39,999",1000
H7K,"$40,000 to $44,999",1020
H7K,"$45,000 to $49,999",1020
H7K,"$50,000 to $54,999",820
H7K,"$55,000 to $59,999",790
H7K,"$60,000 to $69,999",1400
H7K,"$70,000 to $79,999",1030
H7K,"$80,000 to $89,999",880
H7K,"$90,000 to $99,999",600
H7K,"$100,000 to $149,999",1280
H7K,"$150,000 to $249,999",530
H7K,"$250,000 and over",190
H7L,"Under $5,000",1950
H7L,"$5,000 to $9,999",1500
H7L,"$10,000 to $14,999",1960
H7L,"$15,000 to $19,999",1890
H7L,"$20,000 to $24,999",1920
H7L,"$25,000 to $29,999",1530
H7L,"$30,000 to $34,999",1380
H7L,"$35,000 to $39,999",1530
H7L,"$40,000 to $44,999",1460
H7L,"$45,000 to $49,999",1570
H7L,"$50,000 to $54,999",1380
H7L,"$55,000 to $59,999",1240
H7L,"$60,000 to $69,999",2100
H7L,"$70,000 to $79,999",1740
H7L,"$80,000 to $89,999",1720
H7L,"$90,000 to $99,999",1170
H7L,"$100,000 to $149,999",2420
H7L,"$150,000 to $249,999",830
H7L,"$250,000 and over",280
H7M,"Under $5,000",1490
H7M,"$5,000 to $9,999",1150
H7M,"$10,000 to $14,999",1750
H7M,"$15,000 to $19,999",1870
H7M,"$20,000 to $24,999",2080
H7M,"$25,000 to $29,999",1560
H7M,"$30,000 to $34,999",1530
H7M,"$35,000 to $39,999",1470
H7M,"$40,000 to $44,999",1400
H7M,"$45,000 to $49,999",1380
H7M,"$50,000 to $54,999",1090
H7M,"$55,000 to $59,999",980
H7M,"$60,000 to $69,999",1610
H7M,"$70,000 to $79,999",1090
H7M,"$80,000 to $89,999",900
H7M,"$90,000 to $99,999",590
H7M,"$100,000 to $149,999",1140
H7M,"$150,000 to $249,999",380
H7M,"$250,000 and over",180
H7N,"Under $5,000",2770
H7N,"$5,000 to $9,999",2300
H7N,"$10,000 to $14,999",3010
H7N,"$15,000 to $19,999",3150
H7N,"$20,000 to $24,999",3200
H7N,"$25,000 to $29,999",2410
H7N,"$30,000 to $34,999",2280
H7N,"$35,000 to $39,999",2200
H7N,"$40,000 to $44,999",2110
H7N,"$45,000 to $49,999",1900
H7N,"$50,000 to $54,999",1580
H7N,"$55,000 to $59,999",1310
H7N,"$60,000 to $69,999",2000
H7N,"$70,000 to $79,999",1510
H7N,"$80,000 to $89,999",1170
H7N,"$90,000 to $99,999",760
H7N,"$100,000 to $149,999",1340
H7N,"$150,000 to $249,999",370
H7N,"$250,000 and over",140
H7P,"Under $5,000",2040
H7P,"$5,000 to $9,999",1600
H7P,"$10,000 to $14,999",2030
H7P,"$15,000 to $19,999",2060
H7P,"$20,000 to $24,999",2210
H7P,"$25,000 to $29,999",1800
H7P,"$30,000 to $34,999",1710
H7P,"$35,000 to $39,999",1770
H7P,"$40,000 to $44,999",1710
H7P,"$45,000 to $49,999",1670
H7P,"$50,000 to $54,999",1390
H7P,"$55,000 to $59,999",1180
H7P,"$60,000 to $69,999",1910
H7P,"$70,000 to $79,999",1480
H7P,"$80,000 to $89,999",1270
H7P,"$90,000 to $99,999",810
H7P,"$100,000 to $149,999",1670
H7P,"$150,000 to $249,999",610
H7P,"$250,000 and over",280
H7R,"Under $5,000",1710
H7R,"$5,000 to $9,999",1270
H7R,"$10,000 to $14,999",1770
H7R,"$15,000 to $19,999",1760
H7R,"$20,000 to $24,999",1850
H7R,"$25,000 to $29,999",1500
H7R,"$30,000 to $34,999",1410
H7R,"$35,000 to $39,999",1460
H7R,"$40,000 to $44,999",1300
H7R,"$45,000 to $49,999",1290
H7R,"$50,000 to $54,999",1160
H7R,"$55,000 to $59,999",940
H7R,"$60,000 to $69,999",1590
H7R,"$70,000 to $79,999",1200
H7R,"$80,000 to $89,999",1030
H7R,"$90,000 to $99,999",660
H7R,"$100,000 to $149,999",1380
H7R,"$150,000 to $249,999",380
H7R,"$250,000 and over",160
H7S,"Under $5,000",550
H7S,"$5,000 to $9,999",480
H7S,"$10,000 to $14,999",570
H7S,"$15,000 to $19,999",510
H7S,"$20,000 to $24,999",510
H7S,"$25,000 to $29,999",400
H7S,"$30,000 to $34,999",410
H7S,"$35,000 to $39,999",350
H7S,"$40,000 to $44,999",330
H7S,"$45,000 to $49,999",320
H7S,"$50,000 to $54,999",260
H7S,"$55,000 to $59,999",240
H7S,"$60,000 to $69,999",370
H7S,"$70,000 to $79,999",280
H7S,"$80,000 to $89,999",200
H7S,"$90,000 to $99,999",120
H7S,"$100,000 to $149,999",240
H7S,"$150,000 to $249,999",70
H7S,"$250,000 and over",30
H7T,"Under $5,000",1820
H7T,"$5,000 to $9,999",1320
H7T,"$10,000 to $14,999",1830
H7T,"$15,000 to $19,999",1860
H7T,"$20,000 to $24,999",1710
H7T,"$25,000 to $29,999",1290
H7T,"$30,000 to $34,999",1240
H7T,"$35,000 to $39,999",1140
H7T,"$40,000 to $44,999",1110
H7T,"$45,000 to $49,999",1100
H7T,"$50,000 to $54,999",840
H7T,"$55,000 to $59,999",780
H7T,"$60,000 to $69,999",1300
H7T,"$70,000 to $79,999",980
H7T,"$80,000 to $89,999",760
H7T,"$90,000 to $99,999",500
H7T,"$100,000 to $149,999",1170
H7T,"$150,000 to $249,999",420
H7T,"$250,000 and over",190
H7V,"Under $5,000",1910
H7V,"$5,000 to $9,999",1510
H7V,"$10,000 to $14,999",1970
H7V,"$15,000 to $19,999",2250
H7V,"$20,000 to $24,999",2220
H7V,"$25,000 to $29,999",1500
H7V,"$30,000 to $34,999",1240
H7V,"$35,000 to $39,999",1150
H7V,"$40,000 to $44,999",940
H7V,"$45,000 to $49,999",880
H7V,"$50,000 to $54,999",660
H7V,"$55,000 to $59,999",550
H7V,"$60,000 to $69,999",800
H7V,"$70,000 to $79,999",550
H7V,"$80,000 to $89,999",380
H7V,"$90,000 to $99,999",250
H7V,"$100,000 to $149,999",440
H7V,"$150,000 to $249,999",130
H7V,"$250,000 and over",70
H7W,"Under $5,000",3040
H7W,"$5,000 to $9,999",2520
H7W,"$10,000 to $14,999",3650
H7W,"$15,000 to $19,999",3900
H7W,"$20,000 to $24,999",3460
H7W,"$25,000 to $29,999",2350
H7W,"$30,000 to $34,999",2100
H7W,"$35,000 to $39,999",1960
H7W,"$40,000 to $44,999",1750
H7W,"$45,000 to $49,999",1580
H7W,"$50,000 to $54,999",1310
H7W,"$55,000 to $59,999",1030
H7W,"$60,000 to $69,999",1660
H7W,"$70,000 to $79,999",1190
H7W,"$80,000 to $89,999",890
H7W,"$90,000 to $99,999",580
H7W,"$100,000 to $149,999",1200
H7W,"$150,000 to $249,999",470
H7W,"$250,000 and over",240
H7X,"Under $5,000",1720
H7X,"$5,000 to $9,999",1290
H7X,"$10,000 to $14,999",1600
H7X,"$15,000 to $19,999",1650
H7X,"$20,000 to $24,999",1430
H7X,"$25,000 to $29,999",1090
H7X,"$30,000 to $34,999",1060
H7X,"$35,000 to $39,999",1070
H7X,"$40,000 to $44,999",1050
H7X,"$45,000 to $49,999",1050
H7X,"$50,000 to $54,999",850
H7X,"$55,000 to $59,999",780
H7X,"$60,000 to $69,999",1270
H7X,"$70,000 to $79,999",1000
H7X,"$80,000 to $89,999",940
H7X,"$90,000 to $99,999",700
H7X,"$100,000 to $149,999",1620
H7X,"$150,000 to $249,999",690
H7X,"$250,000 and over",370
H7Y,"Under $5,000",610
H7Y,"$5,000 to $9,999",390
H7Y,"$10,000 to $14,999",460
H7Y,"$15,000 to $19,999",390
H7Y,"$20,000 to $24,999",340
H7Y,"$25,000 to $29,999",310
H7Y,"$30,000 to $34,999",300
H7Y,"$35,000 to $39,999",310
H7Y,"$40,000 to $44,999",330
H7Y,"$45,000 to $49,999",310
H7Y,"$50,000 to $54,999",330
H7Y,"$55,000 to $59,999",280
H7Y,"$60,000 to $69,999",500
H7Y,"$70,000 to $79,999",430
H7Y,"$80,000 to $89,999",460
H7Y,"$90,000 to $99,999",300
H7Y,"$100,000 to $149,999",880
H7Y,"$150,000 to $249,999",420
H7Y,"$250,000 and over",190
H8N,"Under $5,000",3180
H8N,"$5,000 to $9,999",2230
H8N,"$10,000 to $14,999",2450
H8N,"$15,000 to $19,999",2400
H8N,"$20,000 to $24,999",2420
H8N,"$25,000 to $29,999",1880
H8N,"$30,000 to $34,999",1700
H8N,"$35,000 to $39,999",1590
H8N,"$40,000 to $44,999",1470
H8N,"$45,000 to $49,999",1300
H8N,"$50,000 to $54,999",1050
H8N,"$55,000 to $59,999",850
H8N,"$60,000 to $69,999",1300
H8N,"$70,000 to $79,999",860
H8N,"$80,000 to $89,999",650
H8N,"$90,000 to $99,999",420
H8N,"$100,000 to $149,999",840
H8N,"$150,000 to $249,999",240
H8N,"$250,000 and over",100
H8P,"Under $5,000",1420
H8P,"$5,000 to $9,999",1150
H8P,"$10,000 to $14,999",1450
H8P,"$15,000 to $19,999",1490
H8P,"$20,000 to $24,999",1670
H8P,"$25,000 to $29,999",1290
H8P,"$30,000 to $34,999",1130
H8P,"$35,000 to $39,999",1150
H8P,"$40,000 to $44,999",1060
H8P,"$45,000 to $49,999",1000
H8P,"$50,000 to $54,999",800
H8P,"$55,000 to $59,999",720
H8P,"$60,000 to $69,999",1080
H8P,"$70,000 to $79,999",810
H8P,"$80,000 to $89,999",690
H8P,"$90,000 to $99,999",430
H8P,"$100,000 to $149,999",830
H8P,"$150,000 to $249,999",270
H8P,"$250,000 and over",140
H8R,"Under $5,000",2570
H8R,"$5,000 to $9,999",2200
H8R,"$10,000 to $14,999",2470
H8R,"$15,000 to $19,999",2270
H8R,"$20,000 to $24,999",2160
H8R,"$25,000 to $29,999",1710
H8R,"$30,000 to $34,999",1620
H8R,"$35,000 to $39,999",1580
H8R,"$40,000 to $44,999",1360
H8R,"$45,000 to $49,999",1190
H8R,"$50,000 to $54,999",930
H8R,"$55,000 to $59,999",770
H8R,"$60,000 to $69,999",1170
H8R,"$70,000 to $79,999",840
H8R,"$80,000 to $89,999",640
H8R,"$90,000 to $99,999",370
H8R,"$100,000 to $149,999",660
H8R,"$150,000 to $249,999",230
H8R,"$250,000 and over",80
H8S,"Under $5,000",1540
H8S,"$5,000 to $9,999",1560
H8S,"$10,000 to $14,999",1870
H8S,"$15,000 to $19,999",1890
H8S,"$20,000 to $24,999",1890
H8S,"$25,000 to $29,999",1410
H8S,"$30,000 to $34,999",1280
H8S,"$35,000 to $39,999",1220
H8S,"$40,000 to $44,999",1150
H8S,"$45,000 to $49,999",1020
H8S,"$50,000 to $54,999",800
H8S,"$55,000 to $59,999",670
H8S,"$60,000 to $69,999",1070
H8S,"$70,000 to $79,999",780
H8S,"$80,000 to $89,999",590
H8S,"$90,000 to $99,999",360
H8S,"$100,000 to $149,999",660
H8S,"$150,000 to $249,999",190
H8S,"$250,000 and over",70
H8T,"Under $5,000",790
H8T,"$5,000 to $9,999",620
H8T,"$10,000 to $14,999",810
H8T,"$15,000 to $19,999",790
H8T,"$20,000 to $24,999",830
H8T,"$25,000 to $29,999",600
H8T,"$30,000 to $34,999",630
H8T,"$35,000 to $39,999",590
H8T,"$40,000 to $44,999",560
H8T,"$45,000 to $49,999",590
H8T,"$50,000 to $54,999",500
H8T,"$55,000 to $59,999",470
H8T,"$60,000 to $69,999",750
H8T,"$70,000 to $79,999",620
H8T,"$80,000 to $89,999",620
H8T,"$90,000 to $99,999",480
H8T,"$100,000 to $149,999",1070
H8T,"$150,000 to $249,999",480
H8T,"$250,000 and over",180
H8Y,"Under $5,000",1630
H8Y,"$5,000 to $9,999",1100
H8Y,"$10,000 to $14,999",1350
H8Y,"$15,000 to $19,999",1370
H8Y,"$20,000 to $24,999",1190
H8Y,"$25,000 to $29,999",980
H8Y,"$30,000 to $34,999",890
H8Y,"$35,000 to $39,999",880
H8Y,"$40,000 to $44,999",840
H8Y,"$45,000 to $49,999",690
H8Y,"$50,000 to $54,999",570
H8Y,"$55,000 to $59,999",480
H8Y,"$60,000 to $69,999",860
H8Y,"$70,000 to $79,999",580
H8Y,"$80,000 to $89,999",500
H8Y,"$90,000 to $99,999",370
H8Y,"$100,000 to $149,999",690
H8Y,"$150,000 to $249,999",260
H8Y,"$250,000 and over",140
H8Z,"Under $5,000",1150
H8Z,"$5,000 to $9,999",800
H8Z,"$10,000 to $14,999",1040
H8Z,"$15,000 to $19,999",1020
H8Z,"$20,000 to $24,999",890
H8Z,"$25,000 to $29,999",810
H8Z,"$30,000 to $34,999",770
H8Z,"$35,000 to $39,999",740
H8Z,"$40,000 to $44,999",680
H8Z,"$45,000 to $49,999",630
H8Z,"$50,000 to $54,999",520
H8Z,"$55,000 to $59,999",450
H8Z,"$60,000 to $69,999",740
H8Z,"$70,000 to $79,999",540
H8Z,"$80,000 to $89,999",440
H8Z,"$90,000 to $99,999",300
H8Z,"$100,000 to $149,999",600
H8Z,"$150,000 to $249,999",210
H8Z,"$250,000 and over",50
H9A,"Under $5,000",1200
H9A,"$5,000 to $9,999",780
H9A,"$10,000 to $14,999",980
H9A,"$15,000 to $19,999",1000
H9A,"$20,000 to $24,999",850
H9A,"$25,000 to $29,999",640
H9A,"$30,000 to $34,999",660
H9A,"$35,000 to $39,999",580
H9A,"$40,000 to $44,999",530
H9A,"$45,000 to $49,999",520
H9A,"$50,000 to $54,999",520
H9A,"$55,000 to $59,999",380
H9A,"$60,000 to $69,999",710
H9A,"$70,000 to $79,999",570
H9A,"$80,000 to $89,999",520
H9A,"$90,000 to $99,999",360
H9A,"$100,000 to $149,999",940
H9A,"$150,000 to $249,999",450
H9A,"$250,000 and over",360
H9B,"Under $5,000",1640
H9B,"$5,000 to $9,999",1140
H9B,"$10,000 to $14,999",1510
H9B,"$15,000 to $19,999",1500
H9B,"$20,000 to $24,999",1430
H9B,"$25,000 to $29,999",1180
H9B,"$30,000 to $34,999",1050
H9B,"$35,000 to $39,999",940
H9B,"$40,000 to $44,999",920
H9B,"$45,000 to $49,999",790
H9B,"$50,000 to $54,999",660
H9B,"$55,000 to $59,999",570
H9B,"$60,000 to $69,999",910
H9B,"$70,000 to $79,999",700
H9B,"$80,000 to $89,999",480
H9B,"$90,000 to $99,999",370
H9B,"$100,000 to $149,999",870
H9B,"$150,000 to $249,999",370
H9B,"$250,000 and over",170
H9C,"Under $5,000",710
H9C,"$5,000 to $9,999",520
H9C,"$10,000 to $14,999",660
H9C,"$15,000 to $19,999",580
H9C,"$20,000 to $24,999",580
H9C,"$25,000 to $29,999",500
H9C,"$30,000 to $34,999",440
H9C,"$35,000 to $39,999",460
H9C,"$40,000 to $44,999",480
H9C,"$45,000 to $49,999",470
H9C,"$50,000 to $54,999",410
H9C,"$55,000 to $59,999",350
H9C,"$60,000 to $69,999",620
H9C,"$70,000 to $79,999",470
H9C,"$80,000 to $89,999",430
H9C,"$90,000 to $99,999",320
H9C,"$100,000 to $149,999",880
H9C,"$150,000 to $249,999",450
H9C,"$250,000 and over",230
H9E,"Under $5,000",210
H9E,"$5,000 to $9,999",140
H9E,"$10,000 to $14,999",180
H9E,"$15,000 to $19,999",170
H9E,"$20,000 to $24,999",180
H9E,"$25,000 to $29,999",130
H9E,"$30,000 to $34,999",120
H9E,"$35,000 to $39,999",120
H9E,"$40,000 to $44,999",110
H9E,"$45,000 to $49,999",110
H9E,"$50,000 to $54,999",110
H9E,"$55,000 to $59,999",90
H9E,"$60,000 to $69,999",170
H9E,"$70,000 to $79,999",110
H9E,"$80,000 to $89,999",100
H9E,"$90,000 to $99,999",80
H9E,"$100,000 to $149,999",190
H9E,"$150,000 to $249,999",100
H9E,"$250,000 and over",70
H9G,"Under $5,000",1070
H9G,"$5,000 to $9,999",770
H9G,"$10,000 to $14,999",970
H9G,"$15,000 to $19,999",980
H9G,"$20,000 to $24,999",880
H9G,"$25,000 to $29,999",710
H9G,"$30,000 to $34,999",710
H9G,"$35,000 to $39,999",640
H9G,"$40,000 to $44,999",720
H9G,"$45,000 to $49,999",620
H9G,"$50,000 to $54,999",520
H9G,"$55,000 to $59,999",500
H9G,"$60,000 to $69,999",760
H9G,"$70,000 to $79,999",660
H9G,"$80,000 to $89,999",510
H9G,"$90,000 to $99,999",340
H9G,"$100,000 to $149,999",840
H9G,"$150,000 to $249,999",370
H9G,"$250,000 and over",170
H9H,"Under $5,000",1840
H9H,"$5,000 to $9,999",1300
H9H,"$10,000 to $14,999",1650
H9H,"$15,000 to $19,999",1550
H9H,"$20,000 to $24,999",1580
H9H,"$25,000 to $29,999",1240
H9H,"$30,000 to $34,999",1180
H9H,"$35,000 to $39,999",1130
H9H,"$40,000 to $44,999",1070
H9H,"$45,000 to $49,999",1040
H9H,"$50,000 to $54,999",850
H9H,"$55,000 to $59,999",720
H9H,"$60,000 to $69,999",1160
H9H,"$70,000 to $79,999",970
H9H,"$80,000 to $89,999",760
H9H,"$90,000 to $99,999",480
H9H,"$100,000 to $149,999",1270
H9H,"$150,000 to $249,999",640
H9H,"$250,000 and over",290
H9J,"Under $5,000",1710
H9J,"$5,000 to $9,999",1120
H9J,"$10,000 to $14,999",1260
H9J,"$15,000 to $19,999",1190
H9J,"$20,000 to $24,999",1130
H9J,"$25,000 to $29,999",950
H9J,"$30,000 to $34,999",830
H9J,"$35,000 to $39,999",840
H9J,"$40,000 to $44,999",850
H9J,"$45,000 to $49,999",810
H9J,"$50,000 to $54,999",700
H9J,"$55,000 to $59,999",630
H9J,"$60,000 to $69,999",1070
H9J,"$70,000 to $79,999",820
H9J,"$80,000 to $89,999",750
H9J,"$90,000 to $99,999",550
H9J,"$100,000 to $149,999",1350
H9J,"$150,000 to $249,999",740
H9J,"$250,000 and over",360
H9K,"Under $5,000",680
H9K,"$5,000 to $9,999",430
H9K,"$10,000 to $14,999",460
H9K,"$15,000 to $19,999",450
H9K,"$20,000 to $24,999",400
H9K,"$25,000 to $29,999",340
H9K,"$30,000 to $34,999",340
H9K,"$35,000 to $39,999",300
H9K,"$40,000 to $44,999",300
H9K,"$45,000 to $49,999",280
H9K,"$50,000 to $54,999",230
H9K,"$55,000 to $59,999",210
H9K,"$60,000 to $69,999",400
H9K,"$70,000 to $79,999",350
H9K,"$80,000 to $89,999",310
H9K,"$90,000 to $99,999",230
H9K,"$100,000 to $149,999",620
H9K,"$150,000 to $249,999",320
H9K,"$250,000 and over",150
H9P,"Under $5,000",220
H9P,"$5,000 to $9,999",170
H9P,"$10,000 to $14,999",230
H9P,"$15,000 to $19,999",240
H9P,"$20,000 to $24,999",200
H9P,"$25,000 to $29,999",230
H9P,"$30,000 to $34,999",210
H9P,"$35,000 to $39,999",210
H9P,"$40,000 to $44,999",200
H9P,"$45,000 to $49,999",210
H9P,"$50,000 to $54,999",150
H9P,"$55,000 to $59,999",140
H9P,"$60,000 to $69,999",230
H9P,"$70,000 to $79,999",170
H9P,"$80,000 to $89,999",140
H9P,"$90,000 to $99,999",60
H9P,"$100,000 to $149,999",120
H9P,"$150,000 to $249,999",40
H9P,"$250,000 and over",10
H9R,"Under $5,000",1590
H9R,"$5,000 to $9,999",1010
H9R,"$10,000 to $14,999",1260
H9R,"$15,000 to $19,999",1250
H9R,"$20,000 to $24,999",1380
H9R,"$25,000 to $29,999",1110
H9R,"$30,000 to $34,999",1020
H9R,"$35,000 to $39,999",1150
H9R,"$40,000 to $44,999",1030
H9R,"$45,000 to $49,999",970
H9R,"$50,000 to $54,999",970
H9R,"$55,000 to $59,999",800
H9R,"$60,000 to $69,999",1350
H9R,"$70,000 to $79,999",1140
H9R,"$80,000 to $89,999",970
H9R,"$90,000 to $99,999",700
H9R,"$100,000 to $149,999",1610
H9R,"$150,000 to $249,999",660
H9R,"$250,000 and over",250
H9S,"Under $5,000",1330
H9S,"$5,000 to $9,999",880
H9S,"$10,000 to $14,999",1210
H9S,"$15,000 to $19,999",1170
H9S,"$20,000 to $24,999",1360
H9S,"$25,000 to $29,999",1000
H9S,"$30,000 to $34,999",1010
H9S,"$35,000 to $39,999",1040
H9S,"$40,000 to $44,999",930
H9S,"$45,000 to $49,999",1000
H9S,"$50,000 to $54,999",790
H9S,"$55,000 to $59,999",740
H9S,"$60,000 to $69,999",1220
H9S,"$70,000 to $79,999",970
H9S,"$80,000 to $89,999",850
H9S,"$90,000 to $99,999",580
H9S,"$100,000 to $149,999",1530
H9S,"$150,000 to $249,999",740
H9S,"$250,000 and over",510
H9W,"Under $5,000",1480
H9W,"$5,000 to $9,999",880
H9W,"$10,000 to $14,999",870
H9W,"$15,000 to $19,999",710
H9W,"$20,000 to $24,999",680
H9W,"$25,000 to $29,999",620
H9W,"$30,000 to $34,999",520
H9W,"$35,000 to $39,999",600
H9W,"$40,000 to $44,999",540
H9W,"$45,000 to $49,999",660
H9W,"$50,000 to $54,999",530
H9W,"$55,000 to $59,999",490
H9W,"$60,000 to $69,999",890
H9W,"$70,000 to $79,999",840
H9W,"$80,000 to $89,999",760
H9W,"$90,000 to $99,999",550
H9W,"$100,000 to $149,999",1670
H9W,"$150,000 to $249,999",1200
H9W,"$250,000 and over",910
H9X,"Under $5,000",860
H9X,"$5,000 to $9,999",470
H9X,"$10,000 to $14,999",530
H9X,"$15,000 to $19,999",460
H9X,"$20,000 to $24,999",430
H9X,"$25,000 to $29,999",350
H9X,"$30,000 to $34,999",330
H9X,"$35,000 to $39,999",330
H9X,"$40,000 to $44,999",290
H9X,"$45,000 to $49,999",350
H9X,"$50,000 to $54,999",280
H9X,"$55,000 to $59,999",240
H9X,"$60,000 to $69,999",440
H9X,"$70,000 to $79,999",370
H9X,"$80,000 to $89,999",330
H9X,"$90,000 to $99,999",240
H9X,"$100,000 to $149,999",660
H9X,"$150,000 to $249,999",460
H9X,"$250,000 and over",370
J0A,"Under $5,000",850
J0A,"$5,000 to $9,999",860
J0A,"$10,000 to $14,999",1350
J0A,"$15,000 to $19,999",1480
J0A,"$20,000 to $24,999",1520
J0A,"$25,000 to $29,999",1140
J0A,"$30,000 to $34,999",1000
J0A,"$35,000 to $39,999",1020
J0A,"$40,000 to $44,999",990
J0A,"$45,000 to $49,999",870
J0A,"$50,000 to $54,999",730
J0A,"$55,000 to $59,999",590
J0A,"$60,000 to $69,999",880
J0A,"$70,000 to $79,999",630
J0A,"$80,000 to $89,999",440
J0A,"$90,000 to $99,999",280
J0A,"$100,000 to $149,999",500
J0A,"$150,000 to $249,999",140
J0A,"$250,000 and over",80
J0B,"Under $5,000",2840
J0B,"$5,000 to $9,999",2930
J0B,"$10,000 to $14,999",4450
J0B,"$15,000 to $19,999",4880
J0B,"$20,000 to $24,999",4900
J0B,"$25,000 to $29,999",3650
J0B,"$30,000 to $34,999",3610
J0B,"$35,000 to $39,999",3560
J0B,"$40,000 to $44,999",3280
J0B,"$45,000 to $49,999",3050
J0B,"$50,000 to $54,999",2450
J0B,"$55,000 to $59,999",1940
J0B,"$60,000 to $69,999",3030
J0B,"$70,000 to $79,999",2190
J0B,"$80,000 to $89,999",1610
J0B,"$90,000 to $99,999",1020
J0B,"$100,000 to $149,999",1720
J0B,"$150,000 to $249,999",620
J0B,"$250,000 and over",390
J0C,"Under $5,000",970
J0C,"$5,000 to $9,999",1050
J0C,"$10,000 to $14,999",1530
J0C,"$15,000 to $19,999",1820
J0C,"$20,000 to $24,999",1740
J0C,"$25,000 to $29,999",1300
J0C,"$30,000 to $34,999",1200
J0C,"$35,000 to $39,999",1320
J0C,"$40,000 to $44,999",1330
J0C,"$45,000 to $49,999",1180
J0C,"$50,000 to $54,999",940
J0C,"$55,000 to $59,999",790
J0C,"$60,000 to $69,999",1170
J0C,"$70,000 to $79,999",800
J0C,"$80,000 to $89,999",550
J0C,"$90,000 to $99,999",280
J0C,"$100,000 to $149,999",490
J0C,"$150,000 to $249,999",140
J0C,"$250,000 and over",80
J0E,"Under $5,000",2030
J0E,"$5,000 to $9,999",2240
J0E,"$10,000 to $14,999",3100
J0E,"$15,000 to $19,999",3700
J0E,"$20,000 to $24,999",3760
J0E,"$25,000 to $29,999",2830
J0E,"$30,000 to $34,999",2760
J0E,"$35,000 to $39,999",2780
J0E,"$40,000 to $44,999",2500
J0E,"$45,000 to $49,999",2380
J0E,"$50,000 to $54,999",2010
J0E,"$55,000 to $59,999",1670
J0E,"$60,000 to $69,999",2660
J0E,"$70,000 to $79,999",1870
J0E,"$80,000 to $89,999",1290
J0E,"$90,000 to $99,999",840
J0E,"$100,000 to $149,999",1630
J0E,"$150,000 to $249,999",650
J0E,"$250,000 and over",350
J0G,"Under $5,000",920
J0G,"$5,000 to $9,999",930
J0G,"$10,000 to $14,999",1360
J0G,"$15,000 to $19,999",1590
J0G,"$20,000 to $24,999",1520
J0G,"$25,000 to $29,999",1080
J0G,"$30,000 to $34,999",1080
J0G,"$35,000 to $39,999",1050
J0G,"$40,000 to $44,999",940
J0G,"$45,000 to $49,999",860
J0G,"$50,000 to $54,999",700
J0G,"$55,000 to $59,999",530
J0G,"$60,000 to $69,999",810
J0G,"$70,000 to $79,999",540
J0G,"$80,000 to $89,999",420
J0G,"$90,000 to $99,999",290
J0G,"$100,000 to $149,999",620
J0G,"$150,000 to $249,999",130
J0G,"$250,000 and over",60
J0H,"Under $5,000",2190
J0H,"$5,000 to $9,999",2200
J0H,"$10,000 to $14,999",3380
J0H,"$15,000 to $19,999",3710
J0H,"$20,000 to $24,999",3860
J0H,"$25,000 to $29,999",2880
J0H,"$30,000 to $34,999",2890
J0H,"$35,000 to $39,999",2890
J0H,"$40,000 to $44,999",2940
J0H,"$45,000 to $49,999",2660
J0H,"$50,000 to $54,999",2200
J0H,"$55,000 to $59,999",1740
J0H,"$60,000 to $69,999",2630
J0H,"$70,000 to $79,999",1880
J0H,"$80,000 to $89,999",1410
J0H,"$90,000 to $99,999",750
J0H,"$100,000 to $149,999",1370
J0H,"$150,000 to $249,999",400
J0H,"$250,000 and over",220
J0J,"Under $5,000",1810
J0J,"$5,000 to $9,999",1880
J0J,"$10,000 to $14,999",2560
J0J,"$15,000 to $19,999",2880
J0J,"$20,000 to $24,999",3290
J0J,"$25,000 to $29,999",2490
J0J,"$30,000 to $34,999",2410
J0J,"$35,000 to $39,999",2290
J0J,"$40,000 to $44,999",2210
J0J,"$45,000 to $49,999",1950
J0J,"$50,000 to $54,999",1600
J0J,"$55,000 to $59,999",1430
J0J,"$60,000 to $69,999",2200
J0J,"$70,000 to $79,999",1570
J0J,"$80,000 to $89,999",1130
J0J,"$90,000 to $99,999",670
J0J,"$100,000 to $149,999",1240
J0J,"$150,000 to $249,999",360
J0J,"$250,000 and over",180
J0K,"Under $5,000",7560
J0K,"$5,000 to $9,999",7120
J0K,"$10,000 to $14,999",10740
J0K,"$15,000 to $19,999",11920
J0K,"$20,000 to $24,999",12480
J0K,"$25,000 to $29,999",8600
J0K,"$30,000 to $34,999",7960
J0K,"$35,000 to $39,999",7980
J0K,"$40,000 to $44,999",7180
J0K,"$45,000 to $49,999",6490
J0K,"$50,000 to $54,999",5250
J0K,"$55,000 to $59,999",4280
J0K,"$60,000 to $69,999",6330
J0K,"$70,000 to $79,999",4620
J0K,"$80,000 to $89,999",3500
J0K,"$90,000 to $99,999",1980
J0K,"$100,000 to $149,999",3490
J0K,"$150,000 to $249,999",950
J0K,"$250,000 and over",440
J0L,"Under $5,000",5420
J0L,"$5,000 to $9,999",3110
J0L,"$10,000 to $14,999",4560
J0L,"$15,000 to $19,999",4990
J0L,"$20,000 to $24,999",5350
J0L,"$25,000 to $29,999",4120
J0L,"$30,000 to $34,999",3920
J0L,"$35,000 to $39,999",4060
J0L,"$40,000 to $44,999",4000
J0L,"$45,000 to $49,999",3960
J0L,"$50,000 to $54,999",3160
J0L,"$55,000 to $59,999",2810
J0L,"$60,000 to $69,999",4660
J0L,"$70,000 to $79,999",3680
J0L,"$80,000 to $89,999",2750
J0L,"$90,000 to $99,999",1800
J0L,"$100,000 to $149,999",3350
J0L,"$150,000 to $249,999",850
J0L,"$250,000 and over",330
J0M,"Under $5,000",5420
J0M,"$5,000 to $9,999",1100
J0M,"$10,000 to $14,999",1080
J0M,"$15,000 to $19,999",890
J0M,"$20,000 to $24,999",640
J0M,"$25,000 to $29,999",490
J0M,"$30,000 to $34,999",430
J0M,"$35,000 to $39,999",380
J0M,"$40,000 to $44,999",330
J0M,"$45,000 to $49,999",290
J0M,"$50,000 to $54,999",290
J0M,"$55,000 to $59,999",250
J0M,"$60,000 to $69,999",410
J0M,"$70,000 to $79,999",320
J0M,"$80,000 to $89,999",300
J0M,"$90,000 to $99,999",270
J0M,"$100,000 to $149,999",640
J0M,"$150,000 to $249,999",160
J0M,"$250,000 and over",30
J0N,"Under $5,000",2480
J0N,"$5,000 to $9,999",1970
J0N,"$10,000 to $14,999",2650
J0N,"$15,000 to $19,999",2940
J0N,"$20,000 to $24,999",3170
J0N,"$25,000 to $29,999",2450
J0N,"$30,000 to $34,999",2400
J0N,"$35,000 to $39,999",2490
J0N,"$40,000 to $44,999",2420
J0N,"$45,000 to $49,999",2290
J0N,"$50,000 to $54,999",1890
J0N,"$55,000 to $59,999",1720
J0N,"$60,000 to $69,999",2830
J0N,"$70,000 to $79,999",2280
J0N,"$80,000 to $89,999",1870
J0N,"$90,000 to $99,999",1160
J0N,"$100,000 to $149,999",2240
J0N,"$150,000 to $249,999",520
J0N,"$250,000 and over",190
J0P,"Under $5,000",1790
J0P,"$5,000 to $9,999",1610
J0P,"$10,000 to $14,999",2180
J0P,"$15,000 to $19,999",2430
J0P,"$20,000 to $24,999",2660
J0P,"$25,000 to $29,999",2030
J0P,"$30,000 to $34,999",1970
J0P,"$35,000 to $39,999",2140
J0P,"$40,000 to $44,999",2000
J0P,"$45,000 to $49,999",1910
J0P,"$50,000 to $54,999",1610
J0P,"$55,000 to $59,999",1440
J0P,"$60,000 to $69,999",2340
J0P,"$70,000 to $79,999",1810
J0P,"$80,000 to $89,999",1490
J0P,"$90,000 to $99,999",980
J0P,"$100,000 to $149,999",1950
J0P,"$150,000 to $249,999",700
J0P,"$250,000 and over",360
J0R,"Under $5,000",1450
J0R,"$5,000 to $9,999",1420
J0R,"$10,000 to $14,999",1990
J0R,"$15,000 to $19,999",2380
J0R,"$20,000 to $24,999",2540
J0R,"$25,000 to $29,999",1880
J0R,"$30,000 to $34,999",1740
J0R,"$35,000 to $39,999",1870
J0R,"$40,000 to $44,999",1810
J0R,"$45,000 to $49,999",1860
J0R,"$50,000 to $54,999",1460
J0R,"$55,000 to $59,999",1300
J0R,"$60,000 to $69,999",2130
J0R,"$70,000 to $79,999",1780
J0R,"$80,000 to $89,999",1440
J0R,"$90,000 to $99,999",950
J0R,"$100,000 to $149,999",2140
J0R,"$150,000 to $249,999",930
J0R,"$250,000 and over",490
J0S,"Under $5,000",1560
J0S,"$5,000 to $9,999",1700
J0S,"$10,000 to $14,999",2170
J0S,"$15,000 to $19,999",2370
J0S,"$20,000 to $24,999",2690
J0S,"$25,000 to $29,999",1850
J0S,"$30,000 to $34,999",1800
J0S,"$35,000 to $39,999",1750
J0S,"$40,000 to $44,999",1690
J0S,"$45,000 to $49,999",1490
J0S,"$50,000 to $54,999",1270
J0S,"$55,000 to $59,999",1040
J0S,"$60,000 to $69,999",1600
J0S,"$70,000 to $79,999",1120
J0S,"$80,000 to $89,999",820
J0S,"$90,000 to $99,999",550
J0S,"$100,000 to $149,999",1050
J0S,"$150,000 to $249,999",270
J0S,"$250,000 and over",120
J0T,"Under $5,000",1930
J0T,"$5,000 to $9,999",2290
J0T,"$10,000 to $14,999",3530
J0T,"$15,000 to $19,999",4130
J0T,"$20,000 to $24,999",4280
J0T,"$25,000 to $29,999",3090
J0T,"$30,000 to $34,999",2820
J0T,"$35,000 to $39,999",2780
J0T,"$40,000 to $44,999",2520
J0T,"$45,000 to $49,999",2370
J0T,"$50,000 to $54,999",1790
J0T,"$55,000 to $59,999",1460
J0T,"$60,000 to $69,999",2120
J0T,"$70,000 to $79,999",1450
J0T,"$80,000 to $89,999",1080
J0T,"$90,000 to $99,999",690
J0T,"$100,000 to $149,999",1290
J0T,"$150,000 to $249,999",520
J0T,"$250,000 and over",270
J0V,"Under $5,000",1220
J0V,"$5,000 to $9,999",1360
J0V,"$10,000 to $14,999",2040
J0V,"$15,000 to $19,999",2280
J0V,"$20,000 to $24,999",2410
J0V,"$25,000 to $29,999",1700
J0V,"$30,000 to $34,999",1480
J0V,"$35,000 to $39,999",1460
J0V,"$40,000 to $44,999",1280
J0V,"$45,000 to $49,999",1140
J0V,"$50,000 to $54,999",900
J0V,"$55,000 to $59,999",740
J0V,"$60,000 to $69,999",1100
J0V,"$70,000 to $79,999",890
J0V,"$80,000 to $89,999",620
J0V,"$90,000 to $99,999",390
J0V,"$100,000 to $149,999",660
J0V,"$150,000 to $249,999",220
J0V,"$250,000 and over",80
J0W,"Under $5,000",850
J0W,"$5,000 to $9,999",920
J0W,"$10,000 to $14,999",1370
J0W,"$15,000 to $19,999",1710
J0W,"$20,000 to $24,999",1650
J0W,"$25,000 to $29,999",1010
J0W,"$30,000 to $34,999",970
J0W,"$35,000 to $39,999",930
J0W,"$40,000 to $44,999",810
J0W,"$45,000 to $49,999",770
J0W,"$50,000 to $54,999",580
J0W,"$55,000 to $59,999",460
J0W,"$60,000 to $69,999",660
J0W,"$70,000 to $79,999",430
J0W,"$80,000 to $89,999",280
J0W,"$90,000 to $99,999",160
J0W,"$100,000 to $149,999",300
J0W,"$150,000 to $249,999",90
J0W,"$250,000 and over",40
J0X,"Under $5,000",2220
J0X,"$5,000 to $9,999",2470
J0X,"$10,000 to $14,999",3310
J0X,"$15,000 to $19,999",3430
J0X,"$20,000 to $24,999",3430
J0X,"$25,000 to $29,999",2330
J0X,"$30,000 to $34,999",2110
J0X,"$35,000 to $39,999",2180
J0X,"$40,000 to $44,999",2090
J0X,"$45,000 to $49,999",2020
J0X,"$50,000 to $54,999",1550
J0X,"$55,000 to $59,999",1350
J0X,"$60,000 to $69,999",2280
J0X,"$70,000 to $79,999",1690
J0X,"$80,000 to $89,999",1270
J0X,"$90,000 to $99,999",830
J0X,"$100,000 to $149,999",1560
J0X,"$150,000 to $249,999",390
J0X,"$250,000 and over",150
J0Y,"Under $5,000",2520
J0Y,"$5,000 to $9,999",1330
J0Y,"$10,000 to $14,999",1610
J0Y,"$15,000 to $19,999",1740
J0Y,"$20,000 to $24,999",1780
J0Y,"$25,000 to $29,999",1170
J0Y,"$30,000 to $34,999",1120
J0Y,"$35,000 to $39,999",1200
J0Y,"$40,000 to $44,999",1110
J0Y,"$45,000 to $49,999",1000
J0Y,"$50,000 to $54,999",960
J0Y,"$55,000 to $59,999",810
J0Y,"$60,000 to $69,999",1360
J0Y,"$70,000 to $79,999",1060
J0Y,"$80,000 to $89,999",830
J0Y,"$90,000 to $99,999",570
J0Y,"$100,000 to $149,999",1720
J0Y,"$150,000 to $249,999",470
J0Y,"$250,000 and over",110
J0Z,"Under $5,000",2140
J0Z,"$5,000 to $9,999",1550
J0Z,"$10,000 to $14,999",2290
J0Z,"$15,000 to $19,999",2340
J0Z,"$20,000 to $24,999",2450
J0Z,"$25,000 to $29,999",1700
J0Z,"$30,000 to $34,999",1510
J0Z,"$35,000 to $39,999",1500
J0Z,"$40,000 to $44,999",1410
J0Z,"$45,000 to $49,999",1350
J0Z,"$50,000 to $54,999",1150
J0Z,"$55,000 to $59,999",970
J0Z,"$60,000 to $69,999",1640
J0Z,"$70,000 to $79,999",1270
J0Z,"$80,000 to $89,999",1010
J0Z,"$90,000 to $99,999",710
J0Z,"$100,000 to $149,999",1820
J0Z,"$150,000 to $249,999",470
J0Z,"$250,000 and over",110
J1A,"Under $5,000",300
J1A,"$5,000 to $9,999",340
J1A,"$10,000 to $14,999",660
J1A,"$15,000 to $19,999",810
J1A,"$20,000 to $24,999",840
J1A,"$25,000 to $29,999",640
J1A,"$30,000 to $34,999",640
J1A,"$35,000 to $39,999",590
J1A,"$40,000 to $44,999",530
J1A,"$45,000 to $49,999",450
J1A,"$50,000 to $54,999",360
J1A,"$55,000 to $59,999",300
J1A,"$60,000 to $69,999",350
J1A,"$70,000 to $79,999",260
J1A,"$80,000 to $89,999",190
J1A,"$90,000 to $99,999",100
J1A,"$100,000 to $149,999",150
J1A,"$150,000 to $249,999",50
J1A,"$250,000 and over",40
J1C,"Under $5,000",260
J1C,"$5,000 to $9,999",270
J1C,"$10,000 to $14,999",360
J1C,"$15,000 to $19,999",430
J1C,"$20,000 to $24,999",450
J1C,"$25,000 to $29,999",330
J1C,"$30,000 to $34,999",380
J1C,"$35,000 to $39,999",370
J1C,"$40,000 to $44,999",370
J1C,"$45,000 to $49,999",350
J1C,"$50,000 to $54,999",250
J1C,"$55,000 to $59,999",260
J1C,"$60,000 to $69,999",350
J1C,"$70,000 to $79,999",290
J1C,"$80,000 to $89,999",230
J1C,"$90,000 to $99,999",130
J1C,"$100,000 to $149,999",240
J1C,"$150,000 to $249,999",70
J1C,"$250,000 and over",20
J1E,"Under $5,000",1230
J1E,"$5,000 to $9,999",1290
J1E,"$10,000 to $14,999",1910
J1E,"$15,000 to $19,999",1980
J1E,"$20,000 to $24,999",2110
J1E,"$25,000 to $29,999",1550
J1E,"$30,000 to $34,999",1360
J1E,"$35,000 to $39,999",1330
J1E,"$40,000 to $44,999",1240
J1E,"$45,000 to $49,999",1130
J1E,"$50,000 to $54,999",830
J1E,"$55,000 to $59,999",660
J1E,"$60,000 to $69,999",1070
J1E,"$70,000 to $79,999",710
J1E,"$80,000 to $89,999",560
J1E,"$90,000 to $99,999",280
J1E,"$100,000 to $149,999",420
J1E,"$150,000 to $249,999",90
J1E,"$250,000 and over",50
J1G,"Under $5,000",890
J1G,"$5,000 to $9,999",870
J1G,"$10,000 to $14,999",1380
J1G,"$15,000 to $19,999",1570
J1G,"$20,000 to $24,999",1530
J1G,"$25,000 to $29,999",1210
J1G,"$30,000 to $34,999",1110
J1G,"$35,000 to $39,999",1020
J1G,"$40,000 to $44,999",1040
J1G,"$45,000 to $49,999",1000
J1G,"$50,000 to $54,999",760
J1G,"$55,000 to $59,999",640
J1G,"$60,000 to $69,999",930
J1G,"$70,000 to $79,999",660
J1G,"$80,000 to $89,999",530
J1G,"$90,000 to $99,999",280
J1G,"$100,000 to $149,999",490
J1G,"$150,000 to $249,999",140
J1G,"$250,000 and over",60
J1H,"Under $5,000",1690
J1H,"$5,000 to $9,999",1910
J1H,"$10,000 to $14,999",2590
J1H,"$15,000 to $19,999",2580
J1H,"$20,000 to $24,999",2310
J1H,"$25,000 to $29,999",1630
J1H,"$30,000 to $34,999",1490
J1H,"$35,000 to $39,999",1340
J1H,"$40,000 to $44,999",1170
J1H,"$45,000 to $49,999",990
J1H,"$50,000 to $54,999",790
J1H,"$55,000 to $59,999",620
J1H,"$60,000 to $69,999",880
J1H,"$70,000 to $79,999",580
J1H,"$80,000 to $89,999",420
J1H,"$90,000 to $99,999",230
J1H,"$100,000 to $149,999",380
J1H,"$150,000 to $249,999",120
J1H,"$250,000 and over",80
J1J,"Under $5,000",650
J1J,"$5,000 to $9,999",570
J1J,"$10,000 to $14,999",900
J1J,"$15,000 to $19,999",880
J1J,"$20,000 to $24,999",1090
J1J,"$25,000 to $29,999",740
J1J,"$30,000 to $34,999",700
J1J,"$35,000 to $39,999",780
J1J,"$40,000 to $44,999",680
J1J,"$45,000 to $49,999",730
J1J,"$50,000 to $54,999",560
J1J,"$55,000 to $59,999",460
J1J,"$60,000 to $69,999",750
J1J,"$70,000 to $79,999",640
J1J,"$80,000 to $89,999",500
J1J,"$90,000 to $99,999",310
J1J,"$100,000 to $149,999",710
J1J,"$150,000 to $249,999",350
J1J,"$250,000 and over",240
J1K,"Under $5,000",570
J1K,"$5,000 to $9,999",430
J1K,"$10,000 to $14,999",510
J1K,"$15,000 to $19,999",590
J1K,"$20,000 to $24,999",430
J1K,"$25,000 to $29,999",310
J1K,"$30,000 to $34,999",300
J1K,"$35,000 to $39,999",280
J1K,"$40,000 to $44,999",300
J1K,"$45,000 to $49,999",280
J1K,"$50,000 to $54,999",250
J1K,"$55,000 to $59,999",220
J1K,"$60,000 to $69,999",310
J1K,"$70,000 to $79,999",230
J1K,"$80,000 to $89,999",170
J1K,"$90,000 to $99,999",90
J1K,"$100,000 to $149,999",230
J1K,"$150,000 to $249,999",50
J1K,"$250,000 and over",30
J1L,"Under $5,000",710
J1L,"$5,000 to $9,999",540
J1L,"$10,000 to $14,999",910
J1L,"$15,000 to $19,999",1080
J1L,"$20,000 to $24,999",1470
J1L,"$25,000 to $29,999",1000
J1L,"$30,000 to $34,999",870
J1L,"$35,000 to $39,999",900
J1L,"$40,000 to $44,999",840
J1L,"$45,000 to $49,999",810
J1L,"$50,000 to $54,999",620
J1L,"$55,000 to $59,999",520
J1L,"$60,000 to $69,999",760
J1L,"$70,000 to $79,999",520
J1L,"$80,000 to $89,999",380
J1L,"$90,000 to $99,999",280
J1L,"$100,000 to $149,999",480
J1L,"$150,000 to $249,999",200
J1L,"$250,000 and over",130
J1M,"Under $5,000",430
J1M,"$5,000 to $9,999",320
J1M,"$10,000 to $14,999",360
J1M,"$15,000 to $19,999",400
J1M,"$20,000 to $24,999",390
J1M,"$25,000 to $29,999",280
J1M,"$30,000 to $34,999",240
J1M,"$35,000 to $39,999",260
J1M,"$40,000 to $44,999",240
J1M,"$45,000 to $49,999",220
J1M,"$50,000 to $54,999",210
J1M,"$55,000 to $59,999",160
J1M,"$60,000 to $69,999",260
J1M,"$70,000 to $79,999",200
J1M,"$80,000 to $89,999",190
J1M,"$90,000 to $99,999",80
J1M,"$100,000 to $149,999",210
J1M,"$150,000 to $249,999",60
J1M,"$250,000 and over",30
J1N,"Under $5,000",1180
J1N,"$5,000 to $9,999",1110
J1N,"$10,000 to $14,999",1640
J1N,"$15,000 to $19,999",1850
J1N,"$20,000 to $24,999",1940
J1N,"$25,000 to $29,999",1600
J1N,"$30,000 to $34,999",1550
J1N,"$35,000 to $39,999",1650
J1N,"$40,000 to $44,999",1730
J1N,"$45,000 to $49,999",1710
J1N,"$50,000 to $54,999",1470
J1N,"$55,000 to $59,999",1230
J1N,"$60,000 to $69,999",2020
J1N,"$70,000 to $79,999",1640
J1N,"$80,000 to $89,999",1310
J1N,"$90,000 to $99,999",820
J1N,"$100,000 to $149,999",1570
J1N,"$150,000 to $249,999",480
J1N,"$250,000 and over",210
J1R,"Under $5,000",370
J1R,"$5,000 to $9,999",360
J1R,"$10,000 to $14,999",530
J1R,"$15,000 to $19,999",550
J1R,"$20,000 to $24,999",580
J1R,"$25,000 to $29,999",480
J1R,"$30,000 to $34,999",520
J1R,"$35,000 to $39,999",540
J1R,"$40,000 to $44,999",580
J1R,"$45,000 to $49,999",580
J1R,"$50,000 to $54,999",480
J1R,"$55,000 to $59,999",380
J1R,"$60,000 to $69,999",730
J1R,"$70,000 to $79,999",470
J1R,"$80,000 to $89,999",380
J1R,"$90,000 to $99,999",240
J1R,"$100,000 to $149,999",430
J1R,"$150,000 to $249,999",120
J1R,"$250,000 and over",50
J1S,"Under $5,000",290
J1S,"$5,000 to $9,999",330
J1S,"$10,000 to $14,999",500
J1S,"$15,000 to $19,999",590
J1S,"$20,000 to $24,999",640
J1S,"$25,000 to $29,999",450
J1S,"$30,000 to $34,999",440
J1S,"$35,000 to $39,999",440
J1S,"$40,000 to $44,999",400
J1S,"$45,000 to $49,999",410
J1S,"$50,000 to $54,999",330
J1S,"$55,000 to $59,999",250
J1S,"$60,000 to $69,999",370
J1S,"$70,000 to $79,999",280
J1S,"$80,000 to $89,999",200
J1S,"$90,000 to $99,999",150
J1S,"$100,000 to $149,999",200
J1S,"$150,000 to $249,999",50
J1S,"$250,000 and over",10
J1T,"Under $5,000",300
J1T,"$5,000 to $9,999",440
J1T,"$10,000 to $14,999",640
J1T,"$15,000 to $19,999",850
J1T,"$20,000 to $24,999",850
J1T,"$25,000 to $29,999",550
J1T,"$30,000 to $34,999",500
J1T,"$35,000 to $39,999",430
J1T,"$40,000 to $44,999",360
J1T,"$45,000 to $49,999",320
J1T,"$50,000 to $54,999",240
J1T,"$55,000 to $59,999",190
J1T,"$60,000 to $69,999",260
J1T,"$70,000 to $79,999",170
J1T,"$80,000 to $89,999",120
J1T,"$90,000 to $99,999",70
J1T,"$100,000 to $149,999",120
J1T,"$150,000 to $249,999",30
J1T,"$250,000 and over",10
J1X,"Under $5,000",1150
J1X,"$5,000 to $9,999",1370
J1X,"$10,000 to $14,999",2140
J1X,"$15,000 to $19,999",2510
J1X,"$20,000 to $24,999",2970
J1X,"$25,000 to $29,999",2040
J1X,"$30,000 to $34,999",1780
J1X,"$35,000 to $39,999",1810
J1X,"$40,000 to $44,999",1700
J1X,"$45,000 to $49,999",1630
J1X,"$50,000 to $54,999",1170
J1X,"$55,000 to $59,999",1030
J1X,"$60,000 to $69,999",1630
J1X,"$70,000 to $79,999",1200
J1X,"$80,000 to $89,999",930
J1X,"$90,000 to $99,999",600
J1X,"$100,000 to $149,999",1260
J1X,"$150,000 to $249,999",500
J1X,"$250,000 and over",310
J1Z,"Under $5,000",230
J1Z,"$5,000 to $9,999",220
J1Z,"$10,000 to $14,999",330
J1Z,"$15,000 to $19,999",430
J1Z,"$20,000 to $24,999",390
J1Z,"$25,000 to $29,999",300
J1Z,"$30,000 to $34,999",270
J1Z,"$35,000 to $39,999",330
J1Z,"$40,000 to $44,999",300
J1Z,"$45,000 to $49,999",280
J1Z,"$50,000 to $54,999",230
J1Z,"$55,000 to $59,999",170
J1Z,"$60,000 to $69,999",290
J1Z,"$70,000 to $79,999",210
J1Z,"$80,000 to $89,999",160
J1Z,"$90,000 to $99,999",90
J1Z,"$100,000 to $149,999",150
J1Z,"$150,000 to $249,999",50
J1Z,"$250,000 and over",20
J2A,"Under $5,000",470
J2A,"$5,000 to $9,999",510
J2A,"$10,000 to $14,999",760
J2A,"$15,000 to $19,999",710
J2A,"$20,000 to $24,999",740
J2A,"$25,000 to $29,999",640
J2A,"$30,000 to $34,999",630
J2A,"$35,000 to $39,999",670
J2A,"$40,000 to $44,999",680
J2A,"$45,000 to $49,999",620
J2A,"$50,000 to $54,999",490
J2A,"$55,000 to $59,999",450
J2A,"$60,000 to $69,999",690
J2A,"$70,000 to $79,999",460
J2A,"$80,000 to $89,999",320
J2A,"$90,000 to $99,999",190
J2A,"$100,000 to $149,999",270
J2A,"$150,000 to $249,999",90
J2A,"$250,000 and over",50
J2B,"Under $5,000",1270
J2B,"$5,000 to $9,999",1630
J2B,"$10,000 to $14,999",2520
J2B,"$15,000 to $19,999",2610
J2B,"$20,000 to $24,999",2650
J2B,"$25,000 to $29,999",1790
J2B,"$30,000 to $34,999",1660
J2B,"$35,000 to $39,999",1620
J2B,"$40,000 to $44,999",1540
J2B,"$45,000 to $49,999",1410
J2B,"$50,000 to $54,999",1130
J2B,"$55,000 to $59,999",960
J2B,"$60,000 to $69,999",1390
J2B,"$70,000 to $79,999",980
J2B,"$80,000 to $89,999",720
J2B,"$90,000 to $99,999",390
J2B,"$100,000 to $149,999",690
J2B,"$150,000 to $249,999",230
J2B,"$250,000 and over",120
J2C,"Under $5,000",1080
J2C,"$5,000 to $9,999",1300
J2C,"$10,000 to $14,999",2140
J2C,"$15,000 to $19,999",2620
J2C,"$20,000 to $24,999",3090
J2C,"$25,000 to $29,999",1830
J2C,"$30,000 to $34,999",1690
J2C,"$35,000 to $39,999",1680
J2C,"$40,000 to $44,999",1610
J2C,"$45,000 to $49,999",1470
J2C,"$50,000 to $54,999",1140
J2C,"$55,000 to $59,999",970
J2C,"$60,000 to $69,999",1440
J2C,"$70,000 to $79,999",920
J2C,"$80,000 to $89,999",780
J2C,"$90,000 to $99,999",420
J2C,"$100,000 to $149,999",840
J2C,"$150,000 to $249,999",340
J2C,"$250,000 and over",210
J2E,"Under $5,000",180
J2E,"$5,000 to $9,999",200
J2E,"$10,000 to $14,999",290
J2E,"$15,000 to $19,999",280
J2E,"$20,000 to $24,999",320
J2E,"$25,000 to $29,999",230
J2E,"$30,000 to $34,999",260
J2E,"$35,000 to $39,999",260
J2E,"$40,000 to $44,999",290
J2E,"$45,000 to $49,999",230
J2E,"$50,000 to $54,999",190
J2E,"$55,000 to $59,999",160
J2E,"$60,000 to $69,999",230
J2E,"$70,000 to $79,999",130
J2E,"$80,000 to $89,999",100
J2E,"$90,000 to $99,999",50
J2E,"$100,000 to $149,999",100
J2E,"$150,000 to $249,999",30
J2E,"$250,000 and over",10
J2G,"Under $5,000",1100
J2G,"$5,000 to $9,999",1490
J2G,"$10,000 to $14,999",2370
J2G,"$15,000 to $19,999",2720
J2G,"$20,000 to $24,999",3090
J2G,"$25,000 to $29,999",1940
J2G,"$30,000 to $34,999",1820
J2G,"$35,000 to $39,999",1670
J2G,"$40,000 to $44,999",1520
J2G,"$45,000 to $49,999",1260
J2G,"$50,000 to $54,999",980
J2G,"$55,000 to $59,999",730
J2G,"$60,000 to $69,999",1050
J2G,"$70,000 to $79,999",640
J2G,"$80,000 to $89,999",440
J2G,"$90,000 to $99,999",270
J2G,"$100,000 to $149,999",420
J2G,"$150,000 to $249,999",170
J2G,"$250,000 and over",70
J2H,"Under $5,000",750
J2H,"$5,000 to $9,999",820
J2H,"$10,000 to $14,999",1110
J2H,"$15,000 to $19,999",1190
J2H,"$20,000 to $24,999",1420
J2H,"$25,000 to $29,999",1060
J2H,"$30,000 to $34,999",1050
J2H,"$35,000 to $39,999",1140
J2H,"$40,000 to $44,999",1160
J2H,"$45,000 to $49,999",1060
J2H,"$50,000 to $54,999",930
J2H,"$55,000 to $59,999",830
J2H,"$60,000 to $69,999",1350
J2H,"$70,000 to $79,999",1030
J2H,"$80,000 to $89,999",840
J2H,"$90,000 to $99,999",490
J2H,"$100,000 to $149,999",890
J2H,"$150,000 to $249,999",350
J2H,"$250,000 and over",190
J2J,"Under $5,000",650
J2J,"$5,000 to $9,999",720
J2J,"$10,000 to $14,999",1130
J2J,"$15,000 to $19,999",1330
J2J,"$20,000 to $24,999",1640
J2J,"$25,000 to $29,999",1140
J2J,"$30,000 to $34,999",1060
J2J,"$35,000 to $39,999",1050
J2J,"$40,000 to $44,999",1060
J2J,"$45,000 to $49,999",940
J2J,"$50,000 to $54,999",760
J2J,"$55,000 to $59,999",560
J2J,"$60,000 to $69,999",910
J2J,"$70,000 to $79,999",600
J2J,"$80,000 to $89,999",440
J2J,"$90,000 to $99,999",230
J2J,"$100,000 to $149,999",450
J2J,"$150,000 to $249,999",120
J2J,"$250,000 and over",60
J2K,"Under $5,000",650
J2K,"$5,000 to $9,999",790
J2K,"$10,000 to $14,999",1150
J2K,"$15,000 to $19,999",1360
J2K,"$20,000 to $24,999",1620
J2K,"$25,000 to $29,999",1130
J2K,"$30,000 to $34,999",1020
J2K,"$35,000 to $39,999",1000
J2K,"$40,000 to $44,999",930
J2K,"$45,000 to $49,999",840
J2K,"$50,000 to $54,999",630
J2K,"$55,000 to $59,999",560
J2K,"$60,000 to $69,999",790
J2K,"$70,000 to $79,999",500
J2K,"$80,000 to $89,999",410
J2K,"$90,000 to $99,999",250
J2K,"$100,000 to $149,999",380
J2K,"$150,000 to $249,999",120
J2K,"$250,000 and over",40
J2L,"Under $5,000",370
J2L,"$5,000 to $9,999",360
J2L,"$10,000 to $14,999",480
J2L,"$15,000 to $19,999",440
J2L,"$20,000 to $24,999",520
J2L,"$25,000 to $29,999",410
J2L,"$30,000 to $34,999",410
J2L,"$35,000 to $39,999",440
J2L,"$40,000 to $44,999",450
J2L,"$45,000 to $49,999",500
J2L,"$50,000 to $54,999",400
J2L,"$55,000 to $59,999",340
J2L,"$60,000 to $69,999",640
J2L,"$70,000 to $79,999",490
J2L,"$80,000 to $89,999",490
J2L,"$90,000 to $99,999",300
J2L,"$100,000 to $149,999",740
J2L,"$150,000 to $249,999",380
J2L,"$250,000 and over",230
J2M,"Under $5,000",340
J2M,"$5,000 to $9,999",320
J2M,"$10,000 to $14,999",370
J2M,"$15,000 to $19,999",390
J2M,"$20,000 to $24,999",410
J2M,"$25,000 to $29,999",320
J2M,"$30,000 to $34,999",300
J2M,"$35,000 to $39,999",370
J2M,"$40,000 to $44,999",350
J2M,"$45,000 to $49,999",360
J2M,"$50,000 to $54,999",290
J2M,"$55,000 to $59,999",240
J2M,"$60,000 to $69,999",420
J2M,"$70,000 to $79,999",370
J2M,"$80,000 to $89,999",270
J2M,"$90,000 to $99,999",150
J2M,"$100,000 to $149,999",340
J2M,"$150,000 to $249,999",150
J2M,"$250,000 and over",100
J2N,"Under $5,000",370
J2N,"$5,000 to $9,999",480
J2N,"$10,000 to $14,999",650
J2N,"$15,000 to $19,999",680
J2N,"$20,000 to $24,999",770
J2N,"$25,000 to $29,999",540
J2N,"$30,000 to $34,999",510
J2N,"$35,000 to $39,999",500
J2N,"$40,000 to $44,999",480
J2N,"$45,000 to $49,999",430
J2N,"$50,000 to $54,999",380
J2N,"$55,000 to $59,999",300
J2N,"$60,000 to $69,999",490
J2N,"$70,000 to $79,999",320
J2N,"$80,000 to $89,999",230
J2N,"$90,000 to $99,999",110
J2N,"$100,000 to $149,999",190
J2N,"$150,000 to $249,999",40
J2N,"$250,000 and over",20
J2R,"Under $5,000",320
J2R,"$5,000 to $9,999",360
J2R,"$10,000 to $14,999",550
J2R,"$15,000 to $19,999",650
J2R,"$20,000 to $24,999",690
J2R,"$25,000 to $29,999",580
J2R,"$30,000 to $34,999",590
J2R,"$35,000 to $39,999",620
J2R,"$40,000 to $44,999",590
J2R,"$45,000 to $49,999",570
J2R,"$50,000 to $54,999",460
J2R,"$55,000 to $59,999",400
J2R,"$60,000 to $69,999",590
J2R,"$70,000 to $79,999",450
J2R,"$80,000 to $89,999",360
J2R,"$90,000 to $99,999",230
J2R,"$100,000 to $149,999",330
J2R,"$150,000 to $249,999",100
J2R,"$250,000 and over",60
J2S,"Under $5,000",1240
J2S,"$5,000 to $9,999",1550
J2S,"$10,000 to $14,999",2300
J2S,"$15,000 to $19,999",2520
J2S,"$20,000 to $24,999",2830
J2S,"$25,000 to $29,999",1760
J2S,"$30,000 to $34,999",1630
J2S,"$35,000 to $39,999",1620
J2S,"$40,000 to $44,999",1410
J2S,"$45,000 to $49,999",1330
J2S,"$50,000 to $54,999",1030
J2S,"$55,000 to $59,999",820
J2S,"$60,000 to $69,999",1190
J2S,"$70,000 to $79,999",850
J2S,"$80,000 to $89,999",610
J2S,"$90,000 to $99,999",390
J2S,"$100,000 to $149,999",710
J2S,"$150,000 to $249,999",280
J2S,"$250,000 and over",160
J2T,"Under $5,000",570
J2T,"$5,000 to $9,999",640
J2T,"$10,000 to $14,999",1040
J2T,"$15,000 to $19,999",1210
J2T,"$20,000 to $24,999",1470
J2T,"$25,000 to $29,999",1030
J2T,"$30,000 to $34,999",990
J2T,"$35,000 to $39,999",990
J2T,"$40,000 to $44,999",970
J2T,"$45,000 to $49,999",860
J2T,"$50,000 to $54,999",740
J2T,"$55,000 to $59,999",590
J2T,"$60,000 to $69,999",820
J2T,"$70,000 to $79,999",600
J2T,"$80,000 to $89,999",530
J2T,"$90,000 to $99,999",260
J2T,"$100,000 to $149,999",450
J2T,"$150,000 to $249,999",140
J2T,"$250,000 and over",50
J2W,"Under $5,000",1040
J2W,"$5,000 to $9,999",1040
J2W,"$10,000 to $14,999",1400
J2W,"$15,000 to $19,999",1340
J2W,"$20,000 to $24,999",1540
J2W,"$25,000 to $29,999",1240
J2W,"$30,000 to $34,999",1200
J2W,"$35,000 to $39,999",1280
J2W,"$40,000 to $44,999",1330
J2W,"$45,000 to $49,999",1410
J2W,"$50,000 to $54,999",1180
J2W,"$55,000 to $59,999",1040
J2W,"$60,000 to $69,999",1830
J2W,"$70,000 to $79,999",1450
J2W,"$80,000 to $89,999",1370
J2W,"$90,000 to $99,999",790
J2W,"$100,000 to $149,999",1790
J2W,"$150,000 to $249,999",590
J2W,"$250,000 and over",230
J2X,"Under $5,000",700
J2X,"$5,000 to $9,999",760
J2X,"$10,000 to $14,999",1170
J2X,"$15,000 to $19,999",1330
J2X,"$20,000 to $24,999",1520
J2X,"$25,000 to $29,999",1070
J2X,"$30,000 to $34,999",1050
J2X,"$35,000 to $39,999",1040
J2X,"$40,000 to $44,999",1040
J2X,"$45,000 to $49,999",900
J2X,"$50,000 to $54,999",750
J2X,"$55,000 to $59,999",720
J2X,"$60,000 to $69,999",1020
J2X,"$70,000 to $79,999",820
J2X,"$80,000 to $89,999",650
J2X,"$90,000 to $99,999",380
J2X,"$100,000 to $149,999",770
J2X,"$150,000 to $249,999",200
J2X,"$250,000 and over",80
J2Y,"Under $5,000",230
J2Y,"$5,000 to $9,999",190
J2Y,"$10,000 to $14,999",320
J2Y,"$15,000 to $19,999",280
J2Y,"$20,000 to $24,999",320
J2Y,"$25,000 to $29,999",280
J2Y,"$30,000 to $34,999",230
J2Y,"$35,000 to $39,999",290
J2Y,"$40,000 to $44,999",320
J2Y,"$45,000 to $49,999",280
J2Y,"$50,000 to $54,999",210
J2Y,"$55,000 to $59,999",210
J2Y,"$60,000 to $69,999",370
J2Y,"$70,000 to $79,999",290
J2Y,"$80,000 to $89,999",240
J2Y,"$90,000 to $99,999",130
J2Y,"$100,000 to $149,999",250
J2Y,"$150,000 to $249,999",80
J2Y,"$250,000 and over",30
J3A,"Under $5,000",250
J3A,"$5,000 to $9,999",390
J3A,"$10,000 to $14,999",700
J3A,"$15,000 to $19,999",850
J3A,"$20,000 to $24,999",1230
J3A,"$25,000 to $29,999",690
J3A,"$30,000 to $34,999",570
J3A,"$35,000 to $39,999",560
J3A,"$40,000 to $44,999",490
J3A,"$45,000 to $49,999",390
J3A,"$50,000 to $54,999",330
J3A,"$55,000 to $59,999",250
J3A,"$60,000 to $69,999",380
J3A,"$70,000 to $79,999",210
J3A,"$80,000 to $89,999",170
J3A,"$90,000 to $99,999",100
J3A,"$100,000 to $149,999",140
J3A,"$150,000 to $249,999",40
J3A,"$250,000 and over",20
J3B,"Under $5,000",1230
J3B,"$5,000 to $9,999",1510
J3B,"$10,000 to $14,999",2260
J3B,"$15,000 to $19,999",2320
J3B,"$20,000 to $24,999",2610
J3B,"$25,000 to $29,999",1850
J3B,"$30,000 to $34,999",1770
J3B,"$35,000 to $39,999",1890
J3B,"$40,000 to $44,999",1740
J3B,"$45,000 to $49,999",1610
J3B,"$50,000 to $54,999",1290
J3B,"$55,000 to $59,999",1100
J3B,"$60,000 to $69,999",1710
J3B,"$70,000 to $79,999",1300
J3B,"$80,000 to $89,999",980
J3B,"$90,000 to $99,999",520
J3B,"$100,000 to $149,999",910
J3B,"$150,000 to $249,999",250
J3B,"$250,000 and over",100
J3E,"Under $5,000",1060
J3E,"$5,000 to $9,999",1100
J3E,"$10,000 to $14,999",1390
J3E,"$15,000 to $19,999",1330
J3E,"$20,000 to $24,999",1560
J3E,"$25,000 to $29,999",1250
J3E,"$30,000 to $34,999",1160
J3E,"$35,000 to $39,999",1200
J3E,"$40,000 to $44,999",1220
J3E,"$45,000 to $49,999",1390
J3E,"$50,000 to $54,999",1160
J3E,"$55,000 to $59,999",1020
J3E,"$60,000 to $69,999",1860
J3E,"$70,000 to $79,999",1620
J3E,"$80,000 to $89,999",1380
J3E,"$90,000 to $99,999",1030
J3E,"$100,000 to $149,999",2320
J3E,"$150,000 to $249,999",820
J3E,"$250,000 and over",310
J3G,"Under $5,000",1010
J3G,"$5,000 to $9,999",1010
J3G,"$10,000 to $14,999",1530
J3G,"$15,000 to $19,999",1610
J3G,"$20,000 to $24,999",1960
J3G,"$25,000 to $29,999",1510
J3G,"$30,000 to $34,999",1490
J3G,"$35,000 to $39,999",1520
J3G,"$40,000 to $44,999",1520
J3G,"$45,000 to $49,999",1590
J3G,"$50,000 to $54,999",1390
J3G,"$55,000 to $59,999",1240
J3G,"$60,000 to $69,999",2050
J3G,"$70,000 to $79,999",1700
J3G,"$80,000 to $89,999",1430
J3G,"$90,000 to $99,999",930
J3G,"$100,000 to $149,999",1960
J3G,"$150,000 to $249,999",600
J3G,"$250,000 and over",180
J3H,"Under $5,000",980
J3H,"$5,000 to $9,999",880
J3H,"$10,000 to $14,999",1280
J3H,"$15,000 to $19,999",1270
J3H,"$20,000 to $24,999",1410
J3H,"$25,000 to $29,999",1060
J3H,"$30,000 to $34,999",1010
J3H,"$35,000 to $39,999",1120
J3H,"$40,000 to $44,999",1110
J3H,"$45,000 to $49,999",1230
J3H,"$50,000 to $54,999",990
J3H,"$55,000 to $59,999",940
J3H,"$60,000 to $69,999",1650
J3H,"$70,000 to $79,999",1380
J3H,"$80,000 to $89,999",1160
J3H,"$90,000 to $99,999",810
J3H,"$100,000 to $149,999",2050
J3H,"$150,000 to $249,999",870
J3H,"$250,000 and over",460
J3L,"Under $5,000",1870
J3L,"$5,000 to $9,999",1770
J3L,"$10,000 to $14,999",2320
J3L,"$15,000 to $19,999",2460
J3L,"$20,000 to $24,999",2860
J3L,"$25,000 to $29,999",2290
J3L,"$30,000 to $34,999",2100
J3L,"$35,000 to $39,999",2260
J3L,"$40,000 to $44,999",2270
J3L,"$45,000 to $49,999",2270
J3L,"$50,000 to $54,999",1910
J3L,"$55,000 to $59,999",1830
J3L,"$60,000 to $69,999",3150
J3L,"$70,000 to $79,999",2610
J3L,"$80,000 to $89,999",2300
J3L,"$90,000 to $99,999",1570
J3L,"$100,000 to $149,999",3470
J3L,"$150,000 to $249,999",1140
J3L,"$250,000 and over",530
J3M,"Under $5,000",340
J3M,"$5,000 to $9,999",400
J3M,"$10,000 to $14,999",540
J3M,"$15,000 to $19,999",610
J3M,"$20,000 to $24,999",750
J3M,"$25,000 to $29,999",550
J3M,"$30,000 to $34,999",550
J3M,"$35,000 to $39,999",650
J3M,"$40,000 to $44,999",570
J3M,"$45,000 to $49,999",540
J3M,"$50,000 to $54,999",460
J3M,"$55,000 to $59,999",460
J3M,"$60,000 to $69,999",650
J3M,"$70,000 to $79,999",500
J3M,"$80,000 to $89,999",380
J3M,"$90,000 to $99,999",200
J3M,"$100,000 to $149,999",360
J3M,"$150,000 to $249,999",70
J3M,"$250,000 and over",30
J3N,"Under $5,000",630
J3N,"$5,000 to $9,999",530
J3N,"$10,000 to $14,999",710
J3N,"$15,000 to $19,999",740
J3N,"$20,000 to $24,999",860
J3N,"$25,000 to $29,999",680
J3N,"$30,000 to $34,999",630
J3N,"$35,000 to $39,999",670
J3N,"$40,000 to $44,999",760
J3N,"$45,000 to $49,999",710
J3N,"$50,000 to $54,999",640
J3N,"$55,000 to $59,999",620
J3N,"$60,000 to $69,999",1040
J3N,"$70,000 to $79,999",910
J3N,"$80,000 to $89,999",790
J3N,"$90,000 to $99,999",530
J3N,"$100,000 to $149,999",1310
J3N,"$150,000 to $249,999",400
J3N,"$250,000 and over",120
J3P,"Under $5,000",880
J3P,"$5,000 to $9,999",1280
J3P,"$10,000 to $14,999",1970
J3P,"$15,000 to $19,999",2180
J3P,"$20,000 to $24,999",2440
J3P,"$25,000 to $29,999",1550
J3P,"$30,000 to $34,999",1380
J3P,"$35,000 to $39,999",1380
J3P,"$40,000 to $44,999",1220
J3P,"$45,000 to $49,999",1090
J3P,"$50,000 to $54,999",820
J3P,"$55,000 to $59,999",670
J3P,"$60,000 to $69,999",1090
J3P,"$70,000 to $79,999",830
J3P,"$80,000 to $89,999",680
J3P,"$90,000 to $99,999",460
J3P,"$100,000 to $149,999",1040
J3P,"$150,000 to $249,999",260
J3P,"$250,000 and over",70
J3R,"Under $5,000",580
J3R,"$5,000 to $9,999",740
J3R,"$10,000 to $14,999",1020
J3R,"$15,000 to $19,999",1090
J3R,"$20,000 to $24,999",1250
J3R,"$25,000 to $29,999",870
J3R,"$30,000 to $34,999",760
J3R,"$35,000 to $39,999",810
J3R,"$40,000 to $44,999",730
J3R,"$45,000 to $49,999",630
J3R,"$50,000 to $54,999",500
J3R,"$55,000 to $59,999",380
J3R,"$60,000 to $69,999",650
J3R,"$70,000 to $79,999",490
J3R,"$80,000 to $89,999",460
J3R,"$90,000 to $99,999",290
J3R,"$100,000 to $149,999",650
J3R,"$150,000 to $249,999",180
J3R,"$250,000 and over",50
J3T,"Under $5,000",260
J3T,"$5,000 to $9,999",340
J3T,"$10,000 to $14,999",550
J3T,"$15,000 to $19,999",700
J3T,"$20,000 to $24,999",710
J3T,"$25,000 to $29,999",500
J3T,"$30,000 to $34,999",480
J3T,"$35,000 to $39,999",540
J3T,"$40,000 to $44,999",460
J3T,"$45,000 to $49,999",440
J3T,"$50,000 to $54,999",310
J3T,"$55,000 to $59,999",300
J3T,"$60,000 to $69,999",420
J3T,"$70,000 to $79,999",310
J3T,"$80,000 to $89,999",220
J3T,"$90,000 to $99,999",130
J3T,"$100,000 to $149,999",250
J3T,"$150,000 to $249,999",100
J3T,"$250,000 and over",20
J3V,"Under $5,000",1140
J3V,"$5,000 to $9,999",920
J3V,"$10,000 to $14,999",1130
J3V,"$15,000 to $19,999",990
J3V,"$20,000 to $24,999",1160
J3V,"$25,000 to $29,999",920
J3V,"$30,000 to $34,999",920
J3V,"$35,000 to $39,999",970
J3V,"$40,000 to $44,999",990
J3V,"$45,000 to $49,999",1170
J3V,"$50,000 to $54,999",920
J3V,"$55,000 to $59,999",890
J3V,"$60,000 to $69,999",1520
J3V,"$70,000 to $79,999",1390
J3V,"$80,000 to $89,999",1280
J3V,"$90,000 to $99,999",890
J3V,"$100,000 to $149,999",2390
J3V,"$150,000 to $249,999",1170
J3V,"$250,000 and over",680
J3X,"Under $5,000",640
J3X,"$5,000 to $9,999",710
J3X,"$10,000 to $14,999",880
J3X,"$15,000 to $19,999",1000
J3X,"$20,000 to $24,999",1110
J3X,"$25,000 to $29,999",930
J3X,"$30,000 to $34,999",840
J3X,"$35,000 to $39,999",950
J3X,"$40,000 to $44,999",1000
J3X,"$45,000 to $49,999",970
J3X,"$50,000 to $54,999",890
J3X,"$55,000 to $59,999",810
J3X,"$60,000 to $69,999",1370
J3X,"$70,000 to $79,999",1100
J3X,"$80,000 to $89,999",1030
J3X,"$90,000 to $99,999",680
J3X,"$100,000 to $149,999",1590
J3X,"$150,000 to $249,999",500
J3X,"$250,000 and over",200
J3Y,"Under $5,000",2950
J3Y,"$5,000 to $9,999",2570
J3Y,"$10,000 to $14,999",3590
J3Y,"$15,000 to $19,999",3600
J3Y,"$20,000 to $24,999",4060
J3Y,"$25,000 to $29,999",3260
J3Y,"$30,000 to $34,999",3060
J3Y,"$35,000 to $39,999",3280
J3Y,"$40,000 to $44,999",3290
J3Y,"$45,000 to $49,999",3290
J3Y,"$50,000 to $54,999",2780
J3Y,"$55,000 to $59,999",2330
J3Y,"$60,000 to $69,999",3860
J3Y,"$70,000 to $79,999",2920
J3Y,"$80,000 to $89,999",2340
J3Y,"$90,000 to $99,999",1510
J3Y,"$100,000 to $149,999",2860
J3Y,"$150,000 to $249,999",710
J3Y,"$250,000 and over",200
J3Z,"Under $5,000",290
J3Z,"$5,000 to $9,999",240
J3Z,"$10,000 to $14,999",290
J3Z,"$15,000 to $19,999",250
J3Z,"$20,000 to $24,999",220
J3Z,"$25,000 to $29,999",210
J3Z,"$30,000 to $34,999",210
J3Z,"$35,000 to $39,999",220
J3Z,"$40,000 to $44,999",210
J3Z,"$45,000 to $49,999",240
J3Z,"$50,000 to $54,999",210
J3Z,"$55,000 to $59,999",180
J3Z,"$60,000 to $69,999",330
J3Z,"$70,000 to $79,999",290
J3Z,"$80,000 to $89,999",300
J3Z,"$90,000 to $99,999",170
J3Z,"$100,000 to $149,999",430
J3Z,"$150,000 to $249,999",130
J3Z,"$250,000 and over",30
J4B,"Under $5,000",1610
J4B,"$5,000 to $9,999",1350
J4B,"$10,000 to $14,999",1750
J4B,"$15,000 to $19,999",1660
J4B,"$20,000 to $24,999",1960
J4B,"$25,000 to $29,999",1530
J4B,"$30,000 to $34,999",1510
J4B,"$35,000 to $39,999",1730
J4B,"$40,000 to $44,999",1710
J4B,"$45,000 to $49,999",1940
J4B,"$50,000 to $54,999",1630
J4B,"$55,000 to $59,999",1530
J4B,"$60,000 to $69,999",2620
J4B,"$70,000 to $79,999",2380
J4B,"$80,000 to $89,999",2120
J4B,"$90,000 to $99,999",1530
J4B,"$100,000 to $149,999",3870
J4B,"$150,000 to $249,999",1770
J4B,"$250,000 and over",1030
J4G,"Under $5,000",440
J4G,"$5,000 to $9,999",370
J4G,"$10,000 to $14,999",460
J4G,"$15,000 to $19,999",540
J4G,"$20,000 to $24,999",540
J4G,"$25,000 to $29,999",410
J4G,"$30,000 to $34,999",470
J4G,"$35,000 to $39,999",450
J4G,"$40,000 to $44,999",480
J4G,"$45,000 to $49,999",520
J4G,"$50,000 to $54,999",410
J4G,"$55,000 to $59,999",380
J4G,"$60,000 to $69,999",600
J4G,"$70,000 to $79,999",480
J4G,"$80,000 to $89,999",410
J4G,"$90,000 to $99,999",260
J4G,"$100,000 to $149,999",640
J4G,"$150,000 to $249,999",280
J4G,"$250,000 and over",120
J4H,"Under $5,000",670
J4H,"$5,000 to $9,999",670
J4H,"$10,000 to $14,999",950
J4H,"$15,000 to $19,999",1170
J4H,"$20,000 to $24,999",1220
J4H,"$25,000 to $29,999",760
J4H,"$30,000 to $34,999",730
J4H,"$35,000 to $39,999",760
J4H,"$40,000 to $44,999",720
J4H,"$45,000 to $49,999",700
J4H,"$50,000 to $54,999",590
J4H,"$55,000 to $59,999",530
J4H,"$60,000 to $69,999",830
J4H,"$70,000 to $79,999",630
J4H,"$80,000 to $89,999",520
J4H,"$90,000 to $99,999",360
J4H,"$100,000 to $149,999",810
J4H,"$150,000 to $249,999",300
J4H,"$250,000 and over",140
J4J,"Under $5,000",1790
J4J,"$5,000 to $9,999",1710
J4J,"$10,000 to $14,999",2390
J4J,"$15,000 to $19,999",2320
J4J,"$20,000 to $24,999",2200
J4J,"$25,000 to $29,999",1770
J4J,"$30,000 to $34,999",1620
J4J,"$35,000 to $39,999",1640
J4J,"$40,000 to $44,999",1490
J4J,"$45,000 to $49,999",1280
J4J,"$50,000 to $54,999",1050
J4J,"$55,000 to $59,999",860
J4J,"$60,000 to $69,999",1230
J4J,"$70,000 to $79,999",910
J4J,"$80,000 to $89,999",680
J4J,"$90,000 to $99,999",380
J4J,"$100,000 to $149,999",740
J4J,"$150,000 to $249,999",290
J4J,"$250,000 and over",110
J4K,"Under $5,000",1750
J4K,"$5,000 to $9,999",1540
J4K,"$10,000 to $14,999",1970
J4K,"$15,000 to $19,999",1870
J4K,"$20,000 to $24,999",1940
J4K,"$25,000 to $29,999",1460
J4K,"$30,000 to $34,999",1400
J4K,"$35,000 to $39,999",1400
J4K,"$40,000 to $44,999",1290
J4K,"$45,000 to $49,999",1120
J4K,"$50,000 to $54,999",900
J4K,"$55,000 to $59,999",730
J4K,"$60,000 to $69,999",1110
J4K,"$70,000 to $79,999",830
J4K,"$80,000 to $89,999",610
J4K,"$90,000 to $99,999",370
J4K,"$100,000 to $149,999",640
J4K,"$150,000 to $249,999",140
J4K,"$250,000 and over",60
J4L,"Under $5,000",1880
J4L,"$5,000 to $9,999",1720
J4L,"$10,000 to $14,999",2240
J4L,"$15,000 to $19,999",2250
J4L,"$20,000 to $24,999",2440
J4L,"$25,000 to $29,999",1760
J4L,"$30,000 to $34,999",1660
J4L,"$35,000 to $39,999",1650
J4L,"$40,000 to $44,999",1580
J4L,"$45,000 to $49,999",1450
J4L,"$50,000 to $54,999",1070
J4L,"$55,000 to $59,999",890
J4L,"$60,000 to $69,999",1490
J4L,"$70,000 to $79,999",950
J4L,"$80,000 to $89,999",700
J4L,"$90,000 to $99,999",460
J4L,"$100,000 to $149,999",760
J4L,"$150,000 to $249,999",190
J4L,"$250,000 and over",50
J4M,"Under $5,000",600
J4M,"$5,000 to $9,999",520
J4M,"$10,000 to $14,999",640
J4M,"$15,000 to $19,999",590
J4M,"$20,000 to $24,999",660
J4M,"$25,000 to $29,999",500
J4M,"$30,000 to $34,999",490
J4M,"$35,000 to $39,999",550
J4M,"$40,000 to $44,999",540
J4M,"$45,000 to $49,999",630
J4M,"$50,000 to $54,999",500
J4M,"$55,000 to $59,999",480
J4M,"$60,000 to $69,999",810
J4M,"$70,000 to $79,999",670
J4M,"$80,000 to $89,999",580
J4M,"$90,000 to $99,999",400
J4M,"$100,000 to $149,999",870
J4M,"$150,000 to $249,999",260
J4M,"$250,000 and over",80
J4N,"Under $5,000",380
J4N,"$5,000 to $9,999",280
J4N,"$10,000 to $14,999",410
J4N,"$15,000 to $19,999",480
J4N,"$20,000 to $24,999",670
J4N,"$25,000 to $29,999",480
J4N,"$30,000 to $34,999",450
J4N,"$35,000 to $39,999",520
J4N,"$40,000 to $44,999",500
J4N,"$45,000 to $49,999",530
J4N,"$50,000 to $54,999",450
J4N,"$55,000 to $59,999",420
J4N,"$60,000 to $69,999",660
J4N,"$70,000 to $79,999",590
J4N,"$80,000 to $89,999",450
J4N,"$90,000 to $99,999",330
J4N,"$100,000 to $149,999",820
J4N,"$150,000 to $249,999",450
J4N,"$250,000 and over",310
J4P,"Under $5,000",500
J4P,"$5,000 to $9,999",460
J4P,"$10,000 to $14,999",530
J4P,"$15,000 to $19,999",600
J4P,"$20,000 to $24,999",590
J4P,"$25,000 to $29,999",460
J4P,"$30,000 to $34,999",420
J4P,"$35,000 to $39,999",390
J4P,"$40,000 to $44,999",380
J4P,"$45,000 to $49,999",410
J4P,"$50,000 to $54,999",340
J4P,"$55,000 to $59,999",340
J4P,"$60,000 to $69,999",530
J4P,"$70,000 to $79,999",460
J4P,"$80,000 to $89,999",410
J4P,"$90,000 to $99,999",290
J4P,"$100,000 to $149,999",830
J4P,"$150,000 to $249,999",540
J4P,"$250,000 and over",400
J4R,"Under $5,000",510
J4R,"$5,000 to $9,999",460
J4R,"$10,000 to $14,999",550
J4R,"$15,000 to $19,999",560
J4R,"$20,000 to $24,999",640
J4R,"$25,000 to $29,999",440
J4R,"$30,000 to $34,999",440
J4R,"$35,000 to $39,999",450
J4R,"$40,000 to $44,999",420
J4R,"$45,000 to $49,999",430
J4R,"$50,000 to $54,999",360
J4R,"$55,000 to $59,999",320
J4R,"$60,000 to $69,999",480
J4R,"$70,000 to $79,999",450
J4R,"$80,000 to $89,999",340
J4R,"$90,000 to $99,999",260
J4R,"$100,000 to $149,999",770
J4R,"$150,000 to $249,999",470
J4R,"$250,000 and over",340
J4S,"Under $5,000",360
J4S,"$5,000 to $9,999",240
J4S,"$10,000 to $14,999",270
J4S,"$15,000 to $19,999",290
J4S,"$20,000 to $24,999",300
J4S,"$25,000 to $29,999",260
J4S,"$30,000 to $34,999",220
J4S,"$35,000 to $39,999",250
J4S,"$40,000 to $44,999",220
J4S,"$45,000 to $49,999",250
J4S,"$50,000 to $54,999",200
J4S,"$55,000 to $59,999",190
J4S,"$60,000 to $69,999",310
J4S,"$70,000 to $79,999",290
J4S,"$80,000 to $89,999",250
J4S,"$90,000 to $99,999",180
J4S,"$100,000 to $149,999",500
J4S,"$150,000 to $249,999",370
J4S,"$250,000 and over",280
J4T,"Under $5,000",1020
J4T,"$5,000 to $9,999",1010
J4T,"$10,000 to $14,999",1330
J4T,"$15,000 to $19,999",1380
J4T,"$20,000 to $24,999",1380
J4T,"$25,000 to $29,999",1050
J4T,"$30,000 to $34,999",1040
J4T,"$35,000 to $39,999",1030
J4T,"$40,000 to $44,999",990
J4T,"$45,000 to $49,999",890
J4T,"$50,000 to $54,999",690
J4T,"$55,000 to $59,999",550
J4T,"$60,000 to $69,999",850
J4T,"$70,000 to $79,999",550
J4T,"$80,000 to $89,999",410
J4T,"$90,000 to $99,999",210
J4T,"$100,000 to $149,999",360
J4T,"$150,000 to $249,999",60
J4T,"$250,000 and over",20
J4V,"Under $5,000",990
J4V,"$5,000 to $9,999",880
J4V,"$10,000 to $14,999",1130
J4V,"$15,000 to $19,999",1160
J4V,"$20,000 to $24,999",1160
J4V,"$25,000 to $29,999",890
J4V,"$30,000 to $34,999",800
J4V,"$35,000 to $39,999",820
J4V,"$40,000 to $44,999",810
J4V,"$45,000 to $49,999",740
J4V,"$50,000 to $54,999",560
J4V,"$55,000 to $59,999",510
J4V,"$60,000 to $69,999",790
J4V,"$70,000 to $79,999",620
J4V,"$80,000 to $89,999",490
J4V,"$90,000 to $99,999",340
J4V,"$100,000 to $149,999",690
J4V,"$150,000 to $249,999",210
J4V,"$250,000 and over",60
J4W,"Under $5,000",1400
J4W,"$5,000 to $9,999",1040
J4W,"$10,000 to $14,999",1390
J4W,"$15,000 to $19,999",1440
J4W,"$20,000 to $24,999",1270
J4W,"$25,000 to $29,999",950
J4W,"$30,000 to $34,999",850
J4W,"$35,000 to $39,999",870
J4W,"$40,000 to $44,999",760
J4W,"$45,000 to $49,999",690
J4W,"$50,000 to $54,999",630
J4W,"$55,000 to $59,999",510
J4W,"$60,000 to $69,999",900
J4W,"$70,000 to $79,999",600
J4W,"$80,000 to $89,999",520
J4W,"$90,000 to $99,999",330
J4W,"$100,000 to $149,999",680
J4W,"$150,000 to $249,999",190
J4W,"$250,000 and over",70
J4X,"Under $5,000",1230
J4X,"$5,000 to $9,999",850
J4X,"$10,000 to $14,999",1160
J4X,"$15,000 to $19,999",1170
J4X,"$20,000 to $24,999",1180
J4X,"$25,000 to $29,999",930
J4X,"$30,000 to $34,999",740
J4X,"$35,000 to $39,999",820
J4X,"$40,000 to $44,999",690
J4X,"$45,000 to $49,999",790
J4X,"$50,000 to $54,999",580
J4X,"$55,000 to $59,999",570
J4X,"$60,000 to $69,999",940
J4X,"$70,000 to $79,999",820
J4X,"$80,000 to $89,999",630
J4X,"$90,000 to $99,999",520
J4X,"$100,000 to $149,999",1170
J4X,"$150,000 to $249,999",590
J4X,"$250,000 and over",310
J4Y,"Under $5,000",1930
J4Y,"$5,000 to $9,999",1130
J4Y,"$10,000 to $14,999",1480
J4Y,"$15,000 to $19,999",1390
J4Y,"$20,000 to $24,999",1240
J4Y,"$25,000 to $29,999",1040
J4Y,"$30,000 to $34,999",1000
J4Y,"$35,000 to $39,999",920
J4Y,"$40,000 to $44,999",950
J4Y,"$45,000 to $49,999",960
J4Y,"$50,000 to $54,999",800
J4Y,"$55,000 to $59,999",720
J4Y,"$60,000 to $69,999",1310
J4Y,"$70,000 to $79,999",1060
J4Y,"$80,000 to $89,999",880
J4Y,"$90,000 to $99,999",630
J4Y,"$100,000 to $149,999",1530
J4Y,"$150,000 to $249,999",600
J4Y,"$250,000 and over",300
J4Z,"Under $5,000",1940
J4Z,"$5,000 to $9,999",1370
J4Z,"$10,000 to $14,999",1760
J4Z,"$15,000 to $19,999",1740
J4Z,"$20,000 to $24,999",1660
J4Z,"$25,000 to $29,999",1340
J4Z,"$30,000 to $34,999",1270
J4Z,"$35,000 to $39,999",1280
J4Z,"$40,000 to $44,999",1150
J4Z,"$45,000 to $49,999",1100
J4Z,"$50,000 to $54,999",950
J4Z,"$55,000 to $59,999",820
J4Z,"$60,000 to $69,999",1370
J4Z,"$70,000 to $79,999",960
J4Z,"$80,000 to $89,999",850
J4Z,"$90,000 to $99,999",570
J4Z,"$100,000 to $149,999",1160
J4Z,"$150,000 to $249,999",330
J4Z,"$250,000 and over",140
J5A,"Under $5,000",1210
J5A,"$5,000 to $9,999",1010
J5A,"$10,000 to $14,999",1370
J5A,"$15,000 to $19,999",1320
J5A,"$20,000 to $24,999",1560
J5A,"$25,000 to $29,999",1280
J5A,"$30,000 to $34,999",1220
J5A,"$35,000 to $39,999",1250
J5A,"$40,000 to $44,999",1390
J5A,"$45,000 to $49,999",1390
J5A,"$50,000 to $54,999",1170
J5A,"$55,000 to $59,999",1120
J5A,"$60,000 to $69,999",1850
J5A,"$70,000 to $79,999",1430
J5A,"$80,000 to $89,999",1210
J5A,"$90,000 to $99,999",830
J5A,"$100,000 to $149,999",1610
J5A,"$150,000 to $249,999",360
J5A,"$250,000 and over",90
J5B,"Under $5,000",320
J5B,"$5,000 to $9,999",300
J5B,"$10,000 to $14,999",410
J5B,"$15,000 to $19,999",390
J5B,"$20,000 to $24,999",510
J5B,"$25,000 to $29,999",420
J5B,"$30,000 to $34,999",360
J5B,"$35,000 to $39,999",390
J5B,"$40,000 to $44,999",390
J5B,"$45,000 to $49,999",420
J5B,"$50,000 to $54,999",310
J5B,"$55,000 to $59,999",320
J5B,"$60,000 to $69,999",470
J5B,"$70,000 to $79,999",420
J5B,"$80,000 to $89,999",350
J5B,"$90,000 to $99,999",180
J5B,"$100,000 to $149,999",390
J5B,"$150,000 to $249,999",80
J5B,"$250,000 and over",20
J5C,"Under $5,000",690
J5C,"$5,000 to $9,999",590
J5C,"$10,000 to $14,999",900
J5C,"$15,000 to $19,999",910
J5C,"$20,000 to $24,999",1130
J5C,"$25,000 to $29,999",830
J5C,"$30,000 to $34,999",830
J5C,"$35,000 to $39,999",860
J5C,"$40,000 to $44,999",850
J5C,"$45,000 to $49,999",780
J5C,"$50,000 to $54,999",710
J5C,"$55,000 to $59,999",620
J5C,"$60,000 to $69,999",1080
J5C,"$70,000 to $79,999",810
J5C,"$80,000 to $89,999",720
J5C,"$90,000 to $99,999",430
J5C,"$100,000 to $149,999",750
J5C,"$150,000 to $249,999",170
J5C,"$250,000 and over",40
J5J,"Under $5,000",780
J5J,"$5,000 to $9,999",700
J5J,"$10,000 to $14,999",940
J5J,"$15,000 to $19,999",970
J5J,"$20,000 to $24,999",1080
J5J,"$25,000 to $29,999",880
J5J,"$30,000 to $34,999",890
J5J,"$35,000 to $39,999",940
J5J,"$40,000 to $44,999",850
J5J,"$45,000 to $49,999",800
J5J,"$50,000 to $54,999",660
J5J,"$55,000 to $59,999",570
J5J,"$60,000 to $69,999",880
J5J,"$70,000 to $79,999",700
J5J,"$80,000 to $89,999",520
J5J,"$90,000 to $99,999",320
J5J,"$100,000 to $149,999",540
J5J,"$150,000 to $249,999",100
J5J,"$250,000 and over",30
J5K,"Under $5,000",720
J5K,"$5,000 to $9,999",620
J5K,"$10,000 to $14,999",750
J5K,"$15,000 to $19,999",860
J5K,"$20,000 to $24,999",880
J5K,"$25,000 to $29,999",720
J5K,"$30,000 to $34,999",720
J5K,"$35,000 to $39,999",780
J5K,"$40,000 to $44,999",740
J5K,"$45,000 to $49,999",780
J5K,"$50,000 to $54,999",620
J5K,"$55,000 to $59,999",550
J5K,"$60,000 to $69,999",940
J5K,"$70,000 to $79,999",790
J5K,"$80,000 to $89,999",700
J5K,"$90,000 to $99,999",450
J5K,"$100,000 to $149,999",850
J5K,"$150,000 to $249,999",210
J5K,"$250,000 and over",80
J5L,"Under $5,000",860
J5L,"$5,000 to $9,999",830
J5L,"$10,000 to $14,999",1120
J5L,"$15,000 to $19,999",1230
J5L,"$20,000 to $24,999",1300
J5L,"$25,000 to $29,999",1060
J5L,"$30,000 to $34,999",1060
J5L,"$35,000 to $39,999",1110
J5L,"$40,000 to $44,999",1150
J5L,"$45,000 to $49,999",1060
J5L,"$50,000 to $54,999",880
J5L,"$55,000 to $59,999",760
J5L,"$60,000 to $69,999",1250
J5L,"$70,000 to $79,999",950
J5L,"$80,000 to $89,999",890
J5L,"$90,000 to $99,999",560
J5L,"$100,000 to $149,999",1090
J5L,"$150,000 to $249,999",300
J5L,"$250,000 and over",110
J5M,"Under $5,000",1100
J5M,"$5,000 to $9,999",980
J5M,"$10,000 to $14,999",1380
J5M,"$15,000 to $19,999",1530
J5M,"$20,000 to $24,999",1480
J5M,"$25,000 to $29,999",1230
J5M,"$30,000 to $34,999",1160
J5M,"$35,000 to $39,999",1170
J5M,"$40,000 to $44,999",1060
J5M,"$45,000 to $49,999",970
J5M,"$50,000 to $54,999",770
J5M,"$55,000 to $59,999",660
J5M,"$60,000 to $69,999",1070
J5M,"$70,000 to $79,999",720
J5M,"$80,000 to $89,999",570
J5M,"$90,000 to $99,999",340
J5M,"$100,000 to $149,999",470
J5M,"$150,000 to $249,999",90
J5M,"$250,000 and over",20
J5R,"Under $5,000",2260
J5R,"$5,000 to $9,999",1830
J5R,"$10,000 to $14,999",2100
J5R,"$15,000 to $19,999",2260
J5R,"$20,000 to $24,999",2300
J5R,"$25,000 to $29,999",1890
J5R,"$30,000 to $34,999",1700
J5R,"$35,000 to $39,999",1810
J5R,"$40,000 to $44,999",1830
J5R,"$45,000 to $49,999",1960
J5R,"$50,000 to $54,999",1650
J5R,"$55,000 to $59,999",1580
J5R,"$60,000 to $69,999",2660
J5R,"$70,000 to $79,999",2190
J5R,"$80,000 to $89,999",2040
J5R,"$90,000 to $99,999",1490
J5R,"$100,000 to $149,999",3850
J5R,"$150,000 to $249,999",1700
J5R,"$250,000 and over",870
J5T,"Under $5,000",660
J5T,"$5,000 to $9,999",560
J5T,"$10,000 to $14,999",870
J5T,"$15,000 to $19,999",920
J5T,"$20,000 to $24,999",990
J5T,"$25,000 to $29,999",740
J5T,"$30,000 to $34,999",730
J5T,"$35,000 to $39,999",740
J5T,"$40,000 to $44,999",680
J5T,"$45,000 to $49,999",660
J5T,"$50,000 to $54,999",560
J5T,"$55,000 to $59,999",470
J5T,"$60,000 to $69,999",770
J5T,"$70,000 to $79,999",540
J5T,"$80,000 to $89,999",450
J5T,"$90,000 to $99,999",250
J5T,"$100,000 to $149,999",500
J5T,"$150,000 to $249,999",110
J5T,"$250,000 and over",50
J5V,"Under $5,000",260
J5V,"$5,000 to $9,999",360
J5V,"$10,000 to $14,999",700
J5V,"$15,000 to $19,999",900
J5V,"$20,000 to $24,999",850
J5V,"$25,000 to $29,999",540
J5V,"$30,000 to $34,999",440
J5V,"$35,000 to $39,999",410
J5V,"$40,000 to $44,999",360
J5V,"$45,000 to $49,999",260
J5V,"$50,000 to $54,999",190
J5V,"$55,000 to $59,999",160
J5V,"$60,000 to $69,999",240
J5V,"$70,000 to $79,999",190
J5V,"$80,000 to $89,999",120
J5V,"$90,000 to $99,999",50
J5V,"$100,000 to $149,999",130
J5V,"$150,000 to $249,999",40
J5V,"$250,000 and over",10
J5W,"Under $5,000",1040
J5W,"$5,000 to $9,999",930
J5W,"$10,000 to $14,999",1330
J5W,"$15,000 to $19,999",1490
J5W,"$20,000 to $24,999",1780
J5W,"$25,000 to $29,999",1250
J5W,"$30,000 to $34,999",1220
J5W,"$35,000 to $39,999",1310
J5W,"$40,000 to $44,999",1260
J5W,"$45,000 to $49,999",1180
J5W,"$50,000 to $54,999",1050
J5W,"$55,000 to $59,999",850
J5W,"$60,000 to $69,999",1420
J5W,"$70,000 to $79,999",1220
J5W,"$80,000 to $89,999",1110
J5W,"$90,000 to $99,999",600
J5W,"$100,000 to $149,999",1170
J5W,"$150,000 to $249,999",330
J5W,"$250,000 and over",130
J5X,"Under $5,000",410
J5X,"$5,000 to $9,999",400
J5X,"$10,000 to $14,999",550
J5X,"$15,000 to $19,999",630
J5X,"$20,000 to $24,999",580
J5X,"$25,000 to $29,999",480
J5X,"$30,000 to $34,999",460
J5X,"$35,000 to $39,999",440
J5X,"$40,000 to $44,999",420
J5X,"$45,000 to $49,999",380
J5X,"$50,000 to $54,999",330
J5X,"$55,000 to $59,999",240
J5X,"$60,000 to $69,999",450
J5X,"$70,000 to $79,999",390
J5X,"$80,000 to $89,999",270
J5X,"$90,000 to $99,999",170
J5X,"$100,000 to $149,999",240
J5X,"$150,000 to $249,999",70
J5X,"$250,000 and over",30
J5Y,"Under $5,000",1280
J5Y,"$5,000 to $9,999",1050
J5Y,"$10,000 to $14,999",1370
J5Y,"$15,000 to $19,999",1440
J5Y,"$20,000 to $24,999",1520
J5Y,"$25,000 to $29,999",1240
J5Y,"$30,000 to $34,999",1150
J5Y,"$35,000 to $39,999",1350
J5Y,"$40,000 to $44,999",1380
J5Y,"$45,000 to $49,999",1300
J5Y,"$50,000 to $54,999",1190
J5Y,"$55,000 to $59,999",1100
J5Y,"$60,000 to $69,999",1800
J5Y,"$70,000 to $79,999",1430
J5Y,"$80,000 to $89,999",1370
J5Y,"$90,000 to $99,999",850
J5Y,"$100,000 to $149,999",1680
J5Y,"$150,000 to $249,999",550
J5Y,"$250,000 and over",220
J5Z,"Under $5,000",1110
J5Z,"$5,000 to $9,999",960
J5Z,"$10,000 to $14,999",1550
J5Z,"$15,000 to $19,999",1600
J5Z,"$20,000 to $24,999",1940
J5Z,"$25,000 to $29,999",1470
J5Z,"$30,000 to $34,999",1450
J5Z,"$35,000 to $39,999",1410
J5Z,"$40,000 to $44,999",1450
J5Z,"$45,000 to $49,999",1390
J5Z,"$50,000 to $54,999",1170
J5Z,"$55,000 to $59,999",1040
J5Z,"$60,000 to $69,999",1620
J5Z,"$70,000 to $79,999",1240
J5Z,"$80,000 to $89,999",1110
J5Z,"$90,000 to $99,999",630
J5Z,"$100,000 to $149,999",1120
J5Z,"$150,000 to $249,999",300
J5Z,"$250,000 and over",80
J6A,"Under $5,000",1350
J6A,"$5,000 to $9,999",1220
J6A,"$10,000 to $14,999",1890
J6A,"$15,000 to $19,999",2070
J6A,"$20,000 to $24,999",2570
J6A,"$25,000 to $29,999",2030
J6A,"$30,000 to $34,999",1790
J6A,"$35,000 to $39,999",1920
J6A,"$40,000 to $44,999",1780
J6A,"$45,000 to $49,999",1830
J6A,"$50,000 to $54,999",1430
J6A,"$55,000 to $59,999",1200
J6A,"$60,000 to $69,999",2010
J6A,"$70,000 to $79,999",1500
J6A,"$80,000 to $89,999",1240
J6A,"$90,000 to $99,999",760
J6A,"$100,000 to $149,999",1410
J6A,"$150,000 to $249,999",510
J6A,"$250,000 and over",240
J6E,"Under $5,000",1680
J6E,"$5,000 to $9,999",2310
J6E,"$10,000 to $14,999",3380
J6E,"$15,000 to $19,999",3810
J6E,"$20,000 to $24,999",4270
J6E,"$25,000 to $29,999",2840
J6E,"$30,000 to $34,999",2510
J6E,"$35,000 to $39,999",2470
J6E,"$40,000 to $44,999",2150
J6E,"$45,000 to $49,999",1960
J6E,"$50,000 to $54,999",1620
J6E,"$55,000 to $59,999",1250
J6E,"$60,000 to $69,999",2050
J6E,"$70,000 to $79,999",1500
J6E,"$80,000 to $89,999",1280
J6E,"$90,000 to $99,999",620
J6E,"$100,000 to $149,999",1230
J6E,"$150,000 to $249,999",490
J6E,"$250,000 and over",240
J6J,"Under $5,000",1390
J6J,"$5,000 to $9,999",1230
J6J,"$10,000 to $14,999",1550
J6J,"$15,000 to $19,999",1460
J6J,"$20,000 to $24,999",1740
J6J,"$25,000 to $29,999",1360
J6J,"$30,000 to $34,999",1260
J6J,"$35,000 to $39,999",1250
J6J,"$40,000 to $44,999",1140
J6J,"$45,000 to $49,999",1020
J6J,"$50,000 to $54,999",900
J6J,"$55,000 to $59,999",780
J6J,"$60,000 to $69,999",1170
J6J,"$70,000 to $79,999",860
J6J,"$80,000 to $89,999",730
J6J,"$90,000 to $99,999",380
J6J,"$100,000 to $149,999",830
J6J,"$150,000 to $249,999",230
J6J,"$250,000 and over",100
J6K,"Under $5,000",1320
J6K,"$5,000 to $9,999",1170
J6K,"$10,000 to $14,999",1550
J6K,"$15,000 to $19,999",1520
J6K,"$20,000 to $24,999",1720
J6K,"$25,000 to $29,999",1380
J6K,"$30,000 to $34,999",1300
J6K,"$35,000 to $39,999",1310
J6K,"$40,000 to $44,999",1250
J6K,"$45,000 to $49,999",1210
J6K,"$50,000 to $54,999",980
J6K,"$55,000 to $59,999",810
J6K,"$60,000 to $69,999",1270
J6K,"$70,000 to $79,999",950
J6K,"$80,000 to $89,999",790
J6K,"$90,000 to $99,999",460
J6K,"$100,000 to $149,999",750
J6K,"$150,000 to $249,999",160
J6K,"$250,000 and over",60
J6N,"Under $5,000",550
J6N,"$5,000 to $9,999",650
J6N,"$10,000 to $14,999",960
J6N,"$15,000 to $19,999",1030
J6N,"$20,000 to $24,999",1230
J6N,"$25,000 to $29,999",880
J6N,"$30,000 to $34,999",850
J6N,"$35,000 to $39,999",840
J6N,"$40,000 to $44,999",850
J6N,"$45,000 to $49,999",770
J6N,"$50,000 to $54,999",620
J6N,"$55,000 to $59,999",480
J6N,"$60,000 to $69,999",830
J6N,"$70,000 to $79,999",630
J6N,"$80,000 to $89,999",500
J6N,"$90,000 to $99,999",290
J6N,"$100,000 to $149,999",610
J6N,"$150,000 to $249,999",160
J6N,"$250,000 and over",90
J6R,"Under $5,000",590
J6R,"$5,000 to $9,999",460
J6R,"$10,000 to $14,999",690
J6R,"$15,000 to $19,999",710
J6R,"$20,000 to $24,999",810
J6R,"$25,000 to $29,999",650
J6R,"$30,000 to $34,999",580
J6R,"$35,000 to $39,999",660
J6R,"$40,000 to $44,999",660
J6R,"$45,000 to $49,999",640
J6R,"$50,000 to $54,999",580
J6R,"$55,000 to $59,999",520
J6R,"$60,000 to $69,999",850
J6R,"$70,000 to $79,999",720
J6R,"$80,000 to $89,999",550
J6R,"$90,000 to $99,999",380
J6R,"$100,000 to $149,999",690
J6R,"$150,000 to $249,999",180
J6R,"$250,000 and over",80
J6S,"Under $5,000",830
J6S,"$5,000 to $9,999",1120
J6S,"$10,000 to $14,999",1680
J6S,"$15,000 to $19,999",2060
J6S,"$20,000 to $24,999",2280
J6S,"$25,000 to $29,999",1580
J6S,"$30,000 to $34,999",1440
J6S,"$35,000 to $39,999",1370
J6S,"$40,000 to $44,999",1250
J6S,"$45,000 to $49,999",1110
J6S,"$50,000 to $54,999",870
J6S,"$55,000 to $59,999",720
J6S,"$60,000 to $69,999",1110
J6S,"$70,000 to $79,999",880
J6S,"$80,000 to $89,999",670
J6S,"$90,000 to $99,999",410
J6S,"$100,000 to $149,999",730
J6S,"$150,000 to $249,999",160
J6S,"$250,000 and over",70
J6T,"Under $5,000",670
J6T,"$5,000 to $9,999",930
J6T,"$10,000 to $14,999",1410
J6T,"$15,000 to $19,999",1440
J6T,"$20,000 to $24,999",1430
J6T,"$25,000 to $29,999",1090
J6T,"$30,000 to $34,999",1040
J6T,"$35,000 to $39,999",960
J6T,"$40,000 to $44,999",890
J6T,"$45,000 to $49,999",830
J6T,"$50,000 to $54,999",640
J6T,"$55,000 to $59,999",540
J6T,"$60,000 to $69,999",750
J6T,"$70,000 to $79,999",530
J6T,"$80,000 to $89,999",430
J6T,"$90,000 to $99,999",230
J6T,"$100,000 to $149,999",450
J6T,"$150,000 to $249,999",110
J6T,"$250,000 and over",50
J6V,"Under $5,000",550
J6V,"$5,000 to $9,999",480
J6V,"$10,000 to $14,999",650
J6V,"$15,000 to $19,999",640
J6V,"$20,000 to $24,999",780
J6V,"$25,000 to $29,999",630
J6V,"$30,000 to $34,999",600
J6V,"$35,000 to $39,999",620
J6V,"$40,000 to $44,999",610
J6V,"$45,000 to $49,999",630
J6V,"$50,000 to $54,999",600
J6V,"$55,000 to $59,999",520
J6V,"$60,000 to $69,999",850
J6V,"$70,000 to $79,999",740
J6V,"$80,000 to $89,999",630
J6V,"$90,000 to $99,999",420
J6V,"$100,000 to $149,999",920
J6V,"$150,000 to $249,999",330
J6V,"$250,000 and over",110
J6W,"Under $5,000",1320
J6W,"$5,000 to $9,999",1340
J6W,"$10,000 to $14,999",1880
J6W,"$15,000 to $19,999",2050
J6W,"$20,000 to $24,999",2230
J6W,"$25,000 to $29,999",1690
J6W,"$30,000 to $34,999",1450
J6W,"$35,000 to $39,999",1650
J6W,"$40,000 to $44,999",1530
J6W,"$45,000 to $49,999",1480
J6W,"$50,000 to $54,999",1200
J6W,"$55,000 to $59,999",1080
J6W,"$60,000 to $69,999",1790
J6W,"$70,000 to $79,999",1350
J6W,"$80,000 to $89,999",1190
J6W,"$90,000 to $99,999",710
J6W,"$100,000 to $149,999",1460
J6W,"$150,000 to $249,999",450
J6W,"$250,000 and over",180
J6X,"Under $5,000",940
J6X,"$5,000 to $9,999",850
J6X,"$10,000 to $14,999",1220
J6X,"$15,000 to $19,999",1380
J6X,"$20,000 to $24,999",1520
J6X,"$25,000 to $29,999",1250
J6X,"$30,000 to $34,999",1180
J6X,"$35,000 to $39,999",1270
J6X,"$40,000 to $44,999",1250
J6X,"$45,000 to $49,999",1250
J6X,"$50,000 to $54,999",1020
J6X,"$55,000 to $59,999",860
J6X,"$60,000 to $69,999",1500
J6X,"$70,000 to $79,999",1190
J6X,"$80,000 to $89,999",1010
J6X,"$90,000 to $99,999",610
J6X,"$100,000 to $149,999",1200
J6X,"$150,000 to $249,999",340
J6X,"$250,000 and over",120
J6Y,"Under $5,000",940
J6Y,"$5,000 to $9,999",750
J6Y,"$10,000 to $14,999",960
J6Y,"$15,000 to $19,999",950
J6Y,"$20,000 to $24,999",940
J6Y,"$25,000 to $29,999",770
J6Y,"$30,000 to $34,999",790
J6Y,"$35,000 to $39,999",820
J6Y,"$40,000 to $44,999",880
J6Y,"$45,000 to $49,999",920
J6Y,"$50,000 to $54,999",760
J6Y,"$55,000 to $59,999",740
J6Y,"$60,000 to $69,999",1230
J6Y,"$70,000 to $79,999",1030
J6Y,"$80,000 to $89,999",1070
J6Y,"$90,000 to $99,999",610
J6Y,"$100,000 to $149,999",1330
J6Y,"$150,000 to $249,999",410
J6Y,"$250,000 and over",180
J6Z,"Under $5,000",790
J6Z,"$5,000 to $9,999",730
J6Z,"$10,000 to $14,999",920
J6Z,"$15,000 to $19,999",960
J6Z,"$20,000 to $24,999",1010
J6Z,"$25,000 to $29,999",800
J6Z,"$30,000 to $34,999",720
J6Z,"$35,000 to $39,999",860
J6Z,"$40,000 to $44,999",850
J6Z,"$45,000 to $49,999",830
J6Z,"$50,000 to $54,999",730
J6Z,"$55,000 to $59,999",650
J6Z,"$60,000 to $69,999",1120
J6Z,"$70,000 to $79,999",910
J6Z,"$80,000 to $89,999",860
J6Z,"$90,000 to $99,999",520
J6Z,"$100,000 to $149,999",1180
J6Z,"$150,000 to $249,999",540
J6Z,"$250,000 and over",340
J7A,"Under $5,000",730
J7A,"$5,000 to $9,999",540
J7A,"$10,000 to $14,999",730
J7A,"$15,000 to $19,999",690
J7A,"$20,000 to $24,999",690
J7A,"$25,000 to $29,999",550
J7A,"$30,000 to $34,999",520
J7A,"$35,000 to $39,999",510
J7A,"$40,000 to $44,999",520
J7A,"$45,000 to $49,999",580
J7A,"$50,000 to $54,999",490
J7A,"$55,000 to $59,999",430
J7A,"$60,000 to $69,999",760
J7A,"$70,000 to $79,999",670
J7A,"$80,000 to $89,999",640
J7A,"$90,000 to $99,999",460
J7A,"$100,000 to $149,999",1140
J7A,"$150,000 to $249,999",580
J7A,"$250,000 and over",370
J7B,"Under $5,000",750
J7B,"$5,000 to $9,999",520
J7B,"$10,000 to $14,999",700
J7B,"$15,000 to $19,999",600
J7B,"$20,000 to $24,999",650
J7B,"$25,000 to $29,999",430
J7B,"$30,000 to $34,999",440
J7B,"$35,000 to $39,999",430
J7B,"$40,000 to $44,999",420
J7B,"$45,000 to $49,999",440
J7B,"$50,000 to $54,999",420
J7B,"$55,000 to $59,999",360
J7B,"$60,000 to $69,999",650
J7B,"$70,000 to $79,999",580
J7B,"$80,000 to $89,999",540
J7B,"$90,000 to $99,999",360
J7B,"$100,000 to $149,999",1190
J7B,"$150,000 to $249,999",780
J7B,"$250,000 and over",520
J7C,"Under $5,000",1930
J7C,"$5,000 to $9,999",1810
J7C,"$10,000 to $14,999",2360
J7C,"$15,000 to $19,999",2330
J7C,"$20,000 to $24,999",2540
J7C,"$25,000 to $29,999",2020
J7C,"$30,000 to $34,999",1930
J7C,"$35,000 to $39,999",2020
J7C,"$40,000 to $44,999",2040
J7C,"$45,000 to $49,999",2000
J7C,"$50,000 to $54,999",1760
J7C,"$55,000 to $59,999",1580
J7C,"$60,000 to $69,999",2520
J7C,"$70,000 to $79,999",2150
J7C,"$80,000 to $89,999",1850
J7C,"$90,000 to $99,999",1240
J7C,"$100,000 to $149,999",2800
J7C,"$150,000 to $249,999",1020
J7C,"$250,000 and over",400
J7E,"Under $5,000",1180
J7E,"$5,000 to $9,999",1250
J7E,"$10,000 to $14,999",1880
J7E,"$15,000 to $19,999",2040
J7E,"$20,000 to $24,999",2410
J7E,"$25,000 to $29,999",1730
J7E,"$30,000 to $34,999",1500
J7E,"$35,000 to $39,999",1550
J7E,"$40,000 to $44,999",1440
J7E,"$45,000 to $49,999",1330
J7E,"$50,000 to $54,999",1050
J7E,"$55,000 to $59,999",860
J7E,"$60,000 to $69,999",1450
J7E,"$70,000 to $79,999",1070
J7E,"$80,000 to $89,999",820
J7E,"$90,000 to $99,999",490
J7E,"$100,000 to $149,999",1020
J7E,"$150,000 to $249,999",360
J7E,"$250,000 and over",160
J7G,"Under $5,000",740
J7G,"$5,000 to $9,999",660
J7G,"$10,000 to $14,999",950
J7G,"$15,000 to $19,999",1000
J7G,"$20,000 to $24,999",1100
J7G,"$25,000 to $29,999",850
J7G,"$30,000 to $34,999",830
J7G,"$35,000 to $39,999",840
J7G,"$40,000 to $44,999",880
J7G,"$45,000 to $49,999",820
J7G,"$50,000 to $54,999",690
J7G,"$55,000 to $59,999",600
J7G,"$60,000 to $69,999",960
J7G,"$70,000 to $79,999",740
J7G,"$80,000 to $89,999",680
J7G,"$90,000 to $99,999",450
J7G,"$100,000 to $149,999",870
J7G,"$150,000 to $249,999",300
J7G,"$250,000 and over",130
J7H,"Under $5,000",290
J7H,"$5,000 to $9,999",300
J7H,"$10,000 to $14,999",430
J7H,"$15,000 to $19,999",370
J7H,"$20,000 to $24,999",450
J7H,"$25,000 to $29,999",360
J7H,"$30,000 to $34,999",360
J7H,"$35,000 to $39,999",360
J7H,"$40,000 to $44,999",390
J7H,"$45,000 to $49,999",400
J7H,"$50,000 to $54,999",330
J7H,"$55,000 to $59,999",230
J7H,"$60,000 to $69,999",440
J7H,"$70,000 to $79,999",370
J7H,"$80,000 to $89,999",320
J7H,"$90,000 to $99,999",210
J7H,"$100,000 to $149,999",450
J7H,"$150,000 to $249,999",160
J7H,"$250,000 and over",60
J7J,"Under $5,000",970
J7J,"$5,000 to $9,999",890
J7J,"$10,000 to $14,999",1310
J7J,"$15,000 to $19,999",1350
J7J,"$20,000 to $24,999",1430
J7J,"$25,000 to $29,999",1230
J7J,"$30,000 to $34,999",1160
J7J,"$35,000 to $39,999",1230
J7J,"$40,000 to $44,999",1180
J7J,"$45,000 to $49,999",1160
J7J,"$50,000 to $54,999",980
J7J,"$55,000 to $59,999",970
J7J,"$60,000 to $69,999",1510
J7J,"$70,000 to $79,999",1200
J7J,"$80,000 to $89,999",1130
J7J,"$90,000 to $99,999",720
J7J,"$100,000 to $149,999",1470
J7J,"$150,000 to $249,999",400
J7J,"$250,000 and over",120
J7K,"Under $5,000",1320
J7K,"$5,000 to $9,999",1160
J7K,"$10,000 to $14,999",1750
J7K,"$15,000 to $19,999",1910
J7K,"$20,000 to $24,999",2310
J7K,"$25,000 to $29,999",1680
J7K,"$30,000 to $34,999",1570
J7K,"$35,000 to $39,999",1710
J7K,"$40,000 to $44,999",1680
J7K,"$45,000 to $49,999",1660
J7K,"$50,000 to $54,999",1420
J7K,"$55,000 to $59,999",1260
J7K,"$60,000 to $69,999",2160
J7K,"$70,000 to $79,999",1740
J7K,"$80,000 to $89,999",1580
J7K,"$90,000 to $99,999",1010
J7K,"$100,000 to $149,999",1840
J7K,"$150,000 to $249,999",430
J7K,"$250,000 and over",130
J7L,"Under $5,000",560
J7L,"$5,000 to $9,999",510
J7L,"$10,000 to $14,999",670
J7L,"$15,000 to $19,999",770
J7L,"$20,000 to $24,999",820
J7L,"$25,000 to $29,999",620
J7L,"$30,000 to $34,999",600
J7L,"$35,000 to $39,999",610
J7L,"$40,000 to $44,999",580
J7L,"$45,000 to $49,999",520
J7L,"$50,000 to $54,999",500
J7L,"$55,000 to $59,999",390
J7L,"$60,000 to $69,999",720
J7L,"$70,000 to $79,999",570
J7L,"$80,000 to $89,999",500
J7L,"$90,000 to $99,999",330
J7L,"$100,000 to $149,999",640
J7L,"$150,000 to $249,999",190
J7L,"$250,000 and over",70
J7M,"Under $5,000",1240
J7M,"$5,000 to $9,999",1070
J7M,"$10,000 to $14,999",1360
J7M,"$15,000 to $19,999",1500
J7M,"$20,000 to $24,999",1520
J7M,"$25,000 to $29,999",1210
J7M,"$30,000 to $34,999",1130
J7M,"$35,000 to $39,999",1290
J7M,"$40,000 to $44,999",1130
J7M,"$45,000 to $49,999",1090
J7M,"$50,000 to $54,999",950
J7M,"$55,000 to $59,999",790
J7M,"$60,000 to $69,999",1260
J7M,"$70,000 to $79,999",980
J7M,"$80,000 to $89,999",810
J7M,"$90,000 to $99,999",460
J7M,"$100,000 to $149,999",690
J7M,"$150,000 to $249,999",130
J7M,"$250,000 and over",20
J7N,"Under $5,000",1170
J7N,"$5,000 to $9,999",1110
J7N,"$10,000 to $14,999",1410
J7N,"$15,000 to $19,999",1580
J7N,"$20,000 to $24,999",1730
J7N,"$25,000 to $29,999",1440
J7N,"$30,000 to $34,999",1440
J7N,"$35,000 to $39,999",1470
J7N,"$40,000 to $44,999",1440
J7N,"$45,000 to $49,999",1330
J7N,"$50,000 to $54,999",1220
J7N,"$55,000 to $59,999",1060
J7N,"$60,000 to $69,999",1800
J7N,"$70,000 to $79,999",1370
J7N,"$80,000 to $89,999",1160
J7N,"$90,000 to $99,999",710
J7N,"$100,000 to $149,999",1410
J7N,"$150,000 to $249,999",350
J7N,"$250,000 and over",110
J7P,"Under $5,000",980
J7P,"$5,000 to $9,999",980
J7P,"$10,000 to $14,999",1460
J7P,"$15,000 to $19,999",1660
J7P,"$20,000 to $24,999",1740
J7P,"$25,000 to $29,999",1430
J7P,"$30,000 to $34,999",1330
J7P,"$35,000 to $39,999",1370
J7P,"$40,000 to $44,999",1310
J7P,"$45,000 to $49,999",1260
J7P,"$50,000 to $54,999",990
J7P,"$55,000 to $59,999",920
J7P,"$60,000 to $69,999",1450
J7P,"$70,000 to $79,999",1040
J7P,"$80,000 to $89,999",840
J7P,"$90,000 to $99,999",550
J7P,"$100,000 to $149,999",950
J7P,"$150,000 to $249,999",290
J7P,"$250,000 and over",100
J7R,"Under $5,000",1600
J7R,"$5,000 to $9,999",1430
J7R,"$10,000 to $14,999",2070
J7R,"$15,000 to $19,999",2330
J7R,"$20,000 to $24,999",2630
J7R,"$25,000 to $29,999",1920
J7R,"$30,000 to $34,999",1860
J7R,"$35,000 to $39,999",1870
J7R,"$40,000 to $44,999",1780
J7R,"$45,000 to $49,999",1740
J7R,"$50,000 to $54,999",1510
J7R,"$55,000 to $59,999",1310
J7R,"$60,000 to $69,999",2050
J7R,"$70,000 to $79,999",1590
J7R,"$80,000 to $89,999",1430
J7R,"$90,000 to $99,999",890
J7R,"$100,000 to $149,999",1680
J7R,"$150,000 to $249,999",440
J7R,"$250,000 and over",150
J7T,"Under $5,000",1460
J7T,"$5,000 to $9,999",1070
J7T,"$10,000 to $14,999",1340
J7T,"$15,000 to $19,999",1250
J7T,"$20,000 to $24,999",1330
J7T,"$25,000 to $29,999",1130
J7T,"$30,000 to $34,999",1100
J7T,"$35,000 to $39,999",1170
J7T,"$40,000 to $44,999",1120
J7T,"$45,000 to $49,999",1170
J7T,"$50,000 to $54,999",990
J7T,"$55,000 to $59,999",890
J7T,"$60,000 to $69,999",1560
J7T,"$70,000 to $79,999",1320
J7T,"$80,000 to $89,999",1160
J7T,"$90,000 to $99,999",830
J7T,"$100,000 to $149,999",1940
J7T,"$150,000 to $249,999",850
J7T,"$250,000 and over",360
J7V,"Under $5,000",3400
J7V,"$5,000 to $9,999",2610
J7V,"$10,000 to $14,999",3420
J7V,"$15,000 to $19,999",3440
J7V,"$20,000 to $24,999",3840
J7V,"$25,000 to $29,999",3110
J7V,"$30,000 to $34,999",2920
J7V,"$35,000 to $39,999",3040
J7V,"$40,000 to $44,999",3050
J7V,"$45,000 to $49,999",3000
J7V,"$50,000 to $54,999",2610
J7V,"$55,000 to $59,999",2260
J7V,"$60,000 to $69,999",3870
J7V,"$70,000 to $79,999",2950
J7V,"$80,000 to $89,999",2490
J7V,"$90,000 to $99,999",1580
J7V,"$100,000 to $149,999",3520
J7V,"$150,000 to $249,999",1140
J7V,"$250,000 and over",470
J7W,"Under $5,000",710
J7W,"$5,000 to $9,999",560
J7W,"$10,000 to $14,999",690
J7W,"$15,000 to $19,999",740
J7W,"$20,000 to $24,999",770
J7W,"$25,000 to $29,999",680
J7W,"$30,000 to $34,999",650
J7W,"$35,000 to $39,999",680
J7W,"$40,000 to $44,999",660
J7W,"$45,000 to $49,999",650
J7W,"$50,000 to $54,999",570
J7W,"$55,000 to $59,999",520
J7W,"$60,000 to $69,999",840
J7W,"$70,000 to $79,999",670
J7W,"$80,000 to $89,999",570
J7W,"$90,000 to $99,999",390
J7W,"$100,000 to $149,999",760
J7W,"$150,000 to $249,999",230
J7W,"$250,000 and over",80
J7X,"Under $5,000",200
J7X,"$5,000 to $9,999",190
J7X,"$10,000 to $14,999",250
J7X,"$15,000 to $19,999",270
J7X,"$20,000 to $24,999",340
J7X,"$25,000 to $29,999",280
J7X,"$30,000 to $34,999",280
J7X,"$35,000 to $39,999",320
J7X,"$40,000 to $44,999",290
J7X,"$45,000 to $49,999",250
J7X,"$50,000 to $54,999",220
J7X,"$55,000 to $59,999",200
J7X,"$60,000 to $69,999",340
J7X,"$70,000 to $79,999",240
J7X,"$80,000 to $89,999",200
J7X,"$90,000 to $99,999",130
J7X,"$100,000 to $149,999",190
J7X,"$150,000 to $249,999",50
J7X,"$250,000 and over",10
J7Y,"Under $5,000",1010
J7Y,"$5,000 to $9,999",1200
J7Y,"$10,000 to $14,999",1910
J7Y,"$15,000 to $19,999",2220
J7Y,"$20,000 to $24,999",2460
J7Y,"$25,000 to $29,999",1710
J7Y,"$30,000 to $34,999",1530
J7Y,"$35,000 to $39,999",1490
J7Y,"$40,000 to $44,999",1280
J7Y,"$45,000 to $49,999",1260
J7Y,"$50,000 to $54,999",890
J7Y,"$55,000 to $59,999",810
J7Y,"$60,000 to $69,999",1160
J7Y,"$70,000 to $79,999",820
J7Y,"$80,000 to $89,999",630
J7Y,"$90,000 to $99,999",300
J7Y,"$100,000 to $149,999",620
J7Y,"$150,000 to $249,999",160
J7Y,"$250,000 and over",80
J7Z,"Under $5,000",1220
J7Z,"$5,000 to $9,999",1720
J7Z,"$10,000 to $14,999",2390
J7Z,"$15,000 to $19,999",2630
J7Z,"$20,000 to $24,999",2900
J7Z,"$25,000 to $29,999",2040
J7Z,"$30,000 to $34,999",1760
J7Z,"$35,000 to $39,999",1630
J7Z,"$40,000 to $44,999",1450
J7Z,"$45,000 to $49,999",1280
J7Z,"$50,000 to $54,999",960
J7Z,"$55,000 to $59,999",810
J7Z,"$60,000 to $69,999",1230
J7Z,"$70,000 to $79,999",860
J7Z,"$80,000 to $89,999",630
J7Z,"$90,000 to $99,999",360
J7Z,"$100,000 to $149,999",630
J7Z,"$150,000 to $249,999",130
J7Z,"$250,000 and over",50
J8A,"Under $5,000",450
J8A,"$5,000 to $9,999",420
J8A,"$10,000 to $14,999",540
J8A,"$15,000 to $19,999",600
J8A,"$20,000 to $24,999",550
J8A,"$25,000 to $29,999",490
J8A,"$30,000 to $34,999",540
J8A,"$35,000 to $39,999",510
J8A,"$40,000 to $44,999",510
J8A,"$45,000 to $49,999",480
J8A,"$50,000 to $54,999",380
J8A,"$55,000 to $59,999",340
J8A,"$60,000 to $69,999",570
J8A,"$70,000 to $79,999",430
J8A,"$80,000 to $89,999",350
J8A,"$90,000 to $99,999",240
J8A,"$100,000 to $149,999",450
J8A,"$150,000 to $249,999",160
J8A,"$250,000 and over",80
J8B,"Under $5,000",540
J8B,"$5,000 to $9,999",630
J8B,"$10,000 to $14,999",840
J8B,"$15,000 to $19,999",1050
J8B,"$20,000 to $24,999",1090
J8B,"$25,000 to $29,999",730
J8B,"$30,000 to $34,999",730
J8B,"$35,000 to $39,999",700
J8B,"$40,000 to $44,999",640
J8B,"$45,000 to $49,999",620
J8B,"$50,000 to $54,999",500
J8B,"$55,000 to $59,999",380
J8B,"$60,000 to $69,999",680
J8B,"$70,000 to $79,999",550
J8B,"$80,000 to $89,999",410
J8B,"$90,000 to $99,999",250
J8B,"$100,000 to $149,999",560
J8B,"$150,000 to $249,999",210
J8B,"$250,000 and over",110
J8C,"Under $5,000",390
J8C,"$5,000 to $9,999",570
J8C,"$10,000 to $14,999",930
J8C,"$15,000 to $19,999",1070
J8C,"$20,000 to $24,999",1140
J8C,"$25,000 to $29,999",760
J8C,"$30,000 to $34,999",630
J8C,"$35,000 to $39,999",640
J8C,"$40,000 to $44,999",550
J8C,"$45,000 to $49,999",480
J8C,"$50,000 to $54,999",350
J8C,"$55,000 to $59,999",290
J8C,"$60,000 to $69,999",460
J8C,"$70,000 to $79,999",310
J8C,"$80,000 to $89,999",260
J8C,"$90,000 to $99,999",130
J8C,"$100,000 to $149,999",250
J8C,"$150,000 to $249,999",100
J8C,"$250,000 and over",50
J8E,"Under $5,000",420
J8E,"$5,000 to $9,999",430
J8E,"$10,000 to $14,999",620
J8E,"$15,000 to $19,999",840
J8E,"$20,000 to $24,999",880
J8E,"$25,000 to $29,999",690
J8E,"$30,000 to $34,999",580
J8E,"$35,000 to $39,999",580
J8E,"$40,000 to $44,999",510
J8E,"$45,000 to $49,999",480
J8E,"$50,000 to $54,999",440
J8E,"$55,000 to $59,999",280
J8E,"$60,000 to $69,999",470
J8E,"$70,000 to $79,999",350
J8E,"$80,000 to $89,999",270
J8E,"$90,000 to $99,999",170
J8E,"$100,000 to $149,999",360
J8E,"$150,000 to $249,999",200
J8E,"$250,000 and over",90
J8G,"Under $5,000",420
J8G,"$5,000 to $9,999",440
J8G,"$10,000 to $14,999",570
J8G,"$15,000 to $19,999",610
J8G,"$20,000 to $24,999",700
J8G,"$25,000 to $29,999",470
J8G,"$30,000 to $34,999",460
J8G,"$35,000 to $39,999",460
J8G,"$40,000 to $44,999",400
J8G,"$45,000 to $49,999",360
J8G,"$50,000 to $54,999",250
J8G,"$55,000 to $59,999",240
J8G,"$60,000 to $69,999",340
J8G,"$70,000 to $79,999",270
J8G,"$80,000 to $89,999",240
J8G,"$90,000 to $99,999",120
J8G,"$100,000 to $149,999",190
J8G,"$150,000 to $249,999",40
J8G,"$250,000 and over",20
J8H,"Under $5,000",650
J8H,"$5,000 to $9,999",890
J8H,"$10,000 to $14,999",1200
J8H,"$15,000 to $19,999",1290
J8H,"$20,000 to $24,999",1300
J8H,"$25,000 to $29,999",900
J8H,"$30,000 to $34,999",830
J8H,"$35,000 to $39,999",700
J8H,"$40,000 to $44,999",640
J8H,"$45,000 to $49,999",560
J8H,"$50,000 to $54,999",450
J8H,"$55,000 to $59,999",360
J8H,"$60,000 to $69,999",560
J8H,"$70,000 to $79,999",410
J8H,"$80,000 to $89,999",330
J8H,"$90,000 to $99,999",170
J8H,"$100,000 to $149,999",300
J8H,"$150,000 to $249,999",100
J8H,"$250,000 and over",40
J8L,"Under $5,000",650
J8L,"$5,000 to $9,999",860
J8L,"$10,000 to $14,999",1150
J8L,"$15,000 to $19,999",1240
J8L,"$20,000 to $24,999",1240
J8L,"$25,000 to $29,999",890
J8L,"$30,000 to $34,999",930
J8L,"$35,000 to $39,999",930
J8L,"$40,000 to $44,999",900
J8L,"$45,000 to $49,999",910
J8L,"$50,000 to $54,999",750
J8L,"$55,000 to $59,999",680
J8L,"$60,000 to $69,999",1240
J8L,"$70,000 to $79,999",960
J8L,"$80,000 to $89,999",680
J8L,"$90,000 to $99,999",420
J8L,"$100,000 to $149,999",770
J8L,"$150,000 to $249,999",150
J8L,"$250,000 and over",60
J8M,"Under $5,000",430
J8M,"$5,000 to $9,999",510
J8M,"$10,000 to $14,999",650
J8M,"$15,000 to $19,999",620
J8M,"$20,000 to $24,999",630
J8M,"$25,000 to $29,999",600
J8M,"$30,000 to $34,999",570
J8M,"$35,000 to $39,999",610
J8M,"$40,000 to $44,999",630
J8M,"$45,000 to $49,999",650
J8M,"$50,000 to $54,999",550
J8M,"$55,000 to $59,999",480
J8M,"$60,000 to $69,999",860
J8M,"$70,000 to $79,999",640
J8M,"$80,000 to $89,999",490
J8M,"$90,000 to $99,999",270
J8M,"$100,000 to $149,999",490
J8M,"$150,000 to $249,999",50
J8M,"$250,000 and over",30
J8N,"Under $5,000",460
J8N,"$5,000 to $9,999",480
J8N,"$10,000 to $14,999",570
J8N,"$15,000 to $19,999",600
J8N,"$20,000 to $24,999",620
J8N,"$25,000 to $29,999",490
J8N,"$30,000 to $34,999",530
J8N,"$35,000 to $39,999",560
J8N,"$40,000 to $44,999",510
J8N,"$45,000 to $49,999",560
J8N,"$50,000 to $54,999",500
J8N,"$55,000 to $59,999",470
J8N,"$60,000 to $69,999",870
J8N,"$70,000 to $79,999",700
J8N,"$80,000 to $89,999",610
J8N,"$90,000 to $99,999",380
J8N,"$100,000 to $149,999",720
J8N,"$150,000 to $249,999",160
J8N,"$250,000 and over",40
J8P,"Under $5,000",1250
J8P,"$5,000 to $9,999",1560
J8P,"$10,000 to $14,999",2090
J8P,"$15,000 to $19,999",2040
J8P,"$20,000 to $24,999",2060
J8P,"$25,000 to $29,999",1670
J8P,"$30,000 to $34,999",1660
J8P,"$35,000 to $39,999",1750
J8P,"$40,000 to $44,999",1720
J8P,"$45,000 to $49,999",1750
J8P,"$50,000 to $54,999",1350
J8P,"$55,000 to $59,999",1300
J8P,"$60,000 to $69,999",2170
J8P,"$70,000 to $79,999",1570
J8P,"$80,000 to $89,999",1070
J8P,"$90,000 to $99,999",680
J8P,"$100,000 to $149,999",1050
J8P,"$150,000 to $249,999",170
J8P,"$250,000 and over",40
J8R,"Under $5,000",1060
J8R,"$5,000 to $9,999",950
J8R,"$10,000 to $14,999",1250
J8R,"$15,000 to $19,999",1150
J8R,"$20,000 to $24,999",1170
J8R,"$25,000 to $29,999",980
J8R,"$30,000 to $34,999",990
J8R,"$35,000 to $39,999",1080
J8R,"$40,000 to $44,999",1150
J8R,"$45,000 to $49,999",1240
J8R,"$50,000 to $54,999",1160
J8R,"$55,000 to $59,999",1110
J8R,"$60,000 to $69,999",2200
J8R,"$70,000 to $79,999",1840
J8R,"$80,000 to $89,999",1430
J8R,"$90,000 to $99,999",1000
J8R,"$100,000 to $149,999",1970
J8R,"$150,000 to $249,999",420
J8R,"$250,000 and over",90
J8T,"Under $5,000",1640
J8T,"$5,000 to $9,999",1780
J8T,"$10,000 to $14,999",2410
J8T,"$15,000 to $19,999",2490
J8T,"$20,000 to $24,999",2900
J8T,"$25,000 to $29,999",2010
J8T,"$30,000 to $34,999",1940
J8T,"$35,000 to $39,999",2010
J8T,"$40,000 to $44,999",1850
J8T,"$45,000 to $49,999",1960
J8T,"$50,000 to $54,999",1640
J8T,"$55,000 to $59,999",1440
J8T,"$60,000 to $69,999",2280
J8T,"$70,000 to $79,999",1800
J8T,"$80,000 to $89,999",1190
J8T,"$90,000 to $99,999",850
J8T,"$100,000 to $149,999",1560
J8T,"$150,000 to $249,999",450
J8T,"$250,000 and over",140
J8V,"Under $5,000",990
J8V,"$5,000 to $9,999",910
J8V,"$10,000 to $14,999",1120
J8V,"$15,000 to $19,999",1030
J8V,"$20,000 to $24,999",950
J8V,"$25,000 to $29,999",810
J8V,"$30,000 to $34,999",840
J8V,"$35,000 to $39,999",870
J8V,"$40,000 to $44,999",870
J8V,"$45,000 to $49,999",1110
J8V,"$50,000 to $54,999",990
J8V,"$55,000 to $59,999",960
J8V,"$60,000 to $69,999",1870
J8V,"$70,000 to $79,999",1670
J8V,"$80,000 to $89,999",1410
J8V,"$90,000 to $99,999",1140
J8V,"$100,000 to $149,999",2520
J8V,"$150,000 to $249,999",750
J8V,"$250,000 and over",180
J8X,"Under $5,000",610
J8X,"$5,000 to $9,999",730
J8X,"$10,000 to $14,999",830
J8X,"$15,000 to $19,999",790
J8X,"$20,000 to $24,999",630
J8X,"$25,000 to $29,999",420
J8X,"$30,000 to $34,999",360
J8X,"$35,000 to $39,999",360
J8X,"$40,000 to $44,999",350
J8X,"$45,000 to $49,999",310
J8X,"$50,000 to $54,999",270
J8X,"$55,000 to $59,999",240
J8X,"$60,000 to $69,999",490
J8X,"$70,000 to $79,999",290
J8X,"$80,000 to $89,999",240
J8X,"$90,000 to $99,999",190
J8X,"$100,000 to $149,999",290
J8X,"$150,000 to $249,999",70
J8X,"$250,000 and over",20
J8Y,"Under $5,000",1190
J8Y,"$5,000 to $9,999",1320
J8Y,"$10,000 to $14,999",1680
J8Y,"$15,000 to $19,999",1550
J8Y,"$20,000 to $24,999",1590
J8Y,"$25,000 to $29,999",1200
J8Y,"$30,000 to $34,999",1090
J8Y,"$35,000 to $39,999",1070
J8Y,"$40,000 to $44,999",970
J8Y,"$45,000 to $49,999",990
J8Y,"$50,000 to $54,999",800
J8Y,"$55,000 to $59,999",770
J8Y,"$60,000 to $69,999",1240
J8Y,"$70,000 to $79,999",940
J8Y,"$80,000 to $89,999",660
J8Y,"$90,000 to $99,999",460
J8Y,"$100,000 to $149,999",760
J8Y,"$150,000 to $249,999",130
J8Y,"$250,000 and over",40
J8Z,"Under $5,000",720
J8Z,"$5,000 to $9,999",710
J8Z,"$10,000 to $14,999",890
J8Z,"$15,000 to $19,999",750
J8Z,"$20,000 to $24,999",730
J8Z,"$25,000 to $29,999",600
J8Z,"$30,000 to $34,999",520
J8Z,"$35,000 to $39,999",580
J8Z,"$40,000 to $44,999",550
J8Z,"$45,000 to $49,999",600
J8Z,"$50,000 to $54,999",490
J8Z,"$55,000 to $59,999",470
J8Z,"$60,000 to $69,999",810
J8Z,"$70,000 to $79,999",690
J8Z,"$80,000 to $89,999",590
J8Z,"$90,000 to $99,999",430
J8Z,"$100,000 to $149,999",890
J8Z,"$150,000 to $249,999",280
J8Z,"$250,000 and over",100
J9A,"Under $5,000",1100
J9A,"$5,000 to $9,999",850
J9A,"$10,000 to $14,999",910
J9A,"$15,000 to $19,999",860
J9A,"$20,000 to $24,999",840
J9A,"$25,000 to $29,999",670
J9A,"$30,000 to $34,999",660
J9A,"$35,000 to $39,999",660
J9A,"$40,000 to $44,999",700
J9A,"$45,000 to $49,999",810
J9A,"$50,000 to $54,999",730
J9A,"$55,000 to $59,999",740
J9A,"$60,000 to $69,999",1350
J9A,"$70,000 to $79,999",1250
J9A,"$80,000 to $89,999",1080
J9A,"$90,000 to $99,999",880
J9A,"$100,000 to $149,999",1950
J9A,"$150,000 to $249,999",560
J9A,"$250,000 and over",140
J9B,"Under $5,000",290
J9B,"$5,000 to $9,999",220
J9B,"$10,000 to $14,999",270
J9B,"$15,000 to $19,999",230
J9B,"$20,000 to $24,999",220
J9B,"$25,000 to $29,999",190
J9B,"$30,000 to $34,999",180
J9B,"$35,000 to $39,999",190
J9B,"$40,000 to $44,999",170
J9B,"$45,000 to $49,999",220
J9B,"$50,000 to $54,999",190
J9B,"$55,000 to $59,999",190
J9B,"$60,000 to $69,999",390
J9B,"$70,000 to $79,999",350
J9B,"$80,000 to $89,999",360
J9B,"$90,000 to $99,999",310
J9B,"$100,000 to $149,999",950
J9B,"$150,000 to $249,999",410
J9B,"$250,000 and over",170
J9E,"Under $5,000",730
J9E,"$5,000 to $9,999",480
J9E,"$10,000 to $14,999",730
J9E,"$15,000 to $19,999",750
J9E,"$20,000 to $24,999",700
J9E,"$25,000 to $29,999",430
J9E,"$30,000 to $34,999",370
J9E,"$35,000 to $39,999",360
J9E,"$40,000 to $44,999",320
J9E,"$45,000 to $49,999",260
J9E,"$50,000 to $54,999",220
J9E,"$55,000 to $59,999",200
J9E,"$60,000 to $69,999",300
J9E,"$70,000 to $79,999",200
J9E,"$80,000 to $89,999",130
J9E,"$90,000 to $99,999",70
J9E,"$100,000 to $149,999",110
J9E,"$150,000 to $249,999",30
J9E,"$250,000 and over",20
J9H,"Under $5,000",1410
J9H,"$5,000 to $9,999",1230
J9H,"$10,000 to $14,999",1480
J9H,"$15,000 to $19,999",1410
J9H,"$20,000 to $24,999",1540
J9H,"$25,000 to $29,999",1180
J9H,"$30,000 to $34,999",1150
J9H,"$35,000 to $39,999",1180
J9H,"$40,000 to $44,999",1110
J9H,"$45,000 to $49,999",1260
J9H,"$50,000 to $54,999",1140
J9H,"$55,000 to $59,999",1070
J9H,"$60,000 to $69,999",2050
J9H,"$70,000 to $79,999",1670
J9H,"$80,000 to $89,999",1290
J9H,"$90,000 to $99,999",950
J9H,"$100,000 to $149,999",2100
J9H,"$150,000 to $249,999",510
J9H,"$250,000 and over",120
J9J,"Under $5,000",1720
J9J,"$5,000 to $9,999",1180
J9J,"$10,000 to $14,999",1320
J9J,"$15,000 to $19,999",1190
J9J,"$20,000 to $24,999",1080
J9J,"$25,000 to $29,999",970
J9J,"$30,000 to $34,999",920
J9J,"$35,000 to $39,999",1040
J9J,"$40,000 to $44,999",990
J9J,"$45,000 to $49,999",1200
J9J,"$50,000 to $54,999",1150
J9J,"$55,000 to $59,999",1180
J9J,"$60,000 to $69,999",2350
J9J,"$70,000 to $79,999",2180
J9J,"$80,000 to $89,999",1840
J9J,"$90,000 to $99,999",1560
J9J,"$100,000 to $149,999",3230
J9J,"$150,000 to $249,999",850
J9J,"$250,000 and over",250
J9L,"Under $5,000",580
J9L,"$5,000 to $9,999",730
J9L,"$10,000 to $14,999",1200
J9L,"$15,000 to $19,999",1310
J9L,"$20,000 to $24,999",1290
J9L,"$25,000 to $29,999",840
J9L,"$30,000 to $34,999",840
J9L,"$35,000 to $39,999",730
J9L,"$40,000 to $44,999",720
J9L,"$45,000 to $49,999",670
J9L,"$50,000 to $54,999",500
J9L,"$55,000 to $59,999",450
J9L,"$60,000 to $69,999",610
J9L,"$70,000 to $79,999",410
J9L,"$80,000 to $89,999",360
J9L,"$90,000 to $99,999",170
J9L,"$100,000 to $149,999",300
J9L,"$150,000 to $249,999",100
J9L,"$250,000 and over",50
J9P,"Under $5,000",1400
J9P,"$5,000 to $9,999",1320
J9P,"$10,000 to $14,999",1810
J9P,"$15,000 to $19,999",2000
J9P,"$20,000 to $24,999",2210
J9P,"$25,000 to $29,999",1630
J9P,"$30,000 to $34,999",1510
J9P,"$35,000 to $39,999",1520
J9P,"$40,000 to $44,999",1500
J9P,"$45,000 to $49,999",1390
J9P,"$50,000 to $54,999",1170
J9P,"$55,000 to $59,999",1040
J9P,"$60,000 to $69,999",1700
J9P,"$70,000 to $79,999",1290
J9P,"$80,000 to $89,999",1170
J9P,"$90,000 to $99,999",750
J9P,"$100,000 to $149,999",2160
J9P,"$150,000 to $249,999",840
J9P,"$250,000 and over",300
J9T,"Under $5,000",630
J9T,"$5,000 to $9,999",500
J9T,"$10,000 to $14,999",840
J9T,"$15,000 to $19,999",900
J9T,"$20,000 to $24,999",970
J9T,"$25,000 to $29,999",670
J9T,"$30,000 to $34,999",590
J9T,"$35,000 to $39,999",600
J9T,"$40,000 to $44,999",630
J9T,"$45,000 to $49,999",580
J9T,"$50,000 to $54,999",480
J9T,"$55,000 to $59,999",430
J9T,"$60,000 to $69,999",720
J9T,"$70,000 to $79,999",550
J9T,"$80,000 to $89,999",390
J9T,"$90,000 to $99,999",310
J9T,"$100,000 to $149,999",640
J9T,"$150,000 to $249,999",200
J9T,"$250,000 and over",100
J9V,"Under $5,000",120
J9V,"$5,000 to $9,999",140
J9V,"$10,000 to $14,999",260
J9V,"$15,000 to $19,999",290
J9V,"$20,000 to $24,999",270
J9V,"$25,000 to $29,999",200
J9V,"$30,000 to $34,999",170
J9V,"$35,000 to $39,999",180
J9V,"$40,000 to $44,999",160
J9V,"$45,000 to $49,999",170
J9V,"$50,000 to $54,999",130
J9V,"$55,000 to $59,999",130
J9V,"$60,000 to $69,999",200
J9V,"$70,000 to $79,999",120
J9V,"$80,000 to $89,999",110
J9V,"$90,000 to $99,999",70
J9V,"$100,000 to $149,999",150
J9V,"$150,000 to $249,999",40
J9V,"$250,000 and over",10
J9X,"Under $5,000",850
J9X,"$5,000 to $9,999",1030
J9X,"$10,000 to $14,999",1470
J9X,"$15,000 to $19,999",1760
J9X,"$20,000 to $24,999",2000
J9X,"$25,000 to $29,999",1280
J9X,"$30,000 to $34,999",1160
J9X,"$35,000 to $39,999",1170
J9X,"$40,000 to $44,999",1110
J9X,"$45,000 to $49,999",1050
J9X,"$50,000 to $54,999",840
J9X,"$55,000 to $59,999",720
J9X,"$60,000 to $69,999",1170
J9X,"$70,000 to $79,999",850
J9X,"$80,000 to $89,999",680
J9X,"$90,000 to $99,999",520
J9X,"$100,000 to $149,999",1190
J9X,"$150,000 to $249,999",330
J9X,"$250,000 and over",140
J9Y,"Under $5,000",390
J9Y,"$5,000 to $9,999",400
J9Y,"$10,000 to $14,999",470
J9Y,"$15,000 to $19,999",530
J9Y,"$20,000 to $24,999",530
J9Y,"$25,000 to $29,999",430
J9Y,"$30,000 to $34,999",400
J9Y,"$35,000 to $39,999",430
J9Y,"$40,000 to $44,999",440
J9Y,"$45,000 to $49,999",440
J9Y,"$50,000 to $54,999",380
J9Y,"$55,000 to $59,999",360
J9Y,"$60,000 to $69,999",620
J9Y,"$70,000 to $79,999",480
J9Y,"$80,000 to $89,999",440
J9Y,"$90,000 to $99,999",310
J9Y,"$100,000 to $149,999",940
J9Y,"$150,000 to $249,999",300
J9Y,"$250,000 and over",80
J9Z,"Under $5,000",310
J9Z,"$5,000 to $9,999",390
J9Z,"$10,000 to $14,999",520
J9Z,"$15,000 to $19,999",620
J9Z,"$20,000 to $24,999",730
J9Z,"$25,000 to $29,999",400
J9Z,"$30,000 to $34,999",390
J9Z,"$35,000 to $39,999",340
J9Z,"$40,000 to $44,999",300
J9Z,"$45,000 to $49,999",310
J9Z,"$50,000 to $54,999",240
J9Z,"$55,000 to $59,999",210
J9Z,"$60,000 to $69,999",320
J9Z,"$70,000 to $79,999",260
J9Z,"$80,000 to $89,999",220
J9Z,"$90,000 to $99,999",150
J9Z,"$100,000 to $149,999",370
J9Z,"$150,000 to $249,999",110
J9Z,"$250,000 and over",30
K0A,"Under $5,000",4020
K0A,"$5,000 to $9,999",3120
K0A,"$10,000 to $14,999",4630
K0A,"$15,000 to $19,999",4850
K0A,"$20,000 to $24,999",5120
K0A,"$25,000 to $29,999",3610
K0A,"$30,000 to $34,999",3820
K0A,"$35,000 to $39,999",4200
K0A,"$40,000 to $44,999",4290
K0A,"$45,000 to $49,999",4790
K0A,"$50,000 to $54,999",4010
K0A,"$55,000 to $59,999",3780
K0A,"$60,000 to $69,999",6960
K0A,"$70,000 to $79,999",6140
K0A,"$80,000 to $89,999",4870
K0A,"$90,000 to $99,999",4230
K0A,"$100,000 to $149,999",8870
K0A,"$150,000 to $249,999",2810
K0A,"$250,000 and over",960
K0B,"Under $5,000",940
K0B,"$5,000 to $9,999",750
K0B,"$10,000 to $14,999",1360
K0B,"$15,000 to $19,999",1530
K0B,"$20,000 to $24,999",1620
K0B,"$25,000 to $29,999",1000
K0B,"$30,000 to $34,999",970
K0B,"$35,000 to $39,999",1090
K0B,"$40,000 to $44,999",1050
K0B,"$45,000 to $49,999",1010
K0B,"$50,000 to $54,999",850
K0B,"$55,000 to $59,999",690
K0B,"$60,000 to $69,999",1260
K0B,"$70,000 to $79,999",850
K0B,"$80,000 to $89,999",640
K0B,"$90,000 to $99,999",520
K0B,"$100,000 to $149,999",870
K0B,"$150,000 to $249,999",270
K0B,"$250,000 and over",110
K0C,"Under $5,000",2440
K0C,"$5,000 to $9,999",1760
K0C,"$10,000 to $14,999",3100
K0C,"$15,000 to $19,999",3370
K0C,"$20,000 to $24,999",3860
K0C,"$25,000 to $29,999",2560
K0C,"$30,000 to $34,999",2490
K0C,"$35,000 to $39,999",2520
K0C,"$40,000 to $44,999",2600
K0C,"$45,000 to $49,999",2450
K0C,"$50,000 to $54,999",2010
K0C,"$55,000 to $59,999",1880
K0C,"$60,000 to $69,999",3060
K0C,"$70,000 to $79,999",2380
K0C,"$80,000 to $89,999",1630
K0C,"$90,000 to $99,999",1310
K0C,"$100,000 to $149,999",2410
K0C,"$150,000 to $249,999",710
K0C,"$250,000 and over",280
K0E,"Under $5,000",1780
K0E,"$5,000 to $9,999",1430
K0E,"$10,000 to $14,999",2290
K0E,"$15,000 to $19,999",2510
K0E,"$20,000 to $24,999",2700
K0E,"$25,000 to $29,999",1990
K0E,"$30,000 to $34,999",1930
K0E,"$35,000 to $39,999",2080
K0E,"$40,000 to $44,999",1970
K0E,"$45,000 to $49,999",1910
K0E,"$50,000 to $54,999",1560
K0E,"$55,000 to $59,999",1400
K0E,"$60,000 to $69,999",2240
K0E,"$70,000 to $79,999",1580
K0E,"$80,000 to $89,999",1160
K0E,"$90,000 to $99,999",950
K0E,"$100,000 to $149,999",1690
K0E,"$150,000 to $249,999",460
K0E,"$250,000 and over",180
K0G,"Under $5,000",1670
K0G,"$5,000 to $9,999",1290
K0G,"$10,000 to $14,999",2030
K0G,"$15,000 to $19,999",2130
K0G,"$20,000 to $24,999",2310
K0G,"$25,000 to $29,999",1660
K0G,"$30,000 to $34,999",1600
K0G,"$35,000 to $39,999",1840
K0G,"$40,000 to $44,999",1800
K0G,"$45,000 to $49,999",1780
K0G,"$50,000 to $54,999",1520
K0G,"$55,000 to $59,999",1340
K0G,"$60,000 to $69,999",2370
K0G,"$70,000 to $79,999",1970
K0G,"$80,000 to $89,999",1510
K0G,"$90,000 to $99,999",1180
K0G,"$100,000 to $149,999",2390
K0G,"$150,000 to $249,999",750
K0G,"$250,000 and over",220
K0H,"Under $5,000",1950
K0H,"$5,000 to $9,999",1560
K0H,"$10,000 to $14,999",2480
K0H,"$15,000 to $19,999",2590
K0H,"$20,000 to $24,999",2830
K0H,"$25,000 to $29,999",1980
K0H,"$30,000 to $34,999",2040
K0H,"$35,000 to $39,999",2090
K0H,"$40,000 to $44,999",1980
K0H,"$45,000 to $49,999",2100
K0H,"$50,000 to $54,999",1710
K0H,"$55,000 to $59,999",1570
K0H,"$60,000 to $69,999",2790
K0H,"$70,000 to $79,999",2150
K0H,"$80,000 to $89,999",1610
K0H,"$90,000 to $99,999",1350
K0H,"$100,000 to $149,999",2410
K0H,"$150,000 to $249,999",790
K0H,"$250,000 and over",320
K0J,"Under $5,000",1840
K0J,"$5,000 to $9,999",1390
K0J,"$10,000 to $14,999",2180
K0J,"$15,000 to $19,999",2520
K0J,"$20,000 to $24,999",2530
K0J,"$25,000 to $29,999",1590
K0J,"$30,000 to $34,999",1640
K0J,"$35,000 to $39,999",1670
K0J,"$40,000 to $44,999",1560
K0J,"$45,000 to $49,999",1560
K0J,"$50,000 to $54,999",1200
K0J,"$55,000 to $59,999",1070
K0J,"$60,000 to $69,999",1750
K0J,"$70,000 to $79,999",1390
K0J,"$80,000 to $89,999",1050
K0J,"$90,000 to $99,999",790
K0J,"$100,000 to $149,999",1550
K0J,"$150,000 to $249,999",540
K0J,"$250,000 and over",200
K0K,"Under $5,000",6010
K0K,"$5,000 to $9,999",4180
K0K,"$10,000 to $14,999",7260
K0K,"$15,000 to $19,999",7470
K0K,"$20,000 to $24,999",8270
K0K,"$25,000 to $29,999",5540
K0K,"$30,000 to $34,999",5530
K0K,"$35,000 to $39,999",5790
K0K,"$40,000 to $44,999",5520
K0K,"$45,000 to $49,999",5370
K0K,"$50,000 to $54,999",4290
K0K,"$55,000 to $59,999",3710
K0K,"$60,000 to $69,999",5970
K0K,"$70,000 to $79,999",4810
K0K,"$80,000 to $89,999",3410
K0K,"$90,000 to $99,999",2660
K0K,"$100,000 to $149,999",4950
K0K,"$150,000 to $249,999",1560
K0K,"$250,000 and over",550
K0L,"Under $5,000",3700
K0L,"$5,000 to $9,999",2800
K0L,"$10,000 to $14,999",4690
K0L,"$15,000 to $19,999",5330
K0L,"$20,000 to $24,999",5900
K0L,"$25,000 to $29,999",3730
K0L,"$30,000 to $34,999",3580
K0L,"$35,000 to $39,999",3820
K0L,"$40,000 to $44,999",3650
K0L,"$45,000 to $49,999",3440
K0L,"$50,000 to $54,999",2760
K0L,"$55,000 to $59,999",2340
K0L,"$60,000 to $69,999",3790
K0L,"$70,000 to $79,999",2840
K0L,"$80,000 to $89,999",2000
K0L,"$90,000 to $99,999",1650
K0L,"$100,000 to $149,999",3250
K0L,"$150,000 to $249,999",1080
K0L,"$250,000 and over",390
K0M,"Under $5,000",2360
K0M,"$5,000 to $9,999",1920
K0M,"$10,000 to $14,999",3070
K0M,"$15,000 to $19,999",3570
K0M,"$20,000 to $24,999",3980
K0M,"$25,000 to $29,999",2600
K0M,"$30,000 to $34,999",2600
K0M,"$35,000 to $39,999",2710
K0M,"$40,000 to $44,999",2600
K0M,"$45,000 to $49,999",2510
K0M,"$50,000 to $54,999",1960
K0M,"$55,000 to $59,999",1660
K0M,"$60,000 to $69,999",2650
K0M,"$70,000 to $79,999",2100
K0M,"$80,000 to $89,999",1490
K0M,"$90,000 to $99,999",1070
K0M,"$100,000 to $149,999",2210
K0M,"$150,000 to $249,999",710
K0M,"$250,000 and over",290
K1A,"Under $5,000",10
K1A,"$5,000 to $9,999",10
K1A,"$10,000 to $14,999",0
K1A,"$15,000 to $19,999",0
K1A,"$20,000 to $24,999",0
K1A,"$25,000 to $29,999",0
K1A,"$30,000 to $34,999",0
K1A,"$35,000 to $39,999",0
K1A,"$40,000 to $44,999",0
K1A,"$45,000 to $49,999",10
K1A,"$50,000 to $54,999",0
K1A,"$55,000 to $59,999",0
K1A,"$60,000 to $69,999",0
K1A,"$70,000 to $79,999",10
K1A,"$80,000 to $89,999",0
K1A,"$90,000 to $99,999",0
K1A,"$100,000 to $149,999",20
K1A,"$150,000 to $249,999",10
K1A,"$250,000 and over",10
K1B,"Under $5,000",1000
K1B,"$5,000 to $9,999",660
K1B,"$10,000 to $14,999",970
K1B,"$15,000 to $19,999",950
K1B,"$20,000 to $24,999",850
K1B,"$25,000 to $29,999",660
K1B,"$30,000 to $34,999",710
K1B,"$35,000 to $39,999",690
K1B,"$40,000 to $44,999",710
K1B,"$45,000 to $49,999",750
K1B,"$50,000 to $54,999",630
K1B,"$55,000 to $59,999",570
K1B,"$60,000 to $69,999",1070
K1B,"$70,000 to $79,999",880
K1B,"$80,000 to $89,999",690
K1B,"$90,000 to $99,999",520
K1B,"$100,000 to $149,999",1100
K1B,"$150,000 to $249,999",280
K1B,"$250,000 and over",80
K1C,"Under $5,000",1710
K1C,"$5,000 to $9,999",1130
K1C,"$10,000 to $14,999",1660
K1C,"$15,000 to $19,999",1510
K1C,"$20,000 to $24,999",1400
K1C,"$25,000 to $29,999",1240
K1C,"$30,000 to $34,999",1210
K1C,"$35,000 to $39,999",1390
K1C,"$40,000 to $44,999",1370
K1C,"$45,000 to $49,999",1780
K1C,"$50,000 to $54,999",1410
K1C,"$55,000 to $59,999",1400
K1C,"$60,000 to $69,999",2650
K1C,"$70,000 to $79,999",2410
K1C,"$80,000 to $89,999",1930
K1C,"$90,000 to $99,999",1540
K1C,"$100,000 to $149,999",3680
K1C,"$150,000 to $249,999",1080
K1C,"$250,000 and over",330
K1E,"Under $5,000",620
K1E,"$5,000 to $9,999",450
K1E,"$10,000 to $14,999",610
K1E,"$15,000 to $19,999",620
K1E,"$20,000 to $24,999",640
K1E,"$25,000 to $29,999",500
K1E,"$30,000 to $34,999",560
K1E,"$35,000 to $39,999",660
K1E,"$40,000 to $44,999",640
K1E,"$45,000 to $49,999",810
K1E,"$50,000 to $54,999",630
K1E,"$55,000 to $59,999",610
K1E,"$60,000 to $69,999",1170
K1E,"$70,000 to $79,999",950
K1E,"$80,000 to $89,999",750
K1E,"$90,000 to $99,999",590
K1E,"$100,000 to $149,999",1170
K1E,"$150,000 to $249,999",300
K1E,"$250,000 and over",60
K1G,"Under $5,000",3000
K1G,"$5,000 to $9,999",1740
K1G,"$10,000 to $14,999",2170
K1G,"$15,000 to $19,999",2180
K1G,"$20,000 to $24,999",1640
K1G,"$25,000 to $29,999",1340
K1G,"$30,000 to $34,999",1280
K1G,"$35,000 to $39,999",1220
K1G,"$40,000 to $44,999",1240
K1G,"$45,000 to $49,999",1260
K1G,"$50,000 to $54,999",1060
K1G,"$55,000 to $59,999",1010
K1G,"$60,000 to $69,999",1880
K1G,"$70,000 to $79,999",1610
K1G,"$80,000 to $89,999",1310
K1G,"$90,000 to $99,999",1010
K1G,"$100,000 to $149,999",2200
K1G,"$150,000 to $249,999",750
K1G,"$250,000 and over",230
K1H,"Under $5,000",970
K1H,"$5,000 to $9,999",600
K1H,"$10,000 to $14,999",850
K1H,"$15,000 to $19,999",820
K1H,"$20,000 to $24,999",690
K1H,"$25,000 to $29,999",490
K1H,"$30,000 to $34,999",470
K1H,"$35,000 to $39,999",460
K1H,"$40,000 to $44,999",460
K1H,"$45,000 to $49,999",500
K1H,"$50,000 to $54,999",390
K1H,"$55,000 to $59,999",410
K1H,"$60,000 to $69,999",750
K1H,"$70,000 to $79,999",790
K1H,"$80,000 to $89,999",620
K1H,"$90,000 to $99,999",610
K1H,"$100,000 to $149,999",1800
K1H,"$150,000 to $249,999",930
K1H,"$250,000 and over",410
K1J,"Under $5,000",1870
K1J,"$5,000 to $9,999",1100
K1J,"$10,000 to $14,999",1610
K1J,"$15,000 to $19,999",1610
K1J,"$20,000 to $24,999",1390
K1J,"$25,000 to $29,999",1050
K1J,"$30,000 to $34,999",1080
K1J,"$35,000 to $39,999",1050
K1J,"$40,000 to $44,999",1030
K1J,"$45,000 to $49,999",1170
K1J,"$50,000 to $54,999",880
K1J,"$55,000 to $59,999",810
K1J,"$60,000 to $69,999",1440
K1J,"$70,000 to $79,999",1320
K1J,"$80,000 to $89,999",990
K1J,"$90,000 to $99,999",900
K1J,"$100,000 to $149,999",2070
K1J,"$150,000 to $249,999",720
K1J,"$250,000 and over",240
K1K,"Under $5,000",2100
K1K,"$5,000 to $9,999",1610
K1K,"$10,000 to $14,999",2390
K1K,"$15,000 to $19,999",2250
K1K,"$20,000 to $24,999",1880
K1K,"$25,000 to $29,999",1260
K1K,"$30,000 to $34,999",1290
K1K,"$35,000 to $39,999",1230
K1K,"$40,000 to $44,999",1120
K1K,"$45,000 to $49,999",1200
K1K,"$50,000 to $54,999",930
K1K,"$55,000 to $59,999",840
K1K,"$60,000 to $69,999",1520
K1K,"$70,000 to $79,999",1270
K1K,"$80,000 to $89,999",980
K1K,"$90,000 to $99,999",760
K1K,"$100,000 to $149,999",1870
K1K,"$150,000 to $249,999",640
K1K,"$250,000 and over",190
K1L,"Under $5,000",1020
K1L,"$5,000 to $9,999",790
K1L,"$10,000 to $14,999",1240
K1L,"$15,000 to $19,999",1410
K1L,"$20,000 to $24,999",1120
K1L,"$25,000 to $29,999",800
K1L,"$30,000 to $34,999",790
K1L,"$35,000 to $39,999",750
K1L,"$40,000 to $44,999",710
K1L,"$45,000 to $49,999",680
K1L,"$50,000 to $54,999",560
K1L,"$55,000 to $59,999",490
K1L,"$60,000 to $69,999",840
K1L,"$70,000 to $79,999",650
K1L,"$80,000 to $89,999",510
K1L,"$90,000 to $99,999",390
K1L,"$100,000 to $149,999",860
K1L,"$150,000 to $249,999",290
K1L,"$250,000 and over",120
K1M,"Under $5,000",290
K1M,"$5,000 to $9,999",180
K1M,"$10,000 to $14,999",240
K1M,"$15,000 to $19,999",220
K1M,"$20,000 to $24,999",170
K1M,"$25,000 to $29,999",140
K1M,"$30,000 to $34,999",150
K1M,"$35,000 to $39,999",160
K1M,"$40,000 to $44,999",140
K1M,"$45,000 to $49,999",190
K1M,"$50,000 to $54,999",150
K1M,"$55,000 to $59,999",140
K1M,"$60,000 to $69,999",320
K1M,"$70,000 to $79,999",340
K1M,"$80,000 to $89,999",290
K1M,"$90,000 to $99,999",280
K1M,"$100,000 to $149,999",880
K1M,"$150,000 to $249,999",670
K1M,"$250,000 and over",390
K1N,"Under $5,000",2390
K1N,"$5,000 to $9,999",1490
K1N,"$10,000 to $14,999",1820
K1N,"$15,000 to $19,999",1640
K1N,"$20,000 to $24,999",1220
K1N,"$25,000 to $29,999",940
K1N,"$30,000 to $34,999",750
K1N,"$35,000 to $39,999",730
K1N,"$40,000 to $44,999",690
K1N,"$45,000 to $49,999",720
K1N,"$50,000 to $54,999",580
K1N,"$55,000 to $59,999",610
K1N,"$60,000 to $69,999",1210
K1N,"$70,000 to $79,999",1090
K1N,"$80,000 to $89,999",900
K1N,"$90,000 to $99,999",830
K1N,"$100,000 to $149,999",2100
K1N,"$150,000 to $249,999",1010
K1N,"$250,000 and over",270
K1P,"Under $5,000",50
K1P,"$5,000 to $9,999",20
K1P,"$10,000 to $14,999",30
K1P,"$15,000 to $19,999",30
K1P,"$20,000 to $24,999",30
K1P,"$25,000 to $29,999",20
K1P,"$30,000 to $34,999",20
K1P,"$35,000 to $39,999",20
K1P,"$40,000 to $44,999",20
K1P,"$45,000 to $49,999",20
K1P,"$50,000 to $54,999",30
K1P,"$55,000 to $59,999",30
K1P,"$60,000 to $69,999",70
K1P,"$70,000 to $79,999",50
K1P,"$80,000 to $89,999",50
K1P,"$90,000 to $99,999",50
K1P,"$100,000 to $149,999",120
K1P,"$150,000 to $249,999",70
K1P,"$250,000 and over",70
K1R,"Under $5,000",980
K1R,"$5,000 to $9,999",710
K1R,"$10,000 to $14,999",1200
K1R,"$15,000 to $19,999",1290
K1R,"$20,000 to $24,999",860
K1R,"$25,000 to $29,999",650
K1R,"$30,000 to $34,999",570
K1R,"$35,000 to $39,999",570
K1R,"$40,000 to $44,999",560
K1R,"$45,000 to $49,999",530
K1R,"$50,000 to $54,999",500
K1R,"$55,000 to $59,999",510
K1R,"$60,000 to $69,999",1110
K1R,"$70,000 to $79,999",1040
K1R,"$80,000 to $89,999",870
K1R,"$90,000 to $99,999",730
K1R,"$100,000 to $149,999",1720
K1R,"$150,000 to $249,999",560
K1R,"$250,000 and over",190
K1S,"Under $5,000",2100
K1S,"$5,000 to $9,999",1110
K1S,"$10,000 to $14,999",1240
K1S,"$15,000 to $19,999",1160
K1S,"$20,000 to $24,999",960
K1S,"$25,000 to $29,999",740
K1S,"$30,000 to $34,999",740
K1S,"$35,000 to $39,999",700
K1S,"$40,000 to $44,999",750
K1S,"$45,000 to $49,999",700
K1S,"$50,000 to $54,999",700
K1S,"$55,000 to $59,999",710
K1S,"$60,000 to $69,999",1420
K1S,"$70,000 to $79,999",1400
K1S,"$80,000 to $89,999",1210
K1S,"$90,000 to $99,999",1170
K1S,"$100,000 to $149,999",3690
K1S,"$150,000 to $249,999",2150
K1S,"$250,000 and over",1110
K1T,"Under $5,000",3180
K1T,"$5,000 to $9,999",1720
K1T,"$10,000 to $14,999",2250
K1T,"$15,000 to $19,999",2150
K1T,"$20,000 to $24,999",1790
K1T,"$25,000 to $29,999",1390
K1T,"$30,000 to $34,999",1330
K1T,"$35,000 to $39,999",1260
K1T,"$40,000 to $44,999",1130
K1T,"$45,000 to $49,999",1260
K1T,"$50,000 to $54,999",1100
K1T,"$55,000 to $59,999",1030
K1T,"$60,000 to $69,999",1870
K1T,"$70,000 to $79,999",1600
K1T,"$80,000 to $89,999",1360
K1T,"$90,000 to $99,999",1120
K1T,"$100,000 to $149,999",2660
K1T,"$150,000 to $249,999",770
K1T,"$250,000 and over",210
K1V,"Under $5,000",4330
K1V,"$5,000 to $9,999",2690
K1V,"$10,000 to $14,999",3340
K1V,"$15,000 to $19,999",3190
K1V,"$20,000 to $24,999",2680
K1V,"$25,000 to $29,999",1990
K1V,"$30,000 to $34,999",1930
K1V,"$35,000 to $39,999",1830
K1V,"$40,000 to $44,999",1780
K1V,"$45,000 to $49,999",1810
K1V,"$50,000 to $54,999",1510
K1V,"$55,000 to $59,999",1430
K1V,"$60,000 to $69,999",2730
K1V,"$70,000 to $79,999",2470
K1V,"$80,000 to $89,999",1980
K1V,"$90,000 to $99,999",1660
K1V,"$100,000 to $149,999",3900
K1V,"$150,000 to $249,999",1430
K1V,"$250,000 and over",510
K1W,"Under $5,000",640
K1W,"$5,000 to $9,999",400
K1W,"$10,000 to $14,999",450
K1W,"$15,000 to $19,999",520
K1W,"$20,000 to $24,999",390
K1W,"$25,000 to $29,999",340
K1W,"$30,000 to $34,999",280
K1W,"$35,000 to $39,999",330
K1W,"$40,000 to $44,999",340
K1W,"$45,000 to $49,999",400
K1W,"$50,000 to $54,999",350
K1W,"$55,000 to $59,999",350
K1W,"$60,000 to $69,999",740
K1W,"$70,000 to $79,999",660
K1W,"$80,000 to $89,999",650
K1W,"$90,000 to $99,999",550
K1W,"$100,000 to $149,999",1400
K1W,"$150,000 to $249,999",430
K1W,"$250,000 and over",120
K1X,"Under $5,000",190
K1X,"$5,000 to $9,999",100
K1X,"$10,000 to $14,999",120
K1X,"$15,000 to $19,999",120
K1X,"$20,000 to $24,999",110
K1X,"$25,000 to $29,999",100
K1X,"$30,000 to $34,999",80
K1X,"$35,000 to $39,999",80
K1X,"$40,000 to $44,999",80
K1X,"$45,000 to $49,999",90
K1X,"$50,000 to $54,999",80
K1X,"$55,000 to $59,999",70
K1X,"$60,000 to $69,999",170
K1X,"$70,000 to $79,999",150
K1X,"$80,000 to $89,999",140
K1X,"$90,000 to $99,999",140
K1X,"$100,000 to $149,999",290
K1X,"$150,000 to $249,999",80
K1X,"$250,000 and over",20
K1Y,"Under $5,000",760
K1Y,"$5,000 to $9,999",610
K1Y,"$10,000 to $14,999",910
K1Y,"$15,000 to $19,999",910
K1Y,"$20,000 to $24,999",710
K1Y,"$25,000 to $29,999",490
K1Y,"$30,000 to $34,999",520
K1Y,"$35,000 to $39,999",540
K1Y,"$40,000 to $44,999",490
K1Y,"$45,000 to $49,999",580
K1Y,"$50,000 to $54,999",500
K1Y,"$55,000 to $59,999",520
K1Y,"$60,000 to $69,999",1060
K1Y,"$70,000 to $79,999",1140
K1Y,"$80,000 to $89,999",970
K1Y,"$90,000 to $99,999",890
K1Y,"$100,000 to $149,999",2530
K1Y,"$150,000 to $249,999",1100
K1Y,"$250,000 and over",510
K1Z,"Under $5,000",1320
K1Z,"$5,000 to $9,999",1020
K1Z,"$10,000 to $14,999",1520
K1Z,"$15,000 to $19,999",1360
K1Z,"$20,000 to $24,999",1100
K1Z,"$25,000 to $29,999",800
K1Z,"$30,000 to $34,999",780
K1Z,"$35,000 to $39,999",760
K1Z,"$40,000 to $44,999",680
K1Z,"$45,000 to $49,999",710
K1Z,"$50,000 to $54,999",670
K1Z,"$55,000 to $59,999",570
K1Z,"$60,000 to $69,999",1020
K1Z,"$70,000 to $79,999",940
K1Z,"$80,000 to $89,999",790
K1Z,"$90,000 to $99,999",700
K1Z,"$100,000 to $149,999",1770
K1Z,"$150,000 to $249,999",680
K1Z,"$250,000 and over",290
K2A,"Under $5,000",800
K2A,"$5,000 to $9,999",560
K2A,"$10,000 to $14,999",750
K2A,"$15,000 to $19,999",780
K2A,"$20,000 to $24,999",690
K2A,"$25,000 to $29,999",520
K2A,"$30,000 to $34,999",480
K2A,"$35,000 to $39,999",510
K2A,"$40,000 to $44,999",530
K2A,"$45,000 to $49,999",540
K2A,"$50,000 to $54,999",450
K2A,"$55,000 to $59,999",480
K2A,"$60,000 to $69,999",910
K2A,"$70,000 to $79,999",870
K2A,"$80,000 to $89,999",720
K2A,"$90,000 to $99,999",640
K2A,"$100,000 to $149,999",2010
K2A,"$150,000 to $249,999",1110
K2A,"$250,000 and over",570
K2B,"Under $5,000",2620
K2B,"$5,000 to $9,999",1500
K2B,"$10,000 to $14,999",2180
K2B,"$15,000 to $19,999",2250
K2B,"$20,000 to $24,999",2070
K2B,"$25,000 to $29,999",1430
K2B,"$30,000 to $34,999",1420
K2B,"$35,000 to $39,999",1440
K2B,"$40,000 to $44,999",1340
K2B,"$45,000 to $49,999",1270
K2B,"$50,000 to $54,999",1010
K2B,"$55,000 to $59,999",900
K2B,"$60,000 to $69,999",1580
K2B,"$70,000 to $79,999",1280
K2B,"$80,000 to $89,999",950
K2B,"$90,000 to $99,999",790
K2B,"$100,000 to $149,999",1690
K2B,"$150,000 to $249,999",520
K2B,"$250,000 and over",180
K2C,"Under $5,000",1990
K2C,"$5,000 to $9,999",1190
K2C,"$10,000 to $14,999",1600
K2C,"$15,000 to $19,999",1620
K2C,"$20,000 to $24,999",1480
K2C,"$25,000 to $29,999",1180
K2C,"$30,000 to $34,999",1180
K2C,"$35,000 to $39,999",1100
K2C,"$40,000 to $44,999",1050
K2C,"$45,000 to $49,999",1060
K2C,"$50,000 to $54,999",890
K2C,"$55,000 to $59,999",870
K2C,"$60,000 to $69,999",1430
K2C,"$70,000 to $79,999",1260
K2C,"$80,000 to $89,999",1030
K2C,"$90,000 to $99,999",890
K2C,"$100,000 to $149,999",2130
K2C,"$150,000 to $249,999",700
K2C,"$250,000 and over",240
K2E,"Under $5,000",1520
K2E,"$5,000 to $9,999",800
K2E,"$10,000 to $14,999",1190
K2E,"$15,000 to $19,999",1190
K2E,"$20,000 to $24,999",1140
K2E,"$25,000 to $29,999",840
K2E,"$30,000 to $34,999",780
K2E,"$35,000 to $39,999",770
K2E,"$40,000 to $44,999",720
K2E,"$45,000 to $49,999",750
K2E,"$50,000 to $54,999",650
K2E,"$55,000 to $59,999",570
K2E,"$60,000 to $69,999",1000
K2E,"$70,000 to $79,999",950
K2E,"$80,000 to $89,999",750
K2E,"$90,000 to $99,999",630
K2E,"$100,000 to $149,999",1390
K2E,"$150,000 to $249,999",560
K2E,"$250,000 and over",170
K2G,"Under $5,000",3750
K2G,"$5,000 to $9,999",2090
K2G,"$10,000 to $14,999",2760
K2G,"$15,000 to $19,999",2730
K2G,"$20,000 to $24,999",2420
K2G,"$25,000 to $29,999",1880
K2G,"$30,000 to $34,999",1770
K2G,"$35,000 to $39,999",1750
K2G,"$40,000 to $44,999",1670
K2G,"$45,000 to $49,999",1800
K2G,"$50,000 to $54,999",1530
K2G,"$55,000 to $59,999",1390
K2G,"$60,000 to $69,999",2700
K2G,"$70,000 to $79,999",2360
K2G,"$80,000 to $89,999",1970
K2G,"$90,000 to $99,999",1770
K2G,"$100,000 to $149,999",4440
K2G,"$150,000 to $249,999",1480
K2G,"$250,000 and over",520
K2H,"Under $5,000",1290
K2H,"$5,000 to $9,999",890
K2H,"$10,000 to $14,999",1290
K2H,"$15,000 to $19,999",1240
K2H,"$20,000 to $24,999",1190
K2H,"$25,000 to $29,999",940
K2H,"$30,000 to $34,999",970
K2H,"$35,000 to $39,999",950
K2H,"$40,000 to $44,999",1040
K2H,"$45,000 to $49,999",1160
K2H,"$50,000 to $54,999",900
K2H,"$55,000 to $59,999",890
K2H,"$60,000 to $69,999",1580
K2H,"$70,000 to $79,999",1390
K2H,"$80,000 to $89,999",1170
K2H,"$90,000 to $99,999",970
K2H,"$100,000 to $149,999",2300
K2H,"$150,000 to $249,999",860
K2H,"$250,000 and over",330
K2J,"Under $5,000",5330
K2J,"$5,000 to $9,999",2960
K2J,"$10,000 to $14,999",3490
K2J,"$15,000 to $19,999",3310
K2J,"$20,000 to $24,999",2780
K2J,"$25,000 to $29,999",2190
K2J,"$30,000 to $34,999",2260
K2J,"$35,000 to $39,999",2310
K2J,"$40,000 to $44,999",2320
K2J,"$45,000 to $49,999",2670
K2J,"$50,000 to $54,999",2350
K2J,"$55,000 to $59,999",2240
K2J,"$60,000 to $69,999",4330
K2J,"$70,000 to $79,999",3900
K2J,"$80,000 to $89,999",3510
K2J,"$90,000 to $99,999",3000
K2J,"$100,000 to $149,999",7010
K2J,"$150,000 to $249,999",2030
K2J,"$250,000 and over",560
K2K,"Under $5,000",1600
K2K,"$5,000 to $9,999",920
K2K,"$10,000 to $14,999",1080
K2K,"$15,000 to $19,999",1100
K2K,"$20,000 to $24,999",850
K2K,"$25,000 to $29,999",700
K2K,"$30,000 to $34,999",700
K2K,"$35,000 to $39,999",780
K2K,"$40,000 to $44,999",780
K2K,"$45,000 to $49,999",890
K2K,"$50,000 to $54,999",680
K2K,"$55,000 to $59,999",720
K2K,"$60,000 to $69,999",1320
K2K,"$70,000 to $79,999",1260
K2K,"$80,000 to $89,999",1090
K2K,"$90,000 to $99,999",940
K2K,"$100,000 to $149,999",2670
K2K,"$150,000 to $249,999",1150
K2K,"$250,000 and over",440
K2L,"Under $5,000",920
K2L,"$5,000 to $9,999",620
K2L,"$10,000 to $14,999",990
K2L,"$15,000 to $19,999",900
K2L,"$20,000 to $24,999",900
K2L,"$25,000 to $29,999",720
K2L,"$30,000 to $34,999",710
K2L,"$35,000 to $39,999",730
K2L,"$40,000 to $44,999",790
K2L,"$45,000 to $49,999",880
K2L,"$50,000 to $54,999",690
K2L,"$55,000 to $59,999",670
K2L,"$60,000 to $69,999",1250
K2L,"$70,000 to $79,999",1030
K2L,"$80,000 to $89,999",800
K2L,"$90,000 to $99,999",670
K2L,"$100,000 to $149,999",1410
K2L,"$150,000 to $249,999",400
K2L,"$250,000 and over",120
K2M,"Under $5,000",1710
K2M,"$5,000 to $9,999",1040
K2M,"$10,000 to $14,999",1210
K2M,"$15,000 to $19,999",1130
K2M,"$20,000 to $24,999",910
K2M,"$25,000 to $29,999",780
K2M,"$30,000 to $34,999",810
K2M,"$35,000 to $39,999",820
K2M,"$40,000 to $44,999",890
K2M,"$45,000 to $49,999",1020
K2M,"$50,000 to $54,999",810
K2M,"$55,000 to $59,999",850
K2M,"$60,000 to $69,999",1690
K2M,"$70,000 to $79,999",1530
K2M,"$80,000 to $89,999",1340
K2M,"$90,000 to $99,999",1230
K2M,"$100,000 to $149,999",3110
K2M,"$150,000 to $249,999",1050
K2M,"$250,000 and over",290
K2P,"Under $5,000",860
K2P,"$5,000 to $9,999",670
K2P,"$10,000 to $14,999",1000
K2P,"$15,000 to $19,999",990
K2P,"$20,000 to $24,999",760
K2P,"$25,000 to $29,999",540
K2P,"$30,000 to $34,999",540
K2P,"$35,000 to $39,999",520
K2P,"$40,000 to $44,999",490
K2P,"$45,000 to $49,999",580
K2P,"$50,000 to $54,999",610
K2P,"$55,000 to $59,999",580
K2P,"$60,000 to $69,999",1180
K2P,"$70,000 to $79,999",1080
K2P,"$80,000 to $89,999",860
K2P,"$90,000 to $99,999",660
K2P,"$100,000 to $149,999",1660
K2P,"$150,000 to $249,999",640
K2P,"$250,000 and over",260
K2R,"Under $5,000",70
K2R,"$5,000 to $9,999",50
K2R,"$10,000 to $14,999",60
K2R,"$15,000 to $19,999",50
K2R,"$20,000 to $24,999",50
K2R,"$25,000 to $29,999",40
K2R,"$30,000 to $34,999",30
K2R,"$35,000 to $39,999",40
K2R,"$40,000 to $44,999",40
K2R,"$45,000 to $49,999",40
K2R,"$50,000 to $54,999",40
K2R,"$55,000 to $59,999",40
K2R,"$60,000 to $69,999",50
K2R,"$70,000 to $79,999",60
K2R,"$80,000 to $89,999",60
K2R,"$90,000 to $99,999",50
K2R,"$100,000 to $149,999",120
K2R,"$150,000 to $249,999",100
K2R,"$250,000 and over",80
K2S,"Under $5,000",1720
K2S,"$5,000 to $9,999",1220
K2S,"$10,000 to $14,999",1400
K2S,"$15,000 to $19,999",1400
K2S,"$20,000 to $24,999",1240
K2S,"$25,000 to $29,999",1000
K2S,"$30,000 to $34,999",1040
K2S,"$35,000 to $39,999",1060
K2S,"$40,000 to $44,999",1040
K2S,"$45,000 to $49,999",1250
K2S,"$50,000 to $54,999",1050
K2S,"$55,000 to $59,999",1040
K2S,"$60,000 to $69,999",2020
K2S,"$70,000 to $79,999",1810
K2S,"$80,000 to $89,999",1640
K2S,"$90,000 to $99,999",1620
K2S,"$100,000 to $149,999",4210
K2S,"$150,000 to $249,999",1580
K2S,"$250,000 and over",530
K2T,"Under $5,000",960
K2T,"$5,000 to $9,999",500
K2T,"$10,000 to $14,999",530
K2T,"$15,000 to $19,999",480
K2T,"$20,000 to $24,999",340
K2T,"$25,000 to $29,999",230
K2T,"$30,000 to $34,999",260
K2T,"$35,000 to $39,999",240
K2T,"$40,000 to $44,999",220
K2T,"$45,000 to $49,999",220
K2T,"$50,000 to $54,999",230
K2T,"$55,000 to $59,999",220
K2T,"$60,000 to $69,999",490
K2T,"$70,000 to $79,999",460
K2T,"$80,000 to $89,999",440
K2T,"$90,000 to $99,999",440
K2T,"$100,000 to $149,999",1510
K2T,"$150,000 to $249,999",560
K2T,"$250,000 and over",190
K2V,"Under $5,000",450
K2V,"$5,000 to $9,999",190
K2V,"$10,000 to $14,999",230
K2V,"$15,000 to $19,999",200
K2V,"$20,000 to $24,999",210
K2V,"$25,000 to $29,999",160
K2V,"$30,000 to $34,999",170
K2V,"$35,000 to $39,999",150
K2V,"$40,000 to $44,999",180
K2V,"$45,000 to $49,999",230
K2V,"$50,000 to $54,999",190
K2V,"$55,000 to $59,999",200
K2V,"$60,000 to $69,999",330
K2V,"$70,000 to $79,999",300
K2V,"$80,000 to $89,999",330
K2V,"$90,000 to $99,999",270
K2V,"$100,000 to $149,999",640
K2V,"$150,000 to $249,999",180
K2V,"$250,000 and over",40
K2W,"Under $5,000",650
K2W,"$5,000 to $9,999",360
K2W,"$10,000 to $14,999",360
K2W,"$15,000 to $19,999",340
K2W,"$20,000 to $24,999",250
K2W,"$25,000 to $29,999",190
K2W,"$30,000 to $34,999",200
K2W,"$35,000 to $39,999",200
K2W,"$40,000 to $44,999",180
K2W,"$45,000 to $49,999",210
K2W,"$50,000 to $54,999",200
K2W,"$55,000 to $59,999",210
K2W,"$60,000 to $69,999",340
K2W,"$70,000 to $79,999",320
K2W,"$80,000 to $89,999",320
K2W,"$90,000 to $99,999",310
K2W,"$100,000 to $149,999",1050
K2W,"$150,000 to $249,999",460
K2W,"$250,000 and over",200
K4A,"Under $5,000",3090
K4A,"$5,000 to $9,999",1990
K4A,"$10,000 to $14,999",2450
K4A,"$15,000 to $19,999",2280
K4A,"$20,000 to $24,999",1990
K4A,"$25,000 to $29,999",1700
K4A,"$30,000 to $34,999",1670
K4A,"$35,000 to $39,999",1750
K4A,"$40,000 to $44,999",1790
K4A,"$45,000 to $49,999",2230
K4A,"$50,000 to $54,999",1800
K4A,"$55,000 to $59,999",1860
K4A,"$60,000 to $69,999",3910
K4A,"$70,000 to $79,999",3490
K4A,"$80,000 to $89,999",2980
K4A,"$90,000 to $99,999",2680
K4A,"$100,000 to $149,999",6120
K4A,"$150,000 to $249,999",1650
K4A,"$250,000 and over",390
K4B,"Under $5,000",210
K4B,"$5,000 to $9,999",160
K4B,"$10,000 to $14,999",200
K4B,"$15,000 to $19,999",230
K4B,"$20,000 to $24,999",220
K4B,"$25,000 to $29,999",170
K4B,"$30,000 to $34,999",150
K4B,"$35,000 to $39,999",180
K4B,"$40,000 to $44,999",170
K4B,"$45,000 to $49,999",210
K4B,"$50,000 to $54,999",170
K4B,"$55,000 to $59,999",160
K4B,"$60,000 to $69,999",300
K4B,"$70,000 to $79,999",310
K4B,"$80,000 to $89,999",220
K4B,"$90,000 to $99,999",210
K4B,"$100,000 to $149,999",450
K4B,"$150,000 to $249,999",150
K4B,"$250,000 and over",70
K4C,"Under $5,000",180
K4C,"$5,000 to $9,999",120
K4C,"$10,000 to $14,999",240
K4C,"$15,000 to $19,999",210
K4C,"$20,000 to $24,999",160
K4C,"$25,000 to $29,999",140
K4C,"$30,000 to $34,999",130
K4C,"$35,000 to $39,999",140
K4C,"$40,000 to $44,999",160
K4C,"$45,000 to $49,999",180
K4C,"$50,000 to $54,999",160
K4C,"$55,000 to $59,999",140
K4C,"$60,000 to $69,999",270
K4C,"$70,000 to $79,999",250
K4C,"$80,000 to $89,999",230
K4C,"$90,000 to $99,999",200
K4C,"$100,000 to $149,999",500
K4C,"$150,000 to $249,999",230
K4C,"$250,000 and over",100
K4K,"Under $5,000",600
K4K,"$5,000 to $9,999",440
K4K,"$10,000 to $14,999",700
K4K,"$15,000 to $19,999",780
K4K,"$20,000 to $24,999",870
K4K,"$25,000 to $29,999",690
K4K,"$30,000 to $34,999",630
K4K,"$35,000 to $39,999",660
K4K,"$40,000 to $44,999",720
K4K,"$45,000 to $49,999",760
K4K,"$50,000 to $54,999",660
K4K,"$55,000 to $59,999",640
K4K,"$60,000 to $69,999",1150
K4K,"$70,000 to $79,999",970
K4K,"$80,000 to $89,999",700
K4K,"$90,000 to $99,999",590
K4K,"$100,000 to $149,999",1110
K4K,"$150,000 to $249,999",250
K4K,"$250,000 and over",70
K4M,"Under $5,000",620
K4M,"$5,000 to $9,999",410
K4M,"$10,000 to $14,999",470
K4M,"$15,000 to $19,999",440
K4M,"$20,000 to $24,999",430
K4M,"$25,000 to $29,999",330
K4M,"$30,000 to $34,999",320
K4M,"$35,000 to $39,999",390
K4M,"$40,000 to $44,999",370
K4M,"$45,000 to $49,999",440
K4M,"$50,000 to $54,999",390
K4M,"$55,000 to $59,999",330
K4M,"$60,000 to $69,999",740
K4M,"$70,000 to $79,999",740
K4M,"$80,000 to $89,999",600
K4M,"$90,000 to $99,999",590
K4M,"$100,000 to $149,999",1570
K4M,"$150,000 to $249,999",780
K4M,"$250,000 and over",440
K4P,"Under $5,000",440
K4P,"$5,000 to $9,999",320
K4P,"$10,000 to $14,999",420
K4P,"$15,000 to $19,999",370
K4P,"$20,000 to $24,999",370
K4P,"$25,000 to $29,999",310
K4P,"$30,000 to $34,999",290
K4P,"$35,000 to $39,999",300
K4P,"$40,000 to $44,999",300
K4P,"$45,000 to $49,999",360
K4P,"$50,000 to $54,999",300
K4P,"$55,000 to $59,999",260
K4P,"$60,000 to $69,999",540
K4P,"$70,000 to $79,999",510
K4P,"$80,000 to $89,999",460
K4P,"$90,000 to $99,999",450
K4P,"$100,000 to $149,999",1230
K4P,"$150,000 to $249,999",530
K4P,"$250,000 and over",200
K4R,"Under $5,000",280
K4R,"$5,000 to $9,999",240
K4R,"$10,000 to $14,999",320
K4R,"$15,000 to $19,999",320
K4R,"$20,000 to $24,999",340
K4R,"$25,000 to $29,999",240
K4R,"$30,000 to $34,999",240
K4R,"$35,000 to $39,999",300
K4R,"$40,000 to $44,999",300
K4R,"$45,000 to $49,999",310
K4R,"$50,000 to $54,999",290
K4R,"$55,000 to $59,999",290
K4R,"$60,000 to $69,999",510
K4R,"$70,000 to $79,999",560
K4R,"$80,000 to $89,999",410
K4R,"$90,000 to $99,999",360
K4R,"$100,000 to $149,999",800
K4R,"$150,000 to $249,999",190
K4R,"$250,000 and over",50
K6A,"Under $5,000",600
K6A,"$5,000 to $9,999",500
K6A,"$10,000 to $14,999",1100
K6A,"$15,000 to $19,999",1330
K6A,"$20,000 to $24,999",1300
K6A,"$25,000 to $29,999",780
K6A,"$30,000 to $34,999",680
K6A,"$35,000 to $39,999",710
K6A,"$40,000 to $44,999",570
K6A,"$45,000 to $49,999",550
K6A,"$50,000 to $54,999",400
K6A,"$55,000 to $59,999",360
K6A,"$60,000 to $69,999",610
K6A,"$70,000 to $79,999",430
K6A,"$80,000 to $89,999",280
K6A,"$90,000 to $99,999",220
K6A,"$100,000 to $149,999",340
K6A,"$150,000 to $249,999",90
K6A,"$250,000 and over",50
K6H,"Under $5,000",2680
K6H,"$5,000 to $9,999",1390
K6H,"$10,000 to $14,999",2470
K6H,"$15,000 to $19,999",2640
K6H,"$20,000 to $24,999",2600
K6H,"$25,000 to $29,999",1660
K6H,"$30,000 to $34,999",1660
K6H,"$35,000 to $39,999",1620
K6H,"$40,000 to $44,999",1460
K6H,"$45,000 to $49,999",1360
K6H,"$50,000 to $54,999",950
K6H,"$55,000 to $59,999",840
K6H,"$60,000 to $69,999",1310
K6H,"$70,000 to $79,999",940
K6H,"$80,000 to $89,999",610
K6H,"$90,000 to $99,999",480
K6H,"$100,000 to $149,999",820
K6H,"$150,000 to $249,999",250
K6H,"$250,000 and over",100
K6J,"Under $5,000",1050
K6J,"$5,000 to $9,999",680
K6J,"$10,000 to $14,999",1400
K6J,"$15,000 to $19,999",1480
K6J,"$20,000 to $24,999",1640
K6J,"$25,000 to $29,999",1020
K6J,"$30,000 to $34,999",1020
K6J,"$35,000 to $39,999",930
K6J,"$40,000 to $44,999",860
K6J,"$45,000 to $49,999",830
K6J,"$50,000 to $54,999",610
K6J,"$55,000 to $59,999",480
K6J,"$60,000 to $69,999",750
K6J,"$70,000 to $79,999",510
K6J,"$80,000 to $89,999",310
K6J,"$90,000 to $99,999",240
K6J,"$100,000 to $149,999",410
K6J,"$150,000 to $249,999",100
K6J,"$250,000 and over",40
K6K,"Under $5,000",150
K6K,"$5,000 to $9,999",90
K6K,"$10,000 to $14,999",210
K6K,"$15,000 to $19,999",190
K6K,"$20,000 to $24,999",240
K6K,"$25,000 to $29,999",170
K6K,"$30,000 to $34,999",160
K6K,"$35,000 to $39,999",190
K6K,"$40,000 to $44,999",180
K6K,"$45,000 to $49,999",190
K6K,"$50,000 to $54,999",130
K6K,"$55,000 to $59,999",120
K6K,"$60,000 to $69,999",210
K6K,"$70,000 to $79,999",140
K6K,"$80,000 to $89,999",90
K6K,"$90,000 to $99,999",60
K6K,"$100,000 to $149,999",130
K6K,"$150,000 to $249,999",20
K6K,"$250,000 and over",20
K6T,"Under $5,000",20
K6T,"$5,000 to $9,999",30
K6T,"$10,000 to $14,999",30
K6T,"$15,000 to $19,999",30
K6T,"$20,000 to $24,999",40
K6T,"$25,000 to $29,999",30
K6T,"$30,000 to $34,999",40
K6T,"$35,000 to $39,999",30
K6T,"$40,000 to $44,999",20
K6T,"$45,000 to $49,999",30
K6T,"$50,000 to $54,999",30
K6T,"$55,000 to $59,999",20
K6T,"$60,000 to $69,999",40
K6T,"$70,000 to $79,999",30
K6T,"$80,000 to $89,999",30
K6T,"$90,000 to $99,999",30
K6T,"$100,000 to $149,999",40
K6T,"$150,000 to $249,999",10
K6T,"$250,000 and over",0
K6V,"Under $5,000",1220
K6V,"$5,000 to $9,999",1060
K6V,"$10,000 to $14,999",1850
K6V,"$15,000 to $19,999",2090
K6V,"$20,000 to $24,999",2090
K6V,"$25,000 to $29,999",1510
K6V,"$30,000 to $34,999",1490
K6V,"$35,000 to $39,999",1500
K6V,"$40,000 to $44,999",1360
K6V,"$45,000 to $49,999",1360
K6V,"$50,000 to $54,999",1060
K6V,"$55,000 to $59,999",810
K6V,"$60,000 to $69,999",1340
K6V,"$70,000 to $79,999",1110
K6V,"$80,000 to $89,999",730
K6V,"$90,000 to $99,999",630
K6V,"$100,000 to $149,999",1220
K6V,"$150,000 to $249,999",420
K6V,"$250,000 and over",180
K7A,"Under $5,000",720
K7A,"$5,000 to $9,999",590
K7A,"$10,000 to $14,999",1200
K7A,"$15,000 to $19,999",1140
K7A,"$20,000 to $24,999",1220
K7A,"$25,000 to $29,999",860
K7A,"$30,000 to $34,999",920
K7A,"$35,000 to $39,999",890
K7A,"$40,000 to $44,999",880
K7A,"$45,000 to $49,999",780
K7A,"$50,000 to $54,999",600
K7A,"$55,000 to $59,999",550
K7A,"$60,000 to $69,999",850
K7A,"$70,000 to $79,999",650
K7A,"$80,000 to $89,999",490
K7A,"$90,000 to $99,999",360
K7A,"$100,000 to $149,999",630
K7A,"$150,000 to $249,999",180
K7A,"$250,000 and over",40
K7C,"Under $5,000",660
K7C,"$5,000 to $9,999",610
K7C,"$10,000 to $14,999",930
K7C,"$15,000 to $19,999",970
K7C,"$20,000 to $24,999",1000
K7C,"$25,000 to $29,999",760
K7C,"$30,000 to $34,999",850
K7C,"$35,000 to $39,999",780
K7C,"$40,000 to $44,999",820
K7C,"$45,000 to $49,999",890
K7C,"$50,000 to $54,999",730
K7C,"$55,000 to $59,999",630
K7C,"$60,000 to $69,999",1180
K7C,"$70,000 to $79,999",970
K7C,"$80,000 to $89,999",770
K7C,"$90,000 to $99,999",620
K7C,"$100,000 to $149,999",1290
K7C,"$150,000 to $249,999",420
K7C,"$250,000 and over",120
K7G,"Under $5,000",340
K7G,"$5,000 to $9,999",350
K7G,"$10,000 to $14,999",460
K7G,"$15,000 to $19,999",540
K7G,"$20,000 to $24,999",600
K7G,"$25,000 to $29,999",430
K7G,"$30,000 to $34,999",470
K7G,"$35,000 to $39,999",490
K7G,"$40,000 to $44,999",450
K7G,"$45,000 to $49,999",420
K7G,"$50,000 to $54,999",340
K7G,"$55,000 to $59,999",280
K7G,"$60,000 to $69,999",500
K7G,"$70,000 to $79,999",380
K7G,"$80,000 to $89,999",260
K7G,"$90,000 to $99,999",230
K7G,"$100,000 to $149,999",430
K7G,"$150,000 to $249,999",160
K7G,"$250,000 and over",80
K7H,"Under $5,000",620
K7H,"$5,000 to $9,999",550
K7H,"$10,000 to $14,999",920
K7H,"$15,000 to $19,999",960
K7H,"$20,000 to $24,999",1030
K7H,"$25,000 to $29,999",750
K7H,"$30,000 to $34,999",780
K7H,"$35,000 to $39,999",830
K7H,"$40,000 to $44,999",750
K7H,"$45,000 to $49,999",830
K7H,"$50,000 to $54,999",640
K7H,"$55,000 to $59,999",570
K7H,"$60,000 to $69,999",1000
K7H,"$70,000 to $79,999",780
K7H,"$80,000 to $89,999",540
K7H,"$90,000 to $99,999",460
K7H,"$100,000 to $149,999",840
K7H,"$150,000 to $249,999",280
K7H,"$250,000 and over",110
K7K,"Under $5,000",2000
K7K,"$5,000 to $9,999",1430
K7K,"$10,000 to $14,999",2390
K7K,"$15,000 to $19,999",2190
K7K,"$20,000 to $24,999",2030
K7K,"$25,000 to $29,999",1480
K7K,"$30,000 to $34,999",1420
K7K,"$35,000 to $39,999",1340
K7K,"$40,000 to $44,999",1230
K7K,"$45,000 to $49,999",1200
K7K,"$50,000 to $54,999",950
K7K,"$55,000 to $59,999",790
K7K,"$60,000 to $69,999",1580
K7K,"$70,000 to $79,999",1250
K7K,"$80,000 to $89,999",900
K7K,"$90,000 to $99,999",720
K7K,"$100,000 to $149,999",1370
K7K,"$150,000 to $249,999",490
K7K,"$250,000 and over",170
K7L,"Under $5,000",1360
K7L,"$5,000 to $9,999",710
K7L,"$10,000 to $14,999",960
K7L,"$15,000 to $19,999",920
K7L,"$20,000 to $24,999",830
K7L,"$25,000 to $29,999",620
K7L,"$30,000 to $34,999",630
K7L,"$35,000 to $39,999",620
K7L,"$40,000 to $44,999",620
K7L,"$45,000 to $49,999",630
K7L,"$50,000 to $54,999",540
K7L,"$55,000 to $59,999",500
K7L,"$60,000 to $69,999",900
K7L,"$70,000 to $79,999",830
K7L,"$80,000 to $89,999",600
K7L,"$90,000 to $99,999",530
K7L,"$100,000 to $149,999",1230
K7L,"$150,000 to $249,999",820
K7L,"$250,000 and over",420
K7M,"Under $5,000",2520
K7M,"$5,000 to $9,999",1860
K7M,"$10,000 to $14,999",2880
K7M,"$15,000 to $19,999",2820
K7M,"$20,000 to $24,999",2920
K7M,"$25,000 to $29,999",2160
K7M,"$30,000 to $34,999",2240
K7M,"$35,000 to $39,999",2230
K7M,"$40,000 to $44,999",2250
K7M,"$45,000 to $49,999",2230
K7M,"$50,000 to $54,999",1740
K7M,"$55,000 to $59,999",1480
K7M,"$60,000 to $69,999",2680
K7M,"$70,000 to $79,999",2130
K7M,"$80,000 to $89,999",1540
K7M,"$90,000 to $99,999",1330
K7M,"$100,000 to $149,999",2410
K7M,"$150,000 to $249,999",870
K7M,"$250,000 and over",310
K7N,"Under $5,000",310
K7N,"$5,000 to $9,999",220
K7N,"$10,000 to $14,999",390
K7N,"$15,000 to $19,999",380
K7N,"$20,000 to $24,999",430
K7N,"$25,000 to $29,999",360
K7N,"$30,000 to $34,999",370
K7N,"$35,000 to $39,999",450
K7N,"$40,000 to $44,999",410
K7N,"$45,000 to $49,999",380
K7N,"$50,000 to $54,999",340
K7N,"$55,000 to $59,999",320
K7N,"$60,000 to $69,999",530
K7N,"$70,000 to $79,999",390
K7N,"$80,000 to $89,999",290
K7N,"$90,000 to $99,999",250
K7N,"$100,000 to $149,999",360
K7N,"$150,000 to $249,999",80
K7N,"$250,000 and over",20
K7P,"Under $5,000",1170
K7P,"$5,000 to $9,999",830
K7P,"$10,000 to $14,999",1110
K7P,"$15,000 to $19,999",1040
K7P,"$20,000 to $24,999",1160
K7P,"$25,000 to $29,999",810
K7P,"$30,000 to $34,999",900
K7P,"$35,000 to $39,999",970
K7P,"$40,000 to $44,999",1020
K7P,"$45,000 to $49,999",1140
K7P,"$50,000 to $54,999",890
K7P,"$55,000 to $59,999",800
K7P,"$60,000 to $69,999",1470
K7P,"$70,000 to $79,999",1340
K7P,"$80,000 to $89,999",960
K7P,"$90,000 to $99,999",870
K7P,"$100,000 to $149,999",1670
K7P,"$150,000 to $249,999",570
K7P,"$250,000 and over",200
K7R,"Under $5,000",680
K7R,"$5,000 to $9,999",490
K7R,"$10,000 to $14,999",1030
K7R,"$15,000 to $19,999",1020
K7R,"$20,000 to $24,999",1140
K7R,"$25,000 to $29,999",730
K7R,"$30,000 to $34,999",730
K7R,"$35,000 to $39,999",760
K7R,"$40,000 to $44,999",720
K7R,"$45,000 to $49,999",710
K7R,"$50,000 to $54,999",540
K7R,"$55,000 to $59,999",460
K7R,"$60,000 to $69,999",730
K7R,"$70,000 to $79,999",640
K7R,"$80,000 to $89,999",440
K7R,"$90,000 to $99,999",360
K7R,"$100,000 to $149,999",620
K7R,"$150,000 to $249,999",180
K7R,"$250,000 and over",40
K7S,"Under $5,000",560
K7S,"$5,000 to $9,999",470
K7S,"$10,000 to $14,999",800
K7S,"$15,000 to $19,999",830
K7S,"$20,000 to $24,999",970
K7S,"$25,000 to $29,999",660
K7S,"$30,000 to $34,999",600
K7S,"$35,000 to $39,999",680
K7S,"$40,000 to $44,999",680
K7S,"$45,000 to $49,999",720
K7S,"$50,000 to $54,999",490
K7S,"$55,000 to $59,999",410
K7S,"$60,000 to $69,999",800
K7S,"$70,000 to $79,999",710
K7S,"$80,000 to $89,999",470
K7S,"$90,000 to $99,999",400
K7S,"$100,000 to $149,999",710
K7S,"$150,000 to $249,999",200
K7S,"$250,000 and over",60
K7V,"Under $5,000",540
K7V,"$5,000 to $9,999",540
K7V,"$10,000 to $14,999",970
K7V,"$15,000 to $19,999",980
K7V,"$20,000 to $24,999",1120
K7V,"$25,000 to $29,999",740
K7V,"$30,000 to $34,999",730
K7V,"$35,000 to $39,999",710
K7V,"$40,000 to $44,999",630
K7V,"$45,000 to $49,999",660
K7V,"$50,000 to $54,999",530
K7V,"$55,000 to $59,999",470
K7V,"$60,000 to $69,999",700
K7V,"$70,000 to $79,999",540
K7V,"$80,000 to $89,999",390
K7V,"$90,000 to $99,999",310
K7V,"$100,000 to $149,999",530
K7V,"$150,000 to $249,999",140
K7V,"$250,000 and over",40
K8A,"Under $5,000",1180
K8A,"$5,000 to $9,999",990
K8A,"$10,000 to $14,999",1770
K8A,"$15,000 to $19,999",1880
K8A,"$20,000 to $24,999",1960
K8A,"$25,000 to $29,999",1280
K8A,"$30,000 to $34,999",1310
K8A,"$35,000 to $39,999",1170
K8A,"$40,000 to $44,999",1230
K8A,"$45,000 to $49,999",1170
K8A,"$50,000 to $54,999",940
K8A,"$55,000 to $59,999",870
K8A,"$60,000 to $69,999",1390
K8A,"$70,000 to $79,999",1150
K8A,"$80,000 to $89,999",870
K8A,"$90,000 to $99,999",600
K8A,"$100,000 to $149,999",1070
K8A,"$150,000 to $249,999",360
K8A,"$250,000 and over",170
K8B,"Under $5,000",20
K8B,"$5,000 to $9,999",20
K8B,"$10,000 to $14,999",20
K8B,"$15,000 to $19,999",20
K8B,"$20,000 to $24,999",20
K8B,"$25,000 to $29,999",20
K8B,"$30,000 to $34,999",20
K8B,"$35,000 to $39,999",10
K8B,"$40,000 to $44,999",10
K8B,"$45,000 to $49,999",20
K8B,"$50,000 to $54,999",10
K8B,"$55,000 to $59,999",20
K8B,"$60,000 to $69,999",30
K8B,"$70,000 to $79,999",20
K8B,"$80,000 to $89,999",30
K8B,"$90,000 to $99,999",20
K8B,"$100,000 to $149,999",40
K8B,"$150,000 to $249,999",10
K8B,"$250,000 and over",10
K8H,"Under $5,000",690
K8H,"$5,000 to $9,999",400
K8H,"$10,000 to $14,999",520
K8H,"$15,000 to $19,999",540
K8H,"$20,000 to $24,999",550
K8H,"$25,000 to $29,999",430
K8H,"$30,000 to $34,999",450
K8H,"$35,000 to $39,999",460
K8H,"$40,000 to $44,999",380
K8H,"$45,000 to $49,999",460
K8H,"$50,000 to $54,999",450
K8H,"$55,000 to $59,999",540
K8H,"$60,000 to $69,999",1390
K8H,"$70,000 to $79,999",1400
K8H,"$80,000 to $89,999",820
K8H,"$90,000 to $99,999",540
K8H,"$100,000 to $149,999",860
K8H,"$150,000 to $249,999",170
K8H,"$250,000 and over",70
K8N,"Under $5,000",1620
K8N,"$5,000 to $9,999",1110
K8N,"$10,000 to $14,999",2100
K8N,"$15,000 to $19,999",2000
K8N,"$20,000 to $24,999",2210
K8N,"$25,000 to $29,999",1500
K8N,"$30,000 to $34,999",1440
K8N,"$35,000 to $39,999",1510
K8N,"$40,000 to $44,999",1400
K8N,"$45,000 to $49,999",1340
K8N,"$50,000 to $54,999",1040
K8N,"$55,000 to $59,999",920
K8N,"$60,000 to $69,999",1520
K8N,"$70,000 to $79,999",1280
K8N,"$80,000 to $89,999",910
K8N,"$90,000 to $99,999",810
K8N,"$100,000 to $149,999",1640
K8N,"$150,000 to $249,999",510
K8N,"$250,000 and over",230
K8P,"Under $5,000",1580
K8P,"$5,000 to $9,999",860
K8P,"$10,000 to $14,999",1820
K8P,"$15,000 to $19,999",1780
K8P,"$20,000 to $24,999",1930
K8P,"$25,000 to $29,999",1320
K8P,"$30,000 to $34,999",1260
K8P,"$35,000 to $39,999",1120
K8P,"$40,000 to $44,999",980
K8P,"$45,000 to $49,999",970
K8P,"$50,000 to $54,999",720
K8P,"$55,000 to $59,999",610
K8P,"$60,000 to $69,999",960
K8P,"$70,000 to $79,999",730
K8P,"$80,000 to $89,999",470
K8P,"$90,000 to $99,999",370
K8P,"$100,000 to $149,999",670
K8P,"$150,000 to $249,999",160
K8P,"$250,000 and over",70
K8R,"Under $5,000",90
K8R,"$5,000 to $9,999",50
K8R,"$10,000 to $14,999",90
K8R,"$15,000 to $19,999",90
K8R,"$20,000 to $24,999",100
K8R,"$25,000 to $29,999",80
K8R,"$30,000 to $34,999",80
K8R,"$35,000 to $39,999",100
K8R,"$40,000 to $44,999",80
K8R,"$45,000 to $49,999",90
K8R,"$50,000 to $54,999",70
K8R,"$55,000 to $59,999",50
K8R,"$60,000 to $69,999",130
K8R,"$70,000 to $79,999",100
K8R,"$80,000 to $89,999",60
K8R,"$90,000 to $99,999",40
K8R,"$100,000 to $149,999",90
K8R,"$150,000 to $249,999",20
K8R,"$250,000 and over",10
K8V,"Under $5,000",1380
K8V,"$5,000 to $9,999",920
K8V,"$10,000 to $14,999",1860
K8V,"$15,000 to $19,999",1890
K8V,"$20,000 to $24,999",2060
K8V,"$25,000 to $29,999",1520
K8V,"$30,000 to $34,999",1450
K8V,"$35,000 to $39,999",1390
K8V,"$40,000 to $44,999",1330
K8V,"$45,000 to $49,999",1260
K8V,"$50,000 to $54,999",1020
K8V,"$55,000 to $59,999",880
K8V,"$60,000 to $69,999",1590
K8V,"$70,000 to $79,999",1430
K8V,"$80,000 to $89,999",800
K8V,"$90,000 to $99,999",600
K8V,"$100,000 to $149,999",940
K8V,"$150,000 to $249,999",230
K8V,"$250,000 and over",80
K9A,"Under $5,000",1080
K9A,"$5,000 to $9,999",910
K9A,"$10,000 to $14,999",1510
K9A,"$15,000 to $19,999",1670
K9A,"$20,000 to $24,999",1940
K9A,"$25,000 to $29,999",1300
K9A,"$30,000 to $34,999",1420
K9A,"$35,000 to $39,999",1460
K9A,"$40,000 to $44,999",1360
K9A,"$45,000 to $49,999",1280
K9A,"$50,000 to $54,999",1010
K9A,"$55,000 to $59,999",820
K9A,"$60,000 to $69,999",1470
K9A,"$70,000 to $79,999",1190
K9A,"$80,000 to $89,999",860
K9A,"$90,000 to $99,999",720
K9A,"$100,000 to $149,999",1440
K9A,"$150,000 to $249,999",540
K9A,"$250,000 and over",230
K9H,"Under $5,000",1610
K9H,"$5,000 to $9,999",1270
K9H,"$10,000 to $14,999",2200
K9H,"$15,000 to $19,999",2150
K9H,"$20,000 to $24,999",2290
K9H,"$25,000 to $29,999",1500
K9H,"$30,000 to $34,999",1430
K9H,"$35,000 to $39,999",1370
K9H,"$40,000 to $44,999",1210
K9H,"$45,000 to $49,999",1200
K9H,"$50,000 to $54,999",910
K9H,"$55,000 to $59,999",730
K9H,"$60,000 to $69,999",1240
K9H,"$70,000 to $79,999",980
K9H,"$80,000 to $89,999",660
K9H,"$90,000 to $99,999",580
K9H,"$100,000 to $149,999",1070
K9H,"$150,000 to $249,999",350
K9H,"$250,000 and over",110
K9J,"Under $5,000",2690
K9J,"$5,000 to $9,999",1770
K9J,"$10,000 to $14,999",3020
K9J,"$15,000 to $19,999",3140
K9J,"$20,000 to $24,999",3280
K9J,"$25,000 to $29,999",2320
K9J,"$30,000 to $34,999",2300
K9J,"$35,000 to $39,999",2280
K9J,"$40,000 to $44,999",2090
K9J,"$45,000 to $49,999",1960
K9J,"$50,000 to $54,999",1520
K9J,"$55,000 to $59,999",1240
K9J,"$60,000 to $69,999",2080
K9J,"$70,000 to $79,999",1620
K9J,"$80,000 to $89,999",1090
K9J,"$90,000 to $99,999",900
K9J,"$100,000 to $149,999",1790
K9J,"$150,000 to $249,999",650
K9J,"$250,000 and over",250
K9K,"Under $5,000",970
K9K,"$5,000 to $9,999",610
K9K,"$10,000 to $14,999",750
K9K,"$15,000 to $19,999",730
K9K,"$20,000 to $24,999",790
K9K,"$25,000 to $29,999",620
K9K,"$30,000 to $34,999",580
K9K,"$35,000 to $39,999",610
K9K,"$40,000 to $44,999",600
K9K,"$45,000 to $49,999",620
K9K,"$50,000 to $54,999",460
K9K,"$55,000 to $59,999",420
K9K,"$60,000 to $69,999",730
K9K,"$70,000 to $79,999",630
K9K,"$80,000 to $89,999",480
K9K,"$90,000 to $99,999",430
K9K,"$100,000 to $149,999",920
K9K,"$150,000 to $249,999",340
K9K,"$250,000 and over",120
K9L,"Under $5,000",420
K9L,"$5,000 to $9,999",300
K9L,"$10,000 to $14,999",400
K9L,"$15,000 to $19,999",400
K9L,"$20,000 to $24,999",460
K9L,"$25,000 to $29,999",340
K9L,"$30,000 to $34,999",380
K9L,"$35,000 to $39,999",360
K9L,"$40,000 to $44,999",340
K9L,"$45,000 to $49,999",360
K9L,"$50,000 to $54,999",320
K9L,"$55,000 to $59,999",270
K9L,"$60,000 to $69,999",440
K9L,"$70,000 to $79,999",380
K9L,"$80,000 to $89,999",260
K9L,"$90,000 to $99,999",230
K9L,"$100,000 to $149,999",420
K9L,"$150,000 to $249,999",130
K9L,"$250,000 and over",50
K9V,"Under $5,000",1390
K9V,"$5,000 to $9,999",1050
K9V,"$10,000 to $14,999",1980
K9V,"$15,000 to $19,999",2240
K9V,"$20,000 to $24,999",2330
K9V,"$25,000 to $29,999",1540
K9V,"$30,000 to $34,999",1520
K9V,"$35,000 to $39,999",1610
K9V,"$40,000 to $44,999",1400
K9V,"$45,000 to $49,999",1320
K9V,"$50,000 to $54,999",980
K9V,"$55,000 to $59,999",850
K9V,"$60,000 to $69,999",1370
K9V,"$70,000 to $79,999",990
K9V,"$80,000 to $89,999",770
K9V,"$90,000 to $99,999",580
K9V,"$100,000 to $149,999",1150
K9V,"$150,000 to $249,999",370
K9V,"$250,000 and over",120
L0A,"Under $5,000",700
L0A,"$5,000 to $9,999",500
L0A,"$10,000 to $14,999",700
L0A,"$15,000 to $19,999",700
L0A,"$20,000 to $24,999",750
L0A,"$25,000 to $29,999",590
L0A,"$30,000 to $34,999",600
L0A,"$35,000 to $39,999",630
L0A,"$40,000 to $44,999",650
L0A,"$45,000 to $49,999",640
L0A,"$50,000 to $54,999",500
L0A,"$55,000 to $59,999",480
L0A,"$60,000 to $69,999",800
L0A,"$70,000 to $79,999",670
L0A,"$80,000 to $89,999",530
L0A,"$90,000 to $99,999",480
L0A,"$100,000 to $149,999",1080
L0A,"$150,000 to $249,999",390
L0A,"$250,000 and over",110
L0B,"Under $5,000",740
L0B,"$5,000 to $9,999",580
L0B,"$10,000 to $14,999",800
L0B,"$15,000 to $19,999",760
L0B,"$20,000 to $24,999",820
L0B,"$25,000 to $29,999",610
L0B,"$30,000 to $34,999",660
L0B,"$35,000 to $39,999",690
L0B,"$40,000 to $44,999",700
L0B,"$45,000 to $49,999",710
L0B,"$50,000 to $54,999",560
L0B,"$55,000 to $59,999",460
L0B,"$60,000 to $69,999",820
L0B,"$70,000 to $79,999",750
L0B,"$80,000 to $89,999",590
L0B,"$90,000 to $99,999",520
L0B,"$100,000 to $149,999",1160
L0B,"$150,000 to $249,999",480
L0B,"$250,000 and over",190
L0C,"Under $5,000",500
L0C,"$5,000 to $9,999",360
L0C,"$10,000 to $14,999",430
L0C,"$15,000 to $19,999",490
L0C,"$20,000 to $24,999",540
L0C,"$25,000 to $29,999",390
L0C,"$30,000 to $34,999",400
L0C,"$35,000 to $39,999",420
L0C,"$40,000 to $44,999",390
L0C,"$45,000 to $49,999",430
L0C,"$50,000 to $54,999",300
L0C,"$55,000 to $59,999",310
L0C,"$60,000 to $69,999",570
L0C,"$70,000 to $79,999",460
L0C,"$80,000 to $89,999",360
L0C,"$90,000 to $99,999",320
L0C,"$100,000 to $149,999",740
L0C,"$150,000 to $249,999",210
L0C,"$250,000 and over",100
L0E,"Under $5,000",1220
L0E,"$5,000 to $9,999",850
L0E,"$10,000 to $14,999",1330
L0E,"$15,000 to $19,999",1410
L0E,"$20,000 to $24,999",1440
L0E,"$25,000 to $29,999",970
L0E,"$30,000 to $34,999",940
L0E,"$35,000 to $39,999",900
L0E,"$40,000 to $44,999",860
L0E,"$45,000 to $49,999",870
L0E,"$50,000 to $54,999",720
L0E,"$55,000 to $59,999",640
L0E,"$60,000 to $69,999",1090
L0E,"$70,000 to $79,999",890
L0E,"$80,000 to $89,999",670
L0E,"$90,000 to $99,999",540
L0E,"$100,000 to $149,999",1080
L0E,"$150,000 to $249,999",290
L0E,"$250,000 and over",90
L0G,"Under $5,000",2330
L0G,"$5,000 to $9,999",1760
L0G,"$10,000 to $14,999",2250
L0G,"$15,000 to $19,999",2120
L0G,"$20,000 to $24,999",2200
L0G,"$25,000 to $29,999",1650
L0G,"$30,000 to $34,999",1590
L0G,"$35,000 to $39,999",1670
L0G,"$40,000 to $44,999",1660
L0G,"$45,000 to $49,999",1650
L0G,"$50,000 to $54,999",1460
L0G,"$55,000 to $59,999",1310
L0G,"$60,000 to $69,999",2410
L0G,"$70,000 to $79,999",1980
L0G,"$80,000 to $89,999",1630
L0G,"$90,000 to $99,999",1520
L0G,"$100,000 to $149,999",3150
L0G,"$150,000 to $249,999",1270
L0G,"$250,000 and over",610
L0H,"Under $5,000",90
L0H,"$5,000 to $9,999",80
L0H,"$10,000 to $14,999",100
L0H,"$15,000 to $19,999",90
L0H,"$20,000 to $24,999",90
L0H,"$25,000 to $29,999",50
L0H,"$30,000 to $34,999",70
L0H,"$35,000 to $39,999",40
L0H,"$40,000 to $44,999",50
L0H,"$45,000 to $49,999",60
L0H,"$50,000 to $54,999",50
L0H,"$55,000 to $59,999",50
L0H,"$60,000 to $69,999",80
L0H,"$70,000 to $79,999",70
L0H,"$80,000 to $89,999",50
L0H,"$90,000 to $99,999",60
L0H,"$100,000 to $149,999",120
L0H,"$150,000 to $249,999",70
L0H,"$250,000 and over",50
L0J,"Under $5,000",290
L0J,"$5,000 to $9,999",220
L0J,"$10,000 to $14,999",240
L0J,"$15,000 to $19,999",220
L0J,"$20,000 to $24,999",230
L0J,"$25,000 to $29,999",200
L0J,"$30,000 to $34,999",150
L0J,"$35,000 to $39,999",150
L0J,"$40,000 to $44,999",130
L0J,"$45,000 to $49,999",170
L0J,"$50,000 to $54,999",110
L0J,"$55,000 to $59,999",120
L0J,"$60,000 to $69,999",220
L0J,"$70,000 to $79,999",210
L0J,"$80,000 to $89,999",150
L0J,"$90,000 to $99,999",130
L0J,"$100,000 to $149,999",470
L0J,"$150,000 to $249,999",340
L0J,"$250,000 and over",330
L0K,"Under $5,000",1880
L0K,"$5,000 to $9,999",1430
L0K,"$10,000 to $14,999",2130
L0K,"$15,000 to $19,999",2250
L0K,"$20,000 to $24,999",2530
L0K,"$25,000 to $29,999",1700
L0K,"$30,000 to $34,999",1770
L0K,"$35,000 to $39,999",1800
L0K,"$40,000 to $44,999",1710
L0K,"$45,000 to $49,999",1770
L0K,"$50,000 to $54,999",1310
L0K,"$55,000 to $59,999",1230
L0K,"$60,000 to $69,999",2050
L0K,"$70,000 to $79,999",1520
L0K,"$80,000 to $89,999",1150
L0K,"$90,000 to $99,999",880
L0K,"$100,000 to $149,999",1680
L0K,"$150,000 to $249,999",530
L0K,"$250,000 and over",200
L0L,"Under $5,000",2020
L0L,"$5,000 to $9,999",1640
L0L,"$10,000 to $14,999",2180
L0L,"$15,000 to $19,999",2170
L0L,"$20,000 to $24,999",2440
L0L,"$25,000 to $29,999",1680
L0L,"$30,000 to $34,999",1700
L0L,"$35,000 to $39,999",1700
L0L,"$40,000 to $44,999",1670
L0L,"$45,000 to $49,999",1700
L0L,"$50,000 to $54,999",1320
L0L,"$55,000 to $59,999",1340
L0L,"$60,000 to $69,999",2270
L0L,"$70,000 to $79,999",1860
L0L,"$80,000 to $89,999",1490
L0L,"$90,000 to $99,999",1280
L0L,"$100,000 to $149,999",2840
L0L,"$150,000 to $249,999",1010
L0L,"$250,000 and over",420
L0M,"Under $5,000",1920
L0M,"$5,000 to $9,999",1320
L0M,"$10,000 to $14,999",1920
L0M,"$15,000 to $19,999",1870
L0M,"$20,000 to $24,999",2060
L0M,"$25,000 to $29,999",1490
L0M,"$30,000 to $34,999",1450
L0M,"$35,000 to $39,999",1530
L0M,"$40,000 to $44,999",1540
L0M,"$45,000 to $49,999",1510
L0M,"$50,000 to $54,999",1300
L0M,"$55,000 to $59,999",1140
L0M,"$60,000 to $69,999",2160
L0M,"$70,000 to $79,999",1790
L0M,"$80,000 to $89,999",1370
L0M,"$90,000 to $99,999",1000
L0M,"$100,000 to $149,999",1880
L0M,"$150,000 to $249,999",470
L0M,"$250,000 and over",170
L0N,"Under $5,000",160
L0N,"$5,000 to $9,999",120
L0N,"$10,000 to $14,999",160
L0N,"$15,000 to $19,999",150
L0N,"$20,000 to $24,999",150
L0N,"$25,000 to $29,999",110
L0N,"$30,000 to $34,999",110
L0N,"$35,000 to $39,999",120
L0N,"$40,000 to $44,999",110
L0N,"$45,000 to $49,999",110
L0N,"$50,000 to $54,999",100
L0N,"$55,000 to $59,999",90
L0N,"$60,000 to $69,999",130
L0N,"$70,000 to $79,999",100
L0N,"$80,000 to $89,999",110
L0N,"$90,000 to $99,999",80
L0N,"$100,000 to $149,999",190
L0N,"$150,000 to $249,999",80
L0N,"$250,000 and over",30
L0P,"Under $5,000",460
L0P,"$5,000 to $9,999",320
L0P,"$10,000 to $14,999",380
L0P,"$15,000 to $19,999",410
L0P,"$20,000 to $24,999",370
L0P,"$25,000 to $29,999",290
L0P,"$30,000 to $34,999",300
L0P,"$35,000 to $39,999",280
L0P,"$40,000 to $44,999",290
L0P,"$45,000 to $49,999",270
L0P,"$50,000 to $54,999",240
L0P,"$55,000 to $59,999",200
L0P,"$60,000 to $69,999",390
L0P,"$70,000 to $79,999",350
L0P,"$80,000 to $89,999",280
L0P,"$90,000 to $99,999",250
L0P,"$100,000 to $149,999",720
L0P,"$150,000 to $249,999",410
L0P,"$250,000 and over",290
L0R,"Under $5,000",4230
L0R,"$5,000 to $9,999",2970
L0R,"$10,000 to $14,999",3870
L0R,"$15,000 to $19,999",4040
L0R,"$20,000 to $24,999",4480
L0R,"$25,000 to $29,999",3310
L0R,"$30,000 to $34,999",3340
L0R,"$35,000 to $39,999",3470
L0R,"$40,000 to $44,999",3500
L0R,"$45,000 to $49,999",3520
L0R,"$50,000 to $54,999",2930
L0R,"$55,000 to $59,999",2540
L0R,"$60,000 to $69,999",4540
L0R,"$70,000 to $79,999",3840
L0R,"$80,000 to $89,999",3180
L0R,"$90,000 to $99,999",2680
L0R,"$100,000 to $149,999",5640
L0R,"$150,000 to $249,999",1900
L0R,"$250,000 and over",790
L0S,"Under $5,000",2780
L0S,"$5,000 to $9,999",2140
L0S,"$10,000 to $14,999",2990
L0S,"$15,000 to $19,999",3250
L0S,"$20,000 to $24,999",3610
L0S,"$25,000 to $29,999",2690
L0S,"$30,000 to $34,999",2680
L0S,"$35,000 to $39,999",2810
L0S,"$40,000 to $44,999",2600
L0S,"$45,000 to $49,999",2770
L0S,"$50,000 to $54,999",2140
L0S,"$55,000 to $59,999",1870
L0S,"$60,000 to $69,999",3300
L0S,"$70,000 to $79,999",2780
L0S,"$80,000 to $89,999",2100
L0S,"$90,000 to $99,999",1850
L0S,"$100,000 to $149,999",3810
L0S,"$150,000 to $249,999",1660
L0S,"$250,000 and over",790
L1A,"Under $5,000",640
L1A,"$5,000 to $9,999",510
L1A,"$10,000 to $14,999",850
L1A,"$15,000 to $19,999",900
L1A,"$20,000 to $24,999",1070
L1A,"$25,000 to $29,999",730
L1A,"$30,000 to $34,999",770
L1A,"$35,000 to $39,999",870
L1A,"$40,000 to $44,999",810
L1A,"$45,000 to $49,999",760
L1A,"$50,000 to $54,999",600
L1A,"$55,000 to $59,999",520
L1A,"$60,000 to $69,999",880
L1A,"$70,000 to $79,999",710
L1A,"$80,000 to $89,999",530
L1A,"$90,000 to $99,999",440
L1A,"$100,000 to $149,999",820
L1A,"$150,000 to $249,999",350
L1A,"$250,000 and over",120
L1B,"Under $5,000",570
L1B,"$5,000 to $9,999",420
L1B,"$10,000 to $14,999",580
L1B,"$15,000 to $19,999",620
L1B,"$20,000 to $24,999",710
L1B,"$25,000 to $29,999",490
L1B,"$30,000 to $34,999",560
L1B,"$35,000 to $39,999",540
L1B,"$40,000 to $44,999",570
L1B,"$45,000 to $49,999",600
L1B,"$50,000 to $54,999",490
L1B,"$55,000 to $59,999",430
L1B,"$60,000 to $69,999",660
L1B,"$70,000 to $79,999",610
L1B,"$80,000 to $89,999",450
L1B,"$90,000 to $99,999",430
L1B,"$100,000 to $149,999",900
L1B,"$150,000 to $249,999",330
L1B,"$250,000 and over",100
L1C,"Under $5,000",2380
L1C,"$5,000 to $9,999",1730
L1C,"$10,000 to $14,999",2260
L1C,"$15,000 to $19,999",2150
L1C,"$20,000 to $24,999",2200
L1C,"$25,000 to $29,999",1640
L1C,"$30,000 to $34,999",1800
L1C,"$35,000 to $39,999",1880
L1C,"$40,000 to $44,999",1780
L1C,"$45,000 to $49,999",1830
L1C,"$50,000 to $54,999",1550
L1C,"$55,000 to $59,999",1440
L1C,"$60,000 to $69,999",2540
L1C,"$70,000 to $79,999",2120
L1C,"$80,000 to $89,999",1680
L1C,"$90,000 to $99,999",1630
L1C,"$100,000 to $149,999",3290
L1C,"$150,000 to $249,999",960
L1C,"$250,000 and over",210
L1E,"Under $5,000",1460
L1E,"$5,000 to $9,999",1110
L1E,"$10,000 to $14,999",1370
L1E,"$15,000 to $19,999",1230
L1E,"$20,000 to $24,999",1250
L1E,"$25,000 to $29,999",880
L1E,"$30,000 to $34,999",980
L1E,"$35,000 to $39,999",1020
L1E,"$40,000 to $44,999",1080
L1E,"$45,000 to $49,999",1180
L1E,"$50,000 to $54,999",1030
L1E,"$55,000 to $59,999",910
L1E,"$60,000 to $69,999",1600
L1E,"$70,000 to $79,999",1410
L1E,"$80,000 to $89,999",1150
L1E,"$90,000 to $99,999",1020
L1E,"$100,000 to $149,999",2200
L1E,"$150,000 to $249,999",710
L1E,"$250,000 and over",210
L1G,"Under $5,000",2840
L1G,"$5,000 to $9,999",1830
L1G,"$10,000 to $14,999",2890
L1G,"$15,000 to $19,999",2810
L1G,"$20,000 to $24,999",2890
L1G,"$25,000 to $29,999",2020
L1G,"$30,000 to $34,999",1890
L1G,"$35,000 to $39,999",2080
L1G,"$40,000 to $44,999",1920
L1G,"$45,000 to $49,999",1910
L1G,"$50,000 to $54,999",1460
L1G,"$55,000 to $59,999",1250
L1G,"$60,000 to $69,999",2060
L1G,"$70,000 to $79,999",1660
L1G,"$80,000 to $89,999",1150
L1G,"$90,000 to $99,999",930
L1G,"$100,000 to $149,999",1840
L1G,"$150,000 to $249,999",570
L1G,"$250,000 and over",150
L1H,"Under $5,000",1830
L1H,"$5,000 to $9,999",1370
L1H,"$10,000 to $14,999",2460
L1H,"$15,000 to $19,999",2220
L1H,"$20,000 to $24,999",2220
L1H,"$25,000 to $29,999",1430
L1H,"$30,000 to $34,999",1400
L1H,"$35,000 to $39,999",1410
L1H,"$40,000 to $44,999",1420
L1H,"$45,000 to $49,999",1370
L1H,"$50,000 to $54,999",1140
L1H,"$55,000 to $59,999",990
L1H,"$60,000 to $69,999",1490
L1H,"$70,000 to $79,999",1100
L1H,"$80,000 to $89,999",790
L1H,"$90,000 to $99,999",570
L1H,"$100,000 to $149,999",1030
L1H,"$150,000 to $249,999",290
L1H,"$250,000 and over",90
L1J,"Under $5,000",2640
L1J,"$5,000 to $9,999",1790
L1J,"$10,000 to $14,999",2940
L1J,"$15,000 to $19,999",2670
L1J,"$20,000 to $24,999",2660
L1J,"$25,000 to $29,999",1920
L1J,"$30,000 to $34,999",2010
L1J,"$35,000 to $39,999",1970
L1J,"$40,000 to $44,999",1940
L1J,"$45,000 to $49,999",1870
L1J,"$50,000 to $54,999",1530
L1J,"$55,000 to $59,999",1260
L1J,"$60,000 to $69,999",2010
L1J,"$70,000 to $79,999",1550
L1J,"$80,000 to $89,999",1070
L1J,"$90,000 to $99,999",810
L1J,"$100,000 to $149,999",1510
L1J,"$150,000 to $249,999",430
L1J,"$250,000 and over",110
L1K,"Under $5,000",3110
L1K,"$5,000 to $9,999",1830
L1K,"$10,000 to $14,999",2310
L1K,"$15,000 to $19,999",2020
L1K,"$20,000 to $24,999",1870
L1K,"$25,000 to $29,999",1490
L1K,"$30,000 to $34,999",1470
L1K,"$35,000 to $39,999",1430
L1K,"$40,000 to $44,999",1460
L1K,"$45,000 to $49,999",1490
L1K,"$50,000 to $54,999",1360
L1K,"$55,000 to $59,999",1140
L1K,"$60,000 to $69,999",2070
L1K,"$70,000 to $79,999",1790
L1K,"$80,000 to $89,999",1500
L1K,"$90,000 to $99,999",1330
L1K,"$100,000 to $149,999",2710
L1K,"$150,000 to $249,999",830
L1K,"$250,000 and over",220
L1L,"Under $5,000",1120
L1L,"$5,000 to $9,999",620
L1L,"$10,000 to $14,999",640
L1L,"$15,000 to $19,999",660
L1L,"$20,000 to $24,999",480
L1L,"$25,000 to $29,999",360
L1L,"$30,000 to $34,999",330
L1L,"$35,000 to $39,999",310
L1L,"$40,000 to $44,999",320
L1L,"$45,000 to $49,999",290
L1L,"$50,000 to $54,999",270
L1L,"$55,000 to $59,999",260
L1L,"$60,000 to $69,999",420
L1L,"$70,000 to $79,999",430
L1L,"$80,000 to $89,999",300
L1L,"$90,000 to $99,999",300
L1L,"$100,000 to $149,999",610
L1L,"$150,000 to $249,999",180
L1L,"$250,000 and over",50
L1M,"Under $5,000",1300
L1M,"$5,000 to $9,999",890
L1M,"$10,000 to $14,999",870
L1M,"$15,000 to $19,999",750
L1M,"$20,000 to $24,999",750
L1M,"$25,000 to $29,999",560
L1M,"$30,000 to $34,999",570
L1M,"$35,000 to $39,999",560
L1M,"$40,000 to $44,999",560
L1M,"$45,000 to $49,999",580
L1M,"$50,000 to $54,999",520
L1M,"$55,000 to $59,999",500
L1M,"$60,000 to $69,999",1000
L1M,"$70,000 to $79,999",890
L1M,"$80,000 to $89,999",820
L1M,"$90,000 to $99,999",1010
L1M,"$100,000 to $149,999",2310
L1M,"$150,000 to $249,999",950
L1M,"$250,000 and over",390
L1N,"Under $5,000",2760
L1N,"$5,000 to $9,999",1890
L1N,"$10,000 to $14,999",2580
L1N,"$15,000 to $19,999",2620
L1N,"$20,000 to $24,999",2710
L1N,"$25,000 to $29,999",1960
L1N,"$30,000 to $34,999",1900
L1N,"$35,000 to $39,999",1990
L1N,"$40,000 to $44,999",1910
L1N,"$45,000 to $49,999",2080
L1N,"$50,000 to $54,999",1620
L1N,"$55,000 to $59,999",1580
L1N,"$60,000 to $69,999",2750
L1N,"$70,000 to $79,999",2270
L1N,"$80,000 to $89,999",1840
L1N,"$90,000 to $99,999",1560
L1N,"$100,000 to $149,999",3450
L1N,"$150,000 to $249,999",1190
L1N,"$250,000 and over",360
L1P,"Under $5,000",1310
L1P,"$5,000 to $9,999",930
L1P,"$10,000 to $14,999",980
L1P,"$15,000 to $19,999",940
L1P,"$20,000 to $24,999",730
L1P,"$25,000 to $29,999",570
L1P,"$30,000 to $34,999",540
L1P,"$35,000 to $39,999",590
L1P,"$40,000 to $44,999",550
L1P,"$45,000 to $49,999",560
L1P,"$50,000 to $54,999",500
L1P,"$55,000 to $59,999",470
L1P,"$60,000 to $69,999",830
L1P,"$70,000 to $79,999",760
L1P,"$80,000 to $89,999",640
L1P,"$90,000 to $99,999",600
L1P,"$100,000 to $149,999",1480
L1P,"$150,000 to $249,999",580
L1P,"$250,000 and over",220
L1R,"Under $5,000",3040
L1R,"$5,000 to $9,999",1800
L1R,"$10,000 to $14,999",2250
L1R,"$15,000 to $19,999",1870
L1R,"$20,000 to $24,999",1750
L1R,"$25,000 to $29,999",1410
L1R,"$30,000 to $34,999",1310
L1R,"$35,000 to $39,999",1250
L1R,"$40,000 to $44,999",1310
L1R,"$45,000 to $49,999",1410
L1R,"$50,000 to $54,999",1230
L1R,"$55,000 to $59,999",1130
L1R,"$60,000 to $69,999",2070
L1R,"$70,000 to $79,999",1770
L1R,"$80,000 to $89,999",1520
L1R,"$90,000 to $99,999",1450
L1R,"$100,000 to $149,999",3480
L1R,"$150,000 to $249,999",1310
L1R,"$250,000 and over",460
L1S,"Under $5,000",2820
L1S,"$5,000 to $9,999",1770
L1S,"$10,000 to $14,999",2320
L1S,"$15,000 to $19,999",2320
L1S,"$20,000 to $24,999",2330
L1S,"$25,000 to $29,999",1750
L1S,"$30,000 to $34,999",1720
L1S,"$35,000 to $39,999",1750
L1S,"$40,000 to $44,999",1730
L1S,"$45,000 to $49,999",1800
L1S,"$50,000 to $54,999",1400
L1S,"$55,000 to $59,999",1340
L1S,"$60,000 to $69,999",2380
L1S,"$70,000 to $79,999",1920
L1S,"$80,000 to $89,999",1450
L1S,"$90,000 to $99,999",1140
L1S,"$100,000 to $149,999",2390
L1S,"$150,000 to $249,999",710
L1S,"$250,000 and over",200
L1T,"Under $5,000",4590
L1T,"$5,000 to $9,999",2810
L1T,"$10,000 to $14,999",3450
L1T,"$15,000 to $19,999",3130
L1T,"$20,000 to $24,999",2580
L1T,"$25,000 to $29,999",1970
L1T,"$30,000 to $34,999",1850
L1T,"$35,000 to $39,999",1780
L1T,"$40,000 to $44,999",1750
L1T,"$45,000 to $49,999",1820
L1T,"$50,000 to $54,999",1570
L1T,"$55,000 to $59,999",1380
L1T,"$60,000 to $69,999",2590
L1T,"$70,000 to $79,999",2120
L1T,"$80,000 to $89,999",1720
L1T,"$90,000 to $99,999",1500
L1T,"$100,000 to $149,999",3190
L1T,"$150,000 to $249,999",1040
L1T,"$250,000 and over",340
L1V,"Under $5,000",3680
L1V,"$5,000 to $9,999",2440
L1V,"$10,000 to $14,999",2930
L1V,"$15,000 to $19,999",2940
L1V,"$20,000 to $24,999",2670
L1V,"$25,000 to $29,999",2000
L1V,"$30,000 to $34,999",2040
L1V,"$35,000 to $39,999",1960
L1V,"$40,000 to $44,999",1990
L1V,"$45,000 to $49,999",2110
L1V,"$50,000 to $54,999",1760
L1V,"$55,000 to $59,999",1660
L1V,"$60,000 to $69,999",2880
L1V,"$70,000 to $79,999",2520
L1V,"$80,000 to $89,999",1960
L1V,"$90,000 to $99,999",1730
L1V,"$100,000 to $149,999",3670
L1V,"$150,000 to $249,999",1420
L1V,"$250,000 and over",550
L1W,"Under $5,000",980
L1W,"$5,000 to $9,999",690
L1W,"$10,000 to $14,999",950
L1W,"$15,000 to $19,999",890
L1W,"$20,000 to $24,999",980
L1W,"$25,000 to $29,999",760
L1W,"$30,000 to $34,999",660
L1W,"$35,000 to $39,999",750
L1W,"$40,000 to $44,999",730
L1W,"$45,000 to $49,999",740
L1W,"$50,000 to $54,999",630
L1W,"$55,000 to $59,999",560
L1W,"$60,000 to $69,999",990
L1W,"$70,000 to $79,999",880
L1W,"$80,000 to $89,999",670
L1W,"$90,000 to $99,999",660
L1W,"$100,000 to $149,999",1280
L1W,"$150,000 to $249,999",510
L1W,"$250,000 and over",200
L1X,"Under $5,000",1940
L1X,"$5,000 to $9,999",1140
L1X,"$10,000 to $14,999",1340
L1X,"$15,000 to $19,999",1260
L1X,"$20,000 to $24,999",990
L1X,"$25,000 to $29,999",760
L1X,"$30,000 to $34,999",710
L1X,"$35,000 to $39,999",750
L1X,"$40,000 to $44,999",720
L1X,"$45,000 to $49,999",790
L1X,"$50,000 to $54,999",690
L1X,"$55,000 to $59,999",670
L1X,"$60,000 to $69,999",1080
L1X,"$70,000 to $79,999",930
L1X,"$80,000 to $89,999",820
L1X,"$90,000 to $99,999",680
L1X,"$100,000 to $149,999",1420
L1X,"$150,000 to $249,999",490
L1X,"$250,000 and over",200
L1Y,"Under $5,000",120
L1Y,"$5,000 to $9,999",80
L1Y,"$10,000 to $14,999",110
L1Y,"$15,000 to $19,999",100
L1Y,"$20,000 to $24,999",110
L1Y,"$25,000 to $29,999",70
L1Y,"$30,000 to $34,999",70
L1Y,"$35,000 to $39,999",60
L1Y,"$40,000 to $44,999",60
L1Y,"$45,000 to $49,999",70
L1Y,"$50,000 to $54,999",60
L1Y,"$55,000 to $59,999",40
L1Y,"$60,000 to $69,999",100
L1Y,"$70,000 to $79,999",100
L1Y,"$80,000 to $89,999",60
L1Y,"$90,000 to $99,999",60
L1Y,"$100,000 to $149,999",180
L1Y,"$150,000 to $249,999",110
L1Y,"$250,000 and over",60
L1Z,"Under $5,000",2640
L1Z,"$5,000 to $9,999",1580
L1Z,"$10,000 to $14,999",1780
L1Z,"$15,000 to $19,999",1700
L1Z,"$20,000 to $24,999",1210
L1Z,"$25,000 to $29,999",1020
L1Z,"$30,000 to $34,999",1010
L1Z,"$35,000 to $39,999",890
L1Z,"$40,000 to $44,999",920
L1Z,"$45,000 to $49,999",890
L1Z,"$50,000 to $54,999",840
L1Z,"$55,000 to $59,999",800
L1Z,"$60,000 to $69,999",1380
L1Z,"$70,000 to $79,999",1270
L1Z,"$80,000 to $89,999",980
L1Z,"$90,000 to $99,999",910
L1Z,"$100,000 to $149,999",1980
L1Z,"$150,000 to $249,999",670
L1Z,"$250,000 and over",190
L2A,"Under $5,000",920
L2A,"$5,000 to $9,999",720
L2A,"$10,000 to $14,999",1170
L2A,"$15,000 to $19,999",1220
L2A,"$20,000 to $24,999",1300
L2A,"$25,000 to $29,999",930
L2A,"$30,000 to $34,999",920
L2A,"$35,000 to $39,999",910
L2A,"$40,000 to $44,999",820
L2A,"$45,000 to $49,999",780
L2A,"$50,000 to $54,999",620
L2A,"$55,000 to $59,999",480
L2A,"$60,000 to $69,999",770
L2A,"$70,000 to $79,999",580
L2A,"$80,000 to $89,999",340
L2A,"$90,000 to $99,999",280
L2A,"$100,000 to $149,999",520
L2A,"$150,000 to $249,999",170
L2A,"$250,000 and over",60
L2E,"Under $5,000",1150
L2E,"$5,000 to $9,999",950
L2E,"$10,000 to $14,999",1640
L2E,"$15,000 to $19,999",1790
L2E,"$20,000 to $24,999",1850
L2E,"$25,000 to $29,999",1200
L2E,"$30,000 to $34,999",1050
L2E,"$35,000 to $39,999",1040
L2E,"$40,000 to $44,999",860
L2E,"$45,000 to $49,999",790
L2E,"$50,000 to $54,999",620
L2E,"$55,000 to $59,999",480
L2E,"$60,000 to $69,999",690
L2E,"$70,000 to $79,999",490
L2E,"$80,000 to $89,999",310
L2E,"$90,000 to $99,999",210
L2E,"$100,000 to $149,999",410
L2E,"$150,000 to $249,999",110
L2E,"$250,000 and over",40
L2G,"Under $5,000",1840
L2G,"$5,000 to $9,999",1580
L2G,"$10,000 to $14,999",2320
L2G,"$15,000 to $19,999",2580
L2G,"$20,000 to $24,999",2590
L2G,"$25,000 to $29,999",1840
L2G,"$30,000 to $34,999",1710
L2G,"$35,000 to $39,999",1730
L2G,"$40,000 to $44,999",1500
L2G,"$45,000 to $49,999",1230
L2G,"$50,000 to $54,999",1020
L2G,"$55,000 to $59,999",810
L2G,"$60,000 to $69,999",1110
L2G,"$70,000 to $79,999",780
L2G,"$80,000 to $89,999",570
L2G,"$90,000 to $99,999",410
L2G,"$100,000 to $149,999",750
L2G,"$150,000 to $249,999",220
L2G,"$250,000 and over",90
L2H,"Under $5,000",1920
L2H,"$5,000 to $9,999",1600
L2H,"$10,000 to $14,999",2020
L2H,"$15,000 to $19,999",2020
L2H,"$20,000 to $24,999",1860
L2H,"$25,000 to $29,999",1440
L2H,"$30,000 to $34,999",1320
L2H,"$35,000 to $39,999",1340
L2H,"$40,000 to $44,999",1220
L2H,"$45,000 to $49,999",1190
L2H,"$50,000 to $54,999",960
L2H,"$55,000 to $59,999",740
L2H,"$60,000 to $69,999",1290
L2H,"$70,000 to $79,999",1030
L2H,"$80,000 to $89,999",780
L2H,"$90,000 to $99,999",720
L2H,"$100,000 to $149,999",1420
L2H,"$150,000 to $249,999",420
L2H,"$250,000 and over",150
L2J,"Under $5,000",680
L2J,"$5,000 to $9,999",670
L2J,"$10,000 to $14,999",970
L2J,"$15,000 to $19,999",1020
L2J,"$20,000 to $24,999",1140
L2J,"$25,000 to $29,999",790
L2J,"$30,000 to $34,999",820
L2J,"$35,000 to $39,999",800
L2J,"$40,000 to $44,999",770
L2J,"$45,000 to $49,999",800
L2J,"$50,000 to $54,999",550
L2J,"$55,000 to $59,999",510
L2J,"$60,000 to $69,999",810
L2J,"$70,000 to $79,999",600
L2J,"$80,000 to $89,999",450
L2J,"$90,000 to $99,999",330
L2J,"$100,000 to $149,999",760
L2J,"$150,000 to $249,999",200
L2J,"$250,000 and over",100
L2M,"Under $5,000",1750
L2M,"$5,000 to $9,999",1320
L2M,"$10,000 to $14,999",2180
L2M,"$15,000 to $19,999",2330
L2M,"$20,000 to $24,999",2460
L2M,"$25,000 to $29,999",1890
L2M,"$30,000 to $34,999",1870
L2M,"$35,000 to $39,999",1850
L2M,"$40,000 to $44,999",1680
L2M,"$45,000 to $49,999",1550
L2M,"$50,000 to $54,999",1220
L2M,"$55,000 to $59,999",1050
L2M,"$60,000 to $69,999",1590
L2M,"$70,000 to $79,999",1170
L2M,"$80,000 to $89,999",780
L2M,"$90,000 to $99,999",690
L2M,"$100,000 to $149,999",1070
L2M,"$150,000 to $249,999",300
L2M,"$250,000 and over",100
L2N,"Under $5,000",1290
L2N,"$5,000 to $9,999",1050
L2N,"$10,000 to $14,999",1670
L2N,"$15,000 to $19,999",1890
L2N,"$20,000 to $24,999",2440
L2N,"$25,000 to $29,999",1590
L2N,"$30,000 to $34,999",1640
L2N,"$35,000 to $39,999",1660
L2N,"$40,000 to $44,999",1510
L2N,"$45,000 to $49,999",1520
L2N,"$50,000 to $54,999",1130
L2N,"$55,000 to $59,999",960
L2N,"$60,000 to $69,999",1680
L2N,"$70,000 to $79,999",1330
L2N,"$80,000 to $89,999",920
L2N,"$90,000 to $99,999",820
L2N,"$100,000 to $149,999",1470
L2N,"$150,000 to $249,999",590
L2N,"$250,000 and over",240
L2P,"Under $5,000",850
L2P,"$5,000 to $9,999",640
L2P,"$10,000 to $14,999",980
L2P,"$15,000 to $19,999",1080
L2P,"$20,000 to $24,999",1080
L2P,"$25,000 to $29,999",860
L2P,"$30,000 to $34,999",830
L2P,"$35,000 to $39,999",870
L2P,"$40,000 to $44,999",800
L2P,"$45,000 to $49,999",680
L2P,"$50,000 to $54,999",580
L2P,"$55,000 to $59,999",470
L2P,"$60,000 to $69,999",690
L2P,"$70,000 to $79,999",490
L2P,"$80,000 to $89,999",290
L2P,"$90,000 to $99,999",240
L2P,"$100,000 to $149,999",370
L2P,"$150,000 to $249,999",90
L2P,"$250,000 and over",20
L2R,"Under $5,000",1610
L2R,"$5,000 to $9,999",1140
L2R,"$10,000 to $14,999",2150
L2R,"$15,000 to $19,999",2150
L2R,"$20,000 to $24,999",1880
L2R,"$25,000 to $29,999",1310
L2R,"$30,000 to $34,999",1260
L2R,"$35,000 to $39,999",1140
L2R,"$40,000 to $44,999",1040
L2R,"$45,000 to $49,999",960
L2R,"$50,000 to $54,999",810
L2R,"$55,000 to $59,999",650
L2R,"$60,000 to $69,999",1010
L2R,"$70,000 to $79,999",660
L2R,"$80,000 to $89,999",530
L2R,"$90,000 to $99,999",430
L2R,"$100,000 to $149,999",870
L2R,"$150,000 to $249,999",360
L2R,"$250,000 and over",170
L2S,"Under $5,000",1260
L2S,"$5,000 to $9,999",920
L2S,"$10,000 to $14,999",1350
L2S,"$15,000 to $19,999",1260
L2S,"$20,000 to $24,999",1170
L2S,"$25,000 to $29,999",900
L2S,"$30,000 to $34,999",890
L2S,"$35,000 to $39,999",860
L2S,"$40,000 to $44,999",790
L2S,"$45,000 to $49,999",760
L2S,"$50,000 to $54,999",610
L2S,"$55,000 to $59,999",540
L2S,"$60,000 to $69,999",830
L2S,"$70,000 to $79,999",720
L2S,"$80,000 to $89,999",510
L2S,"$90,000 to $99,999",470
L2S,"$100,000 to $149,999",950
L2S,"$150,000 to $249,999",320
L2S,"$250,000 and over",120
L2T,"Under $5,000",1170
L2T,"$5,000 to $9,999",580
L2T,"$10,000 to $14,999",720
L2T,"$15,000 to $19,999",680
L2T,"$20,000 to $24,999",760
L2T,"$25,000 to $29,999",580
L2T,"$30,000 to $34,999",530
L2T,"$35,000 to $39,999",570
L2T,"$40,000 to $44,999",480
L2T,"$45,000 to $49,999",480
L2T,"$50,000 to $54,999",360
L2T,"$55,000 to $59,999",330
L2T,"$60,000 to $69,999",510
L2T,"$70,000 to $79,999",420
L2T,"$80,000 to $89,999",300
L2T,"$90,000 to $99,999",290
L2T,"$100,000 to $149,999",510
L2T,"$150,000 to $249,999",190
L2T,"$250,000 and over",100
L2V,"Under $5,000",1240
L2V,"$5,000 to $9,999",850
L2V,"$10,000 to $14,999",1250
L2V,"$15,000 to $19,999",1180
L2V,"$20,000 to $24,999",1180
L2V,"$25,000 to $29,999",910
L2V,"$30,000 to $34,999",910
L2V,"$35,000 to $39,999",890
L2V,"$40,000 to $44,999",840
L2V,"$45,000 to $49,999",790
L2V,"$50,000 to $54,999",690
L2V,"$55,000 to $59,999",520
L2V,"$60,000 to $69,999",850
L2V,"$70,000 to $79,999",590
L2V,"$80,000 to $89,999",420
L2V,"$90,000 to $99,999",350
L2V,"$100,000 to $149,999",620
L2V,"$150,000 to $249,999",160
L2V,"$250,000 and over",40
L2W,"Under $5,000",150
L2W,"$5,000 to $9,999",140
L2W,"$10,000 to $14,999",160
L2W,"$15,000 to $19,999",100
L2W,"$20,000 to $24,999",110
L2W,"$25,000 to $29,999",80
L2W,"$30,000 to $34,999",60
L2W,"$35,000 to $39,999",70
L2W,"$40,000 to $44,999",60
L2W,"$45,000 to $49,999",50
L2W,"$50,000 to $54,999",40
L2W,"$55,000 to $59,999",60
L2W,"$60,000 to $69,999",90
L2W,"$70,000 to $79,999",80
L2W,"$80,000 to $89,999",50
L2W,"$90,000 to $99,999",60
L2W,"$100,000 to $149,999",160
L2W,"$150,000 to $249,999",80
L2W,"$250,000 and over",40
L3B,"Under $5,000",1240
L3B,"$5,000 to $9,999",980
L3B,"$10,000 to $14,999",1850
L3B,"$15,000 to $19,999",1860
L3B,"$20,000 to $24,999",1880
L3B,"$25,000 to $29,999",1380
L3B,"$30,000 to $34,999",1390
L3B,"$35,000 to $39,999",1270
L3B,"$40,000 to $44,999",1210
L3B,"$45,000 to $49,999",1040
L3B,"$50,000 to $54,999",880
L3B,"$55,000 to $59,999",650
L3B,"$60,000 to $69,999",1040
L3B,"$70,000 to $79,999",700
L3B,"$80,000 to $89,999",490
L3B,"$90,000 to $99,999",350
L3B,"$100,000 to $149,999",540
L3B,"$150,000 to $249,999",150
L3B,"$250,000 and over",60
L3C,"Under $5,000",1760
L3C,"$5,000 to $9,999",1330
L3C,"$10,000 to $14,999",2120
L3C,"$15,000 to $19,999",2120
L3C,"$20,000 to $24,999",2370
L3C,"$25,000 to $29,999",1740
L3C,"$30,000 to $34,999",1800
L3C,"$35,000 to $39,999",1820
L3C,"$40,000 to $44,999",1510
L3C,"$45,000 to $49,999",1620
L3C,"$50,000 to $54,999",1270
L3C,"$55,000 to $59,999",1100
L3C,"$60,000 to $69,999",1660
L3C,"$70,000 to $79,999",1270
L3C,"$80,000 to $89,999",920
L3C,"$90,000 to $99,999",830
L3C,"$100,000 to $149,999",1360
L3C,"$150,000 to $249,999",350
L3C,"$250,000 and over",80
L3K,"Under $5,000",850
L3K,"$5,000 to $9,999",750
L3K,"$10,000 to $14,999",1320
L3K,"$15,000 to $19,999",1370
L3K,"$20,000 to $24,999",1580
L3K,"$25,000 to $29,999",1040
L3K,"$30,000 to $34,999",1090
L3K,"$35,000 to $39,999",1030
L3K,"$40,000 to $44,999",930
L3K,"$45,000 to $49,999",910
L3K,"$50,000 to $54,999",710
L3K,"$55,000 to $59,999",600
L3K,"$60,000 to $69,999",950
L3K,"$70,000 to $79,999",680
L3K,"$80,000 to $89,999",480
L3K,"$90,000 to $99,999",370
L3K,"$100,000 to $149,999",650
L3K,"$150,000 to $249,999",160
L3K,"$250,000 and over",80
L3L,"Under $5,000",50
L3L,"$5,000 to $9,999",30
L3L,"$10,000 to $14,999",40
L3L,"$15,000 to $19,999",40
L3L,"$20,000 to $24,999",50
L3L,"$25,000 to $29,999",30
L3L,"$30,000 to $34,999",30
L3L,"$35,000 to $39,999",40
L3L,"$40,000 to $44,999",20
L3L,"$45,000 to $49,999",20
L3L,"$50,000 to $54,999",20
L3L,"$55,000 to $59,999",20
L3L,"$60,000 to $69,999",40
L3L,"$70,000 to $79,999",30
L3L,"$80,000 to $89,999",20
L3L,"$90,000 to $99,999",30
L3L,"$100,000 to $149,999",70
L3L,"$150,000 to $249,999",40
L3L,"$250,000 and over",60
L3M,"Under $5,000",1220
L3M,"$5,000 to $9,999",940
L3M,"$10,000 to $14,999",1250
L3M,"$15,000 to $19,999",1280
L3M,"$20,000 to $24,999",1490
L3M,"$25,000 to $29,999",1090
L3M,"$30,000 to $34,999",1050
L3M,"$35,000 to $39,999",1160
L3M,"$40,000 to $44,999",1230
L3M,"$45,000 to $49,999",1170
L3M,"$50,000 to $54,999",920
L3M,"$55,000 to $59,999",850
L3M,"$60,000 to $69,999",1610
L3M,"$70,000 to $79,999",1350
L3M,"$80,000 to $89,999",1120
L3M,"$90,000 to $99,999",1030
L3M,"$100,000 to $149,999",2170
L3M,"$150,000 to $249,999",820
L3M,"$250,000 and over",330
L3P,"Under $5,000",3090
L3P,"$5,000 to $9,999",1920
L3P,"$10,000 to $14,999",2550
L3P,"$15,000 to $19,999",2440
L3P,"$20,000 to $24,999",1960
L3P,"$25,000 to $29,999",1480
L3P,"$30,000 to $34,999",1350
L3P,"$35,000 to $39,999",1400
L3P,"$40,000 to $44,999",1290
L3P,"$45,000 to $49,999",1410
L3P,"$50,000 to $54,999",1160
L3P,"$55,000 to $59,999",1050
L3P,"$60,000 to $69,999",1870
L3P,"$70,000 to $79,999",1630
L3P,"$80,000 to $89,999",1310
L3P,"$90,000 to $99,999",1100
L3P,"$100,000 to $149,999",2920
L3P,"$150,000 to $249,999",1360
L3P,"$250,000 and over",620
L3R,"Under $5,000",6770
L3R,"$5,000 to $9,999",4060
L3R,"$10,000 to $14,999",5480
L3R,"$15,000 to $19,999",5620
L3R,"$20,000 to $24,999",3710
L3R,"$25,000 to $29,999",2810
L3R,"$30,000 to $34,999",2530
L3R,"$35,000 to $39,999",2320
L3R,"$40,000 to $44,999",2200
L3R,"$45,000 to $49,999",1970
L3R,"$50,000 to $54,999",1700
L3R,"$55,000 to $59,999",1540
L3R,"$60,000 to $69,999",2560
L3R,"$70,000 to $79,999",2190
L3R,"$80,000 to $89,999",1760
L3R,"$90,000 to $99,999",1490
L3R,"$100,000 to $149,999",3820
L3R,"$150,000 to $249,999",1860
L3R,"$250,000 and over",940
L3S,"Under $5,000",6600
L3S,"$5,000 to $9,999",3990
L3S,"$10,000 to $14,999",5280
L3S,"$15,000 to $19,999",5340
L3S,"$20,000 to $24,999",3530
L3S,"$25,000 to $29,999",2740
L3S,"$30,000 to $34,999",2570
L3S,"$35,000 to $39,999",2350
L3S,"$40,000 to $44,999",1990
L3S,"$45,000 to $49,999",1910
L3S,"$50,000 to $54,999",1600
L3S,"$55,000 to $59,999",1290
L3S,"$60,000 to $69,999",2170
L3S,"$70,000 to $79,999",1580
L3S,"$80,000 to $89,999",1160
L3S,"$90,000 to $99,999",970
L3S,"$100,000 to $149,999",2000
L3S,"$150,000 to $249,999",620
L3S,"$250,000 and over",200
L3T,"Under $5,000",5050
L3T,"$5,000 to $9,999",3110
L3T,"$10,000 to $14,999",3550
L3T,"$15,000 to $19,999",3500
L3T,"$20,000 to $24,999",2680
L3T,"$25,000 to $29,999",1890
L3T,"$30,000 to $34,999",1840
L3T,"$35,000 to $39,999",1740
L3T,"$40,000 to $44,999",1650
L3T,"$45,000 to $49,999",1780
L3T,"$50,000 to $54,999",1450
L3T,"$55,000 to $59,999",1330
L3T,"$60,000 to $69,999",2460
L3T,"$70,000 to $79,999",2060
L3T,"$80,000 to $89,999",1810
L3T,"$90,000 to $99,999",1590
L3T,"$100,000 to $149,999",3800
L3T,"$150,000 to $249,999",1820
L3T,"$250,000 and over",1020
L3V,"Under $5,000",2620
L3V,"$5,000 to $9,999",1860
L3V,"$10,000 to $14,999",3040
L3V,"$15,000 to $19,999",3280
L3V,"$20,000 to $24,999",3450
L3V,"$25,000 to $29,999",2320
L3V,"$30,000 to $34,999",2380
L3V,"$35,000 to $39,999",2330
L3V,"$40,000 to $44,999",2060
L3V,"$45,000 to $49,999",2110
L3V,"$50,000 to $54,999",1650
L3V,"$55,000 to $59,999",1380
L3V,"$60,000 to $69,999",2430
L3V,"$70,000 to $79,999",1750
L3V,"$80,000 to $89,999",1260
L3V,"$90,000 to $99,999",1020
L3V,"$100,000 to $149,999",2020
L3V,"$150,000 to $249,999",650
L3V,"$250,000 and over",290
L3X,"Under $5,000",3620
L3X,"$5,000 to $9,999",2670
L3X,"$10,000 to $14,999",2830
L3X,"$15,000 to $19,999",2490
L3X,"$20,000 to $24,999",2040
L3X,"$25,000 to $29,999",1580
L3X,"$30,000 to $34,999",1540
L3X,"$35,000 to $39,999",1400
L3X,"$40,000 to $44,999",1360
L3X,"$45,000 to $49,999",1490
L3X,"$50,000 to $54,999",1220
L3X,"$55,000 to $59,999",1090
L3X,"$60,000 to $69,999",2000
L3X,"$70,000 to $79,999",1760
L3X,"$80,000 to $89,999",1410
L3X,"$90,000 to $99,999",1330
L3X,"$100,000 to $149,999",3450
L3X,"$150,000 to $249,999",1440
L3X,"$250,000 and over",630
L3Y,"Under $5,000",2490
L3Y,"$5,000 to $9,999",1870
L3Y,"$10,000 to $14,999",2640
L3Y,"$15,000 to $19,999",2600
L3Y,"$20,000 to $24,999",2540
L3Y,"$25,000 to $29,999",1890
L3Y,"$30,000 to $34,999",1870
L3Y,"$35,000 to $39,999",1920
L3Y,"$40,000 to $44,999",1910
L3Y,"$45,000 to $49,999",1750
L3Y,"$50,000 to $54,999",1580
L3Y,"$55,000 to $59,999",1350
L3Y,"$60,000 to $69,999",2270
L3Y,"$70,000 to $79,999",1890
L3Y,"$80,000 to $89,999",1490
L3Y,"$90,000 to $99,999",1240
L3Y,"$100,000 to $149,999",2810
L3Y,"$150,000 to $249,999",950
L3Y,"$250,000 and over",340
L3Z,"Under $5,000",2530
L3Z,"$5,000 to $9,999",1740
L3Z,"$10,000 to $14,999",2260
L3Z,"$15,000 to $19,999",2130
L3Z,"$20,000 to $24,999",2190
L3Z,"$25,000 to $29,999",1550
L3Z,"$30,000 to $34,999",1480
L3Z,"$35,000 to $39,999",1570
L3Z,"$40,000 to $44,999",1420
L3Z,"$45,000 to $49,999",1380
L3Z,"$50,000 to $54,999",1240
L3Z,"$55,000 to $59,999",1120
L3Z,"$60,000 to $69,999",1980
L3Z,"$70,000 to $79,999",1590
L3Z,"$80,000 to $89,999",1310
L3Z,"$90,000 to $99,999",1020
L3Z,"$100,000 to $149,999",2230
L3Z,"$150,000 to $249,999",570
L3Z,"$250,000 and over",170
L4A,"Under $5,000",3020
L4A,"$5,000 to $9,999",2030
L4A,"$10,000 to $14,999",2380
L4A,"$15,000 to $19,999",2480
L4A,"$20,000 to $24,999",2160
L4A,"$25,000 to $29,999",1560
L4A,"$30,000 to $34,999",1550
L4A,"$35,000 to $39,999",1580
L4A,"$40,000 to $44,999",1580
L4A,"$45,000 to $49,999",1690
L4A,"$50,000 to $54,999",1460
L4A,"$55,000 to $59,999",1330
L4A,"$60,000 to $69,999",2390
L4A,"$70,000 to $79,999",2160
L4A,"$80,000 to $89,999",1720
L4A,"$90,000 to $99,999",1630
L4A,"$100,000 to $149,999",3640
L4A,"$150,000 to $249,999",1490
L4A,"$250,000 and over",780
L4B,"Under $5,000",4200
L4B,"$5,000 to $9,999",2320
L4B,"$10,000 to $14,999",2820
L4B,"$15,000 to $19,999",2770
L4B,"$20,000 to $24,999",1900
L4B,"$25,000 to $29,999",1420
L4B,"$30,000 to $34,999",1320
L4B,"$35,000 to $39,999",1190
L4B,"$40,000 to $44,999",1180
L4B,"$45,000 to $49,999",1090
L4B,"$50,000 to $54,999",990
L4B,"$55,000 to $59,999",890
L4B,"$60,000 to $69,999",1680
L4B,"$70,000 to $79,999",1450
L4B,"$80,000 to $89,999",1230
L4B,"$90,000 to $99,999",1090
L4B,"$100,000 to $149,999",3030
L4B,"$150,000 to $249,999",1560
L4B,"$250,000 and over",800
L4C,"Under $5,000",7560
L4C,"$5,000 to $9,999",4870
L4C,"$10,000 to $14,999",5780
L4C,"$15,000 to $19,999",5760
L4C,"$20,000 to $24,999",4340
L4C,"$25,000 to $29,999",3060
L4C,"$30,000 to $34,999",2970
L4C,"$35,000 to $39,999",2730
L4C,"$40,000 to $44,999",2560
L4C,"$45,000 to $49,999",2540
L4C,"$50,000 to $54,999",2170
L4C,"$55,000 to $59,999",1900
L4C,"$60,000 to $69,999",3280
L4C,"$70,000 to $79,999",2780
L4C,"$80,000 to $89,999",2210
L4C,"$90,000 to $99,999",1840
L4C,"$100,000 to $149,999",4470
L4C,"$150,000 to $249,999",2070
L4C,"$250,000 and over",950
L4E,"Under $5,000",5510
L4E,"$5,000 to $9,999",3430
L4E,"$10,000 to $14,999",3500
L4E,"$15,000 to $19,999",3210
L4E,"$20,000 to $24,999",2310
L4E,"$25,000 to $29,999",1810
L4E,"$30,000 to $34,999",1630
L4E,"$35,000 to $39,999",1430
L4E,"$40,000 to $44,999",1450
L4E,"$45,000 to $49,999",1390
L4E,"$50,000 to $54,999",1330
L4E,"$55,000 to $59,999",1150
L4E,"$60,000 to $69,999",2210
L4E,"$70,000 to $79,999",1930
L4E,"$80,000 to $89,999",1610
L4E,"$90,000 to $99,999",1610
L4E,"$100,000 to $149,999",4360
L4E,"$150,000 to $249,999",1730
L4E,"$250,000 and over",760
L4G,"Under $5,000",4470
L4G,"$5,000 to $9,999",3170
L4G,"$10,000 to $14,999",3400
L4G,"$15,000 to $19,999",3180
L4G,"$20,000 to $24,999",2750
L4G,"$25,000 to $29,999",2140
L4G,"$30,000 to $34,999",2060
L4G,"$35,000 to $39,999",1970
L4G,"$40,000 to $44,999",1930
L4G,"$45,000 to $49,999",1950
L4G,"$50,000 to $54,999",1760
L4G,"$55,000 to $59,999",1530
L4G,"$60,000 to $69,999",2830
L4G,"$70,000 to $79,999",2520
L4G,"$80,000 to $89,999",2100
L4G,"$90,000 to $99,999",1970
L4G,"$100,000 to $149,999",4910
L4G,"$150,000 to $249,999",2330
L4G,"$250,000 and over",1460
L4H,"Under $5,000",5540
L4H,"$5,000 to $9,999",3700
L4H,"$10,000 to $14,999",4320
L4H,"$15,000 to $19,999",4310
L4H,"$20,000 to $24,999",3320
L4H,"$25,000 to $29,999",2670
L4H,"$30,000 to $34,999",2510
L4H,"$35,000 to $39,999",2360
L4H,"$40,000 to $44,999",2300
L4H,"$45,000 to $49,999",2320
L4H,"$50,000 to $54,999",2060
L4H,"$55,000 to $59,999",1850
L4H,"$60,000 to $69,999",3460
L4H,"$70,000 to $79,999",3010
L4H,"$80,000 to $89,999",2570
L4H,"$90,000 to $99,999",2260
L4H,"$100,000 to $149,999",5670
L4H,"$150,000 to $249,999",2130
L4H,"$250,000 and over",800
L4J,"Under $5,000",6620
L4J,"$5,000 to $9,999",4450
L4J,"$10,000 to $14,999",5210
L4J,"$15,000 to $19,999",5160
L4J,"$20,000 to $24,999",3920
L4J,"$25,000 to $29,999",2890
L4J,"$30,000 to $34,999",2640
L4J,"$35,000 to $39,999",2520
L4J,"$40,000 to $44,999",2470
L4J,"$45,000 to $49,999",2450
L4J,"$50,000 to $54,999",2120
L4J,"$55,000 to $59,999",2000
L4J,"$60,000 to $69,999",3500
L4J,"$70,000 to $79,999",3150
L4J,"$80,000 to $89,999",2600
L4J,"$90,000 to $99,999",2360
L4J,"$100,000 to $149,999",6210
L4J,"$150,000 to $249,999",3180
L4J,"$250,000 and over",1730
L4K,"Under $5,000",1430
L4K,"$5,000 to $9,999",1000
L4K,"$10,000 to $14,999",1180
L4K,"$15,000 to $19,999",1200
L4K,"$20,000 to $24,999",1110
L4K,"$25,000 to $29,999",770
L4K,"$30,000 to $34,999",750
L4K,"$35,000 to $39,999",650
L4K,"$40,000 to $44,999",680
L4K,"$45,000 to $49,999",660
L4K,"$50,000 to $54,999",600
L4K,"$55,000 to $59,999",520
L4K,"$60,000 to $69,999",880
L4K,"$70,000 to $79,999",750
L4K,"$80,000 to $89,999",620
L4K,"$90,000 to $99,999",480
L4K,"$100,000 to $149,999",1070
L4K,"$150,000 to $249,999",360
L4K,"$250,000 and over",240
L4L,"Under $5,000",3280
L4L,"$5,000 to $9,999",2290
L4L,"$10,000 to $14,999",3320
L4L,"$15,000 to $19,999",3660
L4L,"$20,000 to $24,999",3970
L4L,"$25,000 to $29,999",2690
L4L,"$30,000 to $34,999",2480
L4L,"$35,000 to $39,999",2430
L4L,"$40,000 to $44,999",2230
L4L,"$45,000 to $49,999",2170
L4L,"$50,000 to $54,999",1860
L4L,"$55,000 to $59,999",1700
L4L,"$60,000 to $69,999",2970
L4L,"$70,000 to $79,999",2470
L4L,"$80,000 to $89,999",2010
L4L,"$90,000 to $99,999",1630
L4L,"$100,000 to $149,999",3850
L4L,"$150,000 to $249,999",1670
L4L,"$250,000 and over",950
L4M,"Under $5,000",3740
L4M,"$5,000 to $9,999",2310
L4M,"$10,000 to $14,999",3240
L4M,"$15,000 to $19,999",3180
L4M,"$20,000 to $24,999",3130
L4M,"$25,000 to $29,999",2300
L4M,"$30,000 to $34,999",2160
L4M,"$35,000 to $39,999",1970
L4M,"$40,000 to $44,999",1880
L4M,"$45,000 to $49,999",1810
L4M,"$50,000 to $54,999",1450
L4M,"$55,000 to $59,999",1250
L4M,"$60,000 to $69,999",2230
L4M,"$70,000 to $79,999",1750
L4M,"$80,000 to $89,999",1360
L4M,"$90,000 to $99,999",1150
L4M,"$100,000 to $149,999",2320
L4M,"$150,000 to $249,999",720
L4M,"$250,000 and over",270
L4N,"Under $5,000",5800
L4N,"$5,000 to $9,999",4110
L4N,"$10,000 to $14,999",5870
L4N,"$15,000 to $19,999",5760
L4N,"$20,000 to $24,999",5860
L4N,"$25,000 to $29,999",4260
L4N,"$30,000 to $34,999",4210
L4N,"$35,000 to $39,999",4250
L4N,"$40,000 to $44,999",4030
L4N,"$45,000 to $49,999",3870
L4N,"$50,000 to $54,999",3140
L4N,"$55,000 to $59,999",2790
L4N,"$60,000 to $69,999",4850
L4N,"$70,000 to $79,999",3960
L4N,"$80,000 to $89,999",3210
L4N,"$90,000 to $99,999",2640
L4N,"$100,000 to $149,999",5530
L4N,"$150,000 to $249,999",1620
L4N,"$250,000 and over",590
L4P,"Under $5,000",1620
L4P,"$5,000 to $9,999",1240
L4P,"$10,000 to $14,999",1790
L4P,"$15,000 to $19,999",1640
L4P,"$20,000 to $24,999",1730
L4P,"$25,000 to $29,999",1200
L4P,"$30,000 to $34,999",1190
L4P,"$35,000 to $39,999",1180
L4P,"$40,000 to $44,999",1140
L4P,"$45,000 to $49,999",1170
L4P,"$50,000 to $54,999",950
L4P,"$55,000 to $59,999",920
L4P,"$60,000 to $69,999",1490
L4P,"$70,000 to $79,999",1240
L4P,"$80,000 to $89,999",1000
L4P,"$90,000 to $99,999",800
L4P,"$100,000 to $149,999",1600
L4P,"$150,000 to $249,999",390
L4P,"$250,000 and over",120
L4R,"Under $5,000",910
L4R,"$5,000 to $9,999",810
L4R,"$10,000 to $14,999",1360
L4R,"$15,000 to $19,999",1460
L4R,"$20,000 to $24,999",1660
L4R,"$25,000 to $29,999",1170
L4R,"$30,000 to $34,999",1040
L4R,"$35,000 to $39,999",960
L4R,"$40,000 to $44,999",910
L4R,"$45,000 to $49,999",850
L4R,"$50,000 to $54,999",650
L4R,"$55,000 to $59,999",560
L4R,"$60,000 to $69,999",940
L4R,"$70,000 to $79,999",660
L4R,"$80,000 to $89,999",440
L4R,"$90,000 to $99,999",360
L4R,"$100,000 to $149,999",620
L4R,"$150,000 to $249,999",200
L4R,"$250,000 and over",100
L4S,"Under $5,000",4330
L4S,"$5,000 to $9,999",2400
L4S,"$10,000 to $14,999",2730
L4S,"$15,000 to $19,999",2650
L4S,"$20,000 to $24,999",1730
L4S,"$25,000 to $29,999",1230
L4S,"$30,000 to $34,999",1190
L4S,"$35,000 to $39,999",1060
L4S,"$40,000 to $44,999",1000
L4S,"$45,000 to $49,999",960
L4S,"$50,000 to $54,999",900
L4S,"$55,000 to $59,999",770
L4S,"$60,000 to $69,999",1440
L4S,"$70,000 to $79,999",1190
L4S,"$80,000 to $89,999",1110
L4S,"$90,000 to $99,999",1010
L4S,"$100,000 to $149,999",2720
L4S,"$150,000 to $249,999",1050
L4S,"$250,000 and over",350
L4T,"Under $5,000",6550
L4T,"$5,000 to $9,999",3080
L4T,"$10,000 to $14,999",3700
L4T,"$15,000 to $19,999",3470
L4T,"$20,000 to $24,999",3050
L4T,"$25,000 to $29,999",2400
L4T,"$30,000 to $34,999",2250
L4T,"$35,000 to $39,999",2010
L4T,"$40,000 to $44,999",1770
L4T,"$45,000 to $49,999",1450
L4T,"$50,000 to $54,999",1200
L4T,"$55,000 to $59,999",960
L4T,"$60,000 to $69,999",1320
L4T,"$70,000 to $79,999",920
L4T,"$80,000 to $89,999",590
L4T,"$90,000 to $99,999",390
L4T,"$100,000 to $149,999",600
L4T,"$150,000 to $249,999",80
L4T,"$250,000 and over",20
L4V,"Under $5,000",10
L4V,"$5,000 to $9,999",0
L4V,"$10,000 to $14,999",0
L4V,"$15,000 to $19,999",0
L4V,"$20,000 to $24,999",0
L4V,"$25,000 to $29,999",0
L4V,"$30,000 to $34,999",0
L4V,"$35,000 to $39,999",0
L4V,"$40,000 to $44,999",0
L4V,"$45,000 to $49,999",0
L4V,"$50,000 to $54,999",10
L4V,"$55,000 to $59,999",0
L4V,"$60,000 to $69,999",10
L4V,"$70,000 to $79,999",10
L4V,"$80,000 to $89,999",0
L4V,"$90,000 to $99,999",0
L4V,"$100,000 to $149,999",10
L4V,"$150,000 to $249,999",10
L4V,"$250,000 and over",20
L4W,"Under $5,000",1390
L4W,"$5,000 to $9,999",950
L4W,"$10,000 to $14,999",1310
L4W,"$15,000 to $19,999",1360
L4W,"$20,000 to $24,999",1240
L4W,"$25,000 to $29,999",1000
L4W,"$30,000 to $34,999",910
L4W,"$35,000 to $39,999",880
L4W,"$40,000 to $44,999",920
L4W,"$45,000 to $49,999",850
L4W,"$50,000 to $54,999",750
L4W,"$55,000 to $59,999",650
L4W,"$60,000 to $69,999",1180
L4W,"$70,000 to $79,999",1080
L4W,"$80,000 to $89,999",760
L4W,"$90,000 to $99,999",660
L4W,"$100,000 to $149,999",1380
L4W,"$150,000 to $249,999",500
L4W,"$250,000 and over",220
L4X,"Under $5,000",1800
L4X,"$5,000 to $9,999",1120
L4X,"$10,000 to $14,999",1370
L4X,"$15,000 to $19,999",1410
L4X,"$20,000 to $24,999",1260
L4X,"$25,000 to $29,999",890
L4X,"$30,000 to $34,999",900
L4X,"$35,000 to $39,999",840
L4X,"$40,000 to $44,999",770
L4X,"$45,000 to $49,999",690
L4X,"$50,000 to $54,999",580
L4X,"$55,000 to $59,999",490
L4X,"$60,000 to $69,999",870
L4X,"$70,000 to $79,999",620
L4X,"$80,000 to $89,999",480
L4X,"$90,000 to $99,999",330
L4X,"$100,000 to $149,999",680
L4X,"$150,000 to $249,999",210
L4X,"$250,000 and over",90
L4Y,"Under $5,000",1730
L4Y,"$5,000 to $9,999",1140
L4Y,"$10,000 to $14,999",1500
L4Y,"$15,000 to $19,999",1720
L4Y,"$20,000 to $24,999",1510
L4Y,"$25,000 to $29,999",1090
L4Y,"$30,000 to $34,999",1070
L4Y,"$35,000 to $39,999",1020
L4Y,"$40,000 to $44,999",1020
L4Y,"$45,000 to $49,999",930
L4Y,"$50,000 to $54,999",780
L4Y,"$55,000 to $59,999",700
L4Y,"$60,000 to $69,999",1170
L4Y,"$70,000 to $79,999",980
L4Y,"$80,000 to $89,999",790
L4Y,"$90,000 to $99,999",620
L4Y,"$100,000 to $149,999",1290
L4Y,"$150,000 to $249,999",460
L4Y,"$250,000 and over",170
L4Z,"Under $5,000",3900
L4Z,"$5,000 to $9,999",2110
L4Z,"$10,000 to $14,999",2590
L4Z,"$15,000 to $19,999",2690
L4Z,"$20,000 to $24,999",2140
L4Z,"$25,000 to $29,999",1590
L4Z,"$30,000 to $34,999",1620
L4Z,"$35,000 to $39,999",1560
L4Z,"$40,000 to $44,999",1530
L4Z,"$45,000 to $49,999",1480
L4Z,"$50,000 to $54,999",1290
L4Z,"$55,000 to $59,999",1230
L4Z,"$60,000 to $69,999",1980
L4Z,"$70,000 to $79,999",1490
L4Z,"$80,000 to $89,999",1160
L4Z,"$90,000 to $99,999",990
L4Z,"$100,000 to $149,999",2010
L4Z,"$150,000 to $249,999",540
L4Z,"$250,000 and over",190
L5A,"Under $5,000",4630
L5A,"$5,000 to $9,999",2600
L5A,"$10,000 to $14,999",3340
L5A,"$15,000 to $19,999",3730
L5A,"$20,000 to $24,999",3200
L5A,"$25,000 to $29,999",2360
L5A,"$30,000 to $34,999",2270
L5A,"$35,000 to $39,999",2180
L5A,"$40,000 to $44,999",2010
L5A,"$45,000 to $49,999",2000
L5A,"$50,000 to $54,999",1620
L5A,"$55,000 to $59,999",1450
L5A,"$60,000 to $69,999",2310
L5A,"$70,000 to $79,999",1640
L5A,"$80,000 to $89,999",1250
L5A,"$90,000 to $99,999",940
L5A,"$100,000 to $149,999",1780
L5A,"$150,000 to $249,999",420
L5A,"$250,000 and over",130
L5B,"Under $5,000",8290
L5B,"$5,000 to $9,999",3560
L5B,"$10,000 to $14,999",4350
L5B,"$15,000 to $19,999",4520
L5B,"$20,000 to $24,999",3760
L5B,"$25,000 to $29,999",2710
L5B,"$30,000 to $34,999",2540
L5B,"$35,000 to $39,999",2470
L5B,"$40,000 to $44,999",2340
L5B,"$45,000 to $49,999",2310
L5B,"$50,000 to $54,999",2000
L5B,"$55,000 to $59,999",1810
L5B,"$60,000 to $69,999",3070
L5B,"$70,000 to $79,999",2570
L5B,"$80,000 to $89,999",2100
L5B,"$90,000 to $99,999",1590
L5B,"$100,000 to $149,999",3280
L5B,"$150,000 to $249,999",870
L5B,"$250,000 and over",300
L5C,"Under $5,000",3070
L5C,"$5,000 to $9,999",1710
L5C,"$10,000 to $14,999",2020
L5C,"$15,000 to $19,999",2140
L5C,"$20,000 to $24,999",1860
L5C,"$25,000 to $29,999",1270
L5C,"$30,000 to $34,999",1270
L5C,"$35,000 to $39,999",1300
L5C,"$40,000 to $44,999",1190
L5C,"$45,000 to $49,999",1200
L5C,"$50,000 to $54,999",980
L5C,"$55,000 to $59,999",850
L5C,"$60,000 to $69,999",1450
L5C,"$70,000 to $79,999",1130
L5C,"$80,000 to $89,999",890
L5C,"$90,000 to $99,999",700
L5C,"$100,000 to $149,999",1470
L5C,"$150,000 to $249,999",580
L5C,"$250,000 and over",260
L5E,"Under $5,000",680
L5E,"$5,000 to $9,999",550
L5E,"$10,000 to $14,999",720
L5E,"$15,000 to $19,999",740
L5E,"$20,000 to $24,999",770
L5E,"$25,000 to $29,999",540
L5E,"$30,000 to $34,999",480
L5E,"$35,000 to $39,999",530
L5E,"$40,000 to $44,999",520
L5E,"$45,000 to $49,999",500
L5E,"$50,000 to $54,999",470
L5E,"$55,000 to $59,999",430
L5E,"$60,000 to $69,999",660
L5E,"$70,000 to $79,999",570
L5E,"$80,000 to $89,999",500
L5E,"$90,000 to $99,999",400
L5E,"$100,000 to $149,999",930
L5E,"$150,000 to $249,999",390
L5E,"$250,000 and over",140
L5G,"Under $5,000",1160
L5G,"$5,000 to $9,999",760
L5G,"$10,000 to $14,999",1070
L5G,"$15,000 to $19,999",1130
L5G,"$20,000 to $24,999",1120
L5G,"$25,000 to $29,999",770
L5G,"$30,000 to $34,999",760
L5G,"$35,000 to $39,999",720
L5G,"$40,000 to $44,999",650
L5G,"$45,000 to $49,999",730
L5G,"$50,000 to $54,999",590
L5G,"$55,000 to $59,999",560
L5G,"$60,000 to $69,999",1020
L5G,"$70,000 to $79,999",860
L5G,"$80,000 to $89,999",690
L5G,"$90,000 to $99,999",620
L5G,"$100,000 to $149,999",1500
L5G,"$150,000 to $249,999",980
L5G,"$250,000 and over",840
L5H,"Under $5,000",1170
L5H,"$5,000 to $9,999",740
L5H,"$10,000 to $14,999",880
L5H,"$15,000 to $19,999",740
L5H,"$20,000 to $24,999",730
L5H,"$25,000 to $29,999",570
L5H,"$30,000 to $34,999",580
L5H,"$35,000 to $39,999",510
L5H,"$40,000 to $44,999",460
L5H,"$45,000 to $49,999",540
L5H,"$50,000 to $54,999",450
L5H,"$55,000 to $59,999",440
L5H,"$60,000 to $69,999",800
L5H,"$70,000 to $79,999",720
L5H,"$80,000 to $89,999",590
L5H,"$90,000 to $99,999",550
L5H,"$100,000 to $149,999",1580
L5H,"$150,000 to $249,999",1120
L5H,"$250,000 and over",1100
L5J,"Under $5,000",1880
L5J,"$5,000 to $9,999",1190
L5J,"$10,000 to $14,999",1580
L5J,"$15,000 to $19,999",1500
L5J,"$20,000 to $24,999",1430
L5J,"$25,000 to $29,999",1120
L5J,"$30,000 to $34,999",1110
L5J,"$35,000 to $39,999",1030
L5J,"$40,000 to $44,999",1100
L5J,"$45,000 to $49,999",1170
L5J,"$50,000 to $54,999",920
L5J,"$55,000 to $59,999",870
L5J,"$60,000 to $69,999",1460
L5J,"$70,000 to $79,999",1240
L5J,"$80,000 to $89,999",950
L5J,"$90,000 to $99,999",820
L5J,"$100,000 to $149,999",1950
L5J,"$150,000 to $249,999",980
L5J,"$250,000 and over",580
L5K,"Under $5,000",1220
L5K,"$5,000 to $9,999",700
L5K,"$10,000 to $14,999",830
L5K,"$15,000 to $19,999",790
L5K,"$20,000 to $24,999",710
L5K,"$25,000 to $29,999",530
L5K,"$30,000 to $34,999",510
L5K,"$35,000 to $39,999",520
L5K,"$40,000 to $44,999",530
L5K,"$45,000 to $49,999",460
L5K,"$50,000 to $54,999",400
L5K,"$55,000 to $59,999",360
L5K,"$60,000 to $69,999",610
L5K,"$70,000 to $79,999",540
L5K,"$80,000 to $89,999",410
L5K,"$90,000 to $99,999",360
L5K,"$100,000 to $149,999",890
L5K,"$150,000 to $249,999",360
L5K,"$250,000 and over",220
L5L,"Under $5,000",3860
L5L,"$5,000 to $9,999",2320
L5L,"$10,000 to $14,999",2650
L5L,"$15,000 to $19,999",2720
L5L,"$20,000 to $24,999",2450
L5L,"$25,000 to $29,999",1750
L5L,"$30,000 to $34,999",1770
L5L,"$35,000 to $39,999",1710
L5L,"$40,000 to $44,999",1710
L5L,"$45,000 to $49,999",1710
L5L,"$50,000 to $54,999",1480
L5L,"$55,000 to $59,999",1270
L5L,"$60,000 to $69,999",2420
L5L,"$70,000 to $79,999",2000
L5L,"$80,000 to $89,999",1520
L5L,"$90,000 to $99,999",1370
L5L,"$100,000 to $149,999",2870
L5L,"$150,000 to $249,999",1260
L5L,"$250,000 and over",590
L5M,"Under $5,000",13280
L5M,"$5,000 to $9,999",6400
L5M,"$10,000 to $14,999",6950
L5M,"$15,000 to $19,999",6420
L5M,"$20,000 to $24,999",5180
L5M,"$25,000 to $29,999",3900
L5M,"$30,000 to $34,999",3720
L5M,"$35,000 to $39,999",3440
L5M,"$40,000 to $44,999",3350
L5M,"$45,000 to $49,999",3270
L5M,"$50,000 to $54,999",3000
L5M,"$55,000 to $59,999",2690
L5M,"$60,000 to $69,999",4860
L5M,"$70,000 to $79,999",4110
L5M,"$80,000 to $89,999",3470
L5M,"$90,000 to $99,999",3080
L5M,"$100,000 to $149,999",7450
L5M,"$150,000 to $249,999",2850
L5M,"$250,000 and over",1020
L5N,"Under $5,000",7440
L5N,"$5,000 to $9,999",4230
L5N,"$10,000 to $14,999",4830
L5N,"$15,000 to $19,999",4670
L5N,"$20,000 to $24,999",4120
L5N,"$25,000 to $29,999",3190
L5N,"$30,000 to $34,999",3090
L5N,"$35,000 to $39,999",3080
L5N,"$40,000 to $44,999",3110
L5N,"$45,000 to $49,999",3270
L5N,"$50,000 to $54,999",2930
L5N,"$55,000 to $59,999",2740
L5N,"$60,000 to $69,999",4800
L5N,"$70,000 to $79,999",3910
L5N,"$80,000 to $89,999",3040
L5N,"$90,000 to $99,999",2590
L5N,"$100,000 to $149,999",5820
L5N,"$150,000 to $249,999",1890
L5N,"$250,000 and over",550
L5P,"Under $5,000",0
L5P,"$5,000 to $9,999",0
L5P,"$10,000 to $14,999",0
L5P,"$15,000 to $19,999",0
L5P,"$20,000 to $24,999",0
L5P,"$25,000 to $29,999",0
L5P,"$30,000 to $34,999",0
L5P,"$35,000 to $39,999",0
L5P,"$40,000 to $44,999",0
L5P,"$45,000 to $49,999",0
L5P,"$50,000 to $54,999",0
L5P,"$55,000 to $59,999",0
L5P,"$60,000 to $69,999",0
L5P,"$70,000 to $79,999",0
L5P,"$80,000 to $89,999",0
L5P,"$90,000 to $99,999",0
L5P,"$100,000 to $149,999",0
L5P,"$150,000 to $249,999",0
L5P,"$250,000 and over",0
L5R,"Under $5,000",4130
L5R,"$5,000 to $9,999",2270
L5R,"$10,000 to $14,999",2720
L5R,"$15,000 to $19,999",2940
L5R,"$20,000 to $24,999",2240
L5R,"$25,000 to $29,999",1650
L5R,"$30,000 to $34,999",1680
L5R,"$35,000 to $39,999",1650
L5R,"$40,000 to $44,999",1570
L5R,"$45,000 to $49,999",1450
L5R,"$50,000 to $54,999",1290
L5R,"$55,000 to $59,999",1150
L5R,"$60,000 to $69,999",1920
L5R,"$70,000 to $79,999",1470
L5R,"$80,000 to $89,999",1170
L5R,"$90,000 to $99,999",900
L5R,"$100,000 to $149,999",1990
L5R,"$150,000 to $249,999",600
L5R,"$250,000 and over",190
L5S,"Under $5,000",30
L5S,"$5,000 to $9,999",10
L5S,"$10,000 to $14,999",10
L5S,"$15,000 to $19,999",20
L5S,"$20,000 to $24,999",10
L5S,"$25,000 to $29,999",10
L5S,"$30,000 to $34,999",10
L5S,"$35,000 to $39,999",0
L5S,"$40,000 to $44,999",10
L5S,"$45,000 to $49,999",10
L5S,"$50,000 to $54,999",10
L5S,"$55,000 to $59,999",10
L5S,"$60,000 to $69,999",10
L5S,"$70,000 to $79,999",10
L5S,"$80,000 to $89,999",0
L5S,"$90,000 to $99,999",10
L5S,"$100,000 to $149,999",10
L5S,"$150,000 to $249,999",10
L5S,"$250,000 and over",10
L5T,"Under $5,000",30
L5T,"$5,000 to $9,999",10
L5T,"$10,000 to $14,999",20
L5T,"$15,000 to $19,999",20
L5T,"$20,000 to $24,999",20
L5T,"$25,000 to $29,999",10
L5T,"$30,000 to $34,999",20
L5T,"$35,000 to $39,999",10
L5T,"$40,000 to $44,999",10
L5T,"$45,000 to $49,999",10
L5T,"$50,000 to $54,999",10
L5T,"$55,000 to $59,999",10
L5T,"$60,000 to $69,999",10
L5T,"$70,000 to $79,999",10
L5T,"$80,000 to $89,999",10
L5T,"$90,000 to $99,999",10
L5T,"$100,000 to $149,999",20
L5T,"$150,000 to $249,999",10
L5T,"$250,000 and over",20
L5V,"Under $5,000",6050
L5V,"$5,000 to $9,999",3200
L5V,"$10,000 to $14,999",3700
L5V,"$15,000 to $19,999",3800
L5V,"$20,000 to $24,999",2770
L5V,"$25,000 to $29,999",2100
L5V,"$30,000 to $34,999",2130
L5V,"$35,000 to $39,999",1950
L5V,"$40,000 to $44,999",1880
L5V,"$45,000 to $49,999",1810
L5V,"$50,000 to $54,999",1610
L5V,"$55,000 to $59,999",1450
L5V,"$60,000 to $69,999",2370
L5V,"$70,000 to $79,999",2050
L5V,"$80,000 to $89,999",1470
L5V,"$90,000 to $99,999",1270
L5V,"$100,000 to $149,999",2890
L5V,"$150,000 to $249,999",970
L5V,"$250,000 and over",250
L5W,"Under $5,000",3090
L5W,"$5,000 to $9,999",1540
L5W,"$10,000 to $14,999",1710
L5W,"$15,000 to $19,999",1650
L5W,"$20,000 to $24,999",1280
L5W,"$25,000 to $29,999",1000
L5W,"$30,000 to $34,999",940
L5W,"$35,000 to $39,999",950
L5W,"$40,000 to $44,999",870
L5W,"$45,000 to $49,999",830
L5W,"$50,000 to $54,999",810
L5W,"$55,000 to $59,999",660
L5W,"$60,000 to $69,999",1190
L5W,"$70,000 to $79,999",920
L5W,"$80,000 to $89,999",740
L5W,"$90,000 to $99,999",570
L5W,"$100,000 to $149,999",1640
L5W,"$150,000 to $249,999",570
L5W,"$250,000 and over",220
L6A,"Under $5,000",7490
L6A,"$5,000 to $9,999",4920
L6A,"$10,000 to $14,999",5530
L6A,"$15,000 to $19,999",5530
L6A,"$20,000 to $24,999",4470
L6A,"$25,000 to $29,999",3280
L6A,"$30,000 to $34,999",3160
L6A,"$35,000 to $39,999",3000
L6A,"$40,000 to $44,999",2760
L6A,"$45,000 to $49,999",2760
L6A,"$50,000 to $54,999",2540
L6A,"$55,000 to $59,999",2240
L6A,"$60,000 to $69,999",4050
L6A,"$70,000 to $79,999",3410
L6A,"$80,000 to $89,999",2840
L6A,"$90,000 to $99,999",2640
L6A,"$100,000 to $149,999",6450
L6A,"$150,000 to $249,999",2570
L6A,"$250,000 and over",1020
L6B,"Under $5,000",2990
L6B,"$5,000 to $9,999",1650
L6B,"$10,000 to $14,999",2100
L6B,"$15,000 to $19,999",2090
L6B,"$20,000 to $24,999",1340
L6B,"$25,000 to $29,999",1060
L6B,"$30,000 to $34,999",1070
L6B,"$35,000 to $39,999",1010
L6B,"$40,000 to $44,999",940
L6B,"$45,000 to $49,999",890
L6B,"$50,000 to $54,999",850
L6B,"$55,000 to $59,999",780
L6B,"$60,000 to $69,999",1440
L6B,"$70,000 to $79,999",1140
L6B,"$80,000 to $89,999",980
L6B,"$90,000 to $99,999",980
L6B,"$100,000 to $149,999",2140
L6B,"$150,000 to $249,999",760
L6B,"$250,000 and over",190
L6C,"Under $5,000",5380
L6C,"$5,000 to $9,999",3150
L6C,"$10,000 to $14,999",3640
L6C,"$15,000 to $19,999",3730
L6C,"$20,000 to $24,999",2220
L6C,"$25,000 to $29,999",1780
L6C,"$30,000 to $34,999",1610
L6C,"$35,000 to $39,999",1510
L6C,"$40,000 to $44,999",1410
L6C,"$45,000 to $49,999",1380
L6C,"$50,000 to $54,999",1230
L6C,"$55,000 to $59,999",1070
L6C,"$60,000 to $69,999",1980
L6C,"$70,000 to $79,999",1730
L6C,"$80,000 to $89,999",1500
L6C,"$90,000 to $99,999",1420
L6C,"$100,000 to $149,999",3810
L6C,"$150,000 to $249,999",1720
L6C,"$250,000 and over",730
L6E,"Under $5,000",3910
L6E,"$5,000 to $9,999",2110
L6E,"$10,000 to $14,999",2680
L6E,"$15,000 to $19,999",2700
L6E,"$20,000 to $24,999",1690
L6E,"$25,000 to $29,999",1290
L6E,"$30,000 to $34,999",1280
L6E,"$35,000 to $39,999",1160
L6E,"$40,000 to $44,999",1110
L6E,"$45,000 to $49,999",1090
L6E,"$50,000 to $54,999",920
L6E,"$55,000 to $59,999",900
L6E,"$60,000 to $69,999",1610
L6E,"$70,000 to $79,999",1340
L6E,"$80,000 to $89,999",1150
L6E,"$90,000 to $99,999",1080
L6E,"$100,000 to $149,999",2520
L6E,"$150,000 to $249,999",840
L6E,"$250,000 and over",250
L6G,"Under $5,000",760
L6G,"$5,000 to $9,999",380
L6G,"$10,000 to $14,999",450
L6G,"$15,000 to $19,999",510
L6G,"$20,000 to $24,999",380
L6G,"$25,000 to $29,999",280
L6G,"$30,000 to $34,999",270
L6G,"$35,000 to $39,999",240
L6G,"$40,000 to $44,999",270
L6G,"$45,000 to $49,999",210
L6G,"$50,000 to $54,999",190
L6G,"$55,000 to $59,999",200
L6G,"$60,000 to $69,999",310
L6G,"$70,000 to $79,999",280
L6G,"$80,000 to $89,999",220
L6G,"$90,000 to $99,999",200
L6G,"$100,000 to $149,999",350
L6G,"$150,000 to $249,999",120
L6G,"$250,000 and over",40
L6H,"Under $5,000",5900
L6H,"$5,000 to $9,999",3410
L6H,"$10,000 to $14,999",3570
L6H,"$15,000 to $19,999",3350
L6H,"$20,000 to $24,999",2920
L6H,"$25,000 to $29,999",2260
L6H,"$30,000 to $34,999",2140
L6H,"$35,000 to $39,999",2070
L6H,"$40,000 to $44,999",2080
L6H,"$45,000 to $49,999",2160
L6H,"$50,000 to $54,999",1760
L6H,"$55,000 to $59,999",1670
L6H,"$60,000 to $69,999",3040
L6H,"$70,000 to $79,999",2750
L6H,"$80,000 to $89,999",2330
L6H,"$90,000 to $99,999",2130
L6H,"$100,000 to $149,999",5840
L6H,"$150,000 to $249,999",3050
L6H,"$250,000 and over",1750
L6J,"Under $5,000",1940
L6J,"$5,000 to $9,999",1050
L6J,"$10,000 to $14,999",1200
L6J,"$15,000 to $19,999",1000
L6J,"$20,000 to $24,999",910
L6J,"$25,000 to $29,999",720
L6J,"$30,000 to $34,999",660
L6J,"$35,000 to $39,999",680
L6J,"$40,000 to $44,999",670
L6J,"$45,000 to $49,999",660
L6J,"$50,000 to $54,999",570
L6J,"$55,000 to $59,999",520
L6J,"$60,000 to $69,999",1000
L6J,"$70,000 to $79,999",980
L6J,"$80,000 to $89,999",770
L6J,"$90,000 to $99,999",790
L6J,"$100,000 to $149,999",2130
L6J,"$150,000 to $249,999",1720
L6J,"$250,000 and over",2060
L6K,"Under $5,000",930
L6K,"$5,000 to $9,999",600
L6K,"$10,000 to $14,999",870
L6K,"$15,000 to $19,999",840
L6K,"$20,000 to $24,999",910
L6K,"$25,000 to $29,999",630
L6K,"$30,000 to $34,999",560
L6K,"$35,000 to $39,999",520
L6K,"$40,000 to $44,999",530
L6K,"$45,000 to $49,999",460
L6K,"$50,000 to $54,999",370
L6K,"$55,000 to $59,999",360
L6K,"$60,000 to $69,999",620
L6K,"$70,000 to $79,999",540
L6K,"$80,000 to $89,999",380
L6K,"$90,000 to $99,999",330
L6K,"$100,000 to $149,999",870
L6K,"$150,000 to $249,999",520
L6K,"$250,000 and over",520
L6L,"Under $5,000",1910
L6L,"$5,000 to $9,999",1290
L6L,"$10,000 to $14,999",1400
L6L,"$15,000 to $19,999",1360
L6L,"$20,000 to $24,999",1490
L6L,"$25,000 to $29,999",1030
L6L,"$30,000 to $34,999",1040
L6L,"$35,000 to $39,999",1050
L6L,"$40,000 to $44,999",1040
L6L,"$45,000 to $49,999",1080
L6L,"$50,000 to $54,999",870
L6L,"$55,000 to $59,999",770
L6L,"$60,000 to $69,999",1440
L6L,"$70,000 to $79,999",1270
L6L,"$80,000 to $89,999",1020
L6L,"$90,000 to $99,999",910
L6L,"$100,000 to $149,999",2630
L6L,"$150,000 to $249,999",1600
L6L,"$250,000 and over",1160
L6M,"Under $5,000",6560
L6M,"$5,000 to $9,999",3660
L6M,"$10,000 to $14,999",3490
L6M,"$15,000 to $19,999",2900
L6M,"$20,000 to $24,999",2570
L6M,"$25,000 to $29,999",2020
L6M,"$30,000 to $34,999",1850
L6M,"$35,000 to $39,999",1830
L6M,"$40,000 to $44,999",1770
L6M,"$45,000 to $49,999",1840
L6M,"$50,000 to $54,999",1620
L6M,"$55,000 to $59,999",1530
L6M,"$60,000 to $69,999",2810
L6M,"$70,000 to $79,999",2570
L6M,"$80,000 to $89,999",2370
L6M,"$90,000 to $99,999",2300
L6M,"$100,000 to $149,999",6510
L6M,"$150,000 to $249,999",3780
L6M,"$250,000 and over",2120
L6P,"Under $5,000",11800
L6P,"$5,000 to $9,999",6360
L6P,"$10,000 to $14,999",7960
L6P,"$15,000 to $19,999",7980
L6P,"$20,000 to $24,999",5520
L6P,"$25,000 to $29,999",4410
L6P,"$30,000 to $34,999",4300
L6P,"$35,000 to $39,999",4000
L6P,"$40,000 to $44,999",3630
L6P,"$45,000 to $49,999",3190
L6P,"$50,000 to $54,999",2740
L6P,"$55,000 to $59,999",2120
L6P,"$60,000 to $69,999",3740
L6P,"$70,000 to $79,999",2760
L6P,"$80,000 to $89,999",2180
L6P,"$90,000 to $99,999",1790
L6P,"$100,000 to $149,999",3480
L6P,"$150,000 to $249,999",1190
L6P,"$250,000 and over",360
L6R,"Under $5,000",13070
L6R,"$5,000 to $9,999",6740
L6R,"$10,000 to $14,999",8020
L6R,"$15,000 to $19,999",7790
L6R,"$20,000 to $24,999",6050
L6R,"$25,000 to $29,999",4950
L6R,"$30,000 to $34,999",4990
L6R,"$35,000 to $39,999",4490
L6R,"$40,000 to $44,999",3860
L6R,"$45,000 to $49,999",3430
L6R,"$50,000 to $54,999",2970
L6R,"$55,000 to $59,999",2390
L6R,"$60,000 to $69,999",3750
L6R,"$70,000 to $79,999",2810
L6R,"$80,000 to $89,999",2040
L6R,"$90,000 to $99,999",1510
L6R,"$100,000 to $149,999",2760
L6R,"$150,000 to $249,999",610
L6R,"$250,000 and over",160
L6S,"Under $5,000",5670
L6S,"$5,000 to $9,999",2980
L6S,"$10,000 to $14,999",3770
L6S,"$15,000 to $19,999",3650
L6S,"$20,000 to $24,999",3260
L6S,"$25,000 to $29,999",2580
L6S,"$30,000 to $34,999",2690
L6S,"$35,000 to $39,999",2630
L6S,"$40,000 to $44,999",2530
L6S,"$45,000 to $49,999",2390
L6S,"$50,000 to $54,999",1980
L6S,"$55,000 to $59,999",1660
L6S,"$60,000 to $69,999",2910
L6S,"$70,000 to $79,999",2150
L6S,"$80,000 to $89,999",1560
L6S,"$90,000 to $99,999",1170
L6S,"$100,000 to $149,999",2170
L6S,"$150,000 to $249,999",570
L6S,"$250,000 and over",180
L6T,"Under $5,000",4470
L6T,"$5,000 to $9,999",2230
L6T,"$10,000 to $14,999",2780
L6T,"$15,000 to $19,999",2880
L6T,"$20,000 to $24,999",2520
L6T,"$25,000 to $29,999",1880
L6T,"$30,000 to $34,999",1940
L6T,"$35,000 to $39,999",1910
L6T,"$40,000 to $44,999",1730
L6T,"$45,000 to $49,999",1570
L6T,"$50,000 to $54,999",1400
L6T,"$55,000 to $59,999",1170
L6T,"$60,000 to $69,999",1750
L6T,"$70,000 to $79,999",1370
L6T,"$80,000 to $89,999",890
L6T,"$90,000 to $99,999",620
L6T,"$100,000 to $149,999",1030
L6T,"$150,000 to $249,999",220
L6T,"$250,000 and over",70
L6V,"Under $5,000",4470
L6V,"$5,000 to $9,999",2440
L6V,"$10,000 to $14,999",3080
L6V,"$15,000 to $19,999",3060
L6V,"$20,000 to $24,999",2670
L6V,"$25,000 to $29,999",2020
L6V,"$30,000 to $34,999",2070
L6V,"$35,000 to $39,999",2060
L6V,"$40,000 to $44,999",1900
L6V,"$45,000 to $49,999",1780
L6V,"$50,000 to $54,999",1560
L6V,"$55,000 to $59,999",1320
L6V,"$60,000 to $69,999",2040
L6V,"$70,000 to $79,999",1510
L6V,"$80,000 to $89,999",1070
L6V,"$90,000 to $99,999",680
L6V,"$100,000 to $149,999",1140
L6V,"$150,000 to $249,999",200
L6V,"$250,000 and over",50
L6W,"Under $5,000",2210
L6W,"$5,000 to $9,999",1270
L6W,"$10,000 to $14,999",1700
L6W,"$15,000 to $19,999",1690
L6W,"$20,000 to $24,999",1480
L6W,"$25,000 to $29,999",1060
L6W,"$30,000 to $34,999",1030
L6W,"$35,000 to $39,999",1070
L6W,"$40,000 to $44,999",980
L6W,"$45,000 to $49,999",940
L6W,"$50,000 to $54,999",780
L6W,"$55,000 to $59,999",630
L6W,"$60,000 to $69,999",1070
L6W,"$70,000 to $79,999",840
L6W,"$80,000 to $89,999",650
L6W,"$90,000 to $99,999",500
L6W,"$100,000 to $149,999",1050
L6W,"$150,000 to $249,999",290
L6W,"$250,000 and over",130
L6X,"Under $5,000",9210
L6X,"$5,000 to $9,999",4780
L6X,"$10,000 to $14,999",5480
L6X,"$15,000 to $19,999",5280
L6X,"$20,000 to $24,999",4370
L6X,"$25,000 to $29,999",3500
L6X,"$30,000 to $34,999",3460
L6X,"$35,000 to $39,999",3260
L6X,"$40,000 to $44,999",3000
L6X,"$45,000 to $49,999",2830
L6X,"$50,000 to $54,999",2430
L6X,"$55,000 to $59,999",2120
L6X,"$60,000 to $69,999",3530
L6X,"$70,000 to $79,999",2690
L6X,"$80,000 to $89,999",2160
L6X,"$90,000 to $99,999",1600
L6X,"$100,000 to $149,999",3120
L6X,"$150,000 to $249,999",820
L6X,"$250,000 and over",210
L6Y,"Under $5,000",14900
L6Y,"$5,000 to $9,999",6910
L6Y,"$10,000 to $14,999",8320
L6Y,"$15,000 to $19,999",8100
L6Y,"$20,000 to $24,999",6610
L6Y,"$25,000 to $29,999",5150
L6Y,"$30,000 to $34,999",4910
L6Y,"$35,000 to $39,999",4420
L6Y,"$40,000 to $44,999",3920
L6Y,"$45,000 to $49,999",3480
L6Y,"$50,000 to $54,999",3060
L6Y,"$55,000 to $59,999",2440
L6Y,"$60,000 to $69,999",3980
L6Y,"$70,000 to $79,999",3000
L6Y,"$80,000 to $89,999",2420
L6Y,"$90,000 to $99,999",1850
L6Y,"$100,000 to $149,999",3600
L6Y,"$150,000 to $249,999",1130
L6Y,"$250,000 and over",350
L6Z,"Under $5,000",3220
L6Z,"$5,000 to $9,999",1770
L6Z,"$10,000 to $14,999",2150
L6Z,"$15,000 to $19,999",2220
L6Z,"$20,000 to $24,999",1860
L6Z,"$25,000 to $29,999",1410
L6Z,"$30,000 to $34,999",1470
L6Z,"$35,000 to $39,999",1460
L6Z,"$40,000 to $44,999",1460
L6Z,"$45,000 to $49,999",1330
L6Z,"$50,000 to $54,999",1230
L6Z,"$55,000 to $59,999",1080
L6Z,"$60,000 to $69,999",1840
L6Z,"$70,000 to $79,999",1460
L6Z,"$80,000 to $89,999",1080
L6Z,"$90,000 to $99,999",860
L6Z,"$100,000 to $149,999",1750
L6Z,"$150,000 to $249,999",520
L6Z,"$250,000 and over",220
L7A,"Under $5,000",11930
L7A,"$5,000 to $9,999",6050
L7A,"$10,000 to $14,999",6750
L7A,"$15,000 to $19,999",6270
L7A,"$20,000 to $24,999",5250
L7A,"$25,000 to $29,999",4180
L7A,"$30,000 to $34,999",4220
L7A,"$35,000 to $39,999",3840
L7A,"$40,000 to $44,999",3650
L7A,"$45,000 to $49,999",3300
L7A,"$50,000 to $54,999",3040
L7A,"$55,000 to $59,999",2660
L7A,"$60,000 to $69,999",4440
L7A,"$70,000 to $79,999",3610
L7A,"$80,000 to $89,999",2800
L7A,"$90,000 to $99,999",2320
L7A,"$100,000 to $149,999",4340
L7A,"$150,000 to $249,999",830
L7A,"$250,000 and over",170
L7B,"Under $5,000",1060
L7B,"$5,000 to $9,999",770
L7B,"$10,000 to $14,999",920
L7B,"$15,000 to $19,999",800
L7B,"$20,000 to $24,999",750
L7B,"$25,000 to $29,999",570
L7B,"$30,000 to $34,999",550
L7B,"$35,000 to $39,999",520
L7B,"$40,000 to $44,999",500
L7B,"$45,000 to $49,999",480
L7B,"$50,000 to $54,999",410
L7B,"$55,000 to $59,999",400
L7B,"$60,000 to $69,999",790
L7B,"$70,000 to $79,999",660
L7B,"$80,000 to $89,999",610
L7B,"$90,000 to $99,999",540
L7B,"$100,000 to $149,999",1580
L7B,"$150,000 to $249,999",920
L7B,"$250,000 and over",680
L7C,"Under $5,000",2410
L7C,"$5,000 to $9,999",1480
L7C,"$10,000 to $14,999",1850
L7C,"$15,000 to $19,999",1860
L7C,"$20,000 to $24,999",1590
L7C,"$25,000 to $29,999",1220
L7C,"$30,000 to $34,999",1180
L7C,"$35,000 to $39,999",1200
L7C,"$40,000 to $44,999",1130
L7C,"$45,000 to $49,999",1160
L7C,"$50,000 to $54,999",1020
L7C,"$55,000 to $59,999",840
L7C,"$60,000 to $69,999",1460
L7C,"$70,000 to $79,999",1280
L7C,"$80,000 to $89,999",1080
L7C,"$90,000 to $99,999",970
L7C,"$100,000 to $149,999",2210
L7C,"$150,000 to $249,999",830
L7C,"$250,000 and over",410
L7E,"Under $5,000",1940
L7E,"$5,000 to $9,999",1480
L7E,"$10,000 to $14,999",1770
L7E,"$15,000 to $19,999",1620
L7E,"$20,000 to $24,999",1760
L7E,"$25,000 to $29,999",1260
L7E,"$30,000 to $34,999",1200
L7E,"$35,000 to $39,999",1230
L7E,"$40,000 to $44,999",1180
L7E,"$45,000 to $49,999",1280
L7E,"$50,000 to $54,999",1100
L7E,"$55,000 to $59,999",1020
L7E,"$60,000 to $69,999",1900
L7E,"$70,000 to $79,999",1670
L7E,"$80,000 to $89,999",1380
L7E,"$90,000 to $99,999",1240
L7E,"$100,000 to $149,999",2750
L7E,"$150,000 to $249,999",1070
L7E,"$250,000 and over",520
L7G,"Under $5,000",2600
L7G,"$5,000 to $9,999",1920
L7G,"$10,000 to $14,999",2230
L7G,"$15,000 to $19,999",2090
L7G,"$20,000 to $24,999",2190
L7G,"$25,000 to $29,999",1610
L7G,"$30,000 to $34,999",1680
L7G,"$35,000 to $39,999",1670
L7G,"$40,000 to $44,999",1710
L7G,"$45,000 to $49,999",1780
L7G,"$50,000 to $54,999",1560
L7G,"$55,000 to $59,999",1470
L7G,"$60,000 to $69,999",2480
L7G,"$70,000 to $79,999",2260
L7G,"$80,000 to $89,999",1920
L7G,"$90,000 to $99,999",1720
L7G,"$100,000 to $149,999",4190
L7G,"$150,000 to $249,999",1870
L7G,"$250,000 and over",860
L7J,"Under $5,000",690
L7J,"$5,000 to $9,999",510
L7J,"$10,000 to $14,999",710
L7J,"$15,000 to $19,999",660
L7J,"$20,000 to $24,999",740
L7J,"$25,000 to $29,999",500
L7J,"$30,000 to $34,999",530
L7J,"$35,000 to $39,999",590
L7J,"$40,000 to $44,999",590
L7J,"$45,000 to $49,999",600
L7J,"$50,000 to $54,999",550
L7J,"$55,000 to $59,999",430
L7J,"$60,000 to $69,999",870
L7J,"$70,000 to $79,999",690
L7J,"$80,000 to $89,999",510
L7J,"$90,000 to $99,999",430
L7J,"$100,000 to $149,999",960
L7J,"$150,000 to $249,999",270
L7J,"$250,000 and over",140
L7K,"Under $5,000",460
L7K,"$5,000 to $9,999",350
L7K,"$10,000 to $14,999",430
L7K,"$15,000 to $19,999",460
L7K,"$20,000 to $24,999",430
L7K,"$25,000 to $29,999",290
L7K,"$30,000 to $34,999",350
L7K,"$35,000 to $39,999",330
L7K,"$40,000 to $44,999",280
L7K,"$45,000 to $49,999",310
L7K,"$50,000 to $54,999",230
L7K,"$55,000 to $59,999",270
L7K,"$60,000 to $69,999",450
L7K,"$70,000 to $79,999",360
L7K,"$80,000 to $89,999",310
L7K,"$90,000 to $99,999",280
L7K,"$100,000 to $149,999",710
L7K,"$150,000 to $249,999",320
L7K,"$250,000 and over",210
L7L,"Under $5,000",2780
L7L,"$5,000 to $9,999",1870
L7L,"$10,000 to $14,999",2050
L7L,"$15,000 to $19,999",1910
L7L,"$20,000 to $24,999",2060
L7L,"$25,000 to $29,999",1600
L7L,"$30,000 to $34,999",1530
L7L,"$35,000 to $39,999",1620
L7L,"$40,000 to $44,999",1580
L7L,"$45,000 to $49,999",1690
L7L,"$50,000 to $54,999",1410
L7L,"$55,000 to $59,999",1330
L7L,"$60,000 to $69,999",2520
L7L,"$70,000 to $79,999",2290
L7L,"$80,000 to $89,999",1850
L7L,"$90,000 to $99,999",1740
L7L,"$100,000 to $149,999",4360
L7L,"$150,000 to $249,999",1970
L7L,"$250,000 and over",930
L7M,"Under $5,000",2880
L7M,"$5,000 to $9,999",1860
L7M,"$10,000 to $14,999",2280
L7M,"$15,000 to $19,999",2000
L7M,"$20,000 to $24,999",1890
L7M,"$25,000 to $29,999",1530
L7M,"$30,000 to $34,999",1590
L7M,"$35,000 to $39,999",1610
L7M,"$40,000 to $44,999",1650
L7M,"$45,000 to $49,999",1730
L7M,"$50,000 to $54,999",1460
L7M,"$55,000 to $59,999",1380
L7M,"$60,000 to $69,999",2540
L7M,"$70,000 to $79,999",2350
L7M,"$80,000 to $89,999",1950
L7M,"$90,000 to $99,999",1870
L7M,"$100,000 to $149,999",4600
L7M,"$150,000 to $249,999",2170
L7M,"$250,000 and over",1020
L7N,"Under $5,000",610
L7N,"$5,000 to $9,999",450
L7N,"$10,000 to $14,999",580
L7N,"$15,000 to $19,999",640
L7N,"$20,000 to $24,999",850
L7N,"$25,000 to $29,999",580
L7N,"$30,000 to $34,999",550
L7N,"$35,000 to $39,999",560
L7N,"$40,000 to $44,999",550
L7N,"$45,000 to $49,999",550
L7N,"$50,000 to $54,999",410
L7N,"$55,000 to $59,999",390
L7N,"$60,000 to $69,999",670
L7N,"$70,000 to $79,999",580
L7N,"$80,000 to $89,999",480
L7N,"$90,000 to $99,999",440
L7N,"$100,000 to $149,999",1010
L7N,"$150,000 to $249,999",600
L7N,"$250,000 and over",420
L7P,"Under $5,000",1400
L7P,"$5,000 to $9,999",1080
L7P,"$10,000 to $14,999",1370
L7P,"$15,000 to $19,999",1330
L7P,"$20,000 to $24,999",1530
L7P,"$25,000 to $29,999",1140
L7P,"$30,000 to $34,999",1050
L7P,"$35,000 to $39,999",1100
L7P,"$40,000 to $44,999",1170
L7P,"$45,000 to $49,999",1240
L7P,"$50,000 to $54,999",1030
L7P,"$55,000 to $59,999",970
L7P,"$60,000 to $69,999",1710
L7P,"$70,000 to $79,999",1470
L7P,"$80,000 to $89,999",1110
L7P,"$90,000 to $99,999",950
L7P,"$100,000 to $149,999",2300
L7P,"$150,000 to $249,999",1090
L7P,"$250,000 and over",660
L7R,"Under $5,000",830
L7R,"$5,000 to $9,999",620
L7R,"$10,000 to $14,999",840
L7R,"$15,000 to $19,999",870
L7R,"$20,000 to $24,999",1010
L7R,"$25,000 to $29,999",740
L7R,"$30,000 to $34,999",700
L7R,"$35,000 to $39,999",680
L7R,"$40,000 to $44,999",700
L7R,"$45,000 to $49,999",690
L7R,"$50,000 to $54,999",550
L7R,"$55,000 to $59,999",510
L7R,"$60,000 to $69,999",880
L7R,"$70,000 to $79,999",760
L7R,"$80,000 to $89,999",630
L7R,"$90,000 to $99,999",520
L7R,"$100,000 to $149,999",1270
L7R,"$150,000 to $249,999",650
L7R,"$250,000 and over",350
L7S,"Under $5,000",510
L7S,"$5,000 to $9,999",390
L7S,"$10,000 to $14,999",590
L7S,"$15,000 to $19,999",670
L7S,"$20,000 to $24,999",770
L7S,"$25,000 to $29,999",580
L7S,"$30,000 to $34,999",560
L7S,"$35,000 to $39,999",610
L7S,"$40,000 to $44,999",520
L7S,"$45,000 to $49,999",550
L7S,"$50,000 to $54,999",420
L7S,"$55,000 to $59,999",400
L7S,"$60,000 to $69,999",710
L7S,"$70,000 to $79,999",580
L7S,"$80,000 to $89,999",450
L7S,"$90,000 to $99,999",350
L7S,"$100,000 to $149,999",790
L7S,"$150,000 to $249,999",380
L7S,"$250,000 and over",180
L7T,"Under $5,000",880
L7T,"$5,000 to $9,999",610
L7T,"$10,000 to $14,999",840
L7T,"$15,000 to $19,999",840
L7T,"$20,000 to $24,999",1030
L7T,"$25,000 to $29,999",740
L7T,"$30,000 to $34,999",740
L7T,"$35,000 to $39,999",800
L7T,"$40,000 to $44,999",770
L7T,"$45,000 to $49,999",770
L7T,"$50,000 to $54,999",670
L7T,"$55,000 to $59,999",570
L7T,"$60,000 to $69,999",1000
L7T,"$70,000 to $79,999",870
L7T,"$80,000 to $89,999",680
L7T,"$90,000 to $99,999",580
L7T,"$100,000 to $149,999",1370
L7T,"$150,000 to $249,999",700
L7T,"$250,000 and over",420
L8B,"Under $5,000",1060
L8B,"$5,000 to $9,999",850
L8B,"$10,000 to $14,999",1010
L8B,"$15,000 to $19,999",960
L8B,"$20,000 to $24,999",850
L8B,"$25,000 to $29,999",790
L8B,"$30,000 to $34,999",730
L8B,"$35,000 to $39,999",720
L8B,"$40,000 to $44,999",800
L8B,"$45,000 to $49,999",810
L8B,"$50,000 to $54,999",710
L8B,"$55,000 to $59,999",690
L8B,"$60,000 to $69,999",1180
L8B,"$70,000 to $79,999",1140
L8B,"$80,000 to $89,999",920
L8B,"$90,000 to $99,999",890
L8B,"$100,000 to $149,999",2030
L8B,"$150,000 to $249,999",820
L8B,"$250,000 and over",290
L8E,"Under $5,000",2890
L8E,"$5,000 to $9,999",1780
L8E,"$10,000 to $14,999",2490
L8E,"$15,000 to $19,999",2600
L8E,"$20,000 to $24,999",2650
L8E,"$25,000 to $29,999",2030
L8E,"$30,000 to $34,999",1900
L8E,"$35,000 to $39,999",1850
L8E,"$40,000 to $44,999",1700
L8E,"$45,000 to $49,999",1620
L8E,"$50,000 to $54,999",1310
L8E,"$55,000 to $59,999",1220
L8E,"$60,000 to $69,999",2000
L8E,"$70,000 to $79,999",1530
L8E,"$80,000 to $89,999",1180
L8E,"$90,000 to $99,999",1010
L8E,"$100,000 to $149,999",2140
L8E,"$150,000 to $249,999",680
L8E,"$250,000 and over",220
L8G,"Under $5,000",1100
L8G,"$5,000 to $9,999",770
L8G,"$10,000 to $14,999",1350
L8G,"$15,000 to $19,999",1460
L8G,"$20,000 to $24,999",1660
L8G,"$25,000 to $29,999",1180
L8G,"$30,000 to $34,999",1130
L8G,"$35,000 to $39,999",1110
L8G,"$40,000 to $44,999",1050
L8G,"$45,000 to $49,999",1090
L8G,"$50,000 to $54,999",830
L8G,"$55,000 to $59,999",680
L8G,"$60,000 to $69,999",1230
L8G,"$70,000 to $79,999",930
L8G,"$80,000 to $89,999",650
L8G,"$90,000 to $99,999",530
L8G,"$100,000 to $149,999",1120
L8G,"$150,000 to $249,999",320
L8G,"$250,000 and over",120
L8H,"Under $5,000",1710
L8H,"$5,000 to $9,999",1220
L8H,"$10,000 to $14,999",2090
L8H,"$15,000 to $19,999",2040
L8H,"$20,000 to $24,999",1930
L8H,"$25,000 to $29,999",1380
L8H,"$30,000 to $34,999",1310
L8H,"$35,000 to $39,999",1290
L8H,"$40,000 to $44,999",1210
L8H,"$45,000 to $49,999",1100
L8H,"$50,000 to $54,999",910
L8H,"$55,000 to $59,999",750
L8H,"$60,000 to $69,999",1190
L8H,"$70,000 to $79,999",770
L8H,"$80,000 to $89,999",540
L8H,"$90,000 to $99,999",370
L8H,"$100,000 to $149,999",510
L8H,"$150,000 to $249,999",100
L8H,"$250,000 and over",40
L8J,"Under $5,000",1830
L8J,"$5,000 to $9,999",1140
L8J,"$10,000 to $14,999",1500
L8J,"$15,000 to $19,999",1460
L8J,"$20,000 to $24,999",1390
L8J,"$25,000 to $29,999",1080
L8J,"$30,000 to $34,999",1020
L8J,"$35,000 to $39,999",980
L8J,"$40,000 to $44,999",1150
L8J,"$45,000 to $49,999",1070
L8J,"$50,000 to $54,999",870
L8J,"$55,000 to $59,999",750
L8J,"$60,000 to $69,999",1450
L8J,"$70,000 to $79,999",1240
L8J,"$80,000 to $89,999",940
L8J,"$90,000 to $99,999",850
L8J,"$100,000 to $149,999",1720
L8J,"$150,000 to $249,999",420
L8J,"$250,000 and over",120
L8K,"Under $5,000",1820
L8K,"$5,000 to $9,999",1290
L8K,"$10,000 to $14,999",2000
L8K,"$15,000 to $19,999",2230
L8K,"$20,000 to $24,999",2340
L8K,"$25,000 to $29,999",1700
L8K,"$30,000 to $34,999",1610
L8K,"$35,000 to $39,999",1560
L8K,"$40,000 to $44,999",1570
L8K,"$45,000 to $49,999",1420
L8K,"$50,000 to $54,999",1150
L8K,"$55,000 to $59,999",1090
L8K,"$60,000 to $69,999",1720
L8K,"$70,000 to $79,999",1240
L8K,"$80,000 to $89,999",820
L8K,"$90,000 to $99,999",620
L8K,"$100,000 to $149,999",1090
L8K,"$150,000 to $249,999",220
L8K,"$250,000 and over",70
L8L,"Under $5,000",2480
L8L,"$5,000 to $9,999",1630
L8L,"$10,000 to $14,999",2870
L8L,"$15,000 to $19,999",2760
L8L,"$20,000 to $24,999",2290
L8L,"$25,000 to $29,999",1620
L8L,"$30,000 to $34,999",1380
L8L,"$35,000 to $39,999",1300
L8L,"$40,000 to $44,999",1160
L8L,"$45,000 to $49,999",990
L8L,"$50,000 to $54,999",880
L8L,"$55,000 to $59,999",700
L8L,"$60,000 to $69,999",1050
L8L,"$70,000 to $79,999",780
L8L,"$80,000 to $89,999",480
L8L,"$90,000 to $99,999",330
L8L,"$100,000 to $149,999",460
L8L,"$150,000 to $249,999",110
L8L,"$250,000 and over",30
L8M,"Under $5,000",760
L8M,"$5,000 to $9,999",610
L8M,"$10,000 to $14,999",1200
L8M,"$15,000 to $19,999",1100
L8M,"$20,000 to $24,999",970
L8M,"$25,000 to $29,999",630
L8M,"$30,000 to $34,999",620
L8M,"$35,000 to $39,999",550
L8M,"$40,000 to $44,999",470
L8M,"$45,000 to $49,999",490
L8M,"$50,000 to $54,999",380
L8M,"$55,000 to $59,999",330
L8M,"$60,000 to $69,999",500
L8M,"$70,000 to $79,999",380
L8M,"$80,000 to $89,999",300
L8M,"$90,000 to $99,999",230
L8M,"$100,000 to $149,999",410
L8M,"$150,000 to $249,999",130
L8M,"$250,000 and over",30
L8N,"Under $5,000",1320
L8N,"$5,000 to $9,999",710
L8N,"$10,000 to $14,999",1410
L8N,"$15,000 to $19,999",1490
L8N,"$20,000 to $24,999",1180
L8N,"$25,000 to $29,999",760
L8N,"$30,000 to $34,999",760
L8N,"$35,000 to $39,999",600
L8N,"$40,000 to $44,999",540
L8N,"$45,000 to $49,999",520
L8N,"$50,000 to $54,999",420
L8N,"$55,000 to $59,999",320
L8N,"$60,000 to $69,999",540
L8N,"$70,000 to $79,999",340
L8N,"$80,000 to $89,999",260
L8N,"$90,000 to $99,999",180
L8N,"$100,000 to $149,999",350
L8N,"$150,000 to $249,999",130
L8N,"$250,000 and over",70
L8P,"Under $5,000",1730
L8P,"$5,000 to $9,999",1040
L8P,"$10,000 to $14,999",1710
L8P,"$15,000 to $19,999",1730
L8P,"$20,000 to $24,999",1560
L8P,"$25,000 to $29,999",1030
L8P,"$30,000 to $34,999",910
L8P,"$35,000 to $39,999",890
L8P,"$40,000 to $44,999",860
L8P,"$45,000 to $49,999",790
L8P,"$50,000 to $54,999",690
L8P,"$55,000 to $59,999",600
L8P,"$60,000 to $69,999",1040
L8P,"$70,000 to $79,999",920
L8P,"$80,000 to $89,999",720
L8P,"$90,000 to $99,999",560
L8P,"$100,000 to $149,999",1210
L8P,"$150,000 to $249,999",580
L8P,"$250,000 and over",310
L8R,"Under $5,000",1000
L8R,"$5,000 to $9,999",560
L8R,"$10,000 to $14,999",1050
L8R,"$15,000 to $19,999",1130
L8R,"$20,000 to $24,999",870
L8R,"$25,000 to $29,999",570
L8R,"$30,000 to $34,999",490
L8R,"$35,000 to $39,999",440
L8R,"$40,000 to $44,999",410
L8R,"$45,000 to $49,999",390
L8R,"$50,000 to $54,999",280
L8R,"$55,000 to $59,999",230
L8R,"$60,000 to $69,999",370
L8R,"$70,000 to $79,999",290
L8R,"$80,000 to $89,999",210
L8R,"$90,000 to $99,999",140
L8R,"$100,000 to $149,999",230
L8R,"$150,000 to $249,999",90
L8R,"$250,000 and over",20
L8S,"Under $5,000",2170
L8S,"$5,000 to $9,999",960
L8S,"$10,000 to $14,999",1050
L8S,"$15,000 to $19,999",830
L8S,"$20,000 to $24,999",800
L8S,"$25,000 to $29,999",630
L8S,"$30,000 to $34,999",610
L8S,"$35,000 to $39,999",510
L8S,"$40,000 to $44,999",480
L8S,"$45,000 to $49,999",470
L8S,"$50,000 to $54,999",370
L8S,"$55,000 to $59,999",320
L8S,"$60,000 to $69,999",570
L8S,"$70,000 to $79,999",490
L8S,"$80,000 to $89,999",360
L8S,"$90,000 to $99,999",310
L8S,"$100,000 to $149,999",570
L8S,"$150,000 to $249,999",290
L8S,"$250,000 and over",150
L8T,"Under $5,000",1110
L8T,"$5,000 to $9,999",710
L8T,"$10,000 to $14,999",1170
L8T,"$15,000 to $19,999",1190
L8T,"$20,000 to $24,999",1360
L8T,"$25,000 to $29,999",940
L8T,"$30,000 to $34,999",940
L8T,"$35,000 to $39,999",1050
L8T,"$40,000 to $44,999",940
L8T,"$45,000 to $49,999",950
L8T,"$50,000 to $54,999",790
L8T,"$55,000 to $59,999",670
L8T,"$60,000 to $69,999",1050
L8T,"$70,000 to $79,999",830
L8T,"$80,000 to $89,999",600
L8T,"$90,000 to $99,999",490
L8T,"$100,000 to $149,999",800
L8T,"$150,000 to $249,999",180
L8T,"$250,000 and over",70
L8V,"Under $5,000",1250
L8V,"$5,000 to $9,999",820
L8V,"$10,000 to $14,999",1410
L8V,"$15,000 to $19,999",1530
L8V,"$20,000 to $24,999",1760
L8V,"$25,000 to $29,999",1140
L8V,"$30,000 to $34,999",1130
L8V,"$35,000 to $39,999",1120
L8V,"$40,000 to $44,999",1060
L8V,"$45,000 to $49,999",960
L8V,"$50,000 to $54,999",820
L8V,"$55,000 to $59,999",720
L8V,"$60,000 to $69,999",1060
L8V,"$70,000 to $79,999",740
L8V,"$80,000 to $89,999",510
L8V,"$90,000 to $99,999",410
L8V,"$100,000 to $149,999",560
L8V,"$150,000 to $249,999",110
L8V,"$250,000 and over",30
L8W,"Under $5,000",1940
L8W,"$5,000 to $9,999",1280
L8W,"$10,000 to $14,999",1720
L8W,"$15,000 to $19,999",1630
L8W,"$20,000 to $24,999",1590
L8W,"$25,000 to $29,999",1160
L8W,"$30,000 to $34,999",1160
L8W,"$35,000 to $39,999",1180
L8W,"$40,000 to $44,999",1180
L8W,"$45,000 to $49,999",1100
L8W,"$50,000 to $54,999",1000
L8W,"$55,000 to $59,999",850
L8W,"$60,000 to $69,999",1380
L8W,"$70,000 to $79,999",960
L8W,"$80,000 to $89,999",760
L8W,"$90,000 to $99,999",640
L8W,"$100,000 to $149,999",1120
L8W,"$150,000 to $249,999",250
L8W,"$250,000 and over",80
L9A,"Under $5,000",1900
L9A,"$5,000 to $9,999",1190
L9A,"$10,000 to $14,999",1710
L9A,"$15,000 to $19,999",1690
L9A,"$20,000 to $24,999",1760
L9A,"$25,000 to $29,999",1200
L9A,"$30,000 to $34,999",1280
L9A,"$35,000 to $39,999",1220
L9A,"$40,000 to $44,999",1230
L9A,"$45,000 to $49,999",1170
L9A,"$50,000 to $54,999",1000
L9A,"$55,000 to $59,999",770
L9A,"$60,000 to $69,999",1260
L9A,"$70,000 to $79,999",1000
L9A,"$80,000 to $89,999",690
L9A,"$90,000 to $99,999",510
L9A,"$100,000 to $149,999",950
L9A,"$150,000 to $249,999",210
L9A,"$250,000 and over",50
L9B,"Under $5,000",1750
L9B,"$5,000 to $9,999",1170
L9B,"$10,000 to $14,999",1480
L9B,"$15,000 to $19,999",1380
L9B,"$20,000 to $24,999",1360
L9B,"$25,000 to $29,999",1050
L9B,"$30,000 to $34,999",980
L9B,"$35,000 to $39,999",1030
L9B,"$40,000 to $44,999",990
L9B,"$45,000 to $49,999",1010
L9B,"$50,000 to $54,999",860
L9B,"$55,000 to $59,999",770
L9B,"$60,000 to $69,999",1350
L9B,"$70,000 to $79,999",1050
L9B,"$80,000 to $89,999",900
L9B,"$90,000 to $99,999",720
L9B,"$100,000 to $149,999",1500
L9B,"$150,000 to $249,999",440
L9B,"$250,000 and over",110
L9C,"Under $5,000",3370
L9C,"$5,000 to $9,999",1970
L9C,"$10,000 to $14,999",2740
L9C,"$15,000 to $19,999",2580
L9C,"$20,000 to $24,999",2550
L9C,"$25,000 to $29,999",1950
L9C,"$30,000 to $34,999",1890
L9C,"$35,000 to $39,999",1890
L9C,"$40,000 to $44,999",1750
L9C,"$45,000 to $49,999",1610
L9C,"$50,000 to $54,999",1430
L9C,"$55,000 to $59,999",1250
L9C,"$60,000 to $69,999",2090
L9C,"$70,000 to $79,999",1640
L9C,"$80,000 to $89,999",1210
L9C,"$90,000 to $99,999",1050
L9C,"$100,000 to $149,999",1840
L9C,"$150,000 to $249,999",490
L9C,"$250,000 and over",190
L9E,"Under $5,000",1160
L9E,"$5,000 to $9,999",580
L9E,"$10,000 to $14,999",530
L9E,"$15,000 to $19,999",450
L9E,"$20,000 to $24,999",450
L9E,"$25,000 to $29,999",330
L9E,"$30,000 to $34,999",300
L9E,"$35,000 to $39,999",320
L9E,"$40,000 to $44,999",260
L9E,"$45,000 to $49,999",290
L9E,"$50,000 to $54,999",300
L9E,"$55,000 to $59,999",270
L9E,"$60,000 to $69,999",480
L9E,"$70,000 to $79,999",430
L9E,"$80,000 to $89,999",320
L9E,"$90,000 to $99,999",330
L9E,"$100,000 to $149,999",770
L9E,"$150,000 to $249,999",230
L9E,"$250,000 and over",80
L9G,"Under $5,000",1320
L9G,"$5,000 to $9,999",920
L9G,"$10,000 to $14,999",1050
L9G,"$15,000 to $19,999",970
L9G,"$20,000 to $24,999",960
L9G,"$25,000 to $29,999",810
L9G,"$30,000 to $34,999",740
L9G,"$35,000 to $39,999",810
L9G,"$40,000 to $44,999",750
L9G,"$45,000 to $49,999",870
L9G,"$50,000 to $54,999",770
L9G,"$55,000 to $59,999",690
L9G,"$60,000 to $69,999",1250
L9G,"$70,000 to $79,999",1310
L9G,"$80,000 to $89,999",1040
L9G,"$90,000 to $99,999",980
L9G,"$100,000 to $149,999",2460
L9G,"$150,000 to $249,999",1360
L9G,"$250,000 and over",780
L9H,"Under $5,000",1510
L9H,"$5,000 to $9,999",1080
L9H,"$10,000 to $14,999",1440
L9H,"$15,000 to $19,999",1510
L9H,"$20,000 to $24,999",1680
L9H,"$25,000 to $29,999",1220
L9H,"$30,000 to $34,999",1170
L9H,"$35,000 to $39,999",1190
L9H,"$40,000 to $44,999",1220
L9H,"$45,000 to $49,999",1360
L9H,"$50,000 to $54,999",1100
L9H,"$55,000 to $59,999",950
L9H,"$60,000 to $69,999",1780
L9H,"$70,000 to $79,999",1580
L9H,"$80,000 to $89,999",1270
L9H,"$90,000 to $99,999",1120
L9H,"$100,000 to $149,999",2600
L9H,"$150,000 to $249,999",1230
L9H,"$250,000 and over",600
L9J,"Under $5,000",60
L9J,"$5,000 to $9,999",40
L9J,"$10,000 to $14,999",50
L9J,"$15,000 to $19,999",100
L9J,"$20,000 to $24,999",80
L9J,"$25,000 to $29,999",50
L9J,"$30,000 to $34,999",70
L9J,"$35,000 to $39,999",60
L9J,"$40,000 to $44,999",60
L9J,"$45,000 to $49,999",40
L9J,"$50,000 to $54,999",30
L9J,"$55,000 to $59,999",40
L9J,"$60,000 to $69,999",70
L9J,"$70,000 to $79,999",50
L9J,"$80,000 to $89,999",40
L9J,"$90,000 to $99,999",30
L9J,"$100,000 to $149,999",50
L9J,"$150,000 to $249,999",10
L9J,"$250,000 and over",10
L9K,"Under $5,000",1320
L9K,"$5,000 to $9,999",750
L9K,"$10,000 to $14,999",780
L9K,"$15,000 to $19,999",710
L9K,"$20,000 to $24,999",620
L9K,"$25,000 to $29,999",500
L9K,"$30,000 to $34,999",460
L9K,"$35,000 to $39,999",420
L9K,"$40,000 to $44,999",430
L9K,"$45,000 to $49,999",470
L9K,"$50,000 to $54,999",350
L9K,"$55,000 to $59,999",370
L9K,"$60,000 to $69,999",670
L9K,"$70,000 to $79,999",620
L9K,"$80,000 to $89,999",540
L9K,"$90,000 to $99,999",530
L9K,"$100,000 to $149,999",1200
L9K,"$150,000 to $249,999",620
L9K,"$250,000 and over",250
L9L,"Under $5,000",650
L9L,"$5,000 to $9,999",530
L9L,"$10,000 to $14,999",730
L9L,"$15,000 to $19,999",750
L9L,"$20,000 to $24,999",860
L9L,"$25,000 to $29,999",620
L9L,"$30,000 to $34,999",590
L9L,"$35,000 to $39,999",640
L9L,"$40,000 to $44,999",640
L9L,"$45,000 to $49,999",680
L9L,"$50,000 to $54,999",520
L9L,"$55,000 to $59,999",450
L9L,"$60,000 to $69,999",780
L9L,"$70,000 to $79,999",730
L9L,"$80,000 to $89,999",610
L9L,"$90,000 to $99,999",530
L9L,"$100,000 to $149,999",1120
L9L,"$150,000 to $249,999",460
L9L,"$250,000 and over",220
L9M,"Under $5,000",940
L9M,"$5,000 to $9,999",610
L9M,"$10,000 to $14,999",1050
L9M,"$15,000 to $19,999",1150
L9M,"$20,000 to $24,999",1160
L9M,"$25,000 to $29,999",740
L9M,"$30,000 to $34,999",780
L9M,"$35,000 to $39,999",770
L9M,"$40,000 to $44,999",710
L9M,"$45,000 to $49,999",680
L9M,"$50,000 to $54,999",500
L9M,"$55,000 to $59,999",510
L9M,"$60,000 to $69,999",800
L9M,"$70,000 to $79,999",580
L9M,"$80,000 to $89,999",370
L9M,"$90,000 to $99,999",310
L9M,"$100,000 to $149,999",660
L9M,"$150,000 to $249,999",190
L9M,"$250,000 and over",90
L9N,"Under $5,000",1270
L9N,"$5,000 to $9,999",950
L9N,"$10,000 to $14,999",1080
L9N,"$15,000 to $19,999",970
L9N,"$20,000 to $24,999",970
L9N,"$25,000 to $29,999",680
L9N,"$30,000 to $34,999",670
L9N,"$35,000 to $39,999",660
L9N,"$40,000 to $44,999",610
L9N,"$45,000 to $49,999",630
L9N,"$50,000 to $54,999",580
L9N,"$55,000 to $59,999",470
L9N,"$60,000 to $69,999",940
L9N,"$70,000 to $79,999",770
L9N,"$80,000 to $89,999",660
L9N,"$90,000 to $99,999",520
L9N,"$100,000 to $149,999",1290
L9N,"$150,000 to $249,999",390
L9N,"$250,000 and over",130
L9P,"Under $5,000",870
L9P,"$5,000 to $9,999",680
L9P,"$10,000 to $14,999",820
L9P,"$15,000 to $19,999",840
L9P,"$20,000 to $24,999",900
L9P,"$25,000 to $29,999",690
L9P,"$30,000 to $34,999",630
L9P,"$35,000 to $39,999",670
L9P,"$40,000 to $44,999",630
L9P,"$45,000 to $49,999",690
L9P,"$50,000 to $54,999",550
L9P,"$55,000 to $59,999",490
L9P,"$60,000 to $69,999",900
L9P,"$70,000 to $79,999",750
L9P,"$80,000 to $89,999",680
L9P,"$90,000 to $99,999",590
L9P,"$100,000 to $149,999",1480
L9P,"$150,000 to $249,999",710
L9P,"$250,000 and over",370
L9R,"Under $5,000",1240
L9R,"$5,000 to $9,999",830
L9R,"$10,000 to $14,999",1230
L9R,"$15,000 to $19,999",1170
L9R,"$20,000 to $24,999",1370
L9R,"$25,000 to $29,999",1020
L9R,"$30,000 to $34,999",1020
L9R,"$35,000 to $39,999",1130
L9R,"$40,000 to $44,999",1070
L9R,"$45,000 to $49,999",1110
L9R,"$50,000 to $54,999",940
L9R,"$55,000 to $59,999",840
L9R,"$60,000 to $69,999",1370
L9R,"$70,000 to $79,999",1210
L9R,"$80,000 to $89,999",870
L9R,"$90,000 to $99,999",750
L9R,"$100,000 to $149,999",1400
L9R,"$150,000 to $249,999",370
L9R,"$250,000 and over",150
L9S,"Under $5,000",1740
L9S,"$5,000 to $9,999",1210
L9S,"$10,000 to $14,999",1650
L9S,"$15,000 to $19,999",1780
L9S,"$20,000 to $24,999",2000
L9S,"$25,000 to $29,999",1380
L9S,"$30,000 to $34,999",1350
L9S,"$35,000 to $39,999",1350
L9S,"$40,000 to $44,999",1250
L9S,"$45,000 to $49,999",1190
L9S,"$50,000 to $54,999",1020
L9S,"$55,000 to $59,999",900
L9S,"$60,000 to $69,999",1580
L9S,"$70,000 to $79,999",1280
L9S,"$80,000 to $89,999",990
L9S,"$90,000 to $99,999",790
L9S,"$100,000 to $149,999",1590
L9S,"$150,000 to $249,999",480
L9S,"$250,000 and over",190
L9T,"Under $5,000",8950
L9T,"$5,000 to $9,999",4740
L9T,"$10,000 to $14,999",5070
L9T,"$15,000 to $19,999",4680
L9T,"$20,000 to $24,999",4270
L9T,"$25,000 to $29,999",3280
L9T,"$30,000 to $34,999",3140
L9T,"$35,000 to $39,999",3300
L9T,"$40,000 to $44,999",3340
L9T,"$45,000 to $49,999",3410
L9T,"$50,000 to $54,999",2970
L9T,"$55,000 to $59,999",2830
L9T,"$60,000 to $69,999",5260
L9T,"$70,000 to $79,999",4600
L9T,"$80,000 to $89,999",3920
L9T,"$90,000 to $99,999",3470
L9T,"$100,000 to $149,999",8060
L9T,"$150,000 to $249,999",2770
L9T,"$250,000 and over",780
L9V,"Under $5,000",970
L9V,"$5,000 to $9,999",660
L9V,"$10,000 to $14,999",880
L9V,"$15,000 to $19,999",940
L9V,"$20,000 to $24,999",1000
L9V,"$25,000 to $29,999",710
L9V,"$30,000 to $34,999",660
L9V,"$35,000 to $39,999",670
L9V,"$40,000 to $44,999",680
L9V,"$45,000 to $49,999",690
L9V,"$50,000 to $54,999",580
L9V,"$55,000 to $59,999",520
L9V,"$60,000 to $69,999",890
L9V,"$70,000 to $79,999",730
L9V,"$80,000 to $89,999",560
L9V,"$90,000 to $99,999",420
L9V,"$100,000 to $149,999",870
L9V,"$150,000 to $249,999",250
L9V,"$250,000 and over",90
L9W,"Under $5,000",2480
L9W,"$5,000 to $9,999",1910
L9W,"$10,000 to $14,999",2600
L9W,"$15,000 to $19,999",2460
L9W,"$20,000 to $24,999",2610
L9W,"$25,000 to $29,999",2050
L9W,"$30,000 to $34,999",1900
L9W,"$35,000 to $39,999",2000
L9W,"$40,000 to $44,999",1900
L9W,"$45,000 to $49,999",1980
L9W,"$50,000 to $54,999",1670
L9W,"$55,000 to $59,999",1510
L9W,"$60,000 to $69,999",2630
L9W,"$70,000 to $79,999",2250
L9W,"$80,000 to $89,999",1770
L9W,"$90,000 to $99,999",1530
L9W,"$100,000 to $149,999",3180
L9W,"$150,000 to $249,999",1070
L9W,"$250,000 and over",450
L9X,"Under $5,000",600
L9X,"$5,000 to $9,999",460
L9X,"$10,000 to $14,999",520
L9X,"$15,000 to $19,999",500
L9X,"$20,000 to $24,999",480
L9X,"$25,000 to $29,999",390
L9X,"$30,000 to $34,999",400
L9X,"$35,000 to $39,999",370
L9X,"$40,000 to $44,999",380
L9X,"$45,000 to $49,999",450
L9X,"$50,000 to $54,999",320
L9X,"$55,000 to $59,999",310
L9X,"$60,000 to $69,999",610
L9X,"$70,000 to $79,999",560
L9X,"$80,000 to $89,999",480
L9X,"$90,000 to $99,999",470
L9X,"$100,000 to $149,999",1150
L9X,"$150,000 to $249,999",510
L9X,"$250,000 and over",280
L9Y,"Under $5,000",1050
L9Y,"$5,000 to $9,999",930
L9Y,"$10,000 to $14,999",1470
L9Y,"$15,000 to $19,999",1580
L9Y,"$20,000 to $24,999",1910
L9Y,"$25,000 to $29,999",1350
L9Y,"$30,000 to $34,999",1310
L9Y,"$35,000 to $39,999",1270
L9Y,"$40,000 to $44,999",1190
L9Y,"$45,000 to $49,999",1220
L9Y,"$50,000 to $54,999",880
L9Y,"$55,000 to $59,999",780
L9Y,"$60,000 to $69,999",1440
L9Y,"$70,000 to $79,999",1250
L9Y,"$80,000 to $89,999",850
L9Y,"$90,000 to $99,999",720
L9Y,"$100,000 to $149,999",1490
L9Y,"$150,000 to $249,999",790
L9Y,"$250,000 and over",450
L9Z,"Under $5,000",940
L9Z,"$5,000 to $9,999",860
L9Z,"$10,000 to $14,999",1440
L9Z,"$15,000 to $19,999",1700
L9Z,"$20,000 to $24,999",2020
L9Z,"$25,000 to $29,999",1440
L9Z,"$30,000 to $34,999",1300
L9Z,"$35,000 to $39,999",1300
L9Z,"$40,000 to $44,999",1140
L9Z,"$45,000 to $49,999",1110
L9Z,"$50,000 to $54,999",820
L9Z,"$55,000 to $59,999",730
L9Z,"$60,000 to $69,999",1150
L9Z,"$70,000 to $79,999",840
L9Z,"$80,000 to $89,999",600
L9Z,"$90,000 to $99,999",470
L9Z,"$100,000 to $149,999",900
L9Z,"$150,000 to $249,999",250
L9Z,"$250,000 and over",70
M1B,"Under $5,000",7750
M1B,"$5,000 to $9,999",4460
M1B,"$10,000 to $14,999",5580
M1B,"$15,000 to $19,999",5900
M1B,"$20,000 to $24,999",4320
M1B,"$25,000 to $29,999",3400
M1B,"$30,000 to $34,999",3430
M1B,"$35,000 to $39,999",3160
M1B,"$40,000 to $44,999",2800
M1B,"$45,000 to $49,999",2660
M1B,"$50,000 to $54,999",2230
M1B,"$55,000 to $59,999",1830
M1B,"$60,000 to $69,999",2950
M1B,"$70,000 to $79,999",1920
M1B,"$80,000 to $89,999",1330
M1B,"$90,000 to $99,999",980
M1B,"$100,000 to $149,999",1540
M1B,"$150,000 to $249,999",300
M1B,"$250,000 and over",80
M1C,"Under $5,000",3390
M1C,"$5,000 to $9,999",1810
M1C,"$10,000 to $14,999",2220
M1C,"$15,000 to $19,999",2230
M1C,"$20,000 to $24,999",1830
M1C,"$25,000 to $29,999",1460
M1C,"$30,000 to $34,999",1440
M1C,"$35,000 to $39,999",1340
M1C,"$40,000 to $44,999",1350
M1C,"$45,000 to $49,999",1400
M1C,"$50,000 to $54,999",1170
M1C,"$55,000 to $59,999",1120
M1C,"$60,000 to $69,999",2000
M1C,"$70,000 to $79,999",1720
M1C,"$80,000 to $89,999",1330
M1C,"$90,000 to $99,999",1250
M1C,"$100,000 to $149,999",2730
M1C,"$150,000 to $249,999",1030
M1C,"$250,000 and over",370
M1E,"Under $5,000",4850
M1E,"$5,000 to $9,999",3110
M1E,"$10,000 to $14,999",3870
M1E,"$15,000 to $19,999",3860
M1E,"$20,000 to $24,999",3010
M1E,"$25,000 to $29,999",2310
M1E,"$30,000 to $34,999",2200
M1E,"$35,000 to $39,999",2050
M1E,"$40,000 to $44,999",1970
M1E,"$45,000 to $49,999",1900
M1E,"$50,000 to $54,999",1570
M1E,"$55,000 to $59,999",1250
M1E,"$60,000 to $69,999",2100
M1E,"$70,000 to $79,999",1520
M1E,"$80,000 to $89,999",1130
M1E,"$90,000 to $99,999",920
M1E,"$100,000 to $149,999",1810
M1E,"$150,000 to $249,999",520
M1E,"$250,000 and over",190
M1G,"Under $5,000",4520
M1G,"$5,000 to $9,999",2370
M1G,"$10,000 to $14,999",2850
M1G,"$15,000 to $19,999",2960
M1G,"$20,000 to $24,999",2110
M1G,"$25,000 to $29,999",1600
M1G,"$30,000 to $34,999",1490
M1G,"$35,000 to $39,999",1350
M1G,"$40,000 to $44,999",1140
M1G,"$45,000 to $49,999",1040
M1G,"$50,000 to $54,999",820
M1G,"$55,000 to $59,999",720
M1G,"$60,000 to $69,999",1030
M1G,"$70,000 to $79,999",760
M1G,"$80,000 to $89,999",470
M1G,"$90,000 to $99,999",400
M1G,"$100,000 to $149,999",670
M1G,"$150,000 to $249,999",120
M1G,"$250,000 and over",30
M1H,"Under $5,000",3200
M1H,"$5,000 to $9,999",1580
M1H,"$10,000 to $14,999",2010
M1H,"$15,000 to $19,999",2080
M1H,"$20,000 to $24,999",1600
M1H,"$25,000 to $29,999",1230
M1H,"$30,000 to $34,999",1230
M1H,"$35,000 to $39,999",1130
M1H,"$40,000 to $44,999",1050
M1H,"$45,000 to $49,999",940
M1H,"$50,000 to $54,999",790
M1H,"$55,000 to $59,999",640
M1H,"$60,000 to $69,999",1040
M1H,"$70,000 to $79,999",750
M1H,"$80,000 to $89,999",600
M1H,"$90,000 to $99,999",440
M1H,"$100,000 to $149,999",800
M1H,"$150,000 to $249,999",170
M1H,"$250,000 and over",40
M1J,"Under $5,000",4480
M1J,"$5,000 to $9,999",2420
M1J,"$10,000 to $14,999",2980
M1J,"$15,000 to $19,999",3130
M1J,"$20,000 to $24,999",2620
M1J,"$25,000 to $29,999",2070
M1J,"$30,000 to $34,999",1950
M1J,"$35,000 to $39,999",1680
M1J,"$40,000 to $44,999",1510
M1J,"$45,000 to $49,999",1410
M1J,"$50,000 to $54,999",1140
M1J,"$55,000 to $59,999",920
M1J,"$60,000 to $69,999",1320
M1J,"$70,000 to $79,999",920
M1J,"$80,000 to $89,999",700
M1J,"$90,000 to $99,999",440
M1J,"$100,000 to $149,999",710
M1J,"$150,000 to $249,999",170
M1J,"$250,000 and over",40
M1K,"Under $5,000",5540
M1K,"$5,000 to $9,999",3390
M1K,"$10,000 to $14,999",4430
M1K,"$15,000 to $19,999",4390
M1K,"$20,000 to $24,999",3520
M1K,"$25,000 to $29,999",2630
M1K,"$30,000 to $34,999",2460
M1K,"$35,000 to $39,999",2330
M1K,"$40,000 to $44,999",2020
M1K,"$45,000 to $49,999",1850
M1K,"$50,000 to $54,999",1560
M1K,"$55,000 to $59,999",1300
M1K,"$60,000 to $69,999",1900
M1K,"$70,000 to $79,999",1470
M1K,"$80,000 to $89,999",1010
M1K,"$90,000 to $99,999",700
M1K,"$100,000 to $149,999",1060
M1K,"$150,000 to $249,999",220
M1K,"$250,000 and over",50
M1L,"Under $5,000",4240
M1L,"$5,000 to $9,999",2430
M1L,"$10,000 to $14,999",2760
M1L,"$15,000 to $19,999",2840
M1L,"$20,000 to $24,999",2160
M1L,"$25,000 to $29,999",1600
M1L,"$30,000 to $34,999",1520
M1L,"$35,000 to $39,999",1410
M1L,"$40,000 to $44,999",1290
M1L,"$45,000 to $49,999",1180
M1L,"$50,000 to $54,999",1010
M1L,"$55,000 to $59,999",890
M1L,"$60,000 to $69,999",1380
M1L,"$70,000 to $79,999",1160
M1L,"$80,000 to $89,999",850
M1L,"$90,000 to $99,999",660
M1L,"$100,000 to $149,999",1160
M1L,"$150,000 to $249,999",320
M1L,"$250,000 and over",60
M1M,"Under $5,000",2190
M1M,"$5,000 to $9,999",1450
M1M,"$10,000 to $14,999",1700
M1M,"$15,000 to $19,999",1720
M1M,"$20,000 to $24,999",1470
M1M,"$25,000 to $29,999",1030
M1M,"$30,000 to $34,999",1000
M1M,"$35,000 to $39,999",920
M1M,"$40,000 to $44,999",810
M1M,"$45,000 to $49,999",850
M1M,"$50,000 to $54,999",730
M1M,"$55,000 to $59,999",650
M1M,"$60,000 to $69,999",1050
M1M,"$70,000 to $79,999",820
M1M,"$80,000 to $89,999",650
M1M,"$90,000 to $99,999",570
M1M,"$100,000 to $149,999",1170
M1M,"$150,000 to $249,999",470
M1M,"$250,000 and over",260
M1N,"Under $5,000",1530
M1N,"$5,000 to $9,999",1180
M1N,"$10,000 to $14,999",1390
M1N,"$15,000 to $19,999",1280
M1N,"$20,000 to $24,999",1300
M1N,"$25,000 to $29,999",930
M1N,"$30,000 to $34,999",860
M1N,"$35,000 to $39,999",800
M1N,"$40,000 to $44,999",750
M1N,"$45,000 to $49,999",790
M1N,"$50,000 to $54,999",700
M1N,"$55,000 to $59,999",610
M1N,"$60,000 to $69,999",1190
M1N,"$70,000 to $79,999",940
M1N,"$80,000 to $89,999",710
M1N,"$90,000 to $99,999",640
M1N,"$100,000 to $149,999",1550
M1N,"$150,000 to $249,999",690
M1N,"$250,000 and over",420
M1P,"Under $5,000",5790
M1P,"$5,000 to $9,999",2690
M1P,"$10,000 to $14,999",3550
M1P,"$15,000 to $19,999",3940
M1P,"$20,000 to $24,999",2930
M1P,"$25,000 to $29,999",2270
M1P,"$30,000 to $34,999",2160
M1P,"$35,000 to $39,999",1930
M1P,"$40,000 to $44,999",1800
M1P,"$45,000 to $49,999",1660
M1P,"$50,000 to $54,999",1400
M1P,"$55,000 to $59,999",1100
M1P,"$60,000 to $69,999",1850
M1P,"$70,000 to $79,999",1350
M1P,"$80,000 to $89,999",960
M1P,"$90,000 to $99,999",740
M1P,"$100,000 to $149,999",1300
M1P,"$150,000 to $249,999",250
M1P,"$250,000 and over",70
M1R,"Under $5,000",3160
M1R,"$5,000 to $9,999",1980
M1R,"$10,000 to $14,999",2360
M1R,"$15,000 to $19,999",2580
M1R,"$20,000 to $24,999",2210
M1R,"$25,000 to $29,999",1620
M1R,"$30,000 to $34,999",1500
M1R,"$35,000 to $39,999",1370
M1R,"$40,000 to $44,999",1230
M1R,"$45,000 to $49,999",1200
M1R,"$50,000 to $54,999",960
M1R,"$55,000 to $59,999",850
M1R,"$60,000 to $69,999",1280
M1R,"$70,000 to $79,999",990
M1R,"$80,000 to $89,999",730
M1R,"$90,000 to $99,999",530
M1R,"$100,000 to $149,999",930
M1R,"$150,000 to $249,999",230
M1R,"$250,000 and over",60
M1S,"Under $5,000",4760
M1S,"$5,000 to $9,999",2800
M1S,"$10,000 to $14,999",3580
M1S,"$15,000 to $19,999",3850
M1S,"$20,000 to $24,999",2520
M1S,"$25,000 to $29,999",1930
M1S,"$30,000 to $34,999",1740
M1S,"$35,000 to $39,999",1570
M1S,"$40,000 to $44,999",1380
M1S,"$45,000 to $49,999",1320
M1S,"$50,000 to $54,999",1110
M1S,"$55,000 to $59,999",890
M1S,"$60,000 to $69,999",1610
M1S,"$70,000 to $79,999",1160
M1S,"$80,000 to $89,999",890
M1S,"$90,000 to $99,999",690
M1S,"$100,000 to $149,999",1280
M1S,"$150,000 to $249,999",370
M1S,"$250,000 and over",120
M1T,"Under $5,000",3790
M1T,"$5,000 to $9,999",2300
M1T,"$10,000 to $14,999",2910
M1T,"$15,000 to $19,999",3480
M1T,"$20,000 to $24,999",2490
M1T,"$25,000 to $29,999",1780
M1T,"$30,000 to $34,999",1630
M1T,"$35,000 to $39,999",1510
M1T,"$40,000 to $44,999",1360
M1T,"$45,000 to $49,999",1270
M1T,"$50,000 to $54,999",990
M1T,"$55,000 to $59,999",870
M1T,"$60,000 to $69,999",1360
M1T,"$70,000 to $79,999",1020
M1T,"$80,000 to $89,999",780
M1T,"$90,000 to $99,999",620
M1T,"$100,000 to $149,999",1200
M1T,"$150,000 to $249,999",310
M1T,"$250,000 and over",130
M1V,"Under $5,000",6430
M1V,"$5,000 to $9,999",4400
M1V,"$10,000 to $14,999",5670
M1V,"$15,000 to $19,999",6050
M1V,"$20,000 to $24,999",3670
M1V,"$25,000 to $29,999",2700
M1V,"$30,000 to $34,999",2530
M1V,"$35,000 to $39,999",2160
M1V,"$40,000 to $44,999",1940
M1V,"$45,000 to $49,999",1720
M1V,"$50,000 to $54,999",1390
M1V,"$55,000 to $59,999",1150
M1V,"$60,000 to $69,999",1910
M1V,"$70,000 to $79,999",1320
M1V,"$80,000 to $89,999",940
M1V,"$90,000 to $99,999",740
M1V,"$100,000 to $149,999",1400
M1V,"$150,000 to $249,999",350
M1V,"$250,000 and over",100
M1W,"Under $5,000",5420
M1W,"$5,000 to $9,999",3250
M1W,"$10,000 to $14,999",4290
M1W,"$15,000 to $19,999",4770
M1W,"$20,000 to $24,999",3220
M1W,"$25,000 to $29,999",2410
M1W,"$30,000 to $34,999",2230
M1W,"$35,000 to $39,999",2030
M1W,"$40,000 to $44,999",1790
M1W,"$45,000 to $49,999",1720
M1W,"$50,000 to $54,999",1450
M1W,"$55,000 to $59,999",1220
M1W,"$60,000 to $69,999",1930
M1W,"$70,000 to $79,999",1570
M1W,"$80,000 to $89,999",1050
M1W,"$90,000 to $99,999",950
M1W,"$100,000 to $149,999",1740
M1W,"$150,000 to $249,999",550
M1W,"$250,000 and over",180
M1X,"Under $5,000",1760
M1X,"$5,000 to $9,999",1090
M1X,"$10,000 to $14,999",1340
M1X,"$15,000 to $19,999",1430
M1X,"$20,000 to $24,999",900
M1X,"$25,000 to $29,999",780
M1X,"$30,000 to $34,999",710
M1X,"$35,000 to $39,999",710
M1X,"$40,000 to $44,999",610
M1X,"$45,000 to $49,999",530
M1X,"$50,000 to $54,999",490
M1X,"$55,000 to $59,999",450
M1X,"$60,000 to $69,999",690
M1X,"$70,000 to $79,999",480
M1X,"$80,000 to $89,999",370
M1X,"$90,000 to $99,999",260
M1X,"$100,000 to $149,999",530
M1X,"$150,000 to $249,999",120
M1X,"$250,000 and over",20
M2H,"Under $5,000",2920
M2H,"$5,000 to $9,999",1670
M2H,"$10,000 to $14,999",1870
M2H,"$15,000 to $19,999",2090
M2H,"$20,000 to $24,999",1420
M2H,"$25,000 to $29,999",1060
M2H,"$30,000 to $34,999",950
M2H,"$35,000 to $39,999",860
M2H,"$40,000 to $44,999",850
M2H,"$45,000 to $49,999",860
M2H,"$50,000 to $54,999",690
M2H,"$55,000 to $59,999",610
M2H,"$60,000 to $69,999",1090
M2H,"$70,000 to $79,999",930
M2H,"$80,000 to $89,999",730
M2H,"$90,000 to $99,999",640
M2H,"$100,000 to $149,999",1420
M2H,"$150,000 to $249,999",520
M2H,"$250,000 and over",220
M2J,"Under $5,000",8050
M2J,"$5,000 to $9,999",3930
M2J,"$10,000 to $14,999",4410
M2J,"$15,000 to $19,999",4570
M2J,"$20,000 to $24,999",3660
M2J,"$25,000 to $29,999",2750
M2J,"$30,000 to $34,999",2720
M2J,"$35,000 to $39,999",2550
M2J,"$40,000 to $44,999",2340
M2J,"$45,000 to $49,999",2210
M2J,"$50,000 to $54,999",1830
M2J,"$55,000 to $59,999",1650
M2J,"$60,000 to $69,999",2770
M2J,"$70,000 to $79,999",2290
M2J,"$80,000 to $89,999",1770
M2J,"$90,000 to $99,999",1510
M2J,"$100,000 to $149,999",3100
M2J,"$150,000 to $249,999",960
M2J,"$250,000 and over",390
M2K,"Under $5,000",2990
M2K,"$5,000 to $9,999",1370
M2K,"$10,000 to $14,999",1390
M2K,"$15,000 to $19,999",1490
M2K,"$20,000 to $24,999",1120
M2K,"$25,000 to $29,999",810
M2K,"$30,000 to $34,999",830
M2K,"$35,000 to $39,999",840
M2K,"$40,000 to $44,999",740
M2K,"$45,000 to $49,999",770
M2K,"$50,000 to $54,999",700
M2K,"$55,000 to $59,999",620
M2K,"$60,000 to $69,999",1170
M2K,"$70,000 to $79,999",1020
M2K,"$80,000 to $89,999",960
M2K,"$90,000 to $99,999",780
M2K,"$100,000 to $149,999",1950
M2K,"$150,000 to $249,999",910
M2K,"$250,000 and over",480
M2L,"Under $5,000",1140
M2L,"$5,000 to $9,999",560
M2L,"$10,000 to $14,999",680
M2L,"$15,000 to $19,999",610
M2L,"$20,000 to $24,999",510
M2L,"$25,000 to $29,999",380
M2L,"$30,000 to $34,999",330
M2L,"$35,000 to $39,999",300
M2L,"$40,000 to $44,999",270
M2L,"$45,000 to $49,999",300
M2L,"$50,000 to $54,999",280
M2L,"$55,000 to $59,999",240
M2L,"$60,000 to $69,999",460
M2L,"$70,000 to $79,999",410
M2L,"$80,000 to $89,999",340
M2L,"$90,000 to $99,999",280
M2L,"$100,000 to $149,999",890
M2L,"$150,000 to $249,999",830
M2L,"$250,000 and over",870
M2M,"Under $5,000",4420
M2M,"$5,000 to $9,999",2390
M2M,"$10,000 to $14,999",2690
M2M,"$15,000 to $19,999",2810
M2M,"$20,000 to $24,999",1970
M2M,"$25,000 to $29,999",1480
M2M,"$30,000 to $34,999",1440
M2M,"$35,000 to $39,999",1320
M2M,"$40,000 to $44,999",1190
M2M,"$45,000 to $49,999",1140
M2M,"$50,000 to $54,999",930
M2M,"$55,000 to $59,999",820
M2M,"$60,000 to $69,999",1380
M2M,"$70,000 to $79,999",1190
M2M,"$80,000 to $89,999",810
M2M,"$90,000 to $99,999",720
M2M,"$100,000 to $149,999",1770
M2M,"$150,000 to $249,999",790
M2M,"$250,000 and over",360
M2N,"Under $5,000",10800
M2N,"$5,000 to $9,999",4560
M2N,"$10,000 to $14,999",4820
M2N,"$15,000 to $19,999",4800
M2N,"$20,000 to $24,999",3480
M2N,"$25,000 to $29,999",2720
M2N,"$30,000 to $34,999",2440
M2N,"$35,000 to $39,999",2350
M2N,"$40,000 to $44,999",2170
M2N,"$45,000 to $49,999",2220
M2N,"$50,000 to $54,999",1970
M2N,"$55,000 to $59,999",1940
M2N,"$60,000 to $69,999",3330
M2N,"$70,000 to $79,999",3180
M2N,"$80,000 to $89,999",2670
M2N,"$90,000 to $99,999",2310
M2N,"$100,000 to $149,999",5700
M2N,"$150,000 to $249,999",2630
M2N,"$250,000 and over",1280
M2P,"Under $5,000",750
M2P,"$5,000 to $9,999",360
M2P,"$10,000 to $14,999",370
M2P,"$15,000 to $19,999",350
M2P,"$20,000 to $24,999",300
M2P,"$25,000 to $29,999",250
M2P,"$30,000 to $34,999",230
M2P,"$35,000 to $39,999",230
M2P,"$40,000 to $44,999",210
M2P,"$45,000 to $49,999",190
M2P,"$50,000 to $54,999",170
M2P,"$55,000 to $59,999",180
M2P,"$60,000 to $69,999",290
M2P,"$70,000 to $79,999",280
M2P,"$80,000 to $89,999",270
M2P,"$90,000 to $99,999",230
M2P,"$100,000 to $149,999",700
M2P,"$150,000 to $249,999",550
M2P,"$250,000 and over",580
M2R,"Under $5,000",4000
M2R,"$5,000 to $9,999",2910
M2R,"$10,000 to $14,999",3530
M2R,"$15,000 to $19,999",4250
M2R,"$20,000 to $24,999",2890
M2R,"$25,000 to $29,999",2160
M2R,"$30,000 to $34,999",2110
M2R,"$35,000 to $39,999",2070
M2R,"$40,000 to $44,999",1800
M2R,"$45,000 to $49,999",1580
M2R,"$50,000 to $54,999",1290
M2R,"$55,000 to $59,999",1020
M2R,"$60,000 to $69,999",1610
M2R,"$70,000 to $79,999",1190
M2R,"$80,000 to $89,999",860
M2R,"$90,000 to $99,999",680
M2R,"$100,000 to $149,999",1470
M2R,"$150,000 to $249,999",610
M2R,"$250,000 and over",290
M3A,"Under $5,000",3360
M3A,"$5,000 to $9,999",1980
M3A,"$10,000 to $14,999",2380
M3A,"$15,000 to $19,999",2380
M3A,"$20,000 to $24,999",2080
M3A,"$25,000 to $29,999",1540
M3A,"$30,000 to $34,999",1410
M3A,"$35,000 to $39,999",1320
M3A,"$40,000 to $44,999",1250
M3A,"$45,000 to $49,999",1260
M3A,"$50,000 to $54,999",1060
M3A,"$55,000 to $59,999",1030
M3A,"$60,000 to $69,999",1570
M3A,"$70,000 to $79,999",1210
M3A,"$80,000 to $89,999",920
M3A,"$90,000 to $99,999",790
M3A,"$100,000 to $149,999",1610
M3A,"$150,000 to $249,999",640
M3A,"$250,000 and over",350
M3B,"Under $5,000",1150
M3B,"$5,000 to $9,999",580
M3B,"$10,000 to $14,999",680
M3B,"$15,000 to $19,999",650
M3B,"$20,000 to $24,999",580
M3B,"$25,000 to $29,999",440
M3B,"$30,000 to $34,999",420
M3B,"$35,000 to $39,999",430
M3B,"$40,000 to $44,999",400
M3B,"$45,000 to $49,999",380
M3B,"$50,000 to $54,999",350
M3B,"$55,000 to $59,999",330
M3B,"$60,000 to $69,999",640
M3B,"$70,000 to $79,999",620
M3B,"$80,000 to $89,999",530
M3B,"$90,000 to $99,999",430
M3B,"$100,000 to $149,999",1340
M3B,"$150,000 to $249,999",980
M3B,"$250,000 and over",850
M3C,"Under $5,000",4310
M3C,"$5,000 to $9,999",2280
M3C,"$10,000 to $14,999",2790
M3C,"$15,000 to $19,999",3190
M3C,"$20,000 to $24,999",2460
M3C,"$25,000 to $29,999",1840
M3C,"$30,000 to $34,999",1640
M3C,"$35,000 to $39,999",1540
M3C,"$40,000 to $44,999",1390
M3C,"$45,000 to $49,999",1370
M3C,"$50,000 to $54,999",1110
M3C,"$55,000 to $59,999",980
M3C,"$60,000 to $69,999",1640
M3C,"$70,000 to $79,999",1320
M3C,"$80,000 to $89,999",970
M3C,"$90,000 to $99,999",780
M3C,"$100,000 to $149,999",1720
M3C,"$150,000 to $249,999",680
M3C,"$250,000 and over",330
M3H,"Under $5,000",2980
M3H,"$5,000 to $9,999",1920
M3H,"$10,000 to $14,999",2450
M3H,"$15,000 to $19,999",2740
M3H,"$20,000 to $24,999",2140
M3H,"$25,000 to $29,999",1700
M3H,"$30,000 to $34,999",1720
M3H,"$35,000 to $39,999",1500
M3H,"$40,000 to $44,999",1450
M3H,"$45,000 to $49,999",1370
M3H,"$50,000 to $54,999",1070
M3H,"$55,000 to $59,999",940
M3H,"$60,000 to $69,999",1650
M3H,"$70,000 to $79,999",1330
M3H,"$80,000 to $89,999",1070
M3H,"$90,000 to $99,999",910
M3H,"$100,000 to $149,999",2150
M3H,"$150,000 to $249,999",1230
M3H,"$250,000 and over",880
M3J,"Under $5,000",4530
M3J,"$5,000 to $9,999",2320
M3J,"$10,000 to $14,999",2870
M3J,"$15,000 to $19,999",2520
M3J,"$20,000 to $24,999",2120
M3J,"$25,000 to $29,999",1650
M3J,"$30,000 to $34,999",1640
M3J,"$35,000 to $39,999",1370
M3J,"$40,000 to $44,999",1210
M3J,"$45,000 to $49,999",1110
M3J,"$50,000 to $54,999",890
M3J,"$55,000 to $59,999",730
M3J,"$60,000 to $69,999",1150
M3J,"$70,000 to $79,999",770
M3J,"$80,000 to $89,999",570
M3J,"$90,000 to $99,999",380
M3J,"$100,000 to $149,999",680
M3J,"$150,000 to $249,999",170
M3J,"$250,000 and over",70
M3K,"Under $5,000",640
M3K,"$5,000 to $9,999",410
M3K,"$10,000 to $14,999",540
M3K,"$15,000 to $19,999",500
M3K,"$20,000 to $24,999",600
M3K,"$25,000 to $29,999",440
M3K,"$30,000 to $34,999",450
M3K,"$35,000 to $39,999",370
M3K,"$40,000 to $44,999",370
M3K,"$45,000 to $49,999",370
M3K,"$50,000 to $54,999",290
M3K,"$55,000 to $59,999",230
M3K,"$60,000 to $69,999",390
M3K,"$70,000 to $79,999",290
M3K,"$80,000 to $89,999",240
M3K,"$90,000 to $99,999",180
M3K,"$100,000 to $149,999",390
M3K,"$150,000 to $249,999",160
M3K,"$250,000 and over",70
M3L,"Under $5,000",1750
M3L,"$5,000 to $9,999",1210
M3L,"$10,000 to $14,999",1730
M3L,"$15,000 to $19,999",1870
M3L,"$20,000 to $24,999",1610
M3L,"$25,000 to $29,999",1150
M3L,"$30,000 to $34,999",1140
M3L,"$35,000 to $39,999",980
M3L,"$40,000 to $44,999",860
M3L,"$45,000 to $49,999",740
M3L,"$50,000 to $54,999",640
M3L,"$55,000 to $59,999",480
M3L,"$60,000 to $69,999",710
M3L,"$70,000 to $79,999",500
M3L,"$80,000 to $89,999",330
M3L,"$90,000 to $99,999",230
M3L,"$100,000 to $149,999",350
M3L,"$150,000 to $249,999",70
M3L,"$250,000 and over",20
M3M,"Under $5,000",2130
M3M,"$5,000 to $9,999",1450
M3M,"$10,000 to $14,999",1980
M3M,"$15,000 to $19,999",2070
M3M,"$20,000 to $24,999",1880
M3M,"$25,000 to $29,999",1410
M3M,"$30,000 to $34,999",1380
M3M,"$35,000 to $39,999",1290
M3M,"$40,000 to $44,999",1150
M3M,"$45,000 to $49,999",1030
M3M,"$50,000 to $54,999",840
M3M,"$55,000 to $59,999",700
M3M,"$60,000 to $69,999",1060
M3M,"$70,000 to $79,999",770
M3M,"$80,000 to $89,999",500
M3M,"$90,000 to $99,999",360
M3M,"$100,000 to $149,999",660
M3M,"$150,000 to $249,999",140
M3M,"$250,000 and over",40
M3N,"Under $5,000",4490
M3N,"$5,000 to $9,999",2960
M3N,"$10,000 to $14,999",3970
M3N,"$15,000 to $19,999",4350
M3N,"$20,000 to $24,999",3060
M3N,"$25,000 to $29,999",2250
M3N,"$30,000 to $34,999",2160
M3N,"$35,000 to $39,999",1990
M3N,"$40,000 to $44,999",1710
M3N,"$45,000 to $49,999",1400
M3N,"$50,000 to $54,999",1130
M3N,"$55,000 to $59,999",860
M3N,"$60,000 to $69,999",1160
M3N,"$70,000 to $79,999",710
M3N,"$80,000 to $89,999",430
M3N,"$90,000 to $99,999",260
M3N,"$100,000 to $149,999",400
M3N,"$150,000 to $249,999",70
M3N,"$250,000 and over",20
M4A,"Under $5,000",1340
M4A,"$5,000 to $9,999",870
M4A,"$10,000 to $14,999",1100
M4A,"$15,000 to $19,999",1270
M4A,"$20,000 to $24,999",980
M4A,"$25,000 to $29,999",680
M4A,"$30,000 to $34,999",600
M4A,"$35,000 to $39,999",590
M4A,"$40,000 to $44,999",560
M4A,"$45,000 to $49,999",510
M4A,"$50,000 to $54,999",470
M4A,"$55,000 to $59,999",380
M4A,"$60,000 to $69,999",660
M4A,"$70,000 to $79,999",480
M4A,"$80,000 to $89,999",370
M4A,"$90,000 to $99,999",310
M4A,"$100,000 to $149,999",600
M4A,"$150,000 to $249,999",200
M4A,"$250,000 and over",70
M4B,"Under $5,000",1410
M4B,"$5,000 to $9,999",950
M4B,"$10,000 to $14,999",1270
M4B,"$15,000 to $19,999",1360
M4B,"$20,000 to $24,999",1220
M4B,"$25,000 to $29,999",930
M4B,"$30,000 to $34,999",810
M4B,"$35,000 to $39,999",720
M4B,"$40,000 to $44,999",690
M4B,"$45,000 to $49,999",620
M4B,"$50,000 to $54,999",560
M4B,"$55,000 to $59,999",520
M4B,"$60,000 to $69,999",810
M4B,"$70,000 to $79,999",650
M4B,"$80,000 to $89,999",480
M4B,"$90,000 to $99,999",470
M4B,"$100,000 to $149,999",940
M4B,"$150,000 to $249,999",440
M4B,"$250,000 and over",180
M4C,"Under $5,000",3890
M4C,"$5,000 to $9,999",2490
M4C,"$10,000 to $14,999",3140
M4C,"$15,000 to $19,999",3350
M4C,"$20,000 to $24,999",2870
M4C,"$25,000 to $29,999",1910
M4C,"$30,000 to $34,999",1840
M4C,"$35,000 to $39,999",1610
M4C,"$40,000 to $44,999",1560
M4C,"$45,000 to $49,999",1460
M4C,"$50,000 to $54,999",1290
M4C,"$55,000 to $59,999",1150
M4C,"$60,000 to $69,999",2030
M4C,"$70,000 to $79,999",1660
M4C,"$80,000 to $89,999",1440
M4C,"$90,000 to $99,999",1270
M4C,"$100,000 to $149,999",2910
M4C,"$150,000 to $249,999",1110
M4C,"$250,000 and over",330
M4E,"Under $5,000",1290
M4E,"$5,000 to $9,999",1050
M4E,"$10,000 to $14,999",1240
M4E,"$15,000 to $19,999",1210
M4E,"$20,000 to $24,999",1060
M4E,"$25,000 to $29,999",710
M4E,"$30,000 to $34,999",680
M4E,"$35,000 to $39,999",620
M4E,"$40,000 to $44,999",670
M4E,"$45,000 to $49,999",650
M4E,"$50,000 to $54,999",600
M4E,"$55,000 to $59,999",570
M4E,"$60,000 to $69,999",1100
M4E,"$70,000 to $79,999",1030
M4E,"$80,000 to $89,999",880
M4E,"$90,000 to $99,999",910
M4E,"$100,000 to $149,999",2500
M4E,"$150,000 to $249,999",1600
M4E,"$250,000 and over",1110
M4G,"Under $5,000",1140
M4G,"$5,000 to $9,999",730
M4G,"$10,000 to $14,999",730
M4G,"$15,000 to $19,999",700
M4G,"$20,000 to $24,999",700
M4G,"$25,000 to $29,999",530
M4G,"$30,000 to $34,999",530
M4G,"$35,000 to $39,999",440
M4G,"$40,000 to $44,999",490
M4G,"$45,000 to $49,999",530
M4G,"$50,000 to $54,999",480
M4G,"$55,000 to $59,999",430
M4G,"$60,000 to $69,999",810
M4G,"$70,000 to $79,999",770
M4G,"$80,000 to $89,999",740
M4G,"$90,000 to $99,999",670
M4G,"$100,000 to $149,999",1980
M4G,"$150,000 to $249,999",1510
M4G,"$250,000 and over",1660
M4H,"Under $5,000",3230
M4H,"$5,000 to $9,999",1400
M4H,"$10,000 to $14,999",1650
M4H,"$15,000 to $19,999",1660
M4H,"$20,000 to $24,999",1220
M4H,"$25,000 to $29,999",850
M4H,"$30,000 to $34,999",740
M4H,"$35,000 to $39,999",580
M4H,"$40,000 to $44,999",520
M4H,"$45,000 to $49,999",470
M4H,"$50,000 to $54,999",350
M4H,"$55,000 to $59,999",320
M4H,"$60,000 to $69,999",450
M4H,"$70,000 to $79,999",310
M4H,"$80,000 to $89,999",210
M4H,"$90,000 to $99,999",160
M4H,"$100,000 to $149,999",280
M4H,"$150,000 to $249,999",70
M4H,"$250,000 and over",10
M4J,"Under $5,000",2240
M4J,"$5,000 to $9,999",1620
M4J,"$10,000 to $14,999",2210
M4J,"$15,000 to $19,999",2610
M4J,"$20,000 to $24,999",2140
M4J,"$25,000 to $29,999",1330
M4J,"$30,000 to $34,999",1160
M4J,"$35,000 to $39,999",1040
M4J,"$40,000 to $44,999",1040
M4J,"$45,000 to $49,999",990
M4J,"$50,000 to $54,999",870
M4J,"$55,000 to $59,999",800
M4J,"$60,000 to $69,999",1420
M4J,"$70,000 to $79,999",1270
M4J,"$80,000 to $89,999",1120
M4J,"$90,000 to $99,999",1060
M4J,"$100,000 to $149,999",2860
M4J,"$150,000 to $249,999",1430
M4J,"$250,000 and over",560
M4K,"Under $5,000",1720
M4K,"$5,000 to $9,999",1310
M4K,"$10,000 to $14,999",1820
M4K,"$15,000 to $19,999",2100
M4K,"$20,000 to $24,999",1670
M4K,"$25,000 to $29,999",1200
M4K,"$30,000 to $34,999",1080
M4K,"$35,000 to $39,999",1010
M4K,"$40,000 to $44,999",970
M4K,"$45,000 to $49,999",950
M4K,"$50,000 to $54,999",880
M4K,"$55,000 to $59,999",760
M4K,"$60,000 to $69,999",1350
M4K,"$70,000 to $79,999",1140
M4K,"$80,000 to $89,999",970
M4K,"$90,000 to $99,999",910
M4K,"$100,000 to $149,999",2350
M4K,"$150,000 to $249,999",1530
M4K,"$250,000 and over",1060
M4L,"Under $5,000",1700
M4L,"$5,000 to $9,999",1360
M4L,"$10,000 to $14,999",1800
M4L,"$15,000 to $19,999",1770
M4L,"$20,000 to $24,999",1520
M4L,"$25,000 to $29,999",1040
M4L,"$30,000 to $34,999",940
M4L,"$35,000 to $39,999",910
M4L,"$40,000 to $44,999",840
M4L,"$45,000 to $49,999",870
M4L,"$50,000 to $54,999",750
M4L,"$55,000 to $59,999",700
M4L,"$60,000 to $69,999",1330
M4L,"$70,000 to $79,999",1230
M4L,"$80,000 to $89,999",1040
M4L,"$90,000 to $99,999",1030
M4L,"$100,000 to $149,999",2830
M4L,"$150,000 to $249,999",1670
M4L,"$250,000 and over",980
M4M,"Under $5,000",1470
M4M,"$5,000 to $9,999",1150
M4M,"$10,000 to $14,999",1640
M4M,"$15,000 to $19,999",1750
M4M,"$20,000 to $24,999",1240
M4M,"$25,000 to $29,999",790
M4M,"$30,000 to $34,999",750
M4M,"$35,000 to $39,999",630
M4M,"$40,000 to $44,999",630
M4M,"$45,000 to $49,999",650
M4M,"$50,000 to $54,999",590
M4M,"$55,000 to $59,999",550
M4M,"$60,000 to $69,999",950
M4M,"$70,000 to $79,999",840
M4M,"$80,000 to $89,999",780
M4M,"$90,000 to $99,999",700
M4M,"$100,000 to $149,999",2110
M4M,"$150,000 to $249,999",1240
M4M,"$250,000 and over",640
M4N,"Under $5,000",1080
M4N,"$5,000 to $9,999",600
M4N,"$10,000 to $14,999",620
M4N,"$15,000 to $19,999",620
M4N,"$20,000 to $24,999",530
M4N,"$25,000 to $29,999",390
M4N,"$30,000 to $34,999",390
M4N,"$35,000 to $39,999",370
M4N,"$40,000 to $44,999",360
M4N,"$45,000 to $49,999",370
M4N,"$50,000 to $54,999",330
M4N,"$55,000 to $59,999",300
M4N,"$60,000 to $69,999",560
M4N,"$70,000 to $79,999",550
M4N,"$80,000 to $89,999",500
M4N,"$90,000 to $99,999",430
M4N,"$100,000 to $149,999",1350
M4N,"$150,000 to $249,999",1360
M4N,"$250,000 and over",1960
M4P,"Under $5,000",1920
M4P,"$5,000 to $9,999",980
M4P,"$10,000 to $14,999",1110
M4P,"$15,000 to $19,999",1280
M4P,"$20,000 to $24,999",1100
M4P,"$25,000 to $29,999",790
M4P,"$30,000 to $34,999",720
M4P,"$35,000 to $39,999",760
M4P,"$40,000 to $44,999",710
M4P,"$45,000 to $49,999",770
M4P,"$50,000 to $54,999",730
M4P,"$55,000 to $59,999",690
M4P,"$60,000 to $69,999",1250
M4P,"$70,000 to $79,999",1070
M4P,"$80,000 to $89,999",850
M4P,"$90,000 to $99,999",810
M4P,"$100,000 to $149,999",1740
M4P,"$150,000 to $249,999",960
M4P,"$250,000 and over",670
M4R,"Under $5,000",880
M4R,"$5,000 to $9,999",450
M4R,"$10,000 to $14,999",460
M4R,"$15,000 to $19,999",440
M4R,"$20,000 to $24,999",430
M4R,"$25,000 to $29,999",310
M4R,"$30,000 to $34,999",330
M4R,"$35,000 to $39,999",320
M4R,"$40,000 to $44,999",310
M4R,"$45,000 to $49,999",290
M4R,"$50,000 to $54,999",250
M4R,"$55,000 to $59,999",270
M4R,"$60,000 to $69,999",480
M4R,"$70,000 to $79,999",510
M4R,"$80,000 to $89,999",390
M4R,"$90,000 to $99,999",360
M4R,"$100,000 to $149,999",1120
M4R,"$150,000 to $249,999",830
M4R,"$250,000 and over",960
M4S,"Under $5,000",1990
M4S,"$5,000 to $9,999",1020
M4S,"$10,000 to $14,999",1190
M4S,"$15,000 to $19,999",1240
M4S,"$20,000 to $24,999",1130
M4S,"$25,000 to $29,999",800
M4S,"$30,000 to $34,999",830
M4S,"$35,000 to $39,999",820
M4S,"$40,000 to $44,999",840
M4S,"$45,000 to $49,999",850
M4S,"$50,000 to $54,999",800
M4S,"$55,000 to $59,999",740
M4S,"$60,000 to $69,999",1430
M4S,"$70,000 to $79,999",1500
M4S,"$80,000 to $89,999",1240
M4S,"$90,000 to $99,999",1120
M4S,"$100,000 to $149,999",2840
M4S,"$150,000 to $249,999",1680
M4S,"$250,000 and over",1150
M4T,"Under $5,000",590
M4T,"$5,000 to $9,999",350
M4T,"$10,000 to $14,999",420
M4T,"$15,000 to $19,999",400
M4T,"$20,000 to $24,999",360
M4T,"$25,000 to $29,999",290
M4T,"$30,000 to $34,999",300
M4T,"$35,000 to $39,999",290
M4T,"$40,000 to $44,999",290
M4T,"$45,000 to $49,999",310
M4T,"$50,000 to $54,999",280
M4T,"$55,000 to $59,999",270
M4T,"$60,000 to $69,999",550
M4T,"$70,000 to $79,999",500
M4T,"$80,000 to $89,999",460
M4T,"$90,000 to $99,999",440
M4T,"$100,000 to $149,999",1060
M4T,"$150,000 to $249,999",930
M4T,"$250,000 and over",1320
M4V,"Under $5,000",1020
M4V,"$5,000 to $9,999",550
M4V,"$10,000 to $14,999",600
M4V,"$15,000 to $19,999",650
M4V,"$20,000 to $24,999",680
M4V,"$25,000 to $29,999",500
M4V,"$30,000 to $34,999",530
M4V,"$35,000 to $39,999",550
M4V,"$40,000 to $44,999",510
M4V,"$45,000 to $49,999",510
M4V,"$50,000 to $54,999",520
M4V,"$55,000 to $59,999",460
M4V,"$60,000 to $69,999",930
M4V,"$70,000 to $79,999",810
M4V,"$80,000 to $89,999",700
M4V,"$90,000 to $99,999",640
M4V,"$100,000 to $149,999",1790
M4V,"$150,000 to $249,999",1510
M4V,"$250,000 and over",1900
M4W,"Under $5,000",1160
M4W,"$5,000 to $9,999",570
M4W,"$10,000 to $14,999",530
M4W,"$15,000 to $19,999",510
M4W,"$20,000 to $24,999",520
M4W,"$25,000 to $29,999",420
M4W,"$30,000 to $34,999",390
M4W,"$35,000 to $39,999",370
M4W,"$40,000 to $44,999",380
M4W,"$45,000 to $49,999",360
M4W,"$50,000 to $54,999",330
M4W,"$55,000 to $59,999",310
M4W,"$60,000 to $69,999",650
M4W,"$70,000 to $79,999",620
M4W,"$80,000 to $89,999",530
M4W,"$90,000 to $99,999",470
M4W,"$100,000 to $149,999",1460
M4W,"$150,000 to $249,999",1200
M4W,"$250,000 and over",1730
M4X,"Under $5,000",1910
M4X,"$5,000 to $9,999",1260
M4X,"$10,000 to $14,999",1720
M4X,"$15,000 to $19,999",1890
M4X,"$20,000 to $24,999",1240
M4X,"$25,000 to $29,999",950
M4X,"$30,000 to $34,999",910
M4X,"$35,000 to $39,999",850
M4X,"$40,000 to $44,999",770
M4X,"$45,000 to $49,999",680
M4X,"$50,000 to $54,999",570
M4X,"$55,000 to $59,999",480
M4X,"$60,000 to $69,999",700
M4X,"$70,000 to $79,999",660
M4X,"$80,000 to $89,999",470
M4X,"$90,000 to $99,999",340
M4X,"$100,000 to $149,999",710
M4X,"$150,000 to $249,999",360
M4X,"$250,000 and over",260
M4Y,"Under $5,000",4350
M4Y,"$5,000 to $9,999",1600
M4Y,"$10,000 to $14,999",1880
M4Y,"$15,000 to $19,999",1730
M4Y,"$20,000 to $24,999",1520
M4Y,"$25,000 to $29,999",1140
M4Y,"$30,000 to $34,999",1100
M4Y,"$35,000 to $39,999",1060
M4Y,"$40,000 to $44,999",1010
M4Y,"$45,000 to $49,999",1010
M4Y,"$50,000 to $54,999",930
M4Y,"$55,000 to $59,999",940
M4Y,"$60,000 to $69,999",1700
M4Y,"$70,000 to $79,999",1610
M4Y,"$80,000 to $89,999",1320
M4Y,"$90,000 to $99,999",1130
M4Y,"$100,000 to $149,999",2460
M4Y,"$150,000 to $249,999",1010
M4Y,"$250,000 and over",460
M5A,"Under $5,000",3500
M5A,"$5,000 to $9,999",2750
M5A,"$10,000 to $14,999",3720
M5A,"$15,000 to $19,999",3320
M5A,"$20,000 to $24,999",2310
M5A,"$25,000 to $29,999",1530
M5A,"$30,000 to $34,999",1340
M5A,"$35,000 to $39,999",1280
M5A,"$40,000 to $44,999",1220
M5A,"$45,000 to $49,999",1150
M5A,"$50,000 to $54,999",1070
M5A,"$55,000 to $59,999",1020
M5A,"$60,000 to $69,999",1810
M5A,"$70,000 to $79,999",1690
M5A,"$80,000 to $89,999",1520
M5A,"$90,000 to $99,999",1300
M5A,"$100,000 to $149,999",3410
M5A,"$150,000 to $249,999",1690
M5A,"$250,000 and over",820
M5B,"Under $5,000",1860
M5B,"$5,000 to $9,999",850
M5B,"$10,000 to $14,999",970
M5B,"$15,000 to $19,999",1050
M5B,"$20,000 to $24,999",670
M5B,"$25,000 to $29,999",500
M5B,"$30,000 to $34,999",400
M5B,"$35,000 to $39,999",400
M5B,"$40,000 to $44,999",420
M5B,"$45,000 to $49,999",380
M5B,"$50,000 to $54,999",370
M5B,"$55,000 to $59,999",280
M5B,"$60,000 to $69,999",630
M5B,"$70,000 to $79,999",610
M5B,"$80,000 to $89,999",480
M5B,"$90,000 to $99,999",440
M5B,"$100,000 to $149,999",960
M5B,"$150,000 to $249,999",440
M5B,"$250,000 and over",200
M5C,"Under $5,000",250
M5C,"$5,000 to $9,999",160
M5C,"$10,000 to $14,999",190
M5C,"$15,000 to $19,999",160
M5C,"$20,000 to $24,999",130
M5C,"$25,000 to $29,999",90
M5C,"$30,000 to $34,999",90
M5C,"$35,000 to $39,999",90
M5C,"$40,000 to $44,999",90
M5C,"$45,000 to $49,999",80
M5C,"$50,000 to $54,999",80
M5C,"$55,000 to $59,999",100
M5C,"$60,000 to $69,999",180
M5C,"$70,000 to $79,999",210
M5C,"$80,000 to $89,999",170
M5C,"$90,000 to $99,999",180
M5C,"$100,000 to $149,999",460
M5C,"$150,000 to $249,999",310
M5C,"$250,000 and over",330
M5E,"Under $5,000",590
M5E,"$5,000 to $9,999",340
M5E,"$10,000 to $14,999",400
M5E,"$15,000 to $19,999",450
M5E,"$20,000 to $24,999",400
M5E,"$25,000 to $29,999",290
M5E,"$30,000 to $34,999",230
M5E,"$35,000 to $39,999",240
M5E,"$40,000 to $44,999",250
M5E,"$45,000 to $49,999",270
M5E,"$50,000 to $54,999",280
M5E,"$55,000 to $59,999",260
M5E,"$60,000 to $69,999",530
M5E,"$70,000 to $79,999",570
M5E,"$80,000 to $89,999",510
M5E,"$90,000 to $99,999",500
M5E,"$100,000 to $149,999",1500
M5E,"$150,000 to $249,999",890
M5E,"$250,000 and over",650
M5G,"Under $5,000",2350
M5G,"$5,000 to $9,999",1330
M5G,"$10,000 to $14,999",5070
M5G,"$15,000 to $19,999",3950
M5G,"$20,000 to $24,999",2410
M5G,"$25,000 to $29,999",780
M5G,"$30,000 to $34,999",520
M5G,"$35,000 to $39,999",460
M5G,"$40,000 to $44,999",400
M5G,"$45,000 to $49,999",320
M5G,"$50,000 to $54,999",270
M5G,"$55,000 to $59,999",230
M5G,"$60,000 to $69,999",460
M5G,"$70,000 to $79,999",420
M5G,"$80,000 to $89,999",380
M5G,"$90,000 to $99,999",270
M5G,"$100,000 to $149,999",670
M5G,"$150,000 to $249,999",330
M5G,"$250,000 and over",140
M5H,"Under $5,000",320
M5H,"$5,000 to $9,999",140
M5H,"$10,000 to $14,999",120
M5H,"$15,000 to $19,999",130
M5H,"$20,000 to $24,999",110
M5H,"$25,000 to $29,999",70
M5H,"$30,000 to $34,999",80
M5H,"$35,000 to $39,999",70
M5H,"$40,000 to $44,999",80
M5H,"$45,000 to $49,999",80
M5H,"$50,000 to $54,999",80
M5H,"$55,000 to $59,999",70
M5H,"$60,000 to $69,999",170
M5H,"$70,000 to $79,999",180
M5H,"$80,000 to $89,999",160
M5H,"$90,000 to $99,999",160
M5H,"$100,000 to $149,999",420
M5H,"$150,000 to $249,999",300
M5H,"$250,000 and over",450
M5J,"Under $5,000",1130
M5J,"$5,000 to $9,999",470
M5J,"$10,000 to $14,999",570
M5J,"$15,000 to $19,999",530
M5J,"$20,000 to $24,999",440
M5J,"$25,000 to $29,999",380
M5J,"$30,000 to $34,999",370
M5J,"$35,000 to $39,999",360
M5J,"$40,000 to $44,999",380
M5J,"$45,000 to $49,999",420
M5J,"$50,000 to $54,999",380
M5J,"$55,000 to $59,999",410
M5J,"$60,000 to $69,999",830
M5J,"$70,000 to $79,999",850
M5J,"$80,000 to $89,999",840
M5J,"$90,000 to $99,999",740
M5J,"$100,000 to $149,999",2160
M5J,"$150,000 to $249,999",1150
M5J,"$250,000 and over",700
M5K,"Under $5,000",10
M5K,"$5,000 to $9,999",10
M5K,"$10,000 to $14,999",10
M5K,"$15,000 to $19,999",10
M5K,"$20,000 to $24,999",10
M5K,"$25,000 to $29,999",10
M5K,"$30,000 to $34,999",10
M5K,"$35,000 to $39,999",10
M5K,"$40,000 to $44,999",10
M5K,"$45,000 to $49,999",10
M5K,"$50,000 to $54,999",10
M5K,"$55,000 to $59,999",0
M5K,"$60,000 to $69,999",10
M5K,"$70,000 to $79,999",10
M5K,"$80,000 to $89,999",10
M5K,"$90,000 to $99,999",0
M5K,"$100,000 to $149,999",30
M5K,"$150,000 to $249,999",10
M5K,"$250,000 and over",40
M5L,"Under $5,000",10
M5L,"$5,000 to $9,999",10
M5L,"$10,000 to $14,999",0
M5L,"$15,000 to $19,999",0
M5L,"$20,000 to $24,999",0
M5L,"$25,000 to $29,999",0
M5L,"$30,000 to $34,999",0
M5L,"$35,000 to $39,999",0
M5L,"$40,000 to $44,999",0
M5L,"$45,000 to $49,999",0
M5L,"$50,000 to $54,999",0
M5L,"$55,000 to $59,999",0
M5L,"$60,000 to $69,999",0
M5L,"$70,000 to $79,999",0
M5L,"$80,000 to $89,999",0
M5L,"$90,000 to $99,999",0
M5L,"$100,000 to $149,999",0
M5L,"$150,000 to $249,999",0
M5L,"$250,000 and over",20
M5M,"Under $5,000",1740
M5M,"$5,000 to $9,999",1000
M5M,"$10,000 to $14,999",1070
M5M,"$15,000 to $19,999",1020
M5M,"$20,000 to $24,999",970
M5M,"$25,000 to $29,999",740
M5M,"$30,000 to $34,999",710
M5M,"$35,000 to $39,999",640
M5M,"$40,000 to $44,999",620
M5M,"$45,000 to $49,999",630
M5M,"$50,000 to $54,999",530
M5M,"$55,000 to $59,999",480
M5M,"$60,000 to $69,999",960
M5M,"$70,000 to $79,999",900
M5M,"$80,000 to $89,999",790
M5M,"$90,000 to $99,999",790
M5M,"$100,000 to $149,999",2290
M5M,"$150,000 to $249,999",2210
M5M,"$250,000 and over",2360
M5N,"Under $5,000",1150
M5N,"$5,000 to $9,999",640
M5N,"$10,000 to $14,999",720
M5N,"$15,000 to $19,999",790
M5N,"$20,000 to $24,999",740
M5N,"$25,000 to $29,999",570
M5N,"$30,000 to $34,999",480
M5N,"$35,000 to $39,999",490
M5N,"$40,000 to $44,999",520
M5N,"$45,000 to $49,999",450
M5N,"$50,000 to $54,999",370
M5N,"$55,000 to $59,999",330
M5N,"$60,000 to $69,999",610
M5N,"$70,000 to $79,999",520
M5N,"$80,000 to $89,999",520
M5N,"$90,000 to $99,999",390
M5N,"$100,000 to $149,999",1230
M5N,"$150,000 to $249,999",1130
M5N,"$250,000 and over",1360
M5P,"Under $5,000",1210
M5P,"$5,000 to $9,999",660
M5P,"$10,000 to $14,999",660
M5P,"$15,000 to $19,999",780
M5P,"$20,000 to $24,999",750
M5P,"$25,000 to $29,999",610
M5P,"$30,000 to $34,999",560
M5P,"$35,000 to $39,999",570
M5P,"$40,000 to $44,999",560
M5P,"$45,000 to $49,999",580
M5P,"$50,000 to $54,999",550
M5P,"$55,000 to $59,999",510
M5P,"$60,000 to $69,999",930
M5P,"$70,000 to $79,999",870
M5P,"$80,000 to $89,999",730
M5P,"$90,000 to $99,999",600
M5P,"$100,000 to $149,999",1740
M5P,"$150,000 to $249,999",1430
M5P,"$250,000 and over",1680
M5R,"Under $5,000",1650
M5R,"$5,000 to $9,999",950
M5R,"$10,000 to $14,999",1180
M5R,"$15,000 to $19,999",1330
M5R,"$20,000 to $24,999",1130
M5R,"$25,000 to $29,999",760
M5R,"$30,000 to $34,999",710
M5R,"$35,000 to $39,999",680
M5R,"$40,000 to $44,999",670
M5R,"$45,000 to $49,999",650
M5R,"$50,000 to $54,999",620
M5R,"$55,000 to $59,999",590
M5R,"$60,000 to $69,999",1040
M5R,"$70,000 to $79,999",1090
M5R,"$80,000 to $89,999",860
M5R,"$90,000 to $99,999",680
M5R,"$100,000 to $149,999",2140
M5R,"$150,000 to $249,999",1760
M5R,"$250,000 and over",2030
M5S,"Under $5,000",2750
M5S,"$5,000 to $9,999",970
M5S,"$10,000 to $14,999",910
M5S,"$15,000 to $19,999",900
M5S,"$20,000 to $24,999",720
M5S,"$25,000 to $29,999",580
M5S,"$30,000 to $34,999",500
M5S,"$35,000 to $39,999",420
M5S,"$40,000 to $44,999",370
M5S,"$45,000 to $49,999",420
M5S,"$50,000 to $54,999",350
M5S,"$55,000 to $59,999",370
M5S,"$60,000 to $69,999",620
M5S,"$70,000 to $79,999",550
M5S,"$80,000 to $89,999",490
M5S,"$90,000 to $99,999",420
M5S,"$100,000 to $149,999",1150
M5S,"$150,000 to $249,999",750
M5S,"$250,000 and over",620
M5T,"Under $5,000",2250
M5T,"$5,000 to $9,999",1400
M5T,"$10,000 to $14,999",1730
M5T,"$15,000 to $19,999",1930
M5T,"$20,000 to $24,999",1190
M5T,"$25,000 to $29,999",730
M5T,"$30,000 to $34,999",620
M5T,"$35,000 to $39,999",590
M5T,"$40,000 to $44,999",530
M5T,"$45,000 to $49,999",470
M5T,"$50,000 to $54,999",410
M5T,"$55,000 to $59,999",360
M5T,"$60,000 to $69,999",630
M5T,"$70,000 to $79,999",550
M5T,"$80,000 to $89,999",430
M5T,"$90,000 to $99,999",350
M5T,"$100,000 to $149,999",830
M5T,"$150,000 to $249,999",420
M5T,"$250,000 and over",230
M5V,"Under $5,000",3450
M5V,"$5,000 to $9,999",1840
M5V,"$10,000 to $14,999",1930
M5V,"$15,000 to $19,999",1860
M5V,"$20,000 to $24,999",1580
M5V,"$25,000 to $29,999",1210
M5V,"$30,000 to $34,999",1240
M5V,"$35,000 to $39,999",1200
M5V,"$40,000 to $44,999",1340
M5V,"$45,000 to $49,999",1340
M5V,"$50,000 to $54,999",1410
M5V,"$55,000 to $59,999",1370
M5V,"$60,000 to $69,999",2960
M5V,"$70,000 to $79,999",3050
M5V,"$80,000 to $89,999",2840
M5V,"$90,000 to $99,999",2520
M5V,"$100,000 to $149,999",6590
M5V,"$150,000 to $249,999",3270
M5V,"$250,000 and over",1600
M5W,"Under $5,000",10
M5W,"$5,000 to $9,999",10
M5W,"$10,000 to $14,999",10
M5W,"$15,000 to $19,999",10
M5W,"$20,000 to $24,999",10
M5W,"$25,000 to $29,999",10
M5W,"$30,000 to $34,999",10
M5W,"$35,000 to $39,999",0
M5W,"$40,000 to $44,999",0
M5W,"$45,000 to $49,999",10
M5W,"$50,000 to $54,999",0
M5W,"$55,000 to $59,999",10
M5W,"$60,000 to $69,999",10
M5W,"$70,000 to $79,999",0
M5W,"$80,000 to $89,999",10
M5W,"$90,000 to $99,999",0
M5W,"$100,000 to $149,999",20
M5W,"$150,000 to $249,999",0
M5W,"$250,000 and over",10
M5X,"Under $5,000",0
M5X,"$5,000 to $9,999",0
M5X,"$10,000 to $14,999",0
M5X,"$15,000 to $19,999",0
M5X,"$20,000 to $24,999",0
M5X,"$25,000 to $29,999",0
M5X,"$30,000 to $34,999",0
M5X,"$35,000 to $39,999",0
M5X,"$40,000 to $44,999",0
M5X,"$45,000 to $49,999",0
M5X,"$50,000 to $54,999",0
M5X,"$55,000 to $59,999",0
M5X,"$60,000 to $69,999",0
M5X,"$70,000 to $79,999",0
M5X,"$80,000 to $89,999",0
M5X,"$90,000 to $99,999",0
M5X,"$100,000 to $149,999",0
M5X,"$150,000 to $249,999",0
M5X,"$250,000 and over",0
M6A,"Under $5,000",1950
M6A,"$5,000 to $9,999",1290
M6A,"$10,000 to $14,999",1710
M6A,"$15,000 to $19,999",1770
M6A,"$20,000 to $24,999",1520
M6A,"$25,000 to $29,999",1150
M6A,"$30,000 to $34,999",1030
M6A,"$35,000 to $39,999",1030
M6A,"$40,000 to $44,999",860
M6A,"$45,000 to $49,999",810
M6A,"$50,000 to $54,999",670
M6A,"$55,000 to $59,999",570
M6A,"$60,000 to $69,999",900
M6A,"$70,000 to $79,999",660
M6A,"$80,000 to $89,999",500
M6A,"$90,000 to $99,999",390
M6A,"$100,000 to $149,999",790
M6A,"$150,000 to $249,999",320
M6A,"$250,000 and over",200
M6B,"Under $5,000",2240
M6B,"$5,000 to $9,999",1410
M6B,"$10,000 to $14,999",1900
M6B,"$15,000 to $19,999",2150
M6B,"$20,000 to $24,999",1990
M6B,"$25,000 to $29,999",1460
M6B,"$30,000 to $34,999",1300
M6B,"$35,000 to $39,999",1200
M6B,"$40,000 to $44,999",1130
M6B,"$45,000 to $49,999",1040
M6B,"$50,000 to $54,999",880
M6B,"$55,000 to $59,999",720
M6B,"$60,000 to $69,999",1210
M6B,"$70,000 to $79,999",980
M6B,"$80,000 to $89,999",710
M6B,"$90,000 to $99,999",580
M6B,"$100,000 to $149,999",1360
M6B,"$150,000 to $249,999",750
M6B,"$250,000 and over",710
M6C,"Under $5,000",1430
M6C,"$5,000 to $9,999",1020
M6C,"$10,000 to $14,999",1320
M6C,"$15,000 to $19,999",1520
M6C,"$20,000 to $24,999",1380
M6C,"$25,000 to $29,999",930
M6C,"$30,000 to $34,999",900
M6C,"$35,000 to $39,999",870
M6C,"$40,000 to $44,999",770
M6C,"$45,000 to $49,999",750
M6C,"$50,000 to $54,999",640
M6C,"$55,000 to $59,999",590
M6C,"$60,000 to $69,999",1030
M6C,"$70,000 to $79,999",820
M6C,"$80,000 to $89,999",690
M6C,"$90,000 to $99,999",610
M6C,"$100,000 to $149,999",1720
M6C,"$150,000 to $249,999",1150
M6C,"$250,000 and over",960
M6E,"Under $5,000",2780
M6E,"$5,000 to $9,999",1980
M6E,"$10,000 to $14,999",2820
M6E,"$15,000 to $19,999",3290
M6E,"$20,000 to $24,999",2950
M6E,"$25,000 to $29,999",1980
M6E,"$30,000 to $34,999",1930
M6E,"$35,000 to $39,999",1780
M6E,"$40,000 to $44,999",1570
M6E,"$45,000 to $49,999",1510
M6E,"$50,000 to $54,999",1150
M6E,"$55,000 to $59,999",990
M6E,"$60,000 to $69,999",1650
M6E,"$70,000 to $79,999",1340
M6E,"$80,000 to $89,999",1060
M6E,"$90,000 to $99,999",800
M6E,"$100,000 to $149,999",1440
M6E,"$150,000 to $249,999",440
M6E,"$250,000 and over",130
M6G,"Under $5,000",1640
M6G,"$5,000 to $9,999",1360
M6G,"$10,000 to $14,999",1820
M6G,"$15,000 to $19,999",2070
M6G,"$20,000 to $24,999",1920
M6G,"$25,000 to $29,999",1250
M6G,"$30,000 to $34,999",1180
M6G,"$35,000 to $39,999",1040
M6G,"$40,000 to $44,999",970
M6G,"$45,000 to $49,999",970
M6G,"$50,000 to $54,999",890
M6G,"$55,000 to $59,999",800
M6G,"$60,000 to $69,999",1380
M6G,"$70,000 to $79,999",1200
M6G,"$80,000 to $89,999",930
M6G,"$90,000 to $99,999",880
M6G,"$100,000 to $149,999",2100
M6G,"$150,000 to $249,999",1410
M6G,"$250,000 and over",780
M6H,"Under $5,000",2850
M6H,"$5,000 to $9,999",2050
M6H,"$10,000 to $14,999",3020
M6H,"$15,000 to $19,999",3380
M6H,"$20,000 to $24,999",3070
M6H,"$25,000 to $29,999",2120
M6H,"$30,000 to $34,999",1950
M6H,"$35,000 to $39,999",1680
M6H,"$40,000 to $44,999",1660
M6H,"$45,000 to $49,999",1490
M6H,"$50,000 to $54,999",1410
M6H,"$55,000 to $59,999",1250
M6H,"$60,000 to $69,999",2200
M6H,"$70,000 to $79,999",1760
M6H,"$80,000 to $89,999",1510
M6H,"$90,000 to $99,999",1100
M6H,"$100,000 to $149,999",2570
M6H,"$150,000 to $249,999",1050
M6H,"$250,000 and over",430
M6J,"Under $5,000",1740
M6J,"$5,000 to $9,999",1330
M6J,"$10,000 to $14,999",1860
M6J,"$15,000 to $19,999",2070
M6J,"$20,000 to $24,999",1900
M6J,"$25,000 to $29,999",1210
M6J,"$30,000 to $34,999",1070
M6J,"$35,000 to $39,999",1020
M6J,"$40,000 to $44,999",980
M6J,"$45,000 to $49,999",980
M6J,"$50,000 to $54,999",900
M6J,"$55,000 to $59,999",830
M6J,"$60,000 to $69,999",1620
M6J,"$70,000 to $79,999",1320
M6J,"$80,000 to $89,999",1110
M6J,"$90,000 to $99,999",990
M6J,"$100,000 to $149,999",2530
M6J,"$150,000 to $249,999",1330
M6J,"$250,000 and over",710
M6K,"Under $5,000",2340
M6K,"$5,000 to $9,999",1840
M6K,"$10,000 to $14,999",2690
M6K,"$15,000 to $19,999",3020
M6K,"$20,000 to $24,999",2340
M6K,"$25,000 to $29,999",1650
M6K,"$30,000 to $34,999",1470
M6K,"$35,000 to $39,999",1400
M6K,"$40,000 to $44,999",1270
M6K,"$45,000 to $49,999",1250
M6K,"$50,000 to $54,999",1130
M6K,"$55,000 to $59,999",1010
M6K,"$60,000 to $69,999",1860
M6K,"$70,000 to $79,999",1560
M6K,"$80,000 to $89,999",1290
M6K,"$90,000 to $99,999",1120
M6K,"$100,000 to $149,999",2570
M6K,"$150,000 to $249,999",1080
M6K,"$250,000 and over",370
M6L,"Under $5,000",1700
M6L,"$5,000 to $9,999",1180
M6L,"$10,000 to $14,999",1610
M6L,"$15,000 to $19,999",1780
M6L,"$20,000 to $24,999",1740
M6L,"$25,000 to $29,999",1190
M6L,"$30,000 to $34,999",1060
M6L,"$35,000 to $39,999",1020
M6L,"$40,000 to $44,999",860
M6L,"$45,000 to $49,999",770
M6L,"$50,000 to $54,999",590
M6L,"$55,000 to $59,999",560
M6L,"$60,000 to $69,999",780
M6L,"$70,000 to $79,999",540
M6L,"$80,000 to $89,999",450
M6L,"$90,000 to $99,999",320
M6L,"$100,000 to $149,999",650
M6L,"$150,000 to $249,999",190
M6L,"$250,000 and over",70
M6M,"Under $5,000",3600
M6M,"$5,000 to $9,999",2510
M6M,"$10,000 to $14,999",3590
M6M,"$15,000 to $19,999",3840
M6M,"$20,000 to $24,999",3050
M6M,"$25,000 to $29,999",2220
M6M,"$30,000 to $34,999",2310
M6M,"$35,000 to $39,999",1890
M6M,"$40,000 to $44,999",1740
M6M,"$45,000 to $49,999",1620
M6M,"$50,000 to $54,999",1280
M6M,"$55,000 to $59,999",1120
M6M,"$60,000 to $69,999",1690
M6M,"$70,000 to $79,999",1160
M6M,"$80,000 to $89,999",840
M6M,"$90,000 to $99,999",590
M6M,"$100,000 to $149,999",1020
M6M,"$150,000 to $249,999",230
M6M,"$250,000 and over",70
M6N,"Under $5,000",3220
M6N,"$5,000 to $9,999",2430
M6N,"$10,000 to $14,999",3470
M6N,"$15,000 to $19,999",3570
M6N,"$20,000 to $24,999",3020
M6N,"$25,000 to $29,999",2010
M6N,"$30,000 to $34,999",1880
M6N,"$35,000 to $39,999",1740
M6N,"$40,000 to $44,999",1600
M6N,"$45,000 to $49,999",1460
M6N,"$50,000 to $54,999",1250
M6N,"$55,000 to $59,999",1060
M6N,"$60,000 to $69,999",1750
M6N,"$70,000 to $79,999",1420
M6N,"$80,000 to $89,999",1050
M6N,"$90,000 to $99,999",780
M6N,"$100,000 to $149,999",1410
M6N,"$150,000 to $249,999",330
M6N,"$250,000 and over",70
M6P,"Under $5,000",2280
M6P,"$5,000 to $9,999",1650
M6P,"$10,000 to $14,999",2120
M6P,"$15,000 to $19,999",2280
M6P,"$20,000 to $24,999",2070
M6P,"$25,000 to $29,999",1400
M6P,"$30,000 to $34,999",1390
M6P,"$35,000 to $39,999",1350
M6P,"$40,000 to $44,999",1320
M6P,"$45,000 to $49,999",1300
M6P,"$50,000 to $54,999",1160
M6P,"$55,000 to $59,999",1010
M6P,"$60,000 to $69,999",1940
M6P,"$70,000 to $79,999",1700
M6P,"$80,000 to $89,999",1510
M6P,"$90,000 to $99,999",1290
M6P,"$100,000 to $149,999",3330
M6P,"$150,000 to $249,999",1560
M6P,"$250,000 and over",780
M6R,"Under $5,000",930
M6R,"$5,000 to $9,999",740
M6R,"$10,000 to $14,999",990
M6R,"$15,000 to $19,999",1030
M6R,"$20,000 to $24,999",890
M6R,"$25,000 to $29,999",670
M6R,"$30,000 to $34,999",570
M6R,"$35,000 to $39,999",520
M6R,"$40,000 to $44,999",540
M6R,"$45,000 to $49,999",530
M6R,"$50,000 to $54,999",500
M6R,"$55,000 to $59,999",470
M6R,"$60,000 to $69,999",900
M6R,"$70,000 to $79,999",790
M6R,"$80,000 to $89,999",640
M6R,"$90,000 to $99,999",610
M6R,"$100,000 to $149,999",1690
M6R,"$150,000 to $249,999",1110
M6R,"$250,000 and over",690
M6S,"Under $5,000",1860
M6S,"$5,000 to $9,999",1260
M6S,"$10,000 to $14,999",1520
M6S,"$15,000 to $19,999",1510
M6S,"$20,000 to $24,999",1460
M6S,"$25,000 to $29,999",1080
M6S,"$30,000 to $34,999",940
M6S,"$35,000 to $39,999",900
M6S,"$40,000 to $44,999",850
M6S,"$45,000 to $49,999",960
M6S,"$50,000 to $54,999",880
M6S,"$55,000 to $59,999",820
M6S,"$60,000 to $69,999",1630
M6S,"$70,000 to $79,999",1430
M6S,"$80,000 to $89,999",1330
M6S,"$90,000 to $99,999",1200
M6S,"$100,000 to $149,999",3330
M6S,"$150,000 to $249,999",2000
M6S,"$250,000 and over",1410
M7A,"Under $5,000",0
M7A,"$5,000 to $9,999",0
M7A,"$10,000 to $14,999",0
M7A,"$15,000 to $19,999",0
M7A,"$20,000 to $24,999",0
M7A,"$25,000 to $29,999",0
M7A,"$30,000 to $34,999",0
M7A,"$35,000 to $39,999",0
M7A,"$40,000 to $44,999",0
M7A,"$45,000 to $49,999",0
M7A,"$50,000 to $54,999",0
M7A,"$55,000 to $59,999",0
M7A,"$60,000 to $69,999",0
M7A,"$70,000 to $79,999",0
M7A,"$80,000 to $89,999",0
M7A,"$90,000 to $99,999",0
M7A,"$100,000 to $149,999",0
M7A,"$150,000 to $249,999",0
M7A,"$250,000 and over",0
M8V,"Under $5,000",2750
M8V,"$5,000 to $9,999",1860
M8V,"$10,000 to $14,999",2450
M8V,"$15,000 to $19,999",2790
M8V,"$20,000 to $24,999",2360
M8V,"$25,000 to $29,999",1560
M8V,"$30,000 to $34,999",1590
M8V,"$35,000 to $39,999",1440
M8V,"$40,000 to $44,999",1460
M8V,"$45,000 to $49,999",1420
M8V,"$50,000 to $54,999",1290
M8V,"$55,000 to $59,999",1120
M8V,"$60,000 to $69,999",2070
M8V,"$70,000 to $79,999",1800
M8V,"$80,000 to $89,999",1550
M8V,"$90,000 to $99,999",1290
M8V,"$100,000 to $149,999",3200
M8V,"$150,000 to $249,999",1360
M8V,"$250,000 and over",630
M8W,"Under $5,000",1320
M8W,"$5,000 to $9,999",970
M8W,"$10,000 to $14,999",1190
M8W,"$15,000 to $19,999",1340
M8W,"$20,000 to $24,999",1290
M8W,"$25,000 to $29,999",940
M8W,"$30,000 to $34,999",890
M8W,"$35,000 to $39,999",890
M8W,"$40,000 to $44,999",840
M8W,"$45,000 to $49,999",790
M8W,"$50,000 to $54,999",720
M8W,"$55,000 to $59,999",620
M8W,"$60,000 to $69,999",1210
M8W,"$70,000 to $79,999",1020
M8W,"$80,000 to $89,999",790
M8W,"$90,000 to $99,999",700
M8W,"$100,000 to $149,999",1570
M8W,"$150,000 to $249,999",630
M8W,"$250,000 and over",250
M8X,"Under $5,000",550
M8X,"$5,000 to $9,999",380
M8X,"$10,000 to $14,999",350
M8X,"$15,000 to $19,999",350
M8X,"$20,000 to $24,999",340
M8X,"$25,000 to $29,999",310
M8X,"$30,000 to $34,999",300
M8X,"$35,000 to $39,999",270
M8X,"$40,000 to $44,999",300
M8X,"$45,000 to $49,999",330
M8X,"$50,000 to $54,999",250
M8X,"$55,000 to $59,999",280
M8X,"$60,000 to $69,999",490
M8X,"$70,000 to $79,999",460
M8X,"$80,000 to $89,999",430
M8X,"$90,000 to $99,999",400
M8X,"$100,000 to $149,999",1120
M8X,"$150,000 to $249,999",910
M8X,"$250,000 and over",1100
M8Y,"Under $5,000",1300
M8Y,"$5,000 to $9,999",960
M8Y,"$10,000 to $14,999",1160
M8Y,"$15,000 to $19,999",1280
M8Y,"$20,000 to $24,999",1130
M8Y,"$25,000 to $29,999",770
M8Y,"$30,000 to $34,999",770
M8Y,"$35,000 to $39,999",680
M8Y,"$40,000 to $44,999",710
M8Y,"$45,000 to $49,999",690
M8Y,"$50,000 to $54,999",670
M8Y,"$55,000 to $59,999",560
M8Y,"$60,000 to $69,999",1020
M8Y,"$70,000 to $79,999",920
M8Y,"$80,000 to $89,999",830
M8Y,"$90,000 to $99,999",700
M8Y,"$100,000 to $149,999",1810
M8Y,"$150,000 to $249,999",1020
M8Y,"$250,000 and over",560
M8Z,"Under $5,000",1100
M8Z,"$5,000 to $9,999",750
M8Z,"$10,000 to $14,999",840
M8Z,"$15,000 to $19,999",920
M8Z,"$20,000 to $24,999",950
M8Z,"$25,000 to $29,999",730
M8Z,"$30,000 to $34,999",670
M8Z,"$35,000 to $39,999",600
M8Z,"$40,000 to $44,999",590
M8Z,"$45,000 to $49,999",640
M8Z,"$50,000 to $54,999",610
M8Z,"$55,000 to $59,999",510
M8Z,"$60,000 to $69,999",950
M8Z,"$70,000 to $79,999",810
M8Z,"$80,000 to $89,999",680
M8Z,"$90,000 to $99,999",660
M8Z,"$100,000 to $149,999",1610
M8Z,"$150,000 to $249,999",860
M8Z,"$250,000 and over",450
M9A,"Under $5,000",2400
M9A,"$5,000 to $9,999",1580
M9A,"$10,000 to $14,999",1960
M9A,"$15,000 to $19,999",2100
M9A,"$20,000 to $24,999",1780
M9A,"$25,000 to $29,999",1340
M9A,"$30,000 to $34,999",1230
M9A,"$35,000 to $39,999",1220
M9A,"$40,000 to $44,999",1260
M9A,"$45,000 to $49,999",1280
M9A,"$50,000 to $54,999",1040
M9A,"$55,000 to $59,999",1000
M9A,"$60,000 to $69,999",1800
M9A,"$70,000 to $79,999",1540
M9A,"$80,000 to $89,999",1220
M9A,"$90,000 to $99,999",1030
M9A,"$100,000 to $149,999",2620
M9A,"$150,000 to $249,999",1660
M9A,"$250,000 and over",1670
M9B,"Under $5,000",2460
M9B,"$5,000 to $9,999",1520
M9B,"$10,000 to $14,999",1840
M9B,"$15,000 to $19,999",1930
M9B,"$20,000 to $24,999",1670
M9B,"$25,000 to $29,999",1180
M9B,"$30,000 to $34,999",1210
M9B,"$35,000 to $39,999",1200
M9B,"$40,000 to $44,999",1080
M9B,"$45,000 to $49,999",1220
M9B,"$50,000 to $54,999",1050
M9B,"$55,000 to $59,999",940
M9B,"$60,000 to $69,999",1690
M9B,"$70,000 to $79,999",1520
M9B,"$80,000 to $89,999",1320
M9B,"$90,000 to $99,999",1060
M9B,"$100,000 to $149,999",2670
M9B,"$150,000 to $249,999",1300
M9B,"$250,000 and over",710
M9C,"Under $5,000",2690
M9C,"$5,000 to $9,999",1800
M9C,"$10,000 to $14,999",2280
M9C,"$15,000 to $19,999",2390
M9C,"$20,000 to $24,999",2270
M9C,"$25,000 to $29,999",1630
M9C,"$30,000 to $34,999",1600
M9C,"$35,000 to $39,999",1550
M9C,"$40,000 to $44,999",1510
M9C,"$45,000 to $49,999",1560
M9C,"$50,000 to $54,999",1400
M9C,"$55,000 to $59,999",1200
M9C,"$60,000 to $69,999",2210
M9C,"$70,000 to $79,999",1820
M9C,"$80,000 to $89,999",1430
M9C,"$90,000 to $99,999",1180
M9C,"$100,000 to $149,999",2600
M9C,"$150,000 to $249,999",970
M9C,"$250,000 and over",400
M9L,"Under $5,000",1430
M9L,"$5,000 to $9,999",750
M9L,"$10,000 to $14,999",1150
M9L,"$15,000 to $19,999",1040
M9L,"$20,000 to $24,999",1080
M9L,"$25,000 to $29,999",710
M9L,"$30,000 to $34,999",660
M9L,"$35,000 to $39,999",570
M9L,"$40,000 to $44,999",480
M9L,"$45,000 to $49,999",460
M9L,"$50,000 to $54,999",380
M9L,"$55,000 to $59,999",310
M9L,"$60,000 to $69,999",480
M9L,"$70,000 to $79,999",360
M9L,"$80,000 to $89,999",230
M9L,"$90,000 to $99,999",160
M9L,"$100,000 to $149,999",240
M9L,"$150,000 to $249,999",60
M9L,"$250,000 and over",40
M9M,"Under $5,000",2500
M9M,"$5,000 to $9,999",1470
M9M,"$10,000 to $14,999",1970
M9M,"$15,000 to $19,999",2030
M9M,"$20,000 to $24,999",1720
M9M,"$25,000 to $29,999",1370
M9M,"$30,000 to $34,999",1250
M9M,"$35,000 to $39,999",1140
M9M,"$40,000 to $44,999",1090
M9M,"$45,000 to $49,999",910
M9M,"$50,000 to $54,999",800
M9M,"$55,000 to $59,999",630
M9M,"$60,000 to $69,999",960
M9M,"$70,000 to $79,999",690
M9M,"$80,000 to $89,999",460
M9M,"$90,000 to $99,999",340
M9M,"$100,000 to $149,999",560
M9M,"$150,000 to $249,999",120
M9M,"$250,000 and over",40
M9N,"Under $5,000",2070
M9N,"$5,000 to $9,999",1660
M9N,"$10,000 to $14,999",2250
M9N,"$15,000 to $19,999",2370
M9N,"$20,000 to $24,999",1870
M9N,"$25,000 to $29,999",1310
M9N,"$30,000 to $34,999",1230
M9N,"$35,000 to $39,999",1130
M9N,"$40,000 to $44,999",1060
M9N,"$45,000 to $49,999",990
M9N,"$50,000 to $54,999",800
M9N,"$55,000 to $59,999",690
M9N,"$60,000 to $69,999",1080
M9N,"$70,000 to $79,999",800
M9N,"$80,000 to $89,999",550
M9N,"$90,000 to $99,999",470
M9N,"$100,000 to $149,999",810
M9N,"$150,000 to $249,999",200
M9N,"$250,000 and over",60
M9P,"Under $5,000",1480
M9P,"$5,000 to $9,999",1000
M9P,"$10,000 to $14,999",1300
M9P,"$15,000 to $19,999",1380
M9P,"$20,000 to $24,999",1430
M9P,"$25,000 to $29,999",890
M9P,"$30,000 to $34,999",920
M9P,"$35,000 to $39,999",810
M9P,"$40,000 to $44,999",830
M9P,"$45,000 to $49,999",770
M9P,"$50,000 to $54,999",640
M9P,"$55,000 to $59,999",580
M9P,"$60,000 to $69,999",1030
M9P,"$70,000 to $79,999",820
M9P,"$80,000 to $89,999",690
M9P,"$90,000 to $99,999",590
M9P,"$100,000 to $149,999",1250
M9P,"$150,000 to $249,999",520
M9P,"$250,000 and over",260
M9R,"Under $5,000",3180
M9R,"$5,000 to $9,999",2000
M9R,"$10,000 to $14,999",2470
M9R,"$15,000 to $19,999",2760
M9R,"$20,000 to $24,999",2310
M9R,"$25,000 to $29,999",1780
M9R,"$30,000 to $34,999",1560
M9R,"$35,000 to $39,999",1460
M9R,"$40,000 to $44,999",1420
M9R,"$45,000 to $49,999",1230
M9R,"$50,000 to $54,999",1080
M9R,"$55,000 to $59,999",940
M9R,"$60,000 to $69,999",1580
M9R,"$70,000 to $79,999",1150
M9R,"$80,000 to $89,999",830
M9R,"$90,000 to $99,999",700
M9R,"$100,000 to $149,999",1410
M9R,"$150,000 to $249,999",470
M9R,"$250,000 and over",170
M9V,"Under $5,000",7640
M9V,"$5,000 to $9,999",3980
M9V,"$10,000 to $14,999",5190
M9V,"$15,000 to $19,999",5090
M9V,"$20,000 to $24,999",4160
M9V,"$25,000 to $29,999",3220
M9V,"$30,000 to $34,999",3060
M9V,"$35,000 to $39,999",2730
M9V,"$40,000 to $44,999",2490
M9V,"$45,000 to $49,999",2080
M9V,"$50,000 to $54,999",1670
M9V,"$55,000 to $59,999",1360
M9V,"$60,000 to $69,999",1970
M9V,"$70,000 to $79,999",1290
M9V,"$80,000 to $89,999",880
M9V,"$90,000 to $99,999",560
M9V,"$100,000 to $149,999",910
M9V,"$150,000 to $249,999",180
M9V,"$250,000 and over",40
M9W,"Under $5,000",4640
M9W,"$5,000 to $9,999",2810
M9W,"$10,000 to $14,999",3460
M9W,"$15,000 to $19,999",3790
M9W,"$20,000 to $24,999",3050
M9W,"$25,000 to $29,999",2300
M9W,"$30,000 to $34,999",2120
M9W,"$35,000 to $39,999",2000
M9W,"$40,000 to $44,999",1880
M9W,"$45,000 to $49,999",1660
M9W,"$50,000 to $54,999",1430
M9W,"$55,000 to $59,999",1130
M9W,"$60,000 to $69,999",1830
M9W,"$70,000 to $79,999",1320
M9W,"$80,000 to $89,999",980
M9W,"$90,000 to $99,999",680
M9W,"$100,000 to $149,999",1270
M9W,"$150,000 to $249,999",260
M9W,"$250,000 and over",90
N0A,"Under $5,000",4100
N0A,"$5,000 to $9,999",1370
N0A,"$10,000 to $14,999",1990
N0A,"$15,000 to $19,999",2300
N0A,"$20,000 to $24,999",2460
N0A,"$25,000 to $29,999",1690
N0A,"$30,000 to $34,999",1610
N0A,"$35,000 to $39,999",1600
N0A,"$40,000 to $44,999",1620
N0A,"$45,000 to $49,999",1610
N0A,"$50,000 to $54,999",1250
N0A,"$55,000 to $59,999",1060
N0A,"$60,000 to $69,999",1810
N0A,"$70,000 to $79,999",1440
N0A,"$80,000 to $89,999",1130
N0A,"$90,000 to $99,999",910
N0A,"$100,000 to $149,999",1810
N0A,"$150,000 to $249,999",490
N0A,"$250,000 and over",180
N0B,"Under $5,000",3970
N0B,"$5,000 to $9,999",2860
N0B,"$10,000 to $14,999",3830
N0B,"$15,000 to $19,999",3900
N0B,"$20,000 to $24,999",4130
N0B,"$25,000 to $29,999",3250
N0B,"$30,000 to $34,999",2990
N0B,"$35,000 to $39,999",3210
N0B,"$40,000 to $44,999",3200
N0B,"$45,000 to $49,999",3360
N0B,"$50,000 to $54,999",2760
N0B,"$55,000 to $59,999",2750
N0B,"$60,000 to $69,999",4770
N0B,"$70,000 to $79,999",4020
N0B,"$80,000 to $89,999",3230
N0B,"$90,000 to $99,999",2760
N0B,"$100,000 to $149,999",6430
N0B,"$150,000 to $249,999",2720
N0B,"$250,000 and over",1430
N0C,"Under $5,000",940
N0C,"$5,000 to $9,999",640
N0C,"$10,000 to $14,999",1050
N0C,"$15,000 to $19,999",1080
N0C,"$20,000 to $24,999",1130
N0C,"$25,000 to $29,999",800
N0C,"$30,000 to $34,999",740
N0C,"$35,000 to $39,999",800
N0C,"$40,000 to $44,999",730
N0C,"$45,000 to $49,999",720
N0C,"$50,000 to $54,999",560
N0C,"$55,000 to $59,999",500
N0C,"$60,000 to $69,999",860
N0C,"$70,000 to $79,999",610
N0C,"$80,000 to $89,999",440
N0C,"$90,000 to $99,999",330
N0C,"$100,000 to $149,999",610
N0C,"$150,000 to $249,999",200
N0C,"$250,000 and over",80
N0E,"Under $5,000",2070
N0E,"$5,000 to $9,999",1350
N0E,"$10,000 to $14,999",1910
N0E,"$15,000 to $19,999",2110
N0E,"$20,000 to $24,999",2340
N0E,"$25,000 to $29,999",1660
N0E,"$30,000 to $34,999",1680
N0E,"$35,000 to $39,999",1650
N0E,"$40,000 to $44,999",1620
N0E,"$45,000 to $49,999",1600
N0E,"$50,000 to $54,999",1270
N0E,"$55,000 to $59,999",1180
N0E,"$60,000 to $69,999",1930
N0E,"$70,000 to $79,999",1550
N0E,"$80,000 to $89,999",1140
N0E,"$90,000 to $99,999",960
N0E,"$100,000 to $149,999",1830
N0E,"$150,000 to $249,999",600
N0E,"$250,000 and over",270
N0G,"Under $5,000",4130
N0G,"$5,000 to $9,999",2960
N0G,"$10,000 to $14,999",5010
N0G,"$15,000 to $19,999",5250
N0G,"$20,000 to $24,999",5740
N0G,"$25,000 to $29,999",3920
N0G,"$30,000 to $34,999",3920
N0G,"$35,000 to $39,999",4020
N0G,"$40,000 to $44,999",3940
N0G,"$45,000 to $49,999",3730
N0G,"$50,000 to $54,999",3000
N0G,"$55,000 to $59,999",2610
N0G,"$60,000 to $69,999",4330
N0G,"$70,000 to $79,999",3310
N0G,"$80,000 to $89,999",2360
N0G,"$90,000 to $99,999",1790
N0G,"$100,000 to $149,999",3410
N0G,"$150,000 to $249,999",1470
N0G,"$250,000 and over",470
N0H,"Under $5,000",2550
N0H,"$5,000 to $9,999",1800
N0H,"$10,000 to $14,999",2790
N0H,"$15,000 to $19,999",3110
N0H,"$20,000 to $24,999",3390
N0H,"$25,000 to $29,999",2430
N0H,"$30,000 to $34,999",2330
N0H,"$35,000 to $39,999",2370
N0H,"$40,000 to $44,999",2270
N0H,"$45,000 to $49,999",2410
N0H,"$50,000 to $54,999",1730
N0H,"$55,000 to $59,999",1510
N0H,"$60,000 to $69,999",2670
N0H,"$70,000 to $79,999",2110
N0H,"$80,000 to $89,999",1550
N0H,"$90,000 to $99,999",1210
N0H,"$100,000 to $149,999",2990
N0H,"$150,000 to $249,999",1790
N0H,"$250,000 and over",550
N0J,"Under $5,000",1830
N0J,"$5,000 to $9,999",1210
N0J,"$10,000 to $14,999",1800
N0J,"$15,000 to $19,999",1760
N0J,"$20,000 to $24,999",1880
N0J,"$25,000 to $29,999",1480
N0J,"$30,000 to $34,999",1410
N0J,"$35,000 to $39,999",1480
N0J,"$40,000 to $44,999",1460
N0J,"$45,000 to $49,999",1450
N0J,"$50,000 to $54,999",1250
N0J,"$55,000 to $59,999",1070
N0J,"$60,000 to $69,999",1830
N0J,"$70,000 to $79,999",1440
N0J,"$80,000 to $89,999",970
N0J,"$90,000 to $99,999",810
N0J,"$100,000 to $149,999",1440
N0J,"$150,000 to $249,999",450
N0J,"$250,000 and over",180
N0K,"Under $5,000",1210
N0K,"$5,000 to $9,999",860
N0K,"$10,000 to $14,999",1260
N0K,"$15,000 to $19,999",1350
N0K,"$20,000 to $24,999",1400
N0K,"$25,000 to $29,999",1100
N0K,"$30,000 to $34,999",1100
N0K,"$35,000 to $39,999",1150
N0K,"$40,000 to $44,999",1190
N0K,"$45,000 to $49,999",1190
N0K,"$50,000 to $54,999",980
N0K,"$55,000 to $59,999",830
N0K,"$60,000 to $69,999",1410
N0K,"$70,000 to $79,999",1090
N0K,"$80,000 to $89,999",750
N0K,"$90,000 to $99,999",570
N0K,"$100,000 to $149,999",950
N0K,"$150,000 to $249,999",290
N0K,"$250,000 and over",180
N0L,"Under $5,000",2850
N0L,"$5,000 to $9,999",1870
N0L,"$10,000 to $14,999",2640
N0L,"$15,000 to $19,999",2800
N0L,"$20,000 to $24,999",2910
N0L,"$25,000 to $29,999",2050
N0L,"$30,000 to $34,999",2080
N0L,"$35,000 to $39,999",2260
N0L,"$40,000 to $44,999",2220
N0L,"$45,000 to $49,999",2190
N0L,"$50,000 to $54,999",1810
N0L,"$55,000 to $59,999",1690
N0L,"$60,000 to $69,999",2830
N0L,"$70,000 to $79,999",2380
N0L,"$80,000 to $89,999",1720
N0L,"$90,000 to $99,999",1560
N0L,"$100,000 to $149,999",2860
N0L,"$150,000 to $249,999",970
N0L,"$250,000 and over",420
N0M,"Under $5,000",2670
N0M,"$5,000 to $9,999",2260
N0M,"$10,000 to $14,999",3690
N0M,"$15,000 to $19,999",3760
N0M,"$20,000 to $24,999",4230
N0M,"$25,000 to $29,999",3010
N0M,"$30,000 to $34,999",3040
N0M,"$35,000 to $39,999",3230
N0M,"$40,000 to $44,999",3240
N0M,"$45,000 to $49,999",3280
N0M,"$50,000 to $54,999",2630
N0M,"$55,000 to $59,999",2350
N0M,"$60,000 to $69,999",4050
N0M,"$70,000 to $79,999",3200
N0M,"$80,000 to $89,999",2310
N0M,"$90,000 to $99,999",1910
N0M,"$100,000 to $149,999",3440
N0M,"$150,000 to $249,999",1330
N0M,"$250,000 and over",650
N0N,"Under $5,000",2080
N0N,"$5,000 to $9,999",1370
N0N,"$10,000 to $14,999",2080
N0N,"$15,000 to $19,999",1990
N0N,"$20,000 to $24,999",2270
N0N,"$25,000 to $29,999",1620
N0N,"$30,000 to $34,999",1720
N0N,"$35,000 to $39,999",1880
N0N,"$40,000 to $44,999",1840
N0N,"$45,000 to $49,999",1890
N0N,"$50,000 to $54,999",1430
N0N,"$55,000 to $59,999",1270
N0N,"$60,000 to $69,999",2340
N0N,"$70,000 to $79,999",1850
N0N,"$80,000 to $89,999",1490
N0N,"$90,000 to $99,999",1250
N0N,"$100,000 to $149,999",2970
N0N,"$150,000 to $249,999",1470
N0N,"$250,000 and over",410
N0P,"Under $5,000",3110
N0P,"$5,000 to $9,999",1960
N0P,"$10,000 to $14,999",3130
N0P,"$15,000 to $19,999",3090
N0P,"$20,000 to $24,999",3630
N0P,"$25,000 to $29,999",2610
N0P,"$30,000 to $34,999",2800
N0P,"$35,000 to $39,999",2880
N0P,"$40,000 to $44,999",2650
N0P,"$45,000 to $49,999",2480
N0P,"$50,000 to $54,999",2040
N0P,"$55,000 to $59,999",1720
N0P,"$60,000 to $69,999",2790
N0P,"$70,000 to $79,999",2170
N0P,"$80,000 to $89,999",1460
N0P,"$90,000 to $99,999",1110
N0P,"$100,000 to $149,999",2130
N0P,"$150,000 to $249,999",700
N0P,"$250,000 and over",330
N0R,"Under $5,000",2300
N0R,"$5,000 to $9,999",1630
N0R,"$10,000 to $14,999",2260
N0R,"$15,000 to $19,999",2350
N0R,"$20,000 to $24,999",2490
N0R,"$25,000 to $29,999",1840
N0R,"$30,000 to $34,999",1960
N0R,"$35,000 to $39,999",2120
N0R,"$40,000 to $44,999",2300
N0R,"$45,000 to $49,999",2270
N0R,"$50,000 to $54,999",1880
N0R,"$55,000 to $59,999",1620
N0R,"$60,000 to $69,999",2630
N0R,"$70,000 to $79,999",2570
N0R,"$80,000 to $89,999",1920
N0R,"$90,000 to $99,999",1590
N0R,"$100,000 to $149,999",3270
N0R,"$150,000 to $249,999",1050
N0R,"$250,000 and over",400
N1A,"Under $5,000",660
N1A,"$5,000 to $9,999",480
N1A,"$10,000 to $14,999",810
N1A,"$15,000 to $19,999",920
N1A,"$20,000 to $24,999",1000
N1A,"$25,000 to $29,999",650
N1A,"$30,000 to $34,999",600
N1A,"$35,000 to $39,999",610
N1A,"$40,000 to $44,999",550
N1A,"$45,000 to $49,999",570
N1A,"$50,000 to $54,999",400
N1A,"$55,000 to $59,999",380
N1A,"$60,000 to $69,999",620
N1A,"$70,000 to $79,999",500
N1A,"$80,000 to $89,999",320
N1A,"$90,000 to $99,999",270
N1A,"$100,000 to $149,999",450
N1A,"$150,000 to $249,999",130
N1A,"$250,000 and over",40
N1C,"Under $5,000",190
N1C,"$5,000 to $9,999",150
N1C,"$10,000 to $14,999",190
N1C,"$15,000 to $19,999",190
N1C,"$20,000 to $24,999",150
N1C,"$25,000 to $29,999",110
N1C,"$30,000 to $34,999",130
N1C,"$35,000 to $39,999",110
N1C,"$40,000 to $44,999",120
N1C,"$45,000 to $49,999",140
N1C,"$50,000 to $54,999",140
N1C,"$55,000 to $59,999",100
N1C,"$60,000 to $69,999",210
N1C,"$70,000 to $79,999",200
N1C,"$80,000 to $89,999",170
N1C,"$90,000 to $99,999",180
N1C,"$100,000 to $149,999",370
N1C,"$150,000 to $249,999",190
N1C,"$250,000 and over",70
N1E,"Under $5,000",2150
N1E,"$5,000 to $9,999",1530
N1E,"$10,000 to $14,999",2200
N1E,"$15,000 to $19,999",2090
N1E,"$20,000 to $24,999",2240
N1E,"$25,000 to $29,999",1690
N1E,"$30,000 to $34,999",1680
N1E,"$35,000 to $39,999",1780
N1E,"$40,000 to $44,999",1890
N1E,"$45,000 to $49,999",1940
N1E,"$50,000 to $54,999",1660
N1E,"$55,000 to $59,999",1600
N1E,"$60,000 to $69,999",2580
N1E,"$70,000 to $79,999",2000
N1E,"$80,000 to $89,999",1550
N1E,"$90,000 to $99,999",1270
N1E,"$100,000 to $149,999",2360
N1E,"$150,000 to $249,999",740
N1E,"$250,000 and over",260
N1G,"Under $5,000",2060
N1G,"$5,000 to $9,999",1230
N1G,"$10,000 to $14,999",1450
N1G,"$15,000 to $19,999",1380
N1G,"$20,000 to $24,999",1400
N1G,"$25,000 to $29,999",980
N1G,"$30,000 to $34,999",1010
N1G,"$35,000 to $39,999",1080
N1G,"$40,000 to $44,999",1070
N1G,"$45,000 to $49,999",1170
N1G,"$50,000 to $54,999",900
N1G,"$55,000 to $59,999",870
N1G,"$60,000 to $69,999",1520
N1G,"$70,000 to $79,999",1260
N1G,"$80,000 to $89,999",1020
N1G,"$90,000 to $99,999",930
N1G,"$100,000 to $149,999",1880
N1G,"$150,000 to $249,999",860
N1G,"$250,000 and over",350
N1H,"Under $5,000",2330
N1H,"$5,000 to $9,999",1640
N1H,"$10,000 to $14,999",2400
N1H,"$15,000 to $19,999",2370
N1H,"$20,000 to $24,999",2630
N1H,"$25,000 to $29,999",1920
N1H,"$30,000 to $34,999",1950
N1H,"$35,000 to $39,999",2040
N1H,"$40,000 to $44,999",1970
N1H,"$45,000 to $49,999",2040
N1H,"$50,000 to $54,999",1720
N1H,"$55,000 to $59,999",1520
N1H,"$60,000 to $69,999",2270
N1H,"$70,000 to $79,999",1720
N1H,"$80,000 to $89,999",1220
N1H,"$90,000 to $99,999",1020
N1H,"$100,000 to $149,999",1930
N1H,"$150,000 to $249,999",800
N1H,"$250,000 and over",340
N1K,"Under $5,000",730
N1K,"$5,000 to $9,999",450
N1K,"$10,000 to $14,999",650
N1K,"$15,000 to $19,999",640
N1K,"$20,000 to $24,999",510
N1K,"$25,000 to $29,999",440
N1K,"$30,000 to $34,999",430
N1K,"$35,000 to $39,999",450
N1K,"$40,000 to $44,999",440
N1K,"$45,000 to $49,999",530
N1K,"$50,000 to $54,999",480
N1K,"$55,000 to $59,999",430
N1K,"$60,000 to $69,999",660
N1K,"$70,000 to $79,999",450
N1K,"$80,000 to $89,999",320
N1K,"$90,000 to $99,999",300
N1K,"$100,000 to $149,999",540
N1K,"$150,000 to $249,999",150
N1K,"$250,000 and over",30
N1L,"Under $5,000",1280
N1L,"$5,000 to $9,999",750
N1L,"$10,000 to $14,999",780
N1L,"$15,000 to $19,999",680
N1L,"$20,000 to $24,999",620
N1L,"$25,000 to $29,999",500
N1L,"$30,000 to $34,999",550
N1L,"$35,000 to $39,999",510
N1L,"$40,000 to $44,999",530
N1L,"$45,000 to $49,999",530
N1L,"$50,000 to $54,999",480
N1L,"$55,000 to $59,999",460
N1L,"$60,000 to $69,999",790
N1L,"$70,000 to $79,999",690
N1L,"$80,000 to $89,999",580
N1L,"$90,000 to $99,999",500
N1L,"$100,000 to $149,999",1280
N1L,"$150,000 to $249,999",540
N1L,"$250,000 and over",240
N1M,"Under $5,000",700
N1M,"$5,000 to $9,999",550
N1M,"$10,000 to $14,999",800
N1M,"$15,000 to $19,999",870
N1M,"$20,000 to $24,999",1070
N1M,"$25,000 to $29,999",790
N1M,"$30,000 to $34,999",810
N1M,"$35,000 to $39,999",800
N1M,"$40,000 to $44,999",810
N1M,"$45,000 to $49,999",840
N1M,"$50,000 to $54,999",710
N1M,"$55,000 to $59,999",630
N1M,"$60,000 to $69,999",1130
N1M,"$70,000 to $79,999",850
N1M,"$80,000 to $89,999",600
N1M,"$90,000 to $99,999",500
N1M,"$100,000 to $149,999",910
N1M,"$150,000 to $249,999",310
N1M,"$250,000 and over",110
N1P,"Under $5,000",420
N1P,"$5,000 to $9,999",320
N1P,"$10,000 to $14,999",390
N1P,"$15,000 to $19,999",360
N1P,"$20,000 to $24,999",370
N1P,"$25,000 to $29,999",280
N1P,"$30,000 to $34,999",290
N1P,"$35,000 to $39,999",340
N1P,"$40,000 to $44,999",320
N1P,"$45,000 to $49,999",300
N1P,"$50,000 to $54,999",250
N1P,"$55,000 to $59,999",240
N1P,"$60,000 to $69,999",420
N1P,"$70,000 to $79,999",360
N1P,"$80,000 to $89,999",310
N1P,"$90,000 to $99,999",220
N1P,"$100,000 to $149,999",470
N1P,"$150,000 to $249,999",140
N1P,"$250,000 and over",20
N1R,"Under $5,000",2570
N1R,"$5,000 to $9,999",1680
N1R,"$10,000 to $14,999",2780
N1R,"$15,000 to $19,999",2860
N1R,"$20,000 to $24,999",3170
N1R,"$25,000 to $29,999",2160
N1R,"$30,000 to $34,999",2110
N1R,"$35,000 to $39,999",2110
N1R,"$40,000 to $44,999",1980
N1R,"$45,000 to $49,999",1890
N1R,"$50,000 to $54,999",1600
N1R,"$55,000 to $59,999",1300
N1R,"$60,000 to $69,999",2070
N1R,"$70,000 to $79,999",1610
N1R,"$80,000 to $89,999",1010
N1R,"$90,000 to $99,999",800
N1R,"$100,000 to $149,999",1300
N1R,"$150,000 to $249,999",400
N1R,"$250,000 and over",200
N1S,"Under $5,000",940
N1S,"$5,000 to $9,999",690
N1S,"$10,000 to $14,999",1060
N1S,"$15,000 to $19,999",1070
N1S,"$20,000 to $24,999",1220
N1S,"$25,000 to $29,999",810
N1S,"$30,000 to $34,999",850
N1S,"$35,000 to $39,999",860
N1S,"$40,000 to $44,999",850
N1S,"$45,000 to $49,999",830
N1S,"$50,000 to $54,999",670
N1S,"$55,000 to $59,999",640
N1S,"$60,000 to $69,999",1060
N1S,"$70,000 to $79,999",870
N1S,"$80,000 to $89,999",690
N1S,"$90,000 to $99,999",560
N1S,"$100,000 to $149,999",1150
N1S,"$150,000 to $249,999",430
N1S,"$250,000 and over",170
N1T,"Under $5,000",1440
N1T,"$5,000 to $9,999",870
N1T,"$10,000 to $14,999",1020
N1T,"$15,000 to $19,999",1070
N1T,"$20,000 to $24,999",920
N1T,"$25,000 to $29,999",720
N1T,"$30,000 to $34,999",710
N1T,"$35,000 to $39,999",710
N1T,"$40,000 to $44,999",640
N1T,"$45,000 to $49,999",670
N1T,"$50,000 to $54,999",610
N1T,"$55,000 to $59,999",550
N1T,"$60,000 to $69,999",920
N1T,"$70,000 to $79,999",800
N1T,"$80,000 to $89,999",630
N1T,"$90,000 to $99,999",540
N1T,"$100,000 to $149,999",1220
N1T,"$150,000 to $249,999",500
N1T,"$250,000 and over",170
N2A,"Under $5,000",1960
N2A,"$5,000 to $9,999",1280
N2A,"$10,000 to $14,999",1840
N2A,"$15,000 to $19,999",1860
N2A,"$20,000 to $24,999",1760
N2A,"$25,000 to $29,999",1310
N2A,"$30,000 to $34,999",1270
N2A,"$35,000 to $39,999",1350
N2A,"$40,000 to $44,999",1280
N2A,"$45,000 to $49,999",1310
N2A,"$50,000 to $54,999",1140
N2A,"$55,000 to $59,999",990
N2A,"$60,000 to $69,999",1600
N2A,"$70,000 to $79,999",1300
N2A,"$80,000 to $89,999",1010
N2A,"$90,000 to $99,999",880
N2A,"$100,000 to $149,999",1790
N2A,"$150,000 to $249,999",650
N2A,"$250,000 and over",260
N2B,"Under $5,000",890
N2B,"$5,000 to $9,999",620
N2B,"$10,000 to $14,999",990
N2B,"$15,000 to $19,999",1060
N2B,"$20,000 to $24,999",1120
N2B,"$25,000 to $29,999",790
N2B,"$30,000 to $34,999",860
N2B,"$35,000 to $39,999",920
N2B,"$40,000 to $44,999",820
N2B,"$45,000 to $49,999",820
N2B,"$50,000 to $54,999",710
N2B,"$55,000 to $59,999",590
N2B,"$60,000 to $69,999",1020
N2B,"$70,000 to $79,999",730
N2B,"$80,000 to $89,999",530
N2B,"$90,000 to $99,999",440
N2B,"$100,000 to $149,999",780
N2B,"$150,000 to $249,999",210
N2B,"$250,000 and over",70
N2C,"Under $5,000",1820
N2C,"$5,000 to $9,999",990
N2C,"$10,000 to $14,999",1450
N2C,"$15,000 to $19,999",1350
N2C,"$20,000 to $24,999",1340
N2C,"$25,000 to $29,999",1050
N2C,"$30,000 to $34,999",1010
N2C,"$35,000 to $39,999",990
N2C,"$40,000 to $44,999",840
N2C,"$45,000 to $49,999",790
N2C,"$50,000 to $54,999",670
N2C,"$55,000 to $59,999",520
N2C,"$60,000 to $69,999",740
N2C,"$70,000 to $79,999",520
N2C,"$80,000 to $89,999",340
N2C,"$90,000 to $99,999",210
N2C,"$100,000 to $149,999",390
N2C,"$150,000 to $249,999",110
N2C,"$250,000 and over",60
N2E,"Under $5,000",3200
N2E,"$5,000 to $9,999",1820
N2E,"$10,000 to $14,999",2420
N2E,"$15,000 to $19,999",2270
N2E,"$20,000 to $24,999",2240
N2E,"$25,000 to $29,999",1720
N2E,"$30,000 to $34,999",1840
N2E,"$35,000 to $39,999",1810
N2E,"$40,000 to $44,999",1880
N2E,"$45,000 to $49,999",1780
N2E,"$50,000 to $54,999",1590
N2E,"$55,000 to $59,999",1320
N2E,"$60,000 to $69,999",2140
N2E,"$70,000 to $79,999",1610
N2E,"$80,000 to $89,999",1190
N2E,"$90,000 to $99,999",890
N2E,"$100,000 to $149,999",1530
N2E,"$150,000 to $249,999",310
N2E,"$250,000 and over",70
N2G,"Under $5,000",1050
N2G,"$5,000 to $9,999",670
N2G,"$10,000 to $14,999",1130
N2G,"$15,000 to $19,999",1040
N2G,"$20,000 to $24,999",980
N2G,"$25,000 to $29,999",740
N2G,"$30,000 to $34,999",640
N2G,"$35,000 to $39,999",680
N2G,"$40,000 to $44,999",620
N2G,"$45,000 to $49,999",580
N2G,"$50,000 to $54,999",530
N2G,"$55,000 to $59,999",400
N2G,"$60,000 to $69,999",700
N2G,"$70,000 to $79,999",520
N2G,"$80,000 to $89,999",420
N2G,"$90,000 to $99,999",310
N2G,"$100,000 to $149,999",530
N2G,"$150,000 to $249,999",190
N2G,"$250,000 and over",120
N2H,"Under $5,000",1260
N2H,"$5,000 to $9,999",860
N2H,"$10,000 to $14,999",1230
N2H,"$15,000 to $19,999",1240
N2H,"$20,000 to $24,999",1370
N2H,"$25,000 to $29,999",1030
N2H,"$30,000 to $34,999",970
N2H,"$35,000 to $39,999",1020
N2H,"$40,000 to $44,999",940
N2H,"$45,000 to $49,999",900
N2H,"$50,000 to $54,999",840
N2H,"$55,000 to $59,999",670
N2H,"$60,000 to $69,999",1200
N2H,"$70,000 to $79,999",940
N2H,"$80,000 to $89,999",710
N2H,"$90,000 to $99,999",580
N2H,"$100,000 to $149,999",1070
N2H,"$150,000 to $249,999",340
N2H,"$250,000 and over",130
N2J,"Under $5,000",1750
N2J,"$5,000 to $9,999",830
N2J,"$10,000 to $14,999",1100
N2J,"$15,000 to $19,999",1120
N2J,"$20,000 to $24,999",1250
N2J,"$25,000 to $29,999",870
N2J,"$30,000 to $34,999",830
N2J,"$35,000 to $39,999",830
N2J,"$40,000 to $44,999",770
N2J,"$45,000 to $49,999",760
N2J,"$50,000 to $54,999",630
N2J,"$55,000 to $59,999",560
N2J,"$60,000 to $69,999",930
N2J,"$70,000 to $79,999",800
N2J,"$80,000 to $89,999",620
N2J,"$90,000 to $99,999",500
N2J,"$100,000 to $149,999",1060
N2J,"$150,000 to $249,999",470
N2J,"$250,000 and over",200
N2K,"Under $5,000",1840
N2K,"$5,000 to $9,999",1110
N2K,"$10,000 to $14,999",1340
N2K,"$15,000 to $19,999",1300
N2K,"$20,000 to $24,999",1180
N2K,"$25,000 to $29,999",1070
N2K,"$30,000 to $34,999",930
N2K,"$35,000 to $39,999",1000
N2K,"$40,000 to $44,999",1030
N2K,"$45,000 to $49,999",1000
N2K,"$50,000 to $54,999",920
N2K,"$55,000 to $59,999",840
N2K,"$60,000 to $69,999",1520
N2K,"$70,000 to $79,999",1350
N2K,"$80,000 to $89,999",1060
N2K,"$90,000 to $99,999",1020
N2K,"$100,000 to $149,999",2510
N2K,"$150,000 to $249,999",1140
N2K,"$250,000 and over",620
N2L,"Under $5,000",5220
N2L,"$5,000 to $9,999",1720
N2L,"$10,000 to $14,999",2070
N2L,"$15,000 to $19,999",1900
N2L,"$20,000 to $24,999",1770
N2L,"$25,000 to $29,999",1310
N2L,"$30,000 to $34,999",1260
N2L,"$35,000 to $39,999",1230
N2L,"$40,000 to $44,999",1110
N2L,"$45,000 to $49,999",1070
N2L,"$50,000 to $54,999",940
N2L,"$55,000 to $59,999",790
N2L,"$60,000 to $69,999",1320
N2L,"$70,000 to $79,999",1190
N2L,"$80,000 to $89,999",880
N2L,"$90,000 to $99,999",770
N2L,"$100,000 to $149,999",1730
N2L,"$150,000 to $249,999",940
N2L,"$250,000 and over",430
N2M,"Under $5,000",2610
N2M,"$5,000 to $9,999",1490
N2M,"$10,000 to $14,999",2290
N2M,"$15,000 to $19,999",2250
N2M,"$20,000 to $24,999",2260
N2M,"$25,000 to $29,999",1700
N2M,"$30,000 to $34,999",1720
N2M,"$35,000 to $39,999",1650
N2M,"$40,000 to $44,999",1710
N2M,"$45,000 to $49,999",1570
N2M,"$50,000 to $54,999",1330
N2M,"$55,000 to $59,999",1010
N2M,"$60,000 to $69,999",1680
N2M,"$70,000 to $79,999",1220
N2M,"$80,000 to $89,999",830
N2M,"$90,000 to $99,999",710
N2M,"$100,000 to $149,999",1150
N2M,"$150,000 to $249,999",430
N2M,"$250,000 and over",200
N2N,"Under $5,000",1880
N2N,"$5,000 to $9,999",1120
N2N,"$10,000 to $14,999",1440
N2N,"$15,000 to $19,999",1420
N2N,"$20,000 to $24,999",1380
N2N,"$25,000 to $29,999",1060
N2N,"$30,000 to $34,999",1050
N2N,"$35,000 to $39,999",1130
N2N,"$40,000 to $44,999",1100
N2N,"$45,000 to $49,999",1160
N2N,"$50,000 to $54,999",980
N2N,"$55,000 to $59,999",880
N2N,"$60,000 to $69,999",1540
N2N,"$70,000 to $79,999",1170
N2N,"$80,000 to $89,999",900
N2N,"$90,000 to $99,999",760
N2N,"$100,000 to $149,999",1530
N2N,"$150,000 to $249,999",430
N2N,"$250,000 and over",130
N2P,"Under $5,000",2250
N2P,"$5,000 to $9,999",1200
N2P,"$10,000 to $14,999",1380
N2P,"$15,000 to $19,999",1280
N2P,"$20,000 to $24,999",1160
N2P,"$25,000 to $29,999",910
N2P,"$30,000 to $34,999",940
N2P,"$35,000 to $39,999",900
N2P,"$40,000 to $44,999",840
N2P,"$45,000 to $49,999",830
N2P,"$50,000 to $54,999",780
N2P,"$55,000 to $59,999",640
N2P,"$60,000 to $69,999",1110
N2P,"$70,000 to $79,999",910
N2P,"$80,000 to $89,999",750
N2P,"$90,000 to $99,999",650
N2P,"$100,000 to $149,999",1590
N2P,"$150,000 to $249,999",770
N2P,"$250,000 and over",410
N2R,"Under $5,000",1300
N2R,"$5,000 to $9,999",680
N2R,"$10,000 to $14,999",710
N2R,"$15,000 to $19,999",680
N2R,"$20,000 to $24,999",570
N2R,"$25,000 to $29,999",490
N2R,"$30,000 to $34,999",540
N2R,"$35,000 to $39,999",580
N2R,"$40,000 to $44,999",560
N2R,"$45,000 to $49,999",540
N2R,"$50,000 to $54,999",530
N2R,"$55,000 to $59,999",490
N2R,"$60,000 to $69,999",800
N2R,"$70,000 to $79,999",700
N2R,"$80,000 to $89,999",580
N2R,"$90,000 to $99,999",480
N2R,"$100,000 to $149,999",960
N2R,"$150,000 to $249,999",290
N2R,"$250,000 and over",90
N2T,"Under $5,000",1680
N2T,"$5,000 to $9,999",980
N2T,"$10,000 to $14,999",1100
N2T,"$15,000 to $19,999",990
N2T,"$20,000 to $24,999",850
N2T,"$25,000 to $29,999",680
N2T,"$30,000 to $34,999",630
N2T,"$35,000 to $39,999",660
N2T,"$40,000 to $44,999",660
N2T,"$45,000 to $49,999",670
N2T,"$50,000 to $54,999",620
N2T,"$55,000 to $59,999",560
N2T,"$60,000 to $69,999",990
N2T,"$70,000 to $79,999",990
N2T,"$80,000 to $89,999",800
N2T,"$90,000 to $99,999",750
N2T,"$100,000 to $149,999",1850
N2T,"$150,000 to $249,999",950
N2T,"$250,000 and over",450
N2V,"Under $5,000",1840
N2V,"$5,000 to $9,999",890
N2V,"$10,000 to $14,999",980
N2V,"$15,000 to $19,999",900
N2V,"$20,000 to $24,999",780
N2V,"$25,000 to $29,999",620
N2V,"$30,000 to $34,999",590
N2V,"$35,000 to $39,999",600
N2V,"$40,000 to $44,999",640
N2V,"$45,000 to $49,999",570
N2V,"$50,000 to $54,999",530
N2V,"$55,000 to $59,999",500
N2V,"$60,000 to $69,999",880
N2V,"$70,000 to $79,999",790
N2V,"$80,000 to $89,999",630
N2V,"$90,000 to $99,999",640
N2V,"$100,000 to $149,999",1530
N2V,"$150,000 to $249,999",710
N2V,"$250,000 and over",320
N2Z,"Under $5,000",530
N2Z,"$5,000 to $9,999",370
N2Z,"$10,000 to $14,999",560
N2Z,"$15,000 to $19,999",560
N2Z,"$20,000 to $24,999",650
N2Z,"$25,000 to $29,999",420
N2Z,"$30,000 to $34,999",430
N2Z,"$35,000 to $39,999",490
N2Z,"$40,000 to $44,999",470
N2Z,"$45,000 to $49,999",520
N2Z,"$50,000 to $54,999",320
N2Z,"$55,000 to $59,999",340
N2Z,"$60,000 to $69,999",610
N2Z,"$70,000 to $79,999",570
N2Z,"$80,000 to $89,999",400
N2Z,"$90,000 to $99,999",380
N2Z,"$100,000 to $149,999",1010
N2Z,"$150,000 to $249,999",770
N2Z,"$250,000 and over",170
N3A,"Under $5,000",620
N3A,"$5,000 to $9,999",500
N3A,"$10,000 to $14,999",670
N3A,"$15,000 to $19,999",680
N3A,"$20,000 to $24,999",810
N3A,"$25,000 to $29,999",670
N3A,"$30,000 to $34,999",660
N3A,"$35,000 to $39,999",700
N3A,"$40,000 to $44,999",680
N3A,"$45,000 to $49,999",750
N3A,"$50,000 to $54,999",650
N3A,"$55,000 to $59,999",580
N3A,"$60,000 to $69,999",1060
N3A,"$70,000 to $79,999",900
N3A,"$80,000 to $89,999",690
N3A,"$90,000 to $99,999",630
N3A,"$100,000 to $149,999",1240
N3A,"$150,000 to $249,999",410
N3A,"$250,000 and over",160
N3B,"Under $5,000",540
N3B,"$5,000 to $9,999",370
N3B,"$10,000 to $14,999",620
N3B,"$15,000 to $19,999",590
N3B,"$20,000 to $24,999",670
N3B,"$25,000 to $29,999",480
N3B,"$30,000 to $34,999",550
N3B,"$35,000 to $39,999",510
N3B,"$40,000 to $44,999",490
N3B,"$45,000 to $49,999",570
N3B,"$50,000 to $54,999",440
N3B,"$55,000 to $59,999",420
N3B,"$60,000 to $69,999",770
N3B,"$70,000 to $79,999",620
N3B,"$80,000 to $89,999",490
N3B,"$90,000 to $99,999",400
N3B,"$100,000 to $149,999",770
N3B,"$150,000 to $249,999",290
N3B,"$250,000 and over",110
N3C,"Under $5,000",1560
N3C,"$5,000 to $9,999",1010
N3C,"$10,000 to $14,999",1300
N3C,"$15,000 to $19,999",1300
N3C,"$20,000 to $24,999",1360
N3C,"$25,000 to $29,999",1030
N3C,"$30,000 to $34,999",1060
N3C,"$35,000 to $39,999",1090
N3C,"$40,000 to $44,999",1030
N3C,"$45,000 to $49,999",1100
N3C,"$50,000 to $54,999",970
N3C,"$55,000 to $59,999",870
N3C,"$60,000 to $69,999",1580
N3C,"$70,000 to $79,999",1340
N3C,"$80,000 to $89,999",990
N3C,"$90,000 to $99,999",860
N3C,"$100,000 to $149,999",1860
N3C,"$150,000 to $249,999",530
N3C,"$250,000 and over",190
N3E,"Under $5,000",160
N3E,"$5,000 to $9,999",90
N3E,"$10,000 to $14,999",70
N3E,"$15,000 to $19,999",70
N3E,"$20,000 to $24,999",70
N3E,"$25,000 to $29,999",40
N3E,"$30,000 to $34,999",50
N3E,"$35,000 to $39,999",40
N3E,"$40,000 to $44,999",40
N3E,"$45,000 to $49,999",40
N3E,"$50,000 to $54,999",40
N3E,"$55,000 to $59,999",40
N3E,"$60,000 to $69,999",40
N3E,"$70,000 to $79,999",60
N3E,"$80,000 to $89,999",40
N3E,"$90,000 to $99,999",40
N3E,"$100,000 to $149,999",90
N3E,"$150,000 to $249,999",50
N3E,"$250,000 and over",10
N3H,"Under $5,000",1810
N3H,"$5,000 to $9,999",1140
N3H,"$10,000 to $14,999",1650
N3H,"$15,000 to $19,999",1460
N3H,"$20,000 to $24,999",1690
N3H,"$25,000 to $29,999",1260
N3H,"$30,000 to $34,999",1110
N3H,"$35,000 to $39,999",1100
N3H,"$40,000 to $44,999",1100
N3H,"$45,000 to $49,999",990
N3H,"$50,000 to $54,999",870
N3H,"$55,000 to $59,999",740
N3H,"$60,000 to $69,999",1250
N3H,"$70,000 to $79,999",970
N3H,"$80,000 to $89,999",650
N3H,"$90,000 to $99,999",500
N3H,"$100,000 to $149,999",910
N3H,"$150,000 to $249,999",260
N3H,"$250,000 and over",110
N3L,"Under $5,000",690
N3L,"$5,000 to $9,999",540
N3L,"$10,000 to $14,999",800
N3L,"$15,000 to $19,999",850
N3L,"$20,000 to $24,999",980
N3L,"$25,000 to $29,999",710
N3L,"$30,000 to $34,999",670
N3L,"$35,000 to $39,999",750
N3L,"$40,000 to $44,999",700
N3L,"$45,000 to $49,999",680
N3L,"$50,000 to $54,999",550
N3L,"$55,000 to $59,999",520
N3L,"$60,000 to $69,999",860
N3L,"$70,000 to $79,999",730
N3L,"$80,000 to $89,999",560
N3L,"$90,000 to $99,999",520
N3L,"$100,000 to $149,999",990
N3L,"$150,000 to $249,999",320
N3L,"$250,000 and over",110
N3P,"Under $5,000",470
N3P,"$5,000 to $9,999",310
N3P,"$10,000 to $14,999",510
N3P,"$15,000 to $19,999",510
N3P,"$20,000 to $24,999",550
N3P,"$25,000 to $29,999",410
N3P,"$30,000 to $34,999",420
N3P,"$35,000 to $39,999",440
N3P,"$40,000 to $44,999",410
N3P,"$45,000 to $49,999",410
N3P,"$50,000 to $54,999",320
N3P,"$55,000 to $59,999",270
N3P,"$60,000 to $69,999",490
N3P,"$70,000 to $79,999",380
N3P,"$80,000 to $89,999",240
N3P,"$90,000 to $99,999",190
N3P,"$100,000 to $149,999",320
N3P,"$150,000 to $249,999",70
N3P,"$250,000 and over",20
N3R,"Under $5,000",1730
N3R,"$5,000 to $9,999",1210
N3R,"$10,000 to $14,999",2120
N3R,"$15,000 to $19,999",2270
N3R,"$20,000 to $24,999",2630
N3R,"$25,000 to $29,999",1910
N3R,"$30,000 to $34,999",1720
N3R,"$35,000 to $39,999",1760
N3R,"$40,000 to $44,999",1790
N3R,"$45,000 to $49,999",1700
N3R,"$50,000 to $54,999",1370
N3R,"$55,000 to $59,999",1120
N3R,"$60,000 to $69,999",1970
N3R,"$70,000 to $79,999",1480
N3R,"$80,000 to $89,999",1050
N3R,"$90,000 to $99,999",910
N3R,"$100,000 to $149,999",1600
N3R,"$150,000 to $249,999",490
N3R,"$250,000 and over",130
N3S,"Under $5,000",1650
N3S,"$5,000 to $9,999",1070
N3S,"$10,000 to $14,999",1940
N3S,"$15,000 to $19,999",2000
N3S,"$20,000 to $24,999",1990
N3S,"$25,000 to $29,999",1430
N3S,"$30,000 to $34,999",1270
N3S,"$35,000 to $39,999",1210
N3S,"$40,000 to $44,999",1170
N3S,"$45,000 to $49,999",1120
N3S,"$50,000 to $54,999",940
N3S,"$55,000 to $59,999",750
N3S,"$60,000 to $69,999",1170
N3S,"$70,000 to $79,999",770
N3S,"$80,000 to $89,999",460
N3S,"$90,000 to $99,999",380
N3S,"$100,000 to $149,999",580
N3S,"$150,000 to $249,999",140
N3S,"$250,000 and over",30
N3T,"Under $5,000",2340
N3T,"$5,000 to $9,999",1410
N3T,"$10,000 to $14,999",2280
N3T,"$15,000 to $19,999",2270
N3T,"$20,000 to $24,999",2240
N3T,"$25,000 to $29,999",1570
N3T,"$30,000 to $34,999",1380
N3T,"$35,000 to $39,999",1420
N3T,"$40,000 to $44,999",1390
N3T,"$45,000 to $49,999",1360
N3T,"$50,000 to $54,999",1130
N3T,"$55,000 to $59,999",1010
N3T,"$60,000 to $69,999",1570
N3T,"$70,000 to $79,999",1320
N3T,"$80,000 to $89,999",980
N3T,"$90,000 to $99,999",870
N3T,"$100,000 to $149,999",1630
N3T,"$150,000 to $249,999",580
N3T,"$250,000 and over",240
N3V,"Under $5,000",80
N3V,"$5,000 to $9,999",60
N3V,"$10,000 to $14,999",80
N3V,"$15,000 to $19,999",100
N3V,"$20,000 to $24,999",90
N3V,"$25,000 to $29,999",70
N3V,"$30,000 to $34,999",50
N3V,"$35,000 to $39,999",70
N3V,"$40,000 to $44,999",80
N3V,"$45,000 to $49,999",80
N3V,"$50,000 to $54,999",80
N3V,"$55,000 to $59,999",60
N3V,"$60,000 to $69,999",100
N3V,"$70,000 to $79,999",80
N3V,"$80,000 to $89,999",70
N3V,"$90,000 to $99,999",40
N3V,"$100,000 to $149,999",80
N3V,"$150,000 to $249,999",30
N3V,"$250,000 and over",10
N3W,"Under $5,000",740
N3W,"$5,000 to $9,999",540
N3W,"$10,000 to $14,999",720
N3W,"$15,000 to $19,999",680
N3W,"$20,000 to $24,999",740
N3W,"$25,000 to $29,999",530
N3W,"$30,000 to $34,999",560
N3W,"$35,000 to $39,999",620
N3W,"$40,000 to $44,999",650
N3W,"$45,000 to $49,999",660
N3W,"$50,000 to $54,999",580
N3W,"$55,000 to $59,999",510
N3W,"$60,000 to $69,999",860
N3W,"$70,000 to $79,999",680
N3W,"$80,000 to $89,999",560
N3W,"$90,000 to $99,999",480
N3W,"$100,000 to $149,999",1060
N3W,"$150,000 to $249,999",300
N3W,"$250,000 and over",80
N3Y,"Under $5,000",1050
N3Y,"$5,000 to $9,999",860
N3Y,"$10,000 to $14,999",1420
N3Y,"$15,000 to $19,999",1590
N3Y,"$20,000 to $24,999",1820
N3Y,"$25,000 to $29,999",1160
N3Y,"$30,000 to $34,999",1090
N3Y,"$35,000 to $39,999",1140
N3Y,"$40,000 to $44,999",1030
N3Y,"$45,000 to $49,999",1190
N3Y,"$50,000 to $54,999",900
N3Y,"$55,000 to $59,999",680
N3Y,"$60,000 to $69,999",1180
N3Y,"$70,000 to $79,999",880
N3Y,"$80,000 to $89,999",670
N3Y,"$90,000 to $99,999",610
N3Y,"$100,000 to $149,999",1040
N3Y,"$150,000 to $249,999",310
N3Y,"$250,000 and over",150
N4B,"Under $5,000",410
N4B,"$5,000 to $9,999",260
N4B,"$10,000 to $14,999",520
N4B,"$15,000 to $19,999",520
N4B,"$20,000 to $24,999",610
N4B,"$25,000 to $29,999",390
N4B,"$30,000 to $34,999",430
N4B,"$35,000 to $39,999",420
N4B,"$40,000 to $44,999",390
N4B,"$45,000 to $49,999",410
N4B,"$50,000 to $54,999",290
N4B,"$55,000 to $59,999",250
N4B,"$60,000 to $69,999",410
N4B,"$70,000 to $79,999",320
N4B,"$80,000 to $89,999",230
N4B,"$90,000 to $99,999",190
N4B,"$100,000 to $149,999",270
N4B,"$150,000 to $249,999",70
N4B,"$250,000 and over",40
N4G,"Under $5,000",920
N4G,"$5,000 to $9,999",690
N4G,"$10,000 to $14,999",1250
N4G,"$15,000 to $19,999",1370
N4G,"$20,000 to $24,999",1660
N4G,"$25,000 to $29,999",1070
N4G,"$30,000 to $34,999",1080
N4G,"$35,000 to $39,999",1070
N4G,"$40,000 to $44,999",1040
N4G,"$45,000 to $49,999",990
N4G,"$50,000 to $54,999",860
N4G,"$55,000 to $59,999",740
N4G,"$60,000 to $69,999",1080
N4G,"$70,000 to $79,999",870
N4G,"$80,000 to $89,999",540
N4G,"$90,000 to $99,999",420
N4G,"$100,000 to $149,999",780
N4G,"$150,000 to $249,999",240
N4G,"$250,000 and over",140
N4K,"Under $5,000",1220
N4K,"$5,000 to $9,999",1080
N4K,"$10,000 to $14,999",2050
N4K,"$15,000 to $19,999",2090
N4K,"$20,000 to $24,999",2320
N4K,"$25,000 to $29,999",1530
N4K,"$30,000 to $34,999",1560
N4K,"$35,000 to $39,999",1490
N4K,"$40,000 to $44,999",1360
N4K,"$45,000 to $49,999",1350
N4K,"$50,000 to $54,999",1050
N4K,"$55,000 to $59,999",920
N4K,"$60,000 to $69,999",1480
N4K,"$70,000 to $79,999",1070
N4K,"$80,000 to $89,999",730
N4K,"$90,000 to $99,999",620
N4K,"$100,000 to $149,999",1070
N4K,"$150,000 to $249,999",470
N4K,"$250,000 and over",180
N4L,"Under $5,000",320
N4L,"$5,000 to $9,999",300
N4L,"$10,000 to $14,999",510
N4L,"$15,000 to $19,999",600
N4L,"$20,000 to $24,999",690
N4L,"$25,000 to $29,999",440
N4L,"$30,000 to $34,999",430
N4L,"$35,000 to $39,999",500
N4L,"$40,000 to $44,999",430
N4L,"$45,000 to $49,999",400
N4L,"$50,000 to $54,999",290
N4L,"$55,000 to $59,999",250
N4L,"$60,000 to $69,999",440
N4L,"$70,000 to $79,999",350
N4L,"$80,000 to $89,999",230
N4L,"$90,000 to $99,999",170
N4L,"$100,000 to $149,999",310
N4L,"$150,000 to $249,999",120
N4L,"$250,000 and over",50
N4N,"Under $5,000",410
N4N,"$5,000 to $9,999",360
N4N,"$10,000 to $14,999",690
N4N,"$15,000 to $19,999",770
N4N,"$20,000 to $24,999",900
N4N,"$25,000 to $29,999",570
N4N,"$30,000 to $34,999",580
N4N,"$35,000 to $39,999",580
N4N,"$40,000 to $44,999",490
N4N,"$45,000 to $49,999",460
N4N,"$50,000 to $54,999",380
N4N,"$55,000 to $59,999",300
N4N,"$60,000 to $69,999",520
N4N,"$70,000 to $79,999",350
N4N,"$80,000 to $89,999",270
N4N,"$90,000 to $99,999",220
N4N,"$100,000 to $149,999",420
N4N,"$150,000 to $249,999",170
N4N,"$250,000 and over",50
N4S,"Under $5,000",1480
N4S,"$5,000 to $9,999",1120
N4S,"$10,000 to $14,999",2060
N4S,"$15,000 to $19,999",2050
N4S,"$20,000 to $24,999",2220
N4S,"$25,000 to $29,999",1620
N4S,"$30,000 to $34,999",1580
N4S,"$35,000 to $39,999",1580
N4S,"$40,000 to $44,999",1650
N4S,"$45,000 to $49,999",1590
N4S,"$50,000 to $54,999",1410
N4S,"$55,000 to $59,999",1230
N4S,"$60,000 to $69,999",1880
N4S,"$70,000 to $79,999",1410
N4S,"$80,000 to $89,999",880
N4S,"$90,000 to $99,999",740
N4S,"$100,000 to $149,999",1220
N4S,"$150,000 to $249,999",370
N4S,"$250,000 and over",170
N4T,"Under $5,000",740
N4T,"$5,000 to $9,999",490
N4T,"$10,000 to $14,999",650
N4T,"$15,000 to $19,999",680
N4T,"$20,000 to $24,999",680
N4T,"$25,000 to $29,999",550
N4T,"$30,000 to $34,999",530
N4T,"$35,000 to $39,999",580
N4T,"$40,000 to $44,999",600
N4T,"$45,000 to $49,999",600
N4T,"$50,000 to $54,999",490
N4T,"$55,000 to $59,999",450
N4T,"$60,000 to $69,999",750
N4T,"$70,000 to $79,999",620
N4T,"$80,000 to $89,999",510
N4T,"$90,000 to $99,999",380
N4T,"$100,000 to $149,999",720
N4T,"$150,000 to $249,999",280
N4T,"$250,000 and over",90
N4V,"Under $5,000",170
N4V,"$5,000 to $9,999",100
N4V,"$10,000 to $14,999",140
N4V,"$15,000 to $19,999",180
N4V,"$20,000 to $24,999",200
N4V,"$25,000 to $29,999",160
N4V,"$30,000 to $34,999",140
N4V,"$35,000 to $39,999",150
N4V,"$40,000 to $44,999",160
N4V,"$45,000 to $49,999",150
N4V,"$50,000 to $54,999",130
N4V,"$55,000 to $59,999",120
N4V,"$60,000 to $69,999",230
N4V,"$70,000 to $79,999",140
N4V,"$80,000 to $89,999",90
N4V,"$90,000 to $99,999",90
N4V,"$100,000 to $149,999",130
N4V,"$150,000 to $249,999",40
N4V,"$250,000 and over",10
N4W,"Under $5,000",600
N4W,"$5,000 to $9,999",390
N4W,"$10,000 to $14,999",680
N4W,"$15,000 to $19,999",710
N4W,"$20,000 to $24,999",790
N4W,"$25,000 to $29,999",610
N4W,"$30,000 to $34,999",580
N4W,"$35,000 to $39,999",630
N4W,"$40,000 to $44,999",650
N4W,"$45,000 to $49,999",570
N4W,"$50,000 to $54,999",440
N4W,"$55,000 to $59,999",390
N4W,"$60,000 to $69,999",660
N4W,"$70,000 to $79,999",490
N4W,"$80,000 to $89,999",390
N4W,"$90,000 to $99,999",260
N4W,"$100,000 to $149,999",500
N4W,"$150,000 to $249,999",180
N4W,"$250,000 and over",90
N4X,"Under $5,000",350
N4X,"$5,000 to $9,999",310
N4X,"$10,000 to $14,999",530
N4X,"$15,000 to $19,999",550
N4X,"$20,000 to $24,999",610
N4X,"$25,000 to $29,999",470
N4X,"$30,000 to $34,999",460
N4X,"$35,000 to $39,999",540
N4X,"$40,000 to $44,999",500
N4X,"$45,000 to $49,999",570
N4X,"$50,000 to $54,999",420
N4X,"$55,000 to $59,999",360
N4X,"$60,000 to $69,999",590
N4X,"$70,000 to $79,999",540
N4X,"$80,000 to $89,999",380
N4X,"$90,000 to $99,999",260
N4X,"$100,000 to $149,999",520
N4X,"$150,000 to $249,999",150
N4X,"$250,000 and over",80
N4Z,"Under $5,000",90
N4Z,"$5,000 to $9,999",70
N4Z,"$10,000 to $14,999",150
N4Z,"$15,000 to $19,999",120
N4Z,"$20,000 to $24,999",120
N4Z,"$25,000 to $29,999",120
N4Z,"$30,000 to $34,999",100
N4Z,"$35,000 to $39,999",120
N4Z,"$40,000 to $44,999",110
N4Z,"$45,000 to $49,999",120
N4Z,"$50,000 to $54,999",90
N4Z,"$55,000 to $59,999",100
N4Z,"$60,000 to $69,999",120
N4Z,"$70,000 to $79,999",100
N4Z,"$80,000 to $89,999",70
N4Z,"$90,000 to $99,999",70
N4Z,"$100,000 to $149,999",120
N4Z,"$150,000 to $249,999",40
N4Z,"$250,000 and over",20
N5A,"Under $5,000",1180
N5A,"$5,000 to $9,999",1140
N5A,"$10,000 to $14,999",1800
N5A,"$15,000 to $19,999",1750
N5A,"$20,000 to $24,999",2240
N5A,"$25,000 to $29,999",1710
N5A,"$30,000 to $34,999",1620
N5A,"$35,000 to $39,999",1750
N5A,"$40,000 to $44,999",1650
N5A,"$45,000 to $49,999",1710
N5A,"$50,000 to $54,999",1350
N5A,"$55,000 to $59,999",1230
N5A,"$60,000 to $69,999",1990
N5A,"$70,000 to $79,999",1490
N5A,"$80,000 to $89,999",990
N5A,"$90,000 to $99,999",790
N5A,"$100,000 to $149,999",1530
N5A,"$150,000 to $249,999",530
N5A,"$250,000 and over",260
N5C,"Under $5,000",720
N5C,"$5,000 to $9,999",500
N5C,"$10,000 to $14,999",850
N5C,"$15,000 to $19,999",830
N5C,"$20,000 to $24,999",990
N5C,"$25,000 to $29,999",710
N5C,"$30,000 to $34,999",700
N5C,"$35,000 to $39,999",750
N5C,"$40,000 to $44,999",750
N5C,"$45,000 to $49,999",720
N5C,"$50,000 to $54,999",670
N5C,"$55,000 to $59,999",530
N5C,"$60,000 to $69,999",890
N5C,"$70,000 to $79,999",720
N5C,"$80,000 to $89,999",590
N5C,"$90,000 to $99,999",400
N5C,"$100,000 to $149,999",680
N5C,"$150,000 to $249,999",160
N5C,"$250,000 and over",70
N5H,"Under $5,000",1170
N5H,"$5,000 to $9,999",620
N5H,"$10,000 to $14,999",1030
N5H,"$15,000 to $19,999",930
N5H,"$20,000 to $24,999",1000
N5H,"$25,000 to $29,999",700
N5H,"$30,000 to $34,999",650
N5H,"$35,000 to $39,999",730
N5H,"$40,000 to $44,999",670
N5H,"$45,000 to $49,999",680
N5H,"$50,000 to $54,999",540
N5H,"$55,000 to $59,999",510
N5H,"$60,000 to $69,999",730
N5H,"$70,000 to $79,999",540
N5H,"$80,000 to $89,999",380
N5H,"$90,000 to $99,999",280
N5H,"$100,000 to $149,999",470
N5H,"$150,000 to $249,999",140
N5H,"$250,000 and over",60
N5L,"Under $5,000",110
N5L,"$5,000 to $9,999",110
N5L,"$10,000 to $14,999",160
N5L,"$15,000 to $19,999",190
N5L,"$20,000 to $24,999",220
N5L,"$25,000 to $29,999",140
N5L,"$30,000 to $34,999",170
N5L,"$35,000 to $39,999",180
N5L,"$40,000 to $44,999",200
N5L,"$45,000 to $49,999",180
N5L,"$50,000 to $54,999",130
N5L,"$55,000 to $59,999",100
N5L,"$60,000 to $69,999",220
N5L,"$70,000 to $79,999",200
N5L,"$80,000 to $89,999",100
N5L,"$90,000 to $99,999",110
N5L,"$100,000 to $149,999",210
N5L,"$150,000 to $249,999",90
N5L,"$250,000 and over",40
N5P,"Under $5,000",1010
N5P,"$5,000 to $9,999",820
N5P,"$10,000 to $14,999",1290
N5P,"$15,000 to $19,999",1300
N5P,"$20,000 to $24,999",1330
N5P,"$25,000 to $29,999",970
N5P,"$30,000 to $34,999",940
N5P,"$35,000 to $39,999",1020
N5P,"$40,000 to $44,999",970
N5P,"$45,000 to $49,999",970
N5P,"$50,000 to $54,999",780
N5P,"$55,000 to $59,999",680
N5P,"$60,000 to $69,999",1140
N5P,"$70,000 to $79,999",780
N5P,"$80,000 to $89,999",560
N5P,"$90,000 to $99,999",490
N5P,"$100,000 to $149,999",830
N5P,"$150,000 to $249,999",220
N5P,"$250,000 and over",90
N5R,"Under $5,000",1240
N5R,"$5,000 to $9,999",1010
N5R,"$10,000 to $14,999",1760
N5R,"$15,000 to $19,999",1770
N5R,"$20,000 to $24,999",1960
N5R,"$25,000 to $29,999",1360
N5R,"$30,000 to $34,999",1520
N5R,"$35,000 to $39,999",1520
N5R,"$40,000 to $44,999",1520
N5R,"$45,000 to $49,999",1380
N5R,"$50,000 to $54,999",1220
N5R,"$55,000 to $59,999",960
N5R,"$60,000 to $69,999",1640
N5R,"$70,000 to $79,999",1160
N5R,"$80,000 to $89,999",870
N5R,"$90,000 to $99,999",650
N5R,"$100,000 to $149,999",1130
N5R,"$150,000 to $249,999",290
N5R,"$250,000 and over",100
N5V,"Under $5,000",2960
N5V,"$5,000 to $9,999",1760
N5V,"$10,000 to $14,999",2450
N5V,"$15,000 to $19,999",2210
N5V,"$20,000 to $24,999",2160
N5V,"$25,000 to $29,999",1640
N5V,"$30,000 to $34,999",1510
N5V,"$35,000 to $39,999",1610
N5V,"$40,000 to $44,999",1590
N5V,"$45,000 to $49,999",1510
N5V,"$50,000 to $54,999",1200
N5V,"$55,000 to $59,999",1040
N5V,"$60,000 to $69,999",1580
N5V,"$70,000 to $79,999",1010
N5V,"$80,000 to $89,999",660
N5V,"$90,000 to $99,999",440
N5V,"$100,000 to $149,999",660
N5V,"$150,000 to $249,999",130
N5V,"$250,000 and over",30
N5W,"Under $5,000",1650
N5W,"$5,000 to $9,999",1150
N5W,"$10,000 to $14,999",1920
N5W,"$15,000 to $19,999",1830
N5W,"$20,000 to $24,999",1810
N5W,"$25,000 to $29,999",1310
N5W,"$30,000 to $34,999",1230
N5W,"$35,000 to $39,999",1250
N5W,"$40,000 to $44,999",1170
N5W,"$45,000 to $49,999",1140
N5W,"$50,000 to $54,999",910
N5W,"$55,000 to $59,999",770
N5W,"$60,000 to $69,999",1240
N5W,"$70,000 to $79,999",820
N5W,"$80,000 to $89,999",510
N5W,"$90,000 to $99,999",370
N5W,"$100,000 to $149,999",500
N5W,"$150,000 to $249,999",110
N5W,"$250,000 and over",30
N5X,"Under $5,000",2700
N5X,"$5,000 to $9,999",1460
N5X,"$10,000 to $14,999",1720
N5X,"$15,000 to $19,999",1640
N5X,"$20,000 to $24,999",1480
N5X,"$25,000 to $29,999",1210
N5X,"$30,000 to $34,999",1140
N5X,"$35,000 to $39,999",1320
N5X,"$40,000 to $44,999",1280
N5X,"$45,000 to $49,999",1500
N5X,"$50,000 to $54,999",1190
N5X,"$55,000 to $59,999",1060
N5X,"$60,000 to $69,999",1930
N5X,"$70,000 to $79,999",1630
N5X,"$80,000 to $89,999",1240
N5X,"$90,000 to $99,999",1180
N5X,"$100,000 to $149,999",2430
N5X,"$150,000 to $249,999",960
N5X,"$250,000 and over",400
N5Y,"Under $5,000",3580
N5Y,"$5,000 to $9,999",1930
N5Y,"$10,000 to $14,999",2800
N5Y,"$15,000 to $19,999",2820
N5Y,"$20,000 to $24,999",2490
N5Y,"$25,000 to $29,999",1790
N5Y,"$30,000 to $34,999",1710
N5Y,"$35,000 to $39,999",1620
N5Y,"$40,000 to $44,999",1610
N5Y,"$45,000 to $49,999",1420
N5Y,"$50,000 to $54,999",1210
N5Y,"$55,000 to $59,999",950
N5Y,"$60,000 to $69,999",1400
N5Y,"$70,000 to $79,999",930
N5Y,"$80,000 to $89,999",630
N5Y,"$90,000 to $99,999",520
N5Y,"$100,000 to $149,999",790
N5Y,"$150,000 to $249,999",260
N5Y,"$250,000 and over",110
N5Z,"Under $5,000",1510
N5Z,"$5,000 to $9,999",1190
N5Z,"$10,000 to $14,999",1900
N5Z,"$15,000 to $19,999",1770
N5Z,"$20,000 to $24,999",1600
N5Z,"$25,000 to $29,999",1270
N5Z,"$30,000 to $34,999",1180
N5Z,"$35,000 to $39,999",1230
N5Z,"$40,000 to $44,999",1240
N5Z,"$45,000 to $49,999",1000
N5Z,"$50,000 to $54,999",890
N5Z,"$55,000 to $59,999",680
N5Z,"$60,000 to $69,999",1100
N5Z,"$70,000 to $79,999",730
N5Z,"$80,000 to $89,999",420
N5Z,"$90,000 to $99,999",330
N5Z,"$100,000 to $149,999",370
N5Z,"$150,000 to $249,999",70
N5Z,"$250,000 and over",20
N6A,"Under $5,000",1060
N6A,"$5,000 to $9,999",600
N6A,"$10,000 to $14,999",760
N6A,"$15,000 to $19,999",670
N6A,"$20,000 to $24,999",650
N6A,"$25,000 to $29,999",450
N6A,"$30,000 to $34,999",410
N6A,"$35,000 to $39,999",380
N6A,"$40,000 to $44,999",390
N6A,"$45,000 to $49,999",390
N6A,"$50,000 to $54,999",300
N6A,"$55,000 to $59,999",310
N6A,"$60,000 to $69,999",530
N6A,"$70,000 to $79,999",510
N6A,"$80,000 to $89,999",360
N6A,"$90,000 to $99,999",300
N6A,"$100,000 to $149,999",750
N6A,"$150,000 to $249,999",440
N6A,"$250,000 and over",290
N6B,"Under $5,000",750
N6B,"$5,000 to $9,999",670
N6B,"$10,000 to $14,999",1020
N6B,"$15,000 to $19,999",840
N6B,"$20,000 to $24,999",770
N6B,"$25,000 to $29,999",500
N6B,"$30,000 to $34,999",480
N6B,"$35,000 to $39,999",440
N6B,"$40,000 to $44,999",390
N6B,"$45,000 to $49,999",390
N6B,"$50,000 to $54,999",290
N6B,"$55,000 to $59,999",280
N6B,"$60,000 to $69,999",440
N6B,"$70,000 to $79,999",310
N6B,"$80,000 to $89,999",190
N6B,"$90,000 to $99,999",170
N6B,"$100,000 to $149,999",290
N6B,"$150,000 to $249,999",110
N6B,"$250,000 and over",60
N6C,"Under $5,000",1620
N6C,"$5,000 to $9,999",1130
N6C,"$10,000 to $14,999",1710
N6C,"$15,000 to $19,999",1750
N6C,"$20,000 to $24,999",1860
N6C,"$25,000 to $29,999",1360
N6C,"$30,000 to $34,999",1340
N6C,"$35,000 to $39,999",1450
N6C,"$40,000 to $44,999",1420
N6C,"$45,000 to $49,999",1380
N6C,"$50,000 to $54,999",1130
N6C,"$55,000 to $59,999",980
N6C,"$60,000 to $69,999",1730
N6C,"$70,000 to $79,999",1380
N6C,"$80,000 to $89,999",950
N6C,"$90,000 to $99,999",830
N6C,"$100,000 to $149,999",1480
N6C,"$150,000 to $249,999",500
N6C,"$250,000 and over",220
N6E,"Under $5,000",2290
N6E,"$5,000 to $9,999",1420
N6E,"$10,000 to $14,999",1930
N6E,"$15,000 to $19,999",1930
N6E,"$20,000 to $24,999",1750
N6E,"$25,000 to $29,999",1380
N6E,"$30,000 to $34,999",1320
N6E,"$35,000 to $39,999",1350
N6E,"$40,000 to $44,999",1300
N6E,"$45,000 to $49,999",1210
N6E,"$50,000 to $54,999",980
N6E,"$55,000 to $59,999",820
N6E,"$60,000 to $69,999",1220
N6E,"$70,000 to $79,999",850
N6E,"$80,000 to $89,999",520
N6E,"$90,000 to $99,999",350
N6E,"$100,000 to $149,999",510
N6E,"$150,000 to $249,999",100
N6E,"$250,000 and over",30
N6G,"Under $5,000",4810
N6G,"$5,000 to $9,999",2330
N6G,"$10,000 to $14,999",2650
N6G,"$15,000 to $19,999",2370
N6G,"$20,000 to $24,999",2110
N6G,"$25,000 to $29,999",1580
N6G,"$30,000 to $34,999",1570
N6G,"$35,000 to $39,999",1580
N6G,"$40,000 to $44,999",1570
N6G,"$45,000 to $49,999",1670
N6G,"$50,000 to $54,999",1350
N6G,"$55,000 to $59,999",1170
N6G,"$60,000 to $69,999",2240
N6G,"$70,000 to $79,999",1960
N6G,"$80,000 to $89,999",1420
N6G,"$90,000 to $99,999",1310
N6G,"$100,000 to $149,999",2810
N6G,"$150,000 to $249,999",1340
N6G,"$250,000 and over",680
N6H,"Under $5,000",4700
N6H,"$5,000 to $9,999",1930
N6H,"$10,000 to $14,999",2490
N6H,"$15,000 to $19,999",2460
N6H,"$20,000 to $24,999",2580
N6H,"$25,000 to $29,999",1770
N6H,"$30,000 to $34,999",1790
N6H,"$35,000 to $39,999",1710
N6H,"$40,000 to $44,999",1660
N6H,"$45,000 to $49,999",1600
N6H,"$50,000 to $54,999",1290
N6H,"$55,000 to $59,999",1120
N6H,"$60,000 to $69,999",1990
N6H,"$70,000 to $79,999",1740
N6H,"$80,000 to $89,999",1250
N6H,"$90,000 to $99,999",1090
N6H,"$100,000 to $149,999",2230
N6H,"$150,000 to $249,999",880
N6H,"$250,000 and over",450
N6J,"Under $5,000",1580
N6J,"$5,000 to $9,999",1170
N6J,"$10,000 to $14,999",1790
N6J,"$15,000 to $19,999",1930
N6J,"$20,000 to $24,999",2080
N6J,"$25,000 to $29,999",1360
N6J,"$30,000 to $34,999",1370
N6J,"$35,000 to $39,999",1370
N6J,"$40,000 to $44,999",1260
N6J,"$45,000 to $49,999",1290
N6J,"$50,000 to $54,999",1090
N6J,"$55,000 to $59,999",840
N6J,"$60,000 to $69,999",1350
N6J,"$70,000 to $79,999",1030
N6J,"$80,000 to $89,999",690
N6J,"$90,000 to $99,999",600
N6J,"$100,000 to $149,999",910
N6J,"$150,000 to $249,999",280
N6J,"$250,000 and over",90
N6K,"Under $5,000",1970
N6K,"$5,000 to $9,999",1360
N6K,"$10,000 to $14,999",1650
N6K,"$15,000 to $19,999",1620
N6K,"$20,000 to $24,999",1760
N6K,"$25,000 to $29,999",1330
N6K,"$30,000 to $34,999",1350
N6K,"$35,000 to $39,999",1450
N6K,"$40,000 to $44,999",1440
N6K,"$45,000 to $49,999",1530
N6K,"$50,000 to $54,999",1200
N6K,"$55,000 to $59,999",1140
N6K,"$60,000 to $69,999",2100
N6K,"$70,000 to $79,999",1920
N6K,"$80,000 to $89,999",1400
N6K,"$90,000 to $99,999",1390
N6K,"$100,000 to $149,999",2820
N6K,"$150,000 to $249,999",1220
N6K,"$250,000 and over",620
N6L,"Under $5,000",380
N6L,"$5,000 to $9,999",210
N6L,"$10,000 to $14,999",240
N6L,"$15,000 to $19,999",260
N6L,"$20,000 to $24,999",210
N6L,"$25,000 to $29,999",140
N6L,"$30,000 to $34,999",160
N6L,"$35,000 to $39,999",150
N6L,"$40,000 to $44,999",150
N6L,"$45,000 to $49,999",140
N6L,"$50,000 to $54,999",140
N6L,"$55,000 to $59,999",110
N6L,"$60,000 to $69,999",220
N6L,"$70,000 to $79,999",190
N6L,"$80,000 to $89,999",120
N6L,"$90,000 to $99,999",110
N6L,"$100,000 to $149,999",200
N6L,"$150,000 to $249,999",60
N6L,"$250,000 and over",20
N6M,"Under $5,000",450
N6M,"$5,000 to $9,999",280
N6M,"$10,000 to $14,999",360
N6M,"$15,000 to $19,999",340
N6M,"$20,000 to $24,999",320
N6M,"$25,000 to $29,999",260
N6M,"$30,000 to $34,999",280
N6M,"$35,000 to $39,999",290
N6M,"$40,000 to $44,999",300
N6M,"$45,000 to $49,999",300
N6M,"$50,000 to $54,999",260
N6M,"$55,000 to $59,999",250
N6M,"$60,000 to $69,999",380
N6M,"$70,000 to $79,999",360
N6M,"$80,000 to $89,999",230
N6M,"$90,000 to $99,999",230
N6M,"$100,000 to $149,999",360
N6M,"$150,000 to $249,999",70
N6M,"$250,000 and over",30
N6N,"Under $5,000",30
N6N,"$5,000 to $9,999",20
N6N,"$10,000 to $14,999",30
N6N,"$15,000 to $19,999",60
N6N,"$20,000 to $24,999",40
N6N,"$25,000 to $29,999",30
N6N,"$30,000 to $34,999",30
N6N,"$35,000 to $39,999",30
N6N,"$40,000 to $44,999",40
N6N,"$45,000 to $49,999",30
N6N,"$50,000 to $54,999",30
N6N,"$55,000 to $59,999",20
N6N,"$60,000 to $69,999",40
N6N,"$70,000 to $79,999",40
N6N,"$80,000 to $89,999",20
N6N,"$90,000 to $99,999",30
N6N,"$100,000 to $149,999",50
N6N,"$150,000 to $249,999",20
N6N,"$250,000 and over",10
N6P,"Under $5,000",470
N6P,"$5,000 to $9,999",330
N6P,"$10,000 to $14,999",420
N6P,"$15,000 to $19,999",370
N6P,"$20,000 to $24,999",380
N6P,"$25,000 to $29,999",330
N6P,"$30,000 to $34,999",340
N6P,"$35,000 to $39,999",380
N6P,"$40,000 to $44,999",340
N6P,"$45,000 to $49,999",410
N6P,"$50,000 to $54,999",310
N6P,"$55,000 to $59,999",270
N6P,"$60,000 to $69,999",570
N6P,"$70,000 to $79,999",490
N6P,"$80,000 to $89,999",400
N6P,"$90,000 to $99,999",380
N6P,"$100,000 to $149,999",890
N6P,"$150,000 to $249,999",420
N6P,"$250,000 and over",200
N7A,"Under $5,000",410
N7A,"$5,000 to $9,999",410
N7A,"$10,000 to $14,999",760
N7A,"$15,000 to $19,999",810
N7A,"$20,000 to $24,999",910
N7A,"$25,000 to $29,999",720
N7A,"$30,000 to $34,999",660
N7A,"$35,000 to $39,999",700
N7A,"$40,000 to $44,999",620
N7A,"$45,000 to $49,999",600
N7A,"$50,000 to $54,999",440
N7A,"$55,000 to $59,999",400
N7A,"$60,000 to $69,999",650
N7A,"$70,000 to $79,999",470
N7A,"$80,000 to $89,999",330
N7A,"$90,000 to $99,999",300
N7A,"$100,000 to $149,999",670
N7A,"$150,000 to $249,999",260
N7A,"$250,000 and over",80
N7G,"Under $5,000",800
N7G,"$5,000 to $9,999",680
N7G,"$10,000 to $14,999",1070
N7G,"$15,000 to $19,999",1170
N7G,"$20,000 to $24,999",1350
N7G,"$25,000 to $29,999",880
N7G,"$30,000 to $34,999",910
N7G,"$35,000 to $39,999",980
N7G,"$40,000 to $44,999",970
N7G,"$45,000 to $49,999",930
N7G,"$50,000 to $54,999",720
N7G,"$55,000 to $59,999",710
N7G,"$60,000 to $69,999",1110
N7G,"$70,000 to $79,999",780
N7G,"$80,000 to $89,999",550
N7G,"$90,000 to $99,999",490
N7G,"$100,000 to $149,999",780
N7G,"$150,000 to $249,999",230
N7G,"$250,000 and over",90
N7L,"Under $5,000",1210
N7L,"$5,000 to $9,999",990
N7L,"$10,000 to $14,999",1760
N7L,"$15,000 to $19,999",1800
N7L,"$20,000 to $24,999",1950
N7L,"$25,000 to $29,999",1390
N7L,"$30,000 to $34,999",1440
N7L,"$35,000 to $39,999",1380
N7L,"$40,000 to $44,999",1240
N7L,"$45,000 to $49,999",1170
N7L,"$50,000 to $54,999",880
N7L,"$55,000 to $59,999",680
N7L,"$60,000 to $69,999",1220
N7L,"$70,000 to $79,999",970
N7L,"$80,000 to $89,999",640
N7L,"$90,000 to $99,999",530
N7L,"$100,000 to $149,999",1010
N7L,"$150,000 to $249,999",310
N7L,"$250,000 and over",90
N7M,"Under $5,000",1290
N7M,"$5,000 to $9,999",1060
N7M,"$10,000 to $14,999",1740
N7M,"$15,000 to $19,999",1660
N7M,"$20,000 to $24,999",1730
N7M,"$25,000 to $29,999",1310
N7M,"$30,000 to $34,999",1290
N7M,"$35,000 to $39,999",1240
N7M,"$40,000 to $44,999",1170
N7M,"$45,000 to $49,999",1070
N7M,"$50,000 to $54,999",790
N7M,"$55,000 to $59,999",750
N7M,"$60,000 to $69,999",1200
N7M,"$70,000 to $79,999",900
N7M,"$80,000 to $89,999",620
N7M,"$90,000 to $99,999",510
N7M,"$100,000 to $149,999",980
N7M,"$150,000 to $249,999",360
N7M,"$250,000 and over",160
N7S,"Under $5,000",1700
N7S,"$5,000 to $9,999",1100
N7S,"$10,000 to $14,999",1500
N7S,"$15,000 to $19,999",1530
N7S,"$20,000 to $24,999",1620
N7S,"$25,000 to $29,999",1260
N7S,"$30,000 to $34,999",1220
N7S,"$35,000 to $39,999",1260
N7S,"$40,000 to $44,999",1250
N7S,"$45,000 to $49,999",1260
N7S,"$50,000 to $54,999",920
N7S,"$55,000 to $59,999",810
N7S,"$60,000 to $69,999",1390
N7S,"$70,000 to $79,999",1210
N7S,"$80,000 to $89,999",930
N7S,"$90,000 to $99,999",800
N7S,"$100,000 to $149,999",1980
N7S,"$150,000 to $249,999",1000
N7S,"$250,000 and over",280
N7T,"Under $5,000",1720
N7T,"$5,000 to $9,999",1290
N7T,"$10,000 to $14,999",2110
N7T,"$15,000 to $19,999",2020
N7T,"$20,000 to $24,999",2150
N7T,"$25,000 to $29,999",1440
N7T,"$30,000 to $34,999",1340
N7T,"$35,000 to $39,999",1200
N7T,"$40,000 to $44,999",1050
N7T,"$45,000 to $49,999",990
N7T,"$50,000 to $54,999",690
N7T,"$55,000 to $59,999",620
N7T,"$60,000 to $69,999",1090
N7T,"$70,000 to $79,999",780
N7T,"$80,000 to $89,999",590
N7T,"$90,000 to $99,999",440
N7T,"$100,000 to $149,999",910
N7T,"$150,000 to $249,999",410
N7T,"$250,000 and over",140
N7V,"Under $5,000",470
N7V,"$5,000 to $9,999",370
N7V,"$10,000 to $14,999",600
N7V,"$15,000 to $19,999",530
N7V,"$20,000 to $24,999",720
N7V,"$25,000 to $29,999",520
N7V,"$30,000 to $34,999",540
N7V,"$35,000 to $39,999",600
N7V,"$40,000 to $44,999",520
N7V,"$45,000 to $49,999",570
N7V,"$50,000 to $54,999",470
N7V,"$55,000 to $59,999",390
N7V,"$60,000 to $69,999",760
N7V,"$70,000 to $79,999",640
N7V,"$80,000 to $89,999",430
N7V,"$90,000 to $99,999",390
N7V,"$100,000 to $149,999",830
N7V,"$150,000 to $249,999",390
N7V,"$250,000 and over",110
N7W,"Under $5,000",60
N7W,"$5,000 to $9,999",60
N7W,"$10,000 to $14,999",80
N7W,"$15,000 to $19,999",130
N7W,"$20,000 to $24,999",190
N7W,"$25,000 to $29,999",120
N7W,"$30,000 to $34,999",140
N7W,"$35,000 to $39,999",150
N7W,"$40,000 to $44,999",150
N7W,"$45,000 to $49,999",160
N7W,"$50,000 to $54,999",90
N7W,"$55,000 to $59,999",100
N7W,"$60,000 to $69,999",180
N7W,"$70,000 to $79,999",130
N7W,"$80,000 to $89,999",90
N7W,"$90,000 to $99,999",80
N7W,"$100,000 to $149,999",180
N7W,"$150,000 to $249,999",90
N7W,"$250,000 and over",40
N7X,"Under $5,000",50
N7X,"$5,000 to $9,999",30
N7X,"$10,000 to $14,999",30
N7X,"$15,000 to $19,999",30
N7X,"$20,000 to $24,999",40
N7X,"$25,000 to $29,999",30
N7X,"$30,000 to $34,999",40
N7X,"$35,000 to $39,999",40
N7X,"$40,000 to $44,999",30
N7X,"$45,000 to $49,999",40
N7X,"$50,000 to $54,999",40
N7X,"$55,000 to $59,999",30
N7X,"$60,000 to $69,999",60
N7X,"$70,000 to $79,999",80
N7X,"$80,000 to $89,999",40
N7X,"$90,000 to $99,999",50
N7X,"$100,000 to $149,999",100
N7X,"$150,000 to $249,999",100
N7X,"$250,000 and over",60
N8A,"Under $5,000",1330
N8A,"$5,000 to $9,999",610
N8A,"$10,000 to $14,999",1060
N8A,"$15,000 to $19,999",1100
N8A,"$20,000 to $24,999",1170
N8A,"$25,000 to $29,999",780
N8A,"$30,000 to $34,999",690
N8A,"$35,000 to $39,999",620
N8A,"$40,000 to $44,999",580
N8A,"$45,000 to $49,999",480
N8A,"$50,000 to $54,999",410
N8A,"$55,000 to $59,999",360
N8A,"$60,000 to $69,999",480
N8A,"$70,000 to $79,999",370
N8A,"$80,000 to $89,999",270
N8A,"$90,000 to $99,999",210
N8A,"$100,000 to $149,999",440
N8A,"$150,000 to $249,999",120
N8A,"$250,000 and over",50
N8H,"Under $5,000",1840
N8H,"$5,000 to $9,999",1040
N8H,"$10,000 to $14,999",1680
N8H,"$15,000 to $19,999",1710
N8H,"$20,000 to $24,999",1780
N8H,"$25,000 to $29,999",1350
N8H,"$30,000 to $34,999",1460
N8H,"$35,000 to $39,999",1550
N8H,"$40,000 to $44,999",1360
N8H,"$45,000 to $49,999",1200
N8H,"$50,000 to $54,999",980
N8H,"$55,000 to $59,999",770
N8H,"$60,000 to $69,999",1240
N8H,"$70,000 to $79,999",870
N8H,"$80,000 to $89,999",570
N8H,"$90,000 to $99,999",410
N8H,"$100,000 to $149,999",790
N8H,"$150,000 to $249,999",280
N8H,"$250,000 and over",170
N8M,"Under $5,000",510
N8M,"$5,000 to $9,999",400
N8M,"$10,000 to $14,999",680
N8M,"$15,000 to $19,999",650
N8M,"$20,000 to $24,999",740
N8M,"$25,000 to $29,999",500
N8M,"$30,000 to $34,999",500
N8M,"$35,000 to $39,999",550
N8M,"$40,000 to $44,999",560
N8M,"$45,000 to $49,999",570
N8M,"$50,000 to $54,999",460
N8M,"$55,000 to $59,999",390
N8M,"$60,000 to $69,999",650
N8M,"$70,000 to $79,999",530
N8M,"$80,000 to $89,999",380
N8M,"$90,000 to $99,999",340
N8M,"$100,000 to $149,999",590
N8M,"$150,000 to $249,999",160
N8M,"$250,000 and over",50
N8N,"Under $5,000",1200
N8N,"$5,000 to $9,999",890
N8N,"$10,000 to $14,999",1180
N8N,"$15,000 to $19,999",1170
N8N,"$20,000 to $24,999",1220
N8N,"$25,000 to $29,999",940
N8N,"$30,000 to $34,999",950
N8N,"$35,000 to $39,999",1010
N8N,"$40,000 to $44,999",1160
N8N,"$45,000 to $49,999",1200
N8N,"$50,000 to $54,999",1020
N8N,"$55,000 to $59,999",820
N8N,"$60,000 to $69,999",1460
N8N,"$70,000 to $79,999",1290
N8N,"$80,000 to $89,999",970
N8N,"$90,000 to $99,999",940
N8N,"$100,000 to $149,999",1870
N8N,"$150,000 to $249,999",850
N8N,"$250,000 and over",430
N8P,"Under $5,000",820
N8P,"$5,000 to $9,999",500
N8P,"$10,000 to $14,999",700
N8P,"$15,000 to $19,999",620
N8P,"$20,000 to $24,999",610
N8P,"$25,000 to $29,999",480
N8P,"$30,000 to $34,999",540
N8P,"$35,000 to $39,999",580
N8P,"$40,000 to $44,999",620
N8P,"$45,000 to $49,999",680
N8P,"$50,000 to $54,999",550
N8P,"$55,000 to $59,999",440
N8P,"$60,000 to $69,999",760
N8P,"$70,000 to $79,999",710
N8P,"$80,000 to $89,999",500
N8P,"$90,000 to $99,999",420
N8P,"$100,000 to $149,999",880
N8P,"$150,000 to $249,999",310
N8P,"$250,000 and over",120
N8R,"Under $5,000",960
N8R,"$5,000 to $9,999",560
N8R,"$10,000 to $14,999",730
N8R,"$15,000 to $19,999",780
N8R,"$20,000 to $24,999",770
N8R,"$25,000 to $29,999",610
N8R,"$30,000 to $34,999",650
N8R,"$35,000 to $39,999",650
N8R,"$40,000 to $44,999",680
N8R,"$45,000 to $49,999",660
N8R,"$50,000 to $54,999",520
N8R,"$55,000 to $59,999",420
N8R,"$60,000 to $69,999",610
N8R,"$70,000 to $79,999",470
N8R,"$80,000 to $89,999",330
N8R,"$90,000 to $99,999",240
N8R,"$100,000 to $149,999",450
N8R,"$150,000 to $249,999",100
N8R,"$250,000 and over",10
N8S,"Under $5,000",1170
N8S,"$5,000 to $9,999",710
N8S,"$10,000 to $14,999",1190
N8S,"$15,000 to $19,999",1340
N8S,"$20,000 to $24,999",1460
N8S,"$25,000 to $29,999",1020
N8S,"$30,000 to $34,999",1100
N8S,"$35,000 to $39,999",1200
N8S,"$40,000 to $44,999",1270
N8S,"$45,000 to $49,999",1160
N8S,"$50,000 to $54,999",990
N8S,"$55,000 to $59,999",780
N8S,"$60,000 to $69,999",1210
N8S,"$70,000 to $79,999",990
N8S,"$80,000 to $89,999",690
N8S,"$90,000 to $99,999",530
N8S,"$100,000 to $149,999",930
N8S,"$150,000 to $249,999",290
N8S,"$250,000 and over",110
N8T,"Under $5,000",1380
N8T,"$5,000 to $9,999",930
N8T,"$10,000 to $14,999",1340
N8T,"$15,000 to $19,999",1390
N8T,"$20,000 to $24,999",1350
N8T,"$25,000 to $29,999",860
N8T,"$30,000 to $34,999",900
N8T,"$35,000 to $39,999",900
N8T,"$40,000 to $44,999",870
N8T,"$45,000 to $49,999",800
N8T,"$50,000 to $54,999",560
N8T,"$55,000 to $59,999",450
N8T,"$60,000 to $69,999",700
N8T,"$70,000 to $79,999",500
N8T,"$80,000 to $89,999",310
N8T,"$90,000 to $99,999",190
N8T,"$100,000 to $149,999",360
N8T,"$150,000 to $249,999",90
N8T,"$250,000 and over",20
N8V,"Under $5,000",0
N8V,"$5,000 to $9,999",0
N8V,"$10,000 to $14,999",0
N8V,"$15,000 to $19,999",0
N8V,"$20,000 to $24,999",0
N8V,"$25,000 to $29,999",0
N8V,"$30,000 to $34,999",0
N8V,"$35,000 to $39,999",0
N8V,"$40,000 to $44,999",0
N8V,"$45,000 to $49,999",0
N8V,"$50,000 to $54,999",0
N8V,"$55,000 to $59,999",0
N8V,"$60,000 to $69,999",0
N8V,"$70,000 to $79,999",0
N8V,"$80,000 to $89,999",0
N8V,"$90,000 to $99,999",0
N8V,"$100,000 to $149,999",0
N8V,"$150,000 to $249,999",0
N8V,"$250,000 and over",0
N8W,"Under $5,000",1670
N8W,"$5,000 to $9,999",1010
N8W,"$10,000 to $14,999",1560
N8W,"$15,000 to $19,999",1580
N8W,"$20,000 to $24,999",1420
N8W,"$25,000 to $29,999",1160
N8W,"$30,000 to $34,999",1200
N8W,"$35,000 to $39,999",1250
N8W,"$40,000 to $44,999",1290
N8W,"$45,000 to $49,999",1180
N8W,"$50,000 to $54,999",1010
N8W,"$55,000 to $59,999",720
N8W,"$60,000 to $69,999",1250
N8W,"$70,000 to $79,999",940
N8W,"$80,000 to $89,999",670
N8W,"$90,000 to $99,999",490
N8W,"$100,000 to $149,999",860
N8W,"$150,000 to $249,999",200
N8W,"$250,000 and over",50
N8X,"Under $5,000",1470
N8X,"$5,000 to $9,999",850
N8X,"$10,000 to $14,999",1530
N8X,"$15,000 to $19,999",1340
N8X,"$20,000 to $24,999",1170
N8X,"$25,000 to $29,999",840
N8X,"$30,000 to $34,999",810
N8X,"$35,000 to $39,999",820
N8X,"$40,000 to $44,999",790
N8X,"$45,000 to $49,999",690
N8X,"$50,000 to $54,999",540
N8X,"$55,000 to $59,999",390
N8X,"$60,000 to $69,999",560
N8X,"$70,000 to $79,999",450
N8X,"$80,000 to $89,999",270
N8X,"$90,000 to $99,999",180
N8X,"$100,000 to $149,999",310
N8X,"$150,000 to $249,999",100
N8X,"$250,000 and over",30
N8Y,"Under $5,000",1290
N8Y,"$5,000 to $9,999",780
N8Y,"$10,000 to $14,999",1460
N8Y,"$15,000 to $19,999",1360
N8Y,"$20,000 to $24,999",1320
N8Y,"$25,000 to $29,999",970
N8Y,"$30,000 to $34,999",900
N8Y,"$35,000 to $39,999",1010
N8Y,"$40,000 to $44,999",980
N8Y,"$45,000 to $49,999",910
N8Y,"$50,000 to $54,999",710
N8Y,"$55,000 to $59,999",560
N8Y,"$60,000 to $69,999",790
N8Y,"$70,000 to $79,999",600
N8Y,"$80,000 to $89,999",410
N8Y,"$90,000 to $99,999",280
N8Y,"$100,000 to $149,999",560
N8Y,"$150,000 to $249,999",270
N8Y,"$250,000 and over",90
N9A,"Under $5,000",3360
N9A,"$5,000 to $9,999",1790
N9A,"$10,000 to $14,999",2980
N9A,"$15,000 to $19,999",2670
N9A,"$20,000 to $24,999",2020
N9A,"$25,000 to $29,999",1290
N9A,"$30,000 to $34,999",1090
N9A,"$35,000 to $39,999",930
N9A,"$40,000 to $44,999",860
N9A,"$45,000 to $49,999",680
N9A,"$50,000 to $54,999",520
N9A,"$55,000 to $59,999",400
N9A,"$60,000 to $69,999",600
N9A,"$70,000 to $79,999",400
N9A,"$80,000 to $89,999",250
N9A,"$90,000 to $99,999",190
N9A,"$100,000 to $149,999",410
N9A,"$150,000 to $249,999",130
N9A,"$250,000 and over",40
N9B,"Under $5,000",4750
N9B,"$5,000 to $9,999",1750
N9B,"$10,000 to $14,999",2050
N9B,"$15,000 to $19,999",1760
N9B,"$20,000 to $24,999",1410
N9B,"$25,000 to $29,999",950
N9B,"$30,000 to $34,999",810
N9B,"$35,000 to $39,999",750
N9B,"$40,000 to $44,999",620
N9B,"$45,000 to $49,999",590
N9B,"$50,000 to $54,999",500
N9B,"$55,000 to $59,999",320
N9B,"$60,000 to $69,999",490
N9B,"$70,000 to $79,999",350
N9B,"$80,000 to $89,999",250
N9B,"$90,000 to $99,999",190
N9B,"$100,000 to $149,999",390
N9B,"$150,000 to $249,999",200
N9B,"$250,000 and over",20
N9C,"Under $5,000",2120
N9C,"$5,000 to $9,999",960
N9C,"$10,000 to $14,999",1250
N9C,"$15,000 to $19,999",1100
N9C,"$20,000 to $24,999",940
N9C,"$25,000 to $29,999",610
N9C,"$30,000 to $34,999",610
N9C,"$35,000 to $39,999",520
N9C,"$40,000 to $44,999",520
N9C,"$45,000 to $49,999",390
N9C,"$50,000 to $54,999",320
N9C,"$55,000 to $59,999",250
N9C,"$60,000 to $69,999",330
N9C,"$70,000 to $79,999",230
N9C,"$80,000 to $89,999",130
N9C,"$90,000 to $99,999",100
N9C,"$100,000 to $149,999",180
N9C,"$150,000 to $249,999",30
N9C,"$250,000 and over",10
N9E,"Under $5,000",2130
N9E,"$5,000 to $9,999",1020
N9E,"$10,000 to $14,999",1240
N9E,"$15,000 to $19,999",1170
N9E,"$20,000 to $24,999",1020
N9E,"$25,000 to $29,999",830
N9E,"$30,000 to $34,999",820
N9E,"$35,000 to $39,999",870
N9E,"$40,000 to $44,999",810
N9E,"$45,000 to $49,999",900
N9E,"$50,000 to $54,999",700
N9E,"$55,000 to $59,999",620
N9E,"$60,000 to $69,999",1170
N9E,"$70,000 to $79,999",920
N9E,"$80,000 to $89,999",720
N9E,"$90,000 to $99,999",580
N9E,"$100,000 to $149,999",1300
N9E,"$150,000 to $249,999",580
N9E,"$250,000 and over",190
N9G,"Under $5,000",2130
N9G,"$5,000 to $9,999",1030
N9G,"$10,000 to $14,999",1230
N9G,"$15,000 to $19,999",1110
N9G,"$20,000 to $24,999",970
N9G,"$25,000 to $29,999",730
N9G,"$30,000 to $34,999",750
N9G,"$35,000 to $39,999",720
N9G,"$40,000 to $44,999",780
N9G,"$45,000 to $49,999",690
N9G,"$50,000 to $54,999",610
N9G,"$55,000 to $59,999",520
N9G,"$60,000 to $69,999",900
N9G,"$70,000 to $79,999",840
N9G,"$80,000 to $89,999",630
N9G,"$90,000 to $99,999",540
N9G,"$100,000 to $149,999",1330
N9G,"$150,000 to $249,999",630
N9G,"$250,000 and over",160
N9H,"Under $5,000",740
N9H,"$5,000 to $9,999",450
N9H,"$10,000 to $14,999",560
N9H,"$15,000 to $19,999",630
N9H,"$20,000 to $24,999",630
N9H,"$25,000 to $29,999",450
N9H,"$30,000 to $34,999",470
N9H,"$35,000 to $39,999",500
N9H,"$40,000 to $44,999",480
N9H,"$45,000 to $49,999",530
N9H,"$50,000 to $54,999",410
N9H,"$55,000 to $59,999",350
N9H,"$60,000 to $69,999",640
N9H,"$70,000 to $79,999",560
N9H,"$80,000 to $89,999",460
N9H,"$90,000 to $99,999",390
N9H,"$100,000 to $149,999",990
N9H,"$150,000 to $249,999",520
N9H,"$250,000 and over",220
N9J,"Under $5,000",1020
N9J,"$5,000 to $9,999",730
N9J,"$10,000 to $14,999",910
N9J,"$15,000 to $19,999",900
N9J,"$20,000 to $24,999",880
N9J,"$25,000 to $29,999",670
N9J,"$30,000 to $34,999",700
N9J,"$35,000 to $39,999",810
N9J,"$40,000 to $44,999",910
N9J,"$45,000 to $49,999",930
N9J,"$50,000 to $54,999",760
N9J,"$55,000 to $59,999",640
N9J,"$60,000 to $69,999",1110
N9J,"$70,000 to $79,999",1010
N9J,"$80,000 to $89,999",800
N9J,"$90,000 to $99,999",710
N9J,"$100,000 to $149,999",1620
N9J,"$150,000 to $249,999",740
N9J,"$250,000 and over",270
N9K,"Under $5,000",180
N9K,"$5,000 to $9,999",120
N9K,"$10,000 to $14,999",160
N9K,"$15,000 to $19,999",130
N9K,"$20,000 to $24,999",110
N9K,"$25,000 to $29,999",90
N9K,"$30,000 to $34,999",90
N9K,"$35,000 to $39,999",90
N9K,"$40,000 to $44,999",100
N9K,"$45,000 to $49,999",110
N9K,"$50,000 to $54,999",90
N9K,"$55,000 to $59,999",80
N9K,"$60,000 to $69,999",120
N9K,"$70,000 to $79,999",150
N9K,"$80,000 to $89,999",90
N9K,"$90,000 to $99,999",120
N9K,"$100,000 to $149,999",240
N9K,"$150,000 to $249,999",100
N9K,"$250,000 and over",20
N9V,"Under $5,000",900
N9V,"$5,000 to $9,999",680
N9V,"$10,000 to $14,999",1070
N9V,"$15,000 to $19,999",1070
N9V,"$20,000 to $24,999",1200
N9V,"$25,000 to $29,999",910
N9V,"$30,000 to $34,999",930
N9V,"$35,000 to $39,999",1000
N9V,"$40,000 to $44,999",1040
N9V,"$45,000 to $49,999",1020
N9V,"$50,000 to $54,999",860
N9V,"$55,000 to $59,999",680
N9V,"$60,000 to $69,999",1210
N9V,"$70,000 to $79,999",1010
N9V,"$80,000 to $89,999",780
N9V,"$90,000 to $99,999",700
N9V,"$100,000 to $149,999",1340
N9V,"$150,000 to $249,999",400
N9V,"$250,000 and over",170
N9Y,"Under $5,000",690
N9Y,"$5,000 to $9,999",560
N9Y,"$10,000 to $14,999",710
N9Y,"$15,000 to $19,999",760
N9Y,"$20,000 to $24,999",940
N9Y,"$25,000 to $29,999",670
N9Y,"$30,000 to $34,999",780
N9Y,"$35,000 to $39,999",830
N9Y,"$40,000 to $44,999",750
N9Y,"$45,000 to $49,999",760
N9Y,"$50,000 to $54,999",570
N9Y,"$55,000 to $59,999",510
N9Y,"$60,000 to $69,999",870
N9Y,"$70,000 to $79,999",740
N9Y,"$80,000 to $89,999",530
N9Y,"$90,000 to $99,999",410
N9Y,"$100,000 to $149,999",810
N9Y,"$150,000 to $249,999",290
N9Y,"$250,000 and over",150
P0A,"Under $5,000",910
P0A,"$5,000 to $9,999",700
P0A,"$10,000 to $14,999",1210
P0A,"$15,000 to $19,999",1430
P0A,"$20,000 to $24,999",1530
P0A,"$25,000 to $29,999",960
P0A,"$30,000 to $34,999",930
P0A,"$35,000 to $39,999",930
P0A,"$40,000 to $44,999",830
P0A,"$45,000 to $49,999",790
P0A,"$50,000 to $54,999",600
P0A,"$55,000 to $59,999",500
P0A,"$60,000 to $69,999",820
P0A,"$70,000 to $79,999",580
P0A,"$80,000 to $89,999",390
P0A,"$90,000 to $99,999",260
P0A,"$100,000 to $149,999",480
P0A,"$150,000 to $249,999",180
P0A,"$250,000 and over",70
P0B,"Under $5,000",430
P0B,"$5,000 to $9,999",350
P0B,"$10,000 to $14,999",470
P0B,"$15,000 to $19,999",560
P0B,"$20,000 to $24,999",580
P0B,"$25,000 to $29,999",420
P0B,"$30,000 to $34,999",440
P0B,"$35,000 to $39,999",440
P0B,"$40,000 to $44,999",460
P0B,"$45,000 to $49,999",440
P0B,"$50,000 to $54,999",380
P0B,"$55,000 to $59,999",320
P0B,"$60,000 to $69,999",510
P0B,"$70,000 to $79,999",390
P0B,"$80,000 to $89,999",280
P0B,"$90,000 to $99,999",200
P0B,"$100,000 to $149,999",400
P0B,"$150,000 to $249,999",160
P0B,"$250,000 and over",100
P0C,"Under $5,000",250
P0C,"$5,000 to $9,999",170
P0C,"$10,000 to $14,999",250
P0C,"$15,000 to $19,999",280
P0C,"$20,000 to $24,999",270
P0C,"$25,000 to $29,999",220
P0C,"$30,000 to $34,999",160
P0C,"$35,000 to $39,999",190
P0C,"$40,000 to $44,999",180
P0C,"$45,000 to $49,999",170
P0C,"$50,000 to $54,999",150
P0C,"$55,000 to $59,999",140
P0C,"$60,000 to $69,999",200
P0C,"$70,000 to $79,999",160
P0C,"$80,000 to $89,999",120
P0C,"$90,000 to $99,999",70
P0C,"$100,000 to $149,999",140
P0C,"$150,000 to $249,999",60
P0C,"$250,000 and over",40
P0E,"Under $5,000",180
P0E,"$5,000 to $9,999",140
P0E,"$10,000 to $14,999",220
P0E,"$15,000 to $19,999",210
P0E,"$20,000 to $24,999",240
P0E,"$25,000 to $29,999",180
P0E,"$30,000 to $34,999",150
P0E,"$35,000 to $39,999",160
P0E,"$40,000 to $44,999",180
P0E,"$45,000 to $49,999",140
P0E,"$50,000 to $54,999",100
P0E,"$55,000 to $59,999",110
P0E,"$60,000 to $69,999",160
P0E,"$70,000 to $79,999",120
P0E,"$80,000 to $89,999",110
P0E,"$90,000 to $99,999",80
P0E,"$100,000 to $149,999",150
P0E,"$150,000 to $249,999",50
P0E,"$250,000 and over",30
P0G,"Under $5,000",240
P0G,"$5,000 to $9,999",130
P0G,"$10,000 to $14,999",190
P0G,"$15,000 to $19,999",240
P0G,"$20,000 to $24,999",230
P0G,"$25,000 to $29,999",160
P0G,"$30,000 to $34,999",180
P0G,"$35,000 to $39,999",170
P0G,"$40,000 to $44,999",170
P0G,"$45,000 to $49,999",140
P0G,"$50,000 to $54,999",140
P0G,"$55,000 to $59,999",110
P0G,"$60,000 to $69,999",160
P0G,"$70,000 to $79,999",110
P0G,"$80,000 to $89,999",70
P0G,"$90,000 to $99,999",70
P0G,"$100,000 to $149,999",130
P0G,"$150,000 to $249,999",60
P0G,"$250,000 and over",20
P0H,"Under $5,000",1810
P0H,"$5,000 to $9,999",1250
P0H,"$10,000 to $14,999",2090
P0H,"$15,000 to $19,999",2340
P0H,"$20,000 to $24,999",2360
P0H,"$25,000 to $29,999",1500
P0H,"$30,000 to $34,999",1510
P0H,"$35,000 to $39,999",1570
P0H,"$40,000 to $44,999",1500
P0H,"$45,000 to $49,999",1410
P0H,"$50,000 to $54,999",1160
P0H,"$55,000 to $59,999",990
P0H,"$60,000 to $69,999",1820
P0H,"$70,000 to $79,999",1310
P0H,"$80,000 to $89,999",900
P0H,"$90,000 to $99,999",750
P0H,"$100,000 to $149,999",1420
P0H,"$150,000 to $249,999",450
P0H,"$250,000 and over",110
P0J,"Under $5,000",1100
P0J,"$5,000 to $9,999",780
P0J,"$10,000 to $14,999",1510
P0J,"$15,000 to $19,999",1590
P0J,"$20,000 to $24,999",1660
P0J,"$25,000 to $29,999",1060
P0J,"$30,000 to $34,999",960
P0J,"$35,000 to $39,999",890
P0J,"$40,000 to $44,999",870
P0J,"$45,000 to $49,999",840
P0J,"$50,000 to $54,999",690
P0J,"$55,000 to $59,999",560
P0J,"$60,000 to $69,999",1000
P0J,"$70,000 to $79,999",830
P0J,"$80,000 to $89,999",570
P0J,"$90,000 to $99,999",450
P0J,"$100,000 to $149,999",1100
P0J,"$150,000 to $249,999",290
P0J,"$250,000 and over",80
P0K,"Under $5,000",590
P0K,"$5,000 to $9,999",410
P0K,"$10,000 to $14,999",730
P0K,"$15,000 to $19,999",750
P0K,"$20,000 to $24,999",850
P0K,"$25,000 to $29,999",480
P0K,"$30,000 to $34,999",480
P0K,"$35,000 to $39,999",490
P0K,"$40,000 to $44,999",500
P0K,"$45,000 to $49,999",490
P0K,"$50,000 to $54,999",370
P0K,"$55,000 to $59,999",330
P0K,"$60,000 to $69,999",510
P0K,"$70,000 to $79,999",410
P0K,"$80,000 to $89,999",310
P0K,"$90,000 to $99,999",300
P0K,"$100,000 to $149,999",830
P0K,"$150,000 to $249,999",150
P0K,"$250,000 and over",30
P0L,"Under $5,000",3410
P0L,"$5,000 to $9,999",940
P0L,"$10,000 to $14,999",1500
P0L,"$15,000 to $19,999",1510
P0L,"$20,000 to $24,999",1530
P0L,"$25,000 to $29,999",910
P0L,"$30,000 to $34,999",790
P0L,"$35,000 to $39,999",810
P0L,"$40,000 to $44,999",790
P0L,"$45,000 to $49,999",720
P0L,"$50,000 to $54,999",650
P0L,"$55,000 to $59,999",570
P0L,"$60,000 to $69,999",1080
P0L,"$70,000 to $79,999",790
P0L,"$80,000 to $89,999",630
P0L,"$90,000 to $99,999",510
P0L,"$100,000 to $149,999",1040
P0L,"$150,000 to $249,999",210
P0L,"$250,000 and over",70
P0M,"Under $5,000",2450
P0M,"$5,000 to $9,999",1630
P0M,"$10,000 to $14,999",2720
P0M,"$15,000 to $19,999",2850
P0M,"$20,000 to $24,999",3230
P0M,"$25,000 to $29,999",2140
P0M,"$30,000 to $34,999",2220
P0M,"$35,000 to $39,999",2470
P0M,"$40,000 to $44,999",2300
P0M,"$45,000 to $49,999",2200
P0M,"$50,000 to $54,999",1940
P0M,"$55,000 to $59,999",1720
P0M,"$60,000 to $69,999",2800
P0M,"$70,000 to $79,999",2120
P0M,"$80,000 to $89,999",1600
P0M,"$90,000 to $99,999",1430
P0M,"$100,000 to $149,999",3330
P0M,"$150,000 to $249,999",860
P0M,"$250,000 and over",150
P0N,"Under $5,000",460
P0N,"$5,000 to $9,999",350
P0N,"$10,000 to $14,999",570
P0N,"$15,000 to $19,999",510
P0N,"$20,000 to $24,999",540
P0N,"$25,000 to $29,999",400
P0N,"$30,000 to $34,999",370
P0N,"$35,000 to $39,999",360
P0N,"$40,000 to $44,999",360
P0N,"$45,000 to $49,999",350
P0N,"$50,000 to $54,999",310
P0N,"$55,000 to $59,999",320
P0N,"$60,000 to $69,999",480
P0N,"$70,000 to $79,999",350
P0N,"$80,000 to $89,999",320
P0N,"$90,000 to $99,999",280
P0N,"$100,000 to $149,999",820
P0N,"$150,000 to $249,999",170
P0N,"$250,000 and over",30
P0P,"Under $5,000",2710
P0P,"$5,000 to $9,999",940
P0P,"$10,000 to $14,999",1390
P0P,"$15,000 to $19,999",1460
P0P,"$20,000 to $24,999",1380
P0P,"$25,000 to $29,999",840
P0P,"$30,000 to $34,999",760
P0P,"$35,000 to $39,999",800
P0P,"$40,000 to $44,999",740
P0P,"$45,000 to $49,999",670
P0P,"$50,000 to $54,999",510
P0P,"$55,000 to $59,999",420
P0P,"$60,000 to $69,999",660
P0P,"$70,000 to $79,999",550
P0P,"$80,000 to $89,999",370
P0P,"$90,000 to $99,999",320
P0P,"$100,000 to $149,999",540
P0P,"$150,000 to $249,999",160
P0P,"$250,000 and over",30
P0R,"Under $5,000",880
P0R,"$5,000 to $9,999",560
P0R,"$10,000 to $14,999",890
P0R,"$15,000 to $19,999",990
P0R,"$20,000 to $24,999",1040
P0R,"$25,000 to $29,999",650
P0R,"$30,000 to $34,999",590
P0R,"$35,000 to $39,999",620
P0R,"$40,000 to $44,999",550
P0R,"$45,000 to $49,999",510
P0R,"$50,000 to $54,999",420
P0R,"$55,000 to $59,999",390
P0R,"$60,000 to $69,999",560
P0R,"$70,000 to $79,999",420
P0R,"$80,000 to $89,999",350
P0R,"$90,000 to $99,999",260
P0R,"$100,000 to $149,999",580
P0R,"$150,000 to $249,999",140
P0R,"$250,000 and over",50
P0S,"Under $5,000",560
P0S,"$5,000 to $9,999",400
P0S,"$10,000 to $14,999",560
P0S,"$15,000 to $19,999",660
P0S,"$20,000 to $24,999",650
P0S,"$25,000 to $29,999",430
P0S,"$30,000 to $34,999",470
P0S,"$35,000 to $39,999",460
P0S,"$40,000 to $44,999",450
P0S,"$45,000 to $49,999",430
P0S,"$50,000 to $54,999",340
P0S,"$55,000 to $59,999",300
P0S,"$60,000 to $69,999",520
P0S,"$70,000 to $79,999",450
P0S,"$80,000 to $89,999",380
P0S,"$90,000 to $99,999",300
P0S,"$100,000 to $149,999",650
P0S,"$150,000 to $249,999",100
P0S,"$250,000 and over",30
P0T,"Under $5,000",3130
P0T,"$5,000 to $9,999",1310
P0T,"$10,000 to $14,999",2000
P0T,"$15,000 to $19,999",1830
P0T,"$20,000 to $24,999",1940
P0T,"$25,000 to $29,999",1310
P0T,"$30,000 to $34,999",1220
P0T,"$35,000 to $39,999",1280
P0T,"$40,000 to $44,999",1240
P0T,"$45,000 to $49,999",1210
P0T,"$50,000 to $54,999",950
P0T,"$55,000 to $59,999",890
P0T,"$60,000 to $69,999",1450
P0T,"$70,000 to $79,999",1220
P0T,"$80,000 to $89,999",930
P0T,"$90,000 to $99,999",730
P0T,"$100,000 to $149,999",1690
P0T,"$150,000 to $249,999",490
P0T,"$250,000 and over",140
P0V,"Under $5,000",6620
P0V,"$5,000 to $9,999",940
P0V,"$10,000 to $14,999",1120
P0V,"$15,000 to $19,999",950
P0V,"$20,000 to $24,999",610
P0V,"$25,000 to $29,999",390
P0V,"$30,000 to $34,999",360
P0V,"$35,000 to $39,999",340
P0V,"$40,000 to $44,999",340
P0V,"$45,000 to $49,999",350
P0V,"$50,000 to $54,999",290
P0V,"$55,000 to $59,999",290
P0V,"$60,000 to $69,999",470
P0V,"$70,000 to $79,999",380
P0V,"$80,000 to $89,999",290
P0V,"$90,000 to $99,999",260
P0V,"$100,000 to $149,999",730
P0V,"$150,000 to $249,999",220
P0V,"$250,000 and over",50
P0W,"Under $5,000",690
P0W,"$5,000 to $9,999",300
P0W,"$10,000 to $14,999",330
P0W,"$15,000 to $19,999",420
P0W,"$20,000 to $24,999",390
P0W,"$25,000 to $29,999",250
P0W,"$30,000 to $34,999",240
P0W,"$35,000 to $39,999",250
P0W,"$40,000 to $44,999",220
P0W,"$45,000 to $49,999",230
P0W,"$50,000 to $54,999",190
P0W,"$55,000 to $59,999",160
P0W,"$60,000 to $69,999",300
P0W,"$70,000 to $79,999",250
P0W,"$80,000 to $89,999",180
P0W,"$90,000 to $99,999",160
P0W,"$100,000 to $149,999",290
P0W,"$150,000 to $249,999",80
P0W,"$250,000 and over",30
P0X,"Under $5,000",1380
P0X,"$5,000 to $9,999",280
P0X,"$10,000 to $14,999",360
P0X,"$15,000 to $19,999",390
P0X,"$20,000 to $24,999",320
P0X,"$25,000 to $29,999",220
P0X,"$30,000 to $34,999",210
P0X,"$35,000 to $39,999",230
P0X,"$40,000 to $44,999",260
P0X,"$45,000 to $49,999",270
P0X,"$50,000 to $54,999",200
P0X,"$55,000 to $59,999",190
P0X,"$60,000 to $69,999",350
P0X,"$70,000 to $79,999",250
P0X,"$80,000 to $89,999",200
P0X,"$90,000 to $99,999",130
P0X,"$100,000 to $149,999",310
P0X,"$150,000 to $249,999",80
P0X,"$250,000 and over",30
P0Y,"Under $5,000",0
P0Y,"$5,000 to $9,999",0
P0Y,"$10,000 to $14,999",10
P0Y,"$15,000 to $19,999",0
P0Y,"$20,000 to $24,999",0
P0Y,"$25,000 to $29,999",10
P0Y,"$30,000 to $34,999",10
P0Y,"$35,000 to $39,999",10
P0Y,"$40,000 to $44,999",10
P0Y,"$45,000 to $49,999",0
P0Y,"$50,000 to $54,999",0
P0Y,"$55,000 to $59,999",0
P0Y,"$60,000 to $69,999",10
P0Y,"$70,000 to $79,999",0
P0Y,"$80,000 to $89,999",0
P0Y,"$90,000 to $99,999",0
P0Y,"$100,000 to $149,999",0
P0Y,"$150,000 to $249,999",0
P0Y,"$250,000 and over",0
P1A,"Under $5,000",810
P1A,"$5,000 to $9,999",670
P1A,"$10,000 to $14,999",1160
P1A,"$15,000 to $19,999",1080
P1A,"$20,000 to $24,999",1140
P1A,"$25,000 to $29,999",800
P1A,"$30,000 to $34,999",770
P1A,"$35,000 to $39,999",810
P1A,"$40,000 to $44,999",790
P1A,"$45,000 to $49,999",780
P1A,"$50,000 to $54,999",640
P1A,"$55,000 to $59,999",520
P1A,"$60,000 to $69,999",920
P1A,"$70,000 to $79,999",720
P1A,"$80,000 to $89,999",460
P1A,"$90,000 to $99,999",430
P1A,"$100,000 to $149,999",690
P1A,"$150,000 to $249,999",170
P1A,"$250,000 and over",70
P1B,"Under $5,000",1810
P1B,"$5,000 to $9,999",1430
P1B,"$10,000 to $14,999",2380
P1B,"$15,000 to $19,999",2570
P1B,"$20,000 to $24,999",2510
P1B,"$25,000 to $29,999",1660
P1B,"$30,000 to $34,999",1620
P1B,"$35,000 to $39,999",1500
P1B,"$40,000 to $44,999",1450
P1B,"$45,000 to $49,999",1390
P1B,"$50,000 to $54,999",1150
P1B,"$55,000 to $59,999",940
P1B,"$60,000 to $69,999",1600
P1B,"$70,000 to $79,999",1230
P1B,"$80,000 to $89,999",900
P1B,"$90,000 to $99,999",700
P1B,"$100,000 to $149,999",1270
P1B,"$150,000 to $249,999",400
P1B,"$250,000 and over",130
P1C,"Under $5,000",170
P1C,"$5,000 to $9,999",130
P1C,"$10,000 to $14,999",160
P1C,"$15,000 to $19,999",130
P1C,"$20,000 to $24,999",90
P1C,"$25,000 to $29,999",90
P1C,"$30,000 to $34,999",80
P1C,"$35,000 to $39,999",120
P1C,"$40,000 to $44,999",80
P1C,"$45,000 to $49,999",130
P1C,"$50,000 to $54,999",100
P1C,"$55,000 to $59,999",90
P1C,"$60,000 to $69,999",180
P1C,"$70,000 to $79,999",200
P1C,"$80,000 to $89,999",180
P1C,"$90,000 to $99,999",150
P1C,"$100,000 to $149,999",390
P1C,"$150,000 to $249,999",170
P1C,"$250,000 and over",100
P1H,"Under $5,000",770
P1H,"$5,000 to $9,999",740
P1H,"$10,000 to $14,999",1030
P1H,"$15,000 to $19,999",1050
P1H,"$20,000 to $24,999",1280
P1H,"$25,000 to $29,999",890
P1H,"$30,000 to $34,999",940
P1H,"$35,000 to $39,999",840
P1H,"$40,000 to $44,999",870
P1H,"$45,000 to $49,999",800
P1H,"$50,000 to $54,999",610
P1H,"$55,000 to $59,999",590
P1H,"$60,000 to $69,999",950
P1H,"$70,000 to $79,999",710
P1H,"$80,000 to $89,999",510
P1H,"$90,000 to $99,999",420
P1H,"$100,000 to $149,999",780
P1H,"$150,000 to $249,999",330
P1H,"$250,000 and over",130
P1L,"Under $5,000",720
P1L,"$5,000 to $9,999",700
P1L,"$10,000 to $14,999",940
P1L,"$15,000 to $19,999",1050
P1L,"$20,000 to $24,999",1190
P1L,"$25,000 to $29,999",860
P1L,"$30,000 to $34,999",830
P1L,"$35,000 to $39,999",890
P1L,"$40,000 to $44,999",820
P1L,"$45,000 to $49,999",860
P1L,"$50,000 to $54,999",670
P1L,"$55,000 to $59,999",610
P1L,"$60,000 to $69,999",980
P1L,"$70,000 to $79,999",760
P1L,"$80,000 to $89,999",540
P1L,"$90,000 to $99,999",440
P1L,"$100,000 to $149,999",880
P1L,"$150,000 to $249,999",310
P1L,"$250,000 and over",110
P1P,"Under $5,000",500
P1P,"$5,000 to $9,999",440
P1P,"$10,000 to $14,999",650
P1P,"$15,000 to $19,999",690
P1P,"$20,000 to $24,999",830
P1P,"$25,000 to $29,999",520
P1P,"$30,000 to $34,999",500
P1P,"$35,000 to $39,999",530
P1P,"$40,000 to $44,999",490
P1P,"$45,000 to $49,999",440
P1P,"$50,000 to $54,999",380
P1P,"$55,000 to $59,999",300
P1P,"$60,000 to $69,999",510
P1P,"$70,000 to $79,999",340
P1P,"$80,000 to $89,999",280
P1P,"$90,000 to $99,999",190
P1P,"$100,000 to $149,999",340
P1P,"$150,000 to $249,999",120
P1P,"$250,000 and over",60
P2A,"Under $5,000",650
P2A,"$5,000 to $9,999",510
P2A,"$10,000 to $14,999",880
P2A,"$15,000 to $19,999",970
P2A,"$20,000 to $24,999",1050
P2A,"$25,000 to $29,999",760
P2A,"$30,000 to $34,999",710
P2A,"$35,000 to $39,999",710
P2A,"$40,000 to $44,999",660
P2A,"$45,000 to $49,999",680
P2A,"$50,000 to $54,999",550
P2A,"$55,000 to $59,999",430
P2A,"$60,000 to $69,999",720
P2A,"$70,000 to $79,999",540
P2A,"$80,000 to $89,999",320
P2A,"$90,000 to $99,999",310
P2A,"$100,000 to $149,999",490
P2A,"$150,000 to $249,999",180
P2A,"$250,000 and over",80
P2B,"Under $5,000",550
P2B,"$5,000 to $9,999",380
P2B,"$10,000 to $14,999",740
P2B,"$15,000 to $19,999",880
P2B,"$20,000 to $24,999",850
P2B,"$25,000 to $29,999",490
P2B,"$30,000 to $34,999",460
P2B,"$35,000 to $39,999",430
P2B,"$40,000 to $44,999",450
P2B,"$45,000 to $49,999",430
P2B,"$50,000 to $54,999",330
P2B,"$55,000 to $59,999",260
P2B,"$60,000 to $69,999",420
P2B,"$70,000 to $79,999",330
P2B,"$80,000 to $89,999",230
P2B,"$90,000 to $99,999",210
P2B,"$100,000 to $149,999",410
P2B,"$150,000 to $249,999",120
P2B,"$250,000 and over",20
P2N,"Under $5,000",370
P2N,"$5,000 to $9,999",290
P2N,"$10,000 to $14,999",520
P2N,"$15,000 to $19,999",540
P2N,"$20,000 to $24,999",520
P2N,"$25,000 to $29,999",310
P2N,"$30,000 to $34,999",310
P2N,"$35,000 to $39,999",280
P2N,"$40,000 to $44,999",280
P2N,"$45,000 to $49,999",260
P2N,"$50,000 to $54,999",200
P2N,"$55,000 to $59,999",170
P2N,"$60,000 to $69,999",290
P2N,"$70,000 to $79,999",230
P2N,"$80,000 to $89,999",190
P2N,"$90,000 to $99,999",190
P2N,"$100,000 to $149,999",460
P2N,"$150,000 to $249,999",100
P2N,"$250,000 and over",40
P3A,"Under $5,000",1280
P3A,"$5,000 to $9,999",1040
P3A,"$10,000 to $14,999",1400
P3A,"$15,000 to $19,999",1400
P3A,"$20,000 to $24,999",1500
P3A,"$25,000 to $29,999",1100
P3A,"$30,000 to $34,999",1060
P3A,"$35,000 to $39,999",1210
P3A,"$40,000 to $44,999",1150
P3A,"$45,000 to $49,999",1140
P3A,"$50,000 to $54,999",950
P3A,"$55,000 to $59,999",830
P3A,"$60,000 to $69,999",1400
P3A,"$70,000 to $79,999",1140
P3A,"$80,000 to $89,999",830
P3A,"$90,000 to $99,999",680
P3A,"$100,000 to $149,999",1430
P3A,"$150,000 to $249,999",410
P3A,"$250,000 and over",110
P3B,"Under $5,000",810
P3B,"$5,000 to $9,999",810
P3B,"$10,000 to $14,999",1160
P3B,"$15,000 to $19,999",1050
P3B,"$20,000 to $24,999",1050
P3B,"$25,000 to $29,999",740
P3B,"$30,000 to $34,999",710
P3B,"$35,000 to $39,999",680
P3B,"$40,000 to $44,999",710
P3B,"$45,000 to $49,999",660
P3B,"$50,000 to $54,999",570
P3B,"$55,000 to $59,999",480
P3B,"$60,000 to $69,999",750
P3B,"$70,000 to $79,999",530
P3B,"$80,000 to $89,999",440
P3B,"$90,000 to $99,999",410
P3B,"$100,000 to $149,999",760
P3B,"$150,000 to $249,999",240
P3B,"$250,000 and over",80
P3C,"Under $5,000",1160
P3C,"$5,000 to $9,999",900
P3C,"$10,000 to $14,999",1490
P3C,"$15,000 to $19,999",1380
P3C,"$20,000 to $24,999",1300
P3C,"$25,000 to $29,999",890
P3C,"$30,000 to $34,999",800
P3C,"$35,000 to $39,999",820
P3C,"$40,000 to $44,999",690
P3C,"$45,000 to $49,999",650
P3C,"$50,000 to $54,999",520
P3C,"$55,000 to $59,999",430
P3C,"$60,000 to $69,999",670
P3C,"$70,000 to $79,999",420
P3C,"$80,000 to $89,999",300
P3C,"$90,000 to $99,999",220
P3C,"$100,000 to $149,999",390
P3C,"$150,000 to $249,999",80
P3C,"$250,000 and over",30
P3E,"Under $5,000",1340
P3E,"$5,000 to $9,999",990
P3E,"$10,000 to $14,999",1470
P3E,"$15,000 to $19,999",1520
P3E,"$20,000 to $24,999",1570
P3E,"$25,000 to $29,999",1070
P3E,"$30,000 to $34,999",1040
P3E,"$35,000 to $39,999",1110
P3E,"$40,000 to $44,999",1060
P3E,"$45,000 to $49,999",1140
P3E,"$50,000 to $54,999",950
P3E,"$55,000 to $59,999",870
P3E,"$60,000 to $69,999",1450
P3E,"$70,000 to $79,999",1320
P3E,"$80,000 to $89,999",1020
P3E,"$90,000 to $99,999",960
P3E,"$100,000 to $149,999",2300
P3E,"$150,000 to $249,999",1080
P3E,"$250,000 and over",460
P3G,"Under $5,000",140
P3G,"$5,000 to $9,999",130
P3G,"$10,000 to $14,999",160
P3G,"$15,000 to $19,999",200
P3G,"$20,000 to $24,999",180
P3G,"$25,000 to $29,999",110
P3G,"$30,000 to $34,999",150
P3G,"$35,000 to $39,999",150
P3G,"$40,000 to $44,999",180
P3G,"$45,000 to $49,999",170
P3G,"$50,000 to $54,999",130
P3G,"$55,000 to $59,999",140
P3G,"$60,000 to $69,999",230
P3G,"$70,000 to $79,999",230
P3G,"$80,000 to $89,999",170
P3G,"$90,000 to $99,999",170
P3G,"$100,000 to $149,999",420
P3G,"$150,000 to $249,999",200
P3G,"$250,000 and over",100
P3L,"Under $5,000",330
P3L,"$5,000 to $9,999",280
P3L,"$10,000 to $14,999",370
P3L,"$15,000 to $19,999",390
P3L,"$20,000 to $24,999",420
P3L,"$25,000 to $29,999",280
P3L,"$30,000 to $34,999",280
P3L,"$35,000 to $39,999",350
P3L,"$40,000 to $44,999",340
P3L,"$45,000 to $49,999",340
P3L,"$50,000 to $54,999",330
P3L,"$55,000 to $59,999",290
P3L,"$60,000 to $69,999",530
P3L,"$70,000 to $79,999",400
P3L,"$80,000 to $89,999",330
P3L,"$90,000 to $99,999",280
P3L,"$100,000 to $149,999",610
P3L,"$150,000 to $249,999",160
P3L,"$250,000 and over",40
P3N,"Under $5,000",280
P3N,"$5,000 to $9,999",220
P3N,"$10,000 to $14,999",380
P3N,"$15,000 to $19,999",410
P3N,"$20,000 to $24,999",470
P3N,"$25,000 to $29,999",300
P3N,"$30,000 to $34,999",310
P3N,"$35,000 to $39,999",410
P3N,"$40,000 to $44,999",380
P3N,"$45,000 to $49,999",390
P3N,"$50,000 to $54,999",340
P3N,"$55,000 to $59,999",270
P3N,"$60,000 to $69,999",470
P3N,"$70,000 to $79,999",370
P3N,"$80,000 to $89,999",290
P3N,"$90,000 to $99,999",260
P3N,"$100,000 to $149,999",660
P3N,"$150,000 to $249,999",190
P3N,"$250,000 and over",20
P3P,"Under $5,000",610
P3P,"$5,000 to $9,999",510
P3P,"$10,000 to $14,999",740
P3P,"$15,000 to $19,999",750
P3P,"$20,000 to $24,999",820
P3P,"$25,000 to $29,999",570
P3P,"$30,000 to $34,999",560
P3P,"$35,000 to $39,999",700
P3P,"$40,000 to $44,999",630
P3P,"$45,000 to $49,999",660
P3P,"$50,000 to $54,999",590
P3P,"$55,000 to $59,999",550
P3P,"$60,000 to $69,999",920
P3P,"$70,000 to $79,999",750
P3P,"$80,000 to $89,999",560
P3P,"$90,000 to $99,999",560
P3P,"$100,000 to $149,999",1350
P3P,"$150,000 to $249,999",320
P3P,"$250,000 and over",60
P3Y,"Under $5,000",280
P3Y,"$5,000 to $9,999",210
P3Y,"$10,000 to $14,999",300
P3Y,"$15,000 to $19,999",290
P3Y,"$20,000 to $24,999",360
P3Y,"$25,000 to $29,999",260
P3Y,"$30,000 to $34,999",260
P3Y,"$35,000 to $39,999",320
P3Y,"$40,000 to $44,999",360
P3Y,"$45,000 to $49,999",370
P3Y,"$50,000 to $54,999",280
P3Y,"$55,000 to $59,999",260
P3Y,"$60,000 to $69,999",460
P3Y,"$70,000 to $79,999",410
P3Y,"$80,000 to $89,999",340
P3Y,"$90,000 to $99,999",310
P3Y,"$100,000 to $149,999",730
P3Y,"$150,000 to $249,999",240
P3Y,"$250,000 and over",60
P4N,"Under $5,000",1430
P4N,"$5,000 to $9,999",1020
P4N,"$10,000 to $14,999",1800
P4N,"$15,000 to $19,999",1630
P4N,"$20,000 to $24,999",1940
P4N,"$25,000 to $29,999",1200
P4N,"$30,000 to $34,999",1110
P4N,"$35,000 to $39,999",1060
P4N,"$40,000 to $44,999",1050
P4N,"$45,000 to $49,999",900
P4N,"$50,000 to $54,999",820
P4N,"$55,000 to $59,999",770
P4N,"$60,000 to $69,999",1230
P4N,"$70,000 to $79,999",970
P4N,"$80,000 to $89,999",720
P4N,"$90,000 to $99,999",640
P4N,"$100,000 to $149,999",1610
P4N,"$150,000 to $249,999",420
P4N,"$250,000 and over",130
P4P,"Under $5,000",150
P4P,"$5,000 to $9,999",130
P4P,"$10,000 to $14,999",200
P4P,"$15,000 to $19,999",150
P4P,"$20,000 to $24,999",170
P4P,"$25,000 to $29,999",120
P4P,"$30,000 to $34,999",110
P4P,"$35,000 to $39,999",110
P4P,"$40,000 to $44,999",120
P4P,"$45,000 to $49,999",130
P4P,"$50,000 to $54,999",110
P4P,"$55,000 to $59,999",90
P4P,"$60,000 to $69,999",160
P4P,"$70,000 to $79,999",130
P4P,"$80,000 to $89,999",100
P4P,"$90,000 to $99,999",130
P4P,"$100,000 to $149,999",350
P4P,"$150,000 to $249,999",70
P4P,"$250,000 and over",20
P4R,"Under $5,000",220
P4R,"$5,000 to $9,999",180
P4R,"$10,000 to $14,999",270
P4R,"$15,000 to $19,999",230
P4R,"$20,000 to $24,999",240
P4R,"$25,000 to $29,999",160
P4R,"$30,000 to $34,999",160
P4R,"$35,000 to $39,999",150
P4R,"$40,000 to $44,999",190
P4R,"$45,000 to $49,999",160
P4R,"$50,000 to $54,999",170
P4R,"$55,000 to $59,999",140
P4R,"$60,000 to $69,999",260
P4R,"$70,000 to $79,999",180
P4R,"$80,000 to $89,999",150
P4R,"$90,000 to $99,999",170
P4R,"$100,000 to $149,999",490
P4R,"$150,000 to $249,999",150
P4R,"$250,000 and over",40
P5A,"Under $5,000",520
P5A,"$5,000 to $9,999",480
P5A,"$10,000 to $14,999",1020
P5A,"$15,000 to $19,999",1170
P5A,"$20,000 to $24,999",1420
P5A,"$25,000 to $29,999",790
P5A,"$30,000 to $34,999",600
P5A,"$35,000 to $39,999",570
P5A,"$40,000 to $44,999",510
P5A,"$45,000 to $49,999",450
P5A,"$50,000 to $54,999",300
P5A,"$55,000 to $59,999",240
P5A,"$60,000 to $69,999",370
P5A,"$70,000 to $79,999",290
P5A,"$80,000 to $89,999",170
P5A,"$90,000 to $99,999",140
P5A,"$100,000 to $149,999",330
P5A,"$150,000 to $249,999",100
P5A,"$250,000 and over",20
P5E,"Under $5,000",230
P5E,"$5,000 to $9,999",210
P5E,"$10,000 to $14,999",310
P5E,"$15,000 to $19,999",400
P5E,"$20,000 to $24,999",390
P5E,"$25,000 to $29,999",230
P5E,"$30,000 to $34,999",240
P5E,"$35,000 to $39,999",270
P5E,"$40,000 to $44,999",240
P5E,"$45,000 to $49,999",250
P5E,"$50,000 to $54,999",200
P5E,"$55,000 to $59,999",160
P5E,"$60,000 to $69,999",290
P5E,"$70,000 to $79,999",280
P5E,"$80,000 to $89,999",190
P5E,"$90,000 to $99,999",160
P5E,"$100,000 to $149,999",260
P5E,"$150,000 to $249,999",60
P5E,"$250,000 and over",20
P5N,"Under $5,000",340
P5N,"$5,000 to $9,999",290
P5N,"$10,000 to $14,999",540
P5N,"$15,000 to $19,999",550
P5N,"$20,000 to $24,999",680
P5N,"$25,000 to $29,999",390
P5N,"$30,000 to $34,999",400
P5N,"$35,000 to $39,999",420
P5N,"$40,000 to $44,999",420
P5N,"$45,000 to $49,999",370
P5N,"$50,000 to $54,999",310
P5N,"$55,000 to $59,999",240
P5N,"$60,000 to $69,999",430
P5N,"$70,000 to $79,999",320
P5N,"$80,000 to $89,999",260
P5N,"$90,000 to $99,999",230
P5N,"$100,000 to $149,999",490
P5N,"$150,000 to $249,999",110
P5N,"$250,000 and over",20
P6A,"Under $5,000",2310
P6A,"$5,000 to $9,999",1470
P6A,"$10,000 to $14,999",2210
P6A,"$15,000 to $19,999",2220
P6A,"$20,000 to $24,999",2330
P6A,"$25,000 to $29,999",1580
P6A,"$30,000 to $34,999",1590
P6A,"$35,000 to $39,999",1590
P6A,"$40,000 to $44,999",1500
P6A,"$45,000 to $49,999",1500
P6A,"$50,000 to $54,999",1130
P6A,"$55,000 to $59,999",980
P6A,"$60,000 to $69,999",1720
P6A,"$70,000 to $79,999",1460
P6A,"$80,000 to $89,999",1270
P6A,"$90,000 to $99,999",1010
P6A,"$100,000 to $149,999",2220
P6A,"$150,000 to $249,999",530
P6A,"$250,000 and over",210
P6B,"Under $5,000",1370
P6B,"$5,000 to $9,999",990
P6B,"$10,000 to $14,999",1550
P6B,"$15,000 to $19,999",1450
P6B,"$20,000 to $24,999",1760
P6B,"$25,000 to $29,999",1150
P6B,"$30,000 to $34,999",1190
P6B,"$35,000 to $39,999",1240
P6B,"$40,000 to $44,999",1030
P6B,"$45,000 to $49,999",1020
P6B,"$50,000 to $54,999",750
P6B,"$55,000 to $59,999",690
P6B,"$60,000 to $69,999",1120
P6B,"$70,000 to $79,999",880
P6B,"$80,000 to $89,999",740
P6B,"$90,000 to $99,999",610
P6B,"$100,000 to $149,999",1230
P6B,"$150,000 to $249,999",260
P6B,"$250,000 and over",110
P6C,"Under $5,000",900
P6C,"$5,000 to $9,999",700
P6C,"$10,000 to $14,999",1240
P6C,"$15,000 to $19,999",1300
P6C,"$20,000 to $24,999",1490
P6C,"$25,000 to $29,999",1010
P6C,"$30,000 to $34,999",1140
P6C,"$35,000 to $39,999",1060
P6C,"$40,000 to $44,999",1020
P6C,"$45,000 to $49,999",900
P6C,"$50,000 to $54,999",670
P6C,"$55,000 to $59,999",570
P6C,"$60,000 to $69,999",870
P6C,"$70,000 to $79,999",600
P6C,"$80,000 to $89,999",560
P6C,"$90,000 to $99,999",460
P6C,"$100,000 to $149,999",860
P6C,"$150,000 to $249,999",110
P6C,"$250,000 and over",30
P7A,"Under $5,000",1370
P7A,"$5,000 to $9,999",940
P7A,"$10,000 to $14,999",1480
P7A,"$15,000 to $19,999",1660
P7A,"$20,000 to $24,999",1890
P7A,"$25,000 to $29,999",1360
P7A,"$30,000 to $34,999",1290
P7A,"$35,000 to $39,999",1420
P7A,"$40,000 to $44,999",1380
P7A,"$45,000 to $49,999",1370
P7A,"$50,000 to $54,999",1060
P7A,"$55,000 to $59,999",960
P7A,"$60,000 to $69,999",1650
P7A,"$70,000 to $79,999",1350
P7A,"$80,000 to $89,999",890
P7A,"$90,000 to $99,999",740
P7A,"$100,000 to $149,999",1430
P7A,"$150,000 to $249,999",380
P7A,"$250,000 and over",100
P7B,"Under $5,000",2010
P7B,"$5,000 to $9,999",1100
P7B,"$10,000 to $14,999",1620
P7B,"$15,000 to $19,999",1410
P7B,"$20,000 to $24,999",1520
P7B,"$25,000 to $29,999",1090
P7B,"$30,000 to $34,999",1000
P7B,"$35,000 to $39,999",950
P7B,"$40,000 to $44,999",980
P7B,"$45,000 to $49,999",900
P7B,"$50,000 to $54,999",790
P7B,"$55,000 to $59,999",640
P7B,"$60,000 to $69,999",1120
P7B,"$70,000 to $79,999",860
P7B,"$80,000 to $89,999",640
P7B,"$90,000 to $99,999",610
P7B,"$100,000 to $149,999",1130
P7B,"$150,000 to $249,999",410
P7B,"$250,000 and over",170
P7C,"Under $5,000",1530
P7C,"$5,000 to $9,999",850
P7C,"$10,000 to $14,999",1400
P7C,"$15,000 to $19,999",1410
P7C,"$20,000 to $24,999",1510
P7C,"$25,000 to $29,999",970
P7C,"$30,000 to $34,999",940
P7C,"$35,000 to $39,999",1040
P7C,"$40,000 to $44,999",1020
P7C,"$45,000 to $49,999",980
P7C,"$50,000 to $54,999",790
P7C,"$55,000 to $59,999",700
P7C,"$60,000 to $69,999",1160
P7C,"$70,000 to $79,999",880
P7C,"$80,000 to $89,999",610
P7C,"$90,000 to $99,999",480
P7C,"$100,000 to $149,999",870
P7C,"$150,000 to $249,999",170
P7C,"$250,000 and over",40
P7E,"Under $5,000",1180
P7E,"$5,000 to $9,999",820
P7E,"$10,000 to $14,999",1370
P7E,"$15,000 to $19,999",1250
P7E,"$20,000 to $24,999",1390
P7E,"$25,000 to $29,999",1000
P7E,"$30,000 to $34,999",1020
P7E,"$35,000 to $39,999",1050
P7E,"$40,000 to $44,999",1040
P7E,"$45,000 to $49,999",1030
P7E,"$50,000 to $54,999",830
P7E,"$55,000 to $59,999",720
P7E,"$60,000 to $69,999",1220
P7E,"$70,000 to $79,999",870
P7E,"$80,000 to $89,999",570
P7E,"$90,000 to $99,999",440
P7E,"$100,000 to $149,999",700
P7E,"$150,000 to $249,999",180
P7E,"$250,000 and over",50
P7G,"Under $5,000",550
P7G,"$5,000 to $9,999",350
P7G,"$10,000 to $14,999",570
P7G,"$15,000 to $19,999",540
P7G,"$20,000 to $24,999",630
P7G,"$25,000 to $29,999",420
P7G,"$30,000 to $34,999",430
P7G,"$35,000 to $39,999",470
P7G,"$40,000 to $44,999",530
P7G,"$45,000 to $49,999",550
P7G,"$50,000 to $54,999",470
P7G,"$55,000 to $59,999",450
P7G,"$60,000 to $69,999",790
P7G,"$70,000 to $79,999",690
P7G,"$80,000 to $89,999",530
P7G,"$90,000 to $99,999",550
P7G,"$100,000 to $149,999",1090
P7G,"$150,000 to $249,999",360
P7G,"$250,000 and over",120
P7J,"Under $5,000",420
P7J,"$5,000 to $9,999",180
P7J,"$10,000 to $14,999",210
P7J,"$15,000 to $19,999",220
P7J,"$20,000 to $24,999",220
P7J,"$25,000 to $29,999",130
P7J,"$30,000 to $34,999",160
P7J,"$35,000 to $39,999",160
P7J,"$40,000 to $44,999",170
P7J,"$45,000 to $49,999",190
P7J,"$50,000 to $54,999",170
P7J,"$55,000 to $59,999",150
P7J,"$60,000 to $69,999",280
P7J,"$70,000 to $79,999",240
P7J,"$80,000 to $89,999",190
P7J,"$90,000 to $99,999",170
P7J,"$100,000 to $149,999",380
P7J,"$150,000 to $249,999",150
P7J,"$250,000 and over",50
P7K,"Under $5,000",220
P7K,"$5,000 to $9,999",170
P7K,"$10,000 to $14,999",260
P7K,"$15,000 to $19,999",260
P7K,"$20,000 to $24,999",330
P7K,"$25,000 to $29,999",260
P7K,"$30,000 to $34,999",270
P7K,"$35,000 to $39,999",240
P7K,"$40,000 to $44,999",310
P7K,"$45,000 to $49,999",380
P7K,"$50,000 to $54,999",250
P7K,"$55,000 to $59,999",240
P7K,"$60,000 to $69,999",480
P7K,"$70,000 to $79,999",350
P7K,"$80,000 to $89,999",300
P7K,"$90,000 to $99,999",260
P7K,"$100,000 to $149,999",540
P7K,"$150,000 to $249,999",230
P7K,"$250,000 and over",100
P7L,"Under $5,000",90
P7L,"$5,000 to $9,999",50
P7L,"$10,000 to $14,999",100
P7L,"$15,000 to $19,999",100
P7L,"$20,000 to $24,999",100
P7L,"$25,000 to $29,999",80
P7L,"$30,000 to $34,999",90
P7L,"$35,000 to $39,999",110
P7L,"$40,000 to $44,999",90
P7L,"$45,000 to $49,999",100
P7L,"$50,000 to $54,999",90
P7L,"$55,000 to $59,999",80
P7L,"$60,000 to $69,999",140
P7L,"$70,000 to $79,999",90
P7L,"$80,000 to $89,999",90
P7L,"$90,000 to $99,999",70
P7L,"$100,000 to $149,999",120
P7L,"$150,000 to $249,999",40
P7L,"$250,000 and over",10
P8N,"Under $5,000",500
P8N,"$5,000 to $9,999",380
P8N,"$10,000 to $14,999",580
P8N,"$15,000 to $19,999",590
P8N,"$20,000 to $24,999",650
P8N,"$25,000 to $29,999",470
P8N,"$30,000 to $34,999",530
P8N,"$35,000 to $39,999",480
P8N,"$40,000 to $44,999",510
P8N,"$45,000 to $49,999",520
P8N,"$50,000 to $54,999",410
P8N,"$55,000 to $59,999",370
P8N,"$60,000 to $69,999",600
P8N,"$70,000 to $79,999",510
P8N,"$80,000 to $89,999",380
P8N,"$90,000 to $99,999",360
P8N,"$100,000 to $149,999",660
P8N,"$150,000 to $249,999",150
P8N,"$250,000 and over",40
P8T,"Under $5,000",530
P8T,"$5,000 to $9,999",200
P8T,"$10,000 to $14,999",240
P8T,"$15,000 to $19,999",200
P8T,"$20,000 to $24,999",200
P8T,"$25,000 to $29,999",140
P8T,"$30,000 to $34,999",150
P8T,"$35,000 to $39,999",140
P8T,"$40,000 to $44,999",180
P8T,"$45,000 to $49,999",220
P8T,"$50,000 to $54,999",180
P8T,"$55,000 to $59,999",180
P8T,"$60,000 to $69,999",310
P8T,"$70,000 to $79,999",290
P8T,"$80,000 to $89,999",190
P8T,"$90,000 to $99,999",190
P8T,"$100,000 to $149,999",320
P8T,"$150,000 to $249,999",80
P8T,"$250,000 and over",40
P9A,"Under $5,000",770
P9A,"$5,000 to $9,999",380
P9A,"$10,000 to $14,999",510
P9A,"$15,000 to $19,999",510
P9A,"$20,000 to $24,999",570
P9A,"$25,000 to $29,999",410
P9A,"$30,000 to $34,999",400
P9A,"$35,000 to $39,999",400
P9A,"$40,000 to $44,999",420
P9A,"$45,000 to $49,999",500
P9A,"$50,000 to $54,999",380
P9A,"$55,000 to $59,999",360
P9A,"$60,000 to $69,999",590
P9A,"$70,000 to $79,999",430
P9A,"$80,000 to $89,999",320
P9A,"$90,000 to $99,999",310
P9A,"$100,000 to $149,999",590
P9A,"$150,000 to $249,999",170
P9A,"$250,000 and over",50
P9N,"Under $5,000",1010
P9N,"$5,000 to $9,999",510
P9N,"$10,000 to $14,999",720
P9N,"$15,000 to $19,999",730
P9N,"$20,000 to $24,999",740
P9N,"$25,000 to $29,999",540
P9N,"$30,000 to $34,999",650
P9N,"$35,000 to $39,999",590
P9N,"$40,000 to $44,999",590
P9N,"$45,000 to $49,999",680
P9N,"$50,000 to $54,999",580
P9N,"$55,000 to $59,999",520
P9N,"$60,000 to $69,999",850
P9N,"$70,000 to $79,999",690
P9N,"$80,000 to $89,999",470
P9N,"$90,000 to $99,999",350
P9N,"$100,000 to $149,999",820
P9N,"$150,000 to $249,999",200
P9N,"$250,000 and over",80
R0A,"Under $5,000",3110
R0A,"$5,000 to $9,999",1720
R0A,"$10,000 to $14,999",2270
R0A,"$15,000 to $19,999",2320
R0A,"$20,000 to $24,999",2210
R0A,"$25,000 to $29,999",1900
R0A,"$30,000 to $34,999",1780
R0A,"$35,000 to $39,999",1710
R0A,"$40,000 to $44,999",1590
R0A,"$45,000 to $49,999",1580
R0A,"$50,000 to $54,999",1330
R0A,"$55,000 to $59,999",1170
R0A,"$60,000 to $69,999",1880
R0A,"$70,000 to $79,999",1460
R0A,"$80,000 to $89,999",1130
R0A,"$90,000 to $99,999",840
R0A,"$100,000 to $149,999",1390
R0A,"$150,000 to $249,999",380
R0A,"$250,000 and over",160
R0B,"Under $5,000",20170
R0B,"$5,000 to $9,999",1160
R0B,"$10,000 to $14,999",1300
R0B,"$15,000 to $19,999",1660
R0B,"$20,000 to $24,999",780
R0B,"$25,000 to $29,999",510
R0B,"$30,000 to $34,999",380
R0B,"$35,000 to $39,999",310
R0B,"$40,000 to $44,999",280
R0B,"$45,000 to $49,999",220
R0B,"$50,000 to $54,999",210
R0B,"$55,000 to $59,999",200
R0B,"$60,000 to $69,999",260
R0B,"$70,000 to $79,999",250
R0B,"$80,000 to $89,999",200
R0B,"$90,000 to $99,999",210
R0B,"$100,000 to $149,999",540
R0B,"$150,000 to $249,999",240
R0B,"$250,000 and over",10
R0C,"Under $5,000",7760
R0C,"$5,000 to $9,999",2240
R0C,"$10,000 to $14,999",2710
R0C,"$15,000 to $19,999",3230
R0C,"$20,000 to $24,999",3160
R0C,"$25,000 to $29,999",2340
R0C,"$30,000 to $34,999",2370
R0C,"$35,000 to $39,999",2160
R0C,"$40,000 to $44,999",1940
R0C,"$45,000 to $49,999",1940
R0C,"$50,000 to $54,999",1520
R0C,"$55,000 to $59,999",1300
R0C,"$60,000 to $69,999",2070
R0C,"$70,000 to $79,999",1790
R0C,"$80,000 to $89,999",1300
R0C,"$90,000 to $99,999",940
R0C,"$100,000 to $149,999",1860
R0C,"$150,000 to $249,999",560
R0C,"$250,000 and over",190
R0E,"Under $5,000",3840
R0E,"$5,000 to $9,999",1530
R0E,"$10,000 to $14,999",1930
R0E,"$15,000 to $19,999",2170
R0E,"$20,000 to $24,999",2370
R0E,"$25,000 to $29,999",1920
R0E,"$30,000 to $34,999",1940
R0E,"$35,000 to $39,999",1910
R0E,"$40,000 to $44,999",1640
R0E,"$45,000 to $49,999",1660
R0E,"$50,000 to $54,999",1330
R0E,"$55,000 to $59,999",1180
R0E,"$60,000 to $69,999",1900
R0E,"$70,000 to $79,999",1670
R0E,"$80,000 to $89,999",1240
R0E,"$90,000 to $99,999",880
R0E,"$100,000 to $149,999",1730
R0E,"$150,000 to $249,999",480
R0E,"$250,000 and over",130
R0G,"Under $5,000",2700
R0G,"$5,000 to $9,999",1780
R0G,"$10,000 to $14,999",2160
R0G,"$15,000 to $19,999",2290
R0G,"$20,000 to $24,999",2520
R0G,"$25,000 to $29,999",2090
R0G,"$30,000 to $34,999",2110
R0G,"$35,000 to $39,999",1920
R0G,"$40,000 to $44,999",1810
R0G,"$45,000 to $49,999",1870
R0G,"$50,000 to $54,999",1570
R0G,"$55,000 to $59,999",1190
R0G,"$60,000 to $69,999",2060
R0G,"$70,000 to $79,999",1570
R0G,"$80,000 to $89,999",1160
R0G,"$90,000 to $99,999",860
R0G,"$100,000 to $149,999",1490
R0G,"$150,000 to $249,999",560
R0G,"$250,000 and over",310
R0H,"Under $5,000",2630
R0H,"$5,000 to $9,999",620
R0H,"$10,000 to $14,999",690
R0H,"$15,000 to $19,999",870
R0H,"$20,000 to $24,999",700
R0H,"$25,000 to $29,999",550
R0H,"$30,000 to $34,999",530
R0H,"$35,000 to $39,999",490
R0H,"$40,000 to $44,999",420
R0H,"$45,000 to $49,999",430
R0H,"$50,000 to $54,999",380
R0H,"$55,000 to $59,999",320
R0H,"$60,000 to $69,999",480
R0H,"$70,000 to $79,999",390
R0H,"$80,000 to $89,999",270
R0H,"$90,000 to $99,999",190
R0H,"$100,000 to $149,999",340
R0H,"$150,000 to $249,999",90
R0H,"$250,000 and over",50
R0J,"Under $5,000",2500
R0J,"$5,000 to $9,999",1100
R0J,"$10,000 to $14,999",1570
R0J,"$15,000 to $19,999",1910
R0J,"$20,000 to $24,999",1890
R0J,"$25,000 to $29,999",1400
R0J,"$30,000 to $34,999",1330
R0J,"$35,000 to $39,999",1290
R0J,"$40,000 to $44,999",1260
R0J,"$45,000 to $49,999",1320
R0J,"$50,000 to $54,999",960
R0J,"$55,000 to $59,999",760
R0J,"$60,000 to $69,999",1170
R0J,"$70,000 to $79,999",850
R0J,"$80,000 to $89,999",660
R0J,"$90,000 to $99,999",470
R0J,"$100,000 to $149,999",930
R0J,"$150,000 to $249,999",250
R0J,"$250,000 and over",140
R0K,"Under $5,000",1270
R0K,"$5,000 to $9,999",910
R0K,"$10,000 to $14,999",1260
R0K,"$15,000 to $19,999",1510
R0K,"$20,000 to $24,999",1660
R0K,"$25,000 to $29,999",1330
R0K,"$30,000 to $34,999",1250
R0K,"$35,000 to $39,999",1140
R0K,"$40,000 to $44,999",1160
R0K,"$45,000 to $49,999",1180
R0K,"$50,000 to $54,999",1030
R0K,"$55,000 to $59,999",800
R0K,"$60,000 to $69,999",1590
R0K,"$70,000 to $79,999",1170
R0K,"$80,000 to $89,999",830
R0K,"$90,000 to $99,999",540
R0K,"$100,000 to $149,999",930
R0K,"$150,000 to $249,999",270
R0K,"$250,000 and over",130
R0L,"Under $5,000",3500
R0L,"$5,000 to $9,999",1220
R0L,"$10,000 to $14,999",1810
R0L,"$15,000 to $19,999",2260
R0L,"$20,000 to $24,999",1900
R0L,"$25,000 to $29,999",1310
R0L,"$30,000 to $34,999",1160
R0L,"$35,000 to $39,999",1030
R0L,"$40,000 to $44,999",890
R0L,"$45,000 to $49,999",930
R0L,"$50,000 to $54,999",640
R0L,"$55,000 to $59,999",550
R0L,"$60,000 to $69,999",930
R0L,"$70,000 to $79,999",770
R0L,"$80,000 to $89,999",530
R0L,"$90,000 to $99,999",380
R0L,"$100,000 to $149,999",710
R0L,"$150,000 to $249,999",200
R0L,"$250,000 and over",100
R0M,"Under $5,000",1720
R0M,"$5,000 to $9,999",690
R0M,"$10,000 to $14,999",960
R0M,"$15,000 to $19,999",1130
R0M,"$20,000 to $24,999",1230
R0M,"$25,000 to $29,999",950
R0M,"$30,000 to $34,999",850
R0M,"$35,000 to $39,999",780
R0M,"$40,000 to $44,999",760
R0M,"$45,000 to $49,999",830
R0M,"$50,000 to $54,999",620
R0M,"$55,000 to $59,999",500
R0M,"$60,000 to $69,999",890
R0M,"$70,000 to $79,999",740
R0M,"$80,000 to $89,999",500
R0M,"$90,000 to $99,999",420
R0M,"$100,000 to $149,999",860
R0M,"$150,000 to $249,999",270
R0M,"$250,000 and over",120
R1A,"Under $5,000",1210
R1A,"$5,000 to $9,999",820
R1A,"$10,000 to $14,999",1170
R1A,"$15,000 to $19,999",1140
R1A,"$20,000 to $24,999",1170
R1A,"$25,000 to $29,999",1080
R1A,"$30,000 to $34,999",1010
R1A,"$35,000 to $39,999",1010
R1A,"$40,000 to $44,999",1000
R1A,"$45,000 to $49,999",980
R1A,"$50,000 to $54,999",720
R1A,"$55,000 to $59,999",680
R1A,"$60,000 to $69,999",1150
R1A,"$70,000 to $79,999",970
R1A,"$80,000 to $89,999",780
R1A,"$90,000 to $99,999",590
R1A,"$100,000 to $149,999",1050
R1A,"$150,000 to $249,999",310
R1A,"$250,000 and over",140
R1B,"Under $5,000",10
R1B,"$5,000 to $9,999",10
R1B,"$10,000 to $14,999",10
R1B,"$15,000 to $19,999",10
R1B,"$20,000 to $24,999",20
R1B,"$25,000 to $29,999",20
R1B,"$30,000 to $34,999",20
R1B,"$35,000 to $39,999",20
R1B,"$40,000 to $44,999",20
R1B,"$45,000 to $49,999",10
R1B,"$50,000 to $54,999",20
R1B,"$55,000 to $59,999",20
R1B,"$60,000 to $69,999",30
R1B,"$70,000 to $79,999",20
R1B,"$80,000 to $89,999",10
R1B,"$90,000 to $99,999",10
R1B,"$100,000 to $149,999",10
R1B,"$150,000 to $249,999",0
R1B,"$250,000 and over",0
R1C,"Under $5,000",210
R1C,"$5,000 to $9,999",140
R1C,"$10,000 to $14,999",170
R1C,"$15,000 to $19,999",170
R1C,"$20,000 to $24,999",180
R1C,"$25,000 to $29,999",170
R1C,"$30,000 to $34,999",170
R1C,"$35,000 to $39,999",180
R1C,"$40,000 to $44,999",200
R1C,"$45,000 to $49,999",170
R1C,"$50,000 to $54,999",170
R1C,"$55,000 to $59,999",170
R1C,"$60,000 to $69,999",260
R1C,"$70,000 to $79,999",180
R1C,"$80,000 to $89,999",160
R1C,"$90,000 to $99,999",140
R1C,"$100,000 to $149,999",250
R1C,"$150,000 to $249,999",80
R1C,"$250,000 and over",30
R1N,"Under $5,000",1140
R1N,"$5,000 to $9,999",1660
R1N,"$10,000 to $14,999",1580
R1N,"$15,000 to $19,999",1290
R1N,"$20,000 to $24,999",1240
R1N,"$25,000 to $29,999",910
R1N,"$30,000 to $34,999",920
R1N,"$35,000 to $39,999",790
R1N,"$40,000 to $44,999",760
R1N,"$45,000 to $49,999",710
R1N,"$50,000 to $54,999",560
R1N,"$55,000 to $59,999",520
R1N,"$60,000 to $69,999",810
R1N,"$70,000 to $79,999",620
R1N,"$80,000 to $89,999",450
R1N,"$90,000 to $99,999",330
R1N,"$100,000 to $149,999",540
R1N,"$150,000 to $249,999",140
R1N,"$250,000 and over",70
R2C,"Under $5,000",1790
R2C,"$5,000 to $9,999",1220
R2C,"$10,000 to $14,999",1580
R2C,"$15,000 to $19,999",1530
R2C,"$20,000 to $24,999",1770
R2C,"$25,000 to $29,999",1560
R2C,"$30,000 to $34,999",1700
R2C,"$35,000 to $39,999",1720
R2C,"$40,000 to $44,999",1720
R2C,"$45,000 to $49,999",1690
R2C,"$50,000 to $54,999",1440
R2C,"$55,000 to $59,999",1350
R2C,"$60,000 to $69,999",2020
R2C,"$70,000 to $79,999",1620
R2C,"$80,000 to $89,999",1150
R2C,"$90,000 to $99,999",800
R2C,"$100,000 to $149,999",1310
R2C,"$150,000 to $249,999",260
R2C,"$250,000 and over",80
R2E,"Under $5,000",440
R2E,"$5,000 to $9,999",300
R2E,"$10,000 to $14,999",380
R2E,"$15,000 to $19,999",390
R2E,"$20,000 to $24,999",390
R2E,"$25,000 to $29,999",330
R2E,"$30,000 to $34,999",320
R2E,"$35,000 to $39,999",350
R2E,"$40,000 to $44,999",330
R2E,"$45,000 to $49,999",410
R2E,"$50,000 to $54,999",340
R2E,"$55,000 to $59,999",310
R2E,"$60,000 to $69,999",590
R2E,"$70,000 to $79,999",540
R2E,"$80,000 to $89,999",450
R2E,"$90,000 to $99,999",400
R2E,"$100,000 to $149,999",900
R2E,"$150,000 to $249,999",440
R2E,"$250,000 and over",340
R2G,"Under $5,000",1790
R2G,"$5,000 to $9,999",1180
R2G,"$10,000 to $14,999",1720
R2G,"$15,000 to $19,999",1860
R2G,"$20,000 to $24,999",2380
R2G,"$25,000 to $29,999",1860
R2G,"$30,000 to $34,999",1760
R2G,"$35,000 to $39,999",1780
R2G,"$40,000 to $44,999",1600
R2G,"$45,000 to $49,999",1650
R2G,"$50,000 to $54,999",1340
R2G,"$55,000 to $59,999",1210
R2G,"$60,000 to $69,999",1970
R2G,"$70,000 to $79,999",1600
R2G,"$80,000 to $89,999",1120
R2G,"$90,000 to $99,999",830
R2G,"$100,000 to $149,999",1460
R2G,"$150,000 to $249,999",430
R2G,"$250,000 and over",180
R2H,"Under $5,000",950
R2H,"$5,000 to $9,999",730
R2H,"$10,000 to $14,999",900
R2H,"$15,000 to $19,999",1060
R2H,"$20,000 to $24,999",1090
R2H,"$25,000 to $29,999",840
R2H,"$30,000 to $34,999",820
R2H,"$35,000 to $39,999",740
R2H,"$40,000 to $44,999",730
R2H,"$45,000 to $49,999",740
R2H,"$50,000 to $54,999",520
R2H,"$55,000 to $59,999",480
R2H,"$60,000 to $69,999",800
R2H,"$70,000 to $79,999",670
R2H,"$80,000 to $89,999",540
R2H,"$90,000 to $99,999",390
R2H,"$100,000 to $149,999",630
R2H,"$150,000 to $249,999",180
R2H,"$250,000 and over",100
R2J,"Under $5,000",1590
R2J,"$5,000 to $9,999",940
R2J,"$10,000 to $14,999",1290
R2J,"$15,000 to $19,999",1250
R2J,"$20,000 to $24,999",1400
R2J,"$25,000 to $29,999",1290
R2J,"$30,000 to $34,999",1300
R2J,"$35,000 to $39,999",1360
R2J,"$40,000 to $44,999",1260
R2J,"$45,000 to $49,999",1320
R2J,"$50,000 to $54,999",1040
R2J,"$55,000 to $59,999",950
R2J,"$60,000 to $69,999",1630
R2J,"$70,000 to $79,999",1340
R2J,"$80,000 to $89,999",1040
R2J,"$90,000 to $99,999",740
R2J,"$100,000 to $149,999",1230
R2J,"$150,000 to $249,999",440
R2J,"$250,000 and over",170
R2K,"Under $5,000",2280
R2K,"$5,000 to $9,999",1420
R2K,"$10,000 to $14,999",1860
R2K,"$15,000 to $19,999",1950
R2K,"$20,000 to $24,999",2100
R2K,"$25,000 to $29,999",1790
R2K,"$30,000 to $34,999",1850
R2K,"$35,000 to $39,999",1840
R2K,"$40,000 to $44,999",1760
R2K,"$45,000 to $49,999",1580
R2K,"$50,000 to $54,999",1380
R2K,"$55,000 to $59,999",1100
R2K,"$60,000 to $69,999",1700
R2K,"$70,000 to $79,999",1250
R2K,"$80,000 to $89,999",890
R2K,"$90,000 to $99,999",620
R2K,"$100,000 to $149,999",860
R2K,"$150,000 to $249,999",200
R2K,"$250,000 and over",70
R2L,"Under $5,000",1270
R2L,"$5,000 to $9,999",730
R2L,"$10,000 to $14,999",1030
R2L,"$15,000 to $19,999",1030
R2L,"$20,000 to $24,999",1000
R2L,"$25,000 to $29,999",850
R2L,"$30,000 to $34,999",810
R2L,"$35,000 to $39,999",780
R2L,"$40,000 to $44,999",740
R2L,"$45,000 to $49,999",580
R2L,"$50,000 to $54,999",530
R2L,"$55,000 to $59,999",450
R2L,"$60,000 to $69,999",580
R2L,"$70,000 to $79,999",330
R2L,"$80,000 to $89,999",250
R2L,"$90,000 to $99,999",140
R2L,"$100,000 to $149,999",200
R2L,"$150,000 to $249,999",50
R2L,"$250,000 and over",10
R2M,"Under $5,000",2700
R2M,"$5,000 to $9,999",1600
R2M,"$10,000 to $14,999",2050
R2M,"$15,000 to $19,999",2160
R2M,"$20,000 to $24,999",2490
R2M,"$25,000 to $29,999",2030
R2M,"$30,000 to $34,999",1940
R2M,"$35,000 to $39,999",1880
R2M,"$40,000 to $44,999",1770
R2M,"$45,000 to $49,999",1690
R2M,"$50,000 to $54,999",1500
R2M,"$55,000 to $59,999",1230
R2M,"$60,000 to $69,999",2070
R2M,"$70,000 to $79,999",1580
R2M,"$80,000 to $89,999",1080
R2M,"$90,000 to $99,999",880
R2M,"$100,000 to $149,999",1480
R2M,"$150,000 to $249,999",450
R2M,"$250,000 and over",240
R2N,"Under $5,000",1830
R2N,"$5,000 to $9,999",1130
R2N,"$10,000 to $14,999",1330
R2N,"$15,000 to $19,999",1370
R2N,"$20,000 to $24,999",1490
R2N,"$25,000 to $29,999",1400
R2N,"$30,000 to $34,999",1410
R2N,"$35,000 to $39,999",1450
R2N,"$40,000 to $44,999",1370
R2N,"$45,000 to $49,999",1510
R2N,"$50,000 to $54,999",1230
R2N,"$55,000 to $59,999",1120
R2N,"$60,000 to $69,999",2050
R2N,"$70,000 to $79,999",1640
R2N,"$80,000 to $89,999",1320
R2N,"$90,000 to $99,999",1150
R2N,"$100,000 to $149,999",2060
R2N,"$150,000 to $249,999",680
R2N,"$250,000 and over",260
R2P,"Under $5,000",3400
R2P,"$5,000 to $9,999",1640
R2P,"$10,000 to $14,999",2290
R2P,"$15,000 to $19,999",2350
R2P,"$20,000 to $24,999",2290
R2P,"$25,000 to $29,999",2160
R2P,"$30,000 to $34,999",1890
R2P,"$35,000 to $39,999",1830
R2P,"$40,000 to $44,999",1620
R2P,"$45,000 to $49,999",1460
R2P,"$50,000 to $54,999",1180
R2P,"$55,000 to $59,999",990
R2P,"$60,000 to $69,999",1510
R2P,"$70,000 to $79,999",1050
R2P,"$80,000 to $89,999",690
R2P,"$90,000 to $99,999",510
R2P,"$100,000 to $149,999",800
R2P,"$150,000 to $249,999",160
R2P,"$250,000 and over",50
R2R,"Under $5,000",2310
R2R,"$5,000 to $9,999",1230
R2R,"$10,000 to $14,999",1480
R2R,"$15,000 to $19,999",1570
R2R,"$20,000 to $24,999",1510
R2R,"$25,000 to $29,999",1460
R2R,"$30,000 to $34,999",1390
R2R,"$35,000 to $39,999",1390
R2R,"$40,000 to $44,999",1360
R2R,"$45,000 to $49,999",1190
R2R,"$50,000 to $54,999",990
R2R,"$55,000 to $59,999",860
R2R,"$60,000 to $69,999",1220
R2R,"$70,000 to $79,999",890
R2R,"$80,000 to $89,999",540
R2R,"$90,000 to $99,999",370
R2R,"$100,000 to $149,999",450
R2R,"$150,000 to $249,999",70
R2R,"$250,000 and over",30
R2V,"Under $5,000",2340
R2V,"$5,000 to $9,999",1510
R2V,"$10,000 to $14,999",1920
R2V,"$15,000 to $19,999",2010
R2V,"$20,000 to $24,999",2330
R2V,"$25,000 to $29,999",2010
R2V,"$30,000 to $34,999",1850
R2V,"$35,000 to $39,999",1990
R2V,"$40,000 to $44,999",1860
R2V,"$45,000 to $49,999",1810
R2V,"$50,000 to $54,999",1510
R2V,"$55,000 to $59,999",1290
R2V,"$60,000 to $69,999",2020
R2V,"$70,000 to $79,999",1440
R2V,"$80,000 to $89,999",1040
R2V,"$90,000 to $99,999",790
R2V,"$100,000 to $149,999",1270
R2V,"$150,000 to $249,999",340
R2V,"$250,000 and over",120
R2W,"Under $5,000",2910
R2W,"$5,000 to $9,999",2110
R2W,"$10,000 to $14,999",2440
R2W,"$15,000 to $19,999",2380
R2W,"$20,000 to $24,999",1910
R2W,"$25,000 to $29,999",1440
R2W,"$30,000 to $34,999",1290
R2W,"$35,000 to $39,999",1260
R2W,"$40,000 to $44,999",1040
R2W,"$45,000 to $49,999",900
R2W,"$50,000 to $54,999",720
R2W,"$55,000 to $59,999",520
R2W,"$60,000 to $69,999",800
R2W,"$70,000 to $79,999",440
R2W,"$80,000 to $89,999",300
R2W,"$90,000 to $99,999",190
R2W,"$100,000 to $149,999",240
R2W,"$150,000 to $249,999",60
R2W,"$250,000 and over",20
R2X,"Under $5,000",1550
R2X,"$5,000 to $9,999",930
R2X,"$10,000 to $14,999",1160
R2X,"$15,000 to $19,999",1300
R2X,"$20,000 to $24,999",1360
R2X,"$25,000 to $29,999",1280
R2X,"$30,000 to $34,999",1200
R2X,"$35,000 to $39,999",1240
R2X,"$40,000 to $44,999",1160
R2X,"$45,000 to $49,999",940
R2X,"$50,000 to $54,999",700
R2X,"$55,000 to $59,999",540
R2X,"$60,000 to $69,999",730
R2X,"$70,000 to $79,999",460
R2X,"$80,000 to $89,999",250
R2X,"$90,000 to $99,999",170
R2X,"$100,000 to $149,999",170
R2X,"$150,000 to $249,999",30
R2X,"$250,000 and over",10
R2Y,"Under $5,000",1050
R2Y,"$5,000 to $9,999",640
R2Y,"$10,000 to $14,999",890
R2Y,"$15,000 to $19,999",990
R2Y,"$20,000 to $24,999",1070
R2Y,"$25,000 to $29,999",1020
R2Y,"$30,000 to $34,999",940
R2Y,"$35,000 to $39,999",1080
R2Y,"$40,000 to $44,999",1010
R2Y,"$45,000 to $49,999",930
R2Y,"$50,000 to $54,999",830
R2Y,"$55,000 to $59,999",770
R2Y,"$60,000 to $69,999",1220
R2Y,"$70,000 to $79,999",890
R2Y,"$80,000 to $89,999",750
R2Y,"$90,000 to $99,999",500
R2Y,"$100,000 to $149,999",720
R2Y,"$150,000 to $249,999",170
R2Y,"$250,000 and over",40
R3A,"Under $5,000",680
R3A,"$5,000 to $9,999",530
R3A,"$10,000 to $14,999",440
R3A,"$15,000 to $19,999",440
R3A,"$20,000 to $24,999",310
R3A,"$25,000 to $29,999",210
R3A,"$30,000 to $34,999",170
R3A,"$35,000 to $39,999",140
R3A,"$40,000 to $44,999",120
R3A,"$45,000 to $49,999",100
R3A,"$50,000 to $54,999",60
R3A,"$55,000 to $59,999",60
R3A,"$60,000 to $69,999",90
R3A,"$70,000 to $79,999",40
R3A,"$80,000 to $89,999",30
R3A,"$90,000 to $99,999",20
R3A,"$100,000 to $149,999",30
R3A,"$150,000 to $249,999",10
R3A,"$250,000 and over",10
R3B,"Under $5,000",1480
R3B,"$5,000 to $9,999",1280
R3B,"$10,000 to $14,999",1320
R3B,"$15,000 to $19,999",1190
R3B,"$20,000 to $24,999",890
R3B,"$25,000 to $29,999",740
R3B,"$30,000 to $34,999",650
R3B,"$35,000 to $39,999",510
R3B,"$40,000 to $44,999",390
R3B,"$45,000 to $49,999",320
R3B,"$50,000 to $54,999",230
R3B,"$55,000 to $59,999",200
R3B,"$60,000 to $69,999",290
R3B,"$70,000 to $79,999",210
R3B,"$80,000 to $89,999",120
R3B,"$90,000 to $99,999",100
R3B,"$100,000 to $149,999",230
R3B,"$150,000 to $249,999",70
R3B,"$250,000 and over",100
R3C,"Under $5,000",2180
R3C,"$5,000 to $9,999",1340
R3C,"$10,000 to $14,999",1960
R3C,"$15,000 to $19,999",2140
R3C,"$20,000 to $24,999",1570
R3C,"$25,000 to $29,999",1040
R3C,"$30,000 to $34,999",880
R3C,"$35,000 to $39,999",800
R3C,"$40,000 to $44,999",710
R3C,"$45,000 to $49,999",610
R3C,"$50,000 to $54,999",500
R3C,"$55,000 to $59,999",410
R3C,"$60,000 to $69,999",590
R3C,"$70,000 to $79,999",430
R3C,"$80,000 to $89,999",290
R3C,"$90,000 to $99,999",210
R3C,"$100,000 to $149,999",350
R3C,"$150,000 to $249,999",140
R3C,"$250,000 and over",110
R3E,"Under $5,000",1740
R3E,"$5,000 to $9,999",1120
R3E,"$10,000 to $14,999",1450
R3E,"$15,000 to $19,999",1470
R3E,"$20,000 to $24,999",1390
R3E,"$25,000 to $29,999",1100
R3E,"$30,000 to $34,999",1110
R3E,"$35,000 to $39,999",1090
R3E,"$40,000 to $44,999",940
R3E,"$45,000 to $49,999",800
R3E,"$50,000 to $54,999",570
R3E,"$55,000 to $59,999",480
R3E,"$60,000 to $69,999",580
R3E,"$70,000 to $79,999",370
R3E,"$80,000 to $89,999",220
R3E,"$90,000 to $99,999",130
R3E,"$100,000 to $149,999",140
R3E,"$150,000 to $249,999",30
R3E,"$250,000 and over",20
R3G,"Under $5,000",1890
R3G,"$5,000 to $9,999",1280
R3G,"$10,000 to $14,999",1700
R3G,"$15,000 to $19,999",1600
R3G,"$20,000 to $24,999",1530
R3G,"$25,000 to $29,999",1340
R3G,"$30,000 to $34,999",1340
R3G,"$35,000 to $39,999",1160
R3G,"$40,000 to $44,999",1190
R3G,"$45,000 to $49,999",1040
R3G,"$50,000 to $54,999",820
R3G,"$55,000 to $59,999",720
R3G,"$60,000 to $69,999",1180
R3G,"$70,000 to $79,999",830
R3G,"$80,000 to $89,999",580
R3G,"$90,000 to $99,999",440
R3G,"$100,000 to $149,999",670
R3G,"$150,000 to $249,999",170
R3G,"$250,000 and over",60
R3H,"Under $5,000",10
R3H,"$5,000 to $9,999",10
R3H,"$10,000 to $14,999",10
R3H,"$15,000 to $19,999",10
R3H,"$20,000 to $24,999",10
R3H,"$25,000 to $29,999",10
R3H,"$30,000 to $34,999",10
R3H,"$35,000 to $39,999",10
R3H,"$40,000 to $44,999",10
R3H,"$45,000 to $49,999",10
R3H,"$50,000 to $54,999",10
R3H,"$55,000 to $59,999",10
R3H,"$60,000 to $69,999",10
R3H,"$70,000 to $79,999",10
R3H,"$80,000 to $89,999",10
R3H,"$90,000 to $99,999",0
R3H,"$100,000 to $149,999",10
R3H,"$150,000 to $249,999",10
R3H,"$250,000 and over",10
R3J,"Under $5,000",1470
R3J,"$5,000 to $9,999",950
R3J,"$10,000 to $14,999",1310
R3J,"$15,000 to $19,999",1330
R3J,"$20,000 to $24,999",1660
R3J,"$25,000 to $29,999",1460
R3J,"$30,000 to $34,999",1460
R3J,"$35,000 to $39,999",1540
R3J,"$40,000 to $44,999",1350
R3J,"$45,000 to $49,999",1360
R3J,"$50,000 to $54,999",1160
R3J,"$55,000 to $59,999",1040
R3J,"$60,000 to $69,999",1710
R3J,"$70,000 to $79,999",1340
R3J,"$80,000 to $89,999",960
R3J,"$90,000 to $99,999",690
R3J,"$100,000 to $149,999",1120
R3J,"$150,000 to $249,999",260
R3J,"$250,000 and over",90
R3K,"Under $5,000",550
R3K,"$5,000 to $9,999",440
R3K,"$10,000 to $14,999",580
R3K,"$15,000 to $19,999",590
R3K,"$20,000 to $24,999",660
R3K,"$25,000 to $29,999",590
R3K,"$30,000 to $34,999",640
R3K,"$35,000 to $39,999",630
R3K,"$40,000 to $44,999",600
R3K,"$45,000 to $49,999",600
R3K,"$50,000 to $54,999",490
R3K,"$55,000 to $59,999",440
R3K,"$60,000 to $69,999",840
R3K,"$70,000 to $79,999",610
R3K,"$80,000 to $89,999",550
R3K,"$90,000 to $99,999",370
R3K,"$100,000 to $149,999",740
R3K,"$150,000 to $249,999",250
R3K,"$250,000 and over",140
R3L,"Under $5,000",1200
R3L,"$5,000 to $9,999",980
R3L,"$10,000 to $14,999",1040
R3L,"$15,000 to $19,999",1210
R3L,"$20,000 to $24,999",1200
R3L,"$25,000 to $29,999",990
R3L,"$30,000 to $34,999",950
R3L,"$35,000 to $39,999",1000
R3L,"$40,000 to $44,999",900
R3L,"$45,000 to $49,999",880
R3L,"$50,000 to $54,999",800
R3L,"$55,000 to $59,999",680
R3L,"$60,000 to $69,999",1160
R3L,"$70,000 to $79,999",870
R3L,"$80,000 to $89,999",700
R3L,"$90,000 to $99,999",450
R3L,"$100,000 to $149,999",920
R3L,"$150,000 to $249,999",280
R3L,"$250,000 and over",130
R3M,"Under $5,000",1250
R3M,"$5,000 to $9,999",900
R3M,"$10,000 to $14,999",1070
R3M,"$15,000 to $19,999",1080
R3M,"$20,000 to $24,999",1230
R3M,"$25,000 to $29,999",1010
R3M,"$30,000 to $34,999",980
R3M,"$35,000 to $39,999",950
R3M,"$40,000 to $44,999",940
R3M,"$45,000 to $49,999",910
R3M,"$50,000 to $54,999",750
R3M,"$55,000 to $59,999",680
R3M,"$60,000 to $69,999",1180
R3M,"$70,000 to $79,999",990
R3M,"$80,000 to $89,999",730
R3M,"$90,000 to $99,999",650
R3M,"$100,000 to $149,999",1330
R3M,"$150,000 to $249,999",620
R3M,"$250,000 and over",480
R3N,"Under $5,000",960
R3N,"$5,000 to $9,999",610
R3N,"$10,000 to $14,999",750
R3N,"$15,000 to $19,999",660
R3N,"$20,000 to $24,999",700
R3N,"$25,000 to $29,999",630
R3N,"$30,000 to $34,999",630
R3N,"$35,000 to $39,999",610
R3N,"$40,000 to $44,999",610
R3N,"$45,000 to $49,999",640
R3N,"$50,000 to $54,999",510
R3N,"$55,000 to $59,999",510
R3N,"$60,000 to $69,999",1070
R3N,"$70,000 to $79,999",880
R3N,"$80,000 to $89,999",680
R3N,"$90,000 to $99,999",610
R3N,"$100,000 to $149,999",1240
R3N,"$150,000 to $249,999",500
R3N,"$250,000 and over",280
R3P,"Under $5,000",1390
R3P,"$5,000 to $9,999",800
R3P,"$10,000 to $14,999",870
R3P,"$15,000 to $19,999",780
R3P,"$20,000 to $24,999",1000
R3P,"$25,000 to $29,999",770
R3P,"$30,000 to $34,999",750
R3P,"$35,000 to $39,999",760
R3P,"$40,000 to $44,999",740
R3P,"$45,000 to $49,999",780
R3P,"$50,000 to $54,999",690
R3P,"$55,000 to $59,999",570
R3P,"$60,000 to $69,999",1140
R3P,"$70,000 to $79,999",1060
R3P,"$80,000 to $89,999",720
R3P,"$90,000 to $99,999",710
R3P,"$100,000 to $149,999",1680
R3P,"$150,000 to $249,999",1130
R3P,"$250,000 and over",1030
R3R,"Under $5,000",1170
R3R,"$5,000 to $9,999",860
R3R,"$10,000 to $14,999",1040
R3R,"$15,000 to $19,999",1030
R3R,"$20,000 to $24,999",1130
R3R,"$25,000 to $29,999",1010
R3R,"$30,000 to $34,999",1030
R3R,"$35,000 to $39,999",1130
R3R,"$40,000 to $44,999",1050
R3R,"$45,000 to $49,999",1170
R3R,"$50,000 to $54,999",970
R3R,"$55,000 to $59,999",920
R3R,"$60,000 to $69,999",1610
R3R,"$70,000 to $79,999",1480
R3R,"$80,000 to $89,999",1050
R3R,"$90,000 to $99,999",890
R3R,"$100,000 to $149,999",1800
R3R,"$150,000 to $249,999",660
R3R,"$250,000 and over",340
R3S,"Under $5,000",30
R3S,"$5,000 to $9,999",30
R3S,"$10,000 to $14,999",20
R3S,"$15,000 to $19,999",30
R3S,"$20,000 to $24,999",30
R3S,"$25,000 to $29,999",20
R3S,"$30,000 to $34,999",20
R3S,"$35,000 to $39,999",30
R3S,"$40,000 to $44,999",10
R3S,"$45,000 to $49,999",20
R3S,"$50,000 to $54,999",20
R3S,"$55,000 to $59,999",10
R3S,"$60,000 to $69,999",30
R3S,"$70,000 to $79,999",20
R3S,"$80,000 to $89,999",20
R3S,"$90,000 to $99,999",20
R3S,"$100,000 to $149,999",60
R3S,"$150,000 to $249,999",30
R3S,"$250,000 and over",20
R3T,"Under $5,000",7950
R3T,"$5,000 to $9,999",3210
R3T,"$10,000 to $14,999",3270
R3T,"$15,000 to $19,999",2860
R3T,"$20,000 to $24,999",2800
R3T,"$25,000 to $29,999",2280
R3T,"$30,000 to $34,999",2130
R3T,"$35,000 to $39,999",2050
R3T,"$40,000 to $44,999",1860
R3T,"$45,000 to $49,999",1780
R3T,"$50,000 to $54,999",1440
R3T,"$55,000 to $59,999",1290
R3T,"$60,000 to $69,999",2130
R3T,"$70,000 to $79,999",1710
R3T,"$80,000 to $89,999",1240
R3T,"$90,000 to $99,999",1060
R3T,"$100,000 to $149,999",2010
R3T,"$150,000 to $249,999",720
R3T,"$250,000 and over",290
R3V,"Under $5,000",490
R3V,"$5,000 to $9,999",280
R3V,"$10,000 to $14,999",330
R3V,"$15,000 to $19,999",340
R3V,"$20,000 to $24,999",340
R3V,"$25,000 to $29,999",330
R3V,"$30,000 to $34,999",270
R3V,"$35,000 to $39,999",320
R3V,"$40,000 to $44,999",270
R3V,"$45,000 to $49,999",270
R3V,"$50,000 to $54,999",260
R3V,"$55,000 to $59,999",220
R3V,"$60,000 to $69,999",370
R3V,"$70,000 to $79,999",300
R3V,"$80,000 to $89,999",210
R3V,"$90,000 to $99,999",170
R3V,"$100,000 to $149,999",300
R3V,"$150,000 to $249,999",70
R3V,"$250,000 and over",50
R3W,"Under $5,000",900
R3W,"$5,000 to $9,999",470
R3W,"$10,000 to $14,999",640
R3W,"$15,000 to $19,999",630
R3W,"$20,000 to $24,999",640
R3W,"$25,000 to $29,999",660
R3W,"$30,000 to $34,999",630
R3W,"$35,000 to $39,999",610
R3W,"$40,000 to $44,999",640
R3W,"$45,000 to $49,999",580
R3W,"$50,000 to $54,999",510
R3W,"$55,000 to $59,999",450
R3W,"$60,000 to $69,999",840
R3W,"$70,000 to $79,999",660
R3W,"$80,000 to $89,999",490
R3W,"$90,000 to $99,999",400
R3W,"$100,000 to $149,999",640
R3W,"$150,000 to $249,999",160
R3W,"$250,000 and over",40
R3X,"Under $5,000",1270
R3X,"$5,000 to $9,999",750
R3X,"$10,000 to $14,999",830
R3X,"$15,000 to $19,999",740
R3X,"$20,000 to $24,999",700
R3X,"$25,000 to $29,999",580
R3X,"$30,000 to $34,999",610
R3X,"$35,000 to $39,999",600
R3X,"$40,000 to $44,999",610
R3X,"$45,000 to $49,999",730
R3X,"$50,000 to $54,999",650
R3X,"$55,000 to $59,999",600
R3X,"$60,000 to $69,999",1110
R3X,"$70,000 to $79,999",1030
R3X,"$80,000 to $89,999",860
R3X,"$90,000 to $99,999",820
R3X,"$100,000 to $149,999",1780
R3X,"$150,000 to $249,999",670
R3X,"$250,000 and over",360
R3Y,"Under $5,000",3320
R3Y,"$5,000 to $9,999",1530
R3Y,"$10,000 to $14,999",1390
R3Y,"$15,000 to $19,999",1200
R3Y,"$20,000 to $24,999",1110
R3Y,"$25,000 to $29,999",1000
R3Y,"$30,000 to $34,999",900
R3Y,"$35,000 to $39,999",900
R3Y,"$40,000 to $44,999",880
R3Y,"$45,000 to $49,999",890
R3Y,"$50,000 to $54,999",760
R3Y,"$55,000 to $59,999",760
R3Y,"$60,000 to $69,999",1280
R3Y,"$70,000 to $79,999",1100
R3Y,"$80,000 to $89,999",1000
R3Y,"$90,000 to $99,999",840
R3Y,"$100,000 to $149,999",1890
R3Y,"$150,000 to $249,999",750
R3Y,"$250,000 and over",460
R4A,"Under $5,000",180
R4A,"$5,000 to $9,999",140
R4A,"$10,000 to $14,999",190
R4A,"$15,000 to $19,999",200
R4A,"$20,000 to $24,999",190
R4A,"$25,000 to $29,999",170
R4A,"$30,000 to $34,999",180
R4A,"$35,000 to $39,999",200
R4A,"$40,000 to $44,999",170
R4A,"$45,000 to $49,999",190
R4A,"$50,000 to $54,999",150
R4A,"$55,000 to $59,999",130
R4A,"$60,000 to $69,999",280
R4A,"$70,000 to $79,999",260
R4A,"$80,000 to $89,999",210
R4A,"$90,000 to $99,999",150
R4A,"$100,000 to $149,999",340
R4A,"$150,000 to $249,999",120
R4A,"$250,000 and over",60
R4G,"Under $5,000",70
R4G,"$5,000 to $9,999",30
R4G,"$10,000 to $14,999",50
R4G,"$15,000 to $19,999",60
R4G,"$20,000 to $24,999",60
R4G,"$25,000 to $29,999",30
R4G,"$30,000 to $34,999",60
R4G,"$35,000 to $39,999",60
R4G,"$40,000 to $44,999",50
R4G,"$45,000 to $49,999",50
R4G,"$50,000 to $54,999",40
R4G,"$55,000 to $59,999",50
R4G,"$60,000 to $69,999",80
R4G,"$70,000 to $79,999",70
R4G,"$80,000 to $89,999",70
R4G,"$90,000 to $99,999",80
R4G,"$100,000 to $149,999",170
R4G,"$150,000 to $249,999",90
R4G,"$250,000 and over",40
R4H,"Under $5,000",170
R4H,"$5,000 to $9,999",90
R4H,"$10,000 to $14,999",70
R4H,"$15,000 to $19,999",80
R4H,"$20,000 to $24,999",80
R4H,"$25,000 to $29,999",80
R4H,"$30,000 to $34,999",70
R4H,"$35,000 to $39,999",100
R4H,"$40,000 to $44,999",100
R4H,"$45,000 to $49,999",80
R4H,"$50,000 to $54,999",90
R4H,"$55,000 to $59,999",90
R4H,"$60,000 to $69,999",150
R4H,"$70,000 to $79,999",130
R4H,"$80,000 to $89,999",100
R4H,"$90,000 to $99,999",80
R4H,"$100,000 to $149,999",200
R4H,"$150,000 to $249,999",130
R4H,"$250,000 and over",110
R4J,"Under $5,000",40
R4J,"$5,000 to $9,999",60
R4J,"$10,000 to $14,999",30
R4J,"$15,000 to $19,999",80
R4J,"$20,000 to $24,999",50
R4J,"$25,000 to $29,999",50
R4J,"$30,000 to $34,999",60
R4J,"$35,000 to $39,999",50
R4J,"$40,000 to $44,999",30
R4J,"$45,000 to $49,999",50
R4J,"$50,000 to $54,999",30
R4J,"$55,000 to $59,999",30
R4J,"$60,000 to $69,999",70
R4J,"$70,000 to $79,999",50
R4J,"$80,000 to $89,999",60
R4J,"$90,000 to $99,999",50
R4J,"$100,000 to $149,999",100
R4J,"$150,000 to $249,999",40
R4J,"$250,000 and over",30
R4K,"Under $5,000",40
R4K,"$5,000 to $9,999",120
R4K,"$10,000 to $14,999",70
R4K,"$15,000 to $19,999",30
R4K,"$20,000 to $24,999",30
R4K,"$25,000 to $29,999",30
R4K,"$30,000 to $34,999",20
R4K,"$35,000 to $39,999",30
R4K,"$40,000 to $44,999",20
R4K,"$45,000 to $49,999",20
R4K,"$50,000 to $54,999",20
R4K,"$55,000 to $59,999",20
R4K,"$60,000 to $69,999",40
R4K,"$70,000 to $79,999",20
R4K,"$80,000 to $89,999",30
R4K,"$90,000 to $99,999",20
R4K,"$100,000 to $149,999",50
R4K,"$150,000 to $249,999",20
R4K,"$250,000 and over",20
R4L,"Under $5,000",70
R4L,"$5,000 to $9,999",40
R4L,"$10,000 to $14,999",50
R4L,"$15,000 to $19,999",50
R4L,"$20,000 to $24,999",60
R4L,"$25,000 to $29,999",40
R4L,"$30,000 to $34,999",40
R4L,"$35,000 to $39,999",40
R4L,"$40,000 to $44,999",50
R4L,"$45,000 to $49,999",40
R4L,"$50,000 to $54,999",40
R4L,"$55,000 to $59,999",30
R4L,"$60,000 to $69,999",70
R4L,"$70,000 to $79,999",70
R4L,"$80,000 to $89,999",60
R4L,"$90,000 to $99,999",60
R4L,"$100,000 to $149,999",110
R4L,"$150,000 to $249,999",30
R4L,"$250,000 and over",10
R5A,"Under $5,000",150
R5A,"$5,000 to $9,999",110
R5A,"$10,000 to $14,999",140
R5A,"$15,000 to $19,999",140
R5A,"$20,000 to $24,999",140
R5A,"$25,000 to $29,999",140
R5A,"$30,000 to $34,999",140
R5A,"$35,000 to $39,999",150
R5A,"$40,000 to $44,999",140
R5A,"$45,000 to $49,999",160
R5A,"$50,000 to $54,999",140
R5A,"$55,000 to $59,999",120
R5A,"$60,000 to $69,999",250
R5A,"$70,000 to $79,999",190
R5A,"$80,000 to $89,999",160
R5A,"$90,000 to $99,999",150
R5A,"$100,000 to $149,999",250
R5A,"$150,000 to $249,999",80
R5A,"$250,000 and over",30
R5G,"Under $5,000",1930
R5G,"$5,000 to $9,999",1080
R5G,"$10,000 to $14,999",1530
R5G,"$15,000 to $19,999",1570
R5G,"$20,000 to $24,999",1600
R5G,"$25,000 to $29,999",1370
R5G,"$30,000 to $34,999",1320
R5G,"$35,000 to $39,999",1220
R5G,"$40,000 to $44,999",1080
R5G,"$45,000 to $49,999",1010
R5G,"$50,000 to $54,999",780
R5G,"$55,000 to $59,999",620
R5G,"$60,000 to $69,999",1070
R5G,"$70,000 to $79,999",810
R5G,"$80,000 to $89,999",550
R5G,"$90,000 to $99,999",400
R5G,"$100,000 to $149,999",650
R5G,"$150,000 to $249,999",230
R5G,"$250,000 and over",110
R5H,"Under $5,000",320
R5H,"$5,000 to $9,999",180
R5H,"$10,000 to $14,999",300
R5H,"$15,000 to $19,999",320
R5H,"$20,000 to $24,999",380
R5H,"$25,000 to $29,999",280
R5H,"$30,000 to $34,999",290
R5H,"$35,000 to $39,999",250
R5H,"$40,000 to $44,999",240
R5H,"$45,000 to $49,999",230
R5H,"$50,000 to $54,999",210
R5H,"$55,000 to $59,999",160
R5H,"$60,000 to $69,999",290
R5H,"$70,000 to $79,999",210
R5H,"$80,000 to $89,999",140
R5H,"$90,000 to $99,999",110
R5H,"$100,000 to $149,999",190
R5H,"$150,000 to $249,999",30
R5H,"$250,000 and over",20
R5J,"Under $5,000",80
R5J,"$5,000 to $9,999",60
R5J,"$10,000 to $14,999",60
R5J,"$15,000 to $19,999",50
R5J,"$20,000 to $24,999",60
R5J,"$25,000 to $29,999",40
R5J,"$30,000 to $34,999",60
R5J,"$35,000 to $39,999",60
R5J,"$40,000 to $44,999",50
R5J,"$45,000 to $49,999",50
R5J,"$50,000 to $54,999",50
R5J,"$55,000 to $59,999",40
R5J,"$60,000 to $69,999",50
R5J,"$70,000 to $79,999",40
R5J,"$80,000 to $89,999",30
R5J,"$90,000 to $99,999",20
R5J,"$100,000 to $149,999",40
R5J,"$150,000 to $249,999",10
R5J,"$250,000 and over",0
R5K,"Under $5,000",260
R5K,"$5,000 to $9,999",150
R5K,"$10,000 to $14,999",180
R5K,"$15,000 to $19,999",190
R5K,"$20,000 to $24,999",200
R5K,"$25,000 to $29,999",180
R5K,"$30,000 to $34,999",180
R5K,"$35,000 to $39,999",170
R5K,"$40,000 to $44,999",160
R5K,"$45,000 to $49,999",160
R5K,"$50,000 to $54,999",170
R5K,"$55,000 to $59,999",130
R5K,"$60,000 to $69,999",270
R5K,"$70,000 to $79,999",200
R5K,"$80,000 to $89,999",200
R5K,"$90,000 to $99,999",140
R5K,"$100,000 to $149,999",260
R5K,"$150,000 to $249,999",70
R5K,"$250,000 and over",20
R5L,"Under $5,000",30
R5L,"$5,000 to $9,999",40
R5L,"$10,000 to $14,999",30
R5L,"$15,000 to $19,999",40
R5L,"$20,000 to $24,999",40
R5L,"$25,000 to $29,999",20
R5L,"$30,000 to $34,999",40
R5L,"$35,000 to $39,999",30
R5L,"$40,000 to $44,999",20
R5L,"$45,000 to $49,999",30
R5L,"$50,000 to $54,999",30
R5L,"$55,000 to $59,999",20
R5L,"$60,000 to $69,999",30
R5L,"$70,000 to $79,999",30
R5L,"$80,000 to $89,999",10
R5L,"$90,000 to $99,999",10
R5L,"$100,000 to $149,999",30
R5L,"$150,000 to $249,999",10
R5L,"$250,000 and over",0
R5M,"Under $5,000",30
R5M,"$5,000 to $9,999",30
R5M,"$10,000 to $14,999",20
R5M,"$15,000 to $19,999",50
R5M,"$20,000 to $24,999",20
R5M,"$25,000 to $29,999",30
R5M,"$30,000 to $34,999",30
R5M,"$35,000 to $39,999",30
R5M,"$40,000 to $44,999",30
R5M,"$45,000 to $49,999",30
R5M,"$50,000 to $54,999",20
R5M,"$55,000 to $59,999",20
R5M,"$60,000 to $69,999",30
R5M,"$70,000 to $79,999",40
R5M,"$80,000 to $89,999",20
R5M,"$90,000 to $99,999",20
R5M,"$100,000 to $149,999",40
R5M,"$150,000 to $249,999",10
R5M,"$250,000 and over",0
R5N,"Under $5,000",170
R5N,"$5,000 to $9,999",120
R5N,"$10,000 to $14,999",150
R5N,"$15,000 to $19,999",150
R5N,"$20,000 to $24,999",150
R5N,"$25,000 to $29,999",170
R5N,"$30,000 to $34,999",140
R5N,"$35,000 to $39,999",180
R5N,"$40,000 to $44,999",180
R5N,"$45,000 to $49,999",190
R5N,"$50,000 to $54,999",160
R5N,"$55,000 to $59,999",170
R5N,"$60,000 to $69,999",290
R5N,"$70,000 to $79,999",250
R5N,"$80,000 to $89,999",210
R5N,"$90,000 to $99,999",210
R5N,"$100,000 to $149,999",440
R5N,"$150,000 to $249,999",140
R5N,"$250,000 and over",40
R5P,"Under $5,000",10
R5P,"$5,000 to $9,999",10
R5P,"$10,000 to $14,999",10
R5P,"$15,000 to $19,999",10
R5P,"$20,000 to $24,999",10
R5P,"$25,000 to $29,999",20
R5P,"$30,000 to $34,999",20
R5P,"$35,000 to $39,999",10
R5P,"$40,000 to $44,999",10
R5P,"$45,000 to $49,999",10
R5P,"$50,000 to $54,999",10
R5P,"$55,000 to $59,999",10
R5P,"$60,000 to $69,999",10
R5P,"$70,000 to $79,999",10
R5P,"$80,000 to $89,999",0
R5P,"$90,000 to $99,999",0
R5P,"$100,000 to $149,999",10
R5P,"$150,000 to $249,999",0
R5P,"$250,000 and over",0
R5R,"Under $5,000",10
R5R,"$5,000 to $9,999",10
R5R,"$10,000 to $14,999",20
R5R,"$15,000 to $19,999",10
R5R,"$20,000 to $24,999",10
R5R,"$25,000 to $29,999",10
R5R,"$30,000 to $34,999",10
R5R,"$35,000 to $39,999",10
R5R,"$40,000 to $44,999",10
R5R,"$45,000 to $49,999",10
R5R,"$50,000 to $54,999",10
R5R,"$55,000 to $59,999",10
R5R,"$60,000 to $69,999",20
R5R,"$70,000 to $79,999",20
R5R,"$80,000 to $89,999",20
R5R,"$90,000 to $99,999",10
R5R,"$100,000 to $149,999",10
R5R,"$150,000 to $249,999",10
R5R,"$250,000 and over",10
R5T,"Under $5,000",10
R5T,"$5,000 to $9,999",10
R5T,"$10,000 to $14,999",10
R5T,"$15,000 to $19,999",10
R5T,"$20,000 to $24,999",10
R5T,"$25,000 to $29,999",10
R5T,"$30,000 to $34,999",10
R5T,"$35,000 to $39,999",10
R5T,"$40,000 to $44,999",10
R5T,"$45,000 to $49,999",10
R5T,"$50,000 to $54,999",10
R5T,"$55,000 to $59,999",10
R5T,"$60,000 to $69,999",10
R5T,"$70,000 to $79,999",10
R5T,"$80,000 to $89,999",0
R5T,"$90,000 to $99,999",10
R5T,"$100,000 to $149,999",10
R5T,"$150,000 to $249,999",10
R5T,"$250,000 and over",0
R6M,"Under $5,000",780
R6M,"$5,000 to $9,999",470
R6M,"$10,000 to $14,999",670
R6M,"$15,000 to $19,999",680
R6M,"$20,000 to $24,999",740
R6M,"$25,000 to $29,999",640
R6M,"$30,000 to $34,999",520
R6M,"$35,000 to $39,999",660
R6M,"$40,000 to $44,999",580
R6M,"$45,000 to $49,999",550
R6M,"$50,000 to $54,999",410
R6M,"$55,000 to $59,999",290
R6M,"$60,000 to $69,999",490
R6M,"$70,000 to $79,999",400
R6M,"$80,000 to $89,999",300
R6M,"$90,000 to $99,999",210
R6M,"$100,000 to $149,999",320
R6M,"$150,000 to $249,999",110
R6M,"$250,000 and over",50
R6W,"Under $5,000",1910
R6W,"$5,000 to $9,999",990
R6W,"$10,000 to $14,999",1240
R6W,"$15,000 to $19,999",1280
R6W,"$20,000 to $24,999",1190
R6W,"$25,000 to $29,999",1030
R6W,"$30,000 to $34,999",1020
R6W,"$35,000 to $39,999",1040
R6W,"$40,000 to $44,999",960
R6W,"$45,000 to $49,999",940
R6W,"$50,000 to $54,999",690
R6W,"$55,000 to $59,999",540
R6W,"$60,000 to $69,999",710
R6W,"$70,000 to $79,999",490
R6W,"$80,000 to $89,999",340
R6W,"$90,000 to $99,999",200
R6W,"$100,000 to $149,999",340
R6W,"$150,000 to $249,999",140
R6W,"$250,000 and over",90
R7A,"Under $5,000",2240
R7A,"$5,000 to $9,999",2440
R7A,"$10,000 to $14,999",2260
R7A,"$15,000 to $19,999",1910
R7A,"$20,000 to $24,999",1910
R7A,"$25,000 to $29,999",1510
R7A,"$30,000 to $34,999",1520
R7A,"$35,000 to $39,999",1550
R7A,"$40,000 to $44,999",1440
R7A,"$45,000 to $49,999",1320
R7A,"$50,000 to $54,999",1040
R7A,"$55,000 to $59,999",920
R7A,"$60,000 to $69,999",1420
R7A,"$70,000 to $79,999",1150
R7A,"$80,000 to $89,999",910
R7A,"$90,000 to $99,999",600
R7A,"$100,000 to $149,999",1040
R7A,"$150,000 to $249,999",260
R7A,"$250,000 and over",110
R7B,"Under $5,000",1330
R7B,"$5,000 to $9,999",840
R7B,"$10,000 to $14,999",1090
R7B,"$15,000 to $19,999",1080
R7B,"$20,000 to $24,999",1170
R7B,"$25,000 to $29,999",1040
R7B,"$30,000 to $34,999",1060
R7B,"$35,000 to $39,999",1110
R7B,"$40,000 to $44,999",950
R7B,"$45,000 to $49,999",1050
R7B,"$50,000 to $54,999",760
R7B,"$55,000 to $59,999",770
R7B,"$60,000 to $69,999",1110
R7B,"$70,000 to $79,999",980
R7B,"$80,000 to $89,999",830
R7B,"$90,000 to $99,999",610
R7B,"$100,000 to $149,999",1150
R7B,"$150,000 to $249,999",360
R7B,"$250,000 and over",190
R7C,"Under $5,000",110
R7C,"$5,000 to $9,999",80
R7C,"$10,000 to $14,999",110
R7C,"$15,000 to $19,999",130
R7C,"$20,000 to $24,999",160
R7C,"$25,000 to $29,999",160
R7C,"$30,000 to $34,999",140
R7C,"$35,000 to $39,999",170
R7C,"$40,000 to $44,999",140
R7C,"$45,000 to $49,999",140
R7C,"$50,000 to $54,999",100
R7C,"$55,000 to $59,999",110
R7C,"$60,000 to $69,999",150
R7C,"$70,000 to $79,999",110
R7C,"$80,000 to $89,999",90
R7C,"$90,000 to $99,999",50
R7C,"$100,000 to $149,999",120
R7C,"$150,000 to $249,999",50
R7C,"$250,000 and over",20
R7N,"Under $5,000",530
R7N,"$5,000 to $9,999",480
R7N,"$10,000 to $14,999",590
R7N,"$15,000 to $19,999",790
R7N,"$20,000 to $24,999",770
R7N,"$25,000 to $29,999",600
R7N,"$30,000 to $34,999",570
R7N,"$35,000 to $39,999",510
R7N,"$40,000 to $44,999",510
R7N,"$45,000 to $49,999",430
R7N,"$50,000 to $54,999",330
R7N,"$55,000 to $59,999",280
R7N,"$60,000 to $69,999",480
R7N,"$70,000 to $79,999",390
R7N,"$80,000 to $89,999",270
R7N,"$90,000 to $99,999",200
R7N,"$100,000 to $149,999",360
R7N,"$150,000 to $249,999",120
R7N,"$250,000 and over",40
R8A,"Under $5,000",240
R8A,"$5,000 to $9,999",210
R8A,"$10,000 to $14,999",260
R8A,"$15,000 to $19,999",280
R8A,"$20,000 to $24,999",310
R8A,"$25,000 to $29,999",270
R8A,"$30,000 to $34,999",290
R8A,"$35,000 to $39,999",260
R8A,"$40,000 to $44,999",250
R8A,"$45,000 to $49,999",240
R8A,"$50,000 to $54,999",210
R8A,"$55,000 to $59,999",170
R8A,"$60,000 to $69,999",240
R8A,"$70,000 to $79,999",230
R8A,"$80,000 to $89,999",230
R8A,"$90,000 to $99,999",210
R8A,"$100,000 to $149,999",540
R8A,"$150,000 to $249,999",140
R8A,"$250,000 and over",30
R8N,"Under $5,000",1120
R8N,"$5,000 to $9,999",520
R8N,"$10,000 to $14,999",620
R8N,"$15,000 to $19,999",620
R8N,"$20,000 to $24,999",520
R8N,"$25,000 to $29,999",490
R8N,"$30,000 to $34,999",440
R8N,"$35,000 to $39,999",410
R8N,"$40,000 to $44,999",410
R8N,"$45,000 to $49,999",380
R8N,"$50,000 to $54,999",330
R8N,"$55,000 to $59,999",290
R8N,"$60,000 to $69,999",500
R8N,"$70,000 to $79,999",380
R8N,"$80,000 to $89,999",350
R8N,"$90,000 to $99,999",340
R8N,"$100,000 to $149,999",1260
R8N,"$150,000 to $249,999",330
R8N,"$250,000 and over",50
R9A,"Under $5,000",930
R9A,"$5,000 to $9,999",390
R9A,"$10,000 to $14,999",360
R9A,"$15,000 to $19,999",390
R9A,"$20,000 to $24,999",350
R9A,"$25,000 to $29,999",290
R9A,"$30,000 to $34,999",290
R9A,"$35,000 to $39,999",310
R9A,"$40,000 to $44,999",240
R9A,"$45,000 to $49,999",300
R9A,"$50,000 to $54,999",240
R9A,"$55,000 to $59,999",190
R9A,"$60,000 to $69,999",340
R9A,"$70,000 to $79,999",280
R9A,"$80,000 to $89,999",250
R9A,"$90,000 to $99,999",270
R9A,"$100,000 to $149,999",450
R9A,"$150,000 to $249,999",110
R9A,"$250,000 and over",30
S0A,"Under $5,000",5000
S0A,"$5,000 to $9,999",2180
S0A,"$10,000 to $14,999",2850
S0A,"$15,000 to $19,999",3400
S0A,"$20,000 to $24,999",4390
S0A,"$25,000 to $29,999",2500
S0A,"$30,000 to $34,999",2240
S0A,"$35,000 to $39,999",2140
S0A,"$40,000 to $44,999",2010
S0A,"$45,000 to $49,999",1990
S0A,"$50,000 to $54,999",1630
S0A,"$55,000 to $59,999",1330
S0A,"$60,000 to $69,999",2130
S0A,"$70,000 to $79,999",1640
S0A,"$80,000 to $89,999",1310
S0A,"$90,000 to $99,999",940
S0A,"$100,000 to $149,999",2540
S0A,"$150,000 to $249,999",1030
S0A,"$250,000 and over",200
S0C,"Under $5,000",1480
S0C,"$5,000 to $9,999",810
S0C,"$10,000 to $14,999",980
S0C,"$15,000 to $19,999",970
S0C,"$20,000 to $24,999",1220
S0C,"$25,000 to $29,999",910
S0C,"$30,000 to $34,999",840
S0C,"$35,000 to $39,999",830
S0C,"$40,000 to $44,999",830
S0C,"$45,000 to $49,999",810
S0C,"$50,000 to $54,999",660
S0C,"$55,000 to $59,999",550
S0C,"$60,000 to $69,999",1020
S0C,"$70,000 to $79,999",900
S0C,"$80,000 to $89,999",740
S0C,"$90,000 to $99,999",610
S0C,"$100,000 to $149,999",1430
S0C,"$150,000 to $249,999",590
S0C,"$250,000 and over",170
S0E,"Under $5,000",3060
S0E,"$5,000 to $9,999",1390
S0E,"$10,000 to $14,999",1970
S0E,"$15,000 to $19,999",2070
S0E,"$20,000 to $24,999",2520
S0E,"$25,000 to $29,999",1580
S0E,"$30,000 to $34,999",1400
S0E,"$35,000 to $39,999",1360
S0E,"$40,000 to $44,999",1240
S0E,"$45,000 to $49,999",1310
S0E,"$50,000 to $54,999",1070
S0E,"$55,000 to $59,999",1000
S0E,"$60,000 to $69,999",1470
S0E,"$70,000 to $79,999",1200
S0E,"$80,000 to $89,999",960
S0E,"$90,000 to $99,999",770
S0E,"$100,000 to $149,999",1370
S0E,"$150,000 to $249,999",470
S0E,"$250,000 and over",180
S0G,"Under $5,000",5700
S0G,"$5,000 to $9,999",2360
S0G,"$10,000 to $14,999",3010
S0G,"$15,000 to $19,999",3300
S0G,"$20,000 to $24,999",3950
S0G,"$25,000 to $29,999",2830
S0G,"$30,000 to $34,999",2550
S0G,"$35,000 to $39,999",2540
S0G,"$40,000 to $44,999",2400
S0G,"$45,000 to $49,999",2610
S0G,"$50,000 to $54,999",2140
S0G,"$55,000 to $59,999",2000
S0G,"$60,000 to $69,999",3170
S0G,"$70,000 to $79,999",2570
S0G,"$80,000 to $89,999",2060
S0G,"$90,000 to $99,999",1640
S0G,"$100,000 to $149,999",3590
S0G,"$150,000 to $249,999",1260
S0G,"$250,000 and over",400
S0H,"Under $5,000",1210
S0H,"$5,000 to $9,999",830
S0H,"$10,000 to $14,999",1370
S0H,"$15,000 to $19,999",1280
S0H,"$20,000 to $24,999",1510
S0H,"$25,000 to $29,999",1100
S0H,"$30,000 to $34,999",920
S0H,"$35,000 to $39,999",940
S0H,"$40,000 to $44,999",890
S0H,"$45,000 to $49,999",970
S0H,"$50,000 to $54,999",730
S0H,"$55,000 to $59,999",660
S0H,"$60,000 to $69,999",1040
S0H,"$70,000 to $79,999",820
S0H,"$80,000 to $89,999",590
S0H,"$90,000 to $99,999",460
S0H,"$100,000 to $149,999",970
S0H,"$150,000 to $249,999",300
S0H,"$250,000 and over",120
S0J,"Under $5,000",11880
S0J,"$5,000 to $9,999",1970
S0J,"$10,000 to $14,999",2320
S0J,"$15,000 to $19,999",2390
S0J,"$20,000 to $24,999",2910
S0J,"$25,000 to $29,999",1530
S0J,"$30,000 to $34,999",1460
S0J,"$35,000 to $39,999",1350
S0J,"$40,000 to $44,999",1290
S0J,"$45,000 to $49,999",1290
S0J,"$50,000 to $54,999",950
S0J,"$55,000 to $59,999",840
S0J,"$60,000 to $69,999",1350
S0J,"$70,000 to $79,999",1170
S0J,"$80,000 to $89,999",890
S0J,"$90,000 to $99,999",700
S0J,"$100,000 to $149,999",1410
S0J,"$150,000 to $249,999",450
S0J,"$250,000 and over",120
S0K,"Under $5,000",6040
S0K,"$5,000 to $9,999",3370
S0K,"$10,000 to $14,999",4130
S0K,"$15,000 to $19,999",4440
S0K,"$20,000 to $24,999",5150
S0K,"$25,000 to $29,999",3830
S0K,"$30,000 to $34,999",3440
S0K,"$35,000 to $39,999",3640
S0K,"$40,000 to $44,999",3430
S0K,"$45,000 to $49,999",3590
S0K,"$50,000 to $54,999",3000
S0K,"$55,000 to $59,999",2740
S0K,"$60,000 to $69,999",4590
S0K,"$70,000 to $79,999",3840
S0K,"$80,000 to $89,999",2900
S0K,"$90,000 to $99,999",2350
S0K,"$100,000 to $149,999",5310
S0K,"$150,000 to $249,999",1870
S0K,"$250,000 and over",430
S0L,"Under $5,000",1440
S0L,"$5,000 to $9,999",1130
S0L,"$10,000 to $14,999",1590
S0L,"$15,000 to $19,999",1750
S0L,"$20,000 to $24,999",1840
S0L,"$25,000 to $29,999",1440
S0L,"$30,000 to $34,999",1400
S0L,"$35,000 to $39,999",1330
S0L,"$40,000 to $44,999",1330
S0L,"$45,000 to $49,999",1340
S0L,"$50,000 to $54,999",1120
S0L,"$55,000 to $59,999",940
S0L,"$60,000 to $69,999",1590
S0L,"$70,000 to $79,999",1350
S0L,"$80,000 to $89,999",1080
S0L,"$90,000 to $99,999",860
S0L,"$100,000 to $149,999",1870
S0L,"$150,000 to $249,999",730
S0L,"$250,000 and over",240
S0M,"Under $5,000",9610
S0M,"$5,000 to $9,999",2110
S0M,"$10,000 to $14,999",2300
S0M,"$15,000 to $19,999",2380
S0M,"$20,000 to $24,999",2760
S0M,"$25,000 to $29,999",1580
S0M,"$30,000 to $34,999",1350
S0M,"$35,000 to $39,999",1300
S0M,"$40,000 to $44,999",1280
S0M,"$45,000 to $49,999",1290
S0M,"$50,000 to $54,999",1010
S0M,"$55,000 to $59,999",830
S0M,"$60,000 to $69,999",1490
S0M,"$70,000 to $79,999",1280
S0M,"$80,000 to $89,999",1040
S0M,"$90,000 to $99,999",820
S0M,"$100,000 to $149,999",1630
S0M,"$150,000 to $249,999",680
S0M,"$250,000 and over",180
S0N,"Under $5,000",1250
S0N,"$5,000 to $9,999",830
S0N,"$10,000 to $14,999",1660
S0N,"$15,000 to $19,999",1450
S0N,"$20,000 to $24,999",1410
S0N,"$25,000 to $29,999",890
S0N,"$30,000 to $34,999",980
S0N,"$35,000 to $39,999",870
S0N,"$40,000 to $44,999",790
S0N,"$45,000 to $49,999",1000
S0N,"$50,000 to $54,999",630
S0N,"$55,000 to $59,999",530
S0N,"$60,000 to $69,999",860
S0N,"$70,000 to $79,999",810
S0N,"$80,000 to $89,999",550
S0N,"$90,000 to $99,999",470
S0N,"$100,000 to $149,999",800
S0N,"$150,000 to $249,999",330
S0N,"$250,000 and over",130
S0P,"Under $5,000",2420
S0P,"$5,000 to $9,999",250
S0P,"$10,000 to $14,999",270
S0P,"$15,000 to $19,999",230
S0P,"$20,000 to $24,999",290
S0P,"$25,000 to $29,999",130
S0P,"$30,000 to $34,999",130
S0P,"$35,000 to $39,999",110
S0P,"$40,000 to $44,999",100
S0P,"$45,000 to $49,999",140
S0P,"$50,000 to $54,999",80
S0P,"$55,000 to $59,999",80
S0P,"$60,000 to $69,999",100
S0P,"$70,000 to $79,999",110
S0P,"$80,000 to $89,999",110
S0P,"$90,000 to $99,999",100
S0P,"$100,000 to $149,999",270
S0P,"$150,000 to $249,999",60
S0P,"$250,000 and over",10
S2V,"Under $5,000",30
S2V,"$5,000 to $9,999",20
S2V,"$10,000 to $14,999",30
S2V,"$15,000 to $19,999",30
S2V,"$20,000 to $24,999",30
S2V,"$25,000 to $29,999",20
S2V,"$30,000 to $34,999",30
S2V,"$35,000 to $39,999",40
S2V,"$40,000 to $44,999",30
S2V,"$45,000 to $49,999",40
S2V,"$50,000 to $54,999",20
S2V,"$55,000 to $59,999",20
S2V,"$60,000 to $69,999",50
S2V,"$70,000 to $79,999",40
S2V,"$80,000 to $89,999",30
S2V,"$90,000 to $99,999",30
S2V,"$100,000 to $149,999",100
S2V,"$150,000 to $249,999",40
S2V,"$250,000 and over",20
S3N,"Under $5,000",1180
S3N,"$5,000 to $9,999",780
S3N,"$10,000 to $14,999",980
S3N,"$15,000 to $19,999",1180
S3N,"$20,000 to $24,999",1450
S3N,"$25,000 to $29,999",990
S3N,"$30,000 to $34,999",830
S3N,"$35,000 to $39,999",850
S3N,"$40,000 to $44,999",850
S3N,"$45,000 to $49,999",900
S3N,"$50,000 to $54,999",700
S3N,"$55,000 to $59,999",590
S3N,"$60,000 to $69,999",1060
S3N,"$70,000 to $79,999",770
S3N,"$80,000 to $89,999",630
S3N,"$90,000 to $99,999",470
S3N,"$100,000 to $149,999",990
S3N,"$150,000 to $249,999",310
S3N,"$250,000 and over",90
S4A,"Under $5,000",680
S4A,"$5,000 to $9,999",430
S4A,"$10,000 to $14,999",490
S4A,"$15,000 to $19,999",560
S4A,"$20,000 to $24,999",630
S4A,"$25,000 to $29,999",520
S4A,"$30,000 to $34,999",500
S4A,"$35,000 to $39,999",470
S4A,"$40,000 to $44,999",480
S4A,"$45,000 to $49,999",500
S4A,"$50,000 to $54,999",420
S4A,"$55,000 to $59,999",390
S4A,"$60,000 to $69,999",680
S4A,"$70,000 to $79,999",610
S4A,"$80,000 to $89,999",490
S4A,"$90,000 to $99,999",410
S4A,"$100,000 to $149,999",1200
S4A,"$150,000 to $249,999",540
S4A,"$250,000 and over",120
S4H,"Under $5,000",610
S4H,"$5,000 to $9,999",430
S4H,"$10,000 to $14,999",560
S4H,"$15,000 to $19,999",590
S4H,"$20,000 to $24,999",750
S4H,"$25,000 to $29,999",580
S4H,"$30,000 to $34,999",530
S4H,"$35,000 to $39,999",520
S4H,"$40,000 to $44,999",510
S4H,"$45,000 to $49,999",540
S4H,"$50,000 to $54,999",480
S4H,"$55,000 to $59,999",430
S4H,"$60,000 to $69,999",700
S4H,"$70,000 to $79,999",550
S4H,"$80,000 to $89,999",460
S4H,"$90,000 to $99,999",390
S4H,"$100,000 to $149,999",830
S4H,"$150,000 to $249,999",310
S4H,"$250,000 and over",90
S4K,"Under $5,000",0
S4K,"$5,000 to $9,999",0
S4K,"$10,000 to $14,999",0
S4K,"$15,000 to $19,999",0
S4K,"$20,000 to $24,999",0
S4K,"$25,000 to $29,999",0
S4K,"$30,000 to $34,999",0
S4K,"$35,000 to $39,999",0
S4K,"$40,000 to $44,999",0
S4K,"$45,000 to $49,999",0
S4K,"$50,000 to $54,999",0
S4K,"$55,000 to $59,999",0
S4K,"$60,000 to $69,999",0
S4K,"$70,000 to $79,999",0
S4K,"$80,000 to $89,999",0
S4K,"$90,000 to $99,999",0
S4K,"$100,000 to $149,999",0
S4K,"$150,000 to $249,999",0
S4K,"$250,000 and over",0
S4L,"Under $5,000",240
S4L,"$5,000 to $9,999",190
S4L,"$10,000 to $14,999",220
S4L,"$15,000 to $19,999",190
S4L,"$20,000 to $24,999",200
S4L,"$25,000 to $29,999",150
S4L,"$30,000 to $34,999",140
S4L,"$35,000 to $39,999",140
S4L,"$40,000 to $44,999",170
S4L,"$45,000 to $49,999",210
S4L,"$50,000 to $54,999",180
S4L,"$55,000 to $59,999",190
S4L,"$60,000 to $69,999",310
S4L,"$70,000 to $79,999",300
S4L,"$80,000 to $89,999",270
S4L,"$90,000 to $99,999",300
S4L,"$100,000 to $149,999",780
S4L,"$150,000 to $249,999",390
S4L,"$250,000 and over",140
S4M,"Under $5,000",0
S4M,"$5,000 to $9,999",0
S4M,"$10,000 to $14,999",0
S4M,"$15,000 to $19,999",0
S4M,"$20,000 to $24,999",0
S4M,"$25,000 to $29,999",0
S4M,"$30,000 to $34,999",0
S4M,"$35,000 to $39,999",0
S4M,"$40,000 to $44,999",0
S4M,"$45,000 to $49,999",0
S4M,"$50,000 to $54,999",0
S4M,"$55,000 to $59,999",0
S4M,"$60,000 to $69,999",0
S4M,"$70,000 to $79,999",0
S4M,"$80,000 to $89,999",0
S4M,"$90,000 to $99,999",0
S4M,"$100,000 to $149,999",0
S4M,"$150,000 to $249,999",0
S4M,"$250,000 and over",0
S4N,"Under $5,000",2240
S4N,"$5,000 to $9,999",1210
S4N,"$10,000 to $14,999",1500
S4N,"$15,000 to $19,999",1610
S4N,"$20,000 to $24,999",1840
S4N,"$25,000 to $29,999",1410
S4N,"$30,000 to $34,999",1370
S4N,"$35,000 to $39,999",1390
S4N,"$40,000 to $44,999",1400
S4N,"$45,000 to $49,999",1340
S4N,"$50,000 to $54,999",1160
S4N,"$55,000 to $59,999",1020
S4N,"$60,000 to $69,999",1820
S4N,"$70,000 to $79,999",1270
S4N,"$80,000 to $89,999",990
S4N,"$90,000 to $99,999",790
S4N,"$100,000 to $149,999",1300
S4N,"$150,000 to $249,999",290
S4N,"$250,000 and over",70
S4P,"Under $5,000",1100
S4P,"$5,000 to $9,999",650
S4P,"$10,000 to $14,999",860
S4P,"$15,000 to $19,999",1380
S4P,"$20,000 to $24,999",1710
S4P,"$25,000 to $29,999",790
S4P,"$30,000 to $34,999",630
S4P,"$35,000 to $39,999",570
S4P,"$40,000 to $44,999",530
S4P,"$45,000 to $49,999",490
S4P,"$50,000 to $54,999",430
S4P,"$55,000 to $59,999",340
S4P,"$60,000 to $69,999",630
S4P,"$70,000 to $79,999",480
S4P,"$80,000 to $89,999",380
S4P,"$90,000 to $99,999",290
S4P,"$100,000 to $149,999",640
S4P,"$150,000 to $249,999",250
S4P,"$250,000 and over",120
S4R,"Under $5,000",2330
S4R,"$5,000 to $9,999",1370
S4R,"$10,000 to $14,999",1570
S4R,"$15,000 to $19,999",1750
S4R,"$20,000 to $24,999",2250
S4R,"$25,000 to $29,999",1600
S4R,"$30,000 to $34,999",1550
S4R,"$35,000 to $39,999",1700
S4R,"$40,000 to $44,999",1680
S4R,"$45,000 to $49,999",1720
S4R,"$50,000 to $54,999",1410
S4R,"$55,000 to $59,999",1260
S4R,"$60,000 to $69,999",2150
S4R,"$70,000 to $79,999",1560
S4R,"$80,000 to $89,999",1170
S4R,"$90,000 to $99,999",860
S4R,"$100,000 to $149,999",1450
S4R,"$150,000 to $249,999",340
S4R,"$250,000 and over",90
S4S,"Under $5,000",3210
S4S,"$5,000 to $9,999",1520
S4S,"$10,000 to $14,999",1560
S4S,"$15,000 to $19,999",1590
S4S,"$20,000 to $24,999",1690
S4S,"$25,000 to $29,999",1410
S4S,"$30,000 to $34,999",1380
S4S,"$35,000 to $39,999",1350
S4S,"$40,000 to $44,999",1300
S4S,"$45,000 to $49,999",1460
S4S,"$50,000 to $54,999",1200
S4S,"$55,000 to $59,999",1110
S4S,"$60,000 to $69,999",1880
S4S,"$70,000 to $79,999",1630
S4S,"$80,000 to $89,999",1380
S4S,"$90,000 to $99,999",1160
S4S,"$100,000 to $149,999",2450
S4S,"$150,000 to $249,999",1010
S4S,"$250,000 and over",440
S4T,"Under $5,000",2270
S4T,"$5,000 to $9,999",1360
S4T,"$10,000 to $14,999",1660
S4T,"$15,000 to $19,999",1830
S4T,"$20,000 to $24,999",2170
S4T,"$25,000 to $29,999",1400
S4T,"$30,000 to $34,999",1210
S4T,"$35,000 to $39,999",1250
S4T,"$40,000 to $44,999",1310
S4T,"$45,000 to $49,999",1220
S4T,"$50,000 to $54,999",1050
S4T,"$55,000 to $59,999",1000
S4T,"$60,000 to $69,999",1620
S4T,"$70,000 to $79,999",1180
S4T,"$80,000 to $89,999",870
S4T,"$90,000 to $99,999",700
S4T,"$100,000 to $149,999",1180
S4T,"$150,000 to $249,999",310
S4T,"$250,000 and over",80
S4V,"Under $5,000",2040
S4V,"$5,000 to $9,999",1010
S4V,"$10,000 to $14,999",1050
S4V,"$15,000 to $19,999",1050
S4V,"$20,000 to $24,999",1200
S4V,"$25,000 to $29,999",980
S4V,"$30,000 to $34,999",930
S4V,"$35,000 to $39,999",1010
S4V,"$40,000 to $44,999",1030
S4V,"$45,000 to $49,999",1240
S4V,"$50,000 to $54,999",1020
S4V,"$55,000 to $59,999",970
S4V,"$60,000 to $69,999",1780
S4V,"$70,000 to $79,999",1640
S4V,"$80,000 to $89,999",1480
S4V,"$90,000 to $99,999",1300
S4V,"$100,000 to $149,999",3160
S4V,"$150,000 to $249,999",1440
S4V,"$250,000 and over",680
S4W,"Under $5,000",1210
S4W,"$5,000 to $9,999",500
S4W,"$10,000 to $14,999",440
S4W,"$15,000 to $19,999",470
S4W,"$20,000 to $24,999",460
S4W,"$25,000 to $29,999",410
S4W,"$30,000 to $34,999",440
S4W,"$35,000 to $39,999",420
S4W,"$40,000 to $44,999",460
S4W,"$45,000 to $49,999",450
S4W,"$50,000 to $54,999",410
S4W,"$55,000 to $59,999",400
S4W,"$60,000 to $69,999",730
S4W,"$70,000 to $79,999",660
S4W,"$80,000 to $89,999",490
S4W,"$90,000 to $99,999",370
S4W,"$100,000 to $149,999",920
S4W,"$150,000 to $249,999",270
S4W,"$250,000 and over",90
S4X,"Under $5,000",1440
S4X,"$5,000 to $9,999",820
S4X,"$10,000 to $14,999",970
S4X,"$15,000 to $19,999",990
S4X,"$20,000 to $24,999",1060
S4X,"$25,000 to $29,999",950
S4X,"$30,000 to $34,999",910
S4X,"$35,000 to $39,999",1050
S4X,"$40,000 to $44,999",1150
S4X,"$45,000 to $49,999",1300
S4X,"$50,000 to $54,999",1100
S4X,"$55,000 to $59,999",990
S4X,"$60,000 to $69,999",1830
S4X,"$70,000 to $79,999",1630
S4X,"$80,000 to $89,999",1380
S4X,"$90,000 to $99,999",1210
S4X,"$100,000 to $149,999",2450
S4X,"$150,000 to $249,999",760
S4X,"$250,000 and over",180
S4Y,"Under $5,000",240
S4Y,"$5,000 to $9,999",140
S4Y,"$10,000 to $14,999",150
S4Y,"$15,000 to $19,999",130
S4Y,"$20,000 to $24,999",140
S4Y,"$25,000 to $29,999",130
S4Y,"$30,000 to $34,999",130
S4Y,"$35,000 to $39,999",180
S4Y,"$40,000 to $44,999",170
S4Y,"$45,000 to $49,999",180
S4Y,"$50,000 to $54,999",180
S4Y,"$55,000 to $59,999",170
S4Y,"$60,000 to $69,999",340
S4Y,"$70,000 to $79,999",300
S4Y,"$80,000 to $89,999",280
S4Y,"$90,000 to $99,999",280
S4Y,"$100,000 to $149,999",630
S4Y,"$150,000 to $249,999",210
S4Y,"$250,000 and over",50
S4Z,"Under $5,000",60
S4Z,"$5,000 to $9,999",30
S4Z,"$10,000 to $14,999",40
S4Z,"$15,000 to $19,999",40
S4Z,"$20,000 to $24,999",50
S4Z,"$25,000 to $29,999",60
S4Z,"$30,000 to $34,999",50
S4Z,"$35,000 to $39,999",60
S4Z,"$40,000 to $44,999",50
S4Z,"$45,000 to $49,999",70
S4Z,"$50,000 to $54,999",60
S4Z,"$55,000 to $59,999",60
S4Z,"$60,000 to $69,999",90
S4Z,"$70,000 to $79,999",80
S4Z,"$80,000 to $89,999",70
S4Z,"$90,000 to $99,999",50
S4Z,"$100,000 to $149,999",80
S4Z,"$150,000 to $249,999",20
S4Z,"$250,000 and over",10
S6H,"Under $5,000",1740
S6H,"$5,000 to $9,999",1180
S6H,"$10,000 to $14,999",1530
S6H,"$15,000 to $19,999",1670
S6H,"$20,000 to $24,999",2140
S6H,"$25,000 to $29,999",1570
S6H,"$30,000 to $34,999",1450
S6H,"$35,000 to $39,999",1440
S6H,"$40,000 to $44,999",1280
S6H,"$45,000 to $49,999",1320
S6H,"$50,000 to $54,999",1070
S6H,"$55,000 to $59,999",900
S6H,"$60,000 to $69,999",1420
S6H,"$70,000 to $79,999",1130
S6H,"$80,000 to $89,999",980
S6H,"$90,000 to $99,999",710
S6H,"$100,000 to $149,999",1420
S6H,"$150,000 to $249,999",480
S6H,"$250,000 and over",130
S6J,"Under $5,000",310
S6J,"$5,000 to $9,999",160
S6J,"$10,000 to $14,999",210
S6J,"$15,000 to $19,999",270
S6J,"$20,000 to $24,999",270
S6J,"$25,000 to $29,999",210
S6J,"$30,000 to $34,999",190
S6J,"$35,000 to $39,999",220
S6J,"$40,000 to $44,999",190
S6J,"$45,000 to $49,999",250
S6J,"$50,000 to $54,999",160
S6J,"$55,000 to $59,999",140
S6J,"$60,000 to $69,999",260
S6J,"$70,000 to $79,999",220
S6J,"$80,000 to $89,999",190
S6J,"$90,000 to $99,999",170
S6J,"$100,000 to $149,999",420
S6J,"$150,000 to $249,999",220
S6J,"$250,000 and over",60
S6K,"Under $5,000",70
S6K,"$5,000 to $9,999",50
S6K,"$10,000 to $14,999",40
S6K,"$15,000 to $19,999",50
S6K,"$20,000 to $24,999",60
S6K,"$25,000 to $29,999",40
S6K,"$30,000 to $34,999",30
S6K,"$35,000 to $39,999",40
S6K,"$40,000 to $44,999",50
S6K,"$45,000 to $49,999",50
S6K,"$50,000 to $54,999",40
S6K,"$55,000 to $59,999",30
S6K,"$60,000 to $69,999",70
S6K,"$70,000 to $79,999",60
S6K,"$80,000 to $89,999",60
S6K,"$90,000 to $99,999",40
S6K,"$100,000 to $149,999",140
S6K,"$150,000 to $249,999",60
S6K,"$250,000 and over",10
S6V,"Under $5,000",3930
S6V,"$5,000 to $9,999",1990
S6V,"$10,000 to $14,999",2230
S6V,"$15,000 to $19,999",2310
S6V,"$20,000 to $24,999",2640
S6V,"$25,000 to $29,999",1810
S6V,"$30,000 to $34,999",1620
S6V,"$35,000 to $39,999",1670
S6V,"$40,000 to $44,999",1570
S6V,"$45,000 to $49,999",1480
S6V,"$50,000 to $54,999",1240
S6V,"$55,000 to $59,999",1120
S6V,"$60,000 to $69,999",1810
S6V,"$70,000 to $79,999",1480
S6V,"$80,000 to $89,999",1220
S6V,"$90,000 to $99,999",910
S6V,"$100,000 to $149,999",1720
S6V,"$150,000 to $249,999",470
S6V,"$250,000 and over",150
S6W,"Under $5,000",10
S6W,"$5,000 to $9,999",0
S6W,"$10,000 to $14,999",10
S6W,"$15,000 to $19,999",10
S6W,"$20,000 to $24,999",10
S6W,"$25,000 to $29,999",10
S6W,"$30,000 to $34,999",10
S6W,"$35,000 to $39,999",10
S6W,"$40,000 to $44,999",20
S6W,"$45,000 to $49,999",20
S6W,"$50,000 to $54,999",10
S6W,"$55,000 to $59,999",10
S6W,"$60,000 to $69,999",10
S6W,"$70,000 to $79,999",10
S6W,"$80,000 to $89,999",0
S6W,"$90,000 to $99,999",10
S6W,"$100,000 to $149,999",20
S6W,"$150,000 to $249,999",20
S6W,"$250,000 and over",10
S6X,"Under $5,000",140
S6X,"$5,000 to $9,999",80
S6X,"$10,000 to $14,999",60
S6X,"$15,000 to $19,999",60
S6X,"$20,000 to $24,999",60
S6X,"$25,000 to $29,999",60
S6X,"$30,000 to $34,999",70
S6X,"$35,000 to $39,999",60
S6X,"$40,000 to $44,999",90
S6X,"$45,000 to $49,999",70
S6X,"$50,000 to $54,999",70
S6X,"$55,000 to $59,999",70
S6X,"$60,000 to $69,999",120
S6X,"$70,000 to $79,999",100
S6X,"$80,000 to $89,999",120
S6X,"$90,000 to $99,999",120
S6X,"$100,000 to $149,999",260
S6X,"$150,000 to $249,999",90
S6X,"$250,000 and over",30
S7A,"Under $5,000",0
S7A,"$5,000 to $9,999",0
S7A,"$10,000 to $14,999",0
S7A,"$15,000 to $19,999",0
S7A,"$20,000 to $24,999",0
S7A,"$25,000 to $29,999",0
S7A,"$30,000 to $34,999",0
S7A,"$35,000 to $39,999",0
S7A,"$40,000 to $44,999",0
S7A,"$45,000 to $49,999",0
S7A,"$50,000 to $54,999",0
S7A,"$55,000 to $59,999",0
S7A,"$60,000 to $69,999",0
S7A,"$70,000 to $79,999",0
S7A,"$80,000 to $89,999",0
S7A,"$90,000 to $99,999",0
S7A,"$100,000 to $149,999",10
S7A,"$150,000 to $249,999",0
S7A,"$250,000 and over",0
S7B,"Under $5,000",30
S7B,"$5,000 to $9,999",20
S7B,"$10,000 to $14,999",10
S7B,"$15,000 to $19,999",20
S7B,"$20,000 to $24,999",20
S7B,"$25,000 to $29,999",20
S7B,"$30,000 to $34,999",20
S7B,"$35,000 to $39,999",20
S7B,"$40,000 to $44,999",10
S7B,"$45,000 to $49,999",20
S7B,"$50,000 to $54,999",10
S7B,"$55,000 to $59,999",10
S7B,"$60,000 to $69,999",20
S7B,"$70,000 to $79,999",10
S7B,"$80,000 to $89,999",10
S7B,"$90,000 to $99,999",10
S7B,"$100,000 to $149,999",10
S7B,"$150,000 to $249,999",0
S7B,"$250,000 and over",0
S7C,"Under $5,000",40
S7C,"$5,000 to $9,999",10
S7C,"$10,000 to $14,999",20
S7C,"$15,000 to $19,999",20
S7C,"$20,000 to $24,999",20
S7C,"$25,000 to $29,999",10
S7C,"$30,000 to $34,999",20
S7C,"$35,000 to $39,999",20
S7C,"$40,000 to $44,999",20
S7C,"$45,000 to $49,999",30
S7C,"$50,000 to $54,999",20
S7C,"$55,000 to $59,999",20
S7C,"$60,000 to $69,999",40
S7C,"$70,000 to $79,999",30
S7C,"$80,000 to $89,999",30
S7C,"$90,000 to $99,999",30
S7C,"$100,000 to $149,999",100
S7C,"$150,000 to $249,999",50
S7C,"$250,000 and over",10
S7H,"Under $5,000",3170
S7H,"$5,000 to $9,999",1590
S7H,"$10,000 to $14,999",1790
S7H,"$15,000 to $19,999",1980
S7H,"$20,000 to $24,999",2080
S7H,"$25,000 to $29,999",1650
S7H,"$30,000 to $34,999",1610
S7H,"$35,000 to $39,999",1580
S7H,"$40,000 to $44,999",1440
S7H,"$45,000 to $49,999",1480
S7H,"$50,000 to $54,999",1240
S7H,"$55,000 to $59,999",1140
S7H,"$60,000 to $69,999",1980
S7H,"$70,000 to $79,999",1580
S7H,"$80,000 to $89,999",1130
S7H,"$90,000 to $99,999",930
S7H,"$100,000 to $149,999",1840
S7H,"$150,000 to $249,999",770
S7H,"$250,000 and over",250
S7J,"Under $5,000",1840
S7J,"$5,000 to $9,999",1230
S7J,"$10,000 to $14,999",1320
S7J,"$15,000 to $19,999",1470
S7J,"$20,000 to $24,999",1940
S7J,"$25,000 to $29,999",1330
S7J,"$30,000 to $34,999",1320
S7J,"$35,000 to $39,999",1390
S7J,"$40,000 to $44,999",1250
S7J,"$45,000 to $49,999",1320
S7J,"$50,000 to $54,999",1140
S7J,"$55,000 to $59,999",1060
S7J,"$60,000 to $69,999",1770
S7J,"$70,000 to $79,999",1470
S7J,"$80,000 to $89,999",1130
S7J,"$90,000 to $99,999",960
S7J,"$100,000 to $149,999",1890
S7J,"$150,000 to $249,999",720
S7J,"$250,000 and over",290
S7K,"Under $5,000",2640
S7K,"$5,000 to $9,999",1540
S7K,"$10,000 to $14,999",1840
S7K,"$15,000 to $19,999",2250
S7K,"$20,000 to $24,999",2470
S7K,"$25,000 to $29,999",1740
S7K,"$30,000 to $34,999",1710
S7K,"$35,000 to $39,999",1660
S7K,"$40,000 to $44,999",1570
S7K,"$45,000 to $49,999",1740
S7K,"$50,000 to $54,999",1430
S7K,"$55,000 to $59,999",1290
S7K,"$60,000 to $69,999",2360
S7K,"$70,000 to $79,999",2010
S7K,"$80,000 to $89,999",1620
S7K,"$90,000 to $99,999",1210
S7K,"$100,000 to $149,999",2690
S7K,"$150,000 to $249,999",1270
S7K,"$250,000 and over",580
S7L,"Under $5,000",3160
S7L,"$5,000 to $9,999",1880
S7L,"$10,000 to $14,999",2280
S7L,"$15,000 to $19,999",2530
S7L,"$20,000 to $24,999",2660
S7L,"$25,000 to $29,999",2010
S7L,"$30,000 to $34,999",1880
S7L,"$35,000 to $39,999",1920
S7L,"$40,000 to $44,999",1800
S7L,"$45,000 to $49,999",1710
S7L,"$50,000 to $54,999",1520
S7L,"$55,000 to $59,999",1280
S7L,"$60,000 to $69,999",2050
S7L,"$70,000 to $79,999",1420
S7L,"$80,000 to $89,999",1040
S7L,"$90,000 to $99,999",740
S7L,"$100,000 to $149,999",1280
S7L,"$150,000 to $249,999",280
S7L,"$250,000 and over",60
S7M,"Under $5,000",2560
S7M,"$5,000 to $9,999",1580
S7M,"$10,000 to $14,999",2020
S7M,"$15,000 to $19,999",2190
S7M,"$20,000 to $24,999",2060
S7M,"$25,000 to $29,999",1490
S7M,"$30,000 to $34,999",1360
S7M,"$35,000 to $39,999",1380
S7M,"$40,000 to $44,999",1280
S7M,"$45,000 to $49,999",1210
S7M,"$50,000 to $54,999",1020
S7M,"$55,000 to $59,999",880
S7M,"$60,000 to $69,999",1330
S7M,"$70,000 to $79,999",1030
S7M,"$80,000 to $89,999",750
S7M,"$90,000 to $99,999",530
S7M,"$100,000 to $149,999",960
S7M,"$150,000 to $249,999",290
S7M,"$250,000 and over",110
S7N,"Under $5,000",2350
S7N,"$5,000 to $9,999",1260
S7N,"$10,000 to $14,999",1260
S7N,"$15,000 to $19,999",1230
S7N,"$20,000 to $24,999",1250
S7N,"$25,000 to $29,999",1050
S7N,"$30,000 to $34,999",990
S7N,"$35,000 to $39,999",1010
S7N,"$40,000 to $44,999",930
S7N,"$45,000 to $49,999",1040
S7N,"$50,000 to $54,999",860
S7N,"$55,000 to $59,999",750
S7N,"$60,000 to $69,999",1410
S7N,"$70,000 to $79,999",1150
S7N,"$80,000 to $89,999",900
S7N,"$90,000 to $99,999",750
S7N,"$100,000 to $149,999",1660
S7N,"$150,000 to $249,999",830
S7N,"$250,000 and over",410
S7P,"Under $5,000",10
S7P,"$5,000 to $9,999",10
S7P,"$10,000 to $14,999",0
S7P,"$15,000 to $19,999",0
S7P,"$20,000 to $24,999",0
S7P,"$25,000 to $29,999",10
S7P,"$30,000 to $34,999",10
S7P,"$35,000 to $39,999",10
S7P,"$40,000 to $44,999",0
S7P,"$45,000 to $49,999",10
S7P,"$50,000 to $54,999",10
S7P,"$55,000 to $59,999",10
S7P,"$60,000 to $69,999",10
S7P,"$70,000 to $79,999",10
S7P,"$80,000 to $89,999",10
S7P,"$90,000 to $99,999",10
S7P,"$100,000 to $149,999",20
S7P,"$150,000 to $249,999",30
S7P,"$250,000 and over",20
S7R,"Under $5,000",540
S7R,"$5,000 to $9,999",320
S7R,"$10,000 to $14,999",320
S7R,"$15,000 to $19,999",330
S7R,"$20,000 to $24,999",320
S7R,"$25,000 to $29,999",320
S7R,"$30,000 to $34,999",300
S7R,"$35,000 to $39,999",320
S7R,"$40,000 to $44,999",320
S7R,"$45,000 to $49,999",320
S7R,"$50,000 to $54,999",320
S7R,"$55,000 to $59,999",270
S7R,"$60,000 to $69,999",460
S7R,"$70,000 to $79,999",440
S7R,"$80,000 to $89,999",320
S7R,"$90,000 to $99,999",210
S7R,"$100,000 to $149,999",490
S7R,"$150,000 to $249,999",120
S7R,"$250,000 and over",20
S7S,"Under $5,000",370
S7S,"$5,000 to $9,999",250
S7S,"$10,000 to $14,999",280
S7S,"$15,000 to $19,999",250
S7S,"$20,000 to $24,999",240
S7S,"$25,000 to $29,999",200
S7S,"$30,000 to $34,999",230
S7S,"$35,000 to $39,999",230
S7S,"$40,000 to $44,999",200
S7S,"$45,000 to $49,999",230
S7S,"$50,000 to $54,999",170
S7S,"$55,000 to $59,999",200
S7S,"$60,000 to $69,999",320
S7S,"$70,000 to $79,999",270
S7S,"$80,000 to $89,999",260
S7S,"$90,000 to $99,999",250
S7S,"$100,000 to $149,999",490
S7S,"$150,000 to $249,999",240
S7S,"$250,000 and over",80
S7T,"Under $5,000",1160
S7T,"$5,000 to $9,999",560
S7T,"$10,000 to $14,999",500
S7T,"$15,000 to $19,999",520
S7T,"$20,000 to $24,999",560
S7T,"$25,000 to $29,999",480
S7T,"$30,000 to $34,999",500
S7T,"$35,000 to $39,999",510
S7T,"$40,000 to $44,999",490
S7T,"$45,000 to $49,999",530
S7T,"$50,000 to $54,999",450
S7T,"$55,000 to $59,999",410
S7T,"$60,000 to $69,999",820
S7T,"$70,000 to $79,999",700
S7T,"$80,000 to $89,999",640
S7T,"$90,000 to $99,999",630
S7T,"$100,000 to $149,999",1290
S7T,"$150,000 to $249,999",610
S7T,"$250,000 and over",250
S7V,"Under $5,000",1020
S7V,"$5,000 to $9,999",570
S7V,"$10,000 to $14,999",530
S7V,"$15,000 to $19,999",490
S7V,"$20,000 to $24,999",470
S7V,"$25,000 to $29,999",430
S7V,"$30,000 to $34,999",420
S7V,"$35,000 to $39,999",410
S7V,"$40,000 to $44,999",420
S7V,"$45,000 to $49,999",470
S7V,"$50,000 to $54,999",400
S7V,"$55,000 to $59,999",380
S7V,"$60,000 to $69,999",740
S7V,"$70,000 to $79,999",690
S7V,"$80,000 to $89,999",570
S7V,"$90,000 to $99,999",450
S7V,"$100,000 to $149,999",1110
S7V,"$150,000 to $249,999",580
S7V,"$250,000 and over",320
S7W,"Under $5,000",1190
S7W,"$5,000 to $9,999",650
S7W,"$10,000 to $14,999",610
S7W,"$15,000 to $19,999",530
S7W,"$20,000 to $24,999",540
S7W,"$25,000 to $29,999",470
S7W,"$30,000 to $34,999",480
S7W,"$35,000 to $39,999",490
S7W,"$40,000 to $44,999",430
S7W,"$45,000 to $49,999",510
S7W,"$50,000 to $54,999",490
S7W,"$55,000 to $59,999",430
S7W,"$60,000 to $69,999",770
S7W,"$70,000 to $79,999",680
S7W,"$80,000 to $89,999",620
S7W,"$90,000 to $99,999",570
S7W,"$100,000 to $149,999",1410
S7W,"$150,000 to $249,999",680
S7W,"$250,000 and over",220
S9A,"Under $5,000",1240
S9A,"$5,000 to $9,999",670
S9A,"$10,000 to $14,999",830
S9A,"$15,000 to $19,999",880
S9A,"$20,000 to $24,999",1010
S9A,"$25,000 to $29,999",730
S9A,"$30,000 to $34,999",650
S9A,"$35,000 to $39,999",610
S9A,"$40,000 to $44,999",650
S9A,"$45,000 to $49,999",650
S9A,"$50,000 to $54,999",590
S9A,"$55,000 to $59,999",430
S9A,"$60,000 to $69,999",710
S9A,"$70,000 to $79,999",570
S9A,"$80,000 to $89,999",430
S9A,"$90,000 to $99,999",340
S9A,"$100,000 to $149,999",600
S9A,"$150,000 to $249,999",190
S9A,"$250,000 and over",70
S9H,"Under $5,000",820
S9H,"$5,000 to $9,999",680
S9H,"$10,000 to $14,999",1000
S9H,"$15,000 to $19,999",1160
S9H,"$20,000 to $24,999",1240
S9H,"$25,000 to $29,999",930
S9H,"$30,000 to $34,999",910
S9H,"$35,000 to $39,999",980
S9H,"$40,000 to $44,999",870
S9H,"$45,000 to $49,999",900
S9H,"$50,000 to $54,999",720
S9H,"$55,000 to $59,999",640
S9H,"$60,000 to $69,999",1120
S9H,"$70,000 to $79,999",810
S9H,"$80,000 to $89,999",680
S9H,"$90,000 to $99,999",510
S9H,"$100,000 to $149,999",1070
S9H,"$150,000 to $249,999",440
S9H,"$250,000 and over",150
S9V,"Under $5,000",930
S9V,"$5,000 to $9,999",540
S9V,"$10,000 to $14,999",620
S9V,"$15,000 to $19,999",690
S9V,"$20,000 to $24,999",700
S9V,"$25,000 to $29,999",580
S9V,"$30,000 to $34,999",610
S9V,"$35,000 to $39,999",650
S9V,"$40,000 to $44,999",570
S9V,"$45,000 to $49,999",560
S9V,"$50,000 to $54,999",500
S9V,"$55,000 to $59,999",420
S9V,"$60,000 to $69,999",730
S9V,"$70,000 to $79,999",690
S9V,"$80,000 to $89,999",510
S9V,"$90,000 to $99,999",430
S9V,"$100,000 to $149,999",820
S9V,"$150,000 to $249,999",310
S9V,"$250,000 and over",60
S9X,"Under $5,000",890
S9X,"$5,000 to $9,999",390
S9X,"$10,000 to $14,999",420
S9X,"$15,000 to $19,999",450
S9X,"$20,000 to $24,999",540
S9X,"$25,000 to $29,999",340
S9X,"$30,000 to $34,999",320
S9X,"$35,000 to $39,999",300
S9X,"$40,000 to $44,999",330
S9X,"$45,000 to $49,999",300
S9X,"$50,000 to $54,999",230
S9X,"$55,000 to $59,999",220
S9X,"$60,000 to $69,999",370
S9X,"$70,000 to $79,999",290
S9X,"$80,000 to $89,999",240
S9X,"$90,000 to $99,999",190
S9X,"$100,000 to $149,999",440
S9X,"$150,000 to $249,999",110
S9X,"$250,000 and over",30
T0A,"Under $5,000",6360
T0A,"$5,000 to $9,999",2040
T0A,"$10,000 to $14,999",2690
T0A,"$15,000 to $19,999",2580
T0A,"$20,000 to $24,999",4530
T0A,"$25,000 to $29,999",2740
T0A,"$30,000 to $34,999",2180
T0A,"$35,000 to $39,999",1990
T0A,"$40,000 to $44,999",1750
T0A,"$45,000 to $49,999",1820
T0A,"$50,000 to $54,999",1550
T0A,"$55,000 to $59,999",1420
T0A,"$60,000 to $69,999",2420
T0A,"$70,000 to $79,999",2310
T0A,"$80,000 to $89,999",1800
T0A,"$90,000 to $99,999",1520
T0A,"$100,000 to $149,999",3410
T0A,"$150,000 to $249,999",1380
T0A,"$250,000 and over",310
T0B,"Under $5,000",3770
T0B,"$5,000 to $9,999",2320
T0B,"$10,000 to $14,999",3500
T0B,"$15,000 to $19,999",2900
T0B,"$20,000 to $24,999",4610
T0B,"$25,000 to $29,999",3120
T0B,"$30,000 to $34,999",2640
T0B,"$35,000 to $39,999",2260
T0B,"$40,000 to $44,999",2240
T0B,"$45,000 to $49,999",2220
T0B,"$50,000 to $54,999",1820
T0B,"$55,000 to $59,999",1630
T0B,"$60,000 to $69,999",2940
T0B,"$70,000 to $79,999",2400
T0B,"$80,000 to $89,999",1880
T0B,"$90,000 to $99,999",1670
T0B,"$100,000 to $149,999",3690
T0B,"$150,000 to $249,999",1390
T0B,"$250,000 and over",420
T0C,"Under $5,000",6610
T0C,"$5,000 to $9,999",2440
T0C,"$10,000 to $14,999",3130
T0C,"$15,000 to $19,999",3110
T0C,"$20,000 to $24,999",4540
T0C,"$25,000 to $29,999",2910
T0C,"$30,000 to $34,999",2430
T0C,"$35,000 to $39,999",2120
T0C,"$40,000 to $44,999",1980
T0C,"$45,000 to $49,999",1960
T0C,"$50,000 to $54,999",1610
T0C,"$55,000 to $59,999",1430
T0C,"$60,000 to $69,999",2480
T0C,"$70,000 to $79,999",2060
T0C,"$80,000 to $89,999",1640
T0C,"$90,000 to $99,999",1450
T0C,"$100,000 to $149,999",3190
T0C,"$150,000 to $249,999",1280
T0C,"$250,000 and over",400
T0E,"Under $5,000",3120
T0E,"$5,000 to $9,999",1460
T0E,"$10,000 to $14,999",1830
T0E,"$15,000 to $19,999",1810
T0E,"$20,000 to $24,999",2930
T0E,"$25,000 to $29,999",1850
T0E,"$30,000 to $34,999",1570
T0E,"$35,000 to $39,999",1460
T0E,"$40,000 to $44,999",1330
T0E,"$45,000 to $49,999",1330
T0E,"$50,000 to $54,999",1040
T0E,"$55,000 to $59,999",980
T0E,"$60,000 to $69,999",1700
T0E,"$70,000 to $79,999",1510
T0E,"$80,000 to $89,999",1240
T0E,"$90,000 to $99,999",1070
T0E,"$100,000 to $149,999",2680
T0E,"$150,000 to $249,999",950
T0E,"$250,000 and over",210
T0G,"Under $5,000",5410
T0G,"$5,000 to $9,999",1600
T0G,"$10,000 to $14,999",1880
T0G,"$15,000 to $19,999",1840
T0G,"$20,000 to $24,999",3040
T0G,"$25,000 to $29,999",1620
T0G,"$30,000 to $34,999",1450
T0G,"$35,000 to $39,999",1250
T0G,"$40,000 to $44,999",1180
T0G,"$45,000 to $49,999",1090
T0G,"$50,000 to $54,999",930
T0G,"$55,000 to $59,999",870
T0G,"$60,000 to $69,999",1730
T0G,"$70,000 to $79,999",1470
T0G,"$80,000 to $89,999",1100
T0G,"$90,000 to $99,999",1010
T0G,"$100,000 to $149,999",2260
T0G,"$150,000 to $249,999",760
T0G,"$250,000 and over",130
T0H,"Under $5,000",9840
T0H,"$5,000 to $9,999",2960
T0H,"$10,000 to $14,999",3390
T0H,"$15,000 to $19,999",3280
T0H,"$20,000 to $24,999",5090
T0H,"$25,000 to $29,999",3170
T0H,"$30,000 to $34,999",2730
T0H,"$35,000 to $39,999",2420
T0H,"$40,000 to $44,999",2300
T0H,"$45,000 to $49,999",2320
T0H,"$50,000 to $54,999",2030
T0H,"$55,000 to $59,999",1880
T0H,"$60,000 to $69,999",3260
T0H,"$70,000 to $79,999",2820
T0H,"$80,000 to $89,999",2410
T0H,"$90,000 to $99,999",2170
T0H,"$100,000 to $149,999",5130
T0H,"$150,000 to $249,999",1920
T0H,"$250,000 and over",520
T0J,"Under $5,000",4050
T0J,"$5,000 to $9,999",1970
T0J,"$10,000 to $14,999",3010
T0J,"$15,000 to $19,999",2630
T0J,"$20,000 to $24,999",3540
T0J,"$25,000 to $29,999",2380
T0J,"$30,000 to $34,999",2040
T0J,"$35,000 to $39,999",1890
T0J,"$40,000 to $44,999",1660
T0J,"$45,000 to $49,999",1800
T0J,"$50,000 to $54,999",1480
T0J,"$55,000 to $59,999",1230
T0J,"$60,000 to $69,999",2130
T0J,"$70,000 to $79,999",1860
T0J,"$80,000 to $89,999",1450
T0J,"$90,000 to $99,999",1190
T0J,"$100,000 to $149,999",2740
T0J,"$150,000 to $249,999",1060
T0J,"$250,000 and over",340
T0K,"Under $5,000",5570
T0K,"$5,000 to $9,999",2580
T0K,"$10,000 to $14,999",4060
T0K,"$15,000 to $19,999",3040
T0K,"$20,000 to $24,999",4300
T0K,"$25,000 to $29,999",2820
T0K,"$30,000 to $34,999",2270
T0K,"$35,000 to $39,999",2100
T0K,"$40,000 to $44,999",1900
T0K,"$45,000 to $49,999",1890
T0K,"$50,000 to $54,999",1490
T0K,"$55,000 to $59,999",1300
T0K,"$60,000 to $69,999",2220
T0K,"$70,000 to $79,999",1780
T0K,"$80,000 to $89,999",1230
T0K,"$90,000 to $99,999",1080
T0K,"$100,000 to $149,999",2390
T0K,"$150,000 to $249,999",860
T0K,"$250,000 and over",310
T0L,"Under $5,000",5740
T0L,"$5,000 to $9,999",2360
T0L,"$10,000 to $14,999",3240
T0L,"$15,000 to $19,999",2640
T0L,"$20,000 to $24,999",4020
T0L,"$25,000 to $29,999",2640
T0L,"$30,000 to $34,999",2250
T0L,"$35,000 to $39,999",2060
T0L,"$40,000 to $44,999",1860
T0L,"$45,000 to $49,999",1850
T0L,"$50,000 to $54,999",1500
T0L,"$55,000 to $59,999",1450
T0L,"$60,000 to $69,999",2380
T0L,"$70,000 to $79,999",1860
T0L,"$80,000 to $89,999",1400
T0L,"$90,000 to $99,999",1090
T0L,"$100,000 to $149,999",2510
T0L,"$150,000 to $249,999",1060
T0L,"$250,000 and over",570
T0M,"Under $5,000",3940
T0M,"$5,000 to $9,999",2520
T0M,"$10,000 to $14,999",3140
T0M,"$15,000 to $19,999",3100
T0M,"$20,000 to $24,999",4680
T0M,"$25,000 to $29,999",3350
T0M,"$30,000 to $34,999",2890
T0M,"$35,000 to $39,999",2690
T0M,"$40,000 to $44,999",2360
T0M,"$45,000 to $49,999",2460
T0M,"$50,000 to $54,999",2030
T0M,"$55,000 to $59,999",1780
T0M,"$60,000 to $69,999",3110
T0M,"$70,000 to $79,999",2700
T0M,"$80,000 to $89,999",2020
T0M,"$90,000 to $99,999",1710
T0M,"$100,000 to $149,999",4110
T0M,"$150,000 to $249,999",1610
T0M,"$250,000 and over",500
T0P,"Under $5,000",590
T0P,"$5,000 to $9,999",120
T0P,"$10,000 to $14,999",100
T0P,"$15,000 to $19,999",90
T0P,"$20,000 to $24,999",180
T0P,"$25,000 to $29,999",70
T0P,"$30,000 to $34,999",60
T0P,"$35,000 to $39,999",40
T0P,"$40,000 to $44,999",40
T0P,"$45,000 to $49,999",40
T0P,"$50,000 to $54,999",40
T0P,"$55,000 to $59,999",30
T0P,"$60,000 to $69,999",60
T0P,"$70,000 to $79,999",30
T0P,"$80,000 to $89,999",40
T0P,"$90,000 to $99,999",50
T0P,"$100,000 to $149,999",120
T0P,"$150,000 to $249,999",120
T0P,"$250,000 and over",10
T0V,"Under $5,000",0
T0V,"$5,000 to $9,999",0
T0V,"$10,000 to $14,999",0
T0V,"$15,000 to $19,999",0
T0V,"$20,000 to $24,999",0
T0V,"$25,000 to $29,999",0
T0V,"$30,000 to $34,999",0
T0V,"$35,000 to $39,999",0
T0V,"$40,000 to $44,999",0
T0V,"$45,000 to $49,999",0
T0V,"$50,000 to $54,999",0
T0V,"$55,000 to $59,999",0
T0V,"$60,000 to $69,999",0
T0V,"$70,000 to $79,999",0
T0V,"$80,000 to $89,999",0
T0V,"$90,000 to $99,999",0
T0V,"$100,000 to $149,999",0
T0V,"$150,000 to $249,999",0
T0V,"$250,000 and over",0
T1A,"Under $5,000",1340
T1A,"$5,000 to $9,999",950
T1A,"$10,000 to $14,999",1420
T1A,"$15,000 to $19,999",1380
T1A,"$20,000 to $24,999",2750
T1A,"$25,000 to $29,999",1710
T1A,"$30,000 to $34,999",1420
T1A,"$35,000 to $39,999",1190
T1A,"$40,000 to $44,999",1060
T1A,"$45,000 to $49,999",1050
T1A,"$50,000 to $54,999",830
T1A,"$55,000 to $59,999",680
T1A,"$60,000 to $69,999",1290
T1A,"$70,000 to $79,999",920
T1A,"$80,000 to $89,999",670
T1A,"$90,000 to $99,999",560
T1A,"$100,000 to $149,999",1200
T1A,"$150,000 to $249,999",410
T1A,"$250,000 and over",180
T1B,"Under $5,000",1540
T1B,"$5,000 to $9,999",1060
T1B,"$10,000 to $14,999",1330
T1B,"$15,000 to $19,999",1370
T1B,"$20,000 to $24,999",2210
T1B,"$25,000 to $29,999",1700
T1B,"$30,000 to $34,999",1500
T1B,"$35,000 to $39,999",1380
T1B,"$40,000 to $44,999",1300
T1B,"$45,000 to $49,999",1330
T1B,"$50,000 to $54,999",1050
T1B,"$55,000 to $59,999",890
T1B,"$60,000 to $69,999",1670
T1B,"$70,000 to $79,999",1340
T1B,"$80,000 to $89,999",1070
T1B,"$90,000 to $99,999",1020
T1B,"$100,000 to $149,999",2320
T1B,"$150,000 to $249,999",990
T1B,"$250,000 and over",350
T1C,"Under $5,000",460
T1C,"$5,000 to $9,999",270
T1C,"$10,000 to $14,999",330
T1C,"$15,000 to $19,999",400
T1C,"$20,000 to $24,999",550
T1C,"$25,000 to $29,999",410
T1C,"$30,000 to $34,999",360
T1C,"$35,000 to $39,999",390
T1C,"$40,000 to $44,999",370
T1C,"$45,000 to $49,999",390
T1C,"$50,000 to $54,999",350
T1C,"$55,000 to $59,999",280
T1C,"$60,000 to $69,999",530
T1C,"$70,000 to $79,999",370
T1C,"$80,000 to $89,999",340
T1C,"$90,000 to $99,999",290
T1C,"$100,000 to $149,999",730
T1C,"$150,000 to $249,999",280
T1C,"$250,000 and over",80
T1G,"Under $5,000",870
T1G,"$5,000 to $9,999",460
T1G,"$10,000 to $14,999",540
T1G,"$15,000 to $19,999",520
T1G,"$20,000 to $24,999",740
T1G,"$25,000 to $29,999",540
T1G,"$30,000 to $34,999",490
T1G,"$35,000 to $39,999",430
T1G,"$40,000 to $44,999",400
T1G,"$45,000 to $49,999",410
T1G,"$50,000 to $54,999",340
T1G,"$55,000 to $59,999",310
T1G,"$60,000 to $69,999",570
T1G,"$70,000 to $79,999",500
T1G,"$80,000 to $89,999",300
T1G,"$90,000 to $99,999",260
T1G,"$100,000 to $149,999",480
T1G,"$150,000 to $249,999",210
T1G,"$250,000 and over",60
T1H,"Under $5,000",1650
T1H,"$5,000 to $9,999",910
T1H,"$10,000 to $14,999",1190
T1H,"$15,000 to $19,999",1290
T1H,"$20,000 to $24,999",2310
T1H,"$25,000 to $29,999",1670
T1H,"$30,000 to $34,999",1440
T1H,"$35,000 to $39,999",1330
T1H,"$40,000 to $44,999",1310
T1H,"$45,000 to $49,999",1280
T1H,"$50,000 to $54,999",1100
T1H,"$55,000 to $59,999",1000
T1H,"$60,000 to $69,999",1630
T1H,"$70,000 to $79,999",1140
T1H,"$80,000 to $89,999",750
T1H,"$90,000 to $99,999",580
T1H,"$100,000 to $149,999",960
T1H,"$150,000 to $249,999",230
T1H,"$250,000 and over",50
T1J,"Under $5,000",1420
T1J,"$5,000 to $9,999",820
T1J,"$10,000 to $14,999",1110
T1J,"$15,000 to $19,999",1140
T1J,"$20,000 to $24,999",2040
T1J,"$25,000 to $29,999",1350
T1J,"$30,000 to $34,999",1110
T1J,"$35,000 to $39,999",1030
T1J,"$40,000 to $44,999",990
T1J,"$45,000 to $49,999",1050
T1J,"$50,000 to $54,999",810
T1J,"$55,000 to $59,999",770
T1J,"$60,000 to $69,999",1380
T1J,"$70,000 to $79,999",1100
T1J,"$80,000 to $89,999",820
T1J,"$90,000 to $99,999",800
T1J,"$100,000 to $149,999",1640
T1J,"$150,000 to $249,999",530
T1J,"$250,000 and over",220
T1K,"Under $5,000",2670
T1K,"$5,000 to $9,999",1610
T1K,"$10,000 to $14,999",1860
T1K,"$15,000 to $19,999",1990
T1K,"$20,000 to $24,999",2950
T1K,"$25,000 to $29,999",2200
T1K,"$30,000 to $34,999",2130
T1K,"$35,000 to $39,999",1910
T1K,"$40,000 to $44,999",1780
T1K,"$45,000 to $49,999",1780
T1K,"$50,000 to $54,999",1550
T1K,"$55,000 to $59,999",1330
T1K,"$60,000 to $69,999",2380
T1K,"$70,000 to $79,999",2040
T1K,"$80,000 to $89,999",1470
T1K,"$90,000 to $99,999",1280
T1K,"$100,000 to $149,999",3060
T1K,"$150,000 to $249,999",1090
T1K,"$250,000 and over",470
T1L,"Under $5,000",590
T1L,"$5,000 to $9,999",470
T1L,"$10,000 to $14,999",530
T1L,"$15,000 to $19,999",580
T1L,"$20,000 to $24,999",700
T1L,"$25,000 to $29,999",650
T1L,"$30,000 to $34,999",590
T1L,"$35,000 to $39,999",570
T1L,"$40,000 to $44,999",530
T1L,"$45,000 to $49,999",510
T1L,"$50,000 to $54,999",410
T1L,"$55,000 to $59,999",360
T1L,"$60,000 to $69,999",440
T1L,"$70,000 to $79,999",370
T1L,"$80,000 to $89,999",220
T1L,"$90,000 to $99,999",150
T1L,"$100,000 to $149,999",310
T1L,"$150,000 to $249,999",150
T1L,"$250,000 and over",80
T1M,"Under $5,000",660
T1M,"$5,000 to $9,999",340
T1M,"$10,000 to $14,999",480
T1M,"$15,000 to $19,999",460
T1M,"$20,000 to $24,999",700
T1M,"$25,000 to $29,999",520
T1M,"$30,000 to $34,999",430
T1M,"$35,000 to $39,999",370
T1M,"$40,000 to $44,999",390
T1M,"$45,000 to $49,999",390
T1M,"$50,000 to $54,999",370
T1M,"$55,000 to $59,999",320
T1M,"$60,000 to $69,999",550
T1M,"$70,000 to $79,999",420
T1M,"$80,000 to $89,999",350
T1M,"$90,000 to $99,999",280
T1M,"$100,000 to $149,999",580
T1M,"$150,000 to $249,999",180
T1M,"$250,000 and over",50
T1P,"Under $5,000",1000
T1P,"$5,000 to $9,999",630
T1P,"$10,000 to $14,999",760
T1P,"$15,000 to $19,999",770
T1P,"$20,000 to $24,999",1140
T1P,"$25,000 to $29,999",950
T1P,"$30,000 to $34,999",800
T1P,"$35,000 to $39,999",630
T1P,"$40,000 to $44,999",590
T1P,"$45,000 to $49,999",620
T1P,"$50,000 to $54,999",520
T1P,"$55,000 to $59,999",500
T1P,"$60,000 to $69,999",860
T1P,"$70,000 to $79,999",680
T1P,"$80,000 to $89,999",580
T1P,"$90,000 to $99,999",530
T1P,"$100,000 to $149,999",1220
T1P,"$150,000 to $249,999",460
T1P,"$250,000 and over",160
T1R,"Under $5,000",1140
T1R,"$5,000 to $9,999",620
T1R,"$10,000 to $14,999",730
T1R,"$15,000 to $19,999",740
T1R,"$20,000 to $24,999",1010
T1R,"$25,000 to $29,999",790
T1R,"$30,000 to $34,999",740
T1R,"$35,000 to $39,999",780
T1R,"$40,000 to $44,999",860
T1R,"$45,000 to $49,999",1390
T1R,"$50,000 to $54,999",830
T1R,"$55,000 to $59,999",540
T1R,"$60,000 to $69,999",790
T1R,"$70,000 to $79,999",630
T1R,"$80,000 to $89,999",490
T1R,"$90,000 to $99,999",430
T1R,"$100,000 to $149,999",870
T1R,"$150,000 to $249,999",310
T1R,"$250,000 and over",110
T1S,"Under $5,000",2480
T1S,"$5,000 to $9,999",1580
T1S,"$10,000 to $14,999",1600
T1S,"$15,000 to $19,999",1560
T1S,"$20,000 to $24,999",1960
T1S,"$25,000 to $29,999",1740
T1S,"$30,000 to $34,999",1510
T1S,"$35,000 to $39,999",1400
T1S,"$40,000 to $44,999",1340
T1S,"$45,000 to $49,999",1480
T1S,"$50,000 to $54,999",1170
T1S,"$55,000 to $59,999",1040
T1S,"$60,000 to $69,999",1930
T1S,"$70,000 to $79,999",1760
T1S,"$80,000 to $89,999",1430
T1S,"$90,000 to $99,999",1370
T1S,"$100,000 to $149,999",3680
T1S,"$150,000 to $249,999",2190
T1S,"$250,000 and over",1300
T1V,"Under $5,000",900
T1V,"$5,000 to $9,999",520
T1V,"$10,000 to $14,999",740
T1V,"$15,000 to $19,999",730
T1V,"$20,000 to $24,999",1130
T1V,"$25,000 to $29,999",920
T1V,"$30,000 to $34,999",810
T1V,"$35,000 to $39,999",710
T1V,"$40,000 to $44,999",750
T1V,"$45,000 to $49,999",860
T1V,"$50,000 to $54,999",610
T1V,"$55,000 to $59,999",570
T1V,"$60,000 to $69,999",880
T1V,"$70,000 to $79,999",720
T1V,"$80,000 to $89,999",540
T1V,"$90,000 to $99,999",430
T1V,"$100,000 to $149,999",860
T1V,"$150,000 to $249,999",350
T1V,"$250,000 and over",150
T1W,"Under $5,000",600
T1W,"$5,000 to $9,999",500
T1W,"$10,000 to $14,999",540
T1W,"$15,000 to $19,999",620
T1W,"$20,000 to $24,999",780
T1W,"$25,000 to $29,999",770
T1W,"$30,000 to $34,999",730
T1W,"$35,000 to $39,999",720
T1W,"$40,000 to $44,999",730
T1W,"$45,000 to $49,999",750
T1W,"$50,000 to $54,999",630
T1W,"$55,000 to $59,999",540
T1W,"$60,000 to $69,999",940
T1W,"$70,000 to $79,999",740
T1W,"$80,000 to $89,999",640
T1W,"$90,000 to $99,999",500
T1W,"$100,000 to $149,999",1270
T1W,"$150,000 to $249,999",700
T1W,"$250,000 and over",390
T1X,"Under $5,000",1580
T1X,"$5,000 to $9,999",820
T1X,"$10,000 to $14,999",880
T1X,"$15,000 to $19,999",870
T1X,"$20,000 to $24,999",1070
T1X,"$25,000 to $29,999",800
T1X,"$30,000 to $34,999",800
T1X,"$35,000 to $39,999",760
T1X,"$40,000 to $44,999",690
T1X,"$45,000 to $49,999",710
T1X,"$50,000 to $54,999",650
T1X,"$55,000 to $59,999",650
T1X,"$60,000 to $69,999",1120
T1X,"$70,000 to $79,999",1020
T1X,"$80,000 to $89,999",750
T1X,"$90,000 to $99,999",660
T1X,"$100,000 to $149,999",1830
T1X,"$150,000 to $249,999",900
T1X,"$250,000 and over",360
T1Y,"Under $5,000",5540
T1Y,"$5,000 to $9,999",2920
T1Y,"$10,000 to $14,999",3330
T1Y,"$15,000 to $19,999",3290
T1Y,"$20,000 to $24,999",4590
T1Y,"$25,000 to $29,999",3160
T1Y,"$30,000 to $34,999",2930
T1Y,"$35,000 to $39,999",2720
T1Y,"$40,000 to $44,999",2450
T1Y,"$45,000 to $49,999",2340
T1Y,"$50,000 to $54,999",1870
T1Y,"$55,000 to $59,999",1650
T1Y,"$60,000 to $69,999",2520
T1Y,"$70,000 to $79,999",1730
T1Y,"$80,000 to $89,999",1170
T1Y,"$90,000 to $99,999",860
T1Y,"$100,000 to $149,999",1420
T1Y,"$150,000 to $249,999",320
T1Y,"$250,000 and over",70
T1Z,"Under $5,000",80
T1Z,"$5,000 to $9,999",50
T1Z,"$10,000 to $14,999",80
T1Z,"$15,000 to $19,999",70
T1Z,"$20,000 to $24,999",80
T1Z,"$25,000 to $29,999",50
T1Z,"$30,000 to $34,999",40
T1Z,"$35,000 to $39,999",40
T1Z,"$40,000 to $44,999",30
T1Z,"$45,000 to $49,999",40
T1Z,"$50,000 to $54,999",30
T1Z,"$55,000 to $59,999",20
T1Z,"$60,000 to $69,999",60
T1Z,"$70,000 to $79,999",30
T1Z,"$80,000 to $89,999",30
T1Z,"$90,000 to $99,999",20
T1Z,"$100,000 to $149,999",50
T1Z,"$150,000 to $249,999",20
T1Z,"$250,000 and over",20
T2A,"Under $5,000",5030
T2A,"$5,000 to $9,999",3010
T2A,"$10,000 to $14,999",3390
T2A,"$15,000 to $19,999",3410
T2A,"$20,000 to $24,999",5120
T2A,"$25,000 to $29,999",3310
T2A,"$30,000 to $34,999",3250
T2A,"$35,000 to $39,999",3050
T2A,"$40,000 to $44,999",2690
T2A,"$45,000 to $49,999",2480
T2A,"$50,000 to $54,999",2120
T2A,"$55,000 to $59,999",1730
T2A,"$60,000 to $69,999",2620
T2A,"$70,000 to $79,999",1840
T2A,"$80,000 to $89,999",1190
T2A,"$90,000 to $99,999",810
T2A,"$100,000 to $149,999",1360
T2A,"$150,000 to $249,999",280
T2A,"$250,000 and over",80
T2B,"Under $5,000",1730
T2B,"$5,000 to $9,999",1050
T2B,"$10,000 to $14,999",1190
T2B,"$15,000 to $19,999",1160
T2B,"$20,000 to $24,999",2010
T2B,"$25,000 to $29,999",1290
T2B,"$30,000 to $34,999",1180
T2B,"$35,000 to $39,999",1130
T2B,"$40,000 to $44,999",990
T2B,"$45,000 to $49,999",910
T2B,"$50,000 to $54,999",780
T2B,"$55,000 to $59,999",700
T2B,"$60,000 to $69,999",1200
T2B,"$70,000 to $79,999",830
T2B,"$80,000 to $89,999",560
T2B,"$90,000 to $99,999",380
T2B,"$100,000 to $149,999",640
T2B,"$150,000 to $249,999",100
T2B,"$250,000 and over",30
T2C,"Under $5,000",1180
T2C,"$5,000 to $9,999",770
T2C,"$10,000 to $14,999",850
T2C,"$15,000 to $19,999",910
T2C,"$20,000 to $24,999",1290
T2C,"$25,000 to $29,999",970
T2C,"$30,000 to $34,999",850
T2C,"$35,000 to $39,999",830
T2C,"$40,000 to $44,999",860
T2C,"$45,000 to $49,999",860
T2C,"$50,000 to $54,999",800
T2C,"$55,000 to $59,999",700
T2C,"$60,000 to $69,999",1160
T2C,"$70,000 to $79,999",940
T2C,"$80,000 to $89,999",730
T2C,"$90,000 to $99,999",690
T2C,"$100,000 to $149,999",1420
T2C,"$150,000 to $249,999",590
T2C,"$250,000 and over",430
T2E,"Under $5,000",2020
T2E,"$5,000 to $9,999",1240
T2E,"$10,000 to $14,999",1400
T2E,"$15,000 to $19,999",1440
T2E,"$20,000 to $24,999",2650
T2E,"$25,000 to $29,999",1700
T2E,"$30,000 to $34,999",1430
T2E,"$35,000 to $39,999",1340
T2E,"$40,000 to $44,999",1230
T2E,"$45,000 to $49,999",1230
T2E,"$50,000 to $54,999",1030
T2E,"$55,000 to $59,999",1000
T2E,"$60,000 to $69,999",1710
T2E,"$70,000 to $79,999",1500
T2E,"$80,000 to $89,999",1220
T2E,"$90,000 to $99,999",1080
T2E,"$100,000 to $149,999",2690
T2E,"$150,000 to $249,999",1400
T2E,"$250,000 and over",630
T2G,"Under $5,000",980
T2G,"$5,000 to $9,999",770
T2G,"$10,000 to $14,999",660
T2G,"$15,000 to $19,999",660
T2G,"$20,000 to $24,999",1750
T2G,"$25,000 to $29,999",620
T2G,"$30,000 to $34,999",510
T2G,"$35,000 to $39,999",420
T2G,"$40,000 to $44,999",380
T2G,"$45,000 to $49,999",410
T2G,"$50,000 to $54,999",380
T2G,"$55,000 to $59,999",350
T2G,"$60,000 to $69,999",690
T2G,"$70,000 to $79,999",630
T2G,"$80,000 to $89,999",500
T2G,"$90,000 to $99,999",470
T2G,"$100,000 to $149,999",1380
T2G,"$150,000 to $249,999",730
T2G,"$250,000 and over",350
T2H,"Under $5,000",610
T2H,"$5,000 to $9,999",380
T2H,"$10,000 to $14,999",430
T2H,"$15,000 to $19,999",440
T2H,"$20,000 to $24,999",780
T2H,"$25,000 to $29,999",530
T2H,"$30,000 to $34,999",490
T2H,"$35,000 to $39,999",490
T2H,"$40,000 to $44,999",440
T2H,"$45,000 to $49,999",410
T2H,"$50,000 to $54,999",320
T2H,"$55,000 to $59,999",320
T2H,"$60,000 to $69,999",480
T2H,"$70,000 to $79,999",390
T2H,"$80,000 to $89,999",330
T2H,"$90,000 to $99,999",240
T2H,"$100,000 to $149,999",530
T2H,"$150,000 to $249,999",230
T2H,"$250,000 and over",120
T2J,"Under $5,000",2390
T2J,"$5,000 to $9,999",1400
T2J,"$10,000 to $14,999",1610
T2J,"$15,000 to $19,999",1680
T2J,"$20,000 to $24,999",2330
T2J,"$25,000 to $29,999",1930
T2J,"$30,000 to $34,999",1700
T2J,"$35,000 to $39,999",1650
T2J,"$40,000 to $44,999",1700
T2J,"$45,000 to $49,999",1740
T2J,"$50,000 to $54,999",1500
T2J,"$55,000 to $59,999",1390
T2J,"$60,000 to $69,999",2440
T2J,"$70,000 to $79,999",2090
T2J,"$80,000 to $89,999",1570
T2J,"$90,000 to $99,999",1400
T2J,"$100,000 to $149,999",3510
T2J,"$150,000 to $249,999",1860
T2J,"$250,000 and over",1100
T2K,"Under $5,000",2350
T2K,"$5,000 to $9,999",1370
T2K,"$10,000 to $14,999",1600
T2K,"$15,000 to $19,999",1700
T2K,"$20,000 to $24,999",2440
T2K,"$25,000 to $29,999",1810
T2K,"$30,000 to $34,999",1580
T2K,"$35,000 to $39,999",1510
T2K,"$40,000 to $44,999",1430
T2K,"$45,000 to $49,999",1350
T2K,"$50,000 to $54,999",1200
T2K,"$55,000 to $59,999",1040
T2K,"$60,000 to $69,999",1680
T2K,"$70,000 to $79,999",1300
T2K,"$80,000 to $89,999",1090
T2K,"$90,000 to $99,999",810
T2K,"$100,000 to $149,999",1910
T2K,"$150,000 to $249,999",750
T2K,"$250,000 and over",320
T2L,"Under $5,000",1300
T2L,"$5,000 to $9,999",550
T2L,"$10,000 to $14,999",580
T2L,"$15,000 to $19,999",540
T2L,"$20,000 to $24,999",800
T2L,"$25,000 to $29,999",550
T2L,"$30,000 to $34,999",500
T2L,"$35,000 to $39,999",460
T2L,"$40,000 to $44,999",490
T2L,"$45,000 to $49,999",500
T2L,"$50,000 to $54,999",440
T2L,"$55,000 to $59,999",380
T2L,"$60,000 to $69,999",610
T2L,"$70,000 to $79,999",560
T2L,"$80,000 to $89,999",430
T2L,"$90,000 to $99,999",390
T2L,"$100,000 to $149,999",1090
T2L,"$150,000 to $249,999",640
T2L,"$250,000 and over",330
T2M,"Under $5,000",1500
T2M,"$5,000 to $9,999",820
T2M,"$10,000 to $14,999",850
T2M,"$15,000 to $19,999",870
T2M,"$20,000 to $24,999",1250
T2M,"$25,000 to $29,999",800
T2M,"$30,000 to $34,999",770
T2M,"$35,000 to $39,999",670
T2M,"$40,000 to $44,999",640
T2M,"$45,000 to $49,999",640
T2M,"$50,000 to $54,999",540
T2M,"$55,000 to $59,999",530
T2M,"$60,000 to $69,999",910
T2M,"$70,000 to $79,999",750
T2M,"$80,000 to $89,999",660
T2M,"$90,000 to $99,999",620
T2M,"$100,000 to $149,999",1740
T2M,"$150,000 to $249,999",1130
T2M,"$250,000 and over",710
T2N,"Under $5,000",1910
T2N,"$5,000 to $9,999",850
T2N,"$10,000 to $14,999",910
T2N,"$15,000 to $19,999",810
T2N,"$20,000 to $24,999",1300
T2N,"$25,000 to $29,999",880
T2N,"$30,000 to $34,999",760
T2N,"$35,000 to $39,999",680
T2N,"$40,000 to $44,999",660
T2N,"$45,000 to $49,999",650
T2N,"$50,000 to $54,999",700
T2N,"$55,000 to $59,999",590
T2N,"$60,000 to $69,999",1050
T2N,"$70,000 to $79,999",980
T2N,"$80,000 to $89,999",750
T2N,"$90,000 to $99,999",740
T2N,"$100,000 to $149,999",2130
T2N,"$150,000 to $249,999",1710
T2N,"$250,000 and over",1460
T2P,"Under $5,000",1470
T2P,"$5,000 to $9,999",600
T2P,"$10,000 to $14,999",690
T2P,"$15,000 to $19,999",750
T2P,"$20,000 to $24,999",1610
T2P,"$25,000 to $29,999",960
T2P,"$30,000 to $34,999",760
T2P,"$35,000 to $39,999",600
T2P,"$40,000 to $44,999",560
T2P,"$45,000 to $49,999",520
T2P,"$50,000 to $54,999",460
T2P,"$55,000 to $59,999",390
T2P,"$60,000 to $69,999",700
T2P,"$70,000 to $79,999",620
T2P,"$80,000 to $89,999",530
T2P,"$90,000 to $99,999",430
T2P,"$100,000 to $149,999",1190
T2P,"$150,000 to $249,999",810
T2P,"$250,000 and over",800
T2R,"Under $5,000",920
T2R,"$5,000 to $9,999",530
T2R,"$10,000 to $14,999",570
T2R,"$15,000 to $19,999",560
T2R,"$20,000 to $24,999",950
T2R,"$25,000 to $29,999",630
T2R,"$30,000 to $34,999",580
T2R,"$35,000 to $39,999",540
T2R,"$40,000 to $44,999",550
T2R,"$45,000 to $49,999",530
T2R,"$50,000 to $54,999",500
T2R,"$55,000 to $59,999",510
T2R,"$60,000 to $69,999",920
T2R,"$70,000 to $79,999",850
T2R,"$80,000 to $89,999",660
T2R,"$90,000 to $99,999",600
T2R,"$100,000 to $149,999",1650
T2R,"$150,000 to $249,999",910
T2R,"$250,000 and over",410
T2S,"Under $5,000",690
T2S,"$5,000 to $9,999",430
T2S,"$10,000 to $14,999",460
T2S,"$15,000 to $19,999",460
T2S,"$20,000 to $24,999",590
T2S,"$25,000 to $29,999",500
T2S,"$30,000 to $34,999",450
T2S,"$35,000 to $39,999",410
T2S,"$40,000 to $44,999",410
T2S,"$45,000 to $49,999",420
T2S,"$50,000 to $54,999",400
T2S,"$55,000 to $59,999",360
T2S,"$60,000 to $69,999",680
T2S,"$70,000 to $79,999",600
T2S,"$80,000 to $89,999",520
T2S,"$90,000 to $99,999",470
T2S,"$100,000 to $149,999",1340
T2S,"$150,000 to $249,999",990
T2S,"$250,000 and over",1230
T2T,"Under $5,000",1520
T2T,"$5,000 to $9,999",880
T2T,"$10,000 to $14,999",850
T2T,"$15,000 to $19,999",850
T2T,"$20,000 to $24,999",1270
T2T,"$25,000 to $29,999",1000
T2T,"$30,000 to $34,999",900
T2T,"$35,000 to $39,999",860
T2T,"$40,000 to $44,999",840
T2T,"$45,000 to $49,999",790
T2T,"$50,000 to $54,999",730
T2T,"$55,000 to $59,999",650
T2T,"$60,000 to $69,999",1220
T2T,"$70,000 to $79,999",1080
T2T,"$80,000 to $89,999",960
T2T,"$90,000 to $99,999",850
T2T,"$100,000 to $149,999",2680
T2T,"$150,000 to $249,999",2240
T2T,"$250,000 and over",2070
T2V,"Under $5,000",1960
T2V,"$5,000 to $9,999",1110
T2V,"$10,000 to $14,999",1240
T2V,"$15,000 to $19,999",1300
T2V,"$20,000 to $24,999",1980
T2V,"$25,000 to $29,999",1500
T2V,"$30,000 to $34,999",1330
T2V,"$35,000 to $39,999",1260
T2V,"$40,000 to $44,999",1230
T2V,"$45,000 to $49,999",1250
T2V,"$50,000 to $54,999",1010
T2V,"$55,000 to $59,999",940
T2V,"$60,000 to $69,999",1630
T2V,"$70,000 to $79,999",1370
T2V,"$80,000 to $89,999",1110
T2V,"$90,000 to $99,999",960
T2V,"$100,000 to $149,999",2400
T2V,"$150,000 to $249,999",1460
T2V,"$250,000 and over",1190
T2W,"Under $5,000",2970
T2W,"$5,000 to $9,999",1580
T2W,"$10,000 to $14,999",1660
T2W,"$15,000 to $19,999",1670
T2W,"$20,000 to $24,999",2420
T2W,"$25,000 to $29,999",1910
T2W,"$30,000 to $34,999",1640
T2W,"$35,000 to $39,999",1590
T2W,"$40,000 to $44,999",1670
T2W,"$45,000 to $49,999",1630
T2W,"$50,000 to $54,999",1430
T2W,"$55,000 to $59,999",1300
T2W,"$60,000 to $69,999",2300
T2W,"$70,000 to $79,999",1930
T2W,"$80,000 to $89,999",1450
T2W,"$90,000 to $99,999",1280
T2W,"$100,000 to $149,999",2930
T2W,"$150,000 to $249,999",1300
T2W,"$250,000 and over",610
T2X,"Under $5,000",3380
T2X,"$5,000 to $9,999",1940
T2X,"$10,000 to $14,999",1930
T2X,"$15,000 to $19,999",1830
T2X,"$20,000 to $24,999",2120
T2X,"$25,000 to $29,999",1890
T2X,"$30,000 to $34,999",1700
T2X,"$35,000 to $39,999",1700
T2X,"$40,000 to $44,999",1690
T2X,"$45,000 to $49,999",1710
T2X,"$50,000 to $54,999",1520
T2X,"$55,000 to $59,999",1490
T2X,"$60,000 to $69,999",2640
T2X,"$70,000 to $79,999",2230
T2X,"$80,000 to $89,999",1840
T2X,"$90,000 to $99,999",1650
T2X,"$100,000 to $149,999",4280
T2X,"$150,000 to $249,999",1920
T2X,"$250,000 and over",860
T2Y,"Under $5,000",4960
T2Y,"$5,000 to $9,999",2600
T2Y,"$10,000 to $14,999",2640
T2Y,"$15,000 to $19,999",2470
T2Y,"$20,000 to $24,999",3160
T2Y,"$25,000 to $29,999",2490
T2Y,"$30,000 to $34,999",2480
T2Y,"$35,000 to $39,999",2400
T2Y,"$40,000 to $44,999",2380
T2Y,"$45,000 to $49,999",2440
T2Y,"$50,000 to $54,999",2150
T2Y,"$55,000 to $59,999",1830
T2Y,"$60,000 to $69,999",3150
T2Y,"$70,000 to $79,999",2580
T2Y,"$80,000 to $89,999",1990
T2Y,"$90,000 to $99,999",1710
T2Y,"$100,000 to $149,999",4200
T2Y,"$150,000 to $249,999",1890
T2Y,"$250,000 and over",710
T2Z,"Under $5,000",4400
T2Z,"$5,000 to $9,999",2420
T2Z,"$10,000 to $14,999",2430
T2Z,"$15,000 to $19,999",2320
T2Z,"$20,000 to $24,999",2810
T2Z,"$25,000 to $29,999",2270
T2Z,"$30,000 to $34,999",2280
T2Z,"$35,000 to $39,999",2190
T2Z,"$40,000 to $44,999",2260
T2Z,"$45,000 to $49,999",2440
T2Z,"$50,000 to $54,999",2160
T2Z,"$55,000 to $59,999",2090
T2Z,"$60,000 to $69,999",3830
T2Z,"$70,000 to $79,999",3390
T2Z,"$80,000 to $89,999",2820
T2Z,"$90,000 to $99,999",2490
T2Z,"$100,000 to $149,999",6190
T2Z,"$150,000 to $249,999",2520
T2Z,"$250,000 and over",980
T3A,"Under $5,000",4510
T3A,"$5,000 to $9,999",2440
T3A,"$10,000 to $14,999",2480
T3A,"$15,000 to $19,999",2270
T3A,"$20,000 to $24,999",2820
T3A,"$25,000 to $29,999",2120
T3A,"$30,000 to $34,999",1970
T3A,"$35,000 to $39,999",1810
T3A,"$40,000 to $44,999",1830
T3A,"$45,000 to $49,999",1840
T3A,"$50,000 to $54,999",1560
T3A,"$55,000 to $59,999",1390
T3A,"$60,000 to $69,999",2520
T3A,"$70,000 to $79,999",2350
T3A,"$80,000 to $89,999",1790
T3A,"$90,000 to $99,999",1610
T3A,"$100,000 to $149,999",4410
T3A,"$150,000 to $249,999",2280
T3A,"$250,000 and over",1280
T3B,"Under $5,000",2270
T3B,"$5,000 to $9,999",1240
T3B,"$10,000 to $14,999",1470
T3B,"$15,000 to $19,999",1470
T3B,"$20,000 to $24,999",2270
T3B,"$25,000 to $29,999",1520
T3B,"$30,000 to $34,999",1450
T3B,"$35,000 to $39,999",1320
T3B,"$40,000 to $44,999",1240
T3B,"$45,000 to $49,999",1250
T3B,"$50,000 to $54,999",1140
T3B,"$55,000 to $59,999",920
T3B,"$60,000 to $69,999",1790
T3B,"$70,000 to $79,999",1530
T3B,"$80,000 to $89,999",1220
T3B,"$90,000 to $99,999",1080
T3B,"$100,000 to $149,999",3020
T3B,"$150,000 to $249,999",1650
T3B,"$250,000 and over",900
T3C,"Under $5,000",1700
T3C,"$5,000 to $9,999",900
T3C,"$10,000 to $14,999",980
T3C,"$15,000 to $19,999",960
T3C,"$20,000 to $24,999",1400
T3C,"$25,000 to $29,999",1040
T3C,"$30,000 to $34,999",1000
T3C,"$35,000 to $39,999",880
T3C,"$40,000 to $44,999",860
T3C,"$45,000 to $49,999",870
T3C,"$50,000 to $54,999",730
T3C,"$55,000 to $59,999",660
T3C,"$60,000 to $69,999",1130
T3C,"$70,000 to $79,999",960
T3C,"$80,000 to $89,999",740
T3C,"$90,000 to $99,999",600
T3C,"$100,000 to $149,999",1660
T3C,"$150,000 to $249,999",950
T3C,"$250,000 and over",580
T3E,"Under $5,000",2300
T3E,"$5,000 to $9,999",1380
T3E,"$10,000 to $14,999",1570
T3E,"$15,000 to $19,999",1560
T3E,"$20,000 to $24,999",2560
T3E,"$25,000 to $29,999",1800
T3E,"$30,000 to $34,999",1590
T3E,"$35,000 to $39,999",1460
T3E,"$40,000 to $44,999",1330
T3E,"$45,000 to $49,999",1320
T3E,"$50,000 to $54,999",1180
T3E,"$55,000 to $59,999",1090
T3E,"$60,000 to $69,999",1890
T3E,"$70,000 to $79,999",1540
T3E,"$80,000 to $89,999",1360
T3E,"$90,000 to $99,999",1160
T3E,"$100,000 to $149,999",3290
T3E,"$150,000 to $249,999",1980
T3E,"$250,000 and over",1160
T3G,"Under $5,000",4970
T3G,"$5,000 to $9,999",2490
T3G,"$10,000 to $14,999",2520
T3G,"$15,000 to $19,999",2460
T3G,"$20,000 to $24,999",2870
T3G,"$25,000 to $29,999",2310
T3G,"$30,000 to $34,999",2050
T3G,"$35,000 to $39,999",1890
T3G,"$40,000 to $44,999",1890
T3G,"$45,000 to $49,999",1970
T3G,"$50,000 to $54,999",1690
T3G,"$55,000 to $59,999",1580
T3G,"$60,000 to $69,999",2810
T3G,"$70,000 to $79,999",2420
T3G,"$80,000 to $89,999",1960
T3G,"$90,000 to $99,999",1840
T3G,"$100,000 to $149,999",4890
T3G,"$150,000 to $249,999",2440
T3G,"$250,000 and over",1050
T3H,"Under $5,000",5510
T3H,"$5,000 to $9,999",2830
T3H,"$10,000 to $14,999",2670
T3H,"$15,000 to $19,999",2520
T3H,"$20,000 to $24,999",2860
T3H,"$25,000 to $29,999",2190
T3H,"$30,000 to $34,999",1970
T3H,"$35,000 to $39,999",1920
T3H,"$40,000 to $44,999",1840
T3H,"$45,000 to $49,999",1960
T3H,"$50,000 to $54,999",1620
T3H,"$55,000 to $59,999",1590
T3H,"$60,000 to $69,999",2910
T3H,"$70,000 to $79,999",2530
T3H,"$80,000 to $89,999",2150
T3H,"$90,000 to $99,999",2140
T3H,"$100,000 to $149,999",6610
T3H,"$150,000 to $249,999",5120
T3H,"$250,000 and over",3880
T3J,"Under $5,000",9780
T3J,"$5,000 to $9,999",4580
T3J,"$10,000 to $14,999",5020
T3J,"$15,000 to $19,999",4880
T3J,"$20,000 to $24,999",5780
T3J,"$25,000 to $29,999",4050
T3J,"$30,000 to $34,999",4110
T3J,"$35,000 to $39,999",3750
T3J,"$40,000 to $44,999",3390
T3J,"$45,000 to $49,999",3140
T3J,"$50,000 to $54,999",2720
T3J,"$55,000 to $59,999",2320
T3J,"$60,000 to $69,999",3420
T3J,"$70,000 to $79,999",2370
T3J,"$80,000 to $89,999",1620
T3J,"$90,000 to $99,999",1060
T3J,"$100,000 to $149,999",1780
T3J,"$150,000 to $249,999",360
T3J,"$250,000 and over",90
T3K,"Under $5,000",6320
T3K,"$5,000 to $9,999",3500
T3K,"$10,000 to $14,999",3890
T3K,"$15,000 to $19,999",3900
T3K,"$20,000 to $24,999",4520
T3K,"$25,000 to $29,999",3280
T3K,"$30,000 to $34,999",3250
T3K,"$35,000 to $39,999",3050
T3K,"$40,000 to $44,999",2890
T3K,"$45,000 to $49,999",2970
T3K,"$50,000 to $54,999",2490
T3K,"$55,000 to $59,999",2300
T3K,"$60,000 to $69,999",4080
T3K,"$70,000 to $79,999",3240
T3K,"$80,000 to $89,999",2510
T3K,"$90,000 to $99,999",2290
T3K,"$100,000 to $149,999",5120
T3K,"$150,000 to $249,999",1860
T3K,"$250,000 and over",590
T3L,"Under $5,000",2060
T3L,"$5,000 to $9,999",1120
T3L,"$10,000 to $14,999",1040
T3L,"$15,000 to $19,999",1060
T3L,"$20,000 to $24,999",1110
T3L,"$25,000 to $29,999",900
T3L,"$30,000 to $34,999",820
T3L,"$35,000 to $39,999",760
T3L,"$40,000 to $44,999",830
T3L,"$45,000 to $49,999",820
T3L,"$50,000 to $54,999",710
T3L,"$55,000 to $59,999",680
T3L,"$60,000 to $69,999",1310
T3L,"$70,000 to $79,999",1210
T3L,"$80,000 to $89,999",1090
T3L,"$90,000 to $99,999",1090
T3L,"$100,000 to $149,999",3220
T3L,"$150,000 to $249,999",1850
T3L,"$250,000 and over",1100
T3M,"Under $5,000",2910
T3M,"$5,000 to $9,999",1390
T3M,"$10,000 to $14,999",1400
T3M,"$15,000 to $19,999",1360
T3M,"$20,000 to $24,999",1520
T3M,"$25,000 to $29,999",1340
T3M,"$30,000 to $34,999",1400
T3M,"$35,000 to $39,999",1260
T3M,"$40,000 to $44,999",1370
T3M,"$45,000 to $49,999",1360
T3M,"$50,000 to $54,999",1330
T3M,"$55,000 to $59,999",1300
T3M,"$60,000 to $69,999",2430
T3M,"$70,000 to $79,999",2190
T3M,"$80,000 to $89,999",1950
T3M,"$90,000 to $99,999",1890
T3M,"$100,000 to $149,999",5010
T3M,"$150,000 to $249,999",2480
T3M,"$250,000 and over",890
T3N,"Under $5,000",2500
T3N,"$5,000 to $9,999",1080
T3N,"$10,000 to $14,999",1140
T3N,"$15,000 to $19,999",1090
T3N,"$20,000 to $24,999",1270
T3N,"$25,000 to $29,999",1100
T3N,"$30,000 to $34,999",1140
T3N,"$35,000 to $39,999",1060
T3N,"$40,000 to $44,999",1040
T3N,"$45,000 to $49,999",1010
T3N,"$50,000 to $54,999",980
T3N,"$55,000 to $59,999",830
T3N,"$60,000 to $69,999",1410
T3N,"$70,000 to $79,999",930
T3N,"$80,000 to $89,999",690
T3N,"$90,000 to $99,999",500
T3N,"$100,000 to $149,999",900
T3N,"$150,000 to $249,999",160
T3N,"$250,000 and over",30
T3P,"Under $5,000",1650
T3P,"$5,000 to $9,999",810
T3P,"$10,000 to $14,999",680
T3P,"$15,000 to $19,999",710
T3P,"$20,000 to $24,999",760
T3P,"$25,000 to $29,999",630
T3P,"$30,000 to $34,999",690
T3P,"$35,000 to $39,999",600
T3P,"$40,000 to $44,999",630
T3P,"$45,000 to $49,999",710
T3P,"$50,000 to $54,999",620
T3P,"$55,000 to $59,999",590
T3P,"$60,000 to $69,999",1100
T3P,"$70,000 to $79,999",1020
T3P,"$80,000 to $89,999",840
T3P,"$90,000 to $99,999",720
T3P,"$100,000 to $149,999",1940
T3P,"$150,000 to $249,999",670
T3P,"$250,000 and over",160
T3R,"Under $5,000",2640
T3R,"$5,000 to $9,999",1250
T3R,"$10,000 to $14,999",1230
T3R,"$15,000 to $19,999",1080
T3R,"$20,000 to $24,999",1210
T3R,"$25,000 to $29,999",980
T3R,"$30,000 to $34,999",970
T3R,"$35,000 to $39,999",900
T3R,"$40,000 to $44,999",850
T3R,"$45,000 to $49,999",910
T3R,"$50,000 to $54,999",890
T3R,"$55,000 to $59,999",790
T3R,"$60,000 to $69,999",1500
T3R,"$70,000 to $79,999",1400
T3R,"$80,000 to $89,999",1160
T3R,"$90,000 to $99,999",1030
T3R,"$100,000 to $149,999",2670
T3R,"$150,000 to $249,999",1180
T3R,"$250,000 and over",620
T3S,"Under $5,000",30
T3S,"$5,000 to $9,999",20
T3S,"$10,000 to $14,999",20
T3S,"$15,000 to $19,999",20
T3S,"$20,000 to $24,999",10
T3S,"$25,000 to $29,999",10
T3S,"$30,000 to $34,999",10
T3S,"$35,000 to $39,999",20
T3S,"$40,000 to $44,999",0
T3S,"$45,000 to $49,999",10
T3S,"$50,000 to $54,999",10
T3S,"$55,000 to $59,999",10
T3S,"$60,000 to $69,999",10
T3S,"$70,000 to $79,999",20
T3S,"$80,000 to $89,999",10
T3S,"$90,000 to $99,999",10
T3S,"$100,000 to $149,999",20
T3S,"$150,000 to $249,999",10
T3S,"$250,000 and over",10
T3T,"Under $5,000",200
T3T,"$5,000 to $9,999",20
T3T,"$10,000 to $14,999",0
T3T,"$15,000 to $19,999",10
T3T,"$20,000 to $24,999",20
T3T,"$25,000 to $29,999",0
T3T,"$30,000 to $34,999",0
T3T,"$35,000 to $39,999",0
T3T,"$40,000 to $44,999",0
T3T,"$45,000 to $49,999",0
T3T,"$50,000 to $54,999",0
T3T,"$55,000 to $59,999",0
T3T,"$60,000 to $69,999",0
T3T,"$70,000 to $79,999",0
T3T,"$80,000 to $89,999",0
T3T,"$90,000 to $99,999",0
T3T,"$100,000 to $149,999",0
T3T,"$150,000 to $249,999",0
T3T,"$250,000 and over",0
T3Z,"Under $5,000",800
T3Z,"$5,000 to $9,999",460
T3Z,"$10,000 to $14,999",450
T3Z,"$15,000 to $19,999",370
T3Z,"$20,000 to $24,999",400
T3Z,"$25,000 to $29,999",350
T3Z,"$30,000 to $34,999",280
T3Z,"$35,000 to $39,999",290
T3Z,"$40,000 to $44,999",240
T3Z,"$45,000 to $49,999",270
T3Z,"$50,000 to $54,999",210
T3Z,"$55,000 to $59,999",210
T3Z,"$60,000 to $69,999",400
T3Z,"$70,000 to $79,999",420
T3Z,"$80,000 to $89,999",320
T3Z,"$90,000 to $99,999",320
T3Z,"$100,000 to $149,999",1030
T3Z,"$150,000 to $249,999",960
T3Z,"$250,000 and over",1200
T4A,"Under $5,000",1090
T4A,"$5,000 to $9,999",570
T4A,"$10,000 to $14,999",660
T4A,"$15,000 to $19,999",690
T4A,"$20,000 to $24,999",860
T4A,"$25,000 to $29,999",730
T4A,"$30,000 to $34,999",670
T4A,"$35,000 to $39,999",690
T4A,"$40,000 to $44,999",650
T4A,"$45,000 to $49,999",670
T4A,"$50,000 to $54,999",630
T4A,"$55,000 to $59,999",570
T4A,"$60,000 to $69,999",1050
T4A,"$70,000 to $79,999",860
T4A,"$80,000 to $89,999",750
T4A,"$90,000 to $99,999",690
T4A,"$100,000 to $149,999",1560
T4A,"$150,000 to $249,999",630
T4A,"$250,000 and over",210
T4B,"Under $5,000",3120
T4B,"$5,000 to $9,999",1660
T4B,"$10,000 to $14,999",1810
T4B,"$15,000 to $19,999",1790
T4B,"$20,000 to $24,999",2280
T4B,"$25,000 to $29,999",1930
T4B,"$30,000 to $34,999",1820
T4B,"$35,000 to $39,999",1870
T4B,"$40,000 to $44,999",1720
T4B,"$45,000 to $49,999",1730
T4B,"$50,000 to $54,999",1680
T4B,"$55,000 to $59,999",1480
T4B,"$60,000 to $69,999",2720
T4B,"$70,000 to $79,999",2390
T4B,"$80,000 to $89,999",2050
T4B,"$90,000 to $99,999",1790
T4B,"$100,000 to $149,999",4570
T4B,"$150,000 to $249,999",1700
T4B,"$250,000 and over",550
T4C,"Under $5,000",1810
T4C,"$5,000 to $9,999",1130
T4C,"$10,000 to $14,999",1240
T4C,"$15,000 to $19,999",1190
T4C,"$20,000 to $24,999",1540
T4C,"$25,000 to $29,999",1360
T4C,"$30,000 to $34,999",1320
T4C,"$35,000 to $39,999",1160
T4C,"$40,000 to $44,999",1130
T4C,"$45,000 to $49,999",1250
T4C,"$50,000 to $54,999",1070
T4C,"$55,000 to $59,999",970
T4C,"$60,000 to $69,999",1820
T4C,"$70,000 to $79,999",1610
T4C,"$80,000 to $89,999",1370
T4C,"$90,000 to $99,999",1130
T4C,"$100,000 to $149,999",3200
T4C,"$150,000 to $249,999",1650
T4C,"$250,000 and over",710
T4E,"Under $5,000",280
T4E,"$5,000 to $9,999",190
T4E,"$10,000 to $14,999",230
T4E,"$15,000 to $19,999",200
T4E,"$20,000 to $24,999",310
T4E,"$25,000 to $29,999",240
T4E,"$30,000 to $34,999",180
T4E,"$35,000 to $39,999",190
T4E,"$40,000 to $44,999",180
T4E,"$45,000 to $49,999",160
T4E,"$50,000 to $54,999",150
T4E,"$55,000 to $59,999",130
T4E,"$60,000 to $69,999",240
T4E,"$70,000 to $79,999",200
T4E,"$80,000 to $89,999",150
T4E,"$90,000 to $99,999",160
T4E,"$100,000 to $149,999",340
T4E,"$150,000 to $249,999",240
T4E,"$250,000 and over",150
T4G,"Under $5,000",660
T4G,"$5,000 to $9,999",440
T4G,"$10,000 to $14,999",580
T4G,"$15,000 to $19,999",620
T4G,"$20,000 to $24,999",960
T4G,"$25,000 to $29,999",650
T4G,"$30,000 to $34,999",590
T4G,"$35,000 to $39,999",540
T4G,"$40,000 to $44,999",500
T4G,"$45,000 to $49,999",520
T4G,"$50,000 to $54,999",390
T4G,"$55,000 to $59,999",400
T4G,"$60,000 to $69,999",630
T4G,"$70,000 to $79,999",560
T4G,"$80,000 to $89,999",390
T4G,"$90,000 to $99,999",360
T4G,"$100,000 to $149,999",750
T4G,"$150,000 to $249,999",310
T4G,"$250,000 and over",110
T4H,"Under $5,000",650
T4H,"$5,000 to $9,999",430
T4H,"$10,000 to $14,999",540
T4H,"$15,000 to $19,999",560
T4H,"$20,000 to $24,999",920
T4H,"$25,000 to $29,999",700
T4H,"$30,000 to $34,999",610
T4H,"$35,000 to $39,999",550
T4H,"$40,000 to $44,999",460
T4H,"$45,000 to $49,999",520
T4H,"$50,000 to $54,999",410
T4H,"$55,000 to $59,999",390
T4H,"$60,000 to $69,999",660
T4H,"$70,000 to $79,999",510
T4H,"$80,000 to $89,999",390
T4H,"$90,000 to $99,999",340
T4H,"$100,000 to $149,999",750
T4H,"$150,000 to $249,999",360
T4H,"$250,000 and over",110
T4J,"Under $5,000",770
T4J,"$5,000 to $9,999",400
T4J,"$10,000 to $14,999",560
T4J,"$15,000 to $19,999",520
T4J,"$20,000 to $24,999",860
T4J,"$25,000 to $29,999",670
T4J,"$30,000 to $34,999",530
T4J,"$35,000 to $39,999",510
T4J,"$40,000 to $44,999",460
T4J,"$45,000 to $49,999",490
T4J,"$50,000 to $54,999",350
T4J,"$55,000 to $59,999",340
T4J,"$60,000 to $69,999",650
T4J,"$70,000 to $79,999",540
T4J,"$80,000 to $89,999",340
T4J,"$90,000 to $99,999",350
T4J,"$100,000 to $149,999",730
T4J,"$150,000 to $249,999",270
T4J,"$250,000 and over",110
T4L,"Under $5,000",1120
T4L,"$5,000 to $9,999",640
T4L,"$10,000 to $14,999",760
T4L,"$15,000 to $19,999",800
T4L,"$20,000 to $24,999",1150
T4L,"$25,000 to $29,999",890
T4L,"$30,000 to $34,999",800
T4L,"$35,000 to $39,999",720
T4L,"$40,000 to $44,999",650
T4L,"$45,000 to $49,999",670
T4L,"$50,000 to $54,999",560
T4L,"$55,000 to $59,999",550
T4L,"$60,000 to $69,999",920
T4L,"$70,000 to $79,999",780
T4L,"$80,000 to $89,999",620
T4L,"$90,000 to $99,999",540
T4L,"$100,000 to $149,999",1240
T4L,"$150,000 to $249,999",520
T4L,"$250,000 and over",170
T4M,"Under $5,000",450
T4M,"$5,000 to $9,999",180
T4M,"$10,000 to $14,999",220
T4M,"$15,000 to $19,999",200
T4M,"$20,000 to $24,999",220
T4M,"$25,000 to $29,999",190
T4M,"$30,000 to $34,999",190
T4M,"$35,000 to $39,999",190
T4M,"$40,000 to $44,999",200
T4M,"$45,000 to $49,999",210
T4M,"$50,000 to $54,999",190
T4M,"$55,000 to $59,999",180
T4M,"$60,000 to $69,999",330
T4M,"$70,000 to $79,999",280
T4M,"$80,000 to $89,999",250
T4M,"$90,000 to $99,999",250
T4M,"$100,000 to $149,999",650
T4M,"$150,000 to $249,999",240
T4M,"$250,000 and over",40
T4N,"Under $5,000",1810
T4N,"$5,000 to $9,999",1120
T4N,"$10,000 to $14,999",1490
T4N,"$15,000 to $19,999",1520
T4N,"$20,000 to $24,999",2860
T4N,"$25,000 to $29,999",1720
T4N,"$30,000 to $34,999",1580
T4N,"$35,000 to $39,999",1400
T4N,"$40,000 to $44,999",1320
T4N,"$45,000 to $49,999",1180
T4N,"$50,000 to $54,999",980
T4N,"$55,000 to $59,999",900
T4N,"$60,000 to $69,999",1460
T4N,"$70,000 to $79,999",1090
T4N,"$80,000 to $89,999",880
T4N,"$90,000 to $99,999",650
T4N,"$100,000 to $149,999",1430
T4N,"$150,000 to $249,999",590
T4N,"$250,000 and over",270
T4P,"Under $5,000",1830
T4P,"$5,000 to $9,999",1130
T4P,"$10,000 to $14,999",1360
T4P,"$15,000 to $19,999",1350
T4P,"$20,000 to $24,999",2070
T4P,"$25,000 to $29,999",1580
T4P,"$30,000 to $34,999",1420
T4P,"$35,000 to $39,999",1440
T4P,"$40,000 to $44,999",1290
T4P,"$45,000 to $49,999",1320
T4P,"$50,000 to $54,999",1120
T4P,"$55,000 to $59,999",970
T4P,"$60,000 to $69,999",1680
T4P,"$70,000 to $79,999",1340
T4P,"$80,000 to $89,999",1060
T4P,"$90,000 to $99,999",920
T4P,"$100,000 to $149,999",2090
T4P,"$150,000 to $249,999",740
T4P,"$250,000 and over",180
T4R,"Under $5,000",1970
T4R,"$5,000 to $9,999",1180
T4R,"$10,000 to $14,999",1350
T4R,"$15,000 to $19,999",1310
T4R,"$20,000 to $24,999",1860
T4R,"$25,000 to $29,999",1530
T4R,"$30,000 to $34,999",1460
T4R,"$35,000 to $39,999",1360
T4R,"$40,000 to $44,999",1390
T4R,"$45,000 to $49,999",1390
T4R,"$50,000 to $54,999",1250
T4R,"$55,000 to $59,999",1160
T4R,"$60,000 to $69,999",1970
T4R,"$70,000 to $79,999",1730
T4R,"$80,000 to $89,999",1380
T4R,"$90,000 to $99,999",1370
T4R,"$100,000 to $149,999",3090
T4R,"$150,000 to $249,999",1400
T4R,"$250,000 and over",430
T4S,"Under $5,000",1110
T4S,"$5,000 to $9,999",670
T4S,"$10,000 to $14,999",800
T4S,"$15,000 to $19,999",830
T4S,"$20,000 to $24,999",1100
T4S,"$25,000 to $29,999",880
T4S,"$30,000 to $34,999",800
T4S,"$35,000 to $39,999",700
T4S,"$40,000 to $44,999",700
T4S,"$45,000 to $49,999",690
T4S,"$50,000 to $54,999",600
T4S,"$55,000 to $59,999",550
T4S,"$60,000 to $69,999",1020
T4S,"$70,000 to $79,999",860
T4S,"$80,000 to $89,999",710
T4S,"$90,000 to $99,999",600
T4S,"$100,000 to $149,999",1640
T4S,"$150,000 to $249,999",780
T4S,"$250,000 and over",240
T4T,"Under $5,000",1400
T4T,"$5,000 to $9,999",570
T4T,"$10,000 to $14,999",680
T4T,"$15,000 to $19,999",730
T4T,"$20,000 to $24,999",1060
T4T,"$25,000 to $29,999",750
T4T,"$30,000 to $34,999",610
T4T,"$35,000 to $39,999",510
T4T,"$40,000 to $44,999",510
T4T,"$45,000 to $49,999",450
T4T,"$50,000 to $54,999",400
T4T,"$55,000 to $59,999",320
T4T,"$60,000 to $69,999",660
T4T,"$70,000 to $79,999",570
T4T,"$80,000 to $89,999",450
T4T,"$90,000 to $99,999",430
T4T,"$100,000 to $149,999",1000
T4T,"$150,000 to $249,999",440
T4T,"$250,000 and over",140
T4V,"Under $5,000",980
T4V,"$5,000 to $9,999",650
T4V,"$10,000 to $14,999",930
T4V,"$15,000 to $19,999",970
T4V,"$20,000 to $24,999",1750
T4V,"$25,000 to $29,999",1190
T4V,"$30,000 to $34,999",1010
T4V,"$35,000 to $39,999",910
T4V,"$40,000 to $44,999",920
T4V,"$45,000 to $49,999",830
T4V,"$50,000 to $54,999",810
T4V,"$55,000 to $59,999",640
T4V,"$60,000 to $69,999",1110
T4V,"$70,000 to $79,999",930
T4V,"$80,000 to $89,999",710
T4V,"$90,000 to $99,999",620
T4V,"$100,000 to $149,999",1350
T4V,"$150,000 to $249,999",420
T4V,"$250,000 and over",150
T4X,"Under $5,000",1450
T4X,"$5,000 to $9,999",730
T4X,"$10,000 to $14,999",820
T4X,"$15,000 to $19,999",820
T4X,"$20,000 to $24,999",1030
T4X,"$25,000 to $29,999",880
T4X,"$30,000 to $34,999",770
T4X,"$35,000 to $39,999",730
T4X,"$40,000 to $44,999",670
T4X,"$45,000 to $49,999",720
T4X,"$50,000 to $54,999",690
T4X,"$55,000 to $59,999",660
T4X,"$60,000 to $69,999",1260
T4X,"$70,000 to $79,999",1080
T4X,"$80,000 to $89,999",980
T4X,"$90,000 to $99,999",960
T4X,"$100,000 to $149,999",2410
T4X,"$150,000 to $249,999",1220
T4X,"$250,000 and over",380
T5A,"Under $5,000",2510
T5A,"$5,000 to $9,999",1280
T5A,"$10,000 to $14,999",1690
T5A,"$15,000 to $19,999",1760
T5A,"$20,000 to $24,999",2660
T5A,"$25,000 to $29,999",1700
T5A,"$30,000 to $34,999",1450
T5A,"$35,000 to $39,999",1400
T5A,"$40,000 to $44,999",1350
T5A,"$45,000 to $49,999",1430
T5A,"$50,000 to $54,999",1190
T5A,"$55,000 to $59,999",1100
T5A,"$60,000 to $69,999",1880
T5A,"$70,000 to $79,999",1510
T5A,"$80,000 to $89,999",1130
T5A,"$90,000 to $99,999",820
T5A,"$100,000 to $149,999",1480
T5A,"$150,000 to $249,999",350
T5A,"$250,000 and over",50
T5B,"Under $5,000",1100
T5B,"$5,000 to $9,999",680
T5B,"$10,000 to $14,999",970
T5B,"$15,000 to $19,999",880
T5B,"$20,000 to $24,999",1750
T5B,"$25,000 to $29,999",880
T5B,"$30,000 to $34,999",700
T5B,"$35,000 to $39,999",610
T5B,"$40,000 to $44,999",570
T5B,"$45,000 to $49,999",510
T5B,"$50,000 to $54,999",460
T5B,"$55,000 to $59,999",430
T5B,"$60,000 to $69,999",690
T5B,"$70,000 to $79,999",470
T5B,"$80,000 to $89,999",400
T5B,"$90,000 to $99,999",300
T5B,"$100,000 to $149,999",580
T5B,"$150,000 to $249,999",130
T5B,"$250,000 and over",30
T5C,"Under $5,000",1260
T5C,"$5,000 to $9,999",630
T5C,"$10,000 to $14,999",830
T5C,"$15,000 to $19,999",840
T5C,"$20,000 to $24,999",1370
T5C,"$25,000 to $29,999",930
T5C,"$30,000 to $34,999",680
T5C,"$35,000 to $39,999",650
T5C,"$40,000 to $44,999",620
T5C,"$45,000 to $49,999",610
T5C,"$50,000 to $54,999",510
T5C,"$55,000 to $59,999",460
T5C,"$60,000 to $69,999",820
T5C,"$70,000 to $79,999",630
T5C,"$80,000 to $89,999",440
T5C,"$90,000 to $99,999",340
T5C,"$100,000 to $149,999",600
T5C,"$150,000 to $249,999",140
T5C,"$250,000 and over",20
T5E,"Under $5,000",2710
T5E,"$5,000 to $9,999",1270
T5E,"$10,000 to $14,999",1690
T5E,"$15,000 to $19,999",1540
T5E,"$20,000 to $24,999",2700
T5E,"$25,000 to $29,999",1700
T5E,"$30,000 to $34,999",1420
T5E,"$35,000 to $39,999",1340
T5E,"$40,000 to $44,999",1250
T5E,"$45,000 to $49,999",1190
T5E,"$50,000 to $54,999",1040
T5E,"$55,000 to $59,999",910
T5E,"$60,000 to $69,999",1500
T5E,"$70,000 to $79,999",1190
T5E,"$80,000 to $89,999",880
T5E,"$90,000 to $99,999",710
T5E,"$100,000 to $149,999",1370
T5E,"$150,000 to $249,999",410
T5E,"$250,000 and over",90
T5G,"Under $5,000",940
T5G,"$5,000 to $9,999",580
T5G,"$10,000 to $14,999",780
T5G,"$15,000 to $19,999",730
T5G,"$20,000 to $24,999",1170
T5G,"$25,000 to $29,999",720
T5G,"$30,000 to $34,999",590
T5G,"$35,000 to $39,999",490
T5G,"$40,000 to $44,999",490
T5G,"$45,000 to $49,999",470
T5G,"$50,000 to $54,999",410
T5G,"$55,000 to $59,999",360
T5G,"$60,000 to $69,999",570
T5G,"$70,000 to $79,999",450
T5G,"$80,000 to $89,999",310
T5G,"$90,000 to $99,999",220
T5G,"$100,000 to $149,999",470
T5G,"$150,000 to $249,999",90
T5G,"$250,000 and over",50
T5H,"Under $5,000",2130
T5H,"$5,000 to $9,999",1360
T5H,"$10,000 to $14,999",2100
T5H,"$15,000 to $19,999",1710
T5H,"$20,000 to $24,999",3380
T5H,"$25,000 to $29,999",1590
T5H,"$30,000 to $34,999",1180
T5H,"$35,000 to $39,999",1070
T5H,"$40,000 to $44,999",980
T5H,"$45,000 to $49,999",880
T5H,"$50,000 to $54,999",780
T5H,"$55,000 to $59,999",670
T5H,"$60,000 to $69,999",1090
T5H,"$70,000 to $79,999",730
T5H,"$80,000 to $89,999",590
T5H,"$90,000 to $99,999",430
T5H,"$100,000 to $149,999",890
T5H,"$150,000 to $249,999",270
T5H,"$250,000 and over",90
T5J,"Under $5,000",730
T5J,"$5,000 to $9,999",330
T5J,"$10,000 to $14,999",400
T5J,"$15,000 to $19,999",470
T5J,"$20,000 to $24,999",1710
T5J,"$25,000 to $29,999",810
T5J,"$30,000 to $34,999",400
T5J,"$35,000 to $39,999",280
T5J,"$40,000 to $44,999",250
T5J,"$45,000 to $49,999",240
T5J,"$50,000 to $54,999",230
T5J,"$55,000 to $59,999",200
T5J,"$60,000 to $69,999",400
T5J,"$70,000 to $79,999",340
T5J,"$80,000 to $89,999",300
T5J,"$90,000 to $99,999",270
T5J,"$100,000 to $149,999",600
T5J,"$150,000 to $249,999",290
T5J,"$250,000 and over",250
T5K,"Under $5,000",1250
T5K,"$5,000 to $9,999",630
T5K,"$10,000 to $14,999",760
T5K,"$15,000 to $19,999",780
T5K,"$20,000 to $24,999",1670
T5K,"$25,000 to $29,999",1060
T5K,"$30,000 to $34,999",870
T5K,"$35,000 to $39,999",840
T5K,"$40,000 to $44,999",780
T5K,"$45,000 to $49,999",810
T5K,"$50,000 to $54,999",810
T5K,"$55,000 to $59,999",700
T5K,"$60,000 to $69,999",1270
T5K,"$70,000 to $79,999",1170
T5K,"$80,000 to $89,999",970
T5K,"$90,000 to $99,999",790
T5K,"$100,000 to $149,999",1700
T5K,"$150,000 to $249,999",740
T5K,"$250,000 and over",350
T5L,"Under $5,000",1190
T5L,"$5,000 to $9,999",600
T5L,"$10,000 to $14,999",830
T5L,"$15,000 to $19,999",850
T5L,"$20,000 to $24,999",1290
T5L,"$25,000 to $29,999",920
T5L,"$30,000 to $34,999",830
T5L,"$35,000 to $39,999",780
T5L,"$40,000 to $44,999",710
T5L,"$45,000 to $49,999",670
T5L,"$50,000 to $54,999",640
T5L,"$55,000 to $59,999",600
T5L,"$60,000 to $69,999",860
T5L,"$70,000 to $79,999",710
T5L,"$80,000 to $89,999",490
T5L,"$90,000 to $99,999",430
T5L,"$100,000 to $149,999",800
T5L,"$150,000 to $249,999",170
T5L,"$250,000 and over",40
T5M,"Under $5,000",970
T5M,"$5,000 to $9,999",510
T5M,"$10,000 to $14,999",680
T5M,"$15,000 to $19,999",730
T5M,"$20,000 to $24,999",1370
T5M,"$25,000 to $29,999",760
T5M,"$30,000 to $34,999",670
T5M,"$35,000 to $39,999",600
T5M,"$40,000 to $44,999",610
T5M,"$45,000 to $49,999",560
T5M,"$50,000 to $54,999",480
T5M,"$55,000 to $59,999",450
T5M,"$60,000 to $69,999",740
T5M,"$70,000 to $79,999",540
T5M,"$80,000 to $89,999",470
T5M,"$90,000 to $99,999",420
T5M,"$100,000 to $149,999",970
T5M,"$150,000 to $249,999",300
T5M,"$250,000 and over",150
T5N,"Under $5,000",750
T5N,"$5,000 to $9,999",470
T5N,"$10,000 to $14,999",540
T5N,"$15,000 to $19,999",500
T5N,"$20,000 to $24,999",810
T5N,"$25,000 to $29,999",630
T5N,"$30,000 to $34,999",510
T5N,"$35,000 to $39,999",480
T5N,"$40,000 to $44,999",450
T5N,"$45,000 to $49,999",520
T5N,"$50,000 to $54,999",420
T5N,"$55,000 to $59,999",390
T5N,"$60,000 to $69,999",760
T5N,"$70,000 to $79,999",640
T5N,"$80,000 to $89,999",520
T5N,"$90,000 to $99,999",480
T5N,"$100,000 to $149,999",1260
T5N,"$150,000 to $249,999",680
T5N,"$250,000 and over",610
T5P,"Under $5,000",1310
T5P,"$5,000 to $9,999",870
T5P,"$10,000 to $14,999",1180
T5P,"$15,000 to $19,999",1140
T5P,"$20,000 to $24,999",2000
T5P,"$25,000 to $29,999",1210
T5P,"$30,000 to $34,999",1050
T5P,"$35,000 to $39,999",940
T5P,"$40,000 to $44,999",960
T5P,"$45,000 to $49,999",830
T5P,"$50,000 to $54,999",750
T5P,"$55,000 to $59,999",670
T5P,"$60,000 to $69,999",1070
T5P,"$70,000 to $79,999",770
T5P,"$80,000 to $89,999",520
T5P,"$90,000 to $99,999",370
T5P,"$100,000 to $149,999",690
T5P,"$150,000 to $249,999",150
T5P,"$250,000 and over",40
T5R,"Under $5,000",1350
T5R,"$5,000 to $9,999",790
T5R,"$10,000 to $14,999",1060
T5R,"$15,000 to $19,999",990
T5R,"$20,000 to $24,999",1490
T5R,"$25,000 to $29,999",1140
T5R,"$30,000 to $34,999",1000
T5R,"$35,000 to $39,999",1060
T5R,"$40,000 to $44,999",1000
T5R,"$45,000 to $49,999",980
T5R,"$50,000 to $54,999",810
T5R,"$55,000 to $59,999",750
T5R,"$60,000 to $69,999",1270
T5R,"$70,000 to $79,999",1020
T5R,"$80,000 to $89,999",890
T5R,"$90,000 to $99,999",710
T5R,"$100,000 to $149,999",1770
T5R,"$150,000 to $249,999",850
T5R,"$250,000 and over",530
T5S,"Under $5,000",310
T5S,"$5,000 to $9,999",180
T5S,"$10,000 to $14,999",220
T5S,"$15,000 to $19,999",220
T5S,"$20,000 to $24,999",360
T5S,"$25,000 to $29,999",220
T5S,"$30,000 to $34,999",230
T5S,"$35,000 to $39,999",200
T5S,"$40,000 to $44,999",220
T5S,"$45,000 to $49,999",250
T5S,"$50,000 to $54,999",210
T5S,"$55,000 to $59,999",190
T5S,"$60,000 to $69,999",350
T5S,"$70,000 to $79,999",350
T5S,"$80,000 to $89,999",290
T5S,"$90,000 to $99,999",260
T5S,"$100,000 to $149,999",660
T5S,"$150,000 to $249,999",240
T5S,"$250,000 and over",70
T5T,"Under $5,000",4850
T5T,"$5,000 to $9,999",2670
T5T,"$10,000 to $14,999",3210
T5T,"$15,000 to $19,999",3040
T5T,"$20,000 to $24,999",4200
T5T,"$25,000 to $29,999",3190
T5T,"$30,000 to $34,999",3040
T5T,"$35,000 to $39,999",2960
T5T,"$40,000 to $44,999",2810
T5T,"$45,000 to $49,999",2990
T5T,"$50,000 to $54,999",2640
T5T,"$55,000 to $59,999",2510
T5T,"$60,000 to $69,999",4120
T5T,"$70,000 to $79,999",3360
T5T,"$80,000 to $89,999",2550
T5T,"$90,000 to $99,999",2170
T5T,"$100,000 to $149,999",4870
T5T,"$150,000 to $249,999",1520
T5T,"$250,000 and over",520
T5V,"Under $5,000",20
T5V,"$5,000 to $9,999",10
T5V,"$10,000 to $14,999",20
T5V,"$15,000 to $19,999",20
T5V,"$20,000 to $24,999",20
T5V,"$25,000 to $29,999",20
T5V,"$30,000 to $34,999",20
T5V,"$35,000 to $39,999",10
T5V,"$40,000 to $44,999",20
T5V,"$45,000 to $49,999",20
T5V,"$50,000 to $54,999",10
T5V,"$55,000 to $59,999",10
T5V,"$60,000 to $69,999",20
T5V,"$70,000 to $79,999",30
T5V,"$80,000 to $89,999",10
T5V,"$90,000 to $99,999",10
T5V,"$100,000 to $149,999",30
T5V,"$150,000 to $249,999",10
T5V,"$250,000 and over",10
T5W,"Under $5,000",1330
T5W,"$5,000 to $9,999",770
T5W,"$10,000 to $14,999",1070
T5W,"$15,000 to $19,999",1080
T5W,"$20,000 to $24,999",1780
T5W,"$25,000 to $29,999",1000
T5W,"$30,000 to $34,999",870
T5W,"$35,000 to $39,999",810
T5W,"$40,000 to $44,999",810
T5W,"$45,000 to $49,999",730
T5W,"$50,000 to $54,999",650
T5W,"$55,000 to $59,999",570
T5W,"$60,000 to $69,999",1020
T5W,"$70,000 to $79,999",810
T5W,"$80,000 to $89,999",610
T5W,"$90,000 to $99,999",510
T5W,"$100,000 to $149,999",940
T5W,"$150,000 to $249,999",270
T5W,"$250,000 and over",70
T5X,"Under $5,000",3220
T5X,"$5,000 to $9,999",1640
T5X,"$10,000 to $14,999",1930
T5X,"$15,000 to $19,999",2000
T5X,"$20,000 to $24,999",2720
T5X,"$25,000 to $29,999",1940
T5X,"$30,000 to $34,999",1680
T5X,"$35,000 to $39,999",1620
T5X,"$40,000 to $44,999",1500
T5X,"$45,000 to $49,999",1590
T5X,"$50,000 to $54,999",1400
T5X,"$55,000 to $59,999",1290
T5X,"$60,000 to $69,999",2180
T5X,"$70,000 to $79,999",1900
T5X,"$80,000 to $89,999",1410
T5X,"$90,000 to $99,999",1100
T5X,"$100,000 to $149,999",2440
T5X,"$150,000 to $249,999",590
T5X,"$250,000 and over",140
T5Y,"Under $5,000",3690
T5Y,"$5,000 to $9,999",1930
T5Y,"$10,000 to $14,999",2290
T5Y,"$15,000 to $19,999",2170
T5Y,"$20,000 to $24,999",2880
T5Y,"$25,000 to $29,999",2070
T5Y,"$30,000 to $34,999",1940
T5Y,"$35,000 to $39,999",1860
T5Y,"$40,000 to $44,999",1780
T5Y,"$45,000 to $49,999",1860
T5Y,"$50,000 to $54,999",1700
T5Y,"$55,000 to $59,999",1590
T5Y,"$60,000 to $69,999",2800
T5Y,"$70,000 to $79,999",2420
T5Y,"$80,000 to $89,999",1890
T5Y,"$90,000 to $99,999",1500
T5Y,"$100,000 to $149,999",3100
T5Y,"$150,000 to $249,999",830
T5Y,"$250,000 and over",170
T5Z,"Under $5,000",2260
T5Z,"$5,000 to $9,999",1310
T5Z,"$10,000 to $14,999",1520
T5Z,"$15,000 to $19,999",1560
T5Z,"$20,000 to $24,999",2000
T5Z,"$25,000 to $29,999",1360
T5Z,"$30,000 to $34,999",1280
T5Z,"$35,000 to $39,999",1260
T5Z,"$40,000 to $44,999",1180
T5Z,"$45,000 to $49,999",1200
T5Z,"$50,000 to $54,999",1120
T5Z,"$55,000 to $59,999",980
T5Z,"$60,000 to $69,999",1880
T5Z,"$70,000 to $79,999",1650
T5Z,"$80,000 to $89,999",1350
T5Z,"$90,000 to $99,999",1070
T5Z,"$100,000 to $149,999",2270
T5Z,"$150,000 to $249,999",650
T5Z,"$250,000 and over",160
T6A,"Under $5,000",700
T6A,"$5,000 to $9,999",440
T6A,"$10,000 to $14,999",560
T6A,"$15,000 to $19,999",570
T6A,"$20,000 to $24,999",930
T6A,"$25,000 to $29,999",680
T6A,"$30,000 to $34,999",570
T6A,"$35,000 to $39,999",550
T6A,"$40,000 to $44,999",560
T6A,"$45,000 to $49,999",550
T6A,"$50,000 to $54,999",470
T6A,"$55,000 to $59,999",430
T6A,"$60,000 to $69,999",820
T6A,"$70,000 to $79,999",770
T6A,"$80,000 to $89,999",560
T6A,"$90,000 to $99,999",510
T6A,"$100,000 to $149,999",1340
T6A,"$150,000 to $249,999",440
T6A,"$250,000 and over",130
T6B,"Under $5,000",480
T6B,"$5,000 to $9,999",260
T6B,"$10,000 to $14,999",400
T6B,"$15,000 to $19,999",390
T6B,"$20,000 to $24,999",700
T6B,"$25,000 to $29,999",470
T6B,"$30,000 to $34,999",380
T6B,"$35,000 to $39,999",380
T6B,"$40,000 to $44,999",390
T6B,"$45,000 to $49,999",370
T6B,"$50,000 to $54,999",320
T6B,"$55,000 to $59,999",290
T6B,"$60,000 to $69,999",530
T6B,"$70,000 to $79,999",470
T6B,"$80,000 to $89,999",370
T6B,"$90,000 to $99,999",370
T6B,"$100,000 to $149,999",790
T6B,"$150,000 to $249,999",240
T6B,"$250,000 and over",80
T6C,"Under $5,000",960
T6C,"$5,000 to $9,999",580
T6C,"$10,000 to $14,999",770
T6C,"$15,000 to $19,999",780
T6C,"$20,000 to $24,999",1440
T6C,"$25,000 to $29,999",950
T6C,"$30,000 to $34,999",790
T6C,"$35,000 to $39,999",710
T6C,"$40,000 to $44,999",650
T6C,"$45,000 to $49,999",680
T6C,"$50,000 to $54,999",660
T6C,"$55,000 to $59,999",640
T6C,"$60,000 to $69,999",1100
T6C,"$70,000 to $79,999",900
T6C,"$80,000 to $89,999",740
T6C,"$90,000 to $99,999",700
T6C,"$100,000 to $149,999",1590
T6C,"$150,000 to $249,999",650
T6C,"$250,000 and over",270
T6E,"Under $5,000",1610
T6E,"$5,000 to $9,999",890
T6E,"$10,000 to $14,999",980
T6E,"$15,000 to $19,999",900
T6E,"$20,000 to $24,999",1520
T6E,"$25,000 to $29,999",1050
T6E,"$30,000 to $34,999",880
T6E,"$35,000 to $39,999",790
T6E,"$40,000 to $44,999",720
T6E,"$45,000 to $49,999",710
T6E,"$50,000 to $54,999",740
T6E,"$55,000 to $59,999",670
T6E,"$60,000 to $69,999",1140
T6E,"$70,000 to $79,999",1050
T6E,"$80,000 to $89,999",860
T6E,"$90,000 to $99,999",760
T6E,"$100,000 to $149,999",1660
T6E,"$150,000 to $249,999",640
T6E,"$250,000 and over",320
T6G,"Under $5,000",1990
T6G,"$5,000 to $9,999",590
T6G,"$10,000 to $14,999",520
T6G,"$15,000 to $19,999",400
T6G,"$20,000 to $24,999",520
T6G,"$25,000 to $29,999",400
T6G,"$30,000 to $34,999",290
T6G,"$35,000 to $39,999",260
T6G,"$40,000 to $44,999",230
T6G,"$45,000 to $49,999",260
T6G,"$50,000 to $54,999",230
T6G,"$55,000 to $59,999",220
T6G,"$60,000 to $69,999",390
T6G,"$70,000 to $79,999",410
T6G,"$80,000 to $89,999",330
T6G,"$90,000 to $99,999",290
T6G,"$100,000 to $149,999",760
T6G,"$150,000 to $249,999",570
T6G,"$250,000 and over",390
T6H,"Under $5,000",2220
T6H,"$5,000 to $9,999",1070
T6H,"$10,000 to $14,999",1280
T6H,"$15,000 to $19,999",1080
T6H,"$20,000 to $24,999",1640
T6H,"$25,000 to $29,999",1170
T6H,"$30,000 to $34,999",1070
T6H,"$35,000 to $39,999",960
T6H,"$40,000 to $44,999",920
T6H,"$45,000 to $49,999",970
T6H,"$50,000 to $54,999",870
T6H,"$55,000 to $59,999",810
T6H,"$60,000 to $69,999",1340
T6H,"$70,000 to $79,999",1190
T6H,"$80,000 to $89,999",940
T6H,"$90,000 to $99,999",880
T6H,"$100,000 to $149,999",2090
T6H,"$150,000 to $249,999",1040
T6H,"$250,000 and over",510
T6J,"Under $5,000",3490
T6J,"$5,000 to $9,999",1790
T6J,"$10,000 to $14,999",2030
T6J,"$15,000 to $19,999",1870
T6J,"$20,000 to $24,999",2640
T6J,"$25,000 to $29,999",2020
T6J,"$30,000 to $34,999",1890
T6J,"$35,000 to $39,999",1850
T6J,"$40,000 to $44,999",1700
T6J,"$45,000 to $49,999",1760
T6J,"$50,000 to $54,999",1460
T6J,"$55,000 to $59,999",1420
T6J,"$60,000 to $69,999",2400
T6J,"$70,000 to $79,999",2030
T6J,"$80,000 to $89,999",1660
T6J,"$90,000 to $99,999",1380
T6J,"$100,000 to $149,999",3440
T6J,"$150,000 to $249,999",1380
T6J,"$250,000 and over",650
T6K,"Under $5,000",2300
T6K,"$5,000 to $9,999",1120
T6K,"$10,000 to $14,999",1410
T6K,"$15,000 to $19,999",1370
T6K,"$20,000 to $24,999",1910
T6K,"$25,000 to $29,999",1340
T6K,"$30,000 to $34,999",1270
T6K,"$35,000 to $39,999",1180
T6K,"$40,000 to $44,999",1140
T6K,"$45,000 to $49,999",1130
T6K,"$50,000 to $54,999",960
T6K,"$55,000 to $59,999",940
T6K,"$60,000 to $69,999",1540
T6K,"$70,000 to $79,999",1100
T6K,"$80,000 to $89,999",850
T6K,"$90,000 to $99,999",650
T6K,"$100,000 to $149,999",1340
T6K,"$150,000 to $249,999",270
T6K,"$250,000 and over",60
T6L,"Under $5,000",3910
T6L,"$5,000 to $9,999",2090
T6L,"$10,000 to $14,999",2490
T6L,"$15,000 to $19,999",2760
T6L,"$20,000 to $24,999",3580
T6L,"$25,000 to $29,999",2490
T6L,"$30,000 to $34,999",2260
T6L,"$35,000 to $39,999",2130
T6L,"$40,000 to $44,999",2030
T6L,"$45,000 to $49,999",2040
T6L,"$50,000 to $54,999",1860
T6L,"$55,000 to $59,999",1710
T6L,"$60,000 to $69,999",2790
T6L,"$70,000 to $79,999",2200
T6L,"$80,000 to $89,999",1590
T6L,"$90,000 to $99,999",1290
T6L,"$100,000 to $149,999",2450
T6L,"$150,000 to $249,999",600
T6L,"$250,000 and over",140
T6M,"Under $5,000",1900
T6M,"$5,000 to $9,999",1100
T6M,"$10,000 to $14,999",1120
T6M,"$15,000 to $19,999",1070
T6M,"$20,000 to $24,999",1240
T6M,"$25,000 to $29,999",930
T6M,"$30,000 to $34,999",1000
T6M,"$35,000 to $39,999",910
T6M,"$40,000 to $44,999",950
T6M,"$45,000 to $49,999",1110
T6M,"$50,000 to $54,999",860
T6M,"$55,000 to $59,999",950
T6M,"$60,000 to $69,999",1670
T6M,"$70,000 to $79,999",1520
T6M,"$80,000 to $89,999",1250
T6M,"$90,000 to $99,999",1180
T6M,"$100,000 to $149,999",2870
T6M,"$150,000 to $249,999",1280
T6M,"$250,000 and over",660
T6N,"Under $5,000",10
T6N,"$5,000 to $9,999",10
T6N,"$10,000 to $14,999",10
T6N,"$15,000 to $19,999",10
T6N,"$20,000 to $24,999",10
T6N,"$25,000 to $29,999",0
T6N,"$30,000 to $34,999",0
T6N,"$35,000 to $39,999",0
T6N,"$40,000 to $44,999",0
T6N,"$45,000 to $49,999",10
T6N,"$50,000 to $54,999",0
T6N,"$55,000 to $59,999",0
T6N,"$60,000 to $69,999",10
T6N,"$70,000 to $79,999",0
T6N,"$80,000 to $89,999",0
T6N,"$90,000 to $99,999",0
T6N,"$100,000 to $149,999",0
T6N,"$150,000 to $249,999",0
T6N,"$250,000 and over",10
T6P,"Under $5,000",120
T6P,"$5,000 to $9,999",70
T6P,"$10,000 to $14,999",100
T6P,"$15,000 to $19,999",100
T6P,"$20,000 to $24,999",180
T6P,"$25,000 to $29,999",100
T6P,"$30,000 to $34,999",80
T6P,"$35,000 to $39,999",80
T6P,"$40,000 to $44,999",80
T6P,"$45,000 to $49,999",80
T6P,"$50,000 to $54,999",70
T6P,"$55,000 to $59,999",60
T6P,"$60,000 to $69,999",100
T6P,"$70,000 to $79,999",70
T6P,"$80,000 to $89,999",60
T6P,"$90,000 to $99,999",40
T6P,"$100,000 to $149,999",70
T6P,"$150,000 to $249,999",10
T6P,"$250,000 and over",10
T6R,"Under $5,000",3280
T6R,"$5,000 to $9,999",1740
T6R,"$10,000 to $14,999",1790
T6R,"$15,000 to $19,999",1610
T6R,"$20,000 to $24,999",1870
T6R,"$25,000 to $29,999",1400
T6R,"$30,000 to $34,999",1310
T6R,"$35,000 to $39,999",1320
T6R,"$40,000 to $44,999",1310
T6R,"$45,000 to $49,999",1360
T6R,"$50,000 to $54,999",1170
T6R,"$55,000 to $59,999",1220
T6R,"$60,000 to $69,999",2280
T6R,"$70,000 to $79,999",2080
T6R,"$80,000 to $89,999",1790
T6R,"$90,000 to $99,999",1770
T6R,"$100,000 to $149,999",4660
T6R,"$150,000 to $249,999",2540
T6R,"$250,000 and over",1420
T6S,"Under $5,000",0
T6S,"$5,000 to $9,999",0
T6S,"$10,000 to $14,999",0
T6S,"$15,000 to $19,999",0
T6S,"$20,000 to $24,999",10
T6S,"$25,000 to $29,999",0
T6S,"$30,000 to $34,999",0
T6S,"$35,000 to $39,999",0
T6S,"$40,000 to $44,999",0
T6S,"$45,000 to $49,999",0
T6S,"$50,000 to $54,999",0
T6S,"$55,000 to $59,999",0
T6S,"$60,000 to $69,999",0
T6S,"$70,000 to $79,999",0
T6S,"$80,000 to $89,999",0
T6S,"$90,000 to $99,999",0
T6S,"$100,000 to $149,999",10
T6S,"$150,000 to $249,999",0
T6S,"$250,000 and over",0
T6T,"Under $5,000",4430
T6T,"$5,000 to $9,999",2070
T6T,"$10,000 to $14,999",2380
T6T,"$15,000 to $19,999",2330
T6T,"$20,000 to $24,999",2620
T6T,"$25,000 to $29,999",2090
T6T,"$30,000 to $34,999",1990
T6T,"$35,000 to $39,999",1850
T6T,"$40,000 to $44,999",1780
T6T,"$45,000 to $49,999",1720
T6T,"$50,000 to $54,999",1510
T6T,"$55,000 to $59,999",1420
T6T,"$60,000 to $69,999",2330
T6T,"$70,000 to $79,999",1810
T6T,"$80,000 to $89,999",1410
T6T,"$90,000 to $99,999",1190
T6T,"$100,000 to $149,999",2340
T6T,"$150,000 to $249,999",610
T6T,"$250,000 and over",100
T6V,"Under $5,000",1630
T6V,"$5,000 to $9,999",830
T6V,"$10,000 to $14,999",980
T6V,"$15,000 to $19,999",860
T6V,"$20,000 to $24,999",1090
T6V,"$25,000 to $29,999",820
T6V,"$30,000 to $34,999",810
T6V,"$35,000 to $39,999",730
T6V,"$40,000 to $44,999",680
T6V,"$45,000 to $49,999",760
T6V,"$50,000 to $54,999",710
T6V,"$55,000 to $59,999",690
T6V,"$60,000 to $69,999",1190
T6V,"$70,000 to $79,999",1000
T6V,"$80,000 to $89,999",820
T6V,"$90,000 to $99,999",720
T6V,"$100,000 to $149,999",1540
T6V,"$150,000 to $249,999",500
T6V,"$250,000 and over",120
T6W,"Under $5,000",5180
T6W,"$5,000 to $9,999",2330
T6W,"$10,000 to $14,999",2290
T6W,"$15,000 to $19,999",2240
T6W,"$20,000 to $24,999",2460
T6W,"$25,000 to $29,999",2080
T6W,"$30,000 to $34,999",2100
T6W,"$35,000 to $39,999",2130
T6W,"$40,000 to $44,999",2050
T6W,"$45,000 to $49,999",2210
T6W,"$50,000 to $54,999",2120
T6W,"$55,000 to $59,999",2030
T6W,"$60,000 to $69,999",3680
T6W,"$70,000 to $79,999",3390
T6W,"$80,000 to $89,999",2960
T6W,"$90,000 to $99,999",2610
T6W,"$100,000 to $149,999",6370
T6W,"$150,000 to $249,999",2340
T6W,"$250,000 and over",910
T6X,"Under $5,000",3420
T6X,"$5,000 to $9,999",1530
T6X,"$10,000 to $14,999",1600
T6X,"$15,000 to $19,999",1660
T6X,"$20,000 to $24,999",1840
T6X,"$25,000 to $29,999",1500
T6X,"$30,000 to $34,999",1530
T6X,"$35,000 to $39,999",1530
T6X,"$40,000 to $44,999",1400
T6X,"$45,000 to $49,999",1430
T6X,"$50,000 to $54,999",1370
T6X,"$55,000 to $59,999",1250
T6X,"$60,000 to $69,999",2460
T6X,"$70,000 to $79,999",2020
T6X,"$80,000 to $89,999",1710
T6X,"$90,000 to $99,999",1620
T6X,"$100,000 to $149,999",3550
T6X,"$150,000 to $249,999",1100
T6X,"$250,000 and over",280
T6Y,"Under $5,000",0
T6Y,"$5,000 to $9,999",0
T6Y,"$10,000 to $14,999",0
T6Y,"$15,000 to $19,999",0
T6Y,"$20,000 to $24,999",0
T6Y,"$25,000 to $29,999",0
T6Y,"$30,000 to $34,999",0
T6Y,"$35,000 to $39,999",0
T6Y,"$40,000 to $44,999",10
T6Y,"$45,000 to $49,999",0
T6Y,"$50,000 to $54,999",10
T6Y,"$55,000 to $59,999",0
T6Y,"$60,000 to $69,999",0
T6Y,"$70,000 to $79,999",0
T6Y,"$80,000 to $89,999",0
T6Y,"$90,000 to $99,999",0
T6Y,"$100,000 to $149,999",0
T6Y,"$150,000 to $249,999",0
T6Y,"$250,000 and over",0
T7A,"Under $5,000",800
T7A,"$5,000 to $9,999",450
T7A,"$10,000 to $14,999",580
T7A,"$15,000 to $19,999",540
T7A,"$20,000 to $24,999",760
T7A,"$25,000 to $29,999",580
T7A,"$30,000 to $34,999",540
T7A,"$35,000 to $39,999",500
T7A,"$40,000 to $44,999",460
T7A,"$45,000 to $49,999",430
T7A,"$50,000 to $54,999",370
T7A,"$55,000 to $59,999",350
T7A,"$60,000 to $69,999",630
T7A,"$70,000 to $79,999",530
T7A,"$80,000 to $89,999",450
T7A,"$90,000 to $99,999",450
T7A,"$100,000 to $149,999",1050
T7A,"$150,000 to $249,999",490
T7A,"$250,000 and over",110
T7E,"Under $5,000",860
T7E,"$5,000 to $9,999",490
T7E,"$10,000 to $14,999",570
T7E,"$15,000 to $19,999",570
T7E,"$20,000 to $24,999",940
T7E,"$25,000 to $29,999",660
T7E,"$30,000 to $34,999",620
T7E,"$35,000 to $39,999",480
T7E,"$40,000 to $44,999",470
T7E,"$45,000 to $49,999",430
T7E,"$50,000 to $54,999",380
T7E,"$55,000 to $59,999",370
T7E,"$60,000 to $69,999",640
T7E,"$70,000 to $79,999",560
T7E,"$80,000 to $89,999",470
T7E,"$90,000 to $99,999",560
T7E,"$100,000 to $149,999",1360
T7E,"$150,000 to $249,999",580
T7E,"$250,000 and over",100
T7N,"Under $5,000",450
T7N,"$5,000 to $9,999",260
T7N,"$10,000 to $14,999",420
T7N,"$15,000 to $19,999",410
T7N,"$20,000 to $24,999",800
T7N,"$25,000 to $29,999",490
T7N,"$30,000 to $34,999",430
T7N,"$35,000 to $39,999",380
T7N,"$40,000 to $44,999",340
T7N,"$45,000 to $49,999",320
T7N,"$50,000 to $54,999",280
T7N,"$55,000 to $59,999",280
T7N,"$60,000 to $69,999",430
T7N,"$70,000 to $79,999",390
T7N,"$80,000 to $89,999",220
T7N,"$90,000 to $99,999",200
T7N,"$100,000 to $149,999",430
T7N,"$150,000 to $249,999",120
T7N,"$250,000 and over",50
T7P,"Under $5,000",420
T7P,"$5,000 to $9,999",320
T7P,"$10,000 to $14,999",490
T7P,"$15,000 to $19,999",440
T7P,"$20,000 to $24,999",840
T7P,"$25,000 to $29,999",460
T7P,"$30,000 to $34,999",360
T7P,"$35,000 to $39,999",330
T7P,"$40,000 to $44,999",300
T7P,"$45,000 to $49,999",260
T7P,"$50,000 to $54,999",220
T7P,"$55,000 to $59,999",200
T7P,"$60,000 to $69,999",350
T7P,"$70,000 to $79,999",250
T7P,"$80,000 to $89,999",190
T7P,"$90,000 to $99,999",200
T7P,"$100,000 to $149,999",370
T7P,"$150,000 to $249,999",150
T7P,"$250,000 and over",70
T7S,"Under $5,000",740
T7S,"$5,000 to $9,999",460
T7S,"$10,000 to $14,999",510
T7S,"$15,000 to $19,999",500
T7S,"$20,000 to $24,999",780
T7S,"$25,000 to $29,999",560
T7S,"$30,000 to $34,999",490
T7S,"$35,000 to $39,999",410
T7S,"$40,000 to $44,999",440
T7S,"$45,000 to $49,999",400
T7S,"$50,000 to $54,999",320
T7S,"$55,000 to $59,999",320
T7S,"$60,000 to $69,999",600
T7S,"$70,000 to $79,999",540
T7S,"$80,000 to $89,999",520
T7S,"$90,000 to $99,999",450
T7S,"$100,000 to $149,999",1250
T7S,"$150,000 to $249,999",540
T7S,"$250,000 and over",120
T7V,"Under $5,000",540
T7V,"$5,000 to $9,999",340
T7V,"$10,000 to $14,999",360
T7V,"$15,000 to $19,999",370
T7V,"$20,000 to $24,999",590
T7V,"$25,000 to $29,999",500
T7V,"$30,000 to $34,999",470
T7V,"$35,000 to $39,999",420
T7V,"$40,000 to $44,999",360
T7V,"$45,000 to $49,999",360
T7V,"$50,000 to $54,999",300
T7V,"$55,000 to $59,999",290
T7V,"$60,000 to $69,999",520
T7V,"$70,000 to $79,999",420
T7V,"$80,000 to $89,999",440
T7V,"$90,000 to $99,999",380
T7V,"$100,000 to $149,999",1300
T7V,"$150,000 to $249,999",420
T7V,"$250,000 and over",80
T7X,"Under $5,000",3190
T7X,"$5,000 to $9,999",1400
T7X,"$10,000 to $14,999",1610
T7X,"$15,000 to $19,999",1670
T7X,"$20,000 to $24,999",2370
T7X,"$25,000 to $29,999",1780
T7X,"$30,000 to $34,999",1680
T7X,"$35,000 to $39,999",1590
T7X,"$40,000 to $44,999",1590
T7X,"$45,000 to $49,999",1600
T7X,"$50,000 to $54,999",1410
T7X,"$55,000 to $59,999",1350
T7X,"$60,000 to $69,999",2380
T7X,"$70,000 to $79,999",2120
T7X,"$80,000 to $89,999",1720
T7X,"$90,000 to $99,999",1500
T7X,"$100,000 to $149,999",3910
T7X,"$150,000 to $249,999",1620
T7X,"$250,000 and over",430
T7Y,"Under $5,000",980
T7Y,"$5,000 to $9,999",580
T7Y,"$10,000 to $14,999",680
T7Y,"$15,000 to $19,999",680
T7Y,"$20,000 to $24,999",880
T7Y,"$25,000 to $29,999",740
T7Y,"$30,000 to $34,999",610
T7Y,"$35,000 to $39,999",630
T7Y,"$40,000 to $44,999",580
T7Y,"$45,000 to $49,999",600
T7Y,"$50,000 to $54,999",500
T7Y,"$55,000 to $59,999",490
T7Y,"$60,000 to $69,999",860
T7Y,"$70,000 to $79,999",760
T7Y,"$80,000 to $89,999",640
T7Y,"$90,000 to $99,999",610
T7Y,"$100,000 to $149,999",1760
T7Y,"$150,000 to $249,999",860
T7Y,"$250,000 and over",350
T7Z,"Under $5,000",1040
T7Z,"$5,000 to $9,999",620
T7Z,"$10,000 to $14,999",820
T7Z,"$15,000 to $19,999",820
T7Z,"$20,000 to $24,999",1330
T7Z,"$25,000 to $29,999",930
T7Z,"$30,000 to $34,999",830
T7Z,"$35,000 to $39,999",810
T7Z,"$40,000 to $44,999",700
T7Z,"$45,000 to $49,999",760
T7Z,"$50,000 to $54,999",660
T7Z,"$55,000 to $59,999",540
T7Z,"$60,000 to $69,999",1020
T7Z,"$70,000 to $79,999",870
T7Z,"$80,000 to $89,999",650
T7Z,"$90,000 to $99,999",590
T7Z,"$100,000 to $149,999",1500
T7Z,"$150,000 to $249,999",670
T7Z,"$250,000 and over",160
T8A,"Under $5,000",2030
T8A,"$5,000 to $9,999",1230
T8A,"$10,000 to $14,999",1460
T8A,"$15,000 to $19,999",1440
T8A,"$20,000 to $24,999",1960
T8A,"$25,000 to $29,999",1620
T8A,"$30,000 to $34,999",1580
T8A,"$35,000 to $39,999",1540
T8A,"$40,000 to $44,999",1490
T8A,"$45,000 to $49,999",1660
T8A,"$50,000 to $54,999",1430
T8A,"$55,000 to $59,999",1320
T8A,"$60,000 to $69,999",2480
T8A,"$70,000 to $79,999",2230
T8A,"$80,000 to $89,999",1790
T8A,"$90,000 to $99,999",1670
T8A,"$100,000 to $149,999",4400
T8A,"$150,000 to $249,999",2060
T8A,"$250,000 and over",660
T8B,"Under $5,000",400
T8B,"$5,000 to $9,999",220
T8B,"$10,000 to $14,999",230
T8B,"$15,000 to $19,999",240
T8B,"$20,000 to $24,999",320
T8B,"$25,000 to $29,999",240
T8B,"$30,000 to $34,999",230
T8B,"$35,000 to $39,999",200
T8B,"$40,000 to $44,999",210
T8B,"$45,000 to $49,999",230
T8B,"$50,000 to $54,999",210
T8B,"$55,000 to $59,999",200
T8B,"$60,000 to $69,999",340
T8B,"$70,000 to $79,999",320
T8B,"$80,000 to $89,999",230
T8B,"$90,000 to $99,999",230
T8B,"$100,000 to $149,999",680
T8B,"$150,000 to $249,999",520
T8B,"$250,000 and over",430
T8C,"Under $5,000",220
T8C,"$5,000 to $9,999",140
T8C,"$10,000 to $14,999",180
T8C,"$15,000 to $19,999",170
T8C,"$20,000 to $24,999",210
T8C,"$25,000 to $29,999",180
T8C,"$30,000 to $34,999",160
T8C,"$35,000 to $39,999",160
T8C,"$40,000 to $44,999",150
T8C,"$45,000 to $49,999",150
T8C,"$50,000 to $54,999",150
T8C,"$55,000 to $59,999",130
T8C,"$60,000 to $69,999",220
T8C,"$70,000 to $79,999",190
T8C,"$80,000 to $89,999",150
T8C,"$90,000 to $99,999",170
T8C,"$100,000 to $149,999",470
T8C,"$150,000 to $249,999",260
T8C,"$250,000 and over",120
T8E,"Under $5,000",430
T8E,"$5,000 to $9,999",280
T8E,"$10,000 to $14,999",310
T8E,"$15,000 to $19,999",300
T8E,"$20,000 to $24,999",400
T8E,"$25,000 to $29,999",300
T8E,"$30,000 to $34,999",280
T8E,"$35,000 to $39,999",280
T8E,"$40,000 to $44,999",290
T8E,"$45,000 to $49,999",280
T8E,"$50,000 to $54,999",230
T8E,"$55,000 to $59,999",210
T8E,"$60,000 to $69,999",420
T8E,"$70,000 to $79,999",370
T8E,"$80,000 to $89,999",330
T8E,"$90,000 to $99,999",280
T8E,"$100,000 to $149,999",830
T8E,"$150,000 to $249,999",460
T8E,"$250,000 and over",160
T8G,"Under $5,000",250
T8G,"$5,000 to $9,999",150
T8G,"$10,000 to $14,999",170
T8G,"$15,000 to $19,999",180
T8G,"$20,000 to $24,999",240
T8G,"$25,000 to $29,999",180
T8G,"$30,000 to $34,999",180
T8G,"$35,000 to $39,999",150
T8G,"$40,000 to $44,999",170
T8G,"$45,000 to $49,999",160
T8G,"$50,000 to $54,999",140
T8G,"$55,000 to $59,999",120
T8G,"$60,000 to $69,999",260
T8G,"$70,000 to $79,999",240
T8G,"$80,000 to $89,999",220
T8G,"$90,000 to $99,999",170
T8G,"$100,000 to $149,999",460
T8G,"$150,000 to $249,999",240
T8G,"$250,000 and over",80
T8H,"Under $5,000",1350
T8H,"$5,000 to $9,999",810
T8H,"$10,000 to $14,999",930
T8H,"$15,000 to $19,999",950
T8H,"$20,000 to $24,999",1340
T8H,"$25,000 to $29,999",1110
T8H,"$30,000 to $34,999",1050
T8H,"$35,000 to $39,999",1030
T8H,"$40,000 to $44,999",990
T8H,"$45,000 to $49,999",1060
T8H,"$50,000 to $54,999",910
T8H,"$55,000 to $59,999",860
T8H,"$60,000 to $69,999",1620
T8H,"$70,000 to $79,999",1520
T8H,"$80,000 to $89,999",1240
T8H,"$90,000 to $99,999",1230
T8H,"$100,000 to $149,999",3190
T8H,"$150,000 to $249,999",1500
T8H,"$250,000 and over",390
T8L,"Under $5,000",1340
T8L,"$5,000 to $9,999",750
T8L,"$10,000 to $14,999",940
T8L,"$15,000 to $19,999",930
T8L,"$20,000 to $24,999",1310
T8L,"$25,000 to $29,999",1180
T8L,"$30,000 to $34,999",1070
T8L,"$35,000 to $39,999",1060
T8L,"$40,000 to $44,999",950
T8L,"$45,000 to $49,999",990
T8L,"$50,000 to $54,999",900
T8L,"$55,000 to $59,999",820
T8L,"$60,000 to $69,999",1410
T8L,"$70,000 to $79,999",1290
T8L,"$80,000 to $89,999",1100
T8L,"$90,000 to $99,999",980
T8L,"$100,000 to $149,999",2620
T8L,"$150,000 to $249,999",1540
T8L,"$250,000 and over",310
T8N,"Under $5,000",3070
T8N,"$5,000 to $9,999",1950
T8N,"$10,000 to $14,999",2200
T8N,"$15,000 to $19,999",2270
T8N,"$20,000 to $24,999",3060
T8N,"$25,000 to $29,999",2600
T8N,"$30,000 to $34,999",2380
T8N,"$35,000 to $39,999",2260
T8N,"$40,000 to $44,999",2290
T8N,"$45,000 to $49,999",2610
T8N,"$50,000 to $54,999",2170
T8N,"$55,000 to $59,999",2120
T8N,"$60,000 to $69,999",3750
T8N,"$70,000 to $79,999",3550
T8N,"$80,000 to $89,999",2740
T8N,"$90,000 to $99,999",2700
T8N,"$100,000 to $149,999",6760
T8N,"$150,000 to $249,999",3010
T8N,"$250,000 and over",1120
T8R,"Under $5,000",1100
T8R,"$5,000 to $9,999",490
T8R,"$10,000 to $14,999",600
T8R,"$15,000 to $19,999",580
T8R,"$20,000 to $24,999",860
T8R,"$25,000 to $29,999",630
T8R,"$30,000 to $34,999",600
T8R,"$35,000 to $39,999",590
T8R,"$40,000 to $44,999",530
T8R,"$45,000 to $49,999",580
T8R,"$50,000 to $54,999",470
T8R,"$55,000 to $59,999",470
T8R,"$60,000 to $69,999",880
T8R,"$70,000 to $79,999",800
T8R,"$80,000 to $89,999",680
T8R,"$90,000 to $99,999",580
T8R,"$100,000 to $149,999",1280
T8R,"$150,000 to $249,999",440
T8R,"$250,000 and over",80
T8S,"Under $5,000",730
T8S,"$5,000 to $9,999",370
T8S,"$10,000 to $14,999",440
T8S,"$15,000 to $19,999",400
T8S,"$20,000 to $24,999",530
T8S,"$25,000 to $29,999",380
T8S,"$30,000 to $34,999",330
T8S,"$35,000 to $39,999",380
T8S,"$40,000 to $44,999",280
T8S,"$45,000 to $49,999",270
T8S,"$50,000 to $54,999",270
T8S,"$55,000 to $59,999",250
T8S,"$60,000 to $69,999",450
T8S,"$70,000 to $79,999",370
T8S,"$80,000 to $89,999",330
T8S,"$90,000 to $99,999",310
T8S,"$100,000 to $149,999",860
T8S,"$150,000 to $249,999",370
T8S,"$250,000 and over",90
T8T,"Under $5,000",360
T8T,"$5,000 to $9,999",250
T8T,"$10,000 to $14,999",270
T8T,"$15,000 to $19,999",250
T8T,"$20,000 to $24,999",330
T8T,"$25,000 to $29,999",270
T8T,"$30,000 to $34,999",240
T8T,"$35,000 to $39,999",230
T8T,"$40,000 to $44,999",190
T8T,"$45,000 to $49,999",230
T8T,"$50,000 to $54,999",210
T8T,"$55,000 to $59,999",200
T8T,"$60,000 to $69,999",340
T8T,"$70,000 to $79,999",330
T8T,"$80,000 to $89,999",280
T8T,"$90,000 to $99,999",250
T8T,"$100,000 to $149,999",710
T8T,"$150,000 to $249,999",480
T8T,"$250,000 and over",330
T8V,"Under $5,000",1910
T8V,"$5,000 to $9,999",1120
T8V,"$10,000 to $14,999",1290
T8V,"$15,000 to $19,999",1400
T8V,"$20,000 to $24,999",2350
T8V,"$25,000 to $29,999",1600
T8V,"$30,000 to $34,999",1370
T8V,"$35,000 to $39,999",1380
T8V,"$40,000 to $44,999",1260
T8V,"$45,000 to $49,999",1250
T8V,"$50,000 to $54,999",1190
T8V,"$55,000 to $59,999",1000
T8V,"$60,000 to $69,999",1850
T8V,"$70,000 to $79,999",1520
T8V,"$80,000 to $89,999",1280
T8V,"$90,000 to $99,999",1100
T8V,"$100,000 to $149,999",2690
T8V,"$150,000 to $249,999",870
T8V,"$250,000 and over",200
T8W,"Under $5,000",1070
T8W,"$5,000 to $9,999",600
T8W,"$10,000 to $14,999",640
T8W,"$15,000 to $19,999",700
T8W,"$20,000 to $24,999",760
T8W,"$25,000 to $29,999",720
T8W,"$30,000 to $34,999",600
T8W,"$35,000 to $39,999",620
T8W,"$40,000 to $44,999",600
T8W,"$45,000 to $49,999",630
T8W,"$50,000 to $54,999",610
T8W,"$55,000 to $59,999",580
T8W,"$60,000 to $69,999",1060
T8W,"$70,000 to $79,999",950
T8W,"$80,000 to $89,999",870
T8W,"$90,000 to $99,999",890
T8W,"$100,000 to $149,999",2530
T8W,"$150,000 to $249,999",1120
T8W,"$250,000 and over",370
T8X,"Under $5,000",1200
T8X,"$5,000 to $9,999",640
T8X,"$10,000 to $14,999",740
T8X,"$15,000 to $19,999",710
T8X,"$20,000 to $24,999",910
T8X,"$25,000 to $29,999",730
T8X,"$30,000 to $34,999",690
T8X,"$35,000 to $39,999",730
T8X,"$40,000 to $44,999",650
T8X,"$45,000 to $49,999",780
T8X,"$50,000 to $54,999",670
T8X,"$55,000 to $59,999",620
T8X,"$60,000 to $69,999",1220
T8X,"$70,000 to $79,999",980
T8X,"$80,000 to $89,999",890
T8X,"$90,000 to $99,999",950
T8X,"$100,000 to $149,999",2620
T8X,"$150,000 to $249,999",1120
T8X,"$250,000 and over",250
T9A,"Under $5,000",1000
T9A,"$5,000 to $9,999",540
T9A,"$10,000 to $14,999",720
T9A,"$15,000 to $19,999",770
T9A,"$20,000 to $24,999",1380
T9A,"$25,000 to $29,999",880
T9A,"$30,000 to $34,999",760
T9A,"$35,000 to $39,999",640
T9A,"$40,000 to $44,999",640
T9A,"$45,000 to $49,999",560
T9A,"$50,000 to $54,999",480
T9A,"$55,000 to $59,999",450
T9A,"$60,000 to $69,999",810
T9A,"$70,000 to $79,999",650
T9A,"$80,000 to $89,999",480
T9A,"$90,000 to $99,999",360
T9A,"$100,000 to $149,999",710
T9A,"$150,000 to $249,999",210
T9A,"$250,000 and over",100
T9C,"Under $5,000",390
T9C,"$5,000 to $9,999",220
T9C,"$10,000 to $14,999",400
T9C,"$15,000 to $19,999",330
T9C,"$20,000 to $24,999",690
T9C,"$25,000 to $29,999",420
T9C,"$30,000 to $34,999",330
T9C,"$35,000 to $39,999",310
T9C,"$40,000 to $44,999",280
T9C,"$45,000 to $49,999",280
T9C,"$50,000 to $54,999",260
T9C,"$55,000 to $59,999",250
T9C,"$60,000 to $69,999",370
T9C,"$70,000 to $79,999",320
T9C,"$80,000 to $89,999",240
T9C,"$90,000 to $99,999",210
T9C,"$100,000 to $149,999",430
T9C,"$150,000 to $249,999",140
T9C,"$250,000 and over",60
T9E,"Under $5,000",1650
T9E,"$5,000 to $9,999",950
T9E,"$10,000 to $14,999",1090
T9E,"$15,000 to $19,999",1260
T9E,"$20,000 to $24,999",1850
T9E,"$25,000 to $29,999",1480
T9E,"$30,000 to $34,999",1330
T9E,"$35,000 to $39,999",1230
T9E,"$40,000 to $44,999",1200
T9E,"$45,000 to $49,999",1240
T9E,"$50,000 to $54,999",1130
T9E,"$55,000 to $59,999",1030
T9E,"$60,000 to $69,999",1880
T9E,"$70,000 to $79,999",1580
T9E,"$80,000 to $89,999",1320
T9E,"$90,000 to $99,999",1170
T9E,"$100,000 to $149,999",2570
T9E,"$150,000 to $249,999",980
T9E,"$250,000 and over",270
T9G,"Under $5,000",390
T9G,"$5,000 to $9,999",230
T9G,"$10,000 to $14,999",260
T9G,"$15,000 to $19,999",280
T9G,"$20,000 to $24,999",420
T9G,"$25,000 to $29,999",320
T9G,"$30,000 to $34,999",260
T9G,"$35,000 to $39,999",300
T9G,"$40,000 to $44,999",260
T9G,"$45,000 to $49,999",280
T9G,"$50,000 to $54,999",240
T9G,"$55,000 to $59,999",240
T9G,"$60,000 to $69,999",370
T9G,"$70,000 to $79,999",290
T9G,"$80,000 to $89,999",280
T9G,"$90,000 to $99,999",250
T9G,"$100,000 to $149,999",540
T9G,"$150,000 to $249,999",180
T9G,"$250,000 and over",50
T9H,"Under $5,000",1940
T9H,"$5,000 to $9,999",840
T9H,"$10,000 to $14,999",800
T9H,"$15,000 to $19,999",790
T9H,"$20,000 to $24,999",970
T9H,"$25,000 to $29,999",760
T9H,"$30,000 to $34,999",790
T9H,"$35,000 to $39,999",740
T9H,"$40,000 to $44,999",710
T9H,"$45,000 to $49,999",690
T9H,"$50,000 to $54,999",770
T9H,"$55,000 to $59,999",660
T9H,"$60,000 to $69,999",1190
T9H,"$70,000 to $79,999",1020
T9H,"$80,000 to $89,999",990
T9H,"$90,000 to $99,999",880
T9H,"$100,000 to $149,999",3120
T9H,"$150,000 to $249,999",2880
T9H,"$250,000 and over",730
T9J,"Under $5,000",170
T9J,"$5,000 to $9,999",70
T9J,"$10,000 to $14,999",80
T9J,"$15,000 to $19,999",70
T9J,"$20,000 to $24,999",80
T9J,"$25,000 to $29,999",60
T9J,"$30,000 to $34,999",60
T9J,"$35,000 to $39,999",60
T9J,"$40,000 to $44,999",70
T9J,"$45,000 to $49,999",70
T9J,"$50,000 to $54,999",60
T9J,"$55,000 to $59,999",50
T9J,"$60,000 to $69,999",110
T9J,"$70,000 to $79,999",120
T9J,"$80,000 to $89,999",110
T9J,"$90,000 to $99,999",110
T9J,"$100,000 to $149,999",380
T9J,"$150,000 to $249,999",390
T9J,"$250,000 and over",80
T9K,"Under $5,000",2890
T9K,"$5,000 to $9,999",1110
T9K,"$10,000 to $14,999",1000
T9K,"$15,000 to $19,999",880
T9K,"$20,000 to $24,999",1070
T9K,"$25,000 to $29,999",810
T9K,"$30,000 to $34,999",790
T9K,"$35,000 to $39,999",770
T9K,"$40,000 to $44,999",720
T9K,"$45,000 to $49,999",790
T9K,"$50,000 to $54,999",730
T9K,"$55,000 to $59,999",660
T9K,"$60,000 to $69,999",1330
T9K,"$70,000 to $79,999",1290
T9K,"$80,000 to $89,999",1190
T9K,"$90,000 to $99,999",1220
T9K,"$100,000 to $149,999",4730
T9K,"$150,000 to $249,999",6080
T9K,"$250,000 and over",1780
T9M,"Under $5,000",1540
T9M,"$5,000 to $9,999",560
T9M,"$10,000 to $14,999",670
T9M,"$15,000 to $19,999",650
T9M,"$20,000 to $24,999",910
T9M,"$25,000 to $29,999",630
T9M,"$30,000 to $34,999",630
T9M,"$35,000 to $39,999",580
T9M,"$40,000 to $44,999",540
T9M,"$45,000 to $49,999",580
T9M,"$50,000 to $54,999",510
T9M,"$55,000 to $59,999",490
T9M,"$60,000 to $69,999",990
T9M,"$70,000 to $79,999",1250
T9M,"$80,000 to $89,999",780
T9M,"$90,000 to $99,999",620
T9M,"$100,000 to $149,999",1400
T9M,"$150,000 to $249,999",860
T9M,"$250,000 and over",170
T9N,"Under $5,000",730
T9N,"$5,000 to $9,999",370
T9N,"$10,000 to $14,999",470
T9N,"$15,000 to $19,999",460
T9N,"$20,000 to $24,999",730
T9N,"$25,000 to $29,999",500
T9N,"$30,000 to $34,999",490
T9N,"$35,000 to $39,999",410
T9N,"$40,000 to $44,999",370
T9N,"$45,000 to $49,999",380
T9N,"$50,000 to $54,999",330
T9N,"$55,000 to $59,999",330
T9N,"$60,000 to $69,999",570
T9N,"$70,000 to $79,999",460
T9N,"$80,000 to $89,999",450
T9N,"$90,000 to $99,999",400
T9N,"$100,000 to $149,999",930
T9N,"$150,000 to $249,999",540
T9N,"$250,000 and over",140
T9S,"Under $5,000",370
T9S,"$5,000 to $9,999",310
T9S,"$10,000 to $14,999",380
T9S,"$15,000 to $19,999",320
T9S,"$20,000 to $24,999",530
T9S,"$25,000 to $29,999",370
T9S,"$30,000 to $34,999",340
T9S,"$35,000 to $39,999",290
T9S,"$40,000 to $44,999",290
T9S,"$45,000 to $49,999",310
T9S,"$50,000 to $54,999",210
T9S,"$55,000 to $59,999",200
T9S,"$60,000 to $69,999",330
T9S,"$70,000 to $79,999",310
T9S,"$80,000 to $89,999",240
T9S,"$90,000 to $99,999",230
T9S,"$100,000 to $149,999",540
T9S,"$150,000 to $249,999",310
T9S,"$250,000 and over",60
T9V,"Under $5,000",1140
T9V,"$5,000 to $9,999",700
T9V,"$10,000 to $14,999",850
T9V,"$15,000 to $19,999",840
T9V,"$20,000 to $24,999",1190
T9V,"$25,000 to $29,999",950
T9V,"$30,000 to $34,999",880
T9V,"$35,000 to $39,999",820
T9V,"$40,000 to $44,999",790
T9V,"$45,000 to $49,999",820
T9V,"$50,000 to $54,999",670
T9V,"$55,000 to $59,999",570
T9V,"$60,000 to $69,999",1130
T9V,"$70,000 to $79,999",980
T9V,"$80,000 to $89,999",910
T9V,"$90,000 to $99,999",760
T9V,"$100,000 to $149,999",1810
T9V,"$150,000 to $249,999",1070
T9V,"$250,000 and over",330
T9W,"Under $5,000",370
T9W,"$5,000 to $9,999",250
T9W,"$10,000 to $14,999",330
T9W,"$15,000 to $19,999",320
T9W,"$20,000 to $24,999",490
T9W,"$25,000 to $29,999",400
T9W,"$30,000 to $34,999",340
T9W,"$35,000 to $39,999",340
T9W,"$40,000 to $44,999",360
T9W,"$45,000 to $49,999",380
T9W,"$50,000 to $54,999",300
T9W,"$55,000 to $59,999",260
T9W,"$60,000 to $69,999",520
T9W,"$70,000 to $79,999",390
T9W,"$80,000 to $89,999",310
T9W,"$90,000 to $99,999",280
T9W,"$100,000 to $149,999",570
T9W,"$150,000 to $249,999",210
T9W,"$250,000 and over",60
T9X,"Under $5,000",330
T9X,"$5,000 to $9,999",210
T9X,"$10,000 to $14,999",270
T9X,"$15,000 to $19,999",270
T9X,"$20,000 to $24,999",410
T9X,"$25,000 to $29,999",290
T9X,"$30,000 to $34,999",270
T9X,"$35,000 to $39,999",240
T9X,"$40,000 to $44,999",250
T9X,"$45,000 to $49,999",240
T9X,"$50,000 to $54,999",210
T9X,"$55,000 to $59,999",190
T9X,"$60,000 to $69,999",360
T9X,"$70,000 to $79,999",300
T9X,"$80,000 to $89,999",220
T9X,"$90,000 to $99,999",210
T9X,"$100,000 to $149,999",410
T9X,"$150,000 to $249,999",140
T9X,"$250,000 and over",50
V0A,"Under $5,000",700
V0A,"$5,000 to $9,999",530
V0A,"$10,000 to $14,999",680
V0A,"$15,000 to $19,999",860
V0A,"$20,000 to $24,999",1020
V0A,"$25,000 to $29,999",820
V0A,"$30,000 to $34,999",810
V0A,"$35,000 to $39,999",790
V0A,"$40,000 to $44,999",690
V0A,"$45,000 to $49,999",710
V0A,"$50,000 to $54,999",590
V0A,"$55,000 to $59,999",450
V0A,"$60,000 to $69,999",820
V0A,"$70,000 to $79,999",710
V0A,"$80,000 to $89,999",550
V0A,"$90,000 to $99,999",380
V0A,"$100,000 to $149,999",810
V0A,"$150,000 to $249,999",280
V0A,"$250,000 and over",80
V0B,"Under $5,000",2030
V0B,"$5,000 to $9,999",1300
V0B,"$10,000 to $14,999",2090
V0B,"$15,000 to $19,999",2290
V0B,"$20,000 to $24,999",2650
V0B,"$25,000 to $29,999",2020
V0B,"$30,000 to $34,999",1630
V0B,"$35,000 to $39,999",1560
V0B,"$40,000 to $44,999",1350
V0B,"$45,000 to $49,999",1360
V0B,"$50,000 to $54,999",1080
V0B,"$55,000 to $59,999",870
V0B,"$60,000 to $69,999",1480
V0B,"$70,000 to $79,999",1250
V0B,"$80,000 to $89,999",980
V0B,"$90,000 to $99,999",750
V0B,"$100,000 to $149,999",2800
V0B,"$150,000 to $249,999",1020
V0B,"$250,000 and over",220
V0C,"Under $5,000",2340
V0C,"$5,000 to $9,999",920
V0C,"$10,000 to $14,999",1200
V0C,"$15,000 to $19,999",1210
V0C,"$20,000 to $24,999",1230
V0C,"$25,000 to $29,999",960
V0C,"$30,000 to $34,999",790
V0C,"$35,000 to $39,999",820
V0C,"$40,000 to $44,999",770
V0C,"$45,000 to $49,999",690
V0C,"$50,000 to $54,999",670
V0C,"$55,000 to $59,999",630
V0C,"$60,000 to $69,999",1090
V0C,"$70,000 to $79,999",980
V0C,"$80,000 to $89,999",850
V0C,"$90,000 to $99,999",690
V0C,"$100,000 to $149,999",2000
V0C,"$150,000 to $249,999",940
V0C,"$250,000 and over",180
V0E,"Under $5,000",4570
V0E,"$5,000 to $9,999",2970
V0E,"$10,000 to $14,999",4840
V0E,"$15,000 to $19,999",5170
V0E,"$20,000 to $24,999",5720
V0E,"$25,000 to $29,999",4210
V0E,"$30,000 to $34,999",3680
V0E,"$35,000 to $39,999",3420
V0E,"$40,000 to $44,999",3240
V0E,"$45,000 to $49,999",2990
V0E,"$50,000 to $54,999",2340
V0E,"$55,000 to $59,999",2000
V0E,"$60,000 to $69,999",3360
V0E,"$70,000 to $79,999",2580
V0E,"$80,000 to $89,999",1970
V0E,"$90,000 to $99,999",1380
V0E,"$100,000 to $149,999",3020
V0E,"$150,000 to $249,999",980
V0E,"$250,000 and over",300
V0G,"Under $5,000",1450
V0G,"$5,000 to $9,999",1260
V0G,"$10,000 to $14,999",1840
V0G,"$15,000 to $19,999",2060
V0G,"$20,000 to $24,999",2160
V0G,"$25,000 to $29,999",1590
V0G,"$30,000 to $34,999",1310
V0G,"$35,000 to $39,999",1200
V0G,"$40,000 to $44,999",1240
V0G,"$45,000 to $49,999",1100
V0G,"$50,000 to $54,999",860
V0G,"$55,000 to $59,999",800
V0G,"$60,000 to $69,999",1260
V0G,"$70,000 to $79,999",980
V0G,"$80,000 to $89,999",770
V0G,"$90,000 to $99,999",670
V0G,"$100,000 to $149,999",1370
V0G,"$150,000 to $249,999",400
V0G,"$250,000 and over",110
V0H,"Under $5,000",2890
V0H,"$5,000 to $9,999",2260
V0H,"$10,000 to $14,999",3680
V0H,"$15,000 to $19,999",4380
V0H,"$20,000 to $24,999",4950
V0H,"$25,000 to $29,999",3780
V0H,"$30,000 to $34,999",3140
V0H,"$35,000 to $39,999",2950
V0H,"$40,000 to $44,999",2920
V0H,"$45,000 to $49,999",2670
V0H,"$50,000 to $54,999",2150
V0H,"$55,000 to $59,999",1790
V0H,"$60,000 to $69,999",2880
V0H,"$70,000 to $79,999",2150
V0H,"$80,000 to $89,999",1620
V0H,"$90,000 to $99,999",1110
V0H,"$100,000 to $149,999",2250
V0H,"$150,000 to $249,999",900
V0H,"$250,000 and over",350
V0J,"Under $5,000",5750
V0J,"$5,000 to $9,999",2320
V0J,"$10,000 to $14,999",2970
V0J,"$15,000 to $19,999",3100
V0J,"$20,000 to $24,999",3040
V0J,"$25,000 to $29,999",2310
V0J,"$30,000 to $34,999",2020
V0J,"$35,000 to $39,999",1860
V0J,"$40,000 to $44,999",1930
V0J,"$45,000 to $49,999",1670
V0J,"$50,000 to $54,999",1450
V0J,"$55,000 to $59,999",1270
V0J,"$60,000 to $69,999",2370
V0J,"$70,000 to $79,999",2100
V0J,"$80,000 to $89,999",1660
V0J,"$90,000 to $99,999",1440
V0J,"$100,000 to $149,999",2840
V0J,"$150,000 to $249,999",710
V0J,"$250,000 and over",200
V0K,"Under $5,000",3220
V0K,"$5,000 to $9,999",1560
V0K,"$10,000 to $14,999",2440
V0K,"$15,000 to $19,999",2750
V0K,"$20,000 to $24,999",2820
V0K,"$25,000 to $29,999",1970
V0K,"$30,000 to $34,999",1620
V0K,"$35,000 to $39,999",1480
V0K,"$40,000 to $44,999",1340
V0K,"$45,000 to $49,999",1160
V0K,"$50,000 to $54,999",980
V0K,"$55,000 to $59,999",810
V0K,"$60,000 to $69,999",1360
V0K,"$70,000 to $79,999",1010
V0K,"$80,000 to $89,999",830
V0K,"$90,000 to $99,999",600
V0K,"$100,000 to $149,999",1350
V0K,"$150,000 to $249,999",410
V0K,"$250,000 and over",90
V0L,"Under $5,000",1160
V0L,"$5,000 to $9,999",240
V0L,"$10,000 to $14,999",330
V0L,"$15,000 to $19,999",400
V0L,"$20,000 to $24,999",330
V0L,"$25,000 to $29,999",200
V0L,"$30,000 to $34,999",150
V0L,"$35,000 to $39,999",130
V0L,"$40,000 to $44,999",140
V0L,"$45,000 to $49,999",100
V0L,"$50,000 to $54,999",80
V0L,"$55,000 to $59,999",80
V0L,"$60,000 to $69,999",110
V0L,"$70,000 to $79,999",90
V0L,"$80,000 to $89,999",80
V0L,"$90,000 to $99,999",60
V0L,"$100,000 to $149,999",160
V0L,"$150,000 to $249,999",30
V0L,"$250,000 and over",20
V0M,"Under $5,000",1260
V0M,"$5,000 to $9,999",470
V0M,"$10,000 to $14,999",730
V0M,"$15,000 to $19,999",800
V0M,"$20,000 to $24,999",900
V0M,"$25,000 to $29,999",640
V0M,"$30,000 to $34,999",580
V0M,"$35,000 to $39,999",600
V0M,"$40,000 to $44,999",530
V0M,"$45,000 to $49,999",490
V0M,"$50,000 to $54,999",370
V0M,"$55,000 to $59,999",300
V0M,"$60,000 to $69,999",500
V0M,"$70,000 to $79,999",380
V0M,"$80,000 to $89,999",280
V0M,"$90,000 to $99,999",260
V0M,"$100,000 to $149,999",420
V0M,"$150,000 to $249,999",100
V0M,"$250,000 and over",50
V0N,"Under $5,000",4710
V0N,"$5,000 to $9,999",3100
V0N,"$10,000 to $14,999",4230
V0N,"$15,000 to $19,999",4640
V0N,"$20,000 to $24,999",4850
V0N,"$25,000 to $29,999",3880
V0N,"$30,000 to $34,999",3310
V0N,"$35,000 to $39,999",3280
V0N,"$40,000 to $44,999",3150
V0N,"$45,000 to $49,999",3060
V0N,"$50,000 to $54,999",2530
V0N,"$55,000 to $59,999",2280
V0N,"$60,000 to $69,999",3660
V0N,"$70,000 to $79,999",2950
V0N,"$80,000 to $89,999",2130
V0N,"$90,000 to $99,999",1760
V0N,"$100,000 to $149,999",3790
V0N,"$150,000 to $249,999",1550
V0N,"$250,000 and over",690
V0P,"Under $5,000",570
V0P,"$5,000 to $9,999",360
V0P,"$10,000 to $14,999",630
V0P,"$15,000 to $19,999",670
V0P,"$20,000 to $24,999",600
V0P,"$25,000 to $29,999",420
V0P,"$30,000 to $34,999",350
V0P,"$35,000 to $39,999",310
V0P,"$40,000 to $44,999",280
V0P,"$45,000 to $49,999",260
V0P,"$50,000 to $54,999",200
V0P,"$55,000 to $59,999",170
V0P,"$60,000 to $69,999",310
V0P,"$70,000 to $79,999",190
V0P,"$80,000 to $89,999",160
V0P,"$90,000 to $99,999",100
V0P,"$100,000 to $149,999",200
V0P,"$150,000 to $249,999",90
V0P,"$250,000 and over",20
V0R,"Under $5,000",3970
V0R,"$5,000 to $9,999",2730
V0R,"$10,000 to $14,999",4360
V0R,"$15,000 to $19,999",4900
V0R,"$20,000 to $24,999",5060
V0R,"$25,000 to $29,999",4020
V0R,"$30,000 to $34,999",3540
V0R,"$35,000 to $39,999",3460
V0R,"$40,000 to $44,999",3420
V0R,"$45,000 to $49,999",3150
V0R,"$50,000 to $54,999",2490
V0R,"$55,000 to $59,999",2180
V0R,"$60,000 to $69,999",3650
V0R,"$70,000 to $79,999",2860
V0R,"$80,000 to $89,999",2230
V0R,"$90,000 to $99,999",1670
V0R,"$100,000 to $149,999",3330
V0R,"$150,000 to $249,999",1170
V0R,"$250,000 and over",400
V0S,"Under $5,000",50
V0S,"$5,000 to $9,999",10
V0S,"$10,000 to $14,999",30
V0S,"$15,000 to $19,999",30
V0S,"$20,000 to $24,999",30
V0S,"$25,000 to $29,999",20
V0S,"$30,000 to $34,999",10
V0S,"$35,000 to $39,999",20
V0S,"$40,000 to $44,999",20
V0S,"$45,000 to $49,999",20
V0S,"$50,000 to $54,999",10
V0S,"$55,000 to $59,999",10
V0S,"$60,000 to $69,999",20
V0S,"$70,000 to $79,999",10
V0S,"$80,000 to $89,999",10
V0S,"$90,000 to $99,999",0
V0S,"$100,000 to $149,999",10
V0S,"$150,000 to $249,999",0
V0S,"$250,000 and over",0
V0T,"Under $5,000",1460
V0T,"$5,000 to $9,999",480
V0T,"$10,000 to $14,999",500
V0T,"$15,000 to $19,999",600
V0T,"$20,000 to $24,999",530
V0T,"$25,000 to $29,999",360
V0T,"$30,000 to $34,999",280
V0T,"$35,000 to $39,999",280
V0T,"$40,000 to $44,999",260
V0T,"$45,000 to $49,999",240
V0T,"$50,000 to $54,999",160
V0T,"$55,000 to $59,999",150
V0T,"$60,000 to $69,999",270
V0T,"$70,000 to $79,999",180
V0T,"$80,000 to $89,999",160
V0T,"$90,000 to $99,999",110
V0T,"$100,000 to $149,999",240
V0T,"$150,000 to $249,999",70
V0T,"$250,000 and over",20
V0V,"Under $5,000",430
V0V,"$5,000 to $9,999",100
V0V,"$10,000 to $14,999",110
V0V,"$15,000 to $19,999",160
V0V,"$20,000 to $24,999",100
V0V,"$25,000 to $29,999",60
V0V,"$30,000 to $34,999",40
V0V,"$35,000 to $39,999",50
V0V,"$40,000 to $44,999",30
V0V,"$45,000 to $49,999",20
V0V,"$50,000 to $54,999",20
V0V,"$55,000 to $59,999",20
V0V,"$60,000 to $69,999",50
V0V,"$70,000 to $79,999",30
V0V,"$80,000 to $89,999",20
V0V,"$90,000 to $99,999",20
V0V,"$100,000 to $149,999",50
V0V,"$150,000 to $249,999",0
V0V,"$250,000 and over",0
V0W,"Under $5,000",40
V0W,"$5,000 to $9,999",20
V0W,"$10,000 to $14,999",20
V0W,"$15,000 to $19,999",30
V0W,"$20,000 to $24,999",40
V0W,"$25,000 to $29,999",20
V0W,"$30,000 to $34,999",10
V0W,"$35,000 to $39,999",10
V0W,"$40,000 to $44,999",20
V0W,"$45,000 to $49,999",10
V0W,"$50,000 to $54,999",20
V0W,"$55,000 to $59,999",20
V0W,"$60,000 to $69,999",20
V0W,"$70,000 to $79,999",20
V0W,"$80,000 to $89,999",10
V0W,"$90,000 to $99,999",10
V0W,"$100,000 to $149,999",20
V0W,"$150,000 to $249,999",10
V0W,"$250,000 and over",0
V0X,"Under $5,000",1580
V0X,"$5,000 to $9,999",940
V0X,"$10,000 to $14,999",1750
V0X,"$15,000 to $19,999",1970
V0X,"$20,000 to $24,999",2040
V0X,"$25,000 to $29,999",1390
V0X,"$30,000 to $34,999",1140
V0X,"$35,000 to $39,999",1090
V0X,"$40,000 to $44,999",900
V0X,"$45,000 to $49,999",790
V0X,"$50,000 to $54,999",600
V0X,"$55,000 to $59,999",530
V0X,"$60,000 to $69,999",850
V0X,"$70,000 to $79,999",690
V0X,"$80,000 to $89,999",520
V0X,"$90,000 to $99,999",450
V0X,"$100,000 to $149,999",890
V0X,"$150,000 to $249,999",260
V0X,"$250,000 and over",90
V1A,"Under $5,000",400
V1A,"$5,000 to $9,999",280
V1A,"$10,000 to $14,999",390
V1A,"$15,000 to $19,999",480
V1A,"$20,000 to $24,999",570
V1A,"$25,000 to $29,999",540
V1A,"$30,000 to $34,999",450
V1A,"$35,000 to $39,999",420
V1A,"$40,000 to $44,999",400
V1A,"$45,000 to $49,999",380
V1A,"$50,000 to $54,999",330
V1A,"$55,000 to $59,999",290
V1A,"$60,000 to $69,999",450
V1A,"$70,000 to $79,999",390
V1A,"$80,000 to $89,999",300
V1A,"$90,000 to $99,999",230
V1A,"$100,000 to $149,999",500
V1A,"$150,000 to $249,999",180
V1A,"$250,000 and over",30
V1B,"Under $5,000",1060
V1B,"$5,000 to $9,999",830
V1B,"$10,000 to $14,999",1200
V1B,"$15,000 to $19,999",1180
V1B,"$20,000 to $24,999",1330
V1B,"$25,000 to $29,999",1150
V1B,"$30,000 to $34,999",1030
V1B,"$35,000 to $39,999",1000
V1B,"$40,000 to $44,999",1060
V1B,"$45,000 to $49,999",1010
V1B,"$50,000 to $54,999",830
V1B,"$55,000 to $59,999",710
V1B,"$60,000 to $69,999",1260
V1B,"$70,000 to $79,999",1090
V1B,"$80,000 to $89,999",910
V1B,"$90,000 to $99,999",670
V1B,"$100,000 to $149,999",1400
V1B,"$150,000 to $249,999",710
V1B,"$250,000 and over",300
V1C,"Under $5,000",1340
V1C,"$5,000 to $9,999",910
V1C,"$10,000 to $14,999",1500
V1C,"$15,000 to $19,999",1600
V1C,"$20,000 to $24,999",1820
V1C,"$25,000 to $29,999",1440
V1C,"$30,000 to $34,999",1280
V1C,"$35,000 to $39,999",1220
V1C,"$40,000 to $44,999",1200
V1C,"$45,000 to $49,999",1200
V1C,"$50,000 to $54,999",870
V1C,"$55,000 to $59,999",790
V1C,"$60,000 to $69,999",1290
V1C,"$70,000 to $79,999",1070
V1C,"$80,000 to $89,999",860
V1C,"$90,000 to $99,999",680
V1C,"$100,000 to $149,999",1680
V1C,"$150,000 to $249,999",620
V1C,"$250,000 and over",190
V1E,"Under $5,000",1020
V1E,"$5,000 to $9,999",770
V1E,"$10,000 to $14,999",1290
V1E,"$15,000 to $19,999",1390
V1E,"$20,000 to $24,999",1710
V1E,"$25,000 to $29,999",1340
V1E,"$30,000 to $34,999",1100
V1E,"$35,000 to $39,999",1080
V1E,"$40,000 to $44,999",1020
V1E,"$45,000 to $49,999",940
V1E,"$50,000 to $54,999",710
V1E,"$55,000 to $59,999",590
V1E,"$60,000 to $69,999",1050
V1E,"$70,000 to $79,999",890
V1E,"$80,000 to $89,999",610
V1E,"$90,000 to $99,999",390
V1E,"$100,000 to $149,999",970
V1E,"$150,000 to $249,999",320
V1E,"$250,000 and over",130
V1G,"Under $5,000",960
V1G,"$5,000 to $9,999",530
V1G,"$10,000 to $14,999",910
V1G,"$15,000 to $19,999",830
V1G,"$20,000 to $24,999",980
V1G,"$25,000 to $29,999",700
V1G,"$30,000 to $34,999",650
V1G,"$35,000 to $39,999",630
V1G,"$40,000 to $44,999",550
V1G,"$45,000 to $49,999",580
V1G,"$50,000 to $54,999",490
V1G,"$55,000 to $59,999",490
V1G,"$60,000 to $69,999",780
V1G,"$70,000 to $79,999",720
V1G,"$80,000 to $89,999",570
V1G,"$90,000 to $99,999",460
V1G,"$100,000 to $149,999",1110
V1G,"$150,000 to $249,999",500
V1G,"$250,000 and over",140
V1H,"Under $5,000",800
V1H,"$5,000 to $9,999",450
V1H,"$10,000 to $14,999",750
V1H,"$15,000 to $19,999",900
V1H,"$20,000 to $24,999",1030
V1H,"$25,000 to $29,999",820
V1H,"$30,000 to $34,999",740
V1H,"$35,000 to $39,999",760
V1H,"$40,000 to $44,999",760
V1H,"$45,000 to $49,999",690
V1H,"$50,000 to $54,999",580
V1H,"$55,000 to $59,999",470
V1H,"$60,000 to $69,999",780
V1H,"$70,000 to $79,999",630
V1H,"$80,000 to $89,999",470
V1H,"$90,000 to $99,999",350
V1H,"$100,000 to $149,999",740
V1H,"$150,000 to $249,999",330
V1H,"$250,000 and over",130
V1J,"Under $5,000",1580
V1J,"$5,000 to $9,999",810
V1J,"$10,000 to $14,999",1120
V1J,"$15,000 to $19,999",1030
V1J,"$20,000 to $24,999",1160
V1J,"$25,000 to $29,999",960
V1J,"$30,000 to $34,999",820
V1J,"$35,000 to $39,999",880
V1J,"$40,000 to $44,999",870
V1J,"$45,000 to $49,999",880
V1J,"$50,000 to $54,999",760
V1J,"$55,000 to $59,999",720
V1J,"$60,000 to $69,999",1350
V1J,"$70,000 to $79,999",1190
V1J,"$80,000 to $89,999",1040
V1J,"$90,000 to $99,999",900
V1J,"$100,000 to $149,999",2470
V1J,"$150,000 to $249,999",1220
V1J,"$250,000 and over",290
V1K,"Under $5,000",900
V1K,"$5,000 to $9,999",450
V1K,"$10,000 to $14,999",740
V1K,"$15,000 to $19,999",810
V1K,"$20,000 to $24,999",810
V1K,"$25,000 to $29,999",510
V1K,"$30,000 to $34,999",450
V1K,"$35,000 to $39,999",430
V1K,"$40,000 to $44,999",380
V1K,"$45,000 to $49,999",330
V1K,"$50,000 to $54,999",270
V1K,"$55,000 to $59,999",230
V1K,"$60,000 to $69,999",420
V1K,"$70,000 to $79,999",310
V1K,"$80,000 to $89,999",260
V1K,"$90,000 to $99,999",220
V1K,"$100,000 to $149,999",450
V1K,"$150,000 to $249,999",120
V1K,"$250,000 and over",40
V1L,"Under $5,000",920
V1L,"$5,000 to $9,999",790
V1L,"$10,000 to $14,999",1190
V1L,"$15,000 to $19,999",1230
V1L,"$20,000 to $24,999",1320
V1L,"$25,000 to $29,999",1060
V1L,"$30,000 to $34,999",900
V1L,"$35,000 to $39,999",880
V1L,"$40,000 to $44,999",840
V1L,"$45,000 to $49,999",770
V1L,"$50,000 to $54,999",680
V1L,"$55,000 to $59,999",580
V1L,"$60,000 to $69,999",940
V1L,"$70,000 to $79,999",740
V1L,"$80,000 to $89,999",510
V1L,"$90,000 to $99,999",390
V1L,"$100,000 to $149,999",830
V1L,"$150,000 to $249,999",280
V1L,"$250,000 and over",120
V1M,"Under $5,000",1900
V1M,"$5,000 to $9,999",1140
V1M,"$10,000 to $14,999",1420
V1M,"$15,000 to $19,999",1350
V1M,"$20,000 to $24,999",1560
V1M,"$25,000 to $29,999",1350
V1M,"$30,000 to $34,999",1260
V1M,"$35,000 to $39,999",1250
V1M,"$40,000 to $44,999",1290
V1M,"$45,000 to $49,999",1260
V1M,"$50,000 to $54,999",1120
V1M,"$55,000 to $59,999",1010
V1M,"$60,000 to $69,999",1720
V1M,"$70,000 to $79,999",1510
V1M,"$80,000 to $89,999",1380
V1M,"$90,000 to $99,999",1050
V1M,"$100,000 to $149,999",2490
V1M,"$150,000 to $249,999",1060
V1M,"$250,000 and over",450
V1N,"Under $5,000",700
V1N,"$5,000 to $9,999",520
V1N,"$10,000 to $14,999",740
V1N,"$15,000 to $19,999",860
V1N,"$20,000 to $24,999",1000
V1N,"$25,000 to $29,999",750
V1N,"$30,000 to $34,999",610
V1N,"$35,000 to $39,999",580
V1N,"$40,000 to $44,999",540
V1N,"$45,000 to $49,999",560
V1N,"$50,000 to $54,999",470
V1N,"$55,000 to $59,999",410
V1N,"$60,000 to $69,999",620
V1N,"$70,000 to $79,999",580
V1N,"$80,000 to $89,999",450
V1N,"$90,000 to $99,999",420
V1N,"$100,000 to $149,999",880
V1N,"$150,000 to $249,999",260
V1N,"$250,000 and over",50
V1P,"Under $5,000",480
V1P,"$5,000 to $9,999",370
V1P,"$10,000 to $14,999",490
V1P,"$15,000 to $19,999",470
V1P,"$20,000 to $24,999",490
V1P,"$25,000 to $29,999",430
V1P,"$30,000 to $34,999",400
V1P,"$35,000 to $39,999",370
V1P,"$40,000 to $44,999",390
V1P,"$45,000 to $49,999",400
V1P,"$50,000 to $54,999",330
V1P,"$55,000 to $59,999",290
V1P,"$60,000 to $69,999",520
V1P,"$70,000 to $79,999",440
V1P,"$80,000 to $89,999",350
V1P,"$90,000 to $99,999",270
V1P,"$100,000 to $149,999",500
V1P,"$150,000 to $249,999",260
V1P,"$250,000 and over",100
V1R,"Under $5,000",470
V1R,"$5,000 to $9,999",340
V1R,"$10,000 to $14,999",680
V1R,"$15,000 to $19,999",610
V1R,"$20,000 to $24,999",760
V1R,"$25,000 to $29,999",580
V1R,"$30,000 to $34,999",490
V1R,"$35,000 to $39,999",540
V1R,"$40,000 to $44,999",490
V1R,"$45,000 to $49,999",500
V1R,"$50,000 to $54,999",320
V1R,"$55,000 to $59,999",340
V1R,"$60,000 to $69,999",510
V1R,"$70,000 to $79,999",350
V1R,"$80,000 to $89,999",300
V1R,"$90,000 to $99,999",270
V1R,"$100,000 to $149,999",620
V1R,"$150,000 to $249,999",150
V1R,"$250,000 and over",40
V1S,"Under $5,000",690
V1S,"$5,000 to $9,999",420
V1S,"$10,000 to $14,999",550
V1S,"$15,000 to $19,999",540
V1S,"$20,000 to $24,999",650
V1S,"$25,000 to $29,999",550
V1S,"$30,000 to $34,999",490
V1S,"$35,000 to $39,999",540
V1S,"$40,000 to $44,999",490
V1S,"$45,000 to $49,999",530
V1S,"$50,000 to $54,999",470
V1S,"$55,000 to $59,999",390
V1S,"$60,000 to $69,999",720
V1S,"$70,000 to $79,999",640
V1S,"$80,000 to $89,999",500
V1S,"$90,000 to $99,999",410
V1S,"$100,000 to $149,999",1100
V1S,"$150,000 to $249,999",440
V1S,"$250,000 and over",120
V1T,"Under $5,000",1340
V1T,"$5,000 to $9,999",1060
V1T,"$10,000 to $14,999",2150
V1T,"$15,000 to $19,999",2270
V1T,"$20,000 to $24,999",2680
V1T,"$25,000 to $29,999",1960
V1T,"$30,000 to $34,999",1690
V1T,"$35,000 to $39,999",1610
V1T,"$40,000 to $44,999",1490
V1T,"$45,000 to $49,999",1380
V1T,"$50,000 to $54,999",1060
V1T,"$55,000 to $59,999",900
V1T,"$60,000 to $69,999",1480
V1T,"$70,000 to $79,999",1050
V1T,"$80,000 to $89,999",790
V1T,"$90,000 to $99,999",560
V1T,"$100,000 to $149,999",920
V1T,"$150,000 to $249,999",320
V1T,"$250,000 and over",120
V1V,"Under $5,000",1360
V1V,"$5,000 to $9,999",850
V1V,"$10,000 to $14,999",1030
V1V,"$15,000 to $19,999",1050
V1V,"$20,000 to $24,999",1180
V1V,"$25,000 to $29,999",1020
V1V,"$30,000 to $34,999",970
V1V,"$35,000 to $39,999",1020
V1V,"$40,000 to $44,999",1050
V1V,"$45,000 to $49,999",1060
V1V,"$50,000 to $54,999",840
V1V,"$55,000 to $59,999",790
V1V,"$60,000 to $69,999",1360
V1V,"$70,000 to $79,999",1210
V1V,"$80,000 to $89,999",1000
V1V,"$90,000 to $99,999",660
V1V,"$100,000 to $149,999",1570
V1V,"$150,000 to $249,999",760
V1V,"$250,000 and over",360
V1W,"Under $5,000",1790
V1W,"$5,000 to $9,999",1360
V1W,"$10,000 to $14,999",1710
V1W,"$15,000 to $19,999",1960
V1W,"$20,000 to $24,999",2100
V1W,"$25,000 to $29,999",1710
V1W,"$30,000 to $34,999",1520
V1W,"$35,000 to $39,999",1610
V1W,"$40,000 to $44,999",1540
V1W,"$45,000 to $49,999",1500
V1W,"$50,000 to $54,999",1210
V1W,"$55,000 to $59,999",1070
V1W,"$60,000 to $69,999",1870
V1W,"$70,000 to $79,999",1690
V1W,"$80,000 to $89,999",1330
V1W,"$90,000 to $99,999",1060
V1W,"$100,000 to $149,999",2530
V1W,"$150,000 to $249,999",1440
V1W,"$250,000 and over",840
V1X,"Under $5,000",2020
V1X,"$5,000 to $9,999",1450
V1X,"$10,000 to $14,999",2400
V1X,"$15,000 to $19,999",2490
V1X,"$20,000 to $24,999",2760
V1X,"$25,000 to $29,999",2160
V1X,"$30,000 to $34,999",1970
V1X,"$35,000 to $39,999",1810
V1X,"$40,000 to $44,999",1790
V1X,"$45,000 to $49,999",1590
V1X,"$50,000 to $54,999",1390
V1X,"$55,000 to $59,999",1140
V1X,"$60,000 to $69,999",1840
V1X,"$70,000 to $79,999",1210
V1X,"$80,000 to $89,999",850
V1X,"$90,000 to $99,999",600
V1X,"$100,000 to $149,999",930
V1X,"$150,000 to $249,999",250
V1X,"$250,000 and over",100
V1Y,"Under $5,000",1730
V1Y,"$5,000 to $9,999",1310
V1Y,"$10,000 to $14,999",2370
V1Y,"$15,000 to $19,999",2550
V1Y,"$20,000 to $24,999",2980
V1Y,"$25,000 to $29,999",2300
V1Y,"$30,000 to $34,999",1990
V1Y,"$35,000 to $39,999",1940
V1Y,"$40,000 to $44,999",1870
V1Y,"$45,000 to $49,999",1750
V1Y,"$50,000 to $54,999",1420
V1Y,"$55,000 to $59,999",1210
V1Y,"$60,000 to $69,999",2050
V1Y,"$70,000 to $79,999",1510
V1Y,"$80,000 to $89,999",1200
V1Y,"$90,000 to $99,999",900
V1Y,"$100,000 to $149,999",1670
V1Y,"$150,000 to $249,999",740
V1Y,"$250,000 and over",400
V1Z,"Under $5,000",770
V1Z,"$5,000 to $9,999",590
V1Z,"$10,000 to $14,999",840
V1Z,"$15,000 to $19,999",930
V1Z,"$20,000 to $24,999",920
V1Z,"$25,000 to $29,999",710
V1Z,"$30,000 to $34,999",680
V1Z,"$35,000 to $39,999",690
V1Z,"$40,000 to $44,999",710
V1Z,"$45,000 to $49,999",680
V1Z,"$50,000 to $54,999",520
V1Z,"$55,000 to $59,999",500
V1Z,"$60,000 to $69,999",850
V1Z,"$70,000 to $79,999",690
V1Z,"$80,000 to $89,999",550
V1Z,"$90,000 to $99,999",430
V1Z,"$100,000 to $149,999",960
V1Z,"$150,000 to $249,999",440
V1Z,"$250,000 and over",160
V2A,"Under $5,000",1820
V2A,"$5,000 to $9,999",1470
V2A,"$10,000 to $14,999",2650
V2A,"$15,000 to $19,999",3060
V2A,"$20,000 to $24,999",3560
V2A,"$25,000 to $29,999",2610
V2A,"$30,000 to $34,999",2280
V2A,"$35,000 to $39,999",2250
V2A,"$40,000 to $44,999",2080
V2A,"$45,000 to $49,999",1880
V2A,"$50,000 to $54,999",1540
V2A,"$55,000 to $59,999",1330
V2A,"$60,000 to $69,999",2250
V2A,"$70,000 to $79,999",1620
V2A,"$80,000 to $89,999",1150
V2A,"$90,000 to $99,999",800
V2A,"$100,000 to $149,999",1590
V2A,"$150,000 to $249,999",660
V2A,"$250,000 and over",310
V2B,"Under $5,000",2180
V2B,"$5,000 to $9,999",1440
V2B,"$10,000 to $14,999",2790
V2B,"$15,000 to $19,999",2610
V2B,"$20,000 to $24,999",3000
V2B,"$25,000 to $29,999",2300
V2B,"$30,000 to $34,999",2040
V2B,"$35,000 to $39,999",1940
V2B,"$40,000 to $44,999",1880
V2B,"$45,000 to $49,999",1680
V2B,"$50,000 to $54,999",1510
V2B,"$55,000 to $59,999",1260
V2B,"$60,000 to $69,999",2080
V2B,"$70,000 to $79,999",1580
V2B,"$80,000 to $89,999",1170
V2B,"$90,000 to $99,999",910
V2B,"$100,000 to $149,999",1780
V2B,"$150,000 to $249,999",490
V2B,"$250,000 and over",90
V2C,"Under $5,000",1770
V2C,"$5,000 to $9,999",1030
V2C,"$10,000 to $14,999",1650
V2C,"$15,000 to $19,999",1670
V2C,"$20,000 to $24,999",1700
V2C,"$25,000 to $29,999",1360
V2C,"$30,000 to $34,999",1190
V2C,"$35,000 to $39,999",1180
V2C,"$40,000 to $44,999",1160
V2C,"$45,000 to $49,999",1060
V2C,"$50,000 to $54,999",880
V2C,"$55,000 to $59,999",860
V2C,"$60,000 to $69,999",1380
V2C,"$70,000 to $79,999",1140
V2C,"$80,000 to $89,999",900
V2C,"$90,000 to $99,999",720
V2C,"$100,000 to $149,999",1610
V2C,"$150,000 to $249,999",590
V2C,"$250,000 and over",230
V2E,"Under $5,000",980
V2E,"$5,000 to $9,999",580
V2E,"$10,000 to $14,999",750
V2E,"$15,000 to $19,999",760
V2E,"$20,000 to $24,999",770
V2E,"$25,000 to $29,999",680
V2E,"$30,000 to $34,999",670
V2E,"$35,000 to $39,999",640
V2E,"$40,000 to $44,999",620
V2E,"$45,000 to $49,999",640
V2E,"$50,000 to $54,999",530
V2E,"$55,000 to $59,999",500
V2E,"$60,000 to $69,999",870
V2E,"$70,000 to $79,999",740
V2E,"$80,000 to $89,999",640
V2E,"$90,000 to $99,999",500
V2E,"$100,000 to $149,999",1240
V2E,"$150,000 to $249,999",540
V2E,"$250,000 and over",170
V2G,"Under $5,000",1240
V2G,"$5,000 to $9,999",760
V2G,"$10,000 to $14,999",1150
V2G,"$15,000 to $19,999",1170
V2G,"$20,000 to $24,999",1230
V2G,"$25,000 to $29,999",920
V2G,"$30,000 to $34,999",860
V2G,"$35,000 to $39,999",790
V2G,"$40,000 to $44,999",730
V2G,"$45,000 to $49,999",660
V2G,"$50,000 to $54,999",580
V2G,"$55,000 to $59,999",530
V2G,"$60,000 to $69,999",980
V2G,"$70,000 to $79,999",800
V2G,"$80,000 to $89,999",620
V2G,"$90,000 to $99,999",480
V2G,"$100,000 to $149,999",1090
V2G,"$150,000 to $249,999",280
V2G,"$250,000 and over",80
V2H,"Under $5,000",610
V2H,"$5,000 to $9,999",210
V2H,"$10,000 to $14,999",350
V2H,"$15,000 to $19,999",340
V2H,"$20,000 to $24,999",430
V2H,"$25,000 to $29,999",300
V2H,"$30,000 to $34,999",280
V2H,"$35,000 to $39,999",360
V2H,"$40,000 to $44,999",360
V2H,"$45,000 to $49,999",330
V2H,"$50,000 to $54,999",260
V2H,"$55,000 to $59,999",270
V2H,"$60,000 to $69,999",440
V2H,"$70,000 to $79,999",370
V2H,"$80,000 to $89,999",290
V2H,"$90,000 to $99,999",220
V2H,"$100,000 to $149,999",530
V2H,"$150,000 to $249,999",210
V2H,"$250,000 and over",80
V2J,"Under $5,000",1530
V2J,"$5,000 to $9,999",940
V2J,"$10,000 to $14,999",1570
V2J,"$15,000 to $19,999",1620
V2J,"$20,000 to $24,999",1660
V2J,"$25,000 to $29,999",1270
V2J,"$30,000 to $34,999",1120
V2J,"$35,000 to $39,999",1020
V2J,"$40,000 to $44,999",870
V2J,"$45,000 to $49,999",800
V2J,"$50,000 to $54,999",670
V2J,"$55,000 to $59,999",600
V2J,"$60,000 to $69,999",1020
V2J,"$70,000 to $79,999",920
V2J,"$80,000 to $89,999",710
V2J,"$90,000 to $99,999",570
V2J,"$100,000 to $149,999",1380
V2J,"$150,000 to $249,999",340
V2J,"$250,000 and over",110
V2K,"Under $5,000",1110
V2K,"$5,000 to $9,999",640
V2K,"$10,000 to $14,999",960
V2K,"$15,000 to $19,999",930
V2K,"$20,000 to $24,999",1100
V2K,"$25,000 to $29,999",900
V2K,"$30,000 to $34,999",830
V2K,"$35,000 to $39,999",850
V2K,"$40,000 to $44,999",850
V2K,"$45,000 to $49,999",850
V2K,"$50,000 to $54,999",680
V2K,"$55,000 to $59,999",660
V2K,"$60,000 to $69,999",1140
V2K,"$70,000 to $79,999",1040
V2K,"$80,000 to $89,999",900
V2K,"$90,000 to $99,999",780
V2K,"$100,000 to $149,999",1730
V2K,"$150,000 to $249,999",570
V2K,"$250,000 and over",160
V2L,"Under $5,000",640
V2L,"$5,000 to $9,999",530
V2L,"$10,000 to $14,999",1070
V2L,"$15,000 to $19,999",870
V2L,"$20,000 to $24,999",820
V2L,"$25,000 to $29,999",590
V2L,"$30,000 to $34,999",490
V2L,"$35,000 to $39,999",470
V2L,"$40,000 to $44,999",390
V2L,"$45,000 to $49,999",360
V2L,"$50,000 to $54,999",330
V2L,"$55,000 to $59,999",250
V2L,"$60,000 to $69,999",460
V2L,"$70,000 to $79,999",340
V2L,"$80,000 to $89,999",270
V2L,"$90,000 to $99,999",210
V2L,"$100,000 to $149,999",320
V2L,"$150,000 to $249,999",130
V2L,"$250,000 and over",50
V2M,"Under $5,000",1570
V2M,"$5,000 to $9,999",940
V2M,"$10,000 to $14,999",1500
V2M,"$15,000 to $19,999",1420
V2M,"$20,000 to $24,999",1450
V2M,"$25,000 to $29,999",1180
V2M,"$30,000 to $34,999",1030
V2M,"$35,000 to $39,999",980
V2M,"$40,000 to $44,999",1020
V2M,"$45,000 to $49,999",960
V2M,"$50,000 to $54,999",840
V2M,"$55,000 to $59,999",670
V2M,"$60,000 to $69,999",1310
V2M,"$70,000 to $79,999",1070
V2M,"$80,000 to $89,999",810
V2M,"$90,000 to $99,999",620
V2M,"$100,000 to $149,999",1180
V2M,"$150,000 to $249,999",340
V2M,"$250,000 and over",90
V2N,"Under $5,000",1890
V2N,"$5,000 to $9,999",1090
V2N,"$10,000 to $14,999",1600
V2N,"$15,000 to $19,999",1590
V2N,"$20,000 to $24,999",1750
V2N,"$25,000 to $29,999",1430
V2N,"$30,000 to $34,999",1320
V2N,"$35,000 to $39,999",1350
V2N,"$40,000 to $44,999",1310
V2N,"$45,000 to $49,999",1390
V2N,"$50,000 to $54,999",1190
V2N,"$55,000 to $59,999",1060
V2N,"$60,000 to $69,999",1880
V2N,"$70,000 to $79,999",1600
V2N,"$80,000 to $89,999",1360
V2N,"$90,000 to $99,999",1160
V2N,"$100,000 to $149,999",2570
V2N,"$150,000 to $249,999",790
V2N,"$250,000 and over",230
V2P,"Under $5,000",2330
V2P,"$5,000 to $9,999",1550
V2P,"$10,000 to $14,999",2760
V2P,"$15,000 to $19,999",2810
V2P,"$20,000 to $24,999",3030
V2P,"$25,000 to $29,999",2280
V2P,"$30,000 to $34,999",1920
V2P,"$35,000 to $39,999",1810
V2P,"$40,000 to $44,999",1690
V2P,"$45,000 to $49,999",1490
V2P,"$50,000 to $54,999",1260
V2P,"$55,000 to $59,999",1030
V2P,"$60,000 to $69,999",1680
V2P,"$70,000 to $79,999",1260
V2P,"$80,000 to $89,999",1060
V2P,"$90,000 to $99,999",680
V2P,"$100,000 to $149,999",1180
V2P,"$150,000 to $249,999",340
V2P,"$250,000 and over",130
V2R,"Under $5,000",3060
V2R,"$5,000 to $9,999",2000
V2R,"$10,000 to $14,999",2810
V2R,"$15,000 to $19,999",2990
V2R,"$20,000 to $24,999",3430
V2R,"$25,000 to $29,999",2650
V2R,"$30,000 to $34,999",2430
V2R,"$35,000 to $39,999",2440
V2R,"$40,000 to $44,999",2310
V2R,"$45,000 to $49,999",2220
V2R,"$50,000 to $54,999",1930
V2R,"$55,000 to $59,999",1740
V2R,"$60,000 to $69,999",2730
V2R,"$70,000 to $79,999",2210
V2R,"$80,000 to $89,999",1830
V2R,"$90,000 to $99,999",1520
V2R,"$100,000 to $149,999",2850
V2R,"$150,000 to $249,999",860
V2R,"$250,000 and over",280
V2S,"Under $5,000",3350
V2S,"$5,000 to $9,999",2010
V2S,"$10,000 to $14,999",3170
V2S,"$15,000 to $19,999",3340
V2S,"$20,000 to $24,999",3420
V2S,"$25,000 to $29,999",2680
V2S,"$30,000 to $34,999",2380
V2S,"$35,000 to $39,999",2340
V2S,"$40,000 to $44,999",2130
V2S,"$45,000 to $49,999",1980
V2S,"$50,000 to $54,999",1820
V2S,"$55,000 to $59,999",1520
V2S,"$60,000 to $69,999",2480
V2S,"$70,000 to $79,999",1950
V2S,"$80,000 to $89,999",1530
V2S,"$90,000 to $99,999",1130
V2S,"$100,000 to $149,999",2060
V2S,"$150,000 to $249,999",660
V2S,"$250,000 and over",210
V2T,"Under $5,000",4650
V2T,"$5,000 to $9,999",3110
V2T,"$10,000 to $14,999",5290
V2T,"$15,000 to $19,999",5350
V2T,"$20,000 to $24,999",4400
V2T,"$25,000 to $29,999",3550
V2T,"$30,000 to $34,999",3110
V2T,"$35,000 to $39,999",2660
V2T,"$40,000 to $44,999",2440
V2T,"$45,000 to $49,999",2260
V2T,"$50,000 to $54,999",1960
V2T,"$55,000 to $59,999",1600
V2T,"$60,000 to $69,999",2580
V2T,"$70,000 to $79,999",1760
V2T,"$80,000 to $89,999",1250
V2T,"$90,000 to $99,999",830
V2T,"$100,000 to $149,999",1440
V2T,"$150,000 to $249,999",430
V2T,"$250,000 and over",150
V2V,"Under $5,000",2200
V2V,"$5,000 to $9,999",1450
V2V,"$10,000 to $14,999",2320
V2V,"$15,000 to $19,999",2320
V2V,"$20,000 to $24,999",2200
V2V,"$25,000 to $29,999",1660
V2V,"$30,000 to $34,999",1500
V2V,"$35,000 to $39,999",1440
V2V,"$40,000 to $44,999",1440
V2V,"$45,000 to $49,999",1320
V2V,"$50,000 to $54,999",1190
V2V,"$55,000 to $59,999",1050
V2V,"$60,000 to $69,999",1710
V2V,"$70,000 to $79,999",1460
V2V,"$80,000 to $89,999",1170
V2V,"$90,000 to $99,999",830
V2V,"$100,000 to $149,999",1590
V2V,"$150,000 to $249,999",420
V2V,"$250,000 and over",110
V2W,"Under $5,000",1350
V2W,"$5,000 to $9,999",880
V2W,"$10,000 to $14,999",940
V2W,"$15,000 to $19,999",920
V2W,"$20,000 to $24,999",930
V2W,"$25,000 to $29,999",820
V2W,"$30,000 to $34,999",760
V2W,"$35,000 to $39,999",810
V2W,"$40,000 to $44,999",790
V2W,"$45,000 to $49,999",800
V2W,"$50,000 to $54,999",640
V2W,"$55,000 to $59,999",620
V2W,"$60,000 to $69,999",1140
V2W,"$70,000 to $79,999",960
V2W,"$80,000 to $89,999",810
V2W,"$90,000 to $99,999",750
V2W,"$100,000 to $149,999",1620
V2W,"$150,000 to $249,999",620
V2W,"$250,000 and over",190
V2X,"Under $5,000",2510
V2X,"$5,000 to $9,999",1820
V2X,"$10,000 to $14,999",2900
V2X,"$15,000 to $19,999",2870
V2X,"$20,000 to $24,999",3130
V2X,"$25,000 to $29,999",2430
V2X,"$30,000 to $34,999",2270
V2X,"$35,000 to $39,999",2310
V2X,"$40,000 to $44,999",2210
V2X,"$45,000 to $49,999",2100
V2X,"$50,000 to $54,999",1750
V2X,"$55,000 to $59,999",1630
V2X,"$60,000 to $69,999",2760
V2X,"$70,000 to $79,999",2170
V2X,"$80,000 to $89,999",1720
V2X,"$90,000 to $99,999",1390
V2X,"$100,000 to $149,999",2690
V2X,"$150,000 to $249,999",780
V2X,"$250,000 and over",180
V2Y,"Under $5,000",3070
V2Y,"$5,000 to $9,999",1710
V2Y,"$10,000 to $14,999",1990
V2Y,"$15,000 to $19,999",1990
V2Y,"$20,000 to $24,999",1800
V2Y,"$25,000 to $29,999",1560
V2Y,"$30,000 to $34,999",1500
V2Y,"$35,000 to $39,999",1480
V2Y,"$40,000 to $44,999",1550
V2Y,"$45,000 to $49,999",1420
V2Y,"$50,000 to $54,999",1320
V2Y,"$55,000 to $59,999",1300
V2Y,"$60,000 to $69,999",2250
V2Y,"$70,000 to $79,999",1880
V2Y,"$80,000 to $89,999",1530
V2Y,"$90,000 to $99,999",1260
V2Y,"$100,000 to $149,999",2880
V2Y,"$150,000 to $249,999",970
V2Y,"$250,000 and over",310
V2Z,"Under $5,000",810
V2Z,"$5,000 to $9,999",610
V2Z,"$10,000 to $14,999",810
V2Z,"$15,000 to $19,999",920
V2Z,"$20,000 to $24,999",950
V2Z,"$25,000 to $29,999",740
V2Z,"$30,000 to $34,999",660
V2Z,"$35,000 to $39,999",660
V2Z,"$40,000 to $44,999",630
V2Z,"$45,000 to $49,999",580
V2Z,"$50,000 to $54,999",550
V2Z,"$55,000 to $59,999",470
V2Z,"$60,000 to $69,999",830
V2Z,"$70,000 to $79,999",680
V2Z,"$80,000 to $89,999",520
V2Z,"$90,000 to $99,999",390
V2Z,"$100,000 to $149,999",970
V2Z,"$150,000 to $249,999",530
V2Z,"$250,000 and over",340
V3A,"Under $5,000",2300
V3A,"$5,000 to $9,999",1480
V3A,"$10,000 to $14,999",2360
V3A,"$15,000 to $19,999",2500
V3A,"$20,000 to $24,999",2870
V3A,"$25,000 to $29,999",2310
V3A,"$30,000 to $34,999",2090
V3A,"$35,000 to $39,999",2120
V3A,"$40,000 to $44,999",2010
V3A,"$45,000 to $49,999",1950
V3A,"$50,000 to $54,999",1670
V3A,"$55,000 to $59,999",1500
V3A,"$60,000 to $69,999",2570
V3A,"$70,000 to $79,999",2150
V3A,"$80,000 to $89,999",1620
V3A,"$90,000 to $99,999",1130
V3A,"$100,000 to $149,999",2570
V3A,"$150,000 to $249,999",750
V3A,"$250,000 and over",300
V3B,"Under $5,000",5210
V3B,"$5,000 to $9,999",2860
V3B,"$10,000 to $14,999",3770
V3B,"$15,000 to $19,999",3730
V3B,"$20,000 to $24,999",3200
V3B,"$25,000 to $29,999",2670
V3B,"$30,000 to $34,999",2430
V3B,"$35,000 to $39,999",2500
V3B,"$40,000 to $44,999",2440
V3B,"$45,000 to $49,999",2350
V3B,"$50,000 to $54,999",2190
V3B,"$55,000 to $59,999",1900
V3B,"$60,000 to $69,999",3180
V3B,"$70,000 to $79,999",2630
V3B,"$80,000 to $89,999",2130
V3B,"$90,000 to $99,999",1660
V3B,"$100,000 to $149,999",3290
V3B,"$150,000 to $249,999",1030
V3B,"$250,000 and over",290
V3C,"Under $5,000",2710
V3C,"$5,000 to $9,999",1730
V3C,"$10,000 to $14,999",2260
V3C,"$15,000 to $19,999",2160
V3C,"$20,000 to $24,999",1900
V3C,"$25,000 to $29,999",1580
V3C,"$30,000 to $34,999",1490
V3C,"$35,000 to $39,999",1580
V3C,"$40,000 to $44,999",1620
V3C,"$45,000 to $49,999",1620
V3C,"$50,000 to $54,999",1510
V3C,"$55,000 to $59,999",1400
V3C,"$60,000 to $69,999",2270
V3C,"$70,000 to $79,999",1900
V3C,"$80,000 to $89,999",1600
V3C,"$90,000 to $99,999",1220
V3C,"$100,000 to $149,999",2600
V3C,"$150,000 to $249,999",890
V3C,"$250,000 and over",310
V3E,"Under $5,000",4220
V3E,"$5,000 to $9,999",2370
V3E,"$10,000 to $14,999",2560
V3E,"$15,000 to $19,999",2380
V3E,"$20,000 to $24,999",1910
V3E,"$25,000 to $29,999",1520
V3E,"$30,000 to $34,999",1360
V3E,"$35,000 to $39,999",1290
V3E,"$40,000 to $44,999",1360
V3E,"$45,000 to $49,999",1350
V3E,"$50,000 to $54,999",1190
V3E,"$55,000 to $59,999",1110
V3E,"$60,000 to $69,999",1880
V3E,"$70,000 to $79,999",1620
V3E,"$80,000 to $89,999",1290
V3E,"$90,000 to $99,999",1080
V3E,"$100,000 to $149,999",2670
V3E,"$150,000 to $249,999",1190
V3E,"$250,000 and over",420
V3G,"Under $5,000",1610
V3G,"$5,000 to $9,999",980
V3G,"$10,000 to $14,999",1190
V3G,"$15,000 to $19,999",1220
V3G,"$20,000 to $24,999",1230
V3G,"$25,000 to $29,999",1050
V3G,"$30,000 to $34,999",1000
V3G,"$35,000 to $39,999",920
V3G,"$40,000 to $44,999",990
V3G,"$45,000 to $49,999",970
V3G,"$50,000 to $54,999",850
V3G,"$55,000 to $59,999",830
V3G,"$60,000 to $69,999",1280
V3G,"$70,000 to $79,999",1180
V3G,"$80,000 to $89,999",1010
V3G,"$90,000 to $99,999",810
V3G,"$100,000 to $149,999",1870
V3G,"$150,000 to $249,999",710
V3G,"$250,000 and over",280
V3H,"Under $5,000",2550
V3H,"$5,000 to $9,999",1530
V3H,"$10,000 to $14,999",1740
V3H,"$15,000 to $19,999",1680
V3H,"$20,000 to $24,999",1570
V3H,"$25,000 to $29,999",1280
V3H,"$30,000 to $34,999",1220
V3H,"$35,000 to $39,999",1200
V3H,"$40,000 to $44,999",1230
V3H,"$45,000 to $49,999",1380
V3H,"$50,000 to $54,999",1240
V3H,"$55,000 to $59,999",1180
V3H,"$60,000 to $69,999",1970
V3H,"$70,000 to $79,999",1760
V3H,"$80,000 to $89,999",1590
V3H,"$90,000 to $99,999",1300
V3H,"$100,000 to $149,999",3290
V3H,"$150,000 to $249,999",1520
V3H,"$250,000 and over",690
V3J,"Under $5,000",3940
V3J,"$5,000 to $9,999",2090
V3J,"$10,000 to $14,999",2600
V3J,"$15,000 to $19,999",2490
V3J,"$20,000 to $24,999",2310
V3J,"$25,000 to $29,999",1800
V3J,"$30,000 to $34,999",1710
V3J,"$35,000 to $39,999",1720
V3J,"$40,000 to $44,999",1670
V3J,"$45,000 to $49,999",1710
V3J,"$50,000 to $54,999",1530
V3J,"$55,000 to $59,999",1360
V3J,"$60,000 to $69,999",2250
V3J,"$70,000 to $79,999",1900
V3J,"$80,000 to $89,999",1420
V3J,"$90,000 to $99,999",1140
V3J,"$100,000 to $149,999",2460
V3J,"$150,000 to $249,999",930
V3J,"$250,000 and over",360
V3K,"Under $5,000",2470
V3K,"$5,000 to $9,999",1420
V3K,"$10,000 to $14,999",1860
V3K,"$15,000 to $19,999",1910
V3K,"$20,000 to $24,999",1750
V3K,"$25,000 to $29,999",1400
V3K,"$30,000 to $34,999",1270
V3K,"$35,000 to $39,999",1390
V3K,"$40,000 to $44,999",1350
V3K,"$45,000 to $49,999",1220
V3K,"$50,000 to $54,999",1130
V3K,"$55,000 to $59,999",1010
V3K,"$60,000 to $69,999",1690
V3K,"$70,000 to $79,999",1340
V3K,"$80,000 to $89,999",1030
V3K,"$90,000 to $99,999",780
V3K,"$100,000 to $149,999",1640
V3K,"$150,000 to $249,999",560
V3K,"$250,000 and over",230
V3L,"Under $5,000",1800
V3L,"$5,000 to $9,999",1110
V3L,"$10,000 to $14,999",1480
V3L,"$15,000 to $19,999",1580
V3L,"$20,000 to $24,999",1530
V3L,"$25,000 to $29,999",1320
V3L,"$30,000 to $34,999",1200
V3L,"$35,000 to $39,999",1200
V3L,"$40,000 to $44,999",1220
V3L,"$45,000 to $49,999",1300
V3L,"$50,000 to $54,999",1200
V3L,"$55,000 to $59,999",1030
V3L,"$60,000 to $69,999",1790
V3L,"$70,000 to $79,999",1560
V3L,"$80,000 to $89,999",1200
V3L,"$90,000 to $99,999",950
V3L,"$100,000 to $149,999",2060
V3L,"$150,000 to $249,999",680
V3L,"$250,000 and over",260
V3M,"Under $5,000",3330
V3M,"$5,000 to $9,999",1870
V3M,"$10,000 to $14,999",2730
V3M,"$15,000 to $19,999",2790
V3M,"$20,000 to $24,999",2500
V3M,"$25,000 to $29,999",2110
V3M,"$30,000 to $34,999",1990
V3M,"$35,000 to $39,999",2120
V3M,"$40,000 to $44,999",2060
V3M,"$45,000 to $49,999",2150
V3M,"$50,000 to $54,999",1880
V3M,"$55,000 to $59,999",1720
V3M,"$60,000 to $69,999",2800
V3M,"$70,000 to $79,999",2110
V3M,"$80,000 to $89,999",1640
V3M,"$90,000 to $99,999",1210
V3M,"$100,000 to $149,999",2480
V3M,"$150,000 to $249,999",760
V3M,"$250,000 and over",220
V3N,"Under $5,000",3840
V3N,"$5,000 to $9,999",2130
V3N,"$10,000 to $14,999",2630
V3N,"$15,000 to $19,999",2720
V3N,"$20,000 to $24,999",2150
V3N,"$25,000 to $29,999",1810
V3N,"$30,000 to $34,999",1730
V3N,"$35,000 to $39,999",1740
V3N,"$40,000 to $44,999",1660
V3N,"$45,000 to $49,999",1630
V3N,"$50,000 to $54,999",1530
V3N,"$55,000 to $59,999",1300
V3N,"$60,000 to $69,999",2040
V3N,"$70,000 to $79,999",1680
V3N,"$80,000 to $89,999",1180
V3N,"$90,000 to $99,999",950
V3N,"$100,000 to $149,999",1900
V3N,"$150,000 to $249,999",610
V3N,"$250,000 and over",180
V3R,"Under $5,000",5670
V3R,"$5,000 to $9,999",3330
V3R,"$10,000 to $14,999",4970
V3R,"$15,000 to $19,999",4590
V3R,"$20,000 to $24,999",3790
V3R,"$25,000 to $29,999",3280
V3R,"$30,000 to $34,999",2990
V3R,"$35,000 to $39,999",2890
V3R,"$40,000 to $44,999",2810
V3R,"$45,000 to $49,999",2630
V3R,"$50,000 to $54,999",2220
V3R,"$55,000 to $59,999",1860
V3R,"$60,000 to $69,999",2950
V3R,"$70,000 to $79,999",2040
V3R,"$80,000 to $89,999",1380
V3R,"$90,000 to $99,999",1030
V3R,"$100,000 to $149,999",1720
V3R,"$150,000 to $249,999",410
V3R,"$250,000 and over",110
V3S,"Under $5,000",8150
V3S,"$5,000 to $9,999",4850
V3S,"$10,000 to $14,999",6850
V3S,"$15,000 to $19,999",6770
V3S,"$20,000 to $24,999",5350
V3S,"$25,000 to $29,999",4760
V3S,"$30,000 to $34,999",4410
V3S,"$35,000 to $39,999",4280
V3S,"$40,000 to $44,999",4350
V3S,"$45,000 to $49,999",4150
V3S,"$50,000 to $54,999",3600
V3S,"$55,000 to $59,999",3190
V3S,"$60,000 to $69,999",5320
V3S,"$70,000 to $79,999",4130
V3S,"$80,000 to $89,999",3320
V3S,"$90,000 to $99,999",2520
V3S,"$100,000 to $149,999",5290
V3S,"$150,000 to $249,999",1700
V3S,"$250,000 and over",460
V3T,"Under $5,000",5110
V3T,"$5,000 to $9,999",3130
V3T,"$10,000 to $14,999",4330
V3T,"$15,000 to $19,999",3530
V3T,"$20,000 to $24,999",2850
V3T,"$25,000 to $29,999",2360
V3T,"$30,000 to $34,999",2130
V3T,"$35,000 to $39,999",2200
V3T,"$40,000 to $44,999",2120
V3T,"$45,000 to $49,999",1840
V3T,"$50,000 to $54,999",1600
V3T,"$55,000 to $59,999",1280
V3T,"$60,000 to $69,999",2080
V3T,"$70,000 to $79,999",1480
V3T,"$80,000 to $89,999",960
V3T,"$90,000 to $99,999",640
V3T,"$100,000 to $149,999",990
V3T,"$150,000 to $249,999",240
V3T,"$250,000 and over",40
V3V,"Under $5,000",6090
V3V,"$5,000 to $9,999",3510
V3V,"$10,000 to $14,999",5080
V3V,"$15,000 to $19,999",5000
V3V,"$20,000 to $24,999",3480
V3V,"$25,000 to $29,999",2910
V3V,"$30,000 to $34,999",2700
V3V,"$35,000 to $39,999",2460
V3V,"$40,000 to $44,999",2320
V3V,"$45,000 to $49,999",2050
V3V,"$50,000 to $54,999",1780
V3V,"$55,000 to $59,999",1350
V3V,"$60,000 to $69,999",2180
V3V,"$70,000 to $79,999",1440
V3V,"$80,000 to $89,999",940
V3V,"$90,000 to $99,999",650
V3V,"$100,000 to $149,999",1050
V3V,"$150,000 to $249,999",270
V3V,"$250,000 and over",70
V3W,"Under $5,000",10720
V3W,"$5,000 to $9,999",5970
V3W,"$10,000 to $14,999",8820
V3W,"$15,000 to $19,999",8880
V3W,"$20,000 to $24,999",6380
V3W,"$25,000 to $29,999",5530
V3W,"$30,000 to $34,999",5160
V3W,"$35,000 to $39,999",4700
V3W,"$40,000 to $44,999",4220
V3W,"$45,000 to $49,999",3770
V3W,"$50,000 to $54,999",3290
V3W,"$55,000 to $59,999",2700
V3W,"$60,000 to $69,999",4260
V3W,"$70,000 to $79,999",2870
V3W,"$80,000 to $89,999",1950
V3W,"$90,000 to $99,999",1250
V3W,"$100,000 to $149,999",2100
V3W,"$150,000 to $249,999",510
V3W,"$250,000 and over",130
V3X,"Under $5,000",2910
V3X,"$5,000 to $9,999",1700
V3X,"$10,000 to $14,999",2290
V3X,"$15,000 to $19,999",2340
V3X,"$20,000 to $24,999",1750
V3X,"$25,000 to $29,999",1500
V3X,"$30,000 to $34,999",1440
V3X,"$35,000 to $39,999",1310
V3X,"$40,000 to $44,999",1280
V3X,"$45,000 to $49,999",1310
V3X,"$50,000 to $54,999",1110
V3X,"$55,000 to $59,999",1000
V3X,"$60,000 to $69,999",1610
V3X,"$70,000 to $79,999",1120
V3X,"$80,000 to $89,999",870
V3X,"$90,000 to $99,999",660
V3X,"$100,000 to $149,999",1400
V3X,"$150,000 to $249,999",490
V3X,"$250,000 and over",190
V3Y,"Under $5,000",1070
V3Y,"$5,000 to $9,999",670
V3Y,"$10,000 to $14,999",900
V3Y,"$15,000 to $19,999",900
V3Y,"$20,000 to $24,999",1040
V3Y,"$25,000 to $29,999",830
V3Y,"$30,000 to $34,999",810
V3Y,"$35,000 to $39,999",800
V3Y,"$40,000 to $44,999",850
V3Y,"$45,000 to $49,999",880
V3Y,"$50,000 to $54,999",700
V3Y,"$55,000 to $59,999",620
V3Y,"$60,000 to $69,999",1080
V3Y,"$70,000 to $79,999",960
V3Y,"$80,000 to $89,999",730
V3Y,"$90,000 to $99,999",600
V3Y,"$100,000 to $149,999",1310
V3Y,"$150,000 to $249,999",480
V3Y,"$250,000 and over",140
V3Z,"Under $5,000",2460
V3Z,"$5,000 to $9,999",1540
V3Z,"$10,000 to $14,999",1590
V3Z,"$15,000 to $19,999",1480
V3Z,"$20,000 to $24,999",1500
V3Z,"$25,000 to $29,999",1190
V3Z,"$30,000 to $34,999",1100
V3Z,"$35,000 to $39,999",1090
V3Z,"$40,000 to $44,999",1150
V3Z,"$45,000 to $49,999",1110
V3Z,"$50,000 to $54,999",1010
V3Z,"$55,000 to $59,999",910
V3Z,"$60,000 to $69,999",1650
V3Z,"$70,000 to $79,999",1440
V3Z,"$80,000 to $89,999",1230
V3Z,"$90,000 to $99,999",1080
V3Z,"$100,000 to $149,999",2720
V3Z,"$150,000 to $249,999",1280
V3Z,"$250,000 and over",730
V4A,"Under $5,000",2420
V4A,"$5,000 to $9,999",1550
V4A,"$10,000 to $14,999",1890
V4A,"$15,000 to $19,999",1900
V4A,"$20,000 to $24,999",2220
V4A,"$25,000 to $29,999",1840
V4A,"$30,000 to $34,999",1560
V4A,"$35,000 to $39,999",1520
V4A,"$40,000 to $44,999",1610
V4A,"$45,000 to $49,999",1630
V4A,"$50,000 to $54,999",1330
V4A,"$55,000 to $59,999",1110
V4A,"$60,000 to $69,999",1970
V4A,"$70,000 to $79,999",1670
V4A,"$80,000 to $89,999",1310
V4A,"$90,000 to $99,999",1120
V4A,"$100,000 to $149,999",2570
V4A,"$150,000 to $249,999",1350
V4A,"$250,000 and over",770
V4B,"Under $5,000",950
V4B,"$5,000 to $9,999",680
V4B,"$10,000 to $14,999",1050
V4B,"$15,000 to $19,999",1190
V4B,"$20,000 to $24,999",1480
V4B,"$25,000 to $29,999",1080
V4B,"$30,000 to $34,999",890
V4B,"$35,000 to $39,999",860
V4B,"$40,000 to $44,999",950
V4B,"$45,000 to $49,999",850
V4B,"$50,000 to $54,999",790
V4B,"$55,000 to $59,999",660
V4B,"$60,000 to $69,999",1150
V4B,"$70,000 to $79,999",870
V4B,"$80,000 to $89,999",760
V4B,"$90,000 to $99,999",580
V4B,"$100,000 to $149,999",1330
V4B,"$150,000 to $249,999",680
V4B,"$250,000 and over",390
V4C,"Under $5,000",4030
V4C,"$5,000 to $9,999",2380
V4C,"$10,000 to $14,999",3390
V4C,"$15,000 to $19,999",3540
V4C,"$20,000 to $24,999",2700
V4C,"$25,000 to $29,999",2330
V4C,"$30,000 to $34,999",2110
V4C,"$35,000 to $39,999",2140
V4C,"$40,000 to $44,999",1980
V4C,"$45,000 to $49,999",1920
V4C,"$50,000 to $54,999",1640
V4C,"$55,000 to $59,999",1390
V4C,"$60,000 to $69,999",2390
V4C,"$70,000 to $79,999",1800
V4C,"$80,000 to $89,999",1360
V4C,"$90,000 to $99,999",1020
V4C,"$100,000 to $149,999",1970
V4C,"$150,000 to $249,999",600
V4C,"$250,000 and over",160
V4E,"Under $5,000",1090
V4E,"$5,000 to $9,999",620
V4E,"$10,000 to $14,999",760
V4E,"$15,000 to $19,999",700
V4E,"$20,000 to $24,999",560
V4E,"$25,000 to $29,999",490
V4E,"$30,000 to $34,999",440
V4E,"$35,000 to $39,999",520
V4E,"$40,000 to $44,999",470
V4E,"$45,000 to $49,999",510
V4E,"$50,000 to $54,999",430
V4E,"$55,000 to $59,999",350
V4E,"$60,000 to $69,999",670
V4E,"$70,000 to $79,999",560
V4E,"$80,000 to $89,999",480
V4E,"$90,000 to $99,999",360
V4E,"$100,000 to $149,999",910
V4E,"$150,000 to $249,999",380
V4E,"$250,000 and over",120
V4G,"Under $5,000",20
V4G,"$5,000 to $9,999",20
V4G,"$10,000 to $14,999",10
V4G,"$15,000 to $19,999",10
V4G,"$20,000 to $24,999",20
V4G,"$25,000 to $29,999",20
V4G,"$30,000 to $34,999",10
V4G,"$35,000 to $39,999",20
V4G,"$40,000 to $44,999",20
V4G,"$45,000 to $49,999",20
V4G,"$50,000 to $54,999",20
V4G,"$55,000 to $59,999",10
V4G,"$60,000 to $69,999",30
V4G,"$70,000 to $79,999",10
V4G,"$80,000 to $89,999",20
V4G,"$90,000 to $99,999",10
V4G,"$100,000 to $149,999",30
V4G,"$150,000 to $249,999",20
V4G,"$250,000 and over",10
V4K,"Under $5,000",1230
V4K,"$5,000 to $9,999",850
V4K,"$10,000 to $14,999",1180
V4K,"$15,000 to $19,999",1200
V4K,"$20,000 to $24,999",1330
V4K,"$25,000 to $29,999",1160
V4K,"$30,000 to $34,999",1030
V4K,"$35,000 to $39,999",1120
V4K,"$40,000 to $44,999",1130
V4K,"$45,000 to $49,999",1180
V4K,"$50,000 to $54,999",1000
V4K,"$55,000 to $59,999",900
V4K,"$60,000 to $69,999",1450
V4K,"$70,000 to $79,999",1180
V4K,"$80,000 to $89,999",950
V4K,"$90,000 to $99,999",790
V4K,"$100,000 to $149,999",1740
V4K,"$150,000 to $249,999",720
V4K,"$250,000 and over",300
V4L,"Under $5,000",330
V4L,"$5,000 to $9,999",260
V4L,"$10,000 to $14,999",290
V4L,"$15,000 to $19,999",330
V4L,"$20,000 to $24,999",380
V4L,"$25,000 to $29,999",310
V4L,"$30,000 to $34,999",310
V4L,"$35,000 to $39,999",350
V4L,"$40,000 to $44,999",330
V4L,"$45,000 to $49,999",350
V4L,"$50,000 to $54,999",300
V4L,"$55,000 to $59,999",300
V4L,"$60,000 to $69,999",450
V4L,"$70,000 to $79,999",400
V4L,"$80,000 to $89,999",350
V4L,"$90,000 to $99,999",270
V4L,"$100,000 to $149,999",670
V4L,"$150,000 to $249,999",390
V4L,"$250,000 and over",220
V4M,"Under $5,000",860
V4M,"$5,000 to $9,999",580
V4M,"$10,000 to $14,999",680
V4M,"$15,000 to $19,999",680
V4M,"$20,000 to $24,999",800
V4M,"$25,000 to $29,999",600
V4M,"$30,000 to $34,999",570
V4M,"$35,000 to $39,999",560
V4M,"$40,000 to $44,999",550
V4M,"$45,000 to $49,999",630
V4M,"$50,000 to $54,999",510
V4M,"$55,000 to $59,999",460
V4M,"$60,000 to $69,999",830
V4M,"$70,000 to $79,999",680
V4M,"$80,000 to $89,999",590
V4M,"$90,000 to $99,999",440
V4M,"$100,000 to $149,999",1220
V4M,"$150,000 to $249,999",680
V4M,"$250,000 and over",380
V4N,"Under $5,000",6850
V4N,"$5,000 to $9,999",4100
V4N,"$10,000 to $14,999",5110
V4N,"$15,000 to $19,999",4760
V4N,"$20,000 to $24,999",4060
V4N,"$25,000 to $29,999",3510
V4N,"$30,000 to $34,999",3280
V4N,"$35,000 to $39,999",3290
V4N,"$40,000 to $44,999",3320
V4N,"$45,000 to $49,999",3080
V4N,"$50,000 to $54,999",2850
V4N,"$55,000 to $59,999",2570
V4N,"$60,000 to $69,999",4220
V4N,"$70,000 to $79,999",3520
V4N,"$80,000 to $89,999",2710
V4N,"$90,000 to $99,999",2060
V4N,"$100,000 to $149,999",4450
V4N,"$150,000 to $249,999",1500
V4N,"$250,000 and over",500
V4P,"Under $5,000",940
V4P,"$5,000 to $9,999",570
V4P,"$10,000 to $14,999",640
V4P,"$15,000 to $19,999",700
V4P,"$20,000 to $24,999",750
V4P,"$25,000 to $29,999",570
V4P,"$30,000 to $34,999",470
V4P,"$35,000 to $39,999",470
V4P,"$40,000 to $44,999",450
V4P,"$45,000 to $49,999",540
V4P,"$50,000 to $54,999",420
V4P,"$55,000 to $59,999",360
V4P,"$60,000 to $69,999",670
V4P,"$70,000 to $79,999",590
V4P,"$80,000 to $89,999",460
V4P,"$90,000 to $99,999",390
V4P,"$100,000 to $149,999",890
V4P,"$150,000 to $249,999",550
V4P,"$250,000 and over",370
V4R,"Under $5,000",970
V4R,"$5,000 to $9,999",600
V4R,"$10,000 to $14,999",810
V4R,"$15,000 to $19,999",710
V4R,"$20,000 to $24,999",740
V4R,"$25,000 to $29,999",650
V4R,"$30,000 to $34,999",540
V4R,"$35,000 to $39,999",550
V4R,"$40,000 to $44,999",610
V4R,"$45,000 to $49,999",580
V4R,"$50,000 to $54,999",540
V4R,"$55,000 to $59,999",440
V4R,"$60,000 to $69,999",840
V4R,"$70,000 to $79,999",720
V4R,"$80,000 to $89,999",620
V4R,"$90,000 to $99,999",540
V4R,"$100,000 to $149,999",1200
V4R,"$150,000 to $249,999",490
V4R,"$250,000 and over",150
V4S,"Under $5,000",500
V4S,"$5,000 to $9,999",300
V4S,"$10,000 to $14,999",460
V4S,"$15,000 to $19,999",440
V4S,"$20,000 to $24,999",430
V4S,"$25,000 to $29,999",320
V4S,"$30,000 to $34,999",300
V4S,"$35,000 to $39,999",300
V4S,"$40,000 to $44,999",290
V4S,"$45,000 to $49,999",300
V4S,"$50,000 to $54,999",240
V4S,"$55,000 to $59,999",240
V4S,"$60,000 to $69,999",370
V4S,"$70,000 to $79,999",300
V4S,"$80,000 to $89,999",260
V4S,"$90,000 to $99,999",200
V4S,"$100,000 to $149,999",480
V4S,"$150,000 to $249,999",130
V4S,"$250,000 and over",50
V4T,"Under $5,000",1480
V4T,"$5,000 to $9,999",1090
V4T,"$10,000 to $14,999",1560
V4T,"$15,000 to $19,999",1710
V4T,"$20,000 to $24,999",2080
V4T,"$25,000 to $29,999",1730
V4T,"$30,000 to $34,999",1490
V4T,"$35,000 to $39,999",1500
V4T,"$40,000 to $44,999",1410
V4T,"$45,000 to $49,999",1400
V4T,"$50,000 to $54,999",1170
V4T,"$55,000 to $59,999",980
V4T,"$60,000 to $69,999",1680
V4T,"$70,000 to $79,999",1370
V4T,"$80,000 to $89,999",980
V4T,"$90,000 to $99,999",670
V4T,"$100,000 to $149,999",1450
V4T,"$150,000 to $249,999",620
V4T,"$250,000 and over",220
V4V,"Under $5,000",830
V4V,"$5,000 to $9,999",650
V4V,"$10,000 to $14,999",920
V4V,"$15,000 to $19,999",1030
V4V,"$20,000 to $24,999",1110
V4V,"$25,000 to $29,999",870
V4V,"$30,000 to $34,999",800
V4V,"$35,000 to $39,999",760
V4V,"$40,000 to $44,999",750
V4V,"$45,000 to $49,999",730
V4V,"$50,000 to $54,999",670
V4V,"$55,000 to $59,999",540
V4V,"$60,000 to $69,999",900
V4V,"$70,000 to $79,999",770
V4V,"$80,000 to $89,999",570
V4V,"$90,000 to $99,999",440
V4V,"$100,000 to $149,999",930
V4V,"$150,000 to $249,999",460
V4V,"$250,000 and over",160
V4W,"Under $5,000",1240
V4W,"$5,000 to $9,999",780
V4W,"$10,000 to $14,999",1200
V4W,"$15,000 to $19,999",1220
V4W,"$20,000 to $24,999",1250
V4W,"$25,000 to $29,999",1040
V4W,"$30,000 to $34,999",990
V4W,"$35,000 to $39,999",910
V4W,"$40,000 to $44,999",910
V4W,"$45,000 to $49,999",850
V4W,"$50,000 to $54,999",730
V4W,"$55,000 to $59,999",670
V4W,"$60,000 to $69,999",1090
V4W,"$70,000 to $79,999",870
V4W,"$80,000 to $89,999",650
V4W,"$90,000 to $99,999",530
V4W,"$100,000 to $149,999",1010
V4W,"$150,000 to $249,999",370
V4W,"$250,000 and over",130
V4X,"Under $5,000",920
V4X,"$5,000 to $9,999",600
V4X,"$10,000 to $14,999",830
V4X,"$15,000 to $19,999",850
V4X,"$20,000 to $24,999",750
V4X,"$25,000 to $29,999",630
V4X,"$30,000 to $34,999",590
V4X,"$35,000 to $39,999",600
V4X,"$40,000 to $44,999",580
V4X,"$45,000 to $49,999",560
V4X,"$50,000 to $54,999",440
V4X,"$55,000 to $59,999",420
V4X,"$60,000 to $69,999",600
V4X,"$70,000 to $79,999",550
V4X,"$80,000 to $89,999",430
V4X,"$90,000 to $99,999",320
V4X,"$100,000 to $149,999",670
V4X,"$150,000 to $249,999",330
V4X,"$250,000 and over",170
V4Z,"Under $5,000",330
V4Z,"$5,000 to $9,999",180
V4Z,"$10,000 to $14,999",290
V4Z,"$15,000 to $19,999",250
V4Z,"$20,000 to $24,999",270
V4Z,"$25,000 to $29,999",230
V4Z,"$30,000 to $34,999",170
V4Z,"$35,000 to $39,999",200
V4Z,"$40,000 to $44,999",190
V4Z,"$45,000 to $49,999",210
V4Z,"$50,000 to $54,999",180
V4Z,"$55,000 to $59,999",150
V4Z,"$60,000 to $69,999",250
V4Z,"$70,000 to $79,999",200
V4Z,"$80,000 to $89,999",200
V4Z,"$90,000 to $99,999",150
V4Z,"$100,000 to $149,999",340
V4Z,"$150,000 to $249,999",110
V4Z,"$250,000 and over",50
V5A,"Under $5,000",2780
V5A,"$5,000 to $9,999",1400
V5A,"$10,000 to $14,999",1450
V5A,"$15,000 to $19,999",1410
V5A,"$20,000 to $24,999",1230
V5A,"$25,000 to $29,999",990
V5A,"$30,000 to $34,999",900
V5A,"$35,000 to $39,999",850
V5A,"$40,000 to $44,999",830
V5A,"$45,000 to $49,999",850
V5A,"$50,000 to $54,999",800
V5A,"$55,000 to $59,999",670
V5A,"$60,000 to $69,999",1190
V5A,"$70,000 to $79,999",1010
V5A,"$80,000 to $89,999",810
V5A,"$90,000 to $99,999",620
V5A,"$100,000 to $149,999",1570
V5A,"$150,000 to $249,999",700
V5A,"$250,000 and over",310
V5B,"Under $5,000",2100
V5B,"$5,000 to $9,999",1170
V5B,"$10,000 to $14,999",1550
V5B,"$15,000 to $19,999",1490
V5B,"$20,000 to $24,999",1280
V5B,"$25,000 to $29,999",970
V5B,"$30,000 to $34,999",910
V5B,"$35,000 to $39,999",880
V5B,"$40,000 to $44,999",850
V5B,"$45,000 to $49,999",820
V5B,"$50,000 to $54,999",750
V5B,"$55,000 to $59,999",690
V5B,"$60,000 to $69,999",1100
V5B,"$70,000 to $79,999",940
V5B,"$80,000 to $89,999",750
V5B,"$90,000 to $99,999",580
V5B,"$100,000 to $149,999",1330
V5B,"$150,000 to $249,999",580
V5B,"$250,000 and over",220
V5C,"Under $5,000",2490
V5C,"$5,000 to $9,999",1370
V5C,"$10,000 to $14,999",1840
V5C,"$15,000 to $19,999",2020
V5C,"$20,000 to $24,999",1820
V5C,"$25,000 to $29,999",1540
V5C,"$30,000 to $34,999",1270
V5C,"$35,000 to $39,999",1230
V5C,"$40,000 to $44,999",1270
V5C,"$45,000 to $49,999",1180
V5C,"$50,000 to $54,999",1160
V5C,"$55,000 to $59,999",1030
V5C,"$60,000 to $69,999",1870
V5C,"$70,000 to $79,999",1490
V5C,"$80,000 to $89,999",1270
V5C,"$90,000 to $99,999",990
V5C,"$100,000 to $149,999",2180
V5C,"$150,000 to $249,999",940
V5C,"$250,000 and over",370
V5E,"Under $5,000",2720
V5E,"$5,000 to $9,999",1470
V5E,"$10,000 to $14,999",2030
V5E,"$15,000 to $19,999",2090
V5E,"$20,000 to $24,999",1680
V5E,"$25,000 to $29,999",1330
V5E,"$30,000 to $34,999",1130
V5E,"$35,000 to $39,999",1160
V5E,"$40,000 to $44,999",1110
V5E,"$45,000 to $49,999",1010
V5E,"$50,000 to $54,999",930
V5E,"$55,000 to $59,999",840
V5E,"$60,000 to $69,999",1230
V5E,"$70,000 to $79,999",950
V5E,"$80,000 to $89,999",750
V5E,"$90,000 to $99,999",610
V5E,"$100,000 to $149,999",1360
V5E,"$150,000 to $249,999",540
V5E,"$250,000 and over",220
V5G,"Under $5,000",1730
V5G,"$5,000 to $9,999",970
V5G,"$10,000 to $14,999",1460
V5G,"$15,000 to $19,999",1490
V5G,"$20,000 to $24,999",1280
V5G,"$25,000 to $29,999",980
V5G,"$30,000 to $34,999",850
V5G,"$35,000 to $39,999",900
V5G,"$40,000 to $44,999",830
V5G,"$45,000 to $49,999",830
V5G,"$50,000 to $54,999",750
V5G,"$55,000 to $59,999",680
V5G,"$60,000 to $69,999",1030
V5G,"$70,000 to $79,999",780
V5G,"$80,000 to $89,999",660
V5G,"$90,000 to $99,999",540
V5G,"$100,000 to $149,999",1110
V5G,"$150,000 to $249,999",430
V5G,"$250,000 and over",150
V5H,"Under $5,000",5000
V5H,"$5,000 to $9,999",2440
V5H,"$10,000 to $14,999",3060
V5H,"$15,000 to $19,999",3150
V5H,"$20,000 to $24,999",2550
V5H,"$25,000 to $29,999",1990
V5H,"$30,000 to $34,999",1800
V5H,"$35,000 to $39,999",1690
V5H,"$40,000 to $44,999",1640
V5H,"$45,000 to $49,999",1640
V5H,"$50,000 to $54,999",1460
V5H,"$55,000 to $59,999",1180
V5H,"$60,000 to $69,999",1960
V5H,"$70,000 to $79,999",1450
V5H,"$80,000 to $89,999",1140
V5H,"$90,000 to $99,999",840
V5H,"$100,000 to $149,999",1790
V5H,"$150,000 to $249,999",580
V5H,"$250,000 and over",210
V5J,"Under $5,000",2360
V5J,"$5,000 to $9,999",1410
V5J,"$10,000 to $14,999",1660
V5J,"$15,000 to $19,999",1680
V5J,"$20,000 to $24,999",1400
V5J,"$25,000 to $29,999",1150
V5J,"$30,000 to $34,999",1000
V5J,"$35,000 to $39,999",940
V5J,"$40,000 to $44,999",1030
V5J,"$45,000 to $49,999",970
V5J,"$50,000 to $54,999",740
V5J,"$55,000 to $59,999",670
V5J,"$60,000 to $69,999",1160
V5J,"$70,000 to $79,999",860
V5J,"$80,000 to $89,999",670
V5J,"$90,000 to $99,999",510
V5J,"$100,000 to $149,999",1100
V5J,"$150,000 to $249,999",400
V5J,"$250,000 and over",170
V5K,"Under $5,000",1530
V5K,"$5,000 to $9,999",1070
V5K,"$10,000 to $14,999",1590
V5K,"$15,000 to $19,999",1850
V5K,"$20,000 to $24,999",1600
V5K,"$25,000 to $29,999",1150
V5K,"$30,000 to $34,999",1030
V5K,"$35,000 to $39,999",1010
V5K,"$40,000 to $44,999",980
V5K,"$45,000 to $49,999",870
V5K,"$50,000 to $54,999",770
V5K,"$55,000 to $59,999",710
V5K,"$60,000 to $69,999",1110
V5K,"$70,000 to $79,999",830
V5K,"$80,000 to $89,999",740
V5K,"$90,000 to $99,999",570
V5K,"$100,000 to $149,999",1290
V5K,"$150,000 to $249,999",540
V5K,"$250,000 and over",200
V5L,"Under $5,000",890
V5L,"$5,000 to $9,999",740
V5L,"$10,000 to $14,999",1320
V5L,"$15,000 to $19,999",1460
V5L,"$20,000 to $24,999",1190
V5L,"$25,000 to $29,999",870
V5L,"$30,000 to $34,999",790
V5L,"$35,000 to $39,999",720
V5L,"$40,000 to $44,999",780
V5L,"$45,000 to $49,999",780
V5L,"$50,000 to $54,999",670
V5L,"$55,000 to $59,999",600
V5L,"$60,000 to $69,999",1100
V5L,"$70,000 to $79,999",890
V5L,"$80,000 to $89,999",650
V5L,"$90,000 to $99,999",560
V5L,"$100,000 to $149,999",1150
V5L,"$150,000 to $249,999",480
V5L,"$250,000 and over",190
V5M,"Under $5,000",1930
V5M,"$5,000 to $9,999",1240
V5M,"$10,000 to $14,999",1950
V5M,"$15,000 to $19,999",2250
V5M,"$20,000 to $24,999",1710
V5M,"$25,000 to $29,999",1330
V5M,"$30,000 to $34,999",1120
V5M,"$35,000 to $39,999",1050
V5M,"$40,000 to $44,999",980
V5M,"$45,000 to $49,999",920
V5M,"$50,000 to $54,999",820
V5M,"$55,000 to $59,999",640
V5M,"$60,000 to $69,999",1090
V5M,"$70,000 to $79,999",760
V5M,"$80,000 to $89,999",560
V5M,"$90,000 to $99,999",460
V5M,"$100,000 to $149,999",850
V5M,"$150,000 to $249,999",290
V5M,"$250,000 and over",90
V5N,"Under $5,000",2330
V5N,"$5,000 to $9,999",1690
V5N,"$10,000 to $14,999",2530
V5N,"$15,000 to $19,999",2950
V5N,"$20,000 to $24,999",2350
V5N,"$25,000 to $29,999",1780
V5N,"$30,000 to $34,999",1560
V5N,"$35,000 to $39,999",1540
V5N,"$40,000 to $44,999",1440
V5N,"$45,000 to $49,999",1420
V5N,"$50,000 to $54,999",1230
V5N,"$55,000 to $59,999",1080
V5N,"$60,000 to $69,999",1750
V5N,"$70,000 to $79,999",1350
V5N,"$80,000 to $89,999",1110
V5N,"$90,000 to $99,999",840
V5N,"$100,000 to $149,999",1830
V5N,"$150,000 to $249,999",700
V5N,"$250,000 and over",270
V5P,"Under $5,000",2870
V5P,"$5,000 to $9,999",1820
V5P,"$10,000 to $14,999",2730
V5P,"$15,000 to $19,999",3220
V5P,"$20,000 to $24,999",2350
V5P,"$25,000 to $29,999",1950
V5P,"$30,000 to $34,999",1670
V5P,"$35,000 to $39,999",1540
V5P,"$40,000 to $44,999",1420
V5P,"$45,000 to $49,999",1270
V5P,"$50,000 to $54,999",1180
V5P,"$55,000 to $59,999",880
V5P,"$60,000 to $69,999",1440
V5P,"$70,000 to $79,999",1030
V5P,"$80,000 to $89,999",710
V5P,"$90,000 to $99,999",570
V5P,"$100,000 to $149,999",1090
V5P,"$150,000 to $249,999",380
V5P,"$250,000 and over",120
V5R,"Under $5,000",4390
V5R,"$5,000 to $9,999",2730
V5R,"$10,000 to $14,999",3900
V5R,"$15,000 to $19,999",4450
V5R,"$20,000 to $24,999",3230
V5R,"$25,000 to $29,999",2710
V5R,"$30,000 to $34,999",2530
V5R,"$35,000 to $39,999",2390
V5R,"$40,000 to $44,999",2260
V5R,"$45,000 to $49,999",2110
V5R,"$50,000 to $54,999",1830
V5R,"$55,000 to $59,999",1530
V5R,"$60,000 to $69,999",2330
V5R,"$70,000 to $79,999",1690
V5R,"$80,000 to $89,999",1190
V5R,"$90,000 to $99,999",920
V5R,"$100,000 to $149,999",1620
V5R,"$150,000 to $249,999",480
V5R,"$250,000 and over",120
V5S,"Under $5,000",2340
V5S,"$5,000 to $9,999",1470
V5S,"$10,000 to $14,999",1970
V5S,"$15,000 to $19,999",2310
V5S,"$20,000 to $24,999",1880
V5S,"$25,000 to $29,999",1440
V5S,"$30,000 to $34,999",1320
V5S,"$35,000 to $39,999",1310
V5S,"$40,000 to $44,999",1260
V5S,"$45,000 to $49,999",1250
V5S,"$50,000 to $54,999",1120
V5S,"$55,000 to $59,999",970
V5S,"$60,000 to $69,999",1580
V5S,"$70,000 to $79,999",1290
V5S,"$80,000 to $89,999",960
V5S,"$90,000 to $99,999",790
V5S,"$100,000 to $149,999",1580
V5S,"$150,000 to $249,999",490
V5S,"$250,000 and over",180
V5T,"Under $5,000",1100
V5T,"$5,000 to $9,999",870
V5T,"$10,000 to $14,999",1390
V5T,"$15,000 to $19,999",1430
V5T,"$20,000 to $24,999",1280
V5T,"$25,000 to $29,999",1010
V5T,"$30,000 to $34,999",910
V5T,"$35,000 to $39,999",950
V5T,"$40,000 to $44,999",1010
V5T,"$45,000 to $49,999",990
V5T,"$50,000 to $54,999",920
V5T,"$55,000 to $59,999",870
V5T,"$60,000 to $69,999",1480
V5T,"$70,000 to $79,999",1310
V5T,"$80,000 to $89,999",1060
V5T,"$90,000 to $99,999",910
V5T,"$100,000 to $149,999",1940
V5T,"$150,000 to $249,999",810
V5T,"$250,000 and over",330
V5V,"Under $5,000",1490
V5V,"$5,000 to $9,999",1040
V5V,"$10,000 to $14,999",1470
V5V,"$15,000 to $19,999",1580
V5V,"$20,000 to $24,999",1310
V5V,"$25,000 to $29,999",1080
V5V,"$30,000 to $34,999",980
V5V,"$35,000 to $39,999",960
V5V,"$40,000 to $44,999",1010
V5V,"$45,000 to $49,999",930
V5V,"$50,000 to $54,999",820
V5V,"$55,000 to $59,999",730
V5V,"$60,000 to $69,999",1220
V5V,"$70,000 to $79,999",970
V5V,"$80,000 to $89,999",840
V5V,"$90,000 to $99,999",720
V5V,"$100,000 to $149,999",1590
V5V,"$150,000 to $249,999",800
V5V,"$250,000 and over",390
V5W,"Under $5,000",1690
V5W,"$5,000 to $9,999",1090
V5W,"$10,000 to $14,999",1490
V5W,"$15,000 to $19,999",1650
V5W,"$20,000 to $24,999",1370
V5W,"$25,000 to $29,999",1100
V5W,"$30,000 to $34,999",970
V5W,"$35,000 to $39,999",970
V5W,"$40,000 to $44,999",940
V5W,"$45,000 to $49,999",840
V5W,"$50,000 to $54,999",750
V5W,"$55,000 to $59,999",590
V5W,"$60,000 to $69,999",960
V5W,"$70,000 to $79,999",720
V5W,"$80,000 to $89,999",580
V5W,"$90,000 to $99,999",470
V5W,"$100,000 to $149,999",1030
V5W,"$150,000 to $249,999",450
V5W,"$250,000 and over",170
V5X,"Under $5,000",2960
V5X,"$5,000 to $9,999",1820
V5X,"$10,000 to $14,999",2470
V5X,"$15,000 to $19,999",2800
V5X,"$20,000 to $24,999",2020
V5X,"$25,000 to $29,999",1790
V5X,"$30,000 to $34,999",1570
V5X,"$35,000 to $39,999",1480
V5X,"$40,000 to $44,999",1380
V5X,"$45,000 to $49,999",1230
V5X,"$50,000 to $54,999",1100
V5X,"$55,000 to $59,999",880
V5X,"$60,000 to $69,999",1350
V5X,"$70,000 to $79,999",900
V5X,"$80,000 to $89,999",760
V5X,"$90,000 to $99,999",520
V5X,"$100,000 to $149,999",1020
V5X,"$150,000 to $249,999",380
V5X,"$250,000 and over",120
V5Y,"Under $5,000",1210
V5Y,"$5,000 to $9,999",720
V5Y,"$10,000 to $14,999",870
V5Y,"$15,000 to $19,999",900
V5Y,"$20,000 to $24,999",820
V5Y,"$25,000 to $29,999",670
V5Y,"$30,000 to $34,999",550
V5Y,"$35,000 to $39,999",540
V5Y,"$40,000 to $44,999",550
V5Y,"$45,000 to $49,999",590
V5Y,"$50,000 to $54,999",510
V5Y,"$55,000 to $59,999",520
V5Y,"$60,000 to $69,999",990
V5Y,"$70,000 to $79,999",910
V5Y,"$80,000 to $89,999",840
V5Y,"$90,000 to $99,999",650
V5Y,"$100,000 to $149,999",1730
V5Y,"$150,000 to $249,999",1070
V5Y,"$250,000 and over",600
V5Z,"Under $5,000",1770
V5Z,"$5,000 to $9,999",930
V5Z,"$10,000 to $14,999",1160
V5Z,"$15,000 to $19,999",1310
V5Z,"$20,000 to $24,999",1100
V5Z,"$25,000 to $29,999",870
V5Z,"$30,000 to $34,999",760
V5Z,"$35,000 to $39,999",770
V5Z,"$40,000 to $44,999",850
V5Z,"$45,000 to $49,999",770
V5Z,"$50,000 to $54,999",790
V5Z,"$55,000 to $59,999",790
V5Z,"$60,000 to $69,999",1280
V5Z,"$70,000 to $79,999",1220
V5Z,"$80,000 to $89,999",1030
V5Z,"$90,000 to $99,999",820
V5Z,"$100,000 to $149,999",2120
V5Z,"$150,000 to $249,999",1250
V5Z,"$250,000 and over",740
V6A,"Under $5,000",1140
V6A,"$5,000 to $9,999",1210
V6A,"$10,000 to $14,999",3030
V6A,"$15,000 to $19,999",3050
V6A,"$20,000 to $24,999",1800
V6A,"$25,000 to $29,999",830
V6A,"$30,000 to $34,999",670
V6A,"$35,000 to $39,999",560
V6A,"$40,000 to $44,999",570
V6A,"$45,000 to $49,999",500
V6A,"$50,000 to $54,999",420
V6A,"$55,000 to $59,999",380
V6A,"$60,000 to $69,999",680
V6A,"$70,000 to $79,999",570
V6A,"$80,000 to $89,999",520
V6A,"$90,000 to $99,999",470
V6A,"$100,000 to $149,999",1100
V6A,"$150,000 to $249,999",530
V6A,"$250,000 and over",290
V6B,"Under $5,000",2750
V6B,"$5,000 to $9,999",1920
V6B,"$10,000 to $14,999",2430
V6B,"$15,000 to $19,999",1960
V6B,"$20,000 to $24,999",1500
V6B,"$25,000 to $29,999",1140
V6B,"$30,000 to $34,999",970
V6B,"$35,000 to $39,999",980
V6B,"$40,000 to $44,999",930
V6B,"$45,000 to $49,999",990
V6B,"$50,000 to $54,999",920
V6B,"$55,000 to $59,999",860
V6B,"$60,000 to $69,999",1730
V6B,"$70,000 to $79,999",1520
V6B,"$80,000 to $89,999",1360
V6B,"$90,000 to $99,999",1170
V6B,"$100,000 to $149,999",3480
V6B,"$150,000 to $249,999",1990
V6B,"$250,000 and over",970
V6C,"Under $5,000",690
V6C,"$5,000 to $9,999",320
V6C,"$10,000 to $14,999",550
V6C,"$15,000 to $19,999",1130
V6C,"$20,000 to $24,999",720
V6C,"$25,000 to $29,999",370
V6C,"$30,000 to $34,999",250
V6C,"$35,000 to $39,999",220
V6C,"$40,000 to $44,999",190
V6C,"$45,000 to $49,999",180
V6C,"$50,000 to $54,999",140
V6C,"$55,000 to $59,999",100
V6C,"$60,000 to $69,999",200
V6C,"$70,000 to $79,999",190
V6C,"$80,000 to $89,999",180
V6C,"$90,000 to $99,999",140
V6C,"$100,000 to $149,999",430
V6C,"$150,000 to $249,999",370
V6C,"$250,000 and over",590
V6E,"Under $5,000",2120
V6E,"$5,000 to $9,999",1180
V6E,"$10,000 to $14,999",1560
V6E,"$15,000 to $19,999",1720
V6E,"$20,000 to $24,999",1690
V6E,"$25,000 to $29,999",1240
V6E,"$30,000 to $34,999",1170
V6E,"$35,000 to $39,999",1060
V6E,"$40,000 to $44,999",1120
V6E,"$45,000 to $49,999",1190
V6E,"$50,000 to $54,999",1070
V6E,"$55,000 to $59,999",1010
V6E,"$60,000 to $69,999",1730
V6E,"$70,000 to $79,999",1460
V6E,"$80,000 to $89,999",1170
V6E,"$90,000 to $99,999",980
V6E,"$100,000 to $149,999",2220
V6E,"$150,000 to $249,999",1180
V6E,"$250,000 and over",730
V6G,"Under $5,000",1720
V6G,"$5,000 to $9,999",1020
V6G,"$10,000 to $14,999",1450
V6G,"$15,000 to $19,999",1600
V6G,"$20,000 to $24,999",1620
V6G,"$25,000 to $29,999",1230
V6G,"$30,000 to $34,999",1160
V6G,"$35,000 to $39,999",1090
V6G,"$40,000 to $44,999",1120
V6G,"$45,000 to $49,999",1170
V6G,"$50,000 to $54,999",1070
V6G,"$55,000 to $59,999",940
V6G,"$60,000 to $69,999",1680
V6G,"$70,000 to $79,999",1310
V6G,"$80,000 to $89,999",1120
V6G,"$90,000 to $99,999",820
V6G,"$100,000 to $149,999",2020
V6G,"$150,000 to $249,999",970
V6G,"$250,000 and over",480
V6H,"Under $5,000",1170
V6H,"$5,000 to $9,999",670
V6H,"$10,000 to $14,999",790
V6H,"$15,000 to $19,999",810
V6H,"$20,000 to $24,999",900
V6H,"$25,000 to $29,999",780
V6H,"$30,000 to $34,999",700
V6H,"$35,000 to $39,999",680
V6H,"$40,000 to $44,999",760
V6H,"$45,000 to $49,999",830
V6H,"$50,000 to $54,999",770
V6H,"$55,000 to $59,999",670
V6H,"$60,000 to $69,999",1250
V6H,"$70,000 to $79,999",1200
V6H,"$80,000 to $89,999",1020
V6H,"$90,000 to $99,999",790
V6H,"$100,000 to $149,999",1970
V6H,"$150,000 to $249,999",1260
V6H,"$250,000 and over",930
V6J,"Under $5,000",1410
V6J,"$5,000 to $9,999",830
V6J,"$10,000 to $14,999",990
V6J,"$15,000 to $19,999",1070
V6J,"$20,000 to $24,999",990
V6J,"$25,000 to $29,999",820
V6J,"$30,000 to $34,999",710
V6J,"$35,000 to $39,999",770
V6J,"$40,000 to $44,999",810
V6J,"$45,000 to $49,999",770
V6J,"$50,000 to $54,999",740
V6J,"$55,000 to $59,999",800
V6J,"$60,000 to $69,999",1390
V6J,"$70,000 to $79,999",1260
V6J,"$80,000 to $89,999",1050
V6J,"$90,000 to $99,999",850
V6J,"$100,000 to $149,999",2300
V6J,"$150,000 to $249,999",1220
V6J,"$250,000 and over",850
V6K,"Under $5,000",1590
V6K,"$5,000 to $9,999",900
V6K,"$10,000 to $14,999",1010
V6K,"$15,000 to $19,999",1150
V6K,"$20,000 to $24,999",1110
V6K,"$25,000 to $29,999",950
V6K,"$30,000 to $34,999",890
V6K,"$35,000 to $39,999",830
V6K,"$40,000 to $44,999",890
V6K,"$45,000 to $49,999",890
V6K,"$50,000 to $54,999",830
V6K,"$55,000 to $59,999",830
V6K,"$60,000 to $69,999",1490
V6K,"$70,000 to $79,999",1320
V6K,"$80,000 to $89,999",1160
V6K,"$90,000 to $99,999",910
V6K,"$100,000 to $149,999",2360
V6K,"$150,000 to $249,999",1370
V6K,"$250,000 and over",770
V6L,"Under $5,000",1080
V6L,"$5,000 to $9,999",540
V6L,"$10,000 to $14,999",560
V6L,"$15,000 to $19,999",550
V6L,"$20,000 to $24,999",490
V6L,"$25,000 to $29,999",370
V6L,"$30,000 to $34,999",300
V6L,"$35,000 to $39,999",300
V6L,"$40,000 to $44,999",290
V6L,"$45,000 to $49,999",260
V6L,"$50,000 to $54,999",270
V6L,"$55,000 to $59,999",230
V6L,"$60,000 to $69,999",380
V6L,"$70,000 to $79,999",380
V6L,"$80,000 to $89,999",300
V6L,"$90,000 to $99,999",250
V6L,"$100,000 to $149,999",790
V6L,"$150,000 to $249,999",560
V6L,"$250,000 and over",490
V6M,"Under $5,000",1770
V6M,"$5,000 to $9,999",870
V6M,"$10,000 to $14,999",940
V6M,"$15,000 to $19,999",880
V6M,"$20,000 to $24,999",870
V6M,"$25,000 to $29,999",640
V6M,"$30,000 to $34,999",560
V6M,"$35,000 to $39,999",540
V6M,"$40,000 to $44,999",520
V6M,"$45,000 to $49,999",550
V6M,"$50,000 to $54,999",460
V6M,"$55,000 to $59,999",420
V6M,"$60,000 to $69,999",700
V6M,"$70,000 to $79,999",570
V6M,"$80,000 to $89,999",520
V6M,"$90,000 to $99,999",460
V6M,"$100,000 to $149,999",1150
V6M,"$150,000 to $249,999",830
V6M,"$250,000 and over",660
V6N,"Under $5,000",1630
V6N,"$5,000 to $9,999",720
V6N,"$10,000 to $14,999",720
V6N,"$15,000 to $19,999",630
V6N,"$20,000 to $24,999",560
V6N,"$25,000 to $29,999",420
V6N,"$30,000 to $34,999",420
V6N,"$35,000 to $39,999",340
V6N,"$40,000 to $44,999",330
V6N,"$45,000 to $49,999",330
V6N,"$50,000 to $54,999",310
V6N,"$55,000 to $59,999",290
V6N,"$60,000 to $69,999",550
V6N,"$70,000 to $79,999",470
V6N,"$80,000 to $89,999",400
V6N,"$90,000 to $99,999",330
V6N,"$100,000 to $149,999",1010
V6N,"$150,000 to $249,999",840
V6N,"$250,000 and over",860
V6P,"Under $5,000",3340
V6P,"$5,000 to $9,999",1780
V6P,"$10,000 to $14,999",2060
V6P,"$15,000 to $19,999",2160
V6P,"$20,000 to $24,999",1830
V6P,"$25,000 to $29,999",1470
V6P,"$30,000 to $34,999",1320
V6P,"$35,000 to $39,999",1280
V6P,"$40,000 to $44,999",1170
V6P,"$45,000 to $49,999",1110
V6P,"$50,000 to $54,999",1040
V6P,"$55,000 to $59,999",830
V6P,"$60,000 to $69,999",1400
V6P,"$70,000 to $79,999",1150
V6P,"$80,000 to $89,999",910
V6P,"$90,000 to $99,999",700
V6P,"$100,000 to $149,999",1650
V6P,"$150,000 to $249,999",920
V6P,"$250,000 and over",630
V6R,"Under $5,000",1750
V6R,"$5,000 to $9,999",880
V6R,"$10,000 to $14,999",940
V6R,"$15,000 to $19,999",880
V6R,"$20,000 to $24,999",800
V6R,"$25,000 to $29,999",670
V6R,"$30,000 to $34,999",550
V6R,"$35,000 to $39,999",510
V6R,"$40,000 to $44,999",520
V6R,"$45,000 to $49,999",540
V6R,"$50,000 to $54,999",500
V6R,"$55,000 to $59,999",420
V6R,"$60,000 to $69,999",820
V6R,"$70,000 to $79,999",770
V6R,"$80,000 to $89,999",640
V6R,"$90,000 to $99,999",500
V6R,"$100,000 to $149,999",1450
V6R,"$150,000 to $249,999",1050
V6R,"$250,000 and over",1020
V6S,"Under $5,000",1860
V6S,"$5,000 to $9,999",830
V6S,"$10,000 to $14,999",710
V6S,"$15,000 to $19,999",640
V6S,"$20,000 to $24,999",520
V6S,"$25,000 to $29,999",430
V6S,"$30,000 to $34,999",350
V6S,"$35,000 to $39,999",310
V6S,"$40,000 to $44,999",310
V6S,"$45,000 to $49,999",320
V6S,"$50,000 to $54,999",310
V6S,"$55,000 to $59,999",290
V6S,"$60,000 to $69,999",460
V6S,"$70,000 to $79,999",420
V6S,"$80,000 to $89,999",390
V6S,"$90,000 to $99,999",320
V6S,"$100,000 to $149,999",940
V6S,"$150,000 to $249,999",690
V6S,"$250,000 and over",510
V6T,"Under $5,000",3700
V6T,"$5,000 to $9,999",1100
V6T,"$10,000 to $14,999",830
V6T,"$15,000 to $19,999",610
V6T,"$20,000 to $24,999",460
V6T,"$25,000 to $29,999",360
V6T,"$30,000 to $34,999",310
V6T,"$35,000 to $39,999",290
V6T,"$40,000 to $44,999",270
V6T,"$45,000 to $49,999",270
V6T,"$50,000 to $54,999",200
V6T,"$55,000 to $59,999",180
V6T,"$60,000 to $69,999",330
V6T,"$70,000 to $79,999",300
V6T,"$80,000 to $89,999",220
V6T,"$90,000 to $99,999",200
V6T,"$100,000 to $149,999",610
V6T,"$150,000 to $249,999",430
V6T,"$250,000 and over",300
V6V,"Under $5,000",1060
V6V,"$5,000 to $9,999",650
V6V,"$10,000 to $14,999",840
V6V,"$15,000 to $19,999",900
V6V,"$20,000 to $24,999",620
V6V,"$25,000 to $29,999",540
V6V,"$30,000 to $34,999",470
V6V,"$35,000 to $39,999",520
V6V,"$40,000 to $44,999",500
V6V,"$45,000 to $49,999",480
V6V,"$50,000 to $54,999",430
V6V,"$55,000 to $59,999",380
V6V,"$60,000 to $69,999",600
V6V,"$70,000 to $79,999",490
V6V,"$80,000 to $89,999",370
V6V,"$90,000 to $99,999",280
V6V,"$100,000 to $149,999",560
V6V,"$150,000 to $249,999",210
V6V,"$250,000 and over",70
V6W,"Under $5,000",190
V6W,"$5,000 to $9,999",90
V6W,"$10,000 to $14,999",120
V6W,"$15,000 to $19,999",120
V6W,"$20,000 to $24,999",120
V6W,"$25,000 to $29,999",110
V6W,"$30,000 to $34,999",90
V6W,"$35,000 to $39,999",100
V6W,"$40,000 to $44,999",100
V6W,"$45,000 to $49,999",110
V6W,"$50,000 to $54,999",70
V6W,"$55,000 to $59,999",80
V6W,"$60,000 to $69,999",120
V6W,"$70,000 to $79,999",100
V6W,"$80,000 to $89,999",90
V6W,"$90,000 to $99,999",70
V6W,"$100,000 to $149,999",100
V6W,"$150,000 to $249,999",40
V6W,"$250,000 and over",20
V6X,"Under $5,000",5130
V6X,"$5,000 to $9,999",2520
V6X,"$10,000 to $14,999",3290
V6X,"$15,000 to $19,999",3460
V6X,"$20,000 to $24,999",2350
V6X,"$25,000 to $29,999",2020
V6X,"$30,000 to $34,999",1860
V6X,"$35,000 to $39,999",1700
V6X,"$40,000 to $44,999",1600
V6X,"$45,000 to $49,999",1490
V6X,"$50,000 to $54,999",1270
V6X,"$55,000 to $59,999",1160
V6X,"$60,000 to $69,999",1740
V6X,"$70,000 to $79,999",1350
V6X,"$80,000 to $89,999",1010
V6X,"$90,000 to $99,999",730
V6X,"$100,000 to $149,999",1460
V6X,"$150,000 to $249,999",540
V6X,"$250,000 and over",210
V6Y,"Under $5,000",5970
V6Y,"$5,000 to $9,999",3290
V6Y,"$10,000 to $14,999",4030
V6Y,"$15,000 to $19,999",4410
V6Y,"$20,000 to $24,999",3100
V6Y,"$25,000 to $29,999",2440
V6Y,"$30,000 to $34,999",2150
V6Y,"$35,000 to $39,999",2000
V6Y,"$40,000 to $44,999",1980
V6Y,"$45,000 to $49,999",1840
V6Y,"$50,000 to $54,999",1640
V6Y,"$55,000 to $59,999",1370
V6Y,"$60,000 to $69,999",2140
V6Y,"$70,000 to $79,999",1570
V6Y,"$80,000 to $89,999",1170
V6Y,"$90,000 to $99,999",930
V6Y,"$100,000 to $149,999",1770
V6Y,"$150,000 to $249,999",640
V6Y,"$250,000 and over",210
V6Z,"Under $5,000",1550
V6Z,"$5,000 to $9,999",800
V6Z,"$10,000 to $14,999",1120
V6Z,"$15,000 to $19,999",1010
V6Z,"$20,000 to $24,999",850
V6Z,"$25,000 to $29,999",660
V6Z,"$30,000 to $34,999",590
V6Z,"$35,000 to $39,999",560
V6Z,"$40,000 to $44,999",550
V6Z,"$45,000 to $49,999",610
V6Z,"$50,000 to $54,999",510
V6Z,"$55,000 to $59,999",530
V6Z,"$60,000 to $69,999",920
V6Z,"$70,000 to $79,999",880
V6Z,"$80,000 to $89,999",820
V6Z,"$90,000 to $99,999",660
V6Z,"$100,000 to $149,999",1880
V6Z,"$150,000 to $249,999",1130
V6Z,"$250,000 and over",690
V7A,"Under $5,000",2660
V7A,"$5,000 to $9,999",1610
V7A,"$10,000 to $14,999",2040
V7A,"$15,000 to $19,999",2030
V7A,"$20,000 to $24,999",1590
V7A,"$25,000 to $29,999",1350
V7A,"$30,000 to $34,999",1230
V7A,"$35,000 to $39,999",1150
V7A,"$40,000 to $44,999",1190
V7A,"$45,000 to $49,999",1000
V7A,"$50,000 to $54,999",880
V7A,"$55,000 to $59,999",770
V7A,"$60,000 to $69,999",1290
V7A,"$70,000 to $79,999",950
V7A,"$80,000 to $89,999",770
V7A,"$90,000 to $99,999",500
V7A,"$100,000 to $149,999",1130
V7A,"$150,000 to $249,999",430
V7A,"$250,000 and over",180
V7B,"Under $5,000",50
V7B,"$5,000 to $9,999",40
V7B,"$10,000 to $14,999",40
V7B,"$15,000 to $19,999",40
V7B,"$20,000 to $24,999",40
V7B,"$25,000 to $29,999",30
V7B,"$30,000 to $34,999",30
V7B,"$35,000 to $39,999",30
V7B,"$40,000 to $44,999",40
V7B,"$45,000 to $49,999",30
V7B,"$50,000 to $54,999",30
V7B,"$55,000 to $59,999",30
V7B,"$60,000 to $69,999",50
V7B,"$70,000 to $79,999",40
V7B,"$80,000 to $89,999",40
V7B,"$90,000 to $99,999",30
V7B,"$100,000 to $149,999",80
V7B,"$150,000 to $249,999",30
V7B,"$250,000 and over",10
V7C,"Under $5,000",4750
V7C,"$5,000 to $9,999",2450
V7C,"$10,000 to $14,999",3150
V7C,"$15,000 to $19,999",3120
V7C,"$20,000 to $24,999",2310
V7C,"$25,000 to $29,999",1800
V7C,"$30,000 to $34,999",1640
V7C,"$35,000 to $39,999",1560
V7C,"$40,000 to $44,999",1480
V7C,"$45,000 to $49,999",1350
V7C,"$50,000 to $54,999",1280
V7C,"$55,000 to $59,999",1070
V7C,"$60,000 to $69,999",1790
V7C,"$70,000 to $79,999",1440
V7C,"$80,000 to $89,999",1050
V7C,"$90,000 to $99,999",800
V7C,"$100,000 to $149,999",1900
V7C,"$150,000 to $249,999",840
V7C,"$250,000 and over",390
V7E,"Under $5,000",3270
V7E,"$5,000 to $9,999",1910
V7E,"$10,000 to $14,999",2310
V7E,"$15,000 to $19,999",2320
V7E,"$20,000 to $24,999",1990
V7E,"$25,000 to $29,999",1630
V7E,"$30,000 to $34,999",1420
V7E,"$35,000 to $39,999",1370
V7E,"$40,000 to $44,999",1440
V7E,"$45,000 to $49,999",1430
V7E,"$50,000 to $54,999",1260
V7E,"$55,000 to $59,999",1100
V7E,"$60,000 to $69,999",1940
V7E,"$70,000 to $79,999",1610
V7E,"$80,000 to $89,999",1380
V7E,"$90,000 to $99,999",1120
V7E,"$100,000 to $149,999",2490
V7E,"$150,000 to $249,999",1080
V7E,"$250,000 and over",480
V7G,"Under $5,000",640
V7G,"$5,000 to $9,999",460
V7G,"$10,000 to $14,999",530
V7G,"$15,000 to $19,999",440
V7G,"$20,000 to $24,999",490
V7G,"$25,000 to $29,999",370
V7G,"$30,000 to $34,999",390
V7G,"$35,000 to $39,999",420
V7G,"$40,000 to $44,999",430
V7G,"$45,000 to $49,999",420
V7G,"$50,000 to $54,999",390
V7G,"$55,000 to $59,999",350
V7G,"$60,000 to $69,999",600
V7G,"$70,000 to $79,999",570
V7G,"$80,000 to $89,999",520
V7G,"$90,000 to $99,999",440
V7G,"$100,000 to $149,999",1200
V7G,"$150,000 to $249,999",750
V7G,"$250,000 and over",480
V7H,"Under $5,000",810
V7H,"$5,000 to $9,999",470
V7H,"$10,000 to $14,999",550
V7H,"$15,000 to $19,999",550
V7H,"$20,000 to $24,999",540
V7H,"$25,000 to $29,999",460
V7H,"$30,000 to $34,999",410
V7H,"$35,000 to $39,999",420
V7H,"$40,000 to $44,999",440
V7H,"$45,000 to $49,999",470
V7H,"$50,000 to $54,999",430
V7H,"$55,000 to $59,999",360
V7H,"$60,000 to $69,999",620
V7H,"$70,000 to $79,999",580
V7H,"$80,000 to $89,999",520
V7H,"$90,000 to $99,999",430
V7H,"$100,000 to $149,999",1090
V7H,"$150,000 to $249,999",650
V7H,"$250,000 and over",310
V7J,"Under $5,000",1020
V7J,"$5,000 to $9,999",660
V7J,"$10,000 to $14,999",810
V7J,"$15,000 to $19,999",810
V7J,"$20,000 to $24,999",820
V7J,"$25,000 to $29,999",690
V7J,"$30,000 to $34,999",600
V7J,"$35,000 to $39,999",590
V7J,"$40,000 to $44,999",640
V7J,"$45,000 to $49,999",580
V7J,"$50,000 to $54,999",580
V7J,"$55,000 to $59,999",500
V7J,"$60,000 to $69,999",910
V7J,"$70,000 to $79,999",740
V7J,"$80,000 to $89,999",650
V7J,"$90,000 to $99,999",520
V7J,"$100,000 to $149,999",1260
V7J,"$150,000 to $249,999",640
V7J,"$250,000 and over",260
V7K,"Under $5,000",750
V7K,"$5,000 to $9,999",510
V7K,"$10,000 to $14,999",540
V7K,"$15,000 to $19,999",550
V7K,"$20,000 to $24,999",530
V7K,"$25,000 to $29,999",430
V7K,"$30,000 to $34,999",420
V7K,"$35,000 to $39,999",420
V7K,"$40,000 to $44,999",400
V7K,"$45,000 to $49,999",450
V7K,"$50,000 to $54,999",390
V7K,"$55,000 to $59,999",320
V7K,"$60,000 to $69,999",630
V7K,"$70,000 to $79,999",580
V7K,"$80,000 to $89,999",480
V7K,"$90,000 to $99,999",430
V7K,"$100,000 to $149,999",1160
V7K,"$150,000 to $249,999",680
V7K,"$250,000 and over",400
V7L,"Under $5,000",1770
V7L,"$5,000 to $9,999",1070
V7L,"$10,000 to $14,999",1310
V7L,"$15,000 to $19,999",1470
V7L,"$20,000 to $24,999",1430
V7L,"$25,000 to $29,999",1180
V7L,"$30,000 to $34,999",1100
V7L,"$35,000 to $39,999",1030
V7L,"$40,000 to $44,999",1100
V7L,"$45,000 to $49,999",1060
V7L,"$50,000 to $54,999",1000
V7L,"$55,000 to $59,999",890
V7L,"$60,000 to $69,999",1460
V7L,"$70,000 to $79,999",1170
V7L,"$80,000 to $89,999",990
V7L,"$90,000 to $99,999",770
V7L,"$100,000 to $149,999",1970
V7L,"$150,000 to $249,999",980
V7L,"$250,000 and over",530
V7M,"Under $5,000",1660
V7M,"$5,000 to $9,999",960
V7M,"$10,000 to $14,999",1260
V7M,"$15,000 to $19,999",1290
V7M,"$20,000 to $24,999",1250
V7M,"$25,000 to $29,999",940
V7M,"$30,000 to $34,999",900
V7M,"$35,000 to $39,999",860
V7M,"$40,000 to $44,999",940
V7M,"$45,000 to $49,999",910
V7M,"$50,000 to $54,999",850
V7M,"$55,000 to $59,999",780
V7M,"$60,000 to $69,999",1330
V7M,"$70,000 to $79,999",1060
V7M,"$80,000 to $89,999",910
V7M,"$90,000 to $99,999",750
V7M,"$100,000 to $149,999",1680
V7M,"$150,000 to $249,999",770
V7M,"$250,000 and over",320
V7N,"Under $5,000",1090
V7N,"$5,000 to $9,999",710
V7N,"$10,000 to $14,999",800
V7N,"$15,000 to $19,999",720
V7N,"$20,000 to $24,999",710
V7N,"$25,000 to $29,999",610
V7N,"$30,000 to $34,999",540
V7N,"$35,000 to $39,999",500
V7N,"$40,000 to $44,999",540
V7N,"$45,000 to $49,999",510
V7N,"$50,000 to $54,999",490
V7N,"$55,000 to $59,999",400
V7N,"$60,000 to $69,999",750
V7N,"$70,000 to $79,999",620
V7N,"$80,000 to $89,999",520
V7N,"$90,000 to $99,999",440
V7N,"$100,000 to $149,999",1190
V7N,"$150,000 to $249,999",780
V7N,"$250,000 and over",500
V7P,"Under $5,000",1400
V7P,"$5,000 to $9,999",740
V7P,"$10,000 to $14,999",830
V7P,"$15,000 to $19,999",950
V7P,"$20,000 to $24,999",780
V7P,"$25,000 to $29,999",570
V7P,"$30,000 to $34,999",520
V7P,"$35,000 to $39,999",510
V7P,"$40,000 to $44,999",480
V7P,"$45,000 to $49,999",470
V7P,"$50,000 to $54,999",420
V7P,"$55,000 to $59,999",370
V7P,"$60,000 to $69,999",600
V7P,"$70,000 to $79,999",510
V7P,"$80,000 to $89,999",430
V7P,"$90,000 to $99,999",330
V7P,"$100,000 to $149,999",810
V7P,"$150,000 to $249,999",410
V7P,"$250,000 and over",210
V7R,"Under $5,000",1290
V7R,"$5,000 to $9,999",770
V7R,"$10,000 to $14,999",760
V7R,"$15,000 to $19,999",670
V7R,"$20,000 to $24,999",600
V7R,"$25,000 to $29,999",470
V7R,"$30,000 to $34,999",440
V7R,"$35,000 to $39,999",460
V7R,"$40,000 to $44,999",410
V7R,"$45,000 to $49,999",420
V7R,"$50,000 to $54,999",430
V7R,"$55,000 to $59,999",390
V7R,"$60,000 to $69,999",630
V7R,"$70,000 to $79,999",580
V7R,"$80,000 to $89,999",480
V7R,"$90,000 to $99,999",460
V7R,"$100,000 to $149,999",1280
V7R,"$150,000 to $249,999",990
V7R,"$250,000 and over",850
V7S,"Under $5,000",1170
V7S,"$5,000 to $9,999",620
V7S,"$10,000 to $14,999",570
V7S,"$15,000 to $19,999",540
V7S,"$20,000 to $24,999",490
V7S,"$25,000 to $29,999",380
V7S,"$30,000 to $34,999",330
V7S,"$35,000 to $39,999",330
V7S,"$40,000 to $44,999",280
V7S,"$45,000 to $49,999",280
V7S,"$50,000 to $54,999",230
V7S,"$55,000 to $59,999",190
V7S,"$60,000 to $69,999",400
V7S,"$70,000 to $79,999",350
V7S,"$80,000 to $89,999",290
V7S,"$90,000 to $99,999",260
V7S,"$100,000 to $149,999",760
V7S,"$150,000 to $249,999",630
V7S,"$250,000 and over",540
V7T,"Under $5,000",1000
V7T,"$5,000 to $9,999",560
V7T,"$10,000 to $14,999",600
V7T,"$15,000 to $19,999",530
V7T,"$20,000 to $24,999",580
V7T,"$25,000 to $29,999",370
V7T,"$30,000 to $34,999",350
V7T,"$35,000 to $39,999",320
V7T,"$40,000 to $44,999",290
V7T,"$45,000 to $49,999",320
V7T,"$50,000 to $54,999",260
V7T,"$55,000 to $59,999",230
V7T,"$60,000 to $69,999",410
V7T,"$70,000 to $79,999",330
V7T,"$80,000 to $89,999",310
V7T,"$90,000 to $99,999",250
V7T,"$100,000 to $149,999",650
V7T,"$150,000 to $249,999",440
V7T,"$250,000 and over",400
V7V,"Under $5,000",1220
V7V,"$5,000 to $9,999",640
V7V,"$10,000 to $14,999",710
V7V,"$15,000 to $19,999",720
V7V,"$20,000 to $24,999",820
V7V,"$25,000 to $29,999",610
V7V,"$30,000 to $34,999",460
V7V,"$35,000 to $39,999",440
V7V,"$40,000 to $44,999",470
V7V,"$45,000 to $49,999",500
V7V,"$50,000 to $54,999",380
V7V,"$55,000 to $59,999",380
V7V,"$60,000 to $69,999",670
V7V,"$70,000 to $79,999",630
V7V,"$80,000 to $89,999",540
V7V,"$90,000 to $99,999",400
V7V,"$100,000 to $149,999",1150
V7V,"$150,000 to $249,999",940
V7V,"$250,000 and over",1060
V7W,"Under $5,000",650
V7W,"$5,000 to $9,999",370
V7W,"$10,000 to $14,999",370
V7W,"$15,000 to $19,999",340
V7W,"$20,000 to $24,999",320
V7W,"$25,000 to $29,999",260
V7W,"$30,000 to $34,999",230
V7W,"$35,000 to $39,999",200
V7W,"$40,000 to $44,999",210
V7W,"$45,000 to $49,999",240
V7W,"$50,000 to $54,999",210
V7W,"$55,000 to $59,999",170
V7W,"$60,000 to $69,999",350
V7W,"$70,000 to $79,999",330
V7W,"$80,000 to $89,999",270
V7W,"$90,000 to $99,999",260
V7W,"$100,000 to $149,999",730
V7W,"$150,000 to $249,999",690
V7W,"$250,000 and over",710
V7X,"Under $5,000",20
V7X,"$5,000 to $9,999",10
V7X,"$10,000 to $14,999",10
V7X,"$15,000 to $19,999",20
V7X,"$20,000 to $24,999",30
V7X,"$25,000 to $29,999",20
V7X,"$30,000 to $34,999",10
V7X,"$35,000 to $39,999",20
V7X,"$40,000 to $44,999",10
V7X,"$45,000 to $49,999",10
V7X,"$50,000 to $54,999",10
V7X,"$55,000 to $59,999",10
V7X,"$60,000 to $69,999",20
V7X,"$70,000 to $79,999",10
V7X,"$80,000 to $89,999",20
V7X,"$90,000 to $99,999",20
V7X,"$100,000 to $149,999",50
V7X,"$150,000 to $249,999",40
V7X,"$250,000 and over",80
V7Y,"Under $5,000",20
V7Y,"$5,000 to $9,999",10
V7Y,"$10,000 to $14,999",10
V7Y,"$15,000 to $19,999",10
V7Y,"$20,000 to $24,999",10
V7Y,"$25,000 to $29,999",10
V7Y,"$30,000 to $34,999",10
V7Y,"$35,000 to $39,999",10
V7Y,"$40,000 to $44,999",10
V7Y,"$45,000 to $49,999",20
V7Y,"$50,000 to $54,999",10
V7Y,"$55,000 to $59,999",10
V7Y,"$60,000 to $69,999",20
V7Y,"$70,000 to $79,999",20
V7Y,"$80,000 to $89,999",20
V7Y,"$90,000 to $99,999",20
V7Y,"$100,000 to $149,999",80
V7Y,"$150,000 to $249,999",50
V7Y,"$250,000 and over",80
V8A,"Under $5,000",910
V8A,"$5,000 to $9,999",730
V8A,"$10,000 to $14,999",1310
V8A,"$15,000 to $19,999",1430
V8A,"$20,000 to $24,999",1600
V8A,"$25,000 to $29,999",1280
V8A,"$30,000 to $34,999",1030
V8A,"$35,000 to $39,999",1050
V8A,"$40,000 to $44,999",980
V8A,"$45,000 to $49,999",860
V8A,"$50,000 to $54,999",660
V8A,"$55,000 to $59,999",630
V8A,"$60,000 to $69,999",890
V8A,"$70,000 to $79,999",660
V8A,"$80,000 to $89,999",490
V8A,"$90,000 to $99,999",370
V8A,"$100,000 to $149,999",730
V8A,"$150,000 to $249,999",220
V8A,"$250,000 and over",70
V8B,"Under $5,000",660
V8B,"$5,000 to $9,999",460
V8B,"$10,000 to $14,999",630
V8B,"$15,000 to $19,999",630
V8B,"$20,000 to $24,999",670
V8B,"$25,000 to $29,999",580
V8B,"$30,000 to $34,999",540
V8B,"$35,000 to $39,999",610
V8B,"$40,000 to $44,999",520
V8B,"$45,000 to $49,999",540
V8B,"$50,000 to $54,999",510
V8B,"$55,000 to $59,999",440
V8B,"$60,000 to $69,999",770
V8B,"$70,000 to $79,999",610
V8B,"$80,000 to $89,999",540
V8B,"$90,000 to $99,999",410
V8B,"$100,000 to $149,999",980
V8B,"$150,000 to $249,999",370
V8B,"$250,000 and over",140
V8C,"Under $5,000",420
V8C,"$5,000 to $9,999",250
V8C,"$10,000 to $14,999",330
V8C,"$15,000 to $19,999",320
V8C,"$20,000 to $24,999",350
V8C,"$25,000 to $29,999",330
V8C,"$30,000 to $34,999",270
V8C,"$35,000 to $39,999",290
V8C,"$40,000 to $44,999",320
V8C,"$45,000 to $49,999",320
V8C,"$50,000 to $54,999",300
V8C,"$55,000 to $59,999",260
V8C,"$60,000 to $69,999",430
V8C,"$70,000 to $79,999",320
V8C,"$80,000 to $89,999",280
V8C,"$90,000 to $99,999",270
V8C,"$100,000 to $149,999",820
V8C,"$150,000 to $249,999",330
V8C,"$250,000 and over",70
V8E,"Under $5,000",1080
V8E,"$5,000 to $9,999",650
V8E,"$10,000 to $14,999",740
V8E,"$15,000 to $19,999",790
V8E,"$20,000 to $24,999",840
V8E,"$25,000 to $29,999",740
V8E,"$30,000 to $34,999",720
V8E,"$35,000 to $39,999",640
V8E,"$40,000 to $44,999",700
V8E,"$45,000 to $49,999",590
V8E,"$50,000 to $54,999",570
V8E,"$55,000 to $59,999",420
V8E,"$60,000 to $69,999",670
V8E,"$70,000 to $79,999",490
V8E,"$80,000 to $89,999",330
V8E,"$90,000 to $99,999",250
V8E,"$100,000 to $149,999",650
V8E,"$150,000 to $249,999",320
V8E,"$250,000 and over",180
V8G,"Under $5,000",1170
V8G,"$5,000 to $9,999",730
V8G,"$10,000 to $14,999",1050
V8G,"$15,000 to $19,999",1070
V8G,"$20,000 to $24,999",1140
V8G,"$25,000 to $29,999",910
V8G,"$30,000 to $34,999",860
V8G,"$35,000 to $39,999",840
V8G,"$40,000 to $44,999",800
V8G,"$45,000 to $49,999",710
V8G,"$50,000 to $54,999",650
V8G,"$55,000 to $59,999",570
V8G,"$60,000 to $69,999",950
V8G,"$70,000 to $79,999",810
V8G,"$80,000 to $89,999",670
V8G,"$90,000 to $99,999",540
V8G,"$100,000 to $149,999",1290
V8G,"$150,000 to $249,999",380
V8G,"$250,000 and over",80
V8J,"Under $5,000",780
V8J,"$5,000 to $9,999",510
V8J,"$10,000 to $14,999",760
V8J,"$15,000 to $19,999",770
V8J,"$20,000 to $24,999",690
V8J,"$25,000 to $29,999",590
V8J,"$30,000 to $34,999",520
V8J,"$35,000 to $39,999",450
V8J,"$40,000 to $44,999",440
V8J,"$45,000 to $49,999",420
V8J,"$50,000 to $54,999",350
V8J,"$55,000 to $59,999",320
V8J,"$60,000 to $69,999",520
V8J,"$70,000 to $79,999",460
V8J,"$80,000 to $89,999",400
V8J,"$90,000 to $99,999",340
V8J,"$100,000 to $149,999",830
V8J,"$150,000 to $249,999",440
V8J,"$250,000 and over",80
V8K,"Under $5,000",460
V8K,"$5,000 to $9,999",560
V8K,"$10,000 to $14,999",720
V8K,"$15,000 to $19,999",770
V8K,"$20,000 to $24,999",850
V8K,"$25,000 to $29,999",660
V8K,"$30,000 to $34,999",560
V8K,"$35,000 to $39,999",550
V8K,"$40,000 to $44,999",510
V8K,"$45,000 to $49,999",500
V8K,"$50,000 to $54,999",380
V8K,"$55,000 to $59,999",330
V8K,"$60,000 to $69,999",550
V8K,"$70,000 to $79,999",440
V8K,"$80,000 to $89,999",340
V8K,"$90,000 to $99,999",260
V8K,"$100,000 to $149,999",530
V8K,"$150,000 to $249,999",270
V8K,"$250,000 and over",140
V8L,"Under $5,000",920
V8L,"$5,000 to $9,999",680
V8L,"$10,000 to $14,999",990
V8L,"$15,000 to $19,999",1200
V8L,"$20,000 to $24,999",1410
V8L,"$25,000 to $29,999",1270
V8L,"$30,000 to $34,999",1160
V8L,"$35,000 to $39,999",1190
V8L,"$40,000 to $44,999",1210
V8L,"$45,000 to $49,999",1290
V8L,"$50,000 to $54,999",1060
V8L,"$55,000 to $59,999",950
V8L,"$60,000 to $69,999",1620
V8L,"$70,000 to $79,999",1420
V8L,"$80,000 to $89,999",1060
V8L,"$90,000 to $99,999",800
V8L,"$100,000 to $149,999",1680
V8L,"$150,000 to $249,999",780
V8L,"$250,000 and over",420
V8M,"Under $5,000",830
V8M,"$5,000 to $9,999",570
V8M,"$10,000 to $14,999",800
V8M,"$15,000 to $19,999",840
V8M,"$20,000 to $24,999",990
V8M,"$25,000 to $29,999",820
V8M,"$30,000 to $34,999",770
V8M,"$35,000 to $39,999",770
V8M,"$40,000 to $44,999",780
V8M,"$45,000 to $49,999",830
V8M,"$50,000 to $54,999",650
V8M,"$55,000 to $59,999",620
V8M,"$60,000 to $69,999",1050
V8M,"$70,000 to $79,999",860
V8M,"$80,000 to $89,999",610
V8M,"$90,000 to $99,999",500
V8M,"$100,000 to $149,999",960
V8M,"$150,000 to $249,999",380
V8M,"$250,000 and over",170
V8N,"Under $5,000",1990
V8N,"$5,000 to $9,999",1170
V8N,"$10,000 to $14,999",1340
V8N,"$15,000 to $19,999",1310
V8N,"$20,000 to $24,999",1280
V8N,"$25,000 to $29,999",990
V8N,"$30,000 to $34,999",900
V8N,"$35,000 to $39,999",940
V8N,"$40,000 to $44,999",1020
V8N,"$45,000 to $49,999",1090
V8N,"$50,000 to $54,999",810
V8N,"$55,000 to $59,999",730
V8N,"$60,000 to $69,999",1310
V8N,"$70,000 to $79,999",1120
V8N,"$80,000 to $89,999",990
V8N,"$90,000 to $99,999",750
V8N,"$100,000 to $149,999",1720
V8N,"$150,000 to $249,999",790
V8N,"$250,000 and over",410
V8P,"Under $5,000",970
V8P,"$5,000 to $9,999",670
V8P,"$10,000 to $14,999",890
V8P,"$15,000 to $19,999",880
V8P,"$20,000 to $24,999",1000
V8P,"$25,000 to $29,999",900
V8P,"$30,000 to $34,999",760
V8P,"$35,000 to $39,999",790
V8P,"$40,000 to $44,999",790
V8P,"$45,000 to $49,999",860
V8P,"$50,000 to $54,999",650
V8P,"$55,000 to $59,999",610
V8P,"$60,000 to $69,999",1020
V8P,"$70,000 to $79,999",850
V8P,"$80,000 to $89,999",660
V8P,"$90,000 to $99,999",510
V8P,"$100,000 to $149,999",1090
V8P,"$150,000 to $249,999",430
V8P,"$250,000 and over",150
V8R,"Under $5,000",1160
V8R,"$5,000 to $9,999",860
V8R,"$10,000 to $14,999",1120
V8R,"$15,000 to $19,999",1170
V8R,"$20,000 to $24,999",1370
V8R,"$25,000 to $29,999",1080
V8R,"$30,000 to $34,999",970
V8R,"$35,000 to $39,999",980
V8R,"$40,000 to $44,999",1010
V8R,"$45,000 to $49,999",1130
V8R,"$50,000 to $54,999",870
V8R,"$55,000 to $59,999",760
V8R,"$60,000 to $69,999",1390
V8R,"$70,000 to $79,999",1120
V8R,"$80,000 to $89,999",910
V8R,"$90,000 to $99,999",740
V8R,"$100,000 to $149,999",1460
V8R,"$150,000 to $249,999",770
V8R,"$250,000 and over",430
V8S,"Under $5,000",690
V8S,"$5,000 to $9,999",560
V8S,"$10,000 to $14,999",680
V8S,"$15,000 to $19,999",720
V8S,"$20,000 to $24,999",760
V8S,"$25,000 to $29,999",680
V8S,"$30,000 to $34,999",600
V8S,"$35,000 to $39,999",600
V8S,"$40,000 to $44,999",630
V8S,"$45,000 to $49,999",720
V8S,"$50,000 to $54,999",560
V8S,"$55,000 to $59,999",520
V8S,"$60,000 to $69,999",930
V8S,"$70,000 to $79,999",890
V8S,"$80,000 to $89,999",730
V8S,"$90,000 to $99,999",590
V8S,"$100,000 to $149,999",1350
V8S,"$150,000 to $249,999",860
V8S,"$250,000 and over",480
V8T,"Under $5,000",1100
V8T,"$5,000 to $9,999",750
V8T,"$10,000 to $14,999",1500
V8T,"$15,000 to $19,999",1430
V8T,"$20,000 to $24,999",1480
V8T,"$25,000 to $29,999",1080
V8T,"$30,000 to $34,999",1130
V8T,"$35,000 to $39,999",1020
V8T,"$40,000 to $44,999",990
V8T,"$45,000 to $49,999",930
V8T,"$50,000 to $54,999",860
V8T,"$55,000 to $59,999",700
V8T,"$60,000 to $69,999",1140
V8T,"$70,000 to $79,999",910
V8T,"$80,000 to $89,999",680
V8T,"$90,000 to $99,999",520
V8T,"$100,000 to $149,999",900
V8T,"$150,000 to $249,999",380
V8T,"$250,000 and over",210
V8V,"Under $5,000",1060
V8V,"$5,000 to $9,999",800
V8V,"$10,000 to $14,999",1380
V8V,"$15,000 to $19,999",1460
V8V,"$20,000 to $24,999",1810
V8V,"$25,000 to $29,999",1470
V8V,"$30,000 to $34,999",1320
V8V,"$35,000 to $39,999",1390
V8V,"$40,000 to $44,999",1330
V8V,"$45,000 to $49,999",1470
V8V,"$50,000 to $54,999",1210
V8V,"$55,000 to $59,999",1000
V8V,"$60,000 to $69,999",1810
V8V,"$70,000 to $79,999",1410
V8V,"$80,000 to $89,999",1100
V8V,"$90,000 to $99,999",780
V8V,"$100,000 to $149,999",1590
V8V,"$150,000 to $249,999",660
V8V,"$250,000 and over",340
V8W,"Under $5,000",460
V8W,"$5,000 to $9,999",330
V8W,"$10,000 to $14,999",590
V8W,"$15,000 to $19,999",550
V8W,"$20,000 to $24,999",550
V8W,"$25,000 to $29,999",340
V8W,"$30,000 to $34,999",280
V8W,"$35,000 to $39,999",370
V8W,"$40,000 to $44,999",290
V8W,"$45,000 to $49,999",310
V8W,"$50,000 to $54,999",290
V8W,"$55,000 to $59,999",280
V8W,"$60,000 to $69,999",510
V8W,"$70,000 to $79,999",390
V8W,"$80,000 to $89,999",340
V8W,"$90,000 to $99,999",280
V8W,"$100,000 to $149,999",670
V8W,"$150,000 to $249,999",420
V8W,"$250,000 and over",250
V8X,"Under $5,000",1250
V8X,"$5,000 to $9,999",810
V8X,"$10,000 to $14,999",1290
V8X,"$15,000 to $19,999",1250
V8X,"$20,000 to $24,999",1230
V8X,"$25,000 to $29,999",1120
V8X,"$30,000 to $34,999",1090
V8X,"$35,000 to $39,999",1100
V8X,"$40,000 to $44,999",1150
V8X,"$45,000 to $49,999",1180
V8X,"$50,000 to $54,999",990
V8X,"$55,000 to $59,999",890
V8X,"$60,000 to $69,999",1440
V8X,"$70,000 to $79,999",1260
V8X,"$80,000 to $89,999",970
V8X,"$90,000 to $99,999",720
V8X,"$100,000 to $149,999",1430
V8X,"$150,000 to $249,999",550
V8X,"$250,000 and over",250
V8Y,"Under $5,000",470
V8Y,"$5,000 to $9,999",350
V8Y,"$10,000 to $14,999",380
V8Y,"$15,000 to $19,999",390
V8Y,"$20,000 to $24,999",430
V8Y,"$25,000 to $29,999",360
V8Y,"$30,000 to $34,999",360
V8Y,"$35,000 to $39,999",380
V8Y,"$40,000 to $44,999",420
V8Y,"$45,000 to $49,999",440
V8Y,"$50,000 to $54,999",400
V8Y,"$55,000 to $59,999",350
V8Y,"$60,000 to $69,999",600
V8Y,"$70,000 to $79,999",600
V8Y,"$80,000 to $89,999",440
V8Y,"$90,000 to $99,999",370
V8Y,"$100,000 to $149,999",950
V8Y,"$150,000 to $249,999",480
V8Y,"$250,000 and over",270
V8Z,"Under $5,000",1360
V8Z,"$5,000 to $9,999",1080
V8Z,"$10,000 to $14,999",1620
V8Z,"$15,000 to $19,999",1700
V8Z,"$20,000 to $24,999",1720
V8Z,"$25,000 to $29,999",1470
V8Z,"$30,000 to $34,999",1400
V8Z,"$35,000 to $39,999",1510
V8Z,"$40,000 to $44,999",1550
V8Z,"$45,000 to $49,999",1530
V8Z,"$50,000 to $54,999",1420
V8Z,"$55,000 to $59,999",1240
V8Z,"$60,000 to $69,999",2000
V8Z,"$70,000 to $79,999",1530
V8Z,"$80,000 to $89,999",1310
V8Z,"$90,000 to $99,999",900
V8Z,"$100,000 to $149,999",1710
V8Z,"$150,000 to $249,999",510
V8Z,"$250,000 and over",160
V9A,"Under $5,000",1650
V9A,"$5,000 to $9,999",1150
V9A,"$10,000 to $14,999",2090
V9A,"$15,000 to $19,999",2180
V9A,"$20,000 to $24,999",2390
V9A,"$25,000 to $29,999",1900
V9A,"$30,000 to $34,999",1870
V9A,"$35,000 to $39,999",2000
V9A,"$40,000 to $44,999",1980
V9A,"$45,000 to $49,999",1960
V9A,"$50,000 to $54,999",1640
V9A,"$55,000 to $59,999",1380
V9A,"$60,000 to $69,999",2450
V9A,"$70,000 to $79,999",2060
V9A,"$80,000 to $89,999",1620
V9A,"$90,000 to $99,999",1130
V9A,"$100,000 to $149,999",1800
V9A,"$150,000 to $249,999",550
V9A,"$250,000 and over",180
V9B,"Under $5,000",2210
V9B,"$5,000 to $9,999",1540
V9B,"$10,000 to $14,999",2300
V9B,"$15,000 to $19,999",2330
V9B,"$20,000 to $24,999",2580
V9B,"$25,000 to $29,999",2260
V9B,"$30,000 to $34,999",2190
V9B,"$35,000 to $39,999",2240
V9B,"$40,000 to $44,999",2300
V9B,"$45,000 to $49,999",2410
V9B,"$50,000 to $54,999",2120
V9B,"$55,000 to $59,999",1840
V9B,"$60,000 to $69,999",3120
V9B,"$70,000 to $79,999",2460
V9B,"$80,000 to $89,999",2020
V9B,"$90,000 to $99,999",1440
V9B,"$100,000 to $149,999",2780
V9B,"$150,000 to $249,999",830
V9B,"$250,000 and over",240
V9C,"Under $5,000",1120
V9C,"$5,000 to $9,999",840
V9C,"$10,000 to $14,999",1070
V9C,"$15,000 to $19,999",1070
V9C,"$20,000 to $24,999",1130
V9C,"$25,000 to $29,999",1000
V9C,"$30,000 to $34,999",980
V9C,"$35,000 to $39,999",1030
V9C,"$40,000 to $44,999",1080
V9C,"$45,000 to $49,999",1120
V9C,"$50,000 to $54,999",1050
V9C,"$55,000 to $59,999",930
V9C,"$60,000 to $69,999",1560
V9C,"$70,000 to $79,999",1480
V9C,"$80,000 to $89,999",1200
V9C,"$90,000 to $99,999",910
V9C,"$100,000 to $149,999",1620
V9C,"$150,000 to $249,999",480
V9C,"$250,000 and over",170
V9E,"Under $5,000",210
V9E,"$5,000 to $9,999",190
V9E,"$10,000 to $14,999",210
V9E,"$15,000 to $19,999",210
V9E,"$20,000 to $24,999",250
V9E,"$25,000 to $29,999",230
V9E,"$30,000 to $34,999",200
V9E,"$35,000 to $39,999",230
V9E,"$40,000 to $44,999",250
V9E,"$45,000 to $49,999",260
V9E,"$50,000 to $54,999",200
V9E,"$55,000 to $59,999",170
V9E,"$60,000 to $69,999",340
V9E,"$70,000 to $79,999",280
V9E,"$80,000 to $89,999",240
V9E,"$90,000 to $99,999",170
V9E,"$100,000 to $149,999",380
V9E,"$150,000 to $249,999",200
V9E,"$250,000 and over",120
V9G,"Under $5,000",890
V9G,"$5,000 to $9,999",570
V9G,"$10,000 to $14,999",830
V9G,"$15,000 to $19,999",980
V9G,"$20,000 to $24,999",1170
V9G,"$25,000 to $29,999",910
V9G,"$30,000 to $34,999",810
V9G,"$35,000 to $39,999",800
V9G,"$40,000 to $44,999",740
V9G,"$45,000 to $49,999",780
V9G,"$50,000 to $54,999",600
V9G,"$55,000 to $59,999",510
V9G,"$60,000 to $69,999",820
V9G,"$70,000 to $79,999",610
V9G,"$80,000 to $89,999",510
V9G,"$90,000 to $99,999",360
V9G,"$100,000 to $149,999",760
V9G,"$150,000 to $249,999",250
V9G,"$250,000 and over",90
V9H,"Under $5,000",590
V9H,"$5,000 to $9,999",330
V9H,"$10,000 to $14,999",550
V9H,"$15,000 to $19,999",550
V9H,"$20,000 to $24,999",570
V9H,"$25,000 to $29,999",520
V9H,"$30,000 to $34,999",480
V9H,"$35,000 to $39,999",480
V9H,"$40,000 to $44,999",500
V9H,"$45,000 to $49,999",410
V9H,"$50,000 to $54,999",370
V9H,"$55,000 to $59,999",320
V9H,"$60,000 to $69,999",520
V9H,"$70,000 to $79,999",460
V9H,"$80,000 to $89,999",350
V9H,"$90,000 to $99,999",290
V9H,"$100,000 to $149,999",610
V9H,"$150,000 to $249,999",270
V9H,"$250,000 and over",60
V9J,"Under $5,000",460
V9J,"$5,000 to $9,999",390
V9J,"$10,000 to $14,999",500
V9J,"$15,000 to $19,999",550
V9J,"$20,000 to $24,999",620
V9J,"$25,000 to $29,999",530
V9J,"$30,000 to $34,999",440
V9J,"$35,000 to $39,999",420
V9J,"$40,000 to $44,999",460
V9J,"$45,000 to $49,999",440
V9J,"$50,000 to $54,999",340
V9J,"$55,000 to $59,999",310
V9J,"$60,000 to $69,999",480
V9J,"$70,000 to $79,999",370
V9J,"$80,000 to $89,999",290
V9J,"$90,000 to $99,999",210
V9J,"$100,000 to $149,999",500
V9J,"$150,000 to $249,999",210
V9J,"$250,000 and over",70
V9K,"Under $5,000",660
V9K,"$5,000 to $9,999",530
V9K,"$10,000 to $14,999",920
V9K,"$15,000 to $19,999",1080
V9K,"$20,000 to $24,999",1280
V9K,"$25,000 to $29,999",1070
V9K,"$30,000 to $34,999",910
V9K,"$35,000 to $39,999",1010
V9K,"$40,000 to $44,999",910
V9K,"$45,000 to $49,999",940
V9K,"$50,000 to $54,999",670
V9K,"$55,000 to $59,999",570
V9K,"$60,000 to $69,999",960
V9K,"$70,000 to $79,999",770
V9K,"$80,000 to $89,999",520
V9K,"$90,000 to $99,999",400
V9K,"$100,000 to $149,999",780
V9K,"$150,000 to $249,999",330
V9K,"$250,000 and over",110
V9L,"Under $5,000",2360
V9L,"$5,000 to $9,999",1590
V9L,"$10,000 to $14,999",2410
V9L,"$15,000 to $19,999",2440
V9L,"$20,000 to $24,999",2620
V9L,"$25,000 to $29,999",2000
V9L,"$30,000 to $34,999",1740
V9L,"$35,000 to $39,999",1780
V9L,"$40,000 to $44,999",1660
V9L,"$45,000 to $49,999",1570
V9L,"$50,000 to $54,999",1180
V9L,"$55,000 to $59,999",1100
V9L,"$60,000 to $69,999",1710
V9L,"$70,000 to $79,999",1380
V9L,"$80,000 to $89,999",1070
V9L,"$90,000 to $99,999",760
V9L,"$100,000 to $149,999",1420
V9L,"$150,000 to $249,999",530
V9L,"$250,000 and over",180
V9M,"Under $5,000",720
V9M,"$5,000 to $9,999",540
V9M,"$10,000 to $14,999",850
V9M,"$15,000 to $19,999",960
V9M,"$20,000 to $24,999",1210
V9M,"$25,000 to $29,999",1010
V9M,"$30,000 to $34,999",880
V9M,"$35,000 to $39,999",960
V9M,"$40,000 to $44,999",940
V9M,"$45,000 to $49,999",970
V9M,"$50,000 to $54,999",690
V9M,"$55,000 to $59,999",670
V9M,"$60,000 to $69,999",1100
V9M,"$70,000 to $79,999",900
V9M,"$80,000 to $89,999",650
V9M,"$90,000 to $99,999",480
V9M,"$100,000 to $149,999",920
V9M,"$150,000 to $249,999",360
V9M,"$250,000 and over",140
V9N,"Under $5,000",1360
V9N,"$5,000 to $9,999",1050
V9N,"$10,000 to $14,999",1950
V9N,"$15,000 to $19,999",2070
V9N,"$20,000 to $24,999",2410
V9N,"$25,000 to $29,999",2050
V9N,"$30,000 to $34,999",1860
V9N,"$35,000 to $39,999",1850
V9N,"$40,000 to $44,999",1620
V9N,"$45,000 to $49,999",1650
V9N,"$50,000 to $54,999",1240
V9N,"$55,000 to $59,999",1070
V9N,"$60,000 to $69,999",1740
V9N,"$70,000 to $79,999",1360
V9N,"$80,000 to $89,999",990
V9N,"$90,000 to $99,999",720
V9N,"$100,000 to $149,999",1350
V9N,"$150,000 to $249,999",520
V9N,"$250,000 and over",170
V9P,"Under $5,000",990
V9P,"$5,000 to $9,999",810
V9P,"$10,000 to $14,999",1510
V9P,"$15,000 to $19,999",1800
V9P,"$20,000 to $24,999",2260
V9P,"$25,000 to $29,999",1790
V9P,"$30,000 to $34,999",1500
V9P,"$35,000 to $39,999",1540
V9P,"$40,000 to $44,999",1600
V9P,"$45,000 to $49,999",1570
V9P,"$50,000 to $54,999",1110
V9P,"$55,000 to $59,999",990
V9P,"$60,000 to $69,999",1650
V9P,"$70,000 to $79,999",1230
V9P,"$80,000 to $89,999",930
V9P,"$90,000 to $99,999",620
V9P,"$100,000 to $149,999",1370
V9P,"$150,000 to $249,999",580
V9P,"$250,000 and over",260
V9R,"Under $5,000",1830
V9R,"$5,000 to $9,999",1340
V9R,"$10,000 to $14,999",2290
V9R,"$15,000 to $19,999",2390
V9R,"$20,000 to $24,999",2370
V9R,"$25,000 to $29,999",1800
V9R,"$30,000 to $34,999",1710
V9R,"$35,000 to $39,999",1490
V9R,"$40,000 to $44,999",1460
V9R,"$45,000 to $49,999",1290
V9R,"$50,000 to $54,999",1060
V9R,"$55,000 to $59,999",890
V9R,"$60,000 to $69,999",1450
V9R,"$70,000 to $79,999",1140
V9R,"$80,000 to $89,999",860
V9R,"$90,000 to $99,999",620
V9R,"$100,000 to $149,999",1290
V9R,"$150,000 to $249,999",510
V9R,"$250,000 and over",190
V9S,"Under $5,000",800
V9S,"$5,000 to $9,999",620
V9S,"$10,000 to $14,999",1110
V9S,"$15,000 to $19,999",1200
V9S,"$20,000 to $24,999",1370
V9S,"$25,000 to $29,999",1050
V9S,"$30,000 to $34,999",840
V9S,"$35,000 to $39,999",910
V9S,"$40,000 to $44,999",860
V9S,"$45,000 to $49,999",780
V9S,"$50,000 to $54,999",670
V9S,"$55,000 to $59,999",560
V9S,"$60,000 to $69,999",840
V9S,"$70,000 to $79,999",620
V9S,"$80,000 to $89,999",470
V9S,"$90,000 to $99,999",320
V9S,"$100,000 to $149,999",580
V9S,"$150,000 to $249,999",190
V9S,"$250,000 and over",50
V9T,"Under $5,000",1620
V9T,"$5,000 to $9,999",1150
V9T,"$10,000 to $14,999",1870
V9T,"$15,000 to $19,999",1960
V9T,"$20,000 to $24,999",2350
V9T,"$25,000 to $29,999",2030
V9T,"$30,000 to $34,999",1760
V9T,"$35,000 to $39,999",1820
V9T,"$40,000 to $44,999",1680
V9T,"$45,000 to $49,999",1740
V9T,"$50,000 to $54,999",1420
V9T,"$55,000 to $59,999",1190
V9T,"$60,000 to $69,999",1980
V9T,"$70,000 to $79,999",1600
V9T,"$80,000 to $89,999",1140
V9T,"$90,000 to $99,999",920
V9T,"$100,000 to $149,999",1800
V9T,"$150,000 to $249,999",670
V9T,"$250,000 and over",180
V9V,"Under $5,000",570
V9V,"$5,000 to $9,999",410
V9V,"$10,000 to $14,999",570
V9V,"$15,000 to $19,999",580
V9V,"$20,000 to $24,999",670
V9V,"$25,000 to $29,999",540
V9V,"$30,000 to $34,999",500
V9V,"$35,000 to $39,999",540
V9V,"$40,000 to $44,999",530
V9V,"$45,000 to $49,999",530
V9V,"$50,000 to $54,999",420
V9V,"$55,000 to $59,999",370
V9V,"$60,000 to $69,999",630
V9V,"$70,000 to $79,999",530
V9V,"$80,000 to $89,999",390
V9V,"$90,000 to $99,999",340
V9V,"$100,000 to $149,999",680
V9V,"$150,000 to $249,999",260
V9V,"$250,000 and over",110
V9W,"Under $5,000",1590
V9W,"$5,000 to $9,999",1080
V9W,"$10,000 to $14,999",1970
V9W,"$15,000 to $19,999",2060
V9W,"$20,000 to $24,999",2340
V9W,"$25,000 to $29,999",1870
V9W,"$30,000 to $34,999",1640
V9W,"$35,000 to $39,999",1620
V9W,"$40,000 to $44,999",1470
V9W,"$45,000 to $49,999",1440
V9W,"$50,000 to $54,999",1090
V9W,"$55,000 to $59,999",910
V9W,"$60,000 to $69,999",1530
V9W,"$70,000 to $79,999",1240
V9W,"$80,000 to $89,999",910
V9W,"$90,000 to $99,999",630
V9W,"$100,000 to $149,999",1360
V9W,"$150,000 to $249,999",510
V9W,"$250,000 and over",130
V9X,"Under $5,000",560
V9X,"$5,000 to $9,999",390
V9X,"$10,000 to $14,999",560
V9X,"$15,000 to $19,999",610
V9X,"$20,000 to $24,999",680
V9X,"$25,000 to $29,999",540
V9X,"$30,000 to $34,999",480
V9X,"$35,000 to $39,999",520
V9X,"$40,000 to $44,999",500
V9X,"$45,000 to $49,999",460
V9X,"$50,000 to $54,999",450
V9X,"$55,000 to $59,999",360
V9X,"$60,000 to $69,999",580
V9X,"$70,000 to $79,999",490
V9X,"$80,000 to $89,999",370
V9X,"$90,000 to $99,999",280
V9X,"$100,000 to $149,999",610
V9X,"$150,000 to $249,999",160
V9X,"$250,000 and over",50
V9Y,"Under $5,000",1530
V9Y,"$5,000 to $9,999",970
V9Y,"$10,000 to $14,999",2070
V9Y,"$15,000 to $19,999",1890
V9Y,"$20,000 to $24,999",2130
V9Y,"$25,000 to $29,999",1620
V9Y,"$30,000 to $34,999",1400
V9Y,"$35,000 to $39,999",1380
V9Y,"$40,000 to $44,999",1220
V9Y,"$45,000 to $49,999",1060
V9Y,"$50,000 to $54,999",940
V9Y,"$55,000 to $59,999",800
V9Y,"$60,000 to $69,999",1220
V9Y,"$70,000 to $79,999",900
V9Y,"$80,000 to $89,999",700
V9Y,"$90,000 to $99,999",500
V9Y,"$100,000 to $149,999",900
V9Y,"$150,000 to $249,999",250
V9Y,"$250,000 and over",60
V9Z,"Under $5,000",960
V9Z,"$5,000 to $9,999",670
V9Z,"$10,000 to $14,999",1040
V9Z,"$15,000 to $19,999",1020
V9Z,"$20,000 to $24,999",1180
V9Z,"$25,000 to $29,999",940
V9Z,"$30,000 to $34,999",840
V9Z,"$35,000 to $39,999",900
V9Z,"$40,000 to $44,999",840
V9Z,"$45,000 to $49,999",820
V9Z,"$50,000 to $54,999",750
V9Z,"$55,000 to $59,999",650
V9Z,"$60,000 to $69,999",1030
V9Z,"$70,000 to $79,999",810
V9Z,"$80,000 to $89,999",690
V9Z,"$90,000 to $99,999",550
V9Z,"$100,000 to $149,999",890
V9Z,"$150,000 to $249,999",270
V9Z,"$250,000 and over",60
Y0A,"Under $5,000",110
Y0A,"$5,000 to $9,999",90
Y0A,"$10,000 to $14,999",90
Y0A,"$15,000 to $19,999",110
Y0A,"$20,000 to $24,999",150
Y0A,"$25,000 to $29,999",80
Y0A,"$30,000 to $34,999",60
Y0A,"$35,000 to $39,999",70
Y0A,"$40,000 to $44,999",60
Y0A,"$45,000 to $49,999",50
Y0A,"$50,000 to $54,999",50
Y0A,"$55,000 to $59,999",50
Y0A,"$60,000 to $69,999",90
Y0A,"$70,000 to $79,999",60
Y0A,"$80,000 to $89,999",70
Y0A,"$90,000 to $99,999",60
Y0A,"$100,000 to $149,999",100
Y0A,"$150,000 to $249,999",40
Y0A,"$250,000 and over",10
Y0B,"Under $5,000",310
Y0B,"$5,000 to $9,999",230
Y0B,"$10,000 to $14,999",330
Y0B,"$15,000 to $19,999",370
Y0B,"$20,000 to $24,999",500
Y0B,"$25,000 to $29,999",350
Y0B,"$30,000 to $34,999",330
Y0B,"$35,000 to $39,999",280
Y0B,"$40,000 to $44,999",230
Y0B,"$45,000 to $49,999",270
Y0B,"$50,000 to $54,999",250
Y0B,"$55,000 to $59,999",230
Y0B,"$60,000 to $69,999",350
Y0B,"$70,000 to $79,999",350
Y0B,"$80,000 to $89,999",260
Y0B,"$90,000 to $99,999",210
Y0B,"$100,000 to $149,999",460
Y0B,"$150,000 to $249,999",100
Y0B,"$250,000 and over",20
Y1A,"Under $5,000",1010
Y1A,"$5,000 to $9,999",810
Y1A,"$10,000 to $14,999",950
Y1A,"$15,000 to $19,999",1250
Y1A,"$20,000 to $24,999",1530
Y1A,"$25,000 to $29,999",1130
Y1A,"$30,000 to $34,999",1120
Y1A,"$35,000 to $39,999",1050
Y1A,"$40,000 to $44,999",1020
Y1A,"$45,000 to $49,999",1000
Y1A,"$50,000 to $54,999",940
Y1A,"$55,000 to $59,999",960
Y1A,"$60,000 to $69,999",1750
Y1A,"$70,000 to $79,999",1780
Y1A,"$80,000 to $89,999",1540
Y1A,"$90,000 to $99,999",1430
Y1A,"$100,000 to $149,999",2950
Y1A,"$150,000 to $249,999",870
Y1A,"$250,000 and over",260
X0E,"Under $5,000",2150
X0E,"$5,000 to $9,999",1280
X0E,"$10,000 to $14,999",1210
X0E,"$15,000 to $19,999",1040
X0E,"$20,000 to $24,999",1160
X0E,"$25,000 to $29,999",790
X0E,"$30,000 to $34,999",690
X0E,"$35,000 to $39,999",520
X0E,"$40,000 to $44,999",490
X0E,"$45,000 to $49,999",440
X0E,"$50,000 to $54,999",410
X0E,"$55,000 to $59,999",410
X0E,"$60,000 to $69,999",680
X0E,"$70,000 to $79,999",640
X0E,"$80,000 to $89,999",640
X0E,"$90,000 to $99,999",540
X0E,"$100,000 to $149,999",2140
X0E,"$150,000 to $249,999",700
X0E,"$250,000 and over",90
X0G,"Under $5,000",90
X0G,"$5,000 to $9,999",50
X0G,"$10,000 to $14,999",40
X0G,"$15,000 to $19,999",30
X0G,"$20,000 to $24,999",40
X0G,"$25,000 to $29,999",40
X0G,"$30,000 to $34,999",10
X0G,"$35,000 to $39,999",10
X0G,"$40,000 to $44,999",10
X0G,"$45,000 to $49,999",10
X0G,"$50,000 to $54,999",10
X0G,"$55,000 to $59,999",10
X0G,"$60,000 to $69,999",10
X0G,"$70,000 to $79,999",10
X0G,"$80,000 to $89,999",10
X0G,"$90,000 to $99,999",0
X0G,"$100,000 to $149,999",20
X0G,"$150,000 to $249,999",10
X0G,"$250,000 and over",0
X1A,"Under $5,000",1110
X1A,"$5,000 to $9,999",700
X1A,"$10,000 to $14,999",660
X1A,"$15,000 to $19,999",640
X1A,"$20,000 to $24,999",690
X1A,"$25,000 to $29,999",570
X1A,"$30,000 to $34,999",480
X1A,"$35,000 to $39,999",460
X1A,"$40,000 to $44,999",490
X1A,"$45,000 to $49,999",470
X1A,"$50,000 to $54,999",500
X1A,"$55,000 to $59,999",470
X1A,"$60,000 to $69,999",970
X1A,"$70,000 to $79,999",920
X1A,"$80,000 to $89,999",900
X1A,"$90,000 to $99,999",940
X1A,"$100,000 to $149,999",3390
X1A,"$150,000 to $249,999",1180
X1A,"$250,000 and over",260
X0A,"Under $5,000",1600
X0A,"$5,000 to $9,999",990
X0A,"$10,000 to $14,999",1020
X0A,"$15,000 to $19,999",700
X0A,"$20,000 to $24,999",680
X0A,"$25,000 to $29,999",540
X0A,"$30,000 to $34,999",420
X0A,"$35,000 to $39,999",340
X0A,"$40,000 to $44,999",310
X0A,"$45,000 to $49,999",290
X0A,"$50,000 to $54,999",230
X0A,"$55,000 to $59,999",220
X0A,"$60,000 to $69,999",420
X0A,"$70,000 to $79,999",400
X0A,"$80,000 to $89,999",480
X0A,"$90,000 to $99,999",450
X0A,"$100,000 to $149,999",1850
X0A,"$150,000 to $249,999",650
X0A,"$250,000 and over",100
X0B,"Under $5,000",640
X0B,"$5,000 to $9,999",370
X0B,"$10,000 to $14,999",390
X0B,"$15,000 to $19,999",320
X0B,"$20,000 to $24,999",300
X0B,"$25,000 to $29,999",210
X0B,"$30,000 to $34,999",190
X0B,"$35,000 to $39,999",150
X0B,"$40,000 to $44,999",100
X0B,"$45,000 to $49,999",80
X0B,"$50,000 to $54,999",90
X0B,"$55,000 to $59,999",60
X0B,"$60,000 to $69,999",110
X0B,"$70,000 to $79,999",130
X0B,"$80,000 to $89,999",110
X0B,"$90,000 to $99,999",100
X0B,"$100,000 to $149,999",410
X0B,"$150,000 to $249,999",160
X0B,"$250,000 and over",20
X0C,"Under $5,000",990
X0C,"$5,000 to $9,999",700
X0C,"$10,000 to $14,999",580
X0C,"$15,000 to $19,999",410
X0C,"$20,000 to $24,999",400
X0C,"$25,000 to $29,999",340
X0C,"$30,000 to $34,999",280
X0C,"$35,000 to $39,999",200
X0C,"$40,000 to $44,999",180
X0C,"$45,000 to $49,999",160
X0C,"$50,000 to $54,999",140
X0C,"$55,000 to $59,999",110
X0C,"$60,000 to $69,999",200
X0C,"$70,000 to $79,999",220
X0C,"$80,000 to $89,999",220
X0C,"$90,000 to $99,999",240
X0C,"$100,000 to $149,999",820
X0C,"$150,000 to $249,999",210
X0C,"$250,000 and over",40
