fsa,geo_name,province_letter,population_2021,population_2016,pop_change_pct,median_age,avg_age,pct_under_15,pct_15_to_64,pct_65_plus,avg_household_size,pct_owners,pct_renters,median_total_income_individual,avg_total_income_individual,median_aftertax_income_individual,avg_aftertax_income_individual,median_employment_income_individual,avg_employment_income_individual,median_employment_income_fyft,avg_employment_income_fyft,median_household_total_income,avg_household_total_income,median_household_aftertax_income,avg_household_aftertax_income,pct_low_income_lim_at,pct_english_only,pct_french_only,pct_bilingual,pct_neither_lang,pct_postsecondary,pct_bachelors_plus,pct_participation,pct_employed,pct_unemployed,pct_commute_car,pct_commute_transit,pct_commute_walk,avg_commute_minutes_est,pct_immigrant,pct_visible_minority,pct_spending_30pct_plus_on_shelter,median_dwelling_value,avg_dwelling_value
A0A,A0A,NL,44930.0,,,51.6,47.2,13.0,61.0,26.1,2.3,86.0,14.0,34400.0,43480.0,31200.0,36760.0,27600.0,39440.0,56400.0,64800.0,67000.0,82600.0,59600.0,69800.0,16.7,97.6,0.0,2.4,0.0,49.7,10.5,50.4,83.5,16.6,90.7,1.6,3.3,28.4,1.1,0.5,12.1,200000.0,232600.0
A0B,A0B,NL,19287.0,,,57.2,51.6,10.1,56.6,33.3,2.1,88.9,11.1,32400.0,41440.0,29600.0,35240.0,24400.0,36760.0,53600.0,63150.0,60400.0,76000.0,54400.0,64600.0,18.0,97.9,0.0,2.1,0.1,46.6,7.6,48.8,79.2,20.8,89.0,1.0,3.7,29.1,1.1,0.5,8.0,150000.0,180600.0
A0C,A0C,NL,11972.0,,,56.4,51.2,9.9,58.4,31.7,2.1,86.5,13.5,30600.0,36480.0,28000.0,31880.0,20800.0,30280.0,45600.0,53600.0,55200.0,67800.0,50800.0,59250.0,21.4,98.6,0.0,1.4,0.0,38.0,6.5,48.4,76.9,23.1,90.5,1.4,4.0,22.6,1.2,0.5,8.3,150000.0,159200.0
A0E,A0E,NL,21209.0,,,54.8,49.6,11.2,58.6,30.2,2.2,85.5,14.5,31600.0,40920.0,29000.0,34880.0,26400.0,38240.0,52000.0,62900.0,60000.0,75900.0,54400.0,64700.0,19.7,97.7,0.0,2.2,0.0,45.7,6.7,48.6,79.9,20.1,86.8,1.3,5.6,21.4,1.0,0.6,9.2,125000.0,150400.0
A0G,A0G,NL,33316.0,,,56.0,50.7,10.9,57.1,32.1,2.2,86.5,13.5,30200.0,36920.0,27800.0,31960.0,19800.0,30400.0,50400.0,57500.0,57600.0,69800.0,52800.0,60500.0,21.5,98.9,0.0,1.1,0.0,37.3,6.5,44.3,74.8,25.2,88.2,1.3,4.9,24.3,0.7,0.5,8.9,150000.0,158000.0
A0H,A0H,NL,16743.0,,,55.2,50.0,10.7,59.4,29.9,2.2,82.9,17.1,30800.0,38000.0,28400.0,33200.0,22600.0,33120.0,52800.0,58400.0,58800.0,71300.0,54000.0,62250.0,21.4,98.9,0.0,1.0,0.1,38.2,6.5,47.5,79.2,20.9,86.6,1.2,7.2,19.9,0.5,0.4,10.5,120000.0,138400.0
A0J,A0J,NL,7497.0,,,55.6,50.7,10.5,58.3,31.2,2.1,80.6,19.4,29400.0,38520.0,27200.0,33080.0,24000.0,36120.0,55200.0,63100.0,58400.0,72000.0,53200.0,61800.0,21.7,99.1,0.0,0.9,0.1,36.6,6.4,46.2,78.1,21.8,89.4,1.1,3.4,20.5,0.9,0.2,11.4,150000.0,161200.0
A0K,A0K,NL,24659.0,,,55.2,50.5,10.3,59.8,29.8,2.2,90.1,9.9,32400.0,40200.0,29600.0,34480.0,20200.0,32320.0,54800.0,62850.0,66500.0,78300.0,59200.0,67100.0,17.8,98.7,0.0,1.2,0.0,34.4,7.6,49.1,69.7,30.3,86.2,0.9,6.8,20.9,1.4,1.3,6.3,100000.0,122900.0
A0L,A0L,NL,7503.0,,,50.8,46.8,13.0,61.0,26.0,2.3,84.9,15.1,37200.0,43480.0,32800.0,37000.0,28600.0,37680.0,59600.0,65100.0,73000.0,83300.0,64500.0,70900.0,13.8,97.7,0.0,2.3,0.0,49.4,13.5,53.7,82.6,17.4,90.7,0.8,5.7,24.8,1.3,0.7,11.5,210000.0,236200.0
A0M,A0M,NL,5468.0,,,55.6,50.5,10.4,58.3,31.4,2.1,85.1,14.9,33200.0,41960.0,30600.0,36080.0,27800.0,37080.0,59600.0,61500.0,63200.0,77100.0,57200.0,66300.0,17.2,98.9,0.0,1.1,0.0,38.1,7.7,46.8,81.9,18.1,80.7,3.2,7.2,18.0,0.9,0.8,8.7,100000.0,130200.0
A0N,A0N,NL,12387.0,,,56.8,51.5,10.1,57.8,32.1,2.0,84.9,15.1,28200.0,34320.0,26200.0,30240.0,20200.0,29520.0,47600.0,55500.0,49200.0,60900.0,45600.0,53650.0,27.3,94.6,0.0,5.3,0.0,37.8,6.6,40.8,73.0,27.1,87.3,1.3,6.5,22.8,0.8,0.3,10.0,120000.0,149600.0
A0P,A0P,NL,13058.0,,,36.0,36.8,21.4,67.0,11.6,2.7,68.5,31.5,47200.0,55500.0,42000.0,46760.0,44800.0,51600.0,68000.0,73200.0,99000.0,111600.0,87000.0,94000.0,11.7,94.8,0.1,4.5,0.5,49.9,13.3,65.7,87.0,13.0,79.1,1.0,7.5,15.1,4.5,4.9,7.7,274000.0,268400.0
A0R,A0R,NL,2661.0,,,36.4,35.8,21.1,70.7,8.5,2.5,64.7,35.3,71000.0,81800.0,59200.0,64300.0,78500.0,84400.0,116000.0,112200.0,155000.0,154400.0,121000.0,121400.0,3.2,88.6,0.2,11.1,0.0,65.7,14.2,77.5,95.5,4.5,95.4,0.7,2.0,10.9,2.6,1.7,2.8,250000.0,283000.0
A1A,A1A,NL,30086.0,,,45.2,44.4,13.8,63.3,22.8,2.3,67.8,32.2,45200.0,63300.0,39200.0,49720.0,41600.0,59400.0,73000.0,92500.0,88000.0,118700.0,74500.0,93300.0,10.6,89.1,0.1,10.3,0.6,67.1,38.0,61.4,89.4,10.7,88.3,3.7,4.7,15.4,9.5,11.4,18.5,348000.0,364000.0
A1B,A1B,NL,20906.0,,,34.0,39.0,13.6,70.2,16.2,2.2,50.2,49.8,35200.0,52650.0,32000.0,42480.0,28000.0,47640.0,62400.0,83200.0,70000.0,97200.0,62000.0,78400.0,19.4,89.6,0.1,9.4,0.8,62.2,38.1,64.4,86.9,13.2,76.6,10.4,9.4,17.3,10.8,20.5,23.5,348000.0,388400.0
A1C,A1C,NL,12713.0,,,39.6,42.1,9.3,74.3,16.4,1.9,48.9,51.1,34400.0,50640.0,31600.0,40880.0,29200.0,48880.0,60400.0,79600.0,59200.0,83200.0,52000.0,67100.0,21.5,86.6,0.0,13.0,0.4,59.4,37.3,61.6,88.4,11.6,70.0,6.1,20.4,15.8,7.5,9.7,28.9,250000.0,312400.0
A1E,A1E,NL,26858.0,,,46.8,45.6,11.4,65.3,23.3,2.1,56.6,43.4,38400.0,50320.0,34400.0,41400.0,33600.0,46120.0,59200.0,74400.0,66000.0,87600.0,58400.0,72100.0,16.9,91.9,0.0,7.6,0.5,58.2,25.4,57.4,88.3,11.7,85.7,5.7,6.2,16.3,5.2,7.0,23.4,290000.0,302400.0
A1G,A1G,NL,5808.0,,,44.0,43.0,13.5,68.5,18.0,2.2,70.9,29.1,42400.0,52900.0,37200.0,43480.0,40800.0,48680.0,61200.0,71100.0,79000.0,98300.0,68000.0,80800.0,10.6,94.5,0.0,5.3,0.2,57.0,19.5,62.7,87.0,13.0,92.6,3.4,1.1,17.6,2.2,2.0,20.4,300000.0,312400.0
A1H,A1H,NL,6469.0,,,37.6,36.6,21.3,68.2,10.4,2.7,83.7,16.3,60400.0,72300.0,50800.0,56350.0,61600.0,70000.0,85000.0,95000.0,132000.0,145600.0,108000.0,113600.0,3.8,88.9,0.0,11.0,0.0,71.0,36.7,75.0,92.6,7.4,94.3,0.7,1.1,19.4,2.0,3.5,13.6,420000.0,423600.0
A1K,A1K,NL,12348.0,,,43.2,40.8,18.1,67.0,14.9,2.6,85.5,14.5,49200.0,64900.0,42400.0,50960.0,48000.0,62000.0,74000.0,90300.0,111000.0,132600.0,93000.0,104400.0,6.2,91.7,0.0,8.2,0.1,61.8,24.7,67.1,90.2,9.9,93.1,0.8,1.5,21.5,2.7,1.7,11.9,360000.0,409200.0
A1L,A1L,NL,22959.0,,,38.0,37.3,19.6,69.8,10.6,2.6,78.4,21.6,52000.0,63050.0,44400.0,50280.0,51200.0,59350.0,72500.0,81400.0,111000.0,126000.0,92000.0,100600.0,5.3,92.0,0.0,7.9,0.1,66.8,25.4,73.6,91.5,8.5,92.7,1.2,1.6,20.6,1.5,1.5,16.4,348000.0,372800.0
A1M,A1M,NL,8405.0,,,42.8,40.7,18.0,67.0,15.0,2.7,85.9,14.1,48800.0,65000.0,42000.0,50880.0,48400.0,62400.0,74500.0,89200.0,114000.0,136800.0,95000.0,107200.0,6.3,90.5,0.0,9.3,0.1,64.0,26.4,67.1,92.2,7.9,91.7,0.7,3.0,22.5,3.8,2.6,13.4,376000.0,408400.0
A1N,A1N,NL,22478.0,,,46.0,44.5,12.6,65.9,21.6,2.3,71.0,29.0,42000.0,50560.0,37200.0,41840.0,38400.0,45840.0,58400.0,67900.0,81000.0,97000.0,70000.0,80300.0,9.7,94.2,0.0,5.7,0.1,58.5,18.6,60.6,90.0,10.0,92.8,1.4,2.8,17.7,2.3,2.3,18.7,290000.0,296800.0
A1S,A1S,NL,6103.0,,,45.6,43.3,14.4,67.4,18.1,2.5,81.0,19.0,41600.0,50480.0,36800.0,41920.0,36400.0,46160.0,59600.0,71200.0,89000.0,106700.0,76500.0,88700.0,8.9,94.7,0.0,5.3,0.1,53.8,11.2,63.0,87.3,12.7,93.7,1.8,1.2,22.0,1.0,1.4,17.9,300000.0,313600.0
A1V,A1V,NL,11890.0,,,45.2,43.7,15.3,63.7,21.1,2.3,63.2,36.8,41200.0,53300.0,36400.0,43440.0,35200.0,49560.0,64000.0,77500.0,80000.0,99200.0,69500.0,80900.0,11.4,92.6,0.0,7.3,0.1,57.3,15.8,61.1,85.6,14.4,93.5,0.2,3.8,12.2,2.5,2.7,17.5,260000.0,282800.0
A1W,A1W,NL,11179.0,,,44.4,42.3,15.5,67.3,17.2,2.5,83.6,16.4,46000.0,59300.0,40400.0,47320.0,45200.0,56150.0,68000.0,80700.0,100000.0,120800.0,84000.0,96400.0,7.0,91.9,0.0,8.0,0.0,62.5,22.0,64.8,88.7,11.2,94.2,0.7,2.0,20.6,2.0,1.4,13.9,312000.0,344800.0
A1X,A1X,NL,15945.0,,,42.4,41.5,17.0,65.3,17.7,2.5,81.4,18.6,42800.0,50920.0,38000.0,42080.0,42400.0,49400.0,62000.0,69500.0,90000.0,101400.0,77000.0,83800.0,9.0,94.1,0.0,5.9,0.1,56.2,13.8,65.1,89.2,10.8,92.8,0.8,1.8,23.0,1.1,0.7,16.4,300000.0,310400.0
A1Y,A1Y,NL,5436.0,,,52.4,47.9,12.8,58.4,28.8,2.2,77.3,22.7,32000.0,40960.0,29400.0,34960.0,25400.0,37240.0,55600.0,66400.0,58000.0,74800.0,52800.0,63850.0,19.9,97.3,0.0,2.6,0.0,52.9,9.0,49.3,80.4,19.9,90.2,1.2,5.1,21.8,2.7,2.7,17.3,200000.0,225400.0
A2A,A2A,NL,9277.0,,,48.0,45.3,14.5,61.5,24.0,2.2,66.7,33.3,38000.0,48840.0,34000.0,40360.0,31800.0,46440.0,61600.0,73000.0,71000.0,91000.0,63200.0,75300.0,14.0,94.3,0.0,5.5,0.2,55.8,17.4,54.8,85.5,14.5,91.6,0.3,5.3,14.3,2.4,3.8,18.1,230000.0,246600.0
A2B,A2B,NL,4739.0,,,50.8,47.3,12.8,59.9,27.3,2.2,68.4,31.6,31400.0,39200.0,28800.0,33680.0,27600.0,37160.0,48800.0,57100.0,56000.0,71400.0,51600.0,61450.0,21.6,97.4,0.0,2.7,0.0,41.9,6.7,51.6,79.6,20.4,92.0,0.7,4.3,12.7,0.8,1.0,21.7,180000.0,220200.0
A2H,A2H,NL,25290.0,,,48.8,46.2,12.5,62.3,25.2,2.2,68.0,32.0,37200.0,46320.0,33600.0,38880.0,32800.0,42640.0,56000.0,65300.0,68000.0,84700.0,60000.0,71100.0,15.3,95.0,0.0,4.9,0.1,55.5,17.3,56.2,86.7,13.3,91.0,0.6,5.6,15.9,2.5,2.4,17.9,230000.0,249800.0
A2N,A2N,NL,8613.0,,,51.6,47.4,12.6,60.8,26.6,2.1,57.7,42.3,32800.0,41240.0,29800.0,35240.0,29000.0,39840.0,54400.0,62000.0,54800.0,72400.0,50400.0,61900.0,23.2,93.8,0.1,6.0,0.1,53.8,13.5,48.1,82.3,17.8,90.7,1.1,6.0,15.4,2.0,2.4,22.3,220000.0,230200.0
A2V,A2V,NL,7447.0,,,38.8,37.9,18.1,70.5,11.3,2.4,77.6,22.4,64500.0,81200.0,54800.0,63000.0,71000.0,80200.0,116000.0,110200.0,147000.0,153000.0,113000.0,118800.0,4.6,87.5,0.3,12.0,0.1,61.8,12.7,72.6,94.5,5.6,95.9,0.4,3.0,12.2,6.2,8.0,5.2,300000.0,296800.0
A5A,A5A,NL,8436.0,,,46.8,44.7,14.8,62.1,23.1,2.3,70.1,29.9,36000.0,46520.0,32400.0,38800.0,30800.0,43560.0,57200.0,68000.0,70000.0,86700.0,62000.0,72300.0,15.2,96.6,0.0,3.2,0.1,49.9,13.7,59.0,87.2,12.7,92.3,0.6,3.8,17.4,2.2,2.7,17.1,230000.0,246600.0
A8A,A8A,NL,6475.0,,,52.4,48.0,13.0,58.1,29.0,2.2,75.8,24.2,32400.0,41040.0,29600.0,35000.0,25400.0,37600.0,52400.0,57100.0,62000.0,77800.0,56000.0,66500.0,17.9,98.4,0.0,1.5,0.0,45.4,9.3,48.1,83.7,16.3,88.3,0.0,6.6,18.5,1.4,1.2,16.2,200000.0,229000.0
B0C,B0C,NS,2748.0,,,52.4,47.5,12.9,60.0,27.1,2.2,91.2,8.8,36000.0,41400.0,31600.0,35280.0,17600.0,28880.0,55600.0,62600.0,68000.0,78600.0,59600.0,67000.0,14.8,96.5,0.0,3.3,0.4,37.9,11.2,58.3,73.6,26.8,93.2,0.0,5.1,21.4,3.1,0.9,6.5,150000.0,218800.0
B0E,B0E,NS,25919.0,,,54.0,48.6,13.0,56.3,30.7,2.2,83.9,16.1,34400.0,42440.0,31200.0,35920.0,25400.0,36760.0,52000.0,62500.0,62800.0,78300.0,56800.0,66300.0,17.0,78.5,0.2,21.1,0.1,54.4,15.0,51.0,81.9,18.1,92.8,0.9,3.7,22.7,4.0,1.4,10.5,180000.0,218400.0
B0H,B0H,NS,9796.0,,,53.6,48.0,13.7,58.1,28.2,2.2,89.2,10.8,34000.0,40960.0,30800.0,34760.0,27600.0,36840.0,54800.0,60350.0,63200.0,75800.0,56000.0,64300.0,19.7,94.6,0.0,5.4,0.1,49.7,12.2,53.8,83.4,16.6,93.0,0.6,2.7,24.7,2.7,3.5,9.0,150000.0,188200.0
B0J,B0J,NS,41032.0,,,54.0,48.9,12.4,58.6,29.0,2.2,84.1,15.9,35600.0,46800.0,32000.0,37600.0,29800.0,41480.0,56000.0,66300.0,68500.0,86100.0,60000.0,69200.0,15.2,92.1,0.1,7.7,0.1,54.5,18.9,53.9,87.4,12.6,91.5,0.9,4.1,28.4,6.1,2.1,12.9,250000.0,310800.0
B0K,B0K,NS,35141.0,,,52.0,47.7,13.3,58.8,27.9,2.2,80.0,20.0,35200.0,43440.0,31800.0,36640.0,27800.0,36600.0,53200.0,60500.0,63600.0,79300.0,56800.0,66900.0,16.8,95.9,0.0,4.1,0.0,50.5,14.1,52.9,86.1,14.0,93.7,0.7,3.6,22.2,3.6,2.5,12.2,160000.0,199800.0
B0L,B0L,NS,2335.0,,,54.4,48.9,12.6,58.0,29.3,2.2,86.4,13.6,31800.0,36760.0,29600.0,32040.0,29400.0,31750.0,46400.0,51800.0,57600.0,66400.0,52800.0,57900.0,20.9,96.4,0.0,3.9,0.0,40.4,7.3,47.6,85.6,14.4,98.0,0.0,2.0,28.3,0.7,1.5,12.3,100000.0,147200.0
B0M,B0M,NS,17448.0,,,51.2,47.3,13.1,60.1,26.8,2.2,83.1,16.9,33600.0,40640.0,30800.0,34720.0,29800.0,36080.0,50800.0,56150.0,59200.0,73200.0,53200.0,62550.0,19.9,96.3,0.0,3.5,0.1,45.4,10.5,52.7,86.2,13.8,94.1,0.4,3.7,24.8,3.2,1.5,10.9,150000.0,174800.0
B0N,B0N,NS,40484.0,,,48.0,44.9,15.3,61.9,22.8,2.3,83.4,16.6,36800.0,43600.0,33200.0,36720.0,34800.0,40640.0,53600.0,58750.0,70500.0,81800.0,61600.0,69000.0,15.7,95.3,0.0,4.5,0.1,49.4,12.5,56.7,89.9,10.1,94.6,0.3,3.1,32.2,3.3,2.5,13.8,200000.0,246000.0
B0P,B0P,NS,41544.0,,,47.6,44.9,15.4,61.4,23.2,2.3,76.1,23.9,36400.0,43760.0,32800.0,36760.0,33200.0,39800.0,54400.0,58950.0,71000.0,82400.0,62000.0,69300.0,15.2,92.1,0.1,7.6,0.1,51.7,17.4,57.2,90.0,9.9,94.0,0.3,3.1,21.3,4.2,2.8,14.0,250000.0,271200.0
B0R,B0R,NS,6090.0,,,56.0,50.2,11.6,56.7,31.9,2.1,88.2,11.8,32000.0,39720.0,29400.0,33840.0,24200.0,33800.0,49200.0,55750.0,60800.0,73500.0,54800.0,62600.0,18.9,95.0,0.0,4.8,0.2,48.6,15.4,48.9,87.0,13.2,94.4,0.0,2.4,30.7,4.4,0.9,11.8,200000.0,243600.0
B0S,B0S,NS,17873.0,,,55.2,49.6,12.2,57.2,30.6,2.1,78.6,21.4,30600.0,37320.0,28400.0,31800.0,24000.0,32000.0,46800.0,53700.0,54400.0,66000.0,49600.0,56200.0,23.2,93.4,0.0,6.4,0.2,51.3,15.5,50.3,86.3,13.5,89.0,1.1,7.2,23.5,7.3,3.1,14.6,200000.0,233000.0
B0T,B0T,NS,14729.0,,,54.8,49.5,11.9,57.9,30.2,2.1,79.3,20.7,32400.0,39200.0,29600.0,33680.0,27000.0,34520.0,46400.0,52450.0,56800.0,68800.0,52000.0,59150.0,21.5,95.5,0.0,4.4,0.1,44.1,11.4,47.4,86.9,13.0,91.7,0.0,4.6,21.2,4.5,2.8,13.4,170000.0,206000.0
B0V,B0V,NS,5658.0,,,54.0,48.8,12.4,57.3,30.4,2.0,63.5,36.5,30400.0,37080.0,28200.0,32160.0,22800.0,30600.0,44800.0,48400.0,51600.0,62800.0,46800.0,54550.0,25.7,92.0,0.0,7.7,0.2,43.9,10.7,52.3,82.0,18.0,88.9,1.6,7.6,17.8,5.7,5.7,15.5,160000.0,188200.0
B0W,B0W,NS,25890.0,,,52.8,48.2,12.1,60.5,27.5,2.2,87.2,12.8,34400.0,41440.0,30800.0,34960.0,28800.0,36160.0,48800.0,55550.0,64500.0,76600.0,57200.0,64700.0,16.8,59.2,0.5,40.1,0.2,43.9,10.6,55.9,87.2,12.8,95.4,0.5,2.1,20.6,2.4,2.3,8.5,174000.0,201400.0
B1A,B1A,NS,14988.0,,,50.0,46.5,13.3,60.5,26.2,2.2,68.4,31.6,32400.0,40040.0,29800.0,34640.0,27000.0,36840.0,50400.0,60350.0,57200.0,72200.0,52000.0,62550.0,20.9,97.7,0.0,2.2,0.1,47.5,11.9,49.5,79.2,20.8,92.7,1.4,3.1,20.4,0.8,4.0,18.6,139000.0,142800.0
B1B,B1B,NS,1237.0,,,54.4,49.5,11.7,57.9,30.8,2.2,88.2,11.8,34800.0,40600.0,31400.0,34700.0,30600.0,37000.0,45600.0,54400.0,66000.0,72400.0,58800.0,62000.0,14.8,97.6,0.0,2.8,0.0,51.7,12.4,48.5,79.6,20.4,91.0,0.0,4.5,24.9,2.6,0.0,5.6,120000.0,149000.0
B1C,B1C,NS,1698.0,,,55.6,49.9,10.0,59.4,30.6,2.2,88.9,11.1,39200.0,42880.0,33600.0,36000.0,25200.0,34700.0,56000.0,63200.0,73500.0,88800.0,64000.0,74600.0,14.6,96.2,0.0,3.8,0.0,44.3,8.8,55.7,70.5,29.5,91.5,1.7,1.7,29.3,1.6,1.6,6.2,140000.0,169200.0
B1E,B1E,NS,1533.0,,,49.2,46.1,13.4,60.6,25.7,2.2,75.0,25.0,32400.0,39300.0,30000.0,34400.0,31400.0,37000.0,53200.0,54400.0,63200.0,72600.0,57200.0,63400.0,16.0,97.7,0.0,2.6,0.0,49.8,11.9,49.4,82.9,17.1,93.4,3.3,0.0,19.7,1.0,2.3,20.6,125000.0,161000.0
B1G,B1G,NS,1796.0,,,53.6,48.6,11.4,59.1,29.8,2.1,74.4,25.6,32800.0,39520.0,30000.0,34080.0,26000.0,35200.0,56400.0,60000.0,57600.0,71400.0,52400.0,61500.0,17.4,97.2,0.0,2.5,0.0,48.2,10.3,46.2,81.9,17.4,98.2,0.0,0.0,19.6,0.9,0.6,12.5,149000.0,159500.0
B1H,B1H,NS,9146.0,,,52.8,47.9,12.2,60.4,27.3,2.1,74.3,25.7,32000.0,38480.0,29800.0,33600.0,27400.0,35040.0,50800.0,57250.0,56800.0,70700.0,52000.0,61750.0,18.9,97.5,0.0,2.4,0.1,50.7,11.8,43.4,80.4,19.6,92.5,1.8,3.4,21.9,0.8,2.1,14.2,139000.0,153400.0
B1J,B1J,NS,1148.0,,,61.2,54.3,8.3,52.6,38.7,2.0,90.1,9.9,42000.0,48300.0,36000.0,39400.0,33600.0,44000.0,68500.0,82000.0,72000.0,83600.0,61600.0,68000.0,13.4,93.5,0.0,6.5,0.0,64.6,29.3,39.9,79.7,20.3,96.2,0.0,0.0,32.0,1.9,0.0,10.0,200000.0,279000.0
B1K,B1K,NS,3336.0,,,54.8,49.3,11.1,59.7,29.2,2.2,91.2,8.8,39600.0,50480.0,35200.0,42000.0,32400.0,46120.0,60800.0,66600.0,77500.0,93800.0,67000.0,78100.0,10.4,94.5,0.0,5.5,0.0,58.8,16.0,55.3,84.4,15.6,96.1,0.9,0.9,27.1,2.4,1.4,10.6,210000.0,265200.0
B1L,B1L,NS,4952.0,,,49.2,45.7,14.6,60.3,25.1,2.4,92.5,7.5,42000.0,52000.0,37200.0,42480.0,37600.0,48640.0,64000.0,73000.0,86000.0,105600.0,74500.0,86200.0,9.4,92.0,0.0,7.9,0.1,61.2,25.0,60.6,85.2,14.6,97.1,0.0,1.0,19.5,4.5,4.2,8.5,234000.0,250600.0
B1M,B1M,NS,1271.0,,,49.2,46.0,11.4,65.4,23.2,2.4,91.4,8.6,39600.0,44800.0,35200.0,37700.0,37200.0,43400.0,64000.0,63800.0,88000.0,94000.0,75500.0,79200.0,11.6,95.5,0.0,4.1,0.0,60.4,18.7,53.3,89.2,10.8,94.8,2.1,0.0,16.9,2.0,5.1,9.5,200000.0,228000.0
B1N,B1N,NS,5605.0,,,46.0,44.1,15.1,61.6,23.5,2.2,66.7,33.3,32000.0,37280.0,29600.0,32840.0,24000.0,31040.0,47200.0,49700.0,55200.0,65700.0,51600.0,57850.0,21.7,96.2,0.0,3.7,0.0,49.8,14.6,50.9,78.1,22.2,92.1,2.5,2.2,17.8,1.8,10.8,15.6,125000.0,151400.0
B1P,B1P,NS,14704.0,,,43.6,43.9,12.1,65.4,22.6,2.1,51.6,48.4,31600.0,39200.0,29400.0,33760.0,24600.0,34320.0,50800.0,56950.0,54800.0,69000.0,49600.0,59400.0,21.4,94.1,0.0,5.5,0.3,55.0,25.5,56.5,81.0,19.0,84.6,3.8,7.7,15.1,3.8,14.5,24.4,164000.0,180000.0
B1R,B1R,NS,4478.0,,,48.4,45.7,14.3,61.0,24.6,2.3,76.7,23.3,41600.0,49240.0,36800.0,40520.0,37200.0,43880.0,64500.0,68200.0,83000.0,95400.0,70500.0,78500.0,9.7,91.1,0.0,8.8,0.0,61.6,24.2,56.4,82.9,17.1,95.7,0.7,1.6,17.6,3.2,3.4,11.6,200000.0,230600.0
B1S,B1S,NS,8826.0,,,51.2,48.2,12.5,57.2,30.3,2.2,61.4,38.6,36800.0,46880.0,33600.0,38840.0,30000.0,42680.0,53600.0,65800.0,65500.0,84200.0,58000.0,69700.0,16.4,93.3,0.1,6.5,0.2,61.2,26.9,54.2,82.9,17.1,92.7,2.6,3.0,14.4,4.6,7.9,19.5,220000.0,241400.0
B1T,B1T,NS,400.0,,,61.2,53.1,12.5,50.0,37.5,2.0,94.7,5.3,38000.0,47400.0,33600.0,39800.0,22800.0,40000.0,57600.0,58000.0,65000.0,83000.0,52800.0,69500.0,12.4,97.5,0.0,2.5,0.0,62.7,29.9,39.4,92.3,7.7,100.0,0.0,0.0,26.4,7.6,0.0,8.1,200000.0,228000.0
B1V,B1V,NS,6088.0,,,49.6,45.7,13.6,63.1,23.3,2.2,71.7,28.3,34000.0,39440.0,31000.0,34080.0,25400.0,33200.0,51200.0,55800.0,58800.0,72400.0,53600.0,62650.0,20.2,97.1,0.2,2.8,0.0,45.4,11.1,49.3,76.5,23.7,90.2,2.8,3.1,20.3,1.0,0.8,15.9,130000.0,145200.0
B1W,B1W,NS,3521.0,,,25.4,29.2,30.7,63.1,6.3,3.3,57.4,42.6,23600.0,30840.0,23200.0,30520.0,22200.0,29450.0,41600.0,46600.0,49200.0,61400.0,48800.0,60800.0,39.4,98.0,0.0,1.3,0.6,33.1,15.0,45.1,76.7,23.7,89.1,1.3,7.1,19.7,1.3,0.0,,,
B1X,B1X,NS,921.0,,,54.4,48.6,13.0,56.2,30.3,2.2,93.8,6.2,39200.0,47700.0,34000.0,39700.0,28200.0,37000.0,58400.0,60000.0,76000.0,91200.0,67000.0,76000.0,12.8,96.7,0.0,3.3,0.0,59.2,24.2,51.0,80.0,21.2,94.4,0.0,3.7,30.8,2.8,1.7,5.0,200000.0,241000.0
B1Y,B1Y,NS,5941.0,,,53.2,48.2,11.8,60.5,27.5,2.3,87.2,12.8,36400.0,43560.0,32800.0,36520.0,28200.0,37760.0,60400.0,62200.0,70000.0,84400.0,61600.0,70800.0,12.9,97.1,0.0,2.9,0.0,47.1,13.0,51.8,77.2,22.6,94.6,1.3,1.3,23.0,1.5,0.8,9.1,190000.0,198600.0
B2A,B2A,NS,7711.0,,,54.4,49.0,12.1,58.0,30.0,2.2,72.4,27.6,33600.0,39920.0,30600.0,34440.0,27400.0,35320.0,52400.0,56350.0,60400.0,72400.0,54000.0,62450.0,17.5,95.8,0.0,4.0,0.1,47.8,11.9,50.3,78.5,21.5,92.0,0.9,5.0,19.2,2.6,1.9,15.2,150000.0,161000.0
B2C,B2C,NS,262.0,,,60.4,53.0,11.3,52.8,37.7,2.0,90.0,10.0,32400.0,46000.0,29200.0,38800.0,28000.0,42000.0,58800.0,68000.0,60000.0,78000.0,53200.0,66000.0,15.6,96.2,0.0,3.8,0.0,55.8,19.2,42.3,86.4,13.6,100.0,0.0,0.0,41.4,3.6,0.0,0.0,155000.0,208000.0
B2E,B2E,NS,54.0,,,66.0,64.0,0.0,36.4,54.5,1.8,,,,,,,,,,,,,,,,90.9,0.0,0.0,0.0,,,,,,,,,,,,,,
B2G,B2G,NS,15318.0,,,45.6,44.4,14.8,60.6,24.6,2.2,69.2,30.8,38800.0,47800.0,34400.0,39320.0,31400.0,41640.0,59200.0,67400.0,72000.0,87800.0,62000.0,72300.0,13.7,87.7,0.0,12.1,0.2,61.1,30.8,60.7,88.5,11.5,89.7,0.5,7.6,19.0,6.2,8.3,16.7,250000.0,269600.0
B2H,B2H,NS,15332.0,,,49.6,46.5,13.9,59.9,26.2,2.1,66.7,33.3,36800.0,46120.0,33200.0,38280.0,31200.0,40320.0,53200.0,62600.0,63600.0,81000.0,56400.0,67400.0,17.0,95.1,0.0,4.8,0.1,52.5,18.7,54.9,88.4,11.7,91.6,0.4,5.3,18.0,3.9,6.7,18.1,180000.0,211000.0
B2J,B2J,NS,67.0,,,56.8,54.0,15.4,61.5,30.8,2.0,,,,,,,,,,,,,,,,100.0,0.0,0.0,0.0,,,,,,,,,,,,,,
B2N,B2N,NS,20816.0,,,47.2,45.7,13.4,61.0,25.6,2.0,48.9,51.1,34000.0,41960.0,31000.0,35640.0,29800.0,37640.0,49600.0,57900.0,57600.0,72200.0,52000.0,61400.0,19.5,92.9,0.0,6.8,0.3,49.7,20.6,56.9,85.0,15.0,88.1,0.1,8.4,18.7,5.6,8.7,23.7,200000.0,213200.0
B2R,B2R,NS,2553.0,,,46.8,44.5,15.1,64.5,20.4,2.5,89.2,10.8,50400.0,67800.0,42400.0,52300.0,47600.0,60900.0,75500.0,91000.0,114000.0,142800.0,94000.0,110400.0,6.1,87.5,0.0,12.7,0.0,72.0,38.5,67.9,89.6,10.4,91.6,2.6,0.0,23.0,7.2,4.3,8.3,400000.0,476000.0
B2S,B2S,NS,8011.0,,,42.4,40.8,17.9,66.7,15.5,2.5,78.2,21.8,44400.0,51900.0,38400.0,42040.0,41600.0,47640.0,62400.0,66800.0,92000.0,104300.0,77500.0,84500.0,7.2,91.8,0.0,8.2,0.0,53.9,15.1,69.1,88.7,11.3,95.0,1.1,1.5,27.2,3.5,4.1,13.3,300000.0,310400.0
B2T,B2T,NS,17780.0,,,43.2,40.8,17.6,68.1,14.3,2.7,85.7,14.3,50800.0,64100.0,42800.0,49960.0,48400.0,60950.0,76000.0,85000.0,117000.0,137000.0,95000.0,106900.0,5.9,87.6,0.0,12.3,0.1,62.3,29.5,69.0,91.2,8.8,95.4,0.9,1.6,25.1,5.9,2.8,10.5,400000.0,451600.0
B2V,B2V,NS,12252.0,,,43.2,41.7,17.1,65.1,17.9,2.6,82.1,17.9,48800.0,57200.0,41600.0,46000.0,44400.0,51650.0,70500.0,74600.0,108000.0,121400.0,89000.0,97700.0,4.6,85.9,0.1,13.8,0.2,63.3,30.7,66.3,89.8,10.3,89.5,5.1,3.2,23.6,7.1,8.7,10.4,348000.0,364000.0
B2W,B2W,NS,33145.0,,,46.4,44.8,14.7,62.4,22.9,2.4,73.2,26.8,44800.0,52700.0,39200.0,42760.0,40800.0,47720.0,61600.0,70000.0,89000.0,104200.0,75500.0,84600.0,6.8,88.8,0.1,10.9,0.3,58.2,24.6,60.0,89.6,10.4,88.1,6.4,2.7,22.3,7.8,11.8,16.5,300000.0,326800.0
B2X,B2X,NS,12038.0,,,42.0,41.6,15.5,67.9,16.7,2.4,70.0,30.0,43200.0,52450.0,37600.0,42960.0,38400.0,47000.0,64500.0,69700.0,90000.0,104000.0,76000.0,85100.0,10.3,85.2,0.1,14.5,0.3,60.7,29.6,64.3,88.4,11.5,83.1,7.7,6.2,21.0,8.0,14.6,17.8,348000.0,379200.0
B2Y,B2Y,NS,15420.0,,,42.0,43.5,12.0,67.8,20.2,1.9,40.2,59.8,39600.0,48920.0,35200.0,40320.0,36000.0,44840.0,59600.0,66500.0,66500.0,79300.0,57200.0,65400.0,16.4,87.2,0.1,12.4,0.3,63.6,35.0,63.4,86.9,13.1,74.1,14.7,7.9,20.9,9.2,14.0,25.7,348000.0,372800.0
B2Z,B2Z,NS,8335.0,,,47.6,44.4,14.2,66.2,19.7,2.6,92.8,7.2,44000.0,51600.0,38400.0,42280.0,41600.0,48000.0,61600.0,68200.0,101000.0,109400.0,85000.0,89800.0,7.0,89.6,0.1,10.3,0.0,55.1,19.6,61.0,92.4,7.5,94.6,1.8,1.5,27.1,4.4,19.6,9.8,324000.0,347200.0
B3A,B3A,NS,21857.0,,,40.8,42.2,11.9,70.9,17.3,1.9,29.5,70.5,36800.0,44880.0,32800.0,37600.0,32400.0,40520.0,50000.0,59650.0,58000.0,73200.0,50800.0,61400.0,18.3,89.8,0.1,9.8,0.4,58.3,27.2,65.1,87.3,12.7,73.2,17.2,5.9,20.6,9.6,20.7,26.3,348000.0,386800.0
B3B,B3B,NS,1688.0,,,34.8,37.1,18.0,71.6,10.4,2.4,0.0,100.0,40000.0,44100.0,35200.0,37400.0,33600.0,37300.0,46000.0,50800.0,75500.0,77600.0,66000.0,66000.0,13.9,90.5,0.0,9.5,0.4,57.4,19.4,71.3,83.1,16.9,86.9,6.5,2.8,17.9,5.0,10.7,31.4,,
B3E,B3E,NS,7085.0,,,44.4,42.2,16.2,66.5,17.3,2.5,91.2,8.8,45600.0,53250.0,39200.0,43120.0,43600.0,49080.0,63600.0,71300.0,93000.0,105900.0,78500.0,85800.0,7.3,89.2,0.0,10.7,0.0,57.5,17.3,65.3,88.8,11.3,94.4,1.7,1.4,31.0,4.0,5.1,11.9,300000.0,329200.0
B3G,B3G,NS,11275.0,,,40.8,40.2,17.6,67.8,14.6,2.5,87.3,12.7,45200.0,49920.0,39200.0,41520.0,43600.0,46040.0,59200.0,62700.0,92000.0,97700.0,78000.0,81300.0,7.2,87.8,0.1,12.0,0.1,52.6,15.4,65.1,91.4,8.6,92.3,4.6,1.8,25.0,5.5,6.0,12.1,252000.0,282800.0
B3H,B3H,NS,20788.0,,,29.0,37.6,8.6,76.0,15.4,2.0,29.9,70.1,32400.0,59500.0,29800.0,44680.0,21000.0,49200.0,64500.0,96100.0,59600.0,103800.0,53200.0,78000.0,22.5,79.5,0.0,19.6,0.8,73.6,60.3,67.4,82.6,17.3,49.0,11.4,34.0,20.7,15.7,27.8,44.4,800000.0,923000.0
B3J,B3J,NS,9086.0,,,28.4,34.3,4.3,86.9,8.7,1.7,10.5,89.5,35600.0,51350.0,32800.0,41640.0,28800.0,44240.0,62400.0,73700.0,60800.0,81000.0,53200.0,65700.0,22.6,83.5,0.1,15.7,0.7,79.4,63.7,75.1,85.1,14.9,36.3,17.2,42.2,20.6,14.1,35.6,46.1,552000.0,720000.0
B3K,B3K,NS,23207.0,,,35.2,40.1,10.1,74.2,15.7,1.9,28.2,71.8,38800.0,49000.0,34800.0,40480.0,35200.0,44560.0,60000.0,67300.0,66500.0,80500.0,57600.0,66600.0,18.5,83.8,0.1,15.3,0.8,68.4,46.5,70.3,86.8,13.2,53.1,15.1,25.6,21.2,13.5,23.7,28.7,440000.0,454800.0
B3L,B3L,NS,18409.0,,,34.8,38.4,13.5,72.8,13.7,2.2,41.0,59.0,38400.0,51350.0,34400.0,42000.0,33200.0,45960.0,62800.0,73000.0,72500.0,93300.0,62400.0,76400.0,15.7,83.5,0.1,15.6,0.8,66.6,46.2,70.0,86.2,13.8,57.9,15.8,19.0,20.5,13.7,22.3,26.7,500000.0,542500.0
B3M,B3M,NS,37555.0,,,37.2,40.0,14.9,68.4,16.8,2.2,33.0,67.0,38800.0,48320.0,34400.0,39920.0,33600.0,43040.0,56000.0,65100.0,70000.0,86600.0,60800.0,71600.0,16.8,86.7,0.1,11.4,1.9,65.3,39.3,66.4,87.6,12.5,81.0,13.3,3.8,23.2,24.6,33.5,27.2,400000.0,443200.0
B3N,B3N,NS,14943.0,,,39.6,41.6,13.2,69.2,17.5,2.1,49.4,50.6,41600.0,54650.0,36400.0,43560.0,36800.0,49440.0,60400.0,72800.0,75000.0,96400.0,64000.0,76900.0,13.6,87.5,0.1,11.5,0.9,66.8,40.3,66.2,89.0,11.0,80.3,11.1,5.1,20.9,16.1,22.6,25.5,400000.0,454800.0
B3P,B3P,NS,11389.0,,,39.6,41.8,15.9,64.6,19.5,2.3,61.6,38.4,43600.0,56200.0,38400.0,45480.0,40800.0,50600.0,64500.0,72400.0,85000.0,105000.0,71500.0,85000.0,12.1,85.8,0.1,13.4,0.6,67.8,41.8,66.7,88.8,11.2,85.1,8.4,3.2,22.3,17.9,24.1,21.2,400000.0,452400.0
B3R,B3R,NS,9500.0,,,38.4,38.9,18.1,68.6,13.2,2.3,46.5,53.5,34400.0,39760.0,31400.0,34400.0,31000.0,36440.0,48800.0,53700.0,60000.0,70700.0,54400.0,61150.0,22.3,91.9,0.0,7.1,0.9,46.7,16.8,60.0,87.1,12.9,77.9,15.4,5.0,26.0,10.8,19.7,25.3,286000.0,298800.0
B3S,B3S,NS,13818.0,,,43.6,45.3,12.2,62.0,25.7,2.1,21.1,78.9,40400.0,46840.0,36000.0,39080.0,36000.0,42480.0,58000.0,65200.0,74500.0,85100.0,64000.0,71100.0,12.8,88.4,0.0,10.1,1.4,64.9,38.0,60.2,87.8,12.2,83.1,10.1,4.6,21.9,25.3,35.2,29.7,400000.0,427200.0
B3T,B3T,NS,17777.0,,,41.6,40.2,18.1,68.1,13.8,2.6,86.4,13.6,46800.0,53500.0,40400.0,43840.0,44800.0,49920.0,66500.0,70400.0,100000.0,109100.0,84000.0,89400.0,6.9,88.1,0.0,11.6,0.3,61.3,28.1,68.6,91.6,8.4,91.7,3.3,2.4,25.5,8.1,8.9,11.9,320000.0,346400.0
B3V,B3V,NS,6136.0,,,46.0,43.7,14.8,66.5,18.7,2.5,91.3,8.7,44800.0,53000.0,38800.0,42960.0,42800.0,49480.0,66000.0,71400.0,94000.0,106700.0,79000.0,86500.0,8.0,90.7,0.1,9.2,0.0,56.7,24.5,64.3,88.2,12.0,94.9,0.9,1.5,27.6,6.5,3.6,13.4,348000.0,370800.0
B3Z,B3Z,NS,17841.0,,,45.6,42.4,16.9,65.5,17.6,2.7,93.6,6.4,49200.0,61450.0,42000.0,48080.0,47200.0,57400.0,76000.0,83000.0,115000.0,129400.0,95000.0,101500.0,5.8,85.4,0.0,14.5,0.1,65.6,34.1,65.5,92.1,7.9,93.2,1.5,2.6,29.0,7.2,3.2,11.0,400000.0,453200.0
B4A,B4A,NS,18541.0,,,43.2,41.9,17.0,64.0,19.0,2.5,70.5,29.5,47200.0,63950.0,40800.0,49240.0,42400.0,58350.0,71500.0,88600.0,98000.0,126400.0,82000.0,97500.0,9.3,85.3,0.1,13.7,0.9,68.6,44.2,64.5,87.9,12.1,88.7,4.7,3.6,21.6,18.1,19.8,20.1,448000.0,496000.0
B4B,B4B,NS,19570.0,,,40.4,39.1,20.3,65.8,13.9,2.7,67.8,32.2,51600.0,65300.0,44000.0,50400.0,50400.0,61900.0,80000.0,89700.0,116000.0,135600.0,95000.0,104900.0,8.3,84.1,0.1,15.0,0.8,67.8,41.0,67.5,91.5,8.5,92.6,1.4,2.9,25.2,15.2,18.4,21.9,500000.0,532500.0
B4C,B4C,NS,18425.0,,,44.0,42.9,15.0,65.4,19.6,2.4,71.4,28.6,41200.0,46600.0,36000.0,39120.0,37600.0,41760.0,55600.0,59850.0,82000.0,92000.0,71000.0,77400.0,8.9,90.9,0.1,8.9,0.2,53.2,18.8,62.6,89.4,10.6,88.1,5.9,3.4,22.2,4.9,7.9,16.2,280000.0,286800.0
B4E,B4E,NS,19718.0,,,40.0,39.2,18.5,68.7,12.9,2.6,83.4,16.6,46000.0,53250.0,39600.0,43400.0,44000.0,50160.0,63600.0,68000.0,97000.0,107300.0,82000.0,87600.0,7.3,91.0,0.1,8.8,0.2,57.0,20.6,69.3,92.1,7.9,91.7,4.5,1.4,24.8,5.3,6.3,12.3,300000.0,324000.0
B4G,B4G,NS,5430.0,,,41.2,39.7,19.5,65.7,14.7,2.8,96.0,4.0,48400.0,52300.0,41600.0,42920.0,47200.0,49520.0,65000.0,67500.0,113000.0,115700.0,94000.0,94900.0,4.8,92.1,0.1,7.8,0.1,60.2,20.5,69.7,89.9,10.0,92.3,2.7,3.2,26.7,3.8,5.1,7.1,348000.0,356000.0
B4H,B4H,NS,13723.0,,,50.0,46.5,14.2,59.0,26.7,2.1,66.4,33.6,34400.0,44920.0,31000.0,37360.0,30600.0,42480.0,48400.0,56850.0,59600.0,78600.0,53600.0,65400.0,19.7,93.5,0.0,6.3,0.2,46.9,13.1,52.5,87.8,12.2,90.7,0.0,6.9,17.6,2.8,3.8,17.1,150000.0,191400.0
B4N,B4N,NS,18024.0,,,46.4,44.7,14.3,62.7,23.0,2.2,59.7,40.3,35200.0,43160.0,31800.0,36560.0,31800.0,38840.0,50800.0,59050.0,64000.0,77300.0,56800.0,65500.0,16.8,91.5,0.0,8.4,0.1,52.9,20.0,58.0,89.2,10.8,91.1,1.0,4.9,19.0,5.4,7.6,19.5,250000.0,261600.0
B4P,B4P,NS,8780.0,,,47.6,45.9,10.2,63.0,26.8,2.1,56.9,43.1,33200.0,44200.0,30400.0,37120.0,22600.0,36880.0,52000.0,64800.0,64500.0,81100.0,57600.0,68100.0,17.5,88.7,0.0,11.0,0.3,60.2,34.7,57.3,84.2,15.8,84.7,1.7,9.8,21.6,8.5,8.2,22.8,340000.0,356800.0
B4R,B4R,NS,2858.0,,,46.4,44.0,15.4,63.6,21.0,2.4,82.6,17.4,42400.0,47160.0,37200.0,39200.0,39600.0,41720.0,61600.0,61300.0,84000.0,96200.0,72000.0,80000.0,8.8,94.0,0.0,6.0,0.2,62.0,22.3,60.9,92.7,7.0,95.6,0.8,3.6,16.8,6.6,5.6,10.6,250000.0,276000.0
B4V,B4V,NS,20376.0,,,51.6,47.9,12.4,59.8,27.8,2.2,75.5,24.5,34800.0,42880.0,31400.0,35920.0,30200.0,38640.0,54000.0,59950.0,65500.0,78400.0,58000.0,65700.0,15.6,93.3,0.0,6.6,0.1,50.5,15.3,54.1,89.2,10.9,93.0,0.5,4.5,20.5,5.5,3.3,15.7,224000.0,251800.0
B5A,B5A,NS,16753.0,,,50.0,46.5,14.1,59.5,26.4,2.2,68.2,31.8,32800.0,40680.0,29800.0,34760.0,27800.0,35120.0,46800.0,54500.0,58000.0,73000.0,52400.0,62450.0,20.5,83.0,0.0,16.8,0.2,48.7,13.3,56.5,85.8,14.1,91.6,0.6,5.4,17.4,4.1,4.9,15.5,180000.0,209400.0
B6L,B6L,NS,12989.0,,,46.0,43.4,16.3,63.6,20.1,2.4,84.5,15.5,40400.0,49120.0,35600.0,40560.0,37200.0,45360.0,58000.0,65700.0,81000.0,95700.0,69500.0,79100.0,11.0,92.9,0.0,7.0,0.1,54.4,19.2,62.9,88.9,11.1,96.5,0.0,1.9,23.0,3.9,2.6,10.8,220000.0,244600.0
B9A,B9A,NS,4472.0,,,48.4,45.8,12.6,62.6,24.8,2.2,68.3,31.7,35200.0,43880.0,32000.0,36800.0,26800.0,38840.0,62000.0,64200.0,69000.0,83000.0,61200.0,69600.0,15.8,89.0,0.0,10.9,0.1,57.0,17.1,57.5,82.5,17.3,89.4,0.6,7.3,17.7,3.7,5.0,14.5,174000.0,195600.0
C0A,C0A,PE,48140.0,,,44.8,43.1,16.1,63.0,20.9,2.4,82.5,17.5,39600.0,46200.0,34800.0,38880.0,31200.0,38040.0,53200.0,59050.0,77500.0,89400.0,67500.0,75300.0,12.4,87.7,0.1,10.7,1.6,55.8,19.8,66.5,90.0,10.0,95.0,0.6,2.4,24.1,5.6,3.5,11.9,276000.0,305200.0
C0B,C0B,PE,29902.0,,,47.2,44.4,15.3,62.1,22.6,2.4,80.1,19.9,38400.0,43400.0,33600.0,36600.0,29000.0,35760.0,49600.0,54800.0,73500.0,85400.0,64500.0,72100.0,13.2,85.2,0.2,14.5,0.2,43.9,11.9,65.9,87.6,12.4,95.6,0.6,2.4,21.6,4.0,4.6,9.5,224000.0,252200.0
C1A,C1A,PE,25861.0,,,40.4,43.0,11.5,66.5,21.9,2.1,39.7,60.3,35200.0,44240.0,31800.0,37120.0,27400.0,37040.0,49600.0,58950.0,60400.0,77500.0,53600.0,65000.0,19.4,85.3,0.1,13.4,1.2,61.1,30.7,64.5,89.6,10.4,78.8,5.2,13.2,14.7,13.1,21.6,24.5,348000.0,376000.0
C1B,C1B,PE,14817.0,,,40.4,40.1,19.2,63.2,17.5,2.5,76.3,23.7,44800.0,54650.0,38800.0,44200.0,39200.0,48360.0,61200.0,71100.0,90000.0,108200.0,77000.0,87800.0,9.4,83.7,0.1,15.3,0.9,68.2,34.1,68.8,92.1,8.0,96.3,0.8,1.2,20.7,10.1,11.0,15.0,352000.0,400800.0
C1C,C1C,PE,5239.0,,,39.6,41.1,15.5,65.3,19.1,2.4,59.4,40.6,40000.0,45320.0,35600.0,38040.0,34400.0,38720.0,49600.0,54900.0,77000.0,86600.0,67000.0,72700.0,11.3,87.8,0.1,11.4,0.8,60.6,23.3,68.9,92.5,7.5,96.8,1.1,1.1,16.2,11.1,17.0,19.8,300000.0,310800.0
C1E,C1E,PE,12681.0,,,42.8,41.7,17.0,64.5,18.5,2.5,71.3,28.7,41200.0,51040.0,36000.0,41920.0,35200.0,45040.0,60400.0,69500.0,84000.0,102500.0,72500.0,84200.0,12.7,85.9,0.0,12.6,1.5,63.1,29.7,66.5,89.9,10.1,95.6,1.3,1.8,19.1,13.1,16.6,18.5,360000.0,382000.0
C1N,C1N,PE,17691.0,,,47.2,45.0,14.1,61.9,24.1,2.2,58.9,41.1,36800.0,43520.0,33200.0,36720.0,31600.0,38440.0,50800.0,57850.0,65000.0,80100.0,57600.0,67600.0,15.4,87.0,0.1,12.7,0.2,49.5,16.1,61.9,89.4,10.6,93.0,0.1,4.3,15.6,5.7,7.9,17.5,250000.0,268000.0
E1A,E1A,NB,48336.0,,,40.4,41.4,16.0,65.5,18.5,2.3,61.3,38.7,42000.0,50680.0,37200.0,42240.0,38400.0,45960.0,59200.0,67100.0,78000.0,94300.0,68000.0,78700.0,11.5,30.5,6.1,63.0,0.4,62.3,29.4,66.9,92.5,7.5,91.3,2.2,3.6,17.1,9.6,12.1,18.4,240000.0,263600.0
E1B,E1B,NB,20584.0,,,45.2,43.9,15.2,62.8,22.1,2.4,76.1,23.9,40800.0,48080.0,36400.0,40400.0,36800.0,43720.0,54800.0,64800.0,79500.0,92700.0,69500.0,77900.0,8.7,70.4,0.3,29.2,0.2,55.6,20.2,64.1,92.2,7.8,92.2,1.0,4.1,18.7,6.0,6.5,14.7,200000.0,222600.0
E1C,E1C,NB,25834.0,,,40.8,42.8,12.5,67.3,20.2,2.0,37.0,63.0,33200.0,40040.0,30400.0,34520.0,27800.0,34080.0,45200.0,52650.0,53600.0,67000.0,48800.0,57800.0,22.2,56.3,2.4,40.6,0.7,51.3,21.6,62.9,89.1,10.9,75.5,5.5,14.9,15.9,10.8,17.9,25.5,180000.0,205400.0
E1E,E1E,NB,11936.0,,,42.8,43.3,15.3,63.3,21.3,2.2,65.0,35.0,39600.0,48640.0,35600.0,40600.0,34800.0,42800.0,54400.0,64700.0,71500.0,87400.0,62400.0,73000.0,13.3,61.1,1.3,37.0,0.5,56.5,24.2,64.4,90.0,10.0,88.6,3.4,5.5,16.5,10.5,11.5,18.5,200000.0,218200.0
E1G,E1G,NB,24784.0,,,40.8,39.7,18.7,66.1,15.2,2.6,84.8,15.2,44800.0,53100.0,39600.0,43840.0,40800.0,48240.0,60400.0,69000.0,95000.0,108200.0,82000.0,89600.0,8.0,58.4,1.4,39.7,0.5,61.1,27.0,69.6,93.4,6.6,95.2,1.2,1.9,17.9,11.5,12.2,12.1,250000.0,283600.0
E1H,E1H,NB,7883.0,,,47.2,44.7,14.3,65.3,20.5,2.3,91.2,8.8,40400.0,50040.0,36000.0,41720.0,38400.0,47000.0,54400.0,65600.0,77500.0,97800.0,67500.0,81500.0,10.0,40.5,3.9,55.6,0.1,51.1,15.0,64.3,90.1,10.0,95.5,0.8,0.8,21.8,3.8,1.6,6.5,151000.0,217600.0
E1J,E1J,NB,3736.0,,,44.8,42.6,16.9,65.1,18.1,2.6,94.4,5.6,44000.0,52450.0,38800.0,43440.0,40800.0,46160.0,58400.0,67000.0,95000.0,106000.0,81000.0,87800.0,7.9,75.2,0.1,24.6,0.0,54.6,16.5,63.6,93.8,6.5,96.4,0.0,1.1,23.8,2.4,2.4,7.0,250000.0,285600.0
E1N,E1N,NB,11333.0,,,50.0,46.5,13.6,59.9,26.5,2.2,73.0,27.0,37200.0,43480.0,33600.0,37440.0,33200.0,40000.0,55600.0,58850.0,66000.0,80400.0,59200.0,69200.0,15.2,83.3,0.3,16.3,0.0,52.1,15.9,56.7,87.6,12.5,93.8,0.7,2.9,19.0,3.2,2.5,12.0,151000.0,175600.0
E1V,E1V,NB,13811.0,,,50.0,46.5,13.6,60.4,25.9,2.2,77.9,22.1,38000.0,44800.0,34000.0,38280.0,33200.0,40520.0,57200.0,60950.0,68500.0,82900.0,60800.0,70900.0,14.3,77.9,0.4,21.6,0.1,50.9,14.8,57.4,88.5,11.5,94.7,0.6,3.0,18.7,3.5,3.1,12.7,160000.0,184600.0
E1W,E1W,NB,6940.0,,,55.6,51.2,9.6,58.7,31.6,2.0,78.3,21.7,35600.0,43640.0,31600.0,37160.0,26000.0,37160.0,50400.0,59550.0,62400.0,78000.0,55200.0,66400.0,15.2,0.8,52.9,46.2,0.0,50.8,18.6,54.6,86.7,13.3,93.8,0.8,3.6,17.5,1.4,1.2,9.9,150000.0,168800.0
E1X,E1X,NB,14082.0,,,52.0,47.8,11.6,62.6,25.7,2.2,76.9,23.1,33600.0,38560.0,30200.0,33520.0,24600.0,32880.0,49600.0,56000.0,61600.0,73000.0,55600.0,63450.0,17.0,1.0,50.7,48.3,0.1,44.9,10.8,53.8,86.4,13.5,95.2,1.0,1.9,20.7,1.0,0.8,12.9,150000.0,173600.0
E2A,E2A,NB,17408.0,,,53.2,49.1,11.0,59.0,30.0,2.1,69.5,30.5,34000.0,41520.0,31000.0,35560.0,28800.0,37320.0,54000.0,58950.0,59200.0,74400.0,53600.0,63700.0,18.0,33.9,6.9,59.1,0.0,47.8,14.2,51.9,88.3,11.8,90.5,0.5,4.8,16.7,3.5,4.4,13.8,140000.0,167000.0
E2E,E2E,NB,19840.0,,,44.0,42.3,17.1,63.0,19.9,2.6,84.4,15.6,48800.0,66900.0,42800.0,52400.0,47200.0,63850.0,75000.0,94500.0,107000.0,135000.0,90000.0,105800.0,5.9,76.8,0.1,22.8,0.3,65.4,34.2,65.1,91.9,8.0,95.6,0.4,2.7,21.5,8.5,6.7,11.1,290000.0,322400.0
E2G,E2G,NB,5528.0,,,42.4,41.3,18.6,63.4,18.0,2.6,91.3,8.7,46400.0,57950.0,40800.0,47040.0,46400.0,56550.0,75000.0,84800.0,101000.0,119600.0,85000.0,97100.0,7.4,79.6,0.2,20.2,0.1,60.7,26.5,63.6,92.9,7.1,96.6,0.0,1.6,21.3,3.3,3.8,7.7,270000.0,283200.0
E2H,E2H,NB,4748.0,,,44.4,42.6,16.8,63.1,20.1,2.5,80.9,19.1,42800.0,71800.0,38000.0,54700.0,36400.0,60000.0,67000.0,87200.0,87000.0,143800.0,76000.0,109600.0,10.6,82.8,0.3,16.7,0.2,57.8,31.6,62.9,88.3,11.7,93.3,2.4,2.7,19.3,7.5,4.4,12.3,250000.0,330400.0
E2J,E2J,NB,16058.0,,,44.0,43.9,14.0,64.1,21.9,2.1,58.2,41.8,36400.0,40600.0,32800.0,35360.0,32800.0,36920.0,48000.0,53350.0,62000.0,72500.0,55600.0,63150.0,15.0,87.9,0.2,11.6,0.3,47.3,13.4,61.3,88.6,11.4,89.1,4.8,3.7,17.1,6.6,9.5,18.2,160000.0,162400.0
E2K,E2K,NB,18798.0,,,42.4,42.8,15.9,63.1,21.0,2.2,43.6,56.4,34800.0,43920.0,31800.0,37400.0,30800.0,40080.0,49600.0,61700.0,58000.0,75300.0,52800.0,64100.0,23.7,84.5,0.2,14.0,1.4,50.5,26.0,58.2,88.8,11.2,82.1,7.0,8.0,15.7,16.2,20.6,20.5,200000.0,243400.0
E2L,E2L,NB,8221.0,,,39.2,41.8,10.3,73.1,16.6,1.7,14.9,85.1,32400.0,41320.0,29800.0,35240.0,28000.0,38800.0,47600.0,60000.0,44800.0,60750.0,40800.0,51800.0,31.0,83.5,0.2,15.5,0.7,51.5,27.0,62.4,86.5,13.5,57.1,9.1,29.5,16.6,9.8,16.7,27.1,250000.0,282500.0
E2M,E2M,NB,18836.0,,,46.8,44.3,15.2,63.2,21.7,2.3,70.9,29.1,40400.0,47480.0,36000.0,40160.0,36400.0,43920.0,56800.0,63650.0,73500.0,86800.0,64500.0,73400.0,11.8,85.1,0.1,14.6,0.2,51.2,17.9,60.8,90.4,9.6,91.8,2.8,3.2,17.2,3.0,3.0,15.0,180000.0,192200.0
E2N,E2N,NB,4310.0,,,46.4,43.5,14.4,67.7,18.0,2.5,91.6,8.4,42000.0,48440.0,37200.0,40640.0,39600.0,47160.0,60400.0,67400.0,89000.0,100300.0,76500.0,84100.0,7.9,85.7,0.2,14.0,0.0,49.6,13.1,63.1,91.4,8.6,96.7,0.0,1.4,22.3,2.2,2.9,9.9,200000.0,212400.0
E2P,E2P,NB,1337.0,,,45.6,43.2,16.4,63.4,19.8,2.4,93.6,6.4,40800.0,43800.0,35600.0,37500.0,37200.0,40600.0,53600.0,55000.0,77000.0,83200.0,67000.0,71600.0,7.8,88.1,0.0,11.6,0.0,52.3,10.6,65.9,94.4,5.6,99.2,0.0,0.0,16.8,3.5,9.8,8.1,140000.0,156500.0
E2R,E2R,NB,10.0,,,,,,,,,,,,,,,,,,,,,,,,,,,,,,,,,,,,,,,,,
E2S,E2S,NB,6970.0,,,44.0,41.5,16.4,67.9,15.7,2.6,92.9,7.1,42000.0,48880.0,37200.0,40920.0,40400.0,46760.0,58400.0,66600.0,90000.0,100100.0,77000.0,83800.0,7.7,84.7,0.1,15.1,0.1,50.6,10.3,65.4,91.1,8.9,97.3,0.7,0.8,25.7,1.6,3.0,6.4,200000.0,211200.0
E2V,E2V,NB,14545.0,,,34.4,36.8,20.4,67.3,12.3,2.5,65.3,34.7,48800.0,51160.0,42800.0,43360.0,47600.0,46440.0,62800.0,61250.0,89000.0,97900.0,77000.0,83000.0,5.4,76.1,1.5,22.2,0.2,44.5,15.5,66.3,94.2,5.8,95.9,0.4,2.5,16.3,2.9,3.0,5.9,230000.0,238200.0
E3A,E3A,NB,29462.0,,,42.8,42.5,16.2,63.9,19.9,2.3,66.4,33.6,40000.0,47280.0,36000.0,40080.0,36800.0,43840.0,56800.0,62500.0,74000.0,86600.0,65500.0,73500.0,13.7,78.7,0.3,20.7,0.4,55.9,27.0,63.7,91.5,8.5,90.9,2.5,3.7,18.0,7.2,6.5,17.2,220000.0,239800.0
E3B,E3B,NB,39788.0,,,37.2,40.0,14.1,68.9,17.0,2.2,57.2,42.8,40000.0,51850.0,36000.0,42960.0,33600.0,44440.0,57600.0,67700.0,74500.0,94500.0,65000.0,78200.0,12.5,74.0,0.4,25.1,0.5,62.8,39.3,68.4,91.8,8.2,83.5,3.5,9.5,17.0,13.2,15.5,18.7,250000.0,279600.0
E3C,E3C,NB,12321.0,,,43.6,42.3,16.8,63.7,19.5,2.5,84.3,15.7,50000.0,57750.0,43200.0,47440.0,46800.0,53250.0,68000.0,75400.0,102000.0,113700.0,86000.0,93500.0,5.2,70.7,0.6,28.4,0.3,67.2,37.9,66.6,93.5,6.4,96.5,0.6,1.2,18.1,8.1,6.8,10.2,266000.0,285600.0
E3E,E3E,NB,4719.0,,,43.6,41.5,17.6,65.0,17.4,2.6,95.2,4.8,46000.0,57600.0,40800.0,47160.0,42800.0,51200.0,66500.0,74800.0,102000.0,119400.0,88000.0,98100.0,8.7,75.1,0.2,24.7,0.0,60.2,33.2,63.6,92.6,7.4,94.5,0.6,3.3,22.1,6.4,2.4,6.2,300000.0,336000.0
E3G,E3G,NB,9122.0,,,42.0,40.9,18.9,64.4,16.8,2.5,88.7,11.3,45600.0,56700.0,40000.0,46560.0,43200.0,53450.0,62400.0,75100.0,92000.0,113200.0,79500.0,93100.0,7.8,75.8,0.5,23.5,0.2,60.7,29.8,69.1,93.3,6.6,96.4,1.5,0.9,20.9,6.2,5.9,7.4,250000.0,267200.0
E3L,E3L,NB,8439.0,,,49.6,46.0,14.9,59.9,25.2,2.2,74.1,25.9,34400.0,41400.0,31400.0,35840.0,30200.0,37800.0,50400.0,56500.0,62000.0,75100.0,56000.0,65000.0,18.2,90.0,0.0,9.8,0.1,47.7,15.7,57.2,90.1,10.0,92.5,0.0,6.3,17.7,7.6,3.2,11.3,150000.0,177600.0
E3N,E3N,NB,13467.0,,,53.6,48.6,11.4,60.9,27.7,2.1,69.7,30.3,34000.0,40040.0,31000.0,34720.0,28600.0,35600.0,47600.0,55600.0,56000.0,71300.0,51200.0,61950.0,19.4,26.7,16.3,56.8,0.1,48.1,13.1,54.0,87.4,12.5,91.7,0.4,5.9,16.2,2.3,2.3,13.3,125000.0,143000.0
E3V,E3V,NB,12142.0,,,54.0,49.9,11.0,57.5,31.5,1.9,60.7,39.3,36000.0,43360.0,32400.0,36880.0,31000.0,39000.0,51600.0,59350.0,55600.0,72300.0,50400.0,61500.0,18.2,2.8,33.0,63.9,0.2,51.9,18.9,54.8,91.0,9.0,93.4,0.3,3.9,14.2,4.6,5.2,16.5,150000.0,169800.0
E3Y,E3Y,NB,7113.0,,,48.8,45.8,14.4,61.9,23.7,2.2,76.2,23.8,36000.0,43360.0,32400.0,37040.0,33200.0,39440.0,51200.0,56950.0,67000.0,80700.0,59200.0,68900.0,16.6,8.1,13.8,78.0,0.0,42.6,10.6,61.8,90.6,9.6,95.5,0.3,3.1,16.2,2.0,1.2,10.7,174000.0,198200.0
E3Z,E3Z,NB,3965.0,,,50.0,46.4,13.4,61.7,24.8,2.1,69.1,30.9,36000.0,41680.0,32800.0,36000.0,33200.0,38680.0,52800.0,58800.0,62800.0,75500.0,56800.0,65200.0,17.5,22.8,8.7,68.4,0.1,45.2,13.6,54.3,91.2,9.3,91.3,0.0,5.5,16.8,4.1,3.0,13.7,166000.0,190800.0
E4A,E4A,NB,3001.0,,,56.8,50.9,10.8,57.8,31.7,2.0,89.0,11.0,31000.0,38960.0,28800.0,33920.0,30600.0,37320.0,53600.0,56800.0,54800.0,69900.0,50800.0,60850.0,20.2,94.2,0.0,5.5,0.2,37.3,7.5,49.6,89.5,11.2,96.8,0.9,1.4,32.5,3.2,1.3,6.7,100000.0,138800.0
E4B,E4B,NB,4263.0,,,54.4,49.1,12.7,57.1,30.1,2.1,85.0,15.0,32800.0,39600.0,30000.0,34680.0,29200.0,37760.0,53600.0,56700.0,58000.0,69200.0,52000.0,60550.0,19.8,89.5,0.0,10.5,0.0,44.1,9.6,51.7,85.1,14.7,94.0,0.7,2.8,31.9,3.3,1.8,10.8,120000.0,169400.0
E4C,E4C,NB,2451.0,,,57.2,51.4,11.4,55.2,33.2,2.1,93.0,7.0,34000.0,41320.0,31200.0,35600.0,27600.0,35900.0,51200.0,58200.0,62800.0,73000.0,56800.0,62900.0,18.6,91.4,0.0,8.6,0.2,50.1,11.5,43.1,84.6,15.4,96.7,0.0,1.7,35.8,5.0,0.7,8.0,150000.0,200400.0
E4E,E4E,NB,9163.0,,,48.4,45.1,15.8,59.1,25.2,2.2,73.3,26.7,34400.0,43480.0,31200.0,36960.0,29400.0,39480.0,49200.0,59250.0,61200.0,78000.0,55200.0,66400.0,18.5,86.1,0.0,13.6,0.2,43.8,14.2,55.8,89.5,10.5,91.5,0.4,5.1,21.6,3.5,2.5,12.9,174000.0,191600.0
E4G,E4G,NB,2714.0,,,48.0,44.4,16.1,61.8,22.3,2.4,90.0,10.0,35200.0,39760.0,32000.0,34880.0,31000.0,34000.0,51600.0,53000.0,71500.0,76000.0,64500.0,66600.0,15.4,87.8,0.0,12.0,0.2,39.5,8.3,56.1,90.1,9.5,96.6,1.0,2.4,24.8,4.0,0.4,8.1,150000.0,177600.0
E4H,E4H,NB,4208.0,,,50.4,46.9,13.4,60.9,25.8,2.2,88.0,12.0,35200.0,40120.0,32000.0,34800.0,28000.0,35040.0,52000.0,54900.0,62800.0,75300.0,56800.0,65500.0,16.5,86.9,0.1,12.9,0.1,42.4,12.1,57.2,81.8,18.2,90.6,0.7,5.2,29.9,3.3,0.7,8.9,150000.0,189200.0
E4J,E4J,NB,5001.0,,,47.2,44.4,15.5,61.5,23.0,2.4,87.2,12.8,36400.0,41240.0,32800.0,35560.0,32800.0,36840.0,47200.0,52950.0,71000.0,79000.0,62800.0,68100.0,13.6,81.2,0.0,18.7,0.1,41.4,7.5,61.3,89.3,10.7,93.4,0.0,3.8,25.4,3.2,2.6,11.0,174000.0,195200.0
E4K,E4K,NB,6398.0,,,46.0,44.5,14.2,64.9,21.0,2.4,87.7,12.3,40800.0,46360.0,36000.0,39160.0,38400.0,42640.0,56800.0,63150.0,78000.0,90600.0,67500.0,76600.0,10.8,25.6,4.5,70.0,0.0,55.5,14.9,62.7,92.8,7.2,95.9,0.0,1.6,25.9,3.5,2.4,8.9,160000.0,197800.0
E4L,E4L,NB,7746.0,,,46.0,44.5,14.1,61.1,24.8,2.3,71.2,28.8,36400.0,46200.0,32800.0,38760.0,30200.0,40360.0,54000.0,65600.0,69000.0,85900.0,62000.0,72100.0,15.2,79.4,0.1,20.5,0.1,53.4,26.3,59.0,89.2,10.7,86.0,0.6,11.9,19.2,6.8,5.5,15.7,180000.0,206000.0
E4M,E4M,NB,1937.0,,,58.0,51.4,10.6,56.1,33.3,2.1,91.0,9.0,32000.0,37840.0,29200.0,32840.0,21800.0,30150.0,47600.0,52800.0,56800.0,66400.0,52800.0,58100.0,18.4,88.1,0.3,11.6,0.3,47.8,10.3,43.8,85.0,15.0,90.0,2.0,4.0,28.5,5.4,1.6,6.9,150000.0,190400.0
E4N,E4N,NB,3895.0,,,51.6,47.8,12.2,62.3,25.5,2.3,78.7,21.3,37600.0,41480.0,33200.0,35800.0,27600.0,33800.0,49600.0,54200.0,75000.0,82800.0,66000.0,71500.0,11.6,20.3,5.3,74.2,0.4,41.9,8.5,61.1,86.0,14.0,96.3,0.0,2.0,19.7,5.6,7.2,10.3,184000.0,202400.0
E4P,E4P,NB,15900.0,,,52.0,48.3,12.2,59.3,28.4,2.2,75.9,24.1,39600.0,47200.0,34800.0,39520.0,34000.0,42040.0,56800.0,63550.0,74500.0,89800.0,65000.0,75200.0,10.7,23.4,4.9,71.6,0.2,53.1,17.0,58.2,89.4,10.6,93.6,0.2,3.1,21.0,4.5,4.5,13.2,240000.0,269200.0
E4R,E4R,NB,6883.0,,,52.8,48.5,12.2,60.3,27.5,2.2,89.4,10.6,40400.0,49240.0,35600.0,40560.0,35200.0,42600.0,56800.0,63750.0,78000.0,94800.0,67500.0,78000.0,10.5,17.6,5.5,76.8,0.1,53.4,18.3,62.1,87.2,12.8,94.5,0.0,3.3,25.7,4.7,1.6,8.1,220000.0,251400.0
E4S,E4S,NB,7276.0,,,54.0,49.5,10.9,59.9,29.3,2.2,81.8,18.2,35600.0,40760.0,32000.0,35160.0,29200.0,34760.0,49200.0,53900.0,67000.0,78400.0,59600.0,67700.0,15.0,11.1,8.6,80.1,0.1,43.9,11.6,58.0,87.3,12.7,94.9,0.7,3.2,24.4,5.6,2.3,9.0,180000.0,208400.0
E4T,E4T,NB,2192.0,,,52.4,48.1,11.9,60.0,28.1,2.2,93.0,7.0,31800.0,35240.0,29200.0,31160.0,26600.0,28800.0,44000.0,48600.0,58000.0,68000.0,52400.0,60100.0,19.5,56.8,1.8,41.2,0.2,39.6,6.1,52.4,79.7,20.3,96.6,0.0,1.4,34.2,3.1,0.5,6.0,100000.0,147600.0
E4V,E4V,NB,4518.0,,,47.2,45.2,14.6,62.3,23.1,2.4,81.2,18.8,39200.0,43840.0,34400.0,37360.0,36000.0,40640.0,55600.0,58600.0,77500.0,84800.0,68000.0,72300.0,10.3,16.4,7.2,76.4,0.0,48.1,11.8,61.6,92.9,6.9,96.4,0.0,1.6,28.4,3.8,1.8,6.6,196000.0,203600.0
E4W,E4W,NB,8603.0,,,48.4,45.2,14.8,61.0,24.2,2.3,78.6,21.4,34000.0,41160.0,31000.0,36920.0,25800.0,34560.0,46000.0,52150.0,60400.0,76400.0,55200.0,68600.0,19.9,47.8,3.6,48.2,0.4,35.9,8.8,51.7,84.1,15.9,93.4,2.1,3.0,21.6,3.5,2.9,8.7,150000.0,183800.0
E4X,E4X,NB,3090.0,,,55.6,50.8,10.7,56.5,33.0,2.2,80.7,19.3,34800.0,37760.0,31000.0,33120.0,25000.0,30280.0,42400.0,49600.0,62000.0,72400.0,56000.0,63500.0,18.4,11.6,11.4,76.8,0.0,39.1,11.9,54.4,83.0,17.0,95.0,0.9,2.3,23.6,2.7,4.3,9.7,130000.0,155600.0
E4Y,E4Y,NB,3059.0,,,56.8,51.3,10.1,58.0,31.5,2.1,77.9,22.1,30000.0,35960.0,27800.0,31760.0,27000.0,32320.0,49600.0,53200.0,54400.0,65200.0,50000.0,57600.0,22.4,12.2,8.9,78.9,0.0,36.4,5.8,45.7,75.5,24.1,93.0,1.3,4.4,31.2,1.2,0.3,9.0,100000.0,125800.0
E4Z,E4Z,NB,5871.0,,,46.8,44.3,16.8,60.1,23.2,2.4,87.3,12.7,34400.0,40600.0,31400.0,35240.0,31600.0,36080.0,45600.0,52150.0,64000.0,76800.0,58000.0,66600.0,17.5,86.3,0.2,13.4,0.0,43.0,8.4,56.6,90.4,9.6,93.7,0.7,2.9,29.0,2.9,1.6,8.3,150000.0,177600.0
E5A,E5A,NB,1622.0,,,51.6,47.1,11.7,64.0,23.7,2.2,96.6,3.4,32000.0,35920.0,29200.0,31360.0,28800.0,33000.0,44000.0,49400.0,61600.0,69200.0,55200.0,60500.0,20.4,94.7,0.0,5.0,0.0,41.8,6.1,55.1,85.8,14.2,98.5,0.0,0.0,29.1,2.9,0.0,4.1,120000.0,148400.0
E5B,E5B,NB,3331.0,,,56.4,50.2,11.1,56.5,32.2,2.1,82.1,17.9,38800.0,52650.0,34400.0,43640.0,27200.0,43320.0,59200.0,67800.0,73000.0,93200.0,65000.0,77200.0,13.5,86.3,0.2,13.6,0.2,66.9,32.2,54.6,91.5,8.5,80.4,0.9,15.2,18.9,12.3,4.8,10.7,286000.0,363000.0
E5C,E5C,NB,4356.0,,,47.6,44.7,14.6,63.1,22.4,2.3,84.8,15.2,37600.0,43720.0,33600.0,37400.0,33200.0,39600.0,51200.0,60300.0,72500.0,83800.0,64000.0,71800.0,13.1,91.5,0.0,8.4,0.2,45.9,8.6,62.4,87.1,13.1,95.6,0.6,1.9,22.8,8.0,5.1,9.4,160000.0,191400.0
E5E,E5E,NB,949.0,,,50.8,46.7,15.9,57.7,27.0,2.2,87.1,12.9,35200.0,40200.0,32400.0,34900.0,24200.0,31100.0,56800.0,58000.0,66000.0,74400.0,58000.0,64400.0,16.8,96.8,0.0,3.2,0.0,38.0,10.4,55.8,63.7,36.3,95.8,0.0,0.0,9.3,22.2,0.0,11.8,135000.0,160000.0
E5G,E5G,NB,2734.0,,,44.0,43.0,17.7,60.0,22.3,2.2,79.3,20.7,39600.0,51120.0,35200.0,42000.0,34000.0,44400.0,57200.0,72600.0,76500.0,90800.0,67000.0,74600.0,13.2,95.0,0.0,5.0,0.0,40.0,12.4,64.9,87.8,12.2,93.7,1.3,3.6,11.3,1.7,0.9,9.4,150000.0,210000.0
E5H,E5H,NB,2912.0,,,47.6,44.3,16.0,62.7,21.3,2.3,85.3,14.7,37200.0,43040.0,33200.0,36880.0,32400.0,40880.0,52800.0,61800.0,67500.0,79200.0,60400.0,67800.0,14.1,91.7,0.0,8.2,0.0,42.6,8.7,58.5,86.5,13.8,96.0,0.9,2.7,24.7,6.2,4.5,6.9,130000.0,150400.0
E5J,E5J,NB,2112.0,,,48.8,45.6,14.4,61.7,23.9,2.2,93.6,6.4,41200.0,51850.0,36800.0,41840.0,38800.0,50600.0,62000.0,72800.0,74000.0,95600.0,65500.0,77200.0,9.8,89.6,0.0,10.0,0.0,47.2,12.6,58.1,85.6,13.9,98.7,0.0,0.0,24.8,3.1,0.0,4.8,174000.0,187600.0
E5K,E5K,NB,7261.0,,,45.2,43.2,16.0,64.1,19.9,2.5,91.5,8.5,44000.0,53200.0,38800.0,43960.0,42000.0,51800.0,63600.0,71900.0,93000.0,105600.0,79000.0,87400.0,8.2,82.9,0.0,17.1,0.0,58.9,18.7,63.9,93.3,6.7,96.4,0.5,1.0,28.2,2.5,1.1,7.8,200000.0,219200.0
E5L,E5L,NB,2902.0,,,48.8,45.7,14.5,62.3,23.4,2.3,90.4,9.6,35200.0,40480.0,32000.0,35120.0,34000.0,40160.0,48400.0,54900.0,67000.0,75400.0,60400.0,65400.0,14.1,92.6,0.2,7.2,0.0,43.4,6.8,55.2,91.5,8.5,96.0,0.0,1.8,34.6,1.7,0.7,10.1,125000.0,141600.0
E5M,E5M,NB,2170.0,,,55.2,49.8,12.4,57.1,30.4,2.2,90.3,9.7,36000.0,43240.0,32800.0,36880.0,34800.0,39500.0,50400.0,64400.0,66000.0,76600.0,59200.0,65400.0,16.3,89.0,0.5,10.3,0.0,49.4,11.5,52.5,89.3,10.7,96.5,0.0,2.8,33.0,6.7,1.0,9.7,150000.0,198000.0
E5N,E5N,NB,12263.0,,,44.8,43.1,16.8,62.0,21.2,2.5,89.4,10.6,40800.0,48520.0,36000.0,40760.0,36400.0,45720.0,61600.0,68500.0,83000.0,96200.0,71500.0,80900.0,10.7,84.6,0.0,15.3,0.0,55.1,17.4,60.6,91.0,9.0,95.7,0.6,1.9,30.3,3.0,1.4,8.4,200000.0,237600.0
E5P,E5P,NB,2682.0,,,47.2,44.1,15.9,61.9,22.2,2.5,89.2,10.8,35600.0,40400.0,32400.0,35000.0,32000.0,37720.0,50400.0,56200.0,72000.0,81800.0,64000.0,70800.0,13.2,89.3,0.0,10.5,0.2,43.1,12.9,62.1,91.3,8.7,96.3,0.0,0.9,25.9,2.6,0.4,9.2,160000.0,181600.0
E5R,E5R,NB,1517.0,,,52.0,47.6,12.2,61.7,26.4,2.2,89.1,10.9,34400.0,40680.0,31600.0,34880.0,30800.0,38000.0,50800.0,61600.0,65500.0,77000.0,58000.0,66400.0,14.1,92.7,0.0,7.3,0.0,46.4,9.1,55.5,85.6,14.4,96.3,0.0,1.9,36.6,2.7,0.7,6.6,164000.0,192000.0
E5S,E5S,NB,1887.0,,,52.0,47.4,13.0,61.8,25.5,2.3,98.2,1.8,42800.0,48960.0,37200.0,40760.0,38000.0,45000.0,59200.0,69600.0,77000.0,96800.0,68000.0,80600.0,11.0,86.7,0.0,13.5,0.3,56.4,18.2,53.9,90.9,9.7,93.5,0.0,2.2,37.8,2.3,1.0,8.5,200000.0,244800.0
E5T,E5T,NB,3149.0,,,48.8,45.0,14.8,60.9,24.5,2.4,91.5,8.5,34400.0,44360.0,31200.0,36800.0,31400.0,41160.0,48400.0,55800.0,66500.0,88000.0,60000.0,73200.0,16.3,89.2,0.2,10.7,0.0,48.3,9.8,62.2,89.9,10.1,97.4,0.0,0.9,32.4,2.0,0.5,6.4,180000.0,205200.0
E5V,E5V,NB,718.0,,,52.0,48.1,14.0,58.7,28.0,2.1,80.9,19.1,36800.0,43600.0,33200.0,37600.0,30200.0,38200.0,53200.0,57600.0,60400.0,76000.0,54400.0,65600.0,17.6,95.8,0.0,3.5,0.0,43.0,9.9,54.2,93.8,6.2,96.1,0.0,0.0,22.8,8.8,5.4,4.3,110000.0,168000.0
E6A,E6A,NB,1237.0,,,53.2,48.2,14.1,56.0,29.4,2.4,93.8,6.2,32800.0,34800.0,29800.0,30900.0,28400.0,31900.0,48400.0,52800.0,62000.0,70400.0,56800.0,62800.0,22.4,98.3,0.0,2.1,0.0,31.9,4.8,52.7,78.9,21.1,94.8,0.0,0.0,38.2,1.3,0.9,4.1,80000.0,104400.0
E6B,E6B,NB,1574.0,,,51.2,46.7,15.2,55.9,28.9,2.3,90.2,9.8,32400.0,38000.0,29800.0,33400.0,28600.0,35200.0,49200.0,56400.0,61200.0,69800.0,57200.0,61500.0,20.6,91.9,0.0,8.1,0.0,46.5,11.9,53.5,83.5,16.5,95.1,0.0,2.0,34.0,3.9,0.0,8.5,120000.0,160000.0
E6C,E6C,NB,2104.0,,,45.2,43.2,15.7,65.6,18.8,2.4,95.0,5.0,38400.0,41760.0,34400.0,35880.0,35600.0,39200.0,47200.0,55200.0,73500.0,81000.0,65500.0,69600.0,13.8,88.1,0.0,11.9,0.0,44.2,13.6,60.3,88.9,10.6,94.7,0.0,2.4,28.7,2.2,0.7,5.6,160000.0,181200.0
E6E,E6E,NB,1492.0,,,48.8,45.2,15.1,61.5,23.1,2.2,84.6,15.4,34000.0,39500.0,30800.0,34500.0,28400.0,34500.0,47600.0,51200.0,61200.0,71600.0,55200.0,62500.0,19.0,92.0,0.0,8.0,0.0,39.5,7.7,52.4,87.7,12.3,96.2,0.0,0.0,36.7,3.1,0.7,10.2,125000.0,161000.0
E6G,E6G,NB,2655.0,,,52.0,47.6,13.4,58.0,28.6,2.2,85.9,14.1,36000.0,45800.0,32800.0,39120.0,30600.0,42160.0,62800.0,66400.0,72000.0,86200.0,63200.0,73600.0,14.3,85.3,0.6,14.2,0.0,51.1,16.0,53.0,93.4,6.6,97.1,0.0,0.0,28.6,3.2,1.1,8.7,130000.0,175200.0
E6H,E6H,NB,1216.0,,,55.2,50.0,11.1,59.3,29.6,2.1,95.7,4.3,34800.0,45200.0,31800.0,38200.0,31600.0,45200.0,52800.0,66000.0,65500.0,81200.0,58800.0,68800.0,18.2,91.4,0.0,8.2,0.0,43.3,16.6,47.0,91.2,8.8,92.5,0.0,3.8,31.6,5.0,0.8,0.0,120000.0,161000.0
E6J,E6J,NB,1234.0,,,54.8,48.8,14.2,56.7,29.1,2.1,85.0,15.0,32400.0,37900.0,30000.0,32600.0,33200.0,37400.0,41200.0,51600.0,55200.0,66000.0,51600.0,57200.0,21.2,97.1,0.0,2.9,0.0,40.4,3.4,47.3,88.5,11.5,87.0,0.0,9.1,21.4,4.6,0.0,9.7,85000.0,112000.0
E6K,E6K,NB,4086.0,,,50.4,46.2,14.9,60.0,25.1,2.3,89.6,10.4,38800.0,46560.0,34800.0,39480.0,33200.0,42800.0,54400.0,60500.0,74000.0,86500.0,65500.0,73400.0,12.5,85.4,0.0,14.6,0.0,53.0,20.1,57.0,90.2,10.0,95.6,0.0,2.4,32.2,4.2,0.8,8.3,180000.0,222600.0
E6L,E6L,NB,4823.0,,,47.2,44.1,16.0,62.2,21.9,2.4,91.3,8.7,38800.0,45760.0,34400.0,38440.0,34800.0,41040.0,50400.0,61750.0,73500.0,90200.0,65500.0,75700.0,13.7,88.3,0.0,11.6,0.0,46.7,17.3,59.1,89.1,10.7,96.3,0.0,2.4,28.4,2.5,1.9,8.1,180000.0,220600.0
E7A,E7A,NB,3705.0,,,53.2,48.0,11.9,62.1,25.9,2.1,80.1,19.9,36400.0,40440.0,32800.0,34880.0,34800.0,37440.0,45600.0,51600.0,63200.0,74100.0,56400.0,64000.0,14.6,2.8,46.6,50.5,0.0,36.2,9.8,59.5,91.9,7.9,93.7,0.0,4.7,22.3,7.2,4.3,8.2,100000.0,127700.0
E7B,E7B,NB,5641.0,,,50.4,46.6,11.9,63.6,24.4,2.3,86.4,13.6,37200.0,43520.0,33200.0,35560.0,33600.0,39920.0,52800.0,59200.0,71500.0,84100.0,63200.0,68700.0,12.7,1.2,45.2,53.6,0.0,49.5,13.8,59.6,92.5,7.4,95.9,0.0,1.2,18.4,2.4,0.7,9.0,150000.0,164400.0
E7C,E7C,NB,5061.0,,,52.0,47.6,13.4,60.4,26.3,2.1,82.5,17.5,36800.0,41760.0,33200.0,36320.0,33600.0,39080.0,54400.0,61500.0,62800.0,76800.0,56000.0,66800.0,14.7,1.5,41.4,56.9,0.1,49.3,14.0,55.4,91.7,8.3,96.2,0.0,1.8,17.9,1.7,0.2,8.9,150000.0,159000.0
E7E,E7E,NB,4097.0,,,51.2,46.9,13.1,62.6,24.3,2.2,81.1,18.9,35200.0,39520.0,31800.0,34440.0,34000.0,37280.0,50400.0,55600.0,62000.0,72600.0,55600.0,63300.0,17.8,3.4,33.0,63.6,0.0,39.5,8.1,55.7,88.0,12.0,95.1,0.0,2.9,22.0,3.5,1.6,8.8,110000.0,132200.0
E7G,E7G,NB,3621.0,,,54.0,48.9,11.7,59.4,29.0,2.2,84.9,15.1,29800.0,37920.0,27800.0,33840.0,27000.0,35000.0,55200.0,62200.0,57200.0,68100.0,52400.0,60800.0,21.2,81.1,1.1,18.0,0.0,35.8,7.1,46.1,82.6,17.4,95.2,0.0,1.4,25.8,2.5,0.7,8.9,100000.0,138000.0
E7H,E7H,NB,5601.0,,,49.2,45.2,16.5,58.2,25.4,2.3,80.4,19.6,32400.0,37720.0,30200.0,33760.0,26200.0,32960.0,45200.0,49400.0,54800.0,68300.0,51200.0,61100.0,21.6,88.4,0.1,11.1,0.5,40.1,10.5,52.3,88.5,11.7,94.3,0.0,2.8,20.2,5.9,1.4,6.5,120000.0,149200.0
E7J,E7J,NB,1904.0,,,49.2,45.6,13.6,62.2,24.1,2.2,84.1,15.9,35600.0,39760.0,32000.0,34560.0,29200.0,32700.0,44800.0,49800.0,63200.0,73400.0,56800.0,63900.0,17.3,93.9,0.0,5.9,0.0,43.3,8.6,60.1,88.3,11.7,96.6,0.0,1.3,22.9,2.7,1.1,12.7,110000.0,149200.0
E7K,E7K,NB,2406.0,,,47.6,44.2,16.6,62.0,21.6,2.3,83.7,16.3,34400.0,38120.0,31400.0,33400.0,30400.0,34680.0,46400.0,50300.0,64000.0,71400.0,58000.0,62600.0,16.7,93.3,0.0,6.7,0.0,42.0,9.2,61.2,90.7,9.3,91.4,0.0,5.9,21.7,6.2,0.8,9.9,120000.0,150400.0
E7L,E7L,NB,5099.0,,,48.0,44.3,15.0,63.5,21.4,2.3,83.9,16.1,35600.0,45360.0,32400.0,38160.0,34000.0,40560.0,53200.0,61600.0,66500.0,85800.0,59200.0,72200.0,16.2,89.5,0.1,10.4,0.0,43.1,16.2,59.6,91.6,8.4,94.9,0.5,2.8,22.3,4.7,4.2,7.7,130000.0,153600.0
E7M,E7M,NB,10438.0,,,44.4,43.3,15.9,62.2,21.9,2.3,69.2,30.8,36000.0,47840.0,32800.0,39960.0,32000.0,39560.0,47600.0,56050.0,65000.0,88300.0,58800.0,73700.0,16.1,87.8,0.1,11.7,0.3,51.0,16.7,63.3,91.6,8.4,94.4,0.0,3.1,17.2,6.8,5.3,12.4,166000.0,197400.0
E7N,E7N,NB,3157.0,,,45.6,42.6,17.6,63.1,19.3,2.5,79.8,20.2,36400.0,40680.0,32800.0,35080.0,33600.0,37080.0,50400.0,56300.0,73000.0,85000.0,65500.0,73400.0,13.8,89.5,0.0,10.2,0.5,43.5,12.0,62.7,90.7,9.3,94.4,0.0,4.1,19.8,7.4,4.3,8.8,150000.0,198400.0
E7P,E7P,NB,3471.0,,,48.0,44.7,15.1,61.4,23.6,2.4,78.6,21.4,36400.0,43080.0,33200.0,37000.0,35200.0,40240.0,50800.0,57800.0,67500.0,83700.0,61200.0,71900.0,15.0,94.6,0.0,5.4,0.0,47.0,9.9,62.9,92.4,7.6,94.4,0.7,3.4,21.8,4.1,0.6,10.5,150000.0,168400.0
E8A,E8A,NB,3644.0,,,48.8,45.6,14.5,61.6,23.9,2.2,75.2,24.8,37200.0,41040.0,33200.0,35560.0,30000.0,34960.0,52800.0,55200.0,64000.0,73800.0,56400.0,63950.0,16.0,1.7,68.7,29.2,0.3,45.3,10.7,65.3,82.6,17.4,95.0,0.0,2.8,15.5,0.6,1.3,10.7,140000.0,148400.0
E8B,E8B,NB,2305.0,,,49.2,45.6,13.2,63.1,23.4,2.2,82.2,17.8,34400.0,36960.0,30800.0,32440.0,26000.0,31000.0,48800.0,49400.0,58400.0,69600.0,52400.0,61000.0,19.2,0.9,70.3,28.8,0.0,38.2,5.9,53.8,82.6,17.9,94.4,0.0,2.5,18.8,0.4,0.7,9.0,100000.0,132800.0
E8C,E8C,NB,3699.0,,,56.0,50.6,12.3,54.3,33.6,2.0,72.3,27.7,34800.0,38320.0,32000.0,34160.0,28000.0,33880.0,46400.0,52300.0,54800.0,65200.0,50400.0,58100.0,18.8,39.9,4.1,56.1,0.1,52.0,10.9,42.4,87.5,12.5,92.7,0.0,4.9,16.8,2.6,2.0,12.5,90000.0,108200.0
E8E,E8E,NB,5117.0,,,52.4,47.6,12.4,61.5,26.2,2.2,87.2,12.8,38000.0,44640.0,34000.0,38040.0,32800.0,38560.0,52000.0,59600.0,67500.0,83100.0,59600.0,71100.0,13.0,11.5,19.1,69.5,0.0,52.1,11.0,55.8,88.6,11.6,95.0,0.5,2.0,21.0,1.3,0.5,7.5,125000.0,144000.0
E8G,E8G,NB,2468.0,,,59.2,54.5,7.1,56.6,36.5,1.9,85.3,14.7,27600.0,33760.0,26000.0,30240.0,18600.0,26850.0,43200.0,50400.0,46000.0,57400.0,42800.0,51300.0,27.9,73.5,1.0,25.3,0.0,36.1,5.2,40.0,74.4,25.6,93.3,0.0,2.5,25.8,1.9,0.8,7.3,75000.0,101000.0
E8J,E8J,NB,5624.0,,,54.0,49.0,10.9,61.1,27.9,2.2,81.6,18.4,35600.0,40720.0,32000.0,34760.0,29600.0,36680.0,51600.0,58700.0,66500.0,78500.0,58400.0,67100.0,14.8,4.0,28.5,67.4,0.0,51.7,11.4,53.3,87.5,12.5,93.7,0.5,2.8,21.4,0.7,0.6,9.0,140000.0,149600.0
E8K,E8K,NB,8712.0,,,52.4,48.2,11.4,61.8,26.8,2.2,79.5,20.5,36400.0,42360.0,32800.0,36320.0,31600.0,38600.0,55600.0,59850.0,67500.0,79900.0,59600.0,68600.0,13.5,7.4,20.3,72.2,0.1,52.7,11.3,55.1,87.7,12.3,96.4,0.0,1.3,19.8,1.5,0.8,11.4,145000.0,156000.0
E8L,E8L,NB,2256.0,,,53.6,50.4,8.6,60.8,30.6,2.2,88.7,11.3,31800.0,36080.0,29000.0,31560.0,26200.0,30900.0,46000.0,50000.0,58400.0,69200.0,54000.0,60600.0,19.5,5.5,37.9,56.5,0.0,45.1,6.4,51.6,80.0,20.0,96.6,1.3,1.3,30.5,0.9,0.7,5.9,100000.0,122800.0
E8M,E8M,NB,2021.0,,,52.0,47.4,10.6,64.9,24.5,2.2,80.6,19.4,31600.0,38160.0,28400.0,32560.0,21600.0,31700.0,47200.0,57800.0,56400.0,71000.0,52000.0,60900.0,19.1,0.7,58.7,40.6,0.0,44.8,7.3,55.8,83.8,16.2,95.9,0.0,2.1,24.3,0.7,1.0,11.8,150000.0,145600.0
E8N,E8N,NB,2396.0,,,57.6,52.5,9.0,57.1,34.0,2.0,83.3,16.7,30400.0,35440.0,28000.0,31320.0,20400.0,29300.0,47200.0,52200.0,50000.0,61600.0,46000.0,54500.0,22.0,0.6,50.8,48.5,0.0,40.7,6.8,45.9,84.6,15.4,95.3,0.0,1.3,27.3,0.6,0.9,7.9,100000.0,110400.0
E8P,E8P,NB,3408.0,,,55.2,50.6,9.5,60.9,29.7,2.2,87.5,12.5,34000.0,38760.0,30400.0,33600.0,24800.0,31120.0,47200.0,51800.0,63200.0,73600.0,57200.0,63900.0,16.7,1.7,58.2,40.2,0.2,47.4,11.3,54.6,83.3,16.7,97.6,0.0,0.8,22.6,0.5,0.9,7.9,130000.0,151200.0
E8R,E8R,NB,3125.0,,,54.4,50.2,10.2,62.1,27.7,2.1,81.0,19.0,30600.0,33880.0,28000.0,30080.0,21600.0,27560.0,44800.0,47800.0,53200.0,62800.0,48400.0,55700.0,22.7,0.5,65.8,33.7,0.0,34.4,5.1,48.6,80.1,19.9,94.9,2.0,1.0,26.8,0.5,0.8,10.0,100000.0,120400.0
E8S,E8S,NB,4610.0,,,52.8,48.8,11.4,60.2,28.4,2.1,76.6,23.4,36400.0,41720.0,32400.0,35720.0,25200.0,35080.0,50800.0,59300.0,63200.0,76000.0,56400.0,65100.0,16.2,0.7,60.9,38.5,0.1,51.4,15.7,56.2,89.5,10.3,93.6,0.0,5.2,16.1,0.9,2.1,11.2,150000.0,161600.0
E8T,E8T,NB,5713.0,,,55.6,50.7,10.2,59.1,30.5,2.1,86.1,13.9,34000.0,39240.0,30400.0,33920.0,19600.0,30080.0,46000.0,53000.0,60400.0,73100.0,54000.0,63150.0,18.3,1.2,70.5,28.2,0.2,35.6,8.7,54.1,87.2,12.7,95.4,0.5,1.8,16.9,0.5,0.5,6.9,100000.0,136400.0
E9A,E9A,NB,2229.0,,,54.8,50.8,7.8,63.5,28.9,2.1,88.5,11.5,37600.0,41160.0,32400.0,34320.0,24400.0,35200.0,55600.0,61600.0,67000.0,77000.0,59200.0,64200.0,15.5,15.6,5.0,79.2,0.5,33.4,5.1,51.3,85.7,14.3,93.5,0.0,2.6,24.3,0.9,0.7,7.2,140000.0,151600.0
E9B,E9B,NB,2274.0,,,51.2,47.3,13.0,61.3,25.5,2.3,90.9,9.1,34000.0,39880.0,30800.0,34720.0,27200.0,34800.0,52800.0,57200.0,63200.0,75400.0,56800.0,65800.0,16.9,95.1,0.0,5.1,0.0,33.2,6.6,53.1,67.6,32.4,91.5,2.3,4.7,30.7,1.3,0.4,8.2,100000.0,124800.0
E9C,E9C,NB,2149.0,,,56.0,50.6,11.6,54.9,33.3,2.1,86.8,13.2,29600.0,37880.0,28000.0,33000.0,28800.0,34100.0,46000.0,51400.0,53200.0,67400.0,50000.0,58600.0,24.6,96.5,0.0,3.5,0.0,31.8,5.4,46.9,78.1,21.3,89.9,1.6,5.4,27.2,1.6,1.4,7.6,80000.0,108600.0
E9E,E9E,NB,3870.0,,,51.2,47.6,10.3,63.7,26.1,2.2,90.4,9.6,33600.0,39920.0,30600.0,35040.0,27800.0,35320.0,52000.0,59100.0,61600.0,74300.0,56800.0,65200.0,17.7,93.2,0.0,6.6,0.1,46.3,10.2,54.3,84.1,15.9,93.2,0.8,3.8,27.4,1.8,1.3,5.6,130000.0,152600.0
E9G,E9G,NB,5297.0,,,48.8,45.6,13.6,62.9,23.5,2.3,84.6,15.4,32400.0,36520.0,29800.0,32920.0,19200.0,27200.0,48400.0,50100.0,59200.0,70700.0,55200.0,63750.0,18.3,28.3,17.6,53.7,0.3,34.2,6.2,51.1,78.1,21.9,93.5,0.6,4.4,25.9,1.2,0.7,5.9,120000.0,144600.0
E9H,E9H,NB,2931.0,,,53.6,49.9,7.8,64.8,27.5,2.2,89.9,10.1,32000.0,33120.0,28800.0,29360.0,20000.0,24520.0,40800.0,43800.0,60000.0,66400.0,54400.0,59050.0,18.5,9.7,46.9,43.3,0.0,28.7,4.7,49.2,77.0,23.0,96.7,0.0,1.7,24.9,0.5,0.0,7.9,100000.0,129200.0
G0A,G0A,QC,83411.0,,,45.6,43.9,17.5,60.0,22.5,2.3,81.5,18.5,44800.0,52300.0,39200.0,42920.0,40000.0,46240.0,58800.0,66300.0,81000.0,95400.0,69500.0,78400.0,8.6,0.2,68.4,31.3,0.1,62.3,17.5,63.8,93.9,6.1,94.0,0.7,3.1,25.9,2.3,1.4,9.6,260000.0,292400.0
G0C,G0C,QC,45955.0,,,54.0,49.1,12.6,57.2,30.2,2.1,72.3,27.7,36000.0,42480.0,32400.0,36040.0,27800.0,36880.0,50800.0,58700.0,61600.0,76100.0,55200.0,64500.0,14.9,5.7,65.8,28.5,0.1,51.0,11.4,52.9,89.0,11.0,92.8,0.7,4.0,18.7,1.2,0.8,8.8,174000.0,187200.0
G0E,G0E,QC,4630.0,,,59.6,53.0,9.7,54.0,36.3,2.0,81.7,18.3,32400.0,37360.0,29400.0,32720.0,26000.0,32520.0,48800.0,51600.0,55200.0,65100.0,49600.0,57000.0,17.5,0.3,81.7,17.9,0.0,42.0,8.0,46.7,87.5,12.5,85.7,0.7,10.9,21.7,1.0,0.4,10.0,100000.0,124300.0
G0G,G0G,QC,16315.0,,,43.2,41.7,18.1,64.3,17.7,2.3,77.3,22.7,47200.0,58500.0,41600.0,47800.0,40000.0,53100.0,69500.0,80900.0,93000.0,107900.0,80000.0,88200.0,7.3,17.8,57.5,23.8,1.0,48.2,8.8,65.8,90.0,10.1,80.3,3.5,12.3,17.6,1.7,1.4,4.2,140000.0,152200.0
G0H,G0H,QC,10538.0,,,49.6,45.5,15.2,61.6,23.1,2.2,85.5,14.5,37600.0,44440.0,34400.0,38120.0,32800.0,41040.0,52800.0,61300.0,67000.0,79700.0,59600.0,68400.0,15.6,0.1,86.0,13.2,0.8,43.3,6.3,51.1,91.7,8.5,93.0,0.5,4.5,22.0,0.8,0.6,4.7,115000.0,135200.0
G0J,G0J,QC,29007.0,,,54.4,48.4,13.8,56.7,29.5,2.1,80.6,19.4,32800.0,39120.0,30000.0,33840.0,27600.0,33960.0,48800.0,53100.0,54800.0,67900.0,49600.0,58750.0,18.9,0.5,83.0,16.5,0.0,48.4,7.6,50.3,89.1,10.9,91.6,1.0,4.8,22.1,0.9,0.5,8.4,120000.0,136600.0
G0K,G0K,QC,11722.0,,,47.6,44.6,16.4,60.4,23.2,2.2,82.6,17.4,38400.0,43520.0,34000.0,37080.0,32800.0,38160.0,50000.0,55650.0,65000.0,77600.0,58000.0,66100.0,13.9,0.0,80.9,19.0,0.0,58.4,12.7,59.6,93.2,6.8,92.0,0.8,4.4,23.2,0.8,0.6,8.5,174000.0,184400.0
G0L,G0L,QC,60937.0,,,51.2,47.1,15.0,56.9,28.1,2.1,79.0,21.0,36800.0,42920.0,33200.0,36520.0,31400.0,37280.0,48000.0,54800.0,63200.0,76800.0,56000.0,65300.0,13.6,0.2,81.2,18.6,0.1,55.9,11.7,57.9,93.1,6.8,91.6,0.5,5.7,20.7,1.1,0.8,7.3,160000.0,184000.0
G0M,G0M,QC,34401.0,,,45.2,43.5,17.5,60.3,22.1,2.3,80.7,19.3,38000.0,43160.0,34400.0,36800.0,32400.0,36440.0,46000.0,51450.0,66500.0,79200.0,59200.0,67500.0,11.5,0.2,79.7,19.7,0.4,48.5,7.5,65.4,94.6,5.4,93.2,0.2,5.1,22.0,1.2,2.1,5.7,150000.0,172000.0
G0N,G0N,QC,19994.0,,,50.0,46.3,15.8,56.6,27.6,2.2,80.6,19.4,36000.0,42840.0,32800.0,36440.0,30200.0,35920.0,48000.0,53500.0,63600.0,76700.0,56400.0,65300.0,14.4,0.2,78.6,21.1,0.1,53.6,10.1,58.4,94.7,5.3,91.8,0.4,6.1,24.3,1.2,1.3,9.4,150000.0,199400.0
G0P,G0P,QC,6786.0,,,46.0,43.6,17.7,60.2,22.0,2.3,84.2,15.8,35600.0,40160.0,32400.0,34360.0,27400.0,32120.0,43600.0,44760.0,65500.0,75100.0,58400.0,64200.0,14.2,0.1,74.7,24.7,0.4,55.6,11.0,64.7,95.9,4.1,90.1,0.4,6.3,22.6,1.6,0.7,9.9,200000.0,232600.0
G0R,G0R,QC,84338.0,,,49.6,46.2,15.6,57.9,26.5,2.2,78.4,21.6,38800.0,43800.0,34800.0,37240.0,34400.0,38360.0,49600.0,54150.0,66000.0,78600.0,58400.0,66800.0,12.0,0.2,78.8,20.9,0.2,54.4,11.2,61.2,94.2,5.8,90.9,0.3,6.8,22.7,1.3,1.5,7.8,180000.0,196800.0
G0S,G0S,QC,72494.0,,,42.0,41.7,19.2,60.6,20.2,2.3,79.5,20.5,42000.0,46040.0,36800.0,39000.0,36400.0,39920.0,49600.0,54400.0,75500.0,85600.0,65500.0,72500.0,9.3,0.1,74.8,24.7,0.3,56.5,11.3,69.5,95.7,4.3,92.0,0.4,5.3,24.3,1.4,1.7,8.5,210000.0,230600.0
G0T,G0T,QC,13560.0,,,54.8,49.3,12.6,57.6,29.8,2.1,76.7,23.3,36000.0,43720.0,32800.0,37080.0,29800.0,38120.0,50400.0,58050.0,62800.0,76500.0,55200.0,64900.0,14.3,0.1,85.7,14.1,0.0,47.7,9.1,53.1,88.3,11.7,89.6,0.6,7.1,21.0,1.1,0.8,8.7,150000.0,162200.0
G0V,G0V,QC,18374.0,,,45.6,43.6,17.1,61.0,21.8,2.3,81.4,18.6,41200.0,47640.0,36400.0,39800.0,35200.0,41920.0,54800.0,62250.0,76500.0,87200.0,66500.0,72800.0,10.4,0.5,80.6,18.9,0.0,58.3,11.3,59.0,92.6,7.4,94.0,0.4,3.4,27.1,0.8,0.8,7.0,200000.0,216800.0
G0W,G0W,QC,36541.0,,,43.2,42.1,18.9,60.8,20.3,2.4,79.9,20.1,38800.0,45760.0,35200.0,39520.0,33200.0,40760.0,53200.0,59700.0,73500.0,86000.0,65000.0,74400.0,12.7,9.3,74.6,15.5,0.6,51.9,9.3,58.4,93.3,6.7,90.3,0.4,6.6,22.8,0.7,0.8,8.7,151000.0,183400.0
G0X,G0X,QC,60486.0,,,50.0,46.0,16.0,58.4,25.6,2.2,81.5,18.5,38000.0,44200.0,34000.0,37520.0,32400.0,38360.0,52000.0,57300.0,65000.0,78300.0,57600.0,66500.0,13.8,0.1,76.3,23.4,0.2,57.0,12.3,57.7,93.3,6.7,93.2,0.3,4.6,25.3,1.4,0.8,8.9,174000.0,199600.0
G0Y,G0Y,QC,9320.0,,,54.0,47.6,14.6,57.8,27.6,2.1,86.1,13.9,36000.0,40960.0,32400.0,35320.0,29200.0,32680.0,46000.0,48520.0,62400.0,73600.0,55600.0,63500.0,14.2,0.3,76.4,23.2,0.2,50.8,9.1,55.6,94.1,5.9,91.4,1.0,6.0,23.1,1.7,1.2,8.7,160000.0,213800.0
G0Z,G0Z,QC,8974.0,,,43.2,42.2,18.6,61.7,19.8,2.3,81.4,18.6,36400.0,41720.0,32800.0,35520.0,31600.0,36760.0,45200.0,52850.0,64500.0,78300.0,56800.0,66600.0,15.6,0.5,77.7,21.5,0.3,49.1,7.3,63.2,95.1,5.0,92.5,0.4,5.2,25.9,1.3,1.4,9.4,174000.0,198600.0
G1B,G1B,QC,16698.0,,,41.6,40.0,19.1,66.6,14.3,2.5,87.4,12.6,49200.0,53750.0,42400.0,44520.0,44800.0,48520.0,60800.0,66200.0,100000.0,106800.0,84000.0,88500.0,4.0,0.1,68.3,31.5,0.1,65.2,17.6,70.9,95.7,4.3,91.4,5.1,1.7,24.5,4.6,3.6,6.8,290000.0,297200.0
G1C,G1C,QC,36215.0,,,49.2,45.8,14.4,61.2,24.5,2.2,68.2,31.8,45600.0,51550.0,39600.0,42520.0,42000.0,46840.0,60400.0,66900.0,80000.0,93700.0,68500.0,77300.0,6.7,0.1,66.7,33.0,0.2,63.6,19.9,63.5,94.1,5.9,87.8,7.0,2.9,21.9,4.5,5.2,12.7,280000.0,291600.0
G1E,G1E,QC,27753.0,,,45.2,45.1,14.3,60.4,25.2,1.9,41.4,58.6,40400.0,46000.0,36000.0,39120.0,36000.0,40200.0,52400.0,58000.0,60400.0,73900.0,52800.0,62900.0,13.1,0.3,65.2,34.1,0.3,59.4,19.1,62.5,91.7,8.3,81.0,11.7,4.8,21.7,8.4,9.4,17.0,276000.0,287600.0
G1G,G1G,QC,24975.0,,,44.8,44.0,16.6,59.5,23.8,2.2,69.6,30.4,44800.0,51120.0,39200.0,42280.0,41200.0,46440.0,59200.0,66400.0,78000.0,91900.0,66500.0,76000.0,8.1,0.2,62.9,36.7,0.2,64.8,22.7,61.9,93.5,6.5,83.6,10.8,2.9,23.0,7.5,7.4,11.5,278000.0,288000.0
G1H,G1H,QC,29618.0,,,48.0,47.2,13.2,58.3,28.5,1.9,39.9,60.1,40800.0,45520.0,36000.0,38760.0,36000.0,40200.0,52000.0,57700.0,60800.0,73400.0,52800.0,62500.0,11.4,0.3,64.3,34.9,0.5,61.6,20.6,61.1,92.1,8.0,79.5,12.7,5.2,20.8,10.0,11.1,18.4,280000.0,281200.0
G1J,G1J,QC,23325.0,,,40.0,43.0,12.8,66.3,20.9,1.7,21.6,78.4,35600.0,40520.0,32000.0,35080.0,31400.0,35680.0,48400.0,53750.0,48400.0,59850.0,43200.0,51850.0,21.3,0.5,57.8,40.8,0.9,58.7,22.2,62.3,90.6,9.4,61.4,20.4,13.3,22.6,12.5,14.2,24.8,296000.0,296400.0
G1K,G1K,QC,18911.0,,,39.6,42.8,10.0,71.3,18.7,1.6,26.2,73.8,37600.0,45240.0,33600.0,37960.0,34000.0,41560.0,56000.0,63000.0,50000.0,63350.0,44000.0,53150.0,22.7,0.9,45.7,52.4,0.9,68.4,36.3,66.5,89.9,10.0,46.4,19.1,27.7,22.0,11.3,11.7,18.6,274000.0,297600.0
G1L,G1L,QC,22024.0,,,39.6,42.5,12.1,68.3,19.6,1.7,20.1,79.9,36800.0,42040.0,32800.0,36120.0,32400.0,38000.0,50800.0,55550.0,49200.0,61150.0,43600.0,52600.0,20.6,0.4,55.0,43.8,0.7,62.4,26.8,66.0,91.3,8.7,60.6,19.0,15.1,21.8,10.5,12.5,20.0,300000.0,303600.0
G1M,G1M,QC,20770.0,,,47.2,47.0,12.9,59.1,28.0,1.9,33.0,67.0,39200.0,44080.0,34800.0,37640.0,35200.0,39600.0,51200.0,57150.0,59600.0,71200.0,52400.0,60800.0,15.0,0.4,65.9,32.8,0.9,55.4,19.3,62.3,91.5,8.5,79.0,10.6,7.0,19.1,11.0,14.4,17.4,250000.0,277600.0
G1N,G1N,QC,8400.0,,,38.4,42.2,9.6,73.0,17.4,1.6,22.3,77.7,36000.0,39720.0,32400.0,34480.0,32400.0,35880.0,47600.0,51040.0,48000.0,57900.0,42400.0,50280.0,20.5,0.3,52.7,46.6,0.4,59.6,24.7,68.6,91.4,8.7,60.2,17.2,16.7,20.3,7.1,7.9,20.8,276000.0,290000.0
G1P,G1P,QC,16538.0,,,43.2,44.4,14.8,61.2,23.9,2.0,44.3,55.7,41200.0,45160.0,36400.0,38560.0,36800.0,40560.0,52800.0,57950.0,64000.0,75600.0,56000.0,64600.0,10.9,0.2,62.5,37.0,0.3,61.4,20.7,66.3,92.5,7.5,80.5,12.5,4.4,19.5,9.1,11.9,18.6,270000.0,274000.0
G1R,G1R,QC,16423.0,,,44.8,46.9,7.2,65.6,27.2,1.5,26.8,73.2,41600.0,55200.0,36800.0,43760.0,32800.0,46880.0,62800.0,75000.0,54400.0,76600.0,47200.0,60700.0,18.9,1.0,35.4,63.4,0.2,78.6,49.5,61.8,89.7,10.3,39.0,19.8,36.3,21.3,9.8,8.4,25.6,348000.0,429600.0
G1S,G1S,QC,25912.0,,,51.6,49.6,10.0,55.6,34.3,1.8,43.7,56.3,48800.0,63850.0,41600.0,49680.0,40800.0,57650.0,74500.0,87800.0,70500.0,98700.0,59200.0,76800.0,11.4,0.7,36.8,62.2,0.3,81.8,56.2,58.6,91.9,8.0,55.7,19.6,18.4,21.8,10.6,9.5,21.3,400000.0,465200.0
G1T,G1T,QC,6797.0,,,51.2,47.5,14.9,54.9,30.3,2.3,79.1,20.9,65500.0,97300.0,52800.0,69400.0,55200.0,84400.0,92000.0,124000.0,133000.0,186000.0,105000.0,132600.0,4.6,0.6,31.9,67.4,0.1,80.7,57.7,59.6,92.3,7.7,78.7,6.3,9.6,19.5,8.2,5.7,12.6,650000.0,718000.0
G1V,G1V,QC,23629.0,,,32.8,41.0,8.8,69.3,21.9,1.7,25.6,74.4,36800.0,46920.0,33600.0,39080.0,24800.0,38440.0,58400.0,66100.0,54400.0,71100.0,47600.0,59200.0,19.7,1.4,41.4,56.2,0.9,78.1,45.7,64.5,89.8,10.2,63.3,18.8,14.4,21.3,14.5,22.7,28.8,348000.0,364800.0
G1W,G1W,QC,22499.0,,,43.2,44.8,14.9,58.7,26.4,2.1,53.7,46.3,48400.0,62150.0,41600.0,48840.0,42000.0,55850.0,70000.0,85200.0,79500.0,105700.0,67500.0,83100.0,9.3,0.7,43.0,55.6,0.8,79.4,49.3,62.7,92.9,7.1,71.7,14.3,10.3,21.8,16.5,18.9,14.2,380000.0,410800.0
G1X,G1X,QC,26746.0,,,43.2,44.2,14.5,60.1,25.4,2.0,49.1,50.9,45600.0,56200.0,39600.0,45040.0,37200.0,50520.0,63200.0,79000.0,72000.0,95200.0,61600.0,76200.0,9.7,0.6,48.0,50.5,0.8,75.5,42.7,61.1,92.7,7.3,76.0,14.5,6.5,20.7,14.9,18.6,16.9,336000.0,370800.0
G1Y,G1Y,QC,12738.0,,,49.6,46.1,15.9,56.3,27.9,2.3,82.7,17.3,57200.0,70500.0,47600.0,54500.0,53200.0,64100.0,84000.0,95500.0,110000.0,134800.0,90000.0,104200.0,3.8,0.2,43.7,55.8,0.2,81.3,52.2,58.4,95.6,4.3,85.8,7.1,4.6,22.3,6.5,5.2,9.8,376000.0,409600.0
G2A,G2A,QC,15350.0,,,42.8,42.3,17.9,61.3,20.8,2.3,75.6,24.4,48800.0,55250.0,42000.0,45360.0,44000.0,49480.0,62400.0,69900.0,90000.0,104200.0,76500.0,85600.0,5.4,0.1,57.9,41.8,0.1,66.5,25.6,67.8,93.8,6.2,89.1,5.6,3.7,23.0,4.2,4.6,9.2,300000.0,317200.0
G2B,G2B,QC,24936.0,,,43.6,43.1,17.1,61.3,21.6,2.2,58.9,41.1,45600.0,51650.0,40000.0,43000.0,42000.0,47040.0,59600.0,66900.0,76500.0,90500.0,66000.0,75300.0,8.1,0.2,62.2,37.5,0.1,62.7,20.8,66.1,93.4,6.6,87.2,6.9,3.8,22.2,5.5,5.7,13.2,278000.0,302000.0
G2C,G2C,QC,12283.0,,,45.2,44.7,14.2,62.6,23.2,2.0,54.4,45.6,49200.0,55850.0,42400.0,45840.0,46800.0,51750.0,66500.0,72600.0,80000.0,95500.0,67500.0,78400.0,6.6,0.2,56.9,42.6,0.3,69.0,31.1,66.2,94.6,5.4,85.9,8.1,3.9,20.6,7.0,8.5,15.4,280000.0,317200.0
G2E,G2E,QC,21054.0,,,47.6,45.6,15.0,59.3,25.6,2.3,73.9,26.1,47200.0,53400.0,40800.0,43880.0,43600.0,49000.0,62800.0,69900.0,86000.0,100600.0,73500.0,82600.0,5.2,0.1,60.2,39.5,0.2,65.3,23.5,63.3,95.0,5.0,89.0,5.3,3.6,19.5,5.5,5.1,10.8,300000.0,315600.0
G2G,G2G,QC,10790.0,,,44.4,42.7,16.1,65.7,18.2,2.3,83.6,16.4,49200.0,56250.0,42400.0,46040.0,45200.0,51160.0,65500.0,72500.0,90000.0,104500.0,76000.0,85500.0,5.5,0.2,56.8,42.7,0.3,71.2,30.0,70.0,94.5,5.5,90.6,4.8,2.6,20.1,8.3,7.9,8.3,292000.0,297200.0
G2J,G2J,QC,3223.0,,,56.0,51.4,7.8,57.7,34.6,1.7,46.0,54.0,45200.0,59600.0,39600.0,46640.0,41200.0,50240.0,59200.0,72200.0,63200.0,93200.0,54000.0,72900.0,8.5,0.5,60.9,38.0,0.5,60.1,24.3,57.5,91.1,8.9,85.6,7.9,4.7,17.7,9.0,8.6,15.0,200000.0,280000.0
G2K,G2K,QC,12845.0,,,52.4,48.5,12.0,58.3,29.6,1.9,60.9,39.1,51600.0,62350.0,44000.0,49720.0,48000.0,56350.0,68000.0,79600.0,83000.0,103600.0,70000.0,82800.0,5.1,0.2,57.0,42.7,0.2,69.8,31.4,61.1,93.1,6.9,89.9,5.6,3.3,19.8,5.8,5.2,14.7,300000.0,327200.0
G2L,G2L,QC,14609.0,,,46.0,44.0,16.9,60.0,23.0,2.2,72.5,27.5,48400.0,55350.0,41600.0,44840.0,44800.0,50400.0,67500.0,73900.0,83000.0,98200.0,70500.0,79700.0,6.0,0.2,61.6,38.0,0.2,65.5,24.7,62.3,93.8,6.2,91.1,5.2,1.9,21.9,5.3,5.2,12.8,290000.0,304400.0
G2M,G2M,QC,5625.0,,,41.2,39.7,21.3,63.0,15.7,2.5,85.9,14.1,52000.0,58550.0,44400.0,47560.0,49200.0,53400.0,67500.0,73100.0,100000.0,111200.0,83000.0,90200.0,3.5,0.1,60.2,39.6,0.1,66.1,24.5,70.9,95.4,4.6,91.6,4.4,2.8,23.4,4.5,3.4,7.8,300000.0,324800.0
G2N,G2N,QC,8486.0,,,39.2,38.5,21.2,64.5,14.3,2.4,81.7,18.3,49600.0,53150.0,43200.0,44040.0,45200.0,47880.0,60800.0,65300.0,94000.0,100100.0,79000.0,82900.0,5.0,0.1,65.7,34.1,0.1,64.7,17.4,73.8,93.6,6.3,90.3,6.0,2.3,23.3,6.2,4.4,9.6,290000.0,302800.0
G3A,G3A,QC,20233.0,,,48.4,45.1,15.1,61.4,23.5,2.4,81.3,18.7,54400.0,67900.0,46000.0,52700.0,49200.0,60700.0,78000.0,89000.0,109000.0,133600.0,89000.0,103700.0,3.8,0.2,50.2,49.6,0.1,74.1,37.7,64.6,94.7,5.3,90.8,2.4,4.2,21.7,3.3,2.4,11.0,368000.0,404800.0
G3B,G3B,QC,8315.0,,,42.4,39.3,20.4,66.8,12.9,2.6,90.7,9.3,60000.0,76200.0,50000.0,57150.0,54400.0,66600.0,83000.0,96000.0,133000.0,157800.0,106000.0,118700.0,3.3,0.3,44.6,55.1,0.0,75.4,39.9,74.4,95.2,4.8,96.2,0.6,1.8,26.3,4.9,2.0,10.4,448000.0,502800.0
G3C,G3C,QC,10434.0,,,39.2,37.7,22.5,65.8,11.6,2.5,88.7,11.3,53600.0,61400.0,45600.0,48800.0,48400.0,54950.0,69000.0,75700.0,105000.0,117000.0,88000.0,93100.0,4.8,0.2,56.7,42.8,0.1,72.2,26.4,76.5,94.3,5.6,93.6,1.3,2.4,27.5,3.8,2.0,10.7,348000.0,368000.0
G3E,G3E,QC,16115.0,,,38.8,37.6,21.9,66.6,11.5,2.6,81.8,18.2,52000.0,55650.0,44400.0,45840.0,47600.0,50400.0,62800.0,68300.0,103000.0,109600.0,86000.0,90300.0,3.6,0.1,63.6,36.3,0.1,65.4,18.4,76.6,95.5,4.5,90.6,4.5,2.7,22.4,3.8,4.0,7.6,300000.0,302400.0
G3G,G3G,QC,10026.0,,,40.4,39.4,20.5,64.9,14.7,2.5,88.7,11.3,47200.0,50400.0,41200.0,42320.0,43200.0,45080.0,56000.0,60150.0,91000.0,97600.0,77500.0,81900.0,4.7,0.1,69.5,30.4,0.0,59.7,12.4,70.7,95.1,5.0,92.8,3.7,1.4,24.3,2.1,1.9,7.5,268000.0,278800.0
G3H,G3H,QC,10142.0,,,40.4,40.6,20.1,62.0,17.9,2.4,77.6,22.4,46800.0,52450.0,40800.0,43680.0,43600.0,48600.0,59200.0,65800.0,87000.0,97700.0,74000.0,81400.0,7.6,0.2,68.7,30.9,0.2,62.6,15.2,68.0,96.1,3.9,94.5,0.2,3.4,26.1,1.7,1.4,7.5,250000.0,268400.0
G3J,G3J,QC,10635.0,,,38.0,38.1,20.5,66.3,13.2,2.4,74.1,25.9,50000.0,52050.0,42800.0,43320.0,46000.0,47600.0,59600.0,63250.0,88000.0,95600.0,75000.0,79500.0,5.3,0.3,60.5,39.0,0.2,61.0,14.1,72.2,95.6,4.4,93.0,4.4,1.1,23.8,3.6,4.1,9.3,260000.0,276400.0
G3K,G3K,QC,20396.0,,,36.4,36.1,23.2,66.2,10.6,2.5,71.7,28.3,52000.0,55050.0,44400.0,45480.0,46800.0,49440.0,62400.0,65700.0,97000.0,104700.0,81000.0,86400.0,4.7,0.3,61.3,38.4,0.1,66.7,21.1,78.8,95.0,5.0,91.7,4.4,2.9,23.0,4.4,4.7,8.1,296000.0,301600.0
G3L,G3L,QC,11103.0,,,46.8,44.7,16.5,60.1,23.5,2.2,79.6,20.4,41600.0,47080.0,36800.0,39400.0,36800.0,41720.0,53600.0,59400.0,71500.0,83400.0,61200.0,69900.0,10.9,0.2,75.3,24.5,0.1,55.4,10.1,64.5,94.2,5.8,93.5,0.3,3.7,25.8,1.0,0.9,8.0,224000.0,248200.0
G3M,G3M,QC,7436.0,,,44.8,44.5,17.0,58.2,24.7,2.1,65.2,34.8,41600.0,47920.0,36800.0,40280.0,38400.0,44560.0,56800.0,66000.0,67000.0,81400.0,58800.0,68400.0,12.3,0.1,71.0,28.6,0.3,60.3,13.9,62.5,95.9,4.2,95.0,0.3,4.1,24.1,2.2,4.0,12.7,230000.0,248800.0
G3N,G3N,QC,11114.0,,,37.6,37.6,22.8,63.6,13.6,2.5,86.8,13.2,53600.0,61000.0,45600.0,48120.0,48400.0,51550.0,64000.0,68100.0,100000.0,115100.0,84000.0,90900.0,4.4,0.4,59.2,40.4,0.0,66.9,19.5,71.0,95.6,4.4,96.0,0.8,2.2,27.2,1.7,0.8,8.3,300000.0,351200.0
G3S,G3S,QC,6647.0,,,32.0,32.6,26.0,68.0,6.0,2.8,70.6,29.4,59200.0,60450.0,49600.0,49120.0,52800.0,53650.0,66000.0,68300.0,114000.0,121800.0,95000.0,99000.0,2.4,1.4,44.8,53.9,0.0,61.0,17.1,77.9,96.4,3.6,94.2,0.3,3.3,22.0,2.8,2.4,6.2,380000.0,384800.0
G3Z,G3Z,QC,7371.0,,,54.8,50.1,12.8,54.3,32.8,2.0,63.8,36.2,38000.0,44760.0,34400.0,37920.0,30600.0,37880.0,50400.0,55850.0,64500.0,78300.0,56800.0,66400.0,12.3,0.1,76.0,23.8,0.1,59.6,17.3,55.1,94.8,5.2,86.4,0.0,9.6,15.1,2.2,1.9,11.7,250000.0,279600.0
G4A,G4A,QC,3063.0,,,50.8,47.3,14.5,56.6,28.7,2.1,68.1,31.9,39200.0,42920.0,34800.0,36680.0,32000.0,37440.0,51200.0,55800.0,65500.0,76400.0,58400.0,65300.0,11.8,0.0,85.6,14.5,0.0,49.1,6.2,58.6,90.1,9.9,94.1,0.0,4.7,17.1,0.3,0.3,8.5,160000.0,173600.0
G4R,G4R,QC,20327.0,,,43.2,42.2,18.0,62.2,19.8,2.2,59.0,41.0,44800.0,57100.0,39600.0,46320.0,40400.0,53150.0,67000.0,79700.0,75000.0,99900.0,65500.0,81100.0,11.8,1.1,68.6,29.9,0.5,53.2,14.3,62.2,93.7,6.3,87.9,0.2,7.9,15.1,2.1,2.6,12.4,250000.0,266400.0
G4S,G4S,QC,4931.0,,,40.8,40.4,18.4,64.0,17.4,2.3,84.5,15.5,46800.0,52450.0,40800.0,43240.0,43200.0,49200.0,61200.0,67300.0,87000.0,96500.0,74000.0,79600.0,6.8,1.0,75.4,23.6,0.1,51.4,5.2,67.8,96.2,3.8,95.1,0.0,2.2,16.8,1.0,1.0,5.9,160000.0,165800.0
G4T,G4T,QC,12654.0,,,54.4,49.1,11.2,60.5,28.4,2.1,75.6,24.4,39600.0,48680.0,35200.0,40480.0,28400.0,40560.0,54800.0,61800.0,75500.0,91400.0,66000.0,76100.0,10.3,3.2,71.2,25.6,0.0,51.7,13.3,60.8,87.8,12.2,95.2,0.6,2.0,13.9,0.8,0.5,9.0,224000.0,235600.0
G4V,G4V,QC,6288.0,,,53.6,48.6,12.6,58.1,29.3,2.0,68.3,31.7,34000.0,40800.0,30800.0,34800.0,29800.0,37400.0,48400.0,56800.0,54400.0,69300.0,49200.0,59100.0,18.4,0.0,84.3,15.6,0.0,49.1,9.4,50.2,86.0,14.0,91.9,1.0,5.5,14.2,1.8,1.2,12.0,150000.0,160000.0
G4W,G4W,QC,13988.0,,,52.4,48.2,12.4,57.8,29.8,1.9,59.9,40.1,36800.0,43600.0,32800.0,36800.0,33600.0,40400.0,50800.0,58950.0,56000.0,72600.0,50400.0,61250.0,17.0,0.0,79.8,20.1,0.1,53.0,12.4,54.6,92.3,7.7,89.3,1.1,6.7,13.4,1.2,1.6,13.1,160000.0,177000.0
G4X,G4X,QC,15063.0,,,50.4,46.5,14.1,60.4,25.5,2.2,71.8,28.2,41200.0,47040.0,36000.0,39240.0,35200.0,41600.0,54400.0,60600.0,72000.0,85600.0,63200.0,71400.0,11.5,4.5,60.9,34.6,0.0,55.6,16.1,58.1,90.8,9.2,93.8,0.5,3.7,17.7,2.0,1.9,8.9,200000.0,224400.0
G4Z,G4Z,QC,9389.0,,,48.0,45.2,14.6,63.0,22.3,2.1,73.2,26.8,47200.0,55000.0,40800.0,44680.0,42800.0,50520.0,68500.0,73100.0,81000.0,96700.0,69000.0,78600.0,7.0,0.1,74.1,25.7,0.1,61.6,16.2,61.8,94.6,5.4,95.1,1.1,2.8,14.4,1.5,1.6,8.4,158000.0,171400.0
G5A,G5A,QC,8283.0,,,54.0,48.9,13.4,56.2,30.3,2.1,68.9,31.1,37600.0,42880.0,33600.0,36680.0,29400.0,36000.0,48000.0,54250.0,63600.0,76700.0,56800.0,65600.0,13.2,0.2,80.0,19.9,0.1,51.4,11.9,56.2,91.0,9.0,92.2,0.6,4.5,18.3,1.1,0.9,11.7,174000.0,204000.0
G5B,G5B,QC,5976.0,,,44.0,42.6,17.1,63.5,19.5,2.2,71.2,28.8,46400.0,60350.0,40400.0,48240.0,43600.0,57500.0,86000.0,90100.0,85000.0,106200.0,71500.0,84900.0,8.0,0.3,75.8,24.1,0.0,49.0,9.7,59.8,93.5,6.5,93.7,1.2,3.4,15.0,1.0,1.0,6.0,174000.0,183000.0
G5C,G5C,QC,11390.0,,,49.2,45.7,14.0,62.6,23.3,2.1,64.9,35.1,42800.0,51120.0,37600.0,42200.0,39200.0,47800.0,60800.0,67700.0,71500.0,87900.0,61600.0,72500.0,10.8,0.1,82.0,17.9,0.0,56.5,11.4,60.6,94.3,5.8,91.6,0.6,5.9,14.0,1.3,1.8,9.2,160000.0,173600.0
G5H,G5H,QC,6974.0,,,52.4,47.7,14.8,55.8,29.4,2.0,59.8,40.2,34400.0,42800.0,31200.0,35600.0,31000.0,36920.0,48800.0,53400.0,53600.0,70400.0,48400.0,58550.0,18.7,0.1,83.7,16.2,0.0,48.0,9.2,49.9,91.2,8.8,90.1,0.7,7.8,16.2,0.5,0.9,12.3,150000.0,171800.0
G5J,G5J,QC,6010.0,,,52.0,47.7,13.6,57.9,28.5,2.0,65.8,34.2,36000.0,43160.0,32400.0,36720.0,32800.0,40080.0,54000.0,58000.0,60000.0,74100.0,52800.0,63100.0,16.4,0.0,83.5,16.4,0.0,55.5,12.0,55.0,93.2,6.9,85.7,0.4,11.7,13.8,0.4,0.4,10.3,180000.0,193000.0
G5L,G5L,QC,28733.0,,,49.6,47.6,11.7,58.2,30.0,1.9,49.5,50.5,36800.0,44440.0,33200.0,37680.0,30600.0,38720.0,53600.0,60200.0,55200.0,70500.0,48800.0,59800.0,16.9,0.1,70.7,29.1,0.1,63.0,22.9,55.7,91.3,8.7,82.7,1.1,12.6,14.8,3.0,3.4,15.1,202000.0,232400.0
G5M,G5M,QC,8829.0,,,43.6,42.4,18.6,60.5,21.0,2.3,77.6,22.4,47200.0,53750.0,40800.0,44320.0,44400.0,49480.0,67000.0,71000.0,86000.0,99400.0,73500.0,82000.0,6.2,0.1,71.6,28.3,0.0,67.6,24.5,64.7,94.9,5.0,95.1,0.4,2.8,15.1,1.6,1.4,9.5,240000.0,255600.0
G5N,G5N,QC,8375.0,,,44.4,42.4,17.6,63.5,19.0,2.4,87.6,12.4,47200.0,54800.0,40800.0,44520.0,41200.0,48360.0,62800.0,71200.0,91000.0,106800.0,77500.0,86800.0,5.2,0.1,75.4,24.5,0.0,69.2,25.3,63.9,93.6,6.4,93.8,0.6,2.9,16.6,1.4,1.4,7.0,250000.0,265200.0
G5R,G5R,QC,20118.0,,,48.4,46.7,13.7,58.0,28.3,2.0,54.1,45.9,40000.0,49200.0,35200.0,40400.0,35600.0,42200.0,50800.0,60450.0,62800.0,82300.0,54800.0,67500.0,12.7,0.1,74.2,25.4,0.4,60.3,16.7,60.5,93.0,7.0,89.7,0.4,7.7,13.5,2.1,3.2,11.6,224000.0,238600.0
G5T,G5T,QC,2884.0,,,55.2,49.7,11.8,57.0,31.2,2.0,64.6,35.4,35600.0,40160.0,32000.0,34800.0,30600.0,34880.0,48800.0,50300.0,57200.0,68400.0,51600.0,59200.0,16.8,0.2,80.7,18.9,0.0,48.1,9.5,57.9,92.1,7.9,91.9,0.0,6.8,19.3,0.4,0.5,7.7,139000.0,151600.0
G5V,G5V,QC,10999.0,,,53.2,48.8,12.0,57.6,30.4,2.0,57.1,42.9,36800.0,43320.0,32800.0,36440.0,33600.0,38920.0,47200.0,54500.0,56000.0,73600.0,49600.0,61950.0,16.2,0.3,79.2,20.4,0.1,51.8,12.2,57.1,93.6,6.5,89.5,0.3,7.9,16.2,1.5,2.1,13.0,200000.0,212600.0
G5X,G5X,QC,6181.0,,,45.2,44.4,16.9,59.0,24.1,2.2,69.9,30.1,40800.0,45360.0,36000.0,38640.0,35200.0,38040.0,49600.0,53600.0,65500.0,80700.0,57600.0,68800.0,10.3,0.2,75.1,24.5,0.2,50.7,9.8,65.3,95.5,4.7,95.5,0.0,3.2,18.5,1.3,1.4,8.2,170000.0,187800.0
G5Y,G5Y,QC,23088.0,,,48.4,46.0,14.3,59.6,26.1,2.0,57.4,42.6,38400.0,44720.0,34000.0,37680.0,33600.0,39880.0,50000.0,59450.0,58400.0,74700.0,51600.0,62950.0,14.8,0.2,72.9,26.6,0.3,51.9,11.4,59.6,93.4,6.6,93.4,0.2,4.5,17.5,1.6,2.6,11.5,184000.0,205800.0
G5Z,G5Z,QC,7603.0,,,41.6,40.8,20.1,61.6,18.3,2.3,69.9,30.1,44000.0,51750.0,38400.0,43080.0,40400.0,46840.0,56000.0,65000.0,78000.0,94600.0,67000.0,78800.0,8.0,0.1,70.5,29.3,0.1,58.5,16.4,68.9,96.4,3.6,96.2,0.4,1.6,20.2,2.0,2.8,12.8,216000.0,244400.0
G6A,G6A,QC,2546.0,,,39.2,37.2,22.8,65.6,11.4,2.6,82.9,17.1,47600.0,57000.0,41200.0,46480.0,41600.0,49840.0,60000.0,71200.0,94000.0,110600.0,79500.0,90200.0,6.1,0.2,66.2,33.6,0.2,60.0,18.8,76.3,96.8,3.2,96.9,0.0,1.2,15.9,2.1,0.6,5.9,236000.0,254400.0
G6B,G6B,QC,8404.0,,,50.8,47.5,14.8,56.0,29.3,2.0,62.7,37.3,36400.0,43080.0,33200.0,36520.0,33600.0,37880.0,50400.0,54700.0,56800.0,73100.0,50800.0,62000.0,15.8,0.2,74.5,25.3,0.1,51.6,12.8,57.5,93.0,7.2,89.1,0.7,7.2,14.0,1.7,1.9,14.4,184000.0,217600.0
G6C,G6C,QC,7959.0,,,40.0,39.5,18.0,67.9,14.1,2.4,67.9,32.1,48000.0,52600.0,41600.0,43440.0,44000.0,46880.0,58400.0,63050.0,88000.0,98800.0,75000.0,81600.0,5.3,0.1,67.9,31.9,0.2,65.5,17.0,75.8,95.2,4.8,95.6,1.2,1.9,21.1,3.4,4.3,7.3,270000.0,289200.0
G6E,G6E,QC,13110.0,,,44.0,43.3,17.8,59.7,22.5,2.3,70.6,29.4,44000.0,50120.0,38800.0,41840.0,38800.0,43840.0,55200.0,60850.0,78000.0,92700.0,68000.0,77300.0,8.1,0.2,68.9,30.6,0.3,59.7,16.3,68.7,95.0,4.9,93.9,0.3,3.9,19.3,2.5,3.9,8.5,240000.0,259200.0
G6G,G6G,QC,20356.0,,,54.4,50.0,12.9,53.3,33.8,2.0,63.3,36.7,36000.0,42720.0,32400.0,36600.0,31800.0,37440.0,50400.0,56350.0,55600.0,70500.0,50000.0,60350.0,15.9,0.3,75.2,24.2,0.2,56.9,11.9,57.2,93.1,6.9,92.5,0.3,5.2,15.7,2.0,3.4,11.9,150000.0,168200.0
G6H,G6H,QC,7097.0,,,50.0,46.5,15.7,55.9,28.5,2.2,79.6,20.4,36800.0,40720.0,33200.0,35280.0,31600.0,34120.0,47600.0,50400.0,62800.0,72500.0,56400.0,62850.0,12.0,0.1,78.5,21.3,0.1,58.3,8.9,55.5,94.2,5.9,95.3,0.0,2.7,19.5,0.8,0.7,7.5,140000.0,156600.0
G6J,G6J,QC,10627.0,,,40.8,39.4,20.6,63.8,15.7,2.5,79.7,20.3,49200.0,53100.0,42400.0,43760.0,44800.0,47880.0,62000.0,68100.0,95000.0,103500.0,80000.0,85300.0,5.6,0.1,65.4,34.5,0.0,66.8,21.1,72.9,95.5,4.6,91.6,3.4,2.3,25.2,2.7,3.2,9.7,278000.0,290800.0
G6K,G6K,QC,8237.0,,,41.2,39.7,20.9,62.5,16.7,2.6,84.0,16.0,53600.0,61450.0,46000.0,49560.0,50800.0,56450.0,72500.0,78400.0,107000.0,122000.0,88000.0,98300.0,3.8,0.1,58.5,41.3,0.1,68.6,28.3,72.3,96.9,3.1,93.7,2.5,2.9,23.5,2.9,2.6,6.3,300000.0,326000.0
G6L,G6L,QC,15293.0,,,44.4,43.6,16.9,59.8,23.3,2.1,66.3,33.7,37600.0,42040.0,33600.0,36000.0,33600.0,36640.0,46400.0,50120.0,59600.0,73600.0,52800.0,63050.0,13.6,0.4,78.4,20.4,0.8,50.8,7.9,65.4,96.4,3.6,87.3,0.2,8.9,16.7,1.4,3.2,7.8,174000.0,190000.0
G6P,G6P,QC,29578.0,,,54.0,49.6,12.6,53.4,34.0,1.9,50.4,49.6,34000.0,40760.0,31000.0,35040.0,30000.0,35760.0,46800.0,54200.0,50800.0,65800.0,45600.0,56550.0,19.1,0.2,73.5,25.8,0.5,50.5,12.2,54.9,94.6,5.4,86.8,0.5,8.5,15.7,3.3,3.9,16.9,190000.0,209200.0
G6R,G6R,QC,4702.0,,,40.8,39.0,21.7,63.7,14.6,2.6,87.0,13.0,44000.0,53550.0,38800.0,44120.0,38800.0,44040.0,59600.0,63050.0,91000.0,108800.0,77500.0,89600.0,7.4,0.1,71.6,28.2,0.0,61.6,15.6,73.0,96.5,3.5,96.0,0.4,2.0,17.5,1.9,0.6,7.5,250000.0,273600.0
G6S,G6S,QC,5384.0,,,43.2,42.9,17.8,59.2,22.7,2.3,74.8,25.2,42800.0,50560.0,37600.0,41880.0,36400.0,42920.0,56400.0,63650.0,77500.0,93900.0,67500.0,77800.0,8.3,0.1,69.8,29.6,0.5,60.8,18.0,67.1,95.5,4.3,91.5,0.9,4.3,16.8,2.8,4.1,10.3,224000.0,267200.0
G6T,G6T,QC,11201.0,,,39.2,38.9,21.2,62.9,15.9,2.5,77.1,22.9,45600.0,51080.0,40000.0,42640.0,38800.0,44360.0,57600.0,62600.0,87000.0,98500.0,75000.0,82200.0,6.8,0.1,68.6,30.8,0.5,62.7,18.1,72.5,97.1,2.9,96.6,0.2,1.1,17.3,3.7,4.2,6.0,230000.0,251200.0
G6V,G6V,QC,32034.0,,,52.4,48.9,11.8,57.2,31.0,1.9,50.6,49.4,41600.0,48680.0,36400.0,40440.0,37600.0,43880.0,54800.0,64100.0,62800.0,79000.0,54400.0,65700.0,12.4,0.3,65.3,34.2,0.2,62.2,21.7,59.8,92.7,7.3,82.9,5.1,9.9,20.5,4.3,4.9,15.4,276000.0,301200.0
G6W,G6W,QC,25242.0,,,46.4,45.0,14.9,60.7,24.5,2.1,55.9,44.1,46000.0,53800.0,40000.0,44040.0,42400.0,48560.0,61200.0,69100.0,76500.0,93400.0,65500.0,76500.0,7.5,0.3,61.3,38.2,0.2,66.9,24.5,66.6,94.1,5.9,91.3,4.1,3.0,20.9,4.5,5.1,13.6,276000.0,304000.0
G6X,G6X,QC,9307.0,,,46.0,45.1,13.4,61.5,25.1,2.0,55.9,44.1,44400.0,48680.0,38800.0,41040.0,38800.0,42280.0,53600.0,59550.0,68500.0,81400.0,59200.0,68700.0,7.9,0.3,62.0,37.6,0.1,64.3,21.4,65.4,94.1,5.8,91.0,3.3,3.2,21.1,3.8,4.1,11.2,250000.0,258400.0
G6Y,G6Y,QC,7232.0,,,40.4,39.7,19.6,64.4,16.0,2.4,67.2,32.8,51200.0,61400.0,44400.0,49280.0,48400.0,56950.0,70000.0,78100.0,98000.0,118500.0,82000.0,95100.0,4.7,0.1,61.2,38.4,0.1,70.0,27.7,71.5,95.3,4.7,92.0,4.0,2.8,20.5,4.1,5.5,9.8,320000.0,343600.0
G6Z,G6Z,QC,23582.0,,,42.0,40.0,18.8,66.2,15.0,2.5,83.3,16.7,51600.0,59350.0,44000.0,47680.0,47600.0,53500.0,66500.0,74400.0,104000.0,118900.0,88000.0,95500.0,3.7,0.1,60.8,39.1,0.1,70.2,23.2,72.8,95.4,4.6,94.2,1.8,2.2,23.8,2.2,1.8,6.9,300000.0,315600.0
G7A,G7A,QC,25429.0,,,40.8,39.9,20.4,62.5,17.1,2.5,77.5,22.5,53200.0,63200.0,45600.0,50440.0,49200.0,57700.0,72000.0,79300.0,104000.0,122300.0,86000.0,97600.0,4.3,0.2,54.3,45.4,0.1,72.6,32.7,71.8,95.4,4.6,92.5,2.8,2.4,23.5,3.7,4.1,8.8,324000.0,353600.0
G7B,G7B,QC,17614.0,,,47.2,45.5,14.9,60.2,24.9,2.1,63.2,36.8,40800.0,46960.0,36000.0,39440.0,34800.0,41840.0,55200.0,61100.0,70500.0,83000.0,61200.0,69700.0,11.0,0.3,78.8,20.9,0.0,58.0,12.1,60.0,94.0,5.9,93.8,0.8,2.7,18.6,0.8,0.8,9.2,200000.0,221600.0
G7G,G7G,QC,16414.0,,,44.0,43.2,17.2,60.9,22.0,2.3,70.3,29.7,42000.0,48440.0,36800.0,40320.0,36400.0,43680.0,54000.0,63200.0,76000.0,88900.0,66000.0,74000.0,8.7,0.1,78.2,21.7,0.1,61.4,15.7,62.3,95.3,4.7,93.9,2.6,2.1,17.8,1.1,0.9,9.7,200000.0,222000.0
G7H,G7H,QC,28684.0,,,50.4,48.1,12.0,57.0,31.0,1.9,51.2,48.8,39600.0,50320.0,34800.0,41320.0,33600.0,45760.0,59600.0,72300.0,60400.0,82600.0,53200.0,67800.0,15.1,0.5,69.7,29.7,0.2,66.4,25.9,55.2,93.7,6.4,87.6,2.5,7.2,16.0,2.7,4.9,18.4,250000.0,273200.0
G7J,G7J,QC,14443.0,,,45.6,44.2,14.4,63.0,22.5,2.0,56.6,43.4,39600.0,47560.0,35600.0,39640.0,34800.0,43680.0,55600.0,64400.0,65500.0,80800.0,57200.0,67500.0,13.1,0.1,74.1,25.7,0.1,62.7,17.7,61.7,94.3,5.6,91.2,2.9,3.0,16.1,1.3,2.1,12.8,220000.0,236200.0
G7K,G7K,QC,762.0,,,47.2,45.0,13.2,63.2,23.7,2.0,71.8,28.2,44400.0,52200.0,39600.0,42600.0,39200.0,49400.0,58400.0,76500.0,76000.0,87600.0,65500.0,71600.0,6.2,0.0,80.3,19.7,0.0,71.3,10.7,57.0,95.7,4.3,94.6,0.0,0.0,15.2,0.0,0.0,8.5,200000.0,208000.0
G7N,G7N,QC,6389.0,,,42.4,41.5,19.0,63.3,17.8,2.4,86.7,13.3,50000.0,57850.0,42800.0,46440.0,43200.0,52750.0,66000.0,75600.0,96000.0,112400.0,81000.0,90200.0,5.1,0.3,74.1,25.5,0.1,69.2,18.0,68.1,95.7,4.3,94.3,0.8,2.2,20.8,1.4,1.2,6.9,250000.0,274400.0
G7P,G7P,QC,7418.0,,,42.4,41.5,19.1,62.1,18.8,2.4,84.0,16.0,43600.0,49400.0,38000.0,40640.0,37200.0,44520.0,56000.0,63350.0,82000.0,93700.0,70000.0,77200.0,8.0,0.1,82.6,17.3,0.0,62.3,9.8,64.7,95.7,4.1,94.5,0.5,2.7,23.9,0.5,0.4,6.4,200000.0,220200.0
G7S,G7S,QC,19807.0,,,45.2,44.2,16.8,59.3,23.9,2.2,76.7,23.3,46800.0,53300.0,40800.0,43600.0,39600.0,47120.0,62800.0,71300.0,82000.0,97200.0,69500.0,79600.0,6.9,0.1,72.6,27.3,0.0,70.5,21.6,62.7,95.7,4.3,93.5,1.8,2.5,16.9,1.2,1.2,9.0,214000.0,229400.0
G7T,G7T,QC,1640.0,,,35.6,37.1,21.6,63.1,14.9,2.3,66.2,33.8,54400.0,60350.0,46000.0,48960.0,48000.0,54000.0,70500.0,76400.0,97000.0,106000.0,80000.0,86000.0,2.5,0.0,72.9,26.8,0.0,70.7,25.2,75.9,97.0,3.0,97.5,0.0,0.0,20.1,1.8,2.0,13.5,250000.0,275000.0
G7X,G7X,QC,25550.0,,,49.2,46.5,12.8,61.0,26.3,1.9,51.4,48.6,37200.0,43520.0,32800.0,36840.0,30400.0,38360.0,48400.0,58450.0,57600.0,71000.0,50800.0,60150.0,16.9,0.1,79.0,20.9,0.1,60.1,11.0,55.8,93.2,6.9,89.5,2.4,6.1,19.2,1.0,1.6,13.7,200000.0,223000.0
G7Y,G7Y,QC,628.0,,,48.4,45.4,13.6,65.6,20.8,2.2,73.2,26.8,44400.0,48600.0,39200.0,40400.0,34800.0,41200.0,56400.0,62000.0,81000.0,88000.0,70000.0,73000.0,8.0,0.0,81.6,18.4,0.0,58.7,8.7,56.7,94.9,5.1,94.2,0.0,0.0,19.9,0.0,0.0,7.1,220000.0,234000.0
G7Z,G7Z,QC,2638.0,,,45.6,42.9,16.9,63.3,19.9,2.5,88.0,12.0,46400.0,52850.0,40000.0,43520.0,39600.0,47320.0,68000.0,73800.0,90000.0,107400.0,77000.0,88400.0,6.5,0.0,78.4,21.4,0.0,71.4,17.3,62.7,95.7,4.6,95.4,1.7,0.0,19.4,1.1,1.4,5.5,230000.0,238000.0
G8A,G8A,QC,6033.0,,,46.8,45.8,15.6,58.6,25.8,2.1,61.7,38.3,40400.0,48240.0,36000.0,40280.0,34800.0,43800.0,53200.0,64800.0,68000.0,84200.0,59600.0,70400.0,11.3,0.2,79.5,20.3,0.1,63.6,14.8,60.7,94.2,5.6,95.4,2.1,1.3,19.5,1.0,1.6,9.6,200000.0,222800.0
G8B,G8B,QC,22060.0,,,50.0,46.7,14.3,59.0,26.8,2.1,61.4,38.6,38000.0,44680.0,34000.0,37720.0,32800.0,40720.0,53600.0,61700.0,62000.0,76300.0,54800.0,64500.0,14.3,0.1,80.6,19.3,0.1,58.2,12.4,56.6,93.7,6.3,91.0,0.2,6.3,18.0,1.0,1.4,11.6,198000.0,214800.0
G8C,G8C,QC,4412.0,,,44.0,42.1,18.7,62.5,18.8,2.4,84.5,15.5,49600.0,57250.0,42800.0,46680.0,45600.0,51500.0,68000.0,72800.0,93000.0,109200.0,78500.0,89000.0,4.3,0.1,79.3,20.7,0.0,68.8,19.5,62.9,97.0,2.8,95.1,0.0,2.6,17.4,0.3,1.2,8.0,250000.0,255600.0
G8E,G8E,QC,3837.0,,,44.4,43.2,17.3,61.1,21.5,2.4,77.2,22.8,40800.0,47360.0,36000.0,39600.0,34400.0,42160.0,48800.0,57400.0,77000.0,90000.0,66500.0,75200.0,8.5,0.0,85.4,14.3,0.1,58.8,8.9,65.0,97.3,2.7,91.1,0.6,5.2,21.8,1.2,0.8,7.3,190000.0,215600.0
G8G,G8G,QC,4121.0,,,49.6,46.2,16.4,55.0,28.6,2.2,76.5,23.5,40000.0,46200.0,35600.0,39160.0,34800.0,40280.0,50000.0,57600.0,69500.0,80100.0,61200.0,67900.0,11.4,0.1,86.6,13.2,0.1,60.9,15.3,57.4,93.5,6.5,92.5,0.0,5.1,24.4,0.9,1.7,10.4,174000.0,209000.0
G8H,G8H,QC,10040.0,,,52.4,47.8,14.2,56.8,29.0,2.0,68.2,31.8,38400.0,45000.0,34400.0,38240.0,35200.0,41040.0,52000.0,59150.0,62800.0,77400.0,55600.0,65800.0,13.6,0.1,84.4,15.4,0.1,57.4,13.1,55.3,94.1,6.0,90.1,0.0,7.3,14.9,0.5,0.8,9.9,174000.0,194400.0
G8J,G8J,QC,4259.0,,,46.4,44.1,17.0,59.5,23.5,2.2,80.7,19.3,39600.0,43720.0,35600.0,37240.0,32800.0,38480.0,54000.0,57600.0,69500.0,80700.0,61200.0,68800.0,10.6,0.1,84.7,15.2,0.0,60.3,10.6,59.1,93.0,7.0,92.1,0.0,3.7,19.5,1.5,0.6,5.9,150000.0,175400.0
G8K,G8K,QC,10089.0,,,48.4,45.6,15.4,59.3,25.3,2.1,72.1,27.9,40000.0,46280.0,35600.0,39040.0,34400.0,41320.0,56800.0,60950.0,67000.0,81000.0,58800.0,68300.0,12.8,0.0,81.6,18.4,0.0,59.7,13.5,59.1,93.9,6.2,92.2,0.6,4.6,18.4,1.4,1.6,9.4,180000.0,202800.0
G8L,G8L,QC,14282.0,,,50.8,46.9,15.2,56.8,27.9,2.1,67.3,32.7,37200.0,43600.0,33600.0,37280.0,32000.0,39040.0,52800.0,57950.0,62800.0,76000.0,55600.0,64900.0,14.2,0.0,83.1,16.8,0.0,54.5,11.3,57.5,92.5,7.5,91.0,0.0,6.3,19.7,0.9,1.3,8.8,160000.0,179400.0
G8M,G8M,QC,5173.0,,,45.2,44.0,17.4,59.2,23.4,2.3,81.1,18.9,39600.0,44760.0,35200.0,38160.0,34400.0,38720.0,53600.0,55050.0,71000.0,81700.0,62000.0,69600.0,11.4,0.0,87.0,12.9,0.1,56.3,7.4,63.6,95.2,4.6,87.9,0.0,9.9,22.5,0.7,0.4,6.9,145000.0,148400.0
G8N,G8N,QC,2511.0,,,46.4,44.5,17.1,57.8,25.1,2.3,78.8,21.2,38800.0,46040.0,34800.0,38520.0,33200.0,40440.0,52800.0,58400.0,69500.0,87000.0,61200.0,72800.0,13.2,0.0,84.2,15.4,0.2,63.3,12.6,64.4,95.1,5.3,93.8,0.0,4.9,24.5,0.6,1.2,7.1,180000.0,195200.0
G8P,G8P,QC,7310.0,,,40.8,40.5,18.5,65.6,15.9,2.2,70.4,29.6,49200.0,54750.0,42800.0,45440.0,46800.0,51250.0,64500.0,69600.0,85000.0,97700.0,72000.0,81000.0,9.0,2.7,68.4,28.8,0.1,58.6,12.4,69.3,96.2,3.7,83.5,0.3,9.7,15.4,1.4,3.9,8.5,200000.0,215200.0
G8T,G8T,QC,27831.0,,,52.0,48.1,13.0,56.8,30.1,1.9,52.2,47.8,34400.0,39240.0,31400.0,34160.0,30400.0,34840.0,46800.0,51400.0,52000.0,63550.0,46800.0,55400.0,18.4,0.1,74.5,25.2,0.1,53.1,11.3,54.0,92.5,7.6,90.0,2.3,5.4,20.1,3.5,3.9,13.4,174000.0,186800.0
G8V,G8V,QC,9956.0,,,44.0,41.8,17.5,65.4,17.1,2.4,78.6,21.4,45600.0,52750.0,40000.0,43600.0,38800.0,46680.0,60800.0,66800.0,89000.0,101400.0,76500.0,83900.0,5.9,0.2,67.5,32.3,0.1,65.8,19.2,68.3,95.8,4.2,95.7,0.9,1.7,19.5,2.7,3.1,7.1,220000.0,233200.0
G8W,G8W,QC,11010.0,,,47.2,45.1,16.2,59.3,24.6,2.2,67.4,32.6,44000.0,51850.0,38800.0,43000.0,40000.0,48640.0,60400.0,67700.0,77000.0,93700.0,66500.0,77700.0,9.2,0.2,68.3,31.2,0.2,65.3,20.4,60.9,95.5,4.6,94.6,0.9,3.1,19.9,2.7,2.6,9.8,230000.0,262000.0
G8Y,G8Y,QC,33298.0,,,48.0,46.0,14.4,57.7,27.9,2.1,60.1,39.9,40800.0,49760.0,36000.0,41040.0,33600.0,43680.0,59200.0,67900.0,68000.0,85900.0,59600.0,70900.0,12.2,0.3,62.0,37.3,0.4,66.4,26.1,56.6,93.9,6.1,91.8,2.9,3.6,18.9,6.4,8.4,10.7,200000.0,225600.0
G8Z,G8Z,QC,13972.0,,,45.6,47.1,9.9,60.0,30.1,1.8,29.5,70.5,32800.0,39680.0,30000.0,33960.0,24800.0,32840.0,47200.0,53850.0,47600.0,60200.0,42400.0,51500.0,23.6,0.6,60.7,38.2,0.5,58.4,21.2,59.6,91.7,8.3,84.6,3.6,9.6,17.4,7.1,14.3,18.2,200000.0,227800.0
G9A,G9A,QC,20399.0,,,48.4,47.6,10.6,60.4,28.9,1.7,28.8,71.2,31400.0,37880.0,29000.0,33080.0,26800.0,33560.0,45600.0,52050.0,42800.0,55150.0,39200.0,48200.0,27.2,0.4,66.7,32.5,0.4,52.3,15.8,54.3,89.6,10.4,82.3,4.3,10.6,18.5,4.3,6.0,20.6,184000.0,216000.0
G9B,G9B,QC,18680.0,,,44.0,42.7,17.5,62.2,20.2,2.3,78.6,21.4,46800.0,56650.0,40400.0,45880.0,42400.0,51160.0,62000.0,72300.0,87000.0,106100.0,74000.0,86000.0,6.6,0.3,64.4,35.2,0.1,65.9,22.3,65.7,95.8,4.2,95.6,0.9,1.5,21.2,2.6,2.8,9.2,220000.0,256800.0
G9C,G9C,QC,4017.0,,,40.0,39.6,19.9,65.0,15.0,2.4,91.0,9.0,51200.0,59000.0,44000.0,48080.0,46800.0,52350.0,67500.0,73400.0,97000.0,107600.0,81000.0,87700.0,5.0,0.3,61.4,38.3,0.1,73.6,30.9,70.9,92.7,7.0,96.5,0.9,0.9,20.3,6.6,5.8,6.8,220000.0,237800.0
G9H,G9H,QC,13559.0,,,44.0,43.4,17.0,60.8,22.2,2.2,74.9,25.1,43200.0,50160.0,38000.0,41760.0,38000.0,44760.0,58000.0,64800.0,75000.0,89200.0,64500.0,74300.0,9.9,0.2,70.7,29.1,0.1,64.4,18.0,64.3,95.6,4.4,95.1,0.4,3.6,22.3,1.5,1.3,6.9,200000.0,229000.0
G9N,G9N,QC,16125.0,,,55.2,50.2,11.1,55.8,33.2,1.7,40.9,59.1,31200.0,37440.0,28800.0,32560.0,27000.0,33120.0,45600.0,51300.0,44400.0,57050.0,40400.0,49640.0,26.2,0.3,75.1,24.2,0.4,48.4,10.2,50.2,90.9,9.2,88.3,2.0,7.6,19.2,2.2,3.0,16.6,150000.0,162600.0
G9P,G9P,QC,11567.0,,,54.0,48.5,13.8,55.9,30.4,2.0,61.5,38.5,39200.0,44480.0,34800.0,37840.0,34000.0,40280.0,51200.0,59400.0,61600.0,74600.0,55200.0,63500.0,13.8,0.2,72.5,27.1,0.1,59.9,13.5,53.0,94.5,5.6,91.3,1.5,5.1,20.7,2.8,2.7,12.5,160000.0,186000.0
G9R,G9R,QC,2324.0,,,44.4,42.0,18.5,64.5,17.0,2.4,85.5,14.5,44400.0,50600.0,38800.0,42280.0,37200.0,44240.0,56400.0,63000.0,83000.0,90200.0,70500.0,75400.0,7.4,0.0,72.5,27.5,0.0,62.3,16.0,65.3,96.3,3.3,97.5,0.0,1.5,23.9,2.3,0.9,6.1,190000.0,207600.0
G9T,G9T,QC,15940.0,,,56.0,50.0,12.2,55.5,32.2,1.9,59.6,40.4,34800.0,41200.0,31600.0,35560.0,29400.0,36040.0,48800.0,54750.0,54000.0,67700.0,48800.0,58450.0,17.7,0.1,75.9,23.8,0.1,53.0,10.9,50.8,92.3,7.7,89.6,1.2,6.6,21.7,1.6,1.4,13.1,150000.0,181200.0
G9X,G9X,QC,10610.0,,,51.2,47.5,13.9,58.7,27.4,2.0,67.7,32.3,39200.0,44840.0,35200.0,37960.0,35600.0,42280.0,58000.0,62400.0,60400.0,75200.0,54000.0,63700.0,14.0,0.1,79.0,20.7,0.1,51.5,9.5,52.9,93.4,6.6,88.8,0.5,7.7,13.8,1.0,0.8,10.3,150000.0,158200.0
H1A,H1A,QC,33158.0,,,46.0,44.0,15.2,65.0,19.8,2.2,60.1,39.9,42000.0,47680.0,37200.0,40080.0,39200.0,43520.0,56000.0,62450.0,73000.0,85800.0,62800.0,72100.0,10.3,0.9,55.5,43.1,0.6,55.5,16.1,62.6,92.4,7.6,76.3,18.1,3.5,33.1,16.7,21.3,15.7,324000.0,334000.0
H1B,H1B,QC,20651.0,,,43.2,42.6,16.1,65.1,18.8,2.2,46.7,53.3,39200.0,44200.0,35200.0,37720.0,36400.0,40240.0,53200.0,57350.0,65000.0,77700.0,57600.0,66300.0,13.2,1.1,57.5,40.6,0.8,49.5,13.0,62.4,91.5,8.5,74.9,18.0,5.2,31.8,15.5,22.3,15.7,348000.0,348000.0
H1C,H1C,QC,15085.0,,,39.2,37.8,19.5,70.0,10.6,3.0,84.5,15.5,44000.0,51750.0,38400.0,42480.0,40800.0,48240.0,60400.0,70300.0,107000.0,119500.0,92000.0,98200.0,4.7,3.5,33.5,61.7,1.4,60.4,20.3,72.4,93.1,6.9,82.9,14.7,0.8,35.1,28.3,35.4,11.3,400000.0,434800.0
H1E,H1E,QC,42568.0,,,45.2,43.6,15.8,62.4,21.8,2.5,63.5,36.5,36400.0,44040.0,33200.0,37280.0,34000.0,40560.0,53200.0,61200.0,76000.0,90700.0,67000.0,76800.0,10.2,4.1,35.1,58.3,2.5,51.8,15.4,60.7,91.6,8.4,79.3,16.2,2.7,33.8,37.3,39.2,18.3,424000.0,448800.0
H1G,H1G,QC,50989.0,,,40.8,41.4,18.9,61.2,19.9,2.4,28.5,71.5,32400.0,37360.0,29800.0,32840.0,26600.0,31840.0,43600.0,48520.0,57200.0,68800.0,51600.0,60450.0,20.2,3.1,53.6,40.6,2.8,46.5,12.2,59.7,88.0,12.0,64.7,29.2,4.3,35.4,38.5,56.4,21.3,400000.0,430000.0
H1H,H1H,QC,37847.0,,,40.4,40.7,19.2,62.1,18.7,2.3,28.1,71.9,32400.0,37760.0,30000.0,33200.0,26400.0,32080.0,44800.0,50440.0,55200.0,66400.0,49600.0,58400.0,19.8,3.2,51.6,42.3,2.9,51.0,16.0,59.8,89.2,10.8,63.0,29.6,5.0,36.3,40.5,58.5,26.5,412000.0,444000.0
H1J,H1J,QC,10587.0,,,46.0,44.1,16.1,61.0,22.9,2.2,46.8,53.2,39200.0,47920.0,34800.0,39680.0,33600.0,43680.0,56800.0,67800.0,68000.0,84500.0,59200.0,69900.0,12.5,2.7,42.6,52.9,1.7,62.0,25.6,60.1,89.8,10.1,69.2,22.3,6.0,30.5,39.0,36.9,16.0,400000.0,439200.0
H1K,H1K,QC,37304.0,,,40.0,39.6,20.9,62.7,16.5,2.5,44.3,55.7,40800.0,49400.0,36400.0,40800.0,36000.0,44480.0,57600.0,68000.0,76000.0,91700.0,66000.0,75700.0,12.2,1.9,47.8,48.8,1.6,62.3,27.7,66.3,91.5,8.5,64.7,28.7,4.4,32.3,33.9,40.5,15.8,500000.0,505600.0
H1L,H1L,QC,34612.0,,,41.6,42.0,15.8,66.3,17.9,2.0,39.7,60.3,38400.0,44240.0,34400.0,37520.0,35200.0,40320.0,52800.0,59150.0,61200.0,73000.0,53600.0,61900.0,15.6,1.6,50.9,46.4,1.1,55.9,20.5,63.5,90.3,9.7,63.0,29.0,5.0,32.8,19.4,24.7,20.4,400000.0,421200.0
H1M,H1M,QC,29352.0,,,47.6,46.8,14.2,57.6,28.1,2.1,42.7,57.3,39200.0,48160.0,35200.0,40160.0,34000.0,41800.0,58400.0,67000.0,65000.0,82400.0,56800.0,68600.0,13.2,3.2,41.4,53.6,1.8,61.0,28.5,56.6,89.9,10.1,61.9,28.4,6.8,31.6,33.4,32.6,21.0,500000.0,532500.0
H1N,H1N,QC,24444.0,,,41.6,43.5,14.0,65.0,21.0,1.9,30.9,69.1,38000.0,44680.0,34000.0,37960.0,34000.0,40240.0,55200.0,61550.0,58800.0,70900.0,51600.0,60300.0,17.4,3.4,44.7,50.4,1.6,62.0,26.8,64.0,90.1,9.8,52.4,36.7,7.5,32.1,25.4,31.4,23.2,420000.0,452000.0
H1P,H1P,QC,18118.0,,,42.8,42.0,19.1,60.4,20.4,2.5,40.4,59.6,35200.0,44160.0,32400.0,37360.0,30000.0,39240.0,52400.0,63300.0,67500.0,84900.0,60800.0,71900.0,14.5,3.9,37.7,55.1,3.3,55.7,21.8,59.7,90.8,9.1,76.9,18.1,3.8,30.5,44.4,41.7,18.9,650000.0,670000.0
H1R,H1R,QC,31259.0,,,41.6,41.1,19.9,60.9,19.1,2.6,35.6,64.4,34800.0,43160.0,31800.0,36560.0,28200.0,37000.0,51600.0,60550.0,70000.0,85800.0,62400.0,72700.0,12.8,4.4,39.3,52.4,3.8,53.6,20.0,60.8,88.6,11.4,74.6,20.5,3.1,32.4,47.8,47.7,19.7,700000.0,733000.0
H1S,H1S,QC,26715.0,,,43.6,43.8,18.5,57.7,23.8,2.4,31.9,68.1,33600.0,40320.0,31200.0,34840.0,27000.0,34840.0,50400.0,57200.0,62400.0,73500.0,55600.0,63450.0,17.0,5.5,41.2,49.3,4.0,56.6,23.3,59.4,88.5,11.5,68.5,23.2,6.4,31.2,47.6,49.7,22.7,600000.0,605500.0
H1T,H1T,QC,31318.0,,,42.4,43.0,15.8,63.2,21.1,2.0,31.0,69.0,38000.0,47600.0,34000.0,39520.0,32800.0,42800.0,56400.0,67500.0,58000.0,76700.0,50800.0,63700.0,16.9,3.1,41.5,53.6,1.8,65.8,32.3,61.3,91.1,8.9,57.2,28.3,9.3,32.4,30.8,31.8,23.8,600000.0,624500.0
H1V,H1V,QC,21908.0,,,37.2,39.8,11.9,75.1,13.0,1.8,31.5,68.5,39200.0,47440.0,34800.0,39520.0,37200.0,45240.0,59200.0,66800.0,59200.0,72900.0,51600.0,60750.0,18.8,2.7,34.9,61.8,0.6,67.7,36.1,71.8,90.7,9.3,46.7,35.2,10.2,32.4,17.0,20.3,21.6,400000.0,436000.0
H1W,H1W,QC,30004.0,,,34.8,38.1,11.0,78.3,10.7,1.8,24.6,75.4,37600.0,44560.0,33600.0,37480.0,33600.0,40640.0,54800.0,61550.0,56800.0,68600.0,49600.0,57700.0,18.6,2.8,32.8,63.7,0.7,69.9,37.3,73.3,91.1,8.9,39.8,39.7,11.4,31.8,17.3,19.4,23.6,400000.0,466400.0
H1X,H1X,QC,30178.0,,,39.6,40.9,14.8,68.8,16.4,1.9,30.2,69.8,38400.0,47680.0,34400.0,39680.0,36000.0,45280.0,60400.0,69000.0,56800.0,74200.0,50000.0,61750.0,18.7,2.7,39.7,56.3,1.3,67.8,35.9,67.3,90.2,9.8,51.5,31.2,8.8,33.0,24.5,26.7,23.5,500000.0,552000.0
H1Y,H1Y,QC,29286.0,,,39.6,41.0,14.8,68.9,16.3,1.9,34.1,65.9,43200.0,54950.0,38000.0,44400.0,40800.0,50880.0,65000.0,76400.0,62400.0,84200.0,53600.0,68100.0,15.0,2.1,34.6,62.6,0.7,72.7,42.4,71.3,92.4,7.6,47.0,27.2,14.6,31.0,17.3,15.5,25.0,584000.0,618000.0
H1Z,H1Z,QC,36487.0,,,36.8,37.6,21.3,65.1,13.6,2.6,26.4,73.6,29600.0,33480.0,27600.0,30080.0,22600.0,27800.0,42000.0,44840.0,56000.0,64900.0,51600.0,58300.0,22.7,6.1,49.0,38.7,6.2,44.0,13.9,59.8,86.1,13.9,59.4,33.9,5.1,36.2,48.8,72.3,20.6,448000.0,444800.0
H2A,H2A,QC,19454.0,,,39.2,40.2,16.2,68.2,15.7,2.2,33.0,67.0,31200.0,38200.0,29000.0,33320.0,25200.0,33440.0,50800.0,55900.0,55200.0,66500.0,50000.0,58000.0,21.1,5.1,41.2,48.8,4.9,57.3,25.8,64.1,87.3,12.7,52.8,36.4,5.2,33.6,41.9,51.2,23.1,472000.0,474800.0
H2B,H2B,QC,18049.0,,,41.6,41.7,17.1,64.7,18.1,2.0,32.8,67.2,37600.0,45360.0,34000.0,38120.0,33600.0,41520.0,55600.0,63650.0,58400.0,74000.0,51600.0,62250.0,17.3,3.0,41.6,53.2,2.2,64.6,31.1,64.5,91.4,8.7,60.9,30.0,5.5,34.9,35.7,38.9,23.0,600000.0,578500.0
H2C,H2C,QC,17976.0,,,42.8,43.8,15.5,62.1,22.4,2.0,38.0,62.0,42400.0,55750.0,37200.0,44600.0,38000.0,51800.0,67000.0,78600.0,65500.0,91100.0,56000.0,72900.0,14.6,2.1,36.2,60.6,1.0,71.9,42.1,66.4,91.9,8.0,53.5,30.4,9.8,31.8,22.8,26.5,20.3,650000.0,665000.0
H2E,H2E,QC,23507.0,,,36.8,39.1,14.5,71.8,13.7,2.0,26.4,73.6,34400.0,42240.0,31200.0,36000.0,29000.0,37720.0,53600.0,60550.0,55600.0,69900.0,49600.0,59650.0,18.5,3.4,34.5,59.0,3.0,64.3,35.2,68.6,88.8,11.3,44.7,38.0,9.2,31.8,33.6,37.1,22.7,600000.0,595000.0
H2G,H2G,QC,22115.0,,,36.8,39.2,12.9,74.9,12.2,1.8,30.1,69.9,41200.0,51350.0,36400.0,42000.0,38000.0,47600.0,63600.0,72100.0,60800.0,78700.0,52400.0,64400.0,15.8,2.3,29.9,67.2,0.7,75.0,45.7,74.5,91.9,8.1,42.2,28.4,15.4,30.7,17.1,15.3,23.7,600000.0,633500.0
H2H,H2H,QC,14728.0,,,34.4,37.2,12.7,78.0,9.3,1.8,28.5,71.5,43200.0,54300.0,37600.0,43760.0,38400.0,48520.0,64000.0,73100.0,66000.0,83100.0,56400.0,67000.0,14.7,3.2,23.9,72.4,0.5,79.8,52.8,80.2,90.8,9.3,36.4,28.2,19.9,30.9,18.5,13.8,25.1,500000.0,585000.0
H2J,H2J,QC,27028.0,,,34.4,37.0,11.9,78.8,9.2,1.8,33.8,66.2,45600.0,61400.0,39600.0,47960.0,42800.0,57300.0,70500.0,85000.0,70000.0,94000.0,58800.0,73400.0,16.0,5.1,20.3,74.3,0.4,82.8,61.2,78.3,91.3,8.7,29.8,32.6,20.6,28.8,22.0,14.8,25.3,552000.0,651000.0
H2K,H2K,QC,29084.0,,,34.8,38.4,9.6,79.5,10.9,1.7,24.1,75.9,36000.0,44440.0,32400.0,37120.0,31800.0,40840.0,58800.0,64400.0,54800.0,67700.0,48000.0,56550.0,22.2,6.1,26.8,66.0,1.0,71.5,42.5,72.3,89.1,10.9,35.2,36.3,16.5,30.0,23.3,26.6,27.7,400000.0,448800.0
H2L,H2L,QC,27057.0,,,36.8,41.4,7.6,76.5,15.9,1.7,28.3,71.7,39200.0,54050.0,34800.0,42880.0,37200.0,50920.0,67500.0,79400.0,57200.0,79400.0,49600.0,63050.0,22.7,8.6,21.3,69.2,0.9,78.2,52.6,70.4,89.4,10.6,28.7,36.1,24.7,28.9,25.8,26.5,29.3,476000.0,563000.0
H2M,H2M,QC,18468.0,,,40.8,42.7,13.9,65.1,21.0,2.0,40.6,59.4,43200.0,51120.0,37600.0,42000.0,38800.0,46680.0,63600.0,70800.0,70500.0,84900.0,60400.0,69800.0,12.5,2.5,33.0,63.0,1.5,70.2,38.5,64.1,91.4,8.6,59.4,28.4,7.3,29.9,25.3,28.1,18.0,452000.0,525500.0
H2N,H2N,QC,6442.0,,,38.8,40.1,16.9,67.5,15.5,2.4,40.2,59.8,32800.0,38120.0,30000.0,33080.0,26800.0,33440.0,50800.0,54450.0,63600.0,71800.0,56000.0,62250.0,16.1,14.5,25.1,54.4,5.9,52.7,24.0,63.5,86.7,13.2,55.8,27.3,13.5,30.0,43.8,52.8,22.7,600000.0,578000.0
H2P,H2P,QC,14388.0,,,34.8,37.6,13.7,75.7,10.6,1.9,32.2,67.8,43600.0,53650.0,38400.0,43840.0,40400.0,49600.0,63200.0,72900.0,68500.0,86200.0,58800.0,70400.0,13.1,3.4,27.0,68.3,1.3,75.3,48.8,75.5,93.3,6.7,40.5,35.7,11.3,31.0,21.0,20.3,21.6,600000.0,630000.0
H2R,H2R,QC,22987.0,,,35.6,38.6,12.5,75.1,12.4,1.8,32.1,67.9,42400.0,57200.0,37600.0,45880.0,40400.0,53350.0,65000.0,80100.0,66000.0,89300.0,56800.0,71700.0,14.8,3.9,24.3,70.3,1.6,78.1,53.9,74.2,92.6,7.4,38.2,35.9,13.4,30.2,21.7,18.5,22.1,600000.0,639000.0
H2S,H2S,QC,27217.0,,,35.2,37.9,11.5,78.0,10.5,1.8,30.1,69.9,43200.0,56500.0,37600.0,45240.0,40000.0,52000.0,65000.0,77400.0,65500.0,86900.0,56000.0,69500.0,15.3,4.2,22.6,72.2,1.1,79.9,56.1,78.4,92.2,7.8,33.0,33.9,19.0,29.2,20.6,16.7,23.1,512000.0,609500.0
H2T,H2T,QC,16297.0,,,36.0,38.9,11.9,75.0,13.0,1.9,32.3,67.7,39600.0,55300.0,35200.0,43880.0,36000.0,51600.0,71000.0,85700.0,67500.0,89800.0,58400.0,71400.0,17.7,9.8,15.9,73.0,1.4,76.6,55.9,72.9,90.1,9.9,31.5,28.0,25.2,28.5,24.7,17.9,29.3,600000.0,700000.0
H2V,H2V,QC,31998.0,,,34.0,37.3,22.6,61.0,16.4,2.5,47.4,52.6,45200.0,87800.0,40000.0,61500.0,31600.0,74700.0,80000.0,133000.0,90000.0,158400.0,76500.0,111200.0,11.0,18.6,10.2,66.6,4.5,73.0,53.6,67.8,89.5,10.6,46.6,17.4,23.2,25.5,23.6,11.4,27.5,850000.0,1145000.0
H2W,H2W,QC,11508.0,,,32.4,37.4,8.3,80.7,11.0,1.9,30.3,69.7,34400.0,54750.0,31400.0,42880.0,27400.0,50880.0,67500.0,87800.0,56800.0,87300.0,50000.0,68300.0,26.0,13.7,13.6,71.6,1.1,74.1,52.6,72.7,87.5,12.5,29.4,26.3,29.4,28.9,26.5,20.0,37.4,650000.0,720000.0
H2X,H2X,QC,21548.0,,,32.4,39.2,4.9,80.1,15.0,1.6,17.0,83.0,29600.0,45120.0,27600.0,36920.0,23000.0,39720.0,61600.0,73300.0,40800.0,62000.0,37200.0,50720.0,35.8,27.3,10.8,59.4,2.5,72.7,55.4,65.8,83.3,16.7,25.1,33.3,33.5,29.7,30.7,45.5,42.5,500000.0,609000.0
H2Y,H2Y,QC,3727.0,,,45.2,45.8,6.2,74.4,19.5,1.6,51.6,48.4,60000.0,92500.0,48400.0,61500.0,56800.0,93700.0,95000.0,128400.0,89000.0,137000.0,71500.0,91100.0,15.5,13.1,9.2,77.2,0.5,82.2,59.7,69.6,92.9,7.1,39.7,15.6,40.7,24.2,27.0,19.0,29.2,650000.0,734000.0
H2Z,H2Z,QC,3757.0,,,35.6,42.1,5.1,77.9,17.2,1.6,16.9,83.1,41600.0,75100.0,36800.0,54650.0,48800.0,71700.0,80000.0,97800.0,60400.0,100100.0,50800.0,73000.0,28.8,24.5,8.0,59.3,8.1,77.5,61.2,68.4,90.3,9.5,31.1,29.0,35.0,26.0,38.5,45.5,47.0,552000.0,744000.0
H3A,H3A,QC,4360.0,,,28.8,35.8,6.1,81.9,12.0,1.6,27.0,73.0,26800.0,56500.0,25800.0,40880.0,24800.0,52300.0,81000.0,102000.0,36400.0,77300.0,34000.0,56000.0,44.9,39.2,4.5,54.7,1.7,75.6,61.0,61.2,82.3,17.7,36.0,25.4,28.9,27.3,34.2,56.1,57.5,624000.0,688000.0
H3B,H3B,QC,1900.0,,,30.2,34.0,6.8,87.9,5.5,1.6,49.0,51.0,36400.0,72300.0,32800.0,51000.0,44000.0,80400.0,63600.0,128000.0,49200.0,99200.0,44800.0,70000.0,38.1,36.1,4.5,56.6,2.6,76.7,58.4,65.5,87.7,12.3,39.6,17.7,35.4,27.2,41.9,61.8,58.5,552000.0,716000.0
H3C,H3C,QC,18583.0,,,33.2,36.4,7.7,85.2,7.0,1.6,45.9,54.1,59600.0,83900.0,49600.0,61550.0,60400.0,80700.0,82000.0,109500.0,84000.0,119300.0,67500.0,87500.0,15.7,18.7,7.3,72.8,1.2,87.1,67.4,79.9,92.3,7.7,44.5,20.8,28.5,28.0,32.2,39.4,29.9,500000.0,572500.0
H3E,H3E,QC,21565.0,,,46.4,45.6,14.9,60.4,24.7,2.1,57.5,42.5,52800.0,86800.0,44800.0,62600.0,45200.0,79200.0,86000.0,124200.0,93000.0,146200.0,77000.0,105500.0,12.7,12.5,13.3,72.0,2.2,82.3,58.1,62.2,90.6,9.4,71.9,17.5,4.7,29.5,38.4,34.9,28.7,645000.0,755000.0
H3G,H3G,QC,11424.0,,,32.0,39.4,6.2,76.9,16.9,1.7,32.4,67.6,34000.0,72400.0,31200.0,52250.0,27800.0,62200.0,67000.0,110500.0,49200.0,102000.0,44000.0,73700.0,35.3,34.5,4.2,59.6,1.6,79.0,61.6,60.1,87.0,13.0,40.4,23.3,31.1,26.9,39.6,51.1,52.8,700000.0,1033000.0
H3H,H3H,QC,20690.0,,,30.6,37.1,6.2,80.3,13.5,1.7,14.7,85.3,28000.0,74100.0,26400.0,49840.0,17800.0,78500.0,62000.0,204000.0,40800.0,104600.0,37600.0,70300.0,37.5,40.6,4.3,53.1,2.0,77.4,57.8,65.7,84.7,15.3,27.6,43.4,23.1,30.6,35.2,64.0,51.7,600000.0,783000.0
H3J,H3J,QC,11915.0,,,37.6,40.0,14.9,70.0,15.1,2.1,36.2,63.8,36800.0,63450.0,33600.0,48320.0,39200.0,67300.0,76000.0,110100.0,69000.0,106900.0,59600.0,81400.0,23.5,16.9,16.3,64.7,2.0,66.8,43.5,61.1,89.6,10.4,50.0,27.9,18.1,28.9,34.2,44.9,19.5,600000.0,692000.0
H3K,H3K,QC,15275.0,,,36.8,38.7,14.7,73.4,11.9,1.9,34.5,65.5,40000.0,60950.0,35600.0,46960.0,41200.0,61900.0,67500.0,91800.0,64500.0,96700.0,56000.0,74500.0,20.0,14.2,21.4,63.3,1.0,66.4,42.6,68.8,90.5,9.5,48.1,30.8,12.3,28.6,22.0,26.1,20.7,532000.0,652000.0
H3L,H3L,QC,20996.0,,,39.2,40.1,16.3,68.3,15.4,2.0,35.9,64.1,41600.0,57400.0,36800.0,45880.0,36400.0,54150.0,65500.0,85000.0,63600.0,93700.0,55200.0,74900.0,16.1,4.5,33.3,60.4,1.8,73.4,45.8,69.0,91.7,8.3,53.4,36.0,6.3,33.3,29.0,36.4,20.4,695000.0,707000.0
H3M,H3M,QC,15840.0,,,45.6,44.8,15.8,60.1,24.2,2.4,45.0,55.0,32800.0,44880.0,30200.0,36960.0,28600.0,42040.0,56800.0,71200.0,65000.0,85600.0,57600.0,70600.0,15.9,13.9,22.6,59.3,4.2,58.2,29.7,59.3,88.0,12.0,72.2,18.1,5.1,30.2,50.0,40.6,22.0,695000.0,667000.0
H3N,H3N,QC,29080.0,,,37.2,39.2,15.8,69.0,15.2,2.3,19.9,80.1,26400.0,31440.0,25000.0,28200.0,19200.0,26720.0,43200.0,48360.0,48000.0,58350.0,44400.0,52350.0,30.1,34.9,10.5,42.4,12.1,42.1,21.8,60.0,84.6,15.4,43.0,42.0,9.5,35.0,44.6,67.8,26.0,552000.0,566500.0
H3P,H3P,QC,10172.0,,,43.2,41.8,19.7,60.0,20.2,2.7,66.9,33.1,53200.0,102400.0,45200.0,68500.0,48000.0,99000.0,109000.0,168600.0,136000.0,213400.0,108000.0,143000.0,10.5,8.9,10.8,79.0,1.3,79.2,60.3,61.3,92.7,7.3,73.1,14.3,7.4,25.2,35.0,29.2,21.7,1390000.0,1456000.0
H3R,H3R,QC,10108.0,,,43.2,41.9,20.1,59.2,20.7,2.7,62.6,37.4,52000.0,113200.0,44000.0,77500.0,44400.0,101400.0,105000.0,171000.0,123000.0,231600.0,100000.0,158600.0,10.2,11.0,9.4,77.9,1.6,78.9,59.4,61.3,93.3,6.8,71.1,16.1,7.0,26.9,32.1,32.0,21.9,1500000.0,1670000.0
H3S,H3S,QC,33618.0,,,34.8,37.4,17.4,69.2,13.5,2.3,17.8,82.2,31000.0,42480.0,28600.0,35280.0,21200.0,33600.0,44800.0,58450.0,54800.0,74800.0,49600.0,62150.0,23.0,29.7,16.1,52.0,2.2,66.5,41.6,65.2,87.1,12.9,44.8,38.5,12.8,32.3,48.9,62.9,26.9,700000.0,779000.0
H3T,H3T,QC,13009.0,,,30.4,37.3,10.3,75.3,14.4,1.9,15.2,84.8,29200.0,48520.0,27400.0,38240.0,19400.0,41960.0,57200.0,87900.0,47600.0,76400.0,43200.0,60250.0,29.2,14.5,15.8,68.4,1.3,80.2,55.9,67.6,86.2,13.8,32.0,45.3,18.0,31.5,35.9,46.7,36.7,800000.0,880000.0
H3V,H3V,QC,6732.0,,,36.8,42.5,7.9,71.0,21.1,1.7,9.4,90.6,33200.0,43440.0,31200.0,36440.0,22800.0,34600.0,58400.0,64700.0,50000.0,62750.0,44400.0,52600.0,27.2,17.8,12.5,68.4,1.2,81.5,58.6,62.0,86.4,13.8,41.3,41.9,12.0,32.1,44.4,47.9,42.6,348000.0,348000.0
H3W,H3W,QC,30766.0,,,37.6,39.9,15.6,67.9,16.5,2.4,21.2,78.8,31400.0,44240.0,28800.0,36840.0,23600.0,38120.0,45600.0,66300.0,61600.0,82900.0,55200.0,69000.0,19.2,38.5,8.3,50.5,2.7,65.8,39.8,65.4,88.6,11.4,43.9,40.6,12.5,29.6,52.1,61.6,25.0,750000.0,823000.0
H3X,H3X,QC,24214.0,,,40.0,41.6,15.7,64.8,19.5,2.3,41.1,58.9,39200.0,72100.0,35200.0,54500.0,32400.0,60250.0,65000.0,100800.0,75500.0,132400.0,65500.0,100100.0,14.0,25.0,7.8,65.7,1.6,73.2,48.8,65.1,89.3,10.8,59.3,26.2,9.1,28.3,37.2,35.7,28.5,900000.0,1121000.0
H3Y,H3Y,QC,9564.0,,,46.0,42.8,17.5,61.8,20.6,2.8,84.9,15.1,70500.0,223400.0,56400.0,136800.0,59200.0,205000.0,145000.0,323600.0,240000.0,494400.0,172000.0,302800.0,8.2,15.9,1.7,81.3,1.0,83.0,66.8,63.1,94.2,5.8,75.1,5.7,11.2,22.1,24.6,16.7,22.0,2000000.0,2552000.0
H3Z,H3Z,QC,11544.0,,,50.4,49.4,11.3,55.2,33.5,1.9,34.1,65.9,48400.0,96800.0,41600.0,68200.0,34800.0,76600.0,78500.0,129400.0,79500.0,154000.0,66500.0,108400.0,17.0,25.3,3.0,70.6,1.2,78.8,60.3,53.6,90.9,9.2,44.3,25.5,22.7,26.3,30.7,24.6,38.2,1200000.0,1370000.0
H4A,H4A,QC,26362.0,,,38.8,40.4,15.2,68.4,16.4,2.1,44.4,55.6,42800.0,72100.0,37600.0,53450.0,36800.0,69100.0,75500.0,111100.0,78000.0,125200.0,67000.0,92800.0,13.9,18.5,6.7,73.6,1.1,78.1,55.1,70.7,90.1,9.9,44.5,32.6,14.2,29.4,26.7,28.4,22.7,775000.0,843000.0
H4B,H4B,QC,20937.0,,,39.6,40.7,14.9,68.5,16.6,2.0,24.0,76.0,33200.0,47680.0,30600.0,38920.0,27800.0,44200.0,58400.0,77300.0,51200.0,76000.0,46000.0,62000.0,24.2,27.3,7.3,62.8,2.5,71.2,45.9,64.5,88.9,11.0,47.1,35.8,11.7,32.3,38.4,45.9,28.9,745000.0,727000.0
H4C,H4C,QC,17301.0,,,34.4,38.7,10.8,76.8,12.4,1.8,28.5,71.5,40400.0,53800.0,36000.0,43200.0,40400.0,51700.0,65500.0,75700.0,64500.0,83000.0,55200.0,66700.0,19.8,12.1,18.3,68.7,0.9,71.3,46.5,73.1,89.5,10.5,44.2,33.5,15.5,29.6,21.6,26.9,24.6,448000.0,531000.0
H4E,H4E,QC,30154.0,,,39.2,41.1,14.0,69.2,16.8,2.0,34.3,65.7,36400.0,44320.0,32800.0,37480.0,32400.0,40640.0,56000.0,63700.0,59200.0,73900.0,52400.0,62500.0,18.1,11.6,27.1,59.0,2.3,60.3,31.2,63.9,88.9,11.1,54.8,33.7,6.7,31.9,25.9,29.3,21.0,552000.0,565500.0
H4G,H4G,QC,29860.0,,,36.0,39.5,11.8,75.1,13.1,1.8,26.6,73.4,39200.0,47760.0,34800.0,39800.0,36800.0,44480.0,58800.0,66500.0,61200.0,75300.0,53200.0,62750.0,17.7,10.8,22.4,65.5,1.3,70.0,42.9,71.8,89.9,10.1,38.7,42.3,13.3,30.9,22.0,23.8,22.6,452000.0,509600.0
H4H,H4H,QC,18936.0,,,40.4,41.3,16.0,67.1,16.9,2.1,33.9,66.1,42800.0,53550.0,37600.0,43480.0,41200.0,51080.0,63200.0,75300.0,71000.0,90600.0,61200.0,73600.0,12.3,10.6,21.8,67.1,0.5,65.7,35.2,68.9,91.5,8.5,55.3,29.8,9.0,30.9,12.9,13.2,20.5,650000.0,648000.0
H4J,H4J,QC,18075.0,,,38.0,38.9,20.9,64.0,15.2,2.4,31.9,68.1,33200.0,45000.0,30600.0,37520.0,27200.0,40720.0,52400.0,69600.0,58000.0,79300.0,51600.0,66100.0,22.1,13.4,32.3,50.6,3.6,60.7,31.5,65.0,86.8,13.2,59.7,30.3,6.9,33.9,49.2,64.3,22.2,500000.0,541500.0
H4K,H4K,QC,11319.0,,,44.8,43.9,17.9,57.7,24.3,2.7,62.9,37.1,37600.0,61850.0,34000.0,47080.0,33200.0,58750.0,65000.0,92600.0,90000.0,131200.0,78500.0,100000.0,11.0,11.8,17.9,65.8,4.6,63.6,36.9,60.1,90.5,9.5,78.3,14.6,3.9,30.9,44.6,46.4,18.9,700000.0,788000.0
H4L,H4L,QC,36216.0,,,39.6,40.9,17.8,63.5,18.7,2.5,43.4,56.6,32800.0,42200.0,30200.0,35800.0,26400.0,37760.0,53600.0,63500.0,67500.0,82500.0,60000.0,70000.0,17.4,18.8,20.7,55.5,4.9,62.8,34.5,61.8,87.5,12.5,59.9,31.1,6.2,30.9,52.7,64.5,22.6,456000.0,501600.0
H4M,H4M,QC,12466.0,,,39.6,39.8,18.8,64.1,17.1,2.7,58.1,41.9,37200.0,52600.0,34000.0,42160.0,31200.0,47160.0,61600.0,77400.0,85000.0,110000.0,74000.0,88300.0,11.8,20.3,13.6,63.4,2.8,67.4,40.2,64.5,88.5,11.5,68.7,22.7,4.7,27.9,50.3,49.9,19.9,650000.0,685000.0
H4N,H4N,QC,30199.0,,,37.2,38.1,20.3,65.4,14.3,2.5,29.2,70.8,31200.0,37680.0,29000.0,32840.0,24400.0,33200.0,49600.0,56400.0,61600.0,70300.0,55600.0,61300.0,21.3,15.5,25.7,53.5,5.3,61.2,33.4,61.7,86.2,13.8,66.8,24.9,5.9,30.4,61.7,66.5,26.9,348000.0,421200.0
H4P,H4P,QC,9106.0,,,34.0,36.4,15.0,75.5,9.5,2.1,40.0,60.0,37600.0,50480.0,34000.0,40760.0,33600.0,46880.0,61200.0,77000.0,65500.0,83800.0,57200.0,67700.0,20.5,24.3,10.9,61.4,3.3,74.8,50.8,71.8,87.7,12.4,55.6,33.1,8.2,29.4,49.2,63.7,29.3,452000.0,543000.0
H4R,H4R,QC,31132.0,,,39.6,39.3,20.0,64.8,15.2,2.5,61.1,38.9,42400.0,66500.0,37600.0,50720.0,43200.0,65400.0,76000.0,99100.0,89000.0,128200.0,76000.0,97800.0,11.9,18.3,11.1,67.3,3.4,70.0,45.4,66.9,90.5,9.5,77.7,16.1,3.8,27.7,46.5,48.9,24.4,650000.0,769000.0
H4S,H4S,QC,567.0,,,42.8,39.5,20.4,68.1,12.4,2.6,81.8,18.2,44400.0,60400.0,40000.0,47600.0,49200.0,63200.0,85000.0,94000.0,106000.0,131000.0,89000.0,104000.0,8.8,15.0,14.2,69.0,2.7,67.3,44.9,59.8,94.8,5.2,86.5,8.1,0.0,30.6,41.0,46.2,18.6,650000.0,596000.0
H4T,H4T,QC,0.0,,,,,,,,,,,,,,,,,,,,,,,,,,,,,,,,,,,,,,,,,
H4V,H4V,QC,20701.0,,,42.0,42.3,16.6,62.5,20.8,2.2,34.9,65.1,34000.0,45120.0,31000.0,37720.0,26200.0,40280.0,52400.0,68000.0,59600.0,79700.0,53200.0,66600.0,18.8,28.8,9.1,59.8,2.3,64.3,37.6,60.9,87.9,12.1,58.1,30.5,8.1,33.1,45.3,49.4,28.6,680000.0,681000.0
H4W,H4W,QC,26359.0,,,43.6,44.2,18.8,53.9,27.3,2.4,50.3,49.7,38400.0,60350.0,34800.0,46920.0,27200.0,49440.0,57600.0,84500.0,75500.0,112600.0,66000.0,87600.0,14.0,28.0,6.3,63.8,1.8,68.8,42.3,58.4,88.4,11.6,74.6,17.5,4.1,29.9,43.1,25.1,31.8,650000.0,708000.0
H4X,H4X,QC,6467.0,,,42.4,41.2,18.4,63.0,18.6,2.6,65.8,34.2,47200.0,78500.0,40800.0,56600.0,41600.0,75600.0,89000.0,124400.0,105000.0,156000.0,87000.0,112500.0,9.4,23.6,2.9,72.8,0.7,73.6,50.9,68.0,90.6,9.6,67.9,20.6,5.9,30.2,29.2,23.7,23.4,800000.0,875000.0
H7A,H7A,QC,21639.0,,,40.0,38.7,20.4,66.6,13.0,2.9,88.0,12.0,43200.0,49760.0,38000.0,41320.0,38800.0,45160.0,58400.0,66500.0,101000.0,111100.0,87000.0,92300.0,5.0,2.3,45.9,50.9,1.0,59.4,19.2,70.4,93.4,6.6,85.9,11.4,1.6,35.6,30.4,40.4,11.7,348000.0,368000.0
H7B,H7B,QC,2957.0,,,44.0,42.2,18.6,62.1,19.5,2.7,87.3,12.7,45200.0,51500.0,39600.0,42600.0,38800.0,45120.0,65000.0,67800.0,98000.0,105800.0,83000.0,87600.0,4.0,0.5,51.2,47.6,0.5,59.0,21.2,66.4,95.0,5.7,88.4,6.9,3.4,32.3,14.9,20.1,10.8,348000.0,376000.0
H7C,H7C,QC,8816.0,,,43.6,42.8,16.0,64.6,19.3,2.3,53.0,47.0,39600.0,50680.0,35200.0,43280.0,34400.0,41600.0,54400.0,61900.0,72000.0,94600.0,62800.0,80700.0,9.4,2.3,42.4,54.0,1.3,55.0,18.5,64.3,91.7,8.1,83.0,12.4,2.6,30.9,23.1,31.1,22.8,400000.0,419200.0
H7E,H7E,QC,26590.0,,,44.0,42.4,16.9,63.8,19.3,2.6,77.8,22.2,45600.0,60400.0,39600.0,47440.0,39200.0,54150.0,68000.0,82900.0,100000.0,126400.0,85000.0,99300.0,5.9,2.4,30.6,65.7,1.3,65.1,30.3,65.6,92.7,7.3,84.7,10.8,2.4,30.1,25.3,24.2,11.7,476000.0,528000.0
H7G,H7G,QC,22054.0,,,43.6,43.8,16.7,60.5,22.8,2.3,50.7,49.3,39200.0,47920.0,35200.0,39840.0,32800.0,41560.0,55600.0,65200.0,72000.0,88400.0,63200.0,73500.0,11.9,2.6,42.7,53.2,1.5,60.6,24.3,62.2,91.5,8.4,75.1,19.5,2.9,29.7,28.3,33.6,19.1,400000.0,435200.0
H7H,H7H,QC,13865.0,,,40.0,38.7,20.0,67.9,12.1,2.8,84.4,15.6,46800.0,52650.0,40400.0,43520.0,43600.0,47600.0,62800.0,67800.0,103000.0,111700.0,87000.0,92300.0,4.7,1.8,40.7,56.8,0.7,65.4,24.0,72.5,93.3,6.7,85.9,10.7,1.9,32.9,24.5,31.0,10.6,400000.0,396400.0
H7J,H7J,QC,2161.0,,,48.4,44.5,16.2,64.1,19.9,2.5,89.1,10.9,46000.0,61750.0,39600.0,49200.0,40000.0,54200.0,70000.0,79600.0,95000.0,119800.0,80000.0,95400.0,6.0,1.6,42.9,55.0,0.7,64.3,21.4,67.0,91.8,8.2,95.3,2.3,0.0,28.2,9.5,8.1,15.8,448000.0,510000.0
H7K,H7K,QC,22475.0,,,43.6,41.4,16.7,67.1,16.2,2.7,84.5,15.5,45200.0,55950.0,39600.0,45200.0,42000.0,51800.0,66000.0,77100.0,104000.0,121200.0,88000.0,97800.0,4.8,2.8,32.8,63.3,1.0,63.8,26.2,68.7,93.2,6.8,84.9,11.1,1.9,31.4,22.7,25.3,10.9,420000.0,466400.0
H7L,H7L,QC,37893.0,,,41.2,39.3,19.8,66.7,13.4,2.8,80.7,19.3,48000.0,58850.0,41600.0,47200.0,44800.0,54500.0,69500.0,80400.0,107000.0,124400.0,91000.0,99800.0,4.2,2.6,34.2,62.2,1.1,67.7,30.5,71.9,93.4,6.6,86.4,9.2,2.3,29.0,24.6,27.2,11.3,424000.0,451600.0
H7M,H7M,QC,27729.0,,,46.8,45.0,14.7,62.0,23.2,2.5,69.3,30.7,41200.0,49360.0,36400.0,40880.0,36800.0,44920.0,58000.0,67200.0,86000.0,100900.0,74500.0,83600.0,7.3,3.4,36.5,58.6,1.5,58.5,21.2,63.4,92.8,7.2,83.5,10.7,3.5,28.3,28.3,30.1,14.2,412000.0,443600.0
H7N,H7N,QC,44641.0,,,40.4,42.2,15.2,64.9,19.9,2.1,39.5,60.5,38000.0,45280.0,34400.0,38240.0,33200.0,40240.0,54000.0,61350.0,65000.0,78800.0,57200.0,66500.0,13.6,3.9,38.1,55.8,2.1,61.5,27.0,65.6,90.4,9.6,73.1,20.7,4.1,30.0,33.7,38.5,21.5,400000.0,417200.0
H7P,H7P,QC,37456.0,,,43.2,41.8,17.3,64.5,18.2,2.6,75.5,24.5,42000.0,52350.0,37200.0,42680.0,38000.0,46800.0,62400.0,71600.0,92000.0,108700.0,78500.0,88600.0,6.4,5.1,31.8,61.5,1.7,59.2,22.0,65.2,92.1,7.9,89.1,7.1,2.2,28.1,27.7,29.8,16.6,400000.0,429200.0
H7R,H7R,QC,31001.0,,,42.4,40.9,18.7,65.5,15.9,2.7,82.2,17.8,42400.0,53450.0,37600.0,43520.0,38800.0,47560.0,60400.0,70400.0,94000.0,111300.0,81000.0,90600.0,6.4,4.9,34.4,59.2,1.4,58.5,19.8,69.3,91.9,8.1,88.6,7.3,2.0,30.7,26.2,28.3,14.5,348000.0,408400.0
H7S,H7S,QC,7752.0,,,41.6,41.5,17.2,64.9,17.9,2.4,48.6,51.4,36400.0,45120.0,33200.0,37880.0,30600.0,40320.0,56000.0,64000.0,69000.0,84900.0,60800.0,71300.0,13.9,5.5,32.8,59.7,2.1,60.8,26.7,61.1,90.0,10.3,75.7,17.0,5.1,28.6,37.9,41.9,18.7,400000.0,403600.0
H7T,H7T,QC,28213.0,,,44.4,43.6,15.1,63.6,21.4,2.4,61.2,38.8,38800.0,49240.0,34800.0,40520.0,34000.0,44600.0,60400.0,68800.0,81000.0,97100.0,69500.0,80000.0,10.2,9.1,21.5,65.9,3.6,60.4,27.4,63.8,90.8,9.2,86.1,9.1,2.7,27.6,41.3,39.2,23.5,400000.0,451600.0
H7V,H7V,QC,23242.0,,,44.0,44.3,17.0,58.2,24.8,2.3,34.3,65.7,30600.0,37360.0,28600.0,32560.0,24200.0,31960.0,46800.0,52650.0,56000.0,67100.0,50400.0,58500.0,21.3,10.7,31.9,52.6,4.8,49.9,20.1,55.4,85.9,14.0,79.8,13.9,4.0,27.9,46.1,45.3,26.2,352000.0,378000.0
H7W,H7W,QC,42580.0,,,45.6,44.7,15.5,59.7,24.9,2.5,59.8,40.2,33200.0,43000.0,30400.0,36160.0,26200.0,36640.0,50800.0,61150.0,71000.0,86800.0,63200.0,73000.0,12.7,16.5,17.2,61.7,4.6,50.7,21.0,57.6,87.2,12.8,85.4,10.2,2.6,28.0,46.0,35.9,22.9,424000.0,466400.0
H7X,H7X,QC,27332.0,,,42.0,40.2,18.1,67.4,14.5,2.8,79.4,20.6,42800.0,58200.0,37600.0,46280.0,37600.0,52550.0,67500.0,83900.0,107000.0,129200.0,90000.0,102700.0,5.9,9.2,18.0,70.5,2.2,62.4,29.8,70.5,91.0,9.0,88.2,7.0,2.4,27.2,33.3,32.9,17.3,500000.0,575500.0
H7Y,H7Y,QC,9978.0,,,40.8,37.8,20.9,68.6,10.5,2.9,92.3,7.7,52000.0,69600.0,44800.0,53400.0,49200.0,65100.0,78500.0,95700.0,129000.0,157200.0,105000.0,120600.0,3.7,5.6,17.7,75.5,1.3,70.6,39.9,73.5,93.0,7.1,86.7,10.1,1.6,31.9,27.4,23.4,11.1,500000.0,590000.0
H8N,H8N,QC,33207.0,,,41.2,42.6,14.5,64.6,20.9,2.3,44.8,55.2,34400.0,41400.0,31400.0,35400.0,29200.0,36960.0,53600.0,59750.0,65000.0,76500.0,57600.0,65400.0,16.3,26.1,15.1,54.4,4.4,56.3,26.0,62.8,88.8,11.2,64.5,26.3,6.7,30.9,40.9,53.6,26.5,500000.0,520500.0
H8P,H8P,QC,22980.0,,,45.2,44.7,15.2,61.4,23.4,2.1,38.7,61.3,38800.0,47840.0,34800.0,39840.0,34400.0,43840.0,59200.0,68700.0,65000.0,82900.0,56400.0,69100.0,14.2,15.4,20.3,62.7,1.6,57.3,25.3,61.6,90.0,10.0,68.1,23.0,6.5,30.7,25.4,26.0,20.6,600000.0,631500.0
H8R,H8R,QC,31491.0,,,39.6,40.0,17.9,66.0,16.1,2.3,32.3,67.7,34400.0,41800.0,31400.0,35760.0,28800.0,36360.0,50800.0,58950.0,62000.0,75200.0,54800.0,64400.0,17.4,21.7,20.6,55.7,2.0,53.0,21.6,62.9,88.2,11.8,68.4,24.9,4.4,31.9,35.3,48.6,21.5,536000.0,555000.0
H8S,H8S,QC,25686.0,,,40.8,42.3,15.7,65.1,19.1,2.1,34.5,65.5,36800.0,44000.0,33200.0,37160.0,33600.0,40640.0,53200.0,61500.0,60400.0,72900.0,53200.0,61600.0,18.7,14.6,26.4,57.8,1.2,57.8,23.8,67.0,90.6,9.4,68.6,20.6,7.9,28.6,24.6,35.2,20.7,400000.0,442400.0
H8T,H8T,QC,15270.0,,,44.4,42.9,16.9,63.9,19.2,2.2,58.7,41.3,45600.0,59450.0,39600.0,47280.0,43600.0,56150.0,75500.0,85600.0,79000.0,105800.0,67500.0,84100.0,11.2,13.6,14.6,70.8,1.0,67.5,37.6,64.7,93.3,6.7,72.5,18.6,5.0,27.8,21.2,21.7,18.6,600000.0,580000.0
H8Y,H8Y,QC,19915.0,,,40.0,39.7,19.5,64.1,16.4,2.6,55.1,44.9,37200.0,46680.0,33600.0,38720.0,31400.0,41960.0,56000.0,68600.0,75500.0,93200.0,66500.0,77400.0,13.3,19.4,16.3,61.5,2.8,60.5,29.6,64.2,89.2,10.8,75.8,16.9,4.7,29.6,43.1,53.0,18.4,448000.0,477600.0
H8Z,H8Z,QC,15127.0,,,43.6,42.5,16.6,63.3,20.1,2.7,78.5,21.5,38000.0,46600.0,34000.0,38920.0,33600.0,42880.0,57600.0,67400.0,85000.0,99000.0,74500.0,82700.0,8.8,23.8,9.0,64.9,2.4,60.8,29.3,62.4,89.2,10.8,84.1,12.0,1.6,31.4,41.4,47.4,17.3,400000.0,445200.0
H9A,H9A,QC,15267.0,,,42.0,41.2,17.6,63.9,18.4,2.9,79.6,20.4,40400.0,62250.0,36000.0,47680.0,36400.0,59250.0,67000.0,97100.0,108000.0,143800.0,92000.0,110100.0,8.3,24.6,4.6,68.3,2.4,68.7,40.2,66.0,91.1,8.9,86.0,8.8,2.2,28.4,36.6,37.1,14.6,600000.0,680000.0
H9B,H9B,QC,21104.0,,,42.8,42.5,16.6,62.1,21.3,2.8,70.7,29.3,36800.0,48760.0,33200.0,39640.0,30400.0,43920.0,55600.0,70700.0,87000.0,105900.0,76000.0,86100.0,10.0,30.8,5.4,60.9,2.9,60.5,31.3,63.2,89.5,10.5,81.7,12.3,3.3,26.2,46.1,52.6,19.2,500000.0,541500.0
H9C,H9C,QC,11725.0,,,44.8,42.1,16.6,65.9,17.5,2.8,87.1,12.9,46400.0,63250.0,40400.0,49160.0,42000.0,59000.0,75000.0,93800.0,116000.0,140200.0,98000.0,109000.0,4.6,10.7,12.6,75.4,1.3,66.7,34.9,68.3,92.9,7.0,87.2,6.0,3.3,31.8,26.8,24.6,13.8,536000.0,599000.0
H9E,H9E,QC,3190.0,,,44.4,41.9,17.4,65.4,17.2,2.6,84.7,15.3,45200.0,80300.0,38800.0,58350.0,40400.0,60350.0,65000.0,93000.0,103000.0,167200.0,87000.0,121600.0,6.8,12.9,14.5,71.0,1.6,61.5,28.0,67.9,93.9,6.1,91.4,4.7,0.9,30.0,26.6,26.9,15.8,500000.0,654000.0
H9G,H9G,QC,15346.0,,,45.2,43.7,15.2,62.4,22.4,2.7,75.4,24.6,40000.0,53850.0,35600.0,43280.0,34800.0,49720.0,64000.0,78900.0,94000.0,117800.0,81000.0,94600.0,7.5,25.4,4.7,68.0,1.9,65.9,35.5,63.4,90.0,10.0,86.0,9.2,3.0,27.8,37.9,39.2,16.7,552000.0,584500.0
H9H,H9H,QC,25097.0,,,45.2,43.8,15.3,63.4,21.3,2.6,69.5,30.5,39600.0,54250.0,35200.0,43360.0,34000.0,50000.0,61200.0,81400.0,87000.0,113100.0,75500.0,90500.0,10.2,23.3,7.4,67.2,2.1,64.3,33.1,63.5,90.9,9.1,83.0,10.6,3.6,28.2,38.0,40.6,18.2,500000.0,579500.0
H9J,H9J,QC,21393.0,,,44.0,41.7,16.7,66.4,16.9,2.8,83.6,16.4,42000.0,59200.0,37200.0,46480.0,37200.0,56200.0,72000.0,90100.0,109000.0,133000.0,91000.0,104500.0,7.9,21.4,5.1,71.2,2.3,68.3,38.5,65.1,90.8,9.3,87.2,7.8,2.4,27.8,35.1,37.8,15.6,650000.0,668000.0
H9K,H9K,QC,8898.0,,,42.4,39.8,16.7,71.6,11.7,2.9,75.4,24.6,44000.0,60800.0,38800.0,47040.0,42400.0,56250.0,70500.0,86600.0,113000.0,137200.0,95000.0,106100.0,6.7,18.4,6.5,72.7,2.4,68.7,41.7,70.5,92.1,7.9,89.1,6.3,1.9,29.9,36.7,43.8,18.4,600000.0,655000.0
H9P,H9P,QC,3836.0,,,44.0,42.6,15.5,66.4,18.1,2.5,77.0,23.0,40400.0,45600.0,35600.0,38400.0,36000.0,40960.0,55600.0,63500.0,89000.0,93600.0,76000.0,78800.0,6.8,25.0,5.6,68.6,0.9,58.0,26.7,66.0,90.0,9.8,82.9,11.7,2.3,26.2,27.2,36.1,13.0,452000.0,467000.0
H9R,H9R,QC,26002.0,,,47.2,46.4,15.2,58.6,26.1,2.4,70.5,29.5,44400.0,56950.0,38800.0,45520.0,41200.0,53850.0,72000.0,83500.0,93000.0,112100.0,78500.0,89600.0,8.0,26.7,3.3,68.1,1.9,68.0,39.0,63.3,91.5,8.5,81.8,9.8,4.9,24.3,28.2,28.9,18.9,552000.0,584000.0
H9S,H9S,QC,22984.0,,,48.4,46.3,12.9,61.4,25.6,2.1,59.1,40.9,44000.0,68900.0,38400.0,53050.0,38800.0,59100.0,69500.0,94400.0,79500.0,123400.0,67000.0,95100.0,10.1,21.1,6.1,71.6,1.2,68.5,38.2,63.0,90.3,9.7,76.8,12.7,6.1,25.9,25.2,22.1,21.2,600000.0,675000.0
H9W,H9W,QC,19277.0,,,44.8,42.3,18.0,62.5,19.6,2.8,89.6,10.4,52000.0,87000.0,44400.0,62850.0,48000.0,83700.0,95000.0,136600.0,138000.0,190200.0,110000.0,137400.0,6.3,21.1,2.2,75.3,1.4,76.9,50.8,63.7,92.8,7.2,84.0,7.7,4.0,26.5,24.4,19.7,14.2,800000.0,923000.0
H9X,H9X,QC,9744.0,,,48.4,45.7,12.2,64.0,24.0,2.4,71.7,28.3,45600.0,76400.0,39200.0,57650.0,39200.0,68600.0,82000.0,116200.0,104000.0,154000.0,86000.0,116200.0,9.2,21.3,3.5,74.6,0.6,74.0,46.0,64.0,90.4,9.6,79.1,7.3,7.3,27.2,22.6,18.0,18.0,700000.0,827000.0
J0A,J0A,QC,19149.0,,,44.8,43.0,18.3,60.4,21.3,2.3,78.4,21.6,37600.0,44320.0,34000.0,37640.0,31600.0,38360.0,49600.0,56500.0,69000.0,81200.0,60800.0,68900.0,12.3,0.4,71.1,28.1,0.4,54.9,10.6,64.6,95.5,4.5,91.8,0.3,5.9,23.0,2.3,1.7,8.3,200000.0,218800.0
J0B,J0B,QC,65700.0,,,46.4,44.1,17.4,59.7,23.0,2.3,79.9,20.1,38800.0,47600.0,34400.0,39480.0,32400.0,40400.0,49600.0,57700.0,71000.0,88300.0,62800.0,73300.0,12.0,5.2,52.1,42.6,0.1,55.5,16.2,62.0,94.7,5.3,92.4,0.3,5.3,24.8,3.2,1.2,10.2,250000.0,308400.0
J0C,J0C,QC,23445.0,,,42.0,41.5,19.0,61.9,19.1,2.4,78.7,21.3,39200.0,43720.0,35200.0,36960.0,34400.0,38120.0,48400.0,52750.0,71500.0,81800.0,63200.0,69200.0,11.6,0.2,75.0,24.5,0.4,54.3,9.4,67.6,96.1,3.9,92.6,0.2,5.4,22.9,1.9,1.1,8.5,200000.0,232600.0
J0E,J0E,QC,51896.0,,,49.6,45.7,15.8,59.3,25.0,2.2,78.5,21.5,40400.0,51450.0,35600.0,41720.0,31200.0,41200.0,51600.0,62250.0,74000.0,94200.0,64000.0,76500.0,11.4,5.6,47.0,47.2,0.2,56.3,18.9,61.3,94.6,5.4,91.8,0.4,5.6,24.7,4.4,1.6,10.6,300000.0,385600.0
J0G,J0G,QC,18624.0,,,48.8,45.2,15.4,60.9,23.7,2.2,79.5,20.5,37200.0,43560.0,33200.0,36880.0,32800.0,38760.0,47200.0,54950.0,66000.0,78900.0,58400.0,66900.0,13.6,0.2,75.9,23.7,0.2,53.1,8.7,60.7,94.7,5.3,94.6,0.3,3.5,27.3,1.9,1.0,9.0,200000.0,233800.0
J0H,J0H,QC,52946.0,,,42.4,41.3,18.9,62.9,18.3,2.4,75.4,24.6,40800.0,46000.0,36000.0,38880.0,35200.0,39520.0,49200.0,54750.0,75000.0,87100.0,66000.0,73600.0,9.7,0.2,73.4,26.2,0.3,51.0,8.7,68.7,94.9,5.2,92.4,0.7,5.0,25.6,2.1,1.5,9.3,266000.0,292400.0
J0J,J0J,QC,42141.0,,,45.2,43.3,17.5,61.7,20.8,2.4,81.2,18.8,40000.0,46600.0,35600.0,39040.0,34000.0,40040.0,51200.0,56850.0,77000.0,88600.0,67000.0,74200.0,9.9,2.8,54.9,42.2,0.1,51.7,11.5,64.5,95.0,5.0,93.1,0.7,4.7,27.9,4.2,1.7,10.8,300000.0,321200.0
J0K,J0K,QC,149238.0,,,48.4,45.1,15.7,61.0,23.2,2.2,76.3,23.7,36800.0,43120.0,33200.0,36640.0,31600.0,38080.0,50000.0,55450.0,65000.0,77900.0,57600.0,66200.0,14.1,0.5,70.2,29.1,0.2,50.5,10.0,58.6,93.0,7.0,93.6,0.5,3.9,30.0,2.3,1.6,12.0,240000.0,260000.0
J0L,J0L,QC,83316.0,,,40.0,40.1,19.4,64.2,16.4,2.4,76.8,23.2,44800.0,50480.0,39200.0,41840.0,40000.0,45240.0,57200.0,62050.0,86000.0,96400.0,73000.0,80000.0,7.5,0.9,61.6,37.1,0.4,53.5,12.1,70.7,95.0,5.0,92.9,1.6,4.1,27.7,4.6,4.5,11.6,340000.0,358000.0
J0M,J0M,QC,25104.0,,,25.0,28.5,32.8,61.7,5.4,3.8,8.6,91.4,40800.0,48960.0,38400.0,44200.0,30200.0,41200.0,54000.0,58600.0,102000.0,116100.0,92000.0,104800.0,10.0,69.0,1.1,21.8,8.1,26.1,5.5,61.9,90.5,9.6,61.5,0.5,23.1,10.6,0.9,1.0,3.8,400000.0,470000.0
J0N,J0N,QC,52112.0,,,40.0,39.3,20.6,64.9,14.5,2.5,79.6,20.4,44800.0,51350.0,39200.0,42560.0,40000.0,46000.0,58400.0,64200.0,88000.0,100000.0,75500.0,82900.0,7.0,1.1,53.2,45.5,0.3,56.3,14.2,69.9,94.3,5.7,92.9,2.7,2.7,31.4,7.0,7.0,12.3,302000.0,345600.0
J0P,J0P,QC,42965.0,,,44.0,42.7,17.7,62.3,20.1,2.4,79.1,20.9,44000.0,54650.0,38800.0,43320.0,38800.0,48200.0,59600.0,71400.0,86000.0,103900.0,73000.0,82500.0,8.6,6.0,38.0,55.9,0.2,58.1,17.6,66.7,94.4,5.6,94.9,0.6,2.6,29.4,6.7,4.3,14.1,352000.0,426400.0
J0R,J0R,QC,39041.0,,,52.4,47.6,13.7,59.8,26.5,2.2,79.0,21.0,44800.0,59450.0,39200.0,46640.0,34800.0,50560.0,67000.0,81400.0,84000.0,108000.0,71000.0,84700.0,8.6,2.2,37.8,60.0,0.1,64.3,24.5,59.3,92.2,7.8,94.3,0.8,2.6,30.4,5.7,1.8,17.1,376000.0,431600.0
J0S,J0S,QC,34124.0,,,45.6,43.8,17.1,60.8,22.2,2.3,74.5,25.5,38000.0,45120.0,34000.0,37840.0,32800.0,39160.0,49600.0,55050.0,70000.0,83800.0,61600.0,70300.0,12.6,7.5,43.3,49.1,0.1,51.3,10.8,62.0,94.0,6.0,93.8,0.6,4.9,28.1,3.0,1.4,12.4,280000.0,314000.0
J0T,J0T,QC,51466.0,,,56.4,50.0,11.5,59.4,29.1,2.0,79.8,20.2,37200.0,47400.0,33200.0,39040.0,27000.0,38320.0,51600.0,63400.0,62400.0,80200.0,55200.0,66100.0,15.2,1.5,51.7,46.7,0.1,56.3,16.6,54.0,88.7,11.3,93.9,0.6,3.7,29.4,4.5,1.5,15.2,260000.0,326400.0
J0V,J0V,QC,27294.0,,,54.0,48.3,13.0,59.2,27.8,2.1,77.4,22.6,35600.0,43240.0,32400.0,36560.0,29400.0,37080.0,50400.0,57300.0,63600.0,76700.0,56400.0,64900.0,15.2,3.2,49.2,47.5,0.1,51.0,11.8,54.3,90.6,9.4,92.5,0.7,4.9,30.2,3.0,1.4,14.0,250000.0,279600.0
J0W,J0W,QC,16608.0,,,56.8,50.2,11.6,57.0,31.4,2.0,80.2,19.8,33600.0,39920.0,30600.0,34360.0,27600.0,34080.0,46000.0,52200.0,57200.0,70000.0,51200.0,60200.0,17.8,0.9,72.4,26.7,0.0,49.2,8.5,49.3,89.2,10.8,92.9,0.4,4.3,26.7,1.3,0.5,10.9,200000.0,225600.0
J0X,J0X,QC,48487.0,,,50.8,46.0,15.0,60.7,24.3,2.2,81.6,18.4,38400.0,45880.0,34400.0,38320.0,33200.0,41200.0,56400.0,61600.0,69000.0,83400.0,60400.0,69600.0,14.1,22.0,24.3,53.6,0.1,47.2,12.2,55.7,91.7,8.4,92.2,1.1,3.8,33.7,2.6,1.6,11.3,250000.0,288000.0
J0Y,J0Y,QC,29035.0,,,42.0,41.0,19.4,62.8,17.8,2.3,76.2,23.8,42800.0,51500.0,38400.0,42840.0,40000.0,48600.0,60400.0,68400.0,79500.0,94200.0,68500.0,78500.0,11.6,6.5,69.7,23.5,0.2,48.1,7.9,61.7,93.6,6.4,87.2,0.6,8.8,23.9,1.2,1.4,7.6,170000.0,191600.0
J0Z,J0Z,QC,34456.0,,,44.8,42.9,18.2,60.9,20.9,2.3,82.0,18.0,40000.0,48080.0,35600.0,40000.0,37600.0,45840.0,57200.0,63550.0,73500.0,86900.0,64000.0,72300.0,12.5,5.0,66.3,28.5,0.2,51.7,8.9,59.6,93.5,6.5,86.8,2.9,5.8,27.3,1.1,1.0,6.0,174000.0,192000.0
J1A,J1A,QC,9132.0,,,47.6,45.3,16.2,58.1,25.7,2.2,61.3,38.7,36800.0,41480.0,33200.0,35840.0,32000.0,35680.0,45600.0,49320.0,62400.0,74100.0,56000.0,64000.0,12.4,1.4,60.6,37.8,0.2,46.9,8.3,62.5,96.0,4.0,90.0,0.4,7.2,19.1,2.4,1.8,10.6,224000.0,243600.0
J1C,J1C,QC,6841.0,,,43.2,42.7,18.3,60.4,21.3,2.4,72.5,27.5,43600.0,49720.0,38000.0,41320.0,39200.0,45320.0,56400.0,63450.0,81000.0,92700.0,69500.0,77000.0,7.8,0.3,63.8,35.9,0.1,63.2,18.4,65.5,95.3,4.5,93.7,1.1,4.1,19.8,2.7,1.8,9.2,250000.0,274800.0
J1E,J1E,QC,25866.0,,,38.4,40.9,16.3,63.5,20.2,2.0,40.1,59.9,35200.0,40440.0,32000.0,35080.0,32000.0,36840.0,49600.0,54450.0,54000.0,65800.0,48800.0,57100.0,18.9,1.2,59.1,38.6,1.2,55.9,16.6,61.2,94.6,5.5,87.3,5.8,5.4,20.4,10.3,12.5,16.9,224000.0,240400.0
J1G,J1G,QC,19632.0,,,46.4,45.4,14.9,58.8,26.3,2.1,53.0,47.0,37600.0,44600.0,33600.0,37760.0,34400.0,41360.0,52400.0,61850.0,60000.0,75200.0,53600.0,63700.0,15.0,0.8,58.5,40.0,0.8,59.8,19.3,57.9,94.3,5.8,85.8,4.0,7.8,19.2,7.0,6.8,16.3,250000.0,263600.0
J1H,J1H,QC,29653.0,,,35.2,39.8,12.8,69.9,17.2,1.8,24.7,75.3,31000.0,38280.0,28800.0,33080.0,25000.0,32480.0,46800.0,53150.0,45600.0,58750.0,41600.0,50760.0,25.0,2.0,47.5,49.5,1.0,62.2,26.6,64.5,90.8,9.3,79.1,9.9,8.6,21.4,13.2,15.9,20.8,240000.0,272800.0
J1J,J1J,QC,15452.0,,,51.2,48.7,12.3,55.9,31.8,2.0,50.6,49.4,41600.0,56200.0,36800.0,45040.0,33600.0,49440.0,61600.0,77300.0,65500.0,92900.0,56800.0,74500.0,12.4,1.2,41.1,57.2,0.5,72.2,39.3,58.6,93.8,6.3,82.7,5.8,7.8,19.2,9.3,8.2,15.6,300000.0,340000.0
J1K,J1K,QC,7435.0,,,32.8,39.2,12.9,70.3,16.7,2.1,48.6,51.4,31600.0,41840.0,29400.0,34800.0,21800.0,34440.0,52400.0,62100.0,56400.0,73700.0,50800.0,61250.0,19.0,2.1,43.0,54.2,0.7,72.9,33.4,63.7,92.9,7.1,79.4,7.3,9.6,20.5,10.0,12.8,19.3,250000.0,279200.0
J1L,J1L,QC,16036.0,,,52.4,49.4,11.6,54.2,34.1,1.9,38.5,61.5,38000.0,47640.0,34000.0,39480.0,32400.0,43440.0,54400.0,69000.0,58800.0,77600.0,51600.0,64300.0,14.2,1.3,49.8,47.6,1.2,61.9,26.4,53.6,93.1,6.9,86.7,6.0,4.6,20.1,12.0,12.4,24.1,250000.0,294400.0
J1M,J1M,QC,5923.0,,,40.4,42.3,14.9,62.8,22.2,2.2,51.5,48.5,35600.0,46080.0,31800.0,38480.0,30000.0,40120.0,55200.0,64400.0,60400.0,79800.0,54000.0,66600.0,17.1,17.8,19.5,62.1,0.5,66.4,31.9,65.1,91.8,8.2,86.1,2.9,8.7,19.7,8.9,13.1,17.7,286000.0,308000.0
J1N,J1N,QC,35087.0,,,39.6,39.2,19.9,64.2,15.8,2.4,72.9,27.1,46800.0,54950.0,40800.0,45000.0,42400.0,48880.0,61200.0,68800.0,87000.0,102300.0,74000.0,83800.0,6.3,0.6,53.1,46.1,0.2,67.0,25.9,71.6,95.8,4.2,93.7,2.2,2.2,20.6,6.0,5.5,10.4,276000.0,319600.0
J1R,J1R,QC,10960.0,,,38.8,38.0,22.1,64.8,13.2,2.6,86.1,13.9,47200.0,53200.0,41200.0,43760.0,42000.0,46840.0,60000.0,65500.0,95000.0,105700.0,81000.0,87000.0,4.8,0.4,59.0,40.4,0.1,63.7,19.6,74.3,96.4,3.6,96.0,1.1,1.4,21.3,3.7,3.4,8.3,276000.0,300000.0
J1S,J1S,QC,7862.0,,,44.4,43.4,18.2,59.9,21.8,2.2,69.0,31.0,40800.0,45520.0,36000.0,38600.0,36000.0,41240.0,52000.0,56900.0,67000.0,80100.0,59200.0,67900.0,12.4,0.2,69.2,30.4,0.2,55.1,8.4,64.9,94.5,5.5,92.2,0.3,6.0,22.1,0.9,1.1,9.5,200000.0,237000.0
J1T,J1T,QC,7993.0,,,54.8,49.7,14.0,51.5,34.6,2.0,58.2,41.8,31200.0,37480.0,29000.0,32800.0,29200.0,34440.0,46400.0,50440.0,50000.0,61700.0,45600.0,54050.0,20.0,0.4,75.0,24.4,0.1,45.1,6.4,48.3,91.0,9.2,90.4,0.0,6.7,22.9,1.2,1.6,11.8,150000.0,164800.0
J1X,J1X,QC,33945.0,,,54.0,49.0,13.5,56.1,30.4,2.0,66.8,33.2,39600.0,51500.0,34800.0,41640.0,32800.0,45240.0,54800.0,70200.0,67000.0,89500.0,58400.0,72400.0,12.7,1.7,50.5,47.7,0.0,59.6,22.5,57.2,92.8,7.2,91.3,0.3,6.0,22.4,3.9,1.8,14.9,300000.0,374000.0
J1Z,J1Z,QC,5742.0,,,39.2,38.2,23.3,61.0,15.7,2.6,80.5,19.5,41600.0,47320.0,36800.0,39920.0,36000.0,40560.0,51600.0,57000.0,82000.0,93000.0,72000.0,78600.0,9.2,0.1,74.7,25.1,0.1,56.9,11.6,72.2,95.4,4.4,95.4,0.4,2.3,23.9,1.5,1.1,8.5,250000.0,277600.0
J2A,J2A,QC,12264.0,,,40.0,39.1,20.3,65.4,14.3,2.5,80.5,19.5,42400.0,48120.0,37600.0,40280.0,37200.0,41880.0,51200.0,58100.0,80000.0,92900.0,70000.0,77800.0,8.3,0.2,69.8,29.6,0.5,56.7,11.1,70.8,95.7,4.3,94.9,1.3,1.8,21.1,2.6,2.5,9.9,240000.0,265600.0
J2B,J2B,QC,33110.0,,,42.0,42.0,17.4,61.9,20.7,2.1,50.8,49.2,36800.0,44080.0,33600.0,37360.0,33600.0,40000.0,50400.0,57600.0,58800.0,74600.0,52400.0,63250.0,16.5,0.4,68.5,30.6,0.5,52.7,12.8,62.1,94.0,6.0,91.7,2.0,4.0,18.5,5.2,6.7,14.0,240000.0,266800.0
J2C,J2C,QC,29991.0,,,52.4,48.9,11.7,56.7,31.6,1.9,46.7,53.3,37200.0,46160.0,33200.0,38640.0,34400.0,42120.0,52800.0,63450.0,56800.0,75700.0,50000.0,63400.0,15.4,0.3,66.6,32.7,0.4,54.8,16.1,57.6,94.3,5.7,91.0,1.1,5.4,16.1,4.3,5.3,16.4,250000.0,271200.0
J2E,J2E,QC,4454.0,,,42.0,41.1,16.8,65.4,17.8,2.2,60.0,40.0,40400.0,44880.0,36000.0,38240.0,34000.0,39200.0,51600.0,55950.0,68500.0,81300.0,60800.0,69300.0,10.4,0.4,69.6,29.8,0.2,54.2,10.6,68.6,94.3,5.7,92.7,0.5,3.8,18.3,4.2,7.4,9.8,246000.0,244800.0
J2G,J2G,QC,28297.0,,,52.4,48.5,12.4,57.4,30.2,1.9,39.7,60.3,33600.0,39280.0,30600.0,34040.0,29200.0,34000.0,45200.0,50800.0,49200.0,62050.0,44000.0,53800.0,20.0,0.6,65.2,33.7,0.6,42.5,9.4,55.7,93.0,7.0,87.0,1.3,8.8,18.2,6.0,6.3,19.4,250000.0,263600.0
J2H,J2H,QC,22474.0,,,44.4,42.8,18.4,60.0,21.5,2.4,76.4,23.6,45600.0,54550.0,40000.0,44360.0,38400.0,46440.0,60000.0,69300.0,89000.0,106700.0,76000.0,86800.0,5.6,0.2,55.8,43.8,0.2,60.8,20.4,64.0,95.7,4.3,95.8,0.8,1.5,21.2,5.3,4.6,8.8,300000.0,342000.0
J2J,J2J,QC,18341.0,,,46.4,44.6,15.9,59.9,24.2,2.1,55.3,44.7,38800.0,43440.0,34400.0,37240.0,34400.0,38680.0,51200.0,55700.0,64000.0,76200.0,56400.0,65300.0,12.0,0.5,65.1,33.9,0.5,49.0,10.4,62.2,94.8,5.3,94.5,0.5,3.3,19.8,4.4,5.3,16.3,250000.0,271600.0
J2K,J2K,QC,18291.0,,,48.0,46.0,15.4,57.7,27.0,2.1,55.9,44.1,37200.0,43120.0,33600.0,36680.0,32000.0,37040.0,48800.0,54050.0,61600.0,74700.0,54800.0,63600.0,14.3,5.6,43.3,51.0,0.1,49.1,12.4,59.2,94.0,6.0,92.3,0.4,5.6,20.7,3.4,1.8,16.7,250000.0,298800.0
J2L,J2L,QC,11381.0,,,47.6,44.6,16.1,62.4,21.5,2.2,76.0,24.0,52000.0,80000.0,44000.0,58800.0,43200.0,72600.0,78000.0,117300.0,100000.0,146800.0,82000.0,107900.0,6.2,1.2,33.2,65.6,0.1,73.2,37.2,64.3,95.5,4.6,93.8,1.3,2.8,28.8,5.3,2.5,11.1,448000.0,537500.0
J2M,J2M,QC,7238.0,,,47.2,43.6,16.5,63.8,19.7,2.5,92.3,7.7,44800.0,56350.0,39200.0,44960.0,39200.0,50600.0,60400.0,73500.0,97000.0,115700.0,82000.0,92300.0,6.4,1.7,45.0,53.3,0.0,63.0,23.8,65.3,96.1,3.9,96.8,0.9,1.6,27.0,3.4,1.2,7.8,348000.0,415600.0
J2N,J2N,QC,10149.0,,,40.4,41.2,19.2,60.5,20.2,2.2,58.8,41.2,38800.0,43480.0,35200.0,37320.0,34000.0,38320.0,50400.0,53800.0,68000.0,77500.0,59200.0,66500.0,12.4,0.9,62.4,36.6,0.1,48.6,10.3,64.7,94.3,5.6,93.2,0.2,5.1,25.7,2.8,2.0,13.2,270000.0,285600.0
J2R,J2R,QC,10383.0,,,45.6,43.5,16.6,61.4,22.0,2.3,73.5,26.5,42800.0,48760.0,38000.0,40920.0,38000.0,42920.0,53600.0,60050.0,81000.0,93900.0,70500.0,78800.0,6.7,0.1,71.9,27.8,0.2,55.6,12.6,66.7,95.3,4.8,95.6,0.6,2.2,19.7,2.5,3.0,9.7,300000.0,320000.0
J2S,J2S,QC,29943.0,,,47.6,46.7,13.6,58.1,28.3,1.9,36.0,64.0,36000.0,44400.0,32400.0,37280.0,31800.0,39000.0,49600.0,58600.0,53200.0,70900.0,47200.0,59500.0,18.7,0.4,67.0,31.5,1.0,49.7,14.8,58.9,92.9,7.1,82.9,2.3,11.0,19.2,10.2,13.8,18.9,300000.0,322000.0
J2T,J2T,QC,17072.0,,,45.6,44.8,16.1,59.2,24.7,2.1,58.5,41.5,40800.0,46360.0,36000.0,39240.0,37200.0,41080.0,52000.0,57100.0,68000.0,80700.0,59600.0,68300.0,10.7,0.2,70.1,29.0,0.7,54.0,13.9,63.6,94.4,5.6,93.4,0.9,3.8,20.2,6.7,7.2,14.5,280000.0,298800.0
J2W,J2W,QC,28762.0,,,42.0,40.6,18.9,64.9,16.2,2.6,82.5,17.5,49600.0,58050.0,42800.0,46640.0,44800.0,52750.0,66000.0,73900.0,102000.0,117900.0,86000.0,94800.0,4.0,0.7,49.2,50.0,0.2,63.1,20.5,69.9,95.4,4.6,93.4,2.8,1.9,25.5,5.1,4.4,8.8,400000.0,425200.0
J2X,J2X,QC,20485.0,,,42.0,42.0,19.0,60.2,20.8,2.4,65.7,34.3,42800.0,49440.0,37600.0,40360.0,38000.0,44120.0,55600.0,62000.0,78500.0,92000.0,68000.0,75100.0,8.8,0.4,60.5,38.8,0.1,56.3,15.1,66.5,94.7,5.2,94.4,1.6,2.4,24.3,3.2,2.8,12.7,348000.0,370000.0
J2Y,J2Y,QC,5576.0,,,44.4,41.9,17.8,64.8,17.3,2.6,94.5,5.5,45600.0,52200.0,40000.0,43080.0,41200.0,46440.0,60400.0,67200.0,98000.0,107300.0,81000.0,88500.0,5.6,0.5,56.0,43.5,0.1,56.3,12.9,67.0,94.4,5.6,95.6,2.4,1.2,27.2,2.0,1.9,8.4,348000.0,363200.0
J3A,J3A,QC,9136.0,,,61.6,55.2,8.8,46.5,44.8,1.6,22.1,77.9,32800.0,38720.0,30000.0,33880.0,30800.0,35440.0,47200.0,51850.0,45200.0,56000.0,41200.0,49000.0,22.1,0.6,60.6,38.4,0.4,43.9,11.9,44.6,92.4,7.6,83.9,5.1,9.2,21.6,6.6,6.8,34.4,298000.0,321000.0
J3B,J3B,QC,33908.0,,,42.4,42.7,16.3,63.0,20.7,2.1,48.8,51.2,40400.0,46360.0,35600.0,39040.0,35600.0,41000.0,53200.0,59200.0,66000.0,79400.0,57600.0,66800.0,12.5,0.7,56.4,42.7,0.2,52.5,12.9,64.8,93.1,6.9,89.5,3.5,4.6,23.9,4.3,4.3,15.4,320000.0,338400.0
J3E,J3E,QC,30045.0,,,44.4,41.9,17.3,64.7,18.0,2.5,79.8,20.2,51600.0,62250.0,44000.0,49600.0,47600.0,57200.0,75000.0,83900.0,107000.0,126100.0,89000.0,100500.0,3.7,0.5,47.3,52.0,0.2,67.2,26.6,71.2,95.3,4.7,90.2,3.8,3.8,24.9,6.4,5.9,10.4,400000.0,434800.0
J3G,J3G,QC,33664.0,,,42.4,42.3,18.7,60.3,21.0,2.4,72.2,27.8,48800.0,56700.0,42400.0,46080.0,44000.0,51000.0,66000.0,72700.0,91000.0,105800.0,77000.0,86000.0,5.7,0.4,50.7,48.8,0.1,64.2,21.9,67.9,95.2,4.8,90.6,3.2,4.0,27.2,5.0,3.9,14.3,400000.0,416400.0
J3H,J3H,QC,26673.0,,,45.2,43.1,17.6,61.7,20.7,2.4,82.3,17.7,51600.0,65700.0,44000.0,51700.0,45600.0,58900.0,74500.0,86400.0,104000.0,127800.0,86000.0,100500.0,5.4,0.8,41.7,57.3,0.1,70.6,31.7,68.1,94.6,5.4,90.5,4.1,2.9,29.3,5.4,3.6,10.8,420000.0,472800.0
J3L,J3L,QC,53680.0,,,40.4,39.6,20.4,64.4,15.2,2.5,76.6,23.4,50400.0,61250.0,43200.0,48800.0,46400.0,56050.0,68000.0,78400.0,100000.0,118700.0,84000.0,94700.0,5.6,1.1,45.6,52.9,0.3,64.3,24.1,72.4,95.4,4.6,90.1,4.6,3.2,29.4,8.4,8.8,12.1,400000.0,466000.0
J3M,J3M,QC,11345.0,,,40.0,40.2,20.3,62.3,17.5,2.4,67.2,32.8,44400.0,48680.0,39200.0,40760.0,40000.0,43720.0,54400.0,60200.0,78000.0,89600.0,67500.0,75000.0,8.0,0.3,63.3,35.9,0.5,51.2,11.5,71.6,95.3,4.7,92.0,1.3,4.5,28.3,3.1,4.1,12.6,324000.0,347200.0
J3N,J3N,QC,17053.0,,,41.6,39.6,19.7,65.8,14.5,2.6,87.0,13.0,52000.0,61550.0,44400.0,49200.0,48000.0,56700.0,74500.0,83100.0,107000.0,123500.0,89000.0,98800.0,3.8,0.7,43.8,55.3,0.2,66.5,27.4,73.2,95.2,4.8,85.5,7.3,4.6,28.7,7.4,5.8,10.4,400000.0,412000.0
J3P,J3P,QC,25025.0,,,54.0,49.4,11.9,56.3,31.7,2.0,60.9,39.1,36000.0,44440.0,32800.0,37480.0,34800.0,42880.0,58000.0,63750.0,60000.0,75300.0,53200.0,63450.0,15.2,0.2,73.9,25.8,0.1,52.1,10.2,52.1,92.5,7.5,89.6,1.0,6.2,19.6,2.3,2.0,13.7,200000.0,239000.0
J3R,J3R,QC,14452.0,,,51.2,47.5,13.4,58.0,28.6,2.0,59.9,40.1,37600.0,46720.0,33600.0,38600.0,35200.0,44080.0,58800.0,67800.0,62000.0,79100.0,54800.0,65300.0,14.9,0.3,67.1,32.5,0.1,54.0,11.8,54.5,91.8,8.2,92.0,1.3,4.6,20.8,3.0,2.9,13.4,200000.0,247400.0
J3T,J3T,QC,8620.0,,,52.4,48.7,14.6,54.1,31.3,2.1,63.5,36.5,40400.0,46120.0,35600.0,39040.0,35200.0,40720.0,54000.0,59350.0,66000.0,79500.0,58000.0,67300.0,12.1,0.1,73.3,26.4,0.1,61.1,18.0,62.0,96.2,4.0,91.8,0.4,5.5,19.3,1.5,1.3,9.4,200000.0,229200.0
J3V,J3V,QC,26050.0,,,46.0,44.0,17.6,59.1,23.2,2.5,86.0,14.0,55200.0,74200.0,46400.0,56200.0,51200.0,68900.0,84000.0,105900.0,115000.0,147000.0,94000.0,111400.0,4.3,2.1,29.8,67.9,0.2,74.7,42.2,63.5,95.1,4.9,85.2,6.4,4.7,26.3,10.4,7.4,10.5,500000.0,575500.0
J3X,J3X,QC,21198.0,,,42.4,41.0,18.5,65.1,16.4,2.5,79.1,20.9,51600.0,60050.0,44400.0,47920.0,48000.0,54900.0,70000.0,77900.0,103000.0,118200.0,86000.0,94400.0,4.5,0.2,51.3,48.4,0.1,66.4,22.9,71.0,95.7,4.3,91.0,3.7,3.3,25.6,3.7,4.3,8.8,400000.0,421200.0
J3Y,J3Y,QC,66364.0,,,42.0,41.5,17.2,64.7,18.1,2.4,75.9,24.1,44000.0,50560.0,38400.0,41920.0,40400.0,46480.0,61200.0,68400.0,86000.0,98700.0,74000.0,81900.0,6.9,3.7,41.8,53.4,1.0,60.4,22.4,66.7,93.4,6.6,82.6,12.5,2.6,28.7,21.1,24.7,13.8,348000.0,375600.0
J3Z,J3Z,QC,5774.0,,,40.4,38.2,21.2,67.3,11.5,3.1,91.7,8.3,50800.0,61150.0,43600.0,49000.0,47200.0,56100.0,74500.0,82400.0,131000.0,143600.0,108000.0,115000.0,2.3,3.2,36.2,59.3,1.3,67.6,28.3,75.7,94.0,6.0,84.5,9.6,3.8,28.6,21.8,27.5,8.0,460000.0,492400.0
J4B,J4B,QC,41743.0,,,48.0,45.4,15.6,59.5,24.9,2.4,84.0,16.0,54400.0,73200.0,46000.0,55600.0,49600.0,68200.0,84000.0,104000.0,110000.0,142200.0,90000.0,108200.0,4.3,0.8,37.0,61.8,0.4,73.1,39.6,62.7,94.8,5.2,85.2,7.4,4.0,25.7,9.4,8.7,10.7,484000.0,528500.0
J4G,J4G,QC,10010.0,,,44.8,43.9,14.3,65.6,20.1,2.1,54.0,46.0,47200.0,57700.0,40800.0,46080.0,42400.0,52700.0,62400.0,74800.0,79500.0,100500.0,67000.0,80200.0,9.1,1.4,40.4,57.6,0.7,67.6,30.6,67.3,94.1,6.0,82.6,12.2,3.3,26.8,14.2,16.7,12.2,400000.0,430400.0
J4H,J4H,QC,15593.0,,,46.8,46.4,12.3,60.9,26.8,1.8,38.0,62.0,42000.0,55600.0,37200.0,42400.0,38400.0,51300.0,65500.0,80500.0,62400.0,86700.0,53200.0,66200.0,14.8,2.0,38.6,58.8,0.7,69.4,37.5,61.6,91.3,8.6,64.0,20.7,9.7,26.6,16.0,15.3,19.0,452000.0,490800.0
J4J,J4J,QC,31102.0,,,39.2,40.2,17.3,65.8,16.8,2.1,30.7,69.3,37200.0,43880.0,33600.0,37240.0,32000.0,39160.0,51200.0,60200.0,58400.0,72700.0,51600.0,61700.0,17.0,2.1,50.4,46.5,1.0,57.1,22.2,65.2,90.5,9.5,74.1,17.9,5.0,28.2,21.3,27.3,20.6,384000.0,401600.0
J4K,J4K,QC,27024.0,,,38.0,39.7,16.1,68.5,15.4,2.0,30.8,69.2,36800.0,42600.0,33200.0,36400.0,31800.0,37840.0,50800.0,56350.0,58400.0,69600.0,51600.0,59450.0,17.2,4.1,45.5,49.2,1.2,59.5,24.7,66.7,90.8,9.3,69.1,22.8,4.9,28.8,23.4,31.3,22.0,348000.0,378800.0
J4L,J4L,QC,31866.0,,,40.4,40.7,18.5,63.0,18.5,2.3,40.7,59.3,38000.0,42560.0,34000.0,36560.0,33200.0,38080.0,52800.0,57750.0,65000.0,75600.0,57200.0,65000.0,15.4,2.1,52.2,44.4,1.4,57.3,19.9,63.2,91.1,8.9,74.3,19.3,4.0,29.5,23.4,30.7,18.3,348000.0,361600.0
J4M,J4M,QC,13149.0,,,43.2,41.4,19.1,62.8,18.2,2.6,83.8,16.2,49200.0,60550.0,42400.0,47920.0,45600.0,52000.0,71500.0,76900.0,104000.0,124400.0,87000.0,98600.0,4.9,1.3,42.4,55.6,0.7,67.9,32.4,65.5,95.6,4.4,77.6,14.5,4.7,28.7,20.4,19.4,9.8,400000.0,418000.0
J4N,J4N,QC,11382.0,,,55.6,51.3,11.4,53.7,34.9,2.0,73.1,26.9,52800.0,73800.0,44800.0,54950.0,49200.0,69800.0,81000.0,102300.0,87000.0,125200.0,72000.0,93400.0,6.1,1.6,37.2,60.6,0.6,71.0,39.8,57.9,94.2,5.8,83.8,8.6,3.9,25.9,15.4,14.3,19.2,400000.0,487200.0
J4P,J4P,QC,11249.0,,,48.0,46.6,13.7,59.0,27.2,2.0,48.1,51.9,48000.0,79100.0,41200.0,58450.0,43600.0,76200.0,82000.0,121700.0,75500.0,129800.0,63600.0,95900.0,11.8,3.7,25.7,70.0,0.6,72.5,47.0,62.5,91.8,8.2,67.7,16.2,9.2,25.8,13.7,11.6,22.3,680000.0,695000.0
J4R,J4R,QC,10674.0,,,45.2,44.9,15.5,60.4,24.1,2.1,51.8,48.2,45600.0,79100.0,39600.0,58400.0,42800.0,80600.0,81000.0,133800.0,73500.0,132600.0,62400.0,97900.0,11.8,4.9,25.6,69.0,0.5,69.6,39.7,63.8,93.8,6.2,69.7,14.8,11.0,26.1,16.1,16.3,20.8,600000.0,663000.0
J4S,J4S,QC,6303.0,,,47.6,45.9,16.3,55.7,28.0,2.1,67.2,32.8,50400.0,80900.0,42800.0,58500.0,42800.0,77900.0,82000.0,123000.0,84000.0,135000.0,70000.0,97700.0,11.1,5.3,20.5,73.1,1.2,75.3,50.0,58.6,91.7,8.4,75.0,16.6,3.2,27.5,21.4,18.3,21.4,500000.0,585000.0
J4T,J4T,QC,19718.0,,,38.8,39.8,18.0,65.7,16.3,2.2,41.9,58.1,38400.0,42680.0,34400.0,36760.0,33600.0,37400.0,51600.0,55700.0,66000.0,76400.0,58400.0,65800.0,14.0,4.1,46.1,48.5,1.3,52.2,16.7,66.7,92.1,7.9,79.7,12.6,5.3,27.4,23.1,28.7,18.4,348000.0,354400.0
J4V,J4V,QC,17033.0,,,43.6,43.1,16.8,61.7,21.5,2.3,61.0,39.0,38800.0,47040.0,34800.0,39360.0,34800.0,43160.0,58800.0,67100.0,73000.0,85800.0,64000.0,71800.0,12.7,10.7,25.1,62.2,2.0,60.9,28.2,63.2,91.4,8.6,77.7,12.2,7.0,27.6,25.4,25.9,16.9,400000.0,409200.0
J4W,J4W,QC,18191.0,,,43.6,43.4,16.0,61.4,22.6,2.5,65.3,34.7,35600.0,44640.0,32000.0,37560.0,28600.0,39720.0,58800.0,67000.0,76500.0,90000.0,67000.0,75700.0,12.8,14.0,21.4,59.3,5.4,61.8,29.9,57.9,89.4,10.6,75.3,17.5,4.1,28.5,43.3,50.9,16.9,400000.0,433200.0
J4X,J4X,QC,19192.0,,,52.4,49.3,13.0,53.9,33.0,2.5,78.2,21.8,41200.0,59400.0,36400.0,46640.0,31600.0,52800.0,72000.0,89200.0,93000.0,121700.0,78500.0,95600.0,10.3,14.7,16.6,64.1,4.7,70.6,43.6,55.7,89.8,10.2,82.3,12.0,2.1,28.1,41.5,50.1,22.3,600000.0,616500.0
J4Y,J4Y,QC,25459.0,,,41.2,41.3,17.0,65.2,17.8,2.5,75.1,24.9,42800.0,57500.0,37600.0,45440.0,38400.0,52500.0,68500.0,82400.0,91000.0,114000.0,77000.0,90100.0,10.8,12.7,17.6,64.9,4.8,70.9,40.9,67.2,91.5,8.6,81.4,12.4,3.9,29.4,42.1,52.0,20.3,500000.0,573500.0
J4Z,J4Z,QC,28686.0,,,38.8,39.4,18.9,65.4,15.8,2.5,62.3,37.7,39600.0,50040.0,35600.0,41280.0,35600.0,45960.0,60000.0,69900.0,79000.0,96200.0,68500.0,79500.0,10.8,11.8,24.0,60.1,4.2,63.4,31.1,67.2,90.7,9.3,78.8,14.5,3.4,28.7,37.6,48.6,18.0,400000.0,443600.0
J5A,J5A,QC,29922.0,,,40.0,39.0,20.0,66.2,13.8,2.6,77.3,22.7,48400.0,54400.0,42000.0,44640.0,44800.0,49880.0,65000.0,70400.0,101000.0,110900.0,85000.0,91000.0,4.9,2.2,43.6,53.5,0.7,58.8,20.0,72.2,94.6,5.5,90.2,5.8,2.1,28.2,14.0,13.9,11.0,400000.0,408800.0
J5B,J5B,QC,8319.0,,,42.4,41.2,18.0,64.5,17.4,2.4,67.9,32.1,45200.0,50880.0,39600.0,42360.0,42400.0,46520.0,61600.0,66000.0,87000.0,96500.0,74000.0,80400.0,6.5,1.8,43.3,54.6,0.3,58.4,17.3,67.4,94.8,5.2,91.2,4.6,2.8,26.6,11.4,11.2,14.4,352000.0,372800.0
J5C,J5C,QC,17347.0,,,43.6,42.5,16.8,64.6,18.6,2.4,73.5,26.5,46000.0,51500.0,40000.0,42760.0,43200.0,46920.0,61200.0,65600.0,89000.0,99300.0,75500.0,82500.0,6.1,1.6,47.6,50.3,0.4,55.9,16.0,70.5,94.4,5.6,89.7,4.8,3.3,26.4,10.5,11.1,13.8,348000.0,362000.0
J5J,J5J,QC,18080.0,,,37.2,37.5,21.6,66.9,11.5,2.5,78.6,21.4,43200.0,47400.0,38000.0,39920.0,37200.0,41480.0,53200.0,57650.0,84000.0,90800.0,72000.0,76400.0,8.2,0.3,62.9,36.7,0.1,54.2,8.1,72.3,94.2,5.7,96.6,0.7,1.3,34.6,2.6,2.2,12.3,300000.0,324400.0
J5K,J5K,QC,17740.0,,,38.0,37.0,23.0,66.7,10.3,2.7,87.1,12.9,46400.0,53500.0,40400.0,43920.0,41200.0,47480.0,62800.0,66600.0,100000.0,107400.0,84000.0,88200.0,6.2,0.7,55.5,43.6,0.2,61.9,13.2,73.7,94.6,5.4,97.6,0.8,0.6,34.1,3.4,2.1,10.9,348000.0,378000.0
J5L,J5L,QC,22965.0,,,40.0,39.3,20.2,64.7,15.2,2.5,73.3,26.7,45200.0,51900.0,39600.0,42720.0,38800.0,45240.0,60000.0,66700.0,88000.0,99300.0,74500.0,81800.0,7.0,0.5,55.3,44.0,0.2,58.9,15.8,69.2,94.9,5.1,95.3,2.0,1.4,28.9,6.7,7.2,13.8,344000.0,354800.0
J5M,J5M,QC,24005.0,,,34.8,36.3,23.4,64.7,11.9,2.6,70.7,29.3,40400.0,44520.0,36000.0,38040.0,33200.0,38000.0,48000.0,52250.0,78500.0,85100.0,68500.0,72800.0,10.0,0.2,69.2,30.4,0.2,48.9,5.0,69.7,93.7,6.3,94.9,0.9,2.3,36.7,3.5,4.0,14.0,280000.0,290000.0
J5N,J5N,QC,169.0,,,29.8,34.0,20.6,70.6,8.8,2.2,57.1,42.9,,,,,,,,,,,,,,2.9,52.9,44.1,0.0,56.5,0.0,82.6,94.7,0.0,100.0,0.0,0.0,37.1,0.0,0.0,,324000.0,280000.0
J5R,J5R,QC,49403.0,,,42.4,40.9,18.9,64.3,16.8,2.5,75.5,24.5,50000.0,68800.0,43200.0,52300.0,48000.0,65800.0,77500.0,93700.0,100000.0,132800.0,83000.0,101000.0,6.3,4.1,30.6,64.0,1.3,68.0,34.9,68.2,94.3,5.8,87.1,7.0,3.0,26.8,16.7,17.9,15.9,484000.0,537500.0
J5T,J5T,QC,14425.0,,,40.8,40.4,19.2,64.3,16.5,2.5,76.0,24.0,42000.0,47320.0,37200.0,39840.0,36400.0,42000.0,54800.0,59550.0,82000.0,91800.0,71000.0,77300.0,7.7,0.2,67.0,32.7,0.1,51.3,9.0,66.4,93.9,6.1,96.2,0.8,2.2,31.9,3.4,3.0,13.9,280000.0,309600.0
J5V,J5V,QC,7340.0,,,57.6,52.4,10.8,53.1,36.2,1.9,48.5,51.5,31600.0,37880.0,29200.0,33280.0,29200.0,34080.0,44400.0,48920.0,47600.0,61850.0,43200.0,54300.0,22.4,0.2,81.5,17.7,0.5,39.9,6.4,51.1,92.6,7.6,88.3,1.0,7.5,19.9,1.3,3.1,14.6,176000.0,192200.0
J5W,J5W,QC,26780.0,,,40.4,40.1,20.9,61.9,17.1,2.5,74.4,25.6,45200.0,52350.0,39600.0,43160.0,40800.0,47000.0,60000.0,66500.0,86000.0,99100.0,74000.0,81800.0,7.0,0.2,62.7,37.0,0.2,58.9,15.6,68.6,94.9,5.1,93.7,1.7,3.2,32.4,5.4,7.8,13.5,320000.0,342800.0
J5X,J5X,QC,8892.0,,,38.8,39.1,20.2,65.3,14.5,2.5,67.4,32.6,41600.0,47320.0,36400.0,39720.0,36000.0,41560.0,53200.0,57950.0,79000.0,89800.0,68500.0,75600.0,10.8,0.1,69.5,30.3,0.1,50.2,10.3,69.5,93.0,7.0,93.2,1.1,5.0,31.5,2.8,3.5,14.1,300000.0,323200.0
J5Y,J5Y,QC,30084.0,,,41.6,39.8,20.7,63.8,15.5,2.7,83.1,16.9,48000.0,56000.0,41600.0,45640.0,42800.0,50360.0,67500.0,74500.0,103000.0,116100.0,87000.0,94700.0,4.4,0.5,52.3,46.9,0.4,62.3,20.7,68.1,94.1,5.9,89.8,6.2,2.3,32.7,15.9,22.9,11.3,352000.0,383200.0
J5Z,J5Z,QC,28005.0,,,43.2,41.8,17.6,64.6,17.8,2.4,72.1,27.9,44000.0,49800.0,38800.0,41520.0,39600.0,45240.0,60000.0,65100.0,86000.0,96000.0,73000.0,80100.0,6.7,0.3,59.0,40.4,0.3,55.5,13.2,67.7,94.3,5.7,92.0,4.1,2.2,31.1,10.9,15.9,12.8,300000.0,322800.0
J6A,J6A,QC,34313.0,,,48.8,46.5,15.3,56.7,28.0,2.3,71.1,28.9,42800.0,51600.0,37600.0,42440.0,37600.0,45600.0,60400.0,67900.0,81000.0,97600.0,69500.0,80200.0,7.6,0.4,55.6,43.8,0.2,57.5,17.1,57.9,93.7,6.3,88.4,5.0,4.4,29.9,9.6,12.5,16.1,348000.0,366800.0
J6E,J6E,QC,46434.0,,,51.2,48.0,13.5,55.8,30.8,2.0,46.7,53.3,36800.0,45640.0,33200.0,38360.0,32400.0,41560.0,51600.0,61350.0,58800.0,76800.0,52400.0,64600.0,15.9,0.3,69.1,30.3,0.3,51.9,14.8,53.5,92.4,7.6,89.1,0.8,7.0,21.6,4.2,4.6,18.6,260000.0,293600.0
J6J,J6J,QC,24855.0,,,42.8,41.9,17.9,62.9,19.2,2.5,66.9,33.1,39200.0,46880.0,35200.0,39200.0,35600.0,42600.0,57600.0,65000.0,76000.0,91200.0,66500.0,76300.0,10.3,13.2,27.1,58.9,0.7,53.0,16.3,63.3,91.4,8.6,86.8,7.4,3.6,29.4,18.7,19.8,20.0,348000.0,368000.0
J6K,J6K,QC,25960.0,,,42.8,42.1,18.9,61.2,19.9,2.6,77.0,23.0,40400.0,46320.0,36000.0,39000.0,36800.0,42040.0,56400.0,62700.0,82000.0,92500.0,70500.0,78000.0,8.8,11.3,29.9,57.9,0.9,53.4,16.3,64.1,91.8,8.2,86.0,7.8,3.5,28.7,23.0,26.1,15.4,324000.0,336000.0
J6N,J6N,QC,16014.0,,,43.6,43.2,16.4,62.4,21.2,2.2,65.4,34.6,41200.0,48040.0,36400.0,39920.0,36400.0,42960.0,56000.0,62500.0,72500.0,85800.0,62800.0,71400.0,10.3,1.7,52.3,45.9,0.1,54.8,12.9,63.8,94.2,5.8,92.4,2.9,3.3,27.4,4.4,3.8,16.1,300000.0,368400.0
J6R,J6R,QC,14626.0,,,39.2,38.1,22.2,64.1,13.7,2.7,80.9,19.1,47600.0,55150.0,41200.0,45280.0,43200.0,49320.0,62800.0,69700.0,100000.0,112200.0,85000.0,92100.0,5.5,2.9,42.6,54.1,0.4,58.6,17.2,71.3,95.0,5.0,91.4,4.2,3.0,29.0,11.5,13.0,9.9,376000.0,388400.0
J6S,J6S,QC,24765.0,,,48.8,46.2,14.2,59.7,26.1,2.1,58.7,41.3,38400.0,44880.0,34400.0,37880.0,35200.0,40440.0,54400.0,59350.0,64000.0,78000.0,56000.0,65800.0,13.6,1.0,60.6,38.2,0.2,50.1,9.8,59.4,94.0,6.0,93.8,0.5,4.2,22.4,3.1,2.8,15.3,270000.0,295600.0
J6T,J6T,QC,18022.0,,,45.6,44.5,15.2,60.8,24.0,2.1,50.9,49.1,37200.0,43000.0,33200.0,36720.0,32400.0,38000.0,50400.0,57200.0,59600.0,72100.0,53200.0,61650.0,14.8,1.2,59.9,38.6,0.2,48.6,9.8,57.3,92.1,7.9,91.8,0.4,5.0,22.4,3.3,3.5,18.9,250000.0,284400.0
J6V,J6V,QC,14621.0,,,44.0,42.1,18.1,63.2,18.7,2.6,81.1,18.9,49600.0,58700.0,42800.0,47200.0,47200.0,54200.0,71000.0,78400.0,105000.0,118600.0,87000.0,95400.0,4.4,1.1,46.4,52.2,0.4,62.2,22.0,68.4,94.1,5.8,90.5,4.0,3.8,30.8,15.4,18.1,14.8,400000.0,414000.0
J6W,J6W,QC,32422.0,,,42.8,41.5,17.4,64.6,18.0,2.4,64.8,35.2,43200.0,51850.0,38000.0,42640.0,38800.0,46600.0,60800.0,68000.0,83000.0,98800.0,71000.0,81300.0,8.2,0.5,53.7,45.5,0.3,56.4,15.9,66.8,94.0,6.0,89.0,5.7,3.4,30.0,10.1,14.6,14.8,348000.0,382400.0
J6X,J6X,QC,25257.0,,,43.6,42.3,17.8,62.8,19.4,2.5,77.0,23.0,46400.0,54000.0,40400.0,44200.0,41600.0,48240.0,61200.0,69000.0,95000.0,109200.0,81000.0,89400.0,4.8,0.5,52.9,46.3,0.3,60.2,17.4,68.6,94.2,5.8,90.9,5.0,2.1,30.6,12.3,16.0,12.4,352000.0,374800.0
J6Y,J6Y,QC,22926.0,,,38.4,36.7,23.2,65.8,10.9,2.9,84.9,15.1,50800.0,60200.0,43600.0,48200.0,46000.0,54650.0,69500.0,77600.0,112000.0,126600.0,94000.0,101400.0,4.2,1.0,47.5,51.1,0.5,62.6,19.8,74.5,94.3,5.7,92.4,4.0,1.7,33.0,14.5,20.5,12.8,400000.0,434800.0
J6Z,J6Z,QC,19627.0,,,42.0,40.5,19.1,64.6,16.3,2.6,85.1,14.9,48800.0,63700.0,42400.0,49320.0,43600.0,55500.0,68500.0,81900.0,101000.0,127500.0,85000.0,98900.0,5.5,1.6,37.4,60.7,0.3,65.8,27.5,69.5,93.1,6.9,92.3,3.7,1.7,31.3,13.1,12.9,11.8,400000.0,446800.0
J7A,J7A,QC,14187.0,,,46.0,42.9,17.5,62.5,20.0,2.7,88.2,11.8,50000.0,67300.0,42800.0,51500.0,43600.0,60900.0,82000.0,96400.0,120000.0,144200.0,98000.0,110400.0,5.0,3.7,25.4,70.3,0.6,70.8,34.8,64.8,93.5,6.4,88.1,6.8,2.7,30.7,13.1,10.4,11.9,552000.0,597500.0
J7B,J7B,QC,13068.0,,,43.2,39.6,17.6,70.7,11.7,2.9,86.8,13.2,52000.0,81600.0,44000.0,59650.0,47600.0,74300.0,88000.0,116200.0,145000.0,189000.0,116000.0,138200.0,4.2,2.2,28.2,69.0,0.6,67.8,33.4,71.2,94.4,5.7,92.7,3.8,1.0,29.8,12.2,12.2,14.4,600000.0,660000.0
J7C,J7C,QC,46679.0,,,41.6,40.2,18.6,65.8,15.6,2.6,75.5,24.5,47200.0,57500.0,40800.0,46280.0,42000.0,51600.0,66500.0,75800.0,98000.0,116200.0,83000.0,93500.0,5.4,1.4,42.9,55.3,0.5,61.6,21.7,70.7,94.4,5.6,91.3,4.4,2.5,28.8,11.5,12.2,13.0,400000.0,441200.0
J7E,J7E,QC,29356.0,,,44.4,44.4,15.6,59.6,24.8,2.1,47.2,52.8,40400.0,48920.0,36000.0,40920.0,32800.0,41360.0,54400.0,62750.0,65500.0,83400.0,57200.0,69800.0,11.5,6.8,41.6,49.7,1.9,55.9,17.7,64.3,91.8,8.2,85.6,5.0,6.2,26.2,8.5,6.7,20.2,348000.0,373200.0
J7G,J7G,QC,17310.0,,,42.0,41.1,16.6,67.7,15.6,2.4,69.9,30.1,44800.0,54950.0,39200.0,44560.0,39200.0,48080.0,61600.0,69900.0,88000.0,106500.0,74500.0,86400.0,6.9,1.6,41.4,56.4,0.6,60.1,19.6,69.8,93.8,6.1,91.8,3.1,3.3,27.0,12.2,13.0,13.6,400000.0,417600.0
J7H,J7H,QC,8185.0,,,42.8,41.9,16.9,65.2,17.9,2.3,54.0,46.0,45600.0,55450.0,39600.0,45120.0,39600.0,48960.0,64500.0,73900.0,85000.0,102700.0,72500.0,83500.0,6.9,3.8,38.6,56.3,1.3,59.7,20.6,67.8,92.8,7.2,91.6,2.3,3.3,27.7,10.0,11.1,22.9,400000.0,404000.0
J7J,J7J,QC,27644.0,,,39.2,38.8,19.0,67.3,13.7,2.4,66.0,34.0,46400.0,54500.0,40400.0,44320.0,41200.0,48680.0,62800.0,70100.0,91000.0,103600.0,76500.0,84300.0,6.4,1.2,49.9,48.5,0.4,60.3,16.3,73.0,94.2,5.8,94.4,1.7,2.2,27.8,7.1,9.2,14.3,400000.0,432000.0
J7K,J7K,QC,36960.0,,,40.4,39.8,20.0,63.4,16.5,2.5,74.2,25.8,47200.0,53700.0,41200.0,44240.0,43600.0,49320.0,62400.0,68700.0,90000.0,102500.0,76000.0,84500.0,5.7,0.5,54.0,45.3,0.2,58.9,15.6,71.0,94.9,5.1,92.8,2.6,2.6,30.7,7.8,10.4,12.8,340000.0,353600.0
J7L,J7L,QC,14223.0,,,40.4,40.2,19.3,64.7,16.0,2.7,81.6,18.4,45600.0,55250.0,40000.0,44920.0,41200.0,48960.0,62000.0,68600.0,99000.0,113800.0,84000.0,92500.0,5.2,0.7,52.6,46.5,0.3,59.4,15.3,71.4,95.1,4.9,93.5,3.0,1.7,31.7,6.9,8.1,11.3,352000.0,408400.0
J7M,J7M,QC,24708.0,,,37.2,36.5,23.0,66.4,10.6,2.8,81.4,18.6,42800.0,47560.0,37600.0,39960.0,37200.0,42080.0,54000.0,57950.0,91000.0,99000.0,78500.0,83300.0,6.1,0.5,63.7,35.5,0.3,51.2,8.1,72.4,93.8,6.2,91.5,4.7,2.1,36.6,12.7,19.9,12.3,300000.0,303200.0
J7N,J7N,QC,33449.0,,,35.6,36.6,22.0,66.3,11.7,2.5,66.2,33.8,46400.0,52350.0,40800.0,42920.0,40000.0,45600.0,58400.0,63800.0,89000.0,99700.0,75500.0,81800.0,6.9,0.6,54.8,44.4,0.2,57.8,13.2,74.3,94.9,5.1,95.5,0.9,2.4,30.3,4.2,4.4,13.1,356000.0,397600.0
J7P,J7P,QC,25226.0,,,44.4,43.1,16.7,61.9,21.4,2.3,68.4,31.6,41600.0,48520.0,36800.0,40480.0,36400.0,42840.0,57200.0,64200.0,77000.0,91100.0,67000.0,76100.0,8.6,1.9,46.6,51.0,0.5,54.1,14.3,63.8,94.0,6.0,90.6,3.9,3.4,26.2,10.1,10.7,15.1,344000.0,352800.0
J7R,J7R,QC,37992.0,,,43.6,42.6,17.4,63.2,19.5,2.4,70.7,29.3,43600.0,51450.0,38000.0,42440.0,39600.0,45680.0,60400.0,67000.0,85000.0,97900.0,73000.0,80800.0,7.7,2.8,42.3,54.5,0.5,60.1,18.6,67.3,93.8,6.2,88.7,5.5,3.4,29.1,11.2,11.4,14.4,340000.0,347200.0
J7T,J7T,QC,29584.0,,,40.8,39.1,20.0,66.6,13.5,2.8,91.8,8.2,48400.0,61000.0,42000.0,48280.0,44000.0,55750.0,71500.0,83100.0,115000.0,131600.0,95000.0,104300.0,4.5,10.8,19.5,69.1,0.6,62.9,24.8,72.5,94.4,5.7,94.3,1.7,1.5,29.7,10.7,10.0,12.0,476000.0,514500.0
J7V,J7V,QC,69657.0,,,42.0,40.8,18.7,64.3,17.0,2.5,75.5,24.5,44800.0,53450.0,39200.0,43600.0,40800.0,48760.0,61600.0,71300.0,91000.0,105000.0,77500.0,85700.0,6.7,12.1,18.8,68.0,1.1,60.3,24.4,69.3,93.2,6.8,91.9,3.5,2.3,28.5,20.8,23.5,15.8,400000.0,456800.0
J7W,J7W,QC,14751.0,,,42.4,40.8,19.3,63.8,16.9,2.6,87.6,12.4,44800.0,52950.0,39200.0,43280.0,42000.0,49160.0,63200.0,72200.0,95000.0,107800.0,81000.0,88100.0,5.5,14.2,14.4,70.6,0.7,60.6,24.0,68.9,91.9,8.1,91.8,3.8,1.4,29.2,18.5,17.3,12.7,400000.0,424800.0
J7X,J7X,QC,5643.0,,,38.8,38.8,19.5,66.2,14.3,2.3,66.9,33.1,45200.0,49360.0,39200.0,41240.0,38800.0,43160.0,56400.0,61200.0,79500.0,90900.0,68000.0,75900.0,6.9,1.6,47.8,50.5,0.1,55.5,12.7,71.2,96.1,4.0,96.9,0.5,1.3,26.6,2.7,2.2,10.2,302000.0,329600.0
J7Y,J7Y,QC,27006.0,,,48.4,46.6,13.6,58.7,27.8,2.0,43.3,56.7,36400.0,42760.0,32400.0,36560.0,31200.0,37480.0,48400.0,56000.0,56800.0,70400.0,50400.0,60250.0,15.8,0.5,61.4,37.9,0.3,50.8,10.2,57.3,92.5,7.5,89.3,2.9,5.8,25.2,5.6,5.7,25.2,276000.0,298000.0
J7Z,J7Z,QC,30230.0,,,47.6,46.0,13.8,59.8,26.4,2.0,43.8,56.2,34800.0,41240.0,31600.0,35400.0,30000.0,36440.0,48800.0,55150.0,54800.0,67700.0,49200.0,58200.0,17.8,0.4,63.6,35.6,0.4,49.7,10.4,56.0,91.5,8.5,88.6,3.4,5.4,25.7,5.4,6.3,22.2,260000.0,275200.0
J8A,J8A,QC,10669.0,,,44.4,42.2,16.6,66.9,16.5,2.3,84.6,15.4,44000.0,52700.0,38800.0,42640.0,37600.0,45800.0,56400.0,67700.0,84000.0,98500.0,71000.0,79600.0,8.1,0.7,51.6,47.7,0.0,62.8,15.8,67.7,92.8,7.2,96.9,0.8,0.8,34.1,4.3,1.6,13.6,324000.0,374000.0
J8B,J8B,QC,14012.0,,,53.6,48.4,12.5,60.1,27.4,2.0,69.0,31.0,40400.0,52050.0,35600.0,42760.0,29600.0,41920.0,59200.0,70100.0,69000.0,89800.0,60000.0,73700.0,12.7,1.3,41.0,57.6,0.1,62.6,22.0,59.8,91.0,9.0,91.6,1.7,3.9,30.0,6.5,2.5,20.4,324000.0,378400.0
J8C,J8C,QC,11667.0,,,55.2,49.5,12.2,56.8,30.9,2.0,59.0,41.0,35200.0,44760.0,31800.0,37400.0,27800.0,37480.0,48000.0,55750.0,59200.0,76000.0,52400.0,63400.0,16.1,1.4,56.7,41.8,0.0,53.4,16.0,54.6,90.9,9.3,91.3,0.0,7.1,21.1,4.5,2.0,21.9,280000.0,335600.0
J8E,J8E,QC,11046.0,,,53.6,48.8,11.8,59.7,28.6,2.0,61.0,39.0,40400.0,56400.0,35600.0,44280.0,28800.0,45560.0,55200.0,75800.0,68000.0,95500.0,58800.0,75000.0,12.8,2.0,43.0,54.9,0.1,58.6,21.6,58.9,87.1,12.9,87.1,3.0,6.4,20.4,5.3,2.9,15.4,348000.0,457200.0
J8G,J8G,QC,8209.0,,,50.8,46.3,13.8,62.2,24.0,2.1,80.9,19.1,36000.0,45400.0,32400.0,38000.0,29400.0,39160.0,52800.0,59100.0,64500.0,79700.0,57600.0,66700.0,14.4,7.4,40.4,52.0,0.1,49.9,10.8,58.3,89.5,10.5,95.2,0.3,2.6,29.1,4.5,1.1,12.3,226000.0,272400.0
J8H,J8H,QC,15142.0,,,51.6,47.6,13.7,57.7,28.7,2.0,53.8,46.2,34400.0,42440.0,31400.0,35960.0,29600.0,37840.0,48400.0,56800.0,57200.0,72200.0,51200.0,61200.0,17.9,3.7,50.5,45.7,0.1,44.8,8.6,53.4,92.1,7.9,93.1,0.6,4.0,27.0,2.4,1.4,17.4,250000.0,273600.0
J8L,J8L,QC,20056.0,,,43.6,42.3,17.6,63.0,19.4,2.3,70.2,29.8,43600.0,50240.0,38000.0,41680.0,39200.0,45160.0,59600.0,63700.0,79500.0,94200.0,68000.0,78200.0,11.1,3.8,38.1,58.0,0.1,53.8,13.5,63.0,93.1,6.9,90.7,3.8,3.1,29.1,2.1,2.3,15.5,300000.0,326000.0
J8M,J8M,QC,13157.0,,,36.0,36.9,21.3,67.2,11.5,2.5,74.7,25.3,47600.0,50960.0,41200.0,42400.0,42400.0,46000.0,58800.0,63250.0,91000.0,98700.0,77000.0,82100.0,6.7,1.9,40.7,57.3,0.1,53.6,11.0,72.0,93.6,6.4,91.2,4.6,2.2,28.2,3.7,5.7,10.5,270000.0,285200.0
J8N,J8N,QC,13833.0,,,41.2,40.0,19.0,67.7,13.3,2.5,86.2,13.8,50400.0,56300.0,43200.0,45560.0,46800.0,51500.0,65000.0,70400.0,100000.0,109800.0,83000.0,89000.0,7.0,6.2,31.5,62.3,0.1,56.2,15.7,68.6,94.1,5.9,94.2,2.5,1.5,35.1,3.4,2.6,12.8,348000.0,377600.0
J8P,J8P,QC,35320.0,,,40.8,41.0,17.7,64.8,17.5,2.2,58.9,41.1,43200.0,47720.0,38000.0,40200.0,38400.0,42440.0,57600.0,59950.0,74500.0,84700.0,64000.0,71400.0,10.5,4.0,34.9,60.8,0.3,50.1,13.4,63.9,91.3,8.7,85.8,9.4,2.7,26.5,8.6,10.7,16.0,300000.0,296400.0
J8R,J8R,QC,28947.0,,,38.8,37.7,20.3,68.9,10.7,2.6,79.0,21.0,54000.0,58000.0,45600.0,47000.0,50400.0,52400.0,69500.0,72400.0,107000.0,117800.0,89000.0,95600.0,4.5,3.0,31.2,65.5,0.3,59.4,21.8,71.7,92.6,7.4,87.4,7.0,2.5,25.4,9.3,11.2,8.7,348000.0,360800.0
J8T,J8T,QC,37832.0,,,47.2,45.1,14.1,61.9,24.0,2.1,58.8,41.2,42000.0,49280.0,36800.0,40840.0,36400.0,43560.0,60000.0,66100.0,71000.0,85600.0,60800.0,71000.0,12.4,5.4,30.4,63.3,0.9,52.3,20.6,58.0,87.9,12.1,81.0,10.5,5.5,22.9,15.6,18.1,15.7,300000.0,320000.0
J8V,J8V,QC,27274.0,,,41.6,39.8,19.2,66.7,14.0,2.6,88.4,11.6,58400.0,65200.0,48400.0,51600.0,54800.0,59300.0,78000.0,82900.0,122000.0,134800.0,99000.0,106700.0,3.5,4.7,25.4,69.7,0.3,67.2,32.2,69.5,93.3,6.7,89.3,5.0,3.2,26.4,9.9,10.1,8.5,400000.0,430000.0
J8X,J8X,QC,11782.0,,,38.8,44.3,10.4,66.9,22.7,1.7,18.8,81.2,36400.0,45200.0,32800.0,38040.0,32800.0,41880.0,59600.0,62150.0,53600.0,65600.0,47200.0,55250.0,25.8,17.8,19.5,61.2,1.3,57.4,36.1,65.8,87.3,12.7,58.5,21.4,13.3,26.2,23.3,31.0,27.2,300000.0,368000.0
J8Y,J8Y,QC,23803.0,,,42.0,43.3,13.7,65.8,20.6,1.9,38.2,61.8,39200.0,45760.0,34800.0,38560.0,33600.0,41200.0,58800.0,62500.0,58800.0,72600.0,51200.0,61250.0,18.1,8.9,26.9,63.2,1.0,58.1,29.4,62.6,87.1,12.9,68.3,18.4,9.1,23.8,20.7,26.5,22.5,324000.0,338000.0
J8Z,J8Z,QC,14814.0,,,40.4,40.9,15.2,68.0,16.8,2.0,45.0,55.0,44400.0,54200.0,38800.0,44080.0,36400.0,48160.0,68500.0,76800.0,69000.0,89000.0,59200.0,72400.0,14.6,8.6,23.8,66.8,0.9,64.5,34.3,64.0,89.8,10.2,78.8,13.4,4.4,22.9,19.8,26.9,17.5,348000.0,378800.0
J9A,J9A,QC,22508.0,,,38.4,38.6,18.1,69.1,12.9,2.2,59.8,40.2,55200.0,63850.0,46400.0,50520.0,52000.0,59100.0,76500.0,83100.0,92000.0,111900.0,76000.0,88600.0,7.2,10.0,18.8,70.2,1.0,73.6,46.7,71.5,91.5,8.5,74.8,13.8,5.0,25.6,22.4,26.2,14.9,360000.0,387600.0
J9B,J9B,QC,7999.0,,,43.6,40.5,19.8,64.8,15.5,2.6,92.1,7.9,66500.0,79900.0,54000.0,59400.0,62800.0,75200.0,96000.0,110900.0,146000.0,164200.0,115000.0,122400.0,4.4,20.8,8.2,70.8,0.2,75.5,50.7,69.2,93.9,6.1,89.8,1.6,3.4,25.2,9.3,5.6,10.6,600000.0,634000.0
J9E,J9E,QC,7664.0,,,51.2,47.1,14.0,59.0,27.0,2.0,67.2,32.8,33200.0,39960.0,30800.0,35160.0,28600.0,35360.0,48800.0,52650.0,52800.0,66100.0,48400.0,58150.0,21.8,11.3,52.7,36.0,0.0,50.0,9.3,53.0,89.7,10.3,92.7,0.7,4.2,17.7,1.4,1.0,12.0,150000.0,161600.0
J9H,J9H,QC,32921.0,,,40.8,40.7,19.3,62.8,17.9,2.4,68.6,31.4,49600.0,57950.0,42800.0,46960.0,47200.0,52800.0,70000.0,75800.0,89000.0,105300.0,74500.0,85400.0,7.9,18.4,12.6,68.4,0.7,63.3,32.6,66.1,91.2,8.8,79.3,11.6,4.8,28.7,16.2,19.1,15.8,348000.0,387200.0
J9J,J9J,QC,41342.0,,,34.8,34.2,24.6,67.1,8.3,2.6,68.4,31.6,58800.0,64800.0,49600.0,51600.0,56000.0,59350.0,76000.0,82100.0,108000.0,123300.0,89000.0,98300.0,5.8,12.8,17.7,68.5,1.0,70.8,41.7,76.3,91.7,8.3,83.2,11.2,2.4,28.6,23.3,29.8,13.8,420000.0,455200.0
J9L,J9L,QC,14164.0,,,48.8,46.1,14.3,59.6,26.2,2.1,62.3,37.7,35600.0,42400.0,32400.0,36160.0,31800.0,38120.0,49200.0,56450.0,57600.0,72800.0,52400.0,62100.0,16.2,0.1,79.1,20.7,0.0,51.4,12.7,58.7,93.1,6.9,90.6,0.3,7.1,16.7,1.2,1.0,11.7,200000.0,221400.0
J9P,J9P,QC,33008.0,,,42.8,42.3,17.3,63.0,19.7,2.1,61.2,38.8,44400.0,56700.0,38800.0,45680.0,42800.0,55250.0,64000.0,77400.0,75500.0,98700.0,64500.0,79500.0,11.1,0.9,63.7,35.3,0.1,53.0,14.4,66.1,95.4,4.6,89.5,0.4,5.6,17.0,2.3,3.6,12.2,280000.0,302000.0
J9T,J9T,QC,13221.0,,,43.6,43.1,16.4,61.7,21.9,2.1,59.0,41.0,42800.0,51450.0,38000.0,42280.0,38800.0,47200.0,57600.0,66700.0,71500.0,89900.0,61600.0,73900.0,11.8,0.6,73.2,26.1,0.1,54.4,13.7,65.7,93.6,6.4,85.4,0.8,10.8,17.0,1.5,2.4,13.0,240000.0,249400.0
J9V,J9V,QC,3409.0,,,52.0,47.8,15.1,55.0,29.9,2.1,67.5,32.5,39600.0,48160.0,35200.0,40560.0,38800.0,44320.0,57200.0,63600.0,63600.0,80600.0,56400.0,67900.0,13.2,0.2,66.5,33.0,0.5,57.2,16.9,56.9,93.1,6.9,83.3,0.0,13.3,17.8,2.7,3.4,9.9,224000.0,233200.0
J9X,J9X,QC,22993.0,,,44.4,44.4,14.3,61.8,23.9,1.9,45.6,54.4,40800.0,50520.0,36000.0,41320.0,36000.0,45880.0,55600.0,65400.0,61200.0,81500.0,53200.0,66700.0,14.5,0.5,60.4,39.1,0.0,57.6,18.8,62.6,95.3,4.7,79.4,1.7,14.4,16.4,2.7,4.1,14.4,276000.0,281600.0
J9Y,J9Y,QC,10755.0,,,38.8,38.3,21.3,65.8,12.9,2.6,91.1,8.9,51200.0,59950.0,44000.0,47880.0,47600.0,56150.0,67000.0,74600.0,110000.0,120100.0,90000.0,95900.0,4.7,0.2,66.9,33.0,0.0,61.6,14.9,71.9,95.8,4.2,93.2,0.4,1.9,23.0,1.1,0.6,6.0,300000.0,296800.0
J9Z,J9Z,QC,7411.0,,,50.4,47.1,13.6,58.1,28.3,2.0,62.8,37.2,37200.0,46440.0,33200.0,38440.0,37600.0,46760.0,56000.0,63500.0,60000.0,79300.0,53200.0,65700.0,16.8,0.4,81.1,18.5,0.0,50.0,10.2,56.8,94.2,6.0,80.8,5.1,8.3,21.7,0.8,1.0,14.3,190000.0,203600.0
K0A,K0A,ON,111626.0,,,44.0,42.1,17.6,64.1,18.3,2.6,86.9,13.1,53200.0,63850.0,46400.0,52150.0,50000.0,58800.0,74500.0,83500.0,115000.0,133000.0,98000.0,108700.0,4.8,56.6,2.8,40.4,0.2,59.5,23.2,67.7,93.5,6.5,93.6,1.0,2.9,31.0,7.0,4.5,12.7,548000.0,590500.0
K0B,K0B,ON,21020.0,,,50.4,46.1,13.8,62.2,24.0,2.3,80.1,19.9,40400.0,47760.0,36400.0,40840.0,36400.0,42560.0,56800.0,61950.0,79000.0,92800.0,70500.0,79400.0,10.9,19.5,13.0,67.2,0.2,49.0,13.8,60.5,93.2,6.7,93.5,0.8,3.7,30.5,4.9,2.3,15.5,300000.0,368000.0
K0C,K0C,ON,52838.0,,,48.4,45.1,15.7,60.4,23.9,2.4,81.9,18.1,42400.0,49920.0,38000.0,42560.0,38400.0,44840.0,58800.0,64800.0,84000.0,97800.0,74500.0,83500.0,9.8,60.4,1.7,37.8,0.1,51.1,13.6,61.1,92.4,7.6,93.5,0.4,4.3,28.6,5.7,2.4,13.3,348000.0,378000.0
K0E,K0E,ON,39649.0,,,49.6,45.8,14.6,60.9,24.5,2.4,84.1,15.9,40800.0,49680.0,36800.0,42280.0,36000.0,43200.0,58000.0,65000.0,83000.0,98700.0,73500.0,84000.0,9.7,89.3,0.0,10.6,0.1,52.1,13.3,58.6,90.4,9.6,95.9,0.2,2.4,29.7,5.7,1.7,13.7,348000.0,394800.0
K0G,K0G,ON,39862.0,,,50.4,46.0,14.7,60.3,25.1,2.4,87.6,12.4,45200.0,54500.0,40400.0,45680.0,39200.0,47960.0,64500.0,71600.0,94000.0,108900.0,82000.0,91300.0,7.7,82.6,0.1,17.3,0.1,57.6,19.8,59.7,91.8,8.2,94.2,0.3,3.2,32.3,6.6,2.1,14.2,452000.0,511600.0
K0H,K0H,ON,47286.0,,,51.2,46.7,13.7,61.0,25.4,2.4,90.5,9.5,43600.0,54750.0,39200.0,45720.0,36400.0,47960.0,64000.0,75500.0,92000.0,110300.0,81000.0,92100.0,8.3,92.0,0.0,7.9,0.1,54.8,18.4,56.9,90.0,9.9,94.6,0.7,2.6,29.6,6.5,2.1,13.3,448000.0,514000.0
K0J,K0J,ON,34322.0,,,52.4,47.3,14.1,58.3,27.6,2.3,86.8,13.2,38800.0,48240.0,35600.0,41160.0,33200.0,42680.0,60000.0,68400.0,76000.0,90900.0,68000.0,77600.0,12.6,90.5,0.1,9.2,0.2,50.6,15.2,52.8,90.2,9.8,92.3,0.4,4.9,28.7,6.6,3.0,12.9,300000.0,372000.0
K0K,K0K,ON,115850.0,,,50.8,46.6,14.1,60.0,25.9,2.4,85.9,14.1,40000.0,50040.0,36400.0,42200.0,33600.0,42760.0,58800.0,67400.0,83000.0,100700.0,74000.0,85000.0,9.8,94.1,0.0,5.7,0.2,51.5,15.1,55.7,90.3,9.7,94.9,0.3,3.1,28.9,8.2,3.2,15.4,500000.0,560000.0
K0L,K0L,ON,78142.0,,,54.0,48.2,13.1,58.1,28.8,2.3,87.8,12.2,39200.0,49680.0,35600.0,42120.0,31200.0,42560.0,59200.0,69900.0,79000.0,97500.0,70500.0,82600.0,10.9,95.2,0.0,4.6,0.2,51.3,15.4,52.7,88.8,11.2,93.9,0.6,3.5,31.1,7.7,2.7,15.8,500000.0,604500.0
K0M,K0M,ON,53815.0,,,56.8,50.4,11.2,56.5,32.3,2.2,88.2,11.8,39200.0,51650.0,35600.0,42960.0,29400.0,44200.0,58800.0,74300.0,80000.0,100900.0,71000.0,83900.0,10.8,95.5,0.0,4.3,0.2,49.6,15.0,50.9,89.0,11.0,94.0,0.3,3.3,33.5,8.2,2.4,17.3,600000.0,651000.0
K1A,K1A,ON,594.0,,,72.0,65.0,1.7,32.8,64.7,1.6,0.0,100.0,47600.0,51000.0,42400.0,43000.0,15100.0,28400.0,,110000.0,73500.0,76000.0,65000.0,64000.0,10.4,41.2,2.5,56.3,0.0,50.5,26.3,21.0,71.4,23.8,66.7,0.0,33.3,25.4,8.9,9.9,62.1,,
K1B,K1B,ON,17769.0,,,40.4,41.5,16.1,65.3,18.7,2.5,66.9,33.1,45600.0,54500.0,40800.0,46360.0,40800.0,48600.0,65500.0,73300.0,96000.0,110800.0,83000.0,94300.0,7.8,53.2,2.7,42.8,1.4,59.9,32.1,64.6,89.8,10.2,75.8,14.9,5.3,23.3,24.8,31.2,17.0,480000.0,502800.0
K1C,K1C,ON,37235.0,,,46.0,44.2,15.5,61.4,23.1,2.6,83.6,16.4,55200.0,64800.0,47600.0,53150.0,48000.0,57400.0,78500.0,88700.0,117000.0,135200.0,99000.0,111000.0,4.2,44.4,2.7,52.3,0.7,66.1,38.2,60.5,90.2,9.8,81.7,9.7,4.4,24.8,18.9,23.8,12.6,572000.0,577500.0
K1E,K1E,ON,14508.0,,,46.8,44.7,14.6,61.8,23.6,2.5,87.7,12.3,52400.0,57850.0,46000.0,48640.0,48000.0,52400.0,71000.0,77400.0,110000.0,119600.0,94000.0,100600.0,4.1,47.2,2.5,49.9,0.6,60.4,26.5,58.9,91.1,8.9,83.6,8.3,3.7,25.6,16.1,17.3,13.1,500000.0,525500.0
K1G,K1G,ON,35074.0,,,38.8,41.6,14.2,67.1,18.7,2.3,50.5,49.5,42000.0,53400.0,38400.0,44800.0,38000.0,49280.0,68000.0,77200.0,83000.0,100800.0,73000.0,84700.0,14.0,60.1,2.0,36.0,1.8,61.6,38.5,62.1,87.4,12.6,71.0,15.8,8.1,23.7,31.6,44.0,23.8,600000.0,589000.0
K1H,K1H,ON,16306.0,,,44.0,43.7,15.4,61.8,22.9,2.3,62.5,37.5,53200.0,75200.0,46400.0,58750.0,49600.0,69600.0,89000.0,104700.0,103000.0,140600.0,88000.0,109900.0,10.5,54.3,1.2,42.9,1.6,69.7,51.5,60.9,90.9,9.1,71.6,12.6,8.8,22.4,23.0,26.0,19.2,775000.0,807000.0
K1J,K1J,ON,28268.0,,,41.6,42.0,16.4,63.4,20.1,2.5,67.0,33.0,46000.0,58400.0,41200.0,48800.0,40400.0,51350.0,71000.0,78600.0,94000.0,115300.0,82000.0,96400.0,10.6,50.1,3.4,44.9,1.7,62.1,37.9,60.4,88.5,11.4,70.6,17.8,7.1,25.3,30.2,38.7,19.1,500000.0,558500.0
K1K,K1K,ON,32046.0,,,42.4,42.9,14.9,64.7,20.4,2.2,40.9,59.1,40800.0,51800.0,37200.0,43920.0,36400.0,47640.0,67500.0,75800.0,73500.0,90700.0,65000.0,77000.0,17.2,45.6,5.3,47.6,1.6,58.1,34.1,57.2,87.1,12.8,67.8,18.4,7.6,25.2,28.9,37.4,23.9,500000.0,572000.0
K1L,K1L,ON,18213.0,,,41.2,43.2,11.3,68.8,19.9,1.8,32.9,67.1,39600.0,51800.0,36000.0,43880.0,36800.0,47080.0,63200.0,72100.0,63200.0,81900.0,56000.0,69400.0,19.0,44.8,4.4,49.5,1.3,59.0,33.8,61.0,87.5,12.5,62.2,19.0,12.2,25.8,21.6,27.9,32.5,480000.0,568000.0
K1M,K1M,ON,6764.0,,,50.0,47.8,12.1,59.0,28.8,2.1,58.6,41.4,72500.0,113600.0,60000.0,82000.0,62400.0,103000.0,100000.0,156200.0,128000.0,203000.0,105000.0,147000.0,6.9,45.5,0.7,53.6,0.4,79.6,67.7,60.4,92.3,7.6,63.5,8.4,16.4,22.8,23.6,15.8,19.3,900000.0,1222000.0
K1N,K1N,ON,26639.0,,,34.0,39.7,8.6,75.4,16.0,1.8,24.1,75.9,38800.0,55450.0,35600.0,46080.0,32400.0,49600.0,72500.0,85400.0,64000.0,84600.0,56800.0,70400.0,22.4,48.3,3.4,47.4,0.9,68.4,50.8,66.5,84.6,15.4,39.1,22.7,29.3,25.3,25.1,34.2,34.7,600000.0,634500.0
K1P,K1P,ON,645.0,,,32.4,35.6,3.1,94.6,3.1,1.5,45.2,54.8,63600.0,84800.0,54800.0,66400.0,64500.0,80800.0,89000.0,98800.0,87000.0,110000.0,73500.0,86400.0,12.8,56.6,0.0,43.4,0.0,87.0,73.0,89.4,96.0,5.0,36.4,15.2,42.4,20.2,26.3,34.2,31.0,412000.0,480000.0
K1R,K1R,ON,20343.0,,,36.0,40.3,8.3,77.9,13.8,1.7,30.6,69.4,48800.0,60850.0,43200.0,50200.0,52000.0,59800.0,76000.0,86000.0,74000.0,93500.0,64500.0,77200.0,16.3,57.6,0.9,38.6,2.8,73.0,54.6,73.0,88.5,11.5,42.5,17.9,31.0,23.4,24.3,30.0,30.1,532000.0,589000.0
K1S,K1S,ON,31257.0,,,39.2,41.3,12.2,69.8,18.0,2.1,51.3,48.7,60400.0,86900.0,51600.0,65600.0,53200.0,78500.0,93000.0,118500.0,106000.0,155600.0,90000.0,117800.0,9.7,54.4,0.7,44.3,0.6,76.8,64.4,68.9,89.8,10.2,56.0,13.2,20.0,22.4,18.2,20.2,24.9,900000.0,1023000.0
K1T,K1T,ON,40054.0,,,36.0,37.1,19.9,68.6,11.5,2.9,73.3,26.7,44000.0,55450.0,40000.0,46720.0,42400.0,51850.0,72000.0,78200.0,107000.0,122200.0,93000.0,103000.0,9.9,63.5,1.0,33.0,2.5,59.7,36.2,66.4,88.2,11.8,82.8,8.7,3.3,24.4,37.2,52.7,19.9,600000.0,613000.0
K1V,K1V,ON,57157.0,,,38.0,39.5,17.7,65.7,16.6,2.6,58.4,41.6,43600.0,57000.0,39200.0,47320.0,38800.0,52300.0,72000.0,83600.0,93000.0,114600.0,82000.0,95200.0,12.2,63.6,1.5,32.3,2.5,61.5,38.0,63.5,87.9,12.1,77.1,14.5,3.9,25.4,33.3,42.5,20.7,600000.0,608000.0
K1W,K1W,ON,13825.0,,,37.2,37.6,19.8,68.7,11.6,2.9,86.2,13.8,60800.0,70300.0,52400.0,56850.0,59200.0,66200.0,84000.0,93000.0,141000.0,158000.0,118000.0,127700.0,3.1,40.2,3.2,55.5,1.1,70.0,42.8,74.1,92.1,7.9,88.2,6.5,2.2,24.6,29.7,42.4,13.8,680000.0,692000.0
K1X,K1X,ON,4594.0,,,34.8,34.8,23.0,68.2,8.8,3.0,82.6,17.4,57600.0,64800.0,49600.0,53400.0,60000.0,63300.0,79000.0,84000.0,133000.0,139800.0,112000.0,115200.0,5.8,68.3,0.7,28.1,2.8,70.5,45.2,77.8,91.2,8.8,93.0,3.0,1.1,26.8,38.9,56.4,22.0,800000.0,802000.0
K1Y,K1Y,ON,20712.0,,,40.0,41.5,13.9,69.1,17.0,2.0,51.4,48.6,63200.0,88400.0,54000.0,68200.0,63200.0,85800.0,87000.0,118300.0,99000.0,148000.0,84000.0,114200.0,8.7,53.8,0.5,44.8,1.0,77.7,62.0,70.6,91.9,8.1,54.4,16.8,17.7,22.4,16.4,17.9,21.1,800000.0,860000.0
K1Z,K1Z,ON,22714.0,,,38.4,40.1,15.6,69.1,15.3,2.1,37.4,62.6,45600.0,63600.0,41200.0,51550.0,46800.0,62150.0,77500.0,90100.0,77000.0,105600.0,67500.0,85600.0,16.2,63.6,1.6,33.4,1.5,65.8,43.7,65.5,88.8,11.2,67.8,17.6,7.9,23.7,25.2,32.5,23.1,695000.0,752000.0
K2A,K2A,ON,17156.0,,,47.2,45.5,14.2,61.6,24.2,2.2,59.6,40.4,58400.0,80700.0,50000.0,62650.0,56000.0,76300.0,97000.0,111500.0,105000.0,145600.0,90000.0,113000.0,7.7,60.8,0.4,37.6,1.2,70.9,52.4,61.2,90.2,9.7,69.5,14.4,10.1,22.6,19.4,18.2,22.4,850000.0,943000.0
K2B,K2B,ON,33254.0,,,39.6,42.2,14.7,64.7,20.6,2.2,36.0,64.0,39600.0,50600.0,36000.0,42480.0,35200.0,46800.0,64500.0,75100.0,72000.0,89400.0,63600.0,75100.0,15.5,71.8,1.3,24.7,2.2,61.5,36.4,59.7,86.4,13.6,68.3,21.3,6.1,26.9,32.4,41.2,27.7,460000.0,539500.0
K2C,K2C,ON,29359.0,,,38.0,41.5,12.9,68.6,18.5,2.3,54.9,45.1,43200.0,56150.0,38800.0,46680.0,38800.0,51160.0,70000.0,79700.0,86000.0,107100.0,75500.0,89100.0,10.8,68.9,0.7,28.7,1.7,63.9,38.8,66.6,88.0,12.0,75.1,15.8,5.1,24.1,26.5,33.5,23.9,600000.0,633500.0
K2E,K2E,ON,20172.0,,,40.0,42.7,15.6,62.1,22.3,2.4,55.6,44.4,43600.0,56250.0,39200.0,47160.0,36800.0,50480.0,69000.0,79700.0,89000.0,110100.0,78500.0,92300.0,12.3,70.2,0.7,26.7,2.4,62.0,37.5,59.5,88.3,11.7,76.2,13.7,5.2,24.5,31.1,37.2,24.1,650000.0,664000.0
K2G,K2G,ON,50692.0,,,40.0,40.6,15.6,67.8,16.6,2.8,72.4,27.6,46800.0,60400.0,41600.0,49720.0,43200.0,56250.0,75500.0,86500.0,114000.0,134800.0,98000.0,111000.0,6.9,68.9,0.4,28.8,1.9,64.4,39.8,65.6,89.4,10.6,78.4,13.7,4.3,25.5,28.4,36.8,17.6,650000.0,660000.0
K2H,K2H,ON,26759.0,,,46.4,45.3,14.5,61.5,24.1,2.4,76.4,23.6,51200.0,62650.0,44800.0,51650.0,46400.0,57100.0,75500.0,85500.0,100000.0,122300.0,87000.0,100900.0,6.9,69.6,0.4,29.2,0.9,67.1,38.6,62.0,89.3,10.7,79.2,10.8,5.9,24.7,22.5,21.5,15.7,552000.0,592000.0
K2J,K2J,ON,81863.0,,,36.8,36.7,21.1,68.0,10.9,3.0,81.1,18.9,51600.0,62350.0,45600.0,51400.0,50800.0,59950.0,77000.0,86200.0,122000.0,138400.0,104000.0,114200.0,5.8,69.4,0.5,27.7,2.3,66.8,41.0,70.9,89.8,10.2,84.3,8.8,3.0,27.8,32.5,45.8,16.4,620000.0,651000.0
K2K,K2K,ON,24922.0,,,45.2,43.5,16.2,62.3,21.5,2.6,70.1,29.9,53200.0,70300.0,46800.0,55950.0,51200.0,68400.0,87000.0,103700.0,116000.0,143600.0,98000.0,114400.0,6.7,69.3,0.4,28.6,1.7,70.4,47.8,62.2,90.5,9.5,82.0,7.0,5.6,25.1,31.5,36.0,22.1,650000.0,691000.0
K2L,K2L,ON,18739.0,,,43.2,42.6,16.3,63.9,19.7,2.6,83.2,16.8,49600.0,58300.0,44000.0,48960.0,46400.0,54400.0,71000.0,78300.0,106000.0,119700.0,92000.0,100500.0,5.5,73.1,0.4,25.4,1.1,65.3,31.8,64.0,89.3,10.7,84.4,5.7,5.1,22.6,19.8,20.1,11.8,500000.0,526500.0
K2M,K2M,ON,28708.0,,,38.4,38.1,20.0,67.8,12.1,2.9,86.5,13.5,57200.0,68500.0,49600.0,55500.0,57600.0,66600.0,86000.0,94800.0,133000.0,150000.0,112000.0,121700.0,4.0,68.1,0.6,29.8,1.5,70.7,44.2,72.2,91.2,8.8,87.5,5.3,3.2,25.5,27.6,31.5,11.5,650000.0,665000.0
K2P,K2P,ON,18825.0,,,34.4,40.3,5.2,80.8,14.0,1.5,19.0,81.0,50400.0,77400.0,44400.0,60100.0,51200.0,78800.0,74500.0,119700.0,66500.0,104800.0,58000.0,81300.0,18.4,57.5,0.9,40.3,1.3,76.8,59.7,73.5,90.5,9.6,37.1,15.4,38.5,22.3,22.4,26.0,31.6,500000.0,630500.0
K2R,K2R,ON,1237.0,,,50.0,45.2,16.1,60.1,23.8,3.0,95.1,4.9,60400.0,120400.0,51600.0,82600.0,50000.0,92600.0,117000.0,150000.0,164000.0,289000.0,134000.0,198000.0,5.0,66.5,0.0,31.5,1.6,64.7,44.6,60.6,91.9,8.9,91.4,0.0,6.9,24.8,27.7,27.3,15.7,1200000.0,1248000.0
K2S,K2S,ON,38903.0,,,39.6,39.2,20.2,65.0,14.8,2.8,86.7,13.3,60000.0,72600.0,51600.0,58100.0,60000.0,70600.0,91000.0,102400.0,137000.0,156200.0,114000.0,125000.0,3.5,70.5,0.3,28.2,1.0,69.1,42.1,70.0,91.5,8.5,88.9,4.4,3.2,25.2,19.9,21.3,14.2,700000.0,724000.0
K2T,K2T,ON,11871.0,,,39.2,37.5,21.4,67.6,11.0,3.0,78.0,22.0,57600.0,72800.0,50000.0,58000.0,65500.0,75300.0,97000.0,106300.0,141000.0,159600.0,117000.0,127200.0,6.8,68.7,0.4,26.5,4.4,72.5,56.9,67.4,90.0,10.0,87.8,5.2,1.6,24.7,45.5,58.8,17.7,750000.0,778000.0
K2V,K2V,ON,10486.0,,,32.4,32.2,25.1,68.6,6.2,3.0,74.0,26.0,56800.0,66200.0,49600.0,54400.0,57600.0,65400.0,81000.0,89500.0,128000.0,140400.0,108000.0,115300.0,6.0,73.1,0.5,23.7,2.9,72.6,50.1,77.3,90.5,9.5,88.8,5.0,2.9,26.8,38.4,50.2,17.6,750000.0,746000.0
K2W,K2W,ON,8553.0,,,39.6,36.9,22.4,67.7,10.0,3.3,89.7,10.3,59200.0,79500.0,51200.0,61950.0,64000.0,80400.0,98000.0,117600.0,159000.0,194400.0,132000.0,151400.0,3.9,65.5,0.4,32.4,1.8,69.8,50.3,70.7,90.8,9.2,87.4,4.8,4.0,26.4,35.2,46.6,10.9,800000.0,831000.0
K4A,K4A,ON,62125.0,,,38.4,37.9,20.1,67.7,12.2,2.9,86.5,13.5,58000.0,65300.0,50000.0,53850.0,55200.0,60450.0,79500.0,86000.0,128000.0,143400.0,108000.0,118300.0,3.8,42.9,3.0,53.1,1.0,65.0,37.3,70.6,91.7,8.3,84.3,9.3,2.7,28.1,24.8,35.3,14.6,600000.0,625500.0
K4B,K4B,ON,4704.0,,,47.2,43.3,15.1,66.7,18.1,2.8,87.0,13.0,54000.0,63400.0,46400.0,52350.0,47600.0,55800.0,78000.0,81700.0,129000.0,141000.0,109000.0,116400.0,4.8,38.6,3.2,58.2,0.1,55.7,26.6,61.8,93.4,6.6,92.3,1.7,4.0,27.3,7.0,6.9,12.9,700000.0,741000.0
K4C,K4C,ON,4538.0,,,48.8,45.1,14.1,64.1,21.9,2.8,91.2,8.8,58000.0,71300.0,49600.0,57050.0,52800.0,64900.0,88000.0,96900.0,143000.0,162000.0,118000.0,129600.0,3.6,37.2,1.7,60.9,0.3,65.3,31.2,62.2,93.3,6.5,92.0,3.4,1.5,28.3,10.0,5.7,9.8,800000.0,805000.0
K4K,K4K,ON,16958.0,,,44.0,42.6,17.2,63.0,19.8,2.5,78.0,22.0,50800.0,57750.0,44800.0,48520.0,47200.0,52450.0,70000.0,75800.0,104000.0,116300.0,89000.0,97800.0,5.4,27.5,5.7,66.8,0.1,53.3,17.7,63.1,92.8,7.1,91.2,1.8,3.5,30.4,7.5,9.4,14.9,476000.0,494000.0
K4M,K4M,ON,14380.0,,,43.2,41.9,18.2,62.8,19.0,2.7,89.9,10.1,64000.0,92600.0,54400.0,70600.0,59200.0,87300.0,92000.0,113600.0,146000.0,199000.0,121000.0,151800.0,4.5,66.7,0.2,31.8,1.3,71.5,46.0,66.2,91.1,8.9,90.7,2.1,3.3,27.1,21.4,22.7,14.8,850000.0,982000.0
K4P,K4P,ON,10448.0,,,44.4,41.2,18.8,65.5,15.7,3.0,93.6,6.4,61200.0,77000.0,52000.0,60350.0,59200.0,72500.0,92000.0,106000.0,155000.0,177600.0,129000.0,139400.0,3.2,63.1,0.3,36.0,0.5,64.1,34.7,68.0,91.8,8.3,92.7,0.7,2.2,27.5,14.0,14.1,11.0,800000.0,846000.0
K4R,K4R,ON,8740.0,,,39.6,39.5,19.9,65.2,14.9,2.7,87.8,12.2,58000.0,64100.0,50400.0,53100.0,54800.0,59100.0,77500.0,82600.0,127000.0,135000.0,107000.0,111800.0,2.4,56.4,0.9,42.6,0.2,61.3,26.9,69.6,94.0,6.1,94.7,0.7,2.3,29.3,8.0,4.8,10.2,576000.0,584000.0
K6A,K6A,ON,12529.0,,,54.8,49.4,11.9,57.0,31.2,2.0,57.9,42.1,34800.0,43440.0,32400.0,37680.0,30600.0,39080.0,52800.0,63050.0,58000.0,74800.0,53200.0,64900.0,18.1,13.1,19.0,67.7,0.2,41.4,11.0,50.7,89.6,10.4,91.4,0.9,5.5,21.8,6.4,5.0,20.0,250000.0,286000.0
K6H,K6H,ON,30440.0,,,46.0,44.7,15.8,59.4,24.8,2.2,55.0,45.0,35600.0,42800.0,33200.0,37600.0,31400.0,37800.0,52400.0,59300.0,61200.0,75700.0,56400.0,66500.0,18.6,57.4,0.9,41.2,0.4,44.0,11.8,52.1,87.9,12.1,88.1,3.2,5.2,18.2,7.7,9.0,22.2,300000.0,328400.0
K6J,K6J,ON,17827.0,,,46.8,45.5,15.4,58.6,26.1,2.2,54.3,45.7,35200.0,41920.0,32800.0,36920.0,32000.0,37640.0,50400.0,56950.0,60400.0,73300.0,55200.0,64600.0,16.9,63.6,0.7,35.2,0.5,44.2,11.3,53.7,87.3,12.7,88.8,2.5,5.6,17.8,8.9,10.6,22.0,266000.0,284800.0
K6K,K6K,ON,3452.0,,,45.2,43.4,17.8,58.6,23.6,2.5,78.1,21.9,42400.0,49480.0,38400.0,42400.0,39600.0,43320.0,55600.0,63300.0,83000.0,98300.0,73500.0,84200.0,7.2,56.5,0.6,42.5,0.4,48.7,15.5,58.4,90.4,9.9,96.3,1.1,0.7,20.7,9.1,10.0,11.3,300000.0,344000.0
K6T,K6T,ON,690.0,,,49.2,45.4,13.8,63.8,22.5,2.6,96.3,3.7,47200.0,52800.0,41600.0,46000.0,42800.0,51800.0,58800.0,71000.0,108000.0,121000.0,94000.0,106000.0,4.4,88.4,0.0,10.9,0.0,55.6,11.9,64.3,93.8,6.2,98.5,0.0,0.0,16.6,7.1,0.0,7.4,400000.0,400000.0
K6V,K6V,ON,28174.0,,,52.0,48.3,11.9,58.7,29.4,2.1,63.5,36.5,38400.0,48280.0,34800.0,41360.0,31400.0,41240.0,57200.0,68100.0,68500.0,86000.0,62000.0,73800.0,12.9,89.3,0.1,10.3,0.2,52.3,17.0,53.5,86.7,13.3,90.0,0.8,6.3,18.9,9.9,5.6,20.2,324000.0,374000.0
K7A,K7A,ON,17575.0,,,46.8,44.6,15.8,60.3,23.9,2.3,71.8,28.2,40000.0,46640.0,36000.0,40480.0,34400.0,40960.0,56800.0,63550.0,74500.0,87500.0,67000.0,76000.0,11.8,89.5,0.1,10.3,0.1,47.2,11.6,57.4,90.5,9.4,91.0,0.3,7.0,27.5,6.0,3.5,19.7,356000.0,396000.0
K7C,K7C,ON,20382.0,,,44.0,42.8,16.8,63.2,20.0,2.4,79.4,20.6,48800.0,57650.0,43200.0,48160.0,44800.0,52850.0,69500.0,77300.0,99000.0,114000.0,85000.0,95300.0,6.0,80.4,0.1,19.3,0.1,59.0,21.5,64.6,92.6,7.4,90.8,0.6,5.8,26.9,7.6,5.2,18.7,500000.0,558500.0
K7G,K7G,ON,8740.0,,,54.4,49.5,11.7,58.0,30.4,2.2,74.4,25.6,41600.0,58200.0,37200.0,47160.0,33200.0,42200.0,58000.0,65900.0,77500.0,107400.0,69000.0,87100.0,10.2,90.7,0.2,9.1,0.1,55.5,20.5,56.1,88.3,11.6,89.1,0.0,8.7,24.3,8.2,2.3,19.2,400000.0,508000.0
K7H,K7H,ON,16175.0,,,55.6,50.0,11.9,55.4,32.7,2.2,75.7,24.3,42400.0,51800.0,38000.0,43600.0,33600.0,42400.0,58800.0,66000.0,82000.0,97000.0,72000.0,81600.0,9.7,88.7,0.0,11.3,0.1,56.2,19.0,53.3,89.6,10.3,90.3,0.5,6.7,25.6,6.0,1.9,16.2,448000.0,497200.0
K7K,K7K,ON,33705.0,,,37.2,40.2,15.0,68.7,16.3,2.1,43.6,56.4,37600.0,47400.0,34400.0,40920.0,32400.0,42760.0,60000.0,68700.0,67000.0,83000.0,60400.0,71700.0,16.1,83.9,0.3,15.1,0.6,54.7,27.0,60.9,85.0,14.9,76.4,7.3,12.1,18.9,10.4,11.8,27.3,424000.0,466400.0
K7L,K7L,ON,19621.0,,,40.0,43.3,9.3,67.3,23.4,2.0,45.6,54.4,39600.0,61900.0,36000.0,49400.0,25400.0,46640.0,69000.0,88000.0,72500.0,108800.0,64000.0,86800.0,15.8,82.1,0.1,17.4,0.4,64.8,44.1,60.1,83.8,16.1,64.0,5.6,23.4,19.0,12.9,14.7,33.7,650000.0,735000.0
K7M,K7M,ON,49268.0,,,44.4,44.8,13.3,62.2,24.5,2.2,57.1,42.9,41600.0,51450.0,37600.0,43880.0,33200.0,43120.0,60800.0,70400.0,77500.0,93700.0,69500.0,79900.0,10.1,87.5,0.0,11.9,0.6,59.9,28.8,58.3,87.6,12.4,83.9,8.0,4.5,19.3,15.0,13.4,24.0,448000.0,486400.0
K7N,K7N,ON,8395.0,,,41.2,41.5,18.9,61.0,20.1,2.5,75.2,24.8,46800.0,51950.0,42000.0,44600.0,42000.0,46200.0,64500.0,69400.0,91000.0,100800.0,80000.0,86600.0,7.2,87.7,0.2,12.0,0.1,55.0,15.4,62.3,89.6,10.4,93.5,2.2,2.7,23.5,8.0,4.9,18.1,400000.0,437200.0
K7P,K7P,ON,24660.0,,,41.2,41.1,18.1,63.6,18.3,2.6,76.7,23.3,49200.0,59250.0,43600.0,49400.0,43200.0,52100.0,70000.0,80000.0,105000.0,121800.0,91000.0,101600.0,4.7,87.1,0.2,12.0,0.8,62.2,30.2,64.9,89.3,10.7,91.5,3.3,3.2,19.9,17.3,17.1,17.0,528000.0,545000.0
K7R,K7R,ON,15480.0,,,50.4,47.5,13.4,58.4,28.2,2.3,70.5,29.5,38800.0,45880.0,35600.0,39640.0,33600.0,40040.0,60000.0,63600.0,77000.0,88600.0,69000.0,76600.0,11.3,93.6,0.0,6.3,0.1,49.7,13.0,53.7,90.8,9.2,94.8,0.2,3.3,24.7,6.1,2.9,19.9,400000.0,464400.0
K7S,K7S,ON,14265.0,,,48.0,45.6,15.2,59.4,25.4,2.3,71.2,28.8,42800.0,51850.0,38400.0,43680.0,38000.0,46520.0,62400.0,71400.0,83000.0,97500.0,73000.0,82100.0,10.3,87.8,0.0,12.0,0.2,53.4,15.9,58.2,91.1,8.9,90.9,0.0,6.3,29.3,6.5,3.5,16.5,400000.0,465600.0
K7V,K7V,ON,13943.0,,,52.0,47.7,13.3,58.4,28.3,2.2,70.6,29.4,38000.0,46360.0,34800.0,40120.0,34000.0,41920.0,56800.0,62850.0,70000.0,85200.0,63200.0,73700.0,13.3,91.3,0.0,8.6,0.1,46.4,11.7,54.2,90.5,9.5,92.0,0.0,5.5,24.5,3.7,1.2,16.7,320000.0,373200.0
K8A,K8A,ON,26392.0,,,45.6,44.6,15.3,61.0,23.7,2.3,70.3,29.7,40000.0,48440.0,36400.0,41640.0,37600.0,43760.0,60000.0,64900.0,75000.0,90300.0,67000.0,77700.0,12.0,85.5,0.2,14.2,0.1,49.5,13.3,56.5,89.3,10.7,90.7,0.1,6.2,20.5,4.3,3.0,17.2,300000.0,333600.0
K8B,K8B,ON,490.0,,,42.4,40.0,19.4,66.3,14.3,2.8,100.0,0.0,54800.0,71200.0,48400.0,58200.0,54400.0,72000.0,89000.0,93000.0,136000.0,150000.0,116000.0,122000.0,4.0,78.6,0.0,20.4,0.0,66.7,21.7,67.6,95.7,4.3,96.8,0.0,0.0,21.6,2.2,0.0,9.4,420000.0,410000.0
K8H,K8H,ON,16188.0,,,31.2,33.1,22.3,69.3,8.4,2.6,61.3,38.7,58400.0,58850.0,50800.0,49960.0,58800.0,57000.0,71000.0,73600.0,102000.0,111700.0,89000.0,94900.0,3.4,77.8,0.9,21.2,0.1,51.3,17.3,72.2,93.8,6.2,94.5,0.0,3.4,15.6,6.3,6.8,8.2,348000.0,377200.0
K8N,K8N,ON,30393.0,,,48.0,45.6,14.6,59.7,25.7,2.3,69.8,30.2,40800.0,52050.0,37200.0,43960.0,35600.0,46200.0,61200.0,73200.0,79000.0,98200.0,70500.0,82900.0,10.3,92.1,0.0,7.4,0.4,54.8,20.5,55.0,88.6,11.4,89.9,2.5,5.2,19.6,9.8,7.3,19.0,448000.0,501600.0
K8P,K8P,ON,23166.0,,,44.4,44.6,14.1,61.9,24.0,2.2,52.1,47.9,36000.0,43000.0,33200.0,37840.0,30800.0,38000.0,51600.0,59450.0,64500.0,78000.0,58800.0,68700.0,14.2,94.3,0.0,5.1,0.5,48.5,15.2,54.5,86.6,13.4,85.6,4.8,7.2,18.6,9.9,12.5,26.3,400000.0,407600.0
K8R,K8R,ON,2012.0,,,43.6,42.8,16.9,62.8,20.3,2.6,84.6,15.4,45200.0,49320.0,40400.0,42560.0,44800.0,46500.0,65500.0,72800.0,97000.0,109400.0,85000.0,94400.0,4.6,91.0,0.2,8.2,0.7,48.0,12.6,58.9,87.9,11.7,95.9,0.0,0.0,22.0,11.0,8.4,13.5,448000.0,472000.0
K8V,K8V,ON,28936.0,,,43.6,43.3,16.3,62.3,21.4,2.4,66.6,33.4,39600.0,46960.0,36000.0,40640.0,37600.0,43480.0,58000.0,63400.0,76500.0,89400.0,68500.0,77300.0,10.7,90.1,0.4,9.2,0.2,45.3,10.3,57.2,88.7,11.3,93.8,0.5,3.7,19.8,7.0,4.9,16.2,400000.0,446800.0
K9A,K9A,ON,26757.0,,,53.2,48.9,12.7,55.6,31.8,2.3,74.0,26.0,41600.0,54800.0,37600.0,45600.0,32800.0,47640.0,63600.0,78300.0,82000.0,105700.0,73000.0,88000.0,8.6,92.6,0.0,7.2,0.2,54.0,20.2,53.7,88.0,12.0,90.9,0.8,6.0,23.3,12.1,4.8,20.4,600000.0,652000.0
K9H,K9H,ON,29704.0,,,42.0,43.9,13.5,62.6,23.9,2.2,52.8,47.2,34800.0,44600.0,32400.0,38560.0,26200.0,37720.0,55600.0,64900.0,64000.0,80400.0,58800.0,69400.0,15.8,90.5,0.0,9.2,0.3,54.4,24.8,56.2,84.6,15.4,82.1,5.1,9.1,21.4,8.8,8.6,29.3,500000.0,529000.0
K9J,K9J,ON,44547.0,,,44.0,44.1,14.8,61.2,23.9,2.3,62.1,37.9,38000.0,47520.0,34800.0,40720.0,31000.0,41000.0,58000.0,67200.0,72500.0,90200.0,65500.0,77400.0,12.3,93.0,0.0,6.7,0.3,52.7,19.6,57.7,86.6,13.4,86.7,2.4,7.6,21.6,8.2,7.3,24.1,500000.0,583000.0
K9K,K9K,ON,13359.0,,,47.2,45.7,14.3,59.2,26.5,2.6,81.8,18.2,43600.0,56900.0,39200.0,47200.0,35200.0,49560.0,73000.0,80800.0,98000.0,119800.0,86000.0,99600.0,5.8,91.6,0.0,8.0,0.5,59.4,27.7,60.4,87.8,12.2,91.1,2.8,3.5,20.8,12.4,12.6,15.3,600000.0,627500.0
K9L,K9L,ON,7813.0,,,43.6,43.4,16.5,60.2,23.4,2.6,81.7,18.3,42000.0,51350.0,38000.0,43800.0,33600.0,43640.0,66000.0,71100.0,94000.0,106100.0,83000.0,90600.0,6.8,91.6,0.1,7.9,0.4,58.6,25.4,59.6,84.7,15.3,92.6,2.0,2.5,20.8,11.6,10.1,17.2,600000.0,597500.0
K9V,K9V,ON,29369.0,,,49.6,47.0,13.6,57.6,28.7,2.3,71.5,28.5,37200.0,46360.0,34000.0,39960.0,30200.0,40560.0,58000.0,67300.0,72500.0,87600.0,65000.0,75600.0,12.3,94.7,0.0,5.1,0.2,47.2,12.9,52.8,88.0,12.1,92.9,0.6,4.1,28.3,7.8,4.4,23.5,500000.0,544000.0
L0A,L0A,ON,15325.0,,,44.0,42.4,17.5,63.8,18.7,2.8,93.0,7.0,46400.0,59800.0,41200.0,49400.0,40400.0,52500.0,72500.0,81800.0,114000.0,132200.0,97000.0,109100.0,5.4,93.3,0.0,6.3,0.3,58.6,17.9,65.7,90.8,9.2,95.0,1.0,2.4,34.5,7.8,5.0,14.7,750000.0,777000.0
L0B,L0B,ON,15501.0,,,46.4,43.8,15.1,65.2,19.8,2.7,91.9,8.1,46000.0,62600.0,41200.0,50880.0,37200.0,51950.0,72000.0,84700.0,111000.0,139800.0,95000.0,113700.0,5.9,93.6,0.0,6.0,0.3,54.5,17.6,64.6,90.9,9.1,93.9,0.6,2.7,36.2,9.9,5.5,16.6,800000.0,889000.0
L0C,L0C,ON,9486.0,,,44.8,42.8,16.6,64.0,19.4,2.8,90.7,9.3,46800.0,60550.0,41600.0,49480.0,40800.0,53000.0,72000.0,80500.0,117000.0,136400.0,100000.0,111500.0,6.3,94.4,0.0,5.3,0.4,57.9,20.9,67.7,91.1,8.7,96.1,0.4,2.1,36.3,10.3,6.6,17.8,850000.0,917000.0
L0E,L0E,ON,21898.0,,,46.8,44.2,15.0,63.7,21.3,2.5,83.5,16.5,41200.0,53600.0,37200.0,37800.0,38400.0,49560.0,64500.0,77300.0,90000.0,110200.0,79000.0,77800.0,9.3,94.7,0.0,4.7,0.6,49.0,14.4,62.8,90.1,9.9,93.9,1.6,2.8,39.3,12.5,6.9,22.3,700000.0,759000.0
L0G,L0G,ON,44945.0,,,41.6,40.9,17.9,65.8,16.4,2.9,88.4,11.6,47200.0,62200.0,41600.0,50480.0,44000.0,56750.0,72000.0,84200.0,118000.0,142000.0,101000.0,115100.0,5.4,93.7,0.0,5.3,1.1,55.1,22.4,68.6,90.2,9.8,93.9,0.9,3.1,36.8,18.9,14.1,20.9,950000.0,1105000.0
L0H,L0H,ON,1223.0,,,49.2,45.3,13.9,63.1,23.4,2.8,75.0,25.0,42000.0,67800.0,38000.0,55500.0,36000.0,57800.0,66500.0,93000.0,118000.0,163000.0,101000.0,133000.0,9.6,89.8,0.0,9.4,0.8,66.3,33.7,64.9,91.9,8.1,95.1,2.4,0.0,37.2,28.3,37.6,17.1,1100000.0,1430000.0
L0J,L0J,ON,4945.0,,,46.0,42.8,14.0,68.6,17.5,3.3,91.9,8.1,53600.0,118800.0,46400.0,86200.0,50000.0,93000.0,90000.0,139200.0,198000.0,323600.0,157000.0,235000.0,4.6,93.3,0.0,5.8,0.8,56.7,32.3,67.7,91.0,9.0,96.1,0.6,2.3,28.8,23.4,15.7,20.5,2300000.0,2564000.0
L0K,L0K,ON,38386.0,,,50.8,46.5,13.3,61.9,24.8,2.4,89.5,10.5,41200.0,51750.0,37200.0,43200.0,36000.0,45760.0,62400.0,72200.0,88000.0,105100.0,77500.0,87900.0,8.6,94.9,0.0,4.9,0.2,51.4,14.7,57.9,88.1,11.9,95.1,0.4,2.5,34.1,8.8,2.9,18.6,600000.0,694000.0
L0L,L0L,ON,42022.0,,,46.8,43.8,15.4,64.0,20.7,2.7,89.4,10.6,44800.0,57350.0,40000.0,47320.0,40000.0,51650.0,69500.0,79300.0,106000.0,125500.0,92000.0,103600.0,6.7,93.0,0.0,6.6,0.4,54.5,19.8,64.4,89.0,11.0,95.0,0.4,3.0,33.3,11.8,6.5,18.5,800000.0,876000.0
L0M,L0M,ON,37226.0,,,39.6,39.7,18.7,66.7,14.6,2.8,83.1,16.9,44800.0,52850.0,40000.0,44440.0,42000.0,47720.0,64500.0,68900.0,103000.0,115200.0,89000.0,96900.0,6.4,92.3,0.3,7.1,0.3,48.4,13.7,68.6,89.5,10.5,95.8,0.2,2.5,31.6,10.2,6.9,17.1,695000.0,740000.0
L0N,L0N,ON,2395.0,,,48.8,44.1,14.6,65.3,20.0,2.9,92.3,7.7,41200.0,57500.0,36800.0,47440.0,37200.0,53950.0,69000.0,78000.0,118000.0,139200.0,102000.0,115000.0,6.7,91.9,0.0,7.5,0.6,51.0,20.9,64.0,90.8,8.8,95.8,0.0,1.2,39.0,15.9,8.3,18.2,900000.0,1042000.0
L0P,L0P,ON,7779.0,,,48.0,44.3,13.7,65.7,20.6,2.9,90.7,9.3,47600.0,83600.0,42400.0,62000.0,40400.0,70700.0,80000.0,111500.0,135000.0,201400.0,114000.0,149600.0,4.8,91.7,0.0,7.3,1.0,58.3,30.4,67.8,89.3,10.7,92.1,1.2,4.2,32.7,19.2,14.0,17.4,1300000.0,1460000.0
L0R,L0R,ON,83602.0,,,40.8,40.5,19.9,62.0,18.1,2.8,88.3,11.7,46000.0,58100.0,41200.0,48160.0,41200.0,52450.0,70500.0,80000.0,110000.0,128200.0,95000.0,106200.0,5.1,94.5,0.0,4.7,0.7,56.7,21.6,65.4,90.7,9.2,94.0,0.8,3.1,28.9,17.3,13.3,16.5,750000.0,816000.0
L0S,L0S,ON,60409.0,,,53.2,48.3,13.1,57.3,29.7,2.4,86.8,13.2,42800.0,58450.0,38400.0,47760.0,30600.0,48520.0,69000.0,82700.0,95000.0,119600.0,83000.0,97800.0,7.4,92.7,0.0,6.8,0.5,58.5,25.4,54.7,87.4,12.6,93.8,0.3,2.9,25.4,17.1,7.2,16.8,725000.0,801000.0
L1A,L1A,ON,15845.0,,,51.2,47.6,12.7,58.7,28.6,2.3,77.0,23.0,42800.0,54150.0,38400.0,45320.0,34400.0,46000.0,62800.0,74500.0,86000.0,104100.0,75500.0,87200.0,8.1,92.8,0.0,6.9,0.2,52.4,19.1,55.9,88.9,11.1,91.7,0.9,4.1,27.4,10.5,4.8,21.4,600000.0,657000.0
L1B,L1B,ON,13203.0,,,46.0,44.4,17.5,57.2,25.3,2.6,89.3,10.7,46000.0,59600.0,41200.0,49160.0,40000.0,53950.0,77000.0,87400.0,101000.0,122800.0,87000.0,101300.0,4.9,92.4,0.0,7.2,0.4,55.8,19.0,57.7,89.8,10.2,94.0,1.7,2.0,31.6,14.4,10.5,17.2,695000.0,719000.0
L1C,L1C,ON,50217.0,,,37.2,38.0,20.7,65.8,13.5,2.8,80.1,19.9,47600.0,57850.0,42400.0,48160.0,43200.0,52300.0,71500.0,78400.0,109000.0,123400.0,94000.0,102900.0,5.4,92.2,0.1,7.3,0.4,56.8,19.0,68.6,88.8,11.2,92.9,2.2,3.0,31.2,14.8,18.1,20.7,725000.0,749000.0
L1E,L1E,ON,28325.0,,,39.2,38.8,19.0,68.2,12.8,2.9,92.2,7.8,50000.0,61000.0,44400.0,50320.0,46000.0,53800.0,74500.0,81600.0,123000.0,138600.0,105000.0,114200.0,3.5,91.2,0.1,8.2,0.5,58.8,22.1,69.3,88.3,11.8,94.3,2.8,1.1,30.0,17.8,20.4,16.4,750000.0,778000.0
L1G,L1G,ON,43497.0,,,43.2,43.8,14.1,63.5,22.4,2.3,56.1,43.9,38800.0,47040.0,35600.0,40560.0,30400.0,39760.0,61600.0,67400.0,75500.0,90500.0,67500.0,78100.0,11.7,93.2,0.2,6.0,0.6,51.3,19.2,56.3,83.9,16.2,85.5,7.4,4.4,30.1,18.6,21.9,30.0,650000.0,657000.0
L1H,L1H,ON,32298.0,,,41.2,42.0,15.3,66.9,17.8,2.3,58.8,41.2,37600.0,45400.0,34400.0,39240.0,31600.0,39280.0,57600.0,62750.0,73500.0,86700.0,66000.0,75000.0,13.7,93.8,0.1,5.4,0.7,45.7,12.7,59.1,83.4,16.6,87.9,6.2,3.4,31.2,17.1,20.1,27.5,600000.0,636000.0
L1J,L1J,ON,43107.0,,,40.4,41.3,16.4,66.4,17.2,2.5,60.5,39.5,38800.0,46440.0,35200.0,40120.0,31200.0,39440.0,57600.0,64000.0,78000.0,91800.0,70000.0,79400.0,11.8,93.0,0.1,6.1,0.7,47.1,14.3,59.6,85.0,15.0,87.2,6.7,3.9,30.5,18.7,22.2,26.3,624000.0,638000.0
L1K,L1K,ON,43574.0,,,37.2,37.3,21.3,66.0,12.7,3.2,83.7,16.3,44000.0,55600.0,40000.0,46520.0,40400.0,51450.0,72000.0,81300.0,119000.0,133400.0,102000.0,111800.0,5.1,90.8,0.2,7.8,1.2,57.0,24.3,66.9,86.4,13.6,90.7,4.7,1.9,33.8,27.3,38.5,23.6,800000.0,816000.0
L1L,L1L,ON,12976.0,,,31.6,32.1,26.0,67.1,6.9,3.5,70.0,30.0,40800.0,52550.0,37200.0,44480.0,35600.0,48840.0,69500.0,75900.0,112000.0,125400.0,98000.0,106300.0,8.7,91.2,0.2,6.4,2.2,62.3,35.0,70.6,85.3,14.7,90.8,6.8,0.8,39.7,40.5,63.6,37.4,900000.0,899000.0
L1M,L1M,ON,22542.0,,,38.0,35.9,23.6,66.4,10.0,3.3,93.6,6.4,57200.0,73600.0,50000.0,58100.0,60000.0,73100.0,95000.0,106900.0,154000.0,173200.0,127000.0,136800.0,3.2,89.3,0.0,10.0,0.6,62.6,32.8,72.8,89.5,10.5,92.0,2.8,1.8,33.5,16.1,19.7,15.7,950000.0,991000.0
L1N,L1N,ON,49649.0,,,43.6,43.1,15.8,63.8,20.3,2.5,73.3,26.7,45200.0,57850.0,40400.0,47840.0,42000.0,52800.0,73500.0,82200.0,100000.0,117900.0,87000.0,97600.0,7.1,91.5,0.1,7.6,0.9,58.3,26.1,61.9,86.8,13.2,87.1,7.2,2.9,31.6,26.5,27.3,23.5,800000.0,800000.0
L1P,L1P,ON,22928.0,,,36.4,35.9,22.1,68.4,9.6,3.3,81.6,18.4,46800.0,61350.0,42000.0,49960.0,46000.0,58950.0,78500.0,90500.0,132000.0,151000.0,112000.0,123000.0,5.6,89.1,0.1,8.7,2.0,59.5,31.8,70.6,86.5,13.6,88.7,6.1,2.1,34.5,34.0,51.3,24.9,900000.0,958000.0
L1R,L1R,ON,42221.0,,,39.2,39.0,19.0,67.6,13.4,3.2,88.7,11.3,48000.0,63650.0,42800.0,51500.0,47200.0,60250.0,81000.0,91400.0,135000.0,153800.0,114000.0,124500.0,4.5,90.4,0.1,8.1,1.4,62.3,32.9,68.5,88.4,11.6,87.3,6.6,2.4,33.6,32.7,45.0,19.3,900000.0,905000.0
L1S,L1S,ON,42045.0,,,42.0,42.0,15.9,66.0,18.1,2.7,74.9,25.1,42800.0,52850.0,38800.0,44640.0,41200.0,49760.0,67000.0,75200.0,100000.0,114400.0,87000.0,96600.0,7.0,91.4,0.1,7.3,1.3,56.0,24.5,63.6,87.1,12.9,85.9,7.3,4.0,32.4,33.5,44.5,24.8,750000.0,757000.0
L1T,L1T,ON,52632.0,,,37.6,38.3,18.2,69.6,12.2,3.5,88.1,11.9,40800.0,54500.0,37200.0,45280.0,41200.0,52800.0,70500.0,82400.0,130000.0,147400.0,112000.0,122400.0,5.0,90.9,0.1,6.8,2.2,57.6,30.3,67.1,86.2,13.8,87.0,8.5,1.8,35.2,45.5,71.9,23.7,900000.0,934000.0
L1V,L1V,ON,52787.0,,,42.0,41.7,15.7,66.7,17.6,2.9,85.9,14.1,44800.0,58600.0,40400.0,48200.0,43200.0,55250.0,73000.0,85400.0,118000.0,138400.0,102000.0,113900.0,5.1,91.9,0.1,6.9,1.2,60.2,31.0,64.3,87.6,12.4,86.6,8.3,2.2,33.7,37.1,51.7,22.9,850000.0,904000.0
L1W,L1W,ON,18433.0,,,42.8,42.8,14.8,66.0,19.1,2.6,81.1,18.9,46400.0,60150.0,41200.0,49240.0,44400.0,56100.0,74500.0,85400.0,106000.0,126600.0,90000.0,103800.0,5.9,90.4,0.1,8.7,0.8,57.9,27.1,64.6,86.7,13.3,85.6,7.1,2.4,31.5,27.2,33.8,25.7,800000.0,877000.0
L1X,L1X,ON,24639.0,,,36.0,37.2,19.9,68.2,11.9,3.4,88.1,11.9,44400.0,61850.0,40000.0,49800.0,42800.0,56950.0,73500.0,85300.0,129000.0,157400.0,110000.0,126900.0,5.1,91.2,0.0,6.6,2.2,61.1,33.4,68.0,85.8,14.2,87.8,8.5,1.0,35.8,43.8,69.8,26.3,900000.0,963000.0
L1Y,L1Y,ON,1976.0,,,47.6,43.8,14.2,67.1,19.2,2.8,78.8,21.2,49200.0,70300.0,43200.0,55750.0,44000.0,61000.0,79000.0,93200.0,133000.0,171600.0,110000.0,136000.0,5.4,92.1,0.0,6.9,0.8,56.5,27.4,70.2,92.4,7.3,94.5,1.8,1.8,37.1,16.2,13.2,21.6,1150000.0,1385000.0
L1Z,L1Z,ON,31989.0,,,35.2,34.6,23.6,68.4,8.0,3.6,90.9,9.1,44800.0,56100.0,40400.0,46880.0,46000.0,54950.0,74000.0,83500.0,134000.0,146600.0,114000.0,122400.0,4.3,88.7,0.1,8.7,2.4,61.7,35.2,71.2,86.7,13.3,88.1,8.2,1.3,36.2,46.5,79.0,26.1,900000.0,948000.0
L2A,L2A,ON,17293.0,,,49.2,45.9,14.2,60.2,25.6,2.3,74.0,26.0,36800.0,44560.0,33600.0,38800.0,30600.0,39440.0,54400.0,62800.0,72500.0,85400.0,65500.0,74400.0,12.9,94.3,0.1,5.0,0.6,46.2,13.9,56.0,84.3,15.7,93.4,0.2,3.7,22.2,18.4,10.8,21.4,500000.0,531500.0
L2E,L2E,ON,18587.0,,,46.4,45.4,12.6,63.9,23.5,2.2,60.6,39.4,33200.0,39200.0,30800.0,34640.0,21200.0,30880.0,50400.0,54850.0,60800.0,71900.0,55600.0,63450.0,16.2,92.7,0.1,6.1,1.2,46.9,16.2,56.4,74.8,25.2,92.2,1.9,2.9,21.2,20.6,16.8,27.3,472000.0,486000.0
L2G,L2G,ON,30344.0,,,44.8,44.1,14.1,63.6,22.3,2.4,63.2,36.8,34400.0,42040.0,31800.0,36760.0,21800.0,33680.0,52000.0,60550.0,69000.0,82100.0,62800.0,71800.0,12.8,92.8,0.1,6.0,1.2,47.1,15.9,57.8,76.1,23.9,89.2,2.6,5.0,22.4,21.1,21.5,25.3,500000.0,560000.0
L2H,L2H,ON,29820.0,,,42.0,41.0,17.4,65.2,17.4,2.8,79.5,20.5,37200.0,48440.0,34000.0,41000.0,26000.0,41120.0,64500.0,74100.0,91000.0,108100.0,82000.0,91700.0,8.8,91.3,0.1,6.6,2.0,55.5,24.9,62.0,78.7,21.3,94.1,2.1,1.5,21.7,28.1,28.9,21.1,650000.0,681000.0
L2J,L2J,ON,14908.0,,,50.0,46.9,13.4,59.0,27.6,2.4,81.3,18.7,39200.0,49800.0,35600.0,42480.0,26600.0,39800.0,61600.0,71000.0,81000.0,100000.0,72500.0,85200.0,8.6,93.2,0.0,6.1,0.7,53.7,19.6,55.7,80.4,19.5,93.7,1.2,1.6,20.9,19.4,9.9,17.5,580000.0,606500.0
L2M,L2M,ON,33704.0,,,46.0,44.9,15.0,60.8,24.2,2.3,63.7,36.3,37200.0,44800.0,34400.0,39040.0,30200.0,38440.0,56800.0,63400.0,72000.0,84700.0,65000.0,73900.0,12.0,93.2,0.1,5.7,1.0,50.7,17.8,56.7,83.9,16.1,90.5,3.3,3.5,22.4,20.1,14.5,21.7,552000.0,562500.0
L2N,L2N,ON,30719.0,,,52.0,49.0,12.5,55.9,31.6,2.2,73.1,26.9,40000.0,51400.0,36400.0,43440.0,32400.0,44200.0,61200.0,72300.0,78500.0,96500.0,69500.0,81700.0,9.5,92.9,0.1,6.4,0.7,55.4,23.6,54.5,86.3,13.7,91.0,1.6,4.2,21.2,20.4,12.0,21.8,600000.0,625500.0
L2P,L2P,ON,15128.0,,,40.0,41.4,16.1,65.3,18.6,2.3,63.9,36.1,38000.0,42280.0,34400.0,37280.0,30800.0,35360.0,52400.0,56900.0,71000.0,81200.0,64500.0,71600.0,12.7,92.5,0.0,6.6,0.9,47.8,16.2,61.3,83.4,16.6,92.9,2.5,2.0,22.2,18.9,18.8,23.4,452000.0,482400.0
L2R,L2R,ON,25558.0,,,40.4,41.8,13.6,68.3,18.1,2.1,49.9,50.1,35600.0,45360.0,32800.0,39120.0,28400.0,38680.0,52800.0,63900.0,61200.0,78300.0,55200.0,67600.0,16.9,91.7,0.1,7.0,1.2,52.5,23.7,62.3,83.1,16.8,84.4,4.8,7.3,21.9,15.3,16.2,30.1,500000.0,565500.0
L2S,L2S,ON,19400.0,,,42.0,42.0,15.8,64.8,19.4,2.5,73.3,26.7,38400.0,50000.0,35200.0,42760.0,30800.0,43880.0,60800.0,71600.0,82000.0,102300.0,74000.0,87400.0,10.8,92.0,0.1,7.1,0.9,55.8,24.3,60.3,84.2,15.8,93.2,2.7,2.2,21.8,21.8,20.9,21.5,600000.0,591000.0
L2T,L2T,ON,11401.0,,,42.0,43.8,11.5,64.9,23.6,2.3,66.9,33.1,36000.0,50920.0,33200.0,42760.0,24400.0,39520.0,60800.0,70400.0,74500.0,100200.0,67000.0,84100.0,13.3,91.5,0.1,7.2,1.2,56.1,29.3,56.9,83.6,16.4,89.6,3.4,4.6,22.8,19.5,21.6,26.3,600000.0,636500.0
L2V,L2V,ON,19795.0,,,37.6,39.8,16.3,67.6,16.1,2.5,68.4,31.6,37600.0,45240.0,34800.0,39480.0,31200.0,39000.0,56400.0,61950.0,80000.0,92400.0,72000.0,80600.0,11.1,93.3,0.1,5.7,1.0,48.8,18.9,61.6,84.6,15.4,92.6,2.7,2.2,24.6,16.4,17.4,21.4,528000.0,558500.0
L2W,L2W,ON,1959.0,,,42.0,40.4,16.8,67.1,15.8,2.9,66.9,33.1,40000.0,65700.0,36400.0,52700.0,27400.0,58400.0,91000.0,102000.0,110000.0,146800.0,96000.0,117600.0,13.2,91.6,0.0,6.1,2.0,60.5,34.5,62.7,83.0,17.0,94.8,1.7,2.6,19.8,29.1,28.2,14.8,900000.0,896000.0
L3B,L3B,ON,25869.0,,,43.2,43.0,15.7,63.8,20.5,2.3,65.5,34.5,36000.0,41920.0,33200.0,36920.0,30000.0,36280.0,52000.0,57100.0,66500.0,78800.0,60400.0,69400.0,14.6,84.2,0.4,14.8,0.6,45.3,11.1,56.5,84.3,15.6,90.6,2.2,3.8,24.8,11.5,9.9,25.4,448000.0,505200.0
L3C,L3C,ON,33462.0,,,45.6,44.4,14.9,60.9,24.2,2.4,72.6,27.4,38800.0,47040.0,35600.0,40640.0,32000.0,40480.0,60000.0,66500.0,78500.0,91500.0,70000.0,79100.0,9.7,88.1,0.1,11.4,0.5,52.7,17.5,57.5,85.6,14.4,94.0,1.0,2.9,24.1,13.1,9.4,19.6,500000.0,551500.0
L3K,L3K,ON,19458.0,,,50.8,47.3,13.1,59.6,27.3,2.2,72.8,27.2,38000.0,45960.0,34800.0,39600.0,32400.0,41040.0,58800.0,66900.0,70000.0,85100.0,63200.0,73400.0,12.2,91.4,0.0,8.3,0.3,46.3,12.1,54.2,87.7,12.3,93.4,0.5,3.8,25.1,8.8,2.8,20.6,448000.0,514500.0
L3L,L3L,ON,879.0,,,51.6,49.4,11.4,58.5,30.1,3.3,84.6,15.4,48800.0,75200.0,42800.0,54500.0,48000.0,63800.0,71500.0,102000.0,162000.0,204000.0,136000.0,148000.0,7.2,90.5,0.0,7.6,1.9,52.7,28.1,68.7,92.1,7.9,95.3,0.0,0.0,31.1,45.2,29.2,31.4,2200000.0,2660000.0
L3M,L3M,ON,28433.0,,,44.8,43.5,16.2,62.5,21.4,2.5,82.6,17.4,48000.0,61400.0,42800.0,50160.0,44800.0,56350.0,75500.0,86300.0,104000.0,125000.0,89000.0,102100.0,5.2,93.6,0.0,6.0,0.4,59.3,25.8,64.5,89.7,10.3,94.8,0.7,2.6,27.7,17.9,9.8,19.4,765000.0,811000.0
L3P,L3P,ON,37336.0,,,47.2,44.5,14.8,62.4,22.8,2.9,85.4,14.6,40400.0,58850.0,36400.0,47680.0,38400.0,57450.0,78000.0,93700.0,115000.0,140200.0,100000.0,113600.0,8.4,87.1,0.0,6.5,6.4,60.8,37.6,57.8,88.6,11.4,88.6,5.9,2.6,32.1,46.0,57.2,24.8,1200000.0,1231000.0
L3R,L3R,ON,62060.0,,,46.4,44.8,13.2,63.7,23.1,2.9,82.9,17.1,32800.0,51450.0,30600.0,41480.0,28600.0,49440.0,66000.0,86400.0,93000.0,123800.0,83000.0,99900.0,13.9,80.1,0.0,4.3,15.5,55.9,37.0,55.4,84.5,15.5,88.1,7.0,2.5,30.8,63.4,85.8,34.0,1100000.0,1227000.0
L3S,L3S,ON,55403.0,,,39.6,40.7,15.4,68.1,16.5,3.7,83.2,16.8,31200.0,42080.0,29400.0,36520.0,26000.0,37920.0,55200.0,64100.0,106000.0,124300.0,96000.0,107800.0,8.4,82.7,0.0,3.6,13.7,47.5,27.9,58.9,83.1,16.9,87.2,8.8,1.4,32.8,63.3,94.1,29.4,1100000.0,1150000.0
L3T,L3T,ON,50405.0,,,47.2,45.5,12.6,63.1,24.4,2.5,75.8,24.2,39600.0,63400.0,36000.0,49960.0,36400.0,58450.0,74500.0,98600.0,95000.0,134000.0,83000.0,105700.0,12.5,87.1,0.0,7.2,5.7,69.4,48.8,59.2,87.1,13.0,81.4,11.3,4.0,31.4,57.3,64.4,35.6,1000000.0,1211000.0
L3V,L3V,ON,48651.0,,,47.6,45.6,14.2,60.6,25.2,2.3,70.0,30.0,38800.0,48320.0,35200.0,41320.0,30600.0,41120.0,58800.0,67200.0,77500.0,93900.0,69500.0,80300.0,10.9,95.0,0.0,4.7,0.3,50.8,17.2,57.8,86.2,13.8,90.1,2.3,5.1,24.4,9.0,5.8,22.6,600000.0,655000.0
L3X,L3X,ON,45284.0,,,39.2,37.8,19.2,70.4,10.4,3.3,84.6,15.4,42400.0,60150.0,38400.0,48560.0,41200.0,57900.0,75000.0,90500.0,129000.0,150200.0,111000.0,121400.0,6.3,88.5,0.1,7.6,3.9,62.6,36.9,69.7,87.3,12.6,91.9,3.6,2.3,31.5,39.7,44.4,27.2,1000000.0,1114000.0
L3Y,L3Y,ON,43556.0,,,45.6,44.4,13.7,64.8,21.5,2.5,68.4,31.6,41600.0,53800.0,37600.0,44720.0,37200.0,49800.0,66500.0,78800.0,93000.0,113500.0,82000.0,94300.0,8.8,91.0,0.0,7.3,1.7,57.1,27.7,63.7,88.0,12.1,88.1,4.1,5.3,29.8,26.6,24.5,26.2,870000.0,891000.0
L3Z,L3Z,ON,41072.0,,,37.2,37.4,21.8,65.9,12.3,3.2,83.3,16.7,43200.0,54000.0,38800.0,44960.0,40400.0,50760.0,65000.0,73300.0,114000.0,128200.0,98000.0,106800.0,6.3,92.1,0.1,4.7,3.1,50.8,21.3,69.5,88.6,11.4,93.8,2.2,2.2,35.4,33.1,32.0,26.7,900000.0,938000.0
L4A,L4A,ON,50389.0,,,41.6,40.9,19.3,62.7,18.0,3.0,87.9,12.1,46800.0,64400.0,41600.0,51120.0,44800.0,61250.0,76500.0,92600.0,122000.0,147800.0,104000.0,117300.0,6.1,89.6,0.0,7.0,3.4,61.1,34.3,66.0,89.6,10.4,91.9,3.3,2.2,33.3,35.0,45.7,25.9,1000000.0,1201000.0
L4B,L4B,ON,36080.0,,,45.6,44.0,12.5,66.8,20.6,2.8,80.0,20.0,36000.0,59350.0,33200.0,46080.0,37200.0,60400.0,75000.0,98400.0,97000.0,137400.0,84000.0,106800.0,13.4,84.8,0.0,6.6,8.6,67.0,48.9,60.6,87.2,12.8,86.7,7.9,2.2,31.1,64.7,82.9,39.1,1350000.0,1452000.0
L4C,L4C,ON,74636.0,,,46.0,44.5,12.6,66.1,21.2,2.6,69.6,30.4,36000.0,54300.0,33200.0,44440.0,32800.0,51550.0,68000.0,84600.0,86000.0,117700.0,76000.0,96300.0,13.8,87.7,0.0,6.7,5.6,65.0,41.5,60.1,86.1,13.9,83.8,9.8,3.6,32.5,56.3,55.0,38.9,1100000.0,1279000.0
L4E,L4E,ON,54606.0,,,40.4,38.4,19.0,70.0,11.0,3.3,87.2,12.8,40000.0,62000.0,36400.0,48280.0,42000.0,62150.0,80000.0,99300.0,127000.0,156000.0,109000.0,121500.0,8.3,86.1,0.1,8.7,5.1,66.4,45.0,67.5,87.5,12.6,90.0,5.4,1.8,34.8,53.7,61.6,34.6,1300000.0,1390000.0
L4G,L4G,ON,62061.0,,,42.0,40.9,17.0,67.5,15.4,2.9,81.2,18.8,44400.0,71700.0,40000.0,54850.0,42400.0,67200.0,80000.0,107400.0,119000.0,161800.0,102000.0,123800.0,7.5,87.7,0.0,8.8,3.5,65.1,40.8,67.3,88.2,11.8,89.0,4.7,3.0,32.3,36.8,38.9,29.4,1000000.0,1215000.0
L4H,L4H,ON,77353.0,,,37.6,36.8,20.4,69.8,9.9,3.5,92.4,7.6,44000.0,61300.0,39600.0,49760.0,45600.0,60100.0,78000.0,89900.0,144000.0,163600.0,122000.0,132800.0,4.5,91.1,0.0,5.1,3.7,55.9,32.2,70.2,87.7,12.3,92.8,3.6,1.5,31.0,40.7,46.3,25.3,1200000.0,1322000.0
L4J,L4J,ON,75120.0,,,45.6,43.6,15.0,63.5,21.5,2.8,85.3,14.7,41600.0,64900.0,38000.0,51200.0,40400.0,61000.0,78500.0,96500.0,115000.0,150600.0,99000.0,118800.0,8.5,88.2,0.0,8.0,3.8,68.9,47.7,63.1,87.1,12.9,82.5,10.0,3.7,31.2,51.2,35.5,30.9,1110000.0,1238000.0
L4K,L4K,ON,20172.0,,,37.6,40.4,12.8,72.0,15.2,2.6,67.6,32.4,39200.0,50760.0,35600.0,42920.0,39200.0,49240.0,66500.0,75100.0,92000.0,108900.0,80000.0,92100.0,9.6,89.7,0.1,5.6,4.7,62.9,39.7,67.1,87.1,12.9,80.1,14.1,2.5,31.9,54.0,54.8,36.3,900000.0,955000.0
L4L,L4L,ON,55426.0,,,48.0,46.1,11.9,62.8,25.3,2.8,85.1,14.9,42400.0,61550.0,38400.0,49360.0,43200.0,59700.0,71000.0,90400.0,110000.0,144800.0,95000.0,116200.0,5.8,90.7,0.0,4.8,4.5,51.3,25.8,59.8,87.4,12.6,91.4,4.7,1.1,27.7,44.6,27.5,23.8,1200000.0,1241000.0
L4M,L4M,ON,46902.0,,,38.0,40.2,15.8,67.8,16.4,2.5,61.9,38.1,39600.0,51040.0,36000.0,43000.0,33600.0,45040.0,61200.0,70900.0,87000.0,104000.0,76500.0,87700.0,10.0,92.8,0.0,6.4,0.8,54.6,22.4,65.4,87.4,12.6,88.4,5.0,4.2,28.7,14.9,18.1,28.5,670000.0,700000.0
L4N,L4N,ON,100835.0,,,39.6,40.3,17.2,67.1,15.7,2.7,71.2,28.8,42000.0,52600.0,38000.0,44280.0,38400.0,48240.0,64000.0,72800.0,97000.0,112500.0,85000.0,94800.0,7.5,92.4,0.1,6.7,0.8,52.9,19.9,66.9,87.5,12.5,91.7,3.1,2.9,30.2,17.5,16.2,25.4,700000.0,704000.0
L4P,L4P,ON,29861.0,,,40.4,40.3,17.4,68.3,14.3,2.7,79.7,20.3,42800.0,51850.0,38800.0,43640.0,41600.0,49360.0,65000.0,73500.0,102000.0,113900.0,88000.0,95900.0,7.3,93.3,0.0,5.4,1.2,49.0,16.9,67.6,88.6,11.3,93.4,1.6,2.7,35.3,17.1,15.5,23.3,775000.0,793000.0
L4R,L4R,ON,19245.0,,,50.4,47.2,13.3,58.8,27.9,2.2,68.0,32.0,36000.0,45840.0,33200.0,39360.0,31400.0,41200.0,55600.0,63250.0,70500.0,85700.0,63200.0,73600.0,13.8,91.6,0.1,8.2,0.2,48.5,15.1,53.1,87.7,12.2,88.4,1.0,7.3,21.9,9.4,5.0,22.5,500000.0,535000.0
L4S,L4S,ON,36688.0,,,43.2,41.2,15.4,69.9,14.7,3.2,84.7,15.3,35200.0,53800.0,32800.0,44360.0,39200.0,56100.0,77000.0,90700.0,119000.0,139200.0,104000.0,114900.0,11.0,84.9,0.0,7.4,7.7,65.5,47.1,62.9,87.4,12.6,88.0,7.7,1.9,34.1,62.4,81.0,33.8,1300000.0,1294000.0
L4T,L4T,ON,38182.0,,,34.4,38.2,15.5,69.8,14.7,3.3,59.9,40.1,30800.0,36560.0,29200.0,32720.0,24600.0,31760.0,47600.0,51300.0,84000.0,95800.0,77000.0,85700.0,11.7,91.7,0.1,3.5,4.7,48.3,22.5,61.7,83.7,16.3,74.1,21.2,2.5,31.1,54.5,86.8,30.5,800000.0,800000.0
L4V,L4V,ON,5.0,,,,,,,,,,,,,,,,,,,,,,,,,,,,,,,,,,,,,,,,,
L4W,L4W,ON,19744.0,,,49.2,46.9,12.3,60.7,26.9,2.7,78.0,22.0,42400.0,55350.0,38400.0,46240.0,41600.0,51450.0,68000.0,78800.0,105000.0,125600.0,92000.0,104900.0,6.5,89.8,0.1,6.5,3.6,60.2,33.2,58.5,87.2,12.8,83.9,10.2,3.4,29.2,51.9,35.4,20.6,1000000.0,1024000.0
L4X,L4X,ON,18719.0,,,41.2,41.0,16.4,67.3,16.4,2.8,47.1,52.9,35600.0,45360.0,33200.0,39040.0,32800.0,42280.0,58000.0,67100.0,81000.0,98000.0,73000.0,84400.0,13.2,90.0,0.1,5.5,4.5,51.3,26.5,60.1,83.8,16.2,80.2,14.5,3.3,30.8,55.0,47.8,30.1,900000.0,898000.0
L4Y,L4Y,ON,23490.0,,,45.2,44.1,15.4,62.8,21.8,2.6,67.9,32.1,39200.0,59200.0,35600.0,48240.0,37200.0,48760.0,65500.0,75800.0,89000.0,126600.0,79000.0,103100.0,9.6,89.3,0.1,6.4,4.2,55.9,29.8,59.0,86.8,13.2,79.6,12.3,4.7,29.7,48.1,37.8,29.1,900000.0,920000.0
L4Z,L4Z,ON,37218.0,,,39.6,41.0,14.3,69.9,15.8,2.9,71.6,28.4,38800.0,49440.0,35600.0,41920.0,38800.0,47600.0,64000.0,71800.0,100000.0,115300.0,87000.0,97800.0,9.5,89.6,0.1,6.3,4.0,60.6,37.3,65.2,86.1,13.9,83.9,11.8,2.0,28.9,58.0,67.3,27.4,800000.0,851000.0
L5A,L5A,ON,47406.0,,,41.2,41.8,15.8,65.8,18.4,2.6,50.1,49.9,36800.0,45120.0,33600.0,38880.0,35200.0,42800.0,57600.0,65800.0,80000.0,93500.0,72000.0,80600.0,12.6,89.9,0.1,5.5,4.4,57.2,31.2,61.6,86.3,13.7,76.8,16.1,3.5,30.3,56.8,56.8,33.0,700000.0,784000.0
L5B,L5B,ON,67131.0,,,37.2,40.0,14.8,69.2,16.0,2.4,55.3,44.7,36800.0,47880.0,34000.0,40560.0,38800.0,47960.0,65000.0,73500.0,79000.0,93000.0,69500.0,78800.0,16.9,90.1,0.1,5.4,4.5,64.7,43.9,63.3,85.2,14.8,77.3,15.4,4.0,31.9,61.1,72.7,38.9,645000.0,757000.0
L5C,L5C,ON,29284.0,,,42.8,42.4,14.2,66.8,19.0,3.0,74.1,25.9,37200.0,51650.0,34400.0,42960.0,34800.0,49080.0,63600.0,80200.0,102000.0,125000.0,90000.0,104000.0,8.8,90.1,0.1,5.4,4.4,58.9,33.6,61.0,85.8,14.2,83.2,11.8,1.8,30.3,52.7,56.8,23.7,950000.0,1039000.0
L5E,L5E,ON,12972.0,,,45.2,44.0,14.6,64.9,20.6,2.4,76.9,23.1,45600.0,61300.0,41200.0,49760.0,46400.0,60050.0,76000.0,91100.0,98000.0,122000.0,85000.0,99100.0,8.3,90.4,0.0,7.6,1.9,59.0,32.3,61.9,87.8,12.2,85.9,7.8,3.4,29.0,33.1,26.4,26.5,900000.0,1030000.0
L5G,L5G,ON,20714.0,,,45.2,43.7,14.5,65.9,19.6,2.4,57.1,42.9,47600.0,85800.0,42000.0,63550.0,46400.0,84700.0,78500.0,137000.0,95000.0,166600.0,82000.0,123300.0,9.5,89.1,0.1,9.0,1.8,62.6,37.9,65.6,87.7,12.3,79.8,10.6,6.3,29.9,33.0,27.2,31.3,1400000.0,1616000.0
L5H,L5H,ON,17409.0,,,46.4,43.5,14.6,66.1,19.3,2.8,79.3,20.7,52000.0,95400.0,45200.0,69200.0,48400.0,93200.0,94000.0,150000.0,139000.0,215400.0,116000.0,156200.0,7.2,88.8,0.0,9.4,1.7,68.4,47.1,65.5,89.1,10.9,85.6,6.8,4.0,28.7,34.4,35.0,28.0,1600000.0,1856000.0
L5J,L5J,ON,28208.0,,,43.2,43.0,15.2,65.4,19.4,2.6,74.2,25.8,45600.0,69400.0,40800.0,53700.0,43600.0,67300.0,72000.0,106200.0,107000.0,148600.0,92000.0,115000.0,7.2,89.2,0.1,9.1,1.6,62.3,36.7,64.1,87.6,12.4,83.1,9.5,4.1,30.3,37.4,34.4,24.6,900000.0,1064000.0
L5K,L5K,ON,13363.0,,,41.6,41.9,16.4,64.3,19.2,2.9,65.1,34.9,41200.0,59300.0,37600.0,47880.0,37200.0,53350.0,70000.0,88700.0,102000.0,134000.0,90000.0,108300.0,9.8,89.4,0.2,7.7,2.7,60.8,38.0,61.5,85.5,14.4,82.5,9.7,5.4,29.7,42.6,47.3,24.9,1000000.0,1110000.0
L5L,L5L,ON,43585.0,,,44.0,43.2,14.5,64.5,21.0,2.9,78.6,21.4,41600.0,57500.0,37600.0,46960.0,37600.0,53100.0,70500.0,86300.0,110000.0,133800.0,95000.0,109500.0,7.5,89.6,0.0,8.1,2.3,63.4,37.4,60.6,85.7,14.3,84.8,9.2,2.9,30.3,45.6,50.6,23.7,950000.0,1021000.0
L5M,L5M,ON,106468.0,,,39.6,39.6,16.5,69.5,14.0,3.3,76.6,23.4,38800.0,54700.0,35600.0,45120.0,41200.0,55350.0,73500.0,86400.0,118000.0,139600.0,102000.0,115300.0,9.1,89.0,0.1,7.5,3.4,66.5,47.1,65.2,86.2,13.8,85.8,9.0,2.4,31.4,60.0,75.8,28.6,1000000.0,1079000.0
L5N,L5N,ON,83700.0,,,40.4,39.7,16.5,70.3,13.2,3.1,82.8,17.2,44000.0,55450.0,39600.0,46120.0,45200.0,54250.0,70000.0,79800.0,123000.0,137600.0,106000.0,114600.0,5.4,90.0,0.1,8.0,1.9,63.9,38.4,69.3,86.7,13.3,86.5,7.8,2.3,31.4,47.1,56.3,21.8,900000.0,917000.0
L5R,L5R,ON,37022.0,,,42.0,42.5,13.1,68.0,18.8,2.9,74.1,25.9,36800.0,47680.0,34000.0,40600.0,36800.0,46600.0,63600.0,71800.0,99000.0,114400.0,86000.0,97400.0,10.0,89.6,0.1,5.8,4.6,60.8,39.9,61.8,84.8,15.2,83.5,11.6,1.8,30.0,63.2,77.6,30.2,850000.0,885000.0
L5S,L5S,ON,27.0,,,,,,,,,,,,,,,,,,,,,,,,,,,,,,,,,,,,,,,,,
L5T,L5T,ON,19.0,,,,,,,,,,,,,,,,,,,,,,,,,,,,,,,,,,,,,,,,,
L5V,L5V,ON,49149.0,,,39.6,40.2,14.2,72.0,13.8,3.6,82.5,17.5,36400.0,49000.0,33600.0,41280.0,37600.0,48880.0,64500.0,76100.0,126000.0,141400.0,110000.0,119400.0,6.9,89.9,0.1,6.0,4.1,62.5,41.6,65.2,85.6,14.4,86.0,8.9,2.1,29.7,62.1,80.5,22.5,1000000.0,1025000.0
L5W,L5W,ON,24145.0,,,37.6,37.8,16.5,73.4,10.1,3.8,89.5,10.5,38800.0,53350.0,35600.0,43240.0,40000.0,53250.0,67500.0,80600.0,142000.0,158600.0,123000.0,128600.0,4.7,90.3,0.0,6.3,3.4,60.4,41.0,70.4,85.4,14.6,87.9,8.5,1.2,29.1,58.0,82.0,22.0,1000000.0,1131000.0
L6A,L6A,ON,89287.0,,,39.6,38.7,18.2,69.8,12.0,3.4,86.8,13.2,41600.0,59800.0,37600.0,48480.0,42800.0,58500.0,75000.0,90400.0,133000.0,156000.0,115000.0,126500.0,5.9,89.1,0.0,6.4,4.5,59.7,37.0,68.3,87.7,12.3,89.3,6.5,1.8,31.3,48.2,48.8,28.2,1200000.0,1304000.0
L6B,L6B,ON,34763.0,,,37.2,36.7,21.9,67.0,11.1,3.4,83.0,17.0,40800.0,54700.0,37200.0,45560.0,43600.0,54850.0,73000.0,82100.0,121000.0,136600.0,104000.0,113700.0,7.1,87.2,0.0,6.0,6.7,59.5,38.8,67.1,88.8,11.2,88.8,6.6,2.0,34.8,53.5,87.1,32.1,1000000.0,1074000.0
L6C,L6C,ON,51738.0,,,41.2,39.8,18.1,67.8,14.1,3.3,85.8,14.2,36800.0,58050.0,33600.0,46360.0,40000.0,59350.0,77500.0,95100.0,118000.0,146600.0,102000.0,117200.0,11.1,84.3,0.0,5.8,9.8,63.3,44.5,62.1,87.3,12.7,89.4,5.9,2.2,32.4,61.0,90.3,33.6,1300000.0,1470000.0
L6E,L6E,ON,38387.0,,,39.6,38.8,19.4,66.8,13.8,3.3,87.2,12.8,37600.0,52650.0,34400.0,43960.0,39600.0,52800.0,74500.0,84300.0,115000.0,131000.0,100000.0,109400.0,8.8,84.3,0.0,5.8,9.9,60.4,39.5,64.3,86.4,13.6,87.8,8.7,1.2,35.1,58.6,88.9,31.0,1000000.0,1110000.0
L6G,L6G,ON,8364.0,,,35.2,39.6,10.7,73.8,15.5,1.9,54.0,46.0,35600.0,48000.0,33200.0,40640.0,38800.0,49080.0,70500.0,74900.0,61200.0,75700.0,54800.0,64100.0,26.5,86.6,0.1,3.8,9.6,69.0,47.6,64.5,85.2,14.9,87.2,6.2,4.1,27.9,61.4,90.0,52.3,600000.0,657000.0
L6H,L6H,ON,72662.0,,,40.0,39.6,17.7,68.0,14.4,2.9,77.2,22.8,45200.0,71800.0,40800.0,55700.0,45600.0,72400.0,86000.0,107800.0,123000.0,163200.0,104000.0,126700.0,9.0,87.4,0.1,9.9,2.6,68.4,47.2,67.0,88.3,11.7,86.0,7.0,3.5,28.8,42.7,46.9,27.3,1150000.0,1203000.0
L6J,L6J,ON,24420.0,,,46.4,43.4,16.6,62.6,20.8,2.9,84.0,16.0,53200.0,135000.0,46000.0,89600.0,48000.0,132800.0,103000.0,224600.0,158000.0,307200.0,129000.0,204200.0,8.8,85.0,0.0,12.7,2.3,70.5,53.3,59.6,89.1,10.9,82.6,7.6,3.8,26.9,36.8,35.1,24.6,1740000.0,2170000.0
L6K,L6K,ON,14118.0,,,44.8,44.2,13.3,65.0,21.8,2.3,50.6,49.4,41600.0,74300.0,37200.0,55650.0,37600.0,71200.0,70500.0,115600.0,83000.0,139400.0,73000.0,104500.0,12.8,87.0,0.1,10.1,2.8,61.1,37.6,60.6,87.5,12.5,79.5,9.2,7.1,28.1,37.9,30.0,33.4,1290000.0,1474000.0
L6L,L6L,ON,30012.0,,,47.2,44.7,15.3,61.9,22.7,2.6,79.2,20.8,48800.0,80100.0,43200.0,60500.0,44000.0,78300.0,93000.0,128600.0,122000.0,168600.0,103000.0,127500.0,7.3,87.2,0.1,11.5,1.3,65.5,42.4,59.4,88.4,11.6,87.2,6.3,3.0,28.4,33.7,27.7,25.2,1290000.0,1424000.0
L6M,L6M,ON,72547.0,,,39.6,37.6,20.8,67.9,11.3,3.2,82.2,17.8,48800.0,76000.0,43200.0,57950.0,52000.0,78100.0,95000.0,119900.0,143000.0,178000.0,119000.0,135800.0,7.7,86.2,0.1,11.5,2.3,70.2,51.5,68.8,88.2,11.8,85.8,7.0,3.4,29.9,44.9,49.1,24.7,1200000.0,1259000.0
L6P,L6P,ON,91155.0,,,36.0,37.3,17.7,70.2,12.1,4.3,89.1,10.9,33600.0,45080.0,31400.0,38600.0,31200.0,42760.0,56000.0,66100.0,134000.0,150000.0,118000.0,128600.0,4.3,88.8,0.0,4.1,7.1,51.9,31.1,65.5,86.8,13.2,91.2,6.2,0.6,31.6,57.5,92.8,33.9,1200000.0,1264000.0
L6R,L6R,ON,93783.0,,,34.8,36.9,18.3,69.6,12.1,4.0,86.0,14.0,33600.0,41360.0,31400.0,36240.0,29600.0,38320.0,52400.0,58950.0,116000.0,127000.0,103000.0,111300.0,5.5,88.6,0.0,4.1,7.2,52.0,29.8,66.4,86.4,13.6,87.2,9.9,1.1,32.7,57.7,92.0,33.5,950000.0,968000.0
L6S,L6S,ON,54361.0,,,38.8,40.1,15.8,68.0,16.2,3.2,81.7,18.3,38400.0,46480.0,35200.0,40000.0,35200.0,42120.0,58000.0,64000.0,105000.0,118600.0,93000.0,102100.0,5.9,92.2,0.1,4.6,3.1,52.9,24.7,65.0,86.3,13.7,87.0,9.1,1.3,31.4,47.5,65.9,25.1,800000.0,816000.0
L6T,L6T,ON,39614.0,,,37.2,39.0,17.1,68.6,14.3,2.9,53.8,46.2,36400.0,42800.0,33600.0,37240.0,34000.0,39800.0,54800.0,61350.0,83000.0,96000.0,74500.0,83600.0,11.0,92.7,0.1,4.5,2.8,50.3,24.1,64.5,85.7,14.3,78.1,15.5,3.9,31.1,48.7,70.4,31.3,700000.0,699000.0
L6V,L6V,ON,42392.0,,,37.6,38.9,16.5,69.7,13.8,3.0,68.9,31.1,36800.0,43280.0,34000.0,37760.0,34400.0,40280.0,55600.0,60100.0,93000.0,103100.0,83000.0,89900.0,8.8,92.2,0.1,4.6,3.0,50.8,23.7,65.4,85.8,14.1,85.1,10.6,1.7,31.1,47.8,66.9,30.1,750000.0,758000.0
L6W,L6W,ON,23547.0,,,40.8,41.4,15.5,66.8,17.8,2.7,60.8,39.2,38000.0,48120.0,34400.0,41040.0,36400.0,45440.0,59200.0,69800.0,87000.0,104300.0,77000.0,89000.0,10.8,92.4,0.1,4.4,3.1,51.7,24.4,62.3,86.1,13.9,82.1,12.3,2.7,29.2,43.0,56.6,28.7,850000.0,845000.0
L6X,L6X,ON,76113.0,,,35.6,36.7,18.6,70.4,11.0,3.6,79.0,21.0,37200.0,46680.0,34400.0,39840.0,35600.0,44560.0,60000.0,67800.0,116000.0,129000.0,102000.0,110200.0,6.1,90.9,0.1,4.8,4.3,57.3,33.0,68.9,86.7,13.3,86.4,9.8,1.1,33.8,53.0,80.0,30.2,900000.0,997000.0
L6Y,L6Y,ON,97601.0,,,35.6,38.0,16.2,70.3,13.5,3.5,70.1,29.9,34800.0,45400.0,32400.0,38800.0,31600.0,42880.0,58000.0,68000.0,106000.0,122600.0,94000.0,104900.0,7.6,90.2,0.0,4.6,5.2,57.9,34.6,66.5,86.2,13.8,80.9,15.3,1.4,32.3,53.9,83.2,31.3,900000.0,994000.0
L6Z,L6Z,ON,33888.0,,,38.4,39.5,16.8,68.3,14.9,3.3,87.1,12.9,40800.0,51500.0,36800.0,43360.0,37600.0,48000.0,62400.0,73300.0,119000.0,134400.0,103000.0,113300.0,5.3,92.2,0.1,4.9,3.0,58.1,30.0,66.5,88.3,11.7,87.7,8.1,2.1,32.2,44.3,62.2,23.9,900000.0,933000.0
L7A,L7A,ON,104009.0,,,33.2,34.0,21.9,70.1,8.0,3.9,86.8,13.2,38400.0,47120.0,35200.0,40480.0,36000.0,45200.0,62000.0,67300.0,124000.0,132400.0,108000.0,113800.0,5.3,90.6,0.1,5.0,4.3,57.6,33.7,70.8,87.8,12.3,87.3,9.2,1.1,36.5,54.7,85.8,34.2,950000.0,984000.0
L7B,L7B,ON,17809.0,,,42.0,40.1,18.8,66.3,15.0,3.2,90.1,9.9,49600.0,84400.0,43200.0,62650.0,47600.0,79200.0,90000.0,126300.0,154000.0,208200.0,127000.0,154600.0,6.0,90.9,0.0,7.2,1.9,62.0,36.9,66.4,88.6,11.4,93.9,1.8,2.1,33.4,28.8,22.9,27.8,1800000.0,2018000.0
L7C,L7C,ON,33846.0,,,38.0,38.2,19.7,66.7,13.6,3.5,88.4,11.6,42000.0,58900.0,38000.0,47920.0,39200.0,54650.0,68500.0,82600.0,134000.0,158600.0,115000.0,129000.0,4.4,89.9,0.0,5.9,4.2,56.5,28.9,68.9,88.8,11.2,94.5,2.0,1.5,34.2,38.2,55.2,26.3,1200000.0,1298000.0
L7E,L7E,ON,34516.0,,,42.4,40.7,15.7,69.6,14.7,3.0,90.3,9.7,46800.0,61700.0,41600.0,49880.0,45600.0,58850.0,76000.0,88200.0,132000.0,151200.0,111000.0,122200.0,4.3,93.1,0.1,5.5,1.3,54.3,23.7,69.4,88.7,11.3,96.3,0.6,1.6,33.8,22.0,14.8,18.5,1000000.0,1126000.0
L7G,L7G,ON,48051.0,,,42.0,40.6,17.3,67.9,14.8,2.9,86.1,13.9,50800.0,68300.0,44400.0,53700.0,50400.0,66300.0,82000.0,98500.0,132000.0,155800.0,111000.0,122700.0,4.6,91.4,0.0,7.9,0.8,58.3,28.3,70.2,90.1,9.9,93.0,1.4,3.0,30.0,20.5,14.8,18.6,950000.0,1016000.0
L7J,L7J,ON,13766.0,,,43.6,41.6,16.1,67.6,16.2,2.7,83.8,16.2,46800.0,57900.0,41600.0,47840.0,45200.0,54550.0,69500.0,80700.0,110000.0,128400.0,95000.0,106100.0,5.3,92.3,0.0,7.1,0.5,51.8,19.0,69.1,91.2,8.8,92.8,0.9,4.5,33.5,13.6,7.1,18.8,800000.0,913000.0
L7K,L7K,ON,8486.0,,,48.4,44.5,13.1,66.4,20.6,2.9,88.9,11.1,45600.0,68400.0,40400.0,53050.0,39600.0,59200.0,80000.0,91300.0,134000.0,164800.0,113000.0,128200.0,5.6,91.7,0.0,7.2,1.0,57.4,26.8,64.3,89.4,10.6,93.9,1.0,2.7,37.2,22.4,16.8,21.7,1200000.0,1302000.0
L7L,L7L,ON,47433.0,,,42.4,41.5,17.6,64.7,17.8,2.7,83.8,16.2,52000.0,70900.0,46000.0,55900.0,52000.0,68000.0,85000.0,102500.0,122000.0,149000.0,103000.0,117700.0,4.9,89.9,0.0,8.9,1.2,65.3,38.3,68.4,90.3,9.7,88.8,3.9,3.9,25.8,27.6,22.3,21.0,900000.0,1006000.0
L7M,L7M,ON,48498.0,,,41.6,40.7,18.4,65.1,16.6,2.8,89.6,10.4,52800.0,71900.0,46000.0,56800.0,50800.0,68100.0,86000.0,104700.0,131000.0,158600.0,110000.0,125300.0,4.4,90.0,0.0,8.7,1.3,66.7,40.1,68.5,89.1,10.9,90.5,3.9,3.0,27.1,28.5,28.2,18.2,980000.0,1029000.0
L7N,L7N,ON,13160.0,,,48.0,46.0,15.0,58.9,26.1,2.4,70.4,29.6,47200.0,77600.0,41600.0,59000.0,42400.0,71600.0,84000.0,116500.0,101000.0,152800.0,87000.0,116200.0,7.0,90.9,0.0,8.6,0.5,64.6,35.9,61.4,87.9,12.1,87.5,4.3,3.4,26.5,20.9,13.3,24.4,1000000.0,1186000.0
L7P,L7P,ON,29777.0,,,44.0,43.0,16.5,62.8,20.7,2.7,84.7,15.3,49200.0,67100.0,43600.0,54050.0,44400.0,60150.0,74000.0,92000.0,117000.0,145400.0,100000.0,117200.0,4.4,91.0,0.1,8.4,0.6,61.3,30.3,64.8,89.3,10.6,91.0,3.8,2.6,26.2,22.2,16.6,17.6,900000.0,1022000.0
L7R,L7R,ON,17338.0,,,45.2,45.1,12.5,64.8,22.7,2.1,49.4,50.6,46800.0,64300.0,41600.0,51950.0,42400.0,58850.0,74000.0,90400.0,86000.0,113900.0,74500.0,92100.0,9.4,90.6,0.1,8.5,0.8,64.0,34.4,63.6,90.3,9.7,85.0,6.7,5.4,25.4,23.9,17.0,30.1,920000.0,1035000.0
L7S,L7S,ON,12207.0,,,54.0,50.9,9.4,57.5,33.1,1.9,50.7,49.3,44800.0,58050.0,40000.0,47920.0,38800.0,53250.0,68000.0,85400.0,77000.0,98200.0,67500.0,81100.0,10.1,91.2,0.0,7.9,0.8,60.7,29.6,56.0,87.9,12.1,83.9,5.3,7.5,26.3,25.9,15.8,34.1,800000.0,847000.0
L7T,L7T,ON,18555.0,,,48.8,47.0,13.3,59.1,27.6,2.3,61.0,39.0,47200.0,66100.0,42000.0,52600.0,40400.0,60500.0,78000.0,96000.0,93000.0,126900.0,81000.0,101000.0,7.9,91.0,0.1,8.1,0.8,60.5,31.1,58.5,88.6,11.4,88.4,4.2,4.1,26.4,23.8,17.1,29.1,950000.0,1049000.0
L8B,L8B,ON,25778.0,,,38.4,38.4,20.1,66.4,13.5,2.9,86.3,13.7,52400.0,66400.0,46000.0,53700.0,49600.0,61500.0,81000.0,92000.0,131000.0,147600.0,110000.0,119500.0,4.2,92.6,0.0,6.7,0.7,63.3,33.5,72.8,91.4,8.6,91.0,1.9,4.2,29.4,19.8,17.6,19.2,900000.0,934000.0
L8E,L8E,ON,41927.0,,,41.2,41.4,16.8,64.8,18.5,2.7,71.0,29.0,39600.0,51040.0,36400.0,42880.0,37200.0,48520.0,63600.0,74500.0,91000.0,110400.0,81000.0,92800.0,8.8,92.7,0.0,4.3,2.9,51.1,21.7,61.5,88.0,11.9,91.2,3.7,3.1,27.8,34.9,30.0,22.0,750000.0,776000.0
L8G,L8G,ON,21805.0,,,50.8,47.8,12.7,58.4,28.9,2.3,65.9,34.1,39600.0,47960.0,36400.0,41240.0,35600.0,43480.0,62800.0,69200.0,77000.0,94300.0,69000.0,81200.0,9.7,94.4,0.0,3.8,1.8,48.7,17.3,53.1,86.7,13.3,91.2,4.2,2.9,27.0,28.6,13.7,23.6,700000.0,731000.0
L8H,L8H,ON,26187.0,,,40.0,40.7,15.5,69.7,14.8,2.3,66.0,34.0,37200.0,42480.0,34000.0,37320.0,36000.0,39880.0,54400.0,58950.0,70000.0,79300.0,63200.0,69700.0,14.9,93.8,0.1,4.6,1.5,40.4,11.3,61.8,84.9,15.1,82.3,11.2,4.1,28.2,18.4,17.9,25.0,500000.0,502800.0
L8J,L8J,ON,29146.0,,,36.8,37.6,20.2,67.2,12.6,3.1,82.6,17.4,44000.0,53750.0,39600.0,45040.0,41200.0,50320.0,68000.0,76300.0,114000.0,127600.0,98000.0,107100.0,6.4,93.7,0.0,4.4,1.8,56.9,24.7,68.1,88.9,11.1,92.8,3.5,1.9,28.7,29.6,29.7,20.4,780000.0,808000.0
L8K,L8K,ON,32598.0,,,42.4,42.9,15.5,64.5,20.1,2.3,64.0,36.0,39200.0,45640.0,36000.0,39600.0,37200.0,42280.0,58400.0,63350.0,75000.0,86200.0,67000.0,74800.0,12.2,92.6,0.1,5.4,1.9,49.2,16.1,59.3,86.9,13.1,87.5,8.1,2.4,28.0,24.1,17.3,23.5,600000.0,588000.0
L8L,L8L,ON,32312.0,,,36.4,38.2,17.3,70.2,12.6,2.4,52.3,47.7,33600.0,39720.0,31200.0,35160.0,30600.0,37080.0,52400.0,56650.0,65000.0,76200.0,58800.0,67500.0,18.4,90.4,0.1,6.2,3.2,40.7,15.8,59.0,83.5,16.5,74.7,13.8,8.2,29.5,24.3,26.3,27.6,500000.0,494000.0
L8M,L8M,ON,13774.0,,,38.4,40.4,14.3,70.7,15.1,2.1,40.2,59.8,36000.0,44600.0,33600.0,38720.0,34400.0,41640.0,56000.0,64700.0,61200.0,76300.0,55600.0,66300.0,18.0,91.3,0.1,7.5,1.1,53.4,24.7,61.8,87.3,12.8,72.6,15.5,7.5,30.2,16.4,15.7,32.2,650000.0,657000.0
L8N,L8N,ON,15568.0,,,36.8,40.2,12.1,73.8,14.2,1.9,25.5,74.5,34400.0,44720.0,32400.0,38400.0,31800.0,42520.0,54000.0,70300.0,54800.0,73000.0,49600.0,62700.0,22.2,90.8,0.1,6.7,2.4,56.4,27.8,63.8,87.3,12.7,61.7,22.7,11.5,30.7,28.6,37.1,36.3,600000.0,703000.0
L8P,L8P,ON,24773.0,,,38.8,42.2,10.6,71.0,18.4,1.8,30.7,69.3,38800.0,52800.0,35600.0,44160.0,37200.0,49520.0,65500.0,76500.0,58000.0,79400.0,52000.0,66500.0,20.1,87.2,0.1,11.4,1.3,66.3,43.4,64.0,87.8,12.2,65.7,16.3,13.2,27.9,21.4,23.9,33.3,700000.0,765000.0
L8R,L8R,ON,11651.0,,,38.4,41.7,13.2,68.2,18.6,2.0,31.9,68.1,32000.0,42000.0,30400.0,36360.0,31000.0,41320.0,54800.0,67000.0,53600.0,70500.0,48800.0,61050.0,25.1,86.6,0.2,6.8,6.3,50.8,24.7,58.1,84.2,15.7,66.3,17.0,12.7,27.9,33.7,40.4,30.2,548000.0,557000.0
L8S,L8S,ON,15787.0,,,32.4,39.1,11.0,72.6,16.4,2.2,39.4,60.6,34000.0,45880.0,32000.0,39320.0,25400.0,40280.0,61600.0,72400.0,62800.0,83200.0,57200.0,71300.0,19.8,89.4,0.0,9.4,1.2,64.1,44.0,62.5,85.9,14.1,66.1,17.1,12.2,28.3,26.1,39.1,35.5,695000.0,703000.0
L8T,L8T,ON,19405.0,,,43.6,43.5,14.7,64.4,20.9,2.5,67.1,32.9,40800.0,47960.0,37200.0,41360.0,37600.0,43560.0,60400.0,67500.0,85000.0,98100.0,75500.0,84600.0,8.6,94.0,0.1,4.4,1.6,50.3,16.9,57.1,87.8,12.3,86.7,7.5,3.4,27.0,23.0,19.5,19.9,650000.0,649000.0
L8V,L8V,ON,21165.0,,,44.4,45.0,13.4,62.6,24.0,2.2,56.3,43.7,37600.0,43280.0,34800.0,37960.0,36400.0,40400.0,56800.0,61400.0,68500.0,80400.0,62400.0,70500.0,12.7,93.6,0.1,4.3,2.0,46.3,14.2,57.3,86.2,13.8,84.3,9.2,4.0,26.7,22.4,21.8,24.1,600000.0,577500.0
L8W,L8W,ON,26077.0,,,38.8,39.5,17.7,67.5,14.8,3.0,76.1,23.9,39600.0,47160.0,36400.0,40680.0,36400.0,43400.0,60400.0,65900.0,101000.0,112000.0,89000.0,96900.0,8.5,93.3,0.1,4.4,2.1,51.9,20.3,63.2,86.6,13.4,89.1,7.0,2.1,26.4,33.3,37.6,17.2,700000.0,686000.0
L9A,L9A,ON,25899.0,,,40.4,41.6,15.7,66.4,17.9,2.5,66.4,33.6,38800.0,45840.0,35600.0,39760.0,35200.0,42240.0,58800.0,64500.0,81000.0,94500.0,72000.0,82000.0,11.1,92.5,0.1,4.9,2.6,51.4,19.0,60.3,86.8,13.1,84.4,8.7,4.0,27.3,28.7,32.4,20.4,600000.0,631500.0
L9B,L9B,ON,25025.0,,,42.8,42.4,16.5,63.4,20.0,2.9,80.6,19.4,42000.0,52500.0,38400.0,43560.0,38800.0,48200.0,69000.0,76400.0,105000.0,121000.0,92000.0,100500.0,7.4,92.5,0.0,5.4,2.0,55.9,24.9,59.6,87.8,12.2,90.9,4.5,2.2,26.7,30.7,32.0,17.3,780000.0,774000.0
L9C,L9C,ON,41202.0,,,41.2,42.2,15.4,64.2,20.4,2.7,71.1,28.9,40000.0,74100.0,36400.0,67200.0,35600.0,80300.0,63200.0,69700.0,92000.0,162200.0,81000.0,147400.0,9.0,92.5,0.1,5.4,2.1,57.2,25.5,60.3,86.8,13.2,87.3,7.4,3.1,26.6,30.8,31.7,18.6,695000.0,691000.0
L9E,L9E,ON,16933.0,,,32.4,31.6,27.7,65.9,6.5,3.5,74.5,25.5,46400.0,59750.0,42000.0,48920.0,46800.0,56600.0,73000.0,80800.0,124000.0,138800.0,106000.0,113600.0,7.8,90.1,0.1,7.3,2.5,70.0,49.4,71.5,89.5,10.5,91.0,5.1,1.2,36.1,51.2,71.3,35.8,1000000.0,1233000.0
L9G,L9G,ON,25020.0,,,44.8,43.1,16.3,62.5,21.2,2.8,89.9,10.1,55200.0,76200.0,47600.0,59550.0,48000.0,65800.0,86000.0,100700.0,138000.0,169000.0,115000.0,132200.0,5.1,92.6,0.0,6.6,0.8,69.2,41.8,64.9,89.8,10.2,93.1,1.4,2.7,25.8,22.2,17.4,15.9,950000.0,1072000.0
L9H,L9H,ON,31221.0,,,49.6,46.7,13.6,59.8,26.6,2.4,78.5,21.5,49200.0,66700.0,43600.0,53550.0,42800.0,60150.0,82000.0,94500.0,106000.0,133600.0,91000.0,107400.0,6.0,91.9,0.0,7.7,0.3,65.6,37.6,60.7,89.8,10.2,88.9,2.2,5.2,26.7,18.2,8.9,18.1,850000.0,921000.0
L9J,L9J,ON,2272.0,,,36.8,40.8,13.8,67.5,18.5,2.1,64.0,36.0,42800.0,48320.0,38800.0,41960.0,40400.0,43440.0,69000.0,67600.0,84000.0,86800.0,72500.0,75400.0,8.0,91.9,0.0,6.4,1.5,54.6,20.2,64.8,85.1,14.9,92.8,2.6,3.3,30.8,27.9,20.0,38.4,552000.0,586000.0
L9K,L9K,ON,15928.0,,,39.6,39.5,18.5,66.2,15.3,3.1,86.5,13.5,45200.0,65300.0,40400.0,52600.0,42400.0,59550.0,84000.0,95900.0,128000.0,156600.0,110000.0,126200.0,8.6,91.1,0.1,6.5,2.3,66.9,43.8,65.5,87.6,12.4,93.0,2.6,2.0,28.7,37.0,45.0,22.2,930000.0,967000.0
L9L,L9L,ON,14620.0,,,50.4,46.8,13.6,59.6,26.8,2.5,83.7,16.3,45600.0,60850.0,40800.0,49720.0,34800.0,52100.0,77500.0,85900.0,107000.0,128800.0,92000.0,105200.0,6.0,92.2,0.0,7.5,0.2,54.5,22.0,59.2,91.7,8.3,91.5,0.8,6.0,32.3,11.8,5.6,17.2,800000.0,878000.0
L9M,L9M,ON,16607.0,,,53.2,48.7,11.4,59.6,28.9,2.3,82.6,17.4,38000.0,49200.0,34400.0,41840.0,32000.0,42520.0,58800.0,68200.0,76000.0,95800.0,68500.0,81600.0,12.1,82.8,0.1,16.9,0.2,50.6,14.9,51.4,88.0,12.0,92.6,0.9,4.3,24.6,9.6,2.7,18.8,580000.0,680000.0
L9N,L9N,ON,21656.0,,,38.0,38.1,19.8,68.1,12.0,3.0,81.3,18.7,43600.0,57200.0,39200.0,47040.0,41600.0,54000.0,73500.0,82300.0,117000.0,133800.0,101000.0,110100.0,7.1,89.6,0.1,6.3,4.0,61.1,31.3,69.5,87.9,12.1,93.6,3.2,1.4,35.6,35.2,38.9,32.1,1000000.0,1088000.0
L9P,L9P,ON,17383.0,,,47.2,44.2,15.4,63.2,21.5,2.6,82.8,17.2,47200.0,68000.0,42000.0,53750.0,42400.0,63200.0,79000.0,100100.0,114000.0,146600.0,98000.0,116000.0,6.0,91.6,0.0,8.1,0.3,57.3,27.9,64.1,91.2,8.8,93.3,0.2,4.8,32.9,12.9,6.9,19.9,900000.0,1005000.0
L9R,L9R,ON,25949.0,,,40.8,41.5,19.1,60.5,20.4,2.7,80.4,19.6,45200.0,53000.0,40400.0,44680.0,40400.0,47720.0,65000.0,70500.0,99000.0,110900.0,86000.0,93500.0,6.0,94.1,0.0,5.1,0.8,48.7,17.7,63.2,90.5,9.5,93.5,0.4,4.0,34.2,19.3,19.0,23.0,725000.0,748000.0
L9S,L9S,ON,33434.0,,,42.0,41.3,17.7,65.1,17.2,2.8,86.0,14.0,42000.0,53350.0,38000.0,44520.0,39600.0,49640.0,66500.0,75300.0,100000.0,115900.0,87000.0,96800.0,6.9,93.4,0.0,5.5,1.1,49.6,15.3,64.1,88.3,11.7,94.4,0.8,2.3,40.0,19.3,14.2,24.1,750000.0,770000.0
L9T,L9T,ON,110956.0,,,36.4,35.3,24.0,66.0,10.0,3.3,83.2,16.8,47600.0,59750.0,42800.0,49120.0,48800.0,58500.0,76500.0,86200.0,126000.0,139800.0,107000.0,115000.0,5.6,90.4,0.1,7.9,1.7,64.0,39.6,71.2,88.5,11.5,91.2,3.7,2.3,31.3,41.7,54.7,24.0,900000.0,961000.0
L9V,L9V,ON,17750.0,,,40.0,39.9,19.2,64.8,15.9,2.9,85.7,14.3,43600.0,58700.0,39200.0,47200.0,40000.0,50480.0,65000.0,73100.0,105000.0,130800.0,91000.0,105400.0,7.5,94.9,0.0,4.4,0.7,49.0,16.4,68.2,90.6,9.4,94.7,0.4,3.5,39.2,16.3,18.9,23.2,760000.0,831000.0
L9W,L9W,ON,48790.0,,,40.4,40.4,18.2,65.9,15.9,2.8,81.4,18.6,45600.0,57750.0,40800.0,47680.0,42800.0,53050.0,69500.0,79300.0,110000.0,127500.0,95000.0,105300.0,5.9,93.3,0.0,6.2,0.5,52.5,19.8,69.7,89.8,10.2,92.2,1.3,4.4,34.8,16.0,14.7,22.5,800000.0,895000.0
L9X,L9X,ON,12896.0,,,42.8,40.4,19.0,65.5,15.4,3.0,92.8,7.2,51200.0,76800.0,44800.0,57850.0,44800.0,65600.0,84000.0,101300.0,141000.0,183400.0,118000.0,138600.0,4.4,90.5,0.1,8.9,0.6,61.2,27.8,69.5,89.9,10.2,95.1,0.7,2.1,30.4,13.4,7.8,15.0,1000000.0,1058000.0
L9Y,L9Y,ON,28925.0,,,52.0,48.2,12.8,57.2,30.0,2.2,74.8,25.2,42800.0,64400.0,38400.0,50800.0,30000.0,50040.0,62400.0,83500.0,85000.0,118900.0,74000.0,93900.0,9.7,92.2,0.0,7.6,0.2,57.5,28.2,56.5,87.6,12.4,87.4,1.2,7.0,22.3,13.2,6.5,26.3,750000.0,846000.0
L9Z,L9Z,ON,24849.0,,,56.4,50.4,11.7,53.6,34.7,2.3,85.5,14.5,36800.0,45960.0,34000.0,39600.0,28200.0,40400.0,60400.0,68100.0,76000.0,90100.0,68000.0,77700.0,8.8,93.8,0.0,5.6,0.5,46.4,12.5,47.0,86.1,13.9,92.9,1.5,2.2,31.2,17.4,5.2,20.0,600000.0,634500.0
M1B,M1B,ON,65555.0,,,39.6,40.8,15.3,67.3,17.5,3.2,72.0,28.0,33600.0,40480.0,31600.0,35800.0,31000.0,37200.0,53600.0,58750.0,91000.0,103200.0,82000.0,91300.0,9.6,91.9,0.1,4.1,3.9,52.9,25.6,60.2,83.6,16.4,72.8,22.7,2.0,36.7,58.7,89.3,28.2,700000.0,730000.0
M1C,M1C,ON,35642.0,,,44.4,43.3,14.5,64.4,21.1,3.1,89.2,10.8,44000.0,58300.0,39600.0,47960.0,42000.0,55800.0,75500.0,87600.0,130000.0,148200.0,112000.0,122000.0,5.4,92.0,0.1,6.3,1.7,63.2,36.8,61.2,86.8,13.2,78.0,16.3,1.6,35.9,44.4,60.2,17.3,1000000.0,1072000.0
M1E,M1E,ON,48033.0,,,41.2,41.7,15.7,65.8,18.4,2.8,62.8,37.2,35600.0,44680.0,32800.0,38720.0,31800.0,41240.0,58800.0,67800.0,82000.0,97900.0,74000.0,84900.0,13.1,91.5,0.2,6.2,2.1,55.3,27.8,57.7,84.0,15.9,68.7,25.6,2.9,37.8,48.6,67.3,26.5,800000.0,821000.0
M1G,M1G,ON,30894.0,,,36.8,39.2,17.5,66.6,15.9,3.0,46.0,54.0,30800.0,37880.0,29200.0,33840.0,26400.0,34360.0,52400.0,58200.0,73500.0,86000.0,67500.0,76800.0,17.5,91.4,0.1,4.5,4.0,50.9,26.9,56.7,83.3,16.7,69.0,25.7,2.9,36.6,54.1,80.9,26.5,850000.0,846000.0
M1H,M1H,ON,23964.0,,,38.4,40.8,14.8,68.5,16.8,2.7,61.8,38.2,34000.0,41520.0,31800.0,36480.0,31800.0,39440.0,55600.0,62050.0,80000.0,91700.0,72000.0,80600.0,13.0,91.3,0.1,4.2,4.5,58.0,34.2,60.8,85.1,14.9,67.0,27.5,3.5,36.1,57.7,81.0,30.7,700000.0,719000.0
M1J,M1J,ON,37002.0,,,37.6,39.1,17.9,67.1,14.9,2.9,45.6,54.4,33200.0,39720.0,31200.0,35360.0,28200.0,35320.0,52800.0,57700.0,76500.0,89400.0,70000.0,79600.0,14.3,91.4,0.3,5.4,2.9,51.3,25.3,58.5,82.8,17.2,61.9,32.0,3.6,37.6,55.8,80.3,30.0,800000.0,781000.0
M1K,M1K,ON,48175.0,,,40.4,40.8,15.8,68.0,16.2,2.7,49.6,50.4,33200.0,40120.0,31000.0,35520.0,30000.0,36800.0,54400.0,59450.0,72500.0,86100.0,66500.0,76200.0,14.7,91.7,0.1,4.6,3.5,50.9,26.6,58.2,82.5,17.5,58.6,35.7,2.7,38.3,54.9,75.3,26.5,800000.0,778000.0
M1L,M1L,ON,35833.0,,,38.8,39.6,17.4,68.5,14.0,2.8,50.7,49.3,34000.0,43640.0,32000.0,37960.0,30600.0,41280.0,61200.0,68300.0,78000.0,93700.0,71000.0,81500.0,15.4,90.6,0.1,6.0,3.3,56.1,33.5,61.1,83.2,16.8,58.0,35.3,4.0,37.3,52.3,72.0,27.5,850000.0,856000.0
M1M,M1M,ON,23258.0,,,44.4,43.0,14.8,65.8,19.5,2.7,63.1,36.9,37200.0,52050.0,34000.0,42920.0,34000.0,48800.0,65000.0,80300.0,87000.0,112700.0,77500.0,92900.0,11.7,90.6,0.1,7.1,2.2,57.9,34.0,59.2,84.8,15.1,67.7,25.4,3.4,35.9,42.3,54.3,26.7,1000000.0,1059000.0
M1N,M1N,ON,22976.0,,,44.8,43.2,14.9,66.2,18.9,2.4,65.1,34.9,44000.0,67400.0,39200.0,53000.0,43200.0,66600.0,79000.0,108600.0,90000.0,129600.0,78500.0,101900.0,9.9,90.1,0.1,8.6,1.3,60.3,35.8,62.7,84.9,15.1,70.3,18.8,4.9,33.8,27.2,30.9,27.0,1000000.0,1099000.0
M1P,M1P,ON,45170.0,,,39.6,41.5,14.9,67.0,18.0,2.7,59.2,40.8,33200.0,40960.0,31200.0,35920.0,31600.0,38800.0,56400.0,62350.0,76000.0,87800.0,68500.0,77000.0,14.9,90.7,0.1,4.1,5.2,54.4,31.0,58.6,85.1,14.9,64.3,29.2,3.9,36.0,57.8,80.0,32.2,700000.0,702000.0
M1R,M1R,ON,30467.0,,,41.2,41.8,14.9,67.7,17.4,2.8,55.6,44.4,34400.0,43280.0,32000.0,37720.0,31200.0,39480.0,57200.0,63400.0,81000.0,96700.0,73000.0,84300.0,12.4,90.4,0.1,5.9,3.6,52.9,27.6,60.5,83.7,16.3,68.2,24.5,4.1,33.1,52.2,62.5,30.8,900000.0,918000.0
M1S,M1S,ON,37663.0,,,44.4,44.7,11.7,66.1,22.2,2.8,74.6,25.4,31400.0,41200.0,29400.0,35720.0,28200.0,38160.0,58000.0,64400.0,81000.0,96000.0,73000.0,83300.0,13.1,80.0,0.0,4.0,15.9,53.9,31.4,56.9,84.5,15.5,75.3,20.7,1.8,34.0,64.0,88.6,32.1,800000.0,820000.0
M1T,M1T,ON,34607.0,,,44.8,44.8,13.4,63.0,23.5,2.6,52.4,47.6,31600.0,42160.0,29800.0,36520.0,29200.0,39560.0,57600.0,67200.0,71500.0,89400.0,65500.0,77400.0,16.5,84.8,0.1,5.1,10.1,56.1,32.5,55.2,82.8,17.3,69.4,24.6,3.3,34.9,61.2,76.7,31.6,800000.0,848000.0
M1V,M1V,ON,50825.0,,,45.6,44.7,13.4,63.8,22.8,3.2,81.4,18.6,28800.0,36960.0,27400.0,32920.0,21000.0,32280.0,52800.0,59300.0,82000.0,95000.0,75500.0,84600.0,13.6,73.9,0.0,3.2,22.9,44.9,24.6,52.7,81.7,18.3,79.0,16.7,2.1,34.2,67.5,94.2,32.3,850000.0,838000.0
M1W,M1W,ON,47070.0,,,48.0,46.0,12.3,62.6,25.1,2.8,73.9,26.1,31400.0,41640.0,29600.0,36320.0,28000.0,38640.0,58000.0,66700.0,82000.0,97600.0,74000.0,85200.0,13.4,81.3,0.1,4.8,13.8,54.8,32.1,53.4,83.8,16.2,75.0,19.2,2.7,33.6,65.1,82.1,32.1,780000.0,815000.0
M1X,M1X,ON,14810.0,,,38.4,39.4,16.4,69.5,14.1,4.0,88.0,12.0,34400.0,42240.0,32000.0,36520.0,32400.0,40240.0,56000.0,64000.0,122000.0,133200.0,109000.0,115200.0,5.5,89.3,0.0,4.8,5.9,47.7,25.4,62.4,85.4,14.7,84.8,12.1,0.8,35.0,61.4,96.8,27.4,950000.0,970000.0
M2H,M2H,ON,23396.0,,,48.0,46.4,12.1,61.4,26.5,2.7,75.4,24.6,34400.0,49040.0,32000.0,41040.0,31200.0,45080.0,65500.0,75300.0,91000.0,111000.0,81000.0,92900.0,13.7,85.3,0.1,6.2,8.4,67.3,46.5,54.9,85.5,14.5,74.0,21.5,1.3,35.4,63.3,78.2,25.6,900000.0,1033000.0
M2J,M2J,ON,61761.0,,,38.4,40.9,13.8,69.3,17.0,2.5,51.0,49.0,36000.0,47520.0,33200.0,40480.0,34400.0,45240.0,64500.0,72700.0,83000.0,98000.0,73500.0,83500.0,14.1,87.9,0.1,6.5,5.5,68.3,47.4,63.1,85.1,14.9,63.4,29.8,3.6,35.7,60.6,75.1,36.1,800000.0,897000.0
M2K,M2K,ON,25377.0,,,40.4,43.7,10.1,69.4,20.4,2.1,55.7,44.3,42400.0,59700.0,38400.0,47200.0,41600.0,55600.0,73500.0,86400.0,83000.0,109100.0,72500.0,86300.0,16.2,88.3,0.0,7.5,4.2,76.8,58.7,63.6,86.7,13.3,69.1,22.9,4.1,34.5,58.3,70.9,44.6,800000.0,1184000.0
M2L,M2L,ON,11274.0,,,46.4,44.0,14.0,64.2,21.9,2.8,68.8,31.2,47200.0,120600.0,41600.0,81400.0,40400.0,98600.0,86000.0,180600.0,133000.0,278000.0,109000.0,188000.0,12.6,83.5,0.1,12.3,4.1,70.5,55.1,59.1,89.9,10.1,77.7,14.6,2.9,30.6,51.6,57.6,31.9,2500000.0,3080000.0
M2M,M2M,ON,31915.0,,,44.4,45.1,9.8,67.9,22.3,2.5,57.5,42.5,34000.0,49160.0,31600.0,41080.0,30000.0,45240.0,62800.0,77900.0,81000.0,104500.0,72000.0,87300.0,16.4,87.8,0.1,5.4,6.7,67.0,48.5,59.0,86.8,13.2,60.2,31.2,5.3,35.4,64.3,72.6,42.3,1200000.0,1306000.0
M2N,M2N,ON,75100.0,,,38.0,41.3,11.6,71.8,16.6,2.2,58.9,41.1,40000.0,59000.0,36400.0,47560.0,44000.0,59550.0,76500.0,91900.0,82000.0,106900.0,71000.0,86200.0,18.9,87.5,0.1,6.9,5.6,76.3,60.0,63.6,87.6,12.4,60.6,29.1,7.5,33.5,58.7,73.4,43.3,800000.0,1113000.0
M2P,M2P,ON,7546.0,,,47.2,44.3,14.2,64.1,21.7,2.5,69.1,30.9,51200.0,99100.0,44400.0,72700.0,44800.0,88300.0,86000.0,138600.0,120000.0,203400.0,101000.0,149600.0,12.6,83.0,0.0,13.8,3.1,74.2,58.3,59.6,90.2,9.8,79.5,13.6,3.0,30.1,46.8,49.9,33.5,2400000.0,2576000.0
M2R,M2R,ON,40581.0,,,44.4,44.1,12.7,66.6,20.7,2.6,44.0,56.0,33600.0,45200.0,31400.0,38680.0,28800.0,40240.0,52800.0,65700.0,78000.0,98600.0,70500.0,84500.0,13.6,88.9,0.1,5.8,5.2,64.6,39.1,61.2,85.2,14.8,58.1,34.6,4.3,36.5,64.6,53.5,36.9,900000.0,1079000.0
M3A,M3A,ON,34361.0,,,40.8,41.1,15.3,68.3,16.4,2.6,39.0,61.0,37600.0,51550.0,34400.0,42880.0,34800.0,48320.0,62400.0,78700.0,85000.0,108200.0,75500.0,90000.0,12.1,87.7,0.2,9.2,2.9,60.9,36.5,63.3,84.1,15.9,69.2,23.0,3.9,34.6,49.8,60.5,32.1,990000.0,1101000.0
M3B,M3B,ON,12880.0,,,49.2,45.9,13.9,61.6,24.5,2.6,77.3,22.7,52000.0,111400.0,44800.0,74600.0,45200.0,95100.0,96000.0,165000.0,121000.0,235200.0,101000.0,157600.0,10.4,84.7,0.0,11.7,3.6,71.4,55.7,55.9,90.5,9.5,76.9,13.5,3.7,30.6,47.6,54.8,31.1,2000000.0,2338000.0
M3C,M3C,ON,39616.0,,,40.4,41.7,15.9,64.9,19.2,2.4,45.0,55.0,35200.0,48000.0,32800.0,40400.0,31200.0,44520.0,62800.0,74500.0,74500.0,92500.0,67000.0,77900.0,16.8,88.1,0.1,6.8,5.0,59.7,37.4,58.4,85.3,14.7,64.1,27.2,4.4,34.7,58.7,69.9,35.1,600000.0,799000.0
M3H,M3H,ON,38416.0,,,40.8,40.9,15.6,68.5,15.9,2.6,54.3,45.7,40400.0,63250.0,36800.0,49080.0,37600.0,58100.0,65000.0,90000.0,92000.0,132200.0,81000.0,102600.0,10.6,90.9,0.0,6.2,2.9,65.3,43.2,66.7,87.9,12.1,64.1,27.5,3.7,33.3,47.2,42.4,30.7,1200000.0,1338000.0
M3J,M3J,ON,26600.0,,,36.0,39.3,13.2,72.8,14.0,2.7,47.8,52.2,32800.0,39120.0,30600.0,34560.0,27800.0,35160.0,52000.0,57250.0,75500.0,87100.0,68500.0,77100.0,14.2,91.2,0.1,3.9,4.8,52.4,27.7,61.4,83.7,16.3,59.7,34.2,3.3,36.8,55.2,75.2,32.4,700000.0,735000.0
M3K,M3K,ON,7865.0,,,38.8,40.3,14.7,70.8,14.4,2.7,59.2,40.8,38800.0,49360.0,35600.0,41960.0,38000.0,47360.0,60000.0,70300.0,88000.0,106900.0,77500.0,90900.0,9.2,90.9,0.1,4.3,4.7,56.4,29.7,65.6,86.5,13.5,66.0,27.2,3.9,35.0,49.3,50.1,28.6,1000000.0,1085000.0
M3L,M3L,ON,19263.0,,,40.4,40.8,16.5,66.7,16.8,3.0,59.3,40.7,32400.0,38880.0,30600.0,34720.0,29200.0,35440.0,51600.0,55550.0,77500.0,91500.0,71500.0,81800.0,12.8,89.6,0.1,2.9,7.5,38.0,14.8,58.3,82.5,17.5,70.0,26.5,1.8,36.9,55.1,74.8,26.8,840000.0,827000.0
M3M,M3M,ON,24906.0,,,41.2,41.4,15.2,68.5,16.2,2.6,42.7,57.3,35200.0,42120.0,32400.0,36560.0,33200.0,39520.0,54000.0,60200.0,74000.0,89100.0,67000.0,77400.0,12.3,91.6,0.0,3.2,5.2,45.1,18.8,61.2,83.8,16.2,65.3,29.9,2.6,35.6,55.5,62.6,27.7,900000.0,909000.0
M3N,M3N,ON,40846.0,,,38.0,39.1,18.5,66.6,14.9,3.0,37.3,62.7,29800.0,34200.0,28400.0,31240.0,25400.0,29920.0,44400.0,47600.0,66500.0,77400.0,62400.0,70700.0,18.1,89.5,0.1,2.6,7.8,34.2,11.7,53.7,80.2,19.8,65.8,29.3,2.6,36.6,58.7,84.0,27.5,700000.0,681000.0
M4A,M4A,ON,14589.0,,,44.0,44.1,14.6,63.6,21.8,2.4,49.5,50.5,34800.0,46040.0,32400.0,39520.0,34000.0,43840.0,62800.0,72200.0,70500.0,88700.0,63600.0,76200.0,16.4,89.2,0.1,7.2,3.6,56.6,29.0,59.2,83.9,16.1,66.8,26.7,4.5,35.3,50.1,60.9,30.0,800000.0,845000.0
M4B,M4B,ON,18612.0,,,43.2,42.4,15.2,67.1,17.8,2.4,47.8,52.2,38400.0,54250.0,35200.0,45120.0,36400.0,51950.0,67000.0,84300.0,78000.0,105800.0,69500.0,88000.0,12.9,88.9,0.2,8.8,2.1,55.6,28.3,60.5,84.1,15.9,63.0,27.3,4.8,35.5,37.9,42.4,29.7,1000000.0,1141000.0
M4C,M4C,ON,46440.0,,,40.0,40.1,17.1,68.7,14.3,2.4,53.4,46.6,40000.0,55400.0,36400.0,46040.0,41200.0,55400.0,75000.0,87100.0,83000.0,106000.0,73000.0,88000.0,12.8,86.3,0.1,11.0,2.7,63.3,41.2,65.9,85.8,14.2,49.4,36.7,7.5,36.0,38.5,46.9,28.8,1000000.0,977000.0
M4E,M4E,ON,25473.0,,,42.8,41.3,17.4,66.6,16.0,2.3,64.1,35.9,56800.0,96200.0,48800.0,69200.0,59200.0,99000.0,98000.0,149000.0,112000.0,175800.0,94000.0,126700.0,8.8,83.8,0.0,15.7,0.6,72.6,53.5,69.3,88.8,11.2,59.4,20.2,12.3,31.3,20.5,18.7,24.9,1250000.0,1414000.0
M4G,M4G,ON,19598.0,,,44.4,42.6,16.5,64.8,18.7,2.4,67.7,32.3,63600.0,127400.0,54000.0,87500.0,60800.0,127500.0,106000.0,193800.0,130000.0,244400.0,106000.0,168000.0,6.6,85.0,0.1,14.3,0.6,75.0,59.5,65.7,88.8,11.2,69.6,12.9,12.3,28.2,25.2,24.6,26.8,1800000.0,1856000.0
M4H,M4H,ON,18698.0,,,34.0,35.6,25.0,62.4,12.6,3.1,10.2,89.8,28000.0,34240.0,27000.0,31240.0,16800.0,28280.0,50000.0,54700.0,64500.0,72300.0,60400.0,65900.0,25.5,90.4,0.1,3.9,5.7,49.5,31.1,53.2,80.6,19.4,56.2,31.1,8.6,35.2,65.0,85.3,36.0,480000.0,522000.0
M4J,M4J,ON,35128.0,,,42.0,41.5,16.9,66.2,16.9,2.4,61.7,38.3,43200.0,66300.0,39200.0,52950.0,49600.0,69000.0,87000.0,105000.0,93000.0,127200.0,81000.0,101600.0,11.1,83.2,0.1,13.3,3.4,63.4,42.6,65.6,87.6,12.4,53.3,30.0,8.2,31.4,31.6,33.7,23.6,1100000.0,1176000.0
M4K,M4K,ON,30913.0,,,43.2,42.9,14.3,67.5,18.2,2.2,44.5,55.5,45600.0,75600.0,40400.0,57700.0,46400.0,75600.0,86000.0,121400.0,84000.0,134600.0,72500.0,102800.0,11.5,81.8,0.0,15.5,2.7,68.0,49.3,66.2,87.4,12.6,46.4,31.0,12.2,30.6,31.3,26.9,30.9,1500000.0,1494000.0
M4L,M4L,ON,32218.0,,,40.8,40.0,18.1,68.3,13.6,2.3,60.7,39.3,51600.0,78300.0,45200.0,60050.0,57200.0,81300.0,93000.0,121300.0,101000.0,143800.0,86000.0,110300.0,10.6,83.1,0.1,14.2,2.6,66.0,46.4,67.8,88.3,11.7,58.3,22.0,10.3,31.8,24.0,29.1,25.5,1200000.0,1257000.0
M4M,M4M,ON,25052.0,,,38.8,40.4,13.5,73.8,12.7,2.2,56.0,44.0,49200.0,74100.0,43600.0,57650.0,56400.0,76800.0,89000.0,112300.0,99000.0,134200.0,85000.0,104500.0,12.0,80.1,0.1,13.4,6.5,67.0,48.6,72.6,87.3,12.7,47.4,25.3,15.5,31.1,29.8,41.6,27.4,1000000.0,1142000.0
M4N,M4N,ON,16058.0,,,46.8,45.2,14.9,61.1,24.1,2.4,63.9,36.1,65000.0,205400.0,54400.0,129000.0,56000.0,192800.0,112000.0,287200.0,146000.0,399600.0,118000.0,251600.0,8.2,81.5,0.0,17.4,1.1,76.5,63.5,60.2,89.5,10.5,60.7,23.0,9.6,29.6,28.1,27.3,27.3,2300000.0,2852000.0
M4P,M4P,ON,25057.0,,,36.8,40.2,10.1,76.2,13.7,1.8,25.5,74.5,47600.0,70400.0,42400.0,54950.0,47600.0,67500.0,74500.0,101900.0,74500.0,107800.0,64500.0,84200.0,16.2,85.3,0.1,12.7,1.8,78.8,59.1,72.7,87.4,12.6,43.6,38.0,12.2,33.5,41.1,45.6,41.3,900000.0,1184000.0
M4R,M4R,ON,11909.0,,,40.4,40.9,14.9,68.8,16.2,2.2,48.6,51.4,58400.0,126100.0,49600.0,85200.0,55200.0,126100.0,102000.0,187400.0,107000.0,222000.0,88000.0,150200.0,9.7,81.9,0.0,17.0,1.1,77.6,63.0,68.8,89.4,10.6,52.2,31.2,10.0,30.9,28.8,31.2,32.7,1900000.0,2054000.0
M4S,M4S,ON,30754.0,,,38.0,40.9,12.6,72.0,15.4,1.9,38.7,61.3,54800.0,80100.0,47600.0,61050.0,56000.0,79600.0,84000.0,114300.0,88000.0,128200.0,75000.0,97900.0,12.3,85.7,0.1,12.7,1.5,80.0,64.1,72.3,89.7,10.3,44.0,38.7,11.1,31.9,36.3,40.1,37.0,1100000.0,1258000.0
M4T,M4T,ON,10332.0,,,46.8,46.1,12.8,61.7,25.5,2.0,49.2,50.8,67500.0,172000.0,56400.0,105100.0,60400.0,167800.0,100000.0,259600.0,114000.0,290000.0,94000.0,177400.0,8.4,82.5,0.0,16.8,0.5,80.0,66.3,61.6,90.5,9.5,52.9,29.2,13.0,28.0,26.4,20.8,34.8,2000000.0,2266000.0
M4V,M4V,ON,19273.0,,,45.2,46.3,10.4,64.3,25.3,1.9,43.9,56.1,62400.0,155800.0,52800.0,106200.0,54000.0,141400.0,85000.0,191400.0,99000.0,251200.0,83000.0,171200.0,10.1,82.4,0.1,17.0,0.7,79.5,63.6,67.3,90.6,9.4,48.0,26.0,17.3,29.2,29.2,24.9,36.1,1900000.0,2340000.0
M4W,M4W,ON,15296.0,,,44.8,45.4,9.5,66.6,23.9,1.9,56.0,44.0,62400.0,177600.0,52000.0,115500.0,54000.0,165800.0,97000.0,270000.0,104000.0,292000.0,85000.0,190200.0,12.7,82.0,0.1,16.9,1.0,81.2,68.3,62.7,90.0,10.0,45.8,25.3,21.0,26.0,33.7,31.7,38.5,1500000.0,2546000.0
M4X,M4X,ON,19896.0,,,39.2,40.7,12.4,74.0,13.6,2.0,15.4,84.6,33600.0,49920.0,31600.0,41480.0,31000.0,48600.0,60800.0,80300.0,58800.0,83700.0,53200.0,69600.0,22.1,87.7,0.3,9.3,2.8,63.7,41.4,63.4,83.1,16.9,28.3,44.0,18.1,33.7,51.5,66.4,32.0,1200000.0,1286000.0
M4Y,M4Y,ON,36319.0,,,33.2,38.6,4.4,85.0,10.6,1.5,28.5,71.5,43200.0,58250.0,39200.0,47440.0,44400.0,57200.0,74500.0,89400.0,62400.0,82400.0,55200.0,67100.0,23.5,86.1,0.0,12.5,1.4,77.7,61.8,72.0,84.7,15.3,25.9,30.8,34.1,30.0,39.1,53.7,50.2,700000.0,770000.0
M5A,M5A,ON,48978.0,,,36.4,39.6,9.5,78.9,11.6,1.8,35.2,64.8,43200.0,64700.0,39200.0,51550.0,48800.0,65800.0,81000.0,98800.0,71000.0,98500.0,62400.0,78500.0,20.7,84.6,0.2,12.5,2.7,70.9,50.5,70.0,85.9,14.1,34.8,28.4,25.1,30.2,39.3,53.4,33.8,730000.0,861000.0
M5B,M5B,ON,17422.0,,,31.4,36.7,5.5,85.3,9.2,1.6,28.4,71.6,38000.0,54600.0,35200.0,44800.0,38800.0,54750.0,74000.0,85200.0,58000.0,79000.0,52400.0,64900.0,26.0,85.8,0.1,11.5,2.6,76.6,61.6,71.3,84.7,15.3,24.7,30.3,37.0,29.8,43.3,65.6,50.0,750000.0,805000.0
M5C,M5C,ON,3149.0,,,36.4,40.3,6.0,84.1,9.8,1.6,47.3,52.7,59600.0,77000.0,51600.0,60450.0,61600.0,75300.0,87000.0,102800.0,89000.0,112800.0,75000.0,89000.0,14.3,85.1,0.3,12.8,1.8,81.6,62.1,77.7,85.8,14.0,28.1,24.4,38.1,27.1,37.6,49.8,35.2,695000.0,736000.0
M5E,M5E,ON,11779.0,,,34.4,39.8,5.6,82.2,12.1,1.6,41.7,58.3,67000.0,93900.0,56800.0,70300.0,71500.0,95700.0,96000.0,131000.0,98000.0,138400.0,81000.0,103600.0,13.6,86.1,0.0,12.4,1.4,85.7,71.1,77.8,91.0,9.0,35.4,17.4,38.6,27.5,40.8,52.5,37.0,800000.0,932000.0
M5G,M5G,ON,9751.0,,,30.8,34.2,8.2,85.1,6.7,1.7,29.6,70.4,43600.0,59850.0,40000.0,48360.0,49600.0,61400.0,76500.0,90200.0,67500.0,87000.0,59600.0,70300.0,24.1,86.7,0.1,10.7,2.5,81.1,70.7,73.9,86.4,13.5,16.3,20.7,55.4,23.7,43.5,72.2,51.3,700000.0,784000.0
M5H,M5H,ON,3248.0,,,31.4,35.2,5.7,88.4,6.0,1.6,35.8,64.2,60000.0,102800.0,52000.0,73900.0,64500.0,101900.0,92000.0,147600.0,90000.0,143400.0,75500.0,103000.0,19.7,86.9,0.2,11.6,1.5,87.1,76.8,80.5,88.4,11.6,25.3,20.5,43.2,27.2,43.0,64.6,45.1,850000.0,1232000.0
M5J,M5J,ON,16879.0,,,33.6,39.1,6.0,82.1,11.9,1.7,43.4,56.6,62800.0,83100.0,54000.0,63650.0,66000.0,81100.0,88000.0,110900.0,94000.0,124300.0,78500.0,95200.0,13.9,87.1,0.1,11.3,1.4,87.4,73.7,79.2,90.5,9.5,28.6,22.2,39.5,29.1,47.6,56.9,39.1,755000.0,849000.0
M5M,M5M,ON,25495.0,,,43.2,40.7,19.4,64.1,16.5,2.8,76.3,23.7,62000.0,124900.0,52400.0,85700.0,60000.0,122800.0,118000.0,194400.0,164000.0,268800.0,132000.0,184600.0,6.4,86.6,0.0,12.4,1.0,73.2,60.0,65.1,89.6,10.4,68.3,17.4,7.8,28.6,25.9,25.2,22.0,2000000.0,2134000.0
M5N,M5N,ON,16154.0,,,41.6,41.5,17.1,64.0,18.8,2.5,49.2,50.8,50400.0,116800.0,44400.0,81200.0,44800.0,105500.0,85000.0,168400.0,110000.0,233400.0,93000.0,162400.0,9.0,85.5,0.1,13.4,1.1,70.7,55.7,65.5,88.8,11.2,61.1,25.3,7.4,31.3,31.0,25.2,28.9,2100000.0,2418000.0
M5P,M5P,ON,19791.0,,,43.2,44.4,12.0,64.9,23.1,2.1,39.1,60.9,56800.0,125000.0,48800.0,84700.0,50000.0,108000.0,79500.0,173600.0,99000.0,221000.0,84000.0,149800.0,9.8,84.2,0.1,14.9,0.8,76.4,61.0,66.0,89.6,10.5,53.9,26.3,9.4,28.2,27.6,24.3,36.7,2200000.0,2796000.0
M5R,M5R,ON,26197.0,,,42.0,45.5,7.7,68.7,23.5,1.8,38.6,61.4,54000.0,124300.0,46400.0,85900.0,48800.0,113600.0,82000.0,154000.0,86000.0,199600.0,73500.0,138000.0,14.5,81.1,0.1,17.8,1.0,79.7,65.0,68.1,88.4,11.6,38.5,25.3,23.6,29.3,29.6,28.1,38.6,2000000.0,2176000.0
M5S,M5S,ON,17074.0,,,33.2,40.0,5.5,78.0,16.5,1.8,35.9,64.1,42000.0,75900.0,38400.0,55600.0,40400.0,67600.0,76500.0,111100.0,70000.0,118700.0,61600.0,87000.0,21.6,83.7,0.1,14.0,2.3,76.8,64.5,67.2,84.8,15.2,30.9,23.8,32.1,27.7,38.1,50.9,49.2,1000000.0,1322000.0
M5T,M5T,ON,17903.0,,,36.0,41.7,6.8,76.3,16.9,1.9,31.7,68.3,31600.0,52800.0,29800.0,42280.0,30600.0,54000.0,70500.0,96000.0,61600.0,91800.0,55600.0,73500.0,22.7,77.7,0.1,10.1,12.0,61.0,44.7,61.6,81.7,18.3,23.7,24.3,41.9,28.0,42.5,62.9,40.7,880000.0,967000.0
M5V,M5V,ON,59912.0,,,32.0,34.6,6.3,89.1,4.5,1.6,41.8,58.2,63200.0,81100.0,54000.0,62700.0,65500.0,80600.0,85000.0,106100.0,91000.0,117700.0,76000.0,91000.0,13.4,85.5,0.1,12.8,1.6,85.6,70.3,85.5,91.0,9.0,37.8,22.7,29.4,30.7,39.9,52.9,42.0,700000.0,791000.0
M6A,M6A,ON,22380.0,,,37.6,39.7,16.5,67.9,15.6,2.4,40.5,59.5,36000.0,51120.0,33600.0,43000.0,32800.0,45960.0,60000.0,71600.0,72500.0,96600.0,65000.0,81300.0,15.1,91.5,0.1,5.5,2.9,57.9,34.9,63.6,86.0,14.0,54.0,35.0,7.8,33.3,49.6,56.1,30.1,700000.0,946000.0
M6B,M6B,ON,28534.0,,,42.0,42.4,15.5,65.0,19.5,2.6,49.7,50.3,38400.0,60750.0,35200.0,48880.0,36800.0,56550.0,61600.0,88500.0,86000.0,125000.0,76000.0,100700.0,10.5,89.8,0.1,6.1,4.1,58.5,36.7,61.4,86.0,14.0,58.1,31.6,5.6,32.8,48.5,38.9,30.3,1000000.0,1290000.0
M6C,M6C,ON,23997.0,,,40.4,41.3,16.0,66.5,17.5,2.3,50.0,50.0,45600.0,79800.0,40800.0,59800.0,45600.0,78900.0,81000.0,122200.0,91000.0,150200.0,79000.0,112500.0,10.4,85.6,0.1,12.1,2.3,69.0,50.4,69.5,89.2,10.8,50.6,32.8,7.8,32.7,33.6,30.9,29.4,1390000.0,1594000.0
M6E,M6E,ON,37684.0,,,40.8,41.9,13.6,69.8,16.6,2.5,54.8,45.2,36800.0,47920.0,34000.0,40800.0,37200.0,47080.0,61200.0,70800.0,82000.0,99800.0,72500.0,84900.0,11.1,85.6,0.1,7.0,7.3,50.3,27.1,64.8,87.1,12.8,57.8,33.9,4.7,38.0,47.7,42.4,27.4,980000.0,1000000.0
M6G,M6G,ON,30600.0,,,39.6,43.0,11.7,69.1,19.1,2.3,49.4,50.6,43600.0,71200.0,39200.0,55700.0,44400.0,70000.0,79000.0,112700.0,91000.0,137400.0,80000.0,107600.0,10.2,79.0,0.1,16.1,4.8,66.8,50.5,69.7,87.7,12.3,44.8,24.7,14.3,31.1,31.5,27.5,31.4,1400000.0,1524000.0
M6H,M6H,ON,43730.0,,,38.4,41.0,11.8,73.5,14.7,2.3,48.5,51.5,40400.0,56150.0,36400.0,46280.0,40800.0,54550.0,70000.0,83800.0,83000.0,107300.0,73000.0,88500.0,10.6,81.4,0.1,12.3,6.3,60.7,40.7,68.8,86.6,13.4,47.8,30.1,10.3,33.5,36.7,32.8,32.8,1000000.0,1191000.0
M6J,M6J,ON,32111.0,,,36.8,40.3,9.9,77.1,13.1,2.0,49.3,50.7,46800.0,71700.0,41600.0,55700.0,50400.0,71500.0,78000.0,103700.0,90000.0,127900.0,77500.0,99400.0,10.9,79.4,0.1,13.5,7.0,66.0,49.6,73.5,88.4,11.6,40.5,24.8,19.0,30.8,32.9,32.9,35.1,1100000.0,1251000.0
M6K,M6K,ON,42110.0,,,35.6,39.6,8.4,80.2,11.5,1.8,30.7,69.3,42800.0,58100.0,38800.0,47520.0,46400.0,58050.0,72500.0,85400.0,72000.0,92400.0,63200.0,75500.0,16.0,85.5,0.1,10.8,3.6,66.6,46.3,74.5,86.7,13.3,39.8,35.2,13.6,34.6,38.0,45.9,38.8,800000.0,895000.0
M6L,M6L,ON,20156.0,,,42.4,42.6,15.6,64.9,19.4,2.7,47.5,52.5,34000.0,43960.0,31800.0,38080.0,30000.0,39560.0,54400.0,64100.0,74000.0,94900.0,68000.0,82200.0,13.5,90.4,0.0,3.6,6.0,44.1,18.8,57.1,83.2,16.8,69.2,26.2,2.1,34.0,51.7,55.6,23.5,1000000.0,1074000.0
M6M,M6M,ON,42148.0,,,40.0,40.6,16.2,68.2,15.6,2.6,46.2,53.8,34000.0,41880.0,31800.0,36680.0,31600.0,38920.0,52800.0,60650.0,71500.0,86700.0,65000.0,75900.0,14.3,89.8,0.1,4.1,6.0,42.6,16.7,59.9,83.2,16.9,65.0,29.7,2.8,38.1,53.2,62.1,28.5,800000.0,838000.0
M6N,M6N,ON,40252.0,,,40.8,41.4,14.6,69.0,16.3,2.5,57.7,42.3,34800.0,45000.0,32000.0,38760.0,35200.0,43960.0,62000.0,67200.0,75500.0,91800.0,68000.0,79100.0,14.2,87.0,0.2,6.1,6.7,44.6,21.1,59.5,85.1,14.9,62.7,28.3,4.9,37.9,46.5,46.7,26.6,850000.0,859000.0
M6P,M6P,ON,39870.0,,,39.2,40.8,13.5,72.1,14.4,2.1,42.5,57.5,48000.0,67400.0,42800.0,53550.0,49200.0,66000.0,80000.0,98000.0,86000.0,116700.0,74500.0,92800.0,11.1,83.0,0.1,14.9,2.0,72.9,53.3,72.6,87.3,12.7,47.8,32.9,9.6,33.9,31.3,27.5,32.3,1100000.0,1220000.0
M6R,M6R,ON,19349.0,,,39.2,39.9,15.3,72.4,12.3,2.2,51.0,49.0,53200.0,85100.0,46400.0,64200.0,53200.0,83900.0,89000.0,127200.0,104000.0,154800.0,88000.0,116800.0,8.5,77.9,0.1,20.6,1.4,74.1,56.7,75.1,89.7,10.3,49.2,23.5,14.4,31.5,21.6,18.1,30.0,1500000.0,1600000.0
M6S,M6S,ON,34029.0,,,41.6,41.2,17.2,66.3,16.5,2.3,67.5,32.5,56800.0,86900.0,49200.0,65800.0,58800.0,86500.0,97000.0,129400.0,108000.0,161200.0,91000.0,122200.0,8.5,82.7,0.1,16.1,1.1,72.1,54.1,68.0,89.0,11.0,59.9,24.2,7.8,31.8,28.4,24.7,24.0,1200000.0,1334000.0
M7A,M7A,ON,5.0,,,,,,,,,,,,,,,,,,,,,,,,,,,,,,,,,,,,,,,,,
M8V,M8V,ON,44144.0,,,40.0,42.3,11.3,71.8,16.9,1.9,48.7,51.3,45600.0,64500.0,40800.0,51550.0,46000.0,60200.0,75000.0,89800.0,79000.0,105900.0,68500.0,84700.0,14.1,87.8,0.1,9.9,2.3,68.5,44.2,69.2,87.5,12.5,69.3,21.0,4.9,32.6,41.7,39.7,37.3,800000.0,900000.0
M8W,M8W,ON,22381.0,,,41.6,42.0,15.0,68.4,16.6,2.4,64.5,35.5,45200.0,61100.0,40800.0,49000.0,47200.0,60700.0,76000.0,89900.0,95000.0,119700.0,82000.0,96000.0,8.4,89.2,0.1,8.3,2.4,60.9,35.1,67.5,88.6,11.4,74.4,16.8,4.7,30.9,33.9,28.9,25.8,1000000.0,1105000.0
M8X,M8X,ON,10624.0,,,50.8,47.8,13.0,58.7,28.4,2.3,71.7,28.3,68000.0,138200.0,56800.0,93900.0,60000.0,133000.0,112000.0,219000.0,139000.0,262800.0,113000.0,178600.0,5.9,86.1,0.0,12.9,1.0,76.4,60.5,59.7,90.8,9.2,67.7,20.7,5.3,31.0,26.6,15.7,26.6,1800000.0,1840000.0
M8Y,M8Y,ON,21986.0,,,40.8,41.4,15.0,69.7,15.3,2.2,56.3,43.7,48000.0,74100.0,42800.0,56300.0,48800.0,72900.0,81000.0,109400.0,91000.0,132800.0,78000.0,101000.0,11.0,88.5,0.1,9.0,2.4,69.2,45.2,69.7,87.9,12.1,72.9,18.5,4.4,31.7,36.3,26.9,29.6,1000000.0,1221000.0
M8Z,M8Z,ON,19312.0,,,40.4,41.3,14.5,69.8,15.7,2.5,79.8,20.2,51200.0,73900.0,45200.0,57800.0,54800.0,74500.0,86000.0,109100.0,111000.0,148200.0,94000.0,116000.0,6.3,88.4,0.1,8.9,2.6,68.4,44.5,68.7,89.3,10.7,72.5,18.5,4.8,30.9,36.8,32.4,25.5,1000000.0,1175000.0
M9A,M9A,ON,36642.0,,,43.2,43.8,13.0,66.1,20.9,2.3,50.9,49.1,46800.0,84500.0,41200.0,61050.0,43600.0,76300.0,77000.0,121400.0,93000.0,162600.0,80000.0,117400.0,10.8,88.0,0.1,9.3,2.7,67.6,46.0,64.9,88.0,12.0,68.2,24.3,3.7,32.7,41.1,34.0,28.8,1500000.0,1628000.0
M9B,M9B,ON,33236.0,,,42.0,42.0,15.5,66.6,17.9,2.6,73.9,26.1,47200.0,69400.0,42000.0,54500.0,46400.0,66700.0,81000.0,104800.0,108000.0,146200.0,92000.0,114800.0,7.7,88.5,0.0,9.2,2.2,67.5,43.4,65.5,87.7,12.3,75.7,17.3,3.3,30.2,41.0,36.1,24.3,1000000.0,1178000.0
M9C,M9C,ON,38725.0,,,45.6,44.9,13.3,64.4,22.3,2.5,70.9,29.1,43600.0,58300.0,39200.0,47720.0,41600.0,55500.0,70000.0,84900.0,95000.0,120800.0,83000.0,98900.0,7.8,90.0,0.1,7.3,2.6,61.6,36.1,61.8,87.0,13.0,77.5,15.2,3.3,31.0,44.6,33.1,27.6,800000.0,871000.0
M9L,M9L,ON,11737.0,,,41.6,42.3,14.7,65.2,20.1,3.1,74.6,25.4,31200.0,38640.0,29600.0,34240.0,28800.0,35760.0,53600.0,57700.0,81000.0,96300.0,74000.0,85300.0,11.7,89.6,0.0,2.4,8.0,43.1,19.7,56.4,82.7,17.3,77.4,18.8,1.7,35.2,55.3,65.1,27.1,850000.0,832000.0
M9M,M9M,ON,24245.0,,,38.0,39.2,17.3,68.5,14.2,3.0,54.3,45.7,34000.0,40760.0,32000.0,35960.0,31600.0,37680.0,53200.0,58800.0,82000.0,94200.0,74000.0,83200.0,12.3,90.8,0.1,3.3,5.8,45.1,20.9,59.9,84.4,15.7,72.4,22.1,2.5,34.9,56.6,75.6,27.7,800000.0,831000.0
M9N,M9N,ON,26059.0,,,39.6,40.2,16.3,68.5,15.2,2.5,42.4,57.6,35600.0,44160.0,33200.0,38320.0,33600.0,41840.0,58000.0,65800.0,69500.0,86400.0,62800.0,75000.0,16.2,91.3,0.1,4.8,3.8,46.2,18.5,59.7,83.3,16.7,67.4,27.0,3.1,35.5,47.5,62.6,34.2,850000.0,860000.0
M9P,M9P,ON,20645.0,,,45.2,44.6,15.4,61.7,23.0,2.6,61.6,38.4,41200.0,59050.0,37600.0,48680.0,38000.0,56150.0,70500.0,91200.0,91000.0,123700.0,80000.0,102000.0,11.0,90.0,0.1,6.7,3.2,57.9,30.5,58.2,85.8,14.3,76.7,18.6,2.2,33.5,46.0,37.1,24.2,1000000.0,1097000.0
M9R,M9R,ON,33783.0,,,40.8,41.7,16.5,64.0,19.4,2.7,50.6,49.4,36000.0,46960.0,33600.0,40400.0,32000.0,42720.0,60400.0,69900.0,82000.0,101600.0,74000.0,87400.0,12.3,90.4,0.2,6.2,3.2,51.6,26.9,58.3,83.6,16.4,75.7,19.4,2.5,31.5,49.3,56.6,30.7,900000.0,910000.0
M9V,M9V,ON,53878.0,,,37.2,39.2,16.1,68.8,15.1,3.2,54.3,45.7,31000.0,36840.0,29400.0,33040.0,26800.0,33360.0,48400.0,53250.0,82000.0,93200.0,74500.0,83700.0,13.1,90.4,0.1,3.4,6.1,44.9,21.7,58.2,83.2,16.7,72.2,23.0,2.3,34.0,60.2,85.0,28.5,800000.0,772000.0
M9W,M9W,ON,40977.0,,,38.8,40.7,14.7,68.9,16.5,2.9,58.0,42.0,34400.0,42040.0,32400.0,36920.0,31200.0,38560.0,54800.0,60600.0,85000.0,98100.0,76000.0,86300.0,11.1,92.3,0.1,4.2,3.5,50.5,24.0,61.6,85.0,14.9,73.4,21.9,2.2,33.0,51.5,72.9,26.7,850000.0,832000.0
N0A,N0A,ON,31957.0,,,50.8,46.4,14.4,59.1,26.5,2.4,87.6,12.4,42000.0,50760.0,38000.0,43040.0,34800.0,43480.0,62400.0,68900.0,88000.0,102300.0,77500.0,86700.0,8.4,96.8,0.0,3.0,0.2,50.6,12.3,56.5,90.8,9.2,94.2,0.1,3.8,31.2,8.1,2.4,16.3,592000.0,617500.0
N0B,N0B,ON,86919.0,,,42.8,41.3,18.7,62.9,18.4,2.9,88.0,12.0,48800.0,64700.0,43200.0,52150.0,43600.0,57900.0,70000.0,85700.0,120000.0,145400.0,102000.0,117300.0,5.9,93.6,0.0,5.5,1.0,54.5,23.2,68.4,93.0,7.0,92.3,0.5,4.5,27.5,12.0,7.2,14.8,850000.0,933000.0
N0C,N0C,ON,17537.0,,,43.6,42.2,18.8,60.6,20.6,2.6,86.0,14.0,39200.0,49680.0,35600.0,41920.0,31800.0,43000.0,54000.0,65200.0,85000.0,101800.0,75500.0,86000.0,11.3,93.0,0.1,5.1,1.9,45.1,13.3,61.5,91.0,9.0,92.0,0.3,5.2,35.5,9.6,7.3,19.8,600000.0,675000.0
N0E,N0E,ON,36557.0,,,46.0,43.6,16.7,61.4,21.9,2.6,87.6,12.4,41200.0,52050.0,37200.0,43560.0,35600.0,45280.0,61200.0,69600.0,92000.0,109800.0,81000.0,92000.0,8.1,96.3,0.0,3.0,0.7,47.9,13.1,60.5,91.3,8.7,96.0,0.2,2.4,29.2,10.3,2.5,13.1,600000.0,664000.0
N0G,N0G,ON,86935.0,,,40.8,41.1,20.3,59.1,20.5,2.6,79.9,20.1,40000.0,49280.0,36400.0,41840.0,35200.0,43720.0,54800.0,62400.0,83000.0,98800.0,74000.0,84000.0,12.8,95.7,0.0,3.0,1.3,42.8,10.3,65.4,94.3,5.7,92.1,0.2,5.5,26.3,5.9,2.3,15.7,492000.0,535500.0
N0H,N0H,ON,53674.0,,,52.8,47.6,14.1,57.2,28.7,2.3,85.6,14.4,41600.0,60500.0,37600.0,48840.0,30800.0,52050.0,63600.0,88600.0,86000.0,115400.0,76000.0,93200.0,10.4,93.8,0.0,6.0,0.2,57.9,22.1,55.0,91.2,8.8,91.1,0.3,5.3,25.2,9.1,3.8,15.3,600000.0,690000.0
N0J,N0J,ON,33457.0,,,38.4,38.8,21.8,61.7,16.5,2.9,84.7,15.3,42400.0,51080.0,38400.0,43280.0,37200.0,43800.0,58400.0,63300.0,97000.0,111200.0,85000.0,94400.0,8.3,96.1,0.0,2.9,1.0,45.2,11.2,67.8,92.5,7.5,94.8,0.0,3.6,27.1,11.2,2.8,13.3,600000.0,659000.0
N0K,N0K,ON,24817.0,,,38.4,39.7,21.1,60.6,18.3,2.7,79.9,20.1,42800.0,50600.0,38800.0,43120.0,36800.0,43760.0,54400.0,61150.0,90000.0,104600.0,79500.0,89300.0,9.0,97.1,0.0,2.0,0.8,43.7,11.3,71.1,94.7,5.3,90.6,0.2,6.5,23.6,6.6,2.0,13.5,500000.0,538000.0
N0L,N0L,ON,49817.0,,,44.0,42.3,17.9,62.7,19.4,2.6,86.8,13.2,45200.0,55250.0,40800.0,46040.0,40800.0,49480.0,65000.0,73300.0,100000.0,115100.0,87000.0,95900.0,7.0,95.4,0.0,4.2,0.4,54.3,17.4,65.3,91.4,8.6,94.7,0.2,3.6,27.4,8.7,2.9,11.8,576000.0,612000.0
N0M,N0M,ON,69177.0,,,46.0,43.9,17.2,59.3,23.5,2.5,81.6,18.4,44400.0,53500.0,40000.0,44640.0,38000.0,46440.0,60400.0,69400.0,91000.0,106400.0,80000.0,88800.0,8.0,96.4,0.0,3.4,0.2,53.6,16.4,63.7,92.7,7.3,92.7,0.1,5.0,25.9,7.8,2.8,13.5,500000.0,584000.0
N0N,N0N,ON,42297.0,,,45.2,43.5,17.0,60.4,22.6,2.5,85.3,14.7,46000.0,58300.0,40800.0,48240.0,36800.0,51450.0,71500.0,84000.0,96000.0,114900.0,84000.0,95100.0,7.1,94.1,0.0,5.6,0.2,56.5,15.6,58.4,90.8,9.2,94.4,0.2,3.5,22.7,6.8,2.7,10.7,448000.0,487600.0
N0P,N0P,ON,53140.0,,,46.0,43.7,16.8,60.6,22.6,2.4,80.9,19.1,40000.0,48640.0,36400.0,41440.0,31800.0,40920.0,55200.0,64100.0,80000.0,96600.0,71500.0,82400.0,10.2,92.3,0.0,6.6,1.0,45.0,11.2,59.3,91.2,8.8,94.6,0.1,3.4,24.3,8.9,3.9,12.8,352000.0,417600.0
N0R,N0R,ON,50203.0,,,43.2,41.6,17.3,65.0,17.8,2.7,90.8,9.2,47200.0,59250.0,42000.0,49040.0,40000.0,51900.0,70000.0,81000.0,107000.0,127800.0,92000.0,105900.0,4.9,85.6,0.1,13.7,0.6,53.4,20.3,65.0,87.5,12.5,96.5,0.1,1.8,24.8,12.0,9.1,11.3,500000.0,567500.0
N1A,N1A,ON,12614.0,,,47.2,44.5,16.9,58.9,24.3,2.5,78.9,21.1,37600.0,45600.0,34800.0,39720.0,33600.0,41480.0,58800.0,63300.0,77500.0,89600.0,70000.0,78100.0,10.5,97.5,0.0,2.3,0.2,43.7,8.3,56.1,92.6,7.3,92.7,0.0,5.5,29.7,7.3,2.9,17.8,500000.0,582000.0
N1C,N1C,ON,3678.0,,,43.6,40.5,16.6,69.8,13.7,3.0,94.2,5.8,55200.0,77000.0,48000.0,60450.0,54400.0,71400.0,89000.0,100000.0,153000.0,184800.0,127000.0,145200.0,3.3,89.1,0.0,9.9,1.1,68.4,41.9,67.9,91.2,9.0,94.4,2.0,1.6,25.9,19.7,20.9,8.3,900000.0,920000.0
N1E,N1E,ON,44799.0,,,38.4,39.7,18.2,66.3,15.5,2.5,74.0,26.0,46800.0,55050.0,41600.0,46400.0,45600.0,51200.0,65000.0,72800.0,96000.0,109600.0,84000.0,92400.0,6.7,90.3,0.1,8.7,0.9,58.4,30.0,69.5,90.3,9.6,90.2,3.4,4.1,24.9,19.0,18.0,20.1,695000.0,706000.0
N1G,N1G,ON,29688.0,,,37.6,40.7,14.4,66.9,18.7,2.6,65.4,34.6,43200.0,56750.0,38400.0,47040.0,36000.0,49640.0,68000.0,82700.0,98000.0,120300.0,86000.0,99800.0,8.1,88.3,0.0,10.5,1.2,62.8,41.0,65.4,87.9,12.1,85.2,5.2,5.6,24.5,24.0,24.8,23.1,750000.0,804000.0
N1H,N1H,ON,42178.0,,,41.2,42.3,15.1,65.5,19.4,2.3,53.7,46.3,41600.0,53550.0,37600.0,44560.0,38000.0,49480.0,60000.0,77300.0,77000.0,100500.0,68500.0,83700.0,11.0,89.9,0.0,8.5,1.5,53.4,28.3,64.8,88.7,11.3,83.0,5.6,8.0,22.2,22.3,20.5,25.2,650000.0,707000.0
N1K,N1K,ON,10908.0,,,38.4,39.0,16.0,71.5,12.6,3.0,71.9,28.1,43600.0,50720.0,39200.0,43000.0,41600.0,48280.0,62400.0,73000.0,110000.0,122000.0,95000.0,103500.0,5.2,91.0,0.0,5.6,3.4,53.7,27.8,70.1,89.4,10.6,91.9,3.5,1.9,20.4,35.7,45.4,24.4,720000.0,725000.0
N1L,N1L,ON,17474.0,,,34.8,36.8,17.7,71.0,11.3,2.8,74.8,25.2,47600.0,62000.0,42400.0,50480.0,45200.0,58000.0,76000.0,86800.0,114000.0,132800.0,98000.0,108100.0,6.8,89.5,0.1,8.8,1.7,65.7,43.0,71.6,89.6,10.5,92.1,3.4,2.5,27.6,30.5,40.2,22.5,800000.0,828000.0
N1M,N1M,ON,18498.0,,,42.4,42.3,17.7,61.5,20.8,2.5,75.6,24.4,46400.0,54250.0,41600.0,45760.0,43600.0,49320.0,63600.0,71800.0,95000.0,109100.0,83000.0,92100.0,5.8,93.3,0.0,6.4,0.3,54.5,20.1,65.2,92.8,7.2,93.7,0.3,4.3,26.8,12.3,7.0,19.1,695000.0,716000.0
N1P,N1P,ON,7991.0,,,36.0,35.7,21.5,69.8,8.8,3.2,86.5,13.5,45200.0,53950.0,40800.0,45360.0,45200.0,52350.0,64000.0,73900.0,118000.0,127000.0,101000.0,106800.0,4.4,93.7,0.1,4.5,1.8,51.0,20.0,72.5,89.2,10.8,96.3,0.9,1.1,27.8,27.8,24.0,18.8,700000.0,717000.0
N1R,N1R,ON,42928.0,,,40.8,41.9,15.9,65.3,18.8,2.5,59.1,40.9,38800.0,46520.0,35200.0,40120.0,37600.0,43520.0,56400.0,63400.0,77000.0,92100.0,68500.0,79500.0,11.3,93.0,0.1,4.3,2.6,42.6,13.7,61.5,88.8,11.2,90.4,4.7,3.0,26.2,22.9,20.0,23.2,600000.0,646000.0
N1S,N1S,ON,20171.0,,,42.8,42.5,16.2,63.9,19.9,2.5,71.0,29.0,45200.0,57800.0,40400.0,47640.0,43200.0,54800.0,69000.0,80300.0,95000.0,116700.0,83000.0,96300.0,8.0,92.6,0.0,6.5,0.8,54.4,22.9,64.0,89.0,11.0,92.4,2.4,2.9,27.7,16.5,12.7,18.8,695000.0,720000.0
N1T,N1T,ON,18513.0,,,37.2,37.5,19.7,68.2,12.0,3.3,83.7,16.3,43200.0,56000.0,38800.0,45760.0,42400.0,53950.0,70000.0,81300.0,124000.0,140000.0,106000.0,114600.0,5.6,90.5,0.1,6.7,2.7,55.6,26.9,69.6,88.6,11.4,94.3,1.8,1.5,25.2,33.7,40.4,18.6,800000.0,822000.0
N2A,N2A,ON,32454.0,,,39.2,39.9,18.9,64.3,16.8,2.7,70.9,29.1,43200.0,54250.0,38800.0,45200.0,41600.0,51120.0,66500.0,77100.0,96000.0,114700.0,84000.0,95600.0,8.7,91.6,0.0,6.1,2.3,54.1,26.5,64.5,89.5,10.5,91.5,4.4,1.8,23.6,29.4,29.6,21.3,700000.0,741000.0
N2B,N2B,ON,16939.0,,,42.8,42.8,14.6,65.8,19.5,2.4,61.0,39.0,41200.0,49400.0,37200.0,42360.0,40000.0,46320.0,61200.0,68700.0,81000.0,96100.0,72000.0,82400.0,8.9,93.3,0.0,5.2,1.4,51.8,20.1,64.8,88.7,11.3,91.2,3.2,3.5,22.3,23.9,16.1,20.5,695000.0,677000.0
N2C,N2C,ON,17681.0,,,36.8,40.3,14.8,67.6,17.6,2.4,33.1,66.9,36000.0,43560.0,33200.0,37320.0,32800.0,39560.0,52000.0,60750.0,70000.0,84300.0,63600.0,72200.0,14.4,92.6,0.1,4.2,3.2,49.5,21.8,62.4,87.1,12.9,82.5,11.4,4.0,25.4,33.9,41.0,29.4,576000.0,641000.0
N2E,N2E,ON,40428.0,,,36.4,37.7,19.0,68.3,12.6,2.8,65.9,34.1,41600.0,47080.0,37600.0,40720.0,39600.0,43920.0,59200.0,64100.0,93000.0,101500.0,82000.0,87800.0,8.2,92.1,0.0,5.4,2.5,51.8,22.4,68.0,88.5,11.5,91.1,4.5,2.5,24.7,34.4,37.3,20.8,645000.0,635000.0
N2G,N2G,ON,14580.0,,,38.0,42.2,10.1,71.7,18.1,1.8,30.9,69.1,38000.0,48400.0,35200.0,41040.0,37600.0,47160.0,61200.0,73800.0,62400.0,77200.0,56000.0,65400.0,17.4,90.5,0.1,7.7,1.8,57.9,33.6,64.7,88.5,11.5,75.3,11.1,8.9,23.7,24.2,25.8,32.6,500000.0,548000.0
N2H,N2H,ON,22456.0,,,38.4,41.1,13.1,70.7,16.1,2.1,49.3,50.7,42400.0,54750.0,38000.0,45840.0,41600.0,51400.0,61600.0,75800.0,73500.0,94400.0,65000.0,79100.0,11.1,90.1,0.1,8.7,1.2,59.9,32.4,68.2,89.6,10.5,82.0,6.9,6.5,22.8,17.1,15.5,26.3,600000.0,629000.0
N2J,N2J,ON,20899.0,,,36.8,41.7,11.5,68.0,20.6,2.2,52.8,47.2,38400.0,54450.0,35200.0,44760.0,33600.0,49840.0,65500.0,83500.0,74500.0,99600.0,66500.0,82000.0,13.2,90.5,0.0,8.1,1.4,61.3,38.3,62.5,86.9,13.1,79.4,7.3,8.3,21.8,21.7,27.6,27.4,600000.0,638500.0
N2K,N2K,ON,29381.0,,,40.4,39.8,16.9,69.0,14.1,2.8,81.6,18.4,49600.0,68600.0,44000.0,54300.0,48400.0,64900.0,79000.0,96300.0,120000.0,150400.0,102000.0,119100.0,5.4,90.5,0.1,7.9,1.5,63.6,38.4,70.2,90.0,10.0,92.1,2.6,2.8,21.0,25.2,24.3,14.3,800000.0,837000.0
N2L,N2L,ON,37953.0,,,29.8,37.4,11.0,73.8,15.2,2.2,36.7,63.3,34800.0,50440.0,32800.0,42120.0,26600.0,44320.0,64000.0,80300.0,69500.0,93000.0,62800.0,77700.0,19.7,90.1,0.0,8.5,1.4,62.6,45.1,62.7,86.7,13.3,73.5,12.3,9.4,23.4,24.4,40.8,34.0,700000.0,744000.0
N2M,N2M,ON,36494.0,,,36.4,39.2,17.6,66.7,15.7,2.3,46.4,53.6,39200.0,47680.0,36000.0,40760.0,36800.0,43880.0,56000.0,67200.0,71500.0,87700.0,64500.0,75000.0,15.1,90.9,0.0,6.1,3.0,51.6,25.0,63.6,87.6,12.4,85.4,7.8,4.0,25.5,30.7,32.2,25.5,600000.0,633500.0
N2N,N2N,ON,26596.0,,,39.2,39.9,17.5,66.8,15.7,2.9,82.5,17.5,44000.0,53800.0,40000.0,45120.0,42000.0,49360.0,66000.0,73200.0,108000.0,121900.0,94000.0,102200.0,5.7,91.3,0.0,6.4,2.2,57.8,28.0,67.4,89.3,10.6,92.2,3.4,1.9,24.2,29.3,29.1,14.2,700000.0,699000.0
N2P,N2P,ON,25040.0,,,36.0,37.0,18.9,69.2,11.8,2.9,76.0,24.0,44400.0,62350.0,40000.0,50600.0,41200.0,56950.0,68000.0,87400.0,110000.0,141000.0,95000.0,114300.0,6.8,91.3,0.1,6.7,1.9,62.3,34.6,69.1,90.3,9.7,91.2,4.7,1.5,27.2,31.2,38.0,22.0,800000.0,870000.0
N2R,N2R,ON,18445.0,,,32.8,32.3,25.1,69.1,5.7,3.2,79.9,20.1,47600.0,55750.0,42400.0,46840.0,45200.0,52750.0,69500.0,75000.0,116000.0,128800.0,100000.0,108300.0,6.2,91.4,0.1,6.1,2.4,63.5,37.2,75.4,90.7,9.3,93.6,3.2,1.0,27.4,38.8,48.4,24.4,800000.0,801000.0
N2T,N2T,ON,20634.0,,,41.2,40.2,17.3,67.2,15.5,2.9,84.9,15.1,48400.0,68000.0,42800.0,54050.0,45600.0,65600.0,84000.0,104600.0,127000.0,154600.0,108000.0,123100.0,6.0,87.5,0.0,10.6,1.9,67.9,46.3,66.1,88.7,11.3,89.9,2.8,3.1,22.6,30.8,33.3,15.4,800000.0,821000.0
N2V,N2V,ON,19428.0,,,38.0,37.9,19.5,68.9,11.6,3.1,86.1,13.9,46400.0,67800.0,41600.0,54650.0,47200.0,68100.0,83000.0,107900.0,126000.0,157400.0,107000.0,127000.0,6.4,89.3,0.0,7.7,3.0,67.9,47.4,67.9,89.1,10.9,91.2,3.4,2.0,24.1,37.1,45.3,16.5,800000.0,833000.0
N2Z,N2Z,ON,12341.0,,,46.8,44.9,16.8,57.5,25.7,2.3,80.5,19.5,49200.0,68800.0,43200.0,54450.0,34800.0,58650.0,86000.0,104500.0,103000.0,128600.0,88000.0,101700.0,7.2,91.9,0.0,7.7,0.4,63.8,24.0,55.6,91.6,8.4,92.2,0.3,5.6,20.5,11.5,6.3,14.6,500000.0,580500.0
N3A,N3A,ON,17045.0,,,41.6,41.5,19.9,59.1,21.1,2.7,84.8,15.2,50000.0,60350.0,44400.0,50120.0,46400.0,54550.0,70000.0,80100.0,111000.0,125200.0,96000.0,104100.0,4.0,95.4,0.0,4.3,0.2,56.2,22.2,64.8,93.8,6.2,93.8,0.4,3.5,24.1,10.3,4.0,10.8,750000.0,756000.0
N3B,N3B,ON,13190.0,,,38.4,39.5,20.7,61.6,17.7,2.7,82.4,17.6,48400.0,59550.0,43200.0,50120.0,46000.0,52250.0,66500.0,73200.0,107000.0,123500.0,93000.0,104000.0,6.6,94.3,0.0,4.5,1.2,50.6,20.1,70.6,95.1,4.9,90.8,0.3,6.2,20.2,7.6,4.7,11.9,675000.0,701000.0
N3C,N3C,ON,27518.0,,,38.8,38.7,19.2,67.5,13.3,2.9,83.9,16.1,47600.0,58400.0,42400.0,48360.0,46400.0,55000.0,69500.0,79400.0,114000.0,130000.0,98000.0,107600.0,4.8,93.1,0.0,5.9,1.0,55.1,23.9,71.0,89.6,10.4,94.8,1.8,1.8,25.7,20.3,21.3,16.4,700000.0,745000.0
N3E,N3E,ON,2802.0,,,30.8,30.7,27.3,66.5,6.1,3.5,63.9,36.1,44400.0,57600.0,40400.0,48160.0,40800.0,52850.0,66500.0,78200.0,121000.0,142400.0,104000.0,118800.0,7.7,90.2,0.4,5.9,3.4,66.7,40.1,75.6,90.2,10.1,97.4,1.1,0.0,28.6,42.8,61.8,33.5,950000.0,1016000.0
N3H,N3H,ON,24306.0,,,40.8,41.9,15.2,65.5,19.3,2.5,61.9,38.1,40000.0,47880.0,36000.0,41040.0,38400.0,44880.0,59200.0,66200.0,82000.0,95400.0,72500.0,81900.0,9.5,93.7,0.1,5.2,1.1,48.7,17.4,64.4,87.2,12.8,89.8,4.8,3.4,24.2,18.5,21.4,24.4,600000.0,641000.0
N3L,N3L,ON,17676.0,,,42.0,42.1,17.6,62.4,20.0,2.6,83.4,16.6,45600.0,56950.0,40800.0,46880.0,43200.0,51850.0,68500.0,76300.0,102000.0,120300.0,89000.0,99100.0,5.6,95.3,0.0,4.3,0.5,55.8,20.7,66.3,91.3,8.7,94.2,0.3,3.6,27.6,11.8,10.8,15.7,650000.0,718000.0
N3P,N3P,ON,8542.0,,,39.6,40.3,17.9,65.1,17.0,2.7,75.1,24.9,41200.0,46560.0,37200.0,40480.0,37600.0,42920.0,57600.0,63550.0,92000.0,100600.0,81000.0,87500.0,7.8,95.1,0.0,3.9,1.0,48.8,15.1,63.6,88.7,11.4,93.8,1.9,3.2,24.5,15.9,12.2,15.7,548000.0,551000.0
N3R,N3R,ON,35858.0,,,45.6,44.5,15.3,60.6,24.1,2.4,70.5,29.5,40800.0,49000.0,37200.0,42080.0,37600.0,44360.0,60800.0,68000.0,83000.0,97000.0,73500.0,83400.0,8.3,95.0,0.0,4.4,0.5,50.4,16.4,59.7,87.9,12.1,91.7,2.2,3.9,22.2,13.1,8.8,20.4,600000.0,603500.0
N3S,N3S,ON,27527.0,,,39.2,40.3,16.9,66.6,16.4,2.4,61.4,38.6,36400.0,42400.0,33600.0,37360.0,34400.0,39000.0,52800.0,57800.0,68500.0,79700.0,62400.0,70200.0,14.1,94.7,0.0,4.2,1.0,42.8,11.5,59.7,87.2,12.8,90.8,3.4,3.4,25.0,14.2,14.5,24.5,452000.0,499200.0
N3T,N3T,ON,37406.0,,,38.8,39.6,18.8,64.6,16.5,2.6,66.3,33.7,40400.0,51400.0,36800.0,43240.0,37200.0,46640.0,62400.0,72400.0,86000.0,104000.0,77000.0,87500.0,10.7,93.2,0.0,5.6,1.2,51.6,20.6,64.6,87.8,12.1,91.3,3.8,3.3,27.5,18.2,21.4,23.8,675000.0,728000.0
N3V,N3V,ON,1562.0,,,44.8,43.2,15.3,66.1,18.2,2.8,91.1,8.9,46400.0,51800.0,41200.0,44300.0,44400.0,44800.0,60000.0,64800.0,109000.0,112800.0,94000.0,96800.0,4.8,94.6,0.0,4.8,0.3,57.4,20.7,62.0,89.4,10.0,96.8,0.0,0.0,22.9,13.5,12.8,12.4,600000.0,590000.0
N3W,N3W,ON,15805.0,,,38.4,38.9,19.9,65.0,15.1,2.8,86.9,13.1,48000.0,56300.0,42800.0,47280.0,43600.0,51160.0,69000.0,75400.0,111000.0,122200.0,95000.0,102600.0,5.4,94.9,0.1,4.6,0.4,56.4,18.3,69.7,90.6,9.4,94.5,0.5,3.2,31.7,12.7,11.0,16.7,675000.0,698000.0
N3Y,N3Y,ON,23402.0,,,49.2,46.1,14.6,58.6,26.8,2.3,75.3,24.7,39600.0,47680.0,36000.0,41120.0,32800.0,40640.0,57200.0,65600.0,77500.0,91200.0,69000.0,78700.0,11.5,95.9,0.0,3.6,0.5,47.6,13.2,54.8,88.4,11.6,92.4,0.4,5.3,24.2,10.5,5.1,18.3,500000.0,536500.0
N4B,N4B,ON,8223.0,,,44.4,43.6,16.7,60.6,22.7,2.4,80.6,19.4,39200.0,45440.0,35600.0,39640.0,37600.0,41040.0,53200.0,60350.0,78000.0,89900.0,69500.0,78400.0,10.2,96.8,0.0,2.8,0.5,44.3,10.0,59.9,89.4,10.6,97.0,0.0,1.9,28.3,9.5,3.1,13.0,452000.0,498400.0
N4G,N4G,ON,21519.0,,,47.6,45.8,15.2,57.2,27.5,2.3,72.1,27.9,39600.0,47600.0,36000.0,40800.0,34800.0,40880.0,56000.0,62700.0,75000.0,90000.0,67500.0,77200.0,9.5,96.7,0.0,2.9,0.3,43.6,12.0,55.0,89.0,11.0,93.3,0.5,4.4,22.0,12.7,5.2,17.1,500000.0,536500.0
N4K,N4K,ON,28975.0,,,49.2,46.4,14.0,59.1,26.9,2.2,65.8,34.2,37600.0,47960.0,34800.0,41080.0,30800.0,41360.0,55600.0,66000.0,69500.0,87300.0,62800.0,74800.0,12.9,93.3,0.0,6.5,0.2,50.2,17.0,56.2,89.3,10.7,90.2,1.4,6.0,19.8,7.5,5.0,21.6,448000.0,509200.0
N4L,N4L,ON,8337.0,,,54.4,49.1,13.6,53.4,33.1,2.2,78.1,21.9,38400.0,49920.0,35200.0,42120.0,28600.0,42640.0,55200.0,71300.0,74500.0,94400.0,66500.0,79700.0,12.0,93.2,0.0,6.6,0.2,52.7,19.6,53.3,90.2,9.9,92.4,0.0,5.5,23.4,10.7,4.1,19.4,600000.0,657000.0
N4N,N4N,ON,10341.0,,,49.6,46.6,14.6,56.6,28.8,2.3,69.8,30.2,38000.0,47920.0,34800.0,40840.0,32800.0,41920.0,53200.0,64500.0,73000.0,90800.0,66500.0,77500.0,11.2,95.7,0.0,4.1,0.2,44.0,10.2,56.5,91.6,8.4,89.1,0.0,8.8,22.1,6.2,2.6,18.2,448000.0,511600.0
N4S,N4S,ON,33055.0,,,42.8,42.6,15.7,64.6,19.7,2.3,65.7,34.3,41600.0,48240.0,37600.0,41320.0,38800.0,42840.0,57600.0,63600.0,78000.0,92100.0,69000.0,78900.0,9.7,94.6,0.0,4.9,0.5,44.5,12.0,63.8,88.8,11.2,92.1,1.2,4.4,22.1,10.1,6.3,18.6,500000.0,537500.0
N4T,N4T,ON,15161.0,,,38.4,39.1,21.4,60.6,17.9,2.8,72.2,27.8,44000.0,53700.0,39600.0,45400.0,39200.0,48200.0,65000.0,76000.0,98000.0,113200.0,86000.0,95800.0,5.8,91.2,0.0,6.6,2.1,51.0,20.4,64.4,88.1,12.0,95.4,1.1,1.7,23.9,21.5,24.3,23.5,650000.0,662000.0
N4V,N4V,ON,3477.0,,,41.2,43.7,18.2,56.8,25.0,2.5,58.9,41.1,43200.0,49960.0,39200.0,43080.0,39600.0,47720.0,61200.0,67800.0,87000.0,96700.0,76000.0,83400.0,8.6,92.9,0.0,5.9,1.4,49.1,17.6,60.8,88.4,11.6,91.5,0.0,7.7,21.4,20.6,19.3,31.1,600000.0,597000.0
N4W,N4W,ON,13311.0,,,38.0,39.8,21.0,59.8,19.2,2.6,70.3,29.7,41600.0,48440.0,37600.0,41240.0,37200.0,41920.0,53600.0,58550.0,84000.0,97600.0,74000.0,83100.0,9.8,96.2,0.0,2.0,1.7,39.6,11.9,66.2,93.1,6.8,88.8,0.0,7.5,21.2,10.5,7.5,19.7,500000.0,567500.0
N4X,N4X,ON,9946.0,,,47.6,45.0,15.3,60.1,24.7,2.4,79.8,20.2,44800.0,52850.0,40000.0,44560.0,38800.0,46400.0,60800.0,69600.0,89000.0,104600.0,78500.0,88300.0,7.8,96.5,0.0,3.4,0.2,51.9,18.5,62.7,91.2,8.9,91.0,0.0,7.0,21.1,7.3,3.6,12.0,500000.0,551500.0
N4Z,N4Z,ON,2362.0,,,40.8,40.7,18.2,64.6,17.2,2.6,81.2,18.8,44800.0,53850.0,40000.0,45480.0,40400.0,48280.0,59200.0,69400.0,95000.0,109400.0,82000.0,92400.0,7.3,94.6,0.0,4.8,0.2,51.4,18.1,67.6,93.6,6.4,93.7,1.6,2.6,20.7,12.2,9.5,10.3,500000.0,529000.0
N5A,N5A,ON,32898.0,,,46.4,45.1,14.2,61.5,24.3,2.2,65.5,34.5,42400.0,50760.0,38000.0,43120.0,36000.0,43000.0,58800.0,68200.0,77000.0,93600.0,68500.0,79600.0,9.6,93.3,0.0,6.3,0.4,51.5,21.4,62.6,89.3,10.7,86.9,1.7,7.3,18.0,10.6,7.6,20.2,500000.0,560000.0
N5C,N5C,ON,15721.0,,,41.2,41.0,18.2,64.5,17.3,2.5,77.7,22.3,44000.0,51400.0,39600.0,43720.0,40800.0,45520.0,60800.0,65400.0,89000.0,102100.0,78000.0,87000.0,7.9,95.8,0.0,3.9,0.4,47.2,11.6,65.7,86.4,13.6,94.2,0.2,3.7,25.4,7.5,5.0,15.9,500000.0,530500.0
N5H,N5H,ON,15625.0,,,37.6,39.1,22.0,60.4,17.6,2.8,77.0,23.0,38400.0,45640.0,34800.0,39520.0,33200.0,40120.0,54400.0,60300.0,83000.0,95500.0,74500.0,82700.0,11.5,96.1,0.0,2.0,1.8,35.6,9.2,63.5,91.1,8.9,93.0,0.2,4.6,24.5,17.7,2.4,16.8,500000.0,539500.0
N5L,N5L,ON,3714.0,,,57.6,51.5,9.3,57.1,33.6,2.2,85.2,14.8,45200.0,58700.0,40000.0,47880.0,34000.0,48960.0,69500.0,79000.0,89000.0,109000.0,78500.0,88900.0,5.8,94.0,0.0,6.0,0.1,60.2,21.6,52.2,85.5,14.5,94.1,0.0,4.9,26.7,10.3,2.4,16.3,600000.0,649000.0
N5P,N5P,ON,21081.0,,,42.8,42.0,17.2,63.6,19.2,2.4,67.8,32.2,41200.0,48040.0,37200.0,41200.0,36400.0,42920.0,58000.0,65400.0,77500.0,93000.0,69500.0,79900.0,10.9,95.1,0.0,4.6,0.2,48.3,13.2,61.8,88.3,11.7,93.2,0.4,4.8,21.2,9.2,5.4,19.5,500000.0,524500.0
N5R,N5R,ON,30680.0,,,44.8,43.6,16.4,61.1,22.4,2.4,74.4,25.6,41600.0,47880.0,37600.0,41320.0,36800.0,42680.0,58400.0,65700.0,80000.0,92000.0,71500.0,79500.0,8.9,94.6,0.0,5.0,0.3,52.0,15.3,59.3,89.5,10.5,94.5,0.3,3.0,20.7,10.8,7.2,16.5,452000.0,486400.0
N5V,N5V,ON,32961.0,,,36.4,38.8,16.4,69.6,14.0,2.6,62.1,37.9,36400.0,41360.0,33600.0,36480.0,32000.0,36760.0,52000.0,56550.0,74500.0,84500.0,67500.0,74600.0,13.8,93.3,0.1,5.0,1.7,47.3,14.8,64.3,84.8,15.2,86.5,6.7,3.5,23.8,20.4,27.2,17.8,448000.0,460400.0
N5W,N5W,ON,24740.0,,,40.4,41.9,13.4,69.6,17.0,2.1,58.6,41.4,36400.0,41600.0,33600.0,36720.0,34400.0,37800.0,52400.0,55150.0,64500.0,74600.0,58000.0,65800.0,15.4,92.6,0.1,6.1,1.2,47.7,14.8,61.5,85.9,14.1,84.1,7.5,4.3,22.4,15.7,16.3,23.7,424000.0,434800.0
N5X,N5X,ON,36963.0,,,40.4,40.7,18.9,62.5,18.5,2.7,75.9,24.1,46000.0,58150.0,41600.0,47560.0,40800.0,52350.0,72000.0,83200.0,103000.0,121900.0,90000.0,99600.0,8.7,91.1,0.1,6.7,2.0,66.0,39.5,62.9,89.0,11.0,91.8,3.7,2.6,23.4,30.6,35.4,21.3,650000.0,698000.0
N5Y,N5Y,ON,35934.0,,,35.6,38.4,15.9,70.7,13.4,2.3,44.6,55.4,34400.0,41760.0,32400.0,36520.0,30200.0,37480.0,52000.0,60600.0,63600.0,77700.0,58000.0,68000.0,19.0,90.9,0.1,6.2,2.8,52.6,23.6,62.5,86.4,13.6,79.4,12.2,5.4,24.7,24.9,33.2,25.7,452000.0,491600.0
N5Z,N5Z,ON,24067.0,,,40.0,40.6,16.3,68.2,15.5,2.3,61.9,38.1,36400.0,41000.0,33600.0,36320.0,34000.0,36880.0,51600.0,55400.0,64500.0,74400.0,58400.0,65900.0,17.7,92.6,0.1,5.4,1.9,45.0,12.5,59.4,85.1,14.9,87.3,6.3,2.8,21.9,21.7,20.4,19.7,400000.0,399200.0
N6A,N6A,ON,13810.0,,,34.0,41.4,7.3,73.5,19.2,1.8,29.3,70.7,37600.0,56850.0,34400.0,46160.0,30200.0,48360.0,63200.0,78800.0,61200.0,89100.0,55200.0,72400.0,19.3,88.5,0.0,10.9,0.6,70.6,48.2,66.6,85.8,14.1,65.6,12.4,15.9,19.8,16.1,23.0,34.6,600000.0,701000.0
N6B,N6B,ON,11101.0,,,38.0,42.2,7.5,76.6,16.0,1.6,22.7,77.3,33600.0,42360.0,31400.0,36760.0,30800.0,38520.0,52000.0,59600.0,49200.0,62150.0,44800.0,53950.0,24.7,91.0,0.1,8.1,0.8,57.2,29.5,63.3,83.0,17.0,69.2,13.9,13.6,23.0,16.1,19.1,34.6,360000.0,436400.0
N6C,N6C,ON,30629.0,,,41.6,42.4,14.5,66.5,19.0,2.1,56.5,43.5,43200.0,53700.0,38800.0,45320.0,38800.0,48200.0,63600.0,75200.0,75500.0,94500.0,66500.0,79700.0,11.0,90.8,0.0,7.9,1.3,61.6,31.2,63.8,87.6,12.4,84.2,5.5,6.6,20.6,18.2,15.6,22.4,500000.0,552500.0
N6E,N6E,ON,28140.0,,,38.0,39.2,19.3,64.4,16.3,2.7,69.0,31.0,36000.0,40680.0,33200.0,36080.0,31400.0,36040.0,52800.0,56550.0,75000.0,84100.0,68500.0,74700.0,16.2,90.9,0.1,5.1,3.9,45.4,13.8,57.4,83.9,16.1,88.3,5.4,3.9,21.8,33.9,39.1,20.5,420000.0,431600.0
N6G,N6G,ON,50940.0,,,36.4,38.4,19.1,65.5,15.4,2.7,70.8,29.2,41600.0,58200.0,38000.0,47880.0,34400.0,51160.0,69000.0,84400.0,96000.0,120800.0,85000.0,99400.0,12.2,89.5,0.1,8.3,2.1,66.6,42.2,62.6,87.3,12.7,89.3,4.2,3.2,24.0,32.5,39.9,24.5,650000.0,702000.0
N6H,N6H,ON,44215.0,,,38.8,41.9,14.5,64.4,21.1,2.3,46.0,54.0,38000.0,51200.0,35200.0,42680.0,31600.0,46000.0,63600.0,76900.0,71000.0,93700.0,64000.0,78100.0,16.4,90.4,0.1,7.3,2.3,64.5,39.0,59.5,87.0,13.0,83.8,8.3,4.9,23.3,27.0,34.8,30.9,600000.0,657000.0
N6J,N6J,ON,27497.0,,,43.6,44.2,14.9,61.6,23.5,2.1,48.9,51.1,38400.0,45760.0,35200.0,39520.0,34000.0,40960.0,56400.0,63650.0,65000.0,79000.0,58800.0,68300.0,15.9,90.8,0.1,7.3,1.8,55.7,22.0,57.8,86.4,13.6,88.4,5.0,4.0,22.1,22.1,19.9,26.5,500000.0,498400.0
N6K,N6K,ON,37596.0,,,44.4,43.7,17.4,58.5,24.1,2.5,69.6,30.4,48400.0,64300.0,42800.0,51900.0,42000.0,57550.0,76000.0,89600.0,100000.0,127300.0,87000.0,102900.0,7.9,90.6,0.1,8.2,1.1,63.5,35.1,58.8,88.3,11.7,89.7,3.3,3.5,23.2,21.0,18.7,19.3,700000.0,718000.0
N6L,N6L,ON,5167.0,,,34.4,35.6,22.7,65.7,11.4,3.2,77.6,22.4,40800.0,49840.0,37600.0,42600.0,35200.0,45120.0,64000.0,67400.0,103000.0,118700.0,91000.0,101400.0,7.8,89.2,0.0,7.8,3.1,59.6,31.5,67.3,88.6,11.4,93.8,2.0,1.7,23.0,40.0,55.0,26.3,650000.0,668000.0
N6M,N6M,ON,8542.0,,,35.2,35.6,22.4,66.9,10.6,3.1,86.2,13.8,44800.0,51120.0,40400.0,43960.0,41200.0,45440.0,62800.0,64700.0,109000.0,115100.0,94000.0,98900.0,5.9,88.2,0.2,9.5,2.1,58.8,26.3,72.1,88.8,11.3,96.3,1.5,1.2,19.8,32.9,40.8,19.0,650000.0,651000.0
N6N,N6N,ON,728.0,,,49.2,45.9,14.5,61.4,24.8,2.6,89.1,10.9,43600.0,53200.0,38800.0,45400.0,35600.0,39400.0,50400.0,61200.0,95000.0,119000.0,87000.0,102000.0,7.8,95.9,0.0,3.4,1.4,49.6,15.2,66.1,96.3,2.4,93.4,0.0,0.0,21.0,21.4,20.7,16.3,600000.0,735000.0
N6P,N6P,ON,10943.0,,,40.8,40.3,20.1,61.9,18.0,2.7,77.8,22.2,51600.0,69500.0,45600.0,55850.0,44800.0,63050.0,77000.0,94900.0,119000.0,146000.0,102000.0,117300.0,5.4,91.2,0.0,7.5,1.2,64.5,33.8,66.3,91.0,9.0,94.6,0.8,2.3,23.1,22.5,23.2,22.3,800000.0,831000.0
N7A,N7A,ON,12495.0,,,55.2,49.3,12.9,54.1,32.9,2.2,74.7,25.3,40000.0,51120.0,36400.0,43360.0,32400.0,45520.0,61600.0,74700.0,74000.0,94800.0,66500.0,80600.0,10.7,95.8,0.0,4.0,0.1,51.7,16.5,52.9,91.9,8.1,89.5,0.6,7.1,19.8,7.9,2.3,17.0,448000.0,489600.0
N7G,N7G,ON,19921.0,,,44.4,43.6,16.6,60.7,22.6,2.5,75.8,24.2,42000.0,50120.0,38000.0,42720.0,38800.0,45080.0,59200.0,67100.0,85000.0,100000.0,76000.0,85200.0,7.8,95.1,0.0,4.2,0.7,48.9,13.2,62.9,91.3,8.7,92.4,0.0,4.9,21.7,12.6,2.6,15.0,500000.0,509600.0
N7L,N7L,ON,25127.0,,,47.2,45.4,14.6,59.5,25.9,2.2,65.7,34.3,37600.0,46080.0,34400.0,39960.0,31000.0,39560.0,56400.0,64600.0,68500.0,84500.0,62000.0,73300.0,11.4,91.4,0.1,8.0,0.5,48.4,15.3,56.0,87.6,12.4,92.7,0.8,3.7,18.1,10.7,8.9,17.7,348000.0,366400.0
N7M,N7M,ON,25579.0,,,44.0,43.2,16.4,62.0,21.5,2.3,67.4,32.6,38400.0,48400.0,35200.0,41480.0,31000.0,41360.0,55600.0,64800.0,71000.0,89500.0,64000.0,76700.0,13.2,92.1,0.0,7.4,0.5,48.3,15.2,58.5,87.8,12.1,92.0,0.6,5.1,18.4,9.4,10.4,16.9,348000.0,400000.0
N7S,N7S,ON,28410.0,,,42.4,42.7,17.0,61.2,21.8,2.5,77.7,22.3,44000.0,57000.0,39600.0,47240.0,35200.0,50600.0,70000.0,84300.0,93000.0,111900.0,81000.0,92700.0,8.1,91.7,0.1,7.7,0.5,58.6,19.0,58.7,87.8,12.2,93.3,1.5,3.3,16.3,14.0,11.7,12.6,400000.0,450000.0
N7T,N7T,ON,26033.0,,,44.4,44.2,13.6,63.6,22.7,2.0,51.2,48.8,34800.0,44200.0,32400.0,38440.0,28000.0,37600.0,52400.0,63950.0,58400.0,72700.0,53200.0,63300.0,18.4,93.1,0.1,6.4,0.4,47.8,11.3,53.7,84.2,15.8,87.2,3.8,6.2,16.6,8.7,6.7,25.3,280000.0,339200.0
N7V,N7V,ON,11611.0,,,51.6,48.1,12.4,57.7,29.8,2.1,73.5,26.5,45600.0,56550.0,40800.0,46920.0,34800.0,48240.0,72500.0,84900.0,83000.0,100700.0,73000.0,83600.0,8.0,92.3,0.0,7.5,0.2,59.1,20.1,50.8,89.9,10.0,94.6,0.8,2.5,16.2,11.7,4.2,17.6,400000.0,454800.0
N7W,N7W,ON,2578.0,,,66.5,59.1,7.8,39.1,53.1,2.0,97.3,2.7,43200.0,56250.0,38800.0,47280.0,28600.0,51000.0,86000.0,93200.0,81000.0,98800.0,71500.0,83000.0,5.7,93.4,0.0,6.6,0.2,56.6,16.5,36.2,89.8,9.6,94.2,0.0,4.1,17.7,21.9,5.2,7.4,376000.0,406000.0
N7X,N7X,ON,1129.0,,,54.8,49.0,14.2,56.0,29.8,2.4,94.6,5.4,66500.0,85600.0,55600.0,63100.0,49200.0,66000.0,92000.0,126000.0,142000.0,176000.0,115000.0,130000.0,3.8,89.8,0.0,10.7,0.4,68.6,29.4,48.7,92.6,7.4,97.2,0.0,0.0,20.4,9.8,8.0,9.8,695000.0,852000.0
N8A,N8A,ON,12624.0,,,48.0,45.0,15.8,60.0,24.2,2.3,71.4,28.6,34800.0,41880.0,32400.0,36800.0,31400.0,37640.0,52400.0,58450.0,64500.0,76800.0,59600.0,67700.0,15.2,95.9,0.0,3.8,0.2,41.3,7.0,53.9,88.9,11.1,92.2,0.2,4.7,23.6,6.6,2.6,16.2,276000.0,298400.0
N8H,N8H,ON,27530.0,,,41.6,42.1,17.2,62.0,20.8,2.7,68.1,31.9,38000.0,48280.0,34400.0,40760.0,32400.0,40640.0,50400.0,61800.0,78000.0,100600.0,70000.0,85000.0,11.2,87.9,0.0,5.7,6.3,33.2,10.1,58.2,89.8,10.2,90.0,2.5,4.5,18.5,26.4,21.5,19.0,400000.0,446800.0
N8M,N8M,ON,11819.0,,,44.8,42.9,16.5,62.7,20.8,2.5,80.9,19.1,44000.0,51600.0,39600.0,44160.0,36800.0,44520.0,62400.0,70500.0,88000.0,105400.0,78500.0,90200.0,7.4,92.5,0.0,7.2,0.2,46.5,13.6,62.7,86.3,13.7,96.0,0.2,2.4,22.6,6.4,3.0,11.1,400000.0,452000.0
N8N,N8N,ON,24534.0,,,47.6,44.8,15.1,61.5,23.4,2.6,89.1,10.9,48800.0,61600.0,43200.0,50360.0,39600.0,51850.0,76000.0,86100.0,108000.0,129200.0,93000.0,105800.0,4.9,86.6,0.1,12.6,0.7,60.6,29.8,58.8,86.7,13.2,96.2,0.3,1.9,20.3,18.9,12.4,12.0,528000.0,596000.0
N8P,N8P,ON,14603.0,,,46.0,44.3,15.4,61.0,23.6,2.6,92.4,7.6,44800.0,55750.0,40000.0,47600.0,35200.0,48840.0,71500.0,79400.0,100000.0,117300.0,88000.0,100200.0,5.3,87.1,0.2,10.4,2.2,57.3,29.8,57.8,83.0,17.0,97.0,0.2,1.0,20.4,33.6,26.0,13.4,500000.0,534500.0
N8R,N8R,ON,12733.0,,,40.8,40.7,18.3,62.9,18.7,2.9,84.3,15.7,39200.0,45200.0,35600.0,39760.0,30800.0,38640.0,56400.0,63600.0,92000.0,101400.0,82000.0,89300.0,7.6,87.3,0.1,9.6,3.0,48.7,18.8,57.8,82.1,17.9,95.8,0.9,1.2,20.0,37.4,34.1,14.6,400000.0,418400.0
N8S,N8S,ON,22354.0,,,46.8,45.4,13.7,61.6,24.7,2.1,63.9,36.1,42000.0,50840.0,38000.0,43600.0,32800.0,41920.0,60400.0,70900.0,72500.0,89900.0,64500.0,77200.0,10.5,90.2,0.1,8.6,1.0,51.2,21.5,55.3,81.9,18.1,93.5,2.2,2.4,20.4,18.7,15.0,21.3,348000.0,392400.0
N8T,N8T,ON,17935.0,,,42.4,42.1,17.2,62.4,20.4,2.3,55.7,44.3,35200.0,40720.0,32800.0,36360.0,27800.0,33520.0,51600.0,56250.0,60800.0,72800.0,56000.0,65100.0,19.0,87.9,0.3,8.8,3.1,42.3,12.2,51.8,77.8,22.2,92.7,2.5,3.1,19.4,28.4,28.1,18.7,302000.0,335200.0
N8W,N8W,ON,24057.0,,,41.6,41.4,15.5,67.4,17.1,2.5,81.8,18.2,40000.0,45880.0,36400.0,40240.0,32800.0,39440.0,56000.0,62500.0,80000.0,91500.0,71500.0,80200.0,9.5,90.5,0.1,7.8,1.6,48.0,17.8,61.9,81.7,18.4,93.6,1.2,3.0,17.5,25.2,25.3,14.4,348000.0,364000.0
N8X,N8X,ON,16457.0,,,39.2,40.5,16.1,67.8,16.1,2.2,52.3,47.7,34400.0,40600.0,32000.0,36240.0,28200.0,35000.0,48800.0,56950.0,60000.0,71800.0,54800.0,64100.0,19.6,88.9,0.2,8.0,2.9,44.3,16.7,56.8,78.6,21.4,87.8,4.2,4.2,19.4,26.6,29.6,26.3,300000.0,313600.0
N8Y,N8Y,ON,19254.0,,,42.8,43.0,15.0,64.5,20.5,2.1,56.9,43.1,37600.0,46400.0,34400.0,40560.0,29400.0,38120.0,55200.0,66600.0,62800.0,77900.0,56800.0,68100.0,16.3,89.4,0.2,9.1,1.3,45.7,19.3,55.9,80.8,19.3,90.0,2.7,4.2,20.4,19.4,18.5,23.1,300000.0,346800.0
N9A,N9A,ON,26107.0,,,38.8,41.2,14.8,67.5,17.8,2.0,29.8,70.2,28600.0,34680.0,27400.0,31520.0,21800.0,30560.0,45200.0,52400.0,45200.0,56550.0,42400.0,51450.0,32.1,85.5,0.3,7.4,6.9,42.3,20.0,49.8,78.0,22.0,80.7,8.4,7.5,21.9,37.0,43.9,31.6,276000.0,292400.0
N9B,N9B,ON,19613.0,,,30.2,36.1,16.4,71.7,11.9,2.7,42.9,57.1,28600.0,36240.0,27400.0,32760.0,18000.0,30920.0,48400.0,56550.0,59600.0,74500.0,55600.0,67400.0,23.6,89.1,0.1,7.4,3.3,54.5,32.0,56.1,81.8,18.2,82.8,10.0,2.9,23.9,32.2,55.6,27.0,400000.0,400400.0
N9C,N9C,ON,12538.0,,,32.8,37.4,17.0,69.4,13.6,2.3,42.3,57.7,30800.0,36400.0,29200.0,33080.0,22200.0,30840.0,46400.0,52500.0,54000.0,64900.0,50000.0,58950.0,26.9,91.7,0.2,5.9,2.2,46.2,22.5,56.3,78.7,21.3,83.9,9.5,3.5,23.3,23.5,43.6,25.5,268000.0,287600.0
N9E,N9E,ON,21465.0,,,42.4,41.7,17.0,63.7,19.3,2.8,88.1,11.9,42000.0,55650.0,38400.0,47200.0,34400.0,50040.0,71500.0,85500.0,103000.0,123400.0,90000.0,104700.0,7.7,87.4,0.1,10.1,2.4,59.4,33.7,57.3,84.3,15.6,95.9,0.6,1.6,16.9,32.6,39.3,14.0,472000.0,508800.0
N9G,N9G,ON,20712.0,,,40.8,40.6,17.4,65.7,17.0,3.1,88.5,11.5,40800.0,54750.0,37200.0,47080.0,34800.0,50200.0,74500.0,85400.0,111000.0,130000.0,97000.0,111900.0,7.3,88.1,0.1,8.9,3.0,60.0,34.6,60.1,83.7,16.4,95.3,0.9,1.0,18.6,38.3,45.1,14.9,500000.0,562500.0
N9H,N9H,ON,13173.0,,,46.0,44.1,16.1,60.8,23.1,2.8,90.5,9.5,46800.0,64400.0,42000.0,53950.0,40000.0,58750.0,84000.0,100100.0,117000.0,144400.0,101000.0,121200.0,5.2,89.0,0.0,9.5,1.5,60.6,34.2,58.4,86.2,13.7,95.6,0.3,2.5,19.0,28.1,26.7,11.5,600000.0,664000.0
N9J,N9J,ON,20089.0,,,43.6,41.2,17.0,66.4,16.6,2.8,91.8,8.2,50000.0,65800.0,44400.0,54800.0,45200.0,60450.0,82000.0,96500.0,119000.0,144400.0,102000.0,120200.0,3.4,86.7,0.1,12.5,0.8,60.5,30.3,64.6,87.0,13.0,97.1,0.2,0.8,20.5,14.9,13.6,10.5,500000.0,565500.0
N9K,N9K,ON,2757.0,,,42.8,40.0,18.3,67.7,14.2,3.2,98.8,1.2,46000.0,63350.0,41600.0,53850.0,40800.0,58150.0,79000.0,92000.0,136000.0,156400.0,117000.0,132800.0,3.4,85.0,0.0,12.7,2.2,56.6,31.1,65.5,81.2,18.8,97.0,0.0,1.2,18.5,32.8,25.5,7.8,624000.0,646000.0
N9V,N9V,ON,21688.0,,,45.6,43.5,15.8,62.8,21.4,2.5,84.8,15.2,45600.0,59150.0,40800.0,48840.0,39600.0,50440.0,68500.0,79700.0,97000.0,120900.0,84000.0,99900.0,6.4,89.2,0.0,10.5,0.3,54.0,18.4,60.7,87.5,12.5,95.7,0.0,2.2,25.4,10.4,5.7,13.6,452000.0,512000.0
N9Y,N9Y,ON,15836.0,,,47.2,45.1,15.3,59.3,25.4,2.5,84.4,15.6,43600.0,53800.0,39200.0,44840.0,36000.0,46080.0,65500.0,73400.0,90000.0,107700.0,79000.0,89800.0,7.1,91.2,0.1,7.3,1.5,51.4,18.9,58.5,90.3,9.8,95.6,0.0,2.8,23.1,13.6,4.1,11.6,452000.0,524000.0
P0A,P0A,ON,17822.0,,,56.8,50.3,11.6,56.7,31.7,2.2,87.2,12.8,35600.0,43560.0,32800.0,37760.0,27000.0,36240.0,54400.0,61700.0,68000.0,80900.0,61200.0,70200.0,14.9,95.6,0.0,4.3,0.1,46.7,12.4,48.5,88.7,11.2,93.3,0.7,3.3,29.1,6.6,1.3,16.4,400000.0,524500.0
P0B,P0B,ON,9589.0,,,53.2,47.7,12.3,61.6,26.1,2.3,90.8,9.2,43200.0,66900.0,38400.0,51250.0,34400.0,50760.0,60000.0,78000.0,90000.0,133200.0,78000.0,102300.0,8.4,94.1,0.0,5.9,0.0,55.1,20.5,61.1,88.7,11.5,95.2,0.4,2.5,27.8,7.4,2.0,17.0,650000.0,924000.0
P0C,P0C,ON,4824.0,,,56.8,49.9,11.2,57.7,31.0,2.1,88.0,12.0,41200.0,60900.0,37200.0,49880.0,30600.0,45760.0,54400.0,80600.0,78500.0,111100.0,68500.0,90900.0,13.6,95.9,0.0,4.0,0.1,51.2,22.3,51.4,89.5,10.5,89.8,1.5,3.8,29.5,7.4,2.3,18.2,650000.0,921000.0
P0E,P0E,ON,3606.0,,,54.4,48.7,11.2,62.2,26.3,2.3,93.9,6.1,40400.0,52400.0,36400.0,43520.0,31400.0,43720.0,66000.0,76600.0,83000.0,104100.0,73500.0,86400.0,10.6,96.1,0.0,3.9,0.1,51.3,17.4,58.0,90.9,9.1,96.2,0.0,2.3,32.5,9.7,1.6,17.5,650000.0,709000.0
P0G,P0G,ON,3553.0,,,58.0,51.0,10.3,58.5,31.2,2.1,92.1,7.9,38800.0,49840.0,35600.0,42280.0,30000.0,41520.0,58000.0,66000.0,72000.0,92200.0,64500.0,78300.0,14.6,93.2,0.0,6.8,0.0,54.8,18.6,52.2,91.2,8.8,85.3,0.8,7.5,25.1,8.2,1.4,13.2,500000.0,616000.0
P0H,P0H,ON,31909.0,,,50.8,46.4,14.6,60.9,24.5,2.4,86.5,13.5,39600.0,49040.0,36400.0,41760.0,36000.0,44120.0,61200.0,68700.0,80000.0,95600.0,71500.0,81400.0,11.2,67.9,1.1,30.9,0.1,51.5,12.5,54.4,89.6,10.4,91.7,0.6,4.3,27.2,3.6,1.5,13.7,340000.0,383200.0
P0J,P0J,ON,20179.0,,,47.6,44.9,16.3,58.6,25.1,2.3,77.5,22.5,37600.0,48840.0,34400.0,41200.0,36400.0,46960.0,62800.0,70400.0,72500.0,89500.0,65000.0,75600.0,14.7,64.5,1.8,33.5,0.2,47.5,11.3,56.4,93.0,7.0,90.8,1.3,4.9,23.3,3.1,2.1,14.3,250000.0,278800.0
P0K,P0K,ON,11456.0,,,49.2,45.3,15.4,61.0,23.6,2.2,80.9,19.1,40800.0,51400.0,37200.0,43480.0,38400.0,48280.0,67500.0,72200.0,75000.0,90900.0,67000.0,76800.0,13.9,58.6,1.4,39.4,0.6,47.9,8.0,54.2,89.5,10.5,88.1,1.9,7.1,29.0,3.1,1.4,12.1,155000.0,203400.0
P0L,P0L,ON,22859.0,,,42.0,41.2,19.1,62.1,18.8,2.5,71.1,28.9,40400.0,49160.0,37200.0,42960.0,40800.0,47760.0,63600.0,69000.0,77500.0,92900.0,70000.0,81300.0,16.0,47.8,7.6,44.5,0.1,42.6,9.8,55.2,89.5,10.5,81.8,2.1,12.5,17.5,2.1,2.4,11.9,180000.0,202600.0
P0M,P0M,ON,49727.0,,,46.8,44.3,15.3,63.2,21.5,2.3,79.8,20.2,44400.0,52700.0,40000.0,44600.0,41600.0,49360.0,68500.0,75500.0,86000.0,100900.0,76000.0,85500.0,8.5,57.1,1.2,41.6,0.1,50.1,10.7,57.6,90.9,9.1,91.3,1.3,4.4,26.5,2.7,1.6,12.4,300000.0,316800.0
P0N,P0N,ON,9435.0,,,40.0,40.3,17.9,66.5,15.6,2.3,76.6,23.4,46400.0,55400.0,41600.0,45920.0,46400.0,54150.0,70000.0,76200.0,90000.0,103400.0,78000.0,85800.0,10.7,62.1,0.8,37.0,0.1,53.0,10.9,62.0,91.5,8.4,89.6,4.6,2.2,22.5,3.4,1.9,12.0,220000.0,235400.0
P0P,P0P,ON,20285.0,,,50.8,46.0,15.6,58.3,26.2,2.3,82.0,18.0,35200.0,43120.0,32800.0,38160.0,27800.0,37720.0,52400.0,59900.0,64000.0,78500.0,59600.0,69500.0,19.4,91.4,0.1,8.3,0.2,47.6,12.2,49.1,88.8,11.2,90.0,0.4,6.5,24.2,4.1,1.1,14.7,276000.0,326000.0
P0R,P0R,ON,12976.0,,,54.8,48.4,13.8,56.5,29.7,2.2,82.9,17.1,36400.0,45840.0,34000.0,39720.0,28800.0,39480.0,59600.0,66600.0,68500.0,83800.0,62800.0,72600.0,16.9,86.2,0.2,12.9,0.7,48.3,14.2,49.6,88.8,11.2,89.6,0.5,5.5,24.7,5.5,1.5,12.2,250000.0,276400.0
P0S,P0S,ON,10170.0,,,50.0,45.2,15.0,62.7,22.3,2.3,89.5,10.5,43200.0,51250.0,39200.0,43880.0,38000.0,45600.0,68000.0,72600.0,85000.0,95700.0,74000.0,82000.0,9.7,81.5,1.6,16.7,0.1,54.6,13.9,59.0,88.0,12.0,90.6,1.5,4.0,28.7,3.8,0.5,8.4,230000.0,255600.0
P0T,P0T,ON,32000.0,,,45.6,43.0,17.7,61.3,21.0,2.3,83.7,16.3,40800.0,50200.0,37200.0,43000.0,36000.0,45720.0,62000.0,68700.0,77000.0,92600.0,69000.0,79300.0,15.0,89.5,0.4,10.0,0.2,44.8,11.2,54.3,89.9,10.1,86.8,0.7,9.6,23.0,5.3,2.6,9.6,150000.0,197000.0
P0V,P0V,ON,22944.0,,,30.8,33.7,27.9,60.9,11.2,3.1,76.7,23.3,33600.0,43960.0,32400.0,39040.0,32000.0,42840.0,50000.0,59950.0,71500.0,89700.0,67500.0,79600.0,29.4,96.6,0.0,2.8,0.6,28.9,7.4,54.0,89.9,10.2,85.3,0.3,11.5,15.7,2.7,1.4,10.6,200000.0,255600.0
P0W,P0W,ON,6454.0,,,42.8,41.3,20.2,59.8,20.0,2.5,85.0,15.0,38800.0,47400.0,35600.0,40120.0,33200.0,42760.0,58800.0,64100.0,76500.0,91700.0,68500.0,77900.0,17.8,97.3,0.0,2.7,0.0,42.5,10.4,59.7,89.4,10.6,91.5,1.9,3.8,26.1,5.8,0.9,7.1,224000.0,244800.0
P0X,P0X,ON,8410.0,,,43.6,42.3,18.0,61.1,21.0,2.5,91.1,8.9,40400.0,48840.0,37600.0,41680.0,34400.0,42760.0,55600.0,63500.0,75500.0,91500.0,69000.0,78200.0,20.4,95.5,0.1,4.4,0.0,43.2,14.5,53.3,90.3,9.5,92.2,0.0,6.3,18.2,3.4,0.8,11.2,400000.0,441600.0
P0Y,P0Y,ON,96.0,,,66.5,65.5,0.0,36.8,63.2,1.8,100.0,0.0,,,,,,,,,,,,,,100.0,0.0,0.0,0.0,57.1,14.3,26.7,100.0,0.0,0.0,0.0,0.0,0.0,0.0,0.0,,,360000.0
P1A,P1A,ON,16959.0,,,44.8,43.9,15.9,61.3,22.8,2.2,61.4,38.6,40800.0,47960.0,37200.0,41600.0,34400.0,41920.0,59200.0,66700.0,74000.0,86700.0,66500.0,75200.0,12.6,76.5,0.3,23.0,0.1,56.2,17.6,54.6,87.0,13.1,88.8,4.2,4.6,17.7,4.0,3.3,19.9,300000.0,328800.0
P1B,P1B,ON,33113.0,,,44.4,44.1,13.1,64.9,22.0,2.1,56.9,43.1,37200.0,46920.0,34400.0,40520.0,31800.0,41600.0,56800.0,66400.0,66000.0,83200.0,59600.0,71900.0,14.3,75.1,0.2,24.5,0.2,53.8,17.9,58.3,88.0,11.9,84.8,3.4,9.0,16.0,5.1,4.5,23.0,300000.0,335200.0
P1C,P1C,ON,3371.0,,,42.8,40.9,18.8,64.8,16.3,2.9,94.4,5.6,63600.0,81100.0,54000.0,63150.0,58400.0,72700.0,91000.0,103600.0,153000.0,180400.0,126000.0,140400.0,3.2,73.4,0.3,25.8,0.3,74.2,41.2,68.3,89.3,10.4,92.6,1.3,1.3,15.8,10.3,7.2,6.9,548000.0,568000.0
P1H,P1H,ON,18099.0,,,51.2,47.4,13.0,60.1,26.9,2.3,79.6,20.4,40000.0,52000.0,36000.0,43160.0,30600.0,42520.0,58800.0,69900.0,82000.0,101300.0,72500.0,84200.0,9.6,92.8,0.0,7.0,0.1,53.4,20.6,58.4,87.8,12.2,92.2,0.3,5.1,22.0,8.4,3.2,19.5,600000.0,712000.0
P1L,P1L,ON,17984.0,,,51.2,47.5,13.3,58.9,27.9,2.3,80.2,19.8,42000.0,52900.0,37600.0,44400.0,34000.0,45840.0,59600.0,72100.0,86000.0,104100.0,76000.0,87400.0,8.5,93.2,0.0,6.7,0.1,56.1,20.8,60.0,90.4,9.6,93.3,0.5,3.8,23.6,7.2,3.0,20.3,600000.0,640000.0
P1P,P1P,ON,11083.0,,,54.0,49.5,11.3,57.8,30.8,2.2,75.8,24.2,37600.0,53300.0,34400.0,44440.0,30000.0,41120.0,55200.0,64000.0,72500.0,99200.0,65500.0,82800.0,12.7,95.2,0.0,4.7,0.1,48.6,15.7,53.4,88.9,11.1,87.8,0.3,8.8,24.9,7.9,3.3,20.5,500000.0,662000.0
P2A,P2A,ON,14695.0,,,54.0,49.1,11.7,58.0,30.3,2.2,75.9,24.1,39600.0,49280.0,36000.0,41720.0,31800.0,41120.0,56400.0,67100.0,73500.0,91300.0,66500.0,77300.0,11.8,94.8,0.0,5.1,0.1,50.4,17.7,54.7,91.5,8.5,89.3,0.2,7.5,20.4,7.9,3.2,21.8,448000.0,570000.0
P2B,P2B,ON,9754.0,,,50.4,47.0,14.2,58.7,27.1,2.2,59.6,40.4,37200.0,46160.0,34400.0,40440.0,33200.0,41920.0,61600.0,66700.0,66000.0,82800.0,60800.0,72600.0,14.9,32.2,2.8,64.9,0.1,50.3,11.2,48.3,89.4,10.6,91.0,0.0,6.1,22.0,2.2,2.2,23.2,290000.0,314400.0
P2N,P2N,ON,6944.0,,,45.2,44.4,15.1,61.8,23.1,2.0,60.6,39.4,38000.0,49000.0,35200.0,41720.0,40400.0,49680.0,63200.0,73900.0,60800.0,79600.0,54800.0,67800.0,17.9,72.1,0.7,27.2,0.1,47.1,13.5,53.6,89.2,10.9,86.3,0.8,8.9,16.9,4.7,4.4,19.6,150000.0,170800.0
P3A,P3A,ON,24326.0,,,45.2,44.6,14.3,61.2,24.5,2.3,63.4,36.6,44000.0,53150.0,39600.0,45040.0,36400.0,46440.0,65000.0,73100.0,83000.0,100400.0,73500.0,85300.0,10.0,64.0,0.7,35.1,0.3,55.5,19.3,58.7,88.4,11.7,87.7,5.5,4.7,18.6,7.7,9.8,16.6,348000.0,364800.0
P3B,P3B,ON,16434.0,,,40.4,41.2,15.7,66.4,17.8,2.1,48.6,51.4,40400.0,49600.0,36400.0,42200.0,35600.0,45480.0,63200.0,74100.0,66500.0,85800.0,60000.0,73000.0,15.0,64.3,1.2,34.3,0.3,52.9,18.2,60.2,86.9,13.1,87.5,8.0,2.4,20.3,6.6,11.3,20.7,300000.0,364400.0
P3C,P3C,ON,17596.0,,,38.0,40.7,13.9,69.9,16.2,1.9,35.2,64.8,34800.0,40680.0,32000.0,36120.0,29400.0,36400.0,50400.0,55800.0,54000.0,64700.0,49200.0,57500.0,21.4,70.6,1.1,27.9,0.5,47.9,14.2,59.4,86.0,14.0,77.5,11.7,7.6,20.6,7.6,12.6,29.0,260000.0,273600.0
P3E,P3E,ON,29132.0,,,46.0,45.1,14.0,61.4,24.6,2.1,53.9,46.1,48400.0,63300.0,42800.0,51450.0,42800.0,56350.0,76500.0,88900.0,85000.0,112200.0,73500.0,91200.0,9.4,71.2,0.7,27.5,0.5,64.5,35.6,60.5,89.9,10.1,87.3,4.5,5.2,18.6,12.0,11.1,20.3,448000.0,503600.0
P3G,P3G,ON,4167.0,,,46.4,43.6,16.0,64.3,19.7,2.5,92.4,7.6,56000.0,74900.0,48400.0,59350.0,50800.0,66300.0,88000.0,96000.0,128000.0,156800.0,105000.0,124400.0,4.3,68.0,0.4,31.5,0.1,66.1,30.7,66.5,91.8,8.2,96.9,0.0,0.9,22.7,5.7,1.6,12.9,500000.0,617500.0
P3L,P3L,ON,7996.0,,,41.2,40.5,17.4,66.8,15.8,2.5,79.9,20.1,49600.0,57650.0,44000.0,48200.0,47600.0,54300.0,71000.0,76200.0,102000.0,115900.0,88000.0,96900.0,5.9,63.0,0.5,36.2,0.2,54.4,15.2,66.5,90.9,9.1,95.5,0.9,2.0,21.8,3.6,2.5,12.4,340000.0,379600.0
P3N,P3N,ON,7980.0,,,43.2,42.5,16.5,64.2,19.2,2.6,84.2,15.8,49200.0,56700.0,43600.0,47320.0,48000.0,54250.0,72000.0,78200.0,107000.0,116500.0,91000.0,97300.0,4.6,45.7,1.0,53.3,0.1,55.4,12.1,63.4,91.1,8.8,95.1,1.8,1.3,24.1,2.8,3.0,11.7,332000.0,359600.0
P3P,P3P,ON,15408.0,,,42.0,40.9,17.2,66.5,16.2,2.6,85.2,14.8,50000.0,58200.0,44000.0,48600.0,47600.0,54900.0,71500.0,78700.0,109000.0,121900.0,94000.0,101800.0,5.0,45.5,1.2,53.3,0.1,57.4,13.9,65.9,90.3,9.7,94.4,1.6,1.3,28.3,2.2,1.4,12.4,348000.0,366800.0
P3Y,P3Y,ON,7757.0,,,44.0,43.0,17.4,61.4,21.2,2.5,87.1,12.9,54400.0,64900.0,47600.0,53150.0,52800.0,59000.0,81000.0,87500.0,113000.0,130800.0,96000.0,107000.0,3.3,79.6,0.1,20.1,0.1,62.1,23.9,64.9,93.1,6.9,95.7,0.8,1.5,22.4,4.8,1.5,10.7,348000.0,384800.0
P4N,P4N,ON,24098.0,,,42.8,42.7,14.9,65.0,20.1,2.2,61.4,38.6,41200.0,52850.0,37200.0,44000.0,40000.0,51000.0,62800.0,76800.0,73500.0,93000.0,65000.0,77500.0,13.3,48.1,1.6,50.1,0.2,46.1,12.4,60.8,91.1,8.9,84.5,4.5,8.7,18.2,3.7,5.9,18.7,200000.0,232800.0
P4P,P4P,ON,3232.0,,,41.2,39.5,18.4,68.4,13.3,2.4,68.1,31.9,50000.0,60900.0,44400.0,50680.0,47600.0,56600.0,81000.0,83400.0,101000.0,117500.0,87000.0,97800.0,9.3,44.3,0.9,54.8,0.2,50.2,15.2,66.4,90.3,9.5,91.8,4.6,1.4,19.0,4.0,3.9,10.5,290000.0,305500.0
P4R,P4R,ON,4795.0,,,43.6,41.8,17.4,66.0,16.6,2.6,81.3,18.7,51200.0,61950.0,44800.0,49880.0,50400.0,60650.0,80000.0,84700.0,116000.0,130800.0,99000.0,105300.0,7.4,33.4,3.0,63.3,0.2,53.5,16.0,68.5,92.8,7.6,90.1,2.5,3.8,19.9,1.7,1.1,11.8,320000.0,341200.0
P5A,P5A,ON,11372.0,,,60.4,53.4,10.3,49.7,40.0,1.9,60.8,39.2,29800.0,39120.0,28600.0,34840.0,24000.0,36120.0,55600.0,61850.0,50000.0,65300.0,47600.0,58150.0,20.0,80.1,0.8,19.0,0.1,43.2,10.6,35.2,83.5,16.5,88.1,1.3,7.6,16.4,10.5,2.6,19.9,150000.0,186400.0
P5E,P5E,ON,5427.0,,,49.2,46.2,14.7,59.9,25.4,2.2,77.0,23.0,42000.0,49440.0,38400.0,42280.0,34400.0,43560.0,68000.0,71000.0,78500.0,91500.0,69000.0,78500.0,10.6,78.7,0.3,20.8,0.3,48.4,12.0,52.7,91.4,8.8,86.0,0.5,9.5,22.5,4.3,3.1,13.6,244000.0,262400.0
P5N,P5N,ON,8260.0,,,48.4,45.4,15.4,60.0,24.5,2.1,67.0,33.0,40800.0,49640.0,37200.0,42480.0,34400.0,43880.0,65000.0,69000.0,69000.0,86300.0,62000.0,73900.0,12.4,23.1,6.4,70.4,0.0,47.6,10.8,53.1,92.2,7.8,87.6,1.1,8.5,14.9,2.5,3.2,13.0,150000.0,169200.0
P6A,P6A,ON,33800.0,,,47.2,45.1,14.7,60.9,24.3,2.2,69.5,30.5,42000.0,52150.0,38000.0,44320.0,34400.0,45200.0,69500.0,73900.0,78000.0,94900.0,69500.0,80700.0,11.4,89.9,0.0,9.9,0.2,56.6,22.2,55.3,87.0,13.0,90.8,2.8,4.0,16.4,7.1,4.5,15.9,276000.0,314400.0
P6B,P6B,ON,22754.0,,,48.0,46.4,13.5,59.2,27.3,2.1,64.8,35.2,40000.0,49200.0,36400.0,42120.0,30600.0,41560.0,65500.0,71800.0,69000.0,86600.0,62400.0,74200.0,13.6,89.8,0.1,9.7,0.4,54.1,21.2,52.8,87.3,12.7,88.6,3.3,5.5,13.0,9.4,6.6,17.0,250000.0,284000.0
P6C,P6C,ON,18766.0,,,46.4,44.5,14.4,63.3,22.2,2.2,74.3,25.7,39200.0,45920.0,36000.0,39960.0,32800.0,39520.0,59600.0,64400.0,71500.0,84800.0,64500.0,73800.0,10.4,91.9,0.1,7.3,0.7,46.6,11.6,56.4,86.8,13.2,93.5,2.2,2.4,13.9,8.5,1.4,14.5,200000.0,233200.0
P7A,P7A,ON,28587.0,,,47.2,45.5,12.8,62.8,24.4,2.1,69.2,30.8,44000.0,51700.0,39600.0,44040.0,39600.0,45640.0,63600.0,70100.0,78500.0,91900.0,70000.0,78300.0,10.3,90.3,0.1,9.2,0.4,55.5,21.9,57.5,87.9,12.1,91.1,2.8,3.8,19.0,8.0,4.6,15.4,296000.0,319200.0
P7B,P7B,ON,22675.0,,,40.8,42.8,13.3,64.7,21.9,2.2,55.0,45.0,39200.0,50120.0,36000.0,42480.0,32800.0,45640.0,64500.0,75300.0,70000.0,89800.0,62800.0,76200.0,15.7,90.3,0.0,8.9,0.8,57.7,29.2,57.4,89.3,10.6,82.8,6.9,7.0,16.3,11.5,12.7,18.8,310000.0,341200.0
P7C,P7C,ON,21695.0,,,42.4,43.1,14.8,63.6,21.5,2.2,68.3,31.7,40400.0,46600.0,36800.0,40640.0,34400.0,41640.0,58000.0,64300.0,72500.0,84400.0,65000.0,73600.0,13.4,93.1,0.0,6.3,0.5,50.7,18.2,57.1,88.6,11.4,86.6,4.4,5.8,15.7,8.6,9.2,16.4,250000.0,266000.0
P7E,P7E,ON,20897.0,,,44.4,44.1,13.7,64.4,21.9,2.1,63.0,37.0,41200.0,46560.0,37200.0,40440.0,37200.0,41720.0,58800.0,64100.0,68500.0,80800.0,61200.0,70200.0,13.2,93.2,0.0,6.4,0.3,50.8,16.1,58.1,87.6,12.4,88.0,4.0,4.7,16.1,6.1,5.5,17.5,250000.0,255800.0
P7G,P7G,ON,13238.0,,,44.8,42.5,17.1,64.0,18.9,2.6,93.7,6.3,52400.0,62550.0,46000.0,51650.0,49600.0,58200.0,81000.0,85800.0,117000.0,132000.0,100000.0,109200.0,4.5,90.3,0.1,9.3,0.3,64.4,27.6,62.5,91.3,8.7,94.6,0.3,1.8,21.5,9.5,4.3,9.6,400000.0,435200.0
P7J,P7J,ON,4859.0,,,44.8,42.0,17.4,64.5,18.2,2.7,95.3,4.7,48800.0,61450.0,44000.0,51350.0,45200.0,57150.0,73500.0,84300.0,114000.0,133200.0,99000.0,111300.0,8.1,93.5,0.0,6.4,0.1,59.6,23.9,58.1,92.3,7.7,92.4,0.9,3.2,18.5,5.4,3.3,8.2,448000.0,469200.0
P7K,P7K,ON,6801.0,,,49.2,45.2,15.4,61.0,23.6,2.5,95.0,5.0,52800.0,64700.0,46000.0,53350.0,48000.0,57800.0,77500.0,86600.0,118000.0,134400.0,100000.0,110800.0,4.1,92.7,0.1,7.1,0.1,62.7,24.3,60.5,91.8,8.2,96.6,0.0,1.1,20.3,5.8,2.5,7.5,400000.0,416800.0
P7L,P7L,ON,2188.0,,,48.8,44.8,14.2,63.9,21.9,2.4,94.6,5.4,48400.0,54800.0,43200.0,46120.0,44800.0,50840.0,65000.0,75200.0,94000.0,110400.0,82000.0,92800.0,4.7,94.3,0.0,5.7,0.2,60.0,20.0,60.5,90.4,9.6,96.9,0.0,0.0,32.0,6.1,2.0,5.6,348000.0,360000.0
P8N,P8N,ON,9619.0,,,48.0,45.2,13.8,63.4,22.9,2.2,75.3,24.7,45200.0,52650.0,40400.0,44640.0,38800.0,47080.0,66000.0,71800.0,83000.0,98000.0,73500.0,83000.0,9.7,93.3,0.1,6.4,0.3,46.9,12.2,58.3,91.9,8.1,90.4,0.0,6.9,16.2,5.8,3.3,9.6,200000.0,231400.0
P8T,P8T,ON,5541.0,,,37.2,38.7,18.3,68.2,13.5,2.5,66.0,34.0,54800.0,60400.0,49200.0,51450.0,51200.0,54400.0,66500.0,71700.0,103000.0,118000.0,90000.0,100500.0,8.0,95.2,0.0,4.5,0.2,53.1,20.6,71.3,94.9,5.1,86.6,0.0,10.3,12.3,6.2,7.3,14.5,300000.0,330800.0
P9A,P9A,ON,10079.0,,,44.8,43.3,16.5,61.9,21.6,2.3,76.5,23.5,45600.0,52700.0,41200.0,44480.0,40000.0,48160.0,62800.0,71700.0,82000.0,95800.0,72500.0,80800.0,11.3,96.1,0.0,3.8,0.1,49.3,14.4,59.3,91.3,8.7,89.5,1.6,6.4,19.3,4.9,1.9,10.7,250000.0,271600.0
P9N,P9N,ON,14088.0,,,43.6,43.1,15.9,63.6,20.5,2.3,72.1,27.9,46800.0,53750.0,42000.0,45880.0,42400.0,48560.0,64500.0,70900.0,83000.0,99500.0,73500.0,84900.0,9.9,92.5,0.1,7.3,0.1,50.5,17.8,62.1,92.5,7.6,90.4,0.5,5.8,15.3,4.4,3.2,17.1,300000.0,340800.0
R0A,R0A,MB,43242.0,,,33.6,35.3,25.5,62.1,12.3,2.9,83.2,16.8,38800.0,45640.0,34800.0,38400.0,35600.0,42040.0,54400.0,60300.0,85000.0,95200.0,73500.0,80300.0,13.5,82.7,0.3,15.8,1.3,41.0,11.8,68.7,93.8,6.2,93.7,0.2,3.6,29.3,12.5,4.2,14.6,300000.0,315200.0
R0B,R0B,MB,42205.0,,,24.8,29.3,33.9,59.2,6.9,4.1,60.6,39.4,24800.0,33360.0,24400.0,31000.0,25200.0,35680.0,42000.0,52850.0,73500.0,86000.0,70000.0,80000.0,32.2,98.9,0.1,0.9,0.2,23.1,6.7,48.8,81.7,18.3,80.5,0.7,15.6,14.7,0.7,0.6,6.7,150000.0,185000.0
R0C,R0C,MB,56940.0,,,42.4,41.4,20.5,58.9,20.6,2.5,82.3,17.7,36000.0,44240.0,32800.0,37440.0,31000.0,40400.0,54000.0,60500.0,72500.0,85900.0,64000.0,72700.0,19.0,95.8,0.0,3.9,0.3,40.9,10.9,56.4,90.8,9.2,90.5,0.7,5.8,26.8,5.0,2.3,11.8,260000.0,283600.0
R0E,R0E,MB,39578.0,,,47.6,44.3,16.7,60.1,23.2,2.4,89.5,10.5,40000.0,47720.0,35200.0,39640.0,34400.0,43520.0,60000.0,66000.0,78000.0,92000.0,68000.0,76600.0,14.4,91.2,0.1,8.4,0.3,43.9,11.5,55.5,90.5,9.5,92.0,0.7,4.6,30.6,5.7,1.6,12.1,286000.0,313200.0
R0G,R0G,MB,43710.0,,,38.0,38.9,22.7,59.9,17.5,2.6,84.7,15.3,40400.0,49880.0,35600.0,41040.0,35200.0,43320.0,53600.0,62350.0,82000.0,98800.0,71500.0,81400.0,12.5,87.2,0.1,11.8,0.8,44.2,15.3,67.1,95.4,4.6,90.7,0.3,6.5,23.0,10.4,4.8,10.9,260000.0,298400.0
R0H,R0H,MB,17902.0,,,33.2,35.5,26.2,60.1,13.7,2.8,82.2,17.8,33600.0,42080.0,30600.0,36000.0,32000.0,39440.0,53600.0,58450.0,72500.0,86900.0,64500.0,74400.0,22.1,94.6,0.0,4.5,0.9,34.2,8.5,57.7,90.6,9.4,93.7,0.2,4.4,26.0,3.5,2.2,9.4,236000.0,261200.0
R0J,R0J,MB,29050.0,,,42.8,42.5,19.2,58.4,22.4,2.4,81.8,18.2,36800.0,44200.0,33200.0,37080.0,31200.0,38640.0,49600.0,55550.0,69000.0,84400.0,60800.0,70900.0,18.2,96.8,0.0,2.9,0.2,42.9,13.4,62.7,94.9,5.1,89.8,0.3,7.7,19.0,12.5,13.7,9.9,196000.0,218800.0
R0K,R0K,MB,28076.0,,,40.0,41.0,20.2,59.5,20.3,2.4,78.4,21.6,41600.0,48000.0,36400.0,39600.0,35200.0,42040.0,54800.0,60000.0,78000.0,88900.0,67000.0,73500.0,12.6,95.4,0.1,4.0,0.5,47.1,12.8,65.5,94.5,5.5,88.9,0.2,8.2,21.8,7.7,3.8,9.8,200000.0,239000.0
R0L,R0L,MB,26272.0,,,42.4,41.7,21.3,56.4,22.3,2.4,75.9,24.1,32800.0,40480.0,30400.0,34920.0,25800.0,33800.0,46000.0,50560.0,59200.0,72800.0,54000.0,62950.0,24.6,96.4,0.0,3.4,0.2,34.4,8.5,54.8,92.2,7.8,89.4,0.4,8.3,19.0,3.7,2.0,11.4,150000.0,185200.0
R0M,R0M,MB,19451.0,,,41.2,41.7,20.9,57.2,22.0,2.4,82.2,17.8,38000.0,45720.0,34000.0,38400.0,29400.0,38920.0,49200.0,56100.0,70500.0,85000.0,62000.0,71500.0,18.4,96.3,0.0,3.4,0.2,42.6,11.4,64.2,94.1,5.9,87.0,0.8,9.8,19.6,5.8,3.6,10.4,180000.0,210600.0
R1A,R1A,MB,21473.0,,,45.2,43.5,15.6,62.9,21.4,2.5,77.8,22.2,42000.0,55500.0,37200.0,44200.0,38800.0,53100.0,64000.0,79600.0,88000.0,111500.0,75000.0,88800.0,10.9,94.4,0.0,5.3,0.3,46.8,14.3,60.7,92.5,7.4,92.8,0.5,4.9,25.8,8.2,4.9,13.1,348000.0,375200.0
R1B,R1B,MB,280.0,,,66.5,60.6,5.4,41.1,53.6,1.7,80.6,19.4,45600.0,50400.0,40400.0,42400.0,35600.0,39500.0,58000.0,64000.0,75000.0,84000.0,63200.0,71000.0,6.0,94.6,0.0,5.4,0.0,48.1,17.3,43.4,95.7,0.0,100.0,0.0,0.0,26.7,14.3,8.9,12.9,258000.0,264000.0
R1C,R1C,MB,3937.0,,,46.0,42.4,15.9,67.9,16.0,2.6,95.8,4.2,46800.0,54950.0,40400.0,44560.0,44800.0,52450.0,66500.0,75100.0,103000.0,115000.0,86000.0,93400.0,7.1,93.9,0.0,5.8,0.3,52.6,16.1,69.8,91.8,8.2,97.2,0.0,0.6,31.5,11.2,3.3,9.7,400000.0,405600.0
R1N,R1N,MB,16641.0,,,40.0,40.9,19.3,61.6,19.1,2.4,68.6,31.4,40000.0,46480.0,35600.0,39120.0,36400.0,42960.0,55200.0,61900.0,72000.0,85600.0,62800.0,72100.0,15.2,93.8,0.1,5.5,0.7,46.1,15.1,63.0,93.1,6.8,90.9,0.3,6.7,15.6,8.2,8.7,15.8,240000.0,256000.0
R2C,R2C,MB,32816.0,,,39.2,39.6,18.0,66.7,15.3,2.6,82.8,17.2,43600.0,48600.0,38000.0,40680.0,41200.0,45520.0,58800.0,63800.0,89000.0,98600.0,76000.0,82600.0,7.8,90.0,0.1,9.2,0.6,47.7,16.3,68.0,91.5,8.5,88.6,6.4,2.6,26.1,17.2,18.9,13.3,300000.0,306800.0
R2E,R2E,MB,9511.0,,,46.8,43.5,16.1,63.2,20.6,2.8,96.6,3.4,55200.0,91900.0,46400.0,67000.0,49200.0,81700.0,87000.0,128800.0,144000.0,211200.0,115000.0,154200.0,3.6,91.4,0.0,8.2,0.4,59.8,32.4,63.0,93.4,6.6,96.0,0.4,1.4,25.5,9.1,7.0,8.9,576000.0,619000.0
R2G,R2G,MB,33874.0,,,45.6,45.1,14.7,59.5,25.8,2.2,59.2,40.8,41600.0,49840.0,36800.0,41360.0,39600.0,47200.0,60800.0,68200.0,76000.0,91300.0,66000.0,75800.0,11.2,92.7,0.1,6.3,0.9,52.0,22.8,58.1,92.1,7.9,86.5,6.8,3.3,24.7,20.1,15.7,22.5,348000.0,358400.0
R2H,R2H,MB,16136.0,,,42.0,43.9,13.2,64.7,22.1,2.0,49.2,50.8,41200.0,51400.0,36000.0,42240.0,38800.0,48080.0,61600.0,71700.0,64500.0,83400.0,56000.0,68600.0,16.2,60.9,1.7,36.8,0.6,60.7,34.9,65.8,90.6,9.4,69.2,9.2,15.1,22.0,13.7,17.8,23.4,340000.0,355600.0
R2J,R2J,MB,26960.0,,,41.2,41.4,16.9,64.3,18.8,2.5,71.5,28.5,44400.0,51950.0,38800.0,42920.0,40000.0,46840.0,61200.0,68200.0,91000.0,104000.0,77500.0,85900.0,7.9,78.1,0.5,20.7,0.7,54.4,25.9,64.3,91.6,8.4,86.2,6.5,3.8,23.5,18.0,20.4,15.7,348000.0,362000.0
R2K,R2K,MB,34345.0,,,38.4,39.8,17.8,65.8,16.4,2.5,66.7,33.3,39200.0,44560.0,34800.0,37800.0,35600.0,40880.0,53600.0,59250.0,77000.0,87100.0,67000.0,73900.0,12.9,91.7,0.2,6.6,1.5,49.6,21.4,66.6,90.9,9.1,84.1,9.6,3.9,24.3,25.1,30.5,16.2,300000.0,298000.0
R2L,R2L,MB,15255.0,,,35.6,36.8,20.0,68.6,11.4,2.4,57.8,42.2,35600.0,39200.0,32000.0,34040.0,32800.0,36000.0,47200.0,50480.0,64500.0,72200.0,57200.0,62700.0,19.1,91.7,0.4,6.5,1.5,42.6,15.0,65.9,89.9,10.1,78.1,13.0,5.0,24.2,24.2,29.5,20.4,220000.0,230400.0
R2M,R2M,MB,38978.0,,,40.4,41.8,16.3,63.4,20.3,2.3,58.5,41.5,40000.0,48840.0,35600.0,40400.0,36400.0,45200.0,58000.0,66600.0,73000.0,89600.0,63600.0,74100.0,15.4,83.7,0.3,14.7,1.3,55.8,28.4,63.8,90.6,9.4,81.2,10.4,4.9,25.0,23.2,27.8,22.2,324000.0,351600.0
R2N,R2N,MB,31384.0,,,44.4,43.1,15.9,63.0,21.0,2.6,84.1,15.9,46800.0,56800.0,40400.0,45320.0,43600.0,53500.0,71000.0,79500.0,102000.0,118800.0,85000.0,94800.0,6.0,80.5,0.2,17.8,1.5,61.1,33.1,63.7,93.1,6.9,89.5,5.0,2.7,25.4,21.8,27.1,14.0,380000.0,395200.0
R2P,R2P,MB,35218.0,,,35.2,37.7,18.5,66.3,15.1,3.3,71.9,28.1,34800.0,40200.0,31400.0,34640.0,30000.0,36440.0,48000.0,53500.0,93000.0,103300.0,81000.0,89100.0,10.1,91.7,0.0,3.7,4.6,54.7,28.7,67.1,92.5,7.5,86.9,9.1,1.9,25.5,51.5,71.1,18.0,348000.0,374000.0
R2R,R2R,MB,25599.0,,,35.6,36.8,18.9,69.0,12.1,3.4,83.8,16.2,37200.0,41640.0,33200.0,35560.0,34000.0,38440.0,48000.0,52950.0,101000.0,109900.0,88000.0,93900.0,7.4,92.9,0.1,3.7,3.4,53.2,25.2,70.5,91.8,8.2,90.1,6.9,1.5,23.1,50.3,72.6,13.8,332000.0,345600.0
R2V,R2V,MB,38204.0,,,40.0,40.7,16.8,66.2,17.1,2.6,71.6,28.4,40800.0,46960.0,35600.0,39320.0,38400.0,43320.0,55600.0,61850.0,86000.0,98300.0,74500.0,82300.0,9.3,93.0,0.0,5.5,1.5,52.9,24.7,66.5,91.5,8.5,88.9,7.1,2.1,24.2,32.5,38.0,17.8,324000.0,341600.0
R2W,R2W,MB,29483.0,,,36.0,37.2,21.0,66.5,12.5,2.6,49.5,50.5,31600.0,35120.0,29000.0,31160.0,29000.0,32320.0,44000.0,47360.0,57600.0,67400.0,52400.0,59850.0,24.4,94.3,0.1,4.4,1.2,37.7,13.9,57.2,84.6,15.4,78.1,14.4,3.9,25.0,23.9,28.7,23.1,200000.0,215600.0
R2X,R2X,MB,19674.0,,,38.0,38.3,18.5,68.6,12.9,2.9,69.2,30.8,36000.0,38080.0,32400.0,33000.0,33200.0,34760.0,44800.0,46880.0,78500.0,86200.0,69000.0,74700.0,12.4,95.9,0.0,2.9,1.2,45.6,19.9,65.9,90.5,9.5,86.3,8.8,2.6,22.7,47.9,59.6,13.1,246000.0,241400.0
R2Y,R2Y,MB,19849.0,,,42.0,42.6,15.9,63.7,20.4,2.3,67.6,32.4,43200.0,48480.0,37600.0,40560.0,40800.0,45120.0,59200.0,64000.0,80000.0,90600.0,69000.0,75900.0,11.3,92.1,0.1,7.3,0.6,50.3,18.5,63.0,91.8,8.2,87.2,5.4,4.5,23.3,14.7,16.2,16.5,300000.0,302000.0
R3A,R3A,MB,5156.0,,,30.6,32.9,27.6,63.2,9.1,2.6,21.3,78.7,26400.0,30120.0,25200.0,27320.0,23400.0,28640.0,42400.0,46400.0,42800.0,56900.0,40400.0,51600.0,43.8,88.2,0.6,4.8,6.4,34.2,15.9,52.0,84.2,15.6,66.0,18.2,13.5,24.8,45.6,59.7,26.6,190000.0,203000.0
R3B,R3B,MB,12545.0,,,37.2,39.5,14.3,71.9,13.8,1.9,17.4,82.6,29000.0,39520.0,27000.0,33200.0,25000.0,38120.0,42800.0,53250.0,42000.0,60000.0,38400.0,50400.0,36.4,89.4,0.3,6.4,4.0,45.0,23.3,58.7,87.0,13.0,50.2,27.6,17.8,25.2,38.0,51.2,31.3,220000.0,257500.0
R3C,R3C,MB,16798.0,,,34.8,38.9,8.6,79.4,12.0,1.6,8.3,91.7,32000.0,39480.0,29600.0,33880.0,27800.0,35400.0,47200.0,54300.0,43600.0,55800.0,39200.0,47880.0,30.4,88.2,0.3,10.1,1.4,56.9,32.6,69.5,87.9,12.1,47.2,25.4,21.0,24.2,25.4,38.3,37.9,300000.0,368000.0
R3E,R3E,MB,19009.0,,,37.6,38.7,17.7,68.2,14.0,2.7,57.9,42.1,33200.0,35840.0,30200.0,31320.0,30800.0,33240.0,44400.0,46800.0,69000.0,75800.0,61200.0,66200.0,17.3,94.1,0.1,3.6,2.2,43.4,18.2,62.8,89.4,10.6,77.8,14.3,5.1,22.5,44.2,55.1,18.7,220000.0,223200.0
R3G,R3G,MB,25200.0,,,36.8,38.1,16.4,71.3,12.3,2.4,59.7,40.3,37200.0,44080.0,33200.0,37240.0,33200.0,40200.0,53200.0,60300.0,72000.0,84200.0,63200.0,71100.0,14.6,88.1,0.1,10.3,1.4,55.2,30.6,69.5,90.2,9.8,70.0,13.5,9.7,22.0,26.9,33.6,19.7,260000.0,281200.0
R3H,R3H,MB,116.0,,,39.2,37.2,13.0,82.6,8.7,2.6,100.0,0.0,,,,,,,,,,,,,,100.0,0.0,0.0,0.0,52.4,38.1,68.2,86.7,0.0,81.8,0.0,0.0,12.1,44.0,64.0,,224000.0,260000.0
R3J,R3J,MB,28343.0,,,41.6,42.8,14.5,65.7,19.8,2.2,61.2,38.8,43200.0,50480.0,37600.0,42120.0,40000.0,45680.0,58400.0,65000.0,77000.0,91400.0,66000.0,76300.0,9.5,90.4,0.1,9.0,0.6,55.3,25.2,65.8,91.6,8.4,80.8,9.7,6.1,21.7,17.6,20.2,19.4,300000.0,312800.0
R3K,R3K,MB,12431.0,,,48.8,46.4,14.0,60.1,25.9,2.3,74.0,26.0,46000.0,56700.0,39600.0,45960.0,42400.0,52550.0,68500.0,77300.0,89000.0,108800.0,75500.0,88200.0,7.7,90.8,0.0,8.7,0.4,56.1,26.3,61.7,92.3,7.7,87.2,6.1,3.9,23.4,13.9,11.8,14.6,348000.0,382000.0
R3L,R3L,MB,20725.0,,,36.4,41.0,9.8,73.7,16.5,1.8,39.5,60.5,40400.0,49000.0,35600.0,40680.0,36800.0,45040.0,59200.0,65300.0,63600.0,77000.0,54800.0,63950.0,16.2,86.4,0.1,13.0,0.5,64.7,39.6,71.7,90.8,9.2,68.5,15.9,10.7,23.3,16.2,20.6,24.2,280000.0,304800.0
R3M,R3M,MB,22203.0,,,41.2,42.6,12.8,67.6,19.6,2.1,56.4,43.6,44400.0,62250.0,38800.0,49080.0,39600.0,54550.0,65500.0,81000.0,81000.0,111000.0,69500.0,87600.0,10.7,86.9,0.1,12.2,0.8,64.4,43.8,68.7,91.8,8.2,75.8,9.5,8.3,21.2,19.1,19.9,22.4,360000.0,422800.0
R3N,R3N,MB,16591.0,,,41.6,41.8,15.5,65.9,18.7,2.3,71.6,28.4,49600.0,71600.0,42800.0,54800.0,47200.0,62500.0,74000.0,88200.0,96000.0,132200.0,81000.0,101300.0,8.5,87.1,0.2,12.0,0.8,66.5,44.6,67.9,93.4,6.6,82.8,6.2,4.6,20.4,16.2,14.2,14.5,392000.0,419200.0
R3P,R3P,MB,20616.0,,,49.6,48.0,12.5,57.3,30.2,2.3,70.8,29.2,50800.0,85600.0,43200.0,62700.0,42000.0,79600.0,82000.0,125100.0,103000.0,166400.0,85000.0,121800.0,10.2,89.5,0.0,9.1,1.4,69.3,48.7,59.2,92.7,7.3,91.7,2.9,2.8,22.1,24.2,26.3,22.5,548000.0,616500.0
R3R,R3R,MB,25743.0,,,45.2,43.9,15.9,60.9,23.2,2.5,82.9,17.1,49600.0,60750.0,42400.0,48520.0,45600.0,55950.0,72000.0,81600.0,102000.0,121400.0,86000.0,97000.0,6.7,90.6,0.0,8.9,0.5,60.9,30.7,62.3,92.9,7.1,91.2,3.5,2.2,23.6,13.7,10.1,12.6,400000.0,426800.0
R3S,R3S,MB,603.0,,,41.2,38.4,18.2,69.4,11.6,3.2,100.0,0.0,50000.0,220000.0,42400.0,162000.0,48800.0,139000.0,80000.0,184000.0,157000.0,520000.0,122000.0,384000.0,6.0,88.4,0.0,11.6,0.0,51.1,32.6,71.7,97.0,3.0,98.1,0.0,0.0,22.3,10.1,12.7,8.1,800000.0,900000.0
R3T,R3T,MB,50190.0,,,33.6,38.3,14.5,69.9,15.6,2.5,55.3,44.7,33200.0,45080.0,30400.0,37480.0,26000.0,40560.0,58000.0,69800.0,74500.0,93900.0,65500.0,78100.0,19.4,89.7,0.1,7.7,2.5,62.3,39.1,65.0,89.7,10.3,76.2,15.8,4.7,26.5,31.5,51.2,25.9,380000.0,386800.0
R3V,R3V,MB,6416.0,,,40.4,41.5,16.0,64.8,19.3,2.6,81.8,18.2,41600.0,50440.0,36800.0,41200.0,36400.0,46480.0,59200.0,66200.0,90000.0,105600.0,77000.0,86300.0,9.5,81.0,0.3,17.6,1.1,55.0,27.8,63.7,91.0,9.0,86.3,7.7,3.6,27.1,23.0,24.8,16.0,300000.0,338400.0
R3W,R3W,MB,16173.0,,,36.8,37.7,20.6,65.7,13.8,2.8,73.4,26.6,44000.0,50760.0,38800.0,42200.0,41600.0,48160.0,61600.0,66500.0,100000.0,108500.0,85000.0,90200.0,6.6,89.4,0.1,7.7,2.7,55.5,27.6,72.4,92.8,7.2,90.2,5.2,2.1,25.0,33.4,41.6,23.6,400000.0,402400.0
R3X,R3X,MB,22304.0,,,38.0,36.7,21.6,67.6,10.8,3.0,85.0,15.0,53200.0,66500.0,45200.0,52050.0,51600.0,62350.0,79000.0,89400.0,131000.0,149800.0,108000.0,117400.0,5.4,81.1,0.3,17.0,1.7,63.9,38.9,73.6,93.3,6.7,93.8,2.8,1.1,26.0,24.8,33.2,15.6,480000.0,510000.0
R3Y,R3Y,MB,33116.0,,,33.6,34.3,21.3,70.9,7.8,3.1,79.4,20.6,41600.0,63550.0,36800.0,50200.0,39600.0,63000.0,70500.0,101600.0,112000.0,147800.0,94000.0,116600.0,13.1,89.0,0.1,7.1,3.8,68.0,45.9,73.3,91.8,8.2,91.5,4.5,1.3,26.0,41.9,59.5,26.2,500000.0,539000.0
R4A,R4A,MB,5471.0,,,40.0,39.9,19.3,64.4,16.2,2.9,85.6,14.4,50000.0,60950.0,42800.0,49080.0,48000.0,57550.0,73500.0,81100.0,124000.0,139000.0,102000.0,112000.0,4.4,92.2,0.0,6.6,1.2,55.5,24.2,72.3,93.9,6.1,97.3,0.7,1.1,25.8,17.7,16.8,13.6,524000.0,576000.0
R4G,R4G,MB,1658.0,,,40.4,37.8,20.5,70.4,9.4,3.0,98.2,1.8,64500.0,74000.0,52400.0,56750.0,58800.0,67800.0,84000.0,98400.0,168000.0,183000.0,134000.0,140500.0,1.9,92.7,0.0,6.9,0.0,63.1,34.4,75.2,96.2,3.8,95.2,1.2,2.4,25.8,10.1,14.9,7.2,600000.0,602000.0
R4H,R4H,MB,3282.0,,,38.8,39.9,14.8,70.3,14.9,2.8,83.0,17.0,54800.0,83200.0,45600.0,60050.0,50800.0,78800.0,82000.0,117800.0,136000.0,185200.0,108000.0,133600.0,4.9,91.8,0.0,8.0,0.2,59.9,31.2,67.6,94.5,5.5,94.1,2.0,3.4,24.2,8.3,6.9,12.8,650000.0,748000.0
R4J,R4J,MB,1049.0,,,43.6,41.2,20.0,64.3,15.7,2.8,100.0,0.0,59200.0,79600.0,48400.0,60500.0,54000.0,78600.0,88000.0,113200.0,150000.0,177000.0,120000.0,135500.0,3.2,91.0,0.0,9.0,0.0,60.1,35.7,71.9,95.8,5.0,96.2,0.0,0.0,23.5,2.8,4.2,0.0,600000.0,636000.0
R4K,R4K,MB,960.0,,,34.0,35.7,23.4,67.2,9.9,2.7,100.0,0.0,51600.0,77600.0,43600.0,55200.0,47200.0,76800.0,77500.0,116000.0,118000.0,174000.0,94000.0,123000.0,6.0,93.8,0.0,5.2,0.0,56.3,29.1,68.0,94.3,5.7,94.3,0.0,0.0,35.0,5.8,3.3,11.4,500000.0,488000.0
R4L,R4L,MB,1350.0,,,40.8,39.0,21.5,64.8,13.7,2.9,94.7,5.3,53200.0,68200.0,45200.0,53600.0,52000.0,62500.0,74000.0,84400.0,119000.0,146000.0,98000.0,115200.0,5.2,85.9,0.0,14.1,0.4,58.6,19.5,71.8,95.3,4.7,95.7,0.0,0.0,32.6,5.7,1.9,13.2,448000.0,464000.0
R5A,R5A,MB,3854.0,,,38.8,38.3,21.3,65.3,13.4,2.9,92.5,7.5,52000.0,61850.0,44000.0,49320.0,49600.0,57650.0,73000.0,81400.0,120000.0,135400.0,99000.0,108100.0,4.9,69.8,0.1,29.7,0.3,54.4,23.0,69.7,93.6,6.4,94.6,0.6,1.3,29.2,7.7,5.6,9.5,420000.0,460000.0
R5G,R5G,MB,25086.0,,,33.6,36.3,23.8,61.7,14.4,2.8,68.0,32.0,36000.0,44000.0,32400.0,37320.0,33200.0,39880.0,48800.0,55900.0,77000.0,90000.0,68000.0,76500.0,13.9,94.0,0.0,4.2,1.8,40.4,15.4,66.6,94.2,5.8,91.7,0.2,4.4,21.0,21.5,11.8,20.5,300000.0,327600.0
R5H,R5H,MB,5033.0,,,38.0,40.2,21.4,57.8,21.0,2.6,68.4,31.6,39600.0,45080.0,35600.0,38240.0,37200.0,41920.0,56800.0,62300.0,77000.0,85900.0,67000.0,73000.0,11.7,67.9,0.6,30.5,0.9,42.9,10.2,62.1,92.3,7.7,94.8,0.0,2.2,32.9,7.9,3.0,17.0,290000.0,294800.0
R5J,R5J,MB,1431.0,,,36.4,36.9,23.4,64.0,12.6,2.9,94.9,5.1,42000.0,47000.0,37200.0,39200.0,38800.0,44200.0,59200.0,61600.0,94000.0,102400.0,79500.0,85200.0,11.0,73.9,0.3,24.4,1.4,42.5,9.6,70.9,91.3,8.7,97.5,0.0,0.0,39.4,12.4,2.4,6.5,320000.0,322000.0
R5K,R5K,MB,6071.0,,,36.0,36.1,23.3,65.5,11.2,2.9,86.2,13.8,48800.0,56600.0,42400.0,46200.0,46800.0,53200.0,67500.0,72400.0,112000.0,119300.0,93000.0,97400.0,6.3,69.9,0.4,29.0,0.7,52.2,16.6,73.6,93.7,6.1,94.8,0.0,2.4,32.4,6.8,3.3,10.7,388000.0,397200.0
R5L,R5L,MB,2251.0,,,42.8,41.1,17.8,66.4,16.0,2.6,95.7,4.3,47200.0,53600.0,40800.0,43720.0,44800.0,49320.0,66000.0,70000.0,105000.0,110600.0,88000.0,90200.0,7.8,90.2,0.0,9.8,0.4,53.3,16.0,69.6,92.6,7.4,97.3,0.0,1.1,40.0,5.4,1.6,7.5,376000.0,387000.0
R5M,R5M,MB,2296.0,,,43.2,40.7,19.4,63.6,17.0,2.7,100.0,0.0,50000.0,58200.0,42800.0,46840.0,48000.0,52900.0,71500.0,78400.0,113000.0,126000.0,93000.0,101600.0,5.8,91.9,0.0,7.2,1.1,57.1,18.9,65.7,95.5,4.5,95.0,0.0,1.7,35.1,7.6,3.2,10.2,452000.0,475000.0
R5N,R5N,MB,5593.0,,,40.4,38.9,21.6,64.2,14.2,2.9,96.6,3.4,55200.0,65200.0,46800.0,51700.0,52400.0,60300.0,81000.0,84800.0,132000.0,145000.0,108000.0,115000.0,3.1,90.3,0.0,9.5,0.2,57.8,24.4,73.7,96.5,3.6,93.8,0.0,4.6,29.9,4.6,3.0,7.6,448000.0,450800.0
R5P,R5P,MB,738.0,,,44.0,42.3,18.4,59.9,22.4,2.7,75.5,24.5,40800.0,45800.0,35200.0,38800.0,36400.0,42200.0,56800.0,59200.0,82000.0,100000.0,72000.0,84000.0,9.6,89.2,0.7,8.8,0.7,43.1,12.2,54.5,88.1,9.0,97.8,0.0,0.0,30.7,8.0,0.0,24.0,400000.0,480000.0
R5R,R5R,MB,1310.0,,,46.8,43.1,16.8,64.9,18.3,2.7,95.0,5.0,46800.0,61900.0,39200.0,50300.0,42000.0,54100.0,77500.0,86400.0,113000.0,126000.0,93000.0,102400.0,8.4,91.2,0.0,8.4,0.0,59.8,23.0,61.2,93.8,5.5,92.1,0.0,5.6,27.9,7.8,1.2,10.2,500000.0,566000.0
R5T,R5T,MB,865.0,,,43.6,41.1,15.6,70.5,13.9,2.8,95.3,4.7,48800.0,63500.0,41600.0,47100.0,44400.0,59600.0,84000.0,94000.0,122000.0,145000.0,98000.0,107000.0,7.2,82.7,0.0,16.8,0.0,59.7,26.2,70.5,93.3,5.7,92.7,0.0,2.4,28.1,4.6,2.9,7.8,500000.0,560000.0
R6M,R6M,MB,11444.0,,,37.6,39.2,21.4,60.5,18.1,2.5,75.8,24.2,37600.0,43880.0,33600.0,37000.0,34000.0,39120.0,48000.0,56100.0,73000.0,84200.0,64500.0,71000.0,15.2,93.1,0.0,5.5,1.4,44.0,17.2,65.4,92.8,7.1,92.8,0.3,4.3,16.2,18.3,8.1,16.3,288000.0,305600.0
R6W,R6W,MB,21551.0,,,30.6,34.1,26.0,62.3,11.7,3.1,75.7,24.3,34000.0,40760.0,30600.0,34560.0,31000.0,35840.0,46000.0,51200.0,76000.0,88400.0,67500.0,75200.0,14.9,95.5,0.0,1.4,3.1,29.7,9.6,66.8,95.6,4.3,93.9,0.3,3.4,13.7,28.8,6.3,18.3,324000.0,349200.0
R7A,R7A,MB,30022.0,,,36.4,38.3,18.8,66.6,14.6,2.4,58.8,41.2,40000.0,47160.0,35600.0,39480.0,36400.0,42040.0,55200.0,60600.0,73000.0,87300.0,63600.0,73200.0,15.3,92.6,0.0,5.1,2.2,48.2,18.4,68.7,92.3,7.6,89.0,3.4,5.5,16.0,19.2,22.4,17.1,278000.0,302800.0
R7B,R7B,MB,22321.0,,,38.0,39.3,19.0,63.8,17.2,2.4,66.7,33.3,43600.0,53100.0,38000.0,43040.0,38800.0,47760.0,61200.0,69600.0,86000.0,101600.0,73000.0,82400.0,10.4,93.4,0.0,4.6,2.0,53.3,23.8,68.7,93.4,6.6,91.4,3.2,3.8,15.4,15.8,18.8,14.5,314000.0,332800.0
R7C,R7C,MB,2870.0,,,47.6,47.3,9.8,60.1,30.3,1.9,73.7,26.3,40800.0,49240.0,36400.0,41080.0,33200.0,41920.0,56400.0,68800.0,69500.0,83000.0,61600.0,69200.0,9.9,94.4,0.0,5.2,0.6,48.8,19.3,57.1,91.9,7.8,94.7,0.9,3.5,17.7,6.8,4.0,15.7,200000.0,253600.0
R7N,R7N,MB,9956.0,,,42.4,42.6,18.5,58.2,23.2,2.2,67.0,33.0,38000.0,46680.0,34000.0,38560.0,32400.0,41440.0,50000.0,60500.0,64500.0,81100.0,56800.0,67000.0,16.5,93.9,0.0,5.9,0.3,47.2,15.2,59.4,93.9,6.1,88.9,0.0,8.8,13.4,6.0,6.2,13.6,180000.0,200800.0
R8A,R8A,MB,5294.0,,,44.4,43.0,16.7,63.1,20.1,2.1,70.4,29.6,45600.0,57800.0,40000.0,47440.0,44800.0,54250.0,76000.0,80700.0,82000.0,99000.0,70500.0,81300.0,11.2,94.5,0.1,5.3,0.2,45.4,12.8,61.1,93.0,7.0,85.2,1.3,11.6,10.8,5.1,6.9,8.9,125000.0,141600.0
R8N,R8N,MB,13294.0,,,31.4,33.1,25.6,66.9,7.6,2.7,54.4,45.6,46800.0,57950.0,41600.0,47400.0,45200.0,56050.0,73000.0,77400.0,98000.0,111500.0,83000.0,91300.0,14.3,93.4,0.1,5.9,0.7,43.7,19.1,68.1,91.2,8.8,87.3,1.0,8.9,13.0,13.3,14.8,13.8,200000.0,219800.0
R9A,R9A,MB,6782.0,,,36.4,38.2,20.0,64.6,15.3,2.5,67.0,33.0,46400.0,55150.0,41200.0,45640.0,41600.0,50440.0,69000.0,72500.0,91000.0,106500.0,78500.0,88600.0,11.4,93.5,0.0,6.2,0.2,52.7,19.2,66.1,91.0,9.1,84.4,0.0,13.9,14.0,5.8,6.8,10.2,200000.0,214200.0
S0A,S0A,SK,52751.0,,,45.6,44.0,18.4,57.0,24.6,2.3,82.9,17.1,36400.0,46800.0,33600.0,39600.0,30000.0,41200.0,51600.0,60850.0,66500.0,83000.0,60800.0,70400.0,19.4,98.0,0.0,1.7,0.3,40.4,9.5,60.3,92.6,7.4,89.1,0.5,8.4,22.1,4.8,4.0,11.1,160000.0,191800.0
S0C,S0C,SK,21738.0,,,41.6,41.4,20.2,59.8,20.0,2.4,84.0,16.0,43200.0,53050.0,39200.0,44680.0,32400.0,43760.0,56400.0,64300.0,84000.0,97200.0,73500.0,81900.0,12.5,96.5,0.0,3.4,0.1,40.3,9.7,69.0,94.4,5.6,90.4,0.5,6.7,22.8,5.8,3.7,12.6,200000.0,235000.0
S0E,S0E,SK,32382.0,,,44.0,42.8,19.6,57.1,23.3,2.4,77.7,22.3,38000.0,46560.0,34800.0,40160.0,30200.0,39920.0,54000.0,59650.0,70000.0,85400.0,63200.0,73700.0,19.2,97.5,0.0,2.2,0.3,42.5,11.6,60.8,93.2,6.8,90.0,0.2,7.7,17.3,4.4,4.0,13.2,200000.0,221800.0
S0G,S0G,SK,65896.0,,,42.8,41.8,20.0,58.9,21.0,2.4,86.1,13.9,42800.0,53650.0,38800.0,45120.0,36000.0,46880.0,58800.0,66700.0,81000.0,100000.0,72000.0,84200.0,13.8,97.6,0.0,2.2,0.2,46.1,13.0,64.5,93.8,6.2,90.6,0.3,6.8,26.0,4.6,3.1,12.6,250000.0,305600.0
S0H,S0H,SK,21972.0,,,46.4,44.1,18.2,57.8,24.0,2.3,83.8,16.2,39600.0,47560.0,36000.0,40080.0,27800.0,37080.0,47600.0,53250.0,72500.0,85300.0,64500.0,72000.0,14.9,93.7,0.0,5.8,0.4,47.7,12.0,66.3,94.4,5.6,85.4,0.5,10.6,21.8,5.8,3.4,11.1,150000.0,194600.0
S0J,S0J,SK,50642.0,,,36.8,38.1,24.0,58.9,17.1,2.8,81.2,18.8,33600.0,43320.0,32000.0,38240.0,27000.0,38800.0,52000.0,58950.0,71000.0,85800.0,65500.0,75800.0,23.5,96.1,0.0,3.7,0.2,36.4,10.4,51.9,87.8,12.2,87.0,0.5,8.3,22.0,2.7,2.2,11.3,240000.0,277200.0
S0K,S0K,SK,90185.0,,,38.8,39.2,22.0,61.0,16.9,2.6,84.7,15.3,44400.0,53700.0,40000.0,45120.0,38400.0,47640.0,62800.0,69200.0,91000.0,103900.0,79500.0,87400.0,10.7,96.2,0.0,3.4,0.3,47.1,13.9,68.6,94.3,5.7,91.7,0.4,5.3,24.1,6.1,5.2,13.8,300000.0,309600.0
S0L,S0L,SK,30490.0,,,42.4,42.2,19.1,59.5,21.3,2.3,83.3,16.7,44400.0,51950.0,39600.0,44000.0,32000.0,40080.0,51200.0,57200.0,83000.0,95200.0,72500.0,80600.0,11.0,98.1,0.0,1.3,0.6,48.5,12.9,70.1,94.9,5.1,87.8,0.3,9.5,19.9,6.2,5.3,12.5,220000.0,246800.0
S0M,S0M,SK,48250.0,,,36.4,37.9,24.1,59.3,16.5,2.7,78.7,21.3,35200.0,44480.0,33200.0,38920.0,27600.0,39040.0,53200.0,59350.0,71000.0,85800.0,65500.0,75100.0,22.3,97.9,0.0,2.0,0.2,37.8,9.2,55.3,87.7,12.3,89.8,0.5,6.9,22.2,1.8,1.4,13.4,250000.0,270400.0
S0N,S0N,SK,21369.0,,,44.0,42.6,18.6,59.5,21.8,2.3,83.4,16.6,39600.0,47000.0,36400.0,40080.0,26000.0,35760.0,44400.0,50240.0,72500.0,85300.0,64500.0,72800.0,15.7,96.2,0.1,2.7,1.0,42.9,10.8,69.3,95.2,4.8,86.9,0.4,10.3,20.7,6.6,3.9,12.3,150000.0,189800.0
S0P,S0P,SK,6464.0,,,27.0,31.7,30.2,60.4,9.5,3.6,73.9,26.1,31000.0,42400.0,29800.0,37720.0,35600.0,46840.0,67000.0,69600.0,80000.0,93800.0,74000.0,83400.0,30.1,98.8,0.0,1.1,0.1,27.5,6.2,40.7,87.6,12.4,84.2,0.0,13.2,14.5,0.6,0.5,7.9,151000.0,174000.0
S2V,S2V,SK,863.0,,,46.0,43.3,17.3,60.7,21.4,2.4,100.0,0.0,58000.0,78000.0,50400.0,62500.0,56000.0,64400.0,85000.0,86000.0,128000.0,153500.0,105000.0,123200.0,2.8,96.0,0.0,4.0,0.0,59.9,27.0,68.6,97.9,3.2,94.5,0.0,0.0,36.2,0.0,0.0,8.7,500000.0,548000.0
S3N,S3N,SK,18635.0,,,42.0,42.3,17.9,61.2,20.9,2.3,73.1,26.9,42400.0,50960.0,38400.0,43440.0,38000.0,46200.0,60000.0,66200.0,78000.0,92900.0,68500.0,79100.0,12.0,96.8,0.0,2.8,0.4,44.7,16.6,64.3,92.9,7.1,93.6,0.0,4.2,15.8,11.0,13.3,16.9,250000.0,275600.0
S4A,S4A,SK,11958.0,,,39.2,40.0,18.7,65.3,16.1,2.4,73.4,26.6,48800.0,62400.0,43200.0,51250.0,44000.0,55750.0,72500.0,83400.0,97000.0,114200.0,83000.0,93900.0,8.1,96.3,0.0,3.4,0.3,44.0,13.4,69.6,92.5,7.5,95.0,0.7,3.1,15.1,11.0,13.5,13.8,270000.0,292000.0
S4H,S4H,SK,11807.0,,,39.6,40.8,19.1,61.8,19.0,2.3,70.8,29.2,44800.0,62500.0,40400.0,49760.0,38400.0,56150.0,62000.0,72300.0,82000.0,112500.0,71500.0,89700.0,10.2,98.1,0.0,1.7,0.3,45.8,16.3,67.6,92.9,7.1,92.3,0.0,5.6,17.8,10.4,12.3,15.4,290000.0,306000.0
S4K,S4K,SK,81.0,,,47.6,45.6,11.8,58.8,23.5,2.3,100.0,0.0,,,,,,,,,,,,,,88.2,0.0,5.9,0.0,66.7,41.7,100.0,90.9,0.0,100.0,0.0,0.0,22.0,0.0,0.0,,,
S4L,S4L,SK,5643.0,,,39.2,37.5,23.3,64.9,11.8,3.0,95.8,4.2,67000.0,79100.0,56400.0,62450.0,64500.0,70800.0,88000.0,100200.0,164000.0,178800.0,133000.0,142000.0,2.6,93.7,0.0,5.9,0.4,61.2,27.5,73.6,96.0,4.0,96.1,0.0,2.0,24.2,5.0,5.5,10.7,600000.0,628500.0
S4N,S4N,SK,30983.0,,,35.6,37.2,19.7,68.1,12.2,2.5,69.1,30.9,42400.0,48760.0,38400.0,41920.0,39200.0,44760.0,60000.0,64600.0,82000.0,93900.0,73000.0,80900.0,11.7,93.5,0.1,4.7,1.7,47.7,20.3,70.1,89.1,10.9,90.9,3.8,2.4,17.4,21.7,26.9,17.3,290000.0,293600.0
S4P,S4P,SK,13501.0,,,42.8,45.5,11.4,63.9,24.6,1.8,30.1,69.9,36400.0,47760.0,33600.0,40840.0,34400.0,44200.0,61200.0,70300.0,51200.0,71100.0,46400.0,60800.0,23.0,92.4,0.1,6.1,1.4,53.0,29.0,58.9,87.2,12.8,72.3,7.0,16.7,18.4,20.3,26.1,31.9,300000.0,344000.0
S4R,S4R,SK,34399.0,,,38.8,39.8,19.0,64.0,17.0,2.5,67.9,32.1,43200.0,49200.0,38800.0,42240.0,40000.0,45360.0,59600.0,64900.0,81000.0,92400.0,71000.0,79300.0,11.1,95.1,0.1,4.1,0.8,45.0,16.9,65.0,89.9,10.0,91.8,3.4,2.4,17.8,18.7,22.2,17.1,300000.0,295600.0
S4S,S4S,SK,34562.0,,,39.6,42.1,15.4,63.6,20.9,2.3,65.5,34.5,46400.0,59800.0,41200.0,49160.0,38800.0,52850.0,71000.0,83600.0,89000.0,111400.0,77500.0,91500.0,11.2,90.5,0.1,8.1,1.3,63.2,40.1,65.0,89.9,10.1,84.9,7.5,5.0,18.4,21.7,28.9,19.6,348000.0,382800.0
S4T,S4T,SK,31061.0,,,37.2,38.2,19.3,67.3,13.4,2.3,60.7,39.3,41200.0,48280.0,37600.0,41640.0,40000.0,45360.0,60000.0,66100.0,71500.0,84000.0,63600.0,72500.0,16.0,93.1,0.1,6.0,0.8,46.0,20.6,64.7,86.3,13.7,88.1,3.7,5.2,18.8,14.0,16.6,23.6,250000.0,268000.0
S4V,S4V,SK,33781.0,,,38.8,39.4,19.9,63.6,16.5,2.6,80.0,20.0,55600.0,71200.0,48400.0,56650.0,51600.0,64100.0,82000.0,93300.0,119000.0,144800.0,101000.0,115300.0,6.1,90.7,0.0,7.4,1.9,64.8,39.0,68.0,92.1,7.9,94.2,1.3,1.9,18.8,22.2,28.8,15.1,448000.0,486000.0
S4W,S4W,SK,14378.0,,,31.8,31.9,22.9,70.6,6.4,2.6,55.8,44.2,48800.0,59050.0,43600.0,49400.0,45200.0,53250.0,67000.0,74400.0,97000.0,114200.0,84000.0,95500.0,9.8,91.0,0.1,6.4,2.6,69.7,45.0,78.4,92.1,7.9,93.3,2.5,2.1,19.8,39.6,54.2,24.8,400000.0,418000.0
S4X,S4X,SK,29118.0,,,38.4,38.1,20.6,66.1,13.3,2.6,79.7,20.3,54800.0,63650.0,48000.0,52350.0,53200.0,59200.0,74500.0,81300.0,109000.0,125600.0,93000.0,103400.0,5.3,93.6,0.0,5.6,0.7,54.9,23.7,70.3,92.6,7.4,94.5,1.7,1.8,20.0,13.8,16.4,14.2,380000.0,392800.0
S4Y,S4Y,SK,5669.0,,,36.4,35.8,23.5,67.4,9.1,2.9,88.0,12.0,62800.0,70800.0,53600.0,57250.0,62000.0,66600.0,84000.0,91400.0,139000.0,148000.0,115000.0,119600.0,3.3,91.8,0.1,7.6,0.4,60.8,28.5,73.2,93.4,6.4,96.9,0.7,1.1,20.0,13.1,19.0,11.8,452000.0,484000.0
S4Z,S4Z,SK,1340.0,,,36.4,40.6,12.7,69.0,18.7,2.0,66.9,33.1,49200.0,54800.0,43200.0,46400.0,46800.0,51100.0,67500.0,70000.0,84000.0,94200.0,71500.0,79600.0,8.4,94.4,0.0,4.5,1.1,58.4,27.3,70.6,93.9,5.5,94.4,1.6,3.2,17.4,21.8,20.3,16.9,240000.0,284000.0
S6H,S6H,SK,27554.0,,,42.8,42.9,16.8,61.7,21.6,2.2,67.6,32.4,40400.0,48840.0,36800.0,41640.0,35200.0,44160.0,58800.0,65000.0,71000.0,85000.0,63200.0,72500.0,13.8,94.5,0.0,4.9,0.5,45.8,13.5,60.9,90.4,9.6,91.6,0.8,5.5,17.0,9.2,10.0,17.8,250000.0,260400.0
S6J,S6J,SK,5847.0,,,40.8,41.4,20.3,58.0,21.5,2.4,69.4,30.6,46400.0,62100.0,41200.0,50560.0,41200.0,57750.0,79500.0,85400.0,88000.0,115700.0,76500.0,94300.0,10.7,93.2,0.2,6.1,0.5,55.5,23.5,64.2,92.1,7.8,93.3,0.6,3.4,16.2,9.2,12.5,20.0,392000.0,386800.0
S6K,S6K,SK,1337.0,,,36.4,35.6,25.8,63.7,11.2,2.9,90.1,9.9,55600.0,63600.0,48400.0,52000.0,55600.0,59900.0,79000.0,86000.0,127000.0,136000.0,104000.0,111600.0,9.4,87.7,0.0,10.8,1.1,56.4,21.8,66.8,91.1,8.9,97.3,0.0,0.0,21.1,6.4,10.2,7.7,332000.0,350000.0
S6V,S6V,SK,42147.0,,,36.0,38.2,20.7,63.3,15.9,2.5,63.0,37.0,40400.0,48960.0,37200.0,42280.0,35600.0,44280.0,58800.0,64400.0,75500.0,92300.0,68000.0,79700.0,16.2,92.6,0.1,6.9,0.4,44.5,15.4,61.5,89.0,11.0,92.1,1.5,3.4,16.9,8.5,10.0,17.6,250000.0,278800.0
S6W,S6W,SK,288.0,,,60.0,53.8,12.1,43.1,44.8,2.0,66.7,33.3,49600.0,70000.0,44400.0,55600.0,34000.0,65000.0,60000.0,66000.0,81000.0,131000.0,71000.0,104000.0,9.5,86.2,0.0,10.3,0.0,63.5,20.6,42.9,96.3,0.0,100.0,0.0,0.0,6.6,20.9,20.9,28.1,452000.0,520000.0
S6X,S6X,SK,2521.0,,,38.0,36.9,24.2,63.1,12.7,3.1,88.8,11.2,68000.0,71200.0,58000.0,57800.0,64000.0,64900.0,86000.0,87800.0,154000.0,154400.0,128000.0,125600.0,2.8,84.6,0.0,15.0,0.2,59.8,26.3,79.6,94.7,5.3,97.5,0.0,2.1,13.8,8.1,7.9,12.4,400000.0,418000.0
S7A,S7A,SK,176.0,,,31.8,28.9,36.1,58.3,2.8,4.0,100.0,0.0,,,,,,,,,,,,,,91.4,0.0,5.7,0.0,83.3,50.0,83.3,100.0,0.0,90.9,0.0,0.0,24.8,0.0,0.0,,750000.0,850000.0
S7B,S7B,SK,497.0,,,42.0,40.6,21.0,63.0,16.0,2.4,95.3,4.7,40800.0,46600.0,36400.0,40000.0,39200.0,44000.0,54000.0,57000.0,75000.0,85000.0,67500.0,73500.0,13.2,94.0,0.0,5.0,0.0,50.0,7.0,64.7,92.7,9.1,100.0,0.0,0.0,27.9,7.6,7.6,16.3,100000.0,136000.0
S7C,S7C,SK,1137.0,,,36.4,34.9,27.6,64.0,8.3,2.9,100.0,0.0,64500.0,80400.0,55200.0,63200.0,64000.0,74800.0,93000.0,104400.0,153000.0,169000.0,124000.0,133000.0,3.7,93.0,0.0,6.6,0.4,66.1,37.2,72.4,94.7,4.6,95.8,0.0,0.0,30.8,11.4,9.3,9.9,548000.0,556000.0
S7H,S7H,SK,36818.0,,,38.0,40.7,15.1,66.6,18.3,2.3,60.0,40.0,40800.0,52400.0,37200.0,44000.0,33200.0,45200.0,62800.0,71800.0,76000.0,95500.0,67500.0,80200.0,14.1,90.9,0.0,7.3,1.7,60.7,36.3,65.6,90.6,9.4,83.5,5.5,6.4,19.0,21.7,25.9,22.5,360000.0,377600.0
S7J,S7J,SK,30833.0,,,42.8,44.0,15.7,60.7,23.6,2.3,71.4,28.6,44800.0,55700.0,40400.0,46880.0,38800.0,49880.0,69000.0,77000.0,87000.0,105300.0,76500.0,88600.0,9.2,92.2,0.1,6.9,0.8,59.3,30.8,62.0,91.7,8.3,91.1,2.5,2.7,18.7,13.6,14.8,19.2,380000.0,390400.0
S7K,S7K,SK,39076.0,,,41.2,42.4,15.2,64.7,20.1,2.2,61.9,38.1,45200.0,59100.0,40400.0,48960.0,39600.0,52400.0,67500.0,80800.0,83000.0,107000.0,72000.0,88700.0,11.2,92.1,0.0,7.4,0.5,58.9,30.6,66.1,92.3,7.7,86.0,3.2,7.2,19.4,12.7,12.6,22.3,400000.0,440400.0
S7L,S7L,SK,41123.0,,,37.2,38.0,19.8,66.8,13.3,2.6,69.7,30.3,39600.0,44840.0,36000.0,39080.0,36800.0,41280.0,55600.0,59900.0,80000.0,89700.0,71500.0,78200.0,13.2,93.9,0.0,4.8,1.3,46.1,17.4,66.5,90.5,9.5,90.5,4.1,2.7,19.6,22.9,27.9,20.1,300000.0,304400.0
S7M,S7M,SK,31870.0,,,36.8,38.3,18.7,67.6,13.7,2.4,52.9,47.1,37600.0,44520.0,34400.0,38760.0,33200.0,40640.0,55200.0,60650.0,69000.0,82400.0,62400.0,71800.0,16.8,93.6,0.0,4.8,1.6,46.1,17.8,64.1,88.6,11.4,88.3,4.3,3.7,19.7,19.0,22.6,25.3,300000.0,323600.0
S7N,S7N,SK,27385.0,,,35.2,38.6,16.1,68.8,15.1,2.3,61.1,38.9,43600.0,57650.0,39200.0,47840.0,35600.0,50040.0,68500.0,80000.0,84000.0,108300.0,74500.0,90000.0,12.3,91.2,0.0,7.5,1.3,61.4,36.5,67.9,90.6,9.4,86.7,2.5,6.4,19.3,16.7,20.4,23.1,400000.0,440000.0
S7P,S7P,SK,178.0,,,44.8,40.4,22.2,63.9,13.9,2.9,100.0,0.0,,,,,,,,,,,,,,94.4,0.0,5.6,0.0,56.5,34.8,56.5,100.0,0.0,100.0,0.0,0.0,22.1,6.9,0.0,,1000000.0,1000000.0
S7R,S7R,SK,8990.0,,,32.0,30.9,27.0,68.6,4.3,3.2,83.4,16.6,47600.0,55400.0,42400.0,47000.0,44400.0,50760.0,65500.0,69900.0,112000.0,121500.0,97000.0,103000.0,5.3,92.3,0.0,5.9,1.7,56.9,26.2,78.8,94.0,6.0,94.4,3.0,0.8,20.6,33.6,41.9,19.0,384000.0,380400.0
S7S,S7S,SK,5730.0,,,42.0,41.0,14.7,69.7,15.6,2.6,80.7,19.3,49200.0,61350.0,43600.0,50880.0,46800.0,57850.0,77500.0,83800.0,107000.0,130200.0,92000.0,108000.0,6.3,92.2,0.0,6.8,1.1,63.3,35.3,70.7,93.3,6.5,92.4,1.5,2.8,18.9,14.7,17.8,16.4,436000.0,417600.0
S7T,S7T,SK,17468.0,,,34.4,35.9,22.6,65.2,12.1,2.6,69.9,30.1,51200.0,67600.0,45200.0,53600.0,46400.0,60200.0,74500.0,90400.0,105000.0,131800.0,90000.0,104500.0,9.5,90.8,0.0,6.9,2.2,67.6,42.4,75.3,93.5,6.6,93.8,1.9,2.2,19.2,24.6,33.8,24.1,452000.0,516000.0
S7V,S7V,SK,16575.0,,,34.0,35.2,21.8,67.7,10.5,2.7,79.9,20.1,52000.0,66900.0,45600.0,54400.0,47200.0,59650.0,76000.0,87800.0,112000.0,134600.0,96000.0,109600.0,8.3,91.4,0.1,6.7,1.8,66.2,42.3,72.6,92.8,7.2,94.7,1.6,1.2,20.9,27.9,34.2,21.2,480000.0,507600.0
S7W,S7W,SK,19204.0,,,31.8,32.1,24.5,69.9,5.6,2.9,72.8,27.2,52000.0,65600.0,46000.0,53700.0,48000.0,59450.0,76500.0,87600.0,115000.0,133800.0,98000.0,109700.0,8.4,91.4,0.1,6.5,2.1,65.5,40.2,78.4,92.8,7.2,95.2,1.7,1.0,21.6,25.3,33.3,22.7,500000.0,508800.0
S9A,S9A,SK,14926.0,,,38.8,40.2,19.4,61.7,18.9,2.4,65.5,34.5,40800.0,48240.0,37200.0,41800.0,35200.0,41920.0,55600.0,61250.0,75000.0,88400.0,67000.0,76600.0,14.8,93.4,0.0,6.1,0.4,46.8,17.0,64.4,89.8,10.3,92.2,0.7,5.4,14.4,13.6,15.2,16.9,226000.0,244600.0
S9H,S9H,SK,18545.0,,,42.4,43.0,16.7,61.5,21.8,2.3,71.2,28.8,44000.0,53000.0,39200.0,44280.0,38000.0,46640.0,59600.0,68300.0,80000.0,97200.0,70500.0,81200.0,10.4,95.3,0.0,4.4,0.3,48.8,17.6,67.7,93.2,6.8,95.1,0.5,3.4,13.7,11.8,12.9,15.8,300000.0,329600.0
S9V,S9V,SK,14463.0,,,33.2,33.8,23.5,68.2,8.2,2.7,64.5,35.5,44800.0,53500.0,40000.0,44720.0,38400.0,46960.0,60000.0,68800.0,90000.0,103200.0,78000.0,86300.0,10.3,96.7,0.1,3.0,0.2,45.4,13.5,74.9,88.3,11.7,96.9,0.0,1.1,18.5,17.1,19.7,19.9,300000.0,323600.0
S9X,S9X,SK,7899.0,,,34.4,36.4,23.5,63.3,13.2,2.7,68.8,31.2,42400.0,52550.0,38800.0,44800.0,37600.0,47120.0,61200.0,65200.0,88000.0,104900.0,78000.0,89500.0,12.8,97.2,0.0,2.5,0.1,46.6,14.7,67.8,90.5,9.5,90.5,0.0,8.1,16.5,5.6,7.4,12.7,280000.0,288400.0
T0A,T0A,AB,57940.0,,,40.4,40.4,20.1,62.2,17.8,2.6,80.6,19.4,41600.0,53750.0,38000.0,45600.0,37600.0,49440.0,65500.0,72000.0,88000.0,105200.0,78000.0,89200.0,11.2,90.9,0.1,8.9,0.2,46.4,10.1,63.6,89.9,10.1,92.3,1.2,4.4,26.4,5.3,4.9,16.6,320000.0,361600.0
T0B,T0B,AB,63070.0,,,43.2,42.1,19.1,60.4,20.4,2.4,85.6,14.4,40800.0,51600.0,37200.0,43560.0,33600.0,44320.0,58800.0,65900.0,83000.0,97600.0,73500.0,82400.0,11.9,96.9,0.0,2.6,0.5,46.3,9.9,66.6,91.3,8.7,92.9,0.5,4.6,28.6,6.3,2.4,17.1,260000.0,308000.0
T0C,T0C,AB,62815.0,,,42.4,41.4,19.8,60.6,19.5,2.5,83.3,16.7,38000.0,49800.0,34800.0,42600.0,30200.0,42920.0,56400.0,64000.0,80000.0,96100.0,71500.0,82300.0,14.3,97.8,0.0,2.0,0.2,42.9,8.9,61.5,88.4,11.6,92.5,0.3,4.6,26.5,5.1,3.1,18.9,300000.0,368000.0
T0E,T0E,AB,40343.0,,,45.2,43.1,16.8,63.6,19.6,2.4,82.5,17.5,40800.0,53550.0,37200.0,45120.0,36000.0,48720.0,70500.0,76000.0,86000.0,101600.0,76000.0,85600.0,11.8,94.5,0.1,5.3,0.2,46.4,10.5,62.2,88.3,11.7,86.6,0.9,7.8,29.3,7.5,3.8,17.4,340000.0,381600.0
T0G,T0G,AB,40682.0,,,38.0,38.2,22.5,62.6,14.9,2.7,76.9,23.1,40400.0,50680.0,37200.0,44160.0,36000.0,46080.0,62400.0,66900.0,85000.0,97700.0,76500.0,85200.0,13.8,95.9,0.0,3.9,0.1,41.0,9.8,63.3,87.9,12.1,91.9,0.7,5.4,23.8,6.3,6.3,15.6,300000.0,310400.0
T0H,T0H,AB,81424.0,,,34.8,36.3,25.6,60.6,13.8,2.8,80.8,19.2,40800.0,52700.0,37600.0,45000.0,36800.0,48480.0,65000.0,71500.0,89000.0,103700.0,80000.0,88600.0,14.3,93.8,0.1,4.8,1.4,36.3,8.4,65.4,90.0,10.0,92.6,0.4,4.8,22.9,5.3,3.7,15.6,280000.0,315200.0
T0J,T0J,AB,50752.0,,,40.4,39.9,20.1,63.3,16.6,2.5,80.9,19.1,40400.0,51700.0,37200.0,43840.0,34800.0,45600.0,58800.0,66900.0,83000.0,99600.0,73500.0,84500.0,12.7,96.8,0.0,2.0,1.2,45.0,10.8,66.6,89.5,10.5,92.2,0.7,4.8,23.8,7.9,5.1,17.4,276000.0,315200.0
T0K,T0K,AB,59088.0,,,36.8,38.2,24.7,57.2,18.1,2.8,80.6,19.4,37600.0,48160.0,34800.0,41720.0,31600.0,42760.0,56800.0,64800.0,81000.0,96200.0,74000.0,83400.0,12.0,96.2,0.0,2.2,1.6,44.6,13.6,60.8,93.7,6.3,91.4,1.2,5.4,22.8,12.4,3.2,14.7,298000.0,331600.0
T0L,T0L,AB,52040.0,,,43.6,42.3,18.8,59.7,21.4,2.5,80.9,19.1,39600.0,53100.0,36400.0,44560.0,33600.0,46920.0,59600.0,71500.0,84000.0,104300.0,74500.0,87600.0,11.6,95.5,0.0,3.8,0.7,50.6,16.3,62.0,91.2,8.9,89.3,0.6,7.5,26.4,10.4,4.2,19.2,348000.0,464000.0
T0M,T0M,AB,66367.0,,,43.2,42.0,18.5,61.9,19.7,2.5,82.2,17.8,40800.0,52150.0,37200.0,44080.0,33600.0,45560.0,62000.0,68300.0,86000.0,100300.0,76000.0,84800.0,10.7,96.9,0.0,2.9,0.2,48.9,11.2,67.4,89.6,10.4,91.9,0.5,4.8,28.7,6.8,3.6,18.2,324000.0,373600.0
T0P,T0P,AB,3085.0,,,33.2,34.5,24.1,66.3,9.6,2.7,63.4,36.6,38800.0,60500.0,36800.0,51700.0,46000.0,66500.0,78500.0,93000.0,82000.0,113200.0,76000.0,96800.0,23.3,97.1,0.2,2.6,0.2,31.8,5.8,58.5,85.4,14.9,83.3,6.1,8.1,22.6,2.4,1.9,19.5,348000.0,418000.0
T1A,T1A,AB,24982.0,,,45.2,44.8,14.3,62.3,23.4,2.1,62.2,37.8,37200.0,46360.0,34400.0,40200.0,32000.0,40400.0,54800.0,62500.0,65500.0,79000.0,59200.0,68600.0,13.7,95.5,0.0,3.9,0.5,46.2,13.5,60.3,86.1,14.0,89.6,2.0,6.2,17.2,9.0,7.6,23.9,250000.0,284400.0
T1B,T1B,AB,32996.0,,,41.6,41.6,18.6,61.4,19.9,2.5,79.0,21.0,44000.0,57200.0,40000.0,47840.0,38000.0,51750.0,68000.0,79500.0,91000.0,110500.0,80000.0,92400.0,8.8,96.2,0.0,3.4,0.4,50.2,15.7,62.6,89.8,10.2,94.7,1.1,2.4,18.1,10.4,9.9,16.0,348000.0,372800.0
T1C,T1C,AB,9405.0,,,39.6,39.6,18.1,66.7,15.2,2.4,76.2,23.8,46400.0,58400.0,41600.0,48920.0,40400.0,50680.0,67000.0,75900.0,92000.0,108000.0,80000.0,90500.0,7.7,96.0,0.0,3.8,0.3,53.2,15.3,68.1,88.8,11.2,95.9,1.2,1.5,20.5,8.2,6.9,17.3,320000.0,337200.0
T1G,T1G,AB,11028.0,,,35.6,37.4,23.2,61.6,15.3,2.7,74.4,25.6,40400.0,48920.0,36800.0,42120.0,36800.0,42720.0,60000.0,63700.0,84000.0,96500.0,75500.0,83100.0,9.9,97.8,0.0,1.0,1.2,32.2,9.1,65.3,93.8,6.2,94.9,0.2,3.2,16.4,17.7,9.6,15.7,276000.0,312400.0
T1H,T1H,AB,27814.0,,,39.6,40.6,17.3,65.7,17.0,2.4,70.4,29.6,40400.0,46480.0,36800.0,40640.0,38800.0,42840.0,56400.0,60350.0,76500.0,88000.0,68500.0,77000.0,10.3,95.5,0.0,3.0,1.4,43.7,11.8,64.9,90.9,9.1,92.9,2.3,2.2,15.9,18.6,20.6,19.2,274000.0,280800.0
T1J,T1J,AB,26220.0,,,35.6,38.6,18.1,65.8,16.1,2.3,61.4,38.6,42800.0,53950.0,38800.0,45920.0,40400.0,50080.0,65500.0,72200.0,81000.0,97500.0,71500.0,83000.0,10.3,93.1,0.0,6.3,0.6,58.5,27.5,69.3,91.2,8.8,89.6,2.4,5.2,18.9,14.8,16.1,24.2,340000.0,372800.0
T1K,T1K,AB,47253.0,,,39.2,40.8,17.1,63.1,19.8,2.5,71.2,28.8,42400.0,56050.0,38400.0,47040.0,36400.0,49720.0,65500.0,78100.0,88000.0,109100.0,78000.0,91600.0,9.4,93.5,0.1,5.7,0.7,56.1,25.5,63.8,90.1,9.9,92.0,2.1,3.6,18.4,12.8,13.0,19.3,344000.0,371600.0
T1L,T1L,AB,7360.0,,,37.2,40.1,9.2,78.5,12.3,2.4,43.6,56.4,41600.0,51450.0,36800.0,43800.0,29000.0,39360.0,58000.0,68800.0,88000.0,103300.0,78500.0,87900.0,6.3,85.8,0.1,13.5,0.6,60.6,33.3,80.2,85.9,14.0,44.5,8.3,37.6,15.2,27.2,25.7,26.9,700000.0,800000.0
T1M,T1M,AB,10056.0,,,36.8,38.2,22.8,60.7,16.5,2.7,82.6,17.4,43200.0,52100.0,38800.0,44680.0,40800.0,47680.0,63200.0,67900.0,92000.0,104300.0,82000.0,89600.0,7.4,97.4,0.0,2.1,0.5,49.1,13.4,65.9,93.1,7.0,95.0,0.4,2.4,21.6,11.2,5.2,14.1,320000.0,346800.0
T1P,T1P,AB,17037.0,,,40.8,40.4,19.3,63.3,17.4,2.6,77.8,22.2,43200.0,56250.0,39200.0,47120.0,40000.0,50720.0,66500.0,73900.0,93000.0,110800.0,81000.0,92800.0,8.7,96.1,0.0,3.7,0.2,48.0,14.3,66.2,91.0,9.0,93.2,0.0,3.8,27.8,8.1,7.2,20.0,348000.0,377600.0
T1R,T1R,AB,17161.0,,,36.8,36.5,22.5,65.5,11.9,2.8,68.6,31.4,46000.0,52300.0,41200.0,44920.0,42000.0,44840.0,53200.0,60800.0,93000.0,106900.0,82000.0,91800.0,8.7,94.2,0.3,2.9,2.6,36.3,11.8,68.8,91.5,8.5,93.3,0.6,3.6,15.4,32.9,42.4,14.6,276000.0,299200.0
T1S,T1S,AB,43512.0,,,42.0,40.1,19.9,63.9,16.2,2.8,88.0,12.0,50000.0,79900.0,44000.0,62100.0,44000.0,70100.0,84000.0,110800.0,126000.0,170600.0,106000.0,132800.0,6.0,92.6,0.1,7.1,0.3,57.4,24.0,67.5,90.8,9.2,92.3,1.0,3.4,27.8,13.4,7.2,17.7,536000.0,662000.0
T1V,T1V,AB,15703.0,,,45.2,44.1,16.9,58.5,24.6,2.5,76.9,23.1,41600.0,52100.0,38000.0,44400.0,35200.0,45640.0,63200.0,70400.0,84000.0,101300.0,74500.0,86500.0,8.0,95.2,0.0,4.4,0.4,50.4,15.2,60.9,90.8,9.3,91.9,0.5,3.9,23.7,17.7,16.3,19.2,348000.0,383600.0
T1W,T1W,AB,17063.0,,,42.8,42.7,13.0,69.6,17.3,2.3,67.1,32.9,50400.0,72700.0,44000.0,58350.0,38800.0,55200.0,70000.0,88100.0,106000.0,141200.0,91000.0,113300.0,6.6,81.5,0.1,18.2,0.2,71.2,42.2,71.8,90.6,9.5,75.9,2.4,12.4,20.0,20.7,12.7,24.9,850000.0,938000.0
T1X,T1X,AB,25295.0,,,38.8,38.2,21.4,65.4,13.2,3.2,90.6,9.4,47200.0,64600.0,42000.0,52450.0,44800.0,60750.0,76000.0,91200.0,131000.0,153000.0,111000.0,124600.0,4.9,93.8,0.0,3.9,2.3,53.6,22.3,69.6,88.8,11.2,94.3,1.0,1.9,27.2,27.4,40.3,19.7,548000.0,597000.0
T1Y,T1Y,AB,52860.0,,,38.4,39.1,19.0,65.4,15.6,3.1,72.6,27.4,34800.0,41200.0,32400.0,36480.0,30000.0,36280.0,54400.0,57750.0,85000.0,96000.0,77000.0,85000.0,11.2,91.9,0.1,3.1,4.8,42.1,17.3,61.7,84.2,15.8,84.1,11.0,2.4,26.7,45.7,67.5,21.5,352000.0,350800.0
T1Z,T1Z,AB,2709.0,,,43.6,42.2,13.1,70.8,16.1,3.5,86.2,13.8,39200.0,56550.0,35600.0,46800.0,30400.0,51200.0,60000.0,69800.0,133000.0,160400.0,116000.0,132800.0,4.0,91.1,0.0,3.3,5.7,45.2,21.5,68.5,88.9,10.7,93.8,2.4,0.9,26.8,34.4,52.4,22.3,800000.0,896000.0
T2A,T2A,AB,57761.0,,,39.2,39.2,18.0,68.5,13.5,2.7,59.9,40.1,35200.0,40640.0,32400.0,35960.0,31600.0,36760.0,50400.0,54800.0,75000.0,86000.0,68000.0,76200.0,13.1,92.6,0.1,3.6,3.8,38.6,12.4,62.3,82.7,17.3,83.3,12.4,1.7,27.4,40.4,54.4,25.7,324000.0,310000.0
T2B,T2B,AB,22530.0,,,41.6,41.1,16.1,68.7,15.2,2.4,61.7,38.3,37200.0,42440.0,34000.0,37360.0,36000.0,39240.0,54400.0,57450.0,72500.0,81300.0,65500.0,71600.0,13.4,93.5,0.1,4.0,2.3,38.7,11.0,63.1,82.9,17.1,85.7,9.9,1.9,25.4,28.2,37.3,26.2,304000.0,306800.0
T2C,T2C,AB,19865.0,,,43.2,42.6,13.5,70.2,16.2,2.4,73.3,26.7,45200.0,57300.0,40400.0,48000.0,44400.0,52300.0,69500.0,78600.0,94000.0,113700.0,82000.0,95200.0,8.2,93.9,0.1,5.1,0.9,53.3,22.3,67.6,87.8,12.3,86.9,6.7,2.8,21.8,19.8,20.6,19.8,400000.0,420800.0
T2E,T2E,AB,36342.0,,,38.4,40.8,13.9,71.1,14.9,2.0,47.7,52.3,46000.0,63400.0,41200.0,52200.0,46800.0,61500.0,73500.0,89600.0,77500.0,105000.0,68000.0,86500.0,13.4,90.3,0.1,8.1,1.6,62.9,36.4,72.7,88.0,12.0,77.0,10.5,7.4,23.2,24.7,31.0,25.9,452000.0,503600.0
T2G,T2G,AB,16594.0,,,36.4,41.0,7.6,78.4,14.0,1.6,36.8,63.2,47200.0,68600.0,42000.0,55600.0,52800.0,68600.0,77000.0,96800.0,70500.0,99200.0,61200.0,80500.0,18.0,86.9,0.1,9.6,3.4,70.3,47.5,74.3,89.8,10.2,62.7,11.1,18.4,22.8,26.9,33.0,30.1,420000.0,491600.0
T2H,T2H,AB,9223.0,,,40.8,42.3,13.6,68.9,17.5,2.1,51.9,48.1,39600.0,49920.0,36400.0,42720.0,37200.0,46400.0,62800.0,71000.0,68500.0,86500.0,61600.0,74000.0,14.9,92.8,0.1,5.9,1.3,56.1,23.9,68.4,86.4,13.6,77.1,13.4,5.7,23.9,27.8,29.1,26.7,420000.0,412400.0
T2J,T2J,AB,41906.0,,,45.2,43.9,15.8,62.6,21.7,2.4,79.3,20.7,48400.0,73400.0,43200.0,58650.0,45200.0,66900.0,78500.0,101800.0,103000.0,142800.0,89000.0,114100.0,7.3,91.9,0.0,7.4,0.6,60.7,30.0,63.3,88.1,11.9,87.5,5.3,3.7,23.8,18.0,14.9,18.4,500000.0,559000.0
T2K,T2K,AB,34673.0,,,40.4,41.1,16.8,66.4,16.8,2.4,58.2,41.8,40400.0,53000.0,36800.0,44560.0,37200.0,49240.0,67000.0,77800.0,80000.0,99400.0,71500.0,83600.0,12.0,90.8,0.1,6.4,2.8,54.3,24.4,63.9,84.5,15.5,81.5,11.3,3.5,25.3,25.3,30.8,22.6,448000.0,461200.0
T2L,T2L,AB,14353.0,,,38.0,40.5,14.6,68.4,17.0,2.3,59.2,40.8,42400.0,66300.0,38400.0,53750.0,36000.0,59250.0,84000.0,102300.0,86000.0,125600.0,76500.0,101900.0,13.2,88.0,0.0,10.7,1.3,70.2,49.1,65.4,86.8,13.2,74.5,12.6,6.5,23.6,21.5,31.0,25.6,600000.0,628500.0
T2M,T2M,AB,20475.0,,,36.8,37.9,15.5,73.3,11.2,2.3,54.3,45.7,46400.0,78700.0,41600.0,60700.0,44800.0,73300.0,86000.0,114500.0,92000.0,142800.0,80000.0,110300.0,10.8,87.3,0.0,11.3,1.3,70.5,48.4,72.9,86.5,13.5,73.4,12.7,8.0,24.6,20.0,27.8,24.0,650000.0,743000.0
T2N,T2N,AB,25807.0,,,37.6,39.7,14.6,70.7,14.7,2.1,50.8,49.2,52000.0,92500.0,46000.0,70200.0,49200.0,86000.0,90000.0,133800.0,94000.0,158200.0,81000.0,120000.0,11.0,86.8,0.1,12.3,0.8,76.2,58.5,71.7,89.7,10.3,66.0,10.0,16.7,22.2,19.8,25.1,26.0,750000.0,818000.0
T2P,T2P,AB,14347.0,,,35.2,40.0,9.0,76.4,14.6,1.7,23.7,76.3,42400.0,71800.0,38000.0,56750.0,40000.0,63600.0,73500.0,100300.0,67000.0,106800.0,58800.0,84500.0,19.2,88.3,0.1,6.9,4.8,71.3,51.9,71.7,86.8,13.3,40.8,29.5,25.5,25.3,43.7,55.8,33.6,440000.0,605500.0
T2R,T2R,AB,17743.0,,,33.2,37.2,5.3,86.4,8.3,1.5,25.3,74.7,49200.0,66100.0,43600.0,53800.0,49200.0,61150.0,76000.0,89100.0,72500.0,91700.0,62800.0,74600.0,15.5,87.9,0.1,10.4,1.7,75.8,53.7,81.6,87.7,12.3,51.3,14.0,28.3,23.4,30.9,36.7,33.0,320000.0,362800.0
T2S,T2S,AB,14781.0,,,38.4,41.5,10.6,73.7,15.6,1.8,49.5,50.5,55600.0,120800.0,48000.0,88300.0,50400.0,100700.0,88000.0,159400.0,88000.0,192000.0,75000.0,140400.0,9.9,86.7,0.1,12.7,0.5,74.6,55.1,72.3,88.0,12.0,71.7,6.2,15.5,21.2,19.6,18.0,26.6,750000.0,1013000.0
T2T,T2T,AB,30791.0,,,36.4,38.2,14.6,74.2,11.2,2.0,53.1,46.9,55600.0,108800.0,48400.0,79800.0,54000.0,101000.0,91000.0,151200.0,93000.0,179600.0,79500.0,131600.0,10.3,85.6,0.1,13.9,0.5,74.7,55.1,76.3,89.2,10.8,77.2,7.9,8.5,21.9,19.0,20.2,25.9,710000.0,870000.0
T2V,T2V,AB,32631.0,,,44.0,44.3,13.8,64.0,22.2,2.2,58.8,41.2,45600.0,80600.0,40800.0,62800.0,40000.0,66600.0,73000.0,103500.0,85000.0,143200.0,74000.0,111800.0,10.4,90.2,0.1,8.7,1.1,66.0,40.0,64.9,88.0,12.0,80.3,9.5,6.7,23.7,25.2,23.9,25.8,552000.0,632500.0
T2W,T2W,AB,39827.0,,,42.4,42.1,16.0,65.4,18.6,2.4,75.5,24.5,45200.0,59600.0,40800.0,49680.0,40400.0,52800.0,70500.0,82000.0,95000.0,116900.0,83000.0,97600.0,8.2,92.5,0.1,6.5,0.9,62.0,30.6,65.5,86.2,13.8,85.5,8.8,2.7,26.7,23.5,20.1,19.7,448000.0,460000.0
T2X,T2X,AB,54683.0,,,37.2,37.1,20.3,68.6,11.1,2.8,83.5,16.5,49200.0,64400.0,43600.0,52450.0,48000.0,61050.0,77500.0,91200.0,116000.0,135400.0,99000.0,110300.0,5.7,92.5,0.1,6.2,1.3,62.9,33.2,73.1,88.8,11.2,88.7,6.0,2.0,28.3,30.1,31.9,20.8,456000.0,482800.0
T2Y,T2Y,AB,60196.0,,,40.4,39.3,18.2,68.6,13.2,2.9,82.0,18.0,44400.0,57150.0,40000.0,47760.0,41600.0,54200.0,67500.0,81800.0,108000.0,125600.0,93000.0,105000.0,6.5,93.1,0.1,4.8,2.0,62.0,34.6,69.5,87.8,12.2,84.2,10.7,2.1,29.0,44.9,44.7,20.2,424000.0,440000.0
T2Z,T2Z,AB,69025.0,,,36.8,36.3,21.2,69.3,9.5,2.8,84.5,15.5,52400.0,66000.0,46000.0,53650.0,50000.0,61000.0,75500.0,87900.0,118000.0,137600.0,101000.0,111900.0,5.1,93.3,0.0,5.6,1.1,60.3,29.0,75.4,89.6,10.4,90.7,4.5,2.1,25.7,25.0,28.2,18.3,448000.0,458000.0
T3A,T3A,AB,51236.0,,,43.6,42.5,15.3,65.3,19.4,2.7,78.5,21.5,43200.0,66300.0,39200.0,54250.0,39200.0,61200.0,79500.0,101400.0,110000.0,144200.0,96000.0,118000.0,8.4,89.9,0.0,6.8,3.2,66.5,44.2,61.4,87.1,12.9,85.3,7.6,3.1,26.2,38.7,48.5,19.4,552000.0,578000.0
T3B,T3B,AB,38129.0,,,42.8,42.9,15.6,64.4,20.1,2.3,70.9,29.1,46800.0,68600.0,42000.0,55600.0,44000.0,66200.0,82000.0,107300.0,96000.0,128800.0,84000.0,104400.0,9.4,90.1,0.0,9.1,0.8,65.6,38.6,64.7,87.6,12.4,84.2,6.2,4.4,26.0,19.4,19.7,21.4,500000.0,540000.0
T3C,T3C,AB,24145.0,,,36.4,38.8,14.4,73.3,12.3,2.0,42.9,57.1,43200.0,67000.0,38800.0,54150.0,39600.0,62050.0,71000.0,98300.0,75000.0,111800.0,66000.0,90400.0,14.5,89.5,0.0,8.9,1.5,65.2,41.7,72.4,87.1,12.9,71.1,15.5,7.8,25.5,29.3,32.8,28.9,552000.0,587500.0
T3E,T3E,AB,42336.0,,,38.8,40.1,17.1,67.5,15.4,2.3,60.2,39.8,46800.0,72800.0,42000.0,57750.0,45600.0,70300.0,84000.0,109300.0,90000.0,130000.0,78500.0,103100.0,11.3,89.9,0.1,9.0,1.0,66.7,41.4,69.1,88.9,11.1,81.8,9.6,4.3,23.4,21.9,22.3,24.2,560000.0,593000.0
T3G,T3G,AB,57196.0,,,41.6,40.5,17.0,67.7,15.3,2.8,83.2,16.8,44800.0,62700.0,40400.0,51650.0,44400.0,60600.0,79500.0,94800.0,112000.0,135600.0,97000.0,111700.0,7.3,91.2,0.0,6.8,2.0,66.7,40.7,66.9,87.5,12.5,86.0,7.6,2.5,27.9,35.6,40.9,17.8,492000.0,492800.0
T3H,T3H,AB,72004.0,,,41.6,39.6,19.9,65.8,14.3,2.8,85.6,14.4,53200.0,93000.0,46800.0,70600.0,54000.0,91600.0,102000.0,148200.0,139000.0,195800.0,116000.0,148800.0,6.8,89.3,0.1,8.8,1.8,70.7,50.8,67.0,87.9,12.1,85.1,7.1,2.7,26.3,32.9,37.5,20.0,650000.0,714000.0
T3J,T3J,AB,78834.0,,,33.6,34.5,22.1,68.9,8.9,3.7,74.7,25.3,34400.0,39800.0,32000.0,35440.0,28800.0,35240.0,51600.0,54600.0,98000.0,107500.0,88000.0,95800.0,8.8,89.9,0.1,2.5,7.5,47.6,26.2,68.2,85.7,14.4,85.3,12.0,0.7,29.2,56.5,84.9,24.4,400000.0,404000.0
T3K,T3K,AB,79143.0,,,39.2,38.5,19.0,68.3,12.7,2.9,79.5,20.5,41600.0,53000.0,38000.0,44960.0,39600.0,49760.0,68000.0,77200.0,103000.0,117800.0,90000.0,100000.0,7.5,90.8,0.1,4.6,4.6,56.5,28.8,69.0,86.4,13.6,88.7,6.7,1.8,26.9,40.6,54.4,20.3,420000.0,435600.0
T3L,T3L,AB,30024.0,,,41.2,39.1,20.0,66.1,13.8,2.9,90.6,9.4,56000.0,82100.0,48800.0,64600.0,56400.0,78200.0,97000.0,117900.0,143000.0,179200.0,121000.0,141000.0,4.7,91.0,0.0,8.0,1.0,70.3,46.0,67.4,89.6,10.4,87.0,6.5,2.8,27.8,23.9,25.4,15.0,552000.0,629500.0
T3M,T3M,AB,56701.0,,,35.2,33.6,25.9,66.4,7.7,2.8,80.4,19.6,57600.0,73300.0,50000.0,59100.0,57200.0,69400.0,83000.0,97100.0,126000.0,146000.0,106000.0,117900.0,5.0,92.7,0.0,5.9,1.3,66.5,36.3,76.4,90.8,9.2,89.6,3.5,3.0,26.6,27.7,32.4,21.1,500000.0,542000.0
T3N,T3N,AB,33539.0,,,32.0,31.5,25.0,68.9,6.1,3.3,73.5,26.5,40800.0,45920.0,37200.0,40040.0,36400.0,41360.0,55200.0,59100.0,99000.0,107000.0,87000.0,93300.0,6.5,90.2,0.1,3.7,6.1,60.4,36.7,77.2,88.2,11.8,88.2,8.5,1.0,28.2,59.8,87.7,31.1,412000.0,417600.0
T3P,T3P,AB,27666.0,,,33.6,32.5,26.4,67.4,6.2,3.1,88.7,11.3,52000.0,61900.0,46000.0,51650.0,52800.0,59950.0,75500.0,82600.0,122000.0,134000.0,105000.0,111800.0,5.3,92.0,0.1,4.7,3.3,67.7,42.2,78.0,90.1,9.9,91.2,4.0,1.5,28.9,44.2,66.7,23.7,484000.0,497600.0
T3R,T3R,AB,34957.0,,,35.2,34.7,22.2,69.3,8.5,3.0,80.0,20.0,48800.0,67200.0,43600.0,54750.0,48800.0,63850.0,77500.0,93700.0,118000.0,145000.0,102000.0,118100.0,7.3,91.9,0.1,5.6,2.4,68.6,45.0,74.1,88.4,11.6,89.4,5.3,1.8,28.9,44.5,62.0,23.8,528000.0,599000.0
T3S,T3S,AB,288.0,,,48.0,45.0,10.5,71.9,19.3,2.5,75.0,25.0,41600.0,62800.0,37600.0,45600.0,29800.0,54800.0,61200.0,84000.0,90000.0,134000.0,81000.0,98000.0,9.5,96.5,0.0,5.3,0.0,52.2,17.4,65.2,90.0,10.0,90.0,0.0,0.0,25.9,18.2,38.2,33.3,600000.0,880000.0
T3Z,T3Z,AB,10596.0,,,46.8,42.4,17.4,64.9,17.6,3.0,94.3,5.7,65000.0,164000.0,55600.0,117000.0,51600.0,139400.0,127000.0,239200.0,216000.0,376000.0,172000.0,268400.0,4.7,88.3,0.0,11.4,0.3,70.5,47.0,61.8,89.3,10.6,92.3,1.5,2.1,29.1,17.7,13.4,16.1,1200000.0,1376000.0
T4A,T4A,AB,19940.0,,,37.2,36.9,21.9,66.8,11.3,2.8,82.5,17.5,50400.0,62700.0,44400.0,51550.0,48000.0,58750.0,74500.0,85300.0,112000.0,129000.0,95000.0,106400.0,5.7,92.2,0.1,7.0,0.7,55.9,18.2,71.5,89.6,10.3,93.1,0.8,2.6,26.8,13.6,15.0,18.7,420000.0,465200.0
T4B,T4B,AB,58053.0,,,35.2,34.5,25.1,65.8,9.1,2.8,78.8,21.2,50000.0,61600.0,44400.0,51200.0,48000.0,57650.0,74500.0,84100.0,110000.0,123600.0,94000.0,102800.0,6.2,92.1,0.1,7.2,0.6,56.8,20.5,74.6,88.8,11.2,91.8,1.5,2.8,27.0,17.7,21.5,21.5,400000.0,431600.0
T4C,T4C,AB,37325.0,,,40.0,40.0,20.6,62.8,16.6,2.6,84.7,15.3,51200.0,68400.0,45200.0,55500.0,47200.0,63250.0,83000.0,96900.0,115000.0,135200.0,97000.0,109900.0,6.3,90.7,0.1,9.0,0.2,64.1,28.0,68.9,90.6,9.4,90.4,1.1,3.9,30.2,14.3,8.2,18.6,472000.0,537500.0
T4E,T4E,AB,5229.0,,,47.2,43.9,16.3,63.3,20.4,2.6,85.7,14.3,45200.0,71900.0,40400.0,55350.0,33600.0,49920.0,70500.0,82200.0,104000.0,148800.0,91000.0,114900.0,9.2,94.8,0.0,4.6,0.7,55.7,19.2,68.5,90.2,9.7,95.6,0.8,1.8,24.5,8.2,5.0,18.1,650000.0,722000.0
T4G,T4G,AB,13368.0,,,45.2,44.0,15.9,61.7,22.4,2.4,77.7,22.3,40800.0,52650.0,37200.0,44640.0,34000.0,45560.0,61200.0,69400.0,82000.0,100400.0,73000.0,85200.0,10.9,96.6,0.0,3.0,0.3,48.4,10.8,63.9,89.3,10.7,91.3,0.0,5.3,24.0,7.7,4.5,17.7,320000.0,351600.0
T4H,T4H,AB,11831.0,,,43.6,43.2,17.0,60.4,22.6,2.4,75.3,24.7,41200.0,54000.0,37600.0,45440.0,34000.0,46320.0,59200.0,68200.0,86000.0,103400.0,76500.0,87100.0,9.8,96.2,0.0,3.5,0.2,52.6,15.6,65.7,91.1,8.9,92.0,0.2,5.7,20.7,9.7,7.6,18.5,348000.0,385600.0
T4J,T4J,AB,11390.0,,,40.4,40.8,20.2,60.8,19.0,2.5,78.1,21.9,42000.0,51120.0,38000.0,43720.0,38000.0,46280.0,58800.0,66300.0,85000.0,97300.0,74500.0,83700.0,10.7,97.7,0.0,2.1,0.2,48.9,11.7,66.1,91.6,8.4,93.7,0.4,4.2,21.9,11.3,7.8,15.6,300000.0,335600.0
T4L,T4L,AB,17145.0,,,40.4,40.8,19.6,61.7,18.8,2.6,76.2,23.8,42800.0,53250.0,38800.0,45160.0,38000.0,48600.0,66000.0,73300.0,91000.0,105000.0,80000.0,89100.0,8.8,94.9,0.0,4.9,0.3,52.3,17.6,65.1,89.0,11.0,92.9,0.4,4.3,22.3,11.0,8.5,18.9,348000.0,396800.0
T4M,T4M,AB,7754.0,,,31.2,30.5,28.4,66.6,5.0,2.8,79.3,20.7,52000.0,61000.0,46000.0,50960.0,50000.0,56750.0,72500.0,75800.0,110000.0,118500.0,94000.0,98900.0,5.6,95.1,0.1,4.5,0.3,54.3,11.5,78.3,89.4,10.6,93.8,1.3,2.3,25.6,7.0,7.1,19.7,348000.0,368000.0
T4N,T4N,AB,30584.0,,,40.4,41.7,15.3,66.4,18.2,2.1,49.0,51.0,37200.0,49800.0,34400.0,42680.0,32800.0,43040.0,56400.0,67000.0,64500.0,83900.0,58400.0,71900.0,16.2,93.8,0.1,5.1,1.0,47.4,14.5,60.3,84.8,15.2,87.9,3.5,6.1,19.2,15.0,16.0,27.3,300000.0,327600.0
T4P,T4P,AB,33759.0,,,37.2,38.0,19.8,67.1,13.0,2.6,69.5,30.5,43200.0,53250.0,39200.0,45160.0,39200.0,47800.0,59600.0,69800.0,88000.0,103600.0,77500.0,87900.0,8.6,94.2,0.0,5.0,0.8,49.5,15.9,69.0,87.7,12.3,93.1,2.4,2.4,19.1,19.9,23.5,19.5,320000.0,328400.0
T4R,T4R,AB,37024.0,,,38.8,38.9,18.9,66.5,14.5,2.6,76.8,23.2,48400.0,61700.0,43200.0,51120.0,43600.0,54750.0,73000.0,81700.0,105000.0,123000.0,91000.0,102000.0,5.6,93.6,0.0,5.8,0.5,56.8,21.7,70.6,89.8,10.2,94.0,1.9,1.9,20.8,15.3,16.7,17.0,372000.0,394000.0
T4S,T4S,AB,20586.0,,,36.8,37.3,20.8,67.0,12.1,2.5,72.3,27.7,46400.0,59400.0,41200.0,49240.0,40000.0,53400.0,68500.0,81000.0,96000.0,113300.0,83000.0,94000.0,9.1,94.1,0.0,5.8,0.1,51.5,13.8,70.3,86.3,13.7,94.1,0.5,2.7,26.6,6.6,5.6,21.7,376000.0,427200.0
T4T,T4T,AB,13296.0,,,39.6,39.7,21.0,62.2,16.8,2.5,78.2,21.8,39200.0,54400.0,36000.0,45760.0,32800.0,45640.0,63200.0,72100.0,82000.0,103500.0,74000.0,87300.0,12.6,96.5,0.0,3.4,0.1,45.5,12.4,64.1,85.0,15.0,93.4,0.6,4.1,20.9,6.0,4.3,16.6,320000.0,354000.0
T4V,T4V,AB,20160.0,,,43.6,43.7,17.0,59.2,23.9,2.3,67.7,32.3,41600.0,52700.0,37600.0,45160.0,36000.0,46600.0,63600.0,72300.0,78000.0,95000.0,69500.0,81400.0,10.2,95.9,0.0,3.9,0.2,49.5,16.3,62.0,88.1,12.0,92.4,0.3,4.4,19.4,9.7,10.1,21.5,300000.0,341600.0
T4X,T4X,AB,26447.0,,,36.4,35.6,24.4,65.0,10.5,3.0,87.9,12.1,53600.0,68400.0,46800.0,55500.0,50800.0,62700.0,86000.0,93700.0,131000.0,148200.0,110000.0,120300.0,4.8,85.9,0.1,13.3,0.7,58.8,20.4,72.5,90.9,9.1,93.7,1.0,2.6,28.4,13.8,15.7,18.1,460000.0,513500.0
T5A,T5A,AB,34427.0,,,38.0,39.0,19.9,64.1,16.0,2.5,60.4,39.6,40800.0,47280.0,37200.0,41240.0,39200.0,44360.0,62400.0,66800.0,79500.0,90200.0,71500.0,78700.0,13.8,92.9,0.2,5.1,1.8,44.5,13.8,60.3,85.2,14.8,82.9,10.7,3.1,27.4,28.5,36.1,24.3,300000.0,293600.0
T5B,T5B,AB,15373.0,,,41.2,41.6,13.6,71.4,15.0,2.1,50.0,50.0,35200.0,44040.0,32800.0,38560.0,35200.0,41920.0,58400.0,63650.0,64000.0,77500.0,58000.0,67900.0,17.1,90.8,0.2,6.2,2.9,46.1,18.4,60.0,81.8,18.2,79.8,12.6,3.5,26.1,27.6,31.1,31.7,280000.0,303200.0
T5C,T5C,AB,15937.0,,,39.6,40.7,18.4,63.7,17.9,2.6,64.0,36.0,38000.0,45320.0,35200.0,39720.0,36800.0,42440.0,61600.0,65700.0,76000.0,88900.0,68500.0,77900.0,14.6,91.9,0.3,5.3,2.6,40.0,10.1,58.3,83.6,16.4,85.8,9.8,2.0,26.5,27.5,35.4,24.0,324000.0,318000.0
T5E,T5E,AB,33607.0,,,38.4,39.8,19.8,63.2,17.0,2.6,59.1,40.9,39200.0,47920.0,36000.0,41600.0,38000.0,45760.0,63600.0,70500.0,79000.0,92600.0,71000.0,80300.0,14.1,91.9,0.1,4.6,3.4,44.2,15.9,60.5,84.3,15.7,86.1,8.7,2.7,25.3,30.5,38.8,24.2,332000.0,345600.0
T5G,T5G,AB,12873.0,,,38.8,40.1,13.9,72.6,13.4,2.2,43.9,56.1,35200.0,43480.0,32800.0,38120.0,33200.0,40440.0,57200.0,61950.0,63600.0,75900.0,57600.0,66600.0,16.6,89.8,0.3,6.7,3.1,49.0,19.1,64.8,82.1,17.9,78.8,12.8,4.4,26.2,30.4,36.5,29.2,300000.0,319200.0
T5H,T5H,AB,25367.0,,,37.6,40.3,11.1,75.4,13.5,1.8,22.2,77.8,33600.0,44000.0,31400.0,38200.0,30400.0,40240.0,58400.0,66200.0,50000.0,66100.0,46000.0,57400.0,24.4,88.6,0.2,7.4,3.8,48.1,22.6,64.6,81.2,18.8,70.6,16.6,8.3,25.4,36.0,45.0,35.2,280000.0,337600.0
T5J,T5J,AB,6288.0,,,31.8,36.1,4.8,87.5,7.8,1.5,25.9,74.1,49200.0,63600.0,43600.0,52550.0,50000.0,62000.0,72000.0,81500.0,67500.0,86400.0,59200.0,71400.0,17.5,89.3,0.0,9.7,0.9,72.5,53.7,82.0,88.2,12.0,49.4,22.2,24.0,23.1,25.0,41.2,33.8,352000.0,394000.0
T5K,T5K,AB,22440.0,,,38.0,44.2,4.5,75.3,20.1,1.5,30.0,70.0,46400.0,60600.0,41600.0,50440.0,45200.0,54850.0,70500.0,79200.0,64500.0,84000.0,56400.0,69900.0,16.4,89.5,0.1,9.7,0.7,69.0,45.6,73.0,87.0,13.0,61.5,14.4,17.2,23.8,25.0,29.7,31.7,280000.0,341200.0
T5L,T5L,AB,16755.0,,,40.0,40.7,16.8,67.5,15.7,2.5,65.8,34.2,40800.0,48000.0,37600.0,41680.0,38800.0,44800.0,59200.0,65300.0,82000.0,92600.0,72500.0,80500.0,10.1,92.8,0.1,5.6,1.5,45.3,15.9,63.2,86.6,13.4,86.6,7.8,3.0,24.4,23.0,28.9,22.6,324000.0,329600.0
T5M,T5M,AB,15462.0,,,39.6,40.6,17.1,66.5,16.4,2.1,41.7,58.3,40400.0,55400.0,37200.0,46760.0,40400.0,54350.0,69500.0,85400.0,67000.0,93200.0,60400.0,78600.0,16.5,90.6,0.2,7.4,1.8,56.2,28.4,64.8,87.1,12.8,79.3,11.3,4.9,23.3,25.4,29.6,29.6,400000.0,444800.0
T5N,T5N,AB,14713.0,,,39.2,41.3,14.1,69.0,16.9,2.0,54.9,45.1,51600.0,79600.0,45200.0,62750.0,49200.0,72700.0,80000.0,106200.0,86000.0,134600.0,74500.0,106100.0,9.5,89.6,0.1,9.8,0.4,68.0,43.9,70.7,89.4,10.6,78.6,9.4,6.5,21.5,18.4,20.7,25.6,552000.0,663000.0
T5P,T5P,AB,20475.0,,,41.6,42.1,14.0,68.6,17.4,2.2,45.1,54.9,36400.0,43480.0,33600.0,38280.0,34000.0,40200.0,56000.0,61100.0,64000.0,76600.0,57600.0,67500.0,15.4,93.0,0.1,5.5,1.3,47.4,16.9,62.5,85.0,15.1,80.4,11.5,5.4,23.2,30.0,34.1,32.0,328000.0,332000.0
T5R,T5R,AB,24643.0,,,41.6,42.3,16.3,64.9,18.8,2.5,67.8,32.2,46800.0,66800.0,42000.0,54100.0,43200.0,60400.0,72500.0,92400.0,96000.0,129800.0,84000.0,105200.0,8.5,90.9,0.1,8.1,0.9,60.6,33.4,65.1,88.1,11.9,82.9,7.9,4.9,23.7,22.4,24.1,20.7,408000.0,522000.0
T5S,T5S,AB,7731.0,,,36.0,36.5,19.5,71.2,9.4,2.5,93.1,6.9,56800.0,67100.0,49600.0,55200.0,58400.0,66100.0,81000.0,88400.0,115000.0,129600.0,96000.0,106600.0,6.3,92.6,0.1,7.0,0.3,57.7,24.1,76.0,90.0,9.9,95.4,1.0,0.6,25.9,15.3,19.0,15.8,376000.0,350800.0
T5T,T5T,AB,77839.0,,,37.6,38.0,19.7,67.0,13.3,2.7,70.9,29.1,45200.0,56500.0,40400.0,47360.0,42400.0,52350.0,66000.0,78500.0,96000.0,115000.0,84000.0,96400.0,8.1,92.6,0.1,5.5,1.8,56.3,27.3,69.2,87.4,12.6,86.9,8.3,2.1,25.5,36.8,43.1,22.9,400000.0,390800.0
T5V,T5V,AB,146.0,,,49.6,46.8,3.4,82.8,17.2,2.4,75.0,25.0,,,,,,,,,,,,,,96.6,0.0,3.4,0.0,40.0,20.0,58.3,92.9,0.0,100.0,0.0,0.0,17.6,30.8,37.0,,600000.0,640000.0
T5W,T5W,AB,20047.0,,,40.0,40.4,18.2,65.6,16.3,2.4,65.2,34.8,40400.0,49160.0,36800.0,42480.0,40000.0,46720.0,63600.0,68100.0,76500.0,90600.0,68500.0,78300.0,14.6,93.3,0.1,5.2,1.5,45.1,15.5,60.8,85.1,14.9,86.6,7.6,2.6,26.3,20.3,23.3,22.6,310000.0,336800.0
T5X,T5X,AB,42643.0,,,37.2,38.1,21.0,63.8,15.2,2.8,71.8,28.2,42000.0,50640.0,38400.0,43560.0,40400.0,47400.0,66500.0,72100.0,91000.0,104800.0,81000.0,90300.0,11.4,92.4,0.1,5.1,2.4,48.5,18.6,62.9,85.5,14.6,90.3,5.1,1.8,25.9,32.2,46.6,20.7,348000.0,361600.0
T5Y,T5Y,AB,54437.0,,,34.4,34.9,22.2,68.7,9.1,2.9,73.5,26.5,45200.0,53150.0,40800.0,45320.0,44000.0,50320.0,66500.0,72400.0,100000.0,112300.0,87000.0,95800.0,8.0,91.5,0.2,5.6,2.7,51.7,20.8,70.7,87.8,12.1,87.7,8.3,1.9,26.8,35.8,51.0,21.3,376000.0,371200.0
T5Z,T5Z,AB,34199.0,,,37.2,38.4,18.1,68.9,12.9,2.9,84.4,15.6,44400.0,53550.0,40000.0,45440.0,44400.0,51080.0,68500.0,74700.0,109000.0,121100.0,95000.0,102900.0,6.1,91.1,0.1,4.8,4.0,50.9,19.2,68.1,87.7,12.3,91.7,4.8,1.2,26.8,36.4,51.4,19.9,400000.0,404000.0
T6A,T6A,AB,14477.0,,,42.8,43.4,14.4,65.5,20.0,2.3,66.7,33.3,48800.0,62050.0,43600.0,51800.0,46800.0,59550.0,79500.0,88400.0,95000.0,114800.0,83000.0,95800.0,7.6,90.6,0.1,8.8,0.5,61.2,31.3,66.2,87.7,12.3,83.7,6.6,4.7,24.2,13.6,12.9,20.1,428000.0,473600.0
T6B,T6B,AB,9291.0,,,42.0,43.4,14.3,66.0,19.7,2.2,72.9,27.1,48000.0,59950.0,42400.0,50440.0,48400.0,56000.0,70500.0,79800.0,92000.0,109700.0,79500.0,92300.0,7.5,89.0,0.4,9.9,0.6,61.5,27.8,66.9,88.5,11.4,86.2,5.8,4.7,24.5,12.9,14.0,18.6,400000.0,400000.0
T6C,T6C,AB,20242.0,,,40.4,42.3,13.5,68.1,18.4,2.1,56.4,43.6,47200.0,61900.0,42000.0,51350.0,48400.0,59600.0,80000.0,89300.0,82000.0,106100.0,71500.0,88000.0,9.8,82.8,0.4,16.1,0.6,64.3,36.0,67.0,88.6,11.4,80.3,8.1,5.2,23.8,16.0,16.2,26.6,420000.0,476400.0
T6E,T6E,AB,22893.0,,,34.8,39.1,9.7,77.3,13.0,1.8,35.7,64.3,42400.0,57500.0,38400.0,48400.0,40400.0,51850.0,70500.0,79800.0,67500.0,90600.0,60400.0,76300.0,14.8,87.4,0.0,11.8,0.7,68.4,46.5,73.4,87.4,12.6,68.8,10.4,13.8,23.4,17.6,24.5,32.0,400000.0,450800.0
T6G,T6G,AB,11502.0,,,31.0,37.6,10.6,74.7,14.7,2.1,40.8,59.2,39600.0,71100.0,36800.0,57050.0,33600.0,61200.0,81000.0,105100.0,75000.0,124800.0,67000.0,100100.0,18.5,86.8,0.1,12.5,0.7,73.2,61.8,65.1,87.5,12.5,59.4,10.7,24.1,22.4,23.3,37.3,35.5,750000.0,835000.0
T6H,T6H,AB,27878.0,,,37.6,40.1,14.8,68.8,16.4,2.3,51.4,48.6,44000.0,63800.0,39600.0,52650.0,40000.0,55100.0,74500.0,89400.0,86000.0,119400.0,76000.0,98600.0,11.2,89.3,0.1,9.5,1.1,64.7,42.5,65.5,87.3,12.7,75.2,14.5,5.1,25.2,24.8,30.4,25.7,500000.0,538000.0
T6J,T6J,AB,45386.0,,,40.8,42.0,16.0,64.2,19.8,2.4,63.5,36.5,44400.0,62900.0,40000.0,51800.0,40000.0,55600.0,74500.0,88700.0,90000.0,121700.0,79000.0,100300.0,10.2,90.3,0.1,7.6,1.9,64.6,38.8,63.9,87.0,13.0,82.1,11.4,2.9,26.0,32.0,39.5,21.2,428000.0,451600.0
T6K,T6K,AB,28047.0,,,38.4,39.2,20.0,63.1,16.9,2.7,65.2,34.8,39600.0,46920.0,36400.0,40920.0,36000.0,42520.0,61200.0,66000.0,84000.0,95000.0,75000.0,82900.0,13.0,91.7,0.3,5.9,2.1,51.1,20.4,61.7,84.1,15.8,86.3,9.1,1.9,25.5,33.2,41.5,22.1,340000.0,316800.0
T6L,T6L,AB,49215.0,,,38.8,39.9,17.1,66.9,16.0,2.7,70.3,29.7,40000.0,48120.0,36800.0,41600.0,36800.0,43960.0,62400.0,67500.0,90000.0,103000.0,80000.0,89100.0,8.7,92.0,0.1,5.4,2.4,52.1,21.6,65.8,86.8,13.2,87.8,8.2,1.6,26.7,33.0,44.9,22.1,340000.0,338000.0
T6M,T6M,AB,33889.0,,,37.2,37.2,20.7,67.4,11.9,2.9,84.3,15.7,54400.0,70700.0,47600.0,56950.0,51600.0,64700.0,76500.0,93000.0,125000.0,152200.0,106000.0,122700.0,4.8,92.4,0.1,6.1,1.5,64.6,35.8,73.5,89.4,10.6,92.3,3.2,1.6,26.2,32.9,40.0,19.4,452000.0,520500.0
T6N,T6N,AB,28.0,,,,,,,,,,,,,,,,,,,,,,,,,,,,,,,,,,,,,,,,,
T6P,T6P,AB,1806.0,,,52.8,49.2,11.1,62.9,26.3,2.0,87.2,12.8,39200.0,43520.0,36000.0,38360.0,40000.0,43100.0,54000.0,56800.0,67500.0,77600.0,59600.0,68400.0,12.8,95.3,0.0,4.2,0.6,33.3,3.7,63.7,82.2,17.8,95.6,2.9,0.0,24.6,7.7,6.5,13.4,60000.0,75200.0
T6R,T6R,AB,45153.0,,,41.2,40.3,17.8,65.8,16.4,2.8,83.5,16.5,53600.0,76800.0,46800.0,61100.0,52000.0,71000.0,89000.0,106000.0,129000.0,165000.0,109000.0,131400.0,6.1,90.2,0.0,7.4,2.3,69.0,46.4,67.9,89.1,10.9,90.5,4.7,2.1,26.1,36.2,47.3,18.2,500000.0,557000.0
T6S,T6S,AB,23.0,,,,,,,,,,,,,,,,,,,,,,,,,,,,,,,,,,,,,,,,,
T6T,T6T,AB,48823.0,,,32.8,33.6,22.1,70.1,7.9,3.4,79.9,20.1,40400.0,48560.0,36800.0,41800.0,36000.0,44560.0,59600.0,66500.0,110000.0,122500.0,97000.0,105500.0,5.2,89.7,0.1,4.0,6.1,56.5,31.3,74.8,88.7,11.3,89.7,6.7,1.5,27.0,50.5,74.3,23.6,400000.0,410400.0
T6V,T6V,AB,23107.0,,,35.6,35.8,20.3,70.5,9.3,3.0,81.0,19.0,46000.0,55550.0,41200.0,46720.0,45600.0,52850.0,68000.0,75900.0,110000.0,123700.0,95000.0,104000.0,6.2,92.0,0.1,5.2,2.7,54.6,25.2,70.7,89.3,10.7,91.3,5.0,1.1,24.8,38.5,56.2,19.8,400000.0,401200.0
T6W,T6W,AB,83496.0,,,33.6,33.5,23.1,69.6,7.4,2.7,73.9,26.1,52000.0,65100.0,46000.0,53600.0,51200.0,61000.0,74500.0,85500.0,111000.0,130400.0,95000.0,107500.0,6.5,91.1,0.1,6.2,2.6,68.5,41.5,76.7,90.0,10.0,90.2,5.1,1.8,28.6,41.3,57.6,24.0,428000.0,488400.0
T6X,T6X,AB,50392.0,,,32.8,31.9,25.0,69.8,5.2,3.1,77.7,22.3,49200.0,58200.0,43600.0,48840.0,47600.0,55250.0,70500.0,77400.0,116000.0,127800.0,99000.0,107200.0,4.9,91.4,0.1,5.6,2.9,64.6,37.1,78.5,89.6,10.4,90.8,5.4,1.2,27.7,44.0,62.6,23.9,400000.0,433200.0
T6Y,T6Y,AB,232.0,,,48.4,45.8,10.9,69.6,19.6,2.4,68.2,31.8,,,,,,,,,,,,,,97.8,0.0,0.0,0.0,46.7,15.6,75.0,93.9,9.1,100.0,0.0,0.0,30.0,0.0,0.0,,352000.0,660000.0
T7A,T7A,AB,11412.0,,,38.8,39.3,19.8,65.5,14.7,2.5,79.0,21.0,44000.0,55800.0,39600.0,47040.0,37600.0,50600.0,69000.0,76000.0,92000.0,105700.0,80000.0,89100.0,8.9,98.0,0.0,1.9,0.1,43.0,9.2,69.0,89.2,10.8,94.7,0.4,3.7,20.0,6.9,7.5,17.5,300000.0,318400.0
T7E,T7E,AB,13720.0,,,39.6,39.5,19.1,66.5,14.4,2.5,76.7,23.3,46400.0,60650.0,42000.0,49880.0,44800.0,57000.0,74500.0,82500.0,102000.0,116800.0,87000.0,96100.0,7.7,94.6,0.0,5.2,0.3,40.8,9.0,68.2,88.7,11.3,91.8,0.6,5.7,20.5,7.8,7.0,15.3,356000.0,384000.0
T7N,T7N,AB,7176.0,,,45.6,44.4,18.2,56.1,25.6,2.4,74.3,25.7,39600.0,47720.0,36400.0,41280.0,33200.0,41200.0,56800.0,59650.0,74000.0,87800.0,67000.0,76200.0,11.8,96.4,0.0,3.5,0.1,47.2,12.2,61.7,91.9,7.9,90.4,0.0,8.2,21.2,10.5,7.5,21.5,300000.0,319200.0
T7P,T7P,AB,7183.0,,,46.0,44.9,15.8,58.2,26.0,2.3,74.3,25.7,35200.0,48160.0,32800.0,39360.0,29400.0,42040.0,53600.0,62950.0,69000.0,88800.0,63200.0,72600.0,14.3,95.2,0.0,4.5,0.3,43.7,10.8,58.5,90.9,9.1,87.3,0.4,8.1,20.2,7.9,7.1,21.7,274000.0,288000.0
T7S,T7S,AB,11873.0,,,36.0,36.4,21.7,68.4,10.1,2.6,72.2,27.8,47600.0,61950.0,42800.0,51200.0,44000.0,56450.0,82000.0,85300.0,103000.0,118600.0,88000.0,98100.0,8.3,95.0,0.0,4.8,0.2,43.4,9.6,73.1,85.8,14.2,92.2,0.8,5.1,20.3,8.9,8.8,19.8,348000.0,354400.0
T7V,T7V,AB,10315.0,,,38.4,38.9,18.8,67.7,13.5,2.4,72.7,27.3,48400.0,61350.0,43200.0,50840.0,46000.0,57450.0,75500.0,80200.0,105000.0,117100.0,89000.0,97000.0,6.3,90.8,0.0,8.8,0.3,47.5,13.3,69.5,88.1,11.8,90.6,2.3,5.6,17.7,11.1,12.6,16.4,340000.0,356800.0
T7X,T7X,AB,47506.0,,,36.8,37.3,21.3,65.5,13.2,2.7,78.5,21.5,49200.0,61650.0,43600.0,51250.0,47600.0,57950.0,74000.0,82500.0,106000.0,122500.0,92000.0,101900.0,6.8,94.1,0.1,5.7,0.1,50.6,14.6,68.9,89.7,10.3,93.4,1.0,2.5,26.2,8.6,8.3,19.5,384000.0,424000.0
T7Y,T7Y,AB,17057.0,,,44.0,41.5,18.6,64.4,17.0,2.8,94.1,5.9,50400.0,69400.0,44800.0,56300.0,48000.0,64500.0,85000.0,95600.0,130000.0,151200.0,109000.0,122700.0,5.4,94.9,0.1,4.9,0.2,57.2,16.6,65.5,91.3,8.7,94.6,0.5,1.8,32.8,8.4,4.0,13.6,560000.0,609000.0
T7Z,T7Z,AB,18929.0,,,41.2,41.6,19.0,60.8,20.3,2.4,73.9,26.1,45200.0,57700.0,40800.0,48240.0,44000.0,54300.0,72000.0,80000.0,92000.0,108200.0,80000.0,90500.0,8.2,94.2,0.1,5.7,0.1,49.0,10.9,63.9,88.8,11.2,92.6,1.2,2.7,28.4,7.8,5.0,21.4,360000.0,377200.0
T8A,T8A,AB,42146.0,,,43.6,42.3,16.8,63.6,19.6,2.6,87.7,12.3,53600.0,68400.0,47200.0,55650.0,50400.0,63450.0,85000.0,96200.0,121000.0,141200.0,103000.0,114900.0,4.2,93.2,0.0,6.6,0.2,59.0,22.3,65.6,90.1,9.9,92.6,2.2,2.0,23.5,9.7,7.4,13.1,428000.0,469200.0
T8B,T8B,AB,7075.0,,,47.2,43.4,14.6,66.0,19.4,2.8,85.9,14.1,56800.0,101400.0,49200.0,75800.0,46400.0,85400.0,92000.0,140800.0,156000.0,230600.0,128000.0,173000.0,4.4,91.4,0.1,7.6,0.8,59.7,30.5,66.2,92.4,7.5,94.8,1.4,1.4,22.8,16.3,17.4,18.7,900000.0,949000.0
T8C,T8C,AB,4406.0,,,46.4,42.6,16.2,66.9,16.9,2.8,92.1,7.9,51600.0,73600.0,45200.0,58650.0,46000.0,64300.0,89000.0,105400.0,141000.0,168800.0,117000.0,134800.0,4.7,93.5,0.0,6.1,0.3,55.4,19.3,65.7,91.8,8.2,97.8,0.6,1.4,29.4,8.8,5.4,18.5,650000.0,749000.0
T8E,T8E,AB,8247.0,,,43.6,41.2,18.4,65.9,15.6,2.8,92.7,7.3,53200.0,72500.0,46400.0,57700.0,50000.0,68900.0,90000.0,102600.0,131000.0,155800.0,110000.0,124100.0,4.9,92.8,0.0,6.9,0.4,59.5,17.5,68.6,90.8,9.2,95.8,1.0,1.6,30.9,6.5,3.8,13.8,600000.0,621500.0
T8G,T8G,AB,4784.0,,,43.2,41.2,17.8,67.6,14.6,2.7,93.8,6.2,52800.0,66200.0,46000.0,54250.0,52000.0,63300.0,84000.0,91100.0,124000.0,137600.0,105000.0,113100.0,5.7,93.3,0.0,6.6,0.1,55.8,14.2,66.2,90.4,9.8,94.5,0.5,2.1,36.8,7.2,4.0,13.1,500000.0,537000.0
T8H,T8H,AB,31062.0,,,39.2,39.2,19.5,65.4,15.2,2.6,82.3,17.7,56400.0,69800.0,49200.0,56900.0,55600.0,66700.0,86000.0,95400.0,119000.0,136600.0,101000.0,111400.0,4.1,93.0,0.0,6.7,0.3,60.2,23.9,71.5,91.5,8.5,91.8,2.7,2.7,23.3,13.2,13.4,16.7,436000.0,435200.0
T8L,T8L,AB,29258.0,,,36.4,37.7,20.4,66.0,13.6,2.6,76.4,23.6,52400.0,66700.0,46000.0,54650.0,50400.0,62900.0,82000.0,92500.0,113000.0,128800.0,96000.0,105600.0,5.5,94.1,0.1,5.6,0.2,57.1,15.5,70.6,89.4,10.6,93.1,1.2,2.6,24.2,9.4,9.0,16.6,388000.0,410000.0
T8N,T8N,AB,68213.0,,,42.4,41.8,18.0,62.6,19.4,2.6,82.9,17.1,54400.0,68800.0,47600.0,56200.0,51600.0,63900.0,85000.0,95800.0,117000.0,138600.0,100000.0,113300.0,4.9,89.2,0.1,10.6,0.2,61.0,26.7,65.9,90.9,9.1,92.1,2.0,3.4,23.6,12.5,11.1,17.8,424000.0,455200.0
T8R,T8R,AB,15960.0,,,37.6,37.9,22.3,64.0,13.7,2.7,86.3,13.7,50800.0,60450.0,45200.0,50840.0,48800.0,54600.0,73000.0,76200.0,109000.0,120600.0,94000.0,101500.0,6.3,91.0,0.1,8.8,0.1,50.4,10.3,70.2,90.0,10.0,94.1,1.1,2.5,30.6,4.6,3.7,16.4,360000.0,385200.0
T8S,T8S,AB,7930.0,,,35.6,36.9,20.3,67.2,12.5,2.6,63.4,36.6,47600.0,60900.0,42400.0,51080.0,42800.0,55850.0,69000.0,78500.0,101000.0,115700.0,88000.0,97000.0,9.4,88.4,0.1,11.2,0.3,48.0,15.6,70.4,92.1,7.8,92.4,0.0,5.6,17.3,14.5,13.1,17.4,320000.0,332000.0
T8T,T8T,AB,7283.0,,,44.0,41.6,17.1,66.4,16.5,2.9,93.0,7.0,56400.0,85900.0,48800.0,64900.0,50000.0,75700.0,89000.0,112500.0,153000.0,197400.0,128000.0,149000.0,5.3,92.7,0.0,7.0,0.3,59.5,22.1,67.3,91.5,8.5,94.5,0.9,3.0,28.5,9.1,6.2,16.3,755000.0,884000.0
T8V,T8V,AB,31632.0,,,35.6,37.5,18.7,68.9,12.4,2.3,54.0,46.0,44400.0,54150.0,40000.0,45880.0,40400.0,49480.0,64500.0,72200.0,84000.0,96900.0,74000.0,82400.0,10.3,92.6,0.1,6.8,0.5,45.6,14.6,70.4,85.9,14.1,91.4,1.9,4.7,18.5,14.8,18.0,25.8,290000.0,300400.0
T8W,T8W,AB,21556.0,,,34.0,34.0,23.9,68.9,7.2,2.9,82.5,17.5,57200.0,70900.0,49600.0,57650.0,53200.0,64100.0,81000.0,91600.0,130000.0,147200.0,109000.0,119800.0,4.9,91.1,0.1,8.6,0.3,51.8,17.8,76.7,90.0,10.0,95.6,1.0,1.3,20.9,9.2,10.5,16.8,376000.0,448400.0
T8X,T8X,AB,24187.0,,,34.0,34.1,24.0,67.6,8.4,2.8,82.2,17.8,55600.0,66200.0,48800.0,54650.0,52000.0,60300.0,79000.0,86900.0,122000.0,133000.0,103000.0,109800.0,5.2,92.3,0.1,7.4,0.3,49.4,14.6,78.1,89.5,10.5,97.0,0.7,0.8,21.0,9.9,11.1,17.7,364000.0,398000.0
T9A,T9A,AB,15093.0,,,42.8,42.6,18.1,60.6,21.2,2.4,67.5,32.5,39200.0,48080.0,36000.0,41600.0,35600.0,43920.0,58800.0,64400.0,73500.0,87800.0,66000.0,76000.0,12.0,96.9,0.0,2.7,0.3,41.6,12.1,61.2,89.2,10.7,91.1,0.4,5.2,20.7,11.9,11.7,23.0,260000.0,294400.0
T9C,T9C,AB,6656.0,,,46.0,44.5,16.7,59.0,24.3,2.2,72.8,27.2,40000.0,49520.0,36800.0,42680.0,36800.0,44400.0,61200.0,66700.0,72500.0,89700.0,65500.0,77200.0,12.5,97.6,0.1,2.0,0.4,47.9,12.8,60.9,91.3,8.7,89.7,0.4,6.6,19.0,9.3,7.5,17.2,250000.0,278800.0
T9E,T9E,AB,34385.0,,,37.2,37.6,21.7,64.0,14.2,2.6,73.3,26.7,48400.0,60600.0,43200.0,50280.0,45600.0,57000.0,69500.0,82400.0,100000.0,116900.0,87000.0,97000.0,6.7,94.0,0.0,5.7,0.2,50.1,13.6,70.0,88.3,11.7,92.3,1.0,2.4,25.0,12.1,12.7,21.1,348000.0,362800.0
T9G,T9G,AB,6969.0,,,40.4,40.3,19.7,63.0,17.1,2.6,77.1,22.9,45600.0,54800.0,40800.0,46320.0,41200.0,51200.0,68500.0,76500.0,96000.0,108000.0,83000.0,91300.0,7.2,96.7,0.0,3.1,0.2,48.5,10.6,65.2,90.2,9.8,91.2,0.5,3.1,26.7,5.8,5.1,21.8,340000.0,359200.0
T9H,T9H,AB,26075.0,,,36.0,35.5,20.1,74.1,5.8,2.6,60.5,39.5,63600.0,86600.0,54400.0,67700.0,66000.0,87700.0,101000.0,119800.0,150000.0,170400.0,123000.0,133200.0,5.1,93.7,0.1,5.7,0.5,53.8,16.5,76.1,90.0,10.0,64.9,28.1,4.9,31.7,25.0,31.3,14.9,400000.0,402400.0
T9J,T9J,AB,3776.0,,,32.8,32.3,22.4,74.8,2.9,2.7,68.8,31.2,78000.0,91000.0,65000.0,71300.0,81000.0,92500.0,117000.0,127800.0,182000.0,181200.0,143000.0,142000.0,3.0,92.7,0.3,6.8,0.4,55.3,13.5,79.8,89.4,10.6,74.8,22.0,1.6,31.9,13.4,17.2,11.6,476000.0,440000.0
T9K,T9K,AB,40909.0,,,33.6,32.1,24.8,71.9,3.3,2.9,71.5,28.5,83000.0,105900.0,68000.0,81000.0,91000.0,108200.0,128000.0,143600.0,206000.0,219600.0,158000.0,167800.0,2.7,93.0,0.1,6.1,0.8,61.3,22.5,78.1,92.2,7.8,69.2,27.1,1.8,33.3,20.6,26.7,11.3,500000.0,501600.0
T9M,T9M,AB,18238.0,,,32.8,34.5,23.1,67.9,9.0,2.6,66.7,33.3,52400.0,64000.0,46400.0,53150.0,51600.0,60500.0,73500.0,82300.0,104000.0,119100.0,90000.0,99000.0,7.5,88.4,0.2,11.3,0.2,53.0,14.7,71.7,91.2,8.8,92.7,1.3,4.0,21.5,8.1,8.7,15.3,300000.0,322000.0
T9N,T9N,AB,9439.0,,,38.0,38.8,20.2,65.1,14.6,2.5,70.3,29.7,45200.0,57950.0,40800.0,48400.0,40000.0,52200.0,65500.0,74700.0,95000.0,110500.0,83000.0,92300.0,8.5,86.9,0.0,12.9,0.1,48.3,12.3,66.9,90.5,9.5,93.6,0.4,4.0,21.3,8.5,9.5,20.0,348000.0,396800.0
T9S,T9S,AB,6360.0,,,46.4,44.1,16.4,61.6,22.0,2.3,78.4,21.6,43200.0,58750.0,39200.0,48600.0,36800.0,51550.0,70500.0,80600.0,89000.0,109200.0,78000.0,90400.0,10.2,93.0,0.0,7.0,0.1,49.9,13.1,62.4,91.8,8.2,93.7,1.3,3.3,24.6,6.2,6.2,16.8,348000.0,370400.0
T9V,T9V,AB,20751.0,,,37.6,38.1,21.1,65.0,14.0,2.5,72.5,27.5,48000.0,62950.0,42400.0,51900.0,42800.0,55850.0,75000.0,86400.0,99000.0,118200.0,86000.0,97600.0,8.4,94.6,0.0,5.1,0.3,52.8,16.1,71.5,89.5,10.5,93.5,0.2,4.3,16.0,10.7,12.7,19.4,348000.0,350800.0
T9W,T9W,AB,8091.0,,,38.8,39.9,19.0,64.8,16.2,2.4,73.7,26.3,46800.0,55400.0,42000.0,46920.0,41600.0,48280.0,60800.0,68200.0,89000.0,102800.0,78000.0,87300.0,7.8,94.6,0.1,5.0,0.3,47.9,14.9,71.9,91.6,8.3,92.0,0.0,5.9,15.7,11.5,11.1,18.5,286000.0,312400.0
T9X,T9X,AB,5403.0,,,41.6,42.4,17.8,60.8,21.5,2.3,80.8,19.2,44400.0,54550.0,40000.0,46080.0,36800.0,45040.0,62400.0,67100.0,84000.0,100600.0,74500.0,85400.0,10.2,97.3,0.1,2.6,0.0,53.8,16.0,68.3,91.7,8.3,91.2,0.0,6.0,18.0,6.0,7.3,17.8,280000.0,309600.0
V0A,V0A,BC,16077.0,,,44.4,44.1,14.4,64.2,21.4,2.2,76.3,23.7,43200.0,52050.0,39200.0,44600.0,34800.0,44960.0,59200.0,67600.0,84000.0,96200.0,74500.0,82400.0,8.7,89.9,0.1,9.8,0.1,54.8,20.8,66.1,91.5,8.5,85.4,0.4,9.6,18.4,11.7,5.7,15.8,448000.0,490400.0
V0B,V0B,BC,36123.0,,,47.2,45.2,15.2,60.0,24.8,2.2,80.3,19.7,39600.0,53050.0,36400.0,44880.0,34400.0,49480.0,71500.0,80000.0,82000.0,98500.0,73000.0,83400.0,10.9,93.6,0.0,6.3,0.1,53.3,17.2,58.8,91.7,8.3,85.0,3.7,6.6,22.7,10.4,4.1,13.8,400000.0,469200.0
V0C,V0C,BC,26463.0,,,38.0,38.1,22.0,64.2,13.8,2.5,77.9,22.1,45600.0,58700.0,42000.0,49520.0,44400.0,56100.0,73500.0,81900.0,95000.0,109200.0,84000.0,92100.0,11.1,96.0,0.0,2.9,1.1,40.0,8.7,66.5,91.2,8.8,89.9,2.3,5.7,25.3,6.9,4.0,11.9,280000.0,325200.0
V0E,V0E,BC,72013.0,,,50.8,46.6,14.2,59.7,26.0,2.3,82.5,17.5,36400.0,46560.0,34000.0,40400.0,30000.0,40920.0,58000.0,64500.0,73500.0,89000.0,67000.0,77200.0,12.7,95.2,0.0,4.6,0.2,49.0,12.3,56.7,90.2,9.8,86.5,0.8,7.1,25.0,9.0,3.5,17.7,500000.0,542000.0
V0G,V0G,BC,26940.0,,,49.2,46.1,14.2,60.8,25.0,2.2,82.7,17.3,37200.0,48320.0,34400.0,41600.0,29800.0,43360.0,65000.0,72500.0,70000.0,87600.0,63600.0,75500.0,14.4,92.5,0.1,7.3,0.1,57.4,19.1,57.9,89.1,10.9,87.9,1.0,7.5,24.5,10.7,3.1,14.7,400000.0,436400.0
V0H,V0H,BC,58479.0,,,57.6,51.5,10.8,54.5,34.7,2.2,82.9,17.1,36800.0,46720.0,34000.0,40440.0,27800.0,39440.0,57600.0,64800.0,72500.0,89100.0,66000.0,77200.0,11.6,93.4,0.0,5.7,0.9,52.4,15.7,50.2,91.1,8.9,87.2,0.5,8.4,20.8,14.5,7.6,17.8,552000.0,628500.0
V0J,V0J,BC,51918.0,,,42.4,41.4,18.7,62.7,18.7,2.4,78.2,21.8,39600.0,48920.0,36800.0,42600.0,37600.0,46440.0,64000.0,68900.0,81000.0,93200.0,72500.0,81200.0,13.8,95.8,0.0,4.0,0.1,42.5,12.9,61.2,88.7,11.3,86.3,1.5,8.5,19.6,8.7,3.9,11.3,290000.0,315600.0
V0K,V0K,BC,33615.0,,,55.2,49.3,12.6,56.7,30.7,2.1,84.6,15.4,33200.0,42640.0,31400.0,37440.0,29000.0,39440.0,56800.0,62250.0,63600.0,78300.0,58800.0,68800.0,17.0,96.5,0.0,3.3,0.2,43.3,8.4,48.8,88.9,11.1,88.6,0.5,7.8,24.6,9.4,2.9,14.5,352000.0,393600.0
V0L,V0L,BC,4849.0,,,50.8,46.0,15.5,59.8,24.7,2.4,84.0,16.0,28800.0,38280.0,27800.0,34400.0,21000.0,31920.0,42800.0,48200.0,56000.0,76200.0,53600.0,68500.0,23.2,97.3,0.0,2.5,0.1,36.1,9.2,48.7,84.6,15.4,88.2,1.2,7.1,31.4,10.4,2.2,14.3,324000.0,373000.0
V0M,V0M,BC,12420.0,,,49.2,45.7,15.4,59.3,25.4,2.4,84.8,15.2,36000.0,44920.0,33600.0,39520.0,31600.0,40960.0,58400.0,62750.0,73500.0,87600.0,67000.0,77100.0,14.6,96.1,0.0,3.4,0.5,47.8,12.1,53.8,92.0,8.0,88.9,1.3,5.8,28.8,13.7,6.9,18.4,695000.0,733000.0
V0N,V0N,BC,71423.0,,,50.0,46.9,13.7,59.3,27.0,2.2,79.2,20.8,40000.0,53600.0,36800.0,45160.0,32000.0,47480.0,63600.0,76600.0,77500.0,100200.0,70000.0,84500.0,12.6,91.0,0.0,8.7,0.3,57.9,25.2,58.6,92.5,7.5,83.8,3.1,7.8,23.2,17.0,7.3,20.5,750000.0,857000.0
V0P,V0P,BC,7335.0,,,55.6,49.4,12.2,56.0,31.9,2.0,80.7,19.3,31800.0,43640.0,29800.0,38440.0,21400.0,35960.0,52400.0,63900.0,57600.0,76200.0,54000.0,67300.0,19.8,92.6,0.0,7.3,0.1,52.4,19.6,48.6,89.3,10.8,70.0,3.7,16.2,25.2,13.9,2.4,15.0,400000.0,477200.0
V0R,V0R,BC,72310.0,,,51.2,47.3,13.6,58.9,27.5,2.3,82.0,18.0,38800.0,48960.0,35600.0,42240.0,31200.0,42200.0,61200.0,68300.0,77500.0,93900.0,70000.0,81100.0,12.0,92.6,0.0,7.3,0.1,55.7,20.9,56.2,91.9,8.1,86.8,1.1,6.8,25.6,12.5,4.0,18.3,680000.0,729000.0
V0S,V0S,BC,366.0,,,43.6,43.9,15.1,63.0,21.9,2.1,76.5,23.5,37600.0,,35600.0,,24800.0,,,,66500.0,,64500.0,,19.5,95.9,0.0,5.5,0.0,66.7,20.5,66.7,92.3,0.0,73.7,0.0,15.8,27.9,0.0,0.0,,700000.0,760000.0
V0T,V0T,BC,9032.0,,,43.2,42.2,16.5,63.9,19.7,2.3,74.8,25.2,32000.0,40160.0,30800.0,36440.0,29200.0,38520.0,52400.0,57250.0,62000.0,74600.0,58400.0,67800.0,20.5,95.3,0.0,4.6,0.2,40.1,12.5,57.7,90.4,9.6,78.1,1.5,12.5,17.0,7.2,2.9,14.4,250000.0,303600.0
V0V,V0V,BC,1894.0,,,40.4,39.9,21.6,60.9,17.2,2.8,89.1,10.9,26600.0,36280.0,25600.0,33040.0,24800.0,37400.0,51200.0,60800.0,59600.0,76200.0,56800.0,69400.0,27.5,98.9,0.0,1.1,0.0,25.3,5.5,51.0,83.2,16.1,59.8,6.0,27.4,14.9,1.9,0.0,18.9,348000.0,380000.0
V0W,V0W,BC,503.0,,,59.6,53.0,6.9,55.4,36.6,1.7,83.3,16.7,36400.0,45800.0,33600.0,41400.0,25200.0,36000.0,58400.0,63000.0,61200.0,74000.0,57600.0,67000.0,16.0,90.1,0.0,8.9,0.0,58.7,18.5,56.5,86.5,11.5,82.9,0.0,8.6,13.5,16.0,2.0,13.3,276000.0,306000.0
V0X,V0X,BC,22683.0,,,53.6,48.4,13.1,57.3,29.6,2.2,81.4,18.6,33600.0,44920.0,31800.0,38880.0,31200.0,43240.0,59600.0,69700.0,66000.0,85700.0,61200.0,74200.0,14.7,95.8,0.0,3.6,0.7,44.1,10.5,51.1,90.3,9.7,89.5,0.3,7.0,25.1,13.0,6.7,16.7,500000.0,568500.0
V1A,V1A,BC,9024.0,,,45.6,44.7,16.2,59.7,24.0,2.2,79.7,20.3,42800.0,53000.0,39200.0,45360.0,36000.0,47480.0,70000.0,71700.0,82000.0,95600.0,73000.0,81900.0,8.3,92.7,0.0,7.2,0.1,58.9,22.0,60.3,92.6,7.4,84.8,1.5,8.3,23.9,8.3,2.8,12.3,400000.0,426000.0
V1B,V1B,BC,23425.0,,,48.0,45.1,15.7,60.5,23.8,2.6,88.0,12.0,44400.0,58500.0,40400.0,49160.0,36800.0,50840.0,70000.0,77200.0,104000.0,124200.0,91000.0,104500.0,5.8,92.7,0.0,6.9,0.4,57.5,22.2,60.7,92.4,7.6,91.4,0.7,2.9,21.1,12.2,4.5,14.9,725000.0,782000.0
V1C,V1C,BC,26195.0,,,45.6,44.4,15.0,61.6,23.4,2.3,77.4,22.6,42000.0,52850.0,38000.0,45200.0,37600.0,48440.0,62400.0,71400.0,84000.0,101100.0,75500.0,86500.0,8.4,95.3,0.0,4.5,0.2,51.5,14.5,61.7,93.0,7.1,89.0,0.8,7.4,18.5,8.7,5.7,14.4,400000.0,436800.0
V1E,V1E,BC,21397.0,,,51.2,47.6,14.8,55.6,29.6,2.3,77.8,22.2,38000.0,47560.0,35200.0,41320.0,31200.0,41280.0,57200.0,65200.0,74500.0,91200.0,67500.0,79200.0,11.3,92.8,0.0,6.9,0.3,52.8,17.4,57.1,92.3,7.8,89.2,0.8,6.9,19.0,9.9,4.9,18.0,524000.0,552000.0
V1G,V1G,BC,15116.0,,,36.4,38.4,19.0,66.3,14.7,2.3,63.6,36.4,45200.0,56400.0,40800.0,47880.0,42400.0,52750.0,66000.0,74600.0,84000.0,100800.0,75000.0,85700.0,11.1,95.0,0.0,4.6,0.3,47.5,12.7,69.7,90.8,9.2,92.6,0.3,5.7,18.3,9.3,11.4,17.8,300000.0,328800.0
V1H,V1H,BC,14999.0,,,58.8,52.2,9.9,54.4,35.7,2.2,88.5,11.5,40000.0,52750.0,36800.0,44440.0,31400.0,44360.0,59600.0,73000.0,84000.0,104500.0,76000.0,88100.0,8.7,93.8,0.0,6.0,0.2,55.0,18.1,48.4,90.9,9.1,92.9,1.5,2.6,25.5,13.1,5.9,18.1,695000.0,808000.0
V1J,V1J,BC,24491.0,,,33.2,34.9,21.1,69.7,9.2,2.4,60.9,39.1,51600.0,63850.0,46000.0,52950.0,50800.0,61700.0,75500.0,85800.0,104000.0,117900.0,90000.0,97700.0,7.9,94.8,0.0,4.7,0.4,46.7,15.7,74.9,91.3,8.7,93.6,0.7,4.2,17.5,11.9,14.4,16.0,360000.0,396800.0
V1K,V1K,BC,9352.0,,,49.2,46.0,15.4,57.6,27.0,2.3,75.3,24.7,35200.0,44600.0,32800.0,39400.0,32800.0,42160.0,60000.0,63500.0,69500.0,84700.0,64000.0,74800.0,16.2,94.8,0.0,4.8,0.4,46.6,12.2,51.6,91.1,8.9,89.0,0.6,8.3,19.6,8.3,7.2,16.5,400000.0,437200.0
V1L,V1L,BC,17641.0,,,44.8,44.4,13.8,63.7,22.4,2.2,70.6,29.4,39200.0,48960.0,36000.0,42160.0,30000.0,40480.0,60000.0,66400.0,74000.0,90100.0,67000.0,77600.0,11.1,88.4,0.0,11.4,0.2,63.9,30.9,64.2,90.9,9.1,73.5,1.9,17.4,20.1,14.0,7.0,21.7,596000.0,608000.0
V1M,V1M,BC,31417.0,,,44.0,42.5,17.3,62.6,20.2,2.8,88.8,11.2,48000.0,62900.0,43200.0,51850.0,46400.0,58550.0,78500.0,88400.0,115000.0,137000.0,100000.0,113000.0,5.7,92.4,0.0,6.2,1.4,56.6,26.8,64.2,93.4,6.6,91.1,2.7,4.0,27.5,20.4,20.3,18.6,1000000.0,1108000.0
V1N,V1N,BC,13357.0,,,46.8,45.1,14.5,62.0,23.5,2.3,79.1,20.9,41200.0,52100.0,37600.0,44600.0,38800.0,49560.0,70000.0,76300.0,85000.0,100100.0,75000.0,85800.0,9.6,94.1,0.0,5.5,0.3,55.4,15.3,59.1,90.2,9.8,91.8,2.0,3.5,22.3,8.1,5.5,13.4,424000.0,460000.0
V1P,V1P,BC,9656.0,,,42.0,41.4,16.3,67.7,16.0,2.7,80.6,19.4,44400.0,56250.0,40400.0,47120.0,38400.0,47680.0,62000.0,71300.0,110000.0,122500.0,96000.0,102600.0,7.2,93.8,0.1,5.3,0.9,55.3,18.8,68.1,91.7,8.3,93.7,1.0,2.9,23.5,13.9,13.8,23.2,800000.0,853000.0
V1R,V1R,BC,10295.0,,,48.8,46.5,13.4,59.9,26.7,2.1,71.5,28.5,40800.0,49360.0,37200.0,42880.0,32800.0,43440.0,69500.0,74700.0,72000.0,85900.0,65000.0,74600.0,10.1,96.8,0.0,3.1,0.1,54.1,14.1,53.9,92.1,7.9,86.8,1.8,8.6,15.5,8.6,5.7,13.9,340000.0,358000.0
V1S,V1S,BC,13262.0,,,40.0,41.0,16.9,64.8,18.3,2.6,81.5,18.5,50800.0,63450.0,45200.0,53000.0,48400.0,59100.0,78500.0,84100.0,112000.0,130000.0,97000.0,108600.0,4.3,93.5,0.0,6.0,0.5,60.1,27.0,67.7,94.1,5.9,94.0,2.4,2.0,19.1,12.6,14.3,14.8,600000.0,639500.0
V1T,V1T,BC,30436.0,,,46.8,46.3,14.1,59.0,26.9,2.1,56.9,43.1,36800.0,43720.0,34400.0,38720.0,32800.0,39680.0,55200.0,60350.0,63600.0,76600.0,58000.0,67900.0,13.8,93.5,0.0,6.0,0.5,49.7,14.3,57.7,91.4,8.6,85.8,1.5,9.1,18.7,11.2,8.8,28.0,448000.0,462400.0
V1V,V1V,BC,26732.0,,,40.8,41.9,14.4,66.2,19.4,2.3,66.2,33.8,45200.0,59250.0,40800.0,49320.0,37600.0,51250.0,68000.0,80300.0,92000.0,115700.0,81000.0,96400.0,9.6,91.3,0.0,8.2,0.5,60.3,29.3,67.5,91.9,8.1,90.6,2.3,3.0,19.5,15.0,14.5,28.1,800000.0,866000.0
V1W,V1W,BC,38374.0,,,48.0,45.9,14.9,58.6,26.5,2.4,77.8,22.2,44800.0,65400.0,40400.0,52900.0,35200.0,54850.0,71500.0,90200.0,96000.0,130000.0,85000.0,105300.0,8.4,90.4,0.0,9.0,0.6,62.0,30.6,60.0,92.9,7.1,88.2,2.2,4.3,21.3,15.1,10.1,23.5,850000.0,974000.0
V1X,V1X,BC,35151.0,,,40.4,42.2,14.3,66.2,19.5,2.4,67.9,32.1,37200.0,43320.0,34400.0,38400.0,33200.0,38600.0,53600.0,57800.0,77500.0,88500.0,70000.0,78400.0,10.1,94.0,0.0,4.5,1.4,49.4,15.4,66.6,91.1,8.8,86.3,6.3,3.9,20.4,16.7,18.7,23.7,600000.0,586000.0
V1Y,V1Y,BC,39050.0,,,40.8,44.0,10.2,68.5,21.4,2.0,50.3,49.7,40000.0,51450.0,36800.0,44120.0,34800.0,44080.0,57200.0,65800.0,70000.0,88600.0,62800.0,76100.0,12.5,91.0,0.0,8.6,0.4,60.3,26.6,67.2,92.2,7.8,73.7,4.5,13.3,18.1,14.3,12.0,32.4,650000.0,709000.0
V1Z,V1Z,BC,16552.0,,,46.4,44.0,15.1,64.0,20.9,2.5,87.9,12.1,42800.0,57950.0,38800.0,48160.0,37600.0,50440.0,65500.0,77000.0,97000.0,120600.0,86000.0,100400.0,7.7,93.9,0.0,5.7,0.4,56.8,19.4,63.9,92.5,7.5,93.0,1.6,2.1,22.8,13.4,7.1,19.9,800000.0,904000.0
V2A,V2A,BC,40489.0,,,52.8,49.2,11.8,57.5,30.8,2.1,65.8,34.2,38400.0,49440.0,35600.0,42280.0,32000.0,43080.0,56800.0,67600.0,69000.0,89000.0,62800.0,76200.0,11.5,92.8,0.1,6.6,0.5,51.6,17.7,55.0,91.8,8.2,81.5,1.8,11.2,17.0,13.4,8.4,25.3,552000.0,593000.0
V2B,V2B,BC,41642.0,,,43.2,43.6,15.2,63.1,21.6,2.4,68.9,31.1,40000.0,48320.0,37200.0,42120.0,37600.0,45280.0,58800.0,66000.0,79000.0,93500.0,71500.0,81500.0,10.2,95.5,0.0,4.0,0.5,46.4,12.9,61.2,91.9,8.1,88.4,4.7,3.9,21.1,8.8,9.1,19.9,500000.0,510000.0
V2C,V2C,BC,27038.0,,,42.4,43.6,12.2,66.1,21.8,2.2,62.6,37.4,41600.0,53150.0,38400.0,45400.0,37600.0,48200.0,64000.0,72500.0,79000.0,98200.0,71000.0,83900.0,10.1,92.9,0.0,6.7,0.4,56.4,23.3,63.8,92.1,7.9,80.5,5.5,10.1,19.6,9.5,11.4,21.8,552000.0,591000.0
V2E,V2E,BC,15962.0,,,38.0,39.2,18.0,66.6,15.5,2.6,78.1,21.9,48000.0,60700.0,43600.0,51160.0,43600.0,56050.0,77500.0,85000.0,107000.0,124300.0,93000.0,104900.0,6.0,92.8,0.0,6.8,0.4,60.3,29.7,68.8,93.8,6.2,90.6,4.2,2.5,18.5,11.0,11.7,15.4,600000.0,629500.0
V2G,V2G,BC,18200.0,,,42.8,42.3,16.9,62.6,20.5,2.3,71.0,29.0,41600.0,51300.0,38000.0,44400.0,40400.0,48480.0,64000.0,69500.0,82000.0,95700.0,73000.0,82900.0,10.8,95.7,0.0,4.0,0.3,43.3,12.7,61.6,92.3,7.7,90.2,2.6,4.8,17.8,8.0,6.0,12.1,324000.0,340000.0
V2H,V2H,BC,7060.0,,,52.0,47.1,12.9,61.0,26.1,2.4,90.7,9.3,48000.0,60250.0,42800.0,51250.0,42000.0,53100.0,71000.0,78600.0,99000.0,119500.0,88000.0,101600.0,6.2,95.6,0.0,4.3,0.1,54.1,15.4,56.7,92.2,7.8,91.9,0.7,2.0,23.2,7.4,3.7,10.8,600000.0,637500.0
V2J,V2J,BC,22680.0,,,46.8,44.3,15.8,61.5,22.6,2.3,75.5,24.5,37200.0,48160.0,34800.0,41640.0,35600.0,46200.0,68000.0,72900.0,73000.0,88500.0,65500.0,76500.0,13.3,96.6,0.0,3.2,0.2,41.3,10.3,54.3,89.6,10.4,93.0,1.2,3.6,18.8,7.0,4.1,12.5,300000.0,313200.0
V2K,V2K,BC,21556.0,,,41.2,40.5,18.6,65.5,15.9,2.5,87.7,12.3,50000.0,60900.0,44400.0,51250.0,51200.0,58500.0,75500.0,79400.0,106000.0,118800.0,91000.0,99900.0,6.1,94.8,0.0,5.1,0.0,50.0,14.3,67.5,91.4,8.6,95.7,1.1,1.0,23.1,6.1,3.6,10.6,400000.0,411600.0
V2L,V2L,BC,10101.0,,,41.6,42.9,13.6,66.7,19.8,2.0,46.3,53.7,35600.0,43200.0,33600.0,38280.0,32800.0,40480.0,53600.0,60950.0,60400.0,73500.0,55200.0,65200.0,17.4,95.5,0.1,4.3,0.2,40.3,12.3,57.2,84.7,15.1,85.0,3.5,6.9,15.8,9.2,8.7,24.0,300000.0,306000.0
V2M,V2M,BC,23763.0,,,36.8,39.6,15.3,68.7,16.0,2.3,57.1,42.9,42800.0,51700.0,39200.0,44360.0,40800.0,47960.0,64500.0,70700.0,81000.0,95800.0,72000.0,82200.0,10.6,94.3,0.0,5.0,0.6,49.1,19.5,67.6,90.5,9.5,84.8,5.8,6.5,17.0,10.5,14.0,18.2,392000.0,403600.0
V2N,V2N,BC,33870.0,,,39.6,39.9,18.0,66.4,15.7,2.6,79.8,20.2,48400.0,59600.0,43600.0,50000.0,48400.0,56500.0,72500.0,79700.0,103000.0,120300.0,90000.0,101000.0,6.4,94.5,0.0,4.8,0.6,51.2,19.6,66.9,92.6,7.4,93.9,1.7,2.0,19.8,11.5,12.7,12.1,424000.0,452000.0
V2P,V2P,BC,39075.0,,,41.2,42.1,17.7,61.9,20.5,2.4,62.1,37.9,36800.0,44560.0,34000.0,39240.0,34400.0,41600.0,53600.0,60050.0,68500.0,83600.0,62400.0,73700.0,13.8,95.0,0.0,4.0,0.9,42.0,11.4,61.1,92.3,7.7,89.9,2.0,5.0,24.9,14.7,11.9,25.0,600000.0,653000.0
V2R,V2R,BC,55505.0,,,42.8,42.5,17.9,60.1,22.0,2.6,81.8,18.2,42000.0,51700.0,38400.0,44560.0,38800.0,47840.0,65000.0,70300.0,91000.0,105800.0,81000.0,91200.0,7.9,94.5,0.0,4.7,0.7,50.6,17.7,60.6,93.6,6.4,92.0,1.3,3.5,26.9,14.0,10.9,18.3,800000.0,803000.0
V2S,V2S,BC,52492.0,,,40.4,41.8,16.2,64.0,19.7,2.5,63.3,36.7,38800.0,48000.0,36000.0,41800.0,38000.0,44680.0,60800.0,66900.0,78500.0,94500.0,70500.0,82400.0,10.4,92.6,0.0,4.9,2.4,49.6,19.5,64.6,91.9,8.1,90.8,2.4,4.3,25.4,20.3,24.1,24.7,750000.0,738000.0
V2T,V2T,BC,60078.0,,,38.4,40.5,17.0,63.8,19.1,3.0,67.1,32.9,34000.0,41800.0,31600.0,37000.0,30800.0,38000.0,51200.0,56550.0,86000.0,101500.0,78000.0,89800.0,8.6,84.7,0.0,3.2,12.1,39.1,16.6,63.1,90.7,9.3,91.2,3.3,3.2,25.1,40.1,61.9,24.9,780000.0,785000.0
V2V,V2V,BC,36155.0,,,40.4,40.2,18.6,65.4,16.0,2.8,76.3,23.7,40000.0,48800.0,36800.0,42160.0,39600.0,46520.0,61600.0,67600.0,95000.0,107300.0,84000.0,92700.0,8.7,92.9,0.0,5.1,1.9,47.0,13.3,64.7,92.9,7.1,92.7,2.4,2.9,33.9,16.3,17.4,22.9,800000.0,856000.0
V2W,V2W,BC,23673.0,,,38.8,37.8,20.5,67.5,12.0,3.1,85.6,14.4,47600.0,59600.0,42800.0,49760.0,47200.0,57650.0,73000.0,83200.0,130000.0,143200.0,112000.0,119700.0,5.7,93.3,0.0,5.4,1.3,55.6,21.5,70.8,94.5,5.5,93.8,2.7,2.1,36.0,23.6,22.9,22.2,1000000.0,1153000.0
V2X,V2X,BC,50279.0,,,43.2,42.8,15.7,65.2,19.1,2.5,74.2,25.8,43200.0,51500.0,39200.0,44360.0,43200.0,50200.0,65500.0,72500.0,90000.0,104100.0,79500.0,89700.0,7.9,93.1,0.0,5.7,1.2,50.9,16.9,65.8,92.5,7.5,87.6,5.8,4.1,31.6,22.8,21.6,22.9,800000.0,806000.0
V2Y,V2Y,BC,46971.0,,,36.8,36.8,20.9,67.6,11.5,2.8,77.9,22.1,46800.0,56650.0,42000.0,47880.0,46400.0,54500.0,71500.0,79200.0,108000.0,121800.0,94000.0,103100.0,7.9,92.5,0.0,4.4,3.0,59.4,30.2,71.9,93.5,6.5,91.3,3.9,2.9,29.4,32.3,43.3,26.0,850000.0,989000.0
V2Z,V2Z,BC,16209.0,,,50.4,46.1,13.9,61.0,25.1,2.7,81.3,18.7,43600.0,62750.0,39600.0,50680.0,40000.0,56450.0,68500.0,87800.0,105000.0,144000.0,92000.0,116500.0,7.3,94.3,0.0,4.4,1.3,47.2,16.4,59.6,93.4,6.6,93.3,1.1,3.7,30.7,16.9,14.8,21.0,1500000.0,1682000.0
V3A,V3A,BC,46299.0,,,42.4,43.0,15.7,63.1,21.2,2.4,71.1,28.9,43600.0,53100.0,39600.0,45440.0,43200.0,50480.0,63600.0,72400.0,85000.0,102500.0,75500.0,87800.0,8.8,93.8,0.0,4.9,1.2,50.7,17.0,64.5,93.5,6.5,89.9,4.7,3.4,29.3,19.8,19.7,24.1,800000.0,882000.0
V3B,V3B,BC,61396.0,,,41.6,41.5,15.5,67.7,16.8,2.6,70.5,29.5,40400.0,50240.0,37200.0,43200.0,41600.0,50000.0,68000.0,75700.0,88000.0,103500.0,78500.0,89000.0,11.7,89.6,0.1,5.6,4.7,59.2,31.3,64.5,91.0,9.0,80.1,10.9,5.9,32.2,42.5,51.0,27.8,850000.0,890000.0
V3C,V3C,BC,39448.0,,,42.8,42.2,14.9,68.0,17.2,2.6,79.6,20.4,45200.0,55800.0,40800.0,47280.0,45600.0,53700.0,69000.0,78200.0,102000.0,118600.0,89000.0,100500.0,7.5,90.1,0.1,6.9,2.8,60.1,28.3,67.4,92.0,8.0,85.7,8.7,2.9,31.3,36.0,40.8,22.0,950000.0,941000.0
V3E,V3E,BC,42030.0,,,41.6,39.8,17.5,69.0,13.5,3.0,81.2,18.8,40000.0,56250.0,36800.0,46680.0,41200.0,56400.0,74000.0,88300.0,113000.0,134000.0,99000.0,111300.0,10.2,88.6,0.0,6.1,5.2,65.3,41.3,65.7,91.6,8.4,84.6,11.0,2.4,34.2,50.7,61.6,28.6,1200000.0,1267000.0
V3G,V3G,BC,26939.0,,,39.2,38.9,19.7,65.5,14.8,3.0,83.2,16.8,46400.0,59250.0,41600.0,49640.0,42000.0,54200.0,70000.0,81300.0,121000.0,138400.0,105000.0,116200.0,5.2,93.4,0.0,5.0,1.6,53.9,24.7,70.0,94.7,5.3,93.3,1.0,3.5,27.4,19.9,22.8,17.9,1000000.0,1048000.0
V3H,V3H,BC,37339.0,,,42.4,40.9,16.2,69.0,14.8,2.6,76.5,23.5,51600.0,70000.0,46000.0,56300.0,52800.0,68000.0,81000.0,100800.0,117000.0,146800.0,101000.0,118100.0,6.9,90.2,0.0,7.9,1.9,67.0,39.0,68.4,92.9,7.1,81.8,11.6,3.4,32.9,32.8,32.1,22.0,1000000.0,1219000.0
V3J,V3J,BC,44558.0,,,40.4,41.3,13.1,71.0,15.9,2.4,60.6,39.4,40800.0,52850.0,37200.0,44760.0,40800.0,51000.0,66500.0,77400.0,86000.0,108000.0,76000.0,91400.0,11.8,89.3,0.0,6.2,4.5,61.1,34.2,66.3,90.2,9.7,77.3,15.8,4.5,31.8,40.8,51.6,30.0,1200000.0,1175000.0
V3K,V3K,BC,31181.0,,,42.0,42.4,14.2,68.2,17.6,2.6,65.1,34.9,40800.0,51400.0,37200.0,43920.0,39600.0,49000.0,63600.0,74400.0,90000.0,110400.0,81000.0,94400.0,9.9,89.4,0.0,6.3,4.2,59.4,31.4,66.9,90.9,9.1,81.4,12.0,3.8,31.5,42.0,54.2,27.1,1100000.0,1147000.0
V3L,V3L,BC,30988.0,,,40.8,42.4,12.9,69.9,17.2,2.1,56.8,43.2,47600.0,59350.0,42800.0,47720.0,48400.0,58150.0,69500.0,82200.0,85000.0,107800.0,74500.0,86700.0,9.1,89.6,0.0,8.5,1.9,66.6,38.9,70.2,92.0,8.0,69.0,20.1,7.6,31.4,32.0,38.7,27.5,755000.0,934000.0
V3M,V3M,BC,47927.0,,,40.0,41.6,12.4,72.3,15.3,2.2,53.3,46.7,43600.0,52050.0,39200.0,44480.0,43200.0,49680.0,63600.0,71800.0,80000.0,96200.0,71000.0,82300.0,10.7,90.3,0.1,6.2,3.4,61.0,32.6,69.6,91.4,8.6,67.8,23.9,5.5,32.7,41.1,52.1,30.9,685000.0,812000.0
V3N,V3N,BC,41405.0,,,40.4,41.4,14.4,69.2,16.4,2.6,62.1,37.9,39200.0,49040.0,36000.0,42240.0,40000.0,48040.0,64000.0,72500.0,88000.0,104800.0,79000.0,90300.0,11.2,88.8,0.0,4.7,6.5,61.0,36.2,65.9,90.7,9.3,72.8,21.4,3.3,32.6,54.2,71.1,27.2,800000.0,974000.0
V3R,V3R,BC,61436.0,,,39.6,40.1,15.9,69.0,15.1,2.9,64.1,35.9,35600.0,42400.0,33200.0,37360.0,34400.0,40200.0,54800.0,60650.0,87000.0,100200.0,78500.0,88300.0,10.7,90.5,0.1,3.0,6.5,49.7,23.4,64.1,90.6,9.4,76.4,17.7,3.8,34.4,52.0,68.9,25.5,800000.0,865000.0
V3S,V3S,BC,104997.0,,,38.0,38.6,18.1,67.8,14.1,3.2,74.6,25.4,40800.0,49920.0,37200.0,42880.0,39200.0,47320.0,63200.0,71200.0,114000.0,127200.0,100000.0,109300.0,5.8,90.6,0.0,3.8,5.6,50.5,24.1,67.9,92.1,7.9,88.4,7.6,2.1,30.6,39.1,62.7,23.4,1150000.0,1147000.0
V3T,V3T,BC,45514.0,,,35.2,38.5,12.9,75.0,12.1,2.4,48.0,52.0,35600.0,41480.0,33200.0,36720.0,34800.0,39960.0,54400.0,59650.0,73500.0,83800.0,66000.0,74300.0,13.2,90.2,0.1,3.9,5.8,55.4,29.5,70.4,89.8,10.2,65.0,29.2,3.8,37.2,49.9,73.0,31.7,500000.0,711000.0
V3V,V3V,BC,50873.0,,,34.8,37.8,15.0,71.7,13.3,3.5,57.6,42.4,32800.0,39320.0,30800.0,34960.0,30400.0,36920.0,51200.0,55550.0,96000.0,111400.0,87000.0,99100.0,8.1,87.3,0.1,2.6,10.0,42.4,19.7,66.1,91.3,8.7,76.9,20.1,1.7,34.9,48.3,83.3,26.5,1100000.0,1135000.0
V3W,V3W,BC,95970.0,,,35.6,38.0,16.6,69.3,14.2,3.4,64.7,35.3,33600.0,39720.0,31400.0,35240.0,31000.0,37200.0,52000.0,56550.0,94000.0,107600.0,85000.0,95500.0,8.8,86.8,0.0,2.5,10.6,43.8,21.8,66.2,90.9,9.1,79.3,16.1,2.5,34.0,50.1,83.4,25.4,900000.0,958000.0
V3X,V3X,BC,33054.0,,,37.2,38.5,17.1,68.6,14.3,3.4,73.2,26.8,38800.0,48120.0,35600.0,41320.0,36400.0,45040.0,59200.0,67200.0,115000.0,130200.0,102000.0,111900.0,6.0,88.8,0.1,3.5,7.6,50.8,26.9,67.3,91.0,9.0,87.7,9.4,0.8,31.8,49.4,81.8,26.2,1200000.0,1300000.0
V3Y,V3Y,BC,19414.0,,,43.2,42.1,17.0,64.8,18.2,2.6,79.6,20.4,46400.0,56750.0,42000.0,48000.0,47200.0,54900.0,69500.0,78600.0,103000.0,118200.0,91000.0,100000.0,6.7,91.1,0.0,7.7,1.2,53.6,20.3,67.3,93.5,6.5,88.1,5.5,3.4,30.4,25.2,23.9,18.9,890000.0,868000.0
V3Z,V3Z,BC,38837.0,,,39.6,39.5,19.4,65.5,15.1,2.8,79.8,20.2,46800.0,66600.0,41600.0,53900.0,44800.0,59900.0,76000.0,90900.0,112000.0,142800.0,97000.0,115700.0,10.5,89.7,0.0,5.8,4.5,64.1,37.5,67.2,92.1,7.9,90.8,3.3,3.0,29.7,34.3,46.0,29.8,1100000.0,1344000.0
V4A,V4A,BC,38036.0,,,51.6,48.1,13.7,56.3,29.9,2.4,81.3,18.7,42400.0,61500.0,38800.0,49760.0,35600.0,56250.0,74500.0,92500.0,90000.0,123800.0,80000.0,100200.0,11.0,89.1,0.0,8.0,2.9,60.7,32.5,52.6,91.5,8.5,86.5,5.1,5.4,29.8,32.4,29.7,25.7,1200000.0,1251000.0
V4B,V4B,BC,21828.0,,,58.0,53.3,9.0,53.6,37.3,1.9,64.9,35.1,43600.0,64100.0,39600.0,51850.0,37600.0,55950.0,68500.0,88800.0,73000.0,109000.0,65000.0,88400.0,12.8,90.0,0.0,8.1,1.9,60.0,29.5,53.5,91.9,8.0,83.3,5.7,7.7,30.3,29.0,23.6,32.3,900000.0,1142000.0
V4C,V4C,BC,48434.0,,,38.8,39.7,15.6,69.2,15.3,3.2,71.1,28.9,37600.0,46560.0,34800.0,40520.0,36000.0,44080.0,60000.0,67200.0,108000.0,120700.0,96000.0,105200.0,6.6,88.8,0.1,4.5,6.6,49.4,22.5,66.7,92.3,7.8,82.7,12.7,2.5,31.9,42.0,65.2,24.0,1100000.0,1108000.0
V4E,V4E,BC,12280.0,,,44.0,42.2,15.6,65.3,19.1,3.1,87.1,12.9,44000.0,56750.0,40000.0,47760.0,42000.0,54000.0,75500.0,84400.0,126000.0,141800.0,109000.0,119300.0,6.4,88.3,0.0,7.6,4.2,59.4,33.1,63.8,92.3,7.7,87.1,8.3,2.2,30.9,38.2,53.3,18.3,1200000.0,1261000.0
V4G,V4G,BC,72.0,,,43.2,42.0,13.3,66.7,20.0,2.4,40.0,60.0,,,,,,,,,,,,,,93.3,0.0,0.0,0.0,40.0,0.0,70.0,100.0,0.0,100.0,0.0,0.0,39.3,44.4,50.0,,,
V4K,V4K,BC,25193.0,,,47.2,45.1,15.1,60.8,24.0,2.5,78.0,22.0,46400.0,59350.0,42000.0,49600.0,43600.0,55200.0,72000.0,84200.0,104000.0,123800.0,91000.0,103400.0,6.9,91.9,0.0,6.5,1.7,55.7,25.1,63.2,93.9,6.1,84.5,6.2,5.2,26.4,22.8,27.2,19.3,1000000.0,1079000.0
V4L,V4L,BC,7874.0,,,54.8,50.2,12.7,54.3,33.0,2.2,73.1,26.9,51600.0,71300.0,45600.0,57550.0,44000.0,62100.0,80000.0,99100.0,99000.0,131200.0,87000.0,105900.0,7.5,90.4,0.1,8.9,0.6,59.5,30.5,58.0,91.4,8.6,82.4,5.1,6.7,26.7,18.8,11.5,23.2,1250000.0,1300000.0
V4M,V4M,BC,16805.0,,,49.6,45.9,14.7,60.0,25.3,2.5,77.6,22.4,48000.0,68600.0,42800.0,55100.0,42400.0,62400.0,79500.0,99400.0,106000.0,138800.0,92000.0,111500.0,8.5,89.0,0.0,9.5,1.4,60.7,30.6,59.5,93.0,7.0,86.2,4.0,5.0,27.0,24.9,22.4,21.7,1290000.0,1334000.0
V4N,V4N,BC,86011.0,,,38.8,39.0,18.0,68.3,13.7,3.1,78.4,21.6,41200.0,52100.0,37600.0,44520.0,41200.0,49560.0,64500.0,73500.0,109000.0,125700.0,96000.0,107500.0,7.6,91.1,0.0,3.8,5.1,57.1,30.4,68.0,92.5,7.5,88.3,7.2,2.4,30.6,43.9,63.9,24.3,1000000.0,1117000.0
V4P,V4P,BC,13950.0,,,48.4,46.0,14.5,59.2,26.4,2.5,78.8,21.2,43200.0,64000.0,38800.0,51300.0,38000.0,59750.0,72500.0,96800.0,96000.0,131400.0,83000.0,105700.0,13.4,88.9,0.0,6.7,4.4,62.3,35.5,53.8,91.6,8.4,87.1,5.1,3.6,28.8,38.3,43.6,27.8,1100000.0,1492000.0
V4R,V4R,BC,17038.0,,,40.0,38.9,19.6,67.6,12.8,3.0,88.1,11.9,48000.0,60800.0,43200.0,50960.0,48400.0,58750.0,75500.0,85000.0,126000.0,139400.0,109000.0,117000.0,5.5,92.6,0.0,6.0,1.3,55.2,21.9,68.4,93.9,6.1,92.8,2.9,1.9,34.6,20.2,19.6,21.3,1100000.0,1148000.0
V4S,V4S,BC,7922.0,,,42.0,40.7,18.1,66.4,15.5,3.0,82.1,17.9,41200.0,53500.0,38000.0,45360.0,38800.0,50600.0,65000.0,72000.0,104000.0,126200.0,91000.0,107200.0,7.7,92.9,0.0,4.2,2.9,47.2,13.2,65.5,94.1,6.0,95.1,2.0,1.8,37.7,18.1,19.0,25.2,1000000.0,1206000.0
V4T,V4T,BC,31700.0,,,48.0,45.9,14.4,59.1,26.5,2.3,80.1,19.9,41200.0,52500.0,37600.0,44840.0,36000.0,46520.0,61600.0,71300.0,83000.0,102100.0,75000.0,87400.0,8.5,94.1,0.0,5.5,0.4,54.4,15.6,58.7,91.3,8.7,90.0,2.3,3.9,23.6,13.1,6.2,22.4,700000.0,759000.0
V4V,V4V,BC,17726.0,,,45.6,43.9,15.3,63.9,20.7,2.5,80.3,19.7,42800.0,59100.0,38800.0,48040.0,38000.0,52950.0,63200.0,76800.0,92000.0,119600.0,81000.0,97400.0,8.6,93.3,0.0,6.4,0.3,55.3,19.3,64.3,92.9,7.1,90.6,1.1,4.1,24.2,11.7,6.1,23.1,800000.0,964000.0
V4W,V4W,BC,21246.0,,,40.8,40.7,17.7,65.4,16.9,2.9,76.6,23.4,41600.0,54300.0,38000.0,45840.0,39200.0,47960.0,60000.0,69000.0,99000.0,124200.0,88000.0,104900.0,7.7,94.1,0.0,3.3,2.7,44.6,12.0,67.4,94.8,5.2,91.7,2.3,4.0,31.2,16.6,19.4,21.1,950000.0,1125000.0
V4X,V4X,BC,14365.0,,,38.8,39.4,18.6,65.3,16.1,3.4,73.2,26.8,40000.0,53200.0,36400.0,45080.0,36000.0,46600.0,58000.0,68900.0,120000.0,143600.0,106000.0,121800.0,5.9,91.2,0.0,3.4,5.5,42.9,17.3,68.2,94.2,5.8,93.8,0.9,3.1,28.1,26.9,40.3,23.1,1200000.0,1494000.0
V4Z,V4Z,BC,5777.0,,,40.0,39.4,21.5,62.6,15.9,3.0,85.1,14.9,44000.0,54450.0,40000.0,46600.0,40000.0,50520.0,64000.0,75100.0,111000.0,122500.0,97000.0,105000.0,7.4,95.2,0.1,3.8,1.1,49.1,16.9,62.3,94.2,6.0,93.9,0.5,3.6,31.1,16.7,9.1,19.7,990000.0,1056000.0
V5A,V5A,BC,25403.0,,,40.0,41.0,14.8,67.8,17.4,2.6,60.0,40.0,40000.0,58750.0,36800.0,47400.0,40000.0,57750.0,71500.0,86400.0,92000.0,123500.0,81000.0,99800.0,13.1,89.2,0.0,6.6,4.2,63.4,39.6,62.5,91.3,8.7,77.8,16.1,3.3,32.5,41.4,53.4,31.5,1350000.0,1378000.0
V5B,V5B,BC,22577.0,,,42.0,42.3,13.8,68.1,18.1,2.6,64.2,35.8,39200.0,56900.0,36000.0,47040.0,38800.0,53950.0,67000.0,85700.0,91000.0,124000.0,81000.0,102600.0,11.1,88.9,0.0,5.7,5.4,58.9,33.5,61.8,89.6,10.4,76.1,17.6,3.4,29.7,44.4,59.5,28.9,1500000.0,1478000.0
V5C,V5C,BC,37684.0,,,38.0,41.3,11.8,71.9,16.4,2.2,64.8,35.2,44000.0,57700.0,40000.0,47760.0,46400.0,57250.0,72500.0,84200.0,87000.0,109200.0,76500.0,90400.0,11.8,90.0,0.0,4.9,5.0,65.1,40.4,69.5,92.2,7.9,74.5,17.6,5.2,29.4,43.2,62.5,31.3,900000.0,1151000.0
V5E,V5E,BC,26843.0,,,41.6,42.8,13.8,66.9,19.4,2.5,60.9,39.1,36400.0,49640.0,33600.0,41960.0,37600.0,49360.0,62400.0,76900.0,78500.0,103000.0,70500.0,87100.0,14.8,88.0,0.1,4.2,7.7,61.1,36.1,61.6,90.8,9.2,72.6,22.0,3.1,32.2,55.0,73.4,30.1,1000000.0,1284000.0
V5G,V5G,BC,20137.0,,,44.8,44.3,12.7,65.4,21.9,2.7,64.9,35.1,38400.0,50400.0,35200.0,43280.0,38000.0,48760.0,65500.0,75600.0,96000.0,115900.0,85000.0,99500.0,10.2,89.2,0.1,4.8,5.9,58.2,33.1,60.9,90.3,9.7,76.3,17.8,2.6,29.9,49.0,69.7,24.7,1400000.0,1408000.0
V5H,V5H,BC,41948.0,,,38.4,42.0,10.7,72.1,17.2,2.1,51.7,48.3,34000.0,44880.0,32000.0,38800.0,35200.0,44800.0,60400.0,70000.0,66500.0,81900.0,60000.0,70800.0,20.0,86.6,0.0,4.3,9.0,68.1,45.0,63.8,89.2,10.8,57.4,30.3,9.0,31.8,59.6,77.2,37.3,750000.0,918000.0
V5J,V5J,BC,23190.0,,,40.8,42.0,13.3,69.0,17.6,2.7,62.1,37.9,36800.0,48280.0,34000.0,41280.0,35600.0,46640.0,60800.0,73200.0,87000.0,109300.0,78000.0,93400.0,12.6,88.3,0.0,4.1,7.6,62.4,37.3,63.3,89.5,10.4,67.7,24.6,5.0,31.0,53.3,74.8,30.2,1400000.0,1394000.0
V5K,V5K,BC,23431.0,,,42.0,42.6,13.1,69.3,17.6,2.6,60.6,39.4,39200.0,54200.0,36000.0,45200.0,39600.0,52250.0,67000.0,82800.0,92000.0,116700.0,81000.0,97400.0,9.2,83.2,0.0,7.8,8.9,53.5,30.0,65.8,90.5,9.5,66.4,21.5,4.4,29.5,38.8,54.9,26.7,1500000.0,1532000.0
V5L,V5L,BC,19473.0,,,38.8,40.8,11.3,75.8,12.9,1.9,35.1,64.9,43600.0,56700.0,39600.0,47760.0,43600.0,53550.0,67500.0,80000.0,69500.0,93100.0,62000.0,78400.0,14.2,82.9,0.1,13.4,3.7,65.9,41.4,73.8,90.9,9.1,53.3,19.4,12.6,28.7,25.8,28.0,30.1,1000000.0,1137000.0
V5M,V5M,BC,23412.0,,,42.8,44.1,11.3,67.4,21.3,2.6,54.2,45.8,33200.0,43240.0,31000.0,37680.0,32400.0,41720.0,59600.0,68100.0,79500.0,97000.0,72500.0,84700.0,11.9,83.4,0.0,4.3,12.2,48.7,26.8,61.1,89.0,11.1,64.3,26.0,4.5,30.4,50.0,73.5,28.4,1510000.0,1546000.0
V5N,V5N,BC,35843.0,,,38.4,40.9,12.0,72.8,15.2,2.3,46.7,53.3,38800.0,52600.0,35600.0,44440.0,39200.0,51500.0,66000.0,79300.0,82000.0,105600.0,73000.0,89300.0,11.5,82.0,0.1,9.8,8.1,59.3,36.0,69.8,90.3,9.7,56.9,27.9,6.0,28.8,39.2,54.2,27.8,1450000.0,1416000.0
V5P,V5P,BC,31624.0,,,44.0,44.2,11.8,66.9,21.3,2.8,58.8,41.2,33200.0,43120.0,31200.0,37640.0,31000.0,41480.0,55200.0,65900.0,83000.0,103900.0,75500.0,90800.0,11.1,82.2,0.0,3.2,14.6,47.5,25.7,61.0,88.8,11.1,69.1,25.6,2.6,31.1,57.7,84.9,26.2,1600000.0,1640000.0
V5R,V5R,BC,48150.0,,,39.2,41.7,11.1,72.8,16.2,2.6,56.0,44.0,35200.0,44040.0,32400.0,38400.0,34000.0,42200.0,57600.0,65700.0,82000.0,97600.0,73500.0,85200.0,11.2,85.3,0.0,3.6,11.0,53.5,30.2,65.9,89.9,10.1,60.5,33.7,2.9,31.5,55.5,81.8,28.7,1300000.0,1292000.0
V5S,V5S,BC,32940.0,,,42.4,43.0,13.4,66.9,19.7,2.5,57.2,42.8,39600.0,50480.0,36400.0,43240.0,39600.0,48560.0,65500.0,75000.0,90000.0,107200.0,80000.0,91900.0,10.0,87.2,0.1,5.4,7.3,58.4,33.5,64.5,91.2,8.8,75.4,18.5,2.7,31.1,48.8,70.3,25.1,1000000.0,1280000.0
V5T,V5T,BC,26340.0,,,36.4,39.2,9.2,80.9,9.9,1.8,38.5,61.5,50000.0,63150.0,44400.0,52300.0,50400.0,60350.0,72500.0,85000.0,79500.0,100900.0,69500.0,83700.0,10.8,85.8,0.0,12.5,1.7,74.1,51.1,81.1,92.0,8.0,50.3,21.7,14.4,27.2,28.3,34.5,32.8,790000.0,993000.0
V5V,V5V,BC,24288.0,,,39.2,40.2,15.0,70.4,14.6,2.6,60.5,39.5,44400.0,62800.0,40000.0,51080.0,44800.0,60800.0,74500.0,92900.0,103000.0,133400.0,90000.0,108600.0,7.3,83.3,0.0,11.1,5.6,63.4,42.7,71.0,92.3,7.7,59.0,21.8,8.6,28.3,36.3,50.6,25.2,1700000.0,1684000.0
V5W,V5W,BC,20828.0,,,40.8,41.8,12.9,69.7,17.4,2.6,54.7,45.3,38000.0,50880.0,34800.0,43240.0,36400.0,49440.0,62800.0,77000.0,91000.0,112000.0,81000.0,95200.0,9.8,86.6,0.0,7.5,5.9,60.5,37.3,66.7,91.3,8.7,62.1,27.9,3.5,29.6,44.2,65.1,26.6,1600000.0,1676000.0
V5X,V5X,BC,31095.0,,,38.0,40.8,12.1,71.1,16.9,2.8,50.7,49.3,34400.0,44120.0,32000.0,38160.0,31600.0,41360.0,55600.0,66600.0,84000.0,104300.0,76000.0,90200.0,11.9,88.0,0.0,3.5,8.5,53.6,32.7,64.7,91.4,8.6,64.1,29.6,3.7,30.5,54.5,87.5,33.2,1600000.0,1696000.0
V5Y,V5Y,BC,19032.0,,,37.6,40.4,11.8,73.6,14.6,2.1,49.0,51.0,54000.0,79200.0,47600.0,60750.0,54400.0,75400.0,87000.0,107300.0,102000.0,143400.0,87000.0,110000.0,10.3,85.2,0.1,11.6,3.1,77.1,57.2,72.5,93.3,6.7,53.2,19.9,15.3,25.3,34.2,46.3,29.7,1600000.0,1990000.0
V5Z,V5Z,BC,24957.0,,,40.4,43.2,11.5,68.8,19.8,2.0,50.9,49.1,50000.0,71600.0,44400.0,56750.0,50400.0,68700.0,79000.0,97700.0,88000.0,123000.0,76500.0,97500.0,13.1,85.3,0.1,11.4,3.2,77.2,56.9,69.8,92.1,7.9,49.5,21.8,19.1,25.8,39.5,47.6,31.3,1000000.0,1532000.0
V6A,V6A,BC,21062.0,,,42.0,44.3,8.8,72.8,18.4,1.7,27.5,72.5,36400.0,53350.0,34000.0,44680.0,41600.0,55250.0,76500.0,89500.0,50400.0,79300.0,46400.0,66500.0,24.8,80.8,0.0,10.8,8.3,58.7,37.7,63.3,88.3,11.7,41.8,20.4,26.5,25.7,34.6,41.6,30.3,900000.0,1060000.0
V6B,V6B,BC,32375.0,,,36.0,39.4,6.4,84.2,9.4,1.7,36.4,63.6,51200.0,71700.0,45200.0,56800.0,54800.0,71800.0,82000.0,101100.0,81000.0,107000.0,70500.0,84800.0,17.3,88.1,0.0,9.7,2.2,78.5,58.4,79.7,91.7,8.3,38.0,19.2,36.6,25.3,40.0,50.4,40.5,850000.0,997000.0
V6C,V6C,BC,2846.0,,,40.0,43.1,8.1,74.5,17.6,1.9,43.2,56.8,48800.0,91000.0,42800.0,67300.0,47600.0,61300.0,71500.0,86400.0,88000.0,150400.0,76000.0,111800.0,19.4,86.1,0.0,8.6,5.3,74.3,55.1,63.6,92.5,7.1,44.5,12.3,34.8,21.7,52.6,62.9,50.0,3020000.0,3820000.0
V6E,V6E,BC,27482.0,,,37.6,42.0,5.5,80.6,14.0,1.6,23.5,76.5,44400.0,60550.0,40000.0,49520.0,44000.0,56700.0,70000.0,84700.0,66500.0,90000.0,58800.0,73600.0,17.5,87.0,0.0,10.9,2.1,77.3,52.4,75.2,90.4,9.6,31.6,19.7,39.9,27.2,41.3,41.3,43.7,850000.0,1085000.0
V6G,V6G,BC,28013.0,,,41.6,45.0,5.8,75.2,19.0,1.6,20.2,79.8,45600.0,63850.0,40800.0,51200.0,44800.0,60750.0,70000.0,90100.0,66000.0,92000.0,58000.0,73800.0,17.3,86.0,0.1,12.4,1.5,76.2,51.8,72.3,90.6,9.5,37.0,22.6,31.1,29.3,38.7,32.7,42.5,870000.0,1196000.0
V6H,V6H,BC,17742.0,,,39.6,43.4,8.1,73.6,18.3,1.7,37.3,62.7,52400.0,74100.0,46400.0,57300.0,49200.0,65600.0,74000.0,93700.0,79000.0,117100.0,68500.0,90500.0,12.2,84.8,0.0,13.2,1.9,77.9,55.9,73.4,92.3,7.8,47.2,18.3,23.1,25.7,32.4,34.8,34.6,1000000.0,1916000.0
V6J,V6J,BC,23044.0,,,40.0,43.2,8.7,73.2,18.1,1.8,43.2,56.8,53600.0,78200.0,47200.0,59950.0,50400.0,69500.0,79500.0,99200.0,84000.0,122900.0,72000.0,94300.0,13.4,83.2,0.1,14.9,1.9,78.5,58.5,71.5,92.7,7.3,54.9,17.3,16.6,26.2,32.0,30.0,34.3,1000000.0,1786000.0
V6K,V6K,BC,27146.0,,,38.8,41.9,9.9,73.6,16.5,1.9,43.9,56.1,52400.0,79600.0,46400.0,62300.0,49600.0,72500.0,79500.0,110000.0,89000.0,132600.0,77500.0,103700.0,10.7,82.7,0.1,16.3,1.0,78.6,60.9,74.2,91.8,8.2,52.2,19.8,14.1,26.2,29.5,23.2,31.8,1300000.0,1644000.0
V6L,V6L,BC,10563.0,,,46.4,44.5,13.3,63.3,23.3,2.6,69.5,30.5,40000.0,76300.0,36000.0,57900.0,32800.0,72100.0,81000.0,126000.0,103000.0,165000.0,90000.0,125300.0,16.4,83.4,0.0,9.7,6.9,69.8,54.8,54.3,90.3,9.8,70.7,15.4,5.1,26.7,46.0,55.6,36.9,3020000.0,3300000.0
V6M,V6M,BC,16421.0,,,46.8,45.4,11.5,64.3,24.2,2.3,54.4,45.6,41200.0,82200.0,37600.0,60500.0,35200.0,75300.0,67500.0,127200.0,83000.0,159000.0,72500.0,117200.0,17.1,84.6,0.1,8.8,6.5,69.7,51.8,54.9,90.8,9.1,67.4,17.9,7.1,27.4,50.7,62.7,40.8,2600000.0,3064000.0
V6N,V6N,BC,14258.0,,,44.8,42.8,13.8,65.9,20.3,2.8,78.8,21.2,42000.0,99900.0,38000.0,70500.0,32000.0,78200.0,82000.0,147000.0,125000.0,231200.0,109000.0,163200.0,12.5,84.5,0.1,10.9,4.5,67.8,51.2,55.7,91.4,8.6,72.8,10.9,8.3,26.7,36.3,46.3,33.6,3320000.0,3684000.0
V6P,V6P,BC,33079.0,,,42.4,42.9,11.6,70.2,18.2,2.3,44.9,55.1,36800.0,58000.0,34000.0,46600.0,34000.0,54350.0,61200.0,85200.0,74000.0,113900.0,66000.0,91600.0,16.6,87.5,0.1,6.0,6.4,66.2,44.6,60.7,90.2,9.8,65.6,24.9,5.4,29.5,51.9,70.6,37.8,2200000.0,2518000.0
V6R,V6R,BC,19170.0,,,42.0,42.5,11.9,68.4,19.7,2.3,54.8,45.2,45600.0,85300.0,41200.0,63200.0,38400.0,75700.0,79000.0,131800.0,97000.0,165400.0,84000.0,122500.0,13.9,81.0,0.0,16.0,3.0,73.8,57.7,61.9,91.4,8.5,60.2,17.8,8.5,26.1,35.4,36.6,34.7,2600000.0,2904000.0
V6S,V6S,BC,15711.0,,,36.4,38.1,15.4,71.8,12.7,2.5,54.1,45.9,36800.0,66500.0,33600.0,51300.0,34800.0,68300.0,82000.0,122500.0,84000.0,131000.0,74000.0,101100.0,23.5,83.0,0.0,11.0,6.0,70.6,58.1,58.2,90.0,10.1,58.4,18.1,12.4,28.5,45.3,59.1,48.6,2400000.0,2410000.0
V6T,V6T,BC,12048.0,,,31.6,37.6,13.1,72.5,14.5,2.2,46.5,53.5,33600.0,68000.0,31400.0,51950.0,27200.0,55600.0,75000.0,95900.0,68000.0,122500.0,61600.0,93600.0,27.2,85.7,0.0,10.4,3.9,72.1,62.2,57.7,87.4,12.6,47.6,14.9,26.3,26.8,44.4,63.6,50.3,1100000.0,2580000.0
V6V,V6V,BC,11096.0,,,42.8,41.7,14.8,68.8,16.4,3.1,74.5,25.5,37600.0,47040.0,34800.0,40440.0,37200.0,45840.0,61600.0,71500.0,108000.0,122100.0,97000.0,104900.0,8.1,88.0,0.0,4.3,7.7,53.0,28.7,65.1,90.5,9.5,85.5,9.9,2.0,26.5,57.3,82.6,20.1,1000000.0,1103000.0
V6W,V6W,BC,2439.0,,,40.4,43.3,9.4,71.5,19.3,2.0,53.2,46.8,42400.0,53600.0,38800.0,45600.0,40800.0,46680.0,61600.0,66200.0,72500.0,92400.0,64500.0,78600.0,14.3,87.3,0.0,4.5,8.0,59.8,38.5,73.6,89.5,10.5,82.1,9.7,5.1,27.4,55.2,69.3,40.1,650000.0,1236000.0
V6X,V6X,BC,41321.0,,,38.0,41.4,11.6,71.4,17.0,2.4,63.8,36.2,32800.0,41800.0,30800.0,36200.0,31800.0,40840.0,58800.0,65900.0,68500.0,84500.0,62800.0,73200.0,18.5,85.0,0.0,3.0,11.9,59.8,37.7,63.5,88.4,11.6,73.9,16.4,7.4,26.5,63.8,89.8,43.0,750000.0,887000.0
V6Y,V6Y,BC,49221.0,,,44.8,44.5,12.1,66.3,21.6,2.4,69.8,30.2,31600.0,41960.0,29800.0,36400.0,31000.0,41680.0,58800.0,68900.0,67000.0,84000.0,61200.0,72900.0,19.7,83.4,0.0,3.4,13.1,59.6,38.4,58.7,88.3,11.7,73.6,16.7,7.1,28.0,67.3,86.4,37.3,750000.0,883000.0
V6Z,V6Z,BC,20683.0,,,38.8,42.2,7.2,77.6,15.2,1.7,44.0,56.0,49600.0,78800.0,44000.0,60300.0,50800.0,75400.0,77500.0,109600.0,80000.0,120700.0,69500.0,92400.0,17.9,87.4,0.1,10.3,2.2,77.7,58.5,71.4,92.1,7.9,44.2,17.9,31.9,26.4,42.2,47.4,42.8,1000000.0,1388000.0
V7A,V7A,BC,26533.0,,,44.0,43.2,14.2,66.1,19.7,2.9,72.2,27.8,34400.0,46320.0,32000.0,39520.0,31200.0,43600.0,59600.0,71200.0,90000.0,112000.0,81000.0,95600.0,12.2,85.1,0.1,5.1,9.8,56.0,31.9,61.5,88.3,11.7,82.7,11.9,2.9,28.2,57.4,77.5,31.8,1330000.0,1412000.0
V7B,V7B,BC,820.0,,,43.2,41.0,16.5,68.9,14.0,2.7,77.0,23.0,48000.0,63900.0,43200.0,52400.0,44800.0,58400.0,75500.0,88000.0,114000.0,143000.0,98000.0,117000.0,6.8,90.9,0.0,6.7,2.4,57.7,26.1,70.4,86.0,13.0,73.4,6.2,7.8,25.5,20.5,36.4,21.3,1200000.0,1250000.0
V7C,V7C,BC,40708.0,,,44.4,43.5,13.8,66.3,20.0,2.7,73.4,26.6,32800.0,46080.0,30600.0,39320.0,30400.0,44280.0,62000.0,74200.0,80000.0,102400.0,72000.0,87400.0,18.1,84.5,0.0,4.3,11.2,59.6,38.0,56.5,89.5,10.6,82.4,11.7,3.3,27.9,62.7,81.1,36.7,1430000.0,1506000.0
V7E,V7E,BC,37803.0,,,47.2,44.4,15.3,62.2,22.5,2.7,80.7,19.3,40400.0,58400.0,36800.0,48520.0,38800.0,56650.0,72500.0,94400.0,100000.0,129800.0,88000.0,107800.0,11.2,86.7,0.0,7.0,6.3,62.9,38.5,58.4,91.5,8.5,84.3,8.0,3.5,27.0,48.8,64.3,24.7,1400000.0,1400000.0
V7G,V7G,BC,11851.0,,,47.2,43.8,15.6,64.4,20.0,2.5,81.4,18.6,55600.0,85000.0,48800.0,66000.0,50000.0,78000.0,93000.0,123500.0,131000.0,175000.0,111000.0,136000.0,6.1,86.3,0.0,12.7,1.0,71.1,45.2,65.8,93.6,6.4,84.3,5.0,5.9,28.2,25.2,18.3,19.2,1700000.0,1842000.0
V7H,V7H,BC,12430.0,,,44.8,43.5,16.6,62.4,21.0,2.7,79.9,20.1,51600.0,73000.0,46000.0,58850.0,48400.0,69800.0,88000.0,110500.0,127000.0,158400.0,109000.0,127700.0,6.2,89.0,0.0,10.0,0.9,67.8,40.4,66.4,92.5,7.5,85.1,7.1,4.0,26.2,29.1,24.7,21.7,1500000.0,1450000.0
V7J,V7J,BC,17865.0,,,42.0,41.9,16.9,65.2,17.9,2.5,68.5,31.5,48400.0,68500.0,43600.0,55250.0,47600.0,64700.0,79500.0,100300.0,106000.0,136000.0,93000.0,109800.0,8.2,88.8,0.1,9.7,1.4,66.8,38.2,69.4,92.6,7.4,79.3,10.3,5.8,24.7,31.1,28.7,29.4,1200000.0,1236000.0
V7K,V7K,BC,12586.0,,,43.2,40.7,18.7,66.2,15.1,2.9,84.2,15.8,52000.0,78600.0,46400.0,61550.0,50400.0,75600.0,94000.0,117400.0,143000.0,180800.0,122000.0,141800.0,5.0,87.5,0.0,11.5,0.8,69.3,43.4,69.5,93.7,6.3,80.6,8.7,5.9,25.8,29.9,26.3,22.0,1600000.0,1604000.0
V7L,V7L,BC,29248.0,,,41.6,42.4,13.2,69.5,17.3,2.2,50.8,49.2,47200.0,66000.0,42400.0,52250.0,46000.0,64300.0,73000.0,96100.0,89000.0,120600.0,77500.0,95400.0,10.9,89.1,0.1,9.2,1.6,68.8,41.1,70.5,93.0,7.0,67.9,15.1,11.3,25.3,33.8,32.4,32.4,1300000.0,1330000.0
V7M,V7M,BC,23086.0,,,42.4,43.7,11.0,70.5,18.4,2.0,53.2,46.8,45600.0,59350.0,41200.0,49520.0,45200.0,57150.0,69000.0,83400.0,80000.0,101600.0,70500.0,84900.0,12.2,89.2,0.1,8.8,1.9,69.1,43.3,68.1,91.8,8.1,64.0,16.8,14.0,26.0,41.5,38.6,35.5,800000.0,963000.0
V7N,V7N,BC,15150.0,,,46.0,43.7,15.2,64.3,20.5,2.7,74.7,25.3,47200.0,75000.0,42000.0,58700.0,40400.0,67500.0,84000.0,114700.0,121000.0,167400.0,104000.0,131000.0,7.6,86.6,0.1,11.8,1.5,69.2,46.0,65.2,91.9,8.1,79.9,8.6,5.8,24.1,36.2,33.4,27.6,1800000.0,1848000.0
V7P,V7P,BC,13710.0,,,42.8,42.5,13.9,68.1,18.0,2.3,61.0,39.0,38800.0,57750.0,35600.0,47240.0,36400.0,54950.0,67000.0,85800.0,82000.0,110600.0,72000.0,90500.0,13.6,89.8,0.0,7.8,2.3,67.1,40.8,65.1,90.8,9.2,67.8,16.6,11.1,25.4,41.9,41.5,33.5,1000000.0,1208000.0
V7R,V7R,BC,15585.0,,,45.6,42.7,17.4,63.1,19.5,2.9,81.7,18.3,50800.0,98500.0,44800.0,72300.0,43600.0,96200.0,103000.0,169200.0,144000.0,224000.0,122000.0,164400.0,7.8,86.1,0.0,12.0,1.9,70.6,49.6,62.6,92.9,7.2,81.1,8.1,4.9,24.5,33.7,31.9,27.2,2000000.0,2188000.0
V7S,V7S,BC,11141.0,,,47.2,44.2,15.3,62.7,22.0,2.8,76.9,23.1,39600.0,84800.0,35200.0,60050.0,28200.0,69900.0,72000.0,131600.0,109000.0,187400.0,93000.0,132800.0,17.9,85.7,0.0,8.5,5.7,65.6,49.7,51.2,90.3,9.8,88.7,3.8,2.4,25.5,56.8,62.7,49.7,3200000.0,3868000.0
V7T,V7T,BC,9891.0,,,52.4,50.0,12.1,55.4,32.5,2.3,62.2,37.8,39200.0,77700.0,36000.0,59700.0,27600.0,67400.0,79000.0,131000.0,85000.0,150000.0,75000.0,115400.0,15.6,85.7,0.1,10.4,3.9,68.5,48.5,53.3,88.8,11.4,76.1,8.6,9.9,25.4,48.0,48.0,40.6,2000000.0,2138000.0
V7V,V7V,BC,15241.0,,,52.8,49.7,13.3,54.1,32.6,2.2,62.3,37.7,45600.0,115700.0,40400.0,74900.0,30200.0,100800.0,75500.0,186200.0,92000.0,214400.0,79000.0,138800.0,15.9,85.6,0.0,11.1,3.2,70.6,49.8,49.9,90.4,9.7,69.4,11.2,12.1,26.2,43.2,36.8,40.1,2900000.0,3292000.0
V7W,V7W,BC,8698.0,,,50.4,46.1,14.7,60.0,25.3,2.7,84.9,15.1,56000.0,138200.0,48400.0,91800.0,43200.0,127900.0,107000.0,253400.0,154000.0,302000.0,127000.0,200800.0,10.6,86.1,0.0,11.8,2.0,72.7,52.8,57.6,92.3,7.7,86.9,3.1,6.2,26.3,35.0,25.4,25.8,2500000.0,2944000.0
V7Z,V7Z,BC,203.0,,,61.2,53.4,9.8,51.2,39.0,2.1,77.8,22.2,,,,,,,,,,,,,,90.2,0.0,7.3,0.0,75.9,44.8,38.7,100.0,0.0,33.3,0.0,33.3,13.5,21.9,9.4,,1000000.0,1160000.0
V8A,V8A,BC,19133.0,,,54.0,49.0,12.6,56.5,30.9,2.1,77.0,23.0,36400.0,44400.0,34000.0,39080.0,30000.0,39080.0,57200.0,64200.0,66500.0,80600.0,60800.0,71000.0,13.1,92.7,0.0,7.0,0.2,52.7,15.6,50.7,91.2,8.9,87.6,1.8,6.3,16.1,12.8,5.3,19.4,500000.0,523500.0
V8B,V8B,BC,17677.0,,,37.2,37.9,18.0,70.2,11.8,2.5,66.7,33.3,51200.0,63050.0,45600.0,52100.0,46400.0,57300.0,71500.0,81700.0,108000.0,124500.0,94000.0,103000.0,7.2,85.6,0.1,13.3,1.1,65.5,36.9,77.0,92.8,7.2,84.0,1.9,6.1,28.0,21.5,17.2,27.9,1000000.0,1081000.0
V8C,V8C,BC,8236.0,,,42.4,41.7,16.3,66.5,17.2,2.3,76.4,23.6,52000.0,66900.0,46400.0,54250.0,46800.0,62150.0,82000.0,93600.0,103000.0,123900.0,88000.0,100700.0,5.4,92.6,0.1,6.7,0.5,45.4,12.8,62.1,90.6,9.4,92.9,2.0,3.1,14.9,16.7,8.3,11.0,348000.0,380400.0
V8E,V8E,BC,13788.0,,,36.0,38.1,11.2,79.4,9.4,2.4,57.8,42.2,44800.0,62450.0,40000.0,50400.0,32400.0,47480.0,60800.0,78500.0,100000.0,130600.0,87000.0,105600.0,6.6,83.7,0.1,15.8,0.4,67.4,38.1,80.6,83.0,17.0,67.7,10.5,11.0,17.5,24.9,12.5,34.1,1250000.0,1650000.0
V8G,V8G,BC,19606.0,,,39.6,40.1,18.0,65.6,16.4,2.4,74.7,25.3,44400.0,53850.0,40400.0,46400.0,43200.0,51350.0,67500.0,72700.0,90000.0,103400.0,80000.0,89100.0,9.5,93.4,0.1,6.1,0.4,51.7,16.6,67.4,91.9,8.1,89.8,2.2,5.7,18.0,8.4,7.4,14.5,400000.0,428000.0
V8J,V8J,BC,12344.0,,,39.6,40.4,17.1,66.5,16.4,2.4,62.4,37.6,45200.0,58950.0,41200.0,49560.0,45200.0,59050.0,76000.0,86700.0,95000.0,113100.0,83000.0,95200.0,9.5,94.3,0.0,4.5,1.1,43.9,16.0,67.3,90.5,9.5,85.6,1.7,10.2,12.8,13.1,15.2,14.4,400000.0,417200.0
V8K,V8K,BC,11635.0,,,56.4,51.2,11.6,53.6,34.9,2.2,81.5,18.5,38000.0,58650.0,34800.0,46160.0,22800.0,46320.0,58400.0,84600.0,77500.0,111200.0,69500.0,87700.0,13.7,86.9,0.0,12.8,0.3,66.3,37.4,56.1,94.6,5.4,83.8,2.9,9.0,16.1,21.9,5.9,24.6,800000.0,952000.0
V8L,V8L,BC,25107.0,,,59.2,53.2,10.3,50.3,39.3,2.2,81.8,18.2,46800.0,64000.0,42400.0,52600.0,37600.0,50200.0,69000.0,78200.0,94000.0,123400.0,83000.0,101500.0,7.0,90.7,0.0,9.0,0.2,64.1,30.0,51.1,94.5,5.5,83.2,2.8,8.0,20.6,19.3,7.6,18.6,900000.0,1051000.0
V8M,V8M,BC,16687.0,,,51.6,47.8,13.3,57.2,29.6,2.3,81.1,18.9,46400.0,58600.0,42000.0,48840.0,42400.0,51550.0,66500.0,75600.0,92000.0,114900.0,81000.0,95800.0,7.9,91.1,0.0,8.6,0.2,58.6,27.6,57.5,94.4,5.7,86.9,3.5,4.9,21.9,15.6,6.7,18.7,900000.0,972000.0
V8N,V8N,BC,26049.0,,,44.0,44.1,12.8,62.8,24.3,2.6,71.3,28.7,41600.0,61700.0,38000.0,47520.0,32400.0,51250.0,75000.0,90900.0,102000.0,134000.0,90000.0,103300.0,9.5,87.3,0.0,10.3,2.3,62.8,43.1,56.9,91.3,8.6,77.0,9.5,5.9,22.2,28.2,32.6,24.4,1000000.0,1216000.0
V8P,V8P,BC,18418.0,,,44.4,44.9,11.9,62.9,25.2,2.3,66.7,33.3,43200.0,56500.0,39200.0,47120.0,35600.0,48720.0,66000.0,74000.0,88000.0,112800.0,78500.0,94100.0,8.4,86.7,0.0,12.0,1.3,64.4,40.7,61.9,91.8,8.2,71.7,9.6,9.0,20.0,19.6,21.6,26.3,950000.0,986000.0
V8R,V8R,BC,24074.0,,,43.6,44.2,13.0,64.0,23.0,2.1,55.5,44.5,45600.0,61850.0,41200.0,50480.0,40000.0,54400.0,68000.0,86400.0,81000.0,111900.0,72000.0,91400.0,9.5,85.3,0.0,13.9,0.8,68.3,45.7,65.2,92.6,7.4,61.8,10.6,15.3,20.6,20.5,17.9,27.7,1000000.0,1228000.0
V8S,V8S,BC,17294.0,,,52.4,49.0,11.4,56.5,32.1,2.1,65.0,35.0,51600.0,75400.0,46000.0,59950.0,40800.0,61750.0,76000.0,99200.0,94000.0,137200.0,83000.0,109200.0,7.8,82.6,0.0,17.1,0.3,73.6,53.2,57.3,93.3,6.7,62.0,8.2,12.5,20.9,20.8,10.6,26.4,1300000.0,1464000.0
V8T,V8T,BC,21343.0,,,38.4,42.1,11.2,70.6,18.1,1.9,36.0,64.0,39200.0,47440.0,36000.0,41360.0,35600.0,43280.0,57600.0,65900.0,62800.0,78700.0,57200.0,68700.0,15.6,87.4,0.0,11.1,1.4,61.7,36.2,71.6,91.4,8.6,55.7,12.3,20.3,20.4,20.6,23.6,33.7,680000.0,685000.0
V8V,V8V,BC,28430.0,,,47.6,48.7,6.7,64.1,29.3,1.6,35.5,64.5,43200.0,53650.0,39200.0,45920.0,37600.0,45720.0,62400.0,70800.0,63200.0,79500.0,56400.0,68100.0,14.0,85.7,0.0,13.8,0.4,70.4,44.7,63.8,91.4,8.6,47.0,10.9,27.8,22.3,20.8,13.2,37.6,600000.0,754000.0
V8W,V8W,BC,6459.0,,,40.4,44.8,3.8,77.0,19.2,1.4,27.1,72.9,42800.0,56000.0,38800.0,47280.0,42000.0,51500.0,65000.0,74700.0,58000.0,75400.0,51600.0,63650.0,19.5,86.7,0.2,12.0,1.1,70.4,44.9,71.2,92.2,7.9,37.1,10.6,42.1,18.4,21.2,21.4,37.6,548000.0,604000.0
V8X,V8X,BC,24227.0,,,42.4,43.4,12.6,66.4,21.0,2.2,63.5,36.5,44800.0,53600.0,40400.0,46040.0,40800.0,47840.0,63600.0,71400.0,84000.0,101400.0,74500.0,87100.0,9.6,89.9,0.0,8.3,1.8,61.2,35.1,65.6,94.0,6.0,75.3,9.0,7.4,20.3,23.5,26.7,24.6,870000.0,875000.0
V8Y,V8Y,BC,10134.0,,,54.8,49.7,11.7,55.9,32.4,2.5,86.8,13.2,53200.0,72700.0,46800.0,57750.0,41200.0,62850.0,81000.0,100300.0,121000.0,154600.0,104000.0,122700.0,5.1,91.3,0.0,7.5,1.1,66.0,40.7,53.0,94.4,5.5,87.9,2.7,4.9,21.3,23.7,21.1,17.7,1200000.0,1320000.0
V8Z,V8Z,BC,32137.0,,,43.2,43.2,14.4,65.6,20.0,2.5,71.5,28.5,45600.0,52950.0,41200.0,45640.0,42400.0,47560.0,66500.0,71800.0,95000.0,109200.0,84000.0,94200.0,6.7,91.6,0.0,6.9,1.5,57.2,27.4,66.4,94.4,5.6,80.6,8.3,4.5,20.4,19.0,22.5,21.3,850000.0,848000.0
V9A,V9A,BC,39759.0,,,44.4,44.8,11.5,66.5,22.0,2.0,50.6,49.4,44400.0,53450.0,40000.0,45680.0,42000.0,49680.0,64000.0,69300.0,75500.0,91100.0,67000.0,77900.0,10.2,87.6,0.1,11.6,0.6,60.6,31.0,64.9,91.9,8.1,65.8,11.1,11.8,21.3,16.0,13.8,28.3,750000.0,765000.0
V9B,V9B,BC,53952.0,,,40.4,40.9,15.7,68.0,16.3,2.4,64.8,35.2,47200.0,54400.0,42400.0,46560.0,44800.0,50000.0,63600.0,70500.0,92000.0,106000.0,81000.0,90800.0,7.0,91.7,0.1,7.6,0.6,56.0,24.1,69.7,94.1,5.9,83.1,5.6,5.9,23.3,16.2,16.2,24.7,750000.0,772000.0
V9C,V9C,BC,27886.0,,,40.8,40.6,17.8,65.4,16.8,2.6,76.9,23.1,50800.0,58650.0,45200.0,49680.0,48400.0,53000.0,69500.0,73700.0,109000.0,122900.0,95000.0,104100.0,4.7,91.4,0.1,8.0,0.5,57.4,23.5,68.0,94.4,5.6,87.1,4.6,2.9,26.4,13.3,11.2,19.5,850000.0,913000.0
V9E,V9E,BC,5341.0,,,51.2,47.2,12.2,61.0,26.8,2.5,81.5,18.5,50800.0,74600.0,44800.0,58900.0,42400.0,57100.0,67500.0,86900.0,117000.0,159600.0,101000.0,126400.0,5.0,91.6,0.0,8.2,0.2,62.0,31.5,61.9,95.3,4.9,90.0,1.6,2.6,24.7,15.6,7.6,18.7,1250000.0,1398000.0
V9G,V9G,BC,15885.0,,,53.2,48.5,13.3,56.1,30.6,2.3,83.3,16.7,39200.0,48480.0,36400.0,41840.0,34400.0,43720.0,60000.0,66900.0,81000.0,94900.0,73000.0,82000.0,10.2,94.2,0.0,5.6,0.2,54.3,18.3,52.2,92.5,7.6,90.8,0.3,6.0,24.9,11.6,4.2,16.9,600000.0,669000.0
V9H,V9H,BC,10137.0,,,49.2,45.5,15.0,60.9,24.1,2.5,90.6,9.4,43200.0,54850.0,39200.0,46640.0,38400.0,51200.0,66500.0,75800.0,95000.0,109700.0,84000.0,93500.0,7.1,93.0,0.0,6.7,0.2,52.5,15.7,55.4,91.5,8.7,92.1,1.6,2.0,24.6,10.9,5.7,15.2,640000.0,680000.0
V9J,V9J,BC,9385.0,,,52.4,47.3,14.2,59.0,26.9,2.4,86.0,14.0,40400.0,53750.0,37200.0,45160.0,31800.0,47600.0,59200.0,71900.0,88000.0,109000.0,79000.0,91700.0,9.6,92.6,0.0,7.2,0.1,57.7,21.6,57.5,93.8,6.3,88.9,0.9,4.9,27.2,11.8,2.7,16.8,800000.0,845000.0
V9K,V9K,BC,16688.0,,,62.0,55.7,9.4,46.5,44.1,2.1,86.1,13.9,38400.0,50240.0,35600.0,42600.0,25200.0,41800.0,60000.0,77200.0,75500.0,93600.0,68500.0,79500.0,11.0,93.7,0.0,6.1,0.2,59.1,21.4,42.6,90.7,9.3,88.8,0.6,5.6,23.5,17.7,3.2,18.4,700000.0,753000.0
V9L,V9L,BC,36520.0,,,48.0,45.5,15.2,59.1,25.7,2.4,72.5,27.5,38400.0,48080.0,35600.0,41600.0,33200.0,43200.0,57600.0,66900.0,76000.0,93500.0,69000.0,80900.0,11.6,93.6,0.0,6.0,0.4,50.1,17.3,56.8,93.0,7.1,89.7,1.1,6.0,21.8,12.3,7.8,20.5,600000.0,641000.0
V9M,V9M,BC,18470.0,,,54.0,49.3,13.1,54.9,32.0,2.2,80.2,19.8,42800.0,52500.0,39200.0,45000.0,33600.0,45360.0,65000.0,71200.0,83000.0,99200.0,74500.0,85200.0,7.5,87.1,0.1,12.7,0.1,58.0,24.2,52.3,91.9,8.1,85.2,2.3,4.8,19.0,12.0,4.3,17.8,650000.0,709000.0
V9N,V9N,BC,32956.0,,,48.8,46.7,13.7,58.7,27.6,2.2,73.2,26.8,39200.0,47920.0,36000.0,41600.0,32000.0,41760.0,58000.0,65900.0,74000.0,87600.0,67000.0,76100.0,10.9,90.8,0.0,8.7,0.5,54.2,20.6,55.9,91.3,8.7,85.0,2.4,6.4,18.8,13.0,7.7,23.1,600000.0,626000.0
V9P,V9P,BC,27708.0,,,61.6,54.6,9.3,48.4,42.3,2.1,80.5,19.5,39600.0,50720.0,36400.0,43600.0,28200.0,42160.0,61600.0,71800.0,76000.0,93800.0,69000.0,80600.0,9.7,93.6,0.0,6.2,0.2,57.8,21.0,43.2,92.0,8.0,87.3,1.3,7.2,22.1,16.4,4.8,18.9,675000.0,759000.0
V9R,V9R,BC,31992.0,,,41.2,42.6,14.4,64.9,20.7,2.2,60.1,39.9,37200.0,45040.0,34400.0,39520.0,32400.0,40560.0,55600.0,61850.0,67500.0,83000.0,62000.0,72900.0,13.9,92.2,0.0,7.2,0.6,52.9,21.5,61.2,91.1,8.9,84.2,4.6,6.5,21.1,13.3,12.7,27.6,548000.0,577500.0
V9S,V9S,BC,17977.0,,,46.0,46.0,11.9,62.8,25.3,2.0,52.8,47.2,38800.0,46560.0,35600.0,40720.0,34000.0,41400.0,54400.0,61500.0,64500.0,80200.0,58800.0,70100.0,13.8,92.5,0.0,7.0,0.4,57.4,22.7,61.3,91.5,8.5,83.4,4.9,8.2,19.5,15.0,12.4,29.7,500000.0,544500.0
V9T,V9T,BC,36952.0,,,46.4,45.5,14.7,59.0,26.3,2.3,75.7,24.3,42000.0,51550.0,38400.0,44480.0,36400.0,46320.0,62800.0,70100.0,84000.0,100200.0,75500.0,86500.0,8.6,92.8,0.0,6.4,0.8,56.8,23.7,60.0,92.0,8.0,89.6,3.5,3.2,19.8,16.6,12.9,20.3,645000.0,665000.0
V9V,V9V,BC,11300.0,,,52.4,48.3,13.5,55.5,31.0,2.4,79.0,21.0,42800.0,54350.0,38800.0,46400.0,34000.0,46640.0,67500.0,75800.0,90000.0,109200.0,81000.0,93500.0,8.2,92.0,0.0,6.6,1.4,60.2,29.7,54.1,91.6,8.4,88.4,3.3,4.6,20.2,24.2,20.5,19.8,750000.0,774000.0
V9W,V9W,BC,30783.0,,,48.0,45.9,14.4,59.3,26.3,2.2,68.9,31.1,39200.0,48120.0,36400.0,41680.0,33600.0,43240.0,57200.0,64600.0,74000.0,88500.0,67000.0,76800.0,11.0,92.8,0.0,6.8,0.3,49.9,14.4,56.8,91.0,9.0,88.1,2.9,4.6,20.5,10.1,5.3,22.6,500000.0,543500.0
V9X,V9X,BC,11345.0,,,45.2,43.1,16.1,64.5,19.4,2.6,84.0,16.0,42800.0,50240.0,38800.0,42880.0,40000.0,47120.0,63600.0,68100.0,94000.0,104700.0,84000.0,89400.0,7.4,94.5,0.0,5.4,0.2,51.5,16.0,63.2,92.3,7.6,93.3,0.7,2.7,23.9,9.8,5.2,15.0,695000.0,724000.0
V9Y,V9Y,BC,26445.0,,,50.0,46.7,14.1,59.0,27.0,2.2,74.2,25.8,36400.0,44480.0,34000.0,39360.0,32400.0,40720.0,57200.0,63050.0,67000.0,80900.0,61200.0,71500.0,13.7,94.2,0.0,5.5,0.2,45.6,11.0,52.8,90.7,9.3,89.8,1.7,5.1,18.8,9.2,4.8,19.2,448000.0,506000.0
V9Z,V9Z,BC,20131.0,,,46.4,44.2,15.1,64.0,20.9,2.4,82.2,17.8,42800.0,50320.0,38800.0,43200.0,39200.0,45720.0,65000.0,69500.0,89000.0,100200.0,79000.0,86200.0,8.7,91.1,0.0,8.8,0.1,53.7,18.4,61.3,92.9,7.0,89.7,3.2,3.8,35.4,12.7,4.7,22.2,700000.0,725000.0
X0A,X0A,NT,19355.0,,,26.8,28.7,31.8,64.2,4.1,3.5,19.0,81.0,42000.0,62200.0,39600.0,53150.0,51600.0,64800.0,102000.0,100000.0,123000.0,142400.0,108000.0,121500.0,14.3,85.9,0.3,6.1,7.6,34.7,14.3,60.7,86.0,14.1,57.9,0.7,32.9,10.5,4.3,5.1,7.0,500000.0,483000.0
X0B,X0B,NT,6476.0,,,25.8,28.7,32.7,61.9,5.4,3.8,17.3,82.7,32800.0,49720.0,31200.0,43760.0,23600.0,47840.0,88000.0,85800.0,103000.0,122400.0,94000.0,107700.0,16.2,97.9,0.0,1.3,0.8,23.9,6.8,54.0,80.9,18.9,37.3,0.5,48.5,9.2,1.8,1.9,3.0,250000.0,302000.0
X0C,X0C,NT,11027.0,,,23.6,27.2,34.5,61.1,4.3,4.0,20.7,79.3,34800.0,52450.0,33200.0,45800.0,29400.0,51200.0,86000.0,83600.0,114000.0,131400.0,103000.0,114800.0,14.7,93.6,0.0,1.1,5.2,23.7,6.2,57.6,78.6,21.4,49.3,1.6,34.3,10.3,2.0,2.1,5.0,300000.0,332000.0
X0E,X0E,NT,19798.0,,,35.6,37.0,21.1,66.7,12.1,2.7,49.9,50.1,44000.0,59950.0,40800.0,51250.0,44400.0,58550.0,88000.0,89500.0,109000.0,125500.0,96000.0,107400.0,9.8,94.8,0.1,4.6,0.5,41.3,12.5,63.0,87.7,12.3,70.9,0.2,22.0,11.6,4.4,4.7,8.1,250000.0,259600.0
X0G,X0G,NT,468.0,,,35.6,37.1,22.3,63.8,12.8,2.7,54.5,45.5,28000.0,38600.0,27600.0,34800.0,32400.0,44400.0,67000.0,72000.0,67500.0,80000.0,63200.0,72000.0,18.8,93.5,0.0,1.1,2.2,22.5,4.2,46.6,82.4,14.7,70.4,0.0,25.9,8.3,2.2,2.2,8.8,120000.0,140000.0
X1A,X1A,NT,20804.0,,,35.6,35.7,20.1,71.9,8.0,2.6,57.2,42.8,71500.0,79100.0,62000.0,65500.0,73000.0,77800.0,98000.0,101700.0,147000.0,164600.0,125000.0,136400.0,4.4,82.5,0.4,16.5,0.5,58.6,31.7,78.5,94.2,5.8,73.7,1.3,17.4,14.0,16.1,19.6,15.6,448000.0,492000.0
Y0A,Y0A,YT,1657.0,,,47.2,44.0,15.4,63.1,21.1,2.1,60.0,40.0,42800.0,52550.0,39200.0,45880.0,40000.0,49100.0,74500.0,74400.0,73500.0,90600.0,66500.0,79400.0,14.0,95.8,0.0,4.5,0.0,44.0,13.4,61.4,87.1,12.9,85.4,0.0,11.7,15.4,9.8,5.2,10.4,200000.0,248000.0
Y0B,Y0B,YT,7481.0,,,43.6,42.8,15.4,65.9,18.6,2.0,65.1,34.9,45200.0,54500.0,41600.0,47120.0,38000.0,48200.0,74000.0,75500.0,77000.0,90600.0,68500.0,78300.0,12.4,90.4,0.1,9.3,0.2,52.1,17.7,66.2,87.7,12.3,75.4,0.3,19.1,18.6,9.2,3.7,13.7,324000.0,366000.0
Y1A,Y1A,YT,31094.0,,,38.0,39.1,17.4,68.8,13.8,2.4,67.4,32.6,58400.0,67300.0,52000.0,57100.0,56000.0,60800.0,79500.0,83700.0,110000.0,128600.0,96000.0,109300.0,6.0,83.4,0.2,15.9,0.4,62.3,30.5,73.7,94.6,5.4,86.5,3.1,6.3,17.4,14.8,15.4,17.1,500000.0,529500.0
