FSA,Province,CMA,CREA_BOARD,Total_Filers,Under_5000,5000_to_10000,10000_to_15000,15000_to_20000,20000_to_25000,25000_to_30000,30000_to_35000,35000_to_40000,40000_to_45000,45000_to_50000,50000_to_55000,55000_to_60000,60000_to_70000,70000_to_80000,80000_to_90000,90000_to_100000,100000_to_150000,150000_to_250000,over_250000,Cum_Under_5000,Cum_5000_to_10000,Cum_10000_to_15000,Cum_15000_to_20000,Cum_20000_to_25000,Cum_25000_to_30000,Cum_30000_to_35000,Cum_35000_to_40000,Cum_40000_to_45000,Cum_45000_to_50000,Cum_50000_to_55000,Cum_55000_to_60000,Cum_60000_to_70000,Cum_70000_to_80000,Cum_80000_to_90000,Cum_90000_to_100000,Cum_100000_to_150000,Cum_150000_to_250000,Cum_over_250000
A0A,Newfoundland and Labrador,,,40260,1950,1730,2860,3660,4230,3230,3120,2760,2290,2170,1630,1350,2230,1680,1200,980,2110,830,250,1950,3680,6540,10200,14430,17660,20780,23540,25830,28000,29630,30980,33210,34890,36090,37070,39180,40010,40260
A0B,Newfoundland and Labrador,,,17640,740,680,1240,1620,2030,1550,1430,1320,1010,910,710,540,1000,690,470,390,900,300,110,740,1420,2660,4280,6310,7860,9290,10610,11620,12530,13240,13780,14780,15470,15940,16330,17230,17530,17640
A0C,Newfoundland and Labrador,,,10950,480,440,890,1160,1360,1000,1020,850,710,560,450,320,470,340,250,200,320,120,10,480,920,1810,2970,4330,5330,6350,7200,7910,8470,8920,9240,9710,10050,10300,10500,10820,10940,10950
A0E,Newfoundland and Labrador,,,19340,870,860,1510,1880,2490,1640,1510,1280,970,920,680,550,980,830,510,490,970,330,70,870,1730,3240,5120,7610,9250,10760,12040,13010,13930,14610,15160,16140,16970,17480,17970,18940,19270,19340
A0G,Newfoundland and Labrador,Gander,,30780,1560,1240,2660,3490,3630,2890,2650,2240,1820,1480,1120,910,1330,990,710,580,1120,290,70,1560,2800,5460,8950,12580,15470,18120,20360,22180,23660,24780,25690,27020,28010,28720,29300,30420,30710,30780
A0H,Newfoundland and Labrador,,,15390,1200,690,1280,1470,1800,1370,1350,1020,870,780,550,480,730,480,350,300,530,120,20,1200,1890,3170,4640,6440,7810,9160,10180,11050,11830,12380,12860,13590,14070,14420,14720,15250,15370,15390
A0J,,,,6950,360,280,600,750,920,640,530,420,310,340,220,200,310,220,200,160,320,140,30,360,640,1240,1990,2910,3550,4080,4500,4810,5150,5370,5570,5880,6100,6300,6460,6780,6920,6950
A0K,Newfoundland and Labrador,,,22530,780,740,1610,2180,2480,2040,1970,1730,1410,1260,920,820,1200,880,610,510,1050,260,80,780,1520,3130,5310,7790,9830,11800,13530,14940,16200,17120,17940,19140,20020,20630,21140,22190,22450,22530
A0L,Newfoundland and Labrador,,,6810,290,230,430,540,630,520,540,500,450,420,320,270,430,350,250,210,320,80,30,290,520,950,1490,2120,2640,3180,3680,4130,4550,4870,5140,5570,5920,6170,6380,6700,6780,6810
A0M,Newfoundland and Labrador,,,5190,210,190,380,450,560,510,450,330,300,230,180,200,310,260,180,150,230,50,20,210,400,780,1230,1790,2300,2750,3080,3380,3610,3790,3990,4300,4560,4740,4890,5120,5170,5190
A0N,Newfoundland and Labrador,,,12400,660,600,1140,1570,1510,1180,1070,970,720,530,410,360,470,370,230,200,320,70,20,660,1260,2400,3970,5480,6660,7730,8700,9420,9950,10360,10720,11190,11560,11790,11990,12310,12380,12400
A0P,Newfoundland and Labrador,,,9970,1130,470,510,550,650,510,470,450,430,480,450,390,650,550,480,410,1040,270,80,1130,1600,2110,2660,3310,3820,4290,4740,5170,5650,6100,6490,7140,7690,8170,8580,9620,9890,9970
A0R,Newfoundland and Labrador,,,2010,120,60,60,60,70,90,70,90,70,60,60,60,100,90,70,100,460,310,10,120,180,240,300,370,460,530,620,690,750,810,870,970,1060,1130,1230,1690,2000,2010
A1A,Newfoundland and Labrador,St. John's,ST_JOHNS_NL,23970,1480,930,1170,1290,1620,1370,1330,1300,1140,1330,1030,890,1580,1440,1210,950,2270,1010,630,1480,2410,3580,4870,6490,7860,9190,10490,11630,12960,13990,14880,16460,17900,19110,20060,22330,23340,23970
A1B,Newfoundland and Labrador,St. John's,ST_JOHNS_NL,16840,1860,950,1190,1180,1320,1100,970,890,740,770,620,530,900,740,630,470,1140,520,320,1860,2810,4000,5180,6500,7600,8570,9460,10200,10970,11590,12120,13020,13760,14390,14860,16000,16520,16840
A1C,Newfoundland and Labrador,St. John's,ST_JOHNS_NL,10590,780,630,910,880,1000,730,650,590,530,450,380,340,510,460,360,300,640,280,170,780,1410,2320,3200,4200,4930,5580,6170,6700,7150,7530,7870,8380,8840,9200,9500,10140,10420,10590
A1E,Newfoundland and Labrador,St. John's,ST_JOHNS_NL,22370,1270,960,1450,1660,2110,1630,1510,1360,1310,1220,1010,860,1420,1080,890,680,1290,440,220,1270,2230,3680,5340,7450,9080,10590,11950,13260,14480,15490,16350,17770,18850,19740,20420,21710,22150,22370
A1G,Newfoundland and Labrador,St. John's,ST_JOHNS_NL,4740,200,170,260,310,360,340,320,320,310,280,250,200,320,260,200,180,330,100,30,200,370,630,940,1300,1640,1960,2280,2590,2870,3120,3320,3640,3900,4100,4280,4610,4710,4740
A1H,Newfoundland and Labrador,St. John's,ST_JOHNS_NL,4770,210,150,170,180,210,210,180,180,170,210,220,180,310,360,310,330,690,350,150,210,360,530,710,920,1130,1310,1490,1660,1870,2090,2270,2580,2940,3250,3580,4270,4620,4770
A1K,Newfoundland and Labrador,St. John's,ST_JOHNS_NL,10140,430,360,420,520,620,570,540,610,520,570,480,420,740,640,540,450,1030,470,210,430,790,1210,1730,2350,2920,3460,4070,4590,5160,5640,6060,6800,7440,7980,8430,9460,9930,10140
A1L,Newfoundland and Labrador,St. John's,ST_JOHNS_NL,17150,750,550,720,770,970,880,800,850,840,1010,800,760,1310,1190,1020,990,1960,740,240,750,1300,2020,2790,3760,4640,5440,6290,7130,8140,8940,9700,11010,12200,13220,14210,16170,16910,17150
A1M,Newfoundland and Labrador,St. John's,ST_JOHNS_NL,6790,370,230,310,370,470,360,330,330,350,330,310,280,480,450,350,310,650,350,160,370,600,910,1280,1750,2110,2440,2770,3120,3450,3760,4040,4520,4970,5320,5630,6280,6630,6790
A1N,Newfoundland and Labrador,St. John's,ST_JOHNS_NL,19240,830,580,970,1160,1480,1330,1340,1310,1190,1240,990,930,1430,1100,890,680,1210,400,180,830,1410,2380,3540,5020,6350,7690,9000,10190,11430,12420,13350,14780,15880,16770,17450,18660,19060,19240
A1S,Newfoundland and Labrador,St. John's,ST_JOHNS_NL,5590,230,200,330,380,460,410,370,350,340,350,260,240,390,300,240,210,350,140,40,230,430,760,1140,1600,2010,2380,2730,3070,3420,3680,3920,4310,4610,4850,5060,5410,5550,5590
A1V,Newfoundland and Labrador,Gander,,9760,440,370,580,580,800,720,690,610,540,540,430,380,650,500,410,400,700,310,110,440,810,1390,1970,2770,3490,4180,4790,5330,5870,6300,6680,7330,7830,8240,8640,9340,9650,9760
A1W,Newfoundland and Labrador,St. John's,ST_JOHNS_NL,9340,460,300,440,540,690,560,550,530,490,520,480,400,690,540,470,410,840,300,130,460,760,1200,1740,2430,2990,3540,4070,4560,5080,5560,5960,6650,7190,7660,8070,8910,9210,9340
A1X,Newfoundland and Labrador,St. John's,ST_JOHNS_NL,12600,600,420,710,820,1000,870,800,770,690,690,630,540,940,740,620,530,870,290,70,600,1020,1730,2550,3550,4420,5220,5990,6680,7370,8000,8540,9480,10220,10840,11370,12240,12530,12600
A1Y,Newfoundland and Labrador,,,4690,210,180,340,480,560,410,370,320,280,250,190,160,230,170,130,120,180,80,30,210,390,730,1210,1770,2180,2550,2870,3150,3400,3590,3750,3980,4150,4280,4400,4580,4660,4690
A2A,Newfoundland and Labrador,Grand Falls-Windsor,,7950,380,340,480,560,740,600,540,570,490,460,370,310,490,340,280,260,480,170,90,380,720,1200,1760,2500,3100,3640,4210,4700,5160,5530,5840,6330,6670,6950,7210,7690,7860,7950
A2B,Newfoundland and Labrador,Grand Falls-Windsor,,4090,200,190,340,430,520,370,350,290,260,230,150,130,170,120,90,70,130,40,10,200,390,730,1160,1680,2050,2400,2690,2950,3180,3330,3460,3630,3750,3840,3910,4040,4080,4090
A2H,Newfoundland and Labrador,Corner Brook,,21630,1010,890,1360,1620,2100,1770,1550,1430,1320,1280,1050,830,1330,990,800,690,1100,330,180,1010,1900,3260,4880,6980,8750,10300,11730,13050,14330,15380,16210,17540,18530,19330,20020,21120,21450,21630
A2N,Newfoundland and Labrador,,,7590,420,360,720,740,810,580,540,470,420,410,320,250,400,270,230,230,300,90,30,420,780,1500,2240,3050,3630,4170,4640,5060,5470,5790,6040,6440,6710,6940,7170,7470,7560,7590
A2V,Newfoundland and Labrador,,,5950,300,180,200,210,240,250,280,250,240,230,200,180,300,230,210,210,1270,880,90,300,480,680,890,1130,1380,1660,1910,2150,2380,2580,2760,3060,3290,3500,3710,4980,5860,5950
A5A,Newfoundland and Labrador,,,7140,290,300,470,590,710,590,600,490,390,350,270,260,410,330,230,230,430,150,50,290,590,1060,1650,2360,2950,3550,4040,4430,4780,5050,5310,5720,6050,6280,6510,6940,7090,7140
A8A,Newfoundland and Labrador,,,6030,300,230,410,530,750,540,540,440,340,320,240,200,310,230,150,130,260,90,20,300,530,940,1470,2220,2760,3300,3740,4080,4400,4640,4840,5150,5380,5530,5660,5920,6010,6030
B0C,Nova Scotia,,,2300,70,70,110,110,220,250,230,260,170,130,90,80,130,100,70,50,100,40,20,70,140,250,360,580,830,1060,1320,1490,1620,1710,1790,1920,2020,2090,2140,2240,2280,2300
B0E,Nova Scotia,,,22040,1780,970,1340,1640,2430,1770,1700,1700,1350,1190,990,780,1190,860,610,460,820,350,110,1780,2750,4090,5730,8160,9930,11630,13330,14680,15870,16860,17640,18830,19690,20300,20760,21580,21930,22040
B0H,Nova Scotia,,,8380,470,380,590,700,930,650,630,580,490,450,370,300,490,370,270,220,320,120,50,470,850,1440,2140,3070,3720,4350,4930,5420,5870,6240,6540,7030,7400,7670,7890,8210,8330,8380
B0J,Nova Scotia,Halifax,HALIFAX_DARTMOUTH,34280,1810,1390,1970,2360,3760,2670,2520,2330,2050,1840,1500,1260,2110,1590,1290,1000,1880,670,280,1810,3200,5170,7530,11290,13960,16480,18810,20860,22700,24200,25460,27570,29160,30450,31450,33330,34000,34280
B0K,Nova Scotia,,,30290,1730,1410,1980,2280,3350,2380,2450,2140,1910,1740,1410,1190,1730,1220,960,670,1180,420,140,1730,3140,5120,7400,10750,13130,15580,17720,19630,21370,22780,23970,25700,26920,27880,28550,29730,30150,30290
B0L,Nova Scotia,,,2100,120,100,150,200,270,160,150,160,130,120,100,90,120,60,60,40,60,10,0,120,220,370,570,840,1000,1150,1310,1440,1560,1660,1750,1870,1930,1990,2030,2090,2100,2100
B0M,Nova Scotia,,,14310,840,640,1030,1220,1730,1130,1130,1050,900,810,670,510,790,520,390,270,510,110,60,840,1480,2510,3730,5460,6590,7720,8770,9670,10480,11150,11660,12450,12970,13360,13630,14140,14250,14310
B0N,Nova Scotia,Halifax,HALIFAX_DARTMOUTH,32910,2140,1410,2090,2320,3510,2480,2300,2160,2000,1820,1510,1330,2160,1540,1190,870,1500,430,150,2140,3550,5640,7960,11470,13950,16250,18410,20410,22230,23740,25070,27230,28770,29960,30830,32330,32760,32910
B0P,Nova Scotia,,,34020,2060,1470,2080,2330,3380,2610,2570,2230,2010,1850,1540,1240,2130,1740,1400,1060,1620,500,200,2060,3530,5610,7940,11320,13930,16500,18730,20740,22590,24130,25370,27500,29240,30640,31700,33320,33820,34020
B0R,Nova Scotia,,,5110,300,220,350,450,600,410,440,390,330,270,240,180,280,180,130,80,180,50,30,300,520,870,1320,1920,2330,2770,3160,3490,3760,4000,4180,4460,4640,4770,4850,5030,5080,5110
B0S,Nova Scotia,,,15330,1020,690,1080,1500,1960,1350,1270,1040,860,810,620,470,740,550,420,280,470,150,50,1020,1710,2790,4290,6250,7600,8870,9910,10770,11580,12200,12670,13410,13960,14380,14660,15130,15280,15330
B0T,Nova Scotia,,,12940,800,620,900,1050,1600,1090,1070,900,760,690,530,440,690,430,360,260,510,180,60,800,1420,2320,3370,4970,6060,7130,8030,8790,9480,10010,10450,11140,11570,11930,12190,12700,12880,12940
B0V,,,,5100,290,230,380,480,700,500,420,360,310,270,180,140,200,170,130,90,180,50,20,290,520,900,1380,2080,2580,3000,3360,3670,3940,4120,4260,4460,4630,4760,4850,5030,5080,5100
B0W,Nova Scotia,,,24080,1120,1020,1640,1920,2920,1960,1830,1690,1470,1260,1030,760,1210,910,780,610,1320,480,150,1120,2140,3780,5700,8620,10580,12410,14100,15570,16830,17860,18620,19830,20740,21520,22130,23450,23930,24080
B1A,Nova Scotia,Cape Breton,,12610,680,680,1070,1030,1530,1200,1070,980,750,620,470,380,610,420,310,260,400,110,40,680,1360,2430,3460,4990,6190,7260,8240,8990,9610,10080,10460,11070,11490,11800,12060,12460,12570,12610
B1B,Nova Scotia,Cape Breton,,1110,50,50,80,80,120,100,80,80,80,60,50,50,70,30,40,20,40,20,10,50,100,180,260,380,480,560,640,720,780,830,880,950,980,1020,1040,1080,1100,1110
B1C,Nova Scotia,Cape Breton,,1520,40,50,90,90,170,110,100,150,120,100,70,60,80,80,60,30,60,40,20,40,90,180,270,440,550,650,800,920,1020,1090,1150,1230,1310,1370,1400,1460,1500,1520
B1E,Nova Scotia,Cape Breton,,1370,80,80,100,100,160,140,120,90,90,60,60,50,70,60,40,30,40,0,0,80,160,260,360,520,660,780,870,960,1020,1080,1130,1200,1260,1300,1330,1370,1370,1370
B1G,Nova Scotia,Cape Breton,,1580,60,90,120,140,230,130,140,120,100,90,70,40,70,50,40,30,50,10,0,60,150,270,410,640,770,910,1030,1130,1220,1290,1330,1400,1450,1490,1520,1570,1580,1580
B1H,Nova Scotia,Cape Breton,,7980,340,410,700,630,1020,740,660,600,510,390,310,260,390,250,210,190,290,60,20,340,750,1450,2080,3100,3840,4500,5100,5610,6000,6310,6570,6960,7210,7420,7610,7900,7960,7980
B1J,Nova Scotia,Cape Breton,,1010,40,30,50,60,80,80,70,60,60,70,40,40,90,60,40,20,80,20,20,40,70,120,180,260,340,410,470,530,600,640,680,770,830,870,890,970,990,1010
B1K,Nova Scotia,Cape Breton,,2740,90,90,140,160,270,210,220,180,170,170,130,110,190,160,100,110,160,50,30,90,180,320,480,750,960,1180,1360,1530,1700,1830,1940,2130,2290,2390,2500,2660,2710,2740
B1L,Nova Scotia,Cape Breton,,4130,160,140,180,260,370,310,280,290,230,230,210,200,290,200,220,170,250,90,50,160,300,480,740,1110,1420,1700,1990,2220,2450,2660,2860,3150,3350,3570,3740,3990,4080,4130
B1M,Nova Scotia,Cape Breton,,1070,70,40,60,60,100,80,70,80,60,50,50,50,50,70,50,40,70,20,0,70,110,170,230,330,410,480,560,620,670,720,770,820,890,940,980,1050,1070,1070
B1N,Nova Scotia,Cape Breton,,4780,260,250,390,450,580,480,430,380,330,270,200,140,210,120,100,70,100,20,0,260,510,900,1350,1930,2410,2840,3220,3550,3820,4020,4160,4370,4490,4590,4660,4760,4780,4780
B1P,Nova Scotia,Cape Breton,,13290,1180,640,1010,1040,1590,1190,1150,960,730,650,490,380,590,490,330,260,440,120,50,1180,1820,2830,3870,5460,6650,7800,8760,9490,10140,10630,11010,11600,12090,12420,12680,13120,13240,13290
B1R,Nova Scotia,Cape Breton,,3640,150,110,170,210,320,270,240,270,240,250,180,160,230,200,180,160,220,60,20,150,260,430,640,960,1230,1470,1740,1980,2230,2410,2570,2800,3000,3180,3340,3560,3620,3640
B1S,Nova Scotia,Cape Breton,,7000,810,300,370,500,670,490,440,450,360,360,300,210,390,310,240,210,360,140,90,810,1110,1480,1980,2650,3140,3580,4030,4390,4750,5050,5260,5650,5960,6200,6410,6770,6910,7000
B1T,Nova Scotia,Cape Breton,,310,20,0,10,10,40,30,30,30,30,20,10,10,20,20,10,10,10,0,0,20,20,30,40,80,110,140,170,200,220,230,240,260,280,290,300,310,310,310
B1V,Nova Scotia,Cape Breton,,5030,230,250,420,350,570,480,410,420,340,290,230,180,280,160,130,90,150,40,10,230,480,900,1250,1820,2300,2710,3130,3470,3760,3990,4170,4450,4610,4740,4830,4980,5020,5030
B1W,Nova Scotia,Cape Breton,,2220,1450,160,140,260,130,40,20,20,0,0,0,0,0,0,0,0,0,0,0,1450,1610,1750,2010,2140,2180,2200,2220,2220,2220,2220,2220,2220,2220,2220,2220,2220,2220,2220
B1X,Nova Scotia,,,760,30,30,40,50,80,40,50,60,50,50,40,30,50,40,30,30,40,10,10,30,60,100,150,230,270,320,380,430,480,520,550,600,640,670,700,740,750,760
B1Y,Nova Scotia,Cape Breton,,5210,200,210,330,330,540,420,410,420,340,300,240,220,320,270,180,160,220,70,30,200,410,740,1070,1610,2030,2440,2860,3200,3500,3740,3960,4280,4550,4730,4890,5110,5180,5210
B2A,Nova Scotia,Cape Breton,,6600,280,300,530,510,790,570,560,510,440,370,280,250,370,230,170,140,220,60,20,280,580,1110,1620,2410,2980,3540,4050,4490,4860,5140,5390,5760,5990,6160,6300,6520,6580,6600
B2C,Nova Scotia,,,250,20,10,10,20,30,30,20,20,10,10,20,10,20,10,10,0,0,0,0,20,30,40,60,90,120,140,160,170,180,200,210,230,240,250,250,250,250,250
B2E,Nova Scotia,,,0,0,0,0,0,0,0,0,0,0,0,0,0,0,0,0,0,0,0,0,0,0,0,0,0,0,0,0,0,0,0,0,0,0,0,0,0,0,0
B2G,Nova Scotia,,,12210,630,520,690,740,1090,840,840,820,760,720,560,510,740,610,540,450,740,290,120,630,1150,1840,2580,3670,4510,5350,6170,6930,7650,8210,8720,9460,10070,10610,11060,11800,12090,12210
B2H,Nova Scotia,New Glasgow,,12310,620,520,810,860,1310,890,900,840,730,700,560,490,810,590,430,310,590,240,110,620,1140,1950,2810,4120,5010,5910,6750,7480,8180,8740,9230,10040,10630,11060,11370,11960,12200,12310
B2J,Nova Scotia,,,20,0,0,0,0,10,0,0,10,0,0,0,0,0,0,0,0,0,0,0,0,0,0,0,10,10,10,20,20,20,20,20,20,20,20,20,20,20,20
B2N,Nova Scotia,Truro,,17180,1120,760,1300,1270,1960,1470,1300,1190,1000,890,730,600,910,700,510,450,670,230,120,1120,1880,3180,4450,6410,7880,9180,10370,11370,12260,12990,13590,14500,15200,15710,16160,16830,17060,17180
B2R,Nova Scotia,Halifax,HALIFAX_DARTMOUTH,2180,80,70,80,80,130,110,130,110,100,140,100,110,160,150,120,110,250,100,50,80,150,230,310,440,550,680,790,890,1030,1130,1240,1400,1550,1670,1780,2030,2130,2180
B2S,Nova Scotia,Halifax,HALIFAX_DARTMOUTH,6430,330,250,320,290,430,460,470,400,330,370,320,290,530,380,340,280,490,120,30,330,580,900,1190,1620,2080,2550,2950,3280,3650,3970,4260,4790,5170,5510,5790,6280,6400,6430
B2T,Nova Scotia,Halifax,HALIFAX_DARTMOUTH,14110,710,560,630,590,800,730,720,700,680,730,580,570,1060,890,800,740,1720,630,270,710,1270,1900,2490,3290,4020,4740,5440,6120,6850,7430,8000,9060,9950,10750,11490,13210,13840,14110
B2V,Nova Scotia,Halifax,HALIFAX_DARTMOUTH,9960,490,360,420,450,550,540,490,580,540,590,480,450,830,650,610,580,980,290,80,490,850,1270,1720,2270,2810,3300,3880,4420,5010,5490,5940,6770,7420,8030,8610,9590,9880,9960
B2W,Nova Scotia,Halifax,HALIFAX_DARTMOUTH,27510,1390,920,1190,1290,1880,1620,1780,1830,1730,1760,1410,1250,2290,1740,1440,1130,2030,620,210,1390,2310,3500,4790,6670,8290,10070,11900,13630,15390,16800,18050,20340,22080,23520,24650,26680,27300,27510
B2X,Nova Scotia,Halifax,HALIFAX_DARTMOUTH,9900,600,380,530,510,660,610,640,620,520,550,470,390,760,580,520,430,780,260,90,600,980,1510,2020,2680,3290,3930,4550,5070,5620,6090,6480,7240,7820,8340,8770,9550,9810,9900
B2Y,Nova Scotia,Halifax,HALIFAX_DARTMOUTH,12360,670,430,720,790,1120,810,870,760,680,690,560,460,820,690,600,440,890,270,90,670,1100,1820,2610,3730,4540,5410,6170,6850,7540,8100,8560,9380,10070,10670,11110,12000,12270,12360
B2Z,Nova Scotia,Halifax,HALIFAX_DARTMOUTH,7040,300,240,320,460,530,480,440,460,420,400,370,310,490,430,350,270,590,120,60,300,540,860,1320,1850,2330,2770,3230,3650,4050,4420,4730,5220,5650,6000,6270,6860,6980,7040
B3A,Nova Scotia,Halifax,HALIFAX_DARTMOUTH,17490,1040,680,1340,1070,1530,1370,1390,1330,1160,960,770,620,1030,830,600,490,850,300,130,1040,1720,3060,4130,5660,7030,8420,9750,10910,11870,12640,13260,14290,15120,15720,16210,17060,17360,17490
B3B,Nova Scotia,Halifax,HALIFAX_DARTMOUTH,1170,120,50,60,70,80,70,80,90,60,60,70,40,70,60,50,30,50,30,30,120,170,230,300,380,450,530,620,680,740,810,850,920,980,1030,1060,1110,1140,1170
B3E,Nova Scotia,Halifax,HALIFAX_DARTMOUTH,5770,250,200,230,290,450,360,360,360,320,350,300,290,420,360,300,260,490,140,40,250,450,680,970,1420,1780,2140,2500,2820,3170,3470,3760,4180,4540,4840,5100,5590,5730,5770
B3G,Nova Scotia,Halifax,HALIFAX_DARTMOUTH,8900,490,340,360,420,640,560,580,580,530,530,450,420,710,570,510,480,610,100,20,490,830,1190,1610,2250,2810,3390,3970,4500,5030,5480,5900,6610,7180,7690,8170,8780,8880,8900
B3H,Nova Scotia,Halifax,HALIFAX_DARTMOUTH,14380,1880,640,750,780,950,760,770,620,560,510,450,390,710,650,580,420,1200,960,800,1880,2520,3270,4050,5000,5760,6530,7150,7710,8220,8670,9060,9770,10420,11000,11420,12620,13580,14380
B3J,Nova Scotia,Halifax,HALIFAX_DARTMOUTH,7400,1110,270,370,460,570,440,380,330,280,310,270,240,410,390,360,250,480,270,210,1110,1380,1750,2210,2780,3220,3600,3930,4210,4520,4790,5030,5440,5830,6190,6440,6920,7190,7400
B3K,Nova Scotia,Halifax,HALIFAX_DARTMOUTH,17770,1320,670,1170,1040,1530,1230,1170,1020,890,890,820,650,1140,970,820,640,1230,390,180,1320,1990,3160,4200,5730,6960,8130,9150,10040,10930,11750,12400,13540,14510,15330,15970,17200,17590,17770
B3L,Nova Scotia,Halifax,HALIFAX_DARTMOUTH,14360,1250,570,790,850,1070,950,880,870,690,690,570,490,880,750,650,520,1140,530,220,1250,1820,2610,3460,4530,5480,6360,7230,7920,8610,9180,9670,10550,11300,11950,12470,13610,14140,14360
B3M,Nova Scotia,Halifax,HALIFAX_DARTMOUTH,29530,2710,1090,1560,1640,2300,1960,2040,1910,1810,1670,1330,1100,1900,1520,1220,920,1830,710,310,2710,3800,5360,7000,9300,11260,13300,15210,17020,18690,20020,21120,23020,24540,25760,26680,28510,29220,29530
B3N,Nova Scotia,Halifax,HALIFAX_DARTMOUTH,11830,840,410,570,610,810,770,760,720,680,680,540,490,860,680,530,410,880,380,210,840,1250,1820,2430,3240,4010,4770,5490,6170,6850,7390,7880,8740,9420,9950,10360,11240,11620,11830
B3P,Nova Scotia,Halifax,HALIFAX_DARTMOUTH,8850,550,300,450,450,640,550,510,510,600,480,420,350,610,530,460,350,670,270,150,550,850,1300,1750,2390,2940,3450,3960,4560,5040,5460,5810,6420,6950,7410,7760,8430,8700,8850
B3R,Nova Scotia,Halifax,HALIFAX_DARTMOUTH,7400,530,360,650,560,710,620,570,530,450,420,310,260,400,310,230,170,260,60,0,530,890,1540,2100,2810,3430,4000,4530,4980,5400,5710,5970,6370,6680,6910,7080,7340,7400,7400
B3S,Nova Scotia,Halifax,HALIFAX_DARTMOUTH,11190,890,350,480,600,820,780,760,750,710,700,580,510,790,610,500,390,670,210,90,890,1240,1720,2320,3140,3920,4680,5430,6140,6840,7420,7930,8720,9330,9830,10220,10890,11100,11190
B3T,Nova Scotia,Halifax,HALIFAX_DARTMOUTH,14040,750,490,620,680,900,810,780,830,770,830,700,650,1150,980,810,670,1210,310,100,750,1240,1860,2540,3440,4250,5030,5860,6630,7460,8160,8810,9960,10940,11750,12420,13630,13940,14040
B3V,Nova Scotia,Halifax,HALIFAX_DARTMOUTH,5040,240,160,250,290,370,300,310,310,280,260,260,230,380,290,280,210,400,160,60,240,400,650,940,1310,1610,1920,2230,2510,2770,3030,3260,3640,3930,4210,4420,4820,4980,5040
B3Z,Nova Scotia,Halifax,HALIFAX_DARTMOUTH,14230,700,520,580,690,900,720,730,730,680,720,600,580,1050,940,860,710,1640,650,230,700,1220,1800,2490,3390,4110,4840,5570,6250,6970,7570,8150,9200,10140,11000,11710,13350,14000,14230
B4A,Nova Scotia,Halifax,HALIFAX_DARTMOUTH,15250,1100,550,640,740,890,800,740,750,740,780,680,600,1040,940,840,710,1540,760,410,1100,1650,2290,3030,3920,4720,5460,6210,6950,7730,8410,9010,10050,10990,11830,12540,14080,14840,15250
B4B,Nova Scotia,Halifax,HALIFAX_DARTMOUTH,14930,1100,580,610,660,770,740,640,690,610,750,610,540,1010,850,840,830,1950,780,370,1100,1680,2290,2950,3720,4460,5100,5790,6400,7150,7760,8300,9310,10160,11000,11830,13780,14560,14930
B4C,Nova Scotia,Halifax,HALIFAX_DARTMOUTH,15070,770,550,690,790,1220,1060,1100,1070,1000,1040,770,750,1160,900,690,510,770,180,50,770,1320,2010,2800,4020,5080,6180,7250,8250,9290,10060,10810,11970,12870,13560,14070,14840,15020,15070
B4E,Nova Scotia,Halifax,HALIFAX_DARTMOUTH,15550,840,570,690,740,1020,990,960,950,890,890,730,670,1240,1020,840,740,1370,330,70,840,1410,2100,2840,3860,4850,5810,6760,7650,8540,9270,9940,11180,12200,13040,13780,15150,15480,15550
B4G,Nova Scotia,Halifax,HALIFAX_DARTMOUTH,4210,210,150,180,180,280,230,250,220,250,270,230,170,320,270,270,220,390,100,20,210,360,540,720,1000,1230,1480,1700,1950,2220,2450,2620,2940,3210,3480,3700,4090,4190,4210
B4H,Nova Scotia,,,11290,580,480,840,930,1380,920,890,830,680,590,470,400,610,410,320,250,500,140,70,580,1060,1900,2830,4210,5130,6020,6850,7530,8120,8590,8990,9600,10010,10330,10580,11080,11220,11290
B4N,Nova Scotia,Kentville,,15020,860,710,1010,1060,1580,1230,1120,1010,1000,840,650,550,890,660,510,410,620,220,90,860,1570,2580,3640,5220,6450,7570,8580,9580,10420,11070,11620,12510,13170,13680,14090,14710,14930,15020
B4P,Nova Scotia,,,6810,450,300,410,440,650,500,420,400,370,360,310,280,420,340,270,210,420,170,90,450,750,1160,1600,2250,2750,3170,3570,3940,4300,4610,4890,5310,5650,5920,6130,6550,6720,6810
B4R,Nova Scotia,Kentville,,2380,110,90,120,140,180,150,170,170,140,130,140,110,200,150,110,90,140,40,0,110,200,320,460,640,790,960,1130,1270,1400,1540,1650,1850,2000,2110,2200,2340,2380,2380
B4V,Nova Scotia,,,17770,1000,660,1220,1370,2040,1450,1330,1190,1150,940,760,630,1100,780,610,500,710,220,110,1000,1660,2880,4250,6290,7740,9070,10260,11410,12350,13110,13740,14840,15620,16230,16730,17440,17660,17770
B5A,Nova Scotia,,,13870,840,590,1040,1210,1660,1190,1190,990,830,680,550,420,660,480,420,310,530,200,80,840,1430,2470,3680,5340,6530,7720,8710,9540,10220,10770,11190,11850,12330,12750,13060,13590,13790,13870
B6L,Nova Scotia,Truro,,10740,640,410,580,720,940,780,720,710,660,630,520,470,680,570,440,350,640,200,80,640,1050,1630,2350,3290,4070,4790,5500,6160,6790,7310,7780,8460,9030,9470,9820,10460,10660,10740
B9A,Nova Scotia,,,3810,210,170,250,270,370,290,310,300,230,190,150,150,230,190,130,100,190,70,10,210,380,630,900,1270,1560,1870,2170,2400,2590,2740,2890,3120,3310,3440,3540,3730,3800,3810
C0A,Prince Edward Island,,,39790,1760,1820,1820,2380,3270,2930,3260,2900,2790,2570,2070,1650,2860,2120,1620,1060,1940,670,300,1760,3580,5400,7780,11050,13980,17240,20140,22930,25500,27570,29220,32080,34200,35820,36880,38820,39490,39790
C0B,Prince Edward Island,,,25740,930,870,1350,1690,2350,2070,2170,2150,2020,1720,1410,1060,1670,1180,900,580,940,430,250,930,1800,3150,4840,7190,9260,11430,13580,15600,17320,18730,19790,21460,22640,23540,24120,25060,25490,25740
C1A,Prince Edward Island,Charlottetown,PRINCE_EDWARD_ISLAND,22490,1600,880,1230,1600,2250,1940,1940,1550,1410,1210,950,790,1320,970,720,540,960,410,220,1600,2480,3710,5310,7560,9500,11440,12990,14400,15610,16560,17350,18670,19640,20360,20900,21860,22270,22490
C1B,Prince Edward Island,Charlottetown,PRINCE_EDWARD_ISLAND,11470,620,420,450,560,730,740,800,690,650,660,560,490,930,730,600,450,900,310,180,620,1040,1490,2050,2780,3520,4320,5010,5660,6320,6880,7370,8300,9030,9630,10080,10980,11290,11470
C1C,Prince Edward Island,Charlottetown,PRINCE_EDWARD_ISLAND,4350,230,150,190,270,340,350,340,340,300,290,250,190,310,250,160,130,190,50,20,230,380,570,840,1180,1530,1870,2210,2510,2800,3050,3240,3550,3800,3960,4090,4280,4330,4350
C1E,Prince Edward Island,Charlottetown,PRINCE_EDWARD_ISLAND,10280,730,430,500,550,720,720,700,640,630,590,520,470,740,570,510,330,620,220,90,730,1160,1660,2210,2930,3650,4350,4990,5620,6210,6730,7200,7940,8510,9020,9350,9970,10190,10280
C1N,Prince Edward Island,,,15110,650,560,730,1010,1530,1410,1350,1170,1050,890,790,620,910,670,520,390,570,190,100,650,1210,1940,2950,4480,5890,7240,8410,9460,10350,11140,11760,12670,13340,13860,14250,14820,15010,15110
E0A,,,,0,0,0,0,0,0,0,0,0,0,0,0,0,0,0,0,0,0,0,0,0,0,0,0,0,0,0,0,0,0,0,0,0,0,0,0,0,0,0
E0B,,,,0,0,0,0,0,0,0,0,0,0,0,0,0,0,0,0,0,0,0,0,0,0,0,0,0,0,0,0,0,0,0,0,0,0,0,0,0,0,0
E0C,,,,0,0,0,0,0,0,0,0,0,0,0,0,0,0,0,0,0,0,0,0,0,0,0,0,0,0,0,0,0,0,0,0,0,0,0,0,0,0,0
E0G,,,,0,0,0,0,0,0,0,0,0,0,0,0,0,0,0,0,0,0,0,0,0,0,0,0,0,0,0,0,0,0,0,0,0,0,0,0,0,0,0
E1A,New Brunswick,Moncton,GREATER_MONCTON,38830,2170,1690,1650,2180,3130,2680,2480,2480,2490,2350,1900,1700,2770,2260,1990,1150,2470,890,400,2170,3860,5510,7690,10820,13500,15980,18460,20950,23300,25200,26900,29670,31930,33920,35070,37540,38430,38830
E1B,New Brunswick,Moncton,GREATER_MONCTON,16980,820,670,740,930,1370,1280,1170,1260,1230,1180,910,780,1200,920,760,470,870,290,130,820,1490,2230,3160,4530,5810,6980,8240,9470,10650,11560,12340,13540,14460,15220,15690,16560,16850,16980
E1C,New Brunswick,Moncton,GREATER_MONCTON,20940,1600,1550,1190,1500,2310,1900,1740,1590,1460,1150,900,680,1010,680,490,310,560,210,110,1600,3150,4340,5840,8150,10050,11790,13380,14840,15990,16890,17570,18580,19260,19750,20060,20620,20830,20940
E1E,New Brunswick,Moncton,GREATER_MONCTON,9310,510,420,420,620,790,710,620,660,660,540,440,380,660,520,350,220,490,190,110,510,930,1350,1970,2760,3470,4090,4750,5410,5950,6390,6770,7430,7950,8300,8520,9010,9200,9310
E1G,New Brunswick,Moncton,GREATER_MONCTON,19910,1220,800,830,1030,1350,1230,1200,1240,1220,1270,990,890,1540,1250,1040,640,1460,510,200,1220,2020,2850,3880,5230,6460,7660,8900,10120,11390,12380,13270,14810,16060,17100,17740,19200,19710,19910
E1H,New Brunswick,Moncton,GREATER_MONCTON,6640,310,280,320,400,600,490,420,500,470,430,340,290,490,330,260,150,370,130,60,310,590,910,1310,1910,2400,2820,3320,3790,4220,4560,4850,5340,5670,5930,6080,6450,6580,6640
E1J,New Brunswick,Moncton,GREATER_MONCTON,2980,140,110,140,180,230,200,190,170,200,190,150,120,240,170,160,100,200,70,20,140,250,390,570,800,1000,1190,1360,1560,1750,1900,2020,2260,2430,2590,2690,2890,2960,2980
E1K,,,,0,0,0,0,0,0,0,0,0,0,0,0,0,0,0,0,0,0,0,0,0,0,0,0,0,0,0,0,0,0,0,0,0,0,0,0,0,0,0
E1N,New Brunswick,Miramichi,,9490,440,510,480,670,930,770,710,740,640,530,440,400,600,490,420,220,350,120,30,440,950,1430,2100,3030,3800,4510,5250,5890,6420,6860,7260,7860,8350,8770,8990,9340,9460,9490
E1V,New Brunswick,Miramichi,,11360,610,540,550,760,1130,890,880,740,760,600,490,430,690,590,550,320,580,190,60,610,1150,1700,2460,3590,4480,5360,6100,6860,7460,7950,8380,9070,9660,10210,10530,11110,11300,11360
E1W,New Brunswick,,,6240,190,240,350,530,790,500,480,590,430,370,290,200,310,240,180,140,280,90,40,190,430,780,1310,2100,2600,3080,3670,4100,4470,4760,4960,5270,5510,5690,5830,6110,6200,6240
E1X,New Brunswick,,,12480,430,710,810,1210,1360,980,1130,1140,920,700,530,390,620,460,380,210,350,110,40,430,1140,1950,3160,4520,5500,6630,7770,8690,9390,9920,10310,10930,11390,11770,11980,12330,12440,12480
E2A,New Brunswick,Bathurst,,15100,850,860,900,1240,1690,1310,1170,1050,890,800,630,520,800,640,520,290,600,250,90,850,1710,2610,3850,5540,6850,8020,9070,9960,10760,11390,11910,12710,13350,13870,14160,14760,15010,15100
E2E,New Brunswick,Saint John,SAINT_JOHN_NB,16210,840,570,670,680,1070,960,840,880,880,800,710,610,1190,1060,970,670,1670,770,370,840,1410,2080,2760,3830,4790,5630,6510,7390,8190,8900,9510,10700,11760,12730,13400,15070,15840,16210
E2G,New Brunswick,Saint John,SAINT_JOHN_NB,4280,210,160,180,220,330,230,240,240,260,240,180,180,290,260,220,190,420,160,70,210,370,550,770,1100,1330,1570,1810,2070,2310,2490,2670,2960,3220,3440,3630,4050,4210,4280
E2H,New Brunswick,Saint John,SAINT_JOHN_NB,3860,250,170,200,210,300,250,240,190,220,200,160,130,250,180,180,110,280,190,150,250,420,620,830,1130,1380,1620,1810,2030,2230,2390,2520,2770,2950,3130,3240,3520,3710,3860
E2J,New Brunswick,Saint John,SAINT_JOHN_NB,13220,760,590,690,850,1480,1210,1060,1040,980,860,630,520,830,540,430,230,420,90,10,760,1350,2040,2890,4370,5580,6640,7680,8660,9520,10150,10670,11500,12040,12470,12700,13120,13210,13220
E2K,New Brunswick,Saint John,SAINT_JOHN_NB,14160,1140,960,800,960,1470,1100,1080,980,800,680,570,460,750,560,520,270,650,280,130,1140,2100,2900,3860,5330,6430,7510,8490,9290,9970,10540,11000,11750,12310,12830,13100,13750,14030,14160
E2L,New Brunswick,Saint John,SAINT_JOHN_NB,6390,440,660,450,570,700,550,490,390,340,280,240,160,260,220,180,90,220,90,60,440,1100,1550,2120,2820,3370,3860,4250,4590,4870,5110,5270,5530,5750,5930,6020,6240,6330,6390
E2M,New Brunswick,Saint John,SAINT_JOHN_NB,15250,770,700,690,860,1340,1180,1080,1100,1050,930,780,640,1040,760,670,460,880,250,70,770,1470,2160,3020,4360,5540,6620,7720,8770,9700,10480,11120,12160,12920,13590,14050,14930,15180,15250
E2N,New Brunswick,Saint John,SAINT_JOHN_NB,3660,170,170,170,190,320,250,240,270,250,200,180,160,250,210,160,130,240,80,20,170,340,510,700,1020,1270,1510,1780,2030,2230,2410,2570,2820,3030,3190,3320,3560,3640,3660
E2P,New Brunswick,Saint John,SAINT_JOHN_NB,1100,60,40,40,70,90,90,80,110,90,80,70,50,90,50,40,20,30,0,0,60,100,140,210,300,390,470,580,670,750,820,870,960,1010,1050,1070,1100,1100,1100
E2R,,,,0,0,0,0,0,0,0,0,0,0,0,0,0,0,0,0,0,0,0,0,0,0,0,0,0,0,0,0,0,0,0,0,0,0,0,0,0,0,0
E2S,New Brunswick,Saint John,SAINT_JOHN_NB,5650,290,240,270,300,450,440,360,390,410,350,270,220,400,310,250,160,420,100,20,290,530,800,1100,1550,1990,2350,2740,3150,3500,3770,3990,4390,4700,4950,5110,5530,5630,5650
E2V,New Brunswick,,,11040,700,410,430,570,690,640,590,560,560,560,420,370,840,1230,1000,560,770,120,20,700,1110,1540,2110,2800,3440,4030,4590,5150,5710,6130,6500,7340,8570,9570,10130,10900,11020,11040
E3A,New Brunswick,Fredericton,FREDERICTON,23220,1570,1120,1170,1370,1950,1670,1450,1540,1480,1370,1100,960,1580,1270,1120,650,1320,410,120,1570,2690,3860,5230,7180,8850,10300,11840,13320,14690,15790,16750,18330,19600,20720,21370,22690,23100,23220
E3B,New Brunswick,Fredericton,FREDERICTON,30720,2410,1520,1390,1710,2240,1940,1840,1780,1700,1660,1320,1150,2030,1850,1560,1030,2290,890,410,2410,3930,5320,7030,9270,11210,13050,14830,16530,18190,19510,20660,22690,24540,26100,27130,29420,30310,30720
E3C,New Brunswick,Fredericton,FREDERICTON,9990,470,350,380,410,570,500,520,540,600,570,530,460,820,750,640,470,950,340,120,470,820,1200,1610,2180,2680,3200,3740,4340,4910,5440,5900,6720,7470,8110,8580,9530,9870,9990
E3E,New Brunswick,Fredericton,FREDERICTON,3720,330,170,180,190,240,190,180,160,200,190,140,150,260,230,220,170,320,150,50,330,500,680,870,1110,1300,1480,1640,1840,2030,2170,2320,2580,2810,3030,3200,3520,3670,3720
E3G,New Brunswick,Fredericton,FREDERICTON,7150,380,300,300,410,520,430,410,430,430,430,370,290,530,470,390,250,570,180,60,380,680,980,1390,1910,2340,2750,3180,3610,4040,4410,4700,5230,5700,6090,6340,6910,7090,7150
E3L,New Brunswick,,,7240,350,460,450,590,830,650,620,510,440,380,280,260,370,300,240,140,280,80,10,350,810,1260,1850,2680,3330,3950,4460,4900,5280,5560,5820,6190,6490,6730,6870,7150,7230,7240
E3N,New Brunswick,Campbellton (New Brunswick part / partie du Nouveau-Brunswick),,11530,510,690,670,1010,1340,1040,1030,930,780,700,460,390,560,440,330,180,310,110,50,510,1200,1870,2880,4220,5260,6290,7220,8000,8700,9160,9550,10110,10550,10880,11060,11370,11480,11530
E3V,New Brunswick,Edmundston,,10390,440,650,580,810,1210,860,780,780,690,640,450,390,540,420,360,190,390,130,80,440,1090,1670,2480,3690,4550,5330,6110,6800,7440,7890,8280,8820,9240,9600,9790,10180,10310,10390
E3Y,New Brunswick,,,6170,240,300,450,500,630,500,500,440,420,350,330,280,370,270,180,120,230,40,20,240,540,990,1490,2120,2620,3120,3560,3980,4330,4660,4940,5310,5580,5760,5880,6110,6150,6170
E3Z,New Brunswick,,,3570,160,190,210,270,410,290,250,240,250,210,160,140,220,140,140,60,150,50,30,160,350,560,830,1240,1530,1780,2020,2270,2480,2640,2780,3000,3140,3280,3340,3490,3540,3570
E4A,New Brunswick,,,2590,170,140,190,230,350,220,190,160,140,120,100,80,190,110,70,50,70,10,0,170,310,500,730,1080,1300,1490,1650,1790,1910,2010,2090,2280,2390,2460,2510,2580,2590,2590
E4B,New Brunswick,,,3610,180,190,210,320,490,340,300,240,230,180,140,120,200,150,100,70,120,20,10,180,370,580,900,1390,1730,2030,2270,2500,2680,2820,2940,3140,3290,3390,3460,3580,3600,3610
E4C,New Brunswick,,,1890,100,100,120,160,230,140,120,120,130,110,90,60,110,70,70,50,80,30,0,100,200,320,480,710,850,970,1090,1220,1330,1420,1480,1590,1660,1730,1780,1860,1890,1890
E4E,New Brunswick,,,7600,410,430,440,610,790,720,600,520,490,430,320,260,400,330,250,150,310,120,20,410,840,1280,1890,2680,3400,4000,4520,5010,5440,5760,6020,6420,6750,7000,7150,7460,7580,7600
E4G,New Brunswick,,,2200,120,110,140,160,210,190,180,160,160,120,100,100,130,100,70,40,90,20,0,120,230,370,530,740,930,1110,1270,1430,1550,1650,1750,1880,1980,2050,2090,2180,2200,2200
E4H,New Brunswick,,,3470,190,170,200,230,370,310,290,270,260,230,180,130,210,160,90,50,90,30,10,190,360,560,790,1160,1470,1760,2030,2290,2520,2700,2830,3040,3200,3290,3340,3430,3460,3470
E4J,New Brunswick,,,4040,220,200,230,330,430,340,320,290,300,230,210,170,240,160,130,70,140,20,10,220,420,650,980,1410,1750,2070,2360,2660,2890,3100,3270,3510,3670,3800,3870,4010,4030,4040
E4K,New Brunswick,Moncton,GREATER_MONCTON,4900,220,190,220,290,440,370,320,380,380,330,260,220,400,250,190,130,240,50,20,220,410,630,920,1360,1730,2050,2430,2810,3140,3400,3620,4020,4270,4460,4590,4830,4880,4900
E4L,New Brunswick,,,6220,390,260,340,450,620,490,440,460,400,350,280,220,350,270,210,150,360,130,50,390,650,990,1440,2060,2550,2990,3450,3850,4200,4480,4700,5050,5320,5530,5680,6040,6170,6220
E4M,New Brunswick,,,1630,100,70,100,140,210,150,140,130,100,100,70,50,50,50,40,30,60,20,20,100,170,270,410,620,770,910,1040,1140,1240,1310,1360,1410,1460,1500,1530,1590,1610,1630
E4N,New Brunswick,,,3980,130,140,200,280,380,310,400,400,370,320,170,190,230,140,90,60,100,40,30,130,270,470,750,1130,1440,1840,2240,2610,2930,3100,3290,3520,3660,3750,3810,3910,3950,3980
E4P,New Brunswick,,,13880,510,490,600,960,1430,1100,1020,1060,980,910,710,560,960,710,580,330,650,210,110,510,1000,1600,2560,3990,5090,6110,7170,8150,9060,9770,10330,11290,12000,12580,12910,13560,13770,13880
E4R,New Brunswick,,,6160,220,200,270,440,580,480,440,470,450,420,300,260,410,320,280,150,320,100,50,220,420,690,1130,1710,2190,2630,3100,3550,3970,4270,4530,4940,5260,5540,5690,6010,6110,6160
E4S,New Brunswick,,,6550,280,320,380,560,770,540,510,540,500,420,300,230,320,270,190,110,220,70,20,280,600,980,1540,2310,2850,3360,3900,4400,4820,5120,5350,5670,5940,6130,6240,6460,6530,6550
E4T,New Brunswick,,,1900,110,100,150,190,220,180,140,150,130,120,100,50,90,50,40,30,30,20,0,110,210,360,550,770,950,1090,1240,1370,1490,1590,1640,1730,1780,1820,1850,1880,1900,1900
E4V,New Brunswick,,,3800,150,150,200,250,380,290,280,300,310,260,210,180,250,190,150,80,130,30,10,150,300,500,750,1130,1420,1700,2000,2310,2570,2780,2960,3210,3400,3550,3630,3760,3790,3800
E4W,New Brunswick,,,7280,830,420,460,720,920,600,550,530,480,350,280,180,240,200,150,110,170,70,20,830,1250,1710,2430,3350,3950,4500,5030,5510,5860,6140,6320,6560,6760,6910,7020,7190,7260,7280
E4X,New Brunswick,,,2650,90,130,160,240,310,200,230,250,250,170,120,80,130,70,70,40,70,40,0,90,220,380,620,930,1130,1360,1610,1860,2030,2150,2230,2360,2430,2500,2540,2610,2650,2650
E4Y,New Brunswick,,,2740,110,170,210,290,390,280,180,220,170,160,110,70,130,90,70,40,40,10,0,110,280,490,780,1170,1450,1630,1850,2020,2180,2290,2360,2490,2580,2650,2690,2730,2740,2740
E4Z,New Brunswick,,,4710,310,220,310,410,540,390,320,340,340,290,260,190,250,170,140,70,110,40,10,310,530,840,1250,1790,2180,2500,2840,3180,3470,3730,3920,4170,4340,4480,4550,4660,4700,4710
E5A,New Brunswick,,,1480,100,100,100,120,160,130,130,110,100,80,80,50,70,50,30,20,40,10,0,100,200,300,420,580,710,840,950,1050,1130,1210,1260,1330,1380,1410,1430,1470,1480,1480
E5B,New Brunswick,,,2690,130,110,100,170,230,230,180,170,160,150,120,110,160,140,120,100,190,90,30,130,240,340,510,740,970,1150,1320,1480,1630,1750,1860,2020,2160,2280,2380,2570,2660,2690
E5C,New Brunswick,,,3610,150,180,190,220,370,290,280,290,270,230,170,130,210,150,130,90,190,50,20,150,330,520,740,1110,1400,1680,1970,2240,2470,2640,2770,2980,3130,3260,3350,3540,3590,3610
E5E,New Brunswick,,,650,40,40,30,40,90,60,50,40,40,40,20,20,30,20,20,20,50,0,0,40,80,110,150,240,300,350,390,430,470,490,510,540,560,580,600,650,650,650
E5G,New Brunswick,,,2110,110,90,110,140,230,150,130,120,120,100,80,60,100,100,80,60,160,130,40,110,200,310,450,680,830,960,1080,1200,1300,1380,1440,1540,1640,1720,1780,1940,2070,2110
E5H,New Brunswick,,,2410,110,120,130,180,220,200,220,200,190,170,110,90,120,100,80,50,90,30,0,110,230,360,540,760,960,1180,1380,1570,1740,1850,1940,2060,2160,2240,2290,2380,2410,2410
E5J,New Brunswick,Saint John,SAINT_JOHN_NB,1660,80,70,80,110,150,100,110,120,100,100,90,80,110,80,90,40,120,30,0,80,150,230,340,490,590,700,820,920,1020,1110,1190,1300,1380,1470,1510,1630,1660,1660
E5K,New Brunswick,Saint John,SAINT_JOHN_NB,5880,270,220,230,330,440,380,390,360,380,330,320,280,430,350,310,210,480,130,40,270,490,720,1050,1490,1870,2260,2620,3000,3330,3650,3930,4360,4710,5020,5230,5710,5840,5880
E5L,New Brunswick,,,2340,150,130,150,170,250,200,190,170,190,130,120,90,120,100,70,30,60,20,0,150,280,430,600,850,1050,1240,1410,1600,1730,1850,1940,2060,2160,2230,2260,2320,2340,2340
E5M,New Brunswick,,,1730,120,80,80,150,150,150,110,120,100,100,80,70,100,80,80,50,80,20,10,120,200,280,430,580,730,840,960,1060,1160,1240,1310,1410,1490,1570,1620,1700,1720,1730
E5N,New Brunswick,Saint John,SAINT_JOHN_NB,9880,510,460,500,630,920,690,640,560,630,590,500,390,680,530,450,300,670,190,40,510,970,1470,2100,3020,3710,4350,4910,5540,6130,6630,7020,7700,8230,8680,8980,9650,9840,9880
E5P,New Brunswick,,,2140,120,110,130,190,220,160,150,160,130,140,100,90,130,90,80,30,70,40,0,120,230,360,550,770,930,1080,1240,1370,1510,1610,1700,1830,1920,2000,2030,2100,2140,2140
E5R,New Brunswick,Saint John,SAINT_JOHN_NB,1290,80,70,70,90,150,100,100,90,90,80,60,50,70,60,40,20,50,20,0,80,150,220,310,460,560,660,750,840,920,980,1030,1100,1160,1200,1220,1270,1290,1290
E5S,New Brunswick,Saint John,SAINT_JOHN_NB,1540,70,70,70,100,130,100,100,110,100,110,80,80,110,80,60,40,90,40,0,70,140,210,310,440,540,640,750,850,960,1040,1120,1230,1310,1370,1410,1500,1540,1540
E5T,New Brunswick,,,2530,150,150,140,210,280,190,200,160,160,130,110,100,160,120,70,50,110,40,0,150,300,440,650,930,1120,1320,1480,1640,1770,1880,1980,2140,2260,2330,2380,2490,2530,2530
E5V,New Brunswick,,,610,30,30,30,40,80,40,40,40,40,40,30,20,40,30,20,10,40,10,0,30,60,90,130,210,250,290,330,370,410,440,460,500,530,550,560,600,610,610
E6A,New Brunswick,,,1000,60,60,70,120,130,80,60,70,70,70,40,50,50,30,30,0,10,0,0,60,120,190,310,440,520,580,650,720,790,830,880,930,960,990,990,1000,1000,1000
E6B,New Brunswick,Fredericton,FREDERICTON,1310,100,70,100,120,150,90,100,100,100,70,60,50,70,40,30,20,30,10,0,100,170,270,390,540,630,730,830,930,1000,1060,1110,1180,1220,1250,1270,1300,1310,1310
E6C,New Brunswick,Fredericton,FREDERICTON,1720,110,90,90,120,160,140,130,130,120,110,90,70,120,80,50,40,60,10,0,110,200,290,410,570,710,840,970,1090,1200,1290,1360,1480,1560,1610,1650,1710,1720,1720
E6E,New Brunswick,,,1180,90,60,70,90,150,110,90,80,100,60,60,40,60,30,20,30,40,0,0,90,150,220,310,460,570,660,740,840,900,960,1000,1060,1090,1110,1140,1180,1180,1180
E6G,New Brunswick,,,2210,110,110,140,160,240,180,160,170,140,130,90,80,130,90,70,70,120,20,0,110,220,360,520,760,940,1100,1270,1410,1540,1630,1710,1840,1930,2000,2070,2190,2210,2210
E6H,New Brunswick,,,1020,60,50,60,80,110,90,70,90,70,40,50,40,60,40,30,20,40,20,0,60,110,170,250,360,450,520,610,680,720,770,810,870,910,940,960,1000,1020,1020
E6J,New Brunswick,,,1010,60,60,60,100,120,80,90,60,60,50,40,40,50,40,20,20,40,20,0,60,120,180,280,400,480,570,630,690,740,780,820,870,910,930,950,990,1010,1010
E6K,New Brunswick,Fredericton,FREDERICTON,3140,160,150,140,210,280,220,210,260,220,200,190,140,220,140,110,70,160,40,20,160,310,450,660,940,1160,1370,1630,1850,2050,2240,2380,2600,2740,2850,2920,3080,3120,3140
E6L,New Brunswick,Fredericton,FREDERICTON,3880,280,150,220,260,370,250,260,280,270,240,210,170,260,180,150,100,150,60,20,280,430,650,910,1280,1530,1790,2070,2340,2580,2790,2960,3220,3400,3550,3650,3800,3860,3880
E7A,New Brunswick,,,3200,140,150,190,290,350,280,250,240,250,190,190,130,170,110,80,50,100,30,10,140,290,480,770,1120,1400,1650,1890,2140,2330,2520,2650,2820,2930,3010,3060,3160,3190,3200
E7B,New Brunswick,Edmundston,,5010,180,210,290,380,550,390,390,390,370,300,250,190,340,230,200,110,170,50,20,180,390,680,1060,1610,2000,2390,2780,3150,3450,3700,3890,4230,4460,4660,4770,4940,4990,5010
E7C,New Brunswick,Edmundston,,4390,240,210,280,340,500,370,330,340,270,270,200,160,260,190,150,90,160,30,0,240,450,730,1070,1570,1940,2270,2610,2880,3150,3350,3510,3770,3960,4110,4200,4360,4390,4390
E7E,New Brunswick,,,3640,160,220,240,330,440,280,280,240,250,210,170,150,220,170,120,60,80,20,0,160,380,620,950,1390,1670,1950,2190,2440,2650,2820,2970,3190,3360,3480,3540,3620,3640,3640
E7G,New Brunswick,,,3230,210,190,250,320,410,280,270,230,170,180,130,120,170,100,70,50,60,20,0,210,400,650,970,1380,1660,1930,2160,2330,2510,2640,2760,2930,3030,3100,3150,3210,3230,3230
E7H,New Brunswick,,,4540,680,270,290,430,510,380,330,290,250,220,170,120,180,140,100,40,90,40,10,680,950,1240,1670,2180,2560,2890,3180,3430,3650,3820,3940,4120,4260,4360,4400,4490,4530,4540
E7J,New Brunswick,,,1540,90,70,100,110,200,130,120,130,120,80,80,60,80,60,30,20,50,10,0,90,160,260,370,570,700,820,950,1070,1150,1230,1290,1370,1430,1460,1480,1530,1540,1540
E7K,New Brunswick,,,1960,120,120,150,130,210,160,160,160,130,130,90,70,110,60,50,30,60,20,0,120,240,390,520,730,890,1050,1210,1340,1470,1560,1630,1740,1800,1850,1880,1940,1960,1960
E7L,New Brunswick,,,4310,280,230,240,340,450,340,290,300,300,250,220,170,270,180,130,80,150,60,30,280,510,750,1090,1540,1880,2170,2470,2770,3020,3240,3410,3680,3860,3990,4070,4220,4280,4310
E7M,New Brunswick,,,8450,580,450,490,600,810,730,580,600,540,480,400,290,560,380,290,170,300,130,70,580,1030,1520,2120,2930,3660,4240,4840,5380,5860,6260,6550,7110,7490,7780,7950,8250,8380,8450
E7N,New Brunswick,,,2560,160,140,180,200,250,200,170,180,190,160,120,90,140,90,70,60,110,30,20,160,300,480,680,930,1130,1300,1480,1670,1830,1950,2040,2180,2270,2340,2400,2510,2540,2560
E7P,New Brunswick,,,2870,170,190,160,210,300,200,220,200,190,180,170,110,190,130,80,40,80,30,20,170,360,520,730,1030,1230,1450,1650,1840,2020,2190,2300,2490,2620,2700,2740,2820,2850,2870
E8A,New Brunswick,,,3140,100,150,200,240,340,260,270,260,220,200,180,160,180,140,110,40,60,20,10,100,250,450,690,1030,1290,1560,1820,2040,2240,2420,2580,2760,2900,3010,3050,3110,3130,3140
E8B,New Brunswick,,,1990,50,110,120,170,240,190,210,170,140,140,100,80,100,70,50,20,30,0,0,50,160,280,450,690,880,1090,1260,1400,1540,1640,1720,1820,1890,1940,1960,1990,1990,1990
E8C,New Brunswick,,,2940,270,170,160,270,380,250,230,230,200,160,110,120,120,80,80,30,60,20,0,270,440,600,870,1250,1500,1730,1960,2160,2320,2430,2550,2670,2750,2830,2860,2920,2940,2940
E8E,New Brunswick,,,4480,180,200,240,290,480,390,360,390,330,300,240,200,240,220,140,80,130,50,20,180,380,620,910,1390,1780,2140,2530,2860,3160,3400,3600,3840,4060,4200,4280,4410,4460,4480
E8G,New Brunswick,,,2330,130,190,210,290,300,210,190,180,130,110,60,60,80,50,50,20,50,20,0,130,320,530,820,1120,1330,1520,1700,1830,1940,2000,2060,2140,2190,2240,2260,2310,2330,2330
E8J,New Brunswick,Bathurst,,4960,190,250,330,410,550,420,420,420,330,290,250,160,270,200,160,90,140,60,20,190,440,770,1180,1730,2150,2570,2990,3320,3610,3860,4020,4290,4490,4650,4740,4880,4940,4960
E8K,New Brunswick,Bathurst,,7600,280,330,420,630,820,640,590,580,540,440,330,290,450,350,300,160,330,80,40,280,610,1030,1660,2480,3120,3710,4290,4830,5270,5600,5890,6340,6690,6990,7150,7480,7560,7600
E8L,New Brunswick,,,2120,90,110,160,220,250,170,180,180,150,120,80,70,120,70,70,40,40,0,0,90,200,360,580,830,1000,1180,1360,1510,1630,1710,1780,1900,1970,2040,2080,2120,2120,2120
E8M,New Brunswick,,,1820,70,90,150,170,220,150,150,150,140,110,70,60,80,70,40,40,50,10,0,70,160,310,480,700,850,1000,1150,1290,1400,1470,1530,1610,1680,1720,1760,1810,1820,1820
E8N,New Brunswick,,,2160,80,90,150,220,320,210,190,180,160,120,90,70,90,70,40,30,30,20,0,80,170,320,540,860,1070,1260,1440,1600,1720,1810,1880,1970,2040,2080,2110,2140,2160,2160
E8P,New Brunswick,,,3130,100,160,180,340,360,260,290,310,220,190,120,120,140,100,70,40,90,40,0,100,260,440,780,1140,1400,1690,2000,2220,2410,2530,2650,2790,2890,2960,3000,3090,3130,3130
E8R,New Brunswick,,,2900,110,180,230,310,380,250,260,320,210,140,100,80,110,80,50,30,50,10,0,110,290,520,830,1210,1460,1720,2040,2250,2390,2490,2570,2680,2760,2810,2840,2890,2900,2900
E8S,,,,4180,160,240,250,390,430,290,350,400,340,230,160,120,170,170,140,70,150,90,30,160,400,650,1040,1470,1760,2110,2510,2850,3080,3240,3360,3530,3700,3840,3910,4060,4150,4180
E8T,New Brunswick,,,5170,140,240,300,590,600,370,410,570,400,290,220,170,220,150,120,80,160,90,50,140,380,680,1270,1870,2240,2650,3220,3620,3910,4130,4300,4520,4670,4790,4870,5030,5120,5170
E9A,New Brunswick,,,2140,60,100,100,230,230,120,170,190,190,170,90,70,90,80,50,30,80,70,20,60,160,260,490,720,840,1010,1200,1390,1560,1650,1720,1810,1890,1940,1970,2050,2120,2140
E9B,New Brunswick,,,1940,80,110,150,170,200,180,150,140,140,100,90,80,120,80,60,30,60,0,0,80,190,340,510,710,890,1040,1180,1320,1420,1510,1590,1710,1790,1850,1880,1940,1940,1940
E9C,New Brunswick,,,1870,120,90,160,180,250,150,140,120,90,100,80,70,100,70,70,20,50,10,0,120,210,370,550,800,950,1090,1210,1300,1400,1480,1550,1650,1720,1790,1810,1860,1870,1870
E9E,New Brunswick,Miramichi,,3210,270,170,190,270,350,270,230,230,180,190,140,110,170,120,110,60,120,30,0,270,440,630,900,1250,1520,1750,1980,2160,2350,2490,2600,2770,2890,3000,3060,3180,3210,3210
E9G,New Brunswick,,,4410,640,270,290,430,440,340,330,390,300,200,140,90,170,100,120,60,80,20,0,640,910,1200,1630,2070,2410,2740,3130,3430,3630,3770,3860,4030,4130,4250,4310,4390,4410,4410
E9H,New Brunswick,,,2730,120,160,200,320,260,230,290,330,240,140,110,60,90,50,40,20,40,30,0,120,280,480,800,1060,1290,1580,1910,2150,2290,2400,2460,2550,2600,2640,2660,2700,2730,2730
G0A,Quebec,,,69840,2950,2230,3370,4820,5930,4260,3960,4370,4210,4320,3830,3360,5250,4120,3450,2530,4800,1430,650,2950,5180,8550,13370,19300,23560,27520,31890,36100,40420,44250,47610,52860,56980,60430,62960,67760,69190,69840
G0C,Quebec,,,41520,2540,1660,2810,4370,4360,2790,2960,3170,2710,2440,2010,1620,2240,1600,1240,790,1530,450,230,2540,4200,7010,11380,15740,18530,21490,24660,27370,29810,31820,33440,35680,37280,38520,39310,40840,41290,41520
G0E,Quebec,,,4170,190,170,350,470,490,300,360,290,270,240,200,160,220,120,80,80,130,40,10,190,360,710,1180,1670,1970,2330,2620,2890,3130,3330,3490,3710,3830,3910,3990,4120,4160,4170
G0G,Quebec,,,13990,2150,610,680,860,820,590,680,710,700,630,570,500,780,590,450,410,1530,670,60,2150,2760,3440,4300,5120,5710,6390,7100,7800,8430,9000,9500,10280,10870,11320,11730,13260,13930,13990
G0H,Quebec,,,8470,1310,370,550,700,780,480,470,480,470,430,330,260,410,320,270,210,510,100,20,1310,1680,2230,2930,3710,4190,4660,5140,5610,6040,6370,6630,7040,7360,7630,7840,8350,8450,8470
G0J,Quebec,,,24570,1140,1030,2040,2870,2900,1790,1780,1740,1520,1430,1150,900,1370,920,660,400,710,170,50,1140,2170,4210,7080,9980,11770,13550,15290,16810,18240,19390,20290,21660,22580,23240,23640,24350,24520,24570
G0K,Quebec,,,9760,380,370,630,930,910,630,670,710,670,610,560,480,640,470,340,250,390,90,30,380,750,1380,2310,3220,3850,4520,5230,5900,6510,7070,7550,8190,8660,9000,9250,9640,9730,9760
G0L,Quebec,,,50890,1930,1950,3580,4950,5430,3690,3560,3660,3430,3280,2760,2240,3230,2150,1560,980,1800,490,220,1930,3880,7460,12410,17840,21530,25090,28750,32180,35460,38220,40460,43690,45840,47400,48380,50180,50670,50890
G0M,Quebec,,,28600,1140,1060,1870,2710,2930,2070,1950,1900,1900,1900,1600,1370,2000,1410,890,570,890,300,140,1140,2200,4070,6780,9710,11780,13730,15630,17530,19430,21030,22400,24400,25810,26700,27270,28160,28460,28600
G0N,Quebec,Thetford Mines,,16830,710,620,1240,1580,1940,1210,1080,1130,1050,1100,880,740,1080,730,560,340,530,200,110,710,1330,2570,4150,6090,7300,8380,9510,10560,11660,12540,13280,14360,15090,15650,15990,16520,16720,16830
G0P,Quebec,,,5640,240,240,390,570,550,420,390,370,370,380,310,230,360,210,170,130,210,60,40,240,480,870,1440,1990,2410,2800,3170,3540,3920,4230,4460,4820,5030,5200,5330,5540,5600,5640
G0R,Quebec,,,71400,2630,2540,4550,6400,7680,5070,4630,4780,4570,4730,4000,3610,5170,3430,2380,1590,2550,740,350,2630,5170,9720,16120,23800,28870,33500,38280,42850,47580,51580,55190,60360,63790,66170,67760,70310,71050,71400
G0S,Quebec,,,58630,2060,2040,3360,4600,5290,3960,3770,4050,3940,3960,3340,2960,4640,3310,2390,1530,2410,730,290,2060,4100,7460,12060,17350,21310,25080,29130,33070,37030,40370,43330,47970,51280,53670,55200,57610,58340,58630
G0T,Quebec,,,11990,540,470,770,1090,1290,830,890,820,710,720,570,470,730,510,370,340,680,160,30,540,1010,1780,2870,4160,4990,5880,6700,7410,8130,8700,9170,9900,10410,10780,11120,11800,11960,11990
G0V,Quebec,,,15310,690,590,870,1130,1280,1000,980,940,910,950,780,680,1150,870,700,430,1020,260,80,690,1280,2150,3280,4560,5560,6540,7480,8390,9340,10120,10800,11950,12820,13520,13950,14970,15230,15310
G0W,Quebec,,,29320,4180,1370,2010,2440,2560,1700,1600,1600,1520,1440,1290,1060,1720,1240,1010,620,1490,360,110,4180,5550,7560,10000,12560,14260,15860,17460,18980,20420,21710,22770,24490,25730,26740,27360,28850,29210,29320
G0X,Quebec,,,50420,2530,1940,3180,4460,5330,3450,3280,3370,3130,3060,2610,2110,3310,2440,1760,1280,2290,630,260,2530,4470,7650,12110,17440,20890,24170,27540,30670,33730,36340,38450,41760,44200,45960,47240,49530,50160,50420
G0Y,Quebec,,,7960,340,300,590,770,870,590,590,540,550,510,420,350,500,330,200,130,250,90,40,340,640,1230,2000,2870,3460,4050,4590,5140,5650,6070,6420,6920,7250,7450,7580,7830,7920,7960
G0Z,Quebec,,,7570,360,330,540,720,800,570,500,540,500,500,410,310,480,280,250,150,230,60,40,360,690,1230,1950,2750,3320,3820,4360,4860,5360,5770,6080,6560,6840,7090,7240,7470,7530,7570
G1A,,,,0,0,0,0,0,0,0,0,0,0,0,0,0,0,0,0,0,0,0,0,0,0,0,0,0,0,0,0,0,0,0,0,0,0,0,0,0,0,0
G1B,Quebec,Québec,QUEBEC_CMA,13740,460,440,550,680,800,660,800,880,870,940,800,790,1270,1000,840,620,1060,210,70,460,900,1450,2130,2930,3590,4390,5270,6140,7080,7880,8670,9940,10940,11780,12400,13460,13670,13740
G1C,Quebec,Québec,QUEBEC_CMA,30850,930,940,1310,1840,2270,1900,1770,2040,2070,2150,1840,1660,2570,1940,1570,1190,2100,520,240,930,1870,3180,5020,7290,9190,10960,13000,15070,17220,19060,20720,23290,25230,26800,27990,30090,30610,30850
G1E,Quebec,Québec,QUEBEC_CMA,22790,730,720,1070,1930,2230,1620,1560,1720,1550,1630,1320,1040,1670,1190,860,620,950,270,110,730,1450,2520,4450,6680,8300,9860,11580,13130,14760,16080,17120,18790,19980,20840,21460,22410,22680,22790
G1G,Quebec,Québec,QUEBEC_CMA,20210,690,660,840,1190,1450,1190,1230,1370,1370,1430,1200,1070,1730,1250,1030,790,1300,300,120,690,1350,2190,3380,4830,6020,7250,8620,9990,11420,12620,13690,15420,16670,17700,18490,19790,20090,20210
G1H,Quebec,Québec,QUEBEC_CMA,24680,840,730,1110,1770,2290,1840,1780,1970,1860,1690,1440,1250,1850,1220,930,660,1080,260,110,840,1570,2680,4450,6740,8580,10360,12330,14190,15880,17320,18570,20420,21640,22570,23230,24310,24570,24680
G1J,Quebec,Québec,QUEBEC_CMA,18500,790,850,1170,1940,1970,1430,1390,1420,1210,1120,920,730,1130,770,580,350,580,120,30,790,1640,2810,4750,6720,8150,9540,10960,12170,13290,14210,14940,16070,16840,17420,17770,18350,18470,18500
G1K,Quebec,Québec,QUEBEC_CMA,14800,720,690,920,1620,1310,940,900,900,870,830,750,630,970,720,580,410,740,210,90,720,1410,2330,3950,5260,6200,7100,8000,8870,9700,10450,11080,12050,12770,13350,13760,14500,14710,14800
G1L,Quebec,Québec,QUEBEC_CMA,17420,680,720,960,1770,1770,1310,1300,1290,1240,1070,890,760,1130,830,580,410,560,110,40,680,1400,2360,4130,5900,7210,8510,9800,11040,12110,13000,13760,14890,15720,16300,16710,17270,17380,17420
G1M,Quebec,Québec,QUEBEC_CMA,16930,670,630,930,1470,1870,1230,1160,1200,1170,1110,900,730,1140,810,580,400,700,170,60,670,1300,2230,3700,5570,6800,7960,9160,10330,11440,12340,13070,14210,15020,15600,16000,16700,16870,16930
G1N,Quebec,Québec,QUEBEC_CMA,6710,270,280,370,730,720,530,490,500,460,390,350,310,400,290,220,140,200,40,20,270,550,920,1650,2370,2900,3390,3890,4350,4740,5090,5400,5800,6090,6310,6450,6650,6690,6710
G1P,Quebec,Québec,QUEBEC_CMA,13430,540,460,640,870,1160,920,940,1070,980,980,770,690,1050,780,540,360,530,110,40,540,1000,1640,2510,3670,4590,5530,6600,7580,8560,9330,10020,11070,11850,12390,12750,13280,13390,13430
G1R,Quebec,Québec,QUEBEC_CMA,13200,620,450,530,980,1030,770,760,770,710,730,700,610,940,800,680,470,940,460,250,620,1070,1600,2580,3610,4380,5140,5910,6620,7350,8050,8660,9600,10400,11080,11550,12490,12950,13200
G1S,Quebec,Québec,QUEBEC_CMA,21490,950,670,790,1260,1580,1020,970,1090,1080,1190,1070,1000,1610,1450,1240,890,2050,1000,580,950,1620,2410,3670,5250,6270,7240,8330,9410,10600,11670,12670,14280,15730,16970,17860,19910,20910,21490
G1T,Quebec,Québec,QUEBEC_CMA,5850,300,230,190,240,250,210,180,180,210,220,180,210,360,370,310,270,810,570,560,300,530,720,960,1210,1420,1600,1780,1990,2210,2390,2600,2960,3330,3640,3910,4720,5290,5850
G1V,Quebec,Québec,QUEBEC_CMA,18010,1610,780,890,1220,1400,1070,1000,990,940,1010,840,790,1290,930,750,570,1050,510,370,1610,2390,3280,4500,5900,6970,7970,8960,9900,10910,11750,12540,13830,14760,15510,16080,17130,17640,18010
G1W,Quebec,Québec,QUEBEC_CMA,18310,950,600,700,880,1060,920,870,1040,1000,1080,880,880,1450,1230,1070,780,1770,750,400,950,1550,2250,3130,4190,5110,5980,7020,8020,9100,9980,10860,12310,13540,14610,15390,17160,17910,18310
G1X,Quebec,Québec,QUEBEC_CMA,22090,1050,750,930,1200,1500,1230,1180,1330,1300,1350,1200,1090,1770,1400,1110,900,1720,690,390,1050,1800,2730,3930,5430,6660,7840,9170,10470,11820,13020,14110,15880,17280,18390,19290,21010,21700,22090
G1Y,Quebec,Québec,QUEBEC_CMA,11000,390,310,360,450,460,390,430,490,490,650,580,550,920,870,790,610,1400,570,290,390,700,1060,1510,1970,2360,2790,3280,3770,4420,5000,5550,6470,7340,8130,8740,10140,10710,11000
G2A,Quebec,Québec,QUEBEC_CMA,12600,500,390,520,670,800,660,650,810,750,770,740,710,1060,900,740,540,980,310,100,500,890,1410,2080,2880,3540,4190,5000,5750,6520,7260,7970,9030,9930,10670,11210,12190,12500,12600
G2B,Quebec,Québec,QUEBEC_CMA,20450,740,670,930,1280,1570,1210,1220,1340,1390,1360,1140,1030,1680,1340,1000,770,1280,360,140,740,1410,2340,3620,5190,6400,7620,8960,10350,11710,12850,13880,15560,16900,17900,18670,19950,20310,20450
G2C,Quebec,Québec,QUEBEC_CMA,10390,330,290,350,510,720,550,560,630,610,670,570,560,930,710,640,500,940,240,80,330,620,970,1480,2200,2750,3310,3940,4550,5220,5790,6350,7280,7990,8630,9130,10070,10310,10390
G2E,Quebec,Québec,QUEBEC_CMA,17600,570,570,760,960,1200,1030,940,1140,1110,1200,1000,950,1530,1140,910,780,1300,370,140,570,1140,1900,2860,4060,5090,6030,7170,8280,9480,10480,11430,12960,14100,15010,15790,17090,17460,17600
G2G,Quebec,Québec,QUEBEC_CMA,9090,310,290,410,430,500,490,510,540,490,610,560,480,810,620,500,420,810,220,90,310,600,1010,1440,1940,2430,2940,3480,3970,4580,5140,5620,6430,7050,7550,7970,8780,9000,9090
G2J,Quebec,Québec,QUEBEC_CMA,2820,60,50,90,120,220,200,200,200,200,220,180,160,240,210,130,90,160,50,40,60,110,200,320,540,740,940,1140,1340,1560,1740,1900,2140,2350,2480,2570,2730,2780,2820
G2K,Quebec,Québec,QUEBEC_CMA,11460,300,230,320,440,610,610,570,720,720,800,660,660,1050,870,740,500,1070,380,210,300,530,850,1290,1900,2510,3080,3800,4520,5320,5980,6640,7690,8560,9300,9800,10870,11250,11460
G2L,Quebec,Québec,QUEBEC_CMA,12140,400,420,500,600,800,650,640,710,750,840,660,620,1040,790,700,560,1050,300,110,400,820,1320,1920,2720,3370,4010,4720,5470,6310,6970,7590,8630,9420,10120,10680,11730,12030,12140
G2M,Quebec,Québec,QUEBEC_CMA,4510,170,130,170,220,220,220,210,240,270,290,270,260,390,310,270,260,450,120,40,170,300,470,690,910,1130,1340,1580,1850,2140,2410,2670,3060,3370,3640,3900,4350,4470,4510
G2N,Quebec,Québec,QUEBEC_CMA,6650,220,190,270,300,420,330,370,430,440,470,420,360,620,520,430,280,460,100,20,220,410,680,980,1400,1730,2100,2530,2970,3440,3860,4220,4840,5360,5790,6070,6530,6630,6650
G3A,Quebec,Québec,QUEBEC_CMA,17220,610,550,680,730,890,710,710,820,790,1030,870,840,1480,1200,1080,870,1950,890,520,610,1160,1840,2570,3460,4170,4880,5700,6490,7520,8390,9230,10710,11910,12990,13860,15810,16700,17220
G3B,Quebec,Québec,QUEBEC_CMA,6720,300,250,220,270,280,250,220,250,260,340,290,300,510,440,430,380,950,490,290,300,550,770,1040,1320,1570,1790,2040,2300,2640,2930,3230,3740,4180,4610,4990,5940,6430,6720
G3C,Quebec,Québec,QUEBEC_CMA,8010,300,260,310,350,400,370,380,400,440,450,440,420,640,590,550,450,900,260,100,300,560,870,1220,1620,1990,2370,2770,3210,3660,4100,4520,5160,5750,6300,6750,7650,7910,8010
G3E,Quebec,Québec,QUEBEC_CMA,12750,430,430,520,600,730,590,630,740,710,780,720,730,1240,1000,860,660,1080,240,60,430,860,1380,1980,2710,3300,3930,4670,5380,6160,6880,7610,8850,9850,10710,11370,12450,12690,12750
G3G,Quebec,Québec,QUEBEC_CMA,8070,280,250,320,440,510,460,500,510,600,530,550,430,750,600,470,320,420,100,30,280,530,850,1290,1800,2260,2760,3270,3870,4400,4950,5380,6130,6730,7200,7520,7940,8040,8070
G3H,Quebec,,,8350,280,260,420,540,670,480,450,490,540,540,490,430,700,560,470,320,550,120,40,280,540,960,1500,2170,2650,3100,3590,4130,4670,5160,5590,6290,6850,7320,7640,8190,8310,8350
G3J,Quebec,Québec,QUEBEC_CMA,8300,280,270,320,420,540,430,440,510,520,590,490,450,760,670,560,360,550,110,30,280,550,870,1290,1830,2260,2700,3210,3730,4320,4810,5260,6020,6690,7250,7610,8160,8270,8300
G3K,Quebec,Québec,QUEBEC_CMA,15430,560,520,660,720,820,770,730,880,930,940,900,820,1440,1340,1110,780,1200,240,70,560,1080,1740,2460,3280,4050,4780,5660,6590,7530,8430,9250,10690,12030,13140,13920,15120,15360,15430
G3L,Quebec,,,9310,300,310,560,700,930,630,570,620,640,580,520,450,700,540,390,270,450,110,40,300,610,1170,1870,2800,3430,4000,4620,5260,5840,6360,6810,7510,8050,8440,8710,9160,9270,9310
G3M,Quebec,,,5930,190,210,290,430,630,430,380,410,390,410,290,300,430,280,250,150,360,70,30,190,400,690,1120,1750,2180,2560,2970,3360,3770,4060,4360,4790,5070,5320,5470,5830,5900,5930
G3N,Quebec,Québec,QUEBEC_CMA,8490,300,270,320,390,430,400,410,460,450,470,480,450,750,730,680,440,740,220,100,300,570,890,1280,1710,2110,2520,2980,3430,3900,4380,4830,5580,6310,6990,7430,8170,8390,8490
G3S,Quebec,Québec,QUEBEC_CMA,4690,190,160,130,160,180,180,180,190,200,220,230,210,410,510,540,330,530,110,30,190,350,480,640,820,1000,1180,1370,1570,1790,2020,2230,2640,3150,3690,4020,4550,4660,4690
G3Z,Quebec,,,6450,240,240,360,540,700,440,450,470,450,430,320,310,380,320,210,170,280,90,50,240,480,840,1380,2080,2520,2970,3440,3890,4320,4640,4950,5330,5650,5860,6030,6310,6400,6450
G4A,Quebec,,,2650,80,120,140,200,240,190,180,190,210,210,180,110,180,110,80,60,120,40,10,80,200,340,540,780,970,1150,1340,1550,1760,1940,2050,2230,2340,2420,2480,2600,2640,2650
G4R,Quebec,,,15700,1760,710,860,1100,1210,850,820,740,710,690,630,570,930,680,530,480,1630,650,150,1760,2470,3330,4430,5640,6490,7310,8050,8760,9450,10080,10650,11580,12260,12790,13270,14900,15550,15700
G4S,Quebec,Sept-Îles,,3990,220,150,210,210,250,230,260,240,230,230,200,200,300,220,160,130,440,110,0,220,370,580,790,1040,1270,1530,1770,2000,2230,2430,2630,2930,3150,3310,3440,3880,3990,3990
G4T,Quebec,,,11480,260,350,660,960,890,640,770,1120,960,780,660,520,750,530,390,290,550,270,130,260,610,1270,2230,3120,3760,4530,5650,6610,7390,8050,8570,9320,9850,10240,10530,11080,11350,11480
G4V,Quebec,,,5500,200,240,430,670,640,410,390,380,360,320,270,200,290,190,140,120,180,50,20,200,440,870,1540,2180,2590,2980,3360,3720,4040,4310,4510,4800,4990,5130,5250,5430,5480,5500
G4W,Quebec,Matane,,12090,410,490,830,1160,1420,800,870,810,830,660,620,500,730,530,450,280,500,150,50,410,900,1730,2890,4310,5110,5980,6790,7620,8280,8900,9400,10130,10660,11110,11390,11890,12040,12090
G4X,Quebec,,,12840,480,490,780,1040,1120,750,830,900,880,860,770,650,990,660,490,350,570,160,70,480,970,1750,2790,3910,4660,5490,6390,7270,8130,8900,9550,10540,11200,11690,12040,12610,12770,12840
G4Z,Quebec,,,7690,270,260,330,400,520,400,400,490,500,510,440,360,570,420,400,310,830,220,60,270,530,860,1260,1780,2180,2580,3070,3570,4080,4520,4880,5450,5870,6270,6580,7410,7630,7690
G5A,Quebec,,,7280,260,270,430,640,770,490,540,560,560,510,400,310,450,320,210,180,270,70,40,260,530,960,1600,2370,2860,3400,3960,4520,5030,5430,5740,6190,6510,6720,6900,7170,7240,7280
G5B,Quebec,,,4820,230,190,260,300,340,270,280,280,220,260,200,160,280,210,200,190,680,240,30,230,420,680,980,1320,1590,1870,2150,2370,2630,2830,2990,3270,3480,3680,3870,4550,4790,4820
G5C,Quebec,Baie-Comeau,,9530,330,330,490,700,910,620,560,610,580,600,470,410,640,440,370,340,920,170,40,330,660,1150,1850,2760,3380,3940,4550,5130,5730,6200,6610,7250,7690,8060,8400,9320,9490,9530
G5H,Quebec,,,5750,240,220,430,740,700,410,420,380,380,310,220,220,340,230,150,110,190,50,10,240,460,890,1630,2330,2740,3160,3540,3920,4230,4450,4670,5010,5240,5390,5500,5690,5740,5750
G5J,Quebec,,,5180,170,200,370,530,620,380,370,320,290,280,250,220,320,210,220,110,200,90,30,170,370,740,1270,1890,2270,2640,2960,3250,3530,3780,4000,4320,4530,4750,4860,5060,5150,5180
G5L,Quebec,Rimouski,,24830,970,840,1380,2180,2730,1860,1840,1880,1650,1630,1230,1090,1590,1110,770,650,970,310,150,970,1810,3190,5370,8100,9960,11800,13680,15330,16960,18190,19280,20870,21980,22750,23400,24370,24680,24830
G5M,Quebec,Rimouski,,7270,240,230,350,410,460,390,430,450,440,490,440,370,610,480,370,360,550,140,60,240,470,820,1230,1690,2080,2510,2960,3400,3890,4330,4700,5310,5790,6160,6520,7070,7210,7270
G5N,Quebec,Rimouski,,7000,220,220,330,410,450,360,380,450,430,480,400,340,600,460,330,310,550,180,100,220,440,770,1180,1630,1990,2370,2820,3250,3730,4130,4470,5070,5530,5860,6170,6720,6900,7000
G5R,Quebec,Rivière-du-Loup,,16940,580,590,920,1510,1710,1220,1210,1180,1100,1080,890,770,1200,820,670,380,730,240,140,580,1170,2090,3600,5310,6530,7740,8920,10020,11100,11990,12760,13960,14780,15450,15830,16560,16800,16940
G5T,Quebec,,,2530,80,110,200,270,310,200,170,160,160,180,130,110,150,100,90,30,60,20,0,80,190,390,660,970,1170,1340,1500,1660,1840,1970,2080,2230,2330,2420,2450,2510,2530,2530
G5V,Quebec,,,9720,320,360,630,980,1130,730,590,690,670,680,550,430,600,390,290,200,330,100,50,320,680,1310,2290,3420,4150,4740,5430,6100,6780,7330,7760,8360,8750,9040,9240,9570,9670,9720
G5X,Quebec,,,5170,190,160,320,480,530,360,340,330,340,350,290,260,390,250,180,120,180,70,30,190,350,670,1150,1680,2040,2380,2710,3050,3400,3690,3950,4340,4590,4770,4890,5070,5140,5170
G5Y,Quebec,Saint-Georges,,19770,670,690,1280,1940,2210,1430,1340,1310,1280,1250,1070,940,1310,910,650,450,700,220,120,670,1360,2640,4580,6790,8220,9560,10870,12150,13400,14470,15410,16720,17630,18280,18730,19430,19650,19770
G5Z,Quebec,Saint-Georges,,6160,210,220,350,430,530,380,330,390,360,380,320,280,540,380,300,180,370,150,60,210,430,780,1210,1740,2120,2450,2840,3200,3580,3900,4180,4720,5100,5400,5580,5950,6100,6160
G6A,Quebec,Saint-Georges,,2050,70,90,110,130,130,120,90,110,110,140,100,90,170,150,120,90,150,50,30,70,160,270,400,530,650,740,850,960,1100,1200,1290,1460,1610,1730,1820,1970,2020,2050
G6B,Quebec,,,7180,230,290,460,710,850,550,460,440,440,440,410,320,480,340,200,170,270,90,30,230,520,980,1690,2540,3090,3550,3990,4430,4870,5280,5600,6080,6420,6620,6790,7060,7150,7180
G6C,Quebec,Québec,QUEBEC_CMA,6580,230,210,310,370,390,330,350,390,460,480,450,360,590,470,350,250,430,120,40,230,440,750,1120,1510,1840,2190,2580,3040,3520,3970,4330,4920,5390,5740,5990,6420,6540,6580
G6E,Quebec,Sainte-Marie,,11100,300,400,580,760,1000,770,710,740,710,670,680,570,860,670,480,350,560,190,100,300,700,1280,2040,3040,3810,4520,5260,5970,6640,7320,7890,8750,9420,9900,10250,10810,11000,11100
G6G,Quebec,Thetford Mines,,17180,590,670,1110,1630,2160,1350,1250,1210,1100,990,930,750,1080,650,530,360,560,160,100,590,1260,2370,4000,6160,7510,8760,9970,11070,12060,12990,13740,14820,15470,16000,16360,16920,17080,17180
G6H,Quebec,Thetford Mines,,6050,210,230,390,520,680,530,430,460,440,390,320,280,380,250,190,120,170,40,20,210,440,830,1350,2030,2560,2990,3450,3890,4280,4600,4880,5260,5510,5700,5820,5990,6030,6050
G6J,Quebec,Québec,QUEBEC_CMA,8700,320,300,400,460,520,440,470,510,500,570,510,460,820,630,520,370,680,170,50,320,620,1020,1480,2000,2440,2910,3420,3920,4490,5000,5460,6280,6910,7430,7800,8480,8650,8700
G6K,Quebec,Québec,QUEBEC_CMA,6620,250,240,300,320,330,310,310,340,350,370,340,310,540,500,450,360,680,230,90,250,490,790,1110,1440,1750,2060,2400,2750,3120,3460,3770,4310,4810,5260,5620,6300,6530,6620
G6L,Quebec,,,13150,440,430,960,1260,1530,960,910,920,930,930,740,660,800,560,370,240,360,90,60,440,870,1830,3090,4620,5580,6490,7410,8340,9270,10010,10670,11470,12030,12400,12640,13000,13090,13150
G6P,Quebec,Victoriaville,,24970,790,950,1720,2790,3400,1960,1750,1800,1630,1510,1100,980,1430,960,630,440,710,250,170,790,1740,3460,6250,9650,11610,13360,15160,16790,18300,19400,20380,21810,22770,23400,23840,24550,24800,24970
G6R,Quebec,Victoriaville,,3810,150,130,230,280,280,240,230,220,240,250,190,180,280,240,200,130,250,60,30,150,280,510,790,1070,1310,1540,1760,2000,2250,2440,2620,2900,3140,3340,3470,3720,3780,3810
G6S,Quebec,Victoriaville,,4510,130,170,290,300,440,300,280,290,320,290,260,200,330,230,180,140,240,90,30,130,300,590,890,1330,1630,1910,2200,2520,2810,3070,3270,3600,3830,4010,4150,4390,4480,4510
G6T,Quebec,Victoriaville,,9140,310,320,490,590,620,540,570,550,600,600,540,470,750,580,480,320,560,180,70,310,630,1120,1710,2330,2870,3440,3990,4590,5190,5730,6200,6950,7530,8010,8330,8890,9070,9140
G6V,Quebec,Québec,QUEBEC_CMA,27480,850,870,1330,2100,2730,1920,1810,1850,1780,1890,1570,1450,1970,1420,1090,810,1320,480,240,850,1720,3050,5150,7880,9800,11610,13460,15240,17130,18700,20150,22120,23540,24630,25440,26760,27240,27480
G6W,Quebec,Québec,QUEBEC_CMA,21400,710,590,920,1240,1600,1280,1240,1400,1350,1390,1280,1120,1770,1350,1110,880,1470,490,210,710,1300,2220,3460,5060,6340,7580,8980,10330,11720,13000,14120,15890,17240,18350,19230,20700,21190,21400
G6X,Quebec,Québec,QUEBEC_CMA,7740,230,210,300,440,640,510,490,560,580,570,500,420,680,480,380,240,380,100,30,230,440,740,1180,1820,2330,2820,3380,3960,4530,5030,5450,6130,6610,6990,7230,7610,7710,7740
G6Y,Quebec,Québec,QUEBEC_CMA,5810,200,190,270,300,300,300,290,310,300,370,290,300,480,420,340,300,550,210,90,200,390,660,960,1260,1560,1850,2160,2460,2830,3120,3420,3900,4320,4660,4960,5510,5720,5810
G6Z,Quebec,Québec,QUEBEC_CMA,19540,650,640,780,890,1140,920,960,1060,1130,1270,1100,1010,1770,1390,1270,1010,1790,550,210,650,1290,2070,2960,4100,5020,5980,7040,8170,9440,10540,11550,13320,14710,15980,16990,18780,19330,19540
G7A,Quebec,Québec,QUEBEC_CMA,20870,750,730,880,1030,1250,980,950,1030,1020,1240,1090,970,1680,1420,1300,1120,2250,820,360,750,1480,2360,3390,4640,5620,6570,7600,8620,9860,10950,11920,13600,15020,16320,17440,19690,20510,20870
G7B,Quebec,Saguenay,,14810,510,490,840,1160,1430,1010,970,1040,880,890,810,640,1100,780,660,370,940,240,50,510,1000,1840,3000,4430,5440,6410,7450,8330,9220,10030,10670,11770,12550,13210,13580,14520,14760,14810
G7G,Quebec,Saguenay,,13750,540,530,730,980,1160,930,860,900,880,900,750,660,1020,750,600,380,880,220,80,540,1070,1800,2780,3940,4870,5730,6630,7510,8410,9160,9820,10840,11590,12190,12570,13450,13670,13750
G7H,Quebec,Saguenay,,24360,1150,870,1240,2060,2380,1600,1410,1450,1410,1490,1250,1030,1630,1160,1000,650,1590,670,320,1150,2020,3260,5320,7700,9300,10710,12160,13570,15060,16310,17340,18970,20130,21130,21780,23370,24040,24360
G7J,Quebec,Saguenay,,12130,450,460,690,950,1040,800,750,820,750,800,660,550,840,620,510,330,760,240,110,450,910,1600,2550,3590,4390,5140,5960,6710,7510,8170,8720,9560,10180,10690,11020,11780,12020,12130
G7K,Quebec,Saguenay,,710,20,20,40,40,50,50,50,50,50,40,50,40,60,40,30,20,40,20,0,20,40,80,120,170,220,270,320,370,410,460,500,560,600,630,650,690,710,710
G7N,Quebec,,,5270,220,180,210,300,320,280,270,280,310,290,290,240,440,350,370,190,510,150,70,220,400,610,910,1230,1510,1780,2060,2370,2660,2950,3190,3630,3980,4350,4540,5050,5200,5270
G7P,Quebec,,,6130,260,210,310,420,480,410,360,370,360,380,330,310,490,350,280,170,490,120,30,260,470,780,1200,1680,2090,2450,2820,3180,3560,3890,4200,4690,5040,5320,5490,5980,6100,6130
G7S,Quebec,Saguenay,,16220,530,540,770,950,1120,920,900,950,990,1060,980,880,1310,920,900,610,1360,410,120,530,1070,1840,2790,3910,4830,5730,6680,7670,8730,9710,10590,11900,12820,13720,14330,15690,16100,16220
G7T,Quebec,Saguenay,,1300,40,30,40,60,50,70,60,60,80,90,80,70,120,80,110,60,150,50,0,40,70,110,170,220,290,350,410,490,580,660,730,850,930,1040,1100,1250,1300,1300
G7X,Quebec,Saguenay,,21580,880,850,1270,2050,2170,1570,1500,1470,1380,1350,1170,980,1420,940,700,470,1010,280,120,880,1730,3000,5050,7220,8790,10290,11760,13140,14490,15660,16640,18060,19000,19700,20170,21180,21460,21580
G7Y,Quebec,Saguenay,,550,20,20,20,40,40,30,30,40,30,40,40,30,60,30,30,10,40,0,0,20,40,60,100,140,170,200,240,270,310,350,380,440,470,500,510,550,550,550
G7Z,Quebec,Saguenay,,2250,90,80,120,130,140,140,120,120,140,140,140,110,200,110,130,70,200,60,10,90,170,290,420,560,700,820,940,1080,1220,1360,1470,1670,1780,1910,1980,2180,2240,2250
G8A,Quebec,Saguenay,,5010,180,170,250,370,490,330,360,350,320,320,280,260,350,240,200,120,300,90,30,180,350,600,970,1460,1790,2150,2500,2820,3140,3420,3680,4030,4270,4470,4590,4890,4980,5010
G8B,Quebec,Alma,,18790,710,790,1240,1630,1870,1310,1240,1280,1150,1270,980,870,1150,850,710,420,940,280,100,710,1500,2740,4370,6240,7550,8790,10070,11220,12490,13470,14340,15490,16340,17050,17470,18410,18690,18790
G8C,Quebec,Alma,,3790,130,140,190,210,210,200,190,200,200,220,200,220,300,220,240,160,410,100,50,130,270,460,670,880,1080,1270,1470,1670,1890,2090,2310,2610,2830,3070,3230,3640,3740,3790
G8E,Quebec,Alma,,3230,150,130,190,230,280,240,190,190,230,210,160,170,220,140,130,90,210,50,20,150,280,470,700,980,1220,1410,1600,1830,2040,2200,2370,2590,2730,2860,2950,3160,3210,3230
G8G,Quebec,,,3320,130,120,210,260,320,230,230,220,200,220,200,160,240,160,110,60,190,40,20,130,250,460,720,1040,1270,1500,1720,1920,2140,2340,2500,2740,2900,3010,3070,3260,3300,3320
G8H,Quebec,,,8410,350,370,520,760,900,600,540,620,550,530,420,340,540,410,300,160,350,100,50,350,720,1240,2000,2900,3500,4040,4660,5210,5740,6160,6500,7040,7450,7750,7910,8260,8360,8410
G8J,Quebec,,,3460,180,140,240,300,300,250,230,200,210,210,170,160,230,190,170,70,150,40,20,180,320,560,860,1160,1410,1640,1840,2050,2260,2430,2590,2820,3010,3180,3250,3400,3440,3460
G8K,Quebec,,,8870,420,400,570,710,870,570,530,560,550,550,460,380,570,470,390,240,440,130,60,420,820,1390,2100,2970,3540,4070,4630,5180,5730,6190,6570,7140,7610,8000,8240,8680,8810,8870
G8L,Quebec,,,12210,480,520,790,1230,1430,800,810,830,730,660,570,490,730,600,490,270,540,160,80,480,1000,1790,3020,4450,5250,6060,6890,7620,8280,8850,9340,10070,10670,11160,11430,11970,12130,12210
G8M,Quebec,,,4350,170,180,280,400,410,270,260,300,300,240,200,200,320,250,200,110,190,60,10,170,350,630,1030,1440,1710,1970,2270,2570,2810,3010,3210,3530,3780,3980,4090,4280,4340,4350
G8N,Quebec,,,2110,90,80,150,170,220,140,130,150,120,110,110,100,150,100,80,60,110,40,0,90,170,320,490,710,850,980,1130,1250,1360,1470,1570,1720,1820,1900,1960,2070,2110,2110
G8P,Quebec,,,5900,250,200,330,350,480,340,300,270,260,260,280,270,500,410,340,290,570,150,50,250,450,780,1130,1610,1950,2250,2520,2780,3040,3320,3590,4090,4500,4840,5130,5700,5850,5900
G8T,Quebec,Trois-Rivières,MAURICIE,23290,870,930,1490,2510,2950,1940,1750,1730,1590,1460,1120,890,1270,900,570,450,640,180,50,870,1800,3290,5800,8750,10690,12440,14170,15760,17220,18340,19230,20500,21400,21970,22420,23060,23240,23290
G8V,Quebec,Trois-Rivières,MAURICIE,8400,290,280,390,490,580,540,480,530,540,550,460,440,650,500,440,340,670,170,60,290,570,960,1450,2030,2570,3050,3580,4120,4670,5130,5570,6220,6720,7160,7500,8170,8340,8400
G8W,Quebec,Trois-Rivières,MAURICIE,9290,320,340,460,630,790,570,550,540,570,610,520,480,650,520,390,330,700,220,100,320,660,1120,1750,2540,3110,3660,4200,4770,5380,5900,6380,7030,7550,7940,8270,8970,9190,9290
G8Y,Quebec,Trois-Rivières,MAURICIE,28040,1250,1060,1420,1950,2460,1840,1720,1780,1710,1820,1450,1280,1970,1570,1130,950,1790,620,270,1250,2310,3730,5680,8140,9980,11700,13480,15190,17010,18460,19740,21710,23280,24410,25360,27150,27770,28040
G8Z,Quebec,Trois-Rivières,MAURICIE,11350,720,540,750,1140,1330,920,780,760,740,680,530,440,610,400,280,210,350,120,50,720,1260,2010,3150,4480,5400,6180,6940,7680,8360,8890,9330,9940,10340,10620,10830,11180,11300,11350
G9A,Quebec,Trois-Rivières,MAURICIE,16800,720,880,1240,2050,2320,1430,1190,1150,930,940,710,570,860,500,400,260,430,140,80,720,1600,2840,4890,7210,8640,9830,10980,11910,12850,13560,14130,14990,15490,15890,16150,16580,16720,16800
G9B,Quebec,Trois-Rivières,MAURICIE,15740,590,500,720,950,1100,890,830,940,920,1010,860,760,1270,900,830,620,1350,450,250,590,1090,1810,2760,3860,4750,5580,6520,7440,8450,9310,10070,11340,12240,13070,13690,15040,15490,15740
G9C,Quebec,Trois-Rivières,MAURICIE,3140,120,110,130,170,190,160,150,190,170,200,170,170,250,230,170,140,310,80,30,120,230,360,530,720,880,1030,1220,1390,1590,1760,1930,2180,2410,2580,2720,3030,3110,3140
G9H,Quebec,Trois-Rivières,MAURICIE,11450,420,410,580,820,1050,760,660,740,710,740,560,530,880,600,490,380,810,210,100,420,830,1410,2230,3280,4040,4700,5440,6150,6890,7450,7980,8860,9460,9950,10330,11140,11350,11450
G9N,Quebec,Shawinigan,,13710,560,700,960,1860,1840,1080,970,950,850,770,630,480,690,420,320,200,300,90,40,560,1260,2220,4080,5920,7000,7970,8920,9770,10540,11170,11650,12340,12760,13080,13280,13580,13670,13710
G9P,Quebec,Shawinigan,,10210,330,340,590,830,1110,710,660,800,680,750,530,480,650,510,370,260,450,110,50,330,670,1260,2090,3200,3910,4570,5370,6050,6800,7330,7810,8460,8970,9340,9600,10050,10160,10210
G9R,Quebec,Shawinigan,,1910,70,70,90,120,160,120,110,110,130,100,90,100,150,110,110,80,130,40,20,70,140,230,350,510,630,740,850,980,1080,1170,1270,1420,1530,1640,1720,1850,1890,1910
G9T,Quebec,Shawinigan,,13810,500,530,840,1390,1660,1030,1020,970,930,940,710,560,830,540,400,280,450,130,100,500,1030,1870,3260,4920,5950,6970,7940,8870,9810,10520,11080,11910,12450,12850,13130,13580,13710,13810
G9X,Quebec,,,8930,420,410,500,740,900,620,590,610,570,560,480,380,520,410,370,290,440,80,40,420,830,1330,2070,2970,3590,4180,4790,5360,5920,6400,6780,7300,7710,8080,8370,8810,8890,8930
H0M,,,,1320,910,80,80,120,60,30,20,10,10,0,0,0,0,0,0,0,0,0,0,910,990,1070,1190,1250,1280,1300,1310,1320,1320,1320,1320,1320,1320,1320,1320,1320,1320,1320
H1A,Quebec,Montréal,MONTREAL_CMA,27140,1240,970,1380,2090,2360,1930,1670,1770,1780,1800,1480,1360,1990,1490,1100,890,1390,340,110,1240,2210,3590,5680,8040,9970,11640,13410,15190,16990,18470,19830,21820,23310,24410,25300,26690,27030,27140
H1B,Quebec,Montréal,MONTREAL_CMA,16500,830,660,930,1490,1570,1160,1100,1130,1140,1000,820,770,1230,850,590,370,670,140,50,830,1490,2420,3910,5480,6640,7740,8870,10010,11010,11830,12600,13830,14680,15270,15640,16310,16450,16500
H1C,Quebec,Montréal,MONTREAL_CMA,11490,770,430,640,820,780,660,660,660,620,650,580,510,890,650,540,450,840,250,90,770,1200,1840,2660,3440,4100,4760,5420,6040,6690,7270,7780,8670,9320,9860,10310,11150,11400,11490
H1E,Quebec,Montréal,MONTREAL_CMA,35730,2000,1470,2210,3220,3780,2680,2440,2200,2220,1990,1720,1450,2280,1580,1240,870,1650,530,200,2000,3470,5680,8900,12680,15360,17800,20000,22220,24210,25930,27380,29660,31240,32480,33350,35000,35530,35730
H1G,Quebec,Montréal,MONTREAL_CMA,38240,2800,2260,2710,4230,4320,3360,2950,2780,2440,2050,1690,1360,1850,1120,790,490,720,220,100,2800,5060,7770,12000,16320,19680,22630,25410,27850,29900,31590,32950,34800,35920,36710,37200,37920,38140,38240
H1H,Quebec,Montréal,MONTREAL_CMA,28760,2400,1560,2030,3030,3440,2480,2140,2000,1720,1530,1220,990,1510,850,660,410,610,140,40,2400,3960,5990,9020,12460,14940,17080,19080,20800,22330,23550,24540,26050,26900,27560,27970,28580,28720,28760
H1J,Quebec,Montréal,MONTREAL_CMA,8700,560,390,450,690,840,620,560,540,520,510,410,390,570,430,310,230,430,180,70,560,950,1400,2090,2930,3550,4110,4650,5170,5680,6090,6480,7050,7480,7790,8020,8450,8630,8700
H1K,Quebec,Montréal,MONTREAL_CMA,28230,1990,1230,1580,2170,2360,1880,1620,1660,1670,1600,1400,1190,1880,1470,1130,910,1740,520,230,1990,3220,4800,6970,9330,11210,12830,14490,16160,17760,19160,20350,22230,23700,24830,25740,27480,28000,28230
H1L,Quebec,Montréal,MONTREAL_CMA,27080,1520,1220,1490,2300,2500,2020,1810,1800,1790,1590,1300,1180,1830,1330,1010,740,1260,300,90,1520,2740,4230,6530,9030,11050,12860,14660,16450,18040,19340,20520,22350,23680,24690,25430,26690,26990,27080
H1M,Quebec,Montréal,MONTREAL_CMA,24390,1510,910,1200,1860,2270,1850,1510,1600,1530,1400,1160,1040,1640,1230,950,700,1380,470,180,1510,2420,3620,5480,7750,9600,11110,12710,14240,15640,16800,17840,19480,20710,21660,22360,23740,24210,24390
H1N,Quebec,Montréal,MONTREAL_CMA,19310,1300,800,1090,1680,1910,1380,1200,1260,1230,1100,940,760,1210,880,700,550,1000,230,90,1300,2100,3190,4870,6780,8160,9360,10620,11850,12950,13890,14650,15860,16740,17440,17990,18990,19220,19310
H1P,Quebec,Montréal,MONTREAL_CMA,14490,1140,670,850,1300,1460,1170,980,910,840,780,600,550,880,610,440,300,640,250,120,1140,1810,2660,3960,5420,6590,7570,8480,9320,10100,10700,11250,12130,12740,13180,13480,14120,14370,14490
H1R,Quebec,Montréal,MONTREAL_CMA,24070,1990,1200,1480,2170,2530,2010,1680,1540,1390,1230,1080,890,1310,940,660,500,940,350,180,1990,3190,4670,6840,9370,11380,13060,14600,15990,17220,18300,19190,20500,21440,22100,22600,23540,23890,24070
H1S,Quebec,Montréal,MONTREAL_CMA,20810,1870,1010,1290,1880,2370,1840,1470,1380,1140,1060,880,770,1090,770,570,390,700,230,100,1870,2880,4170,6050,8420,10260,11730,13110,14250,15310,16190,16960,18050,18820,19390,19780,20480,20710,20810
H1T,Quebec,Montréal,MONTREAL_CMA,25070,1750,1060,1330,2340,2270,1800,1530,1460,1440,1340,1100,930,1550,1220,980,700,1370,580,320,1750,2810,4140,6480,8750,10550,12080,13540,14980,16320,17420,18350,19900,21120,22100,22800,24170,24750,25070
H1V,Quebec,Montréal,MONTREAL_CMA,17510,950,810,1000,1690,1440,1090,1010,930,970,930,830,750,1230,940,820,540,1150,330,100,950,1760,2760,4450,5890,6980,7990,8920,9890,10820,11650,12400,13630,14570,15390,15930,17080,17410,17510
H1W,Quebec,Montréal,MONTREAL_CMA,23540,1280,1220,1420,2130,2030,1630,1480,1430,1400,1280,1120,980,1530,1280,950,700,1250,330,100,1280,2500,3920,6050,8080,9710,11190,12620,14020,15300,16420,17400,18930,20210,21160,21860,23110,23440,23540
H1X,Quebec,Montréal,MONTREAL_CMA,24030,1510,1050,1370,2180,2230,1660,1450,1370,1330,1260,1110,950,1540,1130,980,760,1520,450,180,1510,2560,3930,6110,8340,10000,11450,12820,14150,15410,16520,17470,19010,20140,21120,21880,23400,23850,24030
H1Y,Quebec,Montréal,MONTREAL_CMA,22850,1170,870,1030,1590,1830,1410,1310,1240,1210,1230,1050,1020,1620,1260,1130,900,2010,680,290,1170,2040,3070,4660,6490,7900,9210,10450,11660,12890,13940,14960,16580,17840,18970,19870,21880,22560,22850
H1Z,Quebec,Montréal,MONTREAL_CMA,27040,2640,1840,2330,3220,2990,2470,2100,1830,1610,1290,1010,820,1050,650,400,290,400,80,20,2640,4480,6810,10030,13020,15490,17590,19420,21030,22320,23330,24150,25200,25850,26250,26540,26940,27020,27040
H2A,Quebec,Montréal,MONTREAL_CMA,15290,1370,920,1180,1670,1640,1200,1140,900,810,700,590,530,740,550,400,290,500,120,40,1370,2290,3470,5140,6780,7980,9120,10020,10830,11530,12120,12650,13390,13940,14340,14630,15130,15250,15290
H2B,Quebec,Montréal,MONTREAL_CMA,13950,910,610,810,1290,1280,1050,900,850,870,740,630,520,940,660,510,380,720,200,80,910,1520,2330,3620,4900,5950,6850,7700,8570,9310,9940,10460,11400,12060,12570,12950,13670,13870,13950
H2C,Quebec,Montréal,MONTREAL_CMA,14190,850,590,680,1000,1160,850,780,790,740,720,660,610,1000,800,640,510,1100,490,220,850,1440,2120,3120,4280,5130,5910,6700,7440,8160,8820,9430,10430,11230,11870,12380,13480,13970,14190
H2E,Quebec,Montréal,MONTREAL_CMA,18480,1410,910,1210,1880,1790,1400,1200,1080,1070,950,750,690,1150,760,620,460,780,280,90,1410,2320,3530,5410,7200,8600,9800,10880,11950,12900,13650,14340,15490,16250,16870,17330,18110,18390,18480
H2G,Quebec,Montréal,MONTREAL_CMA,17310,910,710,910,1360,1350,1050,950,980,910,880,780,690,1270,960,870,670,1370,470,220,910,1620,2530,3890,5240,6290,7240,8220,9130,10010,10790,11480,12750,13710,14580,15250,16620,17090,17310
H2H,Quebec,Montréal,MONTREAL_CMA,11250,590,430,530,790,790,650,570,570,600,580,530,470,910,670,600,470,970,380,150,590,1020,1550,2340,3130,3780,4350,4920,5520,6100,6630,7100,8010,8680,9280,9750,10720,11100,11250
H2J,Quebec,Montréal,MONTREAL_CMA,20850,1310,800,960,1260,1270,1040,1040,890,930,930,850,780,1460,1290,1150,930,2310,1080,570,1310,2110,3070,4330,5600,6640,7680,8570,9500,10430,11280,12060,13520,14810,15960,16890,19200,20280,20850
H2K,Quebec,Montréal,MONTREAL_CMA,22780,1580,1120,1400,2270,1970,1590,1360,1340,1170,1100,1000,880,1460,1120,970,670,1300,370,110,1580,2700,4100,6370,8340,9930,11290,12630,13800,14900,15900,16780,18240,19360,20330,21000,22300,22670,22780
H2L,Quebec,Montréal,MONTREAL_CMA,21710,1650,1060,1240,2090,1760,1140,1100,1030,1010,960,850,820,1320,1110,900,720,1800,710,440,1650,2710,3950,6040,7800,8940,10040,11070,12080,13040,13890,14710,16030,17140,18040,18760,20560,21270,21710
H2M,Quebec,Montréal,MONTREAL_CMA,15110,810,580,880,1070,1130,920,860,810,820,840,730,640,1120,870,740,600,1150,380,160,810,1390,2270,3340,4470,5390,6250,7060,7880,8720,9450,10090,11210,12080,12820,13420,14570,14950,15110
H2N,Quebec,Montréal,MONTREAL_CMA,5170,420,250,400,550,530,460,400,330,280,240,210,160,280,160,140,100,190,40,30,420,670,1070,1620,2150,2610,3010,3340,3620,3860,4070,4230,4510,4670,4810,4910,5100,5140,5170
H2P,Quebec,Montréal,MONTREAL_CMA,11340,650,440,560,810,810,660,620,600,580,620,570,510,860,640,630,460,920,290,110,650,1090,1650,2460,3270,3930,4550,5150,5730,6350,6920,7430,8290,8930,9560,10020,10940,11230,11340
H2R,Quebec,Montréal,MONTREAL_CMA,18170,1020,700,850,1400,1380,1060,910,920,910,880,800,770,1350,1100,930,700,1620,580,290,1020,1720,2570,3970,5350,6410,7320,8240,9150,10030,10830,11600,12950,14050,14980,15680,17300,17880,18170
H2S,Quebec,Montréal,MONTREAL_CMA,21630,1210,810,1050,1670,1660,1190,1150,1050,1150,1030,950,900,1550,1330,1120,870,1850,750,340,1210,2020,3070,4740,6400,7590,8740,9790,10940,11970,12920,13820,15370,16700,17820,18690,20540,21290,21630
H2T,Quebec,Montréal,MONTREAL_CMA,12750,980,550,650,1130,1010,780,660,540,550,540,470,440,760,630,620,450,1170,550,270,980,1530,2180,3310,4320,5100,5760,6300,6850,7390,7860,8300,9060,9690,10310,10760,11930,12480,12750
H2V,Quebec,Montréal,MONTREAL_CMA,22440,2060,1030,1230,1450,1490,1270,1010,900,850,840,730,640,1130,1010,910,730,2180,1470,1510,2060,3090,4320,5770,7260,8530,9540,10440,11290,12130,12860,13500,14630,15640,16550,17280,19460,20930,22440
H2W,Quebec,Montréal,MONTREAL_CMA,8520,910,440,480,710,680,480,410,350,370,350,300,270,460,390,380,290,700,350,200,910,1350,1830,2540,3220,3700,4110,4460,4830,5180,5480,5750,6210,6600,6980,7270,7970,8320,8520
H2X,Quebec,Montréal,MONTREAL_CMA,15990,2750,1170,1170,1630,1180,850,760,630,590,540,480,420,730,590,500,400,880,460,260,2750,3920,5090,6720,7900,8750,9510,10140,10730,11270,11750,12170,12900,13490,13990,14390,15270,15730,15990
H2Y,Quebec,Montréal,MONTREAL_CMA,3090,230,110,150,190,170,120,110,90,100,90,100,80,180,170,160,110,370,280,280,230,340,490,680,850,970,1080,1170,1270,1360,1460,1540,1720,1890,2050,2160,2530,2810,3090
H2Z,Quebec,Montréal,MONTREAL_CMA,2950,340,160,210,300,200,150,100,100,90,80,80,90,150,130,120,90,280,150,130,340,500,710,1010,1210,1360,1460,1560,1650,1730,1810,1900,2050,2180,2300,2390,2670,2820,2950
H3A,Quebec,Montréal,MONTREAL_CMA,3760,1110,230,210,240,210,150,120,100,100,70,80,80,120,140,120,90,230,190,170,1110,1340,1550,1790,2000,2150,2270,2370,2470,2540,2620,2700,2820,2960,3080,3170,3400,3590,3760
H3B,Quebec,Montréal,MONTREAL_CMA,15270,1330,450,2060,7200,2000,470,270,190,150,110,80,80,120,90,90,60,180,140,200,1330,1780,3840,11040,13040,13510,13780,13970,14120,14230,14310,14390,14510,14600,14690,14750,14930,15070,15270
H3C,Quebec,Montréal,MONTREAL_CMA,14600,1590,550,560,580,600,540,470,440,440,500,460,470,920,960,850,720,2200,1070,680,1590,2140,2700,3280,3880,4420,4890,5330,5770,6270,6730,7200,8120,9080,9930,10650,12850,13920,14600
H3E,Quebec,Montréal,MONTREAL_CMA,17620,1510,600,670,870,940,770,740,670,620,720,610,580,1060,970,820,700,2110,1480,1180,1510,2110,2780,3650,4590,5360,6100,6770,7390,8110,8720,9300,10360,11330,12150,12850,14960,16440,17620
H3G,Quebec,Montréal,MONTREAL_CMA,8780,1970,430,470,500,510,350,300,280,260,260,230,200,410,360,290,240,660,460,600,1970,2400,2870,3370,3880,4230,4530,4810,5070,5330,5560,5760,6170,6530,6820,7060,7720,8180,8780
H3H,Quebec,Montréal,MONTREAL_CMA,16830,3730,1200,1270,1510,1250,880,770,670,590,510,470,390,650,590,470,330,790,400,360,3730,4930,6200,7710,8960,9840,10610,11280,11870,12380,12850,13240,13890,14480,14950,15280,16070,16470,16830
H3J,Quebec,Montréal,MONTREAL_CMA,9240,840,650,710,980,730,480,350,380,330,300,270,240,410,360,360,250,800,470,330,840,1490,2200,3180,3910,4390,4740,5120,5450,5750,6020,6260,6670,7030,7390,7640,8440,8910,9240
H3K,Quebec,Montréal,MONTREAL_CMA,12020,770,660,780,1220,950,670,600,570,520,460,430,380,690,560,510,410,1060,510,270,770,1430,2210,3430,4380,5050,5650,6220,6740,7200,7630,8010,8700,9260,9770,10180,11240,11750,12020
H3L,Quebec,Montréal,MONTREAL_CMA,16130,1120,720,890,1270,1150,900,890,920,800,760,740,610,1040,810,680,570,1280,610,370,1120,1840,2730,4000,5150,6050,6940,7860,8660,9420,10160,10770,11810,12620,13300,13870,15150,15760,16130
H3M,Quebec,Montréal,MONTREAL_CMA,12370,1080,640,910,1300,1260,920,750,690,590,530,470,380,590,480,350,320,670,280,160,1080,1720,2630,3930,5190,6110,6860,7550,8140,8670,9140,9520,10110,10590,10940,11260,11930,12210,12370
H3N,Quebec,Montréal,MONTREAL_CMA,23170,2500,1930,2320,3160,2910,2290,1690,1370,1050,830,650,430,670,440,300,170,340,80,40,2500,4430,6750,9910,12820,15110,16800,18170,19220,20050,20700,21130,21800,22240,22540,22710,23050,23130,23170
H3P,Quebec,Montréal,MONTREAL_CMA,7940,760,350,380,430,420,330,280,230,230,240,230,200,350,370,340,260,840,830,870,760,1110,1490,1920,2340,2670,2950,3180,3410,3650,3880,4080,4430,4800,5140,5400,6240,7070,7940
H3R,Quebec,Montréal,MONTREAL_CMA,7780,700,360,400,480,380,330,270,240,280,210,200,190,370,330,290,250,800,740,960,700,1060,1460,1940,2320,2650,2920,3160,3440,3650,3850,4040,4410,4740,5030,5280,6080,6820,7780
H3S,Quebec,Montréal,MONTREAL_CMA,25330,3100,1680,2030,2530,2320,1940,1760,1570,1300,1060,910,670,1050,710,570,450,910,400,370,3100,4780,6810,9340,11660,13600,15360,16930,18230,19290,20200,20870,21920,22630,23200,23650,24560,24960,25330
H3T,Quebec,Montréal,MONTREAL_CMA,10040,1690,660,740,930,790,590,510,460,390,330,320,320,460,360,290,240,490,270,200,1690,2350,3090,4020,4810,5400,5910,6370,6760,7090,7410,7730,8190,8550,8840,9080,9570,9840,10040
H3V,Quebec,Montréal,MONTREAL_CMA,5560,880,290,300,400,450,340,280,300,250,270,230,210,350,230,220,140,280,100,40,880,1170,1470,1870,2320,2660,2940,3240,3490,3760,3990,4200,4550,4780,5000,5140,5420,5520,5560
H3W,Quebec,Montréal,MONTREAL_CMA,23950,2510,1370,1670,2670,2270,1920,1790,1590,1310,970,800,630,1000,680,550,390,970,480,380,2510,3880,5550,8220,10490,12410,14200,15790,17100,18070,18870,19500,20500,21180,21730,22120,23090,23570,23950
H3X,Quebec,Montréal,MONTREAL_CMA,18920,1850,900,1010,1420,1380,1120,930,920,850,750,740,570,950,800,710,560,1400,990,1070,1850,2750,3760,5180,6560,7680,8610,9530,10380,11130,11870,12440,13390,14190,14900,15460,16860,17850,18920
H3Y,Quebec,Montréal,MONTREAL_CMA,7560,700,300,310,300,270,230,190,190,180,180,150,170,270,250,260,230,770,880,1730,700,1000,1310,1610,1880,2110,2300,2490,2670,2850,3000,3170,3440,3690,3950,4180,4950,5830,7560
H3Z,Quebec,Montréal,MONTREAL_CMA,9280,860,350,390,510,600,390,310,350,330,310,290,260,490,450,370,320,980,790,930,860,1210,1600,2110,2710,3100,3410,3760,4090,4400,4690,4950,5440,5890,6260,6580,7560,8350,9280
H4A,Quebec,Montréal,MONTREAL_CMA,20300,1650,930,1090,1450,1350,1030,980,910,790,810,700,670,1150,990,900,740,1940,1320,900,1650,2580,3670,5120,6470,7500,8480,9390,10180,10990,11690,12360,13510,14500,15400,16140,18080,19400,20300
H4B,Quebec,Montréal,MONTREAL_CMA,16210,1710,930,1070,1490,1450,1150,910,900,770,730,600,520,820,580,500,400,910,510,260,1710,2640,3710,5200,6650,7800,8710,9610,10380,11110,11710,12230,13050,13630,14130,14530,15440,15950,16210
H4C,Quebec,Montréal,MONTREAL_CMA,12980,820,650,730,1080,1040,690,670,640,610,600,510,500,840,730,600,480,1110,450,230,820,1470,2200,3280,4320,5010,5680,6320,6930,7530,8040,8540,9380,10110,10710,11190,12300,12750,12980
H4E,Quebec,Montréal,MONTREAL_CMA,23920,1700,1220,1510,2180,2300,1720,1570,1410,1370,1250,1100,910,1420,1090,840,630,1250,340,110,1700,2920,4430,6610,8910,10630,12200,13610,14980,16230,17330,18240,19660,20750,21590,22220,23470,23810,23920
H4G,Quebec,Montréal,MONTREAL_CMA,23560,1500,1040,1350,1990,2020,1520,1380,1370,1340,1200,1090,980,1610,1310,960,780,1470,480,170,1500,2540,3890,5880,7900,9420,10800,12170,13510,14710,15800,16780,18390,19700,20660,21440,22910,23390,23560
H4H,Quebec,Montréal,MONTREAL_CMA,15360,780,590,840,1510,1160,940,860,870,830,810,680,630,1030,840,680,570,1160,410,170,780,1370,2210,3720,4880,5820,6680,7550,8380,9190,9870,10500,11530,12370,13050,13620,14780,15190,15360
H4J,Quebec,Montréal,MONTREAL_CMA,13630,1380,860,990,1520,1270,970,860,820,680,640,500,430,630,450,390,300,590,240,110,1380,2240,3230,4750,6020,6990,7850,8670,9350,9990,10490,10920,11550,12000,12390,12690,13280,13520,13630
H4K,Quebec,Montréal,MONTREAL_CMA,9120,710,420,600,780,910,560,480,450,380,420,310,280,470,400,330,240,680,420,280,710,1130,1730,2510,3420,3980,4460,4910,5290,5710,6020,6300,6770,7170,7500,7740,8420,8840,9120
H4L,Quebec,Montréal,MONTREAL_CMA,28780,3150,1700,2170,2880,2760,1990,1820,1640,1410,1280,1040,900,1410,1020,860,660,1410,480,200,3150,4850,7020,9900,12660,14650,16470,18110,19520,20800,21840,22740,24150,25170,26030,26690,28100,28580,28780
H4M,Quebec,Montréal,MONTREAL_CMA,9980,1000,450,650,810,810,660,570,500,440,430,370,350,560,450,330,310,710,360,220,1000,1450,2100,2910,3720,4380,4950,5450,5890,6320,6690,7040,7600,8050,8380,8690,9400,9760,9980
H4N,Quebec,Montréal,MONTREAL_CMA,23110,3030,1560,1830,2430,2220,1730,1480,1340,1120,1010,820,720,1060,780,540,420,740,210,70,3030,4590,6420,8850,11070,12800,14280,15620,16740,17750,18570,19290,20350,21130,21670,22090,22830,23040,23110
H4P,Quebec,Montréal,MONTREAL_CMA,7330,880,340,470,610,530,400,370,360,340,320,260,240,430,350,270,250,550,230,130,880,1220,1690,2300,2830,3230,3600,3960,4300,4620,4880,5120,5550,5900,6170,6420,6970,7200,7330
H4R,Quebec,Montréal,MONTREAL_CMA,23950,2310,1100,1300,1730,1770,1290,1140,1040,1010,990,800,700,1300,1140,950,810,2300,1360,910,2310,3410,4710,6440,8210,9500,10640,11680,12690,13680,14480,15180,16480,17620,18570,19380,21680,23040,23950
H4S,Quebec,Montréal,MONTREAL_CMA,460,50,10,20,20,30,30,10,20,20,20,20,0,40,30,30,20,40,30,20,50,60,80,100,130,160,170,190,210,230,250,250,290,320,350,370,410,440,460
H4T,Quebec,Montréal,MONTREAL_CMA,30,20,0,0,0,0,0,0,0,0,0,0,0,0,0,0,0,0,0,10,20,20,20,20,20,20,20,20,20,20,20,20,20,20,20,20,20,20,30
H4V,Quebec,Montréal,MONTREAL_CMA,16040,1450,930,1010,1460,1540,1210,1010,950,860,770,600,540,790,630,470,360,830,420,210,1450,2380,3390,4850,6390,7600,8610,9560,10420,11190,11790,12330,13120,13750,14220,14580,15410,15830,16040
H4W,Quebec,Montréal,MONTREAL_CMA,20250,1840,900,1130,1670,1730,1350,1110,1000,950,870,770,650,1070,830,710,530,1450,940,750,1840,2740,3870,5540,7270,8620,9730,10730,11680,12550,13320,13970,15040,15870,16580,17110,18560,19500,20250
H4X,Quebec,Montréal,MONTREAL_CMA,5220,400,230,250,310,320,270,250,210,190,200,180,160,290,270,260,180,530,420,300,400,630,880,1190,1510,1780,2030,2240,2430,2630,2810,2970,3260,3530,3790,3970,4500,4920,5220
H4Y,,,,0,0,0,0,0,0,0,0,0,0,0,0,0,0,0,0,0,0,0,0,0,0,0,0,0,0,0,0,0,0,0,0,0,0,0,0,0,0,0
H4Z,,,,0,0,0,0,0,0,0,0,0,0,0,0,0,0,0,0,0,0,0,0,0,0,0,0,0,0,0,0,0,0,0,0,0,0,0,0,0,0,0
H5A,,,,0,0,0,0,0,0,0,0,0,0,0,0,0,0,0,0,0,0,0,0,0,0,0,0,0,0,0,0,0,0,0,0,0,0,0,0,0,0,0
H5B,,,,10,0,0,0,0,0,0,0,0,0,0,0,0,0,0,0,0,10,0,0,0,0,0,0,0,0,0,0,0,0,0,0,0,0,0,0,10,10,10
H7A,Quebec,Montréal,MONTREAL_CMA,16960,990,660,900,1180,1280,1070,1010,1060,1010,1040,940,780,1330,960,750,570,1030,300,100,990,1650,2550,3730,5010,6080,7090,8150,9160,10200,11140,11920,13250,14210,14960,15530,16560,16860,16960
H7B,Quebec,Montréal,MONTREAL_CMA,2240,110,70,100,140,150,140,130,110,140,140,140,110,170,150,150,100,130,40,20,110,180,280,420,570,710,840,950,1090,1230,1370,1480,1650,1800,1950,2050,2180,2220,2240
H7C,Quebec,Montréal,MONTREAL_CMA,6670,430,280,380,520,650,450,440,420,400,380,290,240,500,340,230,200,360,110,50,430,710,1090,1610,2260,2710,3150,3570,3970,4350,4640,4880,5380,5720,5950,6150,6510,6620,6670
H7E,Quebec,Montréal,MONTREAL_CMA,21650,1230,800,1050,1430,1470,1220,1140,1120,1110,1120,990,890,1600,1250,1040,890,1900,870,530,1230,2030,3080,4510,5980,7200,8340,9460,10570,11690,12680,13570,15170,16420,17460,18350,20250,21120,21650
H7G,Quebec,Montréal,MONTREAL_CMA,17680,1040,730,950,1540,1660,1260,1160,1150,1050,1040,840,750,1140,840,680,490,900,330,130,1040,1770,2720,4260,5920,7180,8340,9490,10540,11580,12420,13170,14310,15150,15830,16320,17220,17550,17680
H7H,Quebec,Montréal,MONTREAL_CMA,11000,600,410,540,720,670,620,570,630,610,640,550,560,870,740,590,490,900,220,70,600,1010,1550,2270,2940,3560,4130,4760,5370,6010,6560,7120,7990,8730,9320,9810,10710,10930,11000
H7J,Quebec,Montréal,MONTREAL_CMA,2150,80,80,80,140,180,230,170,130,100,110,90,80,130,130,80,80,160,60,40,80,160,240,380,560,790,960,1090,1190,1300,1390,1470,1600,1730,1810,1890,2050,2110,2150
H7K,Quebec,Montréal,MONTREAL_CMA,18630,1030,700,930,1180,1350,1060,930,1000,1040,980,920,800,1440,1130,980,740,1570,630,220,1030,1730,2660,3840,5190,6250,7180,8180,9220,10200,11120,11920,13360,14490,15470,16210,17780,18410,18630
H7L,Quebec,Montréal,MONTREAL_CMA,30110,1780,1210,1490,1740,2010,1620,1500,1510,1510,1570,1390,1320,2230,1760,1640,1450,2980,1020,380,1780,2990,4480,6220,8230,9850,11350,12860,14370,15940,17330,18650,20880,22640,24280,25730,28710,29730,30110
H7M,Quebec,Montréal,MONTREAL_CMA,23920,1290,820,1210,1810,2090,1640,1540,1460,1440,1430,1180,1060,1720,1340,920,750,1530,480,210,1290,2110,3320,5130,7220,8860,10400,11860,13300,14730,15910,16970,18690,20030,20950,21700,23230,23710,23920
H7N,Quebec,Montréal,MONTREAL_CMA,35380,2320,1450,2020,2990,3460,2530,2330,2230,2150,2020,1740,1410,2330,1680,1320,990,1730,490,190,2320,3770,5790,8780,12240,14770,17100,19330,21480,23500,25240,26650,28980,30660,31980,32970,34700,35190,35380
H7P,Quebec,Montréal,MONTREAL_CMA,30090,1850,1150,1620,2060,2380,1950,1750,1760,1710,1700,1430,1320,2130,1700,1330,1040,2060,770,380,1850,3000,4620,6680,9060,11010,12760,14520,16230,17930,19360,20680,22810,24510,25840,26880,28940,29710,30090
H7R,Quebec,Montréal,MONTREAL_CMA,24330,1590,980,1290,1770,1990,1560,1380,1380,1370,1280,1200,1060,1700,1320,1100,870,1700,540,250,1590,2570,3860,5630,7620,9180,10560,11940,13310,14590,15790,16850,18550,19870,20970,21840,23540,24080,24330
H7S,Quebec,Montréal,MONTREAL_CMA,6280,510,300,400,520,590,460,390,370,360,330,280,230,390,290,230,160,340,80,50,510,810,1210,1730,2320,2780,3170,3540,3900,4230,4510,4740,5130,5420,5650,5810,6150,6230,6280
H7T,Quebec,Montréal,MONTREAL_CMA,23340,1610,940,1380,1950,2120,1590,1420,1340,1240,1220,1050,910,1490,1120,850,740,1550,580,240,1610,2550,3930,5880,8000,9590,11010,12350,13590,14810,15860,16770,18260,19380,20230,20970,22520,23100,23340
H7V,Quebec,Montréal,MONTREAL_CMA,19500,1620,1060,1480,2080,2380,1620,1440,1210,1080,920,730,620,950,680,440,340,580,190,80,1620,2680,4160,6240,8620,10240,11680,12890,13970,14890,15620,16240,17190,17870,18310,18650,19230,19420,19500
H7W,Quebec,Montréal,MONTREAL_CMA,34880,2560,1590,2570,3850,3830,2660,2310,2120,1870,1650,1420,1120,1850,1340,1030,700,1500,600,310,2560,4150,6720,10570,14400,17060,19370,21490,23360,25010,26430,27550,29400,30740,31770,32470,33970,34570,34880
H7X,Quebec,Montréal,MONTREAL_CMA,22130,1590,960,1190,1610,1620,1370,1190,1130,1080,1090,910,810,1390,1140,1000,820,1910,870,450,1590,2550,3740,5350,6970,8340,9530,10660,11740,12830,13740,14550,15940,17080,18080,18900,20810,21680,22130
H7Y,Quebec,Montréal,MONTREAL_CMA,7750,550,330,350,440,430,320,310,310,320,340,310,260,530,430,430,390,980,500,220,550,880,1230,1670,2100,2420,2730,3040,3360,3700,4010,4270,4800,5230,5660,6050,7030,7530,7750
H8N,Quebec,Montréal,MONTREAL_CMA,27120,2500,1420,1880,2350,2550,2200,1790,1750,1520,1340,1190,1010,1590,1070,750,600,1130,370,110,2500,3920,5800,8150,10700,12900,14690,16440,17960,19300,20490,21500,23090,24160,24910,25510,26640,27010,27120
H8P,Quebec,Montréal,MONTREAL_CMA,18310,1100,760,1000,1440,1730,1320,1140,1100,1120,1040,870,770,1190,900,690,520,1080,380,160,1100,1860,2860,4300,6030,7350,8490,9590,10710,11750,12620,13390,14580,15480,16170,16690,17770,18150,18310
H8R,Quebec,Montréal,MONTREAL_CMA,24120,1780,1380,1660,2260,2300,1890,1750,1540,1460,1360,1080,890,1380,950,710,510,850,270,100,1780,3160,4820,7080,9380,11270,13020,14560,16020,17380,18460,19350,20730,21680,22390,22900,23750,24020,24120
H8S,Quebec,Montréal,MONTREAL_CMA,19690,1110,1040,1300,1830,1950,1410,1340,1250,1240,1090,880,800,1190,870,680,460,880,270,100,1110,2150,3450,5280,7230,8640,9980,11230,12470,13560,14440,15240,16430,17300,17980,18440,19320,19590,19690
H8T,Quebec,Montréal,MONTREAL_CMA,11860,640,450,530,750,860,650,590,600,590,560,500,490,800,680,600,530,1220,590,230,640,1090,1620,2370,3230,3880,4470,5070,5660,6220,6720,7210,8010,8690,9290,9820,11040,11630,11860
H8Y,Quebec,Montréal,MONTREAL_CMA,15280,1320,720,950,1280,1390,1020,960,900,880,800,630,560,910,690,500,430,860,320,160,1320,2040,2990,4270,5660,6680,7640,8540,9420,10220,10850,11410,12320,13010,13510,13940,14800,15120,15280
H8Z,Quebec,Montréal,MONTREAL_CMA,12360,940,510,760,1000,990,860,800,750,740,660,590,460,830,610,460,350,730,240,80,940,1450,2210,3210,4200,5060,5860,6610,7350,8010,8600,9060,9890,10500,10960,11310,12040,12280,12360
H9A,Quebec,Montréal,MONTREAL_CMA,12370,950,590,710,940,850,720,630,600,570,530,490,470,750,580,510,450,1040,580,410,950,1540,2250,3190,4040,4760,5390,5990,6560,7090,7580,8050,8800,9380,9890,10340,11380,11960,12370
H9B,Quebec,Montréal,MONTREAL_CMA,16960,1290,790,1050,1440,1420,1240,1110,1000,890,890,760,630,980,800,560,410,990,470,240,1290,2080,3130,4570,5990,7230,8340,9340,10230,11120,11880,12510,13490,14290,14850,15260,16250,16720,16960
H9C,Quebec,Montréal,MONTREAL_CMA,9700,650,390,490,550,640,510,450,480,460,440,410,410,680,570,450,360,1000,510,250,650,1040,1530,2080,2720,3230,3680,4160,4620,5060,5470,5880,6560,7130,7580,7940,8940,9450,9700
H9E,Quebec,Montréal,MONTREAL_CMA,2610,200,110,140,150,160,160,120,130,120,150,110,100,180,130,110,90,240,110,100,200,310,450,600,760,920,1040,1170,1290,1440,1550,1650,1830,1960,2070,2160,2400,2510,2610
H9G,Quebec,Montréal,MONTREAL_CMA,12650,900,520,700,920,980,770,720,720,640,690,550,480,760,680,560,420,990,420,230,900,1420,2120,3040,4020,4790,5510,6230,6870,7560,8110,8590,9350,10030,10590,11010,12000,12420,12650
H9H,Quebec,Montréal,MONTREAL_CMA,20450,1570,880,1120,1520,1570,1360,1150,1100,1080,1070,890,800,1340,1050,810,610,1440,730,360,1570,2450,3570,5090,6660,8020,9170,10270,11350,12420,13310,14110,15450,16500,17310,17920,19360,20090,20450
H9J,Quebec,Montréal,MONTREAL_CMA,17970,1400,860,1030,1290,1160,1000,970,860,860,860,730,670,1120,900,770,630,1550,840,470,1400,2260,3290,4580,5740,6740,7710,8570,9430,10290,11020,11690,12810,13710,14480,15110,16660,17500,17970
H9K,Quebec,Montréal,MONTREAL_CMA,7140,650,340,400,440,460,390,350,310,350,310,260,230,460,360,270,280,720,380,180,650,990,1390,1830,2290,2680,3030,3340,3690,4000,4260,4490,4950,5310,5580,5860,6580,6960,7140
H9P,Quebec,Montréal,MONTREAL_CMA,3220,180,130,160,220,250,220,200,230,210,190,180,150,240,170,150,100,170,60,10,180,310,470,690,940,1160,1360,1590,1800,1990,2170,2320,2560,2730,2880,2980,3150,3210,3220
H9R,Quebec,Montréal,MONTREAL_CMA,20690,1420,780,950,1280,1370,1170,1040,1190,1000,1090,950,850,1410,1220,950,850,1970,840,360,1420,2200,3150,4430,5800,6970,8010,9200,10200,11290,12240,13090,14500,15720,16670,17520,19490,20330,20690
H9S,Quebec,Montréal,MONTREAL_CMA,18800,1140,670,870,1120,1350,1050,1020,990,950,1000,810,700,1230,1080,900,660,1700,920,640,1140,1810,2680,3800,5150,6200,7220,8210,9160,10160,10970,11670,12900,13980,14880,15540,17240,18160,18800
H9W,Quebec,Montréal,MONTREAL_CMA,15460,1250,700,670,760,790,620,590,570,490,620,530,480,860,870,770,650,1810,1340,1090,1250,1950,2620,3380,4170,4790,5380,5950,6440,7060,7590,8070,8930,9800,10570,11220,13030,14370,15460
H9X,Quebec,Montréal,MONTREAL_CMA,7850,730,340,360,450,460,400,340,300,310,340,340,280,440,390,350,280,790,530,420,730,1070,1430,1880,2340,2740,3080,3380,3690,4030,4370,4650,5090,5480,5830,6110,6900,7430,7850
J0A,Quebec,,,15870,710,640,1090,1430,1640,1200,990,1070,990,970,810,660,1030,730,580,360,660,210,100,710,1350,2440,3870,5510,6710,7700,8770,9760,10730,11540,12200,13230,13960,14540,14900,15560,15770,15870
J0B,Quebec,,,53990,2440,2130,3410,4680,5200,3760,3560,3510,3430,3320,2720,2350,3480,2610,1910,1410,2580,940,550,2440,4570,7980,12660,17860,21620,25180,28690,32120,35440,38160,40510,43990,46600,48510,49920,52500,53440,53990
J0C,Quebec,Drummondville,CENTRE_DU_QUEBEC,19450,890,770,1290,1670,1890,1350,1260,1380,1230,1270,1050,910,1350,1010,700,450,720,180,80,890,1660,2950,4620,6510,7860,9120,10500,11730,13000,14050,14960,16310,17320,18020,18470,19190,19370,19450
J0E,Quebec,,,44060,1820,1700,2610,3500,4020,3130,2800,2830,2640,2540,2210,1960,3120,2320,1740,1220,2300,990,610,1820,3520,6130,9630,13650,16780,19580,22410,25050,27590,29800,31760,34880,37200,38940,40160,42460,43450,44060
J0G,Quebec,,,15870,800,640,1070,1480,1660,1150,1060,1010,1010,1010,780,620,940,690,490,380,810,200,70,800,1440,2510,3990,5650,6800,7860,8870,9880,10890,11670,12290,13230,13920,14410,14790,15600,15800,15870
J0H,Quebec,,,43630,1820,1630,2610,3460,4000,3040,2920,2930,2910,2980,2410,2000,3110,2270,1610,1140,1920,610,260,1820,3450,6060,9520,13520,16560,19480,22410,25320,28300,30710,32710,35820,38090,39700,40840,42760,43370,43630
J0J,Quebec,,,36130,1630,1380,2060,2800,3450,2710,2480,2320,2220,2120,1880,1670,2550,1900,1380,1030,1730,510,310,1630,3010,5070,7870,11320,14030,16510,18830,21050,23170,25050,26720,29270,31170,32550,33580,35310,35820,36130
J0K,Quebec,,,125180,6860,4920,8070,11250,13360,9400,8760,8430,7830,7350,5990,5060,7870,5750,4300,2940,4900,1510,630,6860,11780,19850,31100,44460,53860,62620,71050,78880,86230,92220,97280,105150,110900,115200,118140,123040,124550,125180
J0L,Quebec,Montréal,MONTREAL_CMA,73180,5230,2530,3810,5330,6380,5050,4420,4370,4140,4100,3510,3140,5270,4250,3250,2370,4360,1230,440,5230,7760,11570,16900,23280,28330,32750,37120,41260,45360,48870,52010,57280,61530,64780,67150,71510,72740,73180
J0M,Quebec,,,14780,5610,1030,1130,1150,860,550,510,410,330,310,290,240,470,340,340,280,710,190,30,5610,6640,7770,8920,9780,10330,10840,11250,11580,11890,12180,12420,12890,13230,13570,13850,14560,14750,14780
J0N,Quebec,Montréal,MONTREAL_CMA,31240,1760,1170,1560,2050,2480,1990,1710,1800,1770,1780,1560,1400,2310,1990,1540,1290,2210,640,230,1760,2930,4490,6540,9020,11010,12720,14520,16290,18070,19630,21030,23340,25330,26870,28160,30370,31010,31240
J0P,Quebec,,,35180,1670,1250,1680,2290,2840,2230,2020,2090,2000,2020,1730,1600,2720,2110,1660,1310,2500,940,520,1670,2920,4600,6890,9730,11960,13980,16070,18070,20090,21820,23420,26140,28250,29910,31220,33720,34660,35180
J0R,Quebec,,,33380,1340,1000,1440,2020,2690,1960,1920,2000,1830,1950,1630,1460,2410,2070,1690,1170,2780,1290,730,1340,2340,3780,5800,8490,10450,12370,14370,16200,18150,19780,21240,23650,25720,27410,28580,31360,32650,33380
J0S,Quebec,,,28300,1400,1180,1770,2270,2750,2080,1940,1880,1730,1680,1420,1180,1870,1350,1070,800,1320,410,200,1400,2580,4350,6620,9370,11450,13390,15270,17000,18680,20100,21280,23150,24500,25570,26370,27690,28100,28300
J0T,Quebec,,,42970,1760,1550,2500,3780,4550,3240,3110,3070,2710,2600,2110,1780,2610,1890,1400,1000,1990,830,490,1760,3310,5810,9590,14140,17380,20490,23560,26270,28870,30980,32760,35370,37260,38660,39660,41650,42480,42970
J0V,Quebec,,,22960,1060,990,1490,2140,2560,1780,1690,1630,1390,1290,1030,860,1350,1020,750,530,940,330,130,1060,2050,3540,5680,8240,10020,11710,13340,14730,16020,17050,17910,19260,20280,21030,21560,22500,22830,22960
J0W,Quebec,,,14450,710,580,1040,1600,1730,1150,1040,960,910,870,670,590,790,550,340,260,440,150,70,710,1290,2330,3930,5660,6810,7850,8810,9720,10590,11260,11850,12640,13190,13530,13790,14230,14380,14450
J0X,Quebec,,,37900,1930,1780,2460,3280,3640,2540,2320,2280,2100,2060,1790,1450,2560,1900,1590,1160,2300,590,170,1930,3710,6170,9450,13090,15630,17950,20230,22330,24390,26180,27630,30190,32090,33680,34840,37140,37730,37900
J0Y,Quebec,,,22650,2420,920,1250,1600,1930,1210,1150,1190,1080,1110,1000,850,1490,1180,930,690,1870,640,140,2420,3340,4590,6190,8120,9330,10480,11670,12750,13860,14860,15710,17200,18380,19310,20000,21870,22510,22650
J0Z,Quebec,,,27830,1910,1160,1770,2290,2600,1760,1540,1630,1450,1360,1210,1040,1780,1420,1060,970,2090,660,130,1910,3070,4840,7130,9730,11490,13030,14660,16110,17470,18680,19720,21500,22920,23980,24950,27040,27700,27830
J1A,Quebec,,,7740,270,280,490,720,880,650,550,540,590,490,410,350,490,310,210,140,250,80,40,270,550,1040,1760,2640,3290,3840,4380,4970,5460,5870,6220,6710,7020,7230,7370,7620,7700,7740
J1C,Quebec,Sherbrooke,ESTRIE,5510,230,190,280,370,470,350,340,370,380,350,310,260,430,290,260,190,300,100,40,230,420,700,1070,1540,1890,2230,2600,2980,3330,3640,3900,4330,4620,4880,5070,5370,5470,5510
J1E,Quebec,Sherbrooke,ESTRIE,20290,1020,910,1220,1960,2230,1660,1480,1370,1330,1240,1000,820,1270,860,620,460,640,150,50,1020,1930,3150,5110,7340,9000,10480,11850,13180,14420,15420,16240,17510,18370,18990,19450,20090,20240,20290
J1G,Quebec,Sherbrooke,ESTRIE,16350,780,730,900,1550,1710,1220,1030,1050,1090,1030,870,680,1020,740,600,390,660,200,100,780,1510,2410,3960,5670,6890,7920,8970,10060,11090,11960,12640,13660,14400,15000,15390,16050,16250,16350
J1H,Quebec,Sherbrooke,ESTRIE,22210,1500,1210,1660,2630,2550,1700,1610,1490,1300,1200,990,770,1130,780,530,310,560,190,100,1500,2710,4370,7000,9550,11250,12860,14350,15650,16850,17840,18610,19740,20520,21050,21360,21920,22110,22210
J1J,Quebec,Sherbrooke,ESTRIE,12580,540,450,600,880,1130,740,660,780,700,810,640,540,860,680,580,430,860,420,280,540,990,1590,2470,3600,4340,5000,5780,6480,7290,7930,8470,9330,10010,10590,11020,11880,12300,12580
J1K,Quebec,Sherbrooke,ESTRIE,5680,520,270,400,560,480,380,330,310,310,310,240,220,380,250,210,140,250,80,40,520,790,1190,1750,2230,2610,2940,3250,3560,3870,4110,4330,4710,4960,5170,5310,5560,5640,5680
J1L,Quebec,Sherbrooke,ESTRIE,13980,610,450,720,1030,1560,1080,970,930,910,920,730,630,930,580,460,370,660,280,160,610,1060,1780,2810,4370,5450,6420,7350,8260,9180,9910,10540,11470,12050,12510,12880,13540,13820,13980
J1M,Quebec,Sherbrooke,ESTRIE,4620,310,220,290,380,400,310,270,280,260,250,240,200,270,210,180,160,250,90,50,310,530,820,1200,1600,1910,2180,2460,2720,2970,3210,3410,3680,3890,4070,4230,4480,4570,4620
J1N,Quebec,Sherbrooke,ESTRIE,28150,1040,990,1230,1700,1980,1730,1600,1720,1680,1730,1540,1410,2290,1780,1510,1190,2030,680,320,1040,2030,3260,4960,6940,8670,10270,11990,13670,15400,16940,18350,20640,22420,23930,25120,27150,27830,28150
J1R,Quebec,Sherbrooke,ESTRIE,8830,320,310,440,510,580,490,470,520,570,560,510,470,770,570,490,380,630,170,70,320,630,1070,1580,2160,2650,3120,3640,4210,4770,5280,5750,6520,7090,7580,7960,8590,8760,8830
J1S,Quebec,,,6430,250,230,370,520,630,450,410,460,430,420,360,300,490,300,230,170,310,70,30,250,480,850,1370,2000,2450,2860,3320,3750,4170,4530,4830,5320,5620,5850,6020,6330,6400,6430
J1T,Quebec,,,6540,250,330,450,770,920,550,510,500,390,360,290,240,330,220,110,100,150,50,20,250,580,1030,1800,2720,3270,3780,4280,4670,5030,5320,5560,5890,6110,6220,6320,6470,6520,6540
J1X,Quebec,Sherbrooke,ESTRIE,28660,1010,970,1570,2330,3070,1970,1730,1840,1730,1740,1420,1130,1940,1430,1110,830,1680,720,440,1010,1980,3550,5880,8950,10920,12650,14490,16220,17960,19380,20510,22450,23880,24990,25820,27500,28220,28660
J1Z,Quebec,Drummondville,CENTRE_DU_QUEBEC,4610,210,180,270,350,390,310,310,300,300,330,240,200,330,240,190,150,210,80,20,210,390,660,1010,1400,1710,2020,2320,2620,2950,3190,3390,3720,3960,4150,4300,4510,4590,4610
J2A,Quebec,Drummondville,CENTRE_DU_QUEBEC,9920,430,340,580,700,780,680,580,710,710,690,610,490,780,540,370,290,450,120,70,430,770,1350,2050,2830,3510,4090,4800,5510,6200,6810,7300,8080,8620,8990,9280,9730,9850,9920
J2B,Quebec,Drummondville,CENTRE_DU_QUEBEC,26420,1090,1250,1800,2510,2820,1880,1730,1770,1620,1610,1390,1160,1650,1160,870,600,1040,310,160,1090,2340,4140,6650,9470,11350,13080,14850,16470,18080,19470,20630,22280,23440,24310,24910,25950,26260,26420
J2C,Quebec,Drummondville,CENTRE_DU_QUEBEC,25790,950,960,1560,2390,3260,1910,1640,1670,1550,1550,1380,1050,1640,1120,820,620,1100,390,230,950,1910,3470,5860,9120,11030,12670,14340,15890,17440,18820,19870,21510,22630,23450,24070,25170,25560,25790
J2E,Quebec,Drummondville,CENTRE_DU_QUEBEC,3700,130,130,210,290,310,270,250,300,290,260,210,200,260,170,120,80,160,30,30,130,260,470,760,1070,1340,1590,1890,2180,2440,2650,2850,3110,3280,3400,3480,3640,3670,3700
J2G,Quebec,Granby,,23820,940,970,1620,2530,3290,1980,1780,1800,1600,1410,1190,890,1270,840,530,350,550,190,90,940,1910,3530,6060,9350,11330,13110,14910,16510,17920,19110,20000,21270,22110,22640,22990,23540,23730,23820
J2H,Quebec,Granby,,18900,680,640,900,1170,1420,1200,1050,1180,1160,1200,1020,920,1550,1190,890,680,1310,480,260,680,1320,2220,3390,4810,6010,7060,8240,9400,10600,11620,12540,14090,15280,16170,16850,18160,18640,18900
J2J,Quebec,Granby,,15430,570,550,840,1280,1710,1160,1130,1100,1050,1040,830,680,1080,720,560,340,580,150,60,570,1120,1960,3240,4950,6110,7240,8340,9390,10430,11260,11940,13020,13740,14300,14640,15220,15370,15430
J2K,Quebec,,,15220,620,600,930,1360,1690,1220,1060,1090,960,980,780,640,990,640,460,360,570,170,100,620,1220,2150,3510,5200,6420,7480,8570,9530,10510,11290,11930,12920,13560,14020,14380,14950,15120,15220
J2L,Quebec,Granby,,9510,380,330,380,450,530,440,430,500,460,540,430,390,690,600,540,440,1050,560,370,380,710,1090,1540,2070,2510,2940,3440,3900,4440,4870,5260,5950,6550,7090,7530,8580,9140,9510
J2M,Quebec,,,6190,290,250,300,380,420,340,360,340,350,390,320,280,450,360,340,230,470,190,130,290,540,840,1220,1640,1980,2340,2680,3030,3420,3740,4020,4470,4830,5170,5400,5870,6060,6190
J2N,Quebec,,,8250,330,350,530,700,810,610,580,570,550,520,450,370,540,430,330,190,280,70,40,330,680,1210,1910,2720,3330,3910,4480,5030,5550,6000,6370,6910,7340,7670,7860,8140,8210,8250
J2R,Quebec,Saint-Hyacinthe,,8700,300,290,440,560,690,610,540,620,590,610,510,410,680,520,360,310,480,110,70,300,590,1030,1590,2280,2890,3430,4050,4640,5250,5760,6170,6850,7370,7730,8040,8520,8630,8700
J2S,Quebec,Saint-Hyacinthe,,24550,1020,1070,1450,2430,2860,1910,1700,1750,1470,1450,1240,1050,1440,1000,700,510,950,340,210,1020,2090,3540,5970,8830,10740,12440,14190,15660,17110,18350,19400,20840,21840,22540,23050,24000,24340,24550
J2T,Quebec,Saint-Hyacinthe,,14460,490,470,770,1130,1490,1080,960,1070,920,960,810,700,1030,760,550,400,630,180,60,490,960,1730,2860,4350,5430,6390,7460,8380,9340,10150,10850,11880,12640,13190,13590,14220,14400,14460
J2W,Quebec,Montréal,MONTREAL_CMA,23730,980,790,1090,1340,1510,1220,1190,1270,1320,1380,1190,1110,1880,1590,1370,1140,2240,780,340,980,1770,2860,4200,5710,6930,8120,9390,10710,12090,13280,14390,16270,17860,19230,20370,22610,23390,23730
J2X,Quebec,Montréal,MONTREAL_CMA,16550,590,610,880,1220,1530,1150,1030,1070,1000,910,830,780,1250,940,720,550,1060,310,120,590,1200,2080,3300,4830,5980,7010,8080,9080,9990,10820,11600,12850,13790,14510,15060,16120,16430,16550
J2Y,Quebec,Montréal,MONTREAL_CMA,4620,200,170,200,270,330,260,250,280,280,300,240,240,370,290,260,190,340,110,40,200,370,570,840,1170,1430,1680,1960,2240,2540,2780,3020,3390,3680,3940,4130,4470,4580,4620
J3A,Quebec,Montréal,MONTREAL_CMA,7840,220,260,490,810,1300,710,570,540,540,460,330,300,440,270,210,130,180,60,20,220,480,970,1780,3080,3790,4360,4900,5440,5900,6230,6530,6970,7240,7450,7580,7760,7820,7840
J3B,Quebec,Montréal,MONTREAL_CMA,27540,1120,980,1510,2290,2570,2020,1860,1870,1770,1720,1530,1200,1920,1430,1150,830,1320,330,120,1120,2100,3610,5900,8470,10490,12350,14220,15990,17710,19240,20440,22360,23790,24940,25770,27090,27420,27540
J3E,Quebec,Montréal,MONTREAL_CMA,25230,1060,870,1160,1270,1540,1250,1230,1230,1260,1440,1210,1070,1990,1750,1590,1150,2770,960,430,1060,1930,3090,4360,5900,7150,8380,9610,10870,12310,13520,14590,16580,18330,19920,21070,23840,24800,25230
J3G,Quebec,Montréal,MONTREAL_CMA,27490,960,810,1160,1510,1930,1660,1550,1490,1550,1600,1450,1370,2240,1890,1630,1090,2500,820,280,960,1770,2930,4440,6370,8030,9580,11070,12620,14220,15670,17040,19280,21170,22800,23890,26390,27210,27490
J3H,Quebec,Montréal,MONTREAL_CMA,22080,920,740,910,1090,1480,1090,1040,1070,1060,1200,970,1010,1650,1430,1370,1000,2350,1120,580,920,1660,2570,3660,5140,6230,7270,8340,9400,10600,11570,12580,14230,15660,17030,18030,20380,21500,22080
J3L,Quebec,Montréal,MONTREAL_CMA,42100,1790,1370,1860,2150,2820,2330,2060,2190,2140,2380,2110,1800,3330,2750,2480,1960,4300,1540,740,1790,3160,5020,7170,9990,12320,14380,16570,18710,21090,23200,25000,28330,31080,33560,35520,39820,41360,42100
J3M,Quebec,,,8880,340,310,410,560,730,580,580,550,610,540,480,460,750,570,450,260,520,150,30,340,650,1060,1620,2350,2930,3510,4060,4670,5210,5690,6150,6900,7470,7920,8180,8700,8850,8880
J3N,Quebec,Montréal,MONTREAL_CMA,13730,570,480,590,670,840,700,620,680,780,760,640,590,1140,890,860,670,1530,510,210,570,1050,1640,2310,3150,3850,4470,5150,5930,6690,7330,7920,9060,9950,10810,11480,13010,13520,13730
J3P,Quebec,Sorel-Tracy,,21650,800,910,1390,2130,2440,1700,1460,1440,1280,1140,970,800,1250,930,760,600,1220,330,100,800,1710,3100,5230,7670,9370,10830,12270,13550,14690,15660,16460,17710,18640,19400,20000,21220,21550,21650
J3R,Quebec,Sorel-Tracy,,12390,520,490,750,1000,1280,940,770,880,750,730,580,510,690,560,480,400,740,230,90,520,1010,1760,2760,4040,4980,5750,6630,7380,8110,8690,9200,9890,10450,10930,11330,12070,12300,12390
J3T,Quebec,,,7130,210,240,400,640,720,500,500,510,470,460,370,330,500,320,260,180,360,110,50,210,450,850,1490,2210,2710,3210,3720,4190,4650,5020,5350,5850,6170,6430,6610,6970,7080,7130
J3V,Quebec,Montréal,MONTREAL_CMA,21460,960,740,850,920,1110,930,890,1000,960,1160,890,830,1550,1340,1300,1040,2740,1410,840,960,1700,2550,3470,4580,5510,6400,7400,8360,9520,10410,11240,12790,14130,15430,16470,19210,20620,21460
J3X,Quebec,Montréal,MONTREAL_CMA,17390,650,500,660,860,1100,870,880,900,940,1030,870,830,1440,1230,1060,790,1890,620,270,650,1150,1810,2670,3770,4640,5520,6420,7360,8390,9260,10090,11530,12760,13820,14610,16500,17120,17390
J3Y,Quebec,Montréal,MONTREAL_CMA,54190,2760,1980,2680,3410,4030,3480,3180,3230,3320,3310,2850,2540,4280,3390,2720,2010,3760,950,310,2760,4740,7420,10830,14860,18340,21520,24750,28070,31380,34230,36770,41050,44440,47160,49170,52930,53880,54190
J3Z,Quebec,Montréal,MONTREAL_CMA,4440,280,170,220,240,250,210,180,230,190,220,200,200,330,300,280,210,540,150,40,280,450,670,910,1160,1370,1550,1780,1970,2190,2390,2590,2920,3220,3500,3710,4250,4400,4440
J4B,Quebec,Montréal,MONTREAL_CMA,35450,1380,1110,1380,1600,2030,1570,1440,1590,1550,1940,1690,1470,2630,2410,2230,1720,4420,2080,1210,1380,2490,3870,5470,7500,9070,10510,12100,13650,15590,17280,18750,21380,23790,26020,27740,32160,34240,35450
J4G,Quebec,Montréal,MONTREAL_CMA,8180,380,260,320,510,550,410,460,460,490,480,420,360,650,520,400,340,740,300,130,380,640,960,1470,2020,2430,2890,3350,3840,4320,4740,5100,5750,6270,6670,7010,7750,8050,8180
J4H,Quebec,Montréal,MONTREAL_CMA,12780,610,450,600,1050,1200,830,670,740,660,690,660,520,920,710,570,410,940,380,170,610,1060,1660,2710,3910,4740,5410,6150,6810,7500,8160,8680,9600,10310,10880,11290,12230,12610,12780
J4J,Quebec,Montréal,MONTREAL_CMA,24440,1480,1130,1490,2140,2330,1770,1770,1590,1610,1410,1250,1050,1570,1000,810,570,1010,340,120,1480,2610,4100,6240,8570,10340,12110,13700,15310,16720,17970,19020,20590,21590,22400,22970,23980,24320,24440
J4K,Quebec,Montréal,MONTREAL_CMA,21240,1470,990,1230,1870,1980,1550,1480,1400,1340,1240,1000,910,1390,960,730,470,910,240,80,1470,2460,3690,5560,7540,9090,10570,11970,13310,14550,15550,16460,17850,18810,19540,20010,20920,21160,21240
J4L,Quebec,Montréal,MONTREAL_CMA,25170,1570,1100,1480,2030,2470,1900,1710,1700,1630,1560,1320,1080,1650,1170,860,600,1040,230,70,1570,2670,4150,6180,8650,10550,12260,13960,15590,17150,18470,19550,21200,22370,23230,23830,24870,25100,25170
J4M,Quebec,Montréal,MONTREAL_CMA,10390,560,400,450,550,610,530,480,520,570,640,490,490,850,660,640,480,1080,290,100,560,960,1410,1960,2570,3100,3580,4100,4670,5310,5800,6290,7140,7800,8440,8920,10000,10290,10390
J4N,Quebec,Montréal,MONTREAL_CMA,9720,320,240,330,490,690,470,450,560,500,590,470,470,730,610,560,360,1030,510,340,320,560,890,1380,2070,2540,2990,3550,4050,4640,5110,5580,6310,6920,7480,7840,8870,9380,9720
J4P,Quebec,Montréal,MONTREAL_CMA,9010,420,360,440,570,660,430,410,400,370,440,360,320,570,470,450,320,890,630,500,420,780,1220,1790,2450,2880,3290,3690,4060,4500,4860,5180,5750,6220,6670,6990,7880,8510,9010
J4R,Quebec,Montréal,MONTREAL_CMA,8620,430,310,390,550,640,490,400,450,420,390,370,350,520,440,400,270,810,570,420,430,740,1130,1680,2320,2810,3210,3660,4080,4470,4840,5190,5710,6150,6550,6820,7630,8200,8620
J4S,Quebec,Montréal,MONTREAL_CMA,5200,270,180,200,250,330,270,210,220,240,250,210,210,320,330,250,200,550,390,320,270,450,650,900,1230,1500,1710,1930,2170,2420,2630,2840,3160,3490,3740,3940,4490,4880,5200
J4T,Quebec,Montréal,MONTREAL_CMA,15360,920,710,910,1340,1490,1070,1090,1110,1060,960,820,630,1050,700,520,320,510,120,30,920,1630,2540,3880,5370,6440,7530,8640,9700,10660,11480,12110,13160,13860,14380,14700,15210,15330,15360
J4V,Quebec,Montréal,MONTREAL_CMA,13760,850,630,760,1090,1220,960,860,800,810,770,660,580,900,640,580,400,890,250,110,850,1480,2240,3330,4550,5510,6370,7170,7980,8750,9410,9990,10890,11530,12110,12510,13400,13650,13760
J4W,Quebec,Montréal,MONTREAL_CMA,14940,1180,680,1020,1280,1340,1090,930,870,770,750,630,560,920,690,540,400,930,270,90,1180,1860,2880,4160,5500,6590,7520,8390,9160,9910,10540,11100,12020,12710,13250,13650,14580,14850,14940
J4X,Quebec,Montréal,MONTREAL_CMA,16050,1120,600,920,1130,1170,1030,840,830,730,750,650,570,990,890,690,580,1450,680,430,1120,1720,2640,3770,4940,5970,6810,7640,8370,9120,9770,10340,11330,12220,12910,13490,14940,15620,16050
J4Y,Quebec,Montréal,MONTREAL_CMA,20370,1640,820,1060,1420,1380,1230,1050,1040,940,1000,870,840,1250,1070,980,790,1900,740,350,1640,2460,3520,4940,6320,7550,8600,9640,10580,11580,12450,13290,14540,15610,16590,17380,19280,20020,20370
J4Z,Quebec,Montréal,MONTREAL_CMA,22710,1750,1010,1300,1640,1790,1560,1310,1310,1220,1130,1070,920,1500,1170,960,710,1650,490,220,1750,2760,4060,5700,7490,9050,10360,11670,12890,14020,15090,16010,17510,18680,19640,20350,22000,22490,22710
J5A,Quebec,Montréal,MONTREAL_CMA,24040,1170,860,1090,1350,1570,1410,1330,1310,1310,1440,1250,1120,2040,1640,1330,1050,2090,520,160,1170,2030,3120,4470,6040,7450,8780,10090,11400,12840,14090,15210,17250,18890,20220,21270,23360,23880,24040
J5B,Quebec,Montréal,MONTREAL_CMA,6780,290,230,340,400,530,390,390,420,400,440,350,330,540,440,380,270,480,120,40,290,520,860,1260,1790,2180,2570,2990,3390,3830,4180,4510,5050,5490,5870,6140,6620,6740,6780
J5C,Quebec,Montréal,MONTREAL_CMA,13980,620,490,690,830,1150,880,800,820,800,870,750,640,1160,920,710,560,1010,220,60,620,1110,1800,2630,3780,4660,5460,6280,7080,7950,8700,9340,10500,11420,12130,12690,13700,13920,13980
J5J,Quebec,,,14370,700,500,690,890,1140,990,960,1010,1010,930,820,680,1110,870,660,430,770,160,50,700,1200,1890,2780,3920,4910,5870,6880,7890,8820,9640,10320,11430,12300,12960,13390,14160,14320,14370
J5K,Quebec,Montréal,MONTREAL_CMA,13490,650,490,580,750,940,780,780,790,750,780,710,610,1070,900,780,610,1100,320,100,650,1140,1720,2470,3410,4190,4970,5760,6510,7290,8000,8610,9680,10580,11360,11970,13070,13390,13490
J5L,Quebec,Montréal,MONTREAL_CMA,18260,750,580,850,1080,1320,1150,1120,1160,1160,1120,930,890,1380,1180,960,720,1370,380,160,750,1330,2180,3260,4580,5730,6850,8010,9170,10290,11220,12110,13490,14670,15630,16350,17720,18100,18260
J5M,Quebec,Montréal,MONTREAL_CMA,18250,950,690,970,1400,1650,1460,1340,1320,1260,1090,970,830,1310,1000,710,460,660,140,40,950,1640,2610,4010,5660,7120,8460,9780,11040,12130,13100,13930,15240,16240,16950,17410,18070,18210,18250
J5N,,,,11120,510,350,560,860,990,800,760,730,700,740,640,510,850,590,450,340,580,120,40,510,860,1420,2280,3270,4070,4830,5560,6260,7000,7640,8150,9000,9590,10040,10380,10960,11080,11120
J5R,Quebec,Montréal,MONTREAL_CMA,39610,2130,1500,1780,2140,2510,2080,1830,1870,1810,1910,1720,1590,2840,2390,2120,1760,4490,1990,1150,2130,3630,5410,7550,10060,12140,13970,15840,17650,19560,21280,22870,25710,28100,30220,31980,36470,38460,39610
J5T,Quebec,Montréal,MONTREAL_CMA,12020,570,420,630,820,1030,850,820,850,780,730,630,560,850,720,540,340,660,150,70,570,990,1620,2440,3470,4320,5140,5990,6770,7500,8130,8690,9540,10260,10800,11140,11800,11950,12020
J5V,Quebec,,,6260,200,240,460,820,950,510,490,440,380,350,250,210,310,190,130,90,180,40,20,200,440,900,1720,2670,3180,3670,4110,4490,4840,5090,5300,5610,5800,5930,6020,6200,6240,6260
J5W,Quebec,Montréal,MONTREAL_CMA,21120,900,660,970,1380,1760,1370,1250,1290,1280,1280,1020,940,1640,1320,1090,840,1490,480,160,900,1560,2530,3910,5670,7040,8290,9580,10860,12140,13160,14100,15740,17060,18150,18990,20480,20960,21120
J5X,Quebec,Montréal,MONTREAL_CMA,7080,330,300,420,540,610,490,460,440,460,410,350,340,500,390,310,240,380,80,30,330,630,1050,1590,2200,2690,3150,3590,4050,4460,4810,5150,5650,6040,6350,6590,6970,7050,7080
J5Y,Quebec,Montréal,MONTREAL_CMA,23810,1140,850,1050,1400,1500,1270,1210,1270,1330,1430,1190,1180,1930,1580,1330,1070,2140,700,240,1140,1990,3040,4440,5940,7210,8420,9690,11020,12450,13640,14820,16750,18330,19660,20730,22870,23570,23810
J5Z,Quebec,Montréal,MONTREAL_CMA,22960,960,710,1050,1490,1940,1500,1420,1540,1440,1470,1260,1050,1880,1350,1170,820,1450,350,110,960,1670,2720,4210,6150,7650,9070,10610,12050,13520,14780,15830,17710,19060,20230,21050,22500,22850,22960
J6A,Quebec,Montréal,MONTREAL_CMA,28960,1130,860,1330,1880,2570,2120,1720,1870,1760,1900,1520,1360,2140,1710,1350,980,1840,630,290,1130,1990,3320,5200,7770,9890,11610,13480,15240,17140,18660,20020,22160,23870,25220,26200,28040,28670,28960
J6E,Quebec,Joliette,,39080,1480,1590,2390,3780,4550,3020,2600,2720,2350,2290,1830,1530,2310,1750,1430,910,1640,610,300,1480,3070,5460,9240,13790,16810,19410,22130,24480,26770,28600,30130,32440,34190,35620,36530,38170,38780,39080
J6J,Quebec,Montréal,MONTREAL_CMA,19980,1180,900,1100,1540,1810,1470,1320,1230,1170,1170,1010,840,1430,980,800,550,1040,310,130,1180,2080,3180,4720,6530,8000,9320,10550,11720,12890,13900,14740,16170,17150,17950,18500,19540,19850,19980
J6K,Quebec,Montréal,MONTREAL_CMA,20280,1220,900,1110,1520,1740,1410,1330,1340,1240,1260,1010,860,1500,1090,810,600,1010,250,80,1220,2120,3230,4750,6490,7900,9230,10570,11810,13070,14080,14940,16440,17530,18340,18940,19950,20200,20280
J6N,Quebec,Montréal,MONTREAL_CMA,13330,490,480,660,910,1280,940,850,910,840,800,730,610,960,750,600,420,750,220,130,490,970,1630,2540,3820,4760,5610,6520,7360,8160,8890,9500,10460,11210,11810,12230,12980,13200,13330
J6R,Quebec,Montréal,MONTREAL_CMA,11640,570,390,550,670,870,720,620,660,640,670,610,540,930,760,650,490,940,260,100,570,960,1510,2180,3050,3770,4390,5050,5690,6360,6970,7510,8440,9200,9850,10340,11280,11540,11640
J6S,Quebec,Salaberry-de-Valleyfield,,20980,680,800,1190,1870,2360,1700,1470,1420,1260,1230,1020,880,1400,990,840,560,1000,220,90,680,1480,2670,4540,6900,8600,10070,11490,12750,13980,15000,15880,17280,18270,19110,19670,20670,20890,20980
J6T,Quebec,Salaberry-de-Valleyfield,,14890,550,680,930,1410,1460,1150,1060,1030,1000,930,810,650,990,630,480,300,630,140,60,550,1230,2160,3570,5030,6180,7240,8270,9270,10200,11010,11660,12650,13280,13760,14060,14690,14830,14890
J6V,Quebec,Montréal,MONTREAL_CMA,11910,530,360,540,640,820,730,610,640,650,670,540,560,920,740,680,530,1160,440,150,530,890,1430,2070,2890,3620,4230,4870,5520,6190,6730,7290,8210,8950,9630,10160,11320,11760,11910
J6W,Quebec,Montréal,MONTREAL_CMA,26260,1170,960,1320,1780,2310,1710,1500,1610,1490,1560,1340,1190,1870,1480,1260,1010,1870,590,240,1170,2130,3450,5230,7540,9250,10750,12360,13850,15410,16750,17940,19810,21290,22550,23560,25430,26020,26260
J6X,Quebec,Montréal,MONTREAL_CMA,20740,780,680,950,1230,1660,1310,1210,1270,1320,1300,1100,960,1690,1260,1080,800,1530,460,150,780,1460,2410,3640,5300,6610,7820,9090,10410,11710,12810,13770,15460,16720,17800,18600,20130,20590,20740
J6Y,Quebec,Montréal,MONTREAL_CMA,17190,890,650,750,900,1040,890,850,810,900,900,810,730,1380,1170,1020,930,1710,610,250,890,1540,2290,3190,4230,5120,5970,6780,7680,8580,9390,10120,11500,12670,13690,14620,16330,16940,17190
J6Z,Quebec,Montréal,MONTREAL_CMA,15730,760,540,660,890,1030,810,790,850,810,930,750,680,1210,930,900,710,1450,660,370,760,1300,1960,2850,3880,4690,5480,6330,7140,8070,8820,9500,10710,11640,12540,13250,14700,15360,15730
J7A,Quebec,Montréal,MONTREAL_CMA,11840,610,480,560,620,790,540,500,560,530,560,510,450,780,670,630,560,1330,710,450,610,1090,1650,2270,3060,3600,4100,4660,5190,5750,6260,6710,7490,8160,8790,9350,10680,11390,11840
J7B,Quebec,Montréal,MONTREAL_CMA,10810,660,490,620,600,570,480,440,420,410,420,380,390,660,510,550,470,1300,850,590,660,1150,1770,2370,2940,3420,3860,4280,4690,5110,5490,5880,6540,7050,7600,8070,9370,10220,10810
J7C,Quebec,Montréal,MONTREAL_CMA,37700,1810,1310,1820,2190,2550,2140,1990,2110,2070,2110,1840,1620,2850,2310,1940,1640,3430,1370,600,1810,3120,4940,7130,9680,11820,13810,15920,17990,20100,21940,23560,26410,28720,30660,32300,35730,37100,37700
J7E,Quebec,Montréal,MONTREAL_CMA,23840,1080,860,1360,1850,2400,1750,1580,1570,1490,1410,1200,940,1650,1160,910,680,1260,480,210,1080,1940,3300,5150,7550,9300,10880,12450,13940,15350,16550,17490,19140,20300,21210,21890,23150,23630,23840
J7G,Quebec,Montréal,MONTREAL_CMA,14220,590,480,660,870,1060,900,880,920,820,860,740,650,1120,810,680,570,1070,390,150,590,1070,1730,2600,3660,4560,5440,6360,7180,8040,8780,9430,10550,11360,12040,12610,13680,14070,14220
J7H,Quebec,Montréal,MONTREAL_CMA,6890,280,210,320,430,470,460,420,420,390,440,360,310,530,430,350,270,530,190,80,280,490,810,1240,1710,2170,2590,3010,3400,3840,4200,4510,5040,5470,5820,6090,6620,6810,6890
J7J,Quebec,Montréal,MONTREAL_CMA,22130,950,700,960,1280,1490,1310,1300,1340,1290,1240,1130,1040,1790,1380,1240,990,1900,600,200,950,1650,2610,3890,5380,6690,7990,9330,10620,11860,12990,14030,15820,17200,18440,19430,21330,21930,22130
J7K,Quebec,Montréal,MONTREAL_CMA,29410,1140,930,1370,1770,2160,1890,1630,1700,1700,1770,1440,1380,2430,1880,1660,1290,2410,660,200,1140,2070,3440,5210,7370,9260,10890,12590,14290,16060,17500,18880,21310,23190,24850,26140,28550,29210,29410
J7L,Quebec,Montréal,MONTREAL_CMA,11090,470,380,500,700,830,660,640,640,650,610,520,520,880,690,560,450,950,330,110,470,850,1350,2050,2880,3540,4180,4820,5470,6080,6600,7120,8000,8690,9250,9700,10650,10980,11090
J7M,Quebec,Montréal,MONTREAL_CMA,18970,1070,770,1060,1360,1480,1290,1210,1230,1210,1160,990,890,1470,1100,880,650,930,190,30,1070,1840,2900,4260,5740,7030,8240,9470,10680,11840,12830,13720,15190,16290,17170,17820,18750,18940,18970
J7N,Quebec,Montréal,MONTREAL_CMA,26120,1060,900,1190,1540,1920,1730,1500,1580,1570,1650,1410,1230,2100,1670,1350,1040,1960,540,180,1060,1960,3150,4690,6610,8340,9840,11420,12990,14640,16050,17280,19380,21050,22400,23440,25400,25940,26120
J7P,Quebec,Montréal,MONTREAL_CMA,20860,910,730,1070,1450,1860,1470,1350,1400,1300,1320,1040,960,1520,1160,920,660,1220,380,140,910,1640,2710,4160,6020,7490,8840,10240,11540,12860,13900,14860,16380,17540,18460,19120,20340,20720,20860
J7R,Quebec,Montréal,MONTREAL_CMA,31180,1480,1120,1510,2080,2870,2110,1900,1970,1770,1820,1570,1360,2280,1850,1480,1140,2050,590,230,1480,2600,4110,6190,9060,11170,13070,15040,16810,18630,20200,21560,23840,25690,27170,28310,30360,30950,31180
J7T,Quebec,Montréal,MONTREAL_CMA,23430,1390,930,1150,1260,1380,1240,1100,1210,1170,1180,1070,950,1760,1440,1200,1070,2330,1130,470,1390,2320,3470,4730,6110,7350,8450,9660,10830,12010,13080,14030,15790,17230,18430,19500,21830,22960,23430
J7V,Quebec,Montréal,MONTREAL_CMA,55010,3090,2020,2660,3440,4100,3310,3070,3140,3180,3150,2770,2480,4110,3250,2660,2080,4290,1570,640,3090,5110,7770,11210,15310,18620,21690,24830,28010,31160,33930,36410,40520,43770,46430,48510,52800,54370,55010
J7W,Quebec,Montréal,MONTREAL_CMA,11800,700,520,580,680,760,730,660,690,640,680,630,560,910,710,600,420,950,280,100,700,1220,1800,2480,3240,3970,4630,5320,5960,6640,7270,7830,8740,9450,10050,10470,11420,11700,11800
J7X,Quebec,Montréal,MONTREAL_CMA,4480,170,150,210,270,350,300,290,300,310,250,250,250,400,270,220,170,240,60,20,170,320,530,800,1150,1450,1740,2040,2350,2600,2850,3100,3500,3770,3990,4160,4400,4460,4480
J7Y,Quebec,Montréal,MONTREAL_CMA,22270,850,820,1300,2040,2690,1840,1590,1590,1490,1390,1070,890,1380,960,720,500,800,240,110,850,1670,2970,5010,7700,9540,11130,12720,14210,15600,16670,17560,18940,19900,20620,21120,21920,22160,22270
J7Z,Quebec,Montréal,MONTREAL_CMA,25300,1020,1190,1620,2490,3050,2170,1930,1730,1710,1470,1190,990,1430,950,820,470,800,190,80,1020,2210,3830,6320,9370,11540,13470,15200,16910,18380,19570,20560,21990,22940,23760,24230,25030,25220,25300
J8A,Quebec,,,8840,400,290,400,550,660,540,510,530,560,560,470,420,700,510,430,310,630,240,130,400,690,1090,1640,2300,2840,3350,3880,4440,5000,5470,5890,6590,7100,7530,7840,8470,8710,8840
J8B,Quebec,,,12080,470,460,610,960,1160,810,740,790,710,750,570,530,800,640,480,340,800,320,140,470,930,1540,2500,3660,4470,5210,6000,6710,7460,8030,8560,9360,10000,10480,10820,11620,11940,12080
J8C,Quebec,Sainte-Agathe-des-Monts,,9810,380,360,610,970,1220,800,740,720,580,580,430,370,520,410,290,210,380,150,90,380,740,1350,2320,3540,4340,5080,5800,6380,6960,7390,7760,8280,8690,8980,9190,9570,9720,9810
J8E,Quebec,,,9320,400,310,450,720,940,650,610,640,580,570,480,400,550,440,320,240,530,300,190,400,710,1160,1880,2820,3470,4080,4720,5300,5870,6350,6750,7300,7740,8060,8300,8830,9130,9320
J8G,Quebec,,,6870,380,300,420,560,710,540,490,510,420,410,310,260,400,310,280,170,260,100,40,380,680,1100,1660,2370,2910,3400,3910,4330,4740,5050,5310,5710,6020,6300,6470,6730,6830,6870
J8H,Quebec,,,12310,580,520,880,1320,1460,1000,910,900,730,610,530,420,690,500,410,240,410,140,60,580,1100,1980,3300,4760,5760,6670,7570,8300,8910,9440,9860,10550,11050,11460,11700,12110,12250,12310
J8L,Quebec,Ottawa - Gatineau (partie du Québec / Quebec part),,16230,620,590,870,1140,1290,1020,920,910,970,990,790,710,1290,1140,880,610,1180,240,70,620,1210,2080,3220,4510,5530,6450,7360,8330,9320,10110,10820,12110,13250,14130,14740,15920,16160,16230
J8M,Quebec,Ottawa - Gatineau (partie du Québec / Quebec part),,10140,390,350,470,560,690,610,580,580,630,650,550,510,900,780,600,410,730,120,30,390,740,1210,1770,2460,3070,3650,4230,4860,5510,6060,6570,7470,8250,8850,9260,9990,10110,10140
J8N,Quebec,Ottawa - Gatineau (partie du Québec / Quebec part),,10290,430,320,480,540,620,530,470,550,510,560,510,460,840,790,700,500,1140,270,70,430,750,1230,1770,2390,2920,3390,3940,4450,5010,5520,5980,6820,7610,8310,8810,9950,10220,10290
J8P,Quebec,Ottawa - Gatineau (partie du Québec / Quebec part),,27370,1120,1060,1400,1870,2160,1860,1560,1810,1750,1770,1410,1170,2210,1830,1390,960,1680,300,60,1120,2180,3580,5450,7610,9470,11030,12840,14590,16360,17770,18940,21150,22980,24370,25330,27010,27310,27370
J8R,Quebec,Ottawa - Gatineau (partie du Québec / Quebec part),,22640,1010,750,910,1060,1110,1060,1000,1050,1100,1250,1030,970,1970,1930,1660,1300,2770,600,110,1010,1760,2670,3730,4840,5900,6900,7950,9050,10300,11330,12300,14270,16200,17860,19160,21930,22530,22640
J8T,Quebec,Ottawa - Gatineau (partie du Québec / Quebec part),,32000,1380,1240,1630,2350,2770,2200,1940,1970,1840,1970,1520,1310,2380,2010,1520,1020,2200,570,180,1380,2620,4250,6600,9370,11570,13510,15480,17320,19290,20810,22120,24500,26510,28030,29050,31250,31820,32000
J8V,Quebec,Ottawa - Gatineau (partie du Québec / Quebec part),,21430,900,660,860,1010,870,900,840,870,890,1040,820,850,1710,1640,1540,1300,3440,1030,260,900,1560,2420,3430,4300,5200,6040,6910,7800,8840,9660,10510,12220,13860,15400,16700,20140,21170,21430
J8X,Quebec,Ottawa - Gatineau (partie du Québec / Quebec part),,7580,530,480,560,840,650,500,410,390,390,320,260,250,420,400,300,230,490,110,50,530,1010,1570,2410,3060,3560,3970,4360,4750,5070,5330,5580,6000,6400,6700,6930,7420,7530,7580
J8Y,Quebec,Ottawa - Gatineau (partie du Québec / Quebec part),,18110,1070,850,1080,1570,1600,1260,1110,1110,970,980,740,720,1200,1000,820,540,1190,240,60,1070,1920,3000,4570,6170,7430,8540,9650,10620,11600,12340,13060,14260,15260,16080,16620,17810,18050,18110
J8Z,Quebec,Ottawa - Gatineau (partie du Québec / Quebec part),,11510,650,470,590,810,770,620,590,600,520,610,510,470,770,730,650,470,1190,370,120,650,1120,1710,2520,3290,3910,4500,5100,5620,6230,6740,7210,7980,8710,9360,9830,11020,11390,11510
J9A,Quebec,Ottawa - Gatineau (partie du Québec / Quebec part),,16900,930,610,680,840,810,740,710,690,700,710,700,650,1290,1290,1140,930,2610,680,190,930,1540,2220,3060,3870,4610,5320,6010,6710,7420,8120,8770,10060,11350,12490,13420,16030,16710,16900
J9B,Quebec,Ottawa - Gatineau (partie du Québec / Quebec part),,6140,280,200,210,230,240,210,190,180,180,200,210,200,380,390,420,330,1310,550,230,280,480,690,920,1160,1370,1560,1740,1920,2120,2330,2530,2910,3300,3720,4050,5360,5910,6140
J9E,Quebec,,,6450,650,320,490,800,760,470,380,340,360,290,280,210,360,200,180,100,190,40,30,650,970,1460,2260,3020,3490,3870,4210,4570,4860,5140,5350,5710,5910,6090,6190,6380,6420,6450
J9H,Quebec,Ottawa - Gatineau (partie du Québec / Quebec part),,24220,1170,900,1100,1380,1550,1220,1210,1200,1150,1200,1090,990,1860,1740,1500,1100,2940,740,180,1170,2070,3170,4550,6100,7320,8530,9730,10880,12080,13170,14160,16020,17760,19260,20360,23300,24040,24220
J9J,Quebec,Ottawa - Gatineau (partie du Québec / Quebec part),,28740,1710,1030,1080,1200,1290,1160,1040,1080,1070,1180,1130,1030,2140,2360,2160,1770,4720,1250,340,1710,2740,3820,5020,6310,7470,8510,9590,10660,11840,12970,14000,16140,18500,20660,22430,27150,28400,28740
J9L,Quebec,,,12240,500,490,800,1290,1430,930,840,870,790,680,570,500,720,480,410,300,460,120,60,500,990,1790,3080,4510,5440,6280,7150,7940,8620,9190,9690,10410,10890,11300,11600,12060,12180,12240
J9P,Quebec,Val-d'Or,,26750,1260,1030,1400,1810,2330,1540,1450,1470,1360,1430,1340,1050,1820,1400,1220,870,2580,1030,360,1260,2290,3690,5500,7830,9370,10820,12290,13650,15080,16420,17470,19290,20690,21910,22780,25360,26390,26750
J9T,Quebec,Amos,,10680,560,430,580,820,1000,650,590,620,600,620,500,500,730,570,460,350,740,250,110,560,990,1570,2390,3390,4040,4630,5250,5850,6470,6970,7470,8200,8770,9230,9580,10320,10570,10680
J9V,Quebec,,,2940,80,120,200,280,280,200,180,180,170,170,150,120,220,140,100,90,180,50,30,80,200,400,680,960,1160,1340,1520,1690,1860,2010,2130,2350,2490,2590,2680,2860,2910,2940
J9X,Quebec,Rouyn-Noranda,,19110,760,760,960,1460,1990,1280,1140,1190,1110,1140,880,820,1260,930,770,610,1470,430,150,760,1520,2480,3940,5930,7210,8350,9540,10650,11790,12670,13490,14750,15680,16450,17060,18530,18960,19110
J9Y,Quebec,Rouyn-Noranda,,8630,380,330,410,440,480,440,420,470,440,450,390,400,640,510,470,440,1030,390,100,380,710,1120,1560,2040,2480,2900,3370,3810,4260,4650,5050,5690,6200,6670,7110,8140,8530,8630
J9Z,Quebec,,,6300,240,290,410,600,750,420,390,350,350,320,280,240,380,240,240,200,410,140,50,240,530,940,1540,2290,2710,3100,3450,3800,4120,4400,4640,5020,5260,5500,5700,6110,6250,6300
K0A,Ontario,Ottawa - Gatineau (Ontario part / partie de l'Ontario),OTTAWA,88690,3690,2380,3780,4040,5200,3980,3740,4140,3960,4840,4120,3790,7170,6700,5390,4600,11840,3930,1400,3690,6070,9850,13890,19090,23070,26810,30950,34910,39750,43870,47660,54830,61530,66920,71520,83360,87290,88690
K0B,Ontario,,,17660,850,560,1070,1320,1650,1090,970,1100,970,1050,870,730,1290,1010,780,610,1230,360,150,850,1410,2480,3800,5450,6540,7510,8610,9580,10630,11500,12230,13520,14530,15310,15920,17150,17510,17660
K0C,Ontario,,,43730,2130,1340,2520,2830,3990,2620,2490,2570,2410,2540,2140,1990,3390,2720,2040,1450,3220,960,380,2130,3470,5990,8820,12810,15430,17920,20490,22900,25440,27580,29570,32960,35680,37720,39170,42390,43350,43730
K0E,Ontario,Brockville,,32310,1520,1040,1910,2180,2890,1950,1940,2040,1890,2040,1640,1480,2480,1860,1360,980,2210,650,250,1520,2560,4470,6650,9540,11490,13430,15470,17360,19400,21040,22520,25000,26860,28220,29200,31410,32060,32310
K0G,Ontario,,,32490,1440,980,1690,1840,2400,1780,1660,1820,1690,1980,1550,1370,2550,2180,1710,1250,3220,1040,340,1440,2420,4110,5950,8350,10130,11790,13610,15300,17280,18830,20200,22750,24930,26640,27890,31110,32150,32490
K0H,Ontario,,,37220,1710,1160,2110,2220,3010,1980,1980,2050,2060,2200,1820,1660,2880,2460,1760,1440,3190,1080,450,1710,2870,4980,7200,10210,12190,14170,16220,18280,20480,22300,23960,26840,29300,31060,32500,35690,36770,37220
K0J,Ontario,,,28740,1590,1050,1900,2100,2830,1740,1580,1670,1610,1740,1270,1070,1990,1590,1260,960,1960,640,190,1590,2640,4540,6640,9470,11210,12790,14460,16070,17810,19080,20150,22140,23730,24990,25950,27910,28550,28740
K0K,Ontario,Belleville - Quinte West,,95430,5380,3060,6000,6750,8690,5970,5640,5880,5380,5800,4600,4020,6720,5280,3740,2870,6500,2290,860,5380,8440,14440,21190,29880,35850,41490,47370,52750,58550,63150,67170,73890,79170,82910,85780,92280,94570,95430
K0L,Ontario,,,62850,3340,2000,3940,4660,6220,4150,3690,3830,3750,3820,2920,2500,4260,3290,2370,1790,4180,1510,630,3340,5340,9280,13940,20160,24310,28000,31830,35580,39400,42320,44820,49080,52370,54740,56530,60710,62220,62850
K0M,Ontario,,,43700,2110,1370,2500,3190,4250,2760,2630,2640,2610,2720,2140,1840,3070,2320,1740,1330,2850,1120,510,2110,3480,5980,9170,13420,16180,18810,21450,24060,26780,28920,30760,33830,36150,37890,39220,42070,43190,43700
K1A,Ontario,Ottawa - Gatineau (Ontario part / partie de l'Ontario),OTTAWA,30,0,0,0,0,0,0,0,0,0,0,0,0,0,0,0,0,20,10,0,0,0,0,0,0,0,0,0,0,0,0,0,0,0,0,0,20,30,30
K1B,Ontario,Ottawa - Gatineau (Ontario part / partie de l'Ontario),OTTAWA,13600,850,460,730,810,930,700,640,710,690,780,560,600,1000,930,730,580,1410,380,110,850,1310,2040,2850,3780,4480,5120,5830,6520,7300,7860,8460,9460,10390,11120,11700,13110,13490,13600
K1C,Ontario,Ottawa - Gatineau (Ontario part / partie de l'Ontario),OTTAWA,30350,1540,790,1250,1230,1500,1240,1260,1320,1230,1600,1330,1270,2470,2470,2070,1610,4450,1320,400,1540,2330,3580,4810,6310,7550,8810,10130,11360,12960,14290,15560,18030,20500,22570,24180,28630,29950,30350
K1E,Ontario,Ottawa - Gatineau (Ontario part / partie de l'Ontario),OTTAWA,12160,560,270,480,520,630,530,530,610,590,760,580,560,1150,1030,800,630,1480,360,90,560,830,1310,1830,2460,2990,3520,4130,4720,5480,6060,6620,7770,8800,9600,10230,11710,12070,12160
K1G,Ontario,Ottawa - Gatineau (Ontario part / partie de l'Ontario),OTTAWA,27830,2380,1170,1660,1810,2040,1410,1380,1300,1240,1300,1080,930,1830,1730,1390,1170,2770,920,320,2380,3550,5210,7020,9060,10470,11850,13150,14390,15690,16770,17700,19530,21260,22650,23820,26590,27510,27830
K1H,Ontario,Ottawa - Gatineau (Ontario part / partie de l'Ontario),OTTAWA,13060,830,440,650,690,770,540,480,490,420,480,400,400,740,780,660,610,2060,1080,540,830,1270,1920,2610,3380,3920,4400,4890,5310,5790,6190,6590,7330,8110,8770,9380,11440,12520,13060
K1J,Ontario,Ottawa - Gatineau (Ontario part / partie de l'Ontario),OTTAWA,22130,1680,750,1210,1270,1510,1130,1050,1100,1060,1080,810,770,1480,1370,1100,900,2560,930,370,1680,2430,3640,4910,6420,7550,8600,9700,10760,11840,12650,13420,14900,16270,17370,18270,20830,21760,22130
K1K,Ontario,Ottawa - Gatineau (Ontario part / partie de l'Ontario),OTTAWA,25830,1800,1180,1940,1850,2270,1450,1370,1270,1120,1250,1000,850,1560,1370,1110,870,2420,880,270,1800,2980,4920,6770,9040,10490,11860,13130,14250,15500,16500,17350,18910,20280,21390,22260,24680,25560,25830
K1L,Ontario,Ottawa - Gatineau (Ontario part / partie de l'Ontario),OTTAWA,13820,940,550,960,1030,1260,850,750,770,680,650,570,480,880,800,550,440,1120,380,160,940,1490,2450,3480,4740,5590,6340,7110,7790,8440,9010,9490,10370,11170,11720,12160,13280,13660,13820
K1M,Ontario,Ottawa - Gatineau (Ontario part / partie de l'Ontario),OTTAWA,5400,300,150,170,190,220,160,140,120,140,170,140,150,290,280,330,270,1000,710,470,300,450,620,810,1030,1190,1330,1450,1590,1760,1900,2050,2340,2620,2950,3220,4220,4930,5400
K1N,Ontario,Ottawa - Gatineau (Ontario part / partie de l'Ontario),OTTAWA,21240,2360,1150,1420,1320,1550,1010,890,740,710,720,570,560,1120,1080,950,830,2660,1250,350,2360,3510,4930,6250,7800,8810,9700,10440,11150,11870,12440,13000,14120,15200,16150,16980,19640,20890,21240
K1P,Ontario,Ottawa - Gatineau (Ontario part / partie de l'Ontario),OTTAWA,730,40,20,20,30,30,30,20,10,20,20,20,20,50,40,50,40,130,80,60,40,60,80,110,140,170,190,200,220,240,260,280,330,370,420,460,590,670,730
K1R,Ontario,Ottawa - Gatineau (Ontario part / partie de l'Ontario),OTTAWA,14790,870,540,900,980,1090,650,610,560,520,550,430,450,890,940,920,740,2190,710,250,870,1410,2310,3290,4380,5030,5640,6200,6720,7270,7700,8150,9040,9980,10900,11640,13830,14540,14790
K1S,Ontario,Ottawa - Gatineau (Ontario part / partie de l'Ontario),OTTAWA,24300,1930,830,990,1030,1110,840,760,700,690,750,640,630,1350,1420,1350,1180,4220,2580,1300,1930,2760,3750,4780,5890,6730,7490,8190,8880,9630,10270,10900,12250,13670,15020,16200,20420,23000,24300
K1T,Ontario,Ottawa - Gatineau (Ontario part / partie de l'Ontario),OTTAWA,30920,2840,1280,1750,1990,2220,1670,1500,1400,1210,1240,1070,1030,2040,1840,1550,1280,3650,1060,300,2840,4120,5870,7860,10080,11750,13250,14650,15860,17100,18170,19200,21240,23080,24630,25910,29560,30620,30920
K1V,Ontario,Ottawa - Gatineau (Ontario part / partie de l'Ontario),OTTAWA,43730,3730,1810,2550,2910,3050,2280,2050,1960,1800,1910,1650,1350,2610,2580,2240,1850,4970,1810,620,3730,5540,8090,11000,14050,16330,18380,20340,22140,24050,25700,27050,29660,32240,34480,36330,41300,43110,43730
K1W,Ontario,Ottawa - Gatineau (Ontario part / partie de l'Ontario),OTTAWA,10720,610,340,370,460,560,430,390,330,400,430,370,330,790,780,730,660,1930,620,190,610,950,1320,1780,2340,2770,3160,3490,3890,4320,4690,5020,5810,6590,7320,7980,9910,10530,10720
K1X,Ontario,Ottawa - Gatineau (Ontario part / partie de l'Ontario),OTTAWA,3370,290,120,140,170,170,150,140,120,120,130,120,120,190,210,210,200,540,180,50,290,410,550,720,890,1040,1180,1300,1420,1550,1670,1790,1980,2190,2400,2600,3140,3320,3370
K1Y,Ontario,Ottawa - Gatineau (Ontario part / partie de l'Ontario),OTTAWA,16060,690,440,700,740,830,550,510,500,480,570,530,490,920,1090,1060,920,2990,1390,660,690,1130,1830,2570,3400,3950,4460,4960,5440,6010,6540,7030,7950,9040,10100,11020,14010,15400,16060
K1Z,Ontario,Ottawa - Gatineau (Ontario part / partie de l'Ontario),OTTAWA,17370,1150,800,1190,1110,1330,790,850,790,700,640,570,520,1020,980,840,690,2160,880,360,1150,1950,3140,4250,5580,6370,7220,8010,8710,9350,9920,10440,11460,12440,13280,13970,16130,17010,17370
K2A,Ontario,Ottawa - Gatineau (Ontario part / partie de l'Ontario),OTTAWA,13810,700,430,570,630,790,510,520,480,480,530,440,420,810,850,770,610,2250,1270,750,700,1130,1700,2330,3120,3630,4150,4630,5110,5640,6080,6500,7310,8160,8930,9540,11790,13060,13810
K2B,Ontario,Ottawa - Gatineau (Ontario part / partie de l'Ontario),OTTAWA,26010,2130,1070,1650,1870,2160,1560,1490,1480,1300,1270,1080,930,1580,1360,1100,870,2160,700,250,2130,3200,4850,6720,8880,10440,11930,13410,14710,15980,17060,17990,19570,20930,22030,22900,25060,25760,26010
K2C,Ontario,Ottawa - Gatineau (Ontario part / partie de l'Ontario),OTTAWA,22680,1710,890,1200,1320,1470,1210,1140,1170,1020,1160,960,810,1460,1350,1100,910,2590,890,320,1710,2600,3800,5120,6590,7800,8940,10110,11130,12290,13250,14060,15520,16870,17970,18880,21470,22360,22680
K2E,Ontario,Ottawa - Gatineau (Ontario part / partie de l'Ontario),OTTAWA,15980,1270,560,850,930,1120,840,830,770,690,760,680,620,1020,930,800,640,1750,650,270,1270,1830,2680,3610,4730,5570,6400,7170,7860,8620,9300,9920,10940,11870,12670,13310,15060,15710,15980
K2G,Ontario,Ottawa - Gatineau (Ontario part / partie de l'Ontario),OTTAWA,40460,3150,1500,2020,2240,2580,2030,1830,1780,1690,1920,1450,1410,2640,2450,2110,1750,5310,1920,680,3150,4650,6670,8910,11490,13520,15350,17130,18820,20740,22190,23600,26240,28690,30800,32550,37860,39780,40460
K2H,Ontario,Ottawa - Gatineau (Ontario part / partie de l'Ontario),OTTAWA,21350,1100,600,1020,1000,1310,980,960,1000,940,1150,850,830,1580,1480,1200,1040,2810,1070,430,1100,1700,2720,3720,5030,6010,6970,7970,8910,10060,10910,11740,13320,14800,16000,17040,19850,20920,21350
K2J,Ontario,Ottawa - Gatineau (Ontario part / partie de l'Ontario),OTTAWA,62290,5190,2400,2830,3310,3300,2730,2530,2430,2400,2760,2360,2090,4390,4120,3520,3130,9200,2810,790,5190,7590,10420,13730,17030,19760,22290,24720,27120,29880,32240,34330,38720,42840,46360,49490,58690,61500,62290
K2K,Ontario,Ottawa - Gatineau (Ontario part / partie de l'Ontario),OTTAWA,20050,1470,680,840,940,1000,730,770,770,720,840,740,700,1360,1290,1200,960,3070,1390,580,1470,2150,2990,3930,4930,5660,6430,7200,7920,8760,9500,10200,11560,12850,14050,15010,18080,19470,20050
K2L,Ontario,Ottawa - Gatineau (Ontario part / partie de l'Ontario),OTTAWA,14960,840,470,710,770,900,700,680,720,700,810,670,660,1150,1110,880,710,1780,540,160,840,1310,2020,2790,3690,4390,5070,5790,6490,7300,7970,8630,9780,10890,11770,12480,14260,14800,14960
K2M,Ontario,Ottawa - Gatineau (Ontario part / partie de l'Ontario),OTTAWA,22440,1580,750,1010,990,1120,880,810,880,760,890,840,760,1500,1550,1370,1210,3710,1420,410,1580,2330,3340,4330,5450,6330,7140,8020,8780,9670,10510,11270,12770,14320,15690,16900,20610,22030,22440
K2P,Ontario,Ottawa - Gatineau (Ontario part / partie de l'Ontario),OTTAWA,14140,870,500,840,780,920,630,520,530,490,520,460,460,1030,1010,860,750,1930,740,300,870,1370,2210,2990,3910,4540,5060,5590,6080,6600,7060,7520,8550,9560,10420,11170,13100,13840,14140
K2R,Ontario,Ottawa - Gatineau (Ontario part / partie de l'Ontario),OTTAWA,1040,50,40,50,40,50,40,30,30,20,40,30,30,60,80,60,40,140,110,100,50,90,140,180,230,270,300,330,350,390,420,450,510,590,650,690,830,940,1040
K2S,Ontario,Ottawa - Gatineau (Ontario part / partie de l'Ontario),OTTAWA,30350,1710,1070,1250,1300,1400,1130,1100,1120,1040,1260,1090,990,2090,1980,1890,1640,5330,2220,740,1710,2780,4030,5330,6730,7860,8960,10080,11120,12380,13470,14460,16550,18530,20420,22060,27390,29610,30350
K2T,Ontario,Ottawa - Gatineau (Ontario part / partie de l'Ontario),OTTAWA,9260,970,420,430,510,430,290,300,270,210,270,230,240,490,450,450,460,1790,770,280,970,1390,1820,2330,2760,3050,3350,3620,3830,4100,4330,4570,5060,5510,5960,6420,8210,8980,9260
K2V,Ontario,Ottawa - Gatineau (Ontario part / partie de l'Ontario),OTTAWA,7350,670,260,250,310,370,300,280,260,260,280,290,260,490,480,460,420,1180,430,100,670,930,1180,1490,1860,2160,2440,2700,2960,3240,3530,3790,4280,4760,5220,5640,6820,7250,7350
K2W,Ontario,Ottawa - Gatineau (Ontario part / partie de l'Ontario),OTTAWA,6510,570,270,300,300,310,250,210,190,200,210,170,180,340,330,330,310,1180,610,250,570,840,1140,1440,1750,2000,2210,2400,2600,2810,2980,3160,3500,3830,4160,4470,5650,6260,6510
K4A,Ontario,Ottawa - Gatineau (Ontario part / partie de l'Ontario),OTTAWA,48160,2850,1460,2010,2270,2340,1910,1760,1800,1750,2190,1810,1710,3700,3680,3190,2760,8120,2280,570,2850,4310,6320,8590,10930,12840,14600,16400,18150,20340,22150,23860,27560,31240,34430,37190,45310,47590,48160
K4B,Ontario,Ottawa - Gatineau (Ontario part / partie de l'Ontario),OTTAWA,3900,170,110,170,180,230,160,150,150,170,190,160,160,300,300,240,200,550,230,80,170,280,450,630,860,1020,1170,1320,1490,1680,1840,2000,2300,2600,2840,3040,3590,3820,3900
K4C,Ontario,Ottawa - Gatineau (Ontario part / partie de l'Ontario),OTTAWA,3710,160,90,190,180,190,130,120,130,140,180,130,150,240,270,220,190,570,310,120,160,250,440,620,810,940,1060,1190,1330,1510,1640,1790,2030,2300,2520,2710,3280,3590,3710
K4K,Ontario,Ottawa - Gatineau (Ontario part / partie de l'Ontario),OTTAWA,13660,540,320,590,700,870,650,670,730,670,790,640,620,1140,1100,900,660,1550,430,90,540,860,1450,2150,3020,3670,4340,5070,5740,6530,7170,7790,8930,10030,10930,11590,13140,13570,13660
K4M,Ontario,Ottawa - Gatineau (Ontario part / partie de l'Ontario),OTTAWA,11890,730,330,430,490,490,400,350,410,390,450,400,360,780,810,730,670,2040,1050,580,730,1060,1490,1980,2470,2870,3220,3630,4020,4470,4870,5230,6010,6820,7550,8220,10260,11310,11890
K4P,Ontario,Ottawa - Gatineau (Ontario part / partie de l'Ontario),OTTAWA,8300,380,230,350,350,450,320,310,320,290,350,310,260,560,510,490,440,1420,720,240,380,610,960,1310,1760,2080,2390,2710,3000,3350,3660,3920,4480,4990,5480,5920,7340,8060,8300
K4R,Ontario,Ottawa - Gatineau (Ontario part / partie de l'Ontario),OTTAWA,6900,270,170,270,250,360,260,270,310,320,350,300,290,560,570,480,380,1110,300,80,270,440,710,960,1320,1580,1850,2160,2480,2830,3130,3420,3980,4550,5030,5410,6520,6820,6900
K6A,Ontario,,,10960,520,400,870,1070,1390,810,700,730,620,580,450,390,690,490,340,220,480,150,60,520,920,1790,2860,4250,5060,5760,6490,7110,7690,8140,8530,9220,9710,10050,10270,10750,10900,10960
K6H,Ontario,,,26050,2210,1050,2150,2210,2860,1840,1660,1680,1460,1400,1150,960,1550,1040,780,540,1060,320,130,2210,3260,5410,7620,10480,12320,13980,15660,17120,18520,19670,20630,22180,23220,24000,24540,25600,25920,26050
K6J,Ontario,Cornwall,,14400,880,510,1130,1210,1730,1040,1040,980,810,910,670,600,900,580,370,290,540,150,60,880,1390,2520,3730,5460,6500,7540,8520,9330,10240,10910,11510,12410,12990,13360,13650,14190,14340,14400
K6K,Ontario,Cornwall,,2770,120,80,160,180,250,180,170,180,180,160,170,120,220,170,120,70,170,50,20,120,200,360,540,790,970,1140,1320,1500,1660,1830,1950,2170,2340,2460,2530,2700,2750,2770
K6T,Ontario,Brockville,,560,20,20,30,30,40,30,30,20,30,40,30,30,50,30,30,30,60,10,0,20,40,70,100,140,170,200,220,250,290,320,350,400,430,460,490,550,560,560
K6V,Ontario,Brockville,,23480,1080,740,1560,1740,2230,1600,1490,1490,1450,1420,1150,960,1610,1190,860,640,1480,510,280,1080,1820,3380,5120,7350,8950,10440,11930,13380,14800,15950,16910,18520,19710,20570,21210,22690,23200,23480
K7A,Ontario,,,13990,630,430,1040,1020,1290,820,820,970,880,920,680,580,980,750,570,430,860,240,80,630,1060,2100,3120,4410,5230,6050,7020,7900,8820,9500,10080,11060,11810,12380,12810,13670,13910,13990
K7C,Ontario,Ottawa - Gatineau (Ontario part / partie de l'Ontario),OTTAWA,16150,620,420,800,900,1090,820,840,840,830,950,760,700,1320,1110,870,710,1800,590,180,620,1040,1840,2740,3830,4650,5490,6330,7160,8110,8870,9570,10890,12000,12870,13580,15380,15970,16150
K7G,Ontario,,,7320,250,220,400,450,640,460,460,470,450,420,380,320,530,450,280,260,540,230,110,250,470,870,1320,1960,2420,2880,3350,3800,4220,4600,4920,5450,5900,6180,6440,6980,7210,7320
K7H,Ontario,,,13630,550,360,780,820,1120,780,750,820,810,890,660,600,1080,820,630,470,1100,410,180,550,910,1690,2510,3630,4410,5160,5980,6790,7680,8340,8940,10020,10840,11470,11940,13040,13450,13630
K7K,Ontario,Kingston,KINGSTON_AND_AREA,24820,1720,1080,1940,1770,2190,1550,1390,1450,1220,1240,1080,820,1450,1360,1020,840,1810,670,220,1720,2800,4740,6510,8700,10250,11640,13090,14310,15550,16630,17450,18900,20260,21280,22120,23930,24600,24820
K7L,Ontario,Kingston,KINGSTON_AND_AREA,14370,1440,520,740,750,930,660,640,620,610,670,540,460,860,810,690,540,1400,950,540,1440,1960,2700,3450,4380,5040,5680,6300,6910,7580,8120,8580,9440,10250,10940,11480,12880,13830,14370
K7M,Ontario,Kingston,KINGSTON_AND_AREA,39060,2240,1300,2280,2390,3090,2330,2260,2360,2160,2310,1930,1610,2750,2270,1720,1360,3160,1090,450,2240,3540,5820,8210,11300,13630,15890,18250,20410,22720,24650,26260,29010,31280,33000,34360,37520,38610,39060
K7N,Ontario,Kingston,KINGSTON_AND_AREA,6410,300,170,320,330,450,370,340,420,400,420,340,320,550,460,330,240,490,120,40,300,470,790,1120,1570,1940,2280,2700,3100,3520,3860,4180,4730,5190,5520,5760,6250,6370,6410
K7P,Ontario,Kingston,KINGSTON_AND_AREA,19670,1070,590,900,970,1150,1000,1010,1020,960,1130,870,860,1590,1330,1100,880,2170,810,260,1070,1660,2560,3530,4680,5680,6690,7710,8670,9800,10670,11530,13120,14450,15550,16430,18600,19410,19670
K7R,Ontario,,,12260,580,380,840,860,1170,800,780,780,720,740,580,480,840,720,490,400,790,240,70,580,960,1800,2660,3830,4630,5410,6190,6910,7650,8230,8710,9550,10270,10760,11160,11950,12190,12260
K7S,Ontario,Ottawa - Gatineau (Ontario part / partie de l'Ontario),OTTAWA,11590,510,340,680,720,1000,690,700,650,660,700,520,480,870,770,540,440,970,270,80,510,850,1530,2250,3250,3940,4640,5290,5950,6650,7170,7650,8520,9290,9830,10270,11240,11510,11590
K7V,Ontario,,,11470,440,420,780,880,1160,800,720,740,710,680,520,490,790,590,460,320,710,200,60,440,860,1640,2520,3680,4480,5200,5940,6650,7330,7850,8340,9130,9720,10180,10500,11210,11410,11470
K8A,Ontario,Pembroke,,21750,1070,760,1520,1510,2000,1440,1300,1350,1080,1230,1010,880,1500,1260,970,820,1440,450,160,1070,1830,3350,4860,6860,8300,9600,10950,12030,13260,14270,15150,16650,17910,18880,19700,21140,21590,21750
K8B,Ontario,Pembroke,,400,20,20,20,30,20,20,20,10,10,20,10,20,30,20,30,30,60,10,0,20,40,60,90,110,130,150,160,170,190,200,220,250,270,300,330,390,400,400
K8H,Ontario,Petawawa,,11340,600,300,400,490,570,470,470,480,380,420,390,340,900,1230,1270,900,1420,250,60,600,900,1300,1790,2360,2830,3300,3780,4160,4580,4970,5310,6210,7440,8710,9610,11030,11280,11340
K8N,Ontario,Belleville - Quinte West,,26190,1460,820,1740,1770,2320,1610,1560,1520,1450,1450,1180,990,1680,1330,1100,910,2120,830,350,1460,2280,4020,5790,8110,9720,11280,12800,14250,15700,16880,17870,19550,20880,21980,22890,25010,25840,26190
K8P,Ontario,Belleville - Quinte West,,18530,1300,630,1500,1440,1920,1440,1320,1300,1140,1080,820,650,1040,770,590,390,890,220,90,1300,1930,3430,4870,6790,8230,9550,10850,11990,13070,13890,14540,15580,16350,16940,17330,18220,18440,18530
K8R,Ontario,Belleville - Quinte West,,1570,80,50,80,80,120,70,90,110,90,90,80,70,130,110,100,60,130,30,0,80,130,210,290,410,480,570,680,770,860,940,1010,1140,1250,1350,1410,1540,1570,1570
K8V,Ontario,Belleville - Quinte West,,23050,1230,700,1530,1680,2200,1550,1440,1450,1290,1350,1090,930,1490,1250,1210,790,1400,350,120,1230,1930,3460,5140,7340,8890,10330,11780,13070,14420,15510,16440,17930,19180,20390,21180,22580,22930,23050
K9A,Ontario,,,22760,970,650,1260,1420,1940,1410,1440,1380,1320,1460,1090,920,1550,1300,990,760,1830,750,320,970,1620,2880,4300,6240,7650,9090,10470,11790,13250,14340,15260,16810,18110,19100,19860,21690,22440,22760
K9H,Ontario,Peterborough,PETERBOROUGH_AND_KAWARTHAS,22880,1390,890,1780,1780,2420,1680,1470,1510,1280,1210,930,890,1300,1090,750,580,1290,480,160,1390,2280,4060,5840,8260,9940,11410,12920,14200,15410,16340,17230,18530,19620,20370,20950,22240,22720,22880
K9J,Ontario,Peterborough,PETERBOROUGH_AND_KAWARTHAS,35660,2050,1280,2330,2620,3430,2450,2350,2390,2150,2060,1560,1460,2200,1700,1310,940,2210,830,340,2050,3330,5660,8280,11710,14160,16510,18900,21050,23110,24670,26130,28330,30030,31340,32280,34490,35320,35660
K9K,Ontario,Peterborough,PETERBOROUGH_AND_KAWARTHAS,11370,690,380,560,620,850,700,670,630,600,670,500,460,750,690,470,460,1110,400,160,690,1070,1630,2250,3100,3800,4470,5100,5700,6370,6870,7330,8080,8770,9240,9700,10810,11210,11370
K9L,Ontario,Peterborough,PETERBOROUGH_AND_KAWARTHAS,6410,430,240,320,360,430,390,370,380,370,390,310,270,470,360,310,240,520,180,70,430,670,990,1350,1780,2170,2540,2920,3290,3680,3990,4260,4730,5090,5400,5640,6160,6340,6410
K9V,Ontario,Kawartha Lakes,,23650,1180,800,1640,1810,2420,1670,1550,1600,1480,1390,1060,910,1500,1150,860,570,1420,460,180,1180,1980,3620,5430,7850,9520,11070,12670,14150,15540,16600,17510,19010,20160,21020,21590,23010,23470,23650
L0A,Ontario,Peterborough,PETERBOROUGH_AND_KAWARTHAS,12000,650,360,580,680,850,570,590,640,690,650,600,510,870,680,580,470,1320,540,170,650,1010,1590,2270,3120,3690,4280,4920,5610,6260,6860,7370,8240,8920,9500,9970,11290,11830,12000
L0B,Ontario,,,12820,680,400,620,720,910,630,630,700,720,710,610,490,860,780,610,520,1390,600,240,680,1080,1700,2420,3330,3960,4590,5290,6010,6720,7330,7820,8680,9460,10070,10590,11980,12580,12820
L0C,Ontario,,,7930,450,240,370,440,580,400,420,400,380,430,370,300,580,530,410,300,860,320,150,450,690,1060,1500,2080,2480,2900,3300,3680,4110,4480,4780,5360,5890,6300,6600,7460,7780,7930
L0E,Ontario,Toronto,GREATER_TORONTO | MISSISSAUGA | OAKVILLE_MILTON,17100,1040,590,1090,1280,1590,1090,910,960,830,910,810,680,1180,930,700,600,1350,410,150,1040,1630,2720,4000,5590,6680,7590,8550,9380,10290,11100,11780,12960,13890,14590,15190,16540,16950,17100
L0G,Ontario,Toronto,GREATER_TORONTO | MISSISSAUGA | OAKVILLE_MILTON,35580,2240,1150,1860,2100,2500,1980,1710,1660,1570,1730,1580,1320,2450,2130,1790,1440,3960,1570,840,2240,3390,5250,7350,9850,11830,13540,15200,16770,18500,20080,21400,23850,25980,27770,29210,33170,34740,35580
L0H,Ontario,Toronto,GREATER_TORONTO | MISSISSAUGA | OAKVILLE_MILTON,950,70,20,60,60,80,60,40,40,30,40,40,20,70,50,40,30,90,70,40,70,90,150,210,290,350,390,430,460,500,540,560,630,680,720,750,840,910,950
L0J,Ontario,Toronto,GREATER_TORONTO | MISSISSAUGA | OAKVILLE_MILTON,4070,290,120,180,180,240,170,170,170,140,120,140,120,220,210,170,150,490,380,410,290,410,590,770,1010,1180,1350,1520,1660,1780,1920,2040,2260,2470,2640,2790,3280,3660,4070
L0K,Ontario,,,31310,1690,1090,1720,2120,2840,1960,1790,1890,1670,1800,1530,1290,2330,1800,1330,1010,2290,820,340,1690,2780,4500,6620,9460,11420,13210,15100,16770,18570,20100,21390,23720,25520,26850,27860,30150,30970,31310
L0L,Ontario,Barrie,BARRIE_AND_DISTRICT,34020,1900,1160,1750,2050,2590,1950,1710,1730,1640,1900,1420,1290,2440,2050,1670,1310,3440,1390,630,1900,3060,4810,6860,9450,11400,13110,14840,16480,18380,19800,21090,23530,25580,27250,28560,32000,33390,34020
L0M,Ontario,,,28640,1730,910,1490,1780,2180,1670,1550,1490,1480,1600,1300,1190,2100,1930,1600,1160,2560,660,260,1730,2640,4130,5910,8090,9760,11310,12800,14280,15880,17180,18370,20470,22400,24000,25160,27720,28380,28640
L0N,Ontario,Toronto,GREATER_TORONTO | MISSISSAUGA | OAKVILLE_MILTON,2140,140,70,130,140,170,140,110,100,100,100,90,80,130,100,90,70,220,110,50,140,210,340,480,650,790,900,1000,1100,1200,1290,1370,1500,1600,1690,1760,1980,2090,2140
L0P,Ontario,Toronto,GREATER_TORONTO | MISSISSAUGA | OAKVILLE_MILTON,6340,380,240,290,370,400,300,290,280,260,270,210,200,400,370,270,260,740,440,370,380,620,910,1280,1680,1980,2270,2550,2810,3080,3290,3490,3890,4260,4530,4790,5530,5970,6340
L0R,Ontario,Hamilton,HAMILTON_BURLINGTON,67650,3900,2180,3220,3830,4830,3830,3580,3530,3350,3660,2910,2750,4910,4310,3430,2860,6920,2520,1130,3900,6080,9300,13130,17960,21790,25370,28900,32250,35910,38820,41570,46480,50790,54220,57080,64000,66520,67650
L0S,Ontario,St. Catharines - Niagara,NIAGARA_REGION,50120,2470,1580,2330,2900,3910,2990,2800,2890,2560,2900,2320,2020,3480,2900,2290,1900,4670,2130,1080,2470,4050,6380,9280,13190,16180,18980,21870,24430,27330,29650,31670,35150,38050,40340,42240,46910,49040,50120
L1A,Ontario,Port Hope,,13210,600,370,710,800,1060,790,780,830,810,840,650,570,950,790,560,460,1040,420,180,600,970,1680,2480,3540,4330,5110,5940,6750,7590,8240,8810,9760,10550,11110,11570,12610,13030,13210
L1B,Ontario,Oshawa,,10460,500,300,450,520,800,560,550,570,580,620,550,480,780,650,540,360,1060,450,140,500,800,1250,1770,2570,3130,3680,4250,4830,5450,6000,6480,7260,7910,8450,8810,9870,10320,10460
L1C,Ontario,Oshawa,,37370,2220,1210,1890,2070,2640,2000,1840,1980,1850,2050,1660,1570,2710,2420,1910,1550,4120,1310,370,2220,3430,5320,7390,10030,12030,13870,15850,17700,19750,21410,22980,25690,28110,30020,31570,35690,37000,37370
L1E,Ontario,Oshawa,,22360,1410,770,990,1140,1390,1080,1010,1130,1010,1160,1080,940,1660,1500,1260,1000,2680,900,250,1410,2180,3170,4310,5700,6780,7790,8920,9930,11090,12170,13110,14770,16270,17530,18530,21210,22110,22360
L1G,Ontario,Oshawa,,34910,2530,1380,2260,2450,3170,2370,2070,2120,1990,2030,1610,1420,2260,1730,1320,990,2280,690,240,2530,3910,6170,8620,11790,14160,16230,18350,20340,22370,23980,25400,27660,29390,30710,31700,33980,34670,34910
L1H,Ontario,Oshawa,,24830,1640,980,1910,1920,2440,1680,1520,1500,1410,1430,1190,1010,1670,1200,890,640,1320,360,120,1640,2620,4530,6450,8890,10570,12090,13590,15000,16430,17620,18630,20300,21500,22390,23030,24350,24710,24830
L1J,Ontario,Oshawa,,33250,2420,1270,2310,2340,2960,2230,2160,2150,1920,1850,1660,1380,2160,1760,1210,920,1860,530,160,2420,3690,6000,8340,11300,13530,15690,17840,19760,21610,23270,24650,26810,28570,29780,30700,32560,33090,33250
L1K,Ontario,Oshawa,,33200,2830,1300,1850,2070,2440,1860,1650,1660,1540,1590,1370,1250,2180,1900,1570,1310,3440,1090,300,2830,4130,5980,8050,10490,12350,14000,15660,17200,18790,20160,21410,23590,25490,27060,28370,31810,32900,33200
L1L,Ontario,Oshawa,,9350,1130,420,540,710,720,570,480,450,370,360,320,310,570,450,420,310,880,250,90,1130,1550,2090,2800,3520,4090,4570,5020,5390,5750,6070,6380,6950,7400,7820,8130,9010,9260,9350
L1M,Ontario,Oshawa,,16450,1190,670,740,760,850,670,600,560,590,610,560,500,990,980,840,830,2770,1190,550,1190,1860,2600,3360,4210,4880,5480,6040,6630,7240,7800,8300,9290,10270,11110,11940,14710,15900,16450
L1N,Ontario,Oshawa,,39380,2450,1290,1910,2260,3080,2180,2040,2010,1850,2010,1690,1530,2810,2480,1990,1700,4110,1480,510,2450,3740,5650,7910,10990,13170,15210,17220,19070,21080,22770,24300,27110,29590,31580,33280,37390,38870,39380
L1P,Ontario,Oshawa,,17500,1590,720,920,1130,1180,900,770,740,660,710,660,630,1040,930,830,760,2150,860,320,1590,2310,3230,4360,5540,6440,7210,7950,8610,9320,9980,10610,11650,12580,13410,14170,16320,17180,17500
L1R,Ontario,Oshawa,,33170,2670,1250,1600,1950,2180,1610,1480,1500,1300,1440,1240,1220,2130,1950,1670,1450,4230,1690,610,2670,3920,5520,7470,9650,11260,12740,14240,15540,16980,18220,19440,21570,23520,25190,26640,30870,32560,33170
L1S,Ontario,Toronto,GREATER_TORONTO | MISSISSAUGA | OAKVILLE_MILTON,33500,2470,1100,1720,2180,2730,2000,1820,1840,1650,1730,1570,1340,2370,2020,1680,1270,2860,830,320,2470,3570,5290,7470,10200,12200,14020,15860,17510,19240,20810,22150,24520,26540,28220,29490,32350,33180,33500
L1T,Ontario,Toronto,GREATER_TORONTO | MISSISSAUGA | OAKVILLE_MILTON,41910,3980,1740,2370,3120,3440,2380,2150,1870,1750,1860,1570,1450,2730,2330,1910,1570,3920,1320,450,3980,5720,8090,11210,14650,17030,19180,21050,22800,24660,26230,27680,30410,32740,34650,36220,40140,41460,41910
L1V,Ontario,Toronto,GREATER_TORONTO | MISSISSAUGA | OAKVILLE_MILTON,42570,3160,1400,2100,2690,3220,2350,2060,1990,1870,2060,1770,1690,2970,2540,2110,1800,4380,1740,670,3160,4560,6660,9350,12570,14920,16980,18970,20840,22900,24670,26360,29330,31870,33980,35780,40160,41900,42570
L1W,Ontario,Toronto,GREATER_TORONTO | MISSISSAUGA | OAKVILLE_MILTON,14940,900,480,660,880,1150,850,770,710,700,760,640,580,1060,900,700,620,1650,640,290,900,1380,2040,2920,4070,4920,5690,6400,7100,7860,8500,9080,10140,11040,11740,12360,14010,14650,14940
L1X,Ontario,Toronto,GREATER_TORONTO | MISSISSAUGA | OAKVILLE_MILTON,19820,1890,730,980,1400,1570,1070,920,800,860,830,820,740,1300,1130,990,780,2010,720,280,1890,2620,3600,5000,6570,7640,8560,9360,10220,11050,11870,12610,13910,15040,16030,16810,18820,19540,19820
L1Y,Ontario,Toronto,GREATER_TORONTO | MISSISSAUGA | OAKVILLE_MILTON,1750,100,60,90,110,110,80,80,70,70,90,70,60,100,100,80,70,220,110,80,100,160,250,360,470,550,630,700,770,860,930,990,1090,1190,1270,1340,1560,1670,1750
L1Z,Ontario,Toronto,GREATER_TORONTO | MISSISSAUGA | OAKVILLE_MILTON,23630,2290,1010,1230,1760,1810,1250,1150,1050,890,940,900,810,1490,1320,1150,940,2480,870,290,2290,3300,4530,6290,8100,9350,10500,11550,12440,13380,14280,15090,16580,17900,19050,19990,22470,23340,23630
L2A,Ontario,St. Catharines - Niagara,NIAGARA_REGION,13750,780,500,1010,1090,1440,1020,990,970,810,820,640,530,840,590,420,310,670,220,100,780,1280,2290,3380,4820,5840,6830,7800,8610,9430,10070,10600,11440,12030,12450,12760,13430,13650,13750
L2E,Ontario,St. Catharines - Niagara,NIAGARA_REGION,15360,1000,610,1170,1380,1950,1420,1220,1110,930,820,600,490,810,550,360,250,510,140,40,1000,1610,2780,4160,6110,7530,8750,9860,10790,11610,12210,12700,13510,14060,14420,14670,15180,15320,15360
L2G,Ontario,St. Catharines - Niagara,NIAGARA_REGION,24720,1700,930,1640,2030,2910,2150,2050,1920,1520,1400,1020,870,1290,870,620,440,960,280,120,1700,2630,4270,6300,9210,11360,13410,15330,16850,18250,19270,20140,21430,22300,22920,23360,24320,24600,24720
L2H,Ontario,St. Catharines - Niagara,NIAGARA_REGION,24320,1780,1040,1440,1790,2360,1780,1660,1580,1340,1180,1000,850,1420,1050,850,740,1710,560,190,1780,2820,4260,6050,8410,10190,11850,13430,14770,15950,16950,17800,19220,20270,21120,21860,23570,24130,24320
L2J,Ontario,St. Catharines - Niagara,NIAGARA_REGION,12780,620,410,670,850,1210,940,840,950,740,760,570,510,840,660,530,410,830,320,120,620,1030,1700,2550,3760,4700,5540,6490,7230,7990,8560,9070,9910,10570,11100,11510,12340,12660,12780
L2M,Ontario,St. Catharines - Niagara,NIAGARA_REGION,27100,1570,900,1730,2000,2730,1970,1920,1860,1750,1620,1290,1120,1800,1310,900,680,1430,390,130,1570,2470,4200,6200,8930,10900,12820,14680,16430,18050,19340,20460,22260,23570,24470,25150,26580,26970,27100
L2N,Ontario,St. Catharines - Niagara,NIAGARA_REGION,25510,1240,800,1290,1560,2460,1660,1720,1640,1480,1510,1230,1080,1720,1390,1020,810,1850,720,330,1240,2040,3330,4890,7350,9010,10730,12370,13850,15360,16590,17670,19390,20780,21800,22610,24460,25180,25510
L2P,Ontario,St. Catharines - Niagara,NIAGARA_REGION,12030,800,400,740,880,1220,900,860,880,870,730,630,520,800,490,390,260,520,110,30,800,1200,1940,2820,4040,4940,5800,6680,7550,8280,8910,9430,10230,10720,11110,11370,11890,12000,12030
L2R,Ontario,St. Catharines - Niagara,NIAGARA_REGION,20060,1400,840,1610,1690,2070,1500,1400,1250,1090,990,800,730,1120,850,550,450,1080,440,200,1400,2240,3850,5540,7610,9110,10510,11760,12850,13840,14640,15370,16490,17340,17890,18340,19420,19860,20060
L2S,Ontario,St. Catharines - Niagara,NIAGARA_REGION,16280,1120,660,1110,1210,1490,1220,1080,1000,840,810,670,530,1000,790,570,500,1130,400,150,1120,1780,2890,4100,5590,6810,7890,8890,9730,10540,11210,11740,12740,13530,14100,14600,15730,16130,16280
L2T,Ontario,St. Catharines - Niagara,NIAGARA_REGION,9590,870,390,590,640,820,650,630,610,470,530,390,330,600,460,330,240,660,260,120,870,1260,1850,2490,3310,3960,4590,5200,5670,6200,6590,6920,7520,7980,8310,8550,9210,9470,9590
L2V,Ontario,St. Catharines - Niagara,NIAGARA_REGION,15760,1270,630,1010,1160,1500,1120,1040,1090,880,840,690,640,1030,730,520,410,890,230,80,1270,1900,2910,4070,5570,6690,7730,8820,9700,10540,11230,11870,12900,13630,14150,14560,15450,15680,15760
L2W,Ontario,St. Catharines - Niagara,NIAGARA_REGION,1660,130,90,110,110,100,100,100,80,60,60,60,40,90,80,60,60,180,90,60,130,220,330,440,540,640,740,820,880,940,1000,1040,1130,1210,1270,1330,1510,1600,1660
L3B,Ontario,St. Catharines - Niagara,NIAGARA_REGION,19950,1250,740,1500,1710,2140,1590,1450,1370,1270,1120,930,810,1150,850,580,380,820,200,90,1250,1990,3490,5200,7340,8930,10380,11750,13020,14140,15070,15880,17030,17880,18460,18840,19660,19860,19950
L3C,Ontario,St. Catharines - Niagara,NIAGARA_REGION,27530,1620,920,1650,1850,2550,1900,1920,1790,1610,1660,1360,1200,1870,1430,1000,790,1810,450,150,1620,2540,4190,6040,8590,10490,12410,14200,15810,17470,18830,20030,21900,23330,24330,25120,26930,27380,27530
L3J,,,,150,90,40,20,0,0,0,0,0,0,0,0,0,0,0,0,0,0,0,0,90,130,150,150,150,150,150,150,150,150,150,150,150,150,150,150,150,150,150
L3K,Ontario,St. Catharines - Niagara,NIAGARA_REGION,15560,780,520,1020,1150,1610,1110,1110,1040,970,920,730,620,1110,760,500,410,850,250,100,780,1300,2320,3470,5080,6190,7300,8340,9310,10230,10960,11580,12690,13450,13950,14360,15210,15460,15560
L3L,Ontario,Toronto,GREATER_TORONTO | MISSISSAUGA | OAKVILLE_MILTON,670,60,30,30,50,40,30,30,30,30,20,20,20,40,30,30,20,60,40,60,60,90,120,170,210,240,270,300,330,350,370,390,430,460,490,510,570,610,670
L3M,Ontario,Hamilton,HAMILTON_BURLINGTON,22670,1100,650,1040,1150,1620,1220,1150,1190,1130,1250,940,920,1670,1480,1190,980,2530,1010,450,1100,1750,2790,3940,5560,6780,7930,9120,10250,11500,12440,13360,15030,16510,17700,18680,21210,22220,22670
L3P,Ontario,Toronto,GREATER_TORONTO | MISSISSAUGA | OAKVILLE_MILTON,31660,2610,1290,1790,2440,2420,1720,1500,1370,1300,1340,1140,1020,1800,1540,1340,1180,3390,1640,830,2610,3900,5690,8130,10550,12270,13770,15140,16440,17780,18920,19940,21740,23280,24620,25800,29190,30830,31660
L3R,Ontario,Toronto,GREATER_TORONTO | MISSISSAUGA | OAKVILLE_MILTON,55060,5900,2580,3710,5540,5230,3330,2740,2400,2050,2080,1730,1540,2580,2250,1950,1560,4420,2250,1220,5900,8480,12190,17730,22960,26290,29030,31430,33480,35560,37290,38830,41410,43660,45610,47170,51590,53840,55060
L3S,Ontario,Toronto,GREATER_TORONTO | MISSISSAUGA | OAKVILLE_MILTON,47680,5330,2350,3470,5400,5190,3220,2880,2470,2050,1990,1600,1450,2330,1750,1390,1080,2510,920,300,5330,7680,11150,16550,21740,24960,27840,30310,32360,34350,35950,37400,39730,41480,42870,43950,46460,47380,47680
L3T,Ontario,Toronto,GREATER_TORONTO | MISSISSAUGA | OAKVILLE_MILTON,43790,4410,1740,2450,3580,3440,2180,2030,1840,1690,1690,1460,1350,2430,2110,1870,1600,4270,2350,1300,4410,6150,8600,12180,15620,17800,19830,21670,23360,25050,26510,27860,30290,32400,34270,35870,40140,42490,43790
L3V,Ontario,,,39370,2310,1310,2520,2860,3840,2760,2560,2450,2150,2200,1810,1580,2600,2000,1530,1080,2480,920,410,2310,3620,6140,9000,12840,15600,18160,20610,22760,24960,26770,28350,30950,32950,34480,35560,38040,38960,39370
L3X,Ontario,Toronto,GREATER_TORONTO | MISSISSAUGA | OAKVILLE_MILTON,36520,3240,1630,2100,2580,2680,1970,1690,1480,1500,1550,1310,1150,2140,1930,1650,1350,4020,1720,830,3240,4870,6970,9550,12230,14200,15890,17370,18870,20420,21730,22880,25020,26950,28600,29950,33970,35690,36520
L3Y,Ontario,Toronto,GREATER_TORONTO | MISSISSAUGA | OAKVILLE_MILTON,35370,2210,1320,2030,2380,2920,2140,1940,1890,1700,1870,1620,1330,2390,2030,1530,1270,3180,1190,430,2210,3530,5560,7940,10860,13000,14940,16830,18530,20400,22020,23350,25740,27770,29300,30570,33750,34940,35370
L3Z,Ontario,Toronto,GREATER_TORONTO | MISSISSAUGA | OAKVILLE_MILTON,31300,2370,1110,1740,2240,2660,1940,1710,1570,1580,1490,1370,1170,2090,1750,1480,1150,2780,820,280,2370,3480,5220,7460,10120,12060,13770,15340,16920,18410,19780,20950,23040,24790,26270,27420,30200,31020,31300
L4A,Ontario,Toronto,GREATER_TORONTO | MISSISSAUGA | OAKVILLE_MILTON,38570,2780,1420,1880,2380,2710,1940,1790,1640,1560,1660,1470,1350,2540,2200,1940,1720,4540,1980,1070,2780,4200,6080,8460,11170,13110,14900,16540,18100,19760,21230,22580,25120,27320,29260,30980,35520,37500,38570
L4B,Ontario,Toronto,GREATER_TORONTO | MISSISSAUGA | OAKVILLE_MILTON,33300,3740,1490,2090,2880,2560,1640,1430,1280,1150,1140,1000,900,1730,1480,1260,1170,3370,1910,1080,3740,5230,7320,10200,12760,14400,15830,17110,18260,19400,20400,21300,23030,24510,25770,26940,30310,32220,33300
L4C,Ontario,Toronto,GREATER_TORONTO | MISSISSAUGA | OAKVILLE_MILTON,64000,6440,2830,4090,5680,5830,3820,3180,2890,2620,2590,2220,1980,3380,2910,2390,1970,5300,2570,1310,6440,9270,13360,19040,24870,28690,31870,34760,37380,39970,42190,44170,47550,50460,52850,54820,60120,62690,64000
L4E,Ontario,Toronto,GREATER_TORONTO | MISSISSAUGA | OAKVILLE_MILTON,43550,4830,2130,2580,3450,3320,2190,1950,1710,1470,1480,1320,1220,2130,1990,1770,1610,5040,2280,1080,4830,6960,9540,12990,16310,18500,20450,22160,23630,25110,26430,27650,29780,31770,33540,35150,40190,42470,43550
L4G,Ontario,Toronto,GREATER_TORONTO | MISSISSAUGA | OAKVILLE_MILTON,49780,4170,2050,2590,3200,3460,2540,2210,2060,2020,1990,1780,1630,2900,2600,2210,1900,5780,2830,1860,4170,6220,8810,12010,15470,18010,20220,22280,24300,26290,28070,29700,32600,35200,37410,39310,45090,47920,49780
L4H,Ontario,Toronto,GREATER_TORONTO | MISSISSAUGA | OAKVILLE_MILTON,60500,5070,2570,3330,4390,4670,3220,2850,2490,2370,2340,2280,1900,3540,3160,2740,2420,7050,2860,1250,5070,7640,10970,15360,20030,23250,26100,28590,30960,33300,35580,37480,41020,44180,46920,49340,56390,59250,60500
L4J,Ontario,Toronto,GREATER_TORONTO | MISSISSAUGA | OAKVILLE_MILTON,64680,5730,2590,3690,4900,5050,3260,2900,2680,2430,2520,2150,1960,3630,3140,2670,2360,6970,3770,2280,5730,8320,12010,16910,21960,25220,28120,30800,33230,35750,37900,39860,43490,46630,49300,51660,58630,62400,64680
L4K,Ontario,Toronto,GREATER_TORONTO | MISSISSAUGA | OAKVILLE_MILTON,17850,1760,710,920,1320,1610,1080,920,840,770,820,740,620,1080,940,780,570,1510,560,300,1760,2470,3390,4710,6320,7400,8320,9160,9930,10750,11490,12110,13190,14130,14910,15480,16990,17550,17850
L4L,Ontario,Toronto,GREATER_TORONTO | MISSISSAUGA | OAKVILLE_MILTON,48310,2960,1520,2370,3280,4500,2970,2670,2400,2160,2210,2010,1690,3120,2610,2180,1680,4610,2100,1270,2960,4480,6850,10130,14630,17600,20270,22670,24830,27040,29050,30740,33860,36470,38650,40330,44940,47040,48310
L4M,Ontario,,,38590,3060,1540,2380,2720,3410,2660,2440,2310,2020,1990,1570,1370,2370,1930,1480,1180,2860,930,370,3060,4600,6980,9700,13110,15770,18210,20520,22540,24530,26100,27470,29840,31770,33250,34430,37290,38220,38590
L4N,Ontario,Barrie,BARRIE_AND_DISTRICT,78290,5180,2860,4650,5080,6560,5010,4530,4420,3980,4150,3510,2940,5160,4330,3480,2850,6700,2130,770,5180,8040,12690,17770,24330,29340,33870,38290,42270,46420,49930,52870,58030,62360,65840,68690,75390,77520,78290
L4P,Ontario,Toronto,GREATER_TORONTO | MISSISSAUGA | OAKVILLE_MILTON,23380,1470,850,1400,1630,1930,1410,1260,1240,1150,1250,1090,970,1640,1420,1090,870,1960,560,190,1470,2320,3720,5350,7280,8690,9950,11190,12340,13590,14680,15650,17290,18710,19800,20670,22630,23190,23380
L4R,Ontario,,,15920,800,570,1150,1250,1710,1200,1080,1000,920,940,720,630,1000,800,520,370,840,270,150,800,1370,2520,3770,5480,6680,7760,8760,9680,10620,11340,11970,12970,13770,14290,14660,15500,15770,15920
L4S,Ontario,Toronto,GREATER_TORONTO | MISSISSAUGA | OAKVILLE_MILTON,30710,3700,1610,2010,2780,2460,1630,1370,1180,1010,1010,940,840,1500,1350,1160,1000,3180,1450,530,3700,5310,7320,10100,12560,14190,15560,16740,17750,18760,19700,20540,22040,23390,24550,25550,28730,30180,30710
L4T,Ontario,Toronto,GREATER_TORONTO | MISSISSAUGA | OAKVILLE_MILTON,35680,5530,1990,2710,3340,3760,2660,2470,2230,1970,1640,1330,1110,1610,1070,710,510,820,170,50,5530,7520,10230,13570,17330,19990,22460,24690,26660,28300,29630,30740,32350,33420,34130,34640,35460,35630,35680
L4V,Ontario,Toronto,GREATER_TORONTO | MISSISSAUGA | OAKVILLE_MILTON,10,0,0,0,0,0,0,0,0,0,0,0,0,0,0,0,0,0,0,10,0,0,0,0,0,0,0,0,0,0,0,0,0,0,0,0,0,0,10
L4W,Ontario,Toronto,GREATER_TORONTO | MISSISSAUGA | OAKVILLE_MILTON,17510,1240,600,930,1210,1520,1020,920,850,810,840,690,640,1170,1080,790,660,1610,650,280,1240,1840,2770,3980,5500,6520,7440,8290,9100,9940,10630,11270,12440,13520,14310,14970,16580,17230,17510
L4X,Ontario,Toronto,GREATER_TORONTO | MISSISSAUGA | OAKVILLE_MILTON,15000,1550,650,1000,1330,1530,1060,890,840,690,710,650,520,830,610,520,370,860,270,120,1550,2200,3200,4530,6060,7120,8010,8850,9540,10250,10900,11420,12250,12860,13380,13750,14610,14880,15000
L4Y,Ontario,Toronto,GREATER_TORONTO | MISSISSAUGA | OAKVILLE_MILTON,19360,1560,730,1070,1480,1850,1260,1030,1030,930,890,790,730,1240,950,820,660,1540,560,240,1560,2290,3360,4840,6690,7950,8980,10010,10940,11830,12620,13350,14590,15540,16360,17020,18560,19120,19360
L4Z,Ontario,Toronto,GREATER_TORONTO | MISSISSAUGA | OAKVILLE_MILTON,32300,3450,1430,1870,2480,2770,1910,1680,1560,1580,1440,1320,1210,2040,1600,1330,1060,2560,750,260,3450,4880,6750,9230,12000,13910,15590,17150,18730,20170,21490,22700,24740,26340,27670,28730,31290,32040,32300
L5A,Ontario,Toronto,GREATER_TORONTO | MISSISSAUGA | OAKVILLE_MILTON,39070,4060,1600,2500,3320,3960,2560,2320,2100,1970,1980,1660,1490,2400,1750,1350,1080,2160,610,200,4060,5660,8160,11480,15440,18000,20320,22420,24390,26370,28030,29520,31920,33670,35020,36100,38260,38870,39070
L5B,Ontario,Toronto,GREATER_TORONTO | MISSISSAUGA | OAKVILLE_MILTON,54900,7580,2230,3210,4320,4820,3150,2800,2540,2330,2290,2070,1900,3200,2610,2290,1750,4150,1240,420,7580,9810,13020,17340,22160,25310,28110,30650,32980,35270,37340,39240,42440,45050,47340,49090,53240,54480,54900
L5C,Ontario,Toronto,GREATER_TORONTO | MISSISSAUGA | OAKVILLE_MILTON,25160,2650,1040,1470,1970,2260,1560,1360,1280,1150,1110,1040,900,1510,1190,980,790,1820,750,330,2650,3690,5160,7130,9390,10950,12310,13590,14740,15850,16890,17790,19300,20490,21470,22260,24080,24830,25160
L5E,Ontario,Toronto,GREATER_TORONTO | MISSISSAUGA | OAKVILLE_MILTON,10510,670,350,560,670,870,600,510,490,470,490,440,400,680,570,490,430,1090,510,220,670,1020,1580,2250,3120,3720,4230,4720,5190,5680,6120,6520,7200,7770,8260,8690,9780,10290,10510
L5G,Ontario,Toronto,GREATER_TORONTO | MISSISSAUGA | OAKVILLE_MILTON,16740,1090,520,770,1010,1320,890,790,750,610,690,610,560,1030,900,710,600,1780,1080,1030,1090,1610,2380,3390,4710,5600,6390,7140,7750,8440,9050,9610,10640,11540,12250,12850,14630,15710,16740
L5H,Ontario,Toronto,GREATER_TORONTO | MISSISSAUGA | OAKVILLE_MILTON,14200,1050,500,640,780,780,630,510,500,490,480,430,420,760,710,590,560,1770,1350,1250,1050,1550,2190,2970,3750,4380,4890,5390,5880,6360,6790,7210,7970,8680,9270,9830,11600,12950,14200
L5J,Ontario,Toronto,GREATER_TORONTO | MISSISSAUGA | OAKVILLE_MILTON,22890,1600,760,1160,1390,1660,1220,1070,1050,1030,1110,980,900,1580,1280,1040,860,2290,1170,740,1600,2360,3520,4910,6570,7790,8860,9910,10940,12050,13030,13930,15510,16790,17830,18690,20980,22150,22890
L5K,Ontario,Toronto,GREATER_TORONTO | MISSISSAUGA | OAKVILLE_MILTON,10850,1090,450,570,750,840,620,530,540,450,490,420,360,620,550,470,360,1010,470,260,1090,1540,2110,2860,3700,4320,4850,5390,5840,6330,6750,7110,7730,8280,8750,9110,10120,10590,10850
L5L,Ontario,Toronto,GREATER_TORONTO | MISSISSAUGA | OAKVILLE_MILTON,37060,3470,1430,2010,2480,2850,1970,1810,1790,1610,1710,1460,1310,2360,2090,1680,1400,3380,1530,720,3470,4900,6910,9390,12240,14210,16020,17810,19420,21130,22590,23900,26260,28350,30030,31430,34810,36340,37060
L5M,Ontario,Toronto,GREATER_TORONTO | MISSISSAUGA | OAKVILLE_MILTON,89510,11820,4280,5270,6420,6670,4630,4240,3570,3360,3410,3110,2760,4920,4250,3700,3160,8810,3730,1400,11820,16100,21370,27790,34460,39090,43330,46900,50260,53670,56780,59540,64460,68710,72410,75570,84380,88110,89510
L5N,Ontario,Toronto,GREATER_TORONTO | MISSISSAUGA | OAKVILLE_MILTON,69360,6630,2840,3590,4380,4980,3630,3270,3160,3050,3250,2880,2650,4820,3950,3320,2740,6990,2450,780,6630,9470,13060,17440,22420,26050,29320,32480,35530,38780,41660,44310,49130,53080,56400,59140,66130,68580,69360
L5P,,,,0,0,0,0,0,0,0,0,0,0,0,0,0,0,0,0,0,0,0,0,0,0,0,0,0,0,0,0,0,0,0,0,0,0,0,0,0,0,0
L5R,Ontario,Toronto,GREATER_TORONTO | MISSISSAUGA | OAKVILLE_MILTON,32790,3670,1440,1960,2690,2840,1940,1740,1690,1470,1410,1370,1190,1930,1630,1330,1050,2400,790,250,3670,5110,7070,9760,12600,14540,16280,17970,19440,20850,22220,23410,25340,26970,28300,29350,31750,32540,32790
L5S,Ontario,Toronto,GREATER_TORONTO | MISSISSAUGA | OAKVILLE_MILTON,80,20,0,20,0,10,10,0,0,0,0,0,0,0,0,0,0,10,10,0,20,20,40,40,50,60,60,60,60,60,60,60,60,60,60,60,70,80,80
L5T,Ontario,Toronto,GREATER_TORONTO | MISSISSAUGA | OAKVILLE_MILTON,160,30,0,10,20,20,10,0,10,10,10,0,0,10,0,0,0,20,10,0,30,30,40,60,80,90,90,100,110,120,120,120,130,130,130,130,150,160,160
L5V,Ontario,Toronto,GREATER_TORONTO | MISSISSAUGA | OAKVILLE_MILTON,43480,5350,2100,2670,3410,3620,2600,2130,2040,1910,1800,1650,1500,2590,2040,1630,1380,3460,1220,380,5350,7450,10120,13530,17150,19750,21880,23920,25830,27630,29280,30780,33370,35410,37040,38420,41880,43100,43480
L5W,Ontario,Toronto,GREATER_TORONTO | MISSISSAUGA | OAKVILLE_MILTON,21310,2660,1000,1260,1580,1630,1200,1060,940,900,880,820,730,1210,1010,800,670,1900,770,290,2660,3660,4920,6500,8130,9330,10390,11330,12230,13110,13930,14660,15870,16880,17680,18350,20250,21020,21310
L6A,Ontario,Toronto,GREATER_TORONTO | MISSISSAUGA | OAKVILLE_MILTON,72270,6670,3040,4080,5310,5850,3980,3420,3170,2880,2840,2610,2290,4150,3650,2940,2720,7680,3440,1550,6670,9710,13790,19100,24950,28930,32350,35520,38400,41240,43850,46140,50290,53940,56880,59600,67280,70720,72270
L6B,Ontario,Toronto,GREATER_TORONTO | MISSISSAUGA | OAKVILLE_MILTON,25790,2740,1100,1470,2260,2080,1390,1240,1080,970,940,910,800,1490,1240,1080,940,2690,1050,320,2740,3840,5310,7570,9650,11040,12280,13360,14330,15270,16180,16980,18470,19710,20790,21730,24420,25470,25790
L6C,Ontario,Toronto,GREATER_TORONTO | MISSISSAUGA | OAKVILLE_MILTON,41760,4820,2020,2670,3800,3300,2090,1780,1630,1400,1370,1190,1160,2060,1700,1590,1430,4390,2290,1070,4820,6840,9510,13310,16610,18700,20480,22110,23510,24880,26070,27230,29290,30990,32580,34010,38400,40690,41760
L6E,Ontario,Toronto,GREATER_TORONTO | MISSISSAUGA | OAKVILLE_MILTON,30210,3360,1420,1780,2680,2540,1640,1420,1270,1110,1070,1040,900,1540,1410,1300,1090,3120,1140,380,3360,4780,6560,9240,11780,13420,14840,16110,17220,18290,19330,20230,21770,23180,24480,25570,28690,29830,30210
L6G,Ontario,Toronto,GREATER_TORONTO | MISSISSAUGA | OAKVILLE_MILTON,6240,770,240,380,550,510,350,320,270,280,250,220,180,360,270,260,230,540,180,80,770,1010,1390,1940,2450,2800,3120,3390,3670,3920,4140,4320,4680,4950,5210,5440,5980,6160,6240
L6H,Ontario,Toronto,GREATER_TORONTO | MISSISSAUGA | OAKVILLE_MILTON,58110,5810,2550,2980,3360,3620,2730,2350,2290,2190,2240,1890,1780,3270,2970,2580,2270,7040,3900,2290,5810,8360,11340,14700,18320,21050,23400,25690,27880,30120,32010,33790,37060,40030,42610,44880,51920,55820,58110
L6J,Ontario,Toronto,GREATER_TORONTO | MISSISSAUGA | OAKVILLE_MILTON,20070,1790,790,930,960,980,760,680,650,630,680,560,510,1010,960,790,730,2360,1940,2360,1790,2580,3510,4470,5450,6210,6890,7540,8170,8850,9410,9920,10930,11890,12680,13410,15770,17710,20070
L6K,Ontario,Toronto,GREATER_TORONTO | MISSISSAUGA | OAKVILLE_MILTON,11450,830,400,680,720,1020,720,570,540,510,530,410,400,620,500,430,330,1000,630,610,830,1230,1910,2630,3650,4370,4940,5480,5990,6520,6930,7330,7950,8450,8880,9210,10210,10840,11450
L6L,Ontario,Toronto,GREATER_TORONTO | MISSISSAUGA | OAKVILLE_MILTON,24440,1840,900,1150,1250,1550,1120,980,1000,930,1110,880,720,1430,1260,1120,930,2780,1990,1500,1840,2740,3890,5140,6690,7810,8790,9790,10720,11830,12710,13430,14860,16120,17240,18170,20950,22940,24440
L6M,Ontario,Toronto,GREATER_TORONTO | MISSISSAUGA | OAKVILLE_MILTON,55840,6160,2660,2890,3130,3150,2340,2000,1870,1700,1850,1660,1560,2860,2700,2440,2210,7400,4650,2610,6160,8820,11710,14840,17990,20330,22330,24200,25900,27750,29410,30970,33830,36530,38970,41180,48580,53230,55840
L6P,Ontario,Toronto,GREATER_TORONTO | MISSISSAUGA | OAKVILLE_MILTON,82320,10700,4220,5800,7900,7250,5200,4870,4510,4030,3500,3180,2500,4090,3230,2440,2000,4710,1580,610,10700,14920,20720,28620,35870,41070,45940,50450,54480,57980,61160,63660,67750,70980,73420,75420,80130,81710,82320
L6R,Ontario,Toronto,GREATER_TORONTO | MISSISSAUGA | OAKVILLE_MILTON,85430,11940,4440,6060,7670,7600,5810,5550,4970,4430,3950,3350,2770,4390,3230,2470,1840,3820,900,240,11940,16380,22440,30110,37710,43520,49070,54040,58470,62420,65770,68540,72930,76160,78630,80470,84290,85190,85430
L6S,Ontario,Toronto,GREATER_TORONTO | MISSISSAUGA | OAKVILLE_MILTON,47180,5370,2080,2770,3480,3900,3030,2810,2800,2680,2400,2200,1890,2930,2180,1620,1340,2750,710,240,5370,7450,10220,13700,17600,20630,23440,26240,28920,31320,33520,35410,38340,40520,42140,43480,46230,46940,47180
L6T,Ontario,Toronto,GREATER_TORONTO | MISSISSAUGA | OAKVILLE_MILTON,32680,4160,1570,2130,2550,3060,2250,1970,1860,1920,1680,1430,1260,1900,1430,1030,770,1340,280,90,4160,5730,7860,10410,13470,15720,17690,19550,21470,23150,24580,25840,27740,29170,30200,30970,32310,32590,32680
L6V,Ontario,Toronto,GREATER_TORONTO | MISSISSAUGA | OAKVILLE_MILTON,35700,4410,1670,2250,2770,3200,2520,2240,2050,1970,1830,1600,1360,2220,1620,1250,820,1560,280,80,4410,6080,8330,11100,14300,16820,19060,21110,23080,24910,26510,27870,30090,31710,32960,33780,35340,35620,35700
L6W,Ontario,Toronto,GREATER_TORONTO | MISSISSAUGA | OAKVILLE_MILTON,19380,2040,880,1280,1510,1780,1220,1160,1070,950,970,860,700,1140,840,680,540,1220,380,160,2040,2920,4200,5710,7490,8710,9870,10940,11890,12860,13720,14420,15560,16400,17080,17620,18840,19220,19380
L6X,Ontario,Toronto,GREATER_TORONTO | MISSISSAUGA | OAKVILLE_MILTON,66970,8860,3200,4210,5180,5590,4190,3890,3550,3330,3130,2860,2310,3780,2990,2290,1840,4150,1290,330,8860,12060,16270,21450,27040,31230,35120,38670,42000,45130,47990,50300,54080,57070,59360,61200,65350,66640,66970
L6Y,Ontario,Toronto,GREATER_TORONTO | MISSISSAUGA | OAKVILLE_MILTON,89970,12630,4570,6120,7540,7700,6110,5630,4830,4490,4070,3450,2880,4700,3450,2640,2130,4880,1580,570,12630,17200,23320,30860,38560,44670,50300,55130,59620,63690,67140,70020,74720,78170,80810,82940,87820,89400,89970
L6Z,Ontario,Toronto,GREATER_TORONTO | MISSISSAUGA | OAKVILLE_MILTON,29320,3100,1240,1740,2140,2310,1780,1590,1480,1480,1440,1270,1090,1880,1580,1220,940,2080,710,250,3100,4340,6080,8220,10530,12310,13900,15380,16860,18300,19570,20660,22540,24120,25340,26280,28360,29070,29320
L7A,Ontario,Toronto,GREATER_TORONTO | MISSISSAUGA | OAKVILLE_MILTON,88050,11690,4400,5410,6720,6970,5390,4960,4620,4280,3930,3570,3130,5050,4070,3340,2670,6100,1460,290,11690,16090,21500,28220,35190,40580,45540,50160,54440,58370,61940,65070,70120,74190,77530,80200,86300,87760,88050
L7B,Ontario,Toronto,GREATER_TORONTO | MISSISSAUGA | OAKVILLE_MILTON,13900,1000,510,660,820,880,670,550,500,470,460,470,410,800,670,610,560,1750,1170,940,1000,1510,2170,2990,3870,4540,5090,5590,6060,6520,6990,7400,8200,8870,9480,10040,11790,12960,13900
L7C,Ontario,Toronto,GREATER_TORONTO | MISSISSAUGA | OAKVILLE_MILTON,28280,2580,1150,1620,2080,2040,1550,1520,1390,1330,1180,1170,1000,1680,1420,1200,1010,2680,1130,550,2580,3730,5350,7430,9470,11020,12540,13930,15260,16440,17610,18610,20290,21710,22910,23920,26600,27730,28280
L7E,Ontario,Toronto,GREATER_TORONTO | MISSISSAUGA | OAKVILLE_MILTON,28050,1730,1100,1370,1650,2000,1530,1300,1250,1170,1290,1160,1100,1940,1610,1490,1200,3190,1290,680,1730,2830,4200,5850,7850,9380,10680,11930,13100,14390,15550,16650,18590,20200,21690,22890,26080,27370,28050
L7G,Ontario,Toronto,GREATER_TORONTO | MISSISSAUGA | OAKVILLE_MILTON,38830,2550,1390,1790,1950,2460,1850,1730,1700,1610,1820,1610,1440,2620,2370,2010,1690,4940,2210,1090,2550,3940,5730,7680,10140,11990,13720,15420,17030,18850,20460,21900,24520,26890,28900,30590,35530,37740,38830
L7J,Ontario,Toronto,GREATER_TORONTO | MISSISSAUGA | OAKVILLE_MILTON,10990,560,380,590,600,780,600,550,590,560,580,510,480,840,690,540,460,1110,370,200,560,940,1530,2130,2910,3510,4060,4650,5210,5790,6300,6780,7620,8310,8850,9310,10420,10790,10990
L7K,Ontario,Toronto,GREATER_TORONTO | MISSISSAUGA | OAKVILLE_MILTON,6870,410,230,330,430,490,350,340,310,280,310,250,270,460,390,330,290,760,390,250,410,640,970,1400,1890,2240,2580,2890,3170,3480,3730,4000,4460,4850,5180,5470,6230,6620,6870
L7L,Ontario,Hamilton,HAMILTON_BURLINGTON,37280,2500,1280,1700,1780,2310,1710,1600,1540,1480,1630,1430,1330,2440,2280,1860,1770,5110,2370,1160,2500,3780,5480,7260,9570,11280,12880,14420,15900,17530,18960,20290,22730,25010,26870,28640,33750,36120,37280
L7M,Ontario,Hamilton,HAMILTON_BURLINGTON,38760,2640,1350,1820,1880,2180,1730,1580,1620,1540,1790,1430,1340,2480,2400,2050,1770,5200,2670,1290,2640,3990,5810,7690,9870,11600,13180,14800,16340,18130,19560,20900,23380,25780,27830,29600,34800,37470,38760
L7N,Ontario,Hamilton,HAMILTON_BURLINGTON,10930,550,330,440,560,820,600,580,530,510,530,430,430,650,570,510,420,1230,700,540,550,880,1320,1880,2700,3300,3880,4410,4920,5450,5880,6310,6960,7530,8040,8460,9690,10390,10930
L7P,Ontario,Hamilton,HAMILTON_BURLINGTON,23850,1360,760,1090,1190,1530,1240,1070,1150,1100,1210,1040,930,1680,1510,1190,980,2690,1300,830,1360,2120,3210,4400,5930,7170,8240,9390,10490,11700,12740,13670,15350,16860,18050,19030,21720,23020,23850
L7R,Ontario,Hamilton,HAMILTON_BURLINGTON,13900,720,380,610,730,1140,830,740,610,680,720,590,530,920,780,680,530,1450,780,480,720,1100,1710,2440,3580,4410,5150,5760,6440,7160,7750,8280,9200,9980,10660,11190,12640,13420,13900
L7S,Ontario,Hamilton,HAMILTON_BURLINGTON,9930,490,240,470,540,780,550,560,610,530,520,480,370,700,620,500,370,900,450,250,490,730,1200,1740,2520,3070,3630,4240,4770,5290,5770,6140,6840,7460,7960,8330,9230,9680,9930
L7T,Ontario,Hamilton,HAMILTON_BURLINGTON,15210,880,470,620,810,1050,830,710,770,730,790,670,610,1050,890,730,620,1600,880,500,880,1350,1970,2780,3830,4660,5370,6140,6870,7660,8330,8940,9990,10880,11610,12230,13830,14710,15210
L8B,Ontario,Hamilton,HAMILTON_BURLINGTON,18670,1120,630,830,940,1060,920,790,770,760,840,750,670,1320,1190,1040,940,2590,1060,450,1120,1750,2580,3520,4580,5500,6290,7060,7820,8660,9410,10080,11400,12590,13630,14570,17160,18220,18670
L8E,Ontario,Hamilton,HAMILTON_BURLINGTON,33880,2660,1290,2060,2460,2960,2150,1990,1910,1790,1740,1490,1270,2300,1690,1320,1050,2510,890,350,2660,3950,6010,8470,11430,13580,15570,17480,19270,21010,22500,23770,26070,27760,29080,30130,32640,33530,33880
L8G,Ontario,Hamilton,HAMILTON_BURLINGTON,18390,950,580,1070,1260,1780,1240,1110,1190,1020,1070,890,760,1220,1030,780,590,1270,410,170,950,1530,2600,3860,5640,6880,7990,9180,10200,11270,12160,12920,14140,15170,15950,16540,17810,18220,18390
L8H,Ontario,Hamilton,HAMILTON_BURLINGTON,20450,1500,800,1650,1710,2150,1510,1380,1260,1250,1140,980,830,1380,920,650,460,660,170,50,1500,2300,3950,5660,7810,9320,10700,11960,13210,14350,15330,16160,17540,18460,19110,19570,20230,20400,20450
L8J,Ontario,Hamilton,HAMILTON_BURLINGTON,22660,1750,840,1290,1500,1670,1280,1140,1120,1170,1150,950,880,1570,1330,1130,940,2160,590,200,1750,2590,3880,5380,7050,8330,9470,10590,11760,12910,13860,14740,16310,17640,18770,19710,21870,22460,22660
L8K,Ontario,Hamilton,HAMILTON_BURLINGTON,25870,1640,870,1650,1890,2610,1810,1640,1620,1490,1480,1280,1120,1800,1330,1020,770,1430,320,100,1640,2510,4160,6050,8660,10470,12110,13730,15220,16700,17980,19100,20900,22230,23250,24020,25450,25770,25870
L8L,Ontario,Hamilton,HAMILTON_BURLINGTON,23150,2050,1140,2180,2380,2570,1780,1540,1370,1250,1060,910,740,1240,870,600,460,780,180,50,2050,3190,5370,7750,10320,12100,13640,15010,16260,17320,18230,18970,20210,21080,21680,22140,22920,23100,23150
L8M,Ontario,Hamilton,HAMILTON_BURLINGTON,9920,660,430,880,900,1050,690,630,570,520,440,430,330,550,410,340,270,590,170,60,660,1090,1970,2870,3920,4610,5240,5810,6330,6770,7200,7530,8080,8490,8830,9100,9690,9860,9920
L8N,Ontario,Hamilton,HAMILTON_BURLINGTON,11730,1230,490,1040,1180,1250,830,720,690,610,540,460,410,600,430,320,210,450,180,90,1230,1720,2760,3940,5190,6020,6740,7430,8040,8580,9040,9450,10050,10480,10800,11010,11460,11640,11730
L8P,Ontario,Hamilton,HAMILTON_BURLINGTON,18890,1640,750,1380,1380,1760,1090,970,900,830,830,720,650,1100,950,790,620,1440,710,380,1640,2390,3770,5150,6910,8000,8970,9870,10700,11530,12250,12900,14000,14950,15740,16360,17800,18510,18890
L8R,Ontario,Hamilton,HAMILTON_BURLINGTON,8780,900,400,760,930,1060,640,500,460,470,410,310,280,420,330,270,170,330,110,30,900,1300,2060,2990,4050,4690,5190,5650,6120,6530,6840,7120,7540,7870,8140,8310,8640,8750,8780
L8S,Ontario,Hamilton,HAMILTON_BURLINGTON,12270,1920,630,880,850,980,780,660,660,550,540,390,380,640,480,400,350,650,340,190,1920,2550,3430,4280,5260,6040,6700,7360,7910,8450,8840,9220,9860,10340,10740,11090,11740,12080,12270
L8T,Ontario,Hamilton,HAMILTON_BURLINGTON,15930,990,500,890,1070,1410,1100,970,1040,910,1000,790,710,1150,890,710,500,960,240,100,990,1490,2380,3450,4860,5960,6930,7970,8880,9880,10670,11380,12530,13420,14130,14630,15590,15830,15930
L8V,Ontario,Hamilton,HAMILTON_BURLINGTON,16990,1110,570,1090,1290,1900,1230,1100,1080,1040,990,880,700,1200,840,590,430,760,150,40,1110,1680,2770,4060,5960,7190,8290,9370,10410,11400,12280,12980,14180,15020,15610,16040,16800,16950,16990
L8W,Ontario,Hamilton,HAMILTON_BURLINGTON,21130,1720,880,1350,1570,1780,1370,1200,1200,1070,1160,1000,880,1520,1090,840,690,1360,350,100,1720,2600,3950,5520,7300,8670,9870,11070,12140,13300,14300,15180,16700,17790,18630,19320,20680,21030,21130
L9A,Ontario,Hamilton,HAMILTON_BURLINGTON,21070,1710,780,1320,1510,1920,1430,1380,1280,1190,1140,1050,860,1470,1090,860,550,1140,300,90,1710,2490,3810,5320,7240,8670,10050,11330,12520,13660,14710,15570,17040,18130,18990,19540,20680,20980,21070
L9B,Ontario,Hamilton,HAMILTON_BURLINGTON,20950,1580,810,1260,1370,1720,1360,1210,1060,990,1100,870,810,1370,1150,960,810,1770,580,170,1580,2390,3650,5020,6740,8100,9310,10370,11360,12460,13330,14140,15510,16660,17620,18430,20200,20780,20950
L9C,Ontario,Hamilton,HAMILTON_BURLINGTON,33620,2820,1330,2130,2320,2760,2200,2060,1890,1880,1780,1450,1290,2240,1800,1360,1050,2320,650,290,2820,4150,6280,8600,11360,13560,15620,17510,19390,21170,22620,23910,26150,27950,29310,30360,32680,33330,33620
L9E,Ontario,Toronto,GREATER_TORONTO | MISSISSAUGA | OAKVILLE_MILTON,11960,1570,510,610,740,770,590,490,460,460,440,440,380,660,630,620,510,1400,520,160,1570,2080,2690,3430,4200,4790,5280,5740,6200,6640,7080,7460,8120,8750,9370,9880,11280,11800,11960
L9G,Ontario,Hamilton,HAMILTON_BURLINGTON,20460,1290,650,860,910,1060,840,770,800,780,900,740,730,1360,1310,1110,950,2870,1520,1010,1290,1940,2800,3710,4770,5610,6380,7180,7960,8860,9600,10330,11690,13000,14110,15060,17930,19450,20460
L9H,Ontario,Hamilton,HAMILTON_BURLINGTON,25500,1310,810,1170,1220,1740,1270,1160,1120,1090,1330,1090,1000,1750,1610,1380,1130,3000,1510,810,1310,2120,3290,4510,6250,7520,8680,9800,10890,12220,13310,14310,16060,17670,19050,20180,23180,24690,25500
L9J,Ontario,Barrie,BARRIE_AND_DISTRICT,1800,150,50,80,120,170,110,100,100,100,110,90,70,120,110,90,70,130,30,0,150,200,280,400,570,680,780,880,980,1090,1180,1250,1370,1480,1570,1640,1770,1800,1800
L9K,Ontario,Hamilton,HAMILTON_BURLINGTON,12670,1310,520,660,800,830,540,530,510,480,490,430,400,750,700,590,540,1500,740,350,1310,1830,2490,3290,4120,4660,5190,5700,6180,6670,7100,7500,8250,8950,9540,10080,11580,12320,12670
L9L,Ontario,,,12210,570,340,570,660,890,610,660,640,650,630,530,470,790,740,650,510,1390,600,310,570,910,1480,2140,3030,3640,4300,4940,5590,6220,6750,7220,8010,8750,9400,9910,11300,11900,12210
L9M,,,,13110,850,500,840,1020,1310,880,790,790,730,760,590,500,900,620,470,380,810,260,110,850,1350,2190,3210,4520,5400,6190,6980,7710,8470,9060,9560,10460,11080,11550,11930,12740,13000,13110
L9N,Ontario,Toronto,GREATER_TORONTO | MISSISSAUGA | OAKVILLE_MILTON,16730,1320,690,950,1150,1320,900,810,790,730,730,680,520,1120,900,770,680,1810,650,210,1320,2010,2960,4110,5430,6330,7140,7930,8660,9390,10070,10590,11710,12610,13380,14060,15870,16520,16730
L9P,Ontario,Toronto,GREATER_TORONTO | MISSISSAUGA | OAKVILLE_MILTON,14040,740,520,680,730,910,710,680,670,640,630,560,530,910,830,700,590,1700,800,510,740,1260,1940,2670,3580,4290,4970,5640,6280,6910,7470,8000,8910,9740,10440,11030,12730,13530,14040
L9R,Ontario,Essa,,20200,1230,640,980,1210,1480,1220,1040,1140,1040,1200,1040,860,1550,1330,1030,800,1710,490,210,1230,1870,2850,4060,5540,6760,7800,8940,9980,11180,12220,13080,14630,15960,16990,17790,19500,19990,20200
L9S,Ontario,Barrie,BARRIE_AND_DISTRICT,25270,1620,890,1350,1810,2240,1650,1430,1360,1260,1340,1100,990,1670,1390,1210,890,2080,680,310,1620,2510,3860,5670,7910,9560,10990,12350,13610,14950,16050,17040,18710,20100,21310,22200,24280,24960,25270
L9T,Ontario,Toronto,GREATER_TORONTO | MISSISSAUGA | OAKVILLE_MILTON,81330,8350,3360,4040,4830,5260,3990,3480,3250,3190,3400,3100,2980,5240,4560,4130,3590,9810,3570,1200,8350,11710,15750,20580,25840,29830,33310,36560,39750,43150,46250,49230,54470,59030,63160,66750,76560,80130,81330
L9V,Ontario,,,13360,890,520,690,880,1130,800,710,760,700,680,580,580,1030,750,620,460,1110,340,130,890,1410,2100,2980,4110,4910,5620,6380,7080,7760,8340,8920,9950,10700,11320,11780,12890,13230,13360
L9W,Ontario,,,38620,2210,1330,1970,2220,2850,2230,2120,2030,1930,2000,1790,1550,2760,2330,1960,1560,3770,1390,620,2210,3540,5510,7730,10580,12810,14930,16960,18890,20890,22680,24230,26990,29320,31280,32840,36610,38000,38620
L9X,Ontario,Barrie,BARRIE_AND_DISTRICT,9970,560,300,470,520,580,460,400,400,400,470,380,350,660,630,500,430,1410,680,370,560,860,1330,1850,2430,2890,3290,3690,4090,4560,4940,5290,5950,6580,7080,7510,8920,9600,9970
L9Y,Ontario,,,23340,970,710,1210,1320,1930,1500,1350,1350,1210,1270,1020,900,1530,1370,1040,790,1980,1150,740,970,1680,2890,4210,6140,7640,8990,10340,11550,12820,13840,14740,16270,17640,18680,19470,21450,22600,23340
L9Z,Ontario,Wasaga Beach,,20540,860,600,1230,1650,2220,1590,1440,1470,1180,1260,920,780,1320,970,760,550,1170,410,160,860,1460,2690,4340,6560,8150,9590,11060,12240,13500,14420,15200,16520,17490,18250,18800,19970,20380,20540
M1B,Ontario,Toronto,GREATER_TORONTO | MISSISSAUGA | OAKVILLE_MILTON,56090,6200,2610,3840,5290,5730,3930,3660,3300,2960,2710,2510,2100,3290,2400,1630,1180,2170,470,110,6200,8810,12650,17940,23670,27600,31260,34560,37520,40230,42740,44840,48130,50530,52160,53340,55510,55980,56090
M1C,Ontario,Toronto,GREATER_TORONTO | MISSISSAUGA | OAKVILLE_MILTON,30940,2820,1180,1510,1990,2330,1580,1450,1470,1370,1470,1290,1110,1930,1830,1380,1200,3290,1250,490,2820,4000,5510,7500,9830,11410,12860,14330,15700,17170,18460,19570,21500,23330,24710,25910,29200,30450,30940
M1E,Ontario,Toronto,GREATER_TORONTO | MISSISSAUGA | OAKVILLE_MILTON,40050,4000,2020,2770,3390,3780,2700,2470,2230,2070,1950,1690,1460,2300,1680,1340,1010,2230,700,260,4000,6020,8790,12180,15960,18660,21130,23360,25430,27380,29070,30530,32830,34510,35850,36860,39090,39790,40050
M1G,Ontario,Toronto,GREATER_TORONTO | MISSISSAUGA | OAKVILLE_MILTON,26090,3690,1500,1960,2590,2770,1840,1650,1540,1310,1120,970,790,1270,840,650,490,860,190,60,3690,5190,7150,9740,12510,14350,16000,17540,18850,19970,20940,21730,23000,23840,24490,24980,25840,26030,26090
M1H,Ontario,Toronto,GREATER_TORONTO | MISSISSAUGA | OAKVILLE_MILTON,20920,2780,1020,1360,1780,1980,1410,1290,1230,1090,1000,830,710,1100,870,680,480,1010,240,60,2780,3800,5160,6940,8920,10330,11620,12850,13940,14940,15770,16480,17580,18450,19130,19610,20620,20860,20920
M1J,Ontario,Toronto,GREATER_TORONTO | MISSISSAUGA | OAKVILLE_MILTON,30190,3770,1550,2090,2850,3210,2310,2060,1830,1550,1420,1230,1000,1600,1100,800,520,1010,240,50,3770,5320,7410,10260,13470,15780,17840,19670,21220,22640,23870,24870,26470,27570,28370,28890,29900,30140,30190
M1K,Ontario,Toronto,GREATER_TORONTO | MISSISSAUGA | OAKVILLE_MILTON,41210,4660,2230,3070,4020,4460,3010,2770,2410,2100,1890,1660,1400,2060,1560,1230,820,1500,290,70,4660,6890,9960,13980,18440,21450,24220,26630,28730,30620,32280,33680,35740,37300,38530,39350,40850,41140,41210
M1L,Ontario,Toronto,GREATER_TORONTO | MISSISSAUGA | OAKVILLE_MILTON,28470,3550,1460,1940,2520,2890,1990,1660,1510,1330,1240,1060,930,1480,1100,920,770,1550,440,130,3550,5010,6950,9470,12360,14350,16010,17520,18850,20090,21150,22080,23560,24660,25580,26350,27900,28340,28470
M1M,Ontario,Toronto,GREATER_TORONTO | MISSISSAUGA | OAKVILLE_MILTON,19790,1980,990,1210,1520,1930,1280,1050,980,900,830,790,640,1190,940,690,540,1390,600,340,1980,2970,4180,5700,7630,8910,9960,10940,11840,12670,13460,14100,15290,16230,16920,17460,18850,19450,19790
M1N,Ontario,Toronto,GREATER_TORONTO | MISSISSAUGA | OAKVILLE_MILTON,18280,1360,760,1030,1160,1400,1080,890,840,850,800,690,620,1090,1010,780,670,1830,900,520,1360,2120,3150,4310,5710,6790,7680,8520,9370,10170,10860,11480,12570,13580,14360,15030,16860,17760,18280
M1P,Ontario,Toronto,GREATER_TORONTO | MISSISSAUGA | OAKVILLE_MILTON,37670,5190,1740,2460,3560,3760,2600,2310,2130,1860,1670,1460,1290,2050,1480,1140,850,1660,360,100,5190,6930,9390,12950,16710,19310,21620,23750,25610,27280,28740,30030,32080,33560,34700,35550,37210,37570,37670
M1R,Ontario,Toronto,GREATER_TORONTO | MISSISSAUGA | OAKVILLE_MILTON,26070,2840,1140,1760,2360,2740,1930,1630,1470,1270,1230,1060,890,1410,1080,860,640,1310,340,110,2840,3980,5740,8100,10840,12770,14400,15870,17140,18370,19430,20320,21730,22810,23670,24310,25620,25960,26070
M1S,Ontario,Toronto,GREATER_TORONTO | MISSISSAUGA | OAKVILLE_MILTON,33430,3950,1540,2350,3700,3670,2270,1910,1710,1510,1380,1200,970,1690,1310,1070,780,1670,550,200,3950,5490,7840,11540,15210,17480,19390,21100,22610,23990,25190,26160,27850,29160,30230,31010,32680,33230,33430
M1T,Ontario,Toronto,GREATER_TORONTO | MISSISSAUGA | OAKVILLE_MILTON,29420,3330,1350,2050,3120,3290,1960,1700,1540,1350,1270,1120,940,1550,1150,850,650,1550,480,170,3330,4680,6730,9850,13140,15100,16800,18340,19690,20960,22080,23020,24570,25720,26570,27220,28770,29250,29420
M1V,Ontario,Toronto,GREATER_TORONTO | MISSISSAUGA | OAKVILLE_MILTON,45340,5300,2580,3610,5700,5590,3340,2690,2340,1850,1800,1490,1240,2000,1470,1170,800,1700,520,150,5300,7880,11490,17190,22780,26120,28810,31150,33000,34800,36290,37530,39530,41000,42170,42970,44670,45190,45340
M1W,Ontario,Toronto,GREATER_TORONTO | MISSISSAUGA | OAKVILLE_MILTON,41420,4520,2030,2860,4460,4600,2750,2380,2250,1840,1690,1490,1240,2140,1630,1280,990,2220,770,280,4520,6550,9410,13870,18470,21220,23600,25850,27690,29380,30870,32110,34250,35880,37160,38150,40370,41140,41420
M1X,Ontario,Toronto,GREATER_TORONTO | MISSISSAUGA | OAKVILLE_MILTON,13050,1380,570,920,1330,1310,860,830,720,700,630,540,440,740,530,410,300,620,180,40,1380,1950,2870,4200,5510,6370,7200,7920,8620,9250,9790,10230,10970,11500,11910,12210,12830,13010,13050
M2H,Ontario,Toronto,GREATER_TORONTO | MISSISSAUGA | OAKVILLE_MILTON,20990,2420,1060,1340,1840,1890,1150,1030,970,860,880,780,630,1030,900,770,680,1800,670,290,2420,3480,4820,6660,8550,9700,10730,11700,12560,13440,14220,14850,15880,16780,17550,18230,20030,20700,20990
M2J,Ontario,Toronto,GREATER_TORONTO | MISSISSAUGA | OAKVILLE_MILTON,53440,7240,2450,3180,4170,4510,3210,2720,2640,2410,2240,1930,1740,2990,2360,2090,1700,3910,1380,570,7240,9690,12870,17040,21550,24760,27480,30120,32530,34770,36700,38440,41430,43790,45880,47580,51490,52870,53440
M2K,Ontario,Toronto,GREATER_TORONTO | MISSISSAUGA | OAKVILLE_MILTON,21530,2780,890,1060,1440,1480,1040,900,840,840,800,670,670,1250,1070,920,810,2320,1150,600,2780,3670,4730,6170,7650,8690,9590,10430,11270,12070,12740,13410,14660,15730,16650,17460,19780,20930,21530
M2L,Ontario,Toronto,GREATER_TORONTO | MISSISSAUGA | OAKVILLE_MILTON,9510,1050,370,490,550,580,420,370,330,290,300,290,220,430,410,370,280,930,880,950,1050,1420,1910,2460,3040,3460,3830,4160,4450,4750,5040,5260,5690,6100,6470,6750,7680,8560,9510
M2M,Ontario,Toronto,GREATER_TORONTO | MISSISSAUGA | OAKVILLE_MILTON,28940,3670,1400,1780,2670,2570,1810,1580,1360,1290,1150,1020,860,1420,1210,900,740,2080,930,500,3670,5070,6850,9520,12090,13900,15480,16840,18130,19280,20300,21160,22580,23790,24690,25430,27510,28440,28940
M2N,Ontario,Toronto,GREATER_TORONTO | MISSISSAUGA | OAKVILLE_MILTON,73710,9800,4240,4870,6240,6500,4520,3380,2630,2320,2210,1980,1850,3400,2960,2830,2460,6620,3210,1690,9800,14040,18910,25150,31650,36170,39550,42180,44500,46710,48690,50540,53940,56900,59730,62190,68810,72020,73710
M2P,Ontario,Toronto,GREATER_TORONTO | MISSISSAUGA | OAKVILLE_MILTON,6440,690,220,270,380,330,240,230,210,190,190,160,200,320,280,260,230,750,620,670,690,910,1180,1560,1890,2130,2360,2570,2760,2950,3110,3310,3630,3910,4170,4400,5150,5770,6440
M2R,Ontario,Toronto,GREATER_TORONTO | MISSISSAUGA | OAKVILLE_MILTON,34980,3320,1620,2320,3610,3920,2360,2060,2050,1810,1700,1310,1180,1770,1280,1000,790,1760,730,390,3320,4940,7260,10870,14790,17150,19210,21260,23070,24770,26080,27260,29030,30310,31310,32100,33860,34590,34980
M3A,Ontario,Toronto,GREATER_TORONTO | MISSISSAUGA | OAKVILLE_MILTON,27710,2890,1270,1700,2170,2440,1780,1530,1460,1290,1250,1070,950,1660,1310,1000,800,1890,790,460,2890,4160,5860,8030,10470,12250,13780,15240,16530,17780,18850,19800,21460,22770,23770,24570,26460,27250,27710
M3B,Ontario,Toronto,GREATER_TORONTO | MISSISSAUGA | OAKVILLE_MILTON,11620,1080,380,520,650,610,490,430,380,390,390,360,300,640,570,500,450,1450,1050,980,1080,1460,1980,2630,3240,3730,4160,4540,4930,5320,5680,5980,6620,7190,7690,8140,9590,10640,11620
M3C,Ontario,Toronto,GREATER_TORONTO | MISSISSAUGA | OAKVILLE_MILTON,32530,3920,1450,2110,2900,3280,2190,1830,1620,1420,1400,1160,1020,1720,1400,1090,820,1960,820,420,3920,5370,7480,10380,13660,15850,17680,19300,20720,22120,23280,24300,26020,27420,28510,29330,31290,32110,32530
M3H,Ontario,Toronto,GREATER_TORONTO | MISSISSAUGA | OAKVILLE_MILTON,31300,2720,1270,1620,2410,2700,1920,1730,1550,1460,1410,1170,1020,1750,1460,1180,930,2440,1500,1060,2720,3990,5610,8020,10720,12640,14370,15920,17380,18790,19960,20980,22730,24190,25370,26300,28740,30240,31300
M3J,Ontario,Toronto,GREATER_TORONTO | MISSISSAUGA | OAKVILLE_MILTON,25920,3930,1460,1930,2230,2610,1880,1660,1450,1290,1170,1030,830,1300,860,630,460,880,230,90,3930,5390,7320,9550,12160,14040,15700,17150,18440,19610,20640,21470,22770,23630,24260,24720,25600,25830,25920
M3K,Ontario,Toronto,GREATER_TORONTO | MISSISSAUGA | OAKVILLE_MILTON,6990,650,280,400,480,610,510,410,370,370,360,280,240,420,330,290,210,490,190,100,650,930,1330,1810,2420,2930,3340,3710,4080,4440,4720,4960,5380,5710,6000,6210,6700,6890,6990
M3L,Ontario,Toronto,GREATER_TORONTO | MISSISSAUGA | OAKVILLE_MILTON,16050,1330,750,1180,1580,2030,1260,1140,1000,950,790,680,580,860,640,380,280,490,100,30,1330,2080,3260,4840,6870,8130,9270,10270,11220,12010,12690,13270,14130,14770,15150,15430,15920,16020,16050
M3M,Ontario,Toronto,GREATER_TORONTO | MISSISSAUGA | OAKVILLE_MILTON,20430,1750,970,1370,1790,2240,1570,1380,1260,1140,1070,910,790,1210,840,610,390,890,190,60,1750,2720,4090,5880,8120,9690,11070,12330,13470,14540,15450,16240,17450,18290,18900,19290,20180,20370,20430
M3N,Ontario,Toronto,GREATER_TORONTO | MISSISSAUGA | OAKVILLE_MILTON,32770,3610,1990,2850,3900,4160,2600,2170,1930,1820,1510,1290,1060,1390,890,570,360,530,110,30,3610,5600,8450,12350,16510,19110,21280,23210,25030,26540,27830,28890,30280,31170,31740,32100,32630,32740,32770
M4A,Ontario,Toronto,GREATER_TORONTO | MISSISSAUGA | OAKVILLE_MILTON,11900,1180,530,760,1070,1290,830,680,610,510,510,450,420,640,500,460,360,720,280,100,1180,1710,2470,3540,4830,5660,6340,6950,7460,7970,8420,8840,9480,9980,10440,10800,11520,11800,11900
M4B,Ontario,Toronto,GREATER_TORONTO | MISSISSAUGA | OAKVILLE_MILTON,14810,1230,590,900,1200,1470,970,810,780,660,670,590,510,780,720,530,450,1150,550,250,1230,1820,2720,3920,5390,6360,7170,7950,8610,9280,9870,10380,11160,11880,12410,12860,14010,14560,14810
M4C,Ontario,Toronto,GREATER_TORONTO | MISSISSAUGA | OAKVILLE_MILTON,36240,3250,1470,2190,2840,3380,2240,1940,1650,1530,1440,1290,1080,2000,1710,1480,1310,3430,1460,550,3250,4720,6910,9750,13130,15370,17310,18960,20490,21930,23220,24300,26300,28010,29490,30800,34230,35690,36240
M4E,Ontario,Toronto,GREATER_TORONTO | MISSISSAUGA | OAKVILLE_MILTON,19250,1120,720,890,1020,1160,850,710,660,610,640,540,560,1070,1000,940,860,2740,1740,1420,1120,1840,2730,3750,4910,5760,6470,7130,7740,8380,8920,9480,10550,11550,12490,13350,16090,17830,19250
M4G,Ontario,Toronto,GREATER_TORONTO | MISSISSAUGA | OAKVILLE_MILTON,15550,1030,530,530,640,750,610,490,470,480,490,450,450,860,720,730,680,2150,1590,1900,1030,1560,2090,2730,3480,4090,4580,5050,5530,6020,6470,6920,7780,8500,9230,9910,12060,13650,15550
M4H,Ontario,Toronto,GREATER_TORONTO | MISSISSAUGA | OAKVILLE_MILTON,14000,2880,760,1000,1540,1800,1070,790,680,550,480,420,340,490,340,250,170,330,90,20,2880,3640,4640,6180,7980,9050,9840,10520,11070,11550,11970,12310,12800,13140,13390,13560,13890,13980,14000
M4J,Ontario,Toronto,GREATER_TORONTO | MISSISSAUGA | OAKVILLE_MILTON,27430,1890,1060,1630,2140,2650,1470,1220,1140,970,960,880,730,1410,1230,1180,1050,3230,1790,800,1890,2950,4580,6720,9370,10840,12060,13200,14170,15130,16010,16740,18150,19380,20560,21610,24840,26630,27430
M4K,Ontario,Toronto,GREATER_TORONTO | MISSISSAUGA | OAKVILLE_MILTON,24060,1520,840,1360,1710,2010,1330,1120,1020,940,920,770,740,1300,1130,970,810,2520,1740,1310,1520,2360,3720,5430,7440,8770,9890,10910,11850,12770,13540,14280,15580,16710,17680,18490,21010,22750,24060
M4L,Ontario,Toronto,GREATER_TORONTO | MISSISSAUGA | OAKVILLE_MILTON,23790,1490,880,1300,1520,1690,1170,960,850,800,860,740,660,1260,1220,1110,940,3040,1980,1320,1490,2370,3670,5190,6880,8050,9010,9860,10660,11520,12260,12920,14180,15400,16510,17450,20490,22470,23790
M4M,Ontario,Toronto,GREATER_TORONTO | MISSISSAUGA | OAKVILLE_MILTON,19130,1270,730,1170,1420,1630,1010,740,690,650,560,580,530,930,900,770,780,2310,1550,910,1270,2000,3170,4590,6220,7230,7970,8660,9310,9870,10450,10980,11910,12810,13580,14360,16670,18220,19130
M4N,Ontario,Toronto,GREATER_TORONTO | MISSISSAUGA | OAKVILLE_MILTON,12600,950,440,500,530,590,440,400,390,350,380,310,280,580,510,500,440,1420,1380,2210,950,1390,1890,2420,3010,3450,3850,4240,4590,4970,5280,5560,6140,6650,7150,7590,9010,10390,12600
M4P,Ontario,Toronto,GREATER_TORONTO | MISSISSAUGA | OAKVILLE_MILTON,19560,1840,670,860,1080,1430,930,820,800,720,770,650,700,1270,1100,1000,850,2190,1070,810,1840,2510,3370,4450,5880,6810,7630,8430,9150,9920,10570,11270,12540,13640,14640,15490,17680,18750,19560
M4R,Ontario,Toronto,GREATER_TORONTO | MISSISSAUGA | OAKVILLE_MILTON,9400,790,310,370,400,490,350,350,330,310,310,280,250,460,480,400,340,1150,940,1090,790,1100,1470,1870,2360,2710,3060,3390,3700,4010,4290,4540,5000,5480,5880,6220,7370,8310,9400
M4S,Ontario,Toronto,GREATER_TORONTO | MISSISSAUGA | OAKVILLE_MILTON,24260,2010,750,970,1140,1410,1010,930,790,920,920,840,810,1430,1390,1330,1130,3230,1850,1400,2010,2760,3730,4870,6280,7290,8220,9010,9930,10850,11690,12500,13930,15320,16650,17780,21010,22860,24260
M4T,Ontario,Toronto,GREATER_TORONTO | MISSISSAUGA | OAKVILLE_MILTON,9180,540,230,300,310,390,260,300,280,260,310,260,270,510,460,460,380,1160,1040,1460,540,770,1070,1380,1770,2030,2330,2610,2870,3180,3440,3710,4220,4680,5140,5520,6680,7720,9180
M4V,Ontario,Toronto,GREATER_TORONTO | MISSISSAUGA | OAKVILLE_MILTON,15130,950,380,470,580,710,560,530,510,480,500,490,430,810,830,710,610,1870,1640,2070,950,1330,1800,2380,3090,3650,4180,4690,5170,5670,6160,6590,7400,8230,8940,9550,11420,13060,15130
M4W,Ontario,Toronto,GREATER_TORONTO | MISSISSAUGA | OAKVILLE_MILTON,12670,1290,370,450,500,570,440,360,390,360,400,350,320,600,590,570,420,1480,1340,1870,1290,1660,2110,2610,3180,3620,3980,4370,4730,5130,5480,5800,6400,6990,7560,7980,9460,10800,12670
M4X,Ontario,Toronto,GREATER_TORONTO | MISSISSAUGA | OAKVILLE_MILTON,16180,1950,850,1270,1520,1760,1030,960,790,680,620,550,450,760,540,530,370,810,420,320,1950,2800,4070,5590,7350,8380,9340,10130,10810,11430,11980,12430,13190,13730,14260,14630,15440,15860,16180
M4Y,Ontario,Toronto,GREATER_TORONTO | MISSISSAUGA | OAKVILLE_MILTON,29300,5080,1180,1460,1600,1790,1320,1180,1140,1040,1020,990,920,1700,1510,1460,1160,2900,1270,580,5080,6260,7720,9320,11110,12430,13610,14750,15790,16810,17800,18720,20420,21930,23390,24550,27450,28720,29300
M5A,Ontario,Toronto,GREATER_TORONTO | MISSISSAUGA | OAKVILLE_MILTON,38200,3370,1920,2820,3060,3180,1930,1610,1400,1330,1210,1100,1090,1930,1740,1580,1430,4260,2140,1100,3370,5290,8110,11170,14350,16280,17890,19290,20620,21830,22930,24020,25950,27690,29270,30700,34960,37100,38200
M5B,Ontario,Toronto,GREATER_TORONTO | MISSISSAUGA | OAKVILLE_MILTON,13480,2180,670,810,980,1020,650,560,520,470,460,410,390,650,650,540,480,1230,570,240,2180,2850,3660,4640,5660,6310,6870,7390,7860,8320,8730,9120,9770,10420,10960,11440,12670,13240,13480
M5C,Ontario,Toronto,GREATER_TORONTO | MISSISSAUGA | OAKVILLE_MILTON,3480,290,110,130,160,160,130,120,120,100,80,90,90,190,180,160,170,490,330,380,290,400,530,690,850,980,1100,1220,1320,1400,1490,1580,1770,1950,2110,2280,2770,3100,3480
M5E,Ontario,Toronto,GREATER_TORONTO | MISSISSAUGA | OAKVILLE_MILTON,9830,800,270,350,430,520,330,290,300,260,260,290,260,520,540,530,500,1540,1090,750,800,1070,1420,1850,2370,2700,2990,3290,3550,3810,4100,4360,4880,5420,5950,6450,7990,9080,9830
M5G,Ontario,Toronto,GREATER_TORONTO | MISSISSAUGA | OAKVILLE_MILTON,21330,2410,1200,4960,2880,3710,870,560,430,420,350,290,270,430,420,400,320,790,410,210,2410,3610,8570,11450,15160,16030,16590,17020,17440,17790,18080,18350,18780,19200,19600,19920,20710,21120,21330
M5H,Ontario,Toronto,GREATER_TORONTO | MISSISSAUGA | OAKVILLE_MILTON,3010,330,80,90,120,100,70,90,80,90,80,80,60,150,170,150,120,400,290,460,330,410,500,620,720,790,880,960,1050,1130,1210,1270,1420,1590,1740,1860,2260,2550,3010
M5J,,,,13190,1170,360,380,550,590,430,400,410,380,390,380,370,810,770,780,680,2260,1240,840,1170,1530,1910,2460,3050,3480,3880,4290,4670,5060,5440,5810,6620,7390,8170,8850,11110,12350,13190
M5K,,,,90,0,0,0,0,20,0,0,0,0,0,0,0,0,0,0,0,20,10,40,0,0,0,0,20,20,20,20,20,20,20,20,20,20,20,20,40,50,90
M5L,,,,0,0,0,0,0,0,0,0,0,0,0,0,0,0,0,0,0,0,0,0,0,0,0,0,0,0,0,0,0,0,0,0,0,0,0,0,0,0,0
M5M,Ontario,Toronto,GREATER_TORONTO | MISSISSAUGA | OAKVILLE_MILTON,20330,1540,680,870,920,1080,790,740,610,620,600,520,460,910,840,760,750,2490,2350,2800,1540,2220,3090,4010,5090,5880,6620,7230,7850,8450,8970,9430,10340,11180,11940,12690,15180,17530,20330
M5N,Ontario,Toronto,GREATER_TORONTO | MISSISSAUGA | OAKVILLE_MILTON,12680,1050,410,540,690,800,600,560,470,460,420,360,310,630,520,480,350,1300,1180,1550,1050,1460,2000,2690,3490,4090,4650,5120,5580,6000,6360,6670,7300,7820,8300,8650,9950,11130,12680
M5P,Ontario,Toronto,GREATER_TORONTO | MISSISSAUGA | OAKVILLE_MILTON,15510,1060,450,540,650,770,660,610,520,520,510,470,430,900,830,720,600,1840,1520,1910,1060,1510,2050,2700,3470,4130,4740,5260,5780,6290,6760,7190,8090,8920,9640,10240,12080,13600,15510
M5R,Ontario,Toronto,GREATER_TORONTO | MISSISSAUGA | OAKVILLE_MILTON,19950,1520,650,910,1040,1310,840,710,660,610,610,580,530,1050,930,830,720,2250,1980,2220,1520,2170,3080,4120,5430,6270,6980,7640,8250,8860,9440,9970,11020,11950,12780,13500,15750,17730,19950
M5S,Ontario,Toronto,GREATER_TORONTO | MISSISSAUGA | OAKVILLE_MILTON,13650,2840,690,660,680,870,560,480,420,440,380,340,300,610,560,510,440,1300,840,730,2840,3530,4190,4870,5740,6300,6780,7200,7640,8020,8360,8660,9270,9830,10340,10780,12080,12920,13650
M5T,Ontario,Toronto,GREATER_TORONTO | MISSISSAUGA | OAKVILLE_MILTON,15100,2020,890,1190,1570,1750,890,700,610,480,460,430,340,630,520,460,380,950,530,300,2020,2910,4100,5670,7420,8310,9010,9620,10100,10560,10990,11330,11960,12480,12940,13320,14270,14800,15100
M5V,Ontario,Toronto,GREATER_TORONTO | MISSISSAUGA | OAKVILLE_MILTON,44320,3600,1240,1480,1830,1910,1510,1360,1300,1320,1410,1380,1420,2800,2910,2830,2500,7500,3930,2090,3600,4840,6320,8150,10060,11570,12930,14230,15550,16960,18340,19760,22560,25470,28300,30800,38300,42230,44320
M5W,,,,10,0,0,0,0,10,0,0,0,0,0,0,0,0,0,0,0,0,0,0,0,0,0,0,10,10,10,10,10,10,10,10,10,10,10,10,10,10,10
M5X,,,,30,0,0,0,0,0,0,0,0,0,0,0,0,0,0,0,0,0,0,30,0,0,0,0,0,0,0,0,0,0,0,0,0,0,0,0,0,0,30
M6A,Ontario,Toronto,GREATER_TORONTO | MISSISSAUGA | OAKVILLE_MILTON,18180,1760,880,1210,1510,1950,1240,1080,1050,870,850,720,620,960,740,580,480,1000,450,230,1760,2640,3850,5360,7310,8550,9630,10680,11550,12400,13120,13740,14700,15440,16020,16500,17500,17950,18180
M6B,Ontario,Toronto,GREATER_TORONTO | MISSISSAUGA | OAKVILLE_MILTON,23210,1900,930,1360,1850,2360,1510,1310,1200,1040,1030,890,790,1250,990,790,670,1570,930,840,1900,2830,4190,6040,8400,9910,11220,12420,13460,14490,15380,16170,17420,18410,19200,19870,21440,22370,23210
M6C,Ontario,Toronto,GREATER_TORONTO | MISSISSAUGA | OAKVILLE_MILTON,18650,1290,630,940,1190,1580,1020,950,830,740,720,650,570,950,820,730,630,1880,1340,1190,1290,1920,2860,4050,5630,6650,7600,8430,9170,9890,10540,11110,12060,12880,13610,14240,16120,17460,18650
M6E,Ontario,Toronto,GREATER_TORONTO | MISSISSAUGA | OAKVILLE_MILTON,30510,2390,1250,1970,2590,3360,2170,1880,1670,1570,1470,1240,1040,1720,1320,1140,910,1890,710,220,2390,3640,5610,8200,11560,13730,15610,17280,18850,20320,21560,22600,24320,25640,26780,27690,29580,30290,30510
M6G,Ontario,Toronto,GREATER_TORONTO | MISSISSAUGA | OAKVILLE_MILTON,23460,1520,840,1190,1590,2170,1390,1190,1000,860,810,820,680,1300,1170,1020,830,2440,1590,1050,1520,2360,3550,5140,7310,8700,9890,10890,11750,12560,13380,14060,15360,16530,17550,18380,20820,22410,23460
M6H,Ontario,Toronto,GREATER_TORONTO | MISSISSAUGA | OAKVILLE_MILTON,34860,2430,1300,2060,2680,3340,2290,2000,1760,1520,1430,1280,1180,2050,1740,1520,1200,3050,1400,630,2430,3730,5790,8470,11810,14100,16100,17860,19380,20810,22090,23270,25320,27060,28580,29780,32830,34230,34860
M6J,Ontario,Toronto,GREATER_TORONTO | MISSISSAUGA | OAKVILLE_MILTON,24370,1570,810,1260,1630,2170,1380,1120,1010,960,920,770,750,1360,1210,1090,980,2760,1560,1060,1570,2380,3640,5270,7440,8820,9940,10950,11910,12830,13600,14350,15710,16920,18010,18990,21750,23310,24370
M6K,Ontario,Toronto,GREATER_TORONTO | MISSISSAUGA | OAKVILLE_MILTON,31360,2230,1160,1860,2470,3010,1760,1570,1430,1280,1240,1110,980,1910,1570,1430,1190,3170,1430,560,2230,3390,5250,7720,10730,12490,14060,15490,16770,18010,19120,20100,22010,23580,25010,26200,29370,30800,31360
M6L,Ontario,Toronto,GREATER_TORONTO | MISSISSAUGA | OAKVILLE_MILTON,16810,1550,730,1080,1550,2050,1330,1060,970,860,810,670,580,870,660,490,370,820,240,120,1550,2280,3360,4910,6960,8290,9350,10320,11180,11990,12660,13240,14110,14770,15260,15630,16450,16690,16810
M6M,Ontario,Toronto,GREATER_TORONTO | MISSISSAUGA | OAKVILLE_MILTON,33310,3030,1570,2550,3220,3730,2460,2180,2000,1740,1610,1410,1190,1770,1320,1000,750,1310,350,120,3030,4600,7150,10370,14100,16560,18740,20740,22480,24090,25500,26690,28460,29780,30780,31530,32840,33190,33310
M6N,Ontario,Toronto,GREATER_TORONTO | MISSISSAUGA | OAKVILLE_MILTON,32940,2750,1640,2410,3100,3710,2280,2030,1770,1520,1440,1260,1050,1800,1450,1240,890,1920,540,140,2750,4390,6800,9900,13610,15890,17920,19690,21210,22650,23910,24960,26760,28210,29450,30340,32260,32800,32940
M6P,Ontario,Toronto,GREATER_TORONTO | MISSISSAUGA | OAKVILLE_MILTON,30660,2000,1040,1500,1880,2410,1590,1310,1290,1230,1260,1130,1060,1810,1620,1470,1300,3810,1940,1010,2000,3040,4540,6420,8830,10420,11730,13020,14250,15510,16640,17700,19510,21130,22600,23900,27710,29650,30660
M6R,Ontario,Toronto,GREATER_TORONTO | MISSISSAUGA | OAKVILLE_MILTON,14450,790,520,680,790,1070,680,610,560,540,520,460,430,790,680,650,620,1840,1290,930,790,1310,1990,2780,3850,4530,5140,5700,6240,6760,7220,7650,8440,9120,9770,10390,12230,13520,14450
M6S,Ontario,Toronto,GREATER_TORONTO | MISSISSAUGA | OAKVILLE_MILTON,26150,1670,900,1110,1310,1620,1200,1000,920,870,920,810,750,1510,1450,1260,1130,3680,2280,1760,1670,2570,3680,4990,6610,7810,8810,9730,10600,11520,12330,13080,14590,16040,17300,18430,22110,24390,26150
M7A,,,,0,0,0,0,0,0,0,0,0,0,0,0,0,0,0,0,0,0,0,0,0,0,0,0,0,0,0,0,0,0,0,0,0,0,0,0,0,0,0
M7Y,,,,0,0,0,0,0,0,0,0,0,0,0,0,0,0,0,0,0,0,0,0,0,0,0,0,0,0,0,0,0,0,0,0,0,0,0,0,0,0,0
M8V,Ontario,Toronto,GREATER_TORONTO | MISSISSAUGA | OAKVILLE_MILTON,34380,2460,1130,1700,2270,2950,1880,1580,1550,1510,1400,1320,1160,2170,1880,1610,1390,3800,1780,840,2460,3590,5290,7560,10510,12390,13970,15520,17030,18430,19750,20910,23080,24960,26570,27960,31760,33540,34380
M8W,Ontario,Toronto,GREATER_TORONTO | MISSISSAUGA | OAKVILLE_MILTON,17900,1150,620,900,1130,1450,1030,920,920,830,810,690,630,1200,980,820,660,1900,840,420,1150,1770,2670,3800,5250,6280,7200,8120,8950,9760,10450,11080,12280,13260,14080,14740,16640,17480,17900
M8X,Ontario,Toronto,GREATER_TORONTO | MISSISSAUGA | OAKVILLE_MILTON,9070,520,260,320,340,410,310,300,280,270,330,240,250,490,460,430,380,1200,1040,1240,520,780,1100,1440,1850,2160,2460,2740,3010,3340,3580,3830,4320,4780,5210,5590,6790,7830,9070
M8Y,Ontario,Toronto,GREATER_TORONTO | MISSISSAUGA | OAKVILLE_MILTON,17120,1170,550,790,1190,1310,840,750,720,670,660,620,540,1040,940,770,670,2000,1160,730,1170,1720,2510,3700,5010,5850,6600,7320,7990,8650,9270,9810,10850,11790,12560,13230,15230,16390,17120
M8Z,Ontario,Toronto,GREATER_TORONTO | MISSISSAUGA | OAKVILLE_MILTON,14900,900,490,650,840,1060,750,660,600,630,570,550,490,990,870,710,630,1930,970,610,900,1390,2040,2880,3940,4690,5350,5950,6580,7150,7700,8190,9180,10050,10760,11390,13320,14290,14900
M9A,Ontario,Toronto,GREATER_TORONTO | MISSISSAUGA | OAKVILLE_MILTON,29850,2230,1050,1450,1800,2190,1500,1290,1260,1200,1260,1130,960,1780,1570,1330,1090,2960,1920,1880,2230,3280,4730,6530,8720,10220,11510,12770,13970,15230,16360,17320,19100,20670,22000,23090,26050,27970,29850
M9B,Ontario,Toronto,GREATER_TORONTO | MISSISSAUGA | OAKVILLE_MILTON,27580,2140,1010,1360,1750,1970,1380,1250,1160,1080,1150,1020,990,1680,1510,1330,1210,3070,1610,910,2140,3150,4510,6260,8230,9610,10860,12020,13100,14250,15270,16260,17940,19450,20780,21990,25060,26670,27580
M9C,Ontario,Toronto,GREATER_TORONTO | MISSISSAUGA | OAKVILLE_MILTON,32120,2380,1130,1610,2210,2570,1930,1630,1540,1490,1500,1370,1170,2130,1830,1600,1260,3050,1180,540,2380,3510,5120,7330,9900,11830,13460,15000,16490,17990,19360,20530,22660,24490,26090,27350,30400,31580,32120
M9L,Ontario,Toronto,GREATER_TORONTO | MISSISSAUGA | OAKVILLE_MILTON,10540,1210,520,850,960,1260,880,690,570,490,510,380,330,520,380,310,190,370,80,40,1210,1730,2580,3540,4800,5680,6370,6940,7430,7940,8320,8650,9170,9550,9860,10050,10420,10500,10540
M9M,Ontario,Toronto,GREATER_TORONTO | MISSISSAUGA | OAKVILLE_MILTON,19690,1970,900,1430,1890,2110,1420,1230,1190,1070,990,810,730,1100,870,610,400,750,180,40,1970,2870,4300,6190,8300,9720,10950,12140,13210,14200,15010,15740,16840,17710,18320,18720,19470,19650,19690
M9N,Ontario,Toronto,GREATER_TORONTO | MISSISSAUGA | OAKVILLE_MILTON,21020,1780,990,1670,2010,2360,1520,1300,1120,1070,970,830,730,1170,890,670,480,1090,280,90,1780,2770,4440,6450,8810,10330,11630,12750,13820,14790,15620,16350,17520,18410,19080,19560,20650,20930,21020
M9P,Ontario,Toronto,GREATER_TORONTO | MISSISSAUGA | OAKVILLE_MILTON,17100,1260,740,980,1270,1640,1010,880,820,770,750,680,600,1050,860,700,590,1510,660,330,1260,2000,2980,4250,5890,6900,7780,8600,9370,10120,10800,11400,12450,13310,14010,14600,16110,16770,17100
M9R,Ontario,Toronto,GREATER_TORONTO | MISSISSAUGA | OAKVILLE_MILTON,28040,2750,1220,1660,2370,2960,2040,1640,1540,1320,1280,1140,970,1660,1230,970,760,1710,560,260,2750,3970,5630,8000,10960,13000,14640,16180,17500,18780,19920,20890,22550,23780,24750,25510,27220,27780,28040
M9V,Ontario,Toronto,GREATER_TORONTO | MISSISSAUGA | OAKVILLE_MILTON,47280,6150,2680,3610,4730,5070,3660,3100,2840,2460,2250,1900,1510,2280,1600,1090,730,1270,270,80,6150,8830,12440,17170,22240,25900,29000,31840,34300,36550,38450,39960,42240,43840,44930,45660,46930,47200,47280
M9W,Ontario,Toronto,GREATER_TORONTO | MISSISSAUGA | OAKVILLE_MILTON,36190,3780,1780,2460,3260,3800,2620,2380,2110,1860,1790,1550,1290,2000,1480,1110,810,1600,370,140,3780,5560,8020,11280,15080,17700,20080,22190,24050,25840,27390,28680,30680,32160,33270,34080,35680,36050,36190
N0A,Ontario,,,31250,3660,1020,1800,2250,2740,1770,1630,1690,1610,1710,1310,1160,1930,1630,1230,1010,2190,670,240,3660,4680,6480,8730,11470,13240,14870,16560,18170,19880,21190,22350,24280,25910,27140,28150,30340,31010,31250
N0B,Ontario,Kitchener - Cambridge - Waterloo,KITCHENER_WATERLOO | CAMBRIDGE,67120,3570,2140,2960,3460,4230,3360,3160,3180,3060,3450,3010,2670,4890,4290,3560,2930,7800,3470,1930,3570,5710,8670,12130,16360,19720,22880,26060,29120,32570,35580,38250,43140,47430,50990,53920,61720,65190,67120
N0C,Ontario,,,13530,860,510,810,980,1260,870,820,810,750,770,620,550,960,760,530,380,830,310,150,860,1370,2180,3160,4420,5290,6110,6920,7670,8440,9060,9610,10570,11330,11860,12240,13070,13380,13530
N0E,Ontario,Norfolk,,29580,1940,1050,1640,1960,2520,1790,1800,1560,1490,1700,1400,1170,2130,1700,1280,1020,2250,830,350,1940,2990,4630,6590,9110,10900,12700,14260,15750,17450,18850,20020,22150,23850,25130,26150,28400,29230,29580
N0G,Ontario,,,64890,3620,2130,3770,4400,5760,3880,3670,3820,3670,3850,3310,2750,4680,3720,2710,2000,4510,1960,680,3620,5750,9520,13920,19680,23560,27230,31050,34720,38570,41880,44630,49310,53030,55740,57740,62250,64210,64890
N0H,Ontario,Owen Sound,,43350,2300,1370,2210,2680,3500,2550,2390,2560,2270,2440,1880,1630,2940,2440,1760,1400,3730,2390,910,2300,3670,5880,8560,12060,14610,17000,19560,21830,24270,26150,27780,30720,33160,34920,36320,40050,42440,43350
N0J,Ontario,,,25990,1790,860,1370,1660,1960,1580,1450,1470,1370,1530,1300,1120,2010,1640,1270,830,1860,630,290,1790,2650,4020,5680,7640,9220,10670,12140,13510,15040,16340,17460,19470,21110,22380,23210,25070,25700,25990
N0K,Ontario,,,18870,1080,610,990,1110,1350,1110,1110,1100,1120,1220,1010,880,1530,1190,860,680,1310,400,210,1080,1690,2680,3790,5140,6250,7360,8460,9580,10800,11810,12690,14220,15410,16270,16950,18260,18660,18870
N0L,Ontario,London,LONDON_ST_THOMAS,41500,2590,1410,2220,2540,3060,2250,2060,2240,2190,2310,1970,1650,3190,2530,2050,1620,3660,1330,630,2590,4000,6220,8760,11820,14070,16130,18370,20560,22870,24840,26490,29680,32210,34260,35880,39540,40870,41500
N0M,Ontario,,,55840,2400,1730,3000,3210,4410,3140,3050,3090,3140,3400,2820,2550,4390,3520,2630,2060,4640,1800,860,2400,4130,7130,10340,14750,17890,20940,24030,27170,30570,33390,35940,40330,43850,46480,48540,53180,54980,55840
N0N,Ontario,,,33880,1840,1030,1750,1740,2310,1780,1700,1870,1670,2040,1590,1330,2610,2020,1630,1250,3520,1710,490,1840,2870,4620,6360,8670,10450,12150,14020,15690,17730,19320,20650,23260,25280,26910,28160,31680,33390,33880
N0P,Ontario,Chatham-Kent,,44060,2860,1590,2610,2810,3750,2900,2670,3050,2750,2760,2110,1850,3070,2290,1660,1240,2700,950,440,2860,4450,7060,9870,13620,16520,19190,22240,24990,27750,29860,31710,34780,37070,38730,39970,42670,43620,44060
N0R,Ontario,Windsor,WINDSOR_ESSEX,39640,2020,1250,1950,2110,2720,2060,2060,2150,2270,2300,1980,1750,2920,2520,2050,1560,4030,1370,570,2020,3270,5220,7330,10050,12110,14170,16320,18590,20890,22870,24620,27540,30060,32110,33670,37700,39070,39640
N1A,Ontario,,,10230,610,390,700,830,1030,740,580,610,550,570,470,420,670,540,380,300,580,190,70,610,1000,1700,2530,3560,4300,4880,5490,6040,6610,7080,7500,8170,8710,9090,9390,9970,10160,10230
N1C,Ontario,Guelph,GUELPH_AND_DISTRICT,3120,180,100,120,170,150,110,140,120,130,150,120,110,220,200,160,170,450,230,90,180,280,400,570,720,830,970,1090,1220,1370,1490,1600,1820,2020,2180,2350,2800,3030,3120
N1E,Ontario,Guelph,GUELPH_AND_DISTRICT,34310,2060,1200,1750,1810,2440,1910,1730,1730,1720,1950,1830,1570,2860,2170,1710,1450,3000,1030,390,2060,3260,5010,6820,9260,11170,12900,14630,16350,18300,20130,21700,24560,26730,28440,29890,32890,33920,34310
N1G,Ontario,Guelph,GUELPH_AND_DISTRICT,23150,1910,890,1200,1240,1450,1190,1110,1090,1040,1190,1050,880,1690,1410,1110,910,2280,1060,450,1910,2800,4000,5240,6690,7880,8990,10080,11120,12310,13360,14240,15930,17340,18450,19360,21640,22700,23150
N1H,Ontario,Guelph,GUELPH_AND_DISTRICT,33380,2050,1290,1930,1980,2680,2050,1980,1910,1870,1970,1780,1520,2360,1830,1300,1090,2330,1000,460,2050,3340,5270,7250,9930,11980,13960,15870,17740,19710,21490,23010,25370,27200,28500,29590,31920,32920,33380
N1K,Ontario,Guelph,GUELPH_AND_DISTRICT,9140,640,350,520,610,620,500,490,470,460,550,590,460,700,520,390,330,700,190,50,640,990,1510,2120,2740,3240,3730,4200,4660,5210,5800,6260,6960,7480,7870,8200,8900,9090,9140
N1L,Ontario,Guelph,GUELPH_AND_DISTRICT,13330,1230,540,720,710,770,610,560,560,500,610,530,490,900,780,680,610,1540,700,290,1230,1770,2490,3200,3970,4580,5140,5700,6200,6810,7340,7830,8730,9510,10190,10800,12340,13040,13330
N1M,Ontario,Centre Wellington,,14640,710,400,740,770,1070,900,790,830,830,860,770,700,1190,980,690,580,1280,390,160,710,1110,1850,2620,3690,4590,5380,6210,7040,7900,8670,9370,10560,11540,12230,12810,14090,14480,14640
N1P,Ontario,Kitchener - Cambridge - Waterloo,KITCHENER_WATERLOO | CAMBRIDGE,6090,430,240,310,360,440,320,340,310,340,290,270,250,460,390,330,240,570,160,40,430,670,980,1340,1780,2100,2440,2750,3090,3380,3650,3900,4360,4750,5080,5320,5890,6050,6090
N1R,Ontario,Kitchener - Cambridge - Waterloo,KITCHENER_WATERLOO | CAMBRIDGE,34270,2520,1270,2400,2450,3340,2440,2170,2070,1970,1900,1640,1460,2370,1700,1220,870,1680,560,240,2520,3790,6190,8640,11980,14420,16590,18660,20630,22530,24170,25630,28000,29700,30920,31790,33470,34030,34270
N1S,Ontario,Kitchener - Cambridge - Waterloo,KITCHENER_WATERLOO | CAMBRIDGE,15920,890,570,850,930,1300,950,830,810,840,900,730,690,1170,960,760,580,1410,510,240,890,1460,2310,3240,4540,5490,6320,7130,7970,8870,9600,10290,11460,12420,13180,13760,15170,15680,15920
N1T,Ontario,Kitchener - Cambridge - Waterloo,KITCHENER_WATERLOO | CAMBRIDGE,15050,1350,610,810,990,1090,850,800,790,670,690,610,570,990,820,680,570,1380,570,210,1350,1960,2770,3760,4850,5700,6500,7290,7960,8650,9260,9830,10820,11640,12320,12890,14270,14840,15050
N2A,Ontario,Kitchener - Cambridge - Waterloo,KITCHENER_WATERLOO | CAMBRIDGE,25720,1810,970,1480,1660,2070,1520,1360,1380,1320,1350,1210,1010,1660,1430,1100,910,2220,870,390,1810,2780,4260,5920,7990,9510,10870,12250,13570,14920,16130,17140,18800,20230,21330,22240,24460,25330,25720
N2B,Ontario,Kitchener - Cambridge - Waterloo,KITCHENER_WATERLOO | CAMBRIDGE,14080,880,460,750,930,1210,880,880,860,820,820,730,620,1030,800,610,450,950,280,120,880,1340,2090,3020,4230,5110,5990,6850,7670,8490,9220,9840,10870,11670,12280,12730,13680,13960,14080
N2C,Ontario,Kitchener - Cambridge - Waterloo,KITCHENER_WATERLOO | CAMBRIDGE,14930,1510,670,1020,1090,1350,1160,1080,1050,970,850,770,560,890,580,420,250,490,130,90,1510,2180,3200,4290,5640,6800,7880,8930,9900,10750,11520,12080,12970,13550,13970,14220,14710,14840,14930
N2E,Ontario,Kitchener - Cambridge - Waterloo,KITCHENER_WATERLOO | CAMBRIDGE,31970,2890,1350,1880,2030,2500,1950,1870,1960,1830,1790,1620,1470,2240,1680,1390,940,1960,490,130,2890,4240,6120,8150,10650,12600,14470,16430,18260,20050,21670,23140,25380,27060,28450,29390,31350,31840,31970
N2G,Ontario,Kitchener - Cambridge - Waterloo,KITCHENER_WATERLOO | CAMBRIDGE,12000,1030,520,860,870,1130,760,710,670,690,590,540,440,710,570,430,340,670,290,180,1030,1550,2410,3280,4410,5170,5880,6550,7240,7830,8370,8810,9520,10090,10520,10860,11530,11820,12000
N2H,Ontario,Kitchener - Cambridge - Waterloo,KITCHENER_WATERLOO | CAMBRIDGE,17490,1220,640,1000,1040,1410,1050,1000,970,970,950,880,750,1200,980,740,570,1360,520,240,1220,1860,2860,3900,5310,6360,7360,8330,9300,10250,11130,11880,13080,14060,14800,15370,16730,17250,17490
N2J,Ontario,Kitchener - Cambridge - Waterloo,KITCHENER_WATERLOO | CAMBRIDGE,16530,1720,630,930,980,1290,940,960,860,810,780,700,590,1050,860,670,540,1250,630,340,1720,2350,3280,4260,5550,6490,7450,8310,9120,9900,10600,11190,12240,13100,13770,14310,15560,16190,16530
N2K,Ontario,Kitchener - Cambridge - Waterloo,KITCHENER_WATERLOO | CAMBRIDGE,23800,1760,860,1220,1260,1370,1180,960,1000,1030,1060,890,880,1550,1350,1160,1030,2880,1440,920,1760,2620,3840,5100,6470,7650,8610,9610,10640,11700,12590,13470,15020,16370,17530,18560,21440,22880,23800
N2L,Ontario,Kitchener - Cambridge - Waterloo,KITCHENER_WATERLOO | CAMBRIDGE,29790,5010,1430,1810,1870,1920,1620,1490,1400,1340,1250,1060,950,1530,1280,1060,830,2130,1190,620,5010,6440,8250,10120,12040,13660,15150,16550,17890,19140,20200,21150,22680,23960,25020,25850,27980,29170,29790
N2M,Ontario,Kitchener - Cambridge - Waterloo,KITCHENER_WATERLOO | CAMBRIDGE,28260,2590,1130,1830,1930,2470,1860,1710,1680,1650,1710,1400,1110,1810,1300,990,700,1490,580,320,2590,3720,5550,7480,9950,11810,13520,15200,16850,18560,19960,21070,22880,24180,25170,25870,27360,27940,28260
N2N,Ontario,Kitchener - Cambridge - Waterloo,KITCHENER_WATERLOO | CAMBRIDGE,21790,1820,810,1150,1270,1560,1240,1220,1160,1120,1200,1060,880,1570,1250,1030,780,1860,600,210,1820,2630,3780,5050,6610,7850,9070,10230,11350,12550,13610,14490,16060,17310,18340,19120,20980,21580,21790
N2P,Ontario,Kitchener - Cambridge - Waterloo,KITCHENER_WATERLOO | CAMBRIDGE,20260,1820,850,1000,1180,1320,1100,1010,1060,990,970,870,730,1270,1010,960,710,1910,960,540,1820,2670,3670,4850,6170,7270,8280,9340,10330,11300,12170,12900,14170,15180,16140,16850,18760,19720,20260
N2R,Ontario,Kitchener - Cambridge - Waterloo,KITCHENER_WATERLOO | CAMBRIDGE,14130,1640,600,660,800,840,710,690,660,670,700,580,580,970,800,700,580,1310,480,160,1640,2240,2900,3700,4540,5250,5940,6600,7270,7970,8550,9130,10100,10900,11600,12180,13490,13970,14130
N2T,Ontario,Kitchener - Cambridge - Waterloo,KITCHENER_WATERLOO | CAMBRIDGE,17030,1570,740,890,880,970,750,720,740,650,670,610,570,1010,970,790,710,2050,1130,610,1570,2310,3200,4080,5050,5800,6520,7260,7910,8580,9190,9760,10770,11740,12530,13240,15290,16420,17030
N2V,Ontario,Kitchener - Cambridge - Waterloo,KITCHENER_WATERLOO | CAMBRIDGE,15370,1690,670,750,820,970,730,650,640,640,590,480,490,930,790,710,570,1890,900,460,1690,2360,3110,3930,4900,5630,6280,6920,7560,8150,8630,9120,10050,10840,11550,12120,14010,14910,15370
N2Z,Ontario,,,9770,470,310,430,510,610,460,440,490,450,520,360,340,620,620,450,380,1180,860,270,470,780,1210,1720,2330,2790,3230,3720,4170,4690,5050,5390,6010,6630,7080,7460,8640,9500,9770
N3A,Ontario,Kitchener - Cambridge - Waterloo,KITCHENER_WATERLOO | CAMBRIDGE,13300,550,340,550,600,810,710,610,720,690,740,660,600,1080,940,770,610,1530,530,260,550,890,1440,2040,2850,3560,4170,4890,5580,6320,6980,7580,8660,9600,10370,10980,12510,13040,13300
N3B,Ontario,Kitchener - Cambridge - Waterloo,KITCHENER_WATERLOO | CAMBRIDGE,9760,500,290,490,470,600,490,530,460,480,540,430,450,820,690,500,480,1000,360,180,500,790,1280,1750,2350,2840,3370,3830,4310,4850,5280,5730,6550,7240,7740,8220,9220,9580,9760
N3C,Ontario,Guelph,GUELPH_AND_DISTRICT,21580,1460,760,1060,1170,1430,1210,1150,1170,1080,1100,1040,920,1600,1370,1080,850,2160,720,250,1460,2220,3280,4450,5880,7090,8240,9410,10490,11590,12630,13550,15150,16520,17600,18450,20610,21330,21580
N3E,Ontario,Kitchener - Cambridge - Waterloo,KITCHENER_WATERLOO | CAMBRIDGE,1930,230,90,100,120,110,100,90,100,100,70,80,60,120,100,100,70,190,80,20,230,320,420,540,650,750,840,940,1040,1110,1190,1250,1370,1470,1570,1640,1830,1910,1930
N3H,Ontario,Kitchener - Cambridge - Waterloo,KITCHENER_WATERLOO | CAMBRIDGE,19790,1350,710,1220,1370,1810,1410,1280,1250,1160,1020,960,820,1440,1050,800,530,1100,350,160,1350,2060,3280,4650,6460,7870,9150,10400,11560,12580,13540,14360,15800,16850,17650,18180,19280,19630,19790
N3L,Ontario,Brantford,BRANTFORD_REGION,13970,730,450,730,790,1090,860,810,740,720,740,610,640,990,850,690,570,1310,480,170,730,1180,1910,2700,3790,4650,5460,6200,6920,7660,8270,8910,9900,10750,11440,12010,13320,13800,13970
N3P,Ontario,Brantford,BRANTFORD_REGION,6760,440,230,410,480,590,470,450,410,380,380,340,280,520,370,300,190,390,100,30,440,670,1080,1560,2150,2620,3070,3480,3860,4240,4580,4860,5380,5750,6050,6240,6630,6730,6760
N3R,Ontario,Brantford,BRANTFORD_REGION,29090,1570,880,1680,1960,2750,2020,1860,1760,1630,1650,1440,1240,2090,1650,1170,880,2000,670,190,1570,2450,4130,6090,8840,10860,12720,14480,16110,17760,19200,20440,22530,24180,25350,26230,28230,28900,29090
N3S,Ontario,Brantford,BRANTFORD_REGION,20830,1550,760,1670,1720,2170,1640,1460,1220,1230,1210,1010,850,1330,930,620,430,760,220,50,1550,2310,3980,5700,7870,9510,10970,12190,13420,14630,15640,16490,17820,18750,19370,19800,20560,20780,20830
N3T,Ontario,Brantford,BRANTFORD_REGION,30840,2260,1210,2060,2560,3080,2300,1920,1670,1510,1440,1270,1130,1820,1470,1130,890,2020,740,360,2260,3470,5530,8090,11170,13470,15390,17060,18570,20010,21280,22410,24230,25700,26830,27720,29740,30480,30840
N3V,Ontario,Brantford,BRANTFORD_REGION,1330,80,40,60,80,100,70,80,90,70,80,80,60,100,90,70,40,100,30,10,80,120,180,260,360,430,510,600,670,750,830,890,990,1080,1150,1190,1290,1320,1330
N3W,Ontario,,,12340,790,410,580,630,840,680,600,650,590,710,640,530,980,790,650,500,1270,370,130,790,1200,1780,2410,3250,3930,4530,5180,5770,6480,7120,7650,8630,9420,10070,10570,11840,12210,12340
N3Y,Ontario,Norfolk,,19890,930,650,1520,1440,1950,1380,1220,1150,1100,1180,910,810,1350,1040,750,630,1290,410,180,930,1580,3100,4540,6490,7870,9090,10240,11340,12520,13430,14240,15590,16630,17380,18010,19300,19710,19890
N4B,Ontario,Norfolk,,6550,360,220,400,450,630,440,420,430,380,410,350,280,460,350,280,160,380,110,40,360,580,980,1430,2060,2500,2920,3350,3730,4140,4490,4770,5230,5580,5860,6020,6400,6510,6550
N4G,Ontario,,,17580,910,560,1000,1160,1750,1220,1080,1150,1060,1120,910,770,1240,970,690,470,970,350,200,910,1470,2470,3630,5380,6600,7680,8830,9890,11010,11920,12690,13930,14900,15590,16060,17030,17380,17580
N4K,Ontario,,,23750,1120,790,1650,1700,2350,1640,1580,1590,1340,1510,1090,880,1580,1190,860,630,1440,550,260,1120,1910,3560,5260,7610,9250,10830,12420,13760,15270,16360,17240,18820,20010,20870,21500,22940,23490,23750
N4L,Ontario,,,6890,270,190,420,460,720,450,420,470,410,430,350,280,490,340,330,180,410,170,100,270,460,880,1340,2060,2510,2930,3400,3810,4240,4590,4870,5360,5700,6030,6210,6620,6790,6890
N4N,Ontario,,,8550,340,260,600,650,900,630,550,520,560,530,370,330,590,410,290,210,520,220,70,340,600,1200,1850,2750,3380,3930,4450,5010,5540,5910,6240,6830,7240,7530,7740,8260,8480,8550
N4S,Ontario,Woodstock,WOODSTOCK_INGERSOLL_TILLSONBURG,26870,1350,910,1700,1640,2420,1790,1680,1620,1670,1780,1540,1250,2020,1510,1060,760,1450,490,230,1350,2260,3960,5600,8020,9810,11490,13110,14780,16560,18100,19350,21370,22880,23940,24700,26150,26640,26870
N4T,Ontario,Woodstock,WOODSTOCK_INGERSOLL_TILLSONBURG,11870,770,400,680,750,910,700,640,670,630,730,580,510,860,730,570,380,930,320,110,770,1170,1850,2600,3510,4210,4850,5520,6150,6880,7460,7970,8830,9560,10130,10510,11440,11760,11870
N4V,Ontario,Woodstock,WOODSTOCK_INGERSOLL_TILLSONBURG,2650,170,80,130,150,230,190,150,170,170,170,130,120,200,190,120,90,140,30,20,170,250,380,530,760,950,1100,1270,1440,1610,1740,1860,2060,2250,2370,2460,2600,2630,2650
N4W,Ontario,,,10040,590,310,580,590,820,640,610,660,600,600,480,460,770,610,430,300,670,230,90,590,900,1480,2070,2890,3530,4140,4800,5400,6000,6480,6940,7710,8320,8750,9050,9720,9950,10040
N4X,Ontario,,,8410,310,230,430,450,610,490,440,550,500,550,440,400,730,540,440,300,660,220,120,310,540,970,1420,2030,2520,2960,3510,4010,4560,5000,5400,6130,6670,7110,7410,8070,8290,8410
N4Z,Ontario,Stratford,,1900,80,70,110,100,110,120,120,130,110,140,110,100,150,110,70,70,130,50,20,80,150,260,360,470,590,710,840,950,1090,1200,1300,1450,1560,1630,1700,1830,1880,1900
N5A,Ontario,,,27330,1110,870,1490,1580,2230,1810,1700,1720,1680,1730,1440,1360,2140,1500,1180,820,1900,710,360,1110,1980,3470,5050,7280,9090,10790,12510,14190,15920,17360,18720,20860,22360,23540,24360,26260,26970,27330
N5C,Ontario,Ingersoll,,12530,710,400,710,720,1000,770,730,740,770,790,670,580,1000,770,570,420,850,230,100,710,1110,1820,2540,3540,4310,5040,5780,6550,7340,8010,8590,9590,10360,10930,11350,12200,12430,12530
N5H,Ontario,,,11870,1020,510,780,790,990,750,720,690,610,740,610,500,860,590,470,320,620,200,100,1020,1530,2310,3100,4090,4840,5560,6250,6860,7600,8210,8710,9570,10160,10630,10950,11570,11770,11870
N5L,Ontario,London,LONDON_ST_THOMAS,3090,100,70,140,160,260,200,160,190,180,190,160,140,220,200,140,130,280,120,50,100,170,310,470,730,930,1090,1280,1460,1650,1810,1950,2170,2370,2510,2640,2920,3040,3090
N5P,Ontario,London,LONDON_ST_THOMAS,16690,950,560,1090,1170,1420,1060,990,1040,1040,1040,840,710,1230,860,670,490,1110,290,130,950,1510,2600,3770,5190,6250,7240,8280,9320,10360,11200,11910,13140,14000,14670,15160,16270,16560,16690
N5R,Ontario,London,LONDON_ST_THOMAS,24350,1170,800,1520,1580,2130,1550,1520,1630,1550,1550,1320,1140,1760,1390,980,740,1480,400,140,1170,1970,3490,5070,7200,8750,10270,11900,13450,15000,16320,17460,19220,20610,21590,22330,23810,24210,24350
N5V,Ontario,London,LONDON_ST_THOMAS,26960,2550,1290,1960,1940,2550,1970,1760,1790,1820,1680,1300,1040,1730,1120,790,540,880,190,60,2550,3840,5800,7740,10290,12260,14020,15810,17630,19310,20610,21650,23380,24500,25290,25830,26710,26900,26960
N5W,Ontario,London,LONDON_ST_THOMAS,19880,1480,850,1510,1500,1980,1460,1290,1330,1260,1140,1020,830,1340,930,620,430,710,160,40,1480,2330,3840,5340,7320,8780,10070,11400,12660,13800,14820,15650,16990,17920,18540,18970,19680,19840,19880
N5X,Ontario,London,LONDON_ST_THOMAS,28410,2570,1070,1400,1520,1790,1400,1290,1340,1320,1450,1260,1100,2030,1690,1350,1160,2930,1220,520,2570,3640,5040,6560,8350,9750,11040,12380,13700,15150,16410,17510,19540,21230,22580,23740,26670,27890,28410
N5Y,Ontario,London,LONDON_ST_THOMAS,28510,2900,1420,2260,2310,2750,2050,1830,1790,1630,1590,1340,1090,1640,1150,680,530,1060,360,130,2900,4320,6580,8890,11640,13690,15520,17310,18940,20530,21870,22960,24600,25750,26430,26960,28020,28380,28510
N5Z,Ontario,London,LONDON_ST_THOMAS,18500,1470,860,1490,1480,1840,1370,1210,1270,1190,1110,940,730,1190,780,520,350,530,130,40,1470,2330,3820,5300,7140,8510,9720,10990,12180,13290,14230,14960,16150,16930,17450,17800,18330,18460,18500
N6A,Ontario,London,LONDON_ST_THOMAS,9780,990,450,550,540,730,530,500,480,380,470,380,340,520,510,380,310,830,530,360,990,1440,1990,2530,3260,3790,4290,4770,5150,5620,6000,6340,6860,7370,7750,8060,8890,9420,9780
N6B,Ontario,London,LONDON_ST_THOMAS,8240,600,490,870,730,840,570,460,480,450,410,340,270,440,340,210,170,380,130,60,600,1090,1960,2690,3530,4100,4560,5040,5490,5900,6240,6510,6950,7290,7500,7670,8050,8180,8240
N6C,Ontario,London,LONDON_ST_THOMAS,24150,1450,770,1380,1460,1950,1510,1430,1400,1350,1390,1190,1010,1690,1440,1090,860,1800,700,280,1450,2220,3600,5060,7010,8520,9950,11350,12700,14090,15280,16290,17980,19420,20510,21370,23170,23870,24150
N6E,Ontario,London,LONDON_ST_THOMAS,21230,2210,970,1560,1690,1970,1550,1400,1340,1270,1230,1060,870,1290,930,600,420,680,140,50,2210,3180,4740,6430,8400,9950,11350,12690,13960,15190,16250,17120,18410,19340,19940,20360,21040,21180,21230
N6G,Ontario,London,LONDON_ST_THOMAS,39600,4840,1790,2230,2380,2550,2050,1800,1810,1670,1960,1510,1380,2410,2210,1590,1340,3490,1700,890,4840,6630,8860,11240,13790,15840,17640,19450,21120,23080,24590,25970,28380,30590,32180,33520,37010,38710,39600
N6H,Ontario,London,LONDON_ST_THOMAS,35160,4140,1370,1990,2230,2810,2130,2010,1790,1710,1690,1470,1150,2160,1780,1340,1130,2670,1030,560,4140,5510,7500,9730,12540,14670,16680,18470,20180,21870,23340,24490,26650,28430,29770,30900,33570,34600,35160
N6J,Ontario,London,LONDON_ST_THOMAS,21940,1470,790,1460,1550,2220,1530,1350,1430,1250,1310,1040,920,1480,1150,770,570,1190,350,110,1470,2260,3720,5270,7490,9020,10370,11800,13050,14360,15400,16320,17800,18950,19720,20290,21480,21830,21940
N6K,Ontario,London,LONDON_ST_THOMAS,30330,1850,1020,1400,1480,1960,1410,1400,1390,1400,1660,1370,1140,2140,1940,1620,1320,3510,1540,780,1850,2870,4270,5750,7710,9120,10520,11910,13310,14970,16340,17480,19620,21560,23180,24500,28010,29550,30330
N6L,Ontario,London,LONDON_ST_THOMAS,3950,510,170,240,290,310,260,220,180,200,180,150,130,220,200,180,120,260,90,40,510,680,920,1210,1520,1780,2000,2180,2380,2560,2710,2840,3060,3260,3440,3560,3820,3910,3950
N6M,Ontario,London,LONDON_ST_THOMAS,6610,580,240,330,410,480,400,360,380,340,370,340,270,490,430,300,240,490,120,40,580,820,1150,1560,2040,2440,2800,3180,3520,3890,4230,4500,4990,5420,5720,5960,6450,6570,6610
N6N,Ontario,London,LONDON_ST_THOMAS,570,30,20,30,40,40,30,30,30,40,30,20,30,40,30,20,20,50,20,20,30,50,80,120,160,190,220,250,290,320,340,370,410,440,460,480,530,550,570
N6P,Ontario,London,LONDON_ST_THOMAS,8590,520,270,330,430,490,390,430,370,410,460,370,280,600,520,430,370,1080,550,290,520,790,1120,1550,2040,2430,2860,3230,3640,4100,4470,4750,5350,5870,6300,6670,7750,8300,8590
N7A,Ontario,,,10530,370,320,600,730,960,690,650,720,630,660,490,420,740,540,410,300,840,340,120,370,690,1290,2020,2980,3670,4320,5040,5670,6330,6820,7240,7980,8520,8930,9230,10070,10410,10530
N7G,Ontario,London,LONDON_ST_THOMAS,15880,720,510,910,1020,1480,1010,950,970,960,1020,810,710,1200,930,600,520,1100,330,130,720,1230,2140,3160,4640,5650,6600,7570,8530,9550,10360,11070,12270,13200,13800,14320,15420,15750,15880
N7L,Ontario,Chatham-Kent,,20790,1040,710,1410,1480,2120,1560,1450,1450,1310,1280,970,780,1280,990,710,510,1210,400,130,1040,1750,3160,4640,6760,8320,9770,11220,12530,13810,14780,15560,16840,17830,18540,19050,20260,20660,20790
N7M,Ontario,Chatham-Kent,,20400,1190,790,1510,1390,1840,1390,1370,1330,1170,1210,920,800,1300,960,730,570,1250,460,220,1190,1980,3490,4880,6720,8110,9480,10810,11980,13190,14110,14910,16210,17170,17900,18470,19720,20180,20400
N7S,Ontario,Sarnia,,22990,1520,790,1190,1180,1660,1420,1250,1340,1210,1310,1010,860,1600,1320,920,840,2210,1080,280,1520,2310,3500,4680,6340,7760,9010,10350,11560,12870,13880,14740,16340,17660,18580,19420,21630,22710,22990
N7T,Ontario,Sarnia,,20680,1520,950,1620,1600,2130,1530,1480,1320,1110,1070,850,710,1180,920,620,440,1090,400,140,1520,2470,4090,5690,7820,9350,10830,12150,13260,14330,15180,15890,17070,17990,18610,19050,20140,20540,20680
N7V,Ontario,Sarnia,,9830,410,300,460,460,680,570,570,590,500,620,440,390,750,690,490,390,980,410,130,410,710,1170,1630,2310,2880,3450,4040,4540,5160,5600,5990,6740,7430,7920,8310,9290,9700,9830
N7W,Ontario,Sarnia,,2330,70,40,70,140,190,110,150,150,150,180,100,90,190,140,90,90,230,120,30,70,110,180,320,510,620,770,920,1070,1250,1350,1440,1630,1770,1860,1950,2180,2300,2330
N7X,Ontario,Sarnia,,970,30,20,30,30,40,40,40,30,30,50,30,30,70,70,60,50,140,110,70,30,50,80,110,150,190,230,260,290,340,370,400,470,540,600,650,790,900,970
N8A,Ontario,Chatham-Kent,,11270,1140,460,940,1010,1250,830,720,660,590,550,470,390,580,450,290,200,520,180,40,1140,1600,2540,3550,4800,5630,6350,7010,7600,8150,8620,9010,9590,10040,10330,10530,11050,11230,11270
N8H,Ontario,Windsor,WINDSOR_ESSEX,31160,1990,1270,2180,2700,3340,3280,2820,2620,2150,1690,1220,950,1370,1000,630,440,930,370,210,1990,3260,5440,8140,11480,14760,17580,20200,22350,24040,25260,26210,27580,28580,29210,29650,30580,30950,31160
N8M,Ontario,Windsor,WINDSOR_ESSEX,9580,490,290,590,540,780,560,560,580,560,590,490,440,710,590,410,340,780,200,80,490,780,1370,1910,2690,3250,3810,4390,4950,5540,6030,6470,7180,7770,8180,8520,9300,9500,9580
N8N,Ontario,Windsor,WINDSOR_ESSEX,20380,1050,580,950,990,1360,880,1000,1040,1040,1250,980,830,1560,1320,1050,830,2240,930,500,1050,1630,2580,3570,4930,5810,6810,7850,8890,10140,11120,11950,13510,14830,15880,16710,18950,19880,20380
N8P,Ontario,Windsor,WINDSOR_ESSEX,11980,850,420,600,660,830,650,610,650,630,720,610,520,810,720,580,460,1110,400,150,850,1270,1870,2530,3360,4010,4620,5270,5900,6620,7230,7750,8560,9280,9860,10320,11430,11830,11980
N8R,Ontario,Windsor,WINDSOR_ESSEX,10220,860,360,630,750,890,690,710,640,640,660,550,430,630,500,320,280,510,140,30,860,1220,1850,2600,3490,4180,4890,5530,6170,6830,7380,7810,8440,8940,9260,9540,10050,10190,10220
N8S,Ontario,Windsor,WINDSOR_ESSEX,18190,1060,510,1020,1190,1560,1160,1180,1140,1220,1240,1000,800,1270,990,720,540,1120,330,140,1060,1570,2590,3780,5340,6500,7680,8820,10040,11280,12280,13080,14350,15340,16060,16600,17720,18050,18190
N8T,Ontario,Windsor,WINDSOR_ESSEX,13880,1200,660,1060,1160,1570,1020,910,940,940,820,620,540,730,520,360,230,440,120,40,1200,1860,2920,4080,5650,6670,7580,8520,9460,10280,10900,11440,12170,12690,13050,13280,13720,13840,13880
N8V,,,,100,0,0,10,10,10,10,0,0,10,10,20,10,0,0,0,0,10,0,0,0,0,10,20,30,40,40,40,50,60,80,90,90,90,90,90,100,100,100
N8W,Ontario,Windsor,WINDSOR_ESSEX,19550,1500,670,1150,1350,1750,1300,1270,1350,1230,1160,990,860,1320,1010,760,460,1010,310,100,1500,2170,3320,4670,6420,7720,8990,10340,11570,12730,13720,14580,15900,16910,17670,18130,19140,19450,19550
N8X,Ontario,Windsor,WINDSOR_ESSEX,12830,1270,570,1170,1180,1360,1010,810,870,780,720,570,400,620,430,320,200,400,120,30,1270,1840,3010,4190,5550,6560,7370,8240,9020,9740,10310,10710,11330,11760,12080,12280,12680,12800,12830
N8Y,Ontario,Windsor,WINDSOR_ESSEX,14880,1100,510,1060,1130,1560,1100,970,990,900,900,730,620,870,630,410,300,700,290,110,1100,1610,2670,3800,5360,6460,7430,8420,9320,10220,10950,11570,12440,13070,13480,13780,14480,14770,14880
N9A,Ontario,Windsor,WINDSOR_ESSEX,19600,2630,1240,2200,2280,2460,1450,1270,1070,900,770,610,460,690,440,280,220,430,150,50,2630,3870,6070,8350,10810,12260,13530,14600,15500,16270,16880,17340,18030,18470,18750,18970,19400,19550,19600
N9B,Ontario,Windsor,WINDSOR_ESSEX,16440,3100,940,1350,1500,1700,1230,1030,950,790,650,530,410,580,420,290,230,480,220,40,3100,4040,5390,6890,8590,9820,10850,11800,12590,13240,13770,14180,14760,15180,15470,15700,16180,16400,16440
N9C,Ontario,Windsor,WINDSOR_ESSEX,9790,1430,560,890,920,1060,720,700,640,540,500,350,300,420,230,150,120,210,40,10,1430,1990,2880,3800,4860,5580,6280,6920,7460,7960,8310,8610,9030,9260,9410,9530,9740,9780,9790
N9E,Ontario,Windsor,WINDSOR_ESSEX,17760,1850,760,930,1070,1290,1010,890,900,880,910,770,630,1090,980,730,580,1600,660,230,1850,2610,3540,4610,5900,6910,7800,8700,9580,10490,11260,11890,12980,13960,14690,15270,16870,17530,17760
N9G,Ontario,Windsor,WINDSOR_ESSEX,16710,1890,690,930,1170,1240,970,900,790,750,760,660,580,960,810,650,530,1490,730,210,1890,2580,3510,4680,5920,6890,7790,8580,9330,10090,10750,11330,12290,13100,13750,14280,15770,16500,16710
N9H,Ontario,Windsor,WINDSOR_ESSEX,10710,770,380,530,590,720,530,490,490,490,560,440,370,680,640,480,400,1170,660,320,770,1150,1680,2270,2990,3520,4010,4500,4990,5550,5990,6360,7040,7680,8160,8560,9730,10390,10710
N9J,Ontario,Windsor,WINDSOR_ESSEX,17060,990,560,860,900,1080,840,840,860,890,970,750,690,1140,1080,820,680,1930,850,330,990,1550,2410,3310,4390,5230,6070,6930,7820,8790,9540,10230,11370,12450,13270,13950,15880,16730,17060
N9K,Ontario,Windsor,WINDSOR_ESSEX,2310,190,90,120,140,140,110,120,100,120,110,90,80,130,130,130,90,280,110,30,190,280,400,540,680,790,910,1010,1130,1240,1330,1410,1540,1670,1800,1890,2170,2280,2310
N9V,Ontario,Windsor,WINDSOR_ESSEX,17580,870,500,860,930,1350,990,1020,1030,1020,1040,890,770,1220,1110,830,720,1690,530,210,870,1370,2230,3160,4510,5500,6520,7550,8570,9610,10500,11270,12490,13600,14430,15150,16840,17370,17580
N9Y,Ontario,Windsor,WINDSOR_ESSEX,13080,690,400,630,690,980,720,790,870,840,920,640,570,920,800,580,440,1050,370,180,690,1090,1720,2410,3390,4110,4900,5770,6610,7530,8170,8740,9660,10460,11040,11480,12530,12900,13080
P0A,Ontario,,,14550,840,520,1020,1130,1690,1010,980,980,800,880,690,580,950,690,440,310,690,240,110,840,1360,2380,3510,5200,6210,7190,8170,8970,9850,10540,11120,12070,12760,13200,13510,14200,14440,14550
P0B,Ontario,,,7690,430,250,370,450,620,430,400,430,430,470,360,370,580,460,340,220,610,280,190,430,680,1050,1500,2120,2550,2950,3380,3810,4280,4640,5010,5590,6050,6390,6610,7220,7500,7690
P0C,Ontario,,,3340,230,110,200,250,310,200,180,180,200,180,160,130,230,190,120,90,200,100,80,230,340,540,790,1100,1300,1480,1660,1860,2040,2200,2330,2560,2750,2870,2960,3160,3260,3340
P0E,Ontario,,,2760,150,90,170,190,240,190,180,130,160,170,140,120,180,150,100,70,220,70,40,150,240,410,600,840,1030,1210,1340,1500,1670,1810,1930,2110,2260,2360,2430,2650,2720,2760
P0G,Ontario,,,2810,250,90,160,220,240,160,160,190,150,170,110,110,200,130,90,80,170,80,50,250,340,500,720,960,1120,1280,1470,1620,1790,1900,2010,2210,2340,2430,2510,2680,2760,2810
P0H,Ontario,North Bay,NORTH_BAY,26910,1530,940,1720,2030,2620,1690,1540,1600,1460,1530,1210,1060,1960,1520,1050,790,1840,640,180,1530,2470,4190,6220,8840,10530,12070,13670,15130,16660,17870,18930,20890,22410,23460,24250,26090,26730,26910
P0J,Ontario,,,17120,940,570,1250,1360,1810,1120,1000,960,860,870,710,650,1060,870,660,510,1380,400,140,940,1510,2760,4120,5930,7050,8050,9010,9870,10740,11450,12100,13160,14030,14690,15200,16580,16980,17120
P0K,Ontario,,,8960,550,290,620,630,860,550,480,450,490,530,400,340,590,410,350,250,890,240,40,550,840,1460,2090,2950,3500,3980,4430,4920,5450,5850,6190,6780,7190,7540,7790,8680,8920,8960
P0L,Ontario,,,18610,2900,880,1410,1460,1800,930,890,810,720,820,660,550,1040,900,670,510,1300,290,70,2900,3780,5190,6650,8450,9380,10270,11080,11800,12620,13280,13830,14870,15770,16440,16950,18250,18540,18610
P0M,Ontario,,,40500,2220,1280,2240,2500,3370,2310,2150,2280,2310,2280,1940,1720,2870,2460,1880,1550,3870,1060,210,2220,3500,5740,8240,11610,13920,16070,18350,20660,22940,24880,26600,29470,31930,33810,35360,39230,40290,40500
P0N,Ontario,Timmins,,7290,380,260,450,420,570,400,380,370,360,360,300,300,530,380,350,310,910,220,40,380,640,1090,1510,2080,2480,2860,3230,3590,3950,4250,4550,5080,5460,5810,6120,7030,7250,7290
P0P,,,,15800,2630,790,1290,1320,1620,960,800,840,710,750,540,460,760,610,420,320,700,210,70,2630,3420,4710,6030,7650,8610,9410,10250,10960,11710,12250,12710,13470,14080,14500,14820,15520,15730,15800
P0R,Ontario,,,10600,810,410,720,870,1080,690,660,640,550,550,430,400,660,490,350,300,750,170,70,810,1220,1940,2810,3890,4580,5240,5880,6430,6980,7410,7810,8470,8960,9310,9610,10360,10530,10600
P0S,Ontario,,,8300,470,260,500,530,720,470,470,480,440,470,370,320,590,470,390,280,850,180,40,470,730,1230,1760,2480,2950,3420,3900,4340,4810,5180,5500,6090,6560,6950,7230,8080,8260,8300
P0T,Ontario,,,24960,2910,1020,1670,1670,2160,1320,1320,1270,1150,1220,990,930,1570,1270,990,830,1970,570,130,2910,3930,5600,7270,9430,10750,12070,13340,14490,15710,16700,17630,19200,20470,21460,22290,24260,24830,24960
P0V,Ontario,,,15110,6810,710,920,910,790,400,340,330,380,380,310,240,480,410,310,250,790,290,60,6810,7520,8440,9350,10140,10540,10880,11210,11590,11970,12280,12520,13000,13410,13720,13970,14760,15050,15110
P0W,Ontario,,,4970,670,230,290,320,450,280,230,240,250,240,190,170,300,250,200,150,390,90,30,670,900,1190,1510,1960,2240,2470,2710,2960,3200,3390,3560,3860,4110,4310,4460,4850,4940,4970
P0X,Ontario,,,5620,1270,240,330,350,340,230,240,220,190,270,200,200,340,280,220,180,330,140,50,1270,1510,1840,2190,2530,2760,3000,3220,3410,3680,3880,4080,4420,4700,4920,5100,5430,5570,5620
P0Y,Ontario,,,0,0,0,0,0,0,0,0,0,0,0,0,0,0,0,0,0,0,0,0,0,0,0,0,0,0,0,0,0,0,0,0,0,0,0,0,0,0,0
P1A,Ontario,North Bay,NORTH_BAY,13610,750,500,940,950,1210,870,760,860,760,820,660,610,970,760,550,420,850,280,90,750,1250,2190,3140,4350,5220,5980,6840,7600,8420,9080,9690,10660,11420,11970,12390,13240,13520,13610
P1B,Ontario,North Bay,NORTH_BAY,26860,1650,1020,1930,2050,2750,1850,1680,1660,1390,1590,1220,1040,1670,1350,980,750,1600,510,170,1650,2670,4600,6650,9400,11250,12930,14590,15980,17570,18790,19830,21500,22850,23830,24580,26180,26690,26860
P1C,Ontario,North Bay,NORTH_BAY,2710,140,90,110,100,120,80,100,90,100,130,90,80,200,180,180,160,430,210,120,140,230,340,440,560,640,740,830,930,1060,1150,1230,1430,1610,1790,1950,2380,2590,2710
P1H,Ontario,,,14840,730,550,860,950,1310,980,940,850,860,850,710,610,1080,780,590,450,1020,490,230,730,1280,2140,3090,4400,5380,6320,7170,8030,8880,9590,10200,11280,12060,12650,13100,14120,14610,14840
P1L,Ontario,,,14570,680,460,770,870,1260,870,840,890,880,860,700,660,1120,880,590,470,1120,460,190,680,1140,1910,2780,4040,4910,5750,6640,7520,8380,9080,9740,10860,11740,12330,12800,13920,14380,14570
P1P,Ontario,,,8410,440,310,560,590,900,580,560,490,470,550,390,350,540,430,280,220,450,210,90,440,750,1310,1900,2800,3380,3940,4430,4900,5450,5840,6190,6730,7160,7440,7660,8110,8320,8410
P2A,Ontario,,,11590,610,440,700,830,1120,760,720,720,610,730,590,490,820,620,470,310,660,250,140,610,1050,1750,2580,3700,4460,5180,5900,6510,7240,7830,8320,9140,9760,10230,10540,11200,11450,11590
P2B,Ontario,,,8210,510,300,650,700,1020,510,420,470,450,440,350,300,480,390,260,240,530,160,30,510,810,1460,2160,3180,3690,4110,4580,5030,5470,5820,6120,6600,6990,7250,7490,8020,8180,8210
P2N,Ontario,,,5550,320,210,460,450,590,370,320,310,270,280,210,180,320,250,190,170,470,140,40,320,530,990,1440,2030,2400,2720,3030,3300,3580,3790,3970,4290,4540,4730,4900,5370,5510,5550
P3A,Ontario,Greater Sudbury / Grand Sudbury,SUDBURY,19760,1110,690,1040,1110,1610,1140,1050,1190,1170,1100,1000,800,1420,1250,950,770,1740,480,140,1110,1800,2840,3950,5560,6700,7750,8940,10110,11210,12210,13010,14430,15680,16630,17400,19140,19620,19760
P3B,Ontario,Greater Sudbury / Grand Sudbury,SUDBURY,12780,710,570,880,850,1130,820,790,710,690,720,590,500,870,660,520,400,940,320,110,710,1280,2160,3010,4140,4960,5750,6460,7150,7870,8460,8960,9830,10490,11010,11410,12350,12670,12780
P3C,Ontario,Greater Sudbury / Grand Sudbury,SUDBURY,13020,930,640,1140,1090,1400,1030,900,820,780,660,580,500,730,520,410,250,480,130,30,930,1570,2710,3800,5200,6230,7130,7950,8730,9390,9970,10470,11200,11720,12130,12380,12860,12990,13020
P3E,Ontario,,,22810,1180,790,1170,1230,1650,1140,1070,1110,1020,1170,900,830,1540,1430,1140,950,2630,1310,550,1180,1970,3140,4370,6020,7160,8230,9340,10360,11530,12430,13260,14800,16230,17370,18320,20950,22260,22810
P3G,Ontario,,,3420,130,110,120,170,200,140,130,140,130,180,150,130,220,230,190,160,510,250,130,130,240,360,530,730,870,1000,1140,1270,1450,1600,1730,1950,2180,2370,2530,3040,3290,3420
P3L,Ontario,Greater Sudbury / Grand Sudbury,SUDBURY,6360,270,200,300,340,420,310,300,340,340,350,320,280,520,470,340,290,720,200,50,270,470,770,1110,1530,1840,2140,2480,2820,3170,3490,3770,4290,4760,5100,5390,6110,6310,6360
P3N,Ontario,Greater Sudbury / Grand Sudbury,SUDBURY,6360,270,170,300,330,440,360,310,330,310,390,340,280,500,380,320,320,750,220,40,270,440,740,1070,1510,1870,2180,2510,2820,3210,3550,3830,4330,4710,5030,5350,6100,6320,6360
P3P,Ontario,Greater Sudbury / Grand Sudbury,SUDBURY,12260,520,350,580,600,790,630,640,630,670,690,560,490,980,810,670,600,1570,410,70,520,870,1450,2050,2840,3470,4110,4740,5410,6100,6660,7150,8130,8940,9610,10210,11780,12190,12260
P3Y,Ontario,Greater Sudbury / Grand Sudbury,SUDBURY,6120,250,140,250,250,380,270,270,310,330,360,260,260,450,430,370,330,870,260,80,250,390,640,890,1270,1540,1810,2120,2450,2810,3070,3330,3780,4210,4580,4910,5780,6040,6120
P4N,Ontario,Timmins,,20100,1170,740,1360,1400,1960,1260,1100,1070,1090,960,840,770,1350,1010,810,660,1870,510,170,1170,1910,3270,4670,6630,7890,8990,10060,11150,12110,12950,13720,15070,16080,16890,17550,19420,19930,20100
P4P,Ontario,Timmins,,2580,160,90,170,140,180,120,100,120,120,120,110,100,180,150,120,100,370,100,30,160,250,420,560,740,860,960,1080,1200,1320,1430,1530,1710,1860,1980,2080,2450,2550,2580
P4R,Ontario,Timmins,,3810,180,130,230,190,260,200,170,190,160,140,160,140,250,210,200,180,550,210,60,180,310,540,730,990,1190,1360,1550,1710,1850,2010,2150,2400,2610,2810,2990,3540,3750,3810
P5A,Ontario,Elliot Lake,,9720,480,360,860,1030,1510,850,710,650,550,460,340,280,430,320,190,140,390,140,30,480,840,1700,2730,4240,5090,5800,6450,7000,7460,7800,8080,8510,8830,9020,9160,9550,9690,9720
P5E,Ontario,,,4440,210,150,290,310,430,260,230,290,250,250,200,170,320,270,230,150,320,70,40,210,360,650,960,1390,1650,1880,2170,2420,2670,2870,3040,3360,3630,3860,4010,4330,4400,4440
P5N,Ontario,,,6860,300,220,480,490,700,440,410,420,390,400,280,250,440,350,290,210,580,170,40,300,520,1000,1490,2190,2630,3040,3460,3850,4250,4530,4780,5220,5570,5860,6070,6650,6820,6860
P6A,Ontario,Sault Ste. Marie,SAULT_STE_MARIE,28720,1940,1120,1790,1860,2450,1640,1630,1680,1590,1500,1160,1110,1850,1470,1210,930,2810,700,280,1940,3060,4850,6710,9160,10800,12430,14110,15700,17200,18360,19470,21320,22790,24000,24930,27740,28440,28720
P6B,Ontario,Sault Ste. Marie,SAULT_STE_MARIE,18990,1060,770,1250,1210,1850,1250,1210,1280,1180,1060,860,650,1140,920,670,550,1580,360,140,1060,1830,3080,4290,6140,7390,8600,9880,11060,12120,12980,13630,14770,15690,16360,16910,18490,18850,18990
P6C,Ontario,Sault Ste. Marie,SAULT_STE_MARIE,15580,760,540,1080,1080,1420,1100,1130,1070,1020,1010,770,620,1010,660,480,400,1220,180,30,760,1300,2380,3460,4880,5980,7110,8180,9200,10210,10980,11600,12610,13270,13750,14150,15370,15550,15580
P7A,Ontario,,,22540,1240,750,1240,1300,1910,1320,1370,1300,1270,1460,1140,970,1710,1410,1020,800,1660,500,170,1240,1990,3230,4530,6440,7760,9130,10430,11700,13160,14300,15270,16980,18390,19410,20210,21870,22370,22540
P7B,Ontario,Thunder Bay,,18270,1560,850,1270,1110,1530,1150,980,990,940,1010,780,670,1190,960,730,530,1300,510,210,1560,2410,3680,4790,6320,7470,8450,9440,10380,11390,12170,12840,14030,14990,15720,16250,17550,18060,18270
P7C,Ontario,Thunder Bay,,17030,1300,660,1170,1100,1490,1070,970,1040,1020,1050,840,710,1200,910,650,500,1040,250,60,1300,1960,3130,4230,5720,6790,7760,8800,9820,10870,11710,12420,13620,14530,15180,15680,16720,16970,17030
P7E,Ontario,Thunder Bay,,16460,1060,650,1110,1020,1420,1050,1050,1030,980,1040,880,750,1240,940,640,470,850,220,60,1060,1710,2820,3840,5260,6310,7360,8390,9370,10410,11290,12040,13280,14220,14860,15330,16180,16400,16460
P7G,Ontario,,,10420,480,280,440,480,600,500,460,520,510,550,480,420,860,760,570,510,1330,500,170,480,760,1200,1680,2280,2780,3240,3760,4270,4820,5300,5720,6580,7340,7910,8420,9750,10250,10420
P7J,Ontario,Thunder Bay,,4010,400,150,190,210,270,160,160,170,160,200,170,140,300,270,200,170,440,180,70,400,550,740,950,1220,1380,1540,1710,1870,2070,2240,2380,2680,2950,3150,3320,3760,3940,4010
P7K,Ontario,Thunder Bay,,5530,190,140,200,220,330,260,270,270,260,340,270,260,470,390,280,280,680,310,110,190,330,530,750,1080,1340,1610,1880,2140,2480,2750,3010,3480,3870,4150,4430,5110,5420,5530
P7L,Ontario,Thunder Bay,,1660,80,50,80,90,110,70,90,80,80,120,100,80,140,110,90,70,150,60,10,80,130,210,300,410,480,570,650,730,850,950,1030,1170,1280,1370,1440,1590,1650,1660
P8N,Ontario,,,8700,460,260,490,480,670,460,520,480,470,540,440,390,650,540,440,390,780,180,60,460,720,1210,1690,2360,2820,3340,3820,4290,4830,5270,5660,6310,6850,7290,7680,8460,8640,8700
P8T,Ontario,,,3950,530,160,210,150,210,170,140,130,160,190,170,170,320,290,210,210,400,90,40,530,690,900,1050,1260,1430,1570,1700,1860,2050,2220,2390,2710,3000,3210,3420,3820,3910,3950
P9A,,,,8010,750,290,440,420,590,440,400,430,400,460,340,350,610,500,320,330,670,210,60,750,1040,1480,1900,2490,2930,3330,3760,4160,4620,4960,5310,5920,6420,6740,7070,7740,7950,8010
P9N,Ontario,Kenora,,11270,900,370,620,590,790,570,550,590,570,650,550,520,940,770,540,430,920,290,110,900,1270,1890,2480,3270,3840,4390,4980,5550,6200,6750,7270,8210,8980,9520,9950,10870,11160,11270
R0A,Manitoba,,,29940,2770,1350,1870,2100,2460,2000,1860,1710,1570,1610,1300,1160,1950,1630,1170,920,1820,490,200,2770,4120,5990,8090,10550,12550,14410,16120,17690,19300,20600,21760,23710,25340,26510,27430,29250,29740,29940
R0B,Manitoba,,,27920,15150,1850,1880,3100,1950,640,430,330,250,260,230,170,280,240,170,170,540,260,20,15150,17000,18880,21980,23930,24570,25000,25330,25580,25840,26070,26240,26520,26760,26930,27100,27640,27900,27920
R0C,Manitoba,,,41740,6170,1910,2460,3280,3760,2670,2420,2300,2010,1990,1570,1340,2290,1830,1320,1060,2350,760,250,6170,8080,10540,13820,17580,20250,22670,24970,26980,28970,30540,31880,34170,36000,37320,38380,40730,41490,41740
R0E,Manitoba,,,27680,2830,1060,1440,1840,2360,1880,1810,1640,1490,1500,1290,1070,1780,1460,1020,820,1770,460,160,2830,3890,5330,7170,9530,11410,13220,14860,16350,17850,19140,20210,21990,23450,24470,25290,27060,27520,27680
R0G,Manitoba,,,32530,2510,1370,1860,1980,2730,2130,2090,1930,1790,1820,1610,1360,2250,1800,1250,970,1990,680,410,2510,3880,5740,7720,10450,12580,14670,16600,18390,20210,21820,23180,25430,27230,28480,29450,31440,32120,32530
R0H,Manitoba,,,10420,1730,590,770,1060,1070,620,520,430,440,420,350,330,530,430,310,210,450,120,40,1730,2320,3090,4150,5220,5840,6360,6790,7230,7650,8000,8330,8860,9290,9600,9810,10260,10380,10420
R0J,Manitoba,,,21660,1960,970,1270,1660,2090,1490,1380,1260,1220,1270,1090,890,1270,1000,660,550,1100,390,140,1960,2930,4200,5860,7950,9440,10820,12080,13300,14570,15660,16550,17820,18820,19480,20030,21130,21520,21660
R0K,Manitoba,,,19970,1090,670,1000,1230,1720,1460,1290,1140,1160,1060,1060,790,1410,1310,1030,720,1320,370,140,1090,1760,2760,3990,5710,7170,8460,9600,10760,11820,12880,13670,15080,16390,17420,18140,19460,19830,19970
R0L,Manitoba,,,20470,2540,1080,1510,2110,2300,1520,1240,1140,910,900,770,520,930,750,530,460,890,250,120,2540,3620,5130,7240,9540,11060,12300,13440,14350,15250,16020,16540,17470,18220,18750,19210,20100,20350,20470
R0M,Manitoba,,,14690,1350,570,810,1030,1380,960,890,800,740,780,660,530,940,790,540,440,1020,320,140,1350,1920,2730,3760,5140,6100,6990,7790,8530,9310,9970,10500,11440,12230,12770,13210,14230,14550,14690
R1A,Manitoba,,,17150,1040,660,850,1050,1310,1180,1150,1000,940,970,780,700,1140,1040,780,640,1360,370,190,1040,1700,2550,3600,4910,6090,7240,8240,9180,10150,10930,11630,12770,13810,14590,15230,16590,16960,17150
R1B,Manitoba,,,230,0,0,10,0,20,20,20,10,20,20,10,10,30,30,10,0,20,0,0,0,0,10,10,30,50,70,80,100,120,130,140,170,200,210,210,230,230,230
R1C,Manitoba,Winnipeg,WINNIPEG,3210,180,110,140,160,210,170,190,180,160,190,150,130,260,190,170,140,330,110,40,180,290,430,590,800,970,1160,1340,1500,1690,1840,1970,2230,2420,2590,2730,3060,3170,3210
R1N,Manitoba,Portage la Prairie,,15410,1070,1280,1400,1170,1470,1150,990,870,730,710,640,490,880,690,490,360,710,220,90,1070,2350,3750,4920,6390,7540,8530,9400,10130,10840,11480,11970,12850,13540,14030,14390,15100,15320,15410
R2C,Manitoba,Winnipeg,WINNIPEG,25980,1700,860,1220,1360,1800,1780,1610,1680,1760,1660,1340,1210,2150,1660,1240,930,1620,330,70,1700,2560,3780,5140,6940,8720,10330,12010,13770,15430,16770,17980,20130,21790,23030,23960,25580,25910,25980
R2E,Manitoba,Winnipeg,WINNIPEG,8100,410,220,280,310,420,360,350,360,350,400,320,330,570,530,490,380,1070,550,400,410,630,910,1220,1640,2000,2350,2710,3060,3460,3780,4110,4680,5210,5700,6080,7150,7700,8100
R2G,Manitoba,Winnipeg,WINNIPEG,27720,1610,870,1280,1540,2500,2040,1770,1800,1690,1640,1360,1190,1990,1670,1210,920,1880,540,220,1610,2480,3760,5300,7800,9840,11610,13410,15100,16740,18100,19290,21280,22950,24160,25080,26960,27500,27720
R2H,Manitoba,Winnipeg,WINNIPEG,12560,750,510,750,750,1130,950,810,740,710,720,570,490,830,670,570,390,880,220,120,750,1260,2010,2760,3890,4840,5650,6390,7100,7820,8390,8880,9710,10380,10950,11340,12220,12440,12560
R2J,Manitoba,Winnipeg,WINNIPEG,21680,1360,690,1010,1080,1490,1380,1430,1310,1300,1330,1110,920,1650,1370,1130,870,1550,500,200,1360,2050,3060,4140,5630,7010,8440,9750,11050,12380,13490,14410,16060,17430,18560,19430,20980,21480,21680
R2K,Manitoba,Winnipeg,WINNIPEG,26740,2020,990,1380,1630,2260,2040,2020,1910,1780,1660,1380,1210,1810,1330,1050,720,1190,270,90,2020,3010,4390,6020,8280,10320,12340,14250,16030,17690,19070,20280,22090,23420,24470,25190,26380,26650,26740
R2L,Manitoba,Winnipeg,WINNIPEG,11120,1010,520,720,910,1090,980,830,860,750,630,570,390,640,430,300,190,250,40,10,1010,1530,2250,3160,4250,5230,6060,6920,7670,8300,8870,9260,9900,10330,10630,10820,11070,11110,11120
R2M,Manitoba,Winnipeg,WINNIPEG,30430,2300,1160,1600,1770,2570,2260,2080,1900,1800,1700,1450,1230,2140,1630,1240,860,1920,540,280,2300,3460,5060,6830,9400,11660,13740,15640,17440,19140,20590,21820,23960,25590,26830,27690,29610,30150,30430
R2N,Manitoba,Winnipeg,WINNIPEG,26060,1730,890,1060,1160,1600,1470,1510,1560,1330,1530,1240,1160,1980,1740,1350,1090,2500,820,340,1730,2620,3680,4840,6440,7910,9420,10980,12310,13840,15080,16240,18220,19960,21310,22400,24900,25720,26060
R2P,Manitoba,Winnipeg,WINNIPEG,29180,2970,1250,1610,2100,2590,2560,2280,2100,1950,1700,1380,1030,1700,1230,830,550,1040,240,70,2970,4220,5830,7930,10520,13080,15360,17460,19410,21110,22490,23520,25220,26450,27280,27830,28870,29110,29180
R2R,Manitoba,Winnipeg,WINNIPEG,21080,1940,910,1160,1430,1730,1730,1530,1550,1410,1280,1120,940,1440,1010,660,410,700,100,30,1940,2850,4010,5440,7170,8900,10430,11980,13390,14670,15790,16730,18170,19180,19840,20250,20950,21050,21080
R2V,Manitoba,Winnipeg,WINNIPEG,30500,2190,1070,1500,1830,2520,2200,2110,2130,2000,1810,1610,1300,2140,1710,1180,910,1740,420,130,2190,3260,4760,6590,9110,11310,13420,15550,17550,19360,20970,22270,24410,26120,27300,28210,29950,30370,30500
R2W,Manitoba,Winnipeg,WINNIPEG,19990,2200,1240,1880,2190,2250,1680,1430,1330,1140,950,790,540,860,570,340,200,340,40,20,2200,3440,5320,7510,9760,11440,12870,14200,15340,16290,17080,17620,18480,19050,19390,19590,19930,19970,19990
R2X,Manitoba,Winnipeg,WINNIPEG,15190,1370,650,880,1100,1400,1290,1290,1360,1150,1090,730,580,900,550,330,180,280,50,10,1370,2020,2900,4000,5400,6690,7980,9340,10490,11580,12310,12890,13790,14340,14670,14850,15130,15180,15190
R2Y,Manitoba,Winnipeg,WINNIPEG,15290,890,520,680,790,1130,1090,1030,1000,1000,960,850,690,1240,980,690,510,970,210,60,890,1410,2090,2880,4010,5100,6130,7130,8130,9090,9940,10630,11870,12850,13540,14050,15020,15230,15290
R3A,Manitoba,Winnipeg,WINNIPEG,3310,550,330,350,460,380,220,240,190,100,130,90,50,80,70,20,20,30,0,0,550,880,1230,1690,2070,2290,2530,2720,2820,2950,3040,3090,3170,3240,3260,3280,3310,3310,3310
R3B,Manitoba,Winnipeg,WINNIPEG,9150,1050,800,910,960,1070,770,620,560,420,340,260,210,270,210,150,120,250,110,70,1050,1850,2760,3720,4790,5560,6180,6740,7160,7500,7760,7970,8240,8450,8600,8720,8970,9080,9150
R3C,Manitoba,Winnipeg,WINNIPEG,15620,1960,1020,1760,1800,1750,1150,960,830,670,640,470,390,590,450,310,200,400,160,110,1960,2980,4740,6540,8290,9440,10400,11230,11900,12540,13010,13400,13990,14440,14750,14950,15350,15510,15620
R3E,Manitoba,Winnipeg,WINNIPEG,14140,1450,740,1050,1240,1420,1220,1150,1080,1000,810,620,490,690,430,280,170,230,50,20,1450,2190,3240,4480,5900,7120,8270,9350,10350,11160,11780,12270,12960,13390,13670,13840,14070,14120,14140
R3G,Manitoba,Winnipeg,WINNIPEG,19150,1590,860,1300,1340,1710,1430,1380,1320,1150,1040,870,730,1170,890,710,430,930,200,100,1590,2450,3750,5090,6800,8230,9610,10930,12080,13120,13990,14720,15890,16780,17490,17920,18850,19050,19150
R3H,Manitoba,Winnipeg,WINNIPEG,80,20,0,10,0,0,20,0,10,0,0,10,0,0,0,0,0,10,0,0,20,20,30,30,30,50,50,60,60,60,70,70,70,70,70,70,80,80,80
R3J,Manitoba,Winnipeg,WINNIPEG,22190,1370,670,1020,1190,1640,1610,1500,1510,1350,1430,1180,950,1750,1380,1090,680,1420,340,110,1370,2040,3060,4250,5890,7500,9000,10510,11860,13290,14470,15420,17170,18550,19640,20320,21740,22080,22190
R3K,Manitoba,Winnipeg,WINNIPEG,10240,470,290,430,520,740,660,640,620,550,630,520,420,800,660,520,400,920,280,170,470,760,1190,1710,2450,3110,3750,4370,4920,5550,6070,6490,7290,7950,8470,8870,9790,10070,10240
R3L,Manitoba,Winnipeg,WINNIPEG,15950,1080,650,790,880,1340,1120,980,980,940,890,800,650,1140,890,700,500,1110,340,170,1080,1730,2520,3400,4740,5860,6840,7820,8760,9650,10450,11100,12240,13130,13830,14330,15440,15780,15950
R3M,Manitoba,Winnipeg,WINNIPEG,17320,1120,520,760,900,1290,1030,1020,1010,870,900,750,700,1220,1010,790,630,1590,670,540,1120,1640,2400,3300,4590,5620,6640,7650,8520,9420,10170,10870,12090,13100,13890,14520,16110,16780,17320
R3N,Manitoba,Winnipeg,WINNIPEG,13010,780,410,510,600,800,690,670,600,570,630,560,490,950,960,740,600,1480,630,340,780,1190,1700,2300,3100,3790,4460,5060,5630,6260,6820,7310,8260,9220,9960,10560,12040,12670,13010
R3P,Manitoba,Winnipeg,WINNIPEG,17210,1180,560,680,820,990,810,800,760,690,760,670,570,1090,1060,820,680,1870,1230,1170,1180,1740,2420,3240,4230,5040,5840,6600,7290,8050,8720,9290,10380,11440,12260,12940,14810,16040,17210
R3R,Manitoba,Winnipeg,WINNIPEG,20720,1070,650,810,900,1230,1130,1040,1110,1080,1140,1010,920,1600,1460,1180,870,2280,820,420,1070,1720,2530,3430,4660,5790,6830,7940,9020,10160,11170,12090,13690,15150,16330,17200,19480,20300,20720
R3S,Manitoba,Winnipeg,WINNIPEG,450,30,20,20,20,20,30,20,20,20,30,20,0,20,20,20,10,60,30,40,30,50,70,90,110,140,160,180,200,230,250,250,270,290,310,320,380,410,450
R3T,Manitoba,Winnipeg,WINNIPEG,41900,6280,2120,2520,2750,3240,2900,2580,2330,2070,1970,1570,1320,2370,1850,1410,1080,2340,820,380,6280,8400,10920,13670,16910,19810,22390,24720,26790,28760,30330,31650,34020,35870,37280,38360,40700,41520,41900
R3V,Manitoba,Winnipeg,WINNIPEG,5200,400,200,250,300,340,360,310,330,310,310,240,240,370,330,250,170,330,110,50,400,600,850,1150,1490,1850,2160,2490,2800,3110,3350,3590,3960,4290,4540,4710,5040,5150,5200
R3W,Manitoba,Winnipeg,WINNIPEG,12320,920,440,490,630,780,880,820,790,700,670,620,560,940,780,620,490,930,200,60,920,1360,1850,2480,3260,4140,4960,5750,6450,7120,7740,8300,9240,10020,10640,11130,12060,12260,12320
R3X,Manitoba,Winnipeg,WINNIPEG,17180,1330,590,680,780,840,760,770,730,780,770,700,620,1180,1140,1010,880,2330,850,440,1330,1920,2600,3380,4220,4980,5750,6480,7260,8030,8730,9350,10530,11670,12680,13560,15890,16740,17180
R3Y,Manitoba,Winnipeg,WINNIPEG,25480,3280,1140,1260,1470,1600,1490,1270,1150,1040,1040,890,840,1540,1310,1150,960,2470,1000,580,3280,4420,5680,7150,8750,10240,11510,12660,13700,14740,15630,16470,18010,19320,20470,21430,23900,24900,25480
R4A,Manitoba,Winnipeg,WINNIPEG,4080,240,120,160,190,250,200,220,220,210,210,180,160,290,280,240,210,460,170,70,240,360,520,710,960,1160,1380,1600,1810,2020,2200,2360,2650,2930,3170,3380,3840,4010,4080
R4G,Manitoba,Winnipeg,WINNIPEG,1310,60,30,40,50,50,50,60,50,50,50,50,50,100,80,90,70,220,100,60,60,90,130,180,230,280,340,390,440,490,540,590,690,770,860,930,1150,1250,1310
R4H,Manitoba,Winnipeg,WINNIPEG,2180,170,70,70,90,90,90,90,80,90,110,90,90,140,140,120,90,260,150,150,170,240,310,400,490,580,670,750,840,950,1040,1130,1270,1410,1530,1620,1880,2030,2180
R4J,Manitoba,Winnipeg,WINNIPEG,910,50,50,60,50,40,30,40,40,30,40,30,30,70,60,40,40,110,60,40,50,100,160,210,250,280,320,360,390,430,460,490,560,620,660,700,810,870,910
R4K,Manitoba,,,710,80,110,50,50,50,30,20,30,30,30,20,10,30,30,20,20,60,30,10,80,190,240,290,340,370,390,420,450,480,500,510,540,570,590,610,670,700,710
R4L,Manitoba,Winnipeg,WINNIPEG,1030,60,40,40,50,70,50,40,50,40,60,30,30,90,80,50,50,140,40,20,60,100,140,190,260,310,350,400,440,500,530,560,650,730,780,830,970,1010,1030
R5A,Manitoba,Winnipeg,WINNIPEG,3030,130,100,110,140,160,150,170,160,160,140,130,130,250,230,190,150,380,100,50,130,230,340,480,640,790,960,1120,1280,1420,1550,1680,1930,2160,2350,2500,2880,2980,3030
R5G,Manitoba,,,19910,1820,910,1290,1480,1730,1490,1350,1300,1200,1130,910,760,1180,920,680,430,880,300,150,1820,2730,4020,5500,7230,8720,10070,11370,12570,13700,14610,15370,16550,17470,18150,18580,19460,19760,19910
R5H,Manitoba,,,4300,280,140,230,310,390,320,310,290,270,240,200,180,310,230,180,110,240,50,20,280,420,650,960,1350,1670,1980,2270,2540,2780,2980,3160,3470,3700,3880,3990,4230,4280,4300
R5J,Manitoba,Winnipeg,WINNIPEG,1060,80,30,60,70,80,60,80,70,70,60,50,50,80,60,50,30,60,20,0,80,110,170,240,320,380,460,530,600,660,710,760,840,900,950,980,1040,1060,1060
R5K,Manitoba,Winnipeg,WINNIPEG,4390,260,140,190,220,260,240,250,260,240,250,210,180,310,310,260,210,420,130,50,260,400,590,810,1070,1310,1560,1820,2060,2310,2520,2700,3010,3320,3580,3790,4210,4340,4390
R5L,Manitoba,Winnipeg,WINNIPEG,1830,90,80,120,120,140,120,100,100,90,90,100,60,150,110,110,60,140,40,10,90,170,290,410,550,670,770,870,960,1050,1150,1210,1360,1470,1580,1640,1780,1820,1830
R5M,Manitoba,Winnipeg,WINNIPEG,1920,90,60,90,100,160,120,90,100,80,120,100,70,140,110,110,90,200,70,20,90,150,240,340,500,620,710,810,890,1010,1110,1180,1320,1430,1540,1630,1830,1900,1920
R5N,Manitoba,Winnipeg,WINNIPEG,4430,210,120,160,170,210,190,200,230,220,250,210,180,340,330,300,220,640,190,60,210,330,490,660,870,1060,1260,1490,1710,1960,2170,2350,2690,3020,3320,3540,4180,4370,4430
R5P,Manitoba,Winnipeg,WINNIPEG,610,40,20,30,30,50,40,50,50,30,30,40,30,40,40,20,20,40,10,0,40,60,90,120,170,210,260,310,340,370,410,440,480,520,540,560,600,610,610
R5R,Manitoba,Winnipeg,WINNIPEG,990,50,30,30,60,50,50,40,50,50,60,50,50,70,80,60,40,100,40,30,50,80,110,170,220,270,310,360,410,470,520,570,640,720,780,820,920,960,990
R5T,Manitoba,Winnipeg,WINNIPEG,660,40,30,30,40,40,30,40,30,40,40,30,40,40,40,30,20,60,30,10,40,70,100,140,180,210,250,280,320,360,390,430,470,510,540,560,620,650,660
R6M,Manitoba,Winkler,,8870,630,320,540,570,800,660,580,590,580,580,490,370,520,400,320,240,480,140,60,630,950,1490,2060,2860,3520,4100,4690,5270,5850,6340,6710,7230,7630,7950,8190,8670,8810,8870
R6P,,,,340,90,50,40,20,20,20,20,20,10,10,10,0,10,10,0,0,10,0,0,90,140,180,200,220,240,260,280,290,300,310,310,320,330,330,330,340,340,340
R6T,,,,140,20,20,10,20,10,20,10,0,10,0,0,0,10,0,0,0,10,0,0,20,40,50,70,80,100,110,110,120,120,120,120,130,130,130,130,140,140,140
R6W,Manitoba,Winkler,,15230,1670,730,1100,1160,1340,1100,990,1000,950,980,770,570,860,530,390,290,500,160,140,1670,2400,3500,4660,6000,7100,8090,9090,10040,11020,11790,12360,13220,13750,14140,14430,14930,15090,15230
R7A,Manitoba,,,25810,1890,1670,1920,1750,2280,1840,1650,1640,1470,1430,1050,900,1470,1270,920,690,1460,360,150,1890,3560,5480,7230,9510,11350,13000,14640,16110,17540,18590,19490,20960,22230,23150,23840,25300,25660,25810
R7B,Manitoba,Brandon,,17590,1130,610,860,910,1310,1100,1140,1100,1010,1030,810,710,1200,1040,810,650,1470,470,230,1130,1740,2600,3510,4820,5920,7060,8160,9170,10200,11010,11720,12920,13960,14770,15420,16890,17360,17590
R7C,Manitoba,Brandon,,2220,120,70,80,110,160,170,170,160,150,150,130,90,160,110,90,60,140,60,40,120,190,270,380,540,710,880,1040,1190,1340,1470,1560,1720,1830,1920,1980,2120,2180,2220
R7N,Manitoba,,,8170,430,320,450,620,880,670,610,580,510,460,370,270,500,340,270,230,450,140,70,430,750,1200,1820,2700,3370,3980,4560,5070,5530,5900,6170,6670,7010,7280,7510,7960,8100,8170
R8A,Manitoba,,,4450,190,130,220,250,280,270,300,290,240,250,200,170,240,260,220,200,560,140,40,190,320,540,790,1070,1340,1640,1930,2170,2420,2620,2790,3030,3290,3510,3710,4270,4410,4450
R8N,Manitoba,Thompson,,9090,1030,390,500,580,600,500,450,480,430,370,330,290,500,370,310,290,1180,410,80,1030,1420,1920,2500,3100,3600,4050,4530,4960,5330,5660,5950,6450,6820,7130,7420,8600,9010,9090
R9A,Manitoba,,,5880,790,270,300,370,420,350,300,320,260,290,210,200,310,280,280,220,520,140,50,790,1060,1360,1730,2150,2500,2800,3120,3380,3670,3880,4080,4390,4670,4950,5170,5690,5830,5880
S0A,Saskatchewan,,,41560,3900,1800,2670,3230,4700,2790,2270,2130,2000,2040,1740,1410,2270,1830,1380,1080,2710,1300,310,3900,5700,8370,11600,16300,19090,21360,23490,25490,27530,29270,30680,32950,34780,36160,37240,39950,41250,41560
S0C,Saskatchewan,,,16380,1270,620,800,970,1260,990,890,810,770,870,680,630,1050,880,850,640,1500,630,270,1270,1890,2690,3660,4920,5910,6800,7610,8380,9250,9930,10560,11610,12490,13340,13980,15480,16110,16380
S0E,Saskatchewan,,,26210,2590,1080,1730,1930,2560,1690,1410,1380,1320,1320,1140,930,1570,1270,1020,780,1650,590,250,2590,3670,5400,7330,9890,11580,12990,14370,15690,17010,18150,19080,20650,21920,22940,23720,25370,25960,26210
S0G,Saskatchewan,,,50630,4860,1840,2700,3220,4280,2930,2590,2550,2440,2650,2300,1920,3250,2780,2170,1820,4240,1580,510,4860,6700,9400,12620,16900,19830,22420,24970,27410,30060,32360,34280,37530,40310,42480,44300,48540,50120,50630
S0H,Saskatchewan,,,16640,1010,620,990,1360,1470,1150,1020,940,850,970,780,640,1070,900,650,530,1160,360,170,1010,1630,2620,3980,5450,6600,7620,8560,9410,10380,11160,11800,12870,13770,14420,14950,16110,16470,16640
S0J,Saskatchewan,,,37050,9190,1960,2530,3230,3880,1880,1530,1370,1310,1350,1080,920,1460,1210,920,770,1710,570,180,9190,11150,13680,16910,20790,22670,24200,25570,26880,28230,29310,30230,31690,32900,33820,34590,36300,36870,37050
S0K,Saskatchewan,Saskatoon,SASKATOON,69220,5260,2710,3640,4430,5470,4060,3660,3540,3340,3570,3150,2690,4870,4050,3310,2580,5920,2310,660,5260,7970,11610,16040,21510,25570,29230,32770,36110,39680,42830,45520,50390,54440,57750,60330,66250,68560,69220
S0L,Saskatchewan,,,24230,1230,890,1270,1800,1880,1520,1340,1300,1160,1350,1140,940,1740,1340,1200,950,2000,850,330,1230,2120,3390,5190,7070,8590,9930,11230,12390,13740,14880,15820,17560,18900,20100,21050,23050,23900,24230
S0M,Saskatchewan,,,35650,7280,1770,2490,3350,3650,1890,1630,1430,1260,1340,1090,930,1610,1260,1050,790,1880,740,210,7280,9050,11540,14890,18540,20430,22060,23490,24750,26090,27180,28110,29720,30980,32030,32820,34700,35440,35650
S0N,Saskatchewan,,,16250,1050,670,1310,1560,1530,1040,900,840,780,900,740,630,910,780,630,470,920,380,210,1050,1720,3030,4590,6120,7160,8060,8900,9680,10580,11320,11950,12860,13640,14270,14740,15660,16040,16250
S0P,Saskatchewan,,,5070,1730,390,360,440,450,190,140,130,120,120,120,80,120,120,100,100,270,70,20,1730,2120,2480,2920,3370,3560,3700,3830,3950,4070,4190,4270,4390,4510,4610,4710,4980,5050,5070
S2V,Saskatchewan,Regina,REGINA,650,30,20,10,20,30,20,20,30,20,40,30,20,50,50,50,30,110,50,20,30,50,60,80,110,130,150,180,200,240,270,290,340,390,440,470,580,630,650
S3N,Saskatchewan,Yorkton,,15480,1070,560,820,1060,1460,1000,890,870,840,820,730,610,1050,860,600,570,1100,450,120,1070,1630,2450,3510,4970,5970,6860,7730,8570,9390,10120,10730,11780,12640,13240,13810,14910,15360,15480
S4A,Saskatchewan,Estevan,,9800,570,360,390,500,630,560,550,480,450,480,400,360,690,550,520,420,1180,550,160,570,930,1320,1820,2450,3010,3560,4040,4490,4970,5370,5730,6420,6970,7490,7910,9090,9640,9800
S4H,Saskatchewan,Weyburn,,9680,500,320,440,550,790,600,560,550,460,510,490,460,690,540,490,380,880,330,140,500,820,1260,1810,2600,3200,3760,4310,4770,5280,5770,6230,6920,7460,7950,8330,9210,9540,9680
S4K,Saskatchewan,Regina,REGINA,0,0,0,0,0,0,0,0,0,0,0,0,0,0,0,0,0,0,0,0,0,0,0,0,0,0,0,0,0,0,0,0,0,0,0,0,0,0,0
S4L,Saskatchewan,Regina,REGINA,4980,210,160,220,160,220,180,180,160,160,170,150,180,340,340,310,300,880,470,190,210,370,590,750,970,1150,1330,1490,1650,1820,1970,2150,2490,2830,3140,3440,4320,4790,4980
S4M,,,,0,0,0,0,0,0,0,0,0,0,0,0,0,0,0,0,0,0,0,0,0,0,0,0,0,0,0,0,0,0,0,0,0,0,0,0,0,0,0
S4N,Saskatchewan,Regina,REGINA,23850,1900,870,1230,1480,1900,1660,1570,1460,1370,1300,1220,1000,1780,1320,1020,800,1510,380,80,1900,2770,4000,5480,7380,9040,10610,12070,13440,14740,15960,16960,18740,20060,21080,21880,23390,23770,23850
S4P,Saskatchewan,Regina,REGINA,11770,850,490,710,1230,1800,860,680,560,500,500,400,330,570,470,400,300,690,300,130,850,1340,2050,3280,5080,5940,6620,7180,7680,8180,8580,8910,9480,9950,10350,10650,11340,11640,11770
S4R,Saskatchewan,Regina,REGINA,27190,1920,1030,1310,1640,2090,1820,1710,1590,1710,1690,1410,1280,2130,1590,1250,860,1630,430,100,1920,2950,4260,5900,7990,9810,11520,13110,14820,16510,17920,19200,21330,22920,24170,25030,26660,27090,27190
S4S,Saskatchewan,Regina,REGINA,28040,2310,1080,1210,1510,1780,1600,1460,1370,1300,1440,1180,1110,1950,1720,1420,1170,2760,1150,520,2310,3390,4600,6110,7890,9490,10950,12320,13620,15060,16240,17350,19300,21020,22440,23610,26370,27520,28040
S4T,Saskatchewan,Regina,REGINA,23180,1800,880,1420,1760,2200,1530,1280,1310,1220,1190,1070,950,1700,1290,980,710,1380,410,100,1800,2680,4100,5860,8060,9590,10870,12180,13400,14590,15660,16610,18310,19600,20580,21290,22670,23080,23180
S4V,Saskatchewan,Regina,REGINA,26560,1910,830,1010,1070,1240,1150,1120,1050,1060,1260,1070,970,1900,1760,1520,1440,3650,1760,790,1910,2740,3750,4820,6060,7210,8330,9380,10440,11700,12770,13740,15640,17400,18920,20360,24010,25770,26560
S4W,Saskatchewan,Regina,REGINA,10540,1180,400,390,470,590,500,500,480,510,490,430,460,810,700,610,450,1080,360,130,1180,1580,1970,2440,3030,3530,4030,4510,5020,5510,5940,6400,7210,7910,8520,8970,10050,10410,10540
S4X,Saskatchewan,Regina,REGINA,22590,1330,610,810,970,1130,990,1020,1060,1110,1300,1090,1030,1800,1710,1450,1190,2830,920,240,1330,1940,2750,3720,4850,5840,6860,7920,9030,10330,11420,12450,14250,15960,17410,18600,21430,22350,22590
S4Y,Saskatchewan,Regina,REGINA,4380,240,120,130,150,170,150,150,190,200,200,200,170,330,340,300,270,730,270,70,240,360,490,640,810,960,1110,1300,1500,1700,1900,2070,2400,2740,3040,3310,4040,4310,4380
S4Z,Saskatchewan,Regina,REGINA,1030,50,20,30,40,50,60,70,70,60,50,60,50,110,70,60,60,90,30,0,50,70,100,140,190,250,320,390,450,500,560,610,720,790,850,910,1000,1030,1030
S6H,Saskatchewan,,,23280,1360,830,1250,1500,2150,1730,1530,1390,1290,1390,1060,930,1560,1170,990,760,1650,590,150,1360,2190,3440,4940,7090,8820,10350,11740,13030,14420,15480,16410,17970,19140,20130,20890,22540,23130,23280
S6J,Saskatchewan,Moose Jaw,,4360,300,150,190,230,310,270,210,220,200,200,170,160,270,250,210,160,480,290,90,300,450,640,870,1180,1450,1660,1880,2080,2280,2450,2610,2880,3130,3340,3500,3980,4270,4360
S6K,Saskatchewan,Moose Jaw,,1000,60,50,40,50,50,40,30,40,40,60,50,30,60,60,70,50,140,70,10,60,110,150,200,250,290,320,360,400,460,510,540,600,660,730,780,920,990,1000
S6V,Saskatchewan,Prince Albert,,31290,3180,1420,2020,2290,2890,2010,1750,1750,1590,1510,1320,1180,1800,1440,1200,1010,2150,570,210,3180,4600,6620,8910,11800,13810,15560,17310,18900,20410,21730,22910,24710,26150,27350,28360,30510,31080,31290
S6W,Saskatchewan,Prince Albert,,220,20,0,0,10,10,20,10,20,10,10,10,10,20,10,0,0,20,20,20,20,20,20,30,40,60,70,90,100,110,120,130,150,160,160,160,180,200,220
S6X,Saskatchewan,Prince Albert,,1760,110,70,70,80,70,60,60,60,60,70,70,50,120,120,110,120,290,130,40,110,180,250,330,400,460,520,580,640,710,780,830,950,1070,1180,1300,1590,1720,1760
S7A,Saskatchewan,Saskatoon,SASKATOON,50,0,0,0,0,0,0,0,0,0,0,0,0,0,0,0,0,30,20,0,0,0,0,0,0,0,0,0,0,0,0,0,0,0,0,0,30,50,50
S7B,Saskatchewan,Saskatoon,SASKATOON,370,30,10,20,30,30,30,20,30,20,20,30,20,30,20,20,0,10,0,0,30,40,60,90,120,150,170,200,220,240,270,290,320,340,360,360,370,370,370
S7C,Saskatchewan,Saskatoon,SASKATOON,900,50,20,40,30,20,20,40,40,40,30,30,20,70,60,60,60,170,80,20,50,70,110,140,160,180,220,260,300,330,360,380,450,510,570,630,800,880,900
S7H,Saskatchewan,Saskatoon,SASKATOON,29240,2600,1160,1490,1740,2260,1840,1670,1660,1510,1530,1280,1130,1990,1560,1280,1020,2230,930,360,2600,3760,5250,6990,9250,11090,12760,14420,15930,17460,18740,19870,21860,23420,24700,25720,27950,28880,29240
S7J,Saskatchewan,Saskatoon,SASKATOON,24740,1560,890,1120,1280,1840,1450,1390,1390,1290,1340,1140,1040,1830,1530,1230,1070,2170,840,340,1560,2450,3570,4850,6690,8140,9530,10920,12210,13550,14690,15730,17560,19090,20320,21390,23560,24400,24740
S7K,Saskatchewan,Saskatoon,SASKATOON,32520,2170,1090,1490,1900,2430,1810,1670,1680,1540,1670,1370,1230,2310,2040,1730,1340,2980,1360,710,2170,3260,4750,6650,9080,10890,12560,14240,15780,17450,18820,20050,22360,24400,26130,27470,30450,31810,32520
S7L,Saskatchewan,Saskatoon,SASKATOON,31990,2810,1330,1920,2420,2810,2280,2050,1960,1820,1770,1560,1420,2220,1660,1190,880,1450,370,70,2810,4140,6060,8480,11290,13570,15620,17580,19400,21170,22730,24150,26370,28030,29220,30100,31550,31920,31990
S7M,Saskatchewan,Saskatoon,SASKATOON,24000,2190,1100,1640,2090,2310,1650,1490,1460,1250,1320,990,860,1500,1090,790,620,1110,420,120,2190,3290,4930,7020,9330,10980,12470,13930,15180,16500,17490,18350,19850,20940,21730,22350,23460,23880,24000
S7N,Saskatchewan,Saskatoon,SASKATOON,20960,1910,890,1040,1190,1370,1100,1040,1040,970,990,920,790,1390,1190,1060,810,1870,940,450,1910,2800,3840,5030,6400,7500,8540,9580,10550,11540,12460,13250,14640,15830,16890,17700,19570,20510,20960
S7P,Saskatchewan,Saskatoon,SASKATOON,140,0,0,0,0,0,0,0,0,0,0,0,0,10,10,10,10,40,30,30,0,0,0,0,0,0,0,0,0,0,0,0,10,20,30,40,80,110,140
S7R,Saskatchewan,Saskatoon,SASKATOON,6280,530,250,280,290,360,350,330,330,370,330,320,260,490,450,340,260,550,170,20,530,780,1060,1350,1710,2060,2390,2720,3090,3420,3740,4000,4490,4940,5280,5540,6090,6260,6280
S7S,Saskatchewan,Saskatoon,SASKATOON,4840,340,190,230,230,260,230,200,250,240,250,190,180,320,310,260,250,570,250,90,340,530,760,990,1250,1480,1680,1930,2170,2420,2610,2790,3110,3420,3680,3930,4500,4750,4840
S7T,Saskatchewan,Saskatoon,SASKATOON,12320,1070,460,450,520,620,590,560,530,520,570,490,460,810,730,700,640,1510,760,330,1070,1530,1980,2500,3120,3710,4270,4800,5320,5890,6380,6840,7650,8380,9080,9720,11230,11990,12320
S7V,Saskatchewan,Saskatoon,SASKATOON,12640,1100,480,560,560,600,580,570,560,510,530,460,430,900,760,730,610,1490,830,380,1100,1580,2140,2700,3300,3880,4450,5010,5520,6050,6510,6940,7840,8600,9330,9940,11430,12260,12640
S7W,Saskatchewan,Saskatoon,SASKATOON,13110,1230,510,550,630,650,620,540,560,550,540,480,430,840,730,730,670,1730,830,290,1230,1740,2290,2920,3570,4190,4730,5290,5840,6380,6860,7290,8130,8860,9590,10260,11990,12820,13110
S9A,Saskatchewan,,,11830,1080,490,710,790,1080,810,710,640,630,650,580,480,780,600,460,350,650,240,100,1080,1570,2280,3070,4150,4960,5670,6310,6940,7590,8170,8650,9430,10030,10490,10840,11490,11730,11830
S9H,Saskatchewan,Swift Current,,15620,750,540,820,1070,1320,960,950,910,870,860,710,640,1140,870,730,580,1170,520,210,750,1290,2110,3180,4500,5460,6410,7320,8190,9050,9760,10400,11540,12410,13140,13720,14890,15410,15620
S9V,Saskatchewan,Lloydminster (Saskatchewan part / partie de la Saskatchewan),,10730,790,380,540,680,730,690,610,630,570,620,490,430,790,570,530,410,830,360,80,790,1170,1710,2390,3120,3810,4420,5050,5620,6240,6730,7160,7950,8520,9050,9460,10290,10650,10730
S9X,Saskatchewan,,,6530,790,310,400,490,600,360,310,320,320,320,260,210,360,280,260,260,480,150,50,790,1100,1500,1990,2590,2950,3260,3580,3900,4220,4480,4690,5050,5330,5590,5850,6330,6480,6530
T0A,Alberta,,,44530,5330,1580,2260,2920,4780,2870,2360,2110,1920,1770,1620,1410,2510,2090,1800,1680,3580,1510,430,5330,6910,9170,12090,16870,19740,22100,24210,26130,27900,29520,30930,33440,35530,37330,39010,42590,44100,44530
T0B,Alberta,,,47670,3240,1780,2620,3060,4820,3330,2810,2400,2350,2280,1970,1730,2980,2510,1970,1790,3820,1670,540,3240,5020,7640,10700,15520,18850,21660,24060,26410,28690,30660,32390,35370,37880,39850,41640,45460,47130,47670
T0C,Alberta,,,46790,5200,1950,2580,3610,4930,3250,2700,2370,2090,2030,1660,1480,2510,2110,1660,1480,3300,1380,500,5200,7150,9730,13340,18270,21520,24220,26590,28680,30710,32370,33850,36360,38470,40130,41610,44910,46290,46790
T0E,Alberta,,,29140,2570,1030,1410,1730,3000,2040,1610,1550,1380,1290,1120,940,1740,1490,1170,1110,2730,970,260,2570,3600,5010,6740,9740,11780,13390,14940,16320,17610,18730,19670,21410,22900,24070,25180,27910,28880,29140
T0G,Alberta,,,30130,4160,1330,1630,2050,3460,1830,1560,1420,1200,1140,960,850,1630,1430,1170,1050,2270,800,190,4160,5490,7120,9170,12630,14460,16020,17440,18640,19780,20740,21590,23220,24650,25820,26870,29140,29940,30130
T0H,Alberta,,,59290,8710,2330,2970,3680,5440,3490,2930,2520,2410,2210,2060,1900,3300,2850,2450,2140,5200,2070,630,8710,11040,14010,17690,23130,26620,29550,32070,34480,36690,38750,40650,43950,46800,49250,51390,56590,58660,59290
T0J,Alberta,,,38330,3470,1440,2430,3090,3700,2570,2070,1940,1740,1690,1550,1290,2230,1850,1470,1310,2960,1110,420,3470,4910,7340,10430,14130,16700,18770,20710,22450,24140,25690,26980,29210,31060,32530,33840,36800,37910,38330
T0K,Alberta,,,43940,4730,1980,3140,3740,4570,3070,2550,2120,1920,2000,1570,1400,2420,1960,1370,1190,2700,1030,480,4730,6710,9850,13590,18160,21230,23780,25900,27820,29820,31390,32790,35210,37170,38540,39730,42430,43460,43940
T0L,Alberta,,,41960,4640,1710,2450,3250,4350,2700,2320,2040,1890,1910,1610,1440,2410,1930,1490,1250,2720,1210,640,4640,6350,8800,12050,16400,19100,21420,23460,25350,27260,28870,30310,32720,34650,36140,37390,40110,41320,41960
T0M,Alberta,,,50740,3420,1820,2500,3130,4750,3690,3040,2780,2470,2420,2120,1900,3230,2680,2170,1870,4290,1800,660,3420,5240,7740,10870,15620,19310,22350,25130,27600,30020,32140,34040,37270,39950,42120,43990,48280,50080,50740
T0P,Alberta,Wood Buffalo,,1710,470,90,80,160,210,70,80,40,30,20,30,40,50,50,40,30,110,100,10,470,560,640,800,1010,1080,1160,1200,1230,1250,1280,1320,1370,1420,1460,1490,1600,1700,1710
T0V,,,,0,0,0,0,0,0,0,0,0,0,0,0,0,0,0,0,0,0,0,0,0,0,0,0,0,0,0,0,0,0,0,0,0,0,0,0,0,0,0
T1A,Alberta,Medicine Hat,,20830,1220,660,960,1290,2730,1770,1470,1330,1120,1100,870,780,1260,1020,780,540,1250,480,200,1220,1880,2840,4130,6860,8630,10100,11430,12550,13650,14520,15300,16560,17580,18360,18900,20150,20630,20830
T1B,Alberta,Medicine Hat,,25940,1370,820,1050,1330,2220,1820,1610,1460,1440,1320,1210,1010,1720,1400,1140,980,2500,1170,370,1370,2190,3240,4570,6790,8610,10220,11680,13120,14440,15650,16660,18380,19780,20920,21900,24400,25570,25940
T1C,Alberta,Medicine Hat,,7260,390,210,250,310,550,440,440,370,400,390,380,320,580,450,340,320,740,310,70,390,600,850,1160,1710,2150,2590,2960,3360,3750,4130,4450,5030,5480,5820,6140,6880,7190,7260
T1G,Alberta,,,8620,790,300,400,690,790,580,500,420,430,400,400,350,610,530,350,270,510,210,90,790,1090,1490,2180,2970,3550,4050,4470,4900,5300,5700,6050,6660,7190,7540,7810,8320,8530,8620
T1H,Alberta,Lethbridge,,21820,1400,670,910,1160,2390,1760,1560,1360,1370,1250,1150,1050,1730,1230,800,600,1110,240,80,1400,2070,2980,4140,6530,8290,9850,11210,12580,13830,14980,16030,17760,18990,19790,20390,21500,21740,21820
T1J,Alberta,Lethbridge,,19840,1230,690,820,1140,2020,1470,1180,1020,940,940,870,750,1330,1120,920,770,1800,620,210,1230,1920,2740,3880,5900,7370,8550,9570,10510,11450,12320,13070,14400,15520,16440,17210,19010,19630,19840
T1K,Alberta,Lethbridge,,36430,2450,1250,1500,1830,3050,2500,2220,2000,1830,1930,1650,1430,2460,2130,1670,1340,3300,1300,590,2450,3700,5200,7030,10080,12580,14800,16800,18630,20560,22210,23640,26100,28230,29900,31240,34540,35840,36430
T1L,Alberta,,,6570,400,220,260,260,420,510,540,540,510,440,400,340,450,300,220,170,340,160,90,400,620,880,1140,1560,2070,2610,3150,3660,4100,4500,4840,5290,5590,5810,5980,6320,6480,6570
T1M,Alberta,Lethbridge,,8060,590,260,410,460,650,550,470,390,410,390,380,320,620,490,400,290,680,220,80,590,850,1260,1720,2370,2920,3390,3780,4190,4580,4960,5280,5900,6390,6790,7080,7760,7980,8060
T1P,Alberta,,,13660,840,470,580,790,1250,990,880,700,660,680,570,480,920,710,650,540,1250,520,180,840,1310,1890,2680,3930,4920,5800,6500,7160,7840,8410,8890,9810,10520,11170,11710,12960,13480,13660
T1R,Alberta,,,13720,1030,440,580,690,1060,840,770,810,670,780,1130,920,1020,620,540,460,950,310,100,1030,1470,2050,2740,3800,4640,5410,6220,6890,7670,8800,9720,10740,11360,11900,12360,13310,13620,13720
T1S,Alberta,,,33950,2290,1140,1320,1530,2130,1870,1740,1550,1430,1520,1360,1170,2160,1890,1560,1350,4040,2390,1510,2290,3430,4750,6280,8410,10280,12020,13570,15000,16520,17880,19050,21210,23100,24660,26010,30050,32440,33950
T1V,Alberta,,,13430,750,430,610,710,1140,930,870,750,800,790,660,660,950,790,580,470,980,380,180,750,1180,1790,2500,3640,4570,5440,6190,6990,7780,8440,9100,10050,10840,11420,11890,12870,13250,13430
T1W,Alberta,,,13090,550,340,390,490,690,640,720,770,720,730,650,590,950,820,610,550,1470,860,550,550,890,1280,1770,2460,3100,3820,4590,5310,6040,6690,7280,8230,9050,9660,10210,11680,12540,13090
T1X,Alberta,Calgary,CALGARY,18840,1520,680,810,1050,1390,1030,910,870,860,830,760,710,1210,1090,910,780,1970,1010,450,1520,2200,3010,4060,5450,6480,7390,8260,9120,9950,10710,11420,12630,13720,14630,15410,17380,18390,18840
T1Y,Alberta,Calgary,CALGARY,43980,4620,1850,2390,3130,5230,3660,3070,2840,2570,2300,2030,1670,2640,1850,1300,850,1530,350,100,4620,6470,8860,11990,17220,20880,23950,26790,29360,31660,33690,35360,38000,39850,41150,42000,43530,43880,43980
T1Z,Alberta,Calgary,CALGARY,1920,180,80,110,120,180,110,100,100,80,70,80,70,140,90,70,70,160,70,40,180,260,370,490,670,780,880,980,1060,1130,1210,1280,1420,1510,1580,1650,1810,1880,1920
T2A,Alberta,Calgary,CALGARY,46310,4370,1940,2440,3230,5850,3810,3400,3230,2830,2550,2240,1900,2840,1880,1250,780,1410,280,80,4370,6310,8750,11980,17830,21640,25040,28270,31100,33650,35890,37790,40630,42510,43760,44540,45950,46230,46310
T2B,Alberta,Calgary,CALGARY,17420,1350,710,830,1120,2250,1430,1250,1100,1080,960,850,700,1150,870,600,350,660,120,40,1350,2060,2890,4010,6260,7690,8940,10040,11120,12080,12930,13630,14780,15650,16250,16600,17260,17380,17420
T2C,Alberta,Calgary,CALGARY,17100,1140,570,640,850,1430,1110,940,890,860,870,760,710,1260,1020,760,650,1470,660,510,1140,1710,2350,3200,4630,5740,6680,7570,8430,9300,10060,10770,12030,13050,13810,14460,15930,16590,17100
T2E,Alberta,Calgary,CALGARY,27460,1710,800,930,1310,2760,1970,1580,1400,1240,1150,1120,1010,1770,1500,1140,1000,2800,1490,780,1710,2510,3440,4750,7510,9480,11060,12460,13700,14850,15970,16980,18750,20250,21390,22390,25190,26680,27460
T2G,Alberta,Calgary,CALGARY,12540,870,490,440,660,1710,730,530,470,430,430,400,370,720,640,600,500,1390,750,410,870,1360,1800,2460,4170,4900,5430,5900,6330,6760,7160,7530,8250,8890,9490,9990,11380,12130,12540
T2H,Alberta,Calgary,CALGARY,7880,570,250,320,430,780,630,500,450,450,450,340,320,520,400,300,240,560,250,120,570,820,1140,1570,2350,2980,3480,3930,4380,4830,5170,5490,6010,6410,6710,6950,7510,7760,7880
T2J,Alberta,Calgary,CALGARY,34310,1970,950,1250,1570,2460,1930,1790,1670,1620,1680,1530,1310,2460,2070,1680,1370,3740,2050,1210,1970,2920,4170,5740,8200,10130,11920,13590,15210,16890,18420,19730,22190,24260,25940,27310,31050,33100,34310
T2K,Alberta,Calgary,CALGARY,26860,2040,930,1150,1550,2660,1930,1710,1510,1440,1360,1180,1040,1800,1350,1120,850,2000,870,370,2040,2970,4120,5670,8330,10260,11970,13480,14920,16280,17460,18500,20300,21650,22770,23620,25620,26490,26860
T2L,Alberta,Calgary,CALGARY,11300,1310,430,460,500,790,620,560,510,440,500,400,360,630,590,470,420,1210,700,400,1310,1740,2200,2700,3490,4110,4670,5180,5620,6120,6520,6880,7510,8100,8570,8990,10200,10900,11300
T2M,Alberta,Calgary,CALGARY,15910,1450,560,590,790,1270,900,790,640,640,600,540,530,890,700,640,590,1840,1190,760,1450,2010,2600,3390,4660,5560,6350,6990,7630,8230,8770,9300,10190,10890,11530,12120,13960,15150,15910
T2N,Alberta,Calgary,CALGARY,19270,1800,640,660,770,1210,910,840,760,680,670,620,570,1080,940,800,760,2240,1710,1610,1800,2440,3100,3870,5080,5990,6830,7590,8270,8940,9560,10130,11210,12150,12950,13710,15950,17660,19270
T2P,Alberta,Calgary,CALGARY,13650,1410,410,470,600,1640,890,840,600,560,500,420,410,630,560,460,440,1200,800,810,1410,1820,2290,2890,4530,5420,6260,6860,7420,7920,8340,8750,9380,9940,10400,10840,12040,12840,13650
T2R,Alberta,Calgary,CALGARY,13290,980,360,360,520,1000,750,660,620,550,560,510,510,820,830,680,590,1640,890,460,980,1340,1700,2220,3220,3970,4630,5250,5800,6360,6870,7380,8200,9030,9710,10300,11940,12830,13290
T2S,Alberta,Calgary,CALGARY,11150,620,280,300,390,620,540,500,390,440,410,370,350,660,600,500,440,1360,1070,1310,620,900,1200,1590,2210,2750,3250,3640,4080,4490,4860,5210,5870,6470,6970,7410,8770,9840,11150
T2T,Alberta,Calgary,CALGARY,22250,1330,630,640,800,1370,1020,960,830,800,810,740,650,1210,1130,960,880,2780,2340,2370,1330,1960,2600,3400,4770,5790,6750,7580,8380,9190,9930,10580,11790,12920,13880,14760,17540,19880,22250
T2V,Alberta,Calgary,CALGARY,25410,1520,710,940,1150,2090,1560,1300,1290,1180,1180,1050,930,1600,1380,1130,960,2620,1560,1260,1520,2230,3170,4320,6410,7970,9270,10560,11740,12920,13970,14900,16500,17880,19010,19970,22590,24150,25410
T2W,Alberta,Calgary,CALGARY,32150,2250,960,1170,1570,2480,1940,1770,1690,1630,1630,1470,1350,2230,2050,1540,1300,3080,1410,630,2250,3210,4380,5950,8430,10370,12140,13830,15460,17090,18560,19910,22140,24190,25730,27030,30110,31520,32150
T2X,Alberta,Calgary,CALGARY,42420,3360,1480,1640,1950,2680,2210,2050,1990,1960,1890,1780,1710,3080,2530,2160,1910,4890,2230,920,3360,4840,6480,8430,11110,13320,15370,17360,19320,21210,22990,24700,27780,30310,32470,34380,39270,41500,42420
T2Y,Alberta,Calgary,CALGARY,48200,4200,1860,1930,2450,3490,2870,2710,2580,2390,2430,2210,2100,3420,2760,2080,1740,4320,1910,750,4200,6060,7990,10440,13930,16800,19510,22090,24480,26910,29120,31220,34640,37400,39480,41220,45540,47450,48200
T2Z,Alberta,Calgary,CALGARY,52140,3790,1640,1740,2280,3140,2710,2540,2360,2260,2360,2320,2140,4060,3510,2790,2480,6350,2620,1050,3790,5430,7170,9450,12590,15300,17840,20200,22460,24820,27140,29280,33340,36850,39640,42120,48470,51090,52140
T3A,Alberta,Calgary,CALGARY,42790,3870,1670,1860,2170,3160,2370,2070,1900,1880,1840,1630,1410,2660,2280,1920,1650,4700,2440,1310,3870,5540,7400,9570,12730,15100,17170,19070,20950,22790,24420,25830,28490,30770,32690,34340,39040,41480,42790
T3B,Alberta,Calgary,CALGARY,29390,2050,1030,1130,1330,2360,1670,1480,1450,1250,1310,1160,1030,1830,1620,1360,1170,3270,1840,1050,2050,3080,4210,5540,7900,9570,11050,12500,13750,15060,16220,17250,19080,20700,22060,23230,26500,28340,29390
T3C,Alberta,Calgary,CALGARY,18270,1450,590,680,910,1550,1240,1020,950,860,870,770,670,1100,910,760,610,1670,980,680,1450,2040,2720,3630,5180,6420,7440,8390,9250,10120,10890,11560,12660,13570,14330,14940,16610,17590,18270
T3E,Alberta,Calgary,CALGARY,31250,1980,1000,1150,1440,2680,1920,1580,1450,1390,1370,1180,1050,1930,1570,1330,1190,3550,2150,1340,1980,2980,4130,5570,8250,10170,11750,13200,14590,15960,17140,18190,20120,21690,23020,24210,27760,29910,31250
T3G,Alberta,Calgary,CALGARY,46290,4280,1850,1930,2410,3290,2590,2310,2070,1950,1980,1810,1630,2950,2470,2100,1930,5100,2530,1110,4280,6130,8060,10470,13760,16350,18660,20730,22680,24660,26470,28100,31050,33520,35620,37550,42650,45180,46290
T3H,Alberta,Calgary,CALGARY,56390,4920,2140,2300,2560,3320,2460,2240,2160,2010,1990,1790,1680,2930,2740,2410,2190,7070,5320,4160,4920,7060,9360,11920,15240,17700,19940,22100,24110,26100,27890,29570,32500,35240,37650,39840,46910,52230,56390
T3J,Alberta,Calgary,CALGARY,64860,8470,3020,3800,4620,6730,4750,4470,4240,3850,3340,2960,2540,3840,2610,1840,1230,1970,450,130,8470,11490,15290,19910,26640,31390,35860,40100,43950,47290,50250,52790,56630,59240,61080,62310,64280,64730,64860
T3K,Alberta,Calgary,CALGARY,62560,5510,2350,2880,3810,5400,3930,3480,3330,3080,3030,2730,2410,4280,3290,2740,2500,5280,1900,630,5510,7860,10740,14550,19950,23880,27360,30690,33770,36800,39530,41940,46220,49510,52250,54750,60030,61930,62560
T3L,Alberta,Calgary,CALGARY,23290,1840,880,900,1030,1200,990,930,880,800,880,720,750,1380,1280,1150,1140,3400,1940,1200,1840,2720,3620,4650,5850,6840,7770,8650,9450,10330,11050,11800,13180,14460,15610,16750,20150,22090,23290
T3M,Alberta,Calgary,CALGARY,39720,2960,1140,1270,1550,2090,1730,1730,1670,1560,1660,1590,1510,2710,2470,2230,2080,5780,2850,1140,2960,4100,5370,6920,9010,10740,12470,14140,15700,17360,18950,20460,23170,25640,27870,29950,35730,38580,39720
T3N,Alberta,Calgary,CALGARY,25690,2910,1020,1110,1500,1990,1730,1750,1610,1500,1450,1330,1180,1900,1480,1010,690,1240,250,40,2910,3930,5040,6540,8530,10260,12010,13620,15120,16570,17900,19080,20980,22460,23470,24160,25400,25650,25690
T3P,Alberta,Calgary,CALGARY,20010,2000,690,750,940,1190,1030,930,860,850,800,860,740,1530,1260,1050,960,2450,890,230,2000,2690,3440,4380,5570,6600,7530,8390,9240,10040,10900,11640,13170,14430,15480,16440,18890,19780,20010
T3R,Alberta,Calgary,CALGARY,25240,2520,960,1010,1210,1600,1230,1170,1120,1040,990,980,880,1640,1440,1270,1070,3050,1380,680,2520,3480,4490,5700,7300,8530,9700,10820,11860,12850,13830,14710,16350,17790,19060,20130,23180,24560,25240
T3S,Alberta,Calgary,CALGARY,240,30,20,0,20,20,20,20,0,20,10,10,0,20,10,0,10,20,10,0,30,50,50,70,90,110,130,130,150,160,170,170,190,200,200,210,230,240,240
T3T,,,,780,480,40,60,80,90,20,10,0,0,0,0,0,0,0,0,0,0,0,0,480,520,580,660,750,770,780,780,780,780,780,780,780,780,780,780,780,780,780
T3Z,Alberta,Calgary,CALGARY,9390,760,350,330,360,450,340,350,290,270,300,250,220,400,430,370,340,1080,1180,1320,760,1110,1440,1800,2250,2590,2940,3230,3500,3800,4050,4270,4670,5100,5470,5810,6890,8070,9390
T4A,Alberta,Calgary,CALGARY,15210,1000,480,550,680,980,870,750,810,700,690,720,610,1090,1020,810,740,1770,700,240,1000,1480,2030,2710,3690,4560,5310,6120,6820,7510,8230,8840,9930,10950,11760,12500,14270,14970,15210
T4B,Alberta,Calgary,CALGARY,41210,2950,1280,1550,1850,2700,2330,2150,2100,1920,1830,1750,1710,2880,2560,2250,1960,4970,1890,580,2950,4230,5780,7630,10330,12660,14810,16910,18830,20660,22410,24120,27000,29560,31810,33770,38740,40630,41210
T4C,Alberta,Calgary,CALGARY,28340,1740,880,950,1170,1740,1580,1450,1400,1260,1300,1190,1050,1900,1660,1460,1340,3600,1860,810,1740,2620,3570,4740,6480,8060,9510,10910,12170,13470,14660,15710,17610,19270,20730,22070,25670,27530,28340
T4E,Alberta,,,4190,250,140,210,220,320,260,230,200,170,200,180,120,280,230,180,170,400,260,170,250,390,600,820,1140,1400,1630,1830,2000,2200,2380,2500,2780,3010,3190,3360,3760,4020,4190
T4G,Alberta,,,9960,570,350,410,620,1000,690,640,550,530,530,450,370,690,530,420,350,830,310,120,570,920,1330,1950,2950,3640,4280,4830,5360,5890,6340,6710,7400,7930,8350,8700,9530,9840,9960
T4H,Alberta,,,9840,610,320,430,560,840,760,610,540,540,480,430,400,680,540,410,350,840,360,140,610,930,1360,1920,2760,3520,4130,4670,5210,5690,6120,6520,7200,7740,8150,8500,9340,9700,9840
T4J,Alberta,,,9470,680,350,460,500,840,660,580,510,490,500,410,360,620,560,390,360,790,310,100,680,1030,1490,1990,2830,3490,4070,4580,5070,5570,5980,6340,6960,7520,7910,8270,9060,9370,9470
T4L,Alberta,Lacombe,,14200,980,490,570,760,1210,930,820,720,710,700,640,580,970,800,680,580,1310,530,220,980,1470,2040,2800,4010,4940,5760,6480,7190,7890,8530,9110,10080,10880,11560,12140,13450,13980,14200
T4M,Alberta,,,5210,380,160,190,220,290,250,250,250,250,230,230,210,370,290,280,260,760,290,50,380,540,730,950,1240,1490,1740,1990,2240,2470,2700,2910,3280,3570,3850,4110,4870,5160,5210
T4N,Alberta,Red Deer,,23530,1500,790,1070,1380,3020,1940,1660,1500,1340,1200,990,870,1420,1100,860,630,1380,570,310,1500,2290,3360,4740,7760,9700,11360,12860,14200,15400,16390,17260,18680,19780,20640,21270,22650,23220,23530
T4P,Alberta,Red Deer,,25080,1570,830,1060,1300,2270,1700,1560,1560,1420,1400,1240,1030,1690,1410,1050,970,2010,780,230,1570,2400,3460,4760,7030,8730,10290,11850,13270,14670,15910,16940,18630,20040,21090,22060,24070,24850,25080
T4R,Alberta,Red Deer,,28660,1640,910,1050,1300,2070,1690,1560,1490,1390,1500,1270,1260,2000,1700,1480,1260,3160,1410,520,1640,2550,3600,4900,6970,8660,10220,11710,13100,14600,15870,17130,19130,20830,22310,23570,26730,28140,28660
T4S,Alberta,,,15620,930,520,640,820,1250,1020,890,780,780,700,630,560,990,880,730,670,1740,830,260,930,1450,2090,2910,4160,5180,6070,6850,7630,8330,8960,9520,10510,11390,12120,12790,14530,15360,15620
T4T,Alberta,,,11590,1160,450,610,690,1140,780,700,620,500,490,430,350,640,530,450,410,1050,460,130,1160,1610,2220,2910,4050,4830,5530,6150,6650,7140,7570,7920,8560,9090,9540,9950,11000,11460,11590
T4V,Alberta,,,16650,810,490,750,930,1660,1280,1060,1020,920,860,770,680,1110,900,750,610,1350,510,190,810,1300,2050,2980,4640,5920,6980,8000,8920,9780,10550,11230,12340,13240,13990,14600,15950,16460,16650
T4X,Alberta,Edmonton,EDMONTON,19450,1420,590,650,880,1150,1000,880,830,810,810,730,750,1270,1180,1030,1030,2670,1320,450,1420,2010,2660,3540,4690,5690,6570,7400,8210,9020,9750,10500,11770,12950,13980,15010,17680,19000,19450
T5A,Alberta,Edmonton,EDMONTON,25890,2190,870,1210,1610,2700,1900,1610,1470,1370,1350,1230,1100,1850,1470,1110,860,1550,390,50,2190,3060,4270,5880,8580,10480,12090,13560,14930,16280,17510,18610,20460,21930,23040,23900,25450,25840,25890
T5B,Alberta,Edmonton,EDMONTON,11620,900,440,730,830,1840,950,760,640,520,490,450,400,670,520,430,330,560,140,20,900,1340,2070,2900,4740,5690,6450,7090,7610,8100,8550,8950,9620,10140,10570,10900,11460,11600,11620
T5C,Alberta,Edmonton,EDMONTON,12290,1100,450,560,770,1410,990,820,750,640,680,520,470,830,600,480,330,680,180,30,1100,1550,2110,2880,4290,5280,6100,6850,7490,8170,8690,9160,9990,10590,11070,11400,12080,12260,12290
T5E,Alberta,Edmonton,EDMONTON,24750,2300,940,1210,1570,2850,2000,1570,1370,1220,1170,1010,940,1610,1200,960,790,1520,400,120,2300,3240,4450,6020,8870,10870,12440,13810,15030,16200,17210,18150,19760,20960,21920,22710,24230,24630,24750
T5G,Alberta,Edmonton,EDMONTON,9360,810,400,550,640,1280,810,610,510,450,450,360,330,590,440,320,250,460,80,20,810,1210,1760,2400,3680,4490,5100,5610,6060,6510,6870,7200,7790,8230,8550,8800,9260,9340,9360
T5H,Alberta,Edmonton,EDMONTON,20290,1820,920,1310,1480,3360,1630,1270,1140,930,850,710,630,1030,820,560,450,960,310,110,1820,2740,4050,5530,8890,10520,11790,12930,13860,14710,15420,16050,17080,17900,18460,18910,19870,20180,20290
T5J,Alberta,Edmonton,EDMONTON,7980,760,230,280,410,1690,630,530,260,220,200,210,220,390,330,260,230,640,270,220,760,990,1270,1680,3370,4000,4530,4790,5010,5210,5420,5640,6030,6360,6620,6850,7490,7760,7980
T5K,Alberta,Edmonton,EDMONTON,16990,1360,400,540,690,1710,1120,900,800,770,740,700,670,1170,1030,890,730,1690,710,370,1360,1760,2300,2990,4700,5820,6720,7520,8290,9030,9730,10400,11570,12600,13490,14220,15910,16620,16990
T5L,Alberta,Edmonton,EDMONTON,12900,1010,390,590,720,1340,1030,790,800,680,670,650,590,920,700,550,410,800,200,60,1010,1400,1990,2710,4050,5080,5870,6670,7350,8020,8670,9260,10180,10880,11430,11840,12640,12840,12900
T5M,Alberta,Edmonton,EDMONTON,11450,820,370,470,630,1350,880,650,620,550,560,450,420,690,550,480,430,970,390,170,820,1190,1660,2290,3640,4520,5170,5790,6340,6900,7350,7770,8460,9010,9490,9920,10890,11280,11450
T5N,Alberta,Edmonton,EDMONTON,11290,680,330,370,480,850,630,550,450,460,480,420,430,740,660,540,470,1270,810,670,680,1010,1380,1860,2710,3340,3890,4340,4800,5280,5700,6130,6870,7530,8070,8540,9810,10620,11290
T5P,Alberta,Edmonton,EDMONTON,15720,1090,560,800,1040,2100,1390,1040,990,890,790,760,660,1030,750,540,390,690,180,30,1090,1650,2450,3490,5590,6980,8020,9010,9900,10690,11450,12110,13140,13890,14430,14820,15510,15690,15720
T5R,Alberta,Edmonton,EDMONTON,18870,1200,570,690,880,1480,1140,1090,920,1000,950,830,780,1290,1030,910,730,1850,910,620,1200,1770,2460,3340,4820,5960,7050,7970,8970,9920,10750,11530,12820,13850,14760,15490,17340,18250,18870
T5S,Alberta,Edmonton,EDMONTON,5620,320,130,180,240,400,320,230,200,230,240,230,220,420,380,340,300,800,340,100,320,450,630,870,1270,1590,1820,2020,2250,2490,2720,2940,3360,3740,4080,4380,5180,5520,5620
T5T,Alberta,Edmonton,EDMONTON,59290,4600,1920,2370,3010,4810,3750,3320,3250,3060,3110,2830,2650,4470,3580,2790,2270,5200,1740,560,4600,6520,8890,11900,16710,20460,23780,27030,30090,33200,36030,38680,43150,46730,49520,51790,56990,58730,59290
T5V,Alberta,Edmonton,EDMONTON,300,30,10,20,10,30,20,10,0,10,10,20,0,30,20,20,20,30,10,0,30,40,60,70,100,120,130,130,140,150,170,170,200,220,240,260,290,300,300
T5W,Alberta,Edmonton,EDMONTON,15330,1230,520,710,950,1790,1180,960,870,710,730,680,590,1060,810,660,530,1010,260,80,1230,1750,2460,3410,5200,6380,7340,8210,8920,9650,10330,10920,11980,12790,13450,13980,14990,15250,15330
T5X,Alberta,Edmonton,EDMONTON,32470,2880,1100,1480,1920,3090,2150,1890,1640,1610,1630,1400,1320,2280,1890,1470,1200,2620,730,170,2880,3980,5460,7380,10470,12620,14510,16150,17760,19390,20790,22110,24390,26280,27750,28950,31570,32300,32470
T5Y,Alberta,Edmonton,EDMONTON,40610,3430,1390,1740,2220,3380,2500,2240,2080,1980,1940,1930,1710,3040,2470,2060,1700,3590,1020,190,3430,4820,6560,8780,12160,14660,16900,18980,20960,22900,24830,26540,29580,32050,34110,35810,39400,40420,40610
T5Z,Alberta,Edmonton,EDMONTON,26790,2050,840,1200,1550,2300,1690,1480,1340,1250,1230,1150,1050,1880,1620,1460,1200,2550,790,160,2050,2890,4090,5640,7940,9630,11110,12450,13700,14930,16080,17130,19010,20630,22090,23290,25840,26630,26790
T6A,Alberta,Edmonton,EDMONTON,11250,580,320,380,520,940,670,610,540,530,490,510,470,780,730,600,550,1370,520,140,580,900,1280,1800,2740,3410,4020,4560,5090,5580,6090,6560,7340,8070,8670,9220,10590,11110,11250
T6B,Alberta,Edmonton,EDMONTON,7560,390,210,280,350,710,500,390,400,380,340,320,300,580,490,400,350,810,280,80,390,600,880,1230,1940,2440,2830,3230,3610,3950,4270,4570,5150,5640,6040,6390,7200,7480,7560
T6C,Alberta,Edmonton,EDMONTON,15090,790,390,540,680,1490,1020,750,750,630,630,620,590,1040,880,780,750,1730,700,330,790,1180,1720,2400,3890,4910,5660,6410,7040,7670,8290,8880,9920,10800,11580,12330,14060,14760,15090
T6E,Alberta,Edmonton,EDMONTON,17270,1610,650,670,840,1560,1040,930,800,720,700,610,660,1120,1010,820,720,1750,720,340,1610,2260,2930,3770,5330,6370,7300,8100,8820,9520,10130,10790,11910,12920,13740,14460,16210,16930,17270
T6G,Alberta,Edmonton,EDMONTON,8750,1890,410,370,380,550,370,290,280,250,270,240,210,370,380,340,290,830,590,440,1890,2300,2670,3050,3600,3970,4260,4540,4790,5060,5300,5510,5880,6260,6600,6890,7720,8310,8750
T6H,Alberta,Edmonton,EDMONTON,21140,1960,790,880,1030,1700,1220,1030,1040,900,940,830,710,1310,1080,950,860,2220,1130,560,1960,2750,3630,4660,6360,7580,8610,9650,10550,11490,12320,13030,14340,15420,16370,17230,19450,20580,21140
T6J,Alberta,Edmonton,EDMONTON,35900,3070,1260,1440,1730,2830,2170,1910,1820,1710,1710,1450,1380,2420,2130,1650,1430,3580,1480,730,3070,4330,5770,7500,10330,12500,14410,16230,17940,19650,21100,22480,24900,27030,28680,30110,33690,35170,35900
T6K,Alberta,Edmonton,EDMONTON,21170,1970,780,1030,1270,1970,1550,1280,1260,1130,1150,1040,860,1490,1180,840,650,1320,340,60,1970,2750,3780,5050,7020,8570,9850,11110,12240,13390,14430,15290,16780,17960,18800,19450,20770,21110,21170
T6L,Alberta,Edmonton,EDMONTON,39220,3280,1420,1780,2390,3840,2750,2380,2260,2130,2170,1830,1710,2800,2180,1630,1300,2560,660,150,3280,4700,6480,8870,12710,15460,17840,20100,22230,24400,26230,27940,30740,32920,34550,35850,38410,39070,39220
T6M,Alberta,Edmonton,EDMONTON,25790,1810,820,920,1120,1480,1210,1190,1100,1040,1100,1080,1100,1920,1710,1430,1320,3210,1470,760,1810,2630,3550,4670,6150,7360,8550,9650,10690,11790,12870,13970,15890,17600,19030,20350,23560,25030,25790
T6N,Alberta,Edmonton,EDMONTON,0,0,0,0,0,0,0,0,0,0,0,0,0,0,0,0,0,0,0,0,0,0,0,0,0,0,0,0,0,0,0,0,0,0,0,0,0,0,0
T6P,Alberta,Edmonton,EDMONTON,1380,90,40,80,100,180,120,80,80,80,70,70,70,90,60,50,30,60,20,10,90,130,210,310,490,610,690,770,850,920,990,1060,1150,1210,1260,1290,1350,1370,1380
T6R,Alberta,Edmonton,EDMONTON,35870,2930,1290,1380,1620,2110,1620,1480,1320,1350,1340,1270,1210,2180,2120,1860,1700,4820,2660,1610,2930,4220,5600,7220,9330,10950,12430,13750,15100,16440,17710,18920,21100,23220,25080,26780,31600,34260,35870
T6S,Alberta,Edmonton,EDMONTON,0,0,0,0,0,0,0,0,0,0,0,0,0,0,0,0,0,0,0,0,0,0,0,0,0,0,0,0,0,0,0,0,0,0,0,0,0,0,0
T6T,Alberta,Edmonton,EDMONTON,39020,4110,1630,1850,2390,3160,2500,2490,2290,2180,1990,1910,1630,2700,1970,1530,1250,2630,680,130,4110,5740,7590,9980,13140,15640,18130,20420,22600,24590,26500,28130,30830,32800,34330,35580,38210,38890,39020
T6V,Alberta,Edmonton,EDMONTON,16630,1510,590,730,910,1290,960,880,830,750,740,710,660,1250,1000,830,740,1590,530,130,1510,2100,2830,3740,5030,5990,6870,7700,8450,9190,9900,10560,11810,12810,13640,14380,15970,16500,16630
T6W,Alberta,Edmonton,EDMONTON,60220,5580,1960,2150,2640,3500,2970,2730,2590,2510,2470,2420,2390,4340,3810,3450,3070,7580,2940,1120,5580,7540,9690,12330,15830,18800,21530,24120,26630,29100,31520,33910,38250,42060,45510,48580,56160,59100,60220
T6X,Alberta,Edmonton,EDMONTON,36910,3480,1290,1410,1780,2300,1910,1860,1870,1800,1700,1600,1500,2790,2260,1920,1700,4050,1360,330,3480,4770,6180,7960,10260,12170,14030,15900,17700,19400,21000,22500,25290,27550,29470,31170,35220,36580,36910
T6Y,Alberta,Edmonton,EDMONTON,190,20,0,0,10,20,20,10,10,10,10,0,0,20,10,10,0,30,10,0,20,20,20,30,50,70,80,90,100,110,110,110,130,140,150,150,180,190,190
T7A,Alberta,,,9920,700,340,420,510,840,670,590,520,470,430,390,360,600,530,480,420,1020,470,160,700,1040,1460,1970,2810,3480,4070,4590,5060,5490,5880,6240,6840,7370,7850,8270,9290,9760,9920
T7E,Alberta,,,10830,730,320,430,570,960,730,610,580,460,500,370,370,660,620,470,480,1270,570,130,730,1050,1480,2050,3010,3740,4350,4930,5390,5890,6260,6630,7290,7910,8380,8860,10130,10700,10830
T7N,Alberta,,,6680,400,240,320,400,760,500,420,390,370,370,330,270,450,350,280,210,430,140,50,400,640,960,1360,2120,2620,3040,3430,3800,4170,4500,4770,5220,5570,5850,6060,6490,6630,6680
T7P,Alberta,,,6220,380,240,400,450,860,520,400,340,300,280,230,200,350,280,200,180,410,140,60,380,620,1020,1470,2330,2850,3250,3590,3890,4170,4400,4600,4950,5230,5430,5610,6020,6160,6220
T7S,Alberta,,,9920,700,310,440,470,850,600,530,490,480,440,380,330,580,510,530,470,1220,470,120,700,1010,1450,1920,2770,3370,3900,4390,4870,5310,5690,6020,6600,7110,7640,8110,9330,9800,9920
T7V,Alberta,,,8300,470,250,290,350,580,530,500,460,390,400,320,310,560,440,380,390,1210,380,90,470,720,1010,1360,1940,2470,2970,3430,3820,4220,4540,4850,5410,5850,6230,6620,7830,8210,8300
T7X,Alberta,Edmonton,EDMONTON,35870,2730,1050,1340,1680,2570,2120,1820,1710,1700,1630,1510,1370,2570,2110,1780,1690,4120,1810,560,2730,3780,5120,6800,9370,11490,13310,15020,16720,18350,19860,21230,23800,25910,27690,29380,33500,35310,35870
T7Y,Alberta,Edmonton,EDMONTON,14370,930,460,540,670,970,820,750,640,640,620,550,510,930,790,650,630,1830,980,460,930,1390,1930,2600,3570,4390,5140,5780,6420,7040,7590,8100,9030,9820,10470,11100,12930,13910,14370
T7Z,Alberta,Edmonton,EDMONTON,15140,880,410,600,780,1340,1080,830,830,790,710,650,580,1070,910,680,590,1550,680,180,880,1290,1890,2670,4010,5090,5920,6750,7540,8250,8900,9480,10550,11460,12140,12730,14280,14960,15140
T8A,Alberta,Edmonton,EDMONTON,33920,1800,920,1090,1350,2020,1800,1670,1440,1590,1580,1460,1350,2550,2160,1940,1750,4510,2180,760,1800,2720,3810,5160,7180,8980,10650,12090,13680,15260,16720,18070,20620,22780,24720,26470,30980,33160,33920
T8B,Alberta,Edmonton,EDMONTON,5920,340,180,210,260,320,250,260,250,240,250,200,190,340,320,250,240,730,590,500,340,520,730,990,1310,1560,1820,2070,2310,2560,2760,2950,3290,3610,3860,4100,4830,5420,5920
T8C,Alberta,Edmonton,EDMONTON,3570,190,90,120,170,240,190,160,160,170,150,120,130,240,180,160,190,470,310,130,190,280,400,570,810,1000,1160,1320,1490,1640,1760,1890,2130,2310,2470,2660,3130,3440,3570
T8E,Alberta,Edmonton,EDMONTON,6580,410,210,230,310,420,320,310,300,280,280,270,230,430,370,330,300,870,520,190,410,620,850,1160,1580,1900,2210,2510,2790,3070,3340,3570,4000,4370,4700,5000,5870,6390,6580
T8G,Alberta,Edmonton,EDMONTON,3770,230,110,120,180,240,190,190,180,160,180,140,120,270,260,200,180,490,250,80,230,340,460,640,880,1070,1260,1440,1600,1780,1920,2040,2310,2570,2770,2950,3440,3690,3770
T8H,Alberta,Edmonton,EDMONTON,23890,1240,620,790,890,1440,1250,1140,1110,1070,1130,1000,920,1710,1480,1360,1260,3420,1620,440,1240,1860,2650,3540,4980,6230,7370,8480,9550,10680,11680,12600,14310,15790,17150,18410,21830,23450,23890
T8L,Alberta,Edmonton,EDMONTON,21950,1190,570,680,900,1410,1240,1130,1030,1010,1020,930,850,1510,1290,1260,1100,2810,1670,350,1190,1760,2440,3340,4750,5990,7120,8150,9160,10180,11110,11960,13470,14760,16020,17120,19930,21600,21950
T8N,Alberta,Edmonton,EDMONTON,53370,2790,1430,1680,2100,3390,2770,2420,2330,2350,2660,2290,2160,3890,3400,3040,2830,7320,3260,1260,2790,4220,5900,8000,11390,14160,16580,18910,21260,23920,26210,28370,32260,35660,38700,41530,48850,52110,53370
T8R,Alberta,Edmonton,EDMONTON,12400,1020,360,540,600,920,700,640,580,560,570,500,480,850,780,660,620,1410,500,110,1020,1380,1920,2520,3440,4140,4780,5360,5920,6490,6990,7470,8320,9100,9760,10380,11790,12290,12400
T8S,Alberta,,,7120,700,280,330,320,540,400,340,360,330,290,250,250,450,380,320,280,840,360,100,700,980,1310,1630,2170,2570,2910,3270,3600,3890,4140,4390,4840,5220,5540,5820,6660,7020,7120
T8T,Alberta,Edmonton,EDMONTON,5890,340,190,210,250,360,280,250,240,230,260,210,190,340,320,290,270,790,510,360,340,530,740,990,1350,1630,1880,2120,2350,2610,2820,3010,3350,3670,3960,4230,5020,5530,5890
T8V,Alberta,Grande Prairie,,25070,1670,740,1020,1180,2390,1710,1520,1440,1270,1190,1170,870,1720,1410,1230,1030,2460,830,220,1670,2410,3430,4610,7000,8710,10230,11670,12940,14130,15300,16170,17890,19300,20530,21560,24020,24850,25070
T8W,Alberta,,,15700,980,400,520,630,870,720,660,660,640,630,670,540,1060,930,850,870,2540,1140,390,980,1380,1900,2530,3400,4120,4780,5440,6080,6710,7380,7920,8980,9910,10760,11630,14170,15310,15700
T8X,Alberta,,,17330,1080,460,590,750,1070,910,830,780,690,780,710,620,1170,1020,950,910,2640,1110,260,1080,1540,2130,2880,3950,4860,5690,6470,7160,7940,8650,9270,10440,11460,12410,13320,15960,17070,17330
T9A,Alberta,,,11960,860,420,610,700,1400,960,790,660,600,600,520,440,830,610,460,380,760,250,110,860,1280,1890,2590,3990,4950,5740,6400,7000,7600,8120,8560,9390,10000,10460,10840,11600,11850,11960
T9C,Alberta,,,5840,350,140,290,300,730,440,360,290,290,290,230,230,410,320,260,210,460,170,70,350,490,780,1080,1810,2250,2610,2900,3190,3480,3710,3940,4350,4670,4930,5140,5600,5770,5840
T9E,Alberta,Edmonton,EDMONTON,25820,1540,750,920,1090,1990,1630,1500,1350,1330,1330,1080,1100,1930,1630,1290,1180,2820,1080,280,1540,2290,3210,4300,6290,7920,9420,10770,12100,13430,14510,15610,17540,19170,20460,21640,24460,25540,25820
T9G,Alberta,Edmonton,EDMONTON,5300,320,180,200,260,440,350,300,290,250,300,250,220,390,290,250,240,520,200,50,320,500,700,960,1400,1750,2050,2340,2590,2890,3140,3360,3750,4040,4290,4530,5050,5250,5300
T9H,Alberta,Wood Buffalo,,20240,1660,550,540,700,1090,820,770,790,740,700,680,660,1240,1050,870,820,2980,2750,830,1660,2210,2750,3450,4540,5360,6130,6920,7660,8360,9040,9700,10940,11990,12860,13680,16660,19410,20240
T9J,Alberta,Wood Buffalo,,2680,200,60,70,80,100,100,90,80,70,80,80,80,130,120,150,130,480,470,110,200,260,330,410,510,610,700,780,850,930,1010,1090,1220,1340,1490,1620,2100,2570,2680
T9K,Alberta,Wood Buffalo,,29300,2550,840,720,850,1190,920,840,770,730,790,810,680,1300,1260,1180,1180,4930,5720,2040,2550,3390,4110,4960,6150,7070,7910,8680,9410,10200,11010,11690,12990,14250,15430,16610,21540,27260,29300
T9M,Alberta,,,14250,1250,410,580,680,1040,660,700,650,540,580,510,450,800,830,960,880,1610,910,210,1250,1660,2240,2920,3960,4620,5320,5970,6510,7090,7600,8050,8850,9680,10640,11520,13130,14040,14250
T9N,Alberta,,,8970,630,290,390,480,820,510,450,460,390,410,320,340,550,470,420,390,960,530,160,630,920,1310,1790,2610,3120,3570,4030,4420,4830,5150,5490,6040,6510,6930,7320,8280,8810,8970
T9S,Alberta,,,5820,340,190,270,370,540,390,330,290,280,290,270,190,350,330,250,230,560,290,60,340,530,800,1170,1710,2100,2430,2720,3000,3290,3560,3750,4100,4430,4680,4910,5470,5760,5820
T9V,Alberta,,,16330,990,530,660,770,1210,920,860,850,770,750,680,600,1110,920,830,770,1740,1020,350,990,1520,2180,2950,4160,5080,5940,6790,7560,8310,8990,9590,10700,11620,12450,13220,14960,15980,16330
T9W,Alberta,,,6550,320,220,260,380,470,440,380,340,360,330,300,260,510,400,330,310,640,210,90,320,540,800,1180,1650,2090,2470,2810,3170,3500,3800,4060,4570,4970,5300,5610,6250,6460,6550
T9X,Alberta,,,4800,280,150,190,250,390,330,280,280,230,250,210,200,330,320,240,210,440,160,60,280,430,620,870,1260,1590,1870,2150,2380,2630,2840,3040,3370,3690,3930,4140,4580,4740,4800
V0A,British Columbia,,,12580,570,350,480,690,970,850,800,860,780,770,630,510,910,780,610,500,1020,370,130,570,920,1400,2090,3060,3910,4710,5570,6350,7120,7750,8260,9170,9950,10560,11060,12080,12450,12580
V0B,British Columbia,Cranbrook,,29120,1740,920,1340,2110,2690,2040,1740,1680,1560,1410,1170,1010,1690,1310,1120,860,3080,1340,310,1740,2660,4000,6110,8800,10840,12580,14260,15820,17230,18400,19410,21100,22410,23530,24390,27470,28810,29120
V0C,British Columbia,,,18610,1930,690,970,1240,1410,980,890,830,760,690,670,610,1100,880,810,730,2190,1020,210,1930,2620,3590,4830,6240,7220,8110,8940,9700,10390,11060,11670,12770,13650,14460,15190,17380,18400,18610
V0E,British Columbia,,,59850,3840,2080,3050,5040,6070,4360,3990,3730,3320,3160,2680,2240,3610,3060,2270,1650,3870,1370,460,3840,5920,8970,14010,20080,24440,28430,32160,35480,38640,41320,43560,47170,50230,52500,54150,58020,59390,59850
V0G,British Columbia,,,22860,1230,730,1190,1890,2420,1730,1450,1350,1270,1230,1010,780,1350,1160,860,730,1710,570,200,1230,1960,3150,5040,7460,9190,10640,11990,13260,14490,15500,16280,17630,18790,19650,20380,22090,22660,22860
V0H,British Columbia,,,50040,2340,1480,2390,4140,5180,3930,3430,3250,3040,2880,2400,1970,3180,2460,1940,1370,2910,1220,530,2340,3820,6210,10350,15530,19460,22890,26140,29180,32060,34460,36430,39610,42070,44010,45380,48290,49510,50040
V0J,British Columbia,,,40740,4860,1620,2130,3120,3480,2450,2130,1940,1870,1690,1460,1310,2350,2180,1760,1470,3620,1040,260,4860,6480,8610,11730,15210,17660,19790,21730,23600,25290,26750,28060,30410,32590,34350,35820,39440,40480,40740
V0K,British Columbia,,,28190,2750,1000,1700,2720,3250,2150,1850,1620,1440,1340,1040,880,1510,1100,900,690,1590,500,160,2750,3750,5450,8170,11420,13570,15420,17040,18480,19820,20860,21740,23250,24350,25250,25940,27530,28030,28190
V0L,British Columbia,,,3830,890,180,260,450,460,250,150,130,150,130,90,70,130,110,70,60,170,60,20,890,1070,1330,1780,2240,2490,2640,2770,2920,3050,3140,3210,3340,3450,3520,3580,3750,3810,3830
V0M,British Columbia,,,9820,1110,350,480,770,980,660,630,620,560,510,380,340,550,450,350,280,550,180,70,1110,1460,1940,2710,3690,4350,4980,5600,6160,6670,7050,7390,7940,8390,8740,9020,9570,9750,9820
V0N,,,,49920,3520,1630,2300,3670,4350,3260,2880,2720,2650,2480,2200,1900,3200,2600,2100,1640,4160,1790,870,3520,5150,7450,11120,15470,18730,21610,24330,26980,29460,31660,33560,36760,39360,41460,43100,47260,49050,49920
V0P,British Columbia,,,5950,520,210,350,670,720,490,390,370,300,270,210,180,330,210,160,150,280,100,40,520,730,1080,1750,2470,2960,3350,3720,4020,4290,4500,4680,5010,5220,5380,5530,5810,5910,5950
V0R,British Columbia,,,59910,3440,1820,2690,4680,5410,4160,3730,3580,3470,3410,2750,2380,3960,3150,2590,1990,4380,1690,630,3440,5260,7950,12630,18040,22200,25930,29510,32980,36390,39140,41520,45480,48630,51220,53210,57590,59280,59910
V0S,British Columbia,,,180,50,0,10,20,20,20,20,10,0,0,0,10,10,0,0,0,10,0,0,50,50,60,80,100,120,140,150,150,150,150,160,170,170,170,170,180,180,180
V0T,British Columbia,,,6300,1330,310,370,570,670,400,350,270,250,200,200,160,270,210,170,130,310,100,30,1330,1640,2010,2580,3250,3650,4000,4270,4520,4720,4920,5080,5350,5560,5730,5860,6170,6270,6300
V0V,,,,1260,360,60,110,120,140,70,50,50,40,30,30,20,40,30,20,20,50,20,0,360,420,530,650,790,860,910,960,1000,1030,1060,1080,1120,1150,1170,1190,1240,1260,1260
V0W,British Columbia,,,360,40,10,20,30,40,30,30,20,20,20,10,20,20,20,10,0,20,0,0,40,50,70,100,140,170,200,220,240,260,270,290,310,330,340,340,360,360,360
V0X,British Columbia,,,19070,1330,660,1110,1970,2370,1530,1280,1190,1020,930,690,550,980,800,600,450,1090,360,160,1330,1990,3100,5070,7440,8970,10250,11440,12460,13390,14080,14630,15610,16410,17010,17460,18550,18910,19070
V1A,British Columbia,,,7180,300,200,270,400,590,560,480,480,430,410,330,310,470,460,330,280,610,230,40,300,500,770,1170,1760,2320,2800,3280,3710,4120,4450,4760,5230,5690,6020,6300,6910,7140,7180
V1B,British Columbia,Vernon,,19180,950,600,820,1140,1380,1160,1010,1050,1050,1040,890,720,1330,1150,920,820,1800,940,410,950,1550,2370,3510,4890,6050,7060,8110,9160,10200,11090,11810,13140,14290,15210,16030,17830,18770,19180
V1C,British Columbia,Cranbrook,,21790,1040,600,900,1470,1850,1530,1350,1420,1270,1210,1050,890,1440,1180,920,750,1910,780,230,1040,1640,2540,4010,5860,7390,8740,10160,11430,12640,13690,14580,16020,17200,18120,18870,20780,21560,21790
V1E,British Columbia,Salmon Arm,,17880,890,550,790,1410,1770,1370,1220,1160,1070,980,800,750,1120,900,730,510,1170,490,200,890,1440,2230,3640,5410,6780,8000,9160,10230,11210,12010,12760,13880,14780,15510,16020,17190,17680,17880
V1G,British Columbia,Dawson Creek,,12270,790,360,530,880,950,790,620,700,620,550,530,460,840,700,560,470,1220,570,130,790,1150,1680,2560,3510,4300,4920,5620,6240,6790,7320,7780,8620,9320,9880,10350,11570,12140,12270
V1H,British Columbia,Vernon,,12860,730,350,490,880,1080,940,740,800,770,720,630,520,890,680,570,380,990,480,220,730,1080,1570,2450,3530,4470,5210,6010,6780,7500,8130,8650,9540,10220,10790,11170,12160,12640,12860
V1J,British Columbia,Fort St. John,,19610,1360,520,780,1080,1230,1000,950,920,820,860,790,720,1320,1130,1030,910,2540,1310,340,1360,1880,2660,3740,4970,5970,6920,7840,8660,9520,10310,11030,12350,13480,14510,15420,17960,19270,19610
V1K,British Columbia,,,8150,830,300,410,800,930,580,470,490,410,350,320,240,430,340,260,240,540,160,50,830,1130,1540,2340,3270,3850,4320,4810,5220,5570,5890,6130,6560,6900,7160,7400,7940,8100,8150
V1L,British Columbia,Nelson,,14900,690,460,620,1190,1430,1060,1000,910,800,840,710,630,980,840,610,470,1070,410,180,690,1150,1770,2960,4390,5450,6450,7360,8160,9000,9710,10340,11320,12160,12770,13240,14310,14720,14900
V1M,British Columbia,Vancouver,GREATER_VANCOUVER,25810,1670,860,1060,1300,1610,1360,1240,1250,1290,1230,1110,1030,1750,1590,1300,1170,2970,1380,640,1670,2530,3590,4890,6500,7860,9100,10350,11640,12870,13980,15010,16760,18350,19650,20820,23790,25170,25810
V1N,British Columbia,,,11180,610,350,490,770,940,730,670,670,590,600,510,450,710,630,460,440,1120,380,60,610,960,1450,2220,3160,3890,4560,5230,5820,6420,6930,7380,8090,8720,9180,9620,10740,11120,11180
V1P,British Columbia,Kelowna,,7850,410,240,350,490,510,450,420,430,430,440,380,310,600,510,430,300,710,310,130,410,650,1000,1490,2000,2450,2870,3300,3730,4170,4550,4860,5460,5970,6400,6700,7410,7720,7850
V1R,British Columbia,,,8420,390,240,340,630,770,630,530,580,510,470,410,340,540,410,320,310,730,220,50,390,630,970,1600,2370,3000,3530,4110,4620,5090,5500,5840,6380,6790,7110,7420,8150,8370,8420
V1S,British Columbia,Kamloops,,10660,630,300,360,530,590,590,530,540,540,590,480,440,760,700,560,480,1320,540,180,630,930,1290,1820,2410,3000,3530,4070,4610,5200,5680,6120,6880,7580,8140,8620,9940,10480,10660
V1T,British Columbia,Vernon,,25190,1210,660,1140,2320,2860,2090,1750,1680,1630,1430,1200,1000,1620,1220,890,670,1220,430,170,1210,1870,3010,5330,8190,10280,12030,13710,15340,16770,17970,18970,20590,21810,22700,23370,24590,25020,25190
V1V,British Columbia,Kelowna,,20720,1380,640,850,1030,1230,1130,1050,1030,1070,1140,920,850,1530,1310,1080,900,2060,1050,470,1380,2020,2870,3900,5130,6260,7310,8340,9410,10550,11470,12320,13850,15160,16240,17140,19200,20250,20720
V1W,British Columbia,Kelowna,,31040,1530,960,1250,1830,2250,1850,1600,1570,1610,1560,1370,1120,1970,1720,1510,1210,3060,1900,1170,1530,2490,3740,5570,7820,9670,11270,12840,14450,16010,17380,18500,20470,22190,23700,24910,27970,29870,31040
V1X,British Columbia,Kelowna,,28810,1650,970,1300,2380,2720,2210,2080,1970,1890,1800,1520,1260,2000,1480,1090,700,1240,400,150,1650,2620,3920,6300,9020,11230,13310,15280,17170,18970,20490,21750,23750,25230,26320,27020,28260,28660,28810
V1Y,British Columbia,Kelowna,,32530,1490,860,1220,2480,3050,2380,2080,2110,1840,1800,1570,1390,2190,1730,1360,1010,2310,1080,580,1490,2350,3570,6050,9100,11480,13560,15670,17510,19310,20880,22270,24460,26190,27550,28560,30870,31950,32530
V1Z,British Columbia,Kelowna,,13080,680,420,570,880,1010,790,710,700,700,680,640,520,900,750,600,500,1170,610,250,680,1100,1670,2550,3560,4350,5060,5760,6460,7140,7780,8300,9200,9950,10550,11050,12220,12830,13080
V2A,British Columbia,Penticton,,35290,1480,940,1480,2870,3660,2800,2330,2370,2240,2080,1740,1450,2360,1730,1380,990,2090,880,420,1480,2420,3900,6770,10430,13230,15560,17930,20170,22250,23990,25440,27800,29530,30910,31900,33990,34870,35290
V2B,British Columbia,Kamloops,,32730,1830,930,1400,2780,3120,2300,2110,2110,1930,1770,1640,1400,2170,1740,1310,1020,2320,700,150,1830,2760,4160,6940,10060,12360,14470,16580,18510,20280,21920,23320,25490,27230,28540,29560,31880,32580,32730
V2C,British Columbia,,,22670,1550,680,930,1600,1870,1460,1310,1290,1230,1170,1040,890,1500,1250,980,820,1960,830,310,1550,2230,3160,4760,6630,8090,9400,10690,11920,13090,14130,15020,16520,17770,18750,19570,21530,22360,22670
V2E,British Columbia,Kamloops,,12940,810,380,520,710,740,720,640,670,700,660,600,520,890,790,720,590,1380,650,250,810,1190,1710,2420,3160,3880,4520,5190,5890,6550,7150,7670,8560,9350,10070,10660,12040,12690,12940
V2G,British Columbia,Williams Lake,,14950,1090,490,720,1180,1310,960,890,870,770,720,620,540,930,820,680,510,1370,360,120,1090,1580,2300,3480,4790,5750,6640,7510,8280,9000,9620,10160,11090,11910,12590,13100,14470,14830,14950
V2H,British Columbia,Kamloops,,6470,530,170,230,330,440,380,340,330,350,350,300,270,460,420,310,230,630,270,130,530,700,930,1260,1700,2080,2420,2750,3100,3450,3750,4020,4480,4900,5210,5440,6070,6340,6470
V2J,British Columbia,Quesnel,,18570,1270,590,990,1650,1870,1340,1170,1120,980,870,690,620,1020,880,780,610,1590,390,140,1270,1860,2850,4500,6370,7710,8880,10000,10980,11850,12540,13160,14180,15060,15840,16450,18040,18430,18570
V2K,British Columbia,Prince George,,17030,960,450,610,910,1170,980,830,900,880,850,750,700,1220,1050,860,830,2090,760,230,960,1410,2020,2930,4100,5080,5910,6810,7690,8540,9290,9990,11210,12260,13120,13950,16040,16800,17030
V2L,British Columbia,Prince George,,8090,490,240,450,960,910,630,550,510,440,370,310,300,480,350,260,200,450,130,60,490,730,1180,2140,3050,3680,4230,4740,5180,5550,5860,6160,6640,6990,7250,7450,7900,8030,8090
V2M,British Columbia,Prince George,,18520,1090,540,750,1430,1480,1230,1190,1140,1030,970,890,760,1380,1090,880,710,1430,420,110,1090,1630,2380,3810,5290,6520,7710,8850,9880,10850,11740,12500,13880,14970,15850,16560,17990,18410,18520
V2N,British Columbia,Prince George,,26940,1550,750,1050,1560,1810,1550,1440,1440,1440,1360,1250,1060,1920,1730,1430,1210,3010,1060,320,1550,2300,3350,4910,6720,8270,9710,11150,12590,13950,15200,16260,18180,19910,21340,22550,25560,26620,26940
V2P,British Columbia,Chilliwack,CHILLIWACK_AND_DISTRICT,30820,1970,1050,1580,2960,3310,2470,2050,1930,1760,1580,1460,1210,1830,1400,1120,860,1570,510,200,1970,3020,4600,7560,10870,13340,15390,17320,19080,20660,22120,23330,25160,26560,27680,28540,30110,30620,30820
V2R,British Columbia,Chilliwack,CHILLIWACK_AND_DISTRICT,44070,2810,1400,1960,3040,3500,3000,2580,2510,2530,2390,2120,1760,2970,2500,2010,1560,3670,1320,440,2810,4210,6170,9210,12710,15710,18290,20800,23330,25720,27840,29600,32570,35070,37080,38640,42310,43630,44070
V2S,British Columbia,Abbotsford - Mission,FRASER_VALLEY,43130,2790,1430,2220,3540,4320,3280,2970,2550,2340,2140,2020,1580,2860,2250,1630,1290,2680,910,330,2790,4220,6440,9980,14300,17580,20550,23100,25440,27580,29600,31180,34040,36290,37920,39210,41890,42800,43130
V2T,British Columbia,Abbotsford - Mission,FRASER_VALLEY,49480,3740,1900,3020,4940,4980,3990,3350,3190,2830,2490,2230,1810,3060,2330,1580,1100,2060,640,240,3740,5640,8660,13600,18580,22570,25920,29110,31940,34430,36660,38470,41530,43860,45440,46540,48600,49240,49480
V2V,British Columbia,,,27870,2010,960,1390,2380,2490,1730,1620,1600,1490,1400,1240,1060,1880,1560,1240,1000,2070,600,150,2010,2970,4360,6740,9230,10960,12580,14180,15670,17070,18310,19370,21250,22810,24050,25050,27120,27720,27870
V2W,British Columbia,Vancouver,GREATER_VANCOUVER,17610,1270,600,780,1030,1090,910,810,810,880,840,700,680,1200,1050,980,860,1970,860,290,1270,1870,2650,3680,4770,5680,6490,7300,8180,9020,9720,10400,11600,12650,13630,14490,16460,17320,17610
V2X,British Columbia,Vancouver,GREATER_VANCOUVER,40230,2280,1160,1710,2860,3400,2640,2260,2350,2280,2150,1870,1690,2920,2470,1930,1540,3370,1040,310,2280,3440,5150,8010,11410,14050,16310,18660,20940,23090,24960,26650,29570,32040,33970,35510,38880,39920,40230
V2Y,British Columbia,Vancouver,GREATER_VANCOUVER,36030,3100,1310,1590,2030,2280,1850,1700,1710,1690,1680,1560,1430,2570,2230,1920,1580,3790,1480,530,3100,4410,6000,8030,10310,12160,13860,15570,17260,18940,20500,21930,24500,26730,28650,30230,34020,35500,36030
V2Z,British Columbia,Vancouver,GREATER_VANCOUVER,13040,770,420,540,840,1040,770,690,690,610,650,540,490,870,670,560,520,1240,700,430,770,1190,1730,2570,3610,4380,5070,5760,6370,7020,7560,8050,8920,9590,10150,10670,11910,12610,13040
V3A,British Columbia,Vancouver,GREATER_VANCOUVER,36700,2100,1000,1370,2430,3030,2420,2030,2090,2030,2100,1820,1690,2730,2190,1810,1320,3080,1090,370,2100,3100,4470,6900,9930,12350,14380,16470,18500,20600,22420,24110,26840,29030,30840,32160,35240,36330,36700
V3B,British Columbia,Vancouver,GREATER_VANCOUVER,49870,4600,1940,2520,3680,3680,2900,2570,2550,2490,2390,2160,1870,3360,2820,2250,1850,4110,1650,480,4600,6540,9060,12740,16420,19320,21890,24440,26930,29320,31480,33350,36710,39530,41780,43630,47740,49390,49870
V3C,British Columbia,Vancouver,GREATER_VANCOUVER,32450,2480,1090,1430,2200,2250,1700,1530,1580,1600,1590,1550,1320,2370,2000,1610,1310,3210,1190,440,2480,3570,5000,7200,9450,11150,12680,14260,15860,17450,19000,20320,22690,24690,26300,27610,30820,32010,32450
V3E,British Columbia,Vancouver,GREATER_VANCOUVER,34220,3810,1690,1890,2420,2280,1750,1500,1440,1420,1410,1240,1120,2010,1760,1500,1260,3300,1710,710,3810,5500,7390,9810,12090,13840,15340,16780,18200,19610,20850,21970,23980,25740,27240,28500,31800,33510,34220
V3G,British Columbia,Abbotsford - Mission,FRASER_VALLEY,20630,1440,750,900,1190,1410,1100,960,1030,960,1010,910,810,1370,1210,990,880,2260,1000,450,1440,2190,3090,4280,5690,6790,7750,8780,9740,10750,11660,12470,13840,15050,16040,16920,19180,20180,20630
V3H,British Columbia,Vancouver,GREATER_VANCOUVER,30530,2260,1040,1270,1650,1770,1380,1230,1180,1220,1330,1170,1100,2100,1830,1700,1470,3830,1960,1040,2260,3300,4570,6220,7990,9370,10600,11780,13000,14330,15500,16600,18700,20530,22230,23700,27530,29490,30530
V3J,British Columbia,Vancouver,GREATER_VANCOUVER,37030,3580,1470,1820,2440,2700,2100,1910,1710,1800,1660,1610,1450,2480,2060,1650,1360,3200,1390,640,3580,5050,6870,9310,12010,14110,16020,17730,19530,21190,22800,24250,26730,28790,30440,31800,35000,36390,37030
V3K,British Columbia,Vancouver,GREATER_VANCOUVER,25850,2150,930,1280,1820,2090,1560,1330,1310,1310,1220,1230,1030,1790,1480,1180,900,2030,860,350,2150,3080,4360,6180,8270,9830,11160,12470,13780,15000,16230,17260,19050,20530,21710,22610,24640,25500,25850
V3L,British Columbia,Vancouver,GREATER_VANCOUVER,24800,1540,690,940,1540,1780,1360,1220,1180,1220,1270,1130,1090,1870,1610,1410,1050,2490,1020,390,1540,2230,3170,4710,6490,7850,9070,10250,11470,12740,13870,14960,16830,18440,19850,20900,23390,24410,24800
V3M,British Columbia,Vancouver,GREATER_VANCOUVER,39370,2900,1270,1640,2550,3000,2190,2190,2160,2090,2190,1950,1730,2980,2350,1890,1490,3350,1110,340,2900,4170,5810,8360,11360,13550,15740,17900,19990,22180,24130,25860,28840,31190,33080,34570,37920,39030,39370
V3N,British Columbia,Vancouver,GREATER_VANCOUVER,34150,3390,1380,1690,2590,2680,2030,1840,1760,1850,1680,1540,1370,2280,1750,1460,1110,2540,900,310,3390,4770,6460,9050,11730,13760,15600,17360,19210,20890,22430,23800,26080,27830,29290,30400,32940,33840,34150
V3R,British Columbia,Vancouver,GREATER_VANCOUVER,51240,4990,2140,2880,4660,4640,3470,3240,3070,3020,2780,2480,2000,3280,2390,1760,1260,2340,660,180,4990,7130,10010,14670,19310,22780,26020,29090,32110,34890,37370,39370,42650,45040,46800,48060,50400,51060,51240
V3S,British Columbia,Vancouver,GREATER_VANCOUVER,86090,7110,3440,4440,6450,6490,5140,4800,4550,4600,4390,3820,3540,5730,4800,3840,3000,6740,2420,790,7110,10550,14990,21440,27930,33070,37870,42420,47020,51410,55230,58770,64500,69300,73140,76140,82880,85300,86090
V3T,British Columbia,Vancouver,GREATER_VANCOUVER,40170,4370,1890,2520,3790,3700,2570,2380,2350,2280,2170,1870,1600,2500,1800,1270,930,1650,440,90,4370,6260,8780,12570,16270,18840,21220,23570,25850,28020,29890,31490,33990,35790,37060,37990,39640,40080,40170
V3V,British Columbia,Vancouver,GREATER_VANCOUVER,46210,4800,2220,3010,4630,4370,3170,3220,2900,2800,2360,2150,1730,2660,1880,1230,840,1610,500,130,4800,7020,10030,14660,19030,22200,25420,28320,31120,33480,35630,37360,40020,41900,43130,43970,45580,46080,46210
V3W,British Columbia,Vancouver,GREATER_VANCOUVER,83930,8540,3870,5280,7940,7790,5910,5780,5350,5040,4540,3820,3160,5000,3570,2480,1690,3030,900,240,8540,12410,17690,25630,33420,39330,45110,50460,55500,60040,63860,67020,72020,75590,78070,79760,82790,83690,83930
V3X,British Columbia,Vancouver,GREATER_VANCOUVER,27410,2570,1080,1510,2180,2190,1590,1550,1510,1380,1400,1280,1140,1800,1420,1080,820,1880,760,270,2570,3650,5160,7340,9530,11120,12670,14180,15560,16960,18240,19380,21180,22600,23680,24500,26380,27140,27410
V3Y,British Columbia,Vancouver,GREATER_VANCOUVER,15590,920,480,600,900,1070,900,810,770,870,840,720,670,1190,950,820,700,1510,650,220,920,1400,2000,2900,3970,4870,5680,6450,7320,8160,8880,9550,10740,11690,12510,13210,14720,15370,15590
V3Z,British Columbia,Vancouver,GREATER_VANCOUVER,29260,2430,1140,1320,1670,1820,1490,1320,1220,1190,1240,1070,1040,1840,1610,1450,1210,3350,1810,1040,2430,3570,4890,6560,8380,9870,11190,12410,13600,14840,15910,16950,18790,20400,21850,23060,26410,28220,29260
V4A,British Columbia,Vancouver,GREATER_VANCOUVER,32050,2140,1100,1440,1950,2280,1910,1600,1620,1610,1640,1290,1270,2050,1780,1470,1190,3030,1720,960,2140,3240,4680,6630,8910,10820,12420,14040,15650,17290,18580,19850,21900,23680,25150,26340,29370,31090,32050
V4B,British Columbia,Vancouver,GREATER_VANCOUVER,17610,860,480,660,1080,1540,1200,920,890,930,900,740,680,1200,960,860,630,1620,910,550,860,1340,2000,3080,4620,5820,6740,7630,8560,9460,10200,10880,12080,13040,13900,14530,16150,17060,17610
V4C,British Columbia,Vancouver,GREATER_VANCOUVER,39980,3360,1740,2170,3220,3330,2450,2410,2290,2200,2130,1780,1680,2630,1950,1640,1270,2530,950,250,3360,5100,7270,10490,13820,16270,18680,20970,23170,25300,27080,28760,31390,33340,34980,36250,38780,39730,39980
V4E,British Columbia,Vancouver,GREATER_VANCOUVER,10400,930,410,530,680,650,520,490,470,500,530,400,380,690,590,510,410,1080,450,180,930,1340,1870,2550,3200,3720,4210,4680,5180,5710,6110,6490,7180,7770,8280,8690,9770,10220,10400
V4G,British Columbia,Vancouver,GREATER_VANCOUVER,280,20,0,0,0,20,10,20,10,20,20,10,0,30,20,20,10,30,20,20,20,20,20,20,40,50,70,80,100,120,130,130,160,180,200,210,240,260,280
V4K,British Columbia,Vancouver,GREATER_VANCOUVER,20770,1060,590,750,1210,1380,1170,1050,1120,1140,1170,990,890,1550,1280,1100,860,2100,930,430,1060,1650,2400,3610,4990,6160,7210,8330,9470,10640,11630,12520,14070,15350,16450,17310,19410,20340,20770
V4L,British Columbia,Vancouver,GREATER_VANCOUVER,6640,300,180,200,290,350,320,310,340,360,380,310,260,420,430,330,310,750,500,300,300,480,680,970,1320,1640,1950,2290,2650,3030,3340,3600,4020,4450,4780,5090,5840,6340,6640
V4M,British Columbia,Vancouver,GREATER_VANCOUVER,13230,850,430,540,740,810,640,570,630,590,620,580,500,900,760,680,540,1450,880,520,850,1280,1820,2560,3370,4010,4580,5210,5800,6420,7000,7500,8400,9160,9840,10380,11830,12710,13230
V4N,British Columbia,Vancouver,GREATER_VANCOUVER,68840,6190,2890,3490,4770,5000,3830,3550,3490,3460,3200,3090,2770,4700,3860,3210,2480,5830,2250,780,6190,9080,12570,17340,22340,26170,29720,33210,36670,39870,42960,45730,50430,54290,57500,59980,65810,68060,68840
V4P,British Columbia,Vancouver,GREATER_VANCOUVER,11440,890,430,520,670,830,670,470,520,490,510,480,390,730,630,540,420,1090,680,480,890,1320,1840,2510,3340,4010,4480,5000,5490,6000,6480,6870,7600,8230,8770,9190,10280,10960,11440
V4R,British Columbia,Vancouver,GREATER_VANCOUVER,12950,900,430,570,750,820,690,600,610,640,610,490,490,930,730,680,610,1520,660,220,900,1330,1900,2650,3470,4160,4760,5370,6010,6620,7110,7600,8530,9260,9940,10550,12070,12730,12950
V4S,British Columbia,Abbotsford - Mission,FRASER_VALLEY,6010,420,200,290,470,500,340,340,310,290,290,280,210,430,320,280,210,540,210,80,420,620,910,1380,1880,2220,2560,2870,3160,3450,3730,3940,4370,4690,4970,5180,5720,5930,6010
V4T,British Columbia,Kelowna,,25810,1320,730,1100,1740,2160,1780,1620,1590,1500,1490,1290,1130,1880,1510,1160,830,1880,780,320,1320,2050,3150,4890,7050,8830,10450,12040,13540,15030,16320,17450,19330,20840,22000,22830,24710,25490,25810
V4V,British Columbia,Kelowna,,15040,760,590,740,1020,1230,980,870,850,810,780,630,630,1050,860,650,540,1210,620,220,760,1350,2090,3110,4340,5320,6190,7040,7850,8630,9260,9890,10940,11800,12450,12990,14200,14820,15040
V4W,British Columbia,Vancouver,GREATER_VANCOUVER,16880,1100,530,740,1280,1450,1100,1000,1010,970,890,790,710,1140,890,770,540,1260,500,210,1100,1630,2370,3650,5100,6200,7200,8210,9180,10070,10860,11570,12710,13600,14370,14910,16170,16670,16880
V4X,British Columbia,Abbotsford - Mission,FRASER_VALLEY,11630,860,440,590,870,870,680,650,710,650,600,530,460,730,570,450,400,890,430,250,860,1300,1890,2760,3630,4310,4960,5670,6320,6920,7450,7910,8640,9210,9660,10060,10950,11380,11630
V4Z,British Columbia,Chilliwack,CHILLIWACK_AND_DISTRICT,4360,320,160,180,310,320,260,220,220,200,220,190,160,270,230,210,160,460,190,80,320,480,660,970,1290,1550,1770,1990,2190,2410,2600,2760,3030,3260,3470,3630,4090,4280,4360
V5A,British Columbia,Vancouver,GREATER_VANCOUVER,20930,2670,920,1050,1420,1480,1070,930,840,830,930,850,700,1270,1040,850,730,1910,980,460,2670,3590,4640,6060,7540,8610,9540,10380,11210,12140,12990,13690,14960,16000,16850,17580,19490,20470,20930
V5B,British Columbia,Vancouver,GREATER_VANCOUVER,19200,1950,810,1040,1410,1510,1090,920,940,870,850,720,700,1200,980,790,650,1590,790,390,1950,2760,3800,5210,6720,7810,8730,9670,10540,11390,12110,12810,14010,14990,15780,16430,18020,18810,19200
V5C,British Columbia,Vancouver,GREATER_VANCOUVER,31020,2690,1040,1370,1970,2310,1730,1430,1450,1360,1420,1250,1200,2060,1760,1520,1270,3100,1430,660,2690,3730,5100,7070,9380,11110,12540,13990,15350,16770,18020,19220,21280,23040,24560,25830,28930,30360,31020
V5E,British Columbia,Vancouver,GREATER_VANCOUVER,23070,2410,930,1280,1930,2120,1410,1250,1160,1120,1070,920,820,1310,1100,840,680,1590,750,380,2410,3340,4620,6550,8670,10080,11330,12490,13610,14680,15600,16420,17730,18830,19670,20350,21940,22690,23070
V5G,British Columbia,Vancouver,GREATER_VANCOUVER,17540,1490,720,890,1390,1570,1070,920,870,850,830,730,670,1070,900,750,560,1420,620,220,1490,2210,3100,4490,6060,7130,8050,8920,9770,10600,11330,12000,13070,13970,14720,15280,16700,17320,17540
V5H,British Columbia,Vancouver,GREATER_VANCOUVER,36810,4870,1630,2000,2910,3130,2240,1950,1840,1760,1640,1550,1260,2100,1690,1370,1060,2430,1020,360,4870,6500,8500,11410,14540,16780,18730,20570,22330,23970,25520,26780,28880,30570,31940,33000,35430,36450,36810
V5J,British Columbia,Vancouver,GREATER_VANCOUVER,20010,2110,890,1080,1660,1680,1200,1100,1010,920,900,830,740,1270,970,740,610,1430,600,270,2110,3000,4080,5740,7420,8620,9720,10730,11650,12550,13380,14120,15390,16360,17100,17710,19140,19740,20010
V5K,British Columbia,Vancouver,GREATER_VANCOUVER,18910,1290,610,1000,1580,1810,1230,1040,1060,900,840,810,680,1110,900,760,650,1570,730,340,1290,1900,2900,4480,6290,7520,8560,9620,10520,11360,12170,12850,13960,14860,15620,16270,17840,18570,18910
V5L,British Columbia,Vancouver,GREATER_VANCOUVER,15220,720,380,650,1260,1420,860,750,790,740,690,610,590,1110,870,760,590,1460,680,290,720,1100,1750,3010,4430,5290,6040,6830,7570,8260,8870,9460,10570,11440,12200,12790,14250,14930,15220
V5M,British Columbia,Vancouver,GREATER_VANCOUVER,19690,1560,760,1120,1980,2210,1410,1210,1150,980,950,800,690,1130,860,650,520,1120,410,180,1560,2320,3440,5420,7630,9040,10250,11400,12380,13330,14130,14820,15950,16810,17460,17980,19100,19510,19690
V5N,British Columbia,Vancouver,GREATER_VANCOUVER,28980,2010,1000,1470,2480,3000,1800,1620,1500,1430,1360,1210,1060,1800,1400,1150,930,2280,1020,460,2010,3010,4480,6960,9960,11760,13380,14880,16310,17670,18880,19940,21740,23140,24290,25220,27500,28520,28980
V5P,British Columbia,Vancouver,GREATER_VANCOUVER,28360,2540,1150,1730,2750,3030,1960,1780,1670,1520,1390,1240,980,1630,1200,880,660,1460,560,230,2540,3690,5420,8170,11200,13160,14940,16610,18130,19520,20760,21740,23370,24570,25450,26110,27570,28130,28360
V5R,British Columbia,Vancouver,GREATER_VANCOUVER,42320,3910,1780,2320,3690,4330,2880,2670,2520,2340,2130,1850,1630,2570,1940,1470,1040,2210,780,260,3910,5690,8010,11700,16030,18910,21580,24100,26440,28570,30420,32050,34620,36560,38030,39070,41280,42060,42320
V5S,British Columbia,Vancouver,GREATER_VANCOUVER,27090,2200,1020,1390,2160,2380,1620,1410,1380,1400,1300,1210,1040,1780,1390,1250,950,2130,800,280,2200,3220,4610,6770,9150,10770,12180,13560,14960,16260,17470,18510,20290,21680,22930,23880,26010,26810,27090
V5T,British Columbia,Vancouver,GREATER_VANCOUVER,20420,1020,470,720,1270,1440,1030,980,920,950,920,920,820,1540,1260,1160,980,2430,1060,530,1020,1490,2210,3480,4920,5950,6930,7850,8800,9720,10640,11460,13000,14260,15420,16400,18830,19890,20420
V5V,British Columbia,Vancouver,GREATER_VANCOUVER,19240,1230,640,840,1360,1520,1060,950,980,880,850,760,730,1200,1030,860,770,1880,1080,620,1230,1870,2710,4070,5590,6650,7600,8580,9460,10310,11070,11800,13000,14030,14890,15660,17540,18620,19240
V5W,British Columbia,Vancouver,GREATER_VANCOUVER,17640,1440,660,910,1420,1620,1140,1010,1010,960,840,710,640,1040,840,620,530,1280,630,340,1440,2100,3010,4430,6050,7190,8200,9210,10170,11010,11720,12360,13400,14240,14860,15390,16670,17300,17640
V5X,British Columbia,Vancouver,GREATER_VANCOUVER,26660,2650,1130,1550,2250,2590,1850,1610,1570,1490,1320,1200,1010,1510,1150,880,650,1370,630,250,2650,3780,5330,7580,10170,12020,13630,15200,16690,18010,19210,20220,21730,22880,23760,24410,25780,26410,26660
V5Y,British Columbia,Vancouver,GREATER_VANCOUVER,15260,1120,490,540,830,830,670,560,570,540,580,530,470,930,960,830,690,1990,1300,830,1120,1610,2150,2980,3810,4480,5040,5610,6150,6730,7260,7730,8660,9620,10450,11140,13130,14430,15260
V5Z,British Columbia,Vancouver,GREATER_VANCOUVER,20410,1620,670,810,1100,1350,960,830,830,760,770,760,700,1230,1190,1080,900,2440,1480,930,1620,2290,3100,4200,5550,6510,7340,8170,8930,9700,10460,11160,12390,13580,14660,15560,18000,19480,20410
V6A,British Columbia,Vancouver,GREATER_VANCOUVER,17420,890,550,1240,2970,2860,960,790,700,540,480,450,390,670,570,500,470,1310,750,330,890,1440,2680,5650,8510,9470,10260,10960,11500,11980,12430,12820,13490,14060,14560,15030,16340,17090,17420
V6B,British Columbia,Vancouver,GREATER_VANCOUVER,26380,2150,780,1020,1900,1750,1080,1090,940,910,880,830,750,1510,1380,1230,1140,3520,2230,1290,2150,2930,3950,5850,7600,8680,9770,10710,11620,12500,13330,14080,15590,16970,18200,19340,22860,25090,26380
V6C,British Columbia,Vancouver,GREATER_VANCOUVER,6510,650,240,280,880,930,350,260,210,170,160,150,130,190,190,160,130,430,380,620,650,890,1170,2050,2980,3330,3590,3800,3970,4130,4280,4410,4600,4790,4950,5080,5510,5890,6510
V6E,British Columbia,Vancouver,GREATER_VANCOUVER,24240,1920,720,870,1350,1780,1280,1150,1100,1100,1090,1010,940,1680,1350,1210,950,2460,1360,920,1920,2640,3510,4860,6640,7920,9070,10170,11270,12360,13370,14310,15990,17340,18550,19500,21960,23320,24240
V6G,British Columbia,Vancouver,GREATER_VANCOUVER,23660,1570,590,770,1370,1770,1360,1290,1150,1140,1140,1040,990,1640,1340,1210,890,2460,1250,690,1570,2160,2930,4300,6070,7430,8720,9870,11010,12150,13190,14180,15820,17160,18370,19260,21720,22970,23660
V6H,British Columbia,Vancouver,GREATER_VANCOUVER,17780,1110,490,520,740,960,720,700,680,670,710,680,640,1250,1130,1010,800,2230,1470,1270,1110,1600,2120,2860,3820,4540,5240,5920,6590,7300,7980,8620,9870,11000,12010,12810,15040,16510,17780
V6J,British Columbia,Vancouver,GREATER_VANCOUVER,19000,1190,520,590,920,1110,840,730,680,690,750,750,720,1280,1190,1080,900,2540,1480,1040,1190,1710,2300,3220,4330,5170,5900,6580,7270,8020,8770,9490,10770,11960,13040,13940,16480,17960,19000
V6K,British Columbia,Vancouver,GREATER_VANCOUVER,20910,1360,620,700,960,1110,930,860,800,820,820,810,800,1490,1330,1200,920,2650,1630,1100,1360,1980,2680,3640,4750,5680,6540,7340,8160,8980,9790,10590,12080,13410,14610,15530,18180,19810,20910
V6L,British Columbia,Vancouver,GREATER_VANCOUVER,8580,990,400,450,520,560,400,380,320,290,290,280,230,440,340,320,260,820,700,590,990,1390,1840,2360,2920,3320,3700,4020,4310,4600,4880,5110,5550,5890,6210,6470,7290,7990,8580
V6M,British Columbia,Vancouver,GREATER_VANCOUVER,13920,1680,610,630,790,960,680,600,570,550,500,480,390,710,640,580,450,1270,950,880,1680,2290,2920,3710,4670,5350,5950,6520,7070,7570,8050,8440,9150,9790,10370,10820,12090,13040,13920
V6N,British Columbia,Vancouver,GREATER_VANCOUVER,11360,1540,560,550,630,630,480,450,340,340,340,320,270,520,490,450,370,1060,1000,1020,1540,2100,2650,3280,3910,4390,4840,5180,5520,5860,6180,6450,6970,7460,7910,8280,9340,10340,11360
V6P,British Columbia,Vancouver,GREATER_VANCOUVER,27370,3250,1270,1430,1980,2150,1460,1360,1340,1240,1230,1060,940,1550,1210,1000,790,2040,1230,840,3250,4520,5950,7930,10080,11540,12900,14240,15480,16710,17770,18710,20260,21470,22470,23260,25300,26530,27370
V6R,British Columbia,Vancouver,GREATER_VANCOUVER,15290,1570,670,680,830,890,680,590,550,530,510,470,450,850,710,670,580,1600,1190,1270,1570,2240,2920,3750,4640,5320,5910,6460,6990,7500,7970,8420,9270,9980,10650,11230,12830,14020,15290
V6S,British Columbia,Vancouver,GREATER_VANCOUVER,11750,2050,640,640,620,650,490,430,380,380,390,310,310,560,470,420,330,1180,870,630,2050,2690,3330,3950,4600,5090,5520,5900,6280,6670,6980,7290,7850,8320,8740,9070,10250,11120,11750
V6T,British Columbia,Vancouver,GREATER_VANCOUVER,11200,3660,880,720,550,540,440,360,290,260,290,250,230,360,300,280,210,660,540,380,3660,4540,5260,5810,6350,6790,7150,7440,7700,7990,8240,8470,8830,9130,9410,9620,10280,10820,11200
V6V,British Columbia,Vancouver,GREATER_VANCOUVER,9890,980,430,560,860,810,540,550,480,520,470,410,360,600,530,440,310,690,260,90,980,1410,1970,2830,3640,4180,4730,5210,5730,6200,6610,6970,7570,8100,8540,8850,9540,9800,9890
V6W,British Columbia,Vancouver,GREATER_VANCOUVER,2010,210,80,110,140,130,150,90,110,100,100,90,70,140,120,80,70,140,50,30,210,290,400,540,670,820,910,1020,1120,1220,1310,1380,1520,1640,1720,1790,1930,1980,2010
V6X,British Columbia,Vancouver,GREATER_VANCOUVER,37150,5080,1750,2290,3310,3270,2340,2080,1910,1790,1630,1440,1240,2040,1600,1180,900,2130,840,330,5080,6830,9120,12430,15700,18040,20120,22030,23820,25450,26890,28130,30170,31770,32950,33850,35980,36820,37150
V6Y,British Columbia,Vancouver,GREATER_VANCOUVER,43070,5570,2160,2790,3990,4230,2750,2450,2230,2030,1940,1560,1460,2310,1680,1370,990,2300,900,360,5570,7730,10520,14510,18740,21490,23940,26170,28200,30140,31700,33160,35470,37150,38520,39510,41810,42710,43070
V6Z,British Columbia,Vancouver,GREATER_VANCOUVER,16550,1420,500,610,1050,1020,670,650,620,600,560,530,510,980,850,800,680,2110,1460,930,1420,1920,2530,3580,4600,5270,5920,6540,7140,7700,8230,8740,9720,10570,11370,12050,14160,15620,16550
V7A,British Columbia,Vancouver,GREATER_VANCOUVER,22990,2460,1110,1350,1950,2010,1470,1270,1220,1210,1140,910,780,1350,1070,770,600,1430,620,270,2460,3570,4920,6870,8880,10350,11620,12840,14050,15190,16100,16880,18230,19300,20070,20670,22100,22720,22990
V7B,British Columbia,Vancouver,GREATER_VANCOUVER,700,50,20,30,30,50,40,40,30,20,20,30,30,50,50,40,40,70,40,20,50,70,100,130,180,220,260,290,310,330,360,390,440,490,530,570,640,680,700
V7C,British Columbia,Vancouver,GREATER_VANCOUVER,35020,4530,1750,2180,2940,3020,2130,1820,1730,1530,1470,1220,1160,1890,1580,1140,990,2290,1080,570,4530,6280,8460,11400,14420,16550,18370,20100,21630,23100,24320,25480,27370,28950,30090,31080,33370,34450,35020
V7E,British Columbia,Vancouver,GREATER_VANCOUVER,31940,3140,1360,1630,2240,2350,1770,1490,1430,1440,1470,1260,1170,1950,1660,1380,1250,2840,1420,690,3140,4500,6130,8370,10720,12490,13980,15410,16850,18320,19580,20750,22700,24360,25740,26990,29830,31250,31940
V7G,British Columbia,Vancouver,GREATER_VANCOUVER,10050,590,310,350,420,500,440,390,360,370,410,390,340,690,570,540,470,1360,920,630,590,900,1250,1670,2170,2610,3000,3360,3730,4140,4530,4870,5560,6130,6670,7140,8500,9420,10050
V7H,British Columbia,Vancouver,GREATER_VANCOUVER,9960,680,310,330,520,560,440,430,420,390,460,400,350,680,540,600,410,1240,790,410,680,990,1320,1840,2400,2840,3270,3690,4080,4540,4940,5290,5970,6510,7110,7520,8760,9550,9960
V7J,British Columbia,Vancouver,GREATER_VANCOUVER,13910,950,470,560,750,890,730,600,630,650,640,570,570,900,840,680,590,1580,880,430,950,1420,1980,2730,3620,4350,4950,5580,6230,6870,7440,8010,8910,9750,10430,11020,12600,13480,13910
V7K,British Columbia,Vancouver,GREATER_VANCOUVER,9930,680,350,380,520,530,480,390,370,390,430,390,330,600,570,510,450,1240,810,510,680,1030,1410,1930,2460,2940,3330,3700,4090,4520,4910,5240,5840,6410,6920,7370,8610,9420,9930
V7L,British Columbia,Vancouver,GREATER_VANCOUVER,23200,1530,740,840,1290,1620,1270,1140,1060,1060,1110,1010,930,1640,1280,1140,920,2490,1360,770,1530,2270,3110,4400,6020,7290,8430,9490,10550,11660,12670,13600,15240,16520,17660,18580,21070,22430,23200
V7M,British Columbia,Vancouver,GREATER_VANCOUVER,19770,1410,610,790,1200,1410,1090,1100,980,960,910,850,780,1370,1080,950,770,2030,1000,480,1410,2020,2810,4010,5420,6510,7610,8590,9550,10460,11310,12090,13460,14540,15490,16260,18290,19290,19770
V7N,British Columbia,Vancouver,GREATER_VANCOUVER,12500,960,460,550,710,760,630,520,550,530,510,450,400,770,650,560,470,1350,990,680,960,1420,1970,2680,3440,4070,4590,5140,5670,6180,6630,7030,7800,8450,9010,9480,10830,11820,12500
V7P,British Columbia,Vancouver,GREATER_VANCOUVER,11440,1230,450,550,830,920,660,540,590,490,500,460,400,680,530,420,370,960,540,320,1230,1680,2230,3060,3980,4640,5180,5770,6260,6760,7220,7620,8300,8830,9250,9620,10580,11120,11440
V7R,British Columbia,Vancouver,GREATER_VANCOUVER,12700,1100,540,600,650,700,510,490,420,440,440,400,380,720,600,540,430,1400,1240,1100,1100,1640,2240,2890,3590,4100,4590,5010,5450,5890,6290,6670,7390,7990,8530,8960,10360,11600,12700
V7S,British Columbia,Vancouver,GREATER_VANCOUVER,8810,1160,390,450,540,530,390,370,280,310,260,260,190,420,360,330,260,830,700,780,1160,1550,2000,2540,3070,3460,3830,4110,4420,4680,4940,5130,5550,5910,6240,6500,7330,8030,8810
V7T,British Columbia,Vancouver,GREATER_VANCOUVER,8160,880,330,380,580,640,420,390,330,300,290,270,240,410,340,310,260,730,590,470,880,1210,1590,2170,2810,3230,3620,3950,4250,4540,4810,5050,5460,5800,6110,6370,7100,7690,8160
V7V,British Columbia,Vancouver,GREATER_VANCOUVER,12900,1040,440,550,650,870,670,550,540,460,470,410,390,620,560,510,430,1300,1090,1350,1040,1480,2030,2680,3550,4220,4770,5310,5770,6240,6650,7040,7660,8220,8730,9160,10460,11550,12900
V7W,British Columbia,Vancouver,GREATER_VANCOUVER,7080,580,260,270,350,330,280,250,200,230,240,180,210,320,330,300,290,800,810,850,580,840,1110,1460,1790,2070,2320,2520,2750,2990,3170,3380,3700,4030,4330,4620,5420,6230,7080
V7X,,,,160,20,0,0,10,10,0,0,0,0,0,10,0,0,20,10,0,20,20,40,20,20,20,30,40,40,40,40,40,40,50,50,50,70,80,80,100,120,160
V7Y,,,,230,20,0,0,0,0,10,0,0,0,0,0,0,10,10,10,10,30,40,90,20,20,20,20,20,30,30,30,30,30,30,30,40,50,60,70,100,140,230
V7Z,British Columbia,,,9540,430,230,400,650,890,660,630,560,550,570,470,380,640,530,440,310,720,340,140,430,660,1060,1710,2600,3260,3890,4450,5000,5570,6040,6420,7060,7590,8030,8340,9060,9400,9540
V8A,British Columbia,Powell River,,16210,780,490,760,1430,1710,1350,1110,1110,1060,990,760,670,980,710,540,400,900,360,100,780,1270,2030,3460,5170,6520,7630,8740,9800,10790,11550,12220,13200,13910,14450,14850,15750,16110,16210
V8B,British Columbia,,,11690,570,320,410,580,670,640,610,570,620,590,580,500,890,780,670,520,1270,640,260,570,890,1300,1880,2550,3190,3800,4370,4990,5580,6160,6660,7550,8330,9000,9520,10790,11430,11690
V8C,British Columbia,,,6340,370,160,210,320,360,330,300,330,320,310,310,270,460,390,340,310,780,390,80,370,530,740,1060,1420,1750,2050,2380,2700,3010,3320,3590,4050,4440,4780,5090,5870,6260,6340
V8E,British Columbia,,,10230,730,360,340,380,500,620,720,710,720,640,570,480,730,500,420,310,760,440,300,730,1090,1430,1810,2310,2930,3650,4360,5080,5720,6290,6770,7500,8000,8420,8730,9490,9930,10230
V8G,British Columbia,Terrace,,15420,1020,490,660,1100,1190,900,880,870,860,780,680,610,1010,850,750,600,1510,510,150,1020,1510,2170,3270,4460,5360,6240,7110,7970,8750,9430,10040,11050,11900,12650,13250,14760,15270,15420
V8J,British Columbia,Prince Rupert,,9510,650,300,500,710,770,560,520,520,450,400,370,320,580,480,370,360,1010,550,90,650,950,1450,2160,2930,3490,4010,4530,4980,5380,5750,6070,6650,7130,7500,7860,8870,9420,9510
V8K,British Columbia,,,9580,450,270,440,720,930,720,580,540,520,500,430,380,590,470,410,310,720,360,240,450,720,1160,1880,2810,3530,4110,4650,5170,5670,6100,6480,7070,7540,7950,8260,8980,9340,9580
V8L,British Columbia,Victoria,VICTORIA,21810,780,510,710,1140,1460,1320,1050,1220,1240,1290,1080,940,1670,1500,1200,930,2050,1120,600,780,1290,2000,3140,4600,5920,6970,8190,9430,10720,11800,12740,14410,15910,17110,18040,20090,21210,21810
V8M,British Columbia,Victoria,VICTORIA,14000,750,380,570,780,1010,810,710,740,800,810,730,630,1110,940,710,550,1220,510,240,750,1130,1700,2480,3490,4300,5010,5750,6550,7360,8090,8720,9830,10770,11480,12030,13250,13760,14000
V8N,British Columbia,Victoria,VICTORIA,20900,1710,770,920,1250,1380,1140,980,920,960,1060,870,800,1350,1180,1080,830,2030,1100,570,1710,2480,3400,4650,6030,7170,8150,9070,10030,11090,11960,12760,14110,15290,16370,17200,19230,20330,20900
V8P,British Columbia,Victoria,VICTORIA,14620,850,430,600,800,1000,870,770,770,770,860,740,600,1030,920,790,620,1370,600,230,850,1280,1880,2680,3680,4550,5320,6090,6860,7720,8460,9060,10090,11010,11800,12420,13790,14390,14620
V8R,British Columbia,Victoria,VICTORIA,19270,1010,580,660,1080,1340,1110,1030,930,970,1060,900,810,1420,1130,1050,800,1820,990,580,1010,1590,2250,3330,4670,5780,6810,7740,8710,9770,10670,11480,12900,14030,15080,15880,17700,18690,19270
V8S,British Columbia,Victoria,VICTORIA,13850,590,420,440,640,770,640,590,610,610,710,620,530,950,890,790,620,1700,1010,720,590,1010,1450,2090,2860,3500,4090,4700,5310,6020,6640,7170,8120,9010,9800,10420,12120,13130,13850
V8T,British Columbia,Victoria,VICTORIA,16510,970,460,660,1410,1500,1060,1070,1090,960,920,810,740,1180,910,690,540,1070,340,130,970,1430,2090,3500,5000,6060,7130,8220,9180,10100,10910,11650,12830,13740,14430,14970,16040,16380,16510
V8V,British Columbia,Victoria,VICTORIA,22960,930,480,720,1350,1830,1440,1290,1380,1310,1380,1230,1050,1860,1460,1200,860,1930,850,410,930,1410,2130,3480,5310,6750,8040,9420,10730,12110,13340,14390,16250,17710,18910,19770,21700,22550,22960
V8W,British Columbia,Victoria,VICTORIA,7440,400,150,250,580,600,380,340,330,300,320,300,280,480,420,350,310,800,500,350,400,550,800,1380,1980,2360,2700,3030,3330,3650,3950,4230,4710,5130,5480,5790,6590,7090,7440
V8X,British Columbia,Victoria,VICTORIA,20110,1060,570,730,1240,1280,1100,1010,1090,1100,1140,1010,930,1640,1360,1110,830,1710,800,400,1060,1630,2360,3600,4880,5980,6990,8080,9180,10320,11330,12260,13900,15260,16370,17200,18910,19710,20110
V8Y,British Columbia,Victoria,VICTORIA,8700,400,240,270,370,430,400,310,360,430,430,390,360,680,570,500,390,1120,670,380,400,640,910,1280,1710,2110,2420,2780,3210,3640,4030,4390,5070,5640,6140,6530,7650,8320,8700
V8Z,British Columbia,Victoria,VICTORIA,26100,1220,750,980,1680,1710,1520,1390,1440,1520,1530,1460,1200,2220,1730,1420,1110,2240,700,280,1220,1970,2950,4630,6340,7860,9250,10690,12210,13740,15200,16400,18620,20350,21770,22880,25120,25820,26100
V9A,British Columbia,Victoria,VICTORIA,31860,1500,780,1100,2100,2490,1920,1790,1880,1850,1920,1670,1450,2550,2070,1730,1370,2590,800,300,1500,2280,3380,5480,7970,9890,11680,13560,15410,17330,19000,20450,23000,25070,26800,28170,30760,31560,31860
V9B,British Columbia,Victoria,VICTORIA,42290,2100,1130,1490,2470,2730,2490,2250,2340,2430,2480,2330,1970,3600,2930,2260,1790,3840,1240,420,2100,3230,4720,7190,9920,12410,14660,17000,19430,21910,24240,26210,29810,32740,35000,36790,40630,41870,42290
V9C,British Columbia,Victoria,VICTORIA,21380,1050,550,720,1040,1210,1130,970,1040,1160,1200,1060,1090,1800,1530,1330,1150,2360,720,270,1050,1600,2320,3360,4570,5700,6670,7710,8870,10070,11130,12220,14020,15550,16880,18030,20390,21110,21380
V9E,British Columbia,Victoria,VICTORIA,4390,140,130,150,230,250,210,200,210,220,240,210,210,320,310,240,200,490,250,180,140,270,420,650,900,1110,1310,1520,1740,1980,2190,2400,2720,3030,3270,3470,3960,4210,4390
V9G,British Columbia,Ladysmith,,13360,710,400,580,930,1190,920,820,830,830,810,620,540,930,670,610,430,1020,390,130,710,1110,1690,2620,3810,4730,5550,6380,7210,8020,8640,9180,10110,10780,11390,11820,12840,13230,13360
V9H,British Columbia,Campbell River,,8490,530,230,380,530,610,540,490,510,530,480,400,320,510,470,390,330,770,370,100,530,760,1140,1670,2280,2820,3310,3820,4350,4830,5230,5550,6060,6530,6920,7250,8020,8390,8490
V9J,British Columbia,,,7860,390,230,370,550,650,570,480,460,450,440,370,350,540,400,340,280,560,300,130,390,620,990,1540,2190,2760,3240,3700,4150,4590,4960,5310,5850,6250,6590,6870,7430,7730,7860
V9K,British Columbia,,,14780,580,360,580,1020,1340,1070,920,980,950,970,790,630,1020,830,690,450,980,460,160,580,940,1520,2540,3880,4950,5870,6850,7800,8770,9560,10190,11210,12040,12730,13180,14160,14620,14780
V9L,British Columbia,Duncan,,30190,1940,1030,1470,2530,2820,2180,1950,1840,1730,1590,1420,1210,1880,1480,1220,930,1970,710,290,1940,2970,4440,6970,9790,11970,13920,15760,17490,19080,20500,21710,23590,25070,26290,27220,29190,29900,30190
V9M,British Columbia,Courtenay,,15220,580,400,510,910,1160,990,950,940,970,960,790,670,1130,990,780,560,1200,530,200,580,980,1490,2400,3560,4550,5500,6440,7410,8370,9160,9830,10960,11950,12730,13290,14490,15020,15220
V9N,British Columbia,Courtenay,,27690,1110,690,1080,2050,2460,2020,1880,1910,1780,1660,1410,1220,1980,1550,1280,840,1800,740,230,1110,1800,2880,4930,7390,9410,11290,13200,14980,16640,18050,19270,21250,22800,24080,24920,26720,27460,27690
V9P,British Columbia,,,25030,870,540,920,1710,2340,1910,1530,1540,1680,1610,1330,1120,1740,1430,1170,700,1720,810,360,870,1410,2330,4040,6380,8290,9820,11360,13040,14650,15980,17100,18840,20270,21440,22140,23860,24670,25030
V9R,British Columbia,Nanaimo,,25520,1410,700,1170,2340,2540,1860,1690,1650,1550,1410,1210,980,1580,1230,1010,750,1570,630,240,1410,2110,3280,5620,8160,10020,11710,13360,14910,16320,17530,18510,20090,21320,22330,23080,24650,25280,25520
V9S,British Columbia,Nanaimo,,13780,630,370,560,1170,1360,1040,930,930,860,880,740,590,980,730,550,380,760,250,70,630,1000,1560,2730,4090,5130,6060,6990,7850,8730,9470,10060,11040,11770,12320,12700,13460,13710,13780
V9T,British Columbia,Nanaimo,,30210,1420,800,1200,1970,2390,2080,1870,1780,1840,1900,1520,1320,2120,1780,1460,1110,2390,950,310,1420,2220,3420,5390,7780,9860,11730,13510,15350,17250,18770,20090,22210,23990,25450,26560,28950,29900,30210
V9V,British Columbia,Nanaimo,,9520,520,260,370,610,660,580,550,510,540,550,470,370,700,560,470,390,880,370,160,520,780,1150,1760,2420,3000,3550,4060,4600,5150,5620,5990,6690,7250,7720,8110,8990,9360,9520
V9W,British Columbia,Campbell River,,26040,1300,700,1200,2080,2440,1980,1700,1710,1680,1490,1270,1040,1700,1340,1040,840,1710,630,190,1300,2000,3200,5280,7720,9700,11400,13110,14790,16280,17550,18590,20290,21630,22670,23510,25220,25850,26040
V9X,British Columbia,Nanaimo,,8930,500,260,360,600,690,600,520,490,500,490,450,370,670,550,420,340,800,240,80,500,760,1120,1720,2410,3010,3530,4020,4520,5010,5460,5830,6500,7050,7470,7810,8610,8850,8930
V9Y,British Columbia,Port Alberni,,21790,1310,630,1030,2110,2260,1760,1460,1490,1280,1170,1020,820,1340,1010,800,620,1190,400,90,1310,1940,2970,5080,7340,9100,10560,12050,13330,14500,15520,16340,17680,18690,19490,20110,21300,21700,21790
V9Z,British Columbia,Victoria,VICTORIA,16040,830,460,730,1120,1240,1020,960,960,940,840,760,700,1210,960,840,620,1330,380,140,830,1290,2020,3140,4380,5400,6360,7320,8260,9100,9860,10560,11770,12730,13570,14190,15520,15900,16040
X0A,Nunavut,,,11790,1250,910,930,820,890,620,440,320,280,260,260,230,410,400,460,490,1870,810,140,1250,2160,3090,3910,4800,5420,5860,6180,6460,6720,6980,7210,7620,8020,8480,8970,10840,11650,11790
X0B,,,,4060,470,360,360,360,370,310,200,150,120,100,90,80,130,110,130,110,390,200,20,470,830,1190,1550,1920,2230,2430,2580,2700,2800,2890,2970,3100,3210,3340,3450,3840,4040,4060
X0C,Nunavut,,,6640,810,640,530,500,530,380,300,240,200,150,140,140,250,220,250,230,820,260,50,810,1450,1980,2480,3010,3390,3690,3930,4130,4280,4420,4560,4810,5030,5280,5510,6330,6590,6640
X0E,Northwest Territories,,,15760,1380,840,930,1140,1390,990,720,610,530,470,430,420,800,730,630,580,2250,790,130,1380,2220,3150,4290,5680,6670,7390,8000,8530,9000,9430,9850,10650,11380,12010,12590,14840,15630,15760
X0G,Northwest Territories,,,380,50,40,40,40,50,40,20,10,20,10,10,0,10,10,10,0,20,0,0,50,90,130,170,220,260,280,290,310,320,330,330,340,350,360,360,380,380,380
X1A,Northwest Territories,,,16060,900,490,550,600,790,620,480,510,500,470,510,420,910,990,950,880,3740,1440,310,900,1390,1940,2540,3330,3950,4430,4940,5440,5910,6420,6840,7750,8740,9690,10570,14310,15750,16060
Y0A,Yukon,,,1360,90,40,50,90,140,80,70,90,70,60,50,50,110,80,60,70,110,40,10,90,130,180,270,410,490,560,650,720,780,830,880,990,1070,1130,1200,1310,1350,1360
Y0B,Yukon,,,5460,240,180,230,330,420,380,340,280,280,260,270,230,390,340,290,260,560,150,30,240,420,650,980,1400,1780,2120,2400,2680,2940,3210,3440,3830,4170,4460,4720,5280,5430,5460
Y1A,Yukon,Whitehorse,,24330,950,590,710,1010,1460,1100,1080,1130,1060,1060,960,1010,1890,1860,1710,1600,3680,1160,310,950,1540,2250,3260,4720,5820,6900,8030,9090,10150,11110,12120,14010,15870,17580,19180,22860,24020,24330
